label,accuracy,f1,pred 0,prob 0,test 0,pred 1,prob 1,test 1,pred 2,prob 2,test 2,pred 3,prob 3,test 3,pred 4,prob 4,test 4,pred 5,prob 5,test 5,pred 6,prob 6,test 6,pred 7,prob 7,test 7,pred 8,prob 8,test 8,pred 9,prob 9,test 9,pred10,prob10,test10,pred11,prob11,test11,pred12,prob12,test12,pred13,prob13,test13,pred14,prob14,test14,pred15,prob15,test15,pred16,prob16,test16,pred17,prob17,test17,pred18,prob18,test18,pred19,prob19,test19,pred20,prob20,test20,pred21,prob21,test21,pred22,prob22,test22,pred23,prob23,test23,pred24,prob24,test24,pred25,prob25,test25,pred26,prob26,test26,pred27,prob27,test27,pred28,prob28,test28,pred29,prob29,test29,pred30,prob30,test30,pred31,prob31,test31,pred32,prob32,test32,pred33,prob33,test33,pred34,prob34,test34,pred35,prob35,test35,pred36,prob36,test36,pred37,prob37,test37,pred38,prob38,test38,pred39,prob39,test39,pred40,prob40,test40,pred41,prob41,test41,pred42,prob42,test42,pred43,prob43,test43,pred44,prob44,test44,pred45,prob45,test45,pred46,prob46,test46,pred47,prob47,test47,pred48,prob48,test48,pred49,prob49,test49,pred50,prob50,test50,pred51,prob51,test51,pred52,prob52,test52,pred53,prob53,test53,pred54,prob54,test54,pred55,prob55,test55,pred56,prob56,test56,pred57,prob57,test57,pred58,prob58,test58,pred59,prob59,test59,pred60,prob60,test60,pred61,prob61,test61,pred62,prob62,test62,pred63,prob63,test63,pred64,prob64,test64,pred65,prob65,test65,pred66,prob66,test66,pred67,prob67,test67,pred68,prob68,test68,pred69,prob69,test69,pred70,prob70,test70,pred71,prob71,test71,pred72,prob72,test72
       0,  17.81%,0.15852944620067907,-1,0.39088795,-1,-1,0.39088795,-1,-1,0.39088795,-1,-1,0.38313115,0,-1,0.39088795,-1,-1,0.39088795,0,1,0.34605238,-1,1,0.34605238,-1,1,0.34605238,-1,1,0.34605238,-1,1,0.34605238,0,-1,0.39088795,-1,-1,0.39088795,0,1,0.34605238,-1,-1,0.38313115,0,1,0.34605238,-1,-1,0.37970388,0,-1,0.37970388,1,-1,0.38114184,1,-1,0.38114184,1,-1,0.3424862,1,-1,0.3424862,1,-1,0.38500446,0,-1,0.38500446,0,-1,0.3849663,1,-1,0.3849663,1,-1,0.38312384,0,-1,0.38312384,-1,-1,0.38313115,0,-1,0.37523702,0,-1,0.37523708,0,-1,0.3831312,0,0,0.3370733,0,0,0.3370733,1,0,0.3370733,1,-1,0.38313115,0,-1,0.34751764,1,-1,0.34751764,1,-1,0.34751764,1,-1,0.34751764,1,-1,0.34751764,1,-1,0.34751764,1,-1,0.3783693,0,-1,0.3783693,0,-1,0.3783693,0,-1,0.3783693,0,-1,0.3783693,0,-1,0.3783693,0,-1,0.3783693,0,-1,0.3783693,-1,-1,0.3783693,-1,-1,0.3783693,0,-1,0.3783693,0,-1,0.3783693,0,-1,0.349016,1,-1,0.349016,1,-1,0.349016,1,-1,0.349016,1,-1,0.349016,1,-1,0.349016,1,-1,0.38274655,1,-1,0.38274655,1,-1,0.38274652,1,0,0.33707327,0,0,0.33707333,0,0,0.33707333,0,0,0.33707333,0,-1,0.38832587,0,-1,0.38832587,0,-1,0.38832587,0,-1,0.38328296,1,-1,0.38328296,1,-1,0.38328296,1
       1,  24.66%,0.13186813186813187,1,0.38164264,-1,1,0.38164264,-1,1,0.38164264,-1,1,0.3863296,0,1,0.38164264,-1,1,0.38164264,-1,1,0.39277622,-1,1,0.39277622,-1,1,0.39277622,0,1,0.39277622,-1,1,0.39277622,-1,1,0.38164264,-1,1,0.38164264,-1,1,0.39277622,0,1,0.3863296,0,1,0.39277622,0,1,0.38878316,0,1,0.38878316,0,1,0.38907662,-1,1,0.38907662,-1,1,0.36892384,-1,1,0.36892384,-1,1,0.38336122,-1,1,0.38336122,-1,1,0.38387352,-1,1,0.38387352,0,1,0.38563114,-1,1,0.38563114,-1,1,0.3863296,0,1,0.39242724,0,1,0.3924272,-1,1,0.38632962,0,1,0.37389338,0,1,0.37389338,1,1,0.37389338,0,1,0.3863296,0,1,0.38461873,1,1,0.38461873,1,1,0.38461873,1,1,0.38461873,1,1,0.38461873,1,1,0.38461873,0,1,0.39029592,0,1,0.39029592,0,1,0.39029592,0,1,0.39029592,0,1,0.39029592,0,1,0.39029592,0,1,0.39029592,0,1,0.39029592,1,1,0.39029592,0,1,0.39029592,0,1,0.39029592,0,1,0.39029592,1,1,0.38014594,1,1,0.38014594,1,1,0.38014594,1,1,0.38014594,1,1,0.38014594,1,1,0.38014594,1,1,0.38508978,1,1,0.38508978,1,1,0.38508984,1,1,0.3738934,0,1,0.37389335,0,1,0.37389335,0,1,0.37389335,0,1,0.3819109,0,1,0.3819109,0,1,0.3819109,0,1,0.3837202,1,1,0.3837202,0,1,0.3837202,0
       2,  26.03%,0.13768115942028986,-1,0.49569243,-1,-1,0.49569243,-1,-1,0.49569243,0,-1,0.48980525,0,-1,0.49569243,-1,-1,0.49569243,0,-1,0.48950237,-1,-1,0.48950237,-1,-1,0.48950237,-1,-1,0.48950237,-1,-1,0.48950237,0,-1,0.49569243,-1,-1,0.49569243,-1,-1,0.48950237,-1,-1,0.48980525,0,-1,0.48950237,-1,-1,0.48472774,1,-1,0.48472774,1,-1,0.48703423,-1,-1,0.48703423,-1,-1,0.50528336,-1,-1,0.50528336,-1,-1,0.49339905,0,-1,0.49339905,0,-1,0.49406832,-1,-1,0.49406832,-1,-1,0.4917667,-1,-1,0.4917667,-1,-1,0.48980525,0,-1,0.48199812,0,-1,0.48199815,0,-1,0.48980525,0,-1,0.49840748,0,-1,0.49840748,1,-1,0.49840748,1,-1,0.48980525,0,-1,0.4945891,1,-1,0.4945891,1,-1,0.4945891,1,-1,0.4945891,1,-1,0.4945891,1,-1,0.4945891,0,-1,0.48742256,0,-1,0.48742256,0,-1,0.48742256,0,-1,0.48742256,0,-1,0.48742256,0,-1,0.48742256,0,-1,0.48742256,0,-1,0.48742256,1,-1,0.48742256,0,-1,0.48742256,0,-1,0.48742256,0,-1,0.48742256,0,-1,0.5009449,1,-1,0.5009449,1,-1,0.5009449,1,-1,0.5009449,1,-1,0.5009449,1,-1,0.5009449,1,-1,0.4929253,1,-1,0.4929253,1,-1,0.49292526,1,-1,0.49840745,0,-1,0.49840748,0,-1,0.49840748,0,-1,0.49840748,0,-1,0.494909,0,-1,0.494909,0,-1,0.494909,0,-1,0.4936306,1,-1,0.4936306,1,-1,0.4936306,0
       3,   5.48%,0.05194805194805195,1,0.40481183,0,1,0.40481183,0,1,0.40481183,1,1,0.4041657,0,1,0.40481183,0,1,0.40481183,1,1,0.5094622,0,1,0.5094622,0,1,0.5094622,1,1,0.5094622,0,1,0.5094622,1,1,0.40481183,0,1,0.40481183,0,1,0.5094622,0,1,0.4041657,0,1,0.5094622,0,1,0.39921758,0,1,0.39921758,0,1,0.40522107,0,1,0.40522107,0,1,0.5190228,0,1,0.5190228,0,1,0.4052451,0,1,0.4052451,0,1,0.41616675,0,1,0.41616675,0,1,0.38175723,0,1,0.38175723,0,1,0.4041657,0,1,0.40974936,0,1,0.40974936,0,1,0.4041657,0,1,0.49105626,0,1,0.49105626,0,1,0.49105626,0,1,0.4041657,0,1,0.5363497,0,1,0.5363497,0,1,0.5363497,0,1,0.5363497,0,1,0.5363497,0,1,0.5363497,0,1,0.3907192,0,1,0.3907192,0,1,0.3907192,0,1,0.3907192,0,1,0.3907192,0,1,0.3907192,0,1,0.3907192,0,1,0.3907192,0,1,0.3907192,0,1,0.3907192,0,1,0.3907192,0,1,0.3907192,0,1,0.5124458,0,1,0.5124458,0,1,0.5124458,0,1,0.5124458,0,1,0.5124458,0,1,0.5124458,0,1,0.41142222,0,1,0.41142222,0,1,0.41142222,0,1,0.49105626,0,1,0.49105632,0,1,0.49105632,0,1,0.49105632,0,1,0.4094582,0,1,0.4094582,0,1,0.4094582,0,1,0.40593708,0,1,0.40593708,0,1,0.40593708,0
       4,  30.14%,0.16296296296296295,-1,0.435215,1,-1,0.435215,0,-1,0.435215,1,-1,0.4210141,0,-1,0.435215,0,-1,0.435215,1,0,0.4264923,1,0,0.4264923,1,0,0.4264923,1,0,0.4264923,0,0,0.4264923,1,-1,0.435215,1,-1,0.435215,1,0,0.4264923,0,-1,0.4210141,0,0,0.4264923,1,-1,0.41812003,0,-1,0.41812003,0,-1,0.4126643,0,-1,0.4126643,0,0,0.42486417,0,0,0.42486417,0,-1,0.42530775,0,-1,0.42530775,0,-1,0.4286335,0,-1,0.4286335,0,-1,0.40722772,0,-1,0.40722772,0,-1,0.4210141,0,-1,0.41343608,0,-1,0.41343608,0,-1,0.4210141,0,0,0.4424024,0,0,0.4424024,1,0,0.4424024,0,-1,0.4210141,0,0,0.444202,0,0,0.444202,0,0,0.444202,0,0,0.444202,0,0,0.444202,0,0,0.444202,0,-1,0.4050443,0,-1,0.4050443,0,-1,0.4050443,0,-1,0.4050443,0,-1,0.4050443,0,-1,0.4050443,0,-1,0.4050443,0,-1,0.4050443,0,-1,0.4050443,0,-1,0.4050443,0,-1,0.4050443,0,-1,0.4050443,0,0,0.43466446,0,0,0.43466446,0,0,0.43466446,0,0,0.43466446,0,0,0.43466446,0,0,0.43466446,0,-1,0.42344624,0,-1,0.42344624,0,-1,0.42344624,0,0,0.4424024,0,0,0.4424024,0,0,0.4424024,0,0,0.4424024,0,-1,0.43413296,0,-1,0.43413296,0,-1,0.43413296,0,-1,0.42503053,0,-1,0.42503053,0,-1,0.42503053,0
       5,  24.66%,0.17441364605543708,1,0.36739105,-1,1,0.36739105,-1,1,0.36739105,0,1,0.37847206,0,1,0.36739105,-1,1,0.36739105,0,0,0.4997772,0,0,0.4997772,0,0,0.4997772,0,0,0.4997772,0,0,0.4997772,1,1,0.36739105,-1,1,0.36739105,-1,0,0.4997772,-1,1,0.37847206,0,0,0.4997772,-1,1,0.3828985,1,1,0.3828985,1,1,0.38521472,1,1,0.38521472,1,0,0.51693034,1,0,0.51693034,0,1,0.3737799,0,1,0.3737799,0,1,0.3715543,1,1,0.3715543,1,1,0.38590088,0,1,0.38590088,0,1,0.37847206,0,1,0.38564372,0,1,0.38564372,0,1,0.37847206,0,0,0.52823055,0,0,0.52823055,1,0,0.52823055,0,1,0.37847206,0,0,0.5225574,1,0,0.5225574,1,0,0.5225574,1,0,0.5225574,1,0,0.5225574,1,0,0.5225574,1,1,0.38785917,0,1,0.38785917,-1,1,0.38785917,0,1,0.38785917,0,1,0.38785917,-1,1,0.38785917,0,1,0.38785917,0,1,0.38785917,0,1,0.38785917,0,1,0.38785917,0,1,0.38785917,0,1,0.38785917,0,0,0.5216134,1,0,0.5216134,1,0,0.5216134,1,0,0.5216134,1,0,0.5216134,1,0,0.5216134,1,1,0.3755736,0,1,0.3755736,0,1,0.3755736,0,0,0.52823055,0,0,0.52823055,0,0,0.52823055,0,0,0.52823055,0,1,0.36897784,0,1,0.36897784,0,1,0.36897784,0,1,0.37478924,1,1,0.37478924,0,1,0.37478924,0
       6, 100.00%,1.0,0,0.9989077,0,0,0.9989077,0,0,0.9989077,0,0,0.9988879,0,0,0.9989077,0,0,0.9989077,0,0,0.9989936,0,0,0.9989936,0,0,0.9989936,0,0,0.9989936,0,0,0.9989936,0,0,0.9989077,0,0,0.9989077,0,0,0.9989936,0,0,0.9988879,0,0,0.9989936,0,0,0.9988941,0,0,0.9988941,0,0,0.9987005,0,0,0.9987005,0,0,0.9991428,0,0,0.9991428,0,0,0.998954,0,0,0.998954,0,0,0.99906963,0,0,0.99906963,0,0,0.9987237,0,0,0.9987237,0,0,0.9988879,0,0,0.99894387,0,0,0.99894387,0,0,0.9988879,0,0,0.99917394,0,0,0.99917394,0,0,0.99917394,0,0,0.9988879,0,0,0.9990337,0,0,0.9990337,0,0,0.9990337,0,0,0.9990337,0,0,0.9990337,0,0,0.9990337,0,0,0.9987795,0,0,0.9987795,0,0,0.9987795,0,0,0.9987795,0,0,0.9987795,0,0,0.9987795,0,0,0.9987795,0,0,0.9987795,0,0,0.9987795,0,0,0.9987795,0,0,0.9987795,0,0,0.9987795,0,0,0.99909157,0,0,0.99909157,0,0,0.99909157,0,0,0.99909157,0,0,0.99909157,0,0,0.99909157,0,0,0.99893564,0,0,0.99893564,0,0,0.99893564,0,0,0.99917394,0,0,0.99917394,0,0,0.99917394,0,0,0.99917394,0,0,0.9989469,0,0,0.9989469,0,0,0.9989469,0,0,0.99898905,0,0,0.99898905,0,0,0.99898905,0
       7,  20.55%,0.17045454545454544,1,0.360322,0,1,0.360322,0,1,0.360322,0,1,0.3644563,0,1,0.360322,0,1,0.360322,0,1,0.42774892,0,1,0.42774892,0,1,0.42774892,0,1,0.42774892,0,1,0.42774892,0,1,0.360322,0,1,0.360322,0,1,0.42774892,0,1,0.3644563,0,1,0.42774892,0,1,0.36558673,0,1,0.36558673,0,1,0.3689334,0,1,0.3689334,0,0,0.45765737,0,0,0.45765737,0,1,0.36282825,0,1,0.36282825,0,1,0.3605258,0,1,0.3605258,0,1,0.37068266,0,1,0.37068266,0,1,0.3644563,0,1,0.36613342,0,1,0.36613342,0,1,0.36445636,0,0,0.45543066,0,0,0.45543066,0,0,0.45543066,0,1,0.3644563,0,1,0.4370625,0,1,0.4370625,0,1,0.4370625,0,1,0.4370625,0,1,0.4370625,0,1,0.4370625,0,1,0.37281024,0,1,0.37281024,0,1,0.37281024,0,1,0.37281024,0,1,0.37281024,0,1,0.37281024,0,1,0.37281024,0,1,0.37281024,0,1,0.37281024,0,1,0.37281024,0,1,0.37281024,0,1,0.37281024,0,0,0.43871808,0,0,0.43871808,0,0,0.43871808,0,0,0.43871808,0,0,0.43871808,0,0,0.43871808,0,1,0.36486888,0,1,0.36486888,0,1,0.36486888,0,0,0.45543066,0,0,0.45543066,0,0,0.45543066,0,0,0.45543066,0,1,0.36100495,0,1,0.36100495,0,1,0.36100495,0,1,0.36342287,0,1,0.36342287,0,1,0.36342287,0
       8,   1.37%,0.022988505747126436,-1,0.37371227,0,-1,0.37371227,0,-1,0.37371227,0,-1,0.37170938,0,-1,0.37371227,0,-1,0.37371227,0,1,0.46246588,0,1,0.46246588,0,1,0.46246588,0,1,0.46246588,0,1,0.46246588,1,-1,0.37371227,0,-1,0.37371227,0,1,0.46246588,0,-1,0.37170938,0,1,0.46246588,0,-1,0.37260106,0,-1,0.37260106,0,-1,0.3667951,0,-1,0.3667951,0,1,0.42854953,0,1,0.42854953,0,-1,0.37577137,0,-1,0.37577137,0,-1,0.37497497,0,-1,0.37497497,0,-1,0.3736181,0,-1,0.3736181,0,-1,0.37170938,0,-1,0.37083012,0,-1,0.37083012,0,-1,0.3717094,0,1,0.4189773,0,1,0.4189773,0,1,0.4189773,0,-1,0.37170938,0,1,0.47563705,0,1,0.47563705,0,1,0.47563705,0,1,0.47563705,0,1,0.47563705,0,1,0.47563705,0,-1,0.37296227,0,-1,0.37296227,0,-1,0.37296227,0,-1,0.37296227,0,-1,0.37296227,0,-1,0.37296227,0,-1,0.37296227,0,-1,0.37296227,0,-1,0.37296227,0,-1,0.37296227,0,-1,0.37296227,0,-1,0.37296227,0,1,0.45122293,0,1,0.45122293,0,1,0.45122293,0,1,0.45122293,0,1,0.45122293,0,1,0.45122293,0,-1,0.37324762,0,-1,0.37324762,0,-1,0.37324762,0,1,0.41897723,0,1,0.4189773,0,1,0.4189773,0,1,0.4189773,0,-1,0.3730553,0,-1,0.3730553,0,-1,0.3730553,0,-1,0.37590957,0,-1,0.37590957,0,-1,0.37590957,0
       9, 100.00%,1.0,0,0.9981014,0,0,0.9981014,0,0,0.9981014,0,0,0.9980954,0,0,0.9981014,0,0,0.9981014,0,0,0.9986141,0,0,0.9986141,0,0,0.9986141,0,0,0.9986141,0,0,0.9986141,0,0,0.9981014,0,0,0.9981014,0,0,0.9986141,0,0,0.9980954,0,0,0.9986141,0,0,0.99811316,0,0,0.99811316,0,0,0.997874,0,0,0.997874,0,0,0.9987532,0,0,0.9987532,0,0,0.99813676,0,0,0.99813676,0,0,0.99830014,0,0,0.99830014,0,0,0.9978294,0,0,0.9978294,0,0,0.9980954,0,0,0.99821407,0,0,0.99821407,0,0,0.9980954,0,0,0.9988613,0,0,0.9988613,0,0,0.9988613,0,0,0.9980954,0,0,0.9986273,0,0,0.9986273,0,0,0.9986273,0,0,0.9986273,0,0,0.9986273,0,0,0.9986273,0,0,0.9979948,0,0,0.9979948,0,0,0.9979948,0,0,0.9979948,0,0,0.9979948,0,0,0.9979948,0,0,0.9979948,0,0,0.9979948,0,0,0.9979948,0,0,0.9979948,0,0,0.9979948,0,0,0.9979948,0,0,0.9987052,0,0,0.9987052,0,0,0.9987052,0,0,0.9987052,0,0,0.9987052,0,0,0.9987052,0,0,0.9980983,0,0,0.9980983,0,0,0.9980984,0,0,0.9988613,0,0,0.9988613,0,0,0.9988613,0,0,0.9988613,0,0,0.9981341,0,0,0.9981341,0,0,0.9981341,0,0,0.99816096,0,0,0.99816096,0,0,0.99816096,0
      10,   1.37%,0.013513513513513514,1,0.37922624,0,1,0.37922624,0,1,0.37922624,0,1,0.3867661,0,1,0.37922624,0,1,0.37922624,1,1,0.5892404,0,1,0.5892404,0,1,0.5892404,0,1,0.5892404,0,1,0.5892404,0,1,0.37922624,0,1,0.37922624,0,1,0.5892404,0,1,0.3867661,0,1,0.5892404,0,1,0.38826564,0,1,0.38826564,0,1,0.3928991,0,1,0.3928991,0,1,0.58453286,0,1,0.58453286,0,1,0.38497576,0,1,0.38497576,0,1,0.37878084,0,1,0.37878084,0,1,0.39824674,0,1,0.39824674,0,1,0.3867661,0,1,0.38959777,0,1,0.38959777,0,1,0.3867661,0,1,0.5923495,0,1,0.5923495,0,1,0.5923495,0,1,0.3867661,0,1,0.5898582,0,1,0.5898582,0,1,0.5898582,0,1,0.5898582,0,1,0.5898582,0,1,0.5898582,0,1,0.40047142,0,1,0.40047142,0,1,0.40047142,0,1,0.40047142,0,1,0.40047142,0,1,0.40047142,0,1,0.40047142,0,1,0.40047142,0,1,0.40047142,0,1,0.40047142,0,1,0.40047142,0,1,0.40047142,0,1,0.5922634,0,1,0.5922634,0,1,0.5922634,0,1,0.5922634,0,1,0.5922634,0,1,0.5922634,0,1,0.38671333,0,1,0.38671333,0,1,0.3867133,0,1,0.5923495,0,1,0.5923495,0,1,0.5923495,0,1,0.5923495,0,1,0.37871698,0,1,0.37871698,0,1,0.37871698,0,1,0.38569483,0,1,0.38569483,0,1,0.38569483,0
      11,   1.37%,0.013513513513513514,1,0.4195171,0,1,0.4195171,0,1,0.4195171,0,1,0.429886,0,1,0.4195171,0,1,0.4195171,1,1,0.6043418,0,1,0.6043418,0,1,0.6043418,0,1,0.6043418,0,1,0.6043418,0,1,0.4195171,0,1,0.4195171,0,1,0.6043418,0,1,0.429886,0,1,0.6043418,0,1,0.43250072,0,1,0.43250072,0,1,0.43826053,0,1,0.43826053,0,1,0.60356814,0,1,0.60356814,0,1,0.42602354,0,1,0.42602354,0,1,0.420116,0,1,0.420116,0,1,0.44328675,0,1,0.44328675,0,1,0.429886,0,1,0.43505603,0,1,0.4350561,0,1,0.429886,0,1,0.6049949,0,1,0.6049949,0,1,0.6049949,0,1,0.429886,0,1,0.59900236,0,1,0.59900236,0,1,0.59900236,0,1,0.59900236,0,1,0.59900236,0,1,0.59900236,0,1,0.447362,0,1,0.447362,0,1,0.447362,0,1,0.447362,0,1,0.447362,0,1,0.447362,0,1,0.447362,0,1,0.447362,0,1,0.447362,0,1,0.447362,0,1,0.447362,0,1,0.447362,0,1,0.6045039,0,1,0.6045039,0,1,0.6045039,0,1,0.6045039,0,1,0.6045039,0,1,0.6045039,0,1,0.42901468,0,1,0.42901468,0,1,0.42901468,0,1,0.60499495,0,1,0.60499495,0,1,0.60499495,0,1,0.60499495,0,1,0.41927102,0,1,0.41927102,0,1,0.41927102,0,1,0.42669377,0,1,0.42669377,0,1,0.42669377,0
      12,  82.19%,0.45112781954887216,0,0.99972564,1,0,0.99972564,1,0,0.99972564,1,0,0.99972147,0,0,0.99972564,1,0,0.99972564,1,0,0.99989307,1,0,0.99989307,1,0,0.99989307,1,0,0.99989307,1,0,0.99989307,1,0,0.99972564,1,0,0.99972564,0,0,0.99989307,1,0,0.99972147,0,0,0.99989307,0,0,0.9997357,0,0,0.9997357,0,0,0.999676,0,0,0.999676,0,0,0.9999111,0,0,0.9999111,0,0,0.99974036,0,0,0.99974036,0,0,0.99975955,0,0,0.99975955,0,0,0.99971896,0,0,0.99971896,0,0,0.99972147,0,0,0.99973214,0,0,0.99973214,0,0,0.99972147,0,0,0.99992746,0,0,0.99992746,0,0,0.99992746,0,0,0.99972147,0,0,0.9998962,0,0,0.9998962,0,0,0.9998962,0,0,0.9998962,0,0,0.9998962,0,0,0.9998962,0,0,0.9997272,0,0,0.9997272,0,0,0.9997272,0,0,0.9997272,0,0,0.9997272,0,0,0.9997272,0,0,0.9997272,0,0,0.9997272,0,0,0.9997272,0,0,0.9997272,0,0,0.9997272,0,0,0.9997272,0,0,0.9999132,0,0,0.9999132,0,0,0.9999132,0,0,0.9999132,0,0,0.9999132,0,0,0.9999132,0,0,0.9997121,0,0,0.9997121,0,0,0.9997121,0,0,0.99992746,0,0,0.99992746,0,0,0.99992746,1,0,0.99992746,0,0,0.99972117,0,0,0.99972117,0,0,0.99972117,0,0,0.9997466,0,0,0.9997466,0,0,0.9997466,0
      13,  95.89%,0.48951048951048953,0,0.63554555,0,0,0.63554555,0,0,0.63554555,1,0,0.6302582,0,0,0.63554555,0,0,0.63554555,1,0,0.6651911,0,0,0.6651911,0,0,0.6651911,1,0,0.6651911,0,0,0.6651911,0,0,0.63554555,0,0,0.63554555,0,0,0.6651911,0,0,0.6302582,0,0,0.6651911,0,0,0.629915,0,0,0.629915,0,0,0.6215595,0,0,0.6215595,0,0,0.72516024,0,0,0.72516024,0,0,0.63512504,0,0,0.63512504,0,0,0.63705623,0,0,0.63705623,0,0,0.62760407,0,0,0.62760407,0,0,0.6302582,0,0,0.6267527,0,0,0.6267526,0,0,0.63025814,0,0,0.73499566,0,0,0.73499566,0,0,0.73499566,0,0,0.6302582,0,0,0.67673355,0,0,0.67673355,0,0,0.67673355,0,0,0.67673355,0,0,0.67673355,0,0,0.67673355,0,0,0.62693626,0,0,0.62693626,0,0,0.62693626,0,0,0.62693626,0,0,0.62693626,0,0,0.62693626,0,0,0.62693626,0,0,0.62693626,0,0,0.62693626,0,0,0.62693626,0,0,0.62693626,0,0,0.62693626,0,0,0.6865856,0,0,0.6865856,0,0,0.6865856,0,0,0.6865856,0,0,0.6865856,0,0,0.6865856,0,0,0.6296327,0,0,0.6296327,0,0,0.62963265,0,0,0.73499554,0,0,0.73499566,0,0,0.73499566,0,0,0.73499566,0,0,0.6352752,0,0,0.6352752,0,0,0.6352752,0,0,0.6351422,0,0,0.6351422,0,0,0.6351422,0
      14,  35.62%,0.18055555555555555,1,0.37888685,-1,1,0.37888685,-1,1,0.37888685,0,1,0.3911728,0,1,0.37888685,-1,1,0.37888685,0,0,0.43090045,0,0,0.43090045,0,0,0.43090045,0,0,0.43090045,-1,0,0.43090045,0,1,0.37888685,0,1,0.37888685,0,0,0.43090045,0,1,0.3911728,0,0,0.43090045,0,1,0.3964948,0,1,0.3964948,0,1,0.39993292,0,1,0.39993292,0,0,0.4664903,0,0,0.4664903,0,1,0.3841719,0,1,0.3841719,0,1,0.37885064,0,1,0.37885064,0,1,0.40253377,0,1,0.40253377,0,1,0.3911728,0,1,0.3993742,0,1,0.39937416,0,1,0.39117283,0,0,0.48704845,0,0,0.48704845,0,0,0.48704845,0,1,0.3911728,0,0,0.43535948,0,0,0.43535948,0,0,0.43535948,0,0,0.43535948,0,0,0.43535948,0,0,0.43535948,0,1,0.40483737,0,1,0.40483737,0,1,0.40483737,0,1,0.40483737,0,1,0.40483737,0,1,0.40483737,0,1,0.40483737,0,1,0.40483737,0,1,0.40483737,0,1,0.40483737,0,1,0.40483737,0,1,0.40483737,0,0,0.4490489,0,0,0.4490489,0,0,0.4490489,0,0,0.4490489,0,0,0.4490489,0,0,0.4490489,0,1,0.38654828,0,1,0.38654828,0,1,0.38654828,0,0,0.4870485,0,0,0.48704845,1,0,0.48704845,0,0,0.48704845,0,1,0.37835458,0,1,0.37835458,0,1,0.37835458,0,1,0.38525072,0,1,0.38525072,0,1,0.38525072,0
      15,  35.62%,0.17869415807560138,-1,0.40404692,0,-1,0.40404692,0,-1,0.40404692,1,-1,0.38682926,0,-1,0.40404692,0,-1,0.40404692,1,0,0.40285292,0,0,0.40285292,0,0,0.40285292,1,0,0.40285292,0,0,0.40285292,1,-1,0.40404692,0,-1,0.40404692,0,0,0.40285292,0,-1,0.38682926,0,0,0.40285292,0,-1,0.37681124,0,-1,0.37681124,0,1,0.3769649,0,1,0.3769649,0,0,0.4053585,0,0,0.4053585,0,-1,0.3946796,0,-1,0.3946796,0,-1,0.40326086,0,-1,0.40326086,0,1,0.3784575,0,1,0.3784575,0,-1,0.38682926,0,1,0.37660158,0,1,0.37660155,0,-1,0.38682926,0,0,0.4234952,0,0,0.4234952,0,0,0.4234952,0,-1,0.38682926,0,0,0.41106635,0,0,0.41106635,0,0,0.41106635,0,0,0.41106635,0,0,0.41106635,0,0,0.41106635,0,1,0.37872782,0,1,0.37872782,0,1,0.37872782,0,1,0.37872782,0,1,0.37872782,0,1,0.37872782,0,1,0.37872782,0,1,0.37872782,0,1,0.37872782,0,1,0.37872782,0,1,0.37872782,0,1,0.37872782,0,0,0.41012278,0,0,0.41012278,0,0,0.41012278,0,0,0.41012278,0,0,0.41012278,0,0,0.41012278,0,-1,0.3935018,0,-1,0.3935018,0,-1,0.39350176,0,0,0.42349517,0,0,0.4234952,0,0,0.4234952,0,0,0.4234952,0,-1,0.40286836,0,-1,0.40286836,0,-1,0.40286836,0,-1,0.39253676,0,-1,0.39253676,0,-1,0.39253676,0
      16,  19.18%,0.16091954022988506,1,0.41385514,0,1,0.41385514,0,1,0.41385514,0,1,0.4254455,0,1,0.41385514,0,1,0.41385514,1,1,0.55652344,0,1,0.55652344,0,1,0.55652344,1,1,0.55652344,0,1,0.55652344,1,1,0.41385514,0,1,0.41385514,0,1,0.55652344,0,1,0.4254455,0,1,0.55652344,0,1,0.43102336,1,1,0.43102336,1,1,0.4321634,1,1,0.4321634,1,1,0.5530452,1,1,0.5530452,1,1,0.42297328,1,1,0.42297328,1,1,0.41772324,1,1,0.41772324,1,1,0.44042423,0,1,0.44042423,0,1,0.4254455,0,1,0.43076545,0,1,0.43076545,1,1,0.4254455,0,1,0.5617649,0,1,0.5617649,0,1,0.5617649,0,1,0.4254455,0,1,0.55544263,0,1,0.55544263,0,1,0.55544263,0,1,0.55544263,0,1,0.55544263,0,1,0.55544263,0,1,0.44162852,0,1,0.44162852,0,1,0.44162852,0,1,0.44162852,0,1,0.44162852,0,1,0.44162852,0,1,0.44162852,0,1,0.44162852,0,1,0.44162852,0,1,0.44162852,0,1,0.44162852,0,1,0.44162852,0,1,0.556853,0,1,0.556853,0,1,0.556853,0,1,0.556853,0,1,0.556853,0,1,0.556853,0,1,0.42283592,0,1,0.42283592,0,1,0.42283598,0,1,0.56176496,0,1,0.56176496,0,1,0.56176496,0,1,0.56176496,0,1,0.41536328,0,1,0.41536328,0,1,0.41536328,0,1,0.42411128,0,1,0.42411128,0,1,0.42411128,0
      17,   2.74%,0.02666666666666667,1,0.36956385,0,1,0.36956385,0,1,0.36956385,0,1,0.37752983,0,1,0.36956385,0,1,0.36956385,0,1,0.46964452,0,1,0.46964452,0,1,0.46964452,0,1,0.46964452,0,1,0.46964452,0,1,0.36956385,0,1,0.36956385,0,1,0.46964452,0,1,0.37752983,0,1,0.46964452,0,1,0.37944984,0,1,0.37944984,0,1,0.38334683,1,1,0.38334683,1,1,0.47110212,0,1,0.47110212,0,1,0.37406334,0,1,0.37406334,0,1,0.37160447,0,1,0.37160447,0,1,0.3911927,0,1,0.3911927,0,1,0.37752983,0,1,0.37988916,0,1,0.37988916,0,1,0.37752983,0,1,0.4807903,0,1,0.4807903,0,1,0.4807903,0,1,0.37752983,0,1,0.47016126,0,1,0.47016126,0,1,0.47016126,0,1,0.47016126,0,1,0.47016126,0,1,0.47016126,0,1,0.3928986,0,1,0.3928986,0,1,0.3928986,0,1,0.3928986,0,1,0.3928986,0,1,0.3928986,0,1,0.3928986,0,1,0.3928986,0,1,0.3928986,0,1,0.3928986,0,1,0.3928986,0,1,0.3928986,0,1,0.46775913,0,1,0.46775913,0,1,0.46775913,0,1,0.46775913,0,1,0.46775913,0,1,0.46775913,0,1,0.3757746,0,1,0.3757746,0,1,0.37577462,0,1,0.4807903,0,1,0.4807903,0,1,0.4807903,0,1,0.4807903,0,1,0.37012628,0,1,0.37012628,0,1,0.37012628,0,1,0.37518966,0,1,0.37518966,0,1,0.37518966,0
      18,  32.88%,0.17391304347826086,1,0.59905136,-1,1,0.59905136,-1,1,0.59905136,-1,1,0.5962002,0,1,0.59905136,-1,1,0.59905136,-1,0,0.60415417,0,0,0.60415417,-1,0,0.60415417,-1,0,0.60415417,-1,0,0.60415417,0,1,0.59905136,0,1,0.59905136,0,0,0.60415417,0,1,0.5962002,0,0,0.60415417,0,1,0.59627295,0,1,0.59627295,0,1,0.60110176,0,1,0.60110176,0,0,0.63570684,0,0,0.63570684,0,1,0.59603524,0,1,0.59603524,0,1,0.5940352,0,1,0.5940352,0,1,0.59996665,0,1,0.59996665,0,1,0.5962002,0,1,0.5921937,0,1,0.5921937,0,1,0.59620017,0,0,0.6343467,0,0,0.6343467,0,0,0.6343467,0,1,0.5962002,0,0,0.6234871,0,0,0.6234871,0,0,0.6234871,0,0,0.6234871,0,0,0.6234871,0,0,0.6234871,0,1,0.59796894,0,1,0.59796894,0,1,0.59796894,0,1,0.59796894,0,1,0.59796894,0,1,0.59796894,0,1,0.59796894,0,1,0.59796894,0,1,0.59796894,0,1,0.59796894,0,1,0.59796894,0,1,0.59796894,0,0,0.6299346,0,0,0.6299346,0,0,0.6299346,0,0,0.6299346,0,0,0.6299346,0,0,0.6299346,0,1,0.5934753,0,1,0.5934753,0,1,0.5934753,0,0,0.63434666,0,0,0.6343467,0,0,0.6343467,1,0,0.6343467,0,1,0.596532,0,1,0.596532,0,1,0.596532,0,1,0.5956814,0,1,0.5956814,0,1,0.5956814,0
      19,  84.93%,0.30617283950617286,0,0.3710291,-1,0,0.3710291,-1,0,0.3710291,-1,0,0.3815464,0,0,0.3710291,0,0,0.3710291,0,0,0.6066556,0,0,0.6066556,0,0,0.6066556,0,0,0.6066556,0,0,0.6066556,1,0,0.3710291,0,0,0.3710291,0,0,0.6066556,0,0,0.3815464,0,0,0.6066556,0,0,0.38409707,0,0,0.38409707,0,0,0.38979888,0,0,0.38979888,-1,0,0.62250394,-1,0,0.62250394,-1,0,0.3771409,0,0,0.3771409,0,0,0.37010652,0,0,0.37010652,0,0,0.3965302,-1,0,0.3965302,-1,0,0.3815464,0,0,0.38518408,0,0,0.38518408,0,0,0.38154644,0,0,0.6291849,0,0,0.6291849,0,0,0.6291849,0,0,0.3815464,0,0,0.6197753,0,0,0.6197753,0,0,0.6197753,0,0,0.6197753,0,0,0.6197753,0,0,0.6197753,0,0,0.39713472,0,0,0.39713472,0,0,0.39713472,0,0,0.39713472,0,0,0.39713472,0,0,0.39713472,0,0,0.39713472,0,0,0.39713472,0,0,0.39713472,0,0,0.39713472,0,0,0.39713472,0,0,0.39713472,0,0,0.61945105,0,0,0.61945105,0,0,0.61945105,0,0,0.61945105,0,0,0.61945105,0,0,0.61945105,0,0,0.3774453,0,0,0.3774453,1,0,0.3774453,1,0,0.62918496,0,0,0.6291849,0,0,0.6291849,0,0,0.6291849,0,0,0.37032247,0,0,0.37032247,0,0,0.37032247,0,0,0.3765212,0,0,0.3765212,0,0,0.3765212,0
      20,  53.42%,0.3241725768321513,1,0.4399283,0,1,0.4399283,1,1,0.4399283,1,1,0.44807723,0,1,0.4399283,1,1,0.4399283,1,0,0.41307908,1,0,0.41307908,1,0,0.41307908,1,0,0.41307908,1,0,0.41307908,1,1,0.4399283,1,1,0.4399283,0,0,0.41307908,1,1,0.44807723,0,0,0.41307908,1,1,0.45493516,1,1,0.45493516,1,1,0.45185435,1,1,0.45185435,1,0,0.425898,0,0,0.425898,0,1,0.4421967,1,1,0.4421967,1,1,0.43917364,1,1,0.43917364,1,1,0.45936677,0,1,0.45936677,0,1,0.44807723,0,1,0.45207193,1,1,0.45207188,1,1,0.44807723,0,0,0.42522195,1,0,0.42522195,1,0,0.42522195,1,1,0.44807723,0,0,0.42301342,1,0,0.42301342,1,0,0.42301342,1,0,0.42301342,1,0,0.42301342,1,0,0.42301342,1,1,0.45907506,1,1,0.45907506,1,1,0.45907506,1,1,0.45907506,1,1,0.45907506,1,1,0.45907506,1,1,0.45907506,1,1,0.45907506,1,1,0.45907506,1,1,0.45907506,1,1,0.45907506,1,1,0.45907506,1,0,0.42657053,0,0,0.42657053,0,0,0.42657053,1,0,0.42657053,0,0,0.42657053,0,0,0.42657053,0,1,0.44167277,1,1,0.44167277,1,1,0.44167283,1,0,0.42522195,-1,0,0.42522195,-1,0,0.42522195,-1,0,0.42522195,-1,1,0.44073492,0,1,0.44073492,1,1,0.44073492,1,1,0.4439927,0,1,0.4439927,0,1,0.4439927,0
      21,   1.37%,0.009009009009009009,1,0.4651319,-1,1,0.4651319,0,1,0.4651319,0,1,0.46684006,0,1,0.4651319,0,1,0.4651319,0,1,0.5149452,0,1,0.5149452,0,1,0.5149452,0,1,0.5149452,0,1,0.5149452,0,1,0.4651319,0,1,0.4651319,0,1,0.5149452,0,1,0.46684006,0,1,0.5149452,0,1,0.46703434,0,1,0.46703434,0,1,0.46905655,0,1,0.46905655,0,1,0.50822794,0,1,0.50822794,0,1,0.46747324,0,1,0.46747324,0,1,0.47163287,0,1,0.47163287,1,1,0.4673133,0,1,0.4673133,0,1,0.46684006,0,1,0.4695792,0,1,0.46957916,0,1,0.46684006,0,1,0.51453847,0,1,0.51453847,0,1,0.51453847,0,1,0.46684006,0,1,0.5184191,0,1,0.5184191,0,1,0.5184191,0,1,0.5184191,0,1,0.5184191,0,1,0.5184191,0,1,0.4694301,0,1,0.4694301,0,1,0.4694301,0,1,0.4694301,0,1,0.4694301,0,1,0.4694301,0,1,0.4694301,0,1,0.4694301,0,1,0.4694301,0,1,0.4694301,0,1,0.4694301,0,1,0.4694301,0,1,0.5092223,0,1,0.5092223,0,1,0.5092223,0,1,0.5092223,0,1,0.5092223,0,1,0.5092223,0,1,0.46950042,0,1,0.46950042,0,1,0.46950042,0,1,0.51453847,0,1,0.5145384,0,1,0.5145384,0,1,0.5145384,0,1,0.4655935,0,1,0.4655935,0,1,0.4655935,0,1,0.4684221,0,1,0.4684221,0,1,0.4684221,0
      22,  31.51%,0.2205387205387205,1,0.4150364,-1,1,0.4150364,-1,1,0.4150364,1,1,0.42477056,0,1,0.4150364,-1,1,0.4150364,1,0,0.47015136,0,0,0.47015136,0,0,0.47015136,1,0,0.47015136,0,0,0.47015136,0,1,0.4150364,-1,1,0.4150364,-1,0,0.47015136,-1,1,0.42477056,0,0,0.47015136,-1,1,0.42939878,0,1,0.42939878,0,1,0.4315176,1,1,0.4315176,1,0,0.47560072,1,0,0.47560072,1,1,0.41922933,0,1,0.41922933,0,1,0.41604212,1,1,0.41604212,1,1,0.4237015,0,1,0.4237015,-1,1,0.42477056,0,1,0.4340774,0,1,0.4340774,0,1,0.4247706,0,0,0.51167226,0,0,0.51167226,1,0,0.51167226,0,1,0.42477056,0,0,0.4900871,1,0,0.4900871,1,0,0.4900871,1,0,0.4900871,1,0,0.4900871,0,0,0.4900871,1,1,0.42794102,0,1,0.42794102,0,1,0.42794102,0,1,0.42794102,0,1,0.42794102,0,1,0.42794102,0,1,0.42794102,0,1,0.42794102,0,1,0.42794102,0,1,0.42794102,0,1,0.42794102,0,1,0.42794102,0,0,0.49415347,0,0,0.49415347,0,0,0.49415347,0,0,0.49415347,1,0,0.49415347,1,0,0.49415347,1,1,0.42200717,1,1,0.42200717,1,1,0.42200717,1,0,0.5116723,0,0,0.5116723,0,0,0.5116723,0,0,0.5116723,0,1,0.41642407,0,1,0.41642407,0,1,0.41642407,0,1,0.42009956,0,1,0.42009956,0,1,0.42009956,0
      23,  24.66%,0.16943310657596375,-1,0.45883548,0,-1,0.45883548,0,-1,0.45883548,0,-1,0.44870105,0,-1,0.45883548,0,-1,0.45883548,0,0,0.51014334,0,0,0.51014334,0,0,0.51014334,0,0,0.51014334,-1,0,0.51014334,0,-1,0.45883548,-1,-1,0.45883548,-1,0,0.51014334,0,-1,0.44870105,0,0,0.51014334,-1,-1,0.43998757,1,-1,0.43998757,1,-1,0.44372845,1,-1,0.44372845,1,0,0.5338838,1,0,0.5338838,1,-1,0.45411435,0,-1,0.45411435,0,-1,0.46290296,1,-1,0.46290296,1,-1,0.4243575,0,-1,0.4243575,0,-1,0.44870105,0,-1,0.44629875,0,-1,0.44629875,0,-1,0.44870105,0,0,0.576849,0,0,0.576849,1,0,0.576849,0,-1,0.44870105,0,0,0.51521003,0,0,0.51521003,1,0,0.51521003,1,0,0.51521003,1,0,0.51521003,0,0,0.51521003,0,-1,0.42554268,0,-1,0.42554268,0,-1,0.42554268,0,-1,0.42554268,0,-1,0.42554268,0,-1,0.42554268,0,-1,0.42554268,0,-1,0.42554268,0,-1,0.42554268,1,-1,0.42554268,0,-1,0.42554268,1,-1,0.42554268,1,0,0.53100824,0,0,0.53100824,0,0,0.53100824,0,0,0.53100824,1,0,0.53100824,1,0,0.53100824,1,-1,0.45857438,1,-1,0.45857438,1,-1,0.45857432,1,0,0.5768491,0,0,0.576849,0,0,0.576849,1,0,0.576849,0,-1,0.46081364,0,-1,0.46081364,0,-1,0.46081364,0,-1,0.4536492,0,-1,0.4536492,0,-1,0.4536492,0
      24,  54.79%,0.5393000573723465,-1,0.5237371,0,-1,0.5237371,0,-1,0.5237371,0,-1,0.50678235,0,-1,0.5237371,0,-1,0.5237371,0,0,0.44722247,0,0,0.44722247,0,0,0.44722247,0,0,0.44722247,0,0,0.44722247,0,-1,0.5237371,0,-1,0.5237371,0,0,0.44722247,0,-1,0.50678235,0,0,0.44722247,0,-1,0.49699116,0,-1,0.49699116,0,-1,0.49471834,0,-1,0.49471834,0,0,0.4324745,0,0,0.4324745,0,-1,0.5136106,0,-1,0.5136106,0,-1,0.5271594,0,-1,0.5271594,0,-1,0.48175585,0,-1,0.48175585,0,-1,0.50678235,0,-1,0.49993563,0,-1,0.49993563,0,-1,0.50678235,0,0,0.44866887,0,0,0.44866887,0,0,0.44866887,0,-1,0.50678235,0,0,0.4568825,-1,0,0.4568825,0,0,0.4568825,-1,0,0.4568825,0,0,0.4568825,0,0,0.4568825,0,-1,0.48164383,-1,-1,0.48164383,-1,-1,0.48164383,-1,-1,0.48164383,-1,-1,0.48164383,-1,-1,0.48164383,-1,-1,0.48164383,-1,-1,0.48164383,-1,-1,0.48164383,-1,-1,0.48164383,-1,-1,0.48164383,-1,-1,0.48164383,-1,0,0.44669303,0,0,0.44669303,0,0,0.44669303,-1,0,0.44669303,0,0,0.44669303,0,0,0.44669303,0,-1,0.5151393,-1,-1,0.5151393,-1,-1,0.5151393,-1,0,0.44866887,0,0,0.44866887,0,0,0.44866887,0,0,0.44866887,0,-1,0.523687,0,-1,0.523687,0,-1,0.523687,0,-1,0.51362777,0,-1,0.51362777,0,-1,0.51362777,0
      25,  43.84%,0.3047619047619048,-1,0.61803716,-1,-1,0.61803716,-1,-1,0.61803716,0,-1,0.60419214,0,-1,0.61803716,0,-1,0.61803716,0,-1,0.5589128,-1,-1,0.5589128,-1,-1,0.5589128,0,-1,0.5589128,0,-1,0.5589128,0,-1,0.61803716,0,-1,0.61803716,0,-1,0.5589128,-1,-1,0.60419214,0,-1,0.5589128,0,-1,0.59647745,0,-1,0.59647745,0,-1,0.5941966,0,-1,0.5941966,0,-1,0.59318155,0,-1,0.59318155,0,-1,0.6138703,0,-1,0.6138703,0,-1,0.6153286,0,-1,0.6153286,0,-1,0.60252094,0,-1,0.60252094,0,-1,0.60419214,0,-1,0.5912634,0,-1,0.5912634,0,-1,0.6041921,0,-1,0.5768403,0,-1,0.5768403,0,-1,0.5768403,0,-1,0.60419214,0,-1,0.5518268,-1,-1,0.5518268,-1,-1,0.5518268,-1,-1,0.5518268,-1,-1,0.5518268,-1,-1,0.5518268,-1,-1,0.59571946,-1,-1,0.59571946,-1,-1,0.59571946,-1,-1,0.59571946,-1,-1,0.59571946,-1,-1,0.59571946,-1,-1,0.59571946,-1,-1,0.59571946,-1,-1,0.59571946,-1,-1,0.59571946,-1,-1,0.59571946,-1,-1,0.59571946,-1,-1,0.56669635,-1,-1,0.56669635,-1,-1,0.56669635,-1,-1,0.56669635,-1,-1,0.56669635,-1,-1,0.56669635,-1,-1,0.61053383,-1,-1,0.61053383,-1,-1,0.61053383,-1,-1,0.57684034,0,-1,0.5768403,0,-1,0.5768403,0,-1,0.5768403,0,-1,0.6155283,0,-1,0.6155283,0,-1,0.6155283,0,-1,0.61259687,0,-1,0.61259687,0,-1,0.61259687,0
      26,  12.33%,0.07317073170731707,1,0.49817258,-1,1,0.49817258,-1,1,0.49817258,0,1,0.50456274,0,1,0.49817258,0,1,0.49817258,1,1,0.54110473,-1,1,0.54110473,-1,1,0.54110473,1,1,0.54110473,0,1,0.54110473,0,1,0.49817258,1,1,0.49817258,1,1,0.54110473,1,1,0.50456274,0,1,0.54110473,0,1,0.5048374,0,1,0.5048374,-1,1,0.511868,-1,1,0.511868,-1,1,0.51659834,-1,1,0.51659834,-1,1,0.50216264,-1,1,0.50216264,-1,1,0.50280356,-1,1,0.50280356,-1,1,0.5005365,-1,1,0.5005365,-1,1,0.50456274,0,1,0.5106934,-1,1,0.5106934,-1,1,0.50456274,0,1,0.50068647,0,1,0.50068647,1,1,0.50068647,0,1,0.50456274,0,1,0.55226123,0,1,0.55226123,0,1,0.55226123,0,1,0.55226123,0,1,0.55226123,0,1,0.55226123,0,1,0.50279784,0,1,0.50279784,0,1,0.50279784,0,1,0.50279784,0,1,0.50279784,0,1,0.50279784,0,1,0.50279784,0,1,0.50279784,0,1,0.50279784,0,1,0.50279784,0,1,0.50279784,0,1,0.50279784,0,1,0.5319476,0,1,0.5319476,0,1,0.5319476,0,1,0.5319476,0,1,0.5319476,0,1,0.5319476,0,1,0.5068731,1,1,0.5068731,1,1,0.5068731,1,1,0.50068647,0,1,0.50068647,0,1,0.50068647,0,1,0.50068647,0,1,0.50064284,0,1,0.50064284,0,1,0.50064284,0,1,0.50282264,0,1,0.50282264,0,1,0.50282264,0
      27,  57.53%,0.24347826086956523,0,0.38266307,-1,0,0.38266307,-1,0,0.38266307,0,0,0.3874287,0,0,0.38266307,0,0,0.38266307,0,0,0.5571229,0,0,0.5571229,0,0,0.5571229,0,0,0.5571229,1,0,0.5571229,1,0,0.38266307,-1,0,0.38266307,-1,0,0.5571229,-1,0,0.3874287,0,0,0.5571229,-1,0,0.3901307,0,0,0.3901307,0,0,0.39038655,0,0,0.39038655,0,0,0.57052493,0,0,0.57052493,0,0,0.3866454,0,0,0.3866454,0,0,0.38082573,0,0,0.38082573,1,0,0.3968409,0,0,0.3968409,0,0,0.3874287,0,0,0.38854295,0,0,0.38854295,0,0,0.38742873,0,0,0.580333,0,0,0.580333,0,0,0.580333,0,0,0.3874287,0,0,0.573948,-1,0,0.573948,0,0,0.573948,0,0,0.573948,0,0,0.573948,0,0,0.573948,1,0,0.3979442,-1,0,0.3979442,-1,0,0.3979442,-1,0,0.3979442,-1,0,0.3979442,1,0,0.3979442,-1,0,0.3979442,-1,0,0.3979442,-1,0,0.3979442,0,0,0.3979442,-1,0,0.3979442,-1,0,0.3979442,-1,0,0.56888324,1,0,0.56888324,1,0,0.56888324,1,0,0.56888324,1,0,0.56888324,0,0,0.56888324,1,0,0.38571933,-1,0,0.38571933,-1,0,0.38571933,-1,0,0.580333,0,0,0.580333,1,0,0.580333,0,0,0.580333,0,0,0.38251063,0,0,0.38251063,0,0,0.38251063,0,0,0.3865398,0,0,0.3865398,0,0,0.3865398,0
      28,   1.37%,0.009009009009009009,1,0.5455295,-1,1,0.5455295,-1,1,0.5455295,-1,1,0.5499774,0,1,0.5455295,-1,1,0.5455295,-1,1,0.62102544,-1,1,0.62102544,-1,1,0.62102544,-1,1,0.62102544,-1,1,0.62102544,0,1,0.5455295,0,1,0.5455295,0,1,0.62102544,0,1,0.5499774,0,1,0.62102544,0,1,0.548657,0,1,0.548657,0,1,0.55945706,0,1,0.55945706,0,1,0.596897,-1,1,0.596897,-1,1,0.54911834,-1,1,0.54911834,-1,1,0.5455331,0,1,0.5455331,0,1,0.56287205,-1,1,0.56287205,-1,1,0.5499774,0,1,0.547541,0,1,0.54754096,0,1,0.5499774,0,1,0.59167385,0,1,0.59167385,1,1,0.59167385,0,1,0.5499774,0,1,0.6067971,-1,1,0.6067971,0,1,0.6067971,0,1,0.6067971,0,1,0.6067971,0,1,0.6067971,0,1,0.56190073,0,1,0.56190073,0,1,0.56190073,0,1,0.56190073,0,1,0.56190073,0,1,0.56190073,0,1,0.56190073,0,1,0.56190073,-1,1,0.56190073,0,1,0.56190073,0,1,0.56190073,0,1,0.56190073,0,1,0.60022044,0,1,0.60022044,0,1,0.60022044,0,1,0.60022044,0,1,0.60022044,0,1,0.60022044,0,1,0.5509312,0,1,0.5509312,0,1,0.55093116,0,1,0.5916739,0,1,0.59167385,0,1,0.59167385,0,1,0.59167385,0,1,0.54579043,0,1,0.54579043,0,1,0.54579043,0,1,0.5492402,0,1,0.5492402,0,1,0.5492402,0
      29,  21.92%,0.17774851876234365,-1,0.4342327,0,-1,0.4342327,0,-1,0.4342327,0,-1,0.4224495,0,-1,0.4342327,-1,-1,0.4342327,0,0,0.59083325,0,0,0.59083325,0,0,0.59083325,0,0,0.59083325,0,0,0.59083325,0,-1,0.4342327,-1,-1,0.4342327,0,0,0.59083325,-1,-1,0.4224495,0,0,0.59083325,-1,-1,0.420664,1,-1,0.420664,1,-1,0.4194182,1,-1,0.4194182,1,0,0.5865319,1,0,0.5865319,1,-1,0.42645028,1,-1,0.42645028,0,-1,0.42751065,0,-1,0.42751065,1,-1,0.4265351,0,-1,0.4265351,0,-1,0.4224495,0,-1,0.41038817,1,-1,0.4103882,1,-1,0.4224495,0,0,0.6023326,0,0,0.6023326,1,0,0.6023326,0,-1,0.4224495,0,0,0.60570765,1,0,0.60570765,1,0,0.60570765,1,0,0.60570765,1,0,0.60570765,1,0,0.60570765,1,-1,0.41483814,1,-1,0.41483814,1,-1,0.41483814,1,-1,0.41483814,1,-1,0.41483814,0,-1,0.41483814,1,-1,0.41483814,1,-1,0.41483814,1,-1,0.41483814,1,-1,0.41483814,1,-1,0.41483814,1,-1,0.41483814,1,0,0.59416306,0,0,0.59416306,0,0,0.59416306,0,0,0.59416306,1,0,0.59416306,1,0,0.59416306,1,-1,0.4233874,0,-1,0.4233874,0,-1,0.42338738,1,0,0.60233253,0,0,0.6023326,0,0,0.6023326,0,0,0.6023326,0,-1,0.43189183,0,-1,0.43189183,0,-1,0.43189183,0,-1,0.42630625,1,-1,0.42630625,1,-1,0.42630625,1
      30,   2.74%,0.017777777777777778,1,0.44591025,-1,1,0.44591025,-1,1,0.44591025,-1,1,0.44808194,0,1,0.44591025,-1,1,0.44591025,0,1,0.46676826,-1,1,0.46676826,-1,1,0.46676826,0,1,0.46676826,0,1,0.46676826,0,1,0.44591025,0,1,0.44591025,0,1,0.46676826,0,1,0.44808194,0,1,0.46676826,0,1,0.44790968,0,1,0.44790968,0,1,0.45521167,0,1,0.45521167,0,1,0.46665514,0,1,0.46665514,0,1,0.4481034,0,1,0.4481034,0,1,0.44560122,0,1,0.44560122,0,1,0.4562527,0,1,0.4562527,0,1,0.44808194,0,1,0.44641125,0,1,0.44641125,0,1,0.44808194,0,1,0.45950887,0,1,0.45950887,1,1,0.45950887,0,1,0.44808194,0,1,0.46174783,0,1,0.46174783,0,1,0.46174783,0,1,0.46174783,0,1,0.46174783,0,1,0.46174783,0,1,0.4536737,0,1,0.4536737,0,1,0.4536737,0,1,0.4536737,0,1,0.4536737,1,1,0.4536737,0,1,0.4536737,0,1,0.4536737,0,1,0.4536737,0,1,0.4536737,0,1,0.4536737,0,1,0.4536737,0,1,0.46035692,0,1,0.46035692,0,1,0.46035692,0,1,0.46035692,0,1,0.46035692,0,1,0.46035692,0,1,0.44945413,0,1,0.44945413,0,1,0.44945413,0,1,0.4595088,0,1,0.4595088,0,1,0.4595088,0,1,0.4595088,0,1,0.44614077,0,1,0.44614077,0,1,0.44614077,0,1,0.44858485,0,1,0.44858485,0,1,0.44858485,0
      31,  23.29%,0.1941176470588235,-1,0.37104875,0,-1,0.37104875,0,-1,0.37104875,1,-1,0.35724726,0,-1,0.37104875,1,-1,0.37104875,1,1,0.41961917,-1,1,0.41961917,-1,1,0.41961917,0,1,0.41961917,-1,1,0.41961917,0,-1,0.37104875,1,-1,0.37104875,1,1,0.41961917,0,-1,0.35724726,0,1,0.41961917,0,1,0.3588839,0,1,0.3588839,-1,1,0.35924906,-1,1,0.35924906,-1,0,0.41595474,-1,0,0.41595474,-1,-1,0.36098298,-1,-1,0.36098298,-1,-1,0.37041977,-1,-1,0.37041977,-1,1,0.36722144,-1,1,0.36722144,-1,-1,0.35724726,0,1,0.35801652,0,1,0.35801652,-1,-1,0.35724726,0,0,0.42241666,0,0,0.42241666,0,0,0.42241666,0,-1,0.35724726,0,1,0.42639408,0,1,0.42639408,0,1,0.42639408,0,1,0.42639408,0,1,0.42639408,0,1,0.42639408,0,1,0.36945626,0,1,0.36945626,0,1,0.36945626,0,1,0.36945626,0,1,0.36945626,0,1,0.36945626,0,1,0.36945626,0,1,0.36945626,0,1,0.36945626,0,1,0.36945626,0,1,0.36945626,0,1,0.36945626,0,0,0.42052364,0,0,0.42052364,0,0,0.42052364,0,0,0.42052364,0,0,0.42052364,0,0,0.42052364,0,-1,0.3611006,0,-1,0.3611006,0,-1,0.3611006,0,0,0.4224166,0,0,0.42241666,0,0,0.42241666,0,0,0.42241666,0,-1,0.36983398,0,-1,0.36983398,0,-1,0.36983398,0,-1,0.36059025,0,-1,0.36059025,0,-1,0.36059025,0
      32,  27.40%,0.1851572327044025,-1,0.3879888,-1,-1,0.3879888,0,-1,0.3879888,1,-1,0.3774993,0,-1,0.3879888,-1,-1,0.3879888,1,0,0.4627889,-1,0,0.4627889,-1,0,0.4627889,0,0,0.4627889,-1,0,0.4627889,-1,-1,0.3879888,1,-1,0.3879888,1,0,0.4627889,-1,-1,0.3774993,0,0,0.4627889,-1,-1,0.37523815,1,-1,0.37523815,1,-1,0.37132388,1,-1,0.37132388,1,0,0.47083852,0,0,0.47083852,0,-1,0.3821654,0,-1,0.3821654,0,-1,0.3851041,1,-1,0.3851041,1,-1,0.37311748,0,-1,0.37311748,0,-1,0.3774993,0,-1,0.36874264,0,-1,0.36874264,0,-1,0.3774993,0,0,0.47853783,0,0,0.47853783,1,0,0.47853783,0,-1,0.3774993,0,0,0.47470745,1,0,0.47470745,0,0,0.47470745,1,0,0.47470745,0,0,0.47470745,0,0,0.47470745,0,-1,0.36324555,0,-1,0.36324555,0,-1,0.36324555,0,-1,0.36324555,0,-1,0.36324555,1,-1,0.36324555,0,-1,0.36324555,0,-1,0.36324555,0,-1,0.36324555,0,-1,0.36324555,0,-1,0.36324555,0,-1,0.36324555,0,0,0.47299123,0,0,0.47299123,0,0,0.47299123,0,0,0.47299123,1,0,0.47299123,0,0,0.47299123,0,-1,0.38029373,1,-1,0.38029373,1,-1,0.3802937,1,0,0.47853783,0,0,0.4785379,0,0,0.4785379,0,0,0.4785379,0,-1,0.3879454,0,-1,0.3879454,0,-1,0.3879454,0,-1,0.3829563,0,-1,0.3829563,0,-1,0.3829563,0
      33,  19.18%,0.1645879970152436,-1,0.4004662,0,-1,0.4004662,0,-1,0.4004662,1,-1,0.3883716,0,-1,0.4004662,1,-1,0.4004662,1,1,0.48067346,0,1,0.48067346,0,1,0.48067346,0,1,0.48067346,0,1,0.48067346,0,-1,0.4004662,-1,-1,0.4004662,1,1,0.48067346,-1,-1,0.3883716,0,1,0.48067346,-1,-1,0.38592798,1,-1,0.38592798,1,-1,0.37904918,1,-1,0.37904918,1,1,0.47142032,0,1,0.47142032,0,-1,0.39303768,0,-1,0.39303768,0,-1,0.39683068,1,-1,0.39683068,1,-1,0.3804382,-1,-1,0.3804382,-1,-1,0.3883716,0,-1,0.38083684,-1,-1,0.38083687,-1,-1,0.3883716,0,1,0.4672508,1,1,0.4672508,1,1,0.4672508,1,-1,0.3883716,0,1,0.47203994,1,1,0.47203994,1,1,0.47203994,1,1,0.47203994,1,1,0.47203994,1,1,0.47203994,1,-1,0.37297305,1,-1,0.37297305,1,-1,0.37297305,1,-1,0.37297305,1,-1,0.37297305,1,-1,0.37297305,1,-1,0.37297305,1,-1,0.37297305,1,-1,0.37297305,1,-1,0.37297305,1,-1,0.37297305,1,-1,0.37297305,1,1,0.46149203,0,1,0.46149203,0,1,0.46149203,0,1,0.46149203,0,1,0.46149203,0,1,0.46149203,-1,-1,0.3894002,0,-1,0.3894002,0,-1,0.38940015,0,1,0.46725082,0,1,0.46725076,0,1,0.46725076,0,1,0.46725076,0,-1,0.39848608,0,-1,0.39848608,0,-1,0.39848608,0,-1,0.39205676,0,-1,0.39205676,0,-1,0.39205676,0
      34,   0.00%,0.0,-1,0.41794005,0,-1,0.41794005,0,-1,0.41794005,1,-1,0.41102225,0,-1,0.41794005,0,-1,0.41794005,1,-1,0.4404513,0,-1,0.4404513,0,-1,0.4404513,0,-1,0.4404513,0,-1,0.4404513,0,-1,0.41794005,1,-1,0.41794005,1,-1,0.4404513,0,-1,0.41102225,0,-1,0.4404513,0,-1,0.40915576,0,-1,0.40915576,0,-1,0.40950567,0,-1,0.40950567,0,-1,0.44134012,0,-1,0.44134012,0,-1,0.41545185,0,-1,0.41545185,0,-1,0.4108177,0,-1,0.4108177,0,-1,0.41205704,0,-1,0.41205704,0,-1,0.41102225,0,-1,0.40220186,0,-1,0.40220192,0,-1,0.41102225,0,-1,0.4213665,0,-1,0.4213665,0,-1,0.4213665,0,-1,0.41102225,0,-1,0.46062538,0,-1,0.46062538,0,-1,0.46062538,0,-1,0.46062538,0,-1,0.46062538,0,-1,0.46062538,0,-1,0.40356028,0,-1,0.40356028,0,-1,0.40356028,0,-1,0.40356028,0,-1,0.40356028,0,-1,0.40356028,0,-1,0.40356028,0,-1,0.40356028,0,-1,0.40356028,0,-1,0.40356028,0,-1,0.40356028,0,-1,0.40356028,0,-1,0.44261095,0,-1,0.44261095,0,-1,0.44261095,0,-1,0.44261095,0,-1,0.44261095,0,-1,0.44261095,0,-1,0.41321212,0,-1,0.41321212,0,-1,0.41321212,0,-1,0.4213665,0,-1,0.42136648,0,-1,0.42136648,0,-1,0.42136648,0,-1,0.41783518,0,-1,0.41783518,0,-1,0.41783518,0,-1,0.41390845,0,-1,0.41390845,0,-1,0.41390845,0
      35,  89.04%,0.3140096618357488,0,0.39436358,0,0,0.39436358,0,0,0.39436358,1,0,0.3971973,0,0,0.39436358,0,0,0.39436358,1,0,0.6323432,0,0,0.6323432,0,0,0.6323432,0,0,0.6323432,0,0,0.6323432,0,0,0.39436358,1,0,0.39436358,1,0,0.6323432,0,0,0.3971973,0,0,0.6323432,0,0,0.39975673,0,0,0.39975673,0,0,0.39814505,0,0,0.39814505,0,0,0.64555043,-1,0,0.64555043,0,0,0.39499435,0,0,0.39499435,0,0,0.39688414,-1,0,0.39688414,0,0,0.3970022,-1,0,0.3970022,-1,0,0.3971973,0,0,0.40208426,0,0,0.4020842,0,0,0.39719734,0,0,0.64838165,0,0,0.64838165,0,0,0.64838165,0,0,0.3971973,0,0,0.64351916,0,0,0.64351916,0,0,0.64351916,0,0,0.64351916,0,0,0.64351916,0,0,0.64351916,0,0,0.4026586,0,0,0.4026586,0,0,0.4026586,0,0,0.4026586,0,0,0.4026586,0,0,0.4026586,0,0,0.4026586,0,0,0.4026586,0,0,0.4026586,0,0,0.4026586,0,0,0.4026586,0,0,0.4026586,0,0,0.6450101,0,0,0.6450101,0,0,0.6450101,0,0,0.6450101,0,0,0.6450101,0,0,0.6450101,0,0,0.3956461,0,0,0.3956461,0,0,0.39564613,0,0,0.64838165,0,0,0.64838165,0,0,0.64838165,0,0,0.64838165,0,0,0.39426023,0,0,0.39426023,0,0,0.39426023,0,0,0.3950442,0,0,0.3950442,0,0,0.3950442,0
      36,  20.55%,0.17045454545454544,1,0.42041585,0,1,0.42041585,0,1,0.42041585,0,1,0.42446524,0,1,0.42041585,0,1,0.42041585,0,1,0.51345396,0,1,0.51345396,0,1,0.51345396,1,1,0.51345396,0,1,0.51345396,0,1,0.42041585,0,1,0.42041585,0,1,0.51345396,1,1,0.42446524,0,1,0.51345396,0,1,0.42439038,0,1,0.42439038,0,1,0.4269304,0,1,0.4269304,0,1,0.53182435,0,1,0.53182435,0,1,0.42258525,0,1,0.42258525,0,1,0.4239763,0,1,0.4239763,0,1,0.42526534,0,1,0.42526534,0,1,0.42446524,0,1,0.42949656,0,1,0.42949656,0,1,0.42446533,0,1,0.5330049,0,1,0.5330049,0,1,0.5330049,0,1,0.42446524,0,1,0.52033436,1,1,0.52033436,1,1,0.52033436,1,1,0.52033436,1,1,0.52033436,0,1,0.52033436,0,1,0.42929566,1,1,0.42929566,0,1,0.42929566,1,1,0.42929566,1,1,0.42929566,0,1,0.42929566,1,1,0.42929566,1,1,0.42929566,0,1,0.42929566,1,1,0.42929566,1,1,0.42929566,1,1,0.42929566,1,1,0.51585966,0,1,0.51585966,0,1,0.51585966,0,1,0.51585966,0,1,0.51585966,0,1,0.51585966,0,1,0.42398703,0,1,0.42398703,0,1,0.42398703,0,1,0.5330049,0,1,0.5330049,0,1,0.5330049,0,1,0.5330049,0,1,0.41967303,0,1,0.41967303,0,1,0.41967303,0,1,0.42138264,0,1,0.42138264,0,1,0.42138264,0
      37,   6.85%,0.0641025641025641,1,0.48598877,0,1,0.48598877,0,1,0.48598877,0,1,0.4880959,0,1,0.48598877,0,1,0.48598877,1,1,0.5829754,0,1,0.5829754,0,1,0.5829754,0,1,0.5829754,0,1,0.5829754,1,1,0.48598877,0,1,0.48598877,0,1,0.5829754,0,1,0.4880959,0,1,0.5829754,0,1,0.48798895,0,1,0.48798895,0,1,0.49234816,0,1,0.49234816,0,1,0.57376164,0,1,0.57376164,0,1,0.48666742,0,1,0.48666742,0,1,0.48642325,0,1,0.48642325,0,1,0.49478638,0,1,0.49478638,0,1,0.4880959,0,1,0.4890084,0,1,0.48900834,0,1,0.48809597,0,1,0.5837729,0,1,0.5837729,0,1,0.5837729,0,1,0.4880959,0,1,0.5903401,0,1,0.5903401,0,1,0.5903401,0,1,0.5903401,0,1,0.5903401,0,1,0.5903401,0,1,0.49889222,0,1,0.49889222,0,1,0.49889222,1,1,0.49889222,1,1,0.49889222,0,1,0.49889222,0,1,0.49889222,0,1,0.49889222,0,1,0.49889222,0,1,0.49889222,0,1,0.49889222,1,1,0.49889222,0,1,0.5827631,0,1,0.5827631,0,1,0.5827631,0,1,0.5827631,0,1,0.5827631,0,1,0.5827631,0,1,0.48782572,0,1,0.48782572,0,1,0.48782578,0,1,0.5837729,0,1,0.58377284,0,1,0.58377284,0,1,0.58377284,0,1,0.48549145,0,1,0.48549145,0,1,0.48549145,0,1,0.48670867,0,1,0.48670867,0,1,0.48670867,0
      38,  30.14%,0.177283451297607,-1,0.49280244,0,-1,0.49280244,1,-1,0.49280244,1,-1,0.48226315,0,-1,0.49280244,1,-1,0.49280244,1,0,0.3675221,1,0,0.3675221,1,0,0.3675221,1,0,0.3675221,1,0,0.3675221,1,-1,0.49280244,1,-1,0.49280244,1,0,0.3675221,1,-1,0.48226315,0,0,0.3675221,0,-1,0.47748306,0,-1,0.47748306,0,-1,0.47708964,0,-1,0.47708964,0,0,0.38963413,0,0,0.38963413,0,-1,0.48619306,0,-1,0.48619306,0,-1,0.4911356,0,-1,0.4911356,1,-1,0.45888275,0,-1,0.45888275,0,-1,0.48226315,0,-1,0.4796062,0,-1,0.4796062,0,-1,0.4822632,0,0,0.40249413,0,0,0.40249413,1,0,0.40249413,0,-1,0.48226315,0,0,0.36964998,0,0,0.36964998,0,0,0.36964998,0,0,0.36964998,0,0,0.36964998,0,0,0.36964998,0,-1,0.45854342,0,-1,0.45854342,0,-1,0.45854342,0,-1,0.45854342,0,-1,0.45854342,0,-1,0.45854342,0,-1,0.45854342,0,-1,0.45854342,-1,-1,0.45854342,0,-1,0.45854342,0,-1,0.45854342,0,-1,0.45854342,0,0,0.38111833,0,0,0.38111833,0,0,0.38111833,0,0,0.38111833,0,0,0.38111833,0,0,0.38111833,0,-1,0.4883146,0,-1,0.4883146,0,-1,0.4883146,0,0,0.40249416,0,0,0.40249413,0,0,0.40249413,0,0,0.40249413,0,-1,0.4937615,0,-1,0.4937615,0,-1,0.4937615,0,-1,0.4867003,0,-1,0.4867003,0,-1,0.4867003,0
      39,  16.44%,0.1111111111111111,-1,0.48386222,0,-1,0.48386222,0,-1,0.48386222,1,-1,0.4763151,0,-1,0.48386222,0,-1,0.48386222,1,-1,0.34165132,1,-1,0.34165132,1,-1,0.34165132,1,-1,0.34165132,1,-1,0.34165132,1,-1,0.48386222,1,-1,0.48386222,1,-1,0.34165132,1,-1,0.4763151,0,-1,0.34165132,1,-1,0.47071135,0,-1,0.47071135,0,-1,0.4704758,0,-1,0.4704758,0,-1,0.37090647,0,-1,0.37090647,0,-1,0.48275062,0,-1,0.48275062,0,-1,0.4904837,1,-1,0.4904837,1,-1,0.4605646,0,-1,0.4605646,0,-1,0.4763151,0,-1,0.47152904,0,-1,0.47152907,0,-1,0.4763151,0,0,0.3748024,0,0,0.3748024,1,0,0.3748024,0,-1,0.4763151,0,-1,0.3510156,0,-1,0.3510156,0,-1,0.3510156,0,-1,0.3510156,0,-1,0.3510156,0,-1,0.3510156,0,-1,0.4560236,0,-1,0.4560236,0,-1,0.4560236,0,-1,0.4560236,0,-1,0.4560236,0,-1,0.4560236,0,-1,0.4560236,0,-1,0.4560236,0,-1,0.4560236,0,-1,0.4560236,0,-1,0.4560236,0,-1,0.4560236,0,0,0.3485571,0,0,0.3485571,0,0,0.3485571,0,0,0.3485571,0,0,0.3485571,0,0,0.3485571,0,-1,0.4855959,0,-1,0.4855959,0,-1,0.4855959,0,0,0.3748024,0,0,0.3748024,0,0,0.3748024,0,0,0.3748024,0,-1,0.48819986,0,-1,0.48819986,0,-1,0.48819986,0,-1,0.484175,0,-1,0.484175,0,-1,0.484175,0
      40,  34.25%,0.2543900543900544,-1,0.4158138,0,-1,0.4158138,0,-1,0.4158138,1,-1,0.40637702,0,-1,0.4158138,0,-1,0.4158138,1,0,0.36111677,1,0,0.36111677,1,0,0.36111677,1,0,0.36111677,0,0,0.36111677,1,-1,0.4158138,1,-1,0.4158138,1,0,0.36111677,1,-1,0.40637702,0,0,0.36111677,1,-1,0.3990425,0,-1,0.3990425,0,-1,0.4025492,-1,-1,0.4025492,-1,-1,0.3901591,-1,-1,0.3901591,-1,-1,0.4134105,-1,-1,0.4134105,-1,-1,0.41994894,-1,-1,0.41994894,-1,-1,0.39301234,-1,-1,0.39301234,-1,-1,0.40637702,0,-1,0.4006331,0,-1,0.40063313,-1,-1,0.406377,0,0,0.39269662,0,0,0.39269662,1,0,0.39269662,0,-1,0.40637702,0,-1,0.37106755,1,-1,0.37106755,0,-1,0.37106755,0,-1,0.37106755,0,-1,0.37106755,0,-1,0.37106755,0,-1,0.39119115,0,-1,0.39119115,0,-1,0.39119115,0,-1,0.39119115,0,-1,0.39119115,0,-1,0.39119115,0,-1,0.39119115,0,-1,0.39119115,0,-1,0.39119115,-1,-1,0.39119115,0,-1,0.39119115,0,-1,0.39119115,0,0,0.3621547,0,0,0.3621547,0,0,0.3621547,0,0,0.3621547,0,0,0.3621547,0,0,0.3621547,0,-1,0.4154024,1,-1,0.4154024,1,-1,0.4154024,1,0,0.3926966,0,0,0.39269662,0,0,0.39269662,0,0,0.39269662,0,-1,0.41716012,0,-1,0.41716012,0,-1,0.41716012,0,-1,0.41344243,0,-1,0.41344243,0,-1,0.41344243,0
      41,   9.59%,0.10606060606060606,-1,0.4086443,1,-1,0.4086443,1,-1,0.4086443,1,-1,0.4027933,0,-1,0.4086443,1,-1,0.4086443,1,1,0.40939727,1,1,0.40939727,1,1,0.40939727,1,1,0.40939727,1,1,0.40939727,1,-1,0.4086443,1,-1,0.4086443,1,1,0.40939727,1,-1,0.4027933,0,1,0.40939727,1,-1,0.4009047,0,-1,0.4009047,0,-1,0.40298313,0,-1,0.40298313,0,1,0.38810906,0,1,0.38810906,0,-1,0.4061945,0,-1,0.4061945,0,-1,0.40083885,0,-1,0.40083885,0,-1,0.40644473,0,-1,0.40644473,0,-1,0.4027933,0,1,0.3983712,0,1,0.3983712,0,-1,0.4027933,0,1,0.39446703,0,1,0.39446703,0,1,0.39446703,0,-1,0.4027933,0,1,0.40865776,0,1,0.40865776,0,1,0.40865776,0,1,0.40865776,0,1,0.40865776,0,1,0.40865776,0,-1,0.4004531,0,-1,0.4004531,0,-1,0.4004531,0,-1,0.4004531,0,-1,0.4004531,0,-1,0.4004531,0,-1,0.4004531,0,-1,0.4004531,0,-1,0.4004531,0,-1,0.4004531,0,-1,0.4004531,0,-1,0.4004531,0,1,0.4125921,0,1,0.4125921,0,1,0.4125921,0,1,0.4125921,0,1,0.4125921,0,1,0.4125921,0,-1,0.40550917,0,-1,0.40550917,0,-1,0.40550914,0,1,0.394467,0,1,0.39446703,0,1,0.39446703,0,1,0.39446703,0,-1,0.40724224,0,-1,0.40724224,0,-1,0.40724224,0,-1,0.40584072,0,-1,0.40584072,0,-1,0.40584072,0
      42,   4.11%,0.02631578947368421,1,0.44882113,-1,1,0.44882113,-1,1,0.44882113,-1,1,0.448192,0,1,0.44882113,-1,1,0.44882113,0,1,0.5727288,-1,1,0.5727288,-1,1,0.5727288,-1,1,0.5727288,-1,1,0.5727288,0,1,0.44882113,0,1,0.44882113,0,1,0.5727288,0,1,0.448192,0,1,0.5727288,0,1,0.44790122,-1,1,0.44790122,-1,1,0.44832817,-1,1,0.44832817,-1,1,0.52655864,-1,1,0.52655864,-1,1,0.44662473,-1,1,0.44662473,-1,1,0.44731045,-1,1,0.44731045,-1,1,0.44895038,-1,1,0.44895038,-1,1,0.448192,0,1,0.44843227,0,1,0.44843227,-1,1,0.44819197,0,1,0.5248036,0,1,0.5248036,0,1,0.5248036,0,1,0.448192,0,1,0.5901869,0,1,0.5901869,0,1,0.5901869,0,1,0.5901869,0,1,0.5901869,0,1,0.5901869,0,1,0.45429862,0,1,0.45429862,0,1,0.45429862,0,1,0.45429862,0,1,0.45429862,0,1,0.45429862,0,1,0.45429862,0,1,0.45429862,0,1,0.45429862,0,1,0.45429862,0,1,0.45429862,0,1,0.45429862,0,1,0.5704264,0,1,0.5704264,0,1,0.5704264,0,1,0.5704264,0,1,0.5704264,0,1,0.5704264,0,1,0.44726917,1,1,0.44726917,1,1,0.44726917,1,1,0.5248035,0,1,0.5248035,0,1,0.5248035,0,1,0.5248035,0,1,0.4483834,0,1,0.4483834,0,1,0.4483834,0,1,0.4462032,0,1,0.4462032,0,1,0.4462032,0
      43,  38.36%,0.20168439716312056,-1,0.5356768,0,-1,0.5356768,0,-1,0.5356768,0,-1,0.53860605,0,-1,0.5356768,0,-1,0.5356768,0,0,0.5392421,0,0,0.5392421,0,0,0.5392421,0,0,0.5392421,0,0,0.5392421,0,-1,0.5356768,0,-1,0.5356768,0,0,0.5392421,0,-1,0.53860605,0,0,0.5392421,0,-1,0.53775895,0,-1,0.53775895,0,-1,0.5375557,0,-1,0.5375557,0,0,0.5526042,0,0,0.5526042,-1,-1,0.53891987,0,-1,0.53891987,0,-1,0.5415926,0,-1,0.5415926,0,-1,0.5310526,0,-1,0.5310526,-1,-1,0.53860605,0,-1,0.54330844,0,-1,0.54330844,0,-1,0.538606,0,0,0.5770274,0,0,0.5770274,0,0,0.5770274,0,-1,0.53860605,0,0,0.5724118,0,0,0.5724118,0,0,0.5724118,0,0,0.5724118,0,0,0.5724118,0,0,0.5724118,0,-1,0.5305564,0,-1,0.5305564,0,-1,0.5305564,0,-1,0.5305564,0,-1,0.5305564,0,-1,0.5305564,0,-1,0.5305564,0,-1,0.5305564,0,-1,0.5305564,0,-1,0.5305564,0,-1,0.5305564,0,-1,0.5305564,0,0,0.56050444,0,0,0.56050444,0,0,0.56050444,0,0,0.56050444,0,0,0.56050444,0,0,0.56050444,0,-1,0.5393738,1,-1,0.5393738,1,-1,0.5393738,1,0,0.57702744,0,0,0.5770275,0,0,0.5770275,0,0,0.5770275,0,-1,0.53630465,0,-1,0.53630465,0,-1,0.53630465,0,-1,0.5391208,0,-1,0.5391208,0,-1,0.5391208,0
      44,  38.36%,0.1924398625429553,-1,0.52959013,0,-1,0.52959013,0,-1,0.52959013,0,-1,0.5316743,0,-1,0.52959013,0,-1,0.52959013,0,0,0.5588298,0,0,0.5588298,0,0,0.5588298,0,0,0.5588298,0,0,0.5588298,0,-1,0.52959013,0,-1,0.52959013,0,0,0.5588298,0,-1,0.5316743,0,0,0.5588298,0,-1,0.53145033,0,-1,0.53145033,0,-1,0.5294994,0,-1,0.5294994,0,0,0.5717901,0,0,0.5717901,0,-1,0.53244025,0,-1,0.53244025,0,-1,0.53629124,0,-1,0.53629124,0,-1,0.5204527,0,-1,0.5204527,0,-1,0.5316743,0,-1,0.5375175,0,-1,0.5375175,1,-1,0.5316743,0,0,0.5939813,0,0,0.5939813,0,0,0.5939813,0,-1,0.5316743,0,0,0.59562856,0,0,0.59562856,0,0,0.59562856,0,0,0.59562856,0,0,0.59562856,0,0,0.59562856,0,-1,0.521799,0,-1,0.521799,0,-1,0.521799,0,-1,0.521799,0,-1,0.521799,0,-1,0.521799,0,-1,0.521799,0,-1,0.521799,0,-1,0.521799,0,-1,0.521799,0,-1,0.521799,0,-1,0.521799,0,0,0.577843,0,0,0.577843,0,0,0.577843,0,0,0.577843,0,0,0.577843,0,0,0.577843,0,-1,0.53325135,1,-1,0.53325135,1,-1,0.53325135,1,0,0.5939814,0,0,0.5939814,0,0,0.5939814,0,0,0.5939814,0,-1,0.530605,0,-1,0.530605,0,-1,0.530605,0,-1,0.5327298,0,-1,0.5327298,0,-1,0.5327298,0
      45,  38.36%,0.27722772277227725,-1,0.6026613,0,-1,0.6026613,0,-1,0.6026613,0,-1,0.6007144,0,-1,0.6026613,0,-1,0.6026613,0,0,0.3857886,0,0,0.3857886,0,0,0.3857886,0,0,0.3857886,0,0,0.3857886,0,-1,0.6026613,0,-1,0.6026613,0,0,0.3857886,0,-1,0.6007144,0,0,0.3857886,0,-1,0.5985197,0,-1,0.5985197,0,-1,0.600373,0,-1,0.600373,0,0,0.3945239,0,0,0.3945239,0,-1,0.60285264,0,-1,0.60285264,0,-1,0.607144,0,-1,0.607144,0,-1,0.59183925,0,-1,0.59183925,0,-1,0.6007144,0,-1,0.6006502,0,-1,0.60065013,0,-1,0.6007144,0,0,0.40797043,0,0,0.40797043,0,0,0.40797043,0,-1,0.6007144,0,0,0.4137142,0,0,0.4137142,0,0,0.4137142,0,0,0.4137142,0,0,0.4137142,0,0,0.4137142,0,-1,0.5894666,0,-1,0.5894666,0,-1,0.5894666,0,-1,0.5894666,0,-1,0.5894666,0,-1,0.5894666,0,-1,0.5894666,0,-1,0.5894666,0,-1,0.5894666,0,-1,0.5894666,0,-1,0.5894666,0,-1,0.5894666,0,0,0.40862077,0,0,0.40862077,0,0,0.40862077,0,0,0.40862077,0,0,0.40862077,0,0,0.40862077,0,-1,0.6033429,0,-1,0.6033429,0,-1,0.6033429,0,0,0.40797037,0,0,0.4079704,0,0,0.4079704,0,0,0.4079704,0,-1,0.60341376,0,-1,0.60341376,0,-1,0.60341376,0,-1,0.6028248,0,-1,0.6028248,0,-1,0.6028248,0
      46, 100.00%,1.0,0,0.53991824,0,0,0.53991824,0,0,0.53991824,0,0,0.54595196,0,0,0.53991824,0,0,0.53991824,0,0,0.723477,0,0,0.723477,0,0,0.723477,0,0,0.723477,0,0,0.723477,0,0,0.53991824,0,0,0.53991824,0,0,0.723477,0,0,0.54595196,0,0,0.723477,0,0,0.5503125,0,0,0.5503125,0,0,0.547845,0,0,0.547845,0,0,0.75062704,0,0,0.75062704,0,0,0.5445648,0,0,0.5445648,0,0,0.538332,0,0,0.538332,0,0,0.54983115,0,0,0.54983115,0,0,0.54595196,0,0,0.549932,0,0,0.54993206,0,0,0.54595196,0,0,0.7550452,0,0,0.7550452,0,0,0.7550452,0,0,0.54595196,0,0,0.75018096,0,0,0.75018096,0,0,0.75018096,0,0,0.75018096,0,0,0.75018096,0,0,0.75018096,0,0,0.54917264,0,0,0.54917264,0,0,0.54917264,0,0,0.54917264,0,0,0.54917264,0,0,0.54917264,0,0,0.54917264,0,0,0.54917264,0,0,0.54917264,0,0,0.54917264,0,0,0.54917264,0,0,0.54917264,0,0,0.7347401,0,0,0.7347401,0,0,0.7347401,0,0,0.7347401,0,0,0.7347401,0,0,0.7347401,0,0,0.543024,0,0,0.543024,0,0,0.54302394,0,0,0.7550452,0,0,0.7550452,0,0,0.7550452,0,0,0.7550452,0,0,0.5397567,0,0,0.5397567,0,0,0.5397567,0,0,0.54532135,0,0,0.54532135,0,0,0.54532135,0
      47,  38.36%,0.18855218855218855,0,0.41758212,1,0,0.41758212,1,0,0.41758212,1,1,0.42135364,0,0,0.41758212,1,0,0.41758212,1,0,0.56847286,0,0,0.56847286,-1,0,0.56847286,1,0,0.56847286,0,0,0.56847286,0,0,0.41758212,1,0,0.41758212,1,0,0.56847286,0,1,0.42135364,0,0,0.56847286,0,0,0.42631203,0,0,0.42631203,0,1,0.4242593,0,1,0.4242593,0,0,0.5701536,-1,0,0.5701536,0,0,0.41986373,0,0,0.41986373,0,1,0.42402494,0,1,0.42402494,-1,0,0.43573856,0,0,0.43573856,-1,1,0.42135364,0,1,0.43025142,0,1,0.43025142,-1,1,0.42135367,0,0,0.60027134,0,0,0.60027134,0,0,0.60027134,0,1,0.42135364,0,0,0.59052044,1,0,0.59052044,1,0,0.59052044,1,0,0.59052044,1,0,0.59052044,0,0,0.59052044,1,0,0.43352106,1,0,0.43352106,1,0,0.43352106,1,0,0.43352106,1,0,0.43352106,1,0,0.43352106,1,0,0.43352106,1,0,0.43352106,1,0,0.43352106,1,0,0.43352106,1,0,0.43352106,1,0,0.43352106,1,0,0.58939606,0,0,0.58939606,0,0,0.58939606,0,0,0.58939606,0,0,0.58939606,0,0,0.58939606,0,1,0.42541844,0,1,0.42541844,0,1,0.42541847,0,0,0.6002714,0,0,0.60027134,0,0,0.60027134,0,0,0.60027134,0,1,0.41784492,0,1,0.41784492,0,1,0.41784492,0,0,0.41983926,0,0,0.41983926,0,0,0.41983926,0
      48,  31.51%,0.19115949200065974,-1,0.44301116,0,-1,0.44301116,0,-1,0.44301116,1,-1,0.4253858,0,-1,0.44301116,0,-1,0.44301116,1,0,0.4461013,1,0,0.4461013,1,0,0.4461013,1,0,0.4461013,1,0,0.4461013,1,-1,0.44301116,0,-1,0.44301116,1,0,0.4461013,1,-1,0.4253858,0,0,0.4461013,1,-1,0.4192837,0,-1,0.4192837,0,-1,0.4168244,0,-1,0.4168244,0,0,0.45520416,0,0,0.45520416,0,-1,0.43163088,0,-1,0.43163088,0,-1,0.4343536,0,-1,0.4343536,0,-1,0.4196146,-1,-1,0.4196146,-1,-1,0.4253858,0,-1,0.41162625,0,-1,0.41162613,0,-1,0.42538574,0,0,0.463165,0,0,0.463165,0,0,0.463165,0,-1,0.4253858,0,0,0.46330976,0,0,0.46330976,0,0,0.46330976,0,0,0.46330976,0,0,0.46330976,0,0,0.46330976,0,-1,0.41391927,0,-1,0.41391927,0,-1,0.41391927,0,-1,0.41391927,0,-1,0.41391927,0,-1,0.41391927,0,-1,0.41391927,0,-1,0.41391927,0,-1,0.41391927,0,-1,0.41391927,0,-1,0.41391927,0,-1,0.41391927,0,0,0.46425098,0,0,0.46425098,0,0,0.46425098,0,0,0.46425098,0,0,0.46425098,0,0,0.46425098,0,-1,0.426852,1,-1,0.426852,1,-1,0.42685196,1,0,0.46316507,0,0,0.46316504,0,0,0.46316504,0,0,0.46316504,0,-1,0.43811905,0,-1,0.43811905,0,-1,0.43811905,0,-1,0.42973977,0,-1,0.42973977,0,-1,0.42973977,0
      49, 100.00%,1.0,0,0.659413,0,0,0.659413,0,0,0.659413,0,0,0.6680639,0,0,0.659413,0,0,0.659413,0,0,0.77127093,0,0,0.77127093,0,0,0.77127093,0,0,0.77127093,0,0,0.77127093,0,0,0.659413,0,0,0.659413,0,0,0.77127093,0,0,0.6680639,0,0,0.77127093,0,0,0.6733454,0,0,0.6733454,0,0,0.67068136,0,0,0.67068136,0,0,0.8054109,0,0,0.8054109,0,0,0.6647784,0,0,0.6647784,0,0,0.66163844,0,0,0.66163844,0,0,0.67041576,0,0,0.67041576,0,0,0.6680639,0,0,0.6754139,0,0,0.6754139,0,0,0.6680639,0,0,0.8144891,0,0,0.8144891,0,0,0.8144891,0,0,0.6680639,0,0,0.7694565,0,0,0.7694565,0,0,0.7694565,0,0,0.7694565,0,0,0.7694565,0,0,0.7694565,0,0,0.66878927,0,0,0.66878927,0,0,0.66878927,0,0,0.66878927,0,0,0.66878927,0,0,0.66878927,0,0,0.66878927,0,0,0.66878927,0,0,0.66878927,0,0,0.66878927,0,0,0.66878927,0,0,0.66878927,0,0,0.78142256,0,0,0.78142256,0,0,0.78142256,0,0,0.78142256,0,0,0.78142256,0,0,0.78142256,0,0,0.6657324,0,0,0.6657324,0,0,0.6657324,0,0,0.8144891,0,0,0.8144891,0,0,0.8144891,0,0,0.8144891,0,0,0.66033643,0,0,0.66033643,0,0,0.66033643,0,0,0.66588145,0,0,0.66588145,0,0,0.66588145,0
      50, 100.00%,1.0,0,0.83028394,0,0,0.83028394,0,0,0.83028394,0,0,0.8347041,0,0,0.83028394,0,0,0.83028394,0,0,0.9132679,0,0,0.9132679,0,0,0.9132679,0,0,0.9132679,0,0,0.9132679,0,0,0.83028394,0,0,0.83028394,0,0,0.9132679,0,0,0.8347041,0,0,0.9132679,0,0,0.8402025,0,0,0.8402025,0,0,0.83365613,0,0,0.83365613,0,0,0.93083084,0,0,0.93083084,0,0,0.8343119,0,0,0.8343119,0,0,0.83308786,0,0,0.83308786,0,0,0.8396951,0,0,0.8396951,0,0,0.8347041,0,0,0.83900374,0,0,0.83900374,0,0,0.8347041,0,0,0.9379937,0,0,0.9379937,0,0,0.9379937,0,0,0.8347041,0,0,0.9175493,0,0,0.9175493,0,0,0.9175493,0,0,0.9175493,0,0,0.9175493,0,0,0.9175493,0,0,0.8385919,0,0,0.8385919,0,0,0.8385919,0,0,0.8385919,0,0,0.8385919,0,0,0.8385919,0,0,0.8385919,0,0,0.8385919,0,0,0.8385919,0,0,0.8385919,0,0,0.8385919,0,0,0.8385919,0,0,0.9223347,0,0,0.9223347,0,0,0.9223347,0,0,0.9223347,0,0,0.9223347,0,0,0.9223347,0,0,0.83103126,0,0,0.83103126,0,0,0.8310312,0,0,0.9379937,0,0,0.9379937,0,0,0.9379937,0,0,0.9379937,0,0,0.8291847,0,0,0.8291847,0,0,0.8291847,0,0,0.8350438,0,0,0.8350438,0,0,0.8350438,0
      51,  98.63%,0.496551724137931,0,0.9602987,0,0,0.9602987,0,0,0.9602987,0,0,0.96096283,0,0,0.9602987,0,0,0.9602987,0,0,0.97242737,0,0,0.97242737,0,0,0.97242737,1,0,0.97242737,0,0,0.97242737,0,0,0.9602987,0,0,0.9602987,0,0,0.97242737,0,0,0.96096283,0,0,0.97242737,0,0,0.9623164,0,0,0.9623164,0,0,0.9564277,0,0,0.9564277,0,0,0.97421175,0,0,0.97421175,0,0,0.96126086,0,0,0.96126086,0,0,0.96289444,0,0,0.96289444,0,0,0.9590771,0,0,0.9590771,0,0,0.96096283,0,0,0.96264863,0,0,0.9626485,0,0,0.96096283,0,0,0.9775418,0,0,0.9775418,0,0,0.9775418,0,0,0.96096283,0,0,0.9733717,0,0,0.9733717,0,0,0.9733717,0,0,0.9733717,0,0,0.9733717,0,0,0.9733717,0,0,0.959506,0,0,0.959506,0,0,0.959506,0,0,0.959506,0,0,0.959506,0,0,0.959506,0,0,0.959506,0,0,0.959506,0,0,0.959506,0,0,0.959506,0,0,0.959506,0,0,0.959506,0,0,0.9753426,0,0,0.9753426,0,0,0.9753426,0,0,0.9753426,0,0,0.9753426,0,0,0.9753426,0,0,0.9604605,0,0,0.9604605,0,0,0.9604605,0,0,0.9775418,0,0,0.9775418,0,0,0.9775418,0,0,0.9775418,0,0,0.9611655,0,0,0.9611655,0,0,0.9611655,0,0,0.9618298,0,0,0.9618298,0,0,0.9618298,0
      52,  30.14%,0.21885764639910277,-1,0.42858964,-1,-1,0.42858964,-1,-1,0.42858964,-1,-1,0.40971252,0,-1,0.42858964,-1,-1,0.42858964,-1,1,0.42864174,-1,1,0.42864174,-1,1,0.42864174,-1,1,0.42864174,-1,1,0.42864174,-1,-1,0.42858964,-1,-1,0.42858964,-1,1,0.42864174,0,-1,0.40971252,0,1,0.42864174,0,-1,0.4015135,0,-1,0.4015135,0,-1,0.4013128,0,-1,0.4013128,0,0,0.4506243,0,0,0.4506243,0,-1,0.41471165,0,-1,0.41471165,0,-1,0.42373446,0,-1,0.42373446,0,-1,0.39179346,0,-1,0.39179346,0,-1,0.40971252,0,-1,0.3984616,0,-1,0.3984616,0,-1,0.40971252,0,0,0.46398616,0,0,0.46398616,0,0,0.46398616,0,-1,0.40971252,0,1,0.43451548,0,1,0.43451548,0,1,0.43451548,0,1,0.43451548,0,1,0.43451548,0,1,0.43451548,0,-1,0.3863137,0,-1,0.3863137,0,-1,0.3863137,0,-1,0.3863137,0,-1,0.3863137,0,-1,0.3863137,0,-1,0.3863137,0,-1,0.3863137,0,-1,0.3863137,0,-1,0.3863137,0,-1,0.3863137,0,-1,0.3863137,0,0,0.43327326,0,0,0.43327326,0,0,0.43327326,0,0,0.43327326,0,0,0.43327326,0,0,0.43327326,0,-1,0.41234186,1,-1,0.41234186,1,-1,0.4123418,1,0,0.46398616,0,0,0.4639862,0,0,0.4639862,0,0,0.4639862,0,-1,0.425164,0,-1,0.425164,0,-1,0.425164,0,-1,0.41233742,0,-1,0.41233742,0,-1,0.41233742,0
      53,   0.00%,0.0,1,0.4843652,0,1,0.4843652,-1,1,0.4843652,0,1,0.49433047,0,1,0.4843652,0,1,0.4843652,0,1,0.69534284,-1,1,0.69534284,-1,1,0.69534284,0,1,0.69534284,0,1,0.69534284,0,1,0.4843652,0,1,0.4843652,0,1,0.69534284,0,1,0.49433047,0,1,0.69534284,0,1,0.4976865,0,1,0.4976865,0,1,0.49992815,-1,1,0.49992815,-1,1,0.6944271,-1,1,0.6944271,-1,1,0.49229398,-1,1,0.49229398,-1,1,0.48785892,-1,1,0.48785892,-1,1,0.5054357,-1,1,0.5054357,-1,1,0.49433047,0,1,0.49953496,0,1,0.49953496,0,1,0.49433047,0,1,0.6937473,0,1,0.6937473,0,1,0.6937473,0,1,0.49433047,0,1,0.7002302,0,1,0.7002302,0,1,0.7002302,0,1,0.7002302,0,1,0.7002302,0,1,0.7002302,0,1,0.5088116,0,1,0.5088116,0,1,0.5088116,0,1,0.5088116,0,1,0.5088116,0,1,0.5088116,0,1,0.5088116,0,1,0.5088116,0,1,0.5088116,0,1,0.5088116,0,1,0.5088116,0,1,0.5088116,0,1,0.69816,0,1,0.69816,0,1,0.69816,0,1,0.69816,0,1,0.69816,0,1,0.69816,0,1,0.4936117,0,1,0.4936117,0,1,0.4936117,0,1,0.6937473,0,1,0.6937473,0,1,0.6937473,0,1,0.6937473,0,1,0.48541644,0,1,0.48541644,0,1,0.48541644,0,1,0.49320483,0,1,0.49320483,0,1,0.49320483,0
      54,  32.88%,0.3115496521189121,-1,0.44155407,-1,-1,0.44155407,-1,-1,0.44155407,0,-1,0.43463102,0,-1,0.44155407,0,-1,0.44155407,0,1,0.40605378,0,1,0.40605378,0,1,0.40605378,0,1,0.40605378,-1,1,0.40605378,0,-1,0.44155407,-1,-1,0.44155407,0,1,0.40605378,-1,-1,0.43463102,0,1,0.40605378,-1,-1,0.4354983,1,-1,0.4354983,0,-1,0.4288296,1,-1,0.4288296,0,0,0.36122954,0,0,0.36122954,-1,-1,0.43636352,0,-1,0.43636352,0,-1,0.4347188,1,-1,0.4347188,1,-1,0.43324944,-1,-1,0.43324944,-1,-1,0.43463102,0,-1,0.429374,0,-1,0.429374,0,-1,0.43463102,0,0,0.3720576,0,0,0.3720576,1,0,0.3720576,0,-1,0.43463102,0,1,0.4106205,0,1,0.4106205,0,1,0.4106205,1,1,0.4106205,1,1,0.4106205,0,1,0.4106205,0,-1,0.42404163,-1,-1,0.42404163,-1,-1,0.42404163,-1,-1,0.42404163,-1,-1,0.42404163,-1,-1,0.42404163,-1,-1,0.42404163,0,-1,0.42404163,0,-1,0.42404163,-1,-1,0.42404163,0,-1,0.42404163,-1,-1,0.42404163,0,1,0.38114664,0,1,0.38114664,0,1,0.38114664,0,1,0.38114664,1,1,0.38114664,1,1,0.38114664,0,-1,0.43128952,1,-1,0.43128952,1,-1,0.43128952,1,0,0.37205765,0,0,0.37205765,0,0,0.37205765,0,0,0.37205765,0,-1,0.43863106,0,-1,0.43863106,0,-1,0.43863106,0,-1,0.43549764,1,-1,0.43549764,1,-1,0.43549764,1
      55,  38.36%,0.2457627118644068,1,0.40286374,0,1,0.40286374,0,1,0.40286374,1,1,0.41053605,0,1,0.40286374,0,1,0.40286374,1,1,0.38143596,0,1,0.38143596,0,1,0.38143596,1,1,0.38143596,0,1,0.38143596,0,1,0.40286374,0,1,0.40286374,1,1,0.38143596,-1,1,0.41053605,0,1,0.38143596,-1,1,0.4108345,0,1,0.4108345,0,1,0.41612908,1,1,0.41612908,0,0,0.37684608,0,0,0.37684608,0,1,0.40720806,0,1,0.40720806,0,1,0.4074715,1,1,0.4074715,1,1,0.4146477,0,1,0.4146477,0,1,0.41053605,0,1,0.41557655,0,1,0.41557655,0,1,0.41053608,0,0,0.38120127,0,0,0.38120127,0,0,0.38120127,0,1,0.41053605,0,0,0.3843587,0,0,0.3843587,0,0,0.3843587,0,0,0.3843587,0,0,0.3843587,0,0,0.3843587,0,1,0.4157935,0,1,0.4157935,0,1,0.4157935,0,1,0.4157935,0,1,0.4157935,0,1,0.4157935,0,1,0.4157935,0,1,0.4157935,0,1,0.4157935,-1,1,0.4157935,0,1,0.4157935,0,1,0.4157935,0,0,0.37644267,0,0,0.37644267,0,0,0.37644267,0,0,0.37644267,0,0,0.37644267,0,0,0.37644267,0,1,0.41023752,0,1,0.41023752,0,1,0.41023752,0,0,0.38120127,0,0,0.38120127,0,0,0.38120127,0,0,0.38120127,0,1,0.4036118,0,1,0.4036118,0,1,0.4036118,0,1,0.4074932,0,1,0.4074932,0,1,0.4074932,0
      56,   1.37%,0.009009009009009009,1,0.467588,-1,1,0.467588,0,1,0.467588,0,1,0.47369766,0,1,0.467588,0,1,0.467588,1,1,0.5101944,0,1,0.5101944,0,1,0.5101944,0,1,0.5101944,0,1,0.5101944,0,1,0.467588,0,1,0.467588,0,1,0.5101944,0,1,0.47369766,0,1,0.5101944,0,1,0.4749788,0,1,0.4749788,0,1,0.47882268,0,1,0.47882268,0,1,0.50403756,0,1,0.50403756,0,1,0.47121102,0,1,0.47121102,0,1,0.47009343,0,1,0.47009343,0,1,0.4756529,0,1,0.4756529,0,1,0.47369766,0,1,0.47799093,0,1,0.47799093,0,1,0.47369766,0,1,0.49662033,0,1,0.49662033,0,1,0.49662033,0,1,0.47369766,0,1,0.5019812,0,1,0.5019812,0,1,0.5019812,0,1,0.5019812,0,1,0.5019812,0,1,0.5019812,0,1,0.47774318,0,1,0.47774318,0,1,0.47774318,0,1,0.47774318,0,1,0.47774318,0,1,0.47774318,0,1,0.47774318,0,1,0.47774318,0,1,0.47774318,0,1,0.47774318,0,1,0.47774318,0,1,0.47774318,0,1,0.5067453,0,1,0.5067453,0,1,0.5067453,0,1,0.5067453,0,1,0.5067453,0,1,0.5067453,0,1,0.475154,0,1,0.475154,0,1,0.475154,0,1,0.49662036,0,1,0.49662036,0,1,0.49662036,0,1,0.49662036,0,1,0.46966508,0,1,0.46966508,0,1,0.46966508,0,1,0.47250542,0,1,0.47250542,0,1,0.47250542,0
      57,  69.86%,0.2741935483870968,0,0.34803268,0,0,0.34803268,0,0,0.34803268,0,0,0.35320053,0,0,0.34803268,-1,0,0.34803268,-1,0,0.56798637,1,0,0.56798637,1,0,0.56798637,0,0,0.56798637,0,0,0.56798637,1,0,0.34803268,0,0,0.34803268,0,0,0.56798637,0,0,0.35320053,0,0,0.56798637,0,0,0.3553327,1,0,0.3553327,1,0,0.35991868,1,0,0.35991868,1,0,0.5708788,1,0,0.5708788,1,0,0.3499604,0,0,0.3499604,0,0,0.3436446,1,0,0.3436446,1,0,0.36725125,0,0,0.36725125,0,0,0.35320053,0,0,0.35359496,0,0,0.353595,0,0,0.35320053,0,0,0.58685035,0,0,0.58685035,1,0,0.58685035,0,0,0.35320053,0,0,0.5845462,-1,0,0.5845462,0,0,0.5845462,0,0,0.5845462,0,0,0.5845462,1,0,0.5845462,0,0,0.36951965,0,0,0.36951965,0,0,0.36951965,0,0,0.36951965,0,0,0.36951965,0,0,0.36951965,1,0,0.36951965,0,0,0.36951965,1,0,0.36951965,0,0,0.36951965,0,0,0.36951965,1,0,0.36951965,1,0,0.5807507,0,0,0.5807507,0,0,0.5807507,0,0,0.5807507,1,0,0.5807507,0,0,0.5807507,0,0,0.3488245,0,0,0.3488245,0,0,0.3488245,0,0,0.58685035,0,0,0.58685035,1,0,0.58685035,0,0,0.58685035,0,0,0.3454438,0,0,0.3454438,0,0,0.3454438,0,0,0.3493186,0,0,0.3493186,0,0,0.3493186,0
      58,  27.40%,0.184066724187518,1,0.3842609,0,1,0.3842609,0,1,0.3842609,1,1,0.3939163,0,1,0.3842609,0,1,0.3842609,1,0,0.5520071,1,0,0.5520071,0,0,0.5520071,1,0,0.5520071,0,0,0.5520071,1,1,0.3842609,0,1,0.3842609,0,0,0.5520071,0,1,0.3939163,0,0,0.5520071,0,1,0.39370403,0,1,0.39370403,1,1,0.40077895,0,1,0.40077895,0,0,0.53801465,0,0,0.53801465,0,1,0.38869298,0,1,0.38869298,0,1,0.38849142,0,1,0.38849142,1,1,0.3866676,0,1,0.3866676,0,1,0.3939163,0,1,0.402822,0,1,0.40282205,0,1,0.3939163,0,0,0.5735785,0,0,0.5735785,1,0,0.5735785,1,1,0.3939163,0,0,0.5737243,1,0,0.5737243,1,0,0.5737243,1,0,0.5737243,1,0,0.5737243,1,0,0.5737243,1,1,0.392656,-1,1,0.392656,-1,1,0.392656,-1,1,0.392656,0,1,0.392656,-1,1,0.392656,-1,1,0.392656,-1,1,0.392656,0,1,0.392656,0,1,0.392656,0,1,0.392656,0,1,0.392656,0,0,0.56873107,0,0,0.56873107,0,0,0.56873107,0,0,0.56873107,1,0,0.56873107,0,0,0.56873107,0,1,0.39416465,-1,1,0.39416465,-1,1,0.39416465,-1,0,0.57357854,0,0,0.57357854,0,0,0.57357854,0,0,0.57357854,0,1,0.38760924,0,1,0.38760924,0,1,0.38760924,0,1,0.38898587,0,1,0.38898587,0,1,0.38898587,0
      59,  42.47%,0.25457875457875456,-1,0.4812921,0,-1,0.4812921,0,-1,0.4812921,0,-1,0.4762645,0,-1,0.4812921,0,-1,0.4812921,0,0,0.5817007,0,0,0.5817007,0,0,0.5817007,0,0,0.5817007,0,0,0.5817007,0,-1,0.4812921,0,-1,0.4812921,0,0,0.5817007,0,-1,0.4762645,0,0,0.5817007,0,-1,0.47183344,0,-1,0.47183344,0,-1,0.47093615,-1,-1,0.47093615,0,0,0.5932211,-1,0,0.5932211,-1,-1,0.48151892,-1,-1,0.48151892,-1,-1,0.4882878,0,-1,0.4882878,0,-1,0.45798305,-1,-1,0.45798305,-1,-1,0.4762645,0,-1,0.47842684,0,-1,0.47842684,0,-1,0.47626457,0,0,0.6206468,0,0,0.6206468,0,0,0.6206468,0,-1,0.4762645,0,0,0.5918375,0,0,0.5918375,0,0,0.5918375,0,0,0.5918375,0,0,0.5918375,0,0,0.5918375,0,-1,0.45946154,0,-1,0.45946154,0,-1,0.45946154,0,-1,0.45946154,0,-1,0.45946154,0,-1,0.45946154,0,-1,0.45946154,0,-1,0.45946154,0,-1,0.45946154,0,-1,0.45946154,0,-1,0.45946154,0,-1,0.45946154,0,0,0.6103638,0,0,0.6103638,0,0,0.6103638,0,0,0.6103638,0,0,0.6103638,0,0,0.6103638,0,-1,0.4837013,1,-1,0.4837013,1,-1,0.4837013,1,0,0.6206469,0,0,0.6206468,0,0,0.6206468,0,0,0.6206468,0,-1,0.4821298,0,-1,0.4821298,0,-1,0.4821298,0,-1,0.48162872,0,-1,0.48162872,0,-1,0.48162872,0
      60,  93.15%,0.48226950354609927,0,0.37462786,-1,0,0.37462786,-1,0,0.37462786,0,0,0.37587,0,0,0.37462786,-1,0,0.37462786,0,0,0.53294444,0,0,0.53294444,-1,0,0.53294444,0,0,0.53294444,-1,0,0.53294444,0,0,0.37462786,0,0,0.37462786,0,0,0.53294444,0,0,0.37587,0,0,0.53294444,0,0,0.37609473,0,0,0.37609473,0,0,0.3793155,0,0,0.3793155,0,0,0.54640615,0,0,0.54640615,0,0,0.3731058,0,0,0.3731058,0,0,0.37052667,0,0,0.37052667,0,0,0.3782091,0,0,0.3782091,0,0,0.37587,0,0,0.37626794,0,0,0.37626794,0,0,0.37587002,0,0,0.55339384,0,0,0.55339384,0,0,0.55339384,0,0,0.37587,0,0,0.55242467,0,0,0.55242467,0,0,0.55242467,0,0,0.55242467,0,0,0.55242467,0,0,0.55242467,0,0,0.38070887,0,0,0.38070887,0,0,0.38070887,0,0,0.38070887,0,0,0.38070887,0,0,0.38070887,0,0,0.38070887,0,0,0.38070887,0,0,0.38070887,0,0,0.38070887,0,0,0.38070887,0,0,0.38070887,0,0,0.5554898,0,0,0.5554898,0,0,0.5554898,0,0,0.5554898,0,0,0.5554898,0,0,0.5554898,0,0,0.3735093,0,0,0.3735093,0,0,0.3735093,0,0,0.55339384,0,0,0.55339384,0,0,0.55339384,0,0,0.55339384,0,0,0.37342414,0,0,0.37342414,0,0,0.37342414,0,0,0.37313133,0,0,0.37313133,0,0,0.37313133,0
      61,  20.55%,0.17045454545454544,1,0.37183622,0,1,0.37183622,0,1,0.37183622,0,1,0.38182727,0,1,0.37183622,0,1,0.37183622,0,1,0.450376,0,1,0.450376,0,1,0.450376,0,1,0.450376,0,1,0.450376,0,1,0.37183622,0,1,0.37183622,0,1,0.450376,0,1,0.38182727,0,1,0.450376,0,1,0.38606113,0,1,0.38606113,0,1,0.38740018,0,1,0.38740018,0,0,0.4318638,0,0,0.4318638,0,1,0.37649128,0,1,0.37649128,0,1,0.37307036,0,1,0.37307036,0,1,0.39283875,0,1,0.39283875,0,1,0.38182727,0,1,0.3865328,0,1,0.38653284,0,1,0.38182727,0,0,0.44631508,0,0,0.44631508,0,0,0.44631508,0,1,0.38182727,0,0,0.44084048,0,0,0.44084048,0,0,0.44084048,0,0,0.44084048,0,0,0.44084048,0,0,0.44084048,0,1,0.39587235,0,1,0.39587235,0,1,0.39587235,0,1,0.39587235,0,1,0.39587235,0,1,0.39587235,0,1,0.39587235,0,1,0.39587235,0,1,0.39587235,0,1,0.39587235,0,1,0.39587235,0,1,0.39587235,0,1,0.44468418,0,1,0.44468418,0,1,0.44468418,0,1,0.44468418,0,1,0.44468418,0,1,0.44468418,0,1,0.3777816,0,1,0.3777816,0,1,0.3777816,0,0,0.44631508,0,0,0.44631508,0,0,0.44631508,0,0,0.44631508,0,1,0.37357166,0,1,0.37357166,0,1,0.37357166,0,1,0.3773226,0,1,0.3773226,0,1,0.3773226,0
      62,  38.36%,0.3088575636440143,1,0.5448984,0,1,0.5448984,0,1,0.5448984,1,1,0.54879445,0,1,0.5448984,0,1,0.5448984,1,0,0.51254165,0,0,0.51254165,0,0,0.51254165,1,0,0.51254165,0,0,0.51254165,1,1,0.5448984,0,1,0.5448984,0,0,0.51254165,0,1,0.54879445,0,0,0.51254165,0,1,0.5452035,0,1,0.5452035,0,1,0.55560774,0,1,0.55560774,0,0,0.5226628,0,0,0.5226628,0,1,0.5456044,0,1,0.5456044,0,1,0.54929733,0,1,0.54929733,0,1,0.5342916,0,1,0.5342916,0,1,0.54879445,0,1,0.55610275,0,1,0.55610275,0,1,0.54879445,0,0,0.5596723,0,0,0.5596723,0,0,0.5596723,0,1,0.54879445,0,0,0.5192463,0,0,0.5192463,0,0,0.5192463,0,0,0.5192463,0,0,0.5192463,0,0,0.5192463,0,1,0.5360939,0,1,0.5360939,0,1,0.5360939,0,1,0.5360939,0,1,0.5360939,0,1,0.5360939,0,1,0.5360939,0,1,0.5360939,0,1,0.5360939,0,1,0.5360939,0,1,0.5360939,0,1,0.5360939,0,0,0.53267735,0,0,0.53267735,0,0,0.53267735,0,0,0.53267735,0,0,0.53267735,0,0,0.53267735,0,1,0.5531919,0,1,0.5531919,0,1,0.55319184,0,0,0.55967236,0,0,0.5596723,0,0,0.5596723,0,0,0.5596723,0,1,0.5467427,0,1,0.5467427,0,1,0.5467427,0,1,0.54579186,0,1,0.54579186,0,1,0.54579186,0
      63,   6.85%,0.04273504273504273,1,0.40324458,0,1,0.40324458,0,1,0.40324458,0,1,0.41150543,0,1,0.40324458,0,1,0.40324458,0,1,0.600864,0,1,0.600864,0,1,0.600864,0,1,0.600864,0,1,0.600864,1,1,0.40324458,0,1,0.40324458,0,1,0.600864,0,1,0.41150543,0,1,0.600864,0,1,0.41268876,0,1,0.41268876,-1,1,0.4173782,-1,1,0.4173782,-1,1,0.6027449,-1,1,0.6027449,-1,1,0.40866086,-1,1,0.40866086,-1,1,0.40652263,-1,1,0.40652263,-1,1,0.4148972,-1,1,0.4148972,-1,1,0.41150543,0,1,0.41724873,0,1,0.41724873,-1,1,0.41150543,0,1,0.5991043,0,1,0.5991043,1,1,0.5991043,0,1,0.41150543,0,1,0.6041157,0,1,0.6041157,0,1,0.6041157,0,1,0.6041157,0,1,0.6041157,0,1,0.6041157,0,1,0.41961417,0,1,0.41961417,0,1,0.41961417,0,1,0.41961417,0,1,0.41961417,0,1,0.41961417,0,1,0.41961417,0,1,0.41961417,0,1,0.41961417,-1,1,0.41961417,0,1,0.41961417,0,1,0.41961417,0,1,0.6044994,0,1,0.6044994,0,1,0.6044994,0,1,0.6044994,0,1,0.6044994,0,1,0.6044994,0,1,0.41250426,1,1,0.41250426,1,1,0.41250423,1,1,0.5991043,0,1,0.5991043,0,1,0.5991043,0,1,0.5991043,0,1,0.40526408,0,1,0.40526408,0,1,0.40526408,0,1,0.40981817,0,1,0.40981817,0,1,0.40981817,0
      64,  56.16%,0.23976608187134504,0,0.3679921,-1,0,0.3679921,-1,0,0.3679921,0,0,0.37295568,0,0,0.3679921,-1,0,0.3679921,0,0,0.6338189,0,0,0.6338189,0,0,0.6338189,1,0,0.6338189,0,0,0.6338189,1,0,0.3679921,1,0,0.3679921,1,0,0.6338189,1,0,0.37295568,0,0,0.6338189,1,0,0.37530765,0,0,0.37530765,0,0,0.3779733,1,0,0.3779733,1,0,0.63767,1,0,0.63767,1,0,0.37148744,0,0,0.37148744,0,0,0.3657466,1,0,0.3657466,1,0,0.3883722,0,0,0.3883722,0,0,0.37295568,0,0,0.3726731,0,0,0.37267312,0,0,0.37295568,0,0,0.653443,0,0,0.653443,1,0,0.653443,0,0,0.37295568,0,0,0.6496394,0,0,0.6496394,0,0,0.6496394,0,0,0.6496394,0,0,0.6496394,1,0,0.6496394,1,0,0.3890897,-1,0,0.3890897,-1,0,0.3890897,-1,0,0.3890897,-1,0,0.3890897,-1,0,0.3890897,-1,0,0.3890897,-1,0,0.3890897,0,0,0.3890897,0,0,0.3890897,-1,0,0.3890897,-1,0,0.3890897,0,0,0.6388748,0,0,0.6388748,0,0,0.6388748,-1,0,0.6388748,0,0,0.6388748,0,0,0.6388748,-1,0,0.37037498,-1,0,0.37037498,-1,0,0.37037498,-1,0,0.653443,0,0,0.653443,0,0,0.653443,0,0,0.653443,0,0,0.3667455,0,0,0.3667455,0,0,0.3667455,0,0,0.37114197,0,0,0.37114197,0,0,0.37114197,0
      65,  19.18%,0.17037037037037037,-1,0.3947892,-1,-1,0.3947892,-1,-1,0.3947892,0,-1,0.37786663,0,-1,0.3947892,-1,-1,0.3947892,0,1,0.4768329,-1,1,0.4768329,0,1,0.4768329,0,1,0.4768329,0,1,0.4768329,1,-1,0.3947892,0,-1,0.3947892,0,1,0.4768329,0,-1,0.37786663,0,1,0.4768329,0,-1,0.36851263,0,-1,0.36851263,0,-1,0.36537087,-1,-1,0.36537087,-1,1,0.47751465,-1,1,0.47751465,-1,-1,0.38407993,-1,-1,0.38407993,-1,-1,0.39517465,-1,-1,0.39517465,-1,-1,0.35007614,-1,-1,0.35007614,-1,-1,0.37786663,0,-1,0.37131673,0,-1,0.3713167,-1,-1,0.37786663,0,1,0.4833999,0,1,0.4833999,1,1,0.4833999,0,-1,0.37786663,0,1,0.4835454,0,1,0.4835454,0,1,0.4835454,0,1,0.4835454,0,1,0.4835454,0,1,0.4835454,0,-1,0.3466572,0,-1,0.3466572,0,-1,0.3466572,0,-1,0.3466572,0,-1,0.3466572,0,-1,0.3466572,0,-1,0.3466572,0,-1,0.3466572,1,-1,0.3466572,1,-1,0.3466572,0,-1,0.3466572,0,-1,0.3466572,1,1,0.48454785,0,1,0.48454785,0,1,0.48454785,0,1,0.48454785,0,1,0.48454785,0,1,0.48454785,0,-1,0.3851483,1,-1,0.3851483,1,-1,0.38514832,1,1,0.4833999,0,1,0.4833999,0,1,0.4833999,0,1,0.4833999,0,-1,0.39468136,0,-1,0.39468136,0,-1,0.39468136,0,-1,0.38335946,0,-1,0.38335946,0,-1,0.38335946,0
      66,  39.73%,0.22637992831541218,-1,0.46986213,-1,-1,0.46986213,-1,-1,0.46986213,0,-1,0.4532898,0,-1,0.46986213,-1,-1,0.46986213,0,0,0.47970128,-1,0,0.47970128,-1,0,0.47970128,0,0,0.47970128,0,0,0.47970128,0,-1,0.46986213,0,-1,0.46986213,0,0,0.47970128,0,-1,0.4532898,0,0,0.47970128,0,-1,0.44407198,0,-1,0.44407198,0,-1,0.44800857,1,-1,0.44800857,0,0,0.4912531,0,0,0.4912531,0,-1,0.45751777,0,-1,0.45751777,0,-1,0.46478787,1,-1,0.46478787,1,-1,0.4380498,0,-1,0.4380498,0,-1,0.4532898,0,-1,0.4417748,0,-1,0.4417748,0,-1,0.4532898,0,0,0.5102058,0,0,0.5102058,0,0,0.5102058,0,-1,0.4532898,0,0,0.4964117,0,0,0.4964117,0,0,0.4964117,0,0,0.4964117,0,0,0.4964117,0,0,0.4964117,0,-1,0.4292797,0,-1,0.4292797,0,-1,0.4292797,0,-1,0.4292797,0,-1,0.4292797,0,-1,0.4292797,0,-1,0.4292797,0,-1,0.4292797,0,-1,0.4292797,0,-1,0.4292797,0,-1,0.4292797,0,-1,0.4292797,0,0,0.49422446,0,0,0.49422446,0,0,0.49422446,0,0,0.49422446,0,0,0.49422446,0,0,0.49422446,0,-1,0.45819288,0,-1,0.45819288,0,-1,0.45819288,0,0,0.5102058,0,0,0.5102058,0,0,0.5102058,0,0,0.5102058,0,-1,0.4676271,0,-1,0.4676271,0,-1,0.4676271,0,-1,0.45683074,0,-1,0.45683074,0,-1,0.45683074,0
      67,  38.36%,0.22518518518518518,-1,0.41983607,-1,-1,0.41983607,-1,-1,0.41983607,0,-1,0.4027761,0,-1,0.41983607,-1,-1,0.41983607,1,0,0.43849245,-1,0,0.43849245,-1,0,0.43849245,0,0,0.43849245,0,0,0.43849245,0,-1,0.41983607,0,-1,0.41983607,0,0,0.43849245,0,-1,0.4027761,0,0,0.43849245,0,-1,0.39342245,1,-1,0.39342245,1,-1,0.3938317,0,-1,0.3938317,0,0,0.45373556,0,0,0.45373556,0,-1,0.4098285,0,-1,0.4098285,0,-1,0.41390106,1,-1,0.41390106,1,-1,0.39148772,0,-1,0.39148772,0,-1,0.4027761,0,-1,0.39032876,0,-1,0.39032876,0,-1,0.4027761,0,0,0.46247655,0,0,0.46247655,1,0,0.46247655,0,-1,0.4027761,0,0,0.45160657,0,0,0.45160657,0,0,0.45160657,0,0,0.45160657,0,0,0.45160657,0,0,0.45160657,0,-1,0.386708,0,-1,0.386708,0,-1,0.386708,0,-1,0.386708,0,-1,0.386708,0,-1,0.386708,0,-1,0.386708,0,-1,0.386708,0,-1,0.386708,0,-1,0.386708,0,-1,0.386708,0,-1,0.386708,0,0,0.45590577,0,0,0.45590577,0,0,0.45590577,0,0,0.45590577,0,0,0.45590577,0,0,0.45590577,0,-1,0.4081446,0,-1,0.4081446,0,-1,0.4081446,0,0,0.46247652,0,0,0.46247655,0,0,0.46247655,0,0,0.46247655,0,-1,0.41607857,0,-1,0.41607857,0,-1,0.41607857,0,-1,0.40759182,0,-1,0.40759182,0,-1,0.40759182,0
      68, 100.00%,1.0,0,0.988097,0,0,0.988097,0,0,0.988097,0,0,0.9881924,0,0,0.988097,0,0,0.988097,0,0,0.987962,0,0,0.987962,0,0,0.987962,0,0,0.987962,0,0,0.987962,0,0,0.988097,0,0,0.988097,0,0,0.987962,0,0,0.9881924,0,0,0.987962,0,0,0.9884785,0,0,0.9884785,0,0,0.9864041,0,0,0.9864041,0,0,0.98824245,0,0,0.98824245,0,0,0.98874974,0,0,0.98874974,0,0,0.9898801,0,0,0.9898801,0,0,0.9866321,0,0,0.9866321,0,0,0.9881924,0,0,0.98898345,0,0,0.98898333,0,0,0.9881924,0,0,0.9888045,0,0,0.9888045,0,0,0.9888045,0,0,0.9881924,0,0,0.98859185,0,0,0.98859185,0,0,0.98859185,0,0,0.98859185,0,0,0.98859185,0,0,0.98859185,0,0,0.98718065,0,0,0.98718065,0,0,0.98718065,0,0,0.98718065,0,0,0.98718065,0,0,0.98718065,0,0,0.98718065,0,0,0.98718065,0,0,0.98718065,0,0,0.98718065,0,0,0.98718065,0,0,0.98718065,0,0,0.98846054,0,0,0.98846054,0,0,0.98846054,0,0,0.98846054,0,0,0.98846054,0,0,0.98846054,0,0,0.9884325,0,0,0.9884325,0,0,0.9884325,0,0,0.9888045,0,0,0.9888045,0,0,0.9888045,0,0,0.9888045,0,0,0.98850906,0,0,0.98850906,0,0,0.98850906,0,0,0.98910636,0,0,0.98910636,0,0,0.98910636,0
      69,  98.63%,0.496551724137931,0,0.9874391,0,0,0.9874391,0,0,0.9874391,0,0,0.9874004,0,0,0.9874391,0,0,0.9874391,0,0,0.98802876,0,0,0.98802876,0,0,0.98802876,0,0,0.98802876,0,0,0.98802876,0,0,0.9874391,0,0,0.9874391,0,0,0.98802876,0,0,0.9874004,0,0,0.98802876,0,0,0.9875881,0,0,0.9875881,0,0,0.98540306,0,0,0.98540306,0,0,0.9898105,0,0,0.9898105,0,0,0.98795444,0,0,0.98795444,0,0,0.9890486,0,0,0.9890486,0,0,0.985678,0,0,0.985678,0,0,0.9874004,0,0,0.98809445,0,0,0.98809445,0,0,0.9874004,0,0,0.9902138,0,0,0.9902138,0,0,0.9902138,0,0,0.9874004,0,0,0.9884235,0,0,0.9884235,0,0,0.9884235,0,0,0.9884235,0,0,0.9884235,0,0,0.9884235,0,0,0.9863297,0,0,0.9863297,0,0,0.9863297,0,0,0.9863297,0,0,0.9863297,0,0,0.9863297,0,0,0.9863297,0,0,0.9863297,0,0,0.9863297,0,0,0.9863297,0,0,0.9863297,0,0,0.9863297,1,0,0.9888767,0,0,0.9888767,0,0,0.9888767,0,0,0.9888767,0,0,0.9888767,0,0,0.9888767,0,0,0.9876827,0,0,0.9876827,0,0,0.9876827,0,0,0.9902138,0,0,0.9902138,0,0,0.9902138,0,0,0.9902138,0,0,0.9878889,0,0,0.9878889,0,0,0.9878889,0,0,0.98826754,0,0,0.98826754,0,0,0.98826754,0
      70,  97.26%,0.4930555555555556,0,0.99997205,0,0,0.99997205,0,0,0.99997205,0,0,0.9999728,0,0,0.99997205,0,0,0.99997205,1,0,0.9999924,0,0,0.9999924,0,0,0.9999924,0,0,0.9999924,0,0,0.9999924,1,0,0.99997205,0,0,0.99997205,0,0,0.9999924,0,0,0.9999728,0,0,0.9999924,0,0,0.9999744,0,0,0.9999744,0,0,0.9999685,0,0,0.9999685,0,0,0.99999297,0,0,0.99999297,0,0,0.9999737,0,0,0.9999737,0,0,0.99997634,0,0,0.99997634,0,0,0.9999711,0,0,0.9999711,0,0,0.9999728,0,0,0.99997544,0,0,0.99997544,0,0,0.9999728,0,0,0.9999944,0,0,0.9999944,0,0,0.9999944,0,0,0.9999728,0,0,0.99999285,0,0,0.99999285,0,0,0.99999285,0,0,0.99999285,0,0,0.99999285,0,0,0.99999285,0,0,0.99997306,0,0,0.99997306,0,0,0.99997306,0,0,0.99997306,0,0,0.99997306,0,0,0.99997306,0,0,0.99997306,0,0,0.99997306,0,0,0.99997306,0,0,0.99997306,0,0,0.99997306,0,0,0.99997306,0,0,0.99999356,0,0,0.99999356,0,0,0.99999356,0,0,0.99999356,0,0,0.99999356,0,0,0.99999356,0,0,0.9999718,0,0,0.9999718,0,0,0.9999718,0,0,0.9999944,0,0,0.9999944,0,0,0.9999944,0,0,0.9999944,0,0,0.9999721,0,0,0.9999721,0,0,0.9999721,0,0,0.9999742,0,0,0.9999742,0,0,0.9999742,0
      71,   0.00%,0.0,1,0.5361204,0,1,0.5361204,0,1,0.5361204,0,1,0.5433148,0,1,0.5361204,0,1,0.5361204,0,1,0.6219964,0,1,0.6219964,0,1,0.6219964,0,1,0.6219964,0,1,0.6219964,0,1,0.5361204,0,1,0.5361204,0,1,0.6219964,0,1,0.5433148,0,1,0.6219964,0,1,0.54539007,0,1,0.54539007,0,1,0.5434974,0,1,0.5434974,0,1,0.5614567,0,1,0.5614567,0,1,0.54200363,0,1,0.54200363,0,1,0.5427856,0,1,0.5427856,0,1,0.55071425,0,1,0.55071425,0,1,0.5433148,0,1,0.5478497,0,1,0.5478497,0,1,0.5433148,0,1,0.5632731,0,1,0.5632731,0,1,0.5632731,0,1,0.5433148,0,1,0.62969387,0,1,0.62969387,0,1,0.62969387,0,1,0.62969387,0,1,0.62969387,0,1,0.62969387,0,1,0.55207366,0,1,0.55207366,0,1,0.55207366,0,1,0.55207366,0,1,0.55207366,0,1,0.55207366,0,1,0.55207366,0,1,0.55207366,0,1,0.55207366,0,1,0.55207366,0,1,0.55207366,0,1,0.55207366,0,1,0.6083106,0,1,0.6083106,0,1,0.6083106,0,1,0.6083106,0,1,0.6083106,0,1,0.6083106,0,1,0.5419985,0,1,0.5419985,0,1,0.5419985,0,1,0.563273,0,1,0.563273,0,1,0.563273,0,1,0.563273,0,1,0.5370434,0,1,0.5370434,0,1,0.5370434,0,1,0.5422774,0,1,0.5422774,0,1,0.5422774,0
      72, 100.00%,1.0,0,0.9960099,0,0,0.9960099,0,0,0.9960099,0,0,0.9959508,0,0,0.9960099,0,0,0.9960099,0,0,0.99485713,0,0,0.99485713,0,0,0.99485713,0,0,0.99485713,0,0,0.99485713,0,0,0.9960099,0,0,0.9960099,0,0,0.99485713,0,0,0.9959508,0,0,0.99485713,0,0,0.9961181,0,0,0.9961181,0,0,0.99527323,0,0,0.99527323,0,0,0.9952738,0,0,0.9952738,0,0,0.9961632,0,0,0.9961632,0,0,0.9964937,0,0,0.9964937,0,0,0.99544233,0,0,0.99544233,0,0,0.9959508,0,0,0.9961955,0,0,0.9961955,0,0,0.9959508,0,0,0.9956594,0,0,0.9956594,0,0,0.9956594,0,0,0.9959508,0,0,0.99472106,0,0,0.99472106,0,0,0.99472106,0,0,0.99472106,0,0,0.99472106,0,0,0.99472106,0,0,0.9956276,0,0,0.9956276,0,0,0.9956276,0,0,0.9956276,0,0,0.9956276,0,0,0.9956276,0,0,0.9956276,0,0,0.9956276,0,0,0.9956276,0,0,0.9956276,0,0,0.9956276,0,0,0.9956276,0,0,0.9953113,0,0,0.9953113,0,0,0.9953113,0,0,0.9953113,0,0,0.9953113,0,0,0.9953113,0,0,0.9959377,0,0,0.9959377,0,0,0.9959377,0,0,0.9956594,0,0,0.9956594,0,0,0.9956594,0,0,0.9956594,0,0,0.99607575,0,0,0.99607575,0,0,0.99607575,0,0,0.99627584,0,0,0.99627584,0,0,0.99627584,0
      73,  38.36%,0.18855218855218855,-1,0.43134427,0,-1,0.43134427,0,-1,0.43134427,0,-1,0.42250702,0,-1,0.43134427,0,-1,0.43134427,0,0,0.48833692,0,0,0.48833692,0,0,0.48833692,0,0,0.48833692,0,0,0.48833692,0,-1,0.43134427,0,-1,0.43134427,0,0,0.48833692,0,-1,0.42250702,0,0,0.48833692,0,-1,0.41553095,0,-1,0.41553095,0,-1,0.41616464,1,-1,0.41616464,0,0,0.5095754,0,0,0.5095754,0,-1,0.4287532,0,-1,0.4287532,0,-1,0.43652374,0,-1,0.43652374,0,-1,0.4049548,0,-1,0.4049548,0,-1,0.42250702,0,-1,0.41906726,0,-1,0.4190673,0,-1,0.42250702,0,0,0.53205276,0,0,0.53205276,0,0,0.53205276,0,-1,0.42250702,0,0,0.4872771,0,0,0.4872771,0,0,0.4872771,0,0,0.4872771,0,0,0.4872771,0,0,0.4872771,0,-1,0.40516922,0,-1,0.40516922,0,-1,0.40516922,0,-1,0.40516922,0,-1,0.40516922,0,-1,0.40516922,0,-1,0.40516922,0,-1,0.40516922,0,-1,0.40516922,0,-1,0.40516922,0,-1,0.40516922,0,-1,0.40516922,0,0,0.50066614,0,0,0.50066614,0,0,0.50066614,0,0,0.50066614,0,0,0.50066614,0,0,0.50066614,0,-1,0.43103352,0,-1,0.43103352,0,-1,0.43103352,0,0,0.53205276,0,0,0.5320528,0,0,0.5320528,0,0,0.5320528,0,-1,0.43331882,0,-1,0.43331882,0,-1,0.43331882,0,-1,0.42958382,0,-1,0.42958382,1,-1,0.42958382,0
      74,  49.32%,0.3333333333333333,-1,0.43145669,0,-1,0.43145669,0,-1,0.43145669,1,-1,0.42644942,0,-1,0.43145669,0,-1,0.43145669,0,0,0.431586,0,0,0.431586,0,0,0.431586,0,0,0.431586,0,0,0.431586,0,-1,0.43145669,0,-1,0.43145669,0,0,0.431586,0,-1,0.42644942,0,0,0.431586,0,-1,0.42511317,0,-1,0.42511317,0,-1,0.42239687,1,-1,0.42239687,0,0,0.44844812,0,0,0.44844812,0,-1,0.42911994,0,-1,0.42911994,0,-1,0.4333926,0,-1,0.4333926,0,-1,0.42310375,0,-1,0.42310375,0,-1,0.42644942,0,-1,0.42337248,0,-1,0.42337248,0,-1,0.42644942,0,0,0.4507341,0,0,0.4507341,1,0,0.4507341,0,-1,0.42644942,0,0,0.44253087,-1,0,0.44253087,-1,0,0.44253087,-1,0,0.44253087,-1,0,0.44253087,-1,0,0.44253087,-1,-1,0.41935238,-1,-1,0.41935238,-1,-1,0.41935238,-1,-1,0.41935238,-1,-1,0.41935238,-1,-1,0.41935238,-1,-1,0.41935238,-1,-1,0.41935238,-1,-1,0.41935238,-1,-1,0.41935238,-1,-1,0.41935238,-1,-1,0.41935238,-1,0,0.4364047,0,0,0.4364047,0,0,0.4364047,0,0,0.4364047,0,0,0.4364047,0,0,0.4364047,0,-1,0.42977068,-1,-1,0.42977068,-1,-1,0.42977065,-1,0,0.4507341,0,0,0.45073405,0,0,0.45073405,0,0,0.45073405,0,-1,0.43153346,0,-1,0.43153346,0,-1,0.43153346,0,-1,0.43038136,0,-1,0.43038136,0,-1,0.43038136,0
      75,  38.36%,0.25833333333333336,-1,0.42678306,-1,-1,0.42678306,-1,-1,0.42678306,-1,-1,0.41644898,0,-1,0.42678306,-1,-1,0.42678306,0,0,0.57135415,-1,0,0.57135415,-1,0,0.57135415,0,0,0.57135415,0,0,0.57135415,0,-1,0.42678306,-1,-1,0.42678306,-1,0,0.57135415,-1,-1,0.41644898,0,0,0.57135415,-1,-1,0.40657017,0,-1,0.40657017,1,-1,0.41248068,1,-1,0.41248068,1,0,0.57476556,1,0,0.57476556,1,-1,0.4193004,1,-1,0.4193004,1,-1,0.43027082,1,-1,0.43027082,1,-1,0.3887981,0,-1,0.3887981,0,-1,0.41644898,0,-1,0.415745,0,-1,0.41574505,0,-1,0.41644898,0,0,0.5926425,0,0,0.5926425,0,0,0.5926425,0,-1,0.41644898,0,0,0.5854268,0,0,0.5854268,0,0,0.5854268,0,0,0.5854268,0,0,0.5854268,0,0,0.5854268,0,-1,0.39282933,0,-1,0.39282933,0,-1,0.39282933,0,-1,0.39282933,0,-1,0.39282933,-1,-1,0.39282933,0,-1,0.39282933,0,-1,0.39282933,0,-1,0.39282933,0,-1,0.39282933,0,-1,0.39282933,0,-1,0.39282933,0,0,0.579471,0,0,0.579471,0,0,0.579471,0,0,0.579471,0,0,0.579471,0,0,0.579471,0,-1,0.42576882,0,-1,0.42576882,0,-1,0.42576882,0,0,0.59264255,0,0,0.5926425,1,0,0.5926425,0,0,0.5926425,0,-1,0.42770225,0,-1,0.42770225,0,-1,0.42770225,0,-1,0.41948304,0,-1,0.41948304,0,-1,0.41948304,0
      76,   5.48%,0.05194805194805195,-1,0.50311345,-1,-1,0.50311345,-1,-1,0.50311345,-1,-1,0.49634722,0,-1,0.50311345,0,-1,0.50311345,0,-1,0.4734984,0,-1,0.4734984,-1,-1,0.4734984,0,-1,0.4734984,0,-1,0.4734984,0,-1,0.50311345,0,-1,0.50311345,0,-1,0.4734984,0,-1,0.49634722,0,-1,0.4734984,0,-1,0.49572486,0,-1,0.49572486,0,-1,0.49524412,0,-1,0.49524412,0,-1,0.4740053,0,-1,0.4740053,0,-1,0.49986824,0,-1,0.49986824,0,-1,0.49258628,0,-1,0.49258628,0,-1,0.50127923,0,-1,0.50127923,0,-1,0.49634722,0,-1,0.48720565,0,-1,0.48720568,0,-1,0.49634722,0,-1,0.46105042,0,-1,0.46105042,0,-1,0.46105042,0,-1,0.49634722,0,-1,0.45667082,0,-1,0.45667082,0,-1,0.45667082,0,-1,0.45667082,0,-1,0.45667082,0,-1,0.45667082,0,-1,0.4929665,0,-1,0.4929665,0,-1,0.4929665,0,-1,0.4929665,0,-1,0.4929665,0,-1,0.4929665,0,-1,0.4929665,0,-1,0.4929665,0,-1,0.4929665,0,-1,0.4929665,0,-1,0.4929665,0,-1,0.4929665,0,-1,0.4597272,0,-1,0.4597272,0,-1,0.4597272,0,-1,0.4597272,0,-1,0.4597272,0,-1,0.4597272,0,-1,0.49568585,0,-1,0.49568585,0,-1,0.49568585,0,-1,0.46105036,0,-1,0.46105036,0,-1,0.46105036,0,-1,0.46105036,0,-1,0.49964646,0,-1,0.49964646,0,-1,0.49964646,0,-1,0.49742946,0,-1,0.49742946,0,-1,0.49742946,0
      77, 100.00%,1.0,0,0.6018252,0,0,0.6018252,0,0,0.6018252,0,0,0.59653425,0,0,0.6018252,0,0,0.6018252,0,0,0.64209765,0,0,0.64209765,0,0,0.64209765,0,0,0.64209765,0,0,0.64209765,0,0,0.6018252,0,0,0.6018252,0,0,0.64209765,0,0,0.59653425,0,0,0.64209765,0,0,0.59627694,0,0,0.59627694,0,0,0.58655065,0,0,0.58655065,0,0,0.703435,0,0,0.703435,0,0,0.59794354,0,0,0.59794354,0,0,0.6095189,0,0,0.6095189,0,0,0.5814534,0,0,0.5814534,0,0,0.59653425,0,0,0.6024736,0,0,0.6024736,0,0,0.59653425,0,0,0.7089498,0,0,0.7089498,0,0,0.7089498,0,0,0.59653425,0,0,0.6373593,0,0,0.6373593,0,0,0.6373593,0,0,0.6373593,0,0,0.6373593,0,0,0.6373593,0,0,0.5927044,0,0,0.5927044,0,0,0.5927044,0,0,0.5927044,0,0,0.5927044,0,0,0.5927044,0,0,0.5927044,0,0,0.5927044,0,0,0.5927044,0,0,0.5927044,0,0,0.5927044,0,0,0.5927044,0,0,0.66654116,0,0,0.66654116,0,0,0.66654116,0,0,0.66654116,0,0,0.66654116,0,0,0.66654116,0,0,0.5921644,0,0,0.5921644,0,0,0.59216446,0,0,0.7089499,0,0,0.7089498,0,0,0.7089498,0,0,0.7089498,0,0,0.5975316,0,0,0.5975316,0,0,0.5975316,0,0,0.5972002,0,0,0.5972002,0,0,0.5972002,0
      78,   6.85%,0.0641025641025641,1,0.480451,0,1,0.480451,0,1,0.480451,1,1,0.49253866,0,1,0.480451,0,1,0.480451,1,1,0.5749771,0,1,0.5749771,0,1,0.5749771,0,1,0.5749771,0,1,0.5749771,1,1,0.480451,0,1,0.480451,1,1,0.5749771,1,1,0.49253866,0,1,0.5749771,0,1,0.4940956,0,1,0.4940956,0,1,0.49643293,0,1,0.49643293,0,1,0.5879042,0,1,0.5879042,0,1,0.49168986,0,1,0.49168986,0,1,0.4909865,0,1,0.4909865,0,1,0.49334422,0,1,0.49334422,0,1,0.49253866,0,1,0.5035092,0,1,0.5035092,0,1,0.4925387,0,1,0.5927654,0,1,0.5927654,0,1,0.5927654,0,1,0.49253866,0,1,0.56921,0,1,0.56921,0,1,0.56921,0,1,0.56921,0,1,0.56921,0,1,0.56921,0,1,0.4960416,0,1,0.4960416,0,1,0.4960416,0,1,0.4960416,0,1,0.4960416,0,1,0.4960416,0,1,0.4960416,0,1,0.4960416,0,1,0.4960416,0,1,0.4960416,0,1,0.4960416,0,1,0.4960416,0,1,0.5730257,0,1,0.5730257,0,1,0.5730257,0,1,0.5730257,0,1,0.5730257,0,1,0.5730257,0,1,0.49622056,0,1,0.49622056,0,1,0.49622056,0,1,0.59276533,0,1,0.59276533,0,1,0.59276533,0,1,0.59276533,0,1,0.48193687,0,1,0.48193687,0,1,0.48193687,0,1,0.49278763,0,1,0.49278763,0,1,0.49278763,0
      79,   1.37%,0.009009009009009009,1,0.43757114,0,1,0.43757114,0,1,0.43757114,0,1,0.443762,0,1,0.43757114,0,1,0.43757114,0,1,0.4480367,0,1,0.4480367,0,1,0.4480367,0,1,0.4480367,0,1,0.4480367,1,1,0.43757114,0,1,0.43757114,0,1,0.4480367,0,1,0.443762,0,1,0.4480367,0,1,0.44711336,0,1,0.44711336,0,1,0.44625592,0,1,0.44625592,0,1,0.42610464,0,1,0.42610464,0,1,0.4408233,0,1,0.4408233,0,1,0.43790138,0,1,0.43790138,0,1,0.44373134,0,1,0.44373134,0,1,0.443762,0,1,0.4495306,0,1,0.4495306,0,1,0.443762,0,1,0.42596534,0,1,0.42596534,0,1,0.42596534,0,1,0.443762,0,1,0.43353397,-1,1,0.43353397,-1,1,0.43353397,-1,1,0.43353397,-1,1,0.43353397,-1,1,0.43353397,-1,1,0.44606748,-1,1,0.44606748,-1,1,0.44606748,-1,1,0.44606748,-1,1,0.44606748,-1,1,0.44606748,-1,1,0.44606748,-1,1,0.44606748,-1,1,0.44606748,-1,1,0.44606748,-1,1,0.44606748,-1,1,0.44606748,-1,1,0.43499956,-1,1,0.43499956,-1,1,0.43499956,-1,1,0.43499956,-1,1,0.43499956,-1,1,0.43499956,-1,1,0.44205996,-1,1,0.44205996,-1,1,0.44205996,-1,1,0.42596534,0,1,0.42596534,0,1,0.42596534,0,1,0.42596534,0,1,0.4383838,0,1,0.4383838,0,1,0.4383838,0,1,0.4421066,0,1,0.4421066,0,1,0.4421066,0
      80,  38.36%,0.18481848184818483,-1,0.3987909,0,-1,0.3987909,0,-1,0.3987909,-1,-1,0.3895201,0,-1,0.3987909,0,-1,0.3987909,0,-1,0.37091255,0,-1,0.37091255,0,-1,0.37091255,0,-1,0.37091255,0,-1,0.37091255,0,-1,0.3987909,0,-1,0.3987909,0,-1,0.37091255,0,-1,0.3895201,0,-1,0.37091255,0,-1,0.38595638,0,-1,0.38595638,0,-1,0.38169375,1,-1,0.38169375,1,-1,0.386804,0,-1,0.386804,0,-1,0.39828,0,-1,0.39828,0,-1,0.3977666,0,-1,0.3977666,0,-1,0.3906557,0,-1,0.3906557,0,-1,0.3895201,0,-1,0.380058,0,-1,0.38005802,0,-1,0.38952002,0,-1,0.38214964,0,-1,0.38214964,1,-1,0.38214964,0,-1,0.3895201,0,-1,0.37249434,-1,-1,0.37249434,-1,-1,0.37249434,-1,-1,0.37249434,-1,-1,0.37249434,-1,-1,0.37249434,-1,-1,0.38340634,-1,-1,0.38340634,-1,-1,0.38340634,-1,-1,0.38340634,-1,-1,0.38340634,-1,-1,0.38340634,-1,-1,0.38340634,-1,-1,0.38340634,-1,-1,0.38340634,-1,-1,0.38340634,-1,-1,0.38340634,-1,-1,0.38340634,-1,-1,0.37337986,-1,-1,0.37337986,-1,-1,0.37337986,-1,-1,0.37337986,-1,-1,0.37337986,-1,-1,0.37337986,-1,-1,0.3941227,-1,-1,0.3941227,-1,-1,0.3941227,-1,-1,0.38214964,0,-1,0.38214964,0,-1,0.38214964,0,-1,0.38214964,0,-1,0.3974544,0,-1,0.3974544,0,-1,0.3974544,0,-1,0.39739084,0,-1,0.39739084,0,-1,0.39739084,0
      81,  34.25%,0.2744883040935672,-1,0.41328645,0,-1,0.41328645,0,-1,0.41328645,1,-1,0.4095606,0,-1,0.41328645,1,-1,0.41328645,1,0,0.4090583,0,0,0.4090583,0,0,0.4090583,1,0,0.4090583,0,0,0.4090583,1,-1,0.41328645,1,-1,0.41328645,1,0,0.4090583,1,-1,0.4095606,0,0,0.4090583,1,-1,0.41187656,0,-1,0.41187656,0,-1,0.40612343,1,-1,0.40612343,1,0,0.42319128,0,0,0.42319128,0,-1,0.413292,0,-1,0.413292,0,-1,0.40683496,1,-1,0.40683496,1,-1,0.41329154,0,-1,0.41329154,-1,-1,0.4095606,0,-1,0.40215465,0,-1,0.40215465,0,-1,0.40956062,0,0,0.4248628,0,0,0.4248628,1,0,0.4248628,1,-1,0.4095606,0,0,0.41755587,0,0,0.41755587,0,0,0.41755587,1,0,0.41755587,0,0,0.41755587,0,0,0.41755587,0,-1,0.40122804,-1,-1,0.40122804,-1,-1,0.40122804,-1,-1,0.40122804,-1,-1,0.40122804,-1,-1,0.40122804,-1,-1,0.40122804,0,-1,0.40122804,-1,-1,0.40122804,0,-1,0.40122804,-1,-1,0.40122804,-1,-1,0.40122804,-1,0,0.4226339,1,0,0.4226339,1,0,0.4226339,1,0,0.4226339,1,0,0.4226339,1,0,0.4226339,1,-1,0.41020712,1,-1,0.41020712,1,-1,0.41020712,1,0,0.42486286,0,0,0.4248628,-1,0,0.4248628,0,0,0.4248628,0,-1,0.41486743,0,-1,0.41486743,0,-1,0.41486743,0,-1,0.41311693,0,-1,0.41311693,0,-1,0.41311693,0
      82, 100.00%,1.0,0,0.9961752,0,0,0.9961752,0,0,0.9961752,0,0,0.99614143,0,0,0.9961752,0,0,0.9961752,0,0,0.99432254,0,0,0.99432254,0,0,0.99432254,0,0,0.99432254,0,0,0.99432254,0,0,0.9961752,0,0,0.9961752,0,0,0.99432254,0,0,0.99614143,0,0,0.99432254,0,0,0.99631953,0,0,0.99631953,0,0,0.9954568,0,0,0.9954568,0,0,0.99489903,0,0,0.99489903,0,0,0.9963831,0,0,0.9963831,0,0,0.99666435,0,0,0.99666435,0,0,0.9956912,0,0,0.9956912,0,0,0.99614143,0,0,0.9963816,0,0,0.9963816,0,0,0.99614143,0,0,0.9952754,0,0,0.9952754,0,0,0.9952754,0,0,0.99614143,0,0,0.9939976,0,0,0.9939976,0,0,0.9939976,0,0,0.9939976,0,0,0.9939976,0,0,0.9939976,0,0,0.99583966,0,0,0.99583966,0,0,0.99583966,0,0,0.99583966,0,0,0.99583966,0,0,0.99583966,0,0,0.99583966,0,0,0.99583966,0,0,0.99583966,0,0,0.99583966,0,0,0.99583966,0,0,0.99583966,0,0,0.9947791,0,0,0.9947791,0,0,0.9947791,0,0,0.9947791,0,0,0.9947791,0,0,0.9947791,0,0,0.9961367,0,0,0.9961367,0,0,0.9961367,0,0,0.9952754,0,0,0.9952754,0,0,0.9952754,0,0,0.9952754,0,0,0.99624187,0,0,0.99624187,0,0,0.99624187,0,0,0.99648845,0,0,0.99648845,0,0,0.99648845,0
      83,  97.26%,0.4930555555555556,0,0.99998146,0,0,0.99998146,0,0,0.99998146,0,0,0.99998206,0,0,0.99998146,0,0,0.99998146,1,0,0.9999949,0,0,0.9999949,0,0,0.9999949,0,0,0.9999949,0,0,0.9999949,1,0,0.99998146,0,0,0.99998146,0,0,0.9999949,0,0,0.99998206,0,0,0.9999949,0,0,0.99998283,0,0,0.99998283,0,0,0.9999792,0,0,0.9999792,0,0,0.99999505,0,0,0.99999505,0,0,0.9999824,0,0,0.9999824,0,0,0.99998397,0,0,0.99998397,0,0,0.9999806,0,0,0.9999806,0,0,0.99998206,0,0,0.9999837,0,0,0.9999837,0,0,0.99998206,0,0,0.99999607,0,0,0.99999607,0,0,0.99999607,0,0,0.99998206,0,0,0.9999952,0,0,0.9999952,0,0,0.9999952,0,0,0.9999952,0,0,0.9999952,0,0,0.9999952,0,0,0.9999822,0,0,0.9999822,0,0,0.9999822,0,0,0.9999822,0,0,0.9999822,0,0,0.9999822,0,0,0.9999822,0,0,0.9999822,0,0,0.9999822,0,0,0.9999822,0,0,0.9999822,0,0,0.9999822,0,0,0.9999956,0,0,0.9999956,0,0,0.9999956,0,0,0.9999956,0,0,0.9999956,0,0,0.9999956,0,0,0.99998116,0,0,0.99998116,0,0,0.99998116,0,0,0.99999607,0,0,0.99999607,0,0,0.99999607,0,0,0.99999607,0,0,0.9999814,0,0,0.9999814,0,0,0.9999814,0,0,0.9999827,0,0,0.9999827,0,0,0.9999827,0
      84, 100.00%,1.0,0,0.999983,0,0,0.999983,0,0,0.999983,0,0,0.9999835,0,0,0.999983,0,0,0.999983,0,0,0.9999953,0,0,0.9999953,0,0,0.9999953,0,0,0.9999953,0,0,0.9999953,0,0,0.999983,0,0,0.999983,0,0,0.9999953,0,0,0.9999835,0,0,0.9999953,0,0,0.99998426,0,0,0.99998426,0,0,0.9999809,0,0,0.9999809,0,0,0.99999547,0,0,0.99999547,0,0,0.9999838,0,0,0.9999838,0,0,0.9999853,0,0,0.9999853,0,0,0.99998224,0,0,0.99998224,0,0,0.9999835,0,0,0.99998504,0,0,0.99998504,0,0,0.9999835,0,0,0.9999965,0,0,0.9999965,0,0,0.9999965,0,0,0.9999835,0,0,0.99999565,0,0,0.99999565,0,0,0.99999565,0,0,0.99999565,0,0,0.99999565,0,0,0.99999565,0,0,0.9999836,0,0,0.9999836,0,0,0.9999836,0,0,0.9999836,0,0,0.9999836,0,0,0.9999836,0,0,0.9999836,0,0,0.9999836,0,0,0.9999836,0,0,0.9999836,0,0,0.9999836,0,0,0.9999836,0,0,0.99999607,0,0,0.99999607,0,0,0.99999607,0,0,0.99999607,0,0,0.99999607,0,0,0.99999607,0,0,0.9999827,0,0,0.9999827,0,0,0.9999827,0,0,0.9999965,0,0,0.9999965,0,0,0.9999965,0,0,0.9999965,0,0,0.999983,0,0,0.999983,0,0,0.999983,0,0,0.99998415,0,0,0.99998415,0,0,0.99998415,0
      85, 100.00%,1.0,0,0.99743974,0,0,0.99743974,0,0,0.99743974,0,0,0.9976744,0,0,0.99743974,0,0,0.99743974,0,0,0.99957466,0,0,0.99957466,0,0,0.99957466,0,0,0.99957466,0,0,0.99957466,0,0,0.99743974,0,0,0.99743974,0,0,0.99957466,0,0,0.9976744,0,0,0.99957466,0,0,0.99780744,0,0,0.99780744,0,0,0.99759686,0,0,0.99759686,0,0,0.9995755,0,0,0.9995755,0,0,0.9976762,0,0,0.9976762,0,0,0.9977042,0,0,0.9977042,0,0,0.9978491,0,0,0.9978491,0,0,0.9976744,0,0,0.9978286,0,0,0.9978286,0,0,0.9976744,0,0,0.9996621,0,0,0.9996621,0,0,0.9996621,0,0,0.9976744,0,0,0.9995822,0,0,0.9995822,0,0,0.9995822,0,0,0.9995822,0,0,0.9995822,0,0,0.9995822,0,0,0.9979044,0,0,0.9979044,0,0,0.9979044,0,0,0.9979044,0,0,0.9979044,0,0,0.9979044,0,0,0.9979044,0,0,0.9979044,0,0,0.9979044,0,0,0.9979044,0,0,0.9979044,0,0,0.9979044,0,0,0.9996065,0,0,0.9996065,0,0,0.9996065,0,0,0.9996065,0,0,0.9996065,0,0,0.9996065,0,0,0.9976475,0,0,0.9976475,0,0,0.9976475,0,0,0.9996621,0,0,0.9996621,0,0,0.9996621,0,0,0.9996621,0,0,0.9975458,0,0,0.9975458,0,0,0.9975458,0,0,0.99774146,0,0,0.99774146,0,0,0.99774146,0
      86, 100.00%,1.0,0,0.9981533,0,0,0.9981533,0,0,0.9981533,0,0,0.99831986,0,0,0.9981533,0,0,0.9981533,0,0,0.9997139,0,0,0.9997139,0,0,0.9997139,0,0,0.9997139,0,0,0.9997139,0,0,0.9981533,0,0,0.9981533,0,0,0.9997139,0,0,0.99831986,0,0,0.9997139,0,0,0.9984339,0,0,0.9984339,0,0,0.99826694,0,0,0.99826694,0,0,0.99969506,0,0,0.99969506,0,0,0.99830234,0,0,0.99830234,0,0,0.9982772,0,0,0.9982772,0,0,0.99842286,0,0,0.99842286,0,0,0.99831986,0,0,0.9984392,0,0,0.9984392,0,0,0.99831986,0,0,0.99976563,0,0,0.99976563,0,0,0.99976563,0,0,0.99831986,0,0,0.999718,0,0,0.999718,0,0,0.999718,0,0,0.999718,0,0,0.999718,0,0,0.999718,0,0,0.9984735,0,0,0.9984735,0,0,0.9984735,0,0,0.9984735,0,0,0.9984735,0,0,0.9984735,0,0,0.9984735,0,0,0.9984735,0,0,0.9984735,0,0,0.9984735,0,0,0.9984735,0,0,0.9984735,0,0,0.99974006,0,0,0.99974006,0,0,0.99974006,0,0,0.99974006,0,0,0.99974006,0,0,0.99974006,0,0,0.9982762,0,0,0.9982762,0,0,0.9982762,0,0,0.99976563,0,0,0.99976563,0,0,0.99976563,0,0,0.99976563,0,0,0.9982198,0,0,0.9982198,0,0,0.9982198,0,0,0.99835086,0,0,0.99835086,0,0,0.99835086,0
      87, 100.00%,1.0,0,0.99998087,0,0,0.99998087,0,0,0.99998087,0,0,0.99998146,0,0,0.99998087,0,0,0.99998087,0,0,0.9999949,0,0,0.9999949,0,0,0.9999949,0,0,0.9999949,0,0,0.9999949,0,0,0.99998087,0,0,0.99998087,0,0,0.9999949,0,0,0.99998146,0,0,0.9999949,0,0,0.9999824,0,0,0.9999824,0,0,0.9999785,0,0,0.9999785,0,0,0.99999505,0,0,0.99999505,0,0,0.9999818,0,0,0.9999818,0,0,0.9999835,0,0,0.9999835,0,0,0.99998,0,0,0.99998,0,0,0.99998146,0,0,0.99998313,0,0,0.99998313,0,0,0.99998146,0,0,0.9999961,0,0,0.9999961,0,0,0.9999961,0,0,0.99998146,0,0,0.99999523,0,0,0.99999523,0,0,0.99999523,0,0,0.99999523,0,0,0.99999523,0,0,0.99999523,0,0,0.99998146,0,0,0.99998146,0,0,0.99998146,0,0,0.99998146,0,0,0.99998146,0,0,0.99998146,0,0,0.99998146,0,0,0.99998146,0,0,0.99998146,0,0,0.99998146,0,0,0.99998146,0,0,0.99998146,0,0,0.99999565,0,0,0.99999565,0,0,0.99999565,0,0,0.99999565,0,0,0.99999565,0,0,0.99999565,0,0,0.9999805,0,0,0.9999805,0,0,0.9999805,0,0,0.9999961,0,0,0.9999961,0,0,0.9999961,0,0,0.9999961,0,0,0.99998087,0,0,0.99998087,0,0,0.99998087,0,0,0.9999822,0,0,0.9999822,0,0,0.9999822,0
      88,  94.52%,0.4859154929577465,0,0.40391442,0,0,0.40391442,0,0,0.40391442,1,0,0.40410057,0,0,0.40391442,0,0,0.40391442,1,0,0.48522133,0,0,0.48522133,0,0,0.48522133,1,0,0.48522133,0,0,0.48522133,1,0,0.40391442,0,0,0.40391442,0,0,0.48522133,0,0,0.40410057,0,0,0.48522133,0,0,0.40434018,0,0,0.40434018,0,0,0.39599526,0,0,0.39599526,0,0,0.49963045,0,0,0.49963045,0,0,0.40508276,0,0,0.40508276,0,0,0.41190922,0,0,0.41190922,0,0,0.40012008,0,0,0.40012008,0,0,0.40410057,0,0,0.40767208,0,0,0.40767208,0,0,0.40410057,0,0,0.511005,0,0,0.511005,0,0,0.511005,0,0,0.40410057,0,0,0.4844132,0,0,0.4844132,0,0,0.4844132,0,0,0.4844132,0,0,0.4844132,0,0,0.4844132,0,0,0.4041372,0,0,0.4041372,0,0,0.4041372,0,0,0.4041372,0,0,0.4041372,0,0,0.4041372,0,0,0.4041372,0,0,0.4041372,0,0,0.4041372,0,0,0.4041372,0,0,0.4041372,0,0,0.4041372,0,0,0.49424505,0,0,0.49424505,0,0,0.49424505,0,0,0.49424505,0,0,0.49424505,0,0,0.49424505,0,0,0.40356058,0,0,0.40356058,0,0,0.40356058,0,0,0.511005,0,0,0.511005,0,0,0.511005,0,0,0.511005,0,0,0.4041095,0,0,0.4041095,0,0,0.4041095,0,0,0.40497538,0,0,0.40497538,0,0,0.40497538,0
      89,   0.00%,0.0,1,0.57621133,0,1,0.57621133,0,1,0.57621133,0,1,0.57598,0,1,0.57621133,0,1,0.57621133,0,1,0.6075762,0,1,0.6075762,0,1,0.6075762,0,1,0.6075762,0,1,0.6075762,0,1,0.57621133,0,1,0.57621133,0,1,0.6075762,0,1,0.57598,0,1,0.6075762,0,1,0.57584566,0,1,0.57584566,0,1,0.57329607,0,1,0.57329607,0,1,0.5722037,0,1,0.5722037,0,1,0.5785431,0,1,0.5785431,0,1,0.5850641,0,1,0.5850641,0,1,0.57010156,0,1,0.57010156,0,1,0.57598,0,1,0.5782749,0,1,0.5782749,0,1,0.57598007,0,1,0.5582039,0,1,0.5582039,0,1,0.5582039,0,1,0.57598,0,1,0.6300831,0,1,0.6300831,0,1,0.6300831,0,1,0.6300831,0,1,0.6300831,0,1,0.6300831,0,1,0.5731977,0,1,0.5731977,0,1,0.5731977,0,1,0.5731977,0,1,0.5731977,0,1,0.5731977,0,1,0.5731977,0,1,0.5731977,0,1,0.5731977,0,1,0.5731977,0,1,0.5731977,0,1,0.5731977,0,1,0.60171324,0,1,0.60171324,0,1,0.60171324,0,1,0.60171324,0,1,0.60171324,0,1,0.60171324,0,1,0.5785876,0,1,0.5785876,0,1,0.57858753,0,1,0.5582038,0,1,0.5582039,0,1,0.5582039,0,1,0.5582039,0,1,0.5782315,0,1,0.5782315,0,1,0.5782315,0,1,0.5798473,0,1,0.5798473,0,1,0.5798473,0
      90,   6.85%,0.06410256410256411,-1,0.45552644,-1,-1,0.45552644,-1,-1,0.45552644,-1,-1,0.44398475,0,-1,0.45552644,-1,-1,0.45552644,0,1,0.41744202,-1,1,0.41744202,0,1,0.41744202,0,1,0.41744202,0,1,0.41744202,0,-1,0.45552644,0,-1,0.45552644,0,1,0.41744202,0,-1,0.44398475,0,1,0.41744202,0,-1,0.4425161,0,-1,0.4425161,0,-1,0.4379163,-1,-1,0.4379163,0,1,0.4035764,0,1,0.4035764,-1,-1,0.44921514,0,-1,0.44921514,0,-1,0.4445809,0,-1,0.4445809,0,-1,0.44388327,0,-1,0.44388327,0,-1,0.44398475,0,-1,0.43263856,0,-1,0.43263862,0,-1,0.44398472,0,1,0.41079777,0,1,0.41079777,0,1,0.41079777,0,-1,0.44398475,0,1,0.4292357,0,1,0.4292357,0,1,0.4292357,0,1,0.4292357,0,1,0.4292357,0,1,0.4292357,0,-1,0.43379438,0,-1,0.43379438,0,-1,0.43379438,0,-1,0.43379438,0,-1,0.43379438,0,-1,0.43379438,0,-1,0.43379438,0,-1,0.43379438,0,-1,0.43379438,0,-1,0.43379438,0,-1,0.43379438,0,-1,0.43379438,0,1,0.41496316,0,1,0.41496316,0,1,0.41496316,0,1,0.41496316,0,1,0.41496316,0,1,0.41496316,0,-1,0.44331574,0,-1,0.44331574,0,-1,0.44331568,0,1,0.41079777,0,1,0.41079783,0,1,0.41079783,0,1,0.41079783,0,-1,0.45229575,0,-1,0.45229575,0,-1,0.45229575,0,-1,0.4476639,0,-1,0.4476639,0,-1,0.4476639,0
      91,  38.36%,0.27722772277227725,1,0.41787654,0,1,0.41787654,0,1,0.41787654,0,1,0.4251344,0,1,0.41787654,0,1,0.41787654,0,0,0.5371315,0,0,0.5371315,0,0,0.5371315,0,0,0.5371315,0,0,0.5371315,0,1,0.41787654,0,1,0.41787654,0,0,0.5371315,0,1,0.4251344,0,0,0.5371315,0,1,0.4262684,0,1,0.4262684,0,1,0.43309045,0,1,0.43309045,0,0,0.52280086,0,0,0.52280086,0,1,0.42226043,0,1,0.42226043,0,1,0.42169756,0,1,0.42169756,0,1,0.41571173,0,1,0.41571173,0,1,0.4251344,0,1,0.4329298,0,1,0.4329298,0,1,0.42513442,0,0,0.55986583,0,0,0.55986583,0,0,0.55986583,0,1,0.4251344,0,0,0.54881907,0,0,0.54881907,0,0,0.54881907,0,0,0.54881907,0,0,0.54881907,0,0,0.54881907,0,1,0.4186555,0,1,0.4186555,0,1,0.4186555,0,1,0.4186555,0,1,0.4186555,0,1,0.4186555,0,1,0.4186555,0,1,0.4186555,0,1,0.4186555,0,1,0.4186555,0,1,0.4186555,0,1,0.4186555,0,0,0.54950744,0,0,0.54950744,0,0,0.54950744,0,0,0.54950744,0,0,0.54950744,0,0,0.54950744,0,1,0.42618123,0,1,0.42618123,0,1,0.42618126,0,0,0.55986583,0,0,0.5598659,0,0,0.5598659,0,0,0.5598659,0,1,0.421699,0,1,0.421699,0,1,0.421699,0,1,0.42238897,0,1,0.42238897,0,1,0.42238897,0
      92,  72.60%,0.532051282051282,0,0.4835572,0,0,0.4835572,0,0,0.4835572,0,0,0.4844804,0,0,0.4835572,0,0,0.4835572,1,1,0.4764385,1,1,0.4764385,1,1,0.4764385,0,1,0.4764385,0,1,0.4764385,1,0,0.4835572,0,0,0.4835572,0,1,0.4764385,0,0,0.4844804,0,1,0.4764385,0,0,0.48746613,0,0,0.48746613,0,0,0.47962764,0,0,0.47962764,0,1,0.484378,0,1,0.484378,0,0,0.48373863,0,0,0.48373863,0,0,0.48222545,0,0,0.48222545,0,0,0.48363143,0,0,0.48363143,0,0,0.4844804,0,0,0.48634937,0,0,0.48634937,0,0,0.4844804,0,1,0.4797234,0,1,0.4797234,0,1,0.4797234,0,0,0.4844804,0,1,0.47711283,0,1,0.47711283,0,1,0.47711283,0,1,0.47711283,0,1,0.47711283,0,1,0.47711283,0,0,0.4847062,0,0,0.4847062,0,0,0.4847062,0,0,0.4847062,0,0,0.4847062,0,0,0.4847062,0,0,0.4847062,0,0,0.4847062,0,0,0.4847062,0,0,0.4847062,0,0,0.4847062,0,0,0.4847062,0,0,0.47676608,0,0,0.47676608,0,0,0.47676608,0,0,0.47676608,0,0,0.47676608,0,0,0.47676608,0,0,0.48069942,0,0,0.48069942,0,0,0.48069942,0,1,0.47972333,0,1,0.4797234,0,1,0.4797234,0,1,0.4797234,0,0,0.4835858,0,0,0.4835858,0,0,0.4835858,0,0,0.48281163,0,0,0.48281163,0,0,0.48281163,0
      93,  34.25%,0.23187134502923978,-1,0.44915515,-1,-1,0.44915515,-1,-1,0.44915515,-1,-1,0.43648982,0,-1,0.44915515,-1,-1,0.44915515,-1,0,0.3859099,-1,0,0.3859099,-1,0,0.3859099,0,0,0.3859099,-1,0,0.3859099,0,-1,0.44915515,-1,-1,0.44915515,-1,0,0.3859099,-1,-1,0.43648982,0,0,0.3859099,-1,-1,0.4334984,0,-1,0.4334984,0,-1,0.43261722,0,-1,0.43261722,0,0,0.4007388,0,0,0.4007388,0,-1,0.44166553,0,-1,0.44166553,0,-1,0.43867064,0,-1,0.43867064,0,-1,0.43904558,0,-1,0.43904558,0,-1,0.43648982,0,-1,0.4236618,0,-1,0.4236618,0,-1,0.43648982,0,0,0.4034158,0,0,0.4034158,1,0,0.4034158,0,-1,0.43648982,0,0,0.40353137,0,0,0.40353137,1,0,0.40353137,1,0,0.40353137,1,0,0.40353137,0,0,0.40353137,0,-1,0.43225923,0,-1,0.43225923,0,-1,0.43225923,0,-1,0.43225923,0,-1,0.43225923,0,-1,0.43225923,0,-1,0.43225923,0,-1,0.43225923,0,-1,0.43225923,0,-1,0.43225923,0,-1,0.43225923,0,-1,0.43225923,1,0,0.40421134,0,0,0.40421134,0,0,0.40421134,0,0,0.40421134,0,0,0.40421134,0,0,0.40421134,0,-1,0.43779913,0,-1,0.43779913,0,-1,0.43779913,0,0,0.40341583,0,0,0.4034158,0,0,0.4034158,1,0,0.4034158,0,-1,0.44558027,0,-1,0.44558027,0,-1,0.44558027,0,-1,0.4421299,1,-1,0.4421299,1,-1,0.4421299,1
      94,  28.77%,0.14893617021276595,1,0.39846852,-1,1,0.39846852,-1,1,0.39846852,-1,1,0.40758958,0,1,0.39846852,-1,1,0.39846852,0,1,0.496273,-1,1,0.496273,0,1,0.496273,0,1,0.496273,0,1,0.496273,0,1,0.39846852,0,1,0.39846852,0,1,0.496273,0,1,0.40758958,0,1,0.496273,0,1,0.41145456,0,1,0.41145456,0,1,0.41147828,-1,1,0.41147828,-1,1,0.47854003,-1,1,0.47854003,-1,1,0.40425757,0,1,0.40425757,0,1,0.40132087,-1,1,0.40132087,0,1,0.41185623,-1,1,0.41185623,-1,1,0.40758958,0,1,0.41489223,0,1,0.4148922,0,1,0.4075896,0,1,0.4781198,0,1,0.4781198,1,1,0.4781198,0,1,0.40758958,0,1,0.4873212,1,1,0.4873212,1,1,0.4873212,1,1,0.4873212,1,1,0.4873212,0,1,0.4873212,1,1,0.4158896,1,1,0.4158896,1,1,0.4158896,1,1,0.4158896,1,1,0.4158896,1,1,0.4158896,1,1,0.4158896,1,1,0.4158896,1,1,0.4158896,1,1,0.4158896,1,1,0.4158896,1,1,0.4158896,1,1,0.49077728,0,1,0.49077728,0,1,0.49077728,0,1,0.49077728,0,1,0.49077728,0,1,0.49077728,0,1,0.40621513,1,1,0.40621513,1,1,0.40621513,1,1,0.47811985,0,1,0.47811982,0,1,0.47811982,0,1,0.47811982,0,1,0.40048668,0,1,0.40048668,0,1,0.40048668,0,1,0.40458044,0,1,0.40458044,0,1,0.40458044,0
      95,   6.85%,0.04273504273504273,1,0.40829203,-1,1,0.40829203,-1,1,0.40829203,0,1,0.4111007,0,1,0.40829203,-1,1,0.40829203,0,1,0.55319834,-1,1,0.55319834,-1,1,0.55319834,0,1,0.55319834,-1,1,0.55319834,0,1,0.40829203,1,1,0.40829203,0,1,0.55319834,0,1,0.4111007,0,1,0.55319834,0,1,0.41356757,-1,1,0.41356757,-1,1,0.4126654,-1,1,0.4126654,-1,1,0.5564755,-1,1,0.5564755,-1,1,0.41032317,-1,1,0.41032317,-1,1,0.40743402,-1,1,0.40743402,-1,1,0.41941872,-1,1,0.41941872,-1,1,0.4111007,0,1,0.4100185,0,1,0.4100185,-1,1,0.4111007,0,1,0.5568981,0,1,0.5568981,1,1,0.5568981,0,1,0.4111007,0,1,0.56144077,0,1,0.56144077,0,1,0.56144077,0,1,0.56144077,0,1,0.56144077,0,1,0.56144077,0,1,0.41719332,0,1,0.41719332,0,1,0.41719332,0,1,0.41719332,0,1,0.41719332,0,1,0.41719332,0,1,0.41719332,0,1,0.41719332,0,1,0.41719332,0,1,0.41719332,0,1,0.41719332,0,1,0.41719332,0,1,0.5598702,0,1,0.5598702,0,1,0.5598702,0,1,0.5598702,0,1,0.5598702,0,1,0.5598702,0,1,0.40977517,1,1,0.40977517,1,1,0.40977517,1,1,0.5568981,0,1,0.5568981,0,1,0.5568981,0,1,0.5568981,0,1,0.40932152,0,1,0.40932152,0,1,0.40932152,0,1,0.41125372,0,1,0.41125372,0,1,0.41125372,0
      96,  24.66%,0.1978021978021978,1,0.47973672,0,1,0.47973672,0,1,0.47973672,0,1,0.4803364,0,1,0.47973672,0,1,0.47973672,0,1,0.4929426,0,1,0.4929426,0,1,0.4929426,0,1,0.4929426,0,1,0.4929426,0,1,0.47973672,0,1,0.47973672,0,1,0.4929426,0,1,0.4803364,0,1,0.4929426,0,1,0.47988227,0,1,0.47988227,0,1,0.48324284,1,1,0.48324284,1,1,0.49417832,1,1,0.49417832,1,1,0.47950032,0,1,0.47950032,0,1,0.4792153,1,1,0.4792153,1,1,0.48191923,0,1,0.48191923,0,1,0.4803364,0,1,0.4804187,0,1,0.48041874,0,1,0.48033637,0,1,0.4785562,0,1,0.4785562,1,1,0.4785562,0,1,0.4803364,0,1,0.4846524,1,1,0.4846524,1,1,0.4846524,1,1,0.4846524,1,1,0.4846524,1,1,0.4846524,0,1,0.48231936,0,1,0.48231936,0,1,0.48231936,1,1,0.48231936,1,1,0.48231936,1,1,0.48231936,0,1,0.48231936,0,1,0.48231936,1,1,0.48231936,0,1,0.48231936,1,1,0.48231936,0,1,0.48231936,1,1,0.4807372,0,1,0.4807372,0,1,0.4807372,0,1,0.4807372,0,1,0.4807372,0,1,0.4807372,0,1,0.4794546,0,1,0.4794546,0,1,0.4794546,0,1,0.4785562,0,1,0.4785562,0,1,0.4785562,0,1,0.4785562,0,1,0.479265,0,1,0.479265,0,1,0.479265,0,1,0.4788089,0,1,0.4788089,0,1,0.4788089,0
      97,  38.36%,0.22095959595959594,-1,0.4043308,-1,-1,0.4043308,-1,-1,0.4043308,0,-1,0.3870908,0,-1,0.4043308,0,-1,0.4043308,1,0,0.4821244,0,0,0.4821244,0,0,0.4821244,0,0,0.4821244,0,0,0.4821244,1,-1,0.4043308,0,-1,0.4043308,0,0,0.4821244,0,-1,0.3870908,0,0,0.4821244,0,-1,0.37902638,0,-1,0.37902638,0,-1,0.37540627,0,-1,0.37540627,0,0,0.49518633,0,0,0.49518633,0,-1,0.39439243,0,-1,0.39439243,0,-1,0.40463078,0,-1,0.40463078,0,1,0.37186846,0,1,0.37186846,0,-1,0.3870908,0,-1,0.38094005,0,-1,0.38094005,0,-1,0.3870908,0,0,0.5125689,0,0,0.5125689,1,0,0.5125689,0,-1,0.3870908,0,0,0.5084724,0,0,0.5084724,0,0,0.5084724,0,0,0.5084724,0,0,0.5084724,0,0,0.5084724,0,1,0.3743955,0,1,0.3743955,0,1,0.3743955,0,1,0.3743955,0,1,0.3743955,0,1,0.3743955,0,1,0.3743955,0,1,0.3743955,0,1,0.3743955,0,1,0.3743955,0,1,0.3743955,0,1,0.3743955,0,0,0.49803507,0,0,0.49803507,0,0,0.49803507,0,0,0.49803507,0,0,0.49803507,0,0,0.49803507,0,-1,0.39428642,0,-1,0.39428642,0,-1,0.3942864,0,0,0.5125689,0,0,0.5125689,0,0,0.5125689,0,0,0.5125689,0,-1,0.4027956,0,-1,0.4027956,0,-1,0.4027956,0,-1,0.3934088,0,-1,0.3934088,0,-1,0.3934088,0
      98, 100.00%,1.0,0,0.99459934,0,0,0.99459934,0,0,0.99459934,0,0,0.994456,0,0,0.99459934,0,0,0.99459934,0,0,0.99759316,0,0,0.99759316,0,0,0.99759316,0,0,0.99759316,0,0,0.99759316,0,0,0.99459934,0,0,0.99459934,0,0,0.99759316,0,0,0.994456,0,0,0.99759316,0,0,0.99463624,0,0,0.99463624,0,0,0.99360526,0,0,0.99360526,0,0,0.9979999,0,0,0.9979999,0,0,0.99472713,0,0,0.99472713,0,0,0.9950615,0,0,0.9950615,0,0,0.9944814,0,0,0.9944814,0,0,0.994456,0,0,0.9944378,0,0,0.9944378,0,0,0.994456,0,0,0.9983742,0,0,0.9983742,0,0,0.9983742,0,0,0.994456,0,0,0.99775106,0,0,0.99775106,0,0,0.99775106,0,0,0.99775106,0,0,0.99775106,0,0,0.99775106,0,0,0.99450845,0,0,0.99450845,0,0,0.99450845,0,0,0.99450845,0,0,0.99450845,0,0,0.99450845,0,0,0.99450845,0,0,0.99450845,0,0,0.99450845,0,0,0.99450845,0,0,0.99450845,0,0,0.99450845,0,0,0.99793184,0,0,0.99793184,0,0,0.99793184,0,0,0.99793184,0,0,0.99793184,0,0,0.99793184,0,0,0.994383,0,0,0.994383,0,0,0.994383,0,0,0.9983742,0,0,0.9983742,0,0,0.9983742,0,0,0.9983742,0,0,0.9946601,0,0,0.9946601,0,0,0.9946601,0,0,0.994847,0,0,0.994847,0,0,0.994847,0
      99,  35.62%,0.17687074829931973,-1,0.41330191,0,-1,0.41330191,0,-1,0.41330191,1,-1,0.4048606,0,-1,0.41330191,0,-1,0.41330191,0,0,0.37833348,0,0,0.37833348,0,0,0.37833348,1,0,0.37833348,0,0,0.37833348,1,-1,0.41330191,0,-1,0.41330191,0,0,0.37833348,0,-1,0.4048606,0,0,0.37833348,0,-1,0.39574748,0,-1,0.39574748,0,-1,0.4043753,0,-1,0.4043753,0,0,0.37640128,0,0,0.37640128,0,-1,0.40613964,0,-1,0.40613964,0,-1,0.41213766,0,-1,0.41213766,0,-1,0.38611037,0,-1,0.38611037,0,-1,0.4048606,0,-1,0.4026628,0,-1,0.4026628,0,-1,0.4048606,0,0,0.38762957,0,0,0.38762957,0,0,0.38762957,0,-1,0.4048606,0,0,0.3854501,0,0,0.3854501,0,0,0.3854501,0,0,0.3854501,0,0,0.3854501,0,0,0.3854501,0,-1,0.38812038,0,-1,0.38812038,0,-1,0.38812038,0,-1,0.38812038,0,-1,0.38812038,0,-1,0.38812038,0,-1,0.38812038,0,-1,0.38812038,0,-1,0.38812038,0,-1,0.38812038,0,-1,0.38812038,0,-1,0.38812038,0,0,0.38318667,0,0,0.38318667,0,0,0.38318667,0,0,0.38318667,0,0,0.38318667,0,0,0.38318667,0,-1,0.4102308,0,-1,0.4102308,0,-1,0.4102308,0,0,0.3876296,0,0,0.38762957,0,0,0.38762957,0,0,0.38762957,0,-1,0.4115431,0,-1,0.4115431,0,-1,0.4115431,0,-1,0.40506053,0,-1,0.40506053,0,-1,0.40506053,0
     100,  35.62%,0.1750841750841751,1,0.4646815,1,1,0.4646815,1,1,0.4646815,-1,1,0.4692319,0,1,0.4646815,0,1,0.4646815,-1,1,0.42949653,1,1,0.42949653,1,1,0.42949653,0,1,0.42949653,0,1,0.42949653,0,1,0.4646815,0,1,0.4646815,0,1,0.42949653,1,1,0.4692319,0,1,0.42949653,0,1,0.4733463,1,1,0.4733463,1,1,0.47371542,0,1,0.47371542,-1,1,0.3996828,-1,1,0.3996828,-1,1,0.4653668,1,1,0.4653668,1,1,0.46018043,1,1,0.46018043,1,1,0.48377863,1,1,0.48377863,1,1,0.4692319,0,1,0.4708865,1,1,0.47088653,1,1,0.4692319,0,1,0.4309565,0,1,0.4309565,1,1,0.4309565,0,1,0.4692319,0,1,0.3990326,1,1,0.3990326,1,1,0.3990326,1,1,0.3990326,1,1,0.3990326,1,1,0.3990326,1,1,0.4843963,1,1,0.4843963,0,1,0.4843963,0,1,0.4843963,1,1,0.4843963,0,1,0.4843963,0,1,0.4843963,0,1,0.4843963,1,1,0.4843963,0,1,0.4843963,1,1,0.4843963,0,1,0.4843963,0,1,0.41782495,0,1,0.41782495,0,1,0.41782495,0,1,0.41782495,0,1,0.41782495,0,1,0.41782495,0,1,0.46219444,0,1,0.46219444,0,1,0.46219444,0,1,0.43095657,-1,1,0.43095654,0,1,0.43095654,0,1,0.43095654,-1,1,0.45994785,0,1,0.45994785,0,1,0.45994785,0,1,0.46581244,0,1,0.46581244,0,1,0.46581244,0
     101,  56.16%,0.23976608187134504,1,0.53793776,0,1,0.53793776,0,1,0.53793776,1,1,0.54376614,0,1,0.53793776,1,1,0.53793776,1,1,0.4776009,1,1,0.4776009,1,1,0.4776009,1,1,0.4776009,1,1,0.4776009,1,1,0.53793776,1,1,0.53793776,0,1,0.4776009,1,1,0.54376614,0,1,0.4776009,0,1,0.54826456,1,1,0.54826456,1,1,0.54568493,1,1,0.54568493,1,1,0.42492375,0,1,0.42492375,-1,1,0.54093254,1,1,0.54093254,1,1,0.5377426,1,1,0.5377426,1,1,0.556558,1,1,0.556558,1,1,0.54376614,0,1,0.54667693,1,1,0.54667693,1,1,0.54376614,0,1,0.45721376,0,1,0.45721376,1,1,0.45721376,0,1,0.54376614,0,1,0.44582605,1,1,0.44582605,1,1,0.44582605,1,1,0.44582605,1,1,0.44582605,1,1,0.44582605,1,1,0.5570435,1,1,0.5570435,1,1,0.5570435,1,1,0.5570435,1,1,0.5570435,1,1,0.5570435,1,1,0.5570435,1,1,0.5570435,1,1,0.5570435,1,1,0.5570435,1,1,0.5570435,1,1,0.5570435,1,1,0.45817694,0,1,0.45817694,0,1,0.45817694,0,1,0.45817694,0,1,0.45817694,0,1,0.45817694,0,1,0.5396649,0,1,0.5396649,0,1,0.539665,0,1,0.45721367,-1,1,0.4572137,0,1,0.4572137,0,1,0.4572137,-1,1,0.53606653,0,1,0.53606653,0,1,0.53606653,0,1,0.5420426,0,1,0.5420426,0,1,0.5420426,0
     102,  58.90%,0.3706896551724138,1,0.48664892,0,1,0.48664892,0,1,0.48664892,1,1,0.49324182,0,1,0.48664892,0,1,0.48664892,1,1,0.42438006,1,1,0.42438006,1,1,0.42438006,1,1,0.42438006,1,1,0.42438006,1,1,0.48664892,1,1,0.48664892,0,1,0.42438006,1,1,0.49324182,0,1,0.42438006,0,1,0.49685252,1,1,0.49685252,1,1,0.49507168,1,1,0.49507168,1,1,0.38710892,0,1,0.38710892,0,1,0.48997906,1,1,0.48997906,1,1,0.4877562,1,1,0.4877562,1,1,0.4988122,1,1,0.4988122,1,1,0.49324182,0,1,0.4985155,1,1,0.4985155,1,1,0.49324182,0,1,0.41627726,0,1,0.41627726,1,1,0.41627726,1,1,0.49324182,0,1,0.39806792,1,1,0.39806792,1,1,0.39806792,1,1,0.39806792,1,1,0.39806792,1,1,0.39806792,1,1,0.5005956,1,1,0.5005956,1,1,0.5005956,1,1,0.5005956,1,1,0.5005956,1,1,0.5005956,1,1,0.5005956,1,1,0.5005956,1,1,0.5005956,1,1,0.5005956,1,1,0.5005956,1,1,0.5005956,1,1,0.41271973,0,1,0.41271973,1,1,0.41271973,1,1,0.41271973,0,1,0.41271973,0,1,0.41271973,0,1,0.49019727,0,1,0.49019727,0,1,0.49019727,0,1,0.41627723,0,1,0.41627726,0,1,0.41627726,0,1,0.41627726,0,1,0.48584393,0,1,0.48584393,0,1,0.48584393,0,1,0.4912981,0,1,0.4912981,0,1,0.4912981,0
     103,  49.32%,0.3585106382978724,1,0.44755295,-1,1,0.44755295,-1,1,0.44755295,-1,1,0.45376664,0,1,0.44755295,-1,1,0.44755295,-1,0,0.4291032,-1,0,0.4291032,-1,0,0.4291032,-1,0,0.4291032,-1,0,0.4291032,-1,1,0.44755295,-1,1,0.44755295,-1,0,0.4291032,0,1,0.45376664,0,0,0.4291032,-1,1,0.45831618,1,1,0.45831618,1,1,0.45702797,1,1,0.45702797,1,0,0.4518738,0,0,0.4518738,0,1,0.44971204,1,1,0.44971204,1,1,0.4450295,1,1,0.4450295,1,1,0.46754578,1,1,0.46754578,1,1,0.45376664,0,1,0.45585325,1,1,0.45585325,1,1,0.4537666,0,0,0.45484787,1,0,0.45484787,1,0,0.45484787,1,1,0.45376664,0,0,0.43541852,1,0,0.43541852,1,0,0.43541852,1,0,0.43541852,1,0,0.43541852,1,0,0.43541852,1,1,0.4686203,1,1,0.4686203,1,1,0.4686203,1,1,0.4686203,1,1,0.4686203,1,1,0.4686203,1,1,0.4686203,1,1,0.4686203,1,1,0.4686203,1,1,0.4686203,1,1,0.4686203,1,1,0.4686203,1,0,0.439905,-1,0,0.439905,-1,0,0.439905,0,0,0.439905,0,0,0.439905,0,0,0.439905,-1,1,0.44695526,-1,1,0.44695526,-1,1,0.44695526,-1,0,0.45484787,0,0,0.45484787,0,0,0.45484787,0,0,0.45484787,0,1,0.44577616,0,1,0.44577616,0,1,0.44577616,0,1,0.44986096,1,1,0.44986096,1,1,0.44986096,0
     104,  47.95%,0.34074074074074073,1,0.38671258,-1,1,0.38671258,-1,1,0.38671258,-1,1,0.3909738,0,1,0.38671258,-1,1,0.38671258,-1,0,0.43174076,-1,0,0.43174076,-1,0,0.43174076,-1,0,0.43174076,-1,0,0.43174076,-1,1,0.38671258,0,1,0.38671258,0,0,0.43174076,0,1,0.3909738,0,0,0.43174076,0,1,0.39619935,1,1,0.39619935,1,1,0.39273542,1,1,0.39273542,1,0,0.43339983,0,0,0.43339983,0,1,0.3873883,1,1,0.3873883,1,1,0.3830235,1,1,0.3830235,1,1,0.40536213,1,1,0.40536213,1,1,0.3909738,0,1,0.39029104,1,1,0.39029104,1,1,0.39097378,0,0,0.44043455,1,0,0.44043455,1,0,0.44043455,1,1,0.3909738,0,0,0.43567297,1,0,0.43567297,1,0,0.43567297,1,0,0.43567297,1,0,0.43567297,1,0,0.43567297,1,1,0.40427086,1,1,0.40427086,1,1,0.40427086,1,1,0.40427086,1,1,0.40427086,1,1,0.40427086,1,1,0.40427086,1,1,0.40427086,1,1,0.40427086,1,1,0.40427086,1,1,0.40427086,1,1,0.40427086,1,0,0.43848795,-1,0,0.43848795,-1,0,0.43848795,-1,0,0.43848795,-1,0,0.43848795,-1,0,0.43848795,-1,1,0.3836515,-1,1,0.3836515,-1,1,0.3836515,-1,0,0.44043458,0,0,0.44043458,0,0,0.44043458,0,0,0.44043458,0,1,0.38584632,-1,1,0.38584632,0,1,0.38584632,1,1,0.3872502,1,1,0.3872502,1,1,0.3872502,0
     105, 100.00%,1.0,0,0.969998,0,0,0.969998,0,0,0.969998,0,0,0.97264385,0,0,0.969998,0,0,0.969998,0,0,0.99815917,0,0,0.99815917,0,0,0.99815917,0,0,0.99815917,0,0,0.99815917,0,0,0.969998,0,0,0.969998,0,0,0.99815917,0,0,0.97264385,0,0,0.99815917,0,0,0.97324693,0,0,0.97324693,0,0,0.97406805,0,0,0.97406805,0,0,0.99838877,0,0,0.99838877,0,0,0.9704539,0,0,0.9704539,0,0,0.9701334,0,0,0.9701334,0,0,0.97505015,0,0,0.97505015,0,0,0.97264385,0,0,0.97441936,0,0,0.97441936,0,0,0.97264385,0,0,0.9987221,0,0,0.9987221,0,0,0.9987221,0,0,0.97264385,0,0,0.9983124,0,0,0.9983124,0,0,0.9983124,0,0,0.9983124,0,0,0.9983124,0,0,0.9983124,0,0,0.9769166,0,0,0.9769166,0,0,0.9769166,0,0,0.9769166,0,0,0.9769166,0,0,0.9769166,0,0,0.9769166,0,0,0.9769166,0,0,0.9769166,0,0,0.9769166,0,0,0.9769166,0,0,0.9769166,0,0,0.9983668,0,0,0.9983668,0,0,0.9983668,0,0,0.9983668,0,0,0.9983668,0,0,0.9983668,0,0,0.9707448,0,0,0.9707448,0,0,0.9707448,0,0,0.9987221,0,0,0.9987221,0,0,0.9987221,0,0,0.9987221,0,0,0.96972716,0,0,0.96972716,0,0,0.96972716,0,0,0.9699623,0,0,0.9699623,0,0,0.9699623,0
     106,   6.85%,0.10101010101010101,-1,0.4143785,0,-1,0.4143785,0,-1,0.4143785,0,-1,0.40397894,0,-1,0.4143785,0,-1,0.4143785,0,1,0.49300945,1,1,0.49300945,1,1,0.49300945,0,1,0.49300945,0,1,0.49300945,1,-1,0.4143785,0,-1,0.4143785,0,1,0.49300945,1,-1,0.40397894,0,1,0.49300945,1,-1,0.40256894,0,-1,0.40256894,0,-1,0.39461675,0,-1,0.39461675,0,1,0.49506953,0,1,0.49506953,0,-1,0.4089634,0,-1,0.4089634,0,-1,0.41347018,0,-1,0.41347018,0,-1,0.39735082,0,-1,0.39735082,0,-1,0.40397894,0,-1,0.39877263,0,-1,0.39877263,0,-1,0.40397888,0,1,0.49632454,0,1,0.49632454,0,1,0.49632454,0,-1,0.40397894,0,1,0.5014051,0,1,0.5014051,0,1,0.5014051,0,1,0.5014051,0,1,0.5014051,0,1,0.5014051,0,-1,0.39289162,0,-1,0.39289162,0,-1,0.39289162,0,-1,0.39289162,0,-1,0.39289162,0,-1,0.39289162,0,-1,0.39289162,0,-1,0.39289162,0,-1,0.39289162,0,-1,0.39289162,0,-1,0.39289162,0,-1,0.39289162,0,1,0.4954588,0,1,0.4954588,0,1,0.4954588,0,1,0.4954588,0,1,0.4954588,0,1,0.4954588,0,-1,0.40318534,0,-1,0.40318534,0,-1,0.40318534,0,1,0.49632454,0,1,0.49632454,0,1,0.49632454,0,1,0.49632454,0,-1,0.41187632,0,-1,0.41187632,0,-1,0.41187632,0,-1,0.40679154,0,-1,0.40679154,0,-1,0.40679154,0
     107,  34.25%,0.2492877492877493,-1,0.39731658,0,-1,0.39731658,0,-1,0.39731658,1,-1,0.40045208,0,-1,0.39731658,0,-1,0.39731658,1,1,0.42093694,1,1,0.42093694,1,1,0.42093694,1,1,0.42093694,1,1,0.42093694,1,-1,0.39731658,-1,-1,0.39731658,0,1,0.42093694,-1,-1,0.40045208,0,1,0.42093694,-1,-1,0.40627772,1,-1,0.40627772,1,-1,0.40254527,1,-1,0.40254527,1,1,0.4337959,0,1,0.4337959,1,-1,0.39958915,-1,-1,0.39958915,-1,-1,0.38861,1,-1,0.38861,1,-1,0.42325622,-1,-1,0.42325622,-1,-1,0.40045208,0,-1,0.39473927,1,-1,0.39473927,0,-1,0.40045208,0,1,0.40257525,1,1,0.40257525,1,1,0.40257525,1,-1,0.40045208,0,1,0.4443311,1,1,0.4443311,1,1,0.4443311,1,1,0.4443311,0,1,0.4443311,1,1,0.4443311,1,-1,0.4130076,1,-1,0.4130076,1,-1,0.4130076,1,-1,0.4130076,1,-1,0.4130076,1,-1,0.4130076,1,-1,0.4130076,1,-1,0.4130076,1,-1,0.4130076,1,-1,0.4130076,1,-1,0.4130076,1,-1,0.4130076,1,1,0.42394873,1,1,0.42394873,1,1,0.42394873,1,1,0.42394873,1,1,0.42394873,1,1,0.42394873,1,-1,0.39466658,1,-1,0.39466658,1,-1,0.39466658,1,1,0.40257525,0,1,0.4025753,0,1,0.4025753,0,1,0.4025753,0,-1,0.39531973,0,-1,0.39531973,0,-1,0.39531973,0,-1,0.40073833,0,-1,0.40073833,0,-1,0.40073833,0
     108,  36.99%,0.1928785552387219,-1,0.4758161,0,-1,0.4758161,0,-1,0.4758161,0,-1,0.47392052,0,-1,0.4758161,-1,-1,0.4758161,0,0,0.440781,0,0,0.440781,0,0,0.440781,0,0,0.440781,-1,0,0.440781,1,-1,0.4758161,0,-1,0.4758161,0,0,0.440781,0,-1,0.47392052,0,0,0.440781,0,-1,0.4721057,0,-1,0.4721057,0,-1,0.46686888,0,-1,0.46686888,0,0,0.45643112,0,0,0.45643112,0,-1,0.4753511,0,-1,0.4753511,0,-1,0.48446575,1,-1,0.48446575,0,-1,0.45529956,0,-1,0.45529956,0,-1,0.47392052,0,-1,0.479408,0,-1,0.479408,0,-1,0.47392052,0,0,0.464739,0,0,0.464739,0,0,0.464739,0,-1,0.47392052,0,0,0.45552778,0,0,0.45552778,0,0,0.45552778,0,0,0.45552778,0,0,0.45552778,0,0,0.45552778,0,-1,0.457495,0,-1,0.457495,0,-1,0.457495,0,-1,0.457495,0,-1,0.457495,0,-1,0.457495,0,-1,0.457495,0,-1,0.457495,0,-1,0.457495,0,-1,0.457495,0,-1,0.457495,0,-1,0.457495,0,0,0.46278107,0,0,0.46278107,0,0,0.46278107,0,0,0.46278107,0,0,0.46278107,0,0,0.46278107,0,-1,0.47854847,0,-1,0.47854847,0,-1,0.47854847,0,0,0.46473908,0,0,0.46473905,0,0,0.46473905,0,0,0.46473905,0,-1,0.47843182,0,-1,0.47843182,0,-1,0.47843182,0,-1,0.4769751,0,-1,0.4769751,0,-1,0.4769751,0
     109,   5.48%,0.03463203463203463,1,0.4146182,-1,1,0.4146182,-1,1,0.4146182,0,1,0.42297882,0,1,0.4146182,-1,1,0.4146182,1,1,0.55576015,0,1,0.55576015,-1,1,0.55576015,0,1,0.55576015,0,1,0.55576015,0,1,0.4146182,0,1,0.4146182,0,1,0.55576015,0,1,0.42297882,0,1,0.55576015,0,1,0.42349416,0,1,0.42349416,-1,1,0.4332156,-1,1,0.4332156,-1,1,0.5609467,-1,1,0.5609467,-1,1,0.4195595,-1,1,0.4195595,-1,1,0.4106124,-1,1,0.4106124,-1,1,0.43466803,-1,1,0.43466803,-1,1,0.42297882,0,1,0.42475328,0,1,0.42475328,0,1,0.42297888,0,1,0.5592785,0,1,0.5592785,0,1,0.5592785,0,1,0.42297882,0,1,0.5594388,0,1,0.5594388,0,1,0.5594388,0,1,0.5594388,0,1,0.5594388,0,1,0.5594388,0,1,0.43271232,0,1,0.43271232,0,1,0.43271232,0,1,0.43271232,0,1,0.43271232,0,1,0.43271232,0,1,0.43271232,0,1,0.43271232,0,1,0.43271232,0,1,0.43271232,0,1,0.43271232,0,1,0.43271232,0,1,0.5505058,0,1,0.5505058,0,1,0.5505058,0,1,0.5505058,0,1,0.5505058,0,1,0.5505058,0,1,0.4229614,1,1,0.4229614,1,1,0.4229614,1,1,0.5592784,0,1,0.5592785,0,1,0.5592785,0,1,0.5592785,0,1,0.41421223,0,1,0.41421223,0,1,0.41421223,0,1,0.4199865,0,1,0.4199865,0,1,0.4199865,0
     110,  23.29%,0.20095693779904308,-1,0.423102,-1,-1,0.423102,-1,-1,0.423102,-1,-1,0.40305895,0,-1,0.423102,-1,-1,0.423102,-1,0,0.59302485,-1,0,0.59302485,-1,0,0.59302485,-1,0,0.59302485,-1,0,0.59302485,-1,-1,0.423102,0,-1,0.423102,0,0,0.59302485,0,-1,0.40305895,0,0,0.59302485,0,-1,0.39212635,1,-1,0.39212635,1,-1,0.3909868,1,-1,0.3909868,1,0,0.6136793,1,0,0.6136793,1,-1,0.40749535,1,-1,0.40749535,1,-1,0.42233247,1,-1,0.42233247,1,-1,0.37625805,0,-1,0.37625805,0,-1,0.40305895,0,-1,0.3942798,0,-1,0.39427978,0,-1,0.40305895,0,0,0.64731175,0,0,0.64731175,1,0,0.64731175,0,-1,0.40305895,0,0,0.598086,1,0,0.598086,1,0,0.598086,1,0,0.598086,1,0,0.598086,1,0,0.598086,0,-1,0.37437525,1,-1,0.37437525,1,-1,0.37437525,1,-1,0.37437525,1,-1,0.37437525,1,-1,0.37437525,1,-1,0.37437525,1,-1,0.37437525,1,-1,0.37437525,1,-1,0.37437525,1,-1,0.37437525,1,-1,0.37437525,1,0,0.60751915,0,0,0.60751915,0,0,0.60751915,0,0,0.60751915,1,0,0.60751915,1,0,0.60751915,1,-1,0.40818432,1,-1,0.40818432,1,-1,0.40818438,1,0,0.64731175,0,0,0.64731175,0,0,0.64731175,0,0,0.64731175,0,-1,0.42099896,0,-1,0.42099896,0,-1,0.42099896,0,-1,0.40621984,0,-1,0.40621984,0,-1,0.40621984,0
     111,  34.25%,0.39007092198581556,-1,0.39028603,0,-1,0.39028603,0,-1,0.39028603,0,-1,0.37404862,0,-1,0.39028603,0,-1,0.39028603,0,0,0.5107838,0,0,0.5107838,-1,0,0.5107838,0,0,0.5107838,-1,0,0.5107838,0,-1,0.39028603,0,-1,0.39028603,0,0,0.5107838,0,-1,0.37404862,0,0,0.5107838,0,-1,0.369845,0,-1,0.369845,0,-1,0.3653886,-1,-1,0.3653886,-1,0,0.5122291,-1,0,0.5122291,-1,-1,0.38032746,0,-1,0.38032746,0,-1,0.38471842,0,-1,0.38471842,0,-1,0.34643742,-1,-1,0.34643742,-1,-1,0.37404862,0,-1,0.36807516,0,-1,0.36807516,0,-1,0.3740486,0,0,0.52339125,0,0,0.52339125,1,0,0.52339125,1,-1,0.37404862,0,0,0.5226317,1,0,0.5226317,0,0,0.5226317,1,0,0.5226317,1,0,0.5226317,1,0,0.5226317,0,1,0.3486516,0,1,0.3486516,0,1,0.3486516,1,1,0.3486516,0,1,0.3486516,1,1,0.3486516,1,1,0.3486516,1,1,0.3486516,1,1,0.3486516,1,1,0.3486516,1,1,0.3486516,1,1,0.3486516,1,0,0.5186932,-1,0,0.5186932,-1,0,0.5186932,-1,0,0.5186932,-1,0,0.5186932,-1,0,0.5186932,-1,-1,0.38041577,0,-1,0.38041577,0,-1,0.38041577,0,0,0.52339125,0,0,0.5233913,0,0,0.5233913,0,0,0.5233913,0,-1,0.39085189,0,-1,0.39085189,0,-1,0.39085189,0,-1,0.38055846,0,-1,0.38055846,0,-1,0.38055846,0
     112,  34.25%,0.17182130584192437,-1,0.3953637,0,-1,0.3953637,0,-1,0.3953637,0,-1,0.39319247,0,-1,0.3953637,0,-1,0.3953637,0,0,0.46005088,0,0,0.46005088,0,0,0.46005088,0,0,0.46005088,0,0,0.46005088,0,-1,0.3953637,0,-1,0.3953637,0,0,0.46005088,0,-1,0.39319247,0,0,0.46005088,0,-1,0.3914918,0,-1,0.3914918,0,-1,0.38992932,0,-1,0.38992932,0,0,0.46518674,-1,0,0.46518674,0,-1,0.39521378,0,-1,0.39521378,0,-1,0.39959812,0,-1,0.39959812,0,-1,0.37266088,0,-1,0.37266088,0,-1,0.39319247,0,-1,0.39819357,0,-1,0.39819357,0,-1,0.3931925,0,0,0.4787241,0,0,0.4787241,0,0,0.4787241,0,-1,0.39319247,0,0,0.45500156,0,0,0.45500156,0,0,0.45500156,0,0,0.45500156,0,0,0.45500156,0,0,0.45500156,0,-1,0.3745996,0,-1,0.3745996,0,-1,0.3745996,0,-1,0.3745996,0,-1,0.3745996,0,-1,0.3745996,0,-1,0.3745996,0,-1,0.3745996,0,-1,0.3745996,0,-1,0.3745996,0,-1,0.3745996,0,-1,0.3745996,0,0,0.46193787,0,0,0.46193787,0,0,0.46193787,0,0,0.46193787,0,0,0.46193787,0,0,0.46193787,0,-1,0.39733088,0,-1,0.39733088,0,-1,0.39733088,0,0,0.47872415,-1,0,0.47872415,0,0,0.47872415,0,0,0.47872415,-1,-1,0.39684975,0,-1,0.39684975,0,-1,0.39684975,0,-1,0.39574203,1,-1,0.39574203,0,-1,0.39574203,0
     113,  10.96%,0.06584362139917695,-1,0.46811235,-1,-1,0.46811235,-1,-1,0.46811235,-1,-1,0.45812187,0,-1,0.46811235,-1,-1,0.46811235,0,-1,0.38485715,0,-1,0.38485715,0,-1,0.38485715,0,-1,0.38485715,-1,-1,0.38485715,0,-1,0.46811235,-1,-1,0.46811235,-1,-1,0.38485715,0,-1,0.45812187,0,-1,0.38485715,-1,-1,0.45574957,1,-1,0.45574957,1,-1,0.45355034,1,-1,0.45355034,1,-1,0.40532547,0,-1,0.40532547,0,-1,0.46542037,1,-1,0.46542037,1,-1,0.46026102,1,-1,0.46026102,1,-1,0.46441615,0,-1,0.46441615,0,-1,0.45812187,0,-1,0.44457114,1,-1,0.44457108,1,-1,0.4581218,0,-1,0.39592233,0,-1,0.39592233,1,-1,0.39592233,0,-1,0.45812187,0,-1,0.377408,1,-1,0.377408,1,-1,0.377408,1,-1,0.377408,1,-1,0.377408,1,-1,0.377408,1,-1,0.4520573,1,-1,0.4520573,1,-1,0.4520573,1,-1,0.4520573,1,-1,0.4520573,1,-1,0.4520573,1,-1,0.4520573,1,-1,0.4520573,0,-1,0.4520573,1,-1,0.4520573,1,-1,0.4520573,1,-1,0.4520573,1,-1,0.37734815,0,-1,0.37734815,0,-1,0.37734815,0,-1,0.37734815,0,-1,0.37734815,0,-1,0.37734815,0,-1,0.45869622,0,-1,0.45869622,0,-1,0.45869622,0,-1,0.39592236,0,-1,0.39592233,0,-1,0.39592233,0,-1,0.39592233,0,-1,0.46558326,0,-1,0.46558326,0,-1,0.46558326,0,-1,0.46324664,0,-1,0.46324664,0,-1,0.46324664,0
     114,  41.10%,0.3253814743176445,-1,0.38628054,0,-1,0.38628054,0,-1,0.38628054,0,-1,0.37369797,0,-1,0.38628054,0,-1,0.38628054,0,0,0.52483946,0,0,0.52483946,0,0,0.52483946,0,0,0.52483946,0,0,0.52483946,0,-1,0.38628054,0,-1,0.38628054,0,0,0.52483946,0,-1,0.37369797,0,0,0.52483946,0,-1,0.36420467,0,-1,0.36420467,0,-1,0.36594975,0,-1,0.36594975,0,0,0.5302306,0,0,0.5302306,0,-1,0.3798826,0,-1,0.3798826,0,-1,0.38989744,0,-1,0.38989744,0,-1,0.35355985,0,-1,0.35355985,0,-1,0.37369797,0,-1,0.36744764,0,-1,0.36744764,0,-1,0.37369797,0,0,0.5421896,0,0,0.5421896,0,0,0.5421896,0,-1,0.37369797,0,0,0.5437219,0,0,0.5437219,0,0,0.5437219,0,0,0.5437219,0,0,0.5437219,0,0,0.5437219,0,-1,0.35183412,0,-1,0.35183412,0,-1,0.35183412,0,-1,0.35183412,0,-1,0.35183412,-1,-1,0.35183412,0,-1,0.35183412,0,-1,0.35183412,-1,-1,0.35183412,0,-1,0.35183412,0,-1,0.35183412,0,-1,0.35183412,0,0,0.5346656,0,0,0.5346656,0,0,0.5346656,0,0,0.5346656,0,0,0.5346656,0,0,0.5346656,0,-1,0.38263437,0,-1,0.38263437,0,-1,0.38263437,0,0,0.54218966,0,0,0.5421897,0,0,0.5421897,0,0,0.5421897,0,-1,0.38762015,0,-1,0.38762015,0,-1,0.38762015,0,-1,0.37995383,0,-1,0.37995383,0,-1,0.37995383,0
     115,  30.14%,0.24026590693257358,-1,0.3783892,0,-1,0.3783892,0,-1,0.3783892,0,-1,0.37561482,0,-1,0.3783892,0,-1,0.3783892,0,0,0.37743878,0,0,0.37743878,0,0,0.37743878,0,0,0.37743878,0,0,0.37743878,0,-1,0.3783892,0,-1,0.3783892,0,0,0.37743878,0,-1,0.37561482,0,0,0.37743878,0,-1,0.37005335,-1,-1,0.37005335,-1,-1,0.3734809,1,-1,0.3734809,1,-1,0.3866786,0,-1,0.3866786,0,-1,0.3812114,0,-1,0.3812114,-1,-1,0.3879788,1,-1,0.3879788,1,-1,0.35993832,-1,-1,0.35993832,-1,-1,0.37561482,0,-1,0.37686563,-1,-1,0.37686563,-1,-1,0.37561482,0,0,0.38049272,0,0,0.38049272,0,0,0.38049272,0,-1,0.37561482,0,0,0.3823385,0,0,0.3823385,1,0,0.3823385,1,0,0.3823385,1,0,0.3823385,1,0,0.3823385,1,-1,0.36055383,1,-1,0.36055383,1,-1,0.36055383,1,-1,0.36055383,1,-1,0.36055383,1,-1,0.36055383,1,-1,0.36055383,1,-1,0.36055383,1,-1,0.36055383,1,-1,0.36055383,1,-1,0.36055383,1,-1,0.36055383,1,0,0.3820827,1,0,0.3820827,1,0,0.3820827,1,0,0.3820827,1,0,0.3820827,1,0,0.3820827,1,-1,0.38527107,0,-1,0.38527107,0,-1,0.3852711,0,0,0.38049272,0,0,0.38049272,0,0,0.38049272,0,0,0.38049272,0,-1,0.3813326,0,-1,0.3813326,0,-1,0.3813326,0,-1,0.3813586,0,-1,0.3813586,0,-1,0.3813586,0
     116,  19.18%,0.14583333333333334,-1,0.4690378,-1,-1,0.4690378,-1,-1,0.4690378,-1,-1,0.46609563,0,-1,0.4690378,0,-1,0.4690378,0,1,0.57201594,-1,1,0.57201594,-1,1,0.57201594,0,1,0.57201594,-1,1,0.57201594,0,-1,0.4690378,0,-1,0.4690378,0,1,0.57201594,0,-1,0.46609563,0,1,0.57201594,0,-1,0.46644554,0,-1,0.46644554,-1,-1,0.4620177,-1,-1,0.4620177,-1,1,0.5308626,-1,1,0.5308626,-1,-1,0.46786308,-1,-1,0.46786308,-1,-1,0.4722179,-1,-1,0.4722179,-1,-1,0.4608554,-1,-1,0.4608554,-1,-1,0.46609563,0,-1,0.4660366,-1,-1,0.46603656,-1,-1,0.46609563,0,1,0.52397275,0,1,0.52397275,0,1,0.52397275,0,-1,0.46609563,0,1,0.58651555,0,1,0.58651555,0,1,0.58651555,0,1,0.58651555,0,1,0.58651555,0,1,0.58651555,0,-1,0.45708397,0,-1,0.45708397,0,-1,0.45708397,0,-1,0.45708397,0,-1,0.45708397,0,-1,0.45708397,0,-1,0.45708397,0,-1,0.45708397,0,-1,0.45708397,0,-1,0.45708397,0,-1,0.45708397,0,-1,0.45708397,0,1,0.5713555,0,1,0.5713555,0,1,0.5713555,0,1,0.5713555,0,1,0.5713555,0,1,0.5713555,0,-1,0.46604478,1,-1,0.46604478,0,-1,0.46604484,0,1,0.5239728,0,1,0.5239728,0,1,0.5239728,0,1,0.5239728,0,-1,0.46858478,0,-1,0.46858478,0,-1,0.46858478,0,-1,0.46843454,0,-1,0.46843454,0,-1,0.46843454,0
     117,  39.73%,0.32608695652173914,-1,0.56368005,-1,-1,0.56368005,-1,-1,0.56368005,-1,-1,0.555396,0,-1,0.56368005,-1,-1,0.56368005,-1,-1,0.34943944,-1,-1,0.34943944,-1,-1,0.34943944,-1,-1,0.34943944,-1,-1,0.34943944,-1,-1,0.56368005,-1,-1,0.56368005,-1,-1,0.34943944,-1,-1,0.555396,0,-1,0.34943944,0,-1,0.5546108,1,-1,0.5546108,1,-1,0.55690604,-1,-1,0.55690604,-1,0,0.35483232,-1,0,0.35483232,-1,-1,0.5553174,1,-1,0.5553174,0,-1,0.5538342,0,-1,0.5538342,0,-1,0.5494975,-1,-1,0.5494975,-1,-1,0.555396,0,-1,0.5508158,0,-1,0.5508158,-1,-1,0.555396,0,0,0.36580986,0,0,0.36580986,1,0,0.36580986,1,-1,0.555396,0,0,0.36107844,1,0,0.36107844,1,0,0.36107844,1,0,0.36107844,1,0,0.36107844,1,0,0.36107844,1,-1,0.5470146,1,-1,0.5470146,1,-1,0.5470146,1,-1,0.5470146,1,-1,0.5470146,1,-1,0.5470146,1,-1,0.5470146,1,-1,0.5470146,1,-1,0.5470146,1,-1,0.5470146,1,-1,0.5470146,1,-1,0.5470146,1,0,0.3650302,0,0,0.3650302,0,0,0.3650302,0,0,0.3650302,0,0,0.3650302,0,0,0.3650302,0,-1,0.5551907,1,-1,0.5551907,1,-1,0.5551907,1,0,0.36580986,0,0,0.36580983,0,0,0.36580983,0,0,0.36580983,0,-1,0.5607914,0,-1,0.5607914,0,-1,0.5607914,0,-1,0.555707,1,-1,0.555707,1,-1,0.555707,0
     118,  39.73%,0.3171768707482993,1,0.3662082,0,1,0.3662082,0,1,0.3662082,1,1,0.3745449,0,1,0.3662082,0,1,0.3662082,1,0,0.39786807,0,0,0.39786807,0,0,0.39786807,0,0,0.39786807,0,0,0.39786807,1,1,0.3662082,0,1,0.3662082,0,0,0.39786807,0,1,0.3745449,0,0,0.39786807,0,1,0.3765411,0,1,0.3765411,0,1,0.38293296,0,1,0.38293296,0,0,0.41188163,0,0,0.41188163,0,1,0.3712945,0,1,0.3712945,0,1,0.36699542,0,1,0.36699542,0,1,0.38127747,0,1,0.38127747,0,1,0.3745449,0,1,0.37896758,0,1,0.37896758,0,1,0.3745449,0,0,0.414583,0,0,0.414583,0,0,0.414583,0,1,0.3745449,0,0,0.41049895,0,0,0.41049895,0,0,0.41049895,0,0,0.41049895,0,0,0.41049895,0,0,0.41049895,0,1,0.3800633,0,1,0.3800633,0,1,0.3800633,0,1,0.3800633,0,1,0.3800633,0,1,0.3800633,0,1,0.3800633,0,1,0.3800633,0,1,0.3800633,0,1,0.3800633,0,1,0.3800633,0,1,0.3800633,0,0,0.4042592,0,0,0.4042592,0,0,0.4042592,0,0,0.4042592,0,0,0.4042592,0,0,0.4042592,0,1,0.37427986,0,1,0.37427986,0,1,0.37427983,0,0,0.414583,0,0,0.414583,0,0,0.414583,0,0,0.414583,0,1,0.36692545,0,1,0.36692545,0,1,0.36692545,0,1,0.3724447,0,1,0.3724447,0,1,0.3724447,0
     119,  36.99%,0.18000000000000002,-1,0.4936531,0,-1,0.4936531,0,-1,0.4936531,0,-1,0.48222154,0,-1,0.4936531,0,-1,0.4936531,0,0,0.40848368,0,0,0.40848368,0,0,0.40848368,0,0,0.40848368,0,0,0.40848368,1,-1,0.4936531,0,-1,0.4936531,0,0,0.40848368,0,-1,0.48222154,0,0,0.40848368,0,-1,0.47302458,0,-1,0.47302458,0,-1,0.4769411,0,-1,0.4769411,0,0,0.4058131,0,0,0.4058131,0,-1,0.48693606,0,-1,0.48693606,0,-1,0.4974513,0,-1,0.4974513,0,-1,0.45606673,0,-1,0.45606673,0,-1,0.48222154,0,-1,0.48068082,0,-1,0.48068082,0,-1,0.48222157,0,0,0.4189986,0,0,0.4189986,0,0,0.4189986,0,-1,0.48222154,0,0,0.41187987,0,0,0.41187987,0,0,0.41187987,0,0,0.41187987,0,0,0.41187987,0,0,0.41187987,0,-1,0.45904532,0,-1,0.45904532,0,-1,0.45904532,0,-1,0.45904532,0,-1,0.45904532,0,-1,0.45904532,0,-1,0.45904532,0,-1,0.45904532,0,-1,0.45904532,0,-1,0.45904532,0,-1,0.45904532,0,-1,0.45904532,0,0,0.4063955,0,0,0.4063955,0,0,0.4063955,0,0,0.4063955,0,0,0.4063955,0,0,0.4063955,0,-1,0.49134803,0,-1,0.49134803,0,-1,0.49134803,0,0,0.4189986,0,0,0.4189986,0,0,0.4189986,0,0,0.4189986,0,-1,0.4932878,0,-1,0.4932878,0,-1,0.4932878,0,-1,0.4875315,0,-1,0.4875315,0,-1,0.4875315,0
     120,   0.00%,0.0,1,0.6096549,-1,1,0.6096549,-1,1,0.6096549,-1,1,0.6125087,0,1,0.6096549,-1,1,0.6096549,0,1,0.6938619,0,1,0.6938619,0,1,0.6938619,0,1,0.6938619,0,1,0.6938619,0,1,0.6096549,0,1,0.6096549,0,1,0.6938619,0,1,0.6125087,0,1,0.6938619,0,1,0.6125828,0,1,0.6125828,0,1,0.61436236,0,1,0.61436236,0,1,0.6938609,0,1,0.6938609,0,1,0.6126093,0,1,0.6126093,0,1,0.61322016,0,1,0.61322016,0,1,0.6180451,0,1,0.6180451,0,1,0.6125087,0,1,0.61318684,0,1,0.61318684,0,1,0.6125087,0,1,0.69433725,0,1,0.69433725,0,1,0.69433725,0,1,0.6125087,0,1,0.6982228,0,1,0.6982228,0,1,0.6982228,0,1,0.6982228,0,1,0.6982228,0,1,0.6982228,0,1,0.61775726,0,1,0.61775726,0,1,0.61775726,0,1,0.61775726,0,1,0.61775726,0,1,0.61775726,0,1,0.61775726,0,1,0.61775726,0,1,0.61775726,0,1,0.61775726,0,1,0.61775726,0,1,0.61775726,0,1,0.6920621,0,1,0.6920621,0,1,0.6920621,0,1,0.6920621,0,1,0.6920621,0,1,0.6920621,0,1,0.614662,0,1,0.614662,0,1,0.61466193,0,1,0.69433725,0,1,0.69433725,0,1,0.69433725,0,1,0.69433725,0,1,0.61059767,0,1,0.61059767,0,1,0.61059767,0,1,0.6136169,0,1,0.6136169,0,1,0.6136169,0
     121,  34.25%,0.3047619047619048,1,0.38602564,0,1,0.38602564,0,1,0.38602564,0,1,0.39039493,0,1,0.38602564,0,1,0.38602564,0,1,0.41432276,0,1,0.41432276,0,1,0.41432276,0,1,0.41432276,0,1,0.41432276,0,1,0.38602564,0,1,0.38602564,0,1,0.41432276,1,1,0.39039493,0,1,0.41432276,0,1,0.39109522,0,1,0.39109522,0,1,0.39333194,0,1,0.39333194,1,0,0.43085605,0,0,0.43085605,0,1,0.38858712,0,1,0.38858712,0,1,0.39018637,1,1,0.39018637,1,1,0.39000863,0,1,0.39000863,0,1,0.39039493,0,1,0.39338276,0,1,0.39338276,0,1,0.39039493,0,0,0.43520603,0,0,0.43520603,0,0,0.43520603,0,1,0.39039493,0,0,0.42687276,0,0,0.42687276,0,0,0.42687276,0,0,0.42687276,0,0,0.42687276,0,0,0.42687276,0,1,0.39136037,0,1,0.39136037,0,1,0.39136037,0,1,0.39136037,0,1,0.39136037,0,1,0.39136037,0,1,0.39136037,0,1,0.39136037,0,1,0.39136037,0,1,0.39136037,0,1,0.39136037,0,1,0.39136037,0,0,0.42811623,0,0,0.42811623,0,0,0.42811623,0,0,0.42811623,0,0,0.42811623,0,0,0.42811623,0,1,0.3909616,0,1,0.3909616,0,1,0.3909616,0,0,0.43520603,0,0,0.43520603,0,0,0.43520603,0,0,0.43520603,0,1,0.3886315,0,1,0.3886315,0,1,0.3886315,0,1,0.38961527,0,1,0.38961527,0,1,0.38961527,0
     122,  49.32%,0.2963917525773196,0,0.36903644,-1,0,0.36903644,-1,0,0.36903644,0,0,0.3705088,0,0,0.36903644,-1,0,0.36903644,0,1,0.4411838,-1,1,0.4411838,-1,1,0.4411838,0,1,0.4411838,0,1,0.4411838,1,0,0.36903644,0,0,0.36903644,0,1,0.4411838,0,0,0.3705088,0,1,0.4411838,1,0,0.37456328,1,0,0.37456328,0,0,0.37162656,1,0,0.37162656,1,1,0.43713018,0,1,0.43713018,0,0,0.36885145,-1,0,0.36885145,-1,0,0.36509955,1,0,0.36509955,0,0,0.38105148,-1,0,0.38105148,-1,0,0.3705088,0,1,0.37307966,0,1,0.37307966,0,0,0.37050873,0,0,0.4420555,0,0,0.4420555,1,0,0.4420555,0,0,0.3705088,0,0,0.44883236,1,0,0.44883236,0,0,0.44883236,1,0,0.44883236,1,0,0.44883236,0,0,0.44883236,1,0,0.38255885,1,0,0.38255885,1,0,0.38255885,1,0,0.38255885,1,0,0.38255885,1,0,0.38255885,1,0,0.38255885,1,0,0.38255885,1,0,0.38255885,1,0,0.38255885,1,0,0.38255885,1,0,0.38255885,1,0,0.44084042,0,0,0.44084042,0,0,0.44084042,0,0,0.44084042,0,0,0.44084042,0,0,0.44084042,0,1,0.3647591,1,1,0.3647591,1,1,0.3647591,1,0,0.4420555,0,0,0.4420555,0,0,0.4420555,0,0,0.4420555,0,0,0.3660355,0,0,0.3660355,0,0,0.3660355,0,0,0.36843252,0,0,0.36843252,0,0,0.36843252,0
     123,   1.37%,0.014492753623188406,-1,0.4154166,0,-1,0.4154166,0,-1,0.4154166,0,-1,0.40557122,0,-1,0.4154166,-1,-1,0.4154166,0,1,0.48788488,0,1,0.48788488,0,1,0.48788488,0,1,0.48788488,0,1,0.48788488,0,-1,0.4154166,0,-1,0.4154166,0,1,0.48788488,0,-1,0.40557122,0,1,0.48788488,0,-1,0.40609443,0,-1,0.40609443,0,-1,0.39931664,1,-1,0.39931664,1,1,0.4899132,0,1,0.4899132,0,-1,0.4114272,0,-1,0.4114272,0,-1,0.40622997,0,-1,0.40622997,0,-1,0.4064572,0,-1,0.4064572,0,-1,0.40557122,0,-1,0.39478263,0,-1,0.39478266,0,-1,0.40557122,0,1,0.4820214,0,1,0.4820214,0,1,0.4820214,0,-1,0.40557122,0,1,0.4920634,0,1,0.4920634,0,1,0.4920634,0,1,0.4920634,0,1,0.4920634,0,1,0.4920634,0,-1,0.3954786,0,-1,0.3954786,0,-1,0.3954786,0,-1,0.3954786,0,-1,0.3954786,0,-1,0.3954786,0,-1,0.3954786,0,-1,0.3954786,0,-1,0.3954786,0,-1,0.3954786,0,-1,0.3954786,0,-1,0.3954786,0,1,0.4913219,0,1,0.4913219,0,1,0.4913219,0,1,0.4913219,0,1,0.4913219,0,1,0.4913219,0,-1,0.40438345,0,-1,0.40438345,0,-1,0.4043834,0,1,0.48202145,0,1,0.48202133,0,1,0.48202133,0,1,0.48202133,0,-1,0.41297325,0,-1,0.41297325,0,-1,0.41297325,0,-1,0.4103082,0,-1,0.4103082,0,-1,0.4103082,0
     124,   0.00%,0.0,-1,0.5674432,0,-1,0.5674432,0,-1,0.5674432,0,-1,0.55748224,0,-1,0.5674432,0,-1,0.5674432,0,-1,0.3429924,0,-1,0.3429924,0,-1,0.3429924,0,-1,0.3429924,0,-1,0.3429924,0,-1,0.5674432,0,-1,0.5674432,0,-1,0.3429924,0,-1,0.55748224,0,-1,0.3429924,0,-1,0.55800885,0,-1,0.55800885,0,-1,0.55303925,0,-1,0.55303925,0,-1,0.34564796,0,-1,0.34564796,0,-1,0.5625337,0,-1,0.5625337,0,-1,0.5565049,0,-1,0.5565049,0,-1,0.5607789,0,-1,0.5607789,0,-1,0.55748224,0,-1,0.54797494,0,-1,0.54797494,0,-1,0.5574822,0,-1,0.34673905,0,-1,0.34673905,0,-1,0.34673905,0,-1,0.55748224,0,1,0.34188363,0,1,0.34188363,0,1,0.34188363,0,1,0.34188363,0,1,0.34188363,0,1,0.34188363,0,-1,0.5519115,0,-1,0.5519115,0,-1,0.5519115,0,-1,0.5519115,0,-1,0.5519115,0,-1,0.5519115,0,-1,0.5519115,0,-1,0.5519115,0,-1,0.5519115,0,-1,0.5519115,0,-1,0.5519115,0,-1,0.5519115,0,-1,0.33849737,0,-1,0.33849737,0,-1,0.33849737,0,-1,0.33849737,0,-1,0.33849737,0,-1,0.33849737,0,-1,0.5551459,0,-1,0.5551459,0,-1,0.555146,0,-1,0.34673905,0,-1,0.34673905,0,-1,0.34673905,0,-1,0.34673905,0,-1,0.5622751,0,-1,0.5622751,0,-1,0.5622751,0,-1,0.5604988,0,-1,0.5604988,0,-1,0.5604988,0
     125,  17.81%,0.13978494623655915,-1,0.45194578,-1,-1,0.45194578,-1,-1,0.45194578,0,-1,0.4476619,0,-1,0.45194578,-1,-1,0.45194578,0,1,0.46656552,0,1,0.46656552,-1,1,0.46656552,0,1,0.46656552,-1,1,0.46656552,0,-1,0.45194578,0,-1,0.45194578,0,1,0.46656552,0,-1,0.4476619,0,1,0.46656552,0,-1,0.44872397,1,-1,0.44872397,0,-1,0.44542652,-1,-1,0.44542652,-1,1,0.4296883,-1,1,0.4296883,-1,-1,0.44776607,-1,-1,0.44776607,-1,-1,0.44536692,-1,-1,0.44536692,-1,-1,0.44429934,-1,-1,0.44429934,-1,-1,0.4476619,0,-1,0.44171357,-1,-1,0.4417136,-1,-1,0.44766188,0,1,0.42349246,0,1,0.42349246,0,1,0.42349246,0,-1,0.4476619,0,1,0.49081308,0,1,0.49081308,0,1,0.49081308,0,1,0.49081308,0,1,0.49081308,0,1,0.49081308,0,-1,0.4358957,0,-1,0.4358957,0,-1,0.4358957,0,-1,0.4358957,0,-1,0.4358957,0,-1,0.4358957,0,-1,0.4358957,0,-1,0.4358957,0,-1,0.4358957,0,-1,0.4358957,0,-1,0.4358957,0,-1,0.4358957,0,1,0.46878657,0,1,0.46878657,0,1,0.46878657,0,1,0.46878657,0,1,0.46878657,0,1,0.46878657,0,-1,0.44627172,0,-1,0.44627172,0,-1,0.44627172,1,1,0.42349246,0,1,0.42349246,0,1,0.42349246,0,1,0.42349246,0,-1,0.45390296,0,-1,0.45390296,0,-1,0.45390296,0,-1,0.44837704,0,-1,0.44837704,0,-1,0.44837704,0
     126,  34.25%,0.2201144233664559,1,0.43049303,0,1,0.43049303,0,1,0.43049303,1,1,0.43602923,0,1,0.43049303,0,1,0.43049303,1,0,0.5239278,0,0,0.5239278,0,0,0.5239278,1,0,0.5239278,1,0,0.5239278,1,1,0.43049303,1,1,0.43049303,1,0,0.5239278,1,1,0.43602923,0,0,0.5239278,1,1,0.44003356,0,1,0.44003356,0,1,0.44530717,-1,1,0.44530717,-1,0,0.5357292,-1,0,0.5357292,-1,1,0.4316912,-1,1,0.4316912,-1,1,0.4229041,-1,1,0.4229041,-1,1,0.45003203,-1,1,0.45003203,-1,1,0.43602923,0,1,0.43450934,0,1,0.43450934,0,1,0.4360293,0,0,0.53400135,0,0,0.53400135,0,0,0.53400135,0,1,0.43602923,0,0,0.54106,0,0,0.54106,0,0,0.54106,0,0,0.54106,0,0,0.54106,0,0,0.54106,0,1,0.44908506,0,1,0.44908506,0,1,0.44908506,0,1,0.44908506,0,1,0.44908506,0,1,0.44908506,0,1,0.44908506,0,1,0.44908506,0,1,0.44908506,0,1,0.44908506,0,1,0.44908506,0,1,0.44908506,0,0,0.53869456,0,0,0.53869456,0,0,0.53869456,0,0,0.53869456,0,0,0.53869456,0,0,0.53869456,0,1,0.43118054,0,1,0.43118054,0,1,0.4311806,0,0,0.53400135,0,0,0.53400135,0,0,0.53400135,0,0,0.53400135,0,1,0.42975762,0,1,0.42975762,0,1,0.42975762,0,1,0.4330154,0,1,0.4330154,0,1,0.4330154,0
     127,   1.37%,0.014492753623188406,-1,0.3998735,0,-1,0.3998735,0,-1,0.3998735,0,-1,0.3846688,0,-1,0.3998735,-1,-1,0.3998735,0,1,0.4533727,0,1,0.4533727,0,1,0.4533727,0,1,0.4533727,0,1,0.4533727,0,-1,0.3998735,0,-1,0.3998735,0,1,0.4533727,0,-1,0.3846688,0,1,0.4533727,0,-1,0.38258427,0,-1,0.38258427,0,-1,0.37465683,0,-1,0.37465683,0,1,0.45212513,0,1,0.45212513,0,-1,0.3908069,0,-1,0.3908069,0,-1,0.3943014,0,-1,0.3943014,0,-1,0.37840766,0,-1,0.37840766,0,-1,0.3846688,0,-1,0.3750125,0,-1,0.3750125,0,-1,0.3846688,0,1,0.4604137,0,1,0.4604137,0,1,0.4604137,0,-1,0.3846688,0,1,0.4501846,0,1,0.4501846,0,1,0.4501846,0,1,0.4501846,0,1,0.4501846,0,1,0.4501846,0,-1,0.3722576,0,-1,0.3722576,0,-1,0.3722576,0,-1,0.3722576,0,-1,0.3722576,0,-1,0.3722576,0,-1,0.3722576,0,-1,0.3722576,0,-1,0.3722576,0,-1,0.3722576,0,-1,0.3722576,0,-1,0.3722576,0,1,0.45376712,0,1,0.45376712,0,1,0.45376712,0,1,0.45376712,0,1,0.45376712,0,1,0.45376712,0,-1,0.38382632,0,-1,0.38382632,0,-1,0.38382632,0,1,0.46041372,0,1,0.4604137,0,1,0.4604137,0,1,0.4604137,0,-1,0.3957114,0,-1,0.3957114,0,-1,0.3957114,0,-1,0.38876534,0,-1,0.38876534,0,-1,0.38876534,0
     128,   9.59%,0.06140350877192982,-1,0.4783708,0,-1,0.4783708,0,-1,0.4783708,1,-1,0.47058487,0,-1,0.4783708,0,-1,0.4783708,1,-1,0.4291744,0,-1,0.4291744,0,-1,0.4291744,1,-1,0.4291744,0,-1,0.4291744,1,-1,0.4783708,0,-1,0.4783708,0,-1,0.4291744,0,-1,0.47058487,0,-1,0.4291744,0,-1,0.46554455,0,-1,0.46554455,0,-1,0.4734579,0,-1,0.4734579,0,-1,0.38735348,0,-1,0.38735348,0,-1,0.47389203,0,-1,0.47389203,0,-1,0.46799392,0,-1,0.46799392,0,-1,0.47541395,0,-1,0.47541395,0,-1,0.47058487,0,-1,0.46039796,0,-1,0.460398,0,-1,0.47058487,0,0,0.37417364,0,0,0.37417364,0,0,0.37417364,0,-1,0.47058487,0,-1,0.43269664,0,-1,0.43269664,0,-1,0.43269664,0,-1,0.43269664,0,-1,0.43269664,0,-1,0.43269664,0,-1,0.47198433,0,-1,0.47198433,0,-1,0.47198433,0,-1,0.47198433,0,-1,0.47198433,0,-1,0.47198433,0,-1,0.47198433,0,-1,0.47198433,0,-1,0.47198433,0,-1,0.47198433,0,-1,0.47198433,0,-1,0.47198433,0,-1,0.41007996,0,-1,0.41007996,0,-1,0.41007996,0,-1,0.41007996,0,-1,0.41007996,0,-1,0.41007996,0,-1,0.4751214,0,-1,0.4751214,0,-1,0.4751214,0,0,0.3741737,0,0,0.37417367,0,0,0.37417367,0,0,0.37417367,0,-1,0.47682875,0,-1,0.47682875,0,-1,0.47682875,0,-1,0.47177055,0,-1,0.47177055,0,-1,0.47177055,0
     129,  52.05%,0.35800438596491224,-1,0.406698,-1,-1,0.406698,-1,-1,0.406698,0,-1,0.39168575,0,-1,0.406698,-1,-1,0.406698,0,0,0.4415875,0,0,0.4415875,0,0,0.4415875,-1,0,0.4415875,-1,0,0.4415875,0,-1,0.406698,0,-1,0.406698,0,0,0.4415875,0,-1,0.39168575,0,0,0.4415875,0,-1,0.38443032,0,-1,0.38443032,-1,-1,0.38400707,-1,-1,0.38400707,-1,1,0.4412013,-1,1,0.4412013,-1,-1,0.3966579,-1,-1,0.3966579,-1,-1,0.40165392,-1,-1,0.40165392,-1,-1,0.38236108,-1,-1,0.38236108,-1,-1,0.39168575,0,-1,0.38001862,-1,-1,0.38001862,-1,-1,0.39168578,0,0,0.45192707,0,0,0.45192707,1,0,0.45192707,0,-1,0.39168575,0,0,0.4414833,0,0,0.4414833,0,0,0.4414833,0,0,0.4414833,0,0,0.4414833,0,0,0.4414833,0,-1,0.3765415,0,-1,0.3765415,0,-1,0.3765415,0,-1,0.3765415,0,-1,0.3765415,-1,-1,0.3765415,0,-1,0.3765415,0,-1,0.3765415,0,-1,0.3765415,0,-1,0.3765415,0,-1,0.3765415,0,-1,0.3765415,0,0,0.44914255,0,0,0.44914255,0,0,0.44914255,0,0,0.44914255,0,0,0.44914255,0,0,0.44914255,0,-1,0.3943609,1,-1,0.3943609,1,-1,0.39436084,1,0,0.451927,0,0,0.451927,0,0,0.451927,0,0,0.451927,0,-1,0.40407607,0,-1,0.40407607,0,-1,0.40407607,0,-1,0.39493397,0,-1,0.39493397,0,-1,0.39493397,0
     130,   5.48%,0.03463203463203463,1,0.4312252,-1,1,0.4312252,-1,1,0.4312252,-1,1,0.4416668,0,1,0.4312252,-1,1,0.4312252,0,1,0.543782,-1,1,0.543782,-1,1,0.543782,0,1,0.543782,-1,1,0.543782,0,1,0.4312252,0,1,0.4312252,0,1,0.543782,0,1,0.4416668,0,1,0.543782,0,1,0.44719183,0,1,0.44719183,0,1,0.44468895,0,1,0.44468895,0,1,0.5351972,-1,1,0.5351972,-1,1,0.4401016,-1,1,0.4401016,-1,1,0.44013587,0,1,0.44013587,-1,1,0.44418785,-1,1,0.44418785,-1,1,0.4416668,0,1,0.4520845,0,1,0.45208448,-1,1,0.44166684,0,1,0.5341412,0,1,0.5341412,1,1,0.5341412,0,1,0.4416668,0,1,0.5340646,0,1,0.5340646,0,1,0.5340646,0,1,0.5340646,0,1,0.5340646,0,1,0.5340646,0,1,0.44978192,0,1,0.44978192,0,1,0.44978192,0,1,0.44978192,0,1,0.44978192,0,1,0.44978192,0,1,0.44978192,0,1,0.44978192,0,1,0.44978192,0,1,0.44978192,0,1,0.44978192,0,1,0.44978192,0,1,0.5341431,0,1,0.5341431,0,1,0.5341431,0,1,0.5341431,0,1,0.5341431,0,1,0.5341431,0,1,0.44136083,1,1,0.44136083,1,1,0.4413609,1,1,0.5341412,0,1,0.5341412,0,1,0.5341412,0,1,0.5341412,0,1,0.43321922,0,1,0.43321922,0,1,0.43321922,0,1,0.44251767,0,1,0.44251767,0,1,0.44251767,0
     131,   9.59%,0.06060606060606061,-1,0.48064095,0,-1,0.48064095,0,-1,0.48064095,1,-1,0.46254104,0,-1,0.48064095,0,-1,0.48064095,1,-1,0.41327876,0,-1,0.41327876,0,-1,0.41327876,0,-1,0.41327876,0,-1,0.41327876,1,-1,0.48064095,0,-1,0.48064095,0,-1,0.41327876,0,-1,0.46254104,0,-1,0.41327876,0,-1,0.45135647,0,-1,0.45135647,0,-1,0.45417696,0,-1,0.45417696,0,-1,0.43721232,0,-1,0.43721232,0,-1,0.46884763,0,-1,0.46884763,0,-1,0.4803044,0,-1,0.4803044,0,-1,0.43226826,0,-1,0.43226826,0,-1,0.46254104,0,-1,0.4562694,0,-1,0.45626935,0,-1,0.46254104,0,0,0.41060245,0,0,0.41060245,0,0,0.41060245,0,-1,0.46254104,0,-1,0.43341494,0,-1,0.43341494,0,-1,0.43341494,0,-1,0.43341494,0,-1,0.43341494,0,-1,0.43341494,0,-1,0.43548518,0,-1,0.43548518,0,-1,0.43548518,0,-1,0.43548518,0,-1,0.43548518,0,-1,0.43548518,0,-1,0.43548518,0,-1,0.43548518,0,-1,0.43548518,0,-1,0.43548518,0,-1,0.43548518,0,-1,0.43548518,0,-1,0.42605555,0,-1,0.42605555,0,-1,0.42605555,0,-1,0.42605555,0,-1,0.42605555,0,-1,0.42605555,0,-1,0.4707304,0,-1,0.4707304,0,-1,0.4707304,0,0,0.4106025,0,0,0.4106025,0,0,0.4106025,0,0,0.4106025,0,-1,0.48000458,0,-1,0.48000458,0,-1,0.48000458,0,-1,0.46667057,0,-1,0.46667057,0,-1,0.46667057,0
     132,   0.00%,0.0,1,0.41103125,0,1,0.41103125,0,1,0.41103125,0,1,0.41114178,0,1,0.41103125,0,1,0.41103125,0,1,0.5793585,0,1,0.5793585,0,1,0.5793585,0,1,0.5793585,0,1,0.5793585,0,1,0.41103125,0,1,0.41103125,0,1,0.5793585,0,1,0.41114178,0,1,0.5793585,0,1,0.4106078,0,1,0.4106078,-1,1,0.41437134,-1,1,0.41437134,-1,1,0.58202285,-1,1,0.58202285,-1,1,0.4113879,-1,1,0.4113879,-1,1,0.40859714,-1,1,0.40859714,-1,1,0.41505688,-1,1,0.41505688,-1,1,0.41114178,0,1,0.40909207,-1,1,0.40909207,-1,1,0.4111418,0,1,0.58455783,0,1,0.58455783,0,1,0.58455783,0,1,0.41114178,0,1,0.5919524,0,1,0.5919524,0,1,0.5919524,0,1,0.5919524,0,1,0.5919524,0,1,0.5919524,0,1,0.41707507,0,1,0.41707507,0,1,0.41707507,0,1,0.41707507,0,1,0.41707507,0,1,0.41707507,0,1,0.41707507,0,1,0.41707507,0,1,0.41707507,0,1,0.41707507,0,1,0.41707507,0,1,0.41707507,0,1,0.5881185,0,1,0.5881185,0,1,0.5881185,0,1,0.5881185,0,1,0.5881185,0,1,0.5881185,0,1,0.41194594,0,1,0.41194594,0,1,0.41194594,0,1,0.58455783,0,1,0.58455783,0,1,0.58455783,0,1,0.58455783,0,1,0.41137263,0,1,0.41137263,0,1,0.41137263,0,1,0.4108088,0,1,0.4108088,0,1,0.4108088,0
     133,  54.79%,0.3788034188034188,-1,0.5036045,0,-1,0.5036045,0,-1,0.5036045,0,-1,0.48700812,0,-1,0.5036045,0,-1,0.5036045,0,0,0.44605646,0,0,0.44605646,0,0,0.44605646,0,0,0.44605646,0,0,0.44605646,0,-1,0.5036045,-1,-1,0.5036045,-1,0,0.44605646,-1,-1,0.48700812,0,0,0.44605646,-1,-1,0.4835967,0,-1,0.4835967,0,-1,0.47850132,1,-1,0.47850132,1,0,0.44047898,0,0,0.44047898,0,-1,0.49419704,1,-1,0.49419704,1,-1,0.49911064,0,-1,0.49911064,0,-1,0.47734708,0,-1,0.47734708,0,-1,0.48700812,0,-1,0.47620684,0,-1,0.4762068,0,-1,0.4870081,0,0,0.45236015,0,0,0.45236015,1,0,0.45236015,0,-1,0.48700812,0,0,0.45752403,0,0,0.45752403,0,0,0.45752403,0,0,0.45752403,0,0,0.45752403,0,0,0.45752403,0,-1,0.4717229,-1,-1,0.4717229,-1,-1,0.4717229,-1,-1,0.4717229,-1,-1,0.4717229,-1,-1,0.4717229,-1,-1,0.4717229,-1,-1,0.4717229,-1,-1,0.4717229,-1,-1,0.4717229,-1,-1,0.4717229,-1,-1,0.4717229,-1,0,0.4433622,0,0,0.4433622,0,0,0.4433622,0,0,0.4433622,0,0,0.4433622,0,0,0.4433622,0,-1,0.48945782,-1,-1,0.48945782,-1,-1,0.4894578,-1,0,0.45236015,0,0,0.45236015,0,0,0.45236015,1,0,0.45236015,-1,-1,0.50058657,0,-1,0.50058657,0,-1,0.50058657,0,-1,0.4930685,0,-1,0.4930685,0,-1,0.4930685,0
     134,   1.37%,0.016260162601626018,-1,0.41986987,0,-1,0.41986987,0,-1,0.41986987,0,-1,0.42189828,0,-1,0.41986987,0,-1,0.41986987,0,1,0.4667729,0,1,0.4667729,0,1,0.4667729,0,1,0.4667729,0,1,0.4667729,0,-1,0.41986987,0,-1,0.41986987,0,1,0.4667729,0,-1,0.42189828,0,1,0.4667729,0,-1,0.42476398,0,-1,0.42476398,0,-1,0.42184177,0,-1,0.42184177,0,1,0.43181792,0,1,0.43181792,0,-1,0.42195696,0,-1,0.42195696,0,-1,0.41557378,0,-1,0.41557378,0,-1,0.42687973,0,-1,0.42687973,0,-1,0.42189828,0,-1,0.42260706,0,-1,0.42260706,0,-1,0.42189828,0,1,0.42438307,0,1,0.42438307,0,1,0.42438307,0,-1,0.42189828,0,1,0.4860961,0,1,0.4860961,0,1,0.4860961,1,1,0.4860961,0,1,0.4860961,0,1,0.4860961,0,-1,0.42392376,1,-1,0.42392376,1,-1,0.42392376,1,-1,0.42392376,1,-1,0.42392376,1,-1,0.42392376,1,-1,0.42392376,1,-1,0.42392376,1,-1,0.42392376,1,-1,0.42392376,1,-1,0.42392376,1,-1,0.42392376,1,1,0.46040937,0,1,0.46040937,0,1,0.46040937,0,1,0.46040937,0,1,0.46040937,0,1,0.46040937,0,-1,0.41997898,0,-1,0.41997898,0,-1,0.41997898,0,1,0.42438307,0,1,0.42438307,0,1,0.42438307,0,1,0.42438307,0,-1,0.41830978,0,-1,0.41830978,0,-1,0.41830978,0,-1,0.42224482,0,-1,0.42224482,0,-1,0.42224482,0
     135,   4.11%,0.039473684210526314,1,0.47771516,0,1,0.47771516,0,1,0.47771516,0,1,0.47594273,0,1,0.47771516,0,1,0.47771516,0,1,0.6094757,0,1,0.6094757,0,1,0.6094757,0,1,0.6094757,0,1,0.6094757,0,1,0.47771516,0,1,0.47771516,0,1,0.6094757,0,1,0.47594273,0,1,0.6094757,0,1,0.47536412,0,1,0.47536412,0,1,0.4744828,0,1,0.4744828,0,1,0.5985409,0,1,0.5985409,0,1,0.4768494,0,1,0.4768494,0,1,0.48075435,0,1,0.48075435,0,1,0.47751948,0,1,0.47751948,0,1,0.47594273,0,1,0.4752254,0,1,0.4752254,0,1,0.4759427,0,1,0.60092777,0,1,0.60092777,0,1,0.60092777,0,1,0.47594273,0,1,0.6197022,0,1,0.6197022,0,1,0.6197022,0,1,0.6197022,0,1,0.6197022,0,1,0.6197022,0,1,0.48147303,0,1,0.48147303,0,1,0.48147303,0,1,0.48147303,0,1,0.48147303,0,1,0.48147303,0,1,0.48147303,1,1,0.48147303,0,1,0.48147303,1,1,0.48147303,0,1,0.48147303,0,1,0.48147303,1,1,0.609493,0,1,0.609493,0,1,0.609493,0,1,0.609493,0,1,0.609493,0,1,0.609493,0,1,0.47660172,0,1,0.47660172,0,1,0.47660175,0,1,0.6009278,0,1,0.6009278,0,1,0.6009278,0,1,0.6009278,0,1,0.47754583,0,1,0.47754583,0,1,0.47754583,0,1,0.4765265,0,1,0.4765265,0,1,0.4765265,0
     136,  61.64%,0.3813559322033898,0,0.4751029,0,0,0.4751029,0,0,0.4751029,0,0,0.47295687,0,0,0.4751029,0,0,0.4751029,0,1,0.6142485,0,1,0.6142485,0,1,0.6142485,0,1,0.6142485,0,1,0.6142485,0,0,0.4751029,0,0,0.4751029,0,1,0.6142485,0,0,0.47295687,0,1,0.6142485,0,0,0.47090298,0,0,0.47090298,0,0,0.46895787,0,0,0.46895787,0,1,0.622133,0,1,0.622133,0,0,0.4713572,0,0,0.4713572,0,0,0.47578564,0,0,0.47578564,0,0,0.46035475,0,0,0.46035475,0,0,0.47295687,0,0,0.4759853,0,0,0.4759853,0,0,0.4729568,0,1,0.6267639,0,1,0.6267639,0,1,0.6267639,0,0,0.47295687,0,1,0.6225385,0,1,0.6225385,0,1,0.6225385,0,1,0.6225385,0,1,0.6225385,0,1,0.6225385,0,0,0.4646166,0,0,0.4646166,0,0,0.4646166,0,0,0.4646166,0,0,0.4646166,0,0,0.4646166,0,0,0.4646166,0,0,0.4646166,0,0,0.4646166,0,0,0.4646166,0,0,0.4646166,0,0,0.4646166,0,1,0.6197842,0,1,0.6197842,0,1,0.6197842,0,1,0.6197842,0,1,0.6197842,0,1,0.6197842,0,0,0.4716949,0,0,0.4716949,0,0,0.47169486,0,1,0.6267639,0,1,0.6267639,0,1,0.6267639,0,1,0.6267639,0,0,0.47461933,0,0,0.47461933,0,0,0.47461933,0,0,0.47006097,0,0,0.47006097,0,0,0.47006097,0
     137,  43.84%,0.2591673559415495,-1,0.35413635,0,-1,0.35413635,0,-1,0.35413635,1,0,0.34360474,0,-1,0.35413635,0,-1,0.35413635,1,0,0.6420429,0,0,0.6420429,0,0,0.6420429,1,0,0.6420429,0,0,0.6420429,1,-1,0.35413635,1,-1,0.35413635,1,0,0.6420429,1,0,0.34360474,0,0,0.6420429,0,0,0.34533423,0,0,0.34533423,0,0,0.3492712,1,0,0.3492712,1,0,0.6327721,1,0,0.6327721,1,-1,0.34664863,0,-1,0.34664863,0,-1,0.35025355,1,-1,0.35025355,1,0,0.3590141,0,0,0.3590141,0,0,0.34360474,0,0,0.3444538,0,0,0.3444538,0,0,0.34360477,0,0,0.6476892,0,0,0.6476892,0,0,0.6476892,0,0,0.34360474,0,0,0.65272844,-1,0,0.65272844,-1,0,0.65272844,-1,0,0.65272844,-1,0,0.65272844,0,0,0.65272844,0,0,0.3634901,-1,0,0.3634901,-1,0,0.3634901,-1,0,0.3634901,-1,0,0.3634901,-1,0,0.3634901,-1,0,0.3634901,-1,0,0.3634901,-1,0,0.3634901,-1,0,0.3634901,-1,0,0.3634901,-1,0,0.3634901,-1,0,0.6435475,0,0,0.6435475,0,0,0.6435475,0,0,0.6435475,0,0,0.6435475,0,0,0.6435475,0,-1,0.3433196,-1,-1,0.3433196,-1,-1,0.3433196,-1,0,0.6476892,0,0,0.6476892,1,0,0.6476892,0,0,0.6476892,0,-1,0.35311177,0,-1,0.35311177,0,-1,0.35311177,0,-1,0.3464723,0,-1,0.3464723,0,-1,0.3464723,0
     138,  38.36%,0.26127150109873454,-1,0.4094762,0,-1,0.4094762,0,-1,0.4094762,0,-1,0.40187645,0,-1,0.4094762,-1,-1,0.4094762,0,0,0.40207478,1,0,0.40207478,0,0,0.40207478,1,0,0.40207478,0,0,0.40207478,0,-1,0.4094762,0,-1,0.4094762,0,0,0.40207478,0,-1,0.40187645,0,0,0.40207478,0,-1,0.39983547,0,-1,0.39983547,0,-1,0.39515182,0,-1,0.39515182,0,0,0.43558276,0,0,0.43558276,0,-1,0.40572807,0,-1,0.40572807,0,-1,0.41070172,1,-1,0.41070172,1,-1,0.39617726,-1,-1,0.39617726,-1,-1,0.40187645,0,-1,0.39895976,0,-1,0.39895976,0,-1,0.40187645,0,0,0.4271165,0,0,0.4271165,1,0,0.4271165,0,-1,0.40187645,0,0,0.4201798,1,0,0.4201798,0,0,0.4201798,1,0,0.4201798,0,0,0.4201798,1,0,0.4201798,1,-1,0.39568496,-1,-1,0.39568496,-1,-1,0.39568496,0,-1,0.39568496,0,-1,0.39568496,-1,-1,0.39568496,0,-1,0.39568496,-1,-1,0.39568496,-1,-1,0.39568496,0,-1,0.39568496,0,-1,0.39568496,0,-1,0.39568496,0,0,0.4163061,0,0,0.4163061,0,0,0.4163061,0,0,0.4163061,0,0,0.4163061,0,0,0.4163061,0,-1,0.40499187,0,-1,0.40499187,0,-1,0.40499187,0,0,0.4271165,0,0,0.4271165,1,0,0.4271165,0,0,0.4271165,0,-1,0.4078366,0,-1,0.4078366,0,-1,0.4078366,0,-1,0.40657386,0,-1,0.40657386,0,-1,0.40657386,0
     139,  42.47%,0.1987179487179487,1,0.35282385,-1,1,0.35282385,-1,1,0.35282385,-1,1,0.3651408,0,1,0.35282385,-1,1,0.35282385,-1,1,0.47738746,0,1,0.47738746,0,1,0.47738746,-1,1,0.47738746,0,1,0.47738746,0,1,0.35282385,-1,1,0.35282385,-1,1,0.47738746,0,1,0.3651408,0,1,0.47738746,0,1,0.3698407,1,1,0.3698407,1,1,0.37357897,1,1,0.37357897,1,0,0.44721004,1,0,0.44721004,1,1,0.36070406,1,1,0.36070406,1,1,0.35520378,1,1,0.35520378,1,1,0.383343,0,1,0.383343,0,1,0.3651408,0,1,0.37006772,0,1,0.37006772,0,1,0.3651408,0,1,0.45040822,1,1,0.45040822,1,1,0.45040822,1,1,0.3651408,0,1,0.45965257,1,1,0.45965257,1,1,0.45965257,1,1,0.45965257,1,1,0.45965257,1,1,0.45965257,1,1,0.38487098,1,1,0.38487098,1,1,0.38487098,1,1,0.38487098,1,1,0.38487098,1,1,0.38487098,1,1,0.38487098,1,1,0.38487098,1,1,0.38487098,1,1,0.38487098,1,1,0.38487098,1,1,0.38487098,1,1,0.46332934,-1,1,0.46332934,0,1,0.46332934,0,1,0.46332934,0,1,0.46332934,0,1,0.46332934,-1,1,0.36169103,-1,1,0.36169103,-1,1,0.36169103,-1,1,0.45040822,0,1,0.45040822,0,1,0.45040822,0,1,0.45040822,0,1,0.35361063,0,1,0.35361063,0,1,0.35361063,0,1,0.3616284,1,1,0.3616284,1,1,0.3616284,0
     140,   8.22%,0.05063291139240506,-1,0.55606896,-1,-1,0.55606896,-1,-1,0.55606896,0,-1,0.5496056,0,-1,0.55606896,1,-1,0.55606896,0,-1,0.6414705,1,-1,0.6414705,1,-1,0.6414705,1,-1,0.6414705,1,-1,0.6414705,1,-1,0.55606896,-1,-1,0.55606896,-1,-1,0.6414705,-1,-1,0.5496056,0,-1,0.6414705,-1,-1,0.550466,1,-1,0.550466,1,-1,0.5495602,1,-1,0.5495602,1,-1,0.6450578,1,-1,0.6450578,1,-1,0.55117446,0,-1,0.55117446,0,-1,0.54721516,0,-1,0.54721516,0,-1,0.5645384,1,-1,0.5645384,1,-1,0.5496056,0,-1,0.5380696,1,-1,0.5380696,1,-1,0.5496056,0,-1,0.641704,1,-1,0.641704,1,-1,0.641704,1,-1,0.5496056,0,-1,0.64028794,1,-1,0.64028794,1,-1,0.64028794,1,-1,0.64028794,1,-1,0.64028794,1,-1,0.64028794,1,-1,0.5591178,1,-1,0.5591178,1,-1,0.5591178,1,-1,0.5591178,1,-1,0.5591178,1,-1,0.5591178,1,-1,0.5591178,1,-1,0.5591178,1,-1,0.5591178,1,-1,0.5591178,1,-1,0.5591178,1,-1,0.5591178,1,-1,0.6465504,1,-1,0.6465504,1,-1,0.6465504,1,-1,0.6465504,1,-1,0.6465504,1,-1,0.6465504,1,-1,0.54802287,0,-1,0.54802287,0,-1,0.5480228,0,-1,0.641704,0,-1,0.641704,0,-1,0.641704,0,-1,0.641704,1,-1,0.5539754,0,-1,0.5539754,0,-1,0.5539754,0,-1,0.55193055,1,-1,0.55193055,1,-1,0.55193055,1
     141, 100.00%,1.0,0,0.9999797,0,0,0.9999797,0,0,0.9999797,0,0,0.9999802,0,0,0.9999797,0,0,0.9999797,0,0,0.99999017,0,0,0.99999017,0,0,0.99999017,0,0,0.99999017,0,0,0.99999017,0,0,0.9999797,0,0,0.9999797,0,0,0.99999017,0,0,0.9999802,0,0,0.99999017,0,0,0.9999812,0,0,0.9999812,0,0,0.99997765,0,0,0.99997765,0,0,0.99998975,0,0,0.99998975,0,0,0.99998057,0,0,0.99998057,0,0,0.99998224,0,0,0.99998224,0,0,0.9999788,0,0,0.9999788,0,0,0.9999802,0,0,0.9999822,0,0,0.9999822,0,0,0.9999802,0,0,0.999992,0,0,0.999992,0,0,0.999992,0,0,0.9999802,0,0,0.9999902,0,0,0.9999902,0,0,0.9999902,0,0,0.9999902,0,0,0.9999902,0,0,0.9999902,0,0,0.9999808,0,0,0.9999808,0,0,0.9999808,0,0,0.9999808,0,0,0.9999808,0,0,0.9999808,0,0,0.9999808,0,0,0.9999808,0,0,0.9999808,0,0,0.9999808,0,0,0.9999808,0,0,0.9999808,0,0,0.99999124,0,0,0.99999124,0,0,0.99999124,0,0,0.99999124,0,0,0.99999124,0,0,0.99999124,0,0,0.9999789,0,0,0.9999789,0,0,0.9999789,0,0,0.999992,0,0,0.999992,0,0,0.999992,0,0,0.999992,0,0,0.9999792,0,0,0.9999792,0,0,0.9999792,0,0,0.99998075,0,0,0.99998075,0,0,0.99998075,0
     142, 100.00%,1.0,0,0.7447233,0,0,0.7447233,0,0,0.7447233,0,0,0.7470426,0,0,0.7447233,0,0,0.7447233,0,0,0.77413255,0,0,0.77413255,0,0,0.77413255,0,0,0.77413255,0,0,0.77413255,0,0,0.7447233,0,0,0.7447233,0,0,0.77413255,0,0,0.7470426,0,0,0.77413255,0,0,0.75185746,0,0,0.75185746,0,0,0.7402907,0,0,0.7402907,0,0,0.7980236,0,0,0.7980236,0,0,0.74905413,0,0,0.74905413,0,0,0.7510719,0,0,0.7510719,0,0,0.74468917,0,0,0.74468917,0,0,0.7470426,0,0,0.74996716,0,0,0.7499671,0,0,0.74704254,0,0,0.8082601,0,0,0.8082601,0,0,0.8082601,0,0,0.7470426,0,0,0.77179813,0,0,0.77179813,0,0,0.77179813,0,0,0.77179813,0,0,0.77179813,0,0,0.77179813,0,0,0.74224275,0,0,0.74224275,0,0,0.74224275,0,0,0.74224275,0,0,0.74224275,0,0,0.74224275,0,0,0.74224275,0,0,0.74224275,0,0,0.74224275,0,0,0.74224275,0,0,0.74224275,0,0,0.74224275,0,0,0.78026426,0,0,0.78026426,0,0,0.78026426,0,0,0.78026426,0,0,0.78026426,0,0,0.78026426,0,0,0.74577826,0,0,0.74577826,0,0,0.74577826,0,0,0.8082601,0,0,0.8082601,0,0,0.8082601,0,0,0.8082601,0,0,0.7473651,0,0,0.7473651,0,0,0.7473651,0,0,0.7507173,0,0,0.7507173,0,0,0.7507173,0
     143, 100.00%,1.0,0,0.81459814,0,0,0.81459814,0,0,0.81459814,0,0,0.81890917,0,0,0.81459814,0,0,0.81459814,0,0,0.90874183,0,0,0.90874183,0,0,0.90874183,0,0,0.90874183,0,0,0.90874183,0,0,0.81459814,0,0,0.81459814,0,0,0.90874183,0,0,0.81890917,0,0,0.90874183,0,0,0.8257916,0,0,0.8257916,0,0,0.81714857,0,0,0.81714857,0,0,0.90806794,0,0,0.90806794,0,0,0.81887466,0,0,0.81887466,0,0,0.8148026,0,0,0.8148026,0,0,0.8289805,0,0,0.8289805,0,0,0.81890917,0,0,0.8207089,0,0,0.8207089,0,0,0.81890917,0,0,0.9177106,0,0,0.9177106,0,0,0.9177106,0,0,0.81890917,0,0,0.9120036,0,0,0.9120036,0,0,0.9120036,0,0,0.9120036,0,0,0.9120036,0,0,0.9120036,0,0,0.8279778,0,0,0.8279778,0,0,0.8279778,0,0,0.8279778,0,0,0.8279778,0,0,0.8279778,0,0,0.8279778,0,0,0.8279778,0,0,0.8279778,0,0,0.8279778,0,0,0.8279778,0,0,0.8279778,0,0,0.9111254,0,0,0.9111254,0,0,0.9111254,0,0,0.9111254,0,0,0.9111254,0,0,0.9111254,0,0,0.8146228,0,0,0.8146228,0,0,0.8146228,0,0,0.9177107,0,0,0.9177106,0,0,0.9177106,0,0,0.9177106,0,0,0.8143949,0,0,0.8143949,0,0,0.8143949,0,0,0.8199858,0,0,0.8199858,0,0,0.8199858,0
     144, 100.00%,1.0,0,0.9988773,0,0,0.9988773,0,0,0.9988773,0,0,0.99885964,0,0,0.9988773,0,0,0.9988773,0,0,0.99947876,0,0,0.99947876,0,0,0.99947876,0,0,0.99947876,0,0,0.99947876,0,0,0.9988773,0,0,0.9988773,0,0,0.99947876,0,0,0.99885964,0,0,0.99947876,0,0,0.9989056,0,0,0.9989056,0,0,0.99875057,0,0,0.99875057,0,0,0.9994907,0,0,0.9994907,0,0,0.9989192,0,0,0.9989192,0,0,0.9989907,0,0,0.9989907,0,0,0.9988228,0,0,0.9988228,0,0,0.99885964,0,0,0.9989113,0,0,0.9989113,0,0,0.99885964,0,0,0.99956876,0,0,0.99956876,0,0,0.99956876,0,0,0.99885964,0,0,0.99947906,0,0,0.99947906,0,0,0.99947906,0,0,0.99947906,0,0,0.99947906,0,0,0.99947906,0,0,0.99888134,0,0,0.99888134,0,0,0.99888134,0,0,0.99888134,0,0,0.99888134,0,0,0.99888134,0,0,0.99888134,0,0,0.99888134,0,0,0.99888134,0,0,0.99888134,0,0,0.99888134,0,0,0.99888134,0,0,0.999527,0,0,0.999527,0,0,0.999527,0,0,0.999527,0,0,0.999527,0,0,0.999527,0,0,0.99885917,0,0,0.99885917,0,0,0.99885917,0,0,0.99956876,0,0,0.99956876,0,0,0.99956876,0,0,0.99956876,0,0,0.9988563,0,0,0.9988563,0,0,0.9988563,0,0,0.99896634,0,0,0.99896634,0,0,0.99896634,0
     145,  13.70%,0.08032128514056225,-1,0.47826555,0,-1,0.47826555,1,-1,0.47826555,0,-1,0.4660115,0,-1,0.47826555,0,-1,0.47826555,1,-1,0.62103343,1,-1,0.62103343,1,-1,0.62103343,0,-1,0.62103343,0,-1,0.62103343,0,-1,0.47826555,0,-1,0.47826555,0,-1,0.62103343,0,-1,0.4660115,0,-1,0.62103343,0,-1,0.46015856,0,-1,0.46015856,0,-1,0.46188158,0,-1,0.46188158,0,-1,0.6507512,0,-1,0.6507512,0,-1,0.47083476,0,-1,0.47083476,0,-1,0.47367772,0,-1,0.47367772,0,-1,0.46298176,0,-1,0.46298176,0,-1,0.4660115,0,-1,0.45652398,0,-1,0.45652398,0,-1,0.4660115,0,-1,0.6388955,0,-1,0.6388955,0,-1,0.6388955,0,-1,0.4660115,0,-1,0.6317858,0,-1,0.6317858,0,-1,0.6317858,0,-1,0.6317858,0,-1,0.6317858,1,-1,0.6317858,1,-1,0.46450245,-1,-1,0.46450245,-1,-1,0.46450245,-1,-1,0.46450245,-1,-1,0.46450245,-1,-1,0.46450245,0,-1,0.46450245,-1,-1,0.46450245,-1,-1,0.46450245,0,-1,0.46450245,0,-1,0.46450245,0,-1,0.46450245,0,-1,0.6410991,0,-1,0.6410991,0,-1,0.6410991,0,-1,0.6410991,0,-1,0.6410991,0,-1,0.6410991,0,-1,0.4685538,-1,-1,0.4685538,-1,-1,0.4685538,-1,-1,0.6388955,0,-1,0.6388956,0,-1,0.6388956,0,-1,0.6388956,0,-1,0.4755493,0,-1,0.4755493,0,-1,0.4755493,0,-1,0.4688303,0,-1,0.4688303,0,-1,0.4688303,0
     146,  63.01%,0.257703081232493,0,0.3651001,0,0,0.3651001,0,0,0.3651001,1,0,0.36675286,0,0,0.3651001,1,0,0.3651001,0,0,0.5243146,0,0,0.5243146,0,0,0.5243146,0,0,0.5243146,0,0,0.5243146,0,0,0.3651001,1,0,0.3651001,1,0,0.5243146,0,0,0.36675286,0,0,0.5243146,-1,0,0.36797765,0,0,0.36797765,0,0,0.36686024,1,0,0.36686024,1,0,0.52592134,0,0,0.52592134,0,0,0.36642247,0,0,0.36642247,0,0,0.36369008,1,0,0.36369008,1,0,0.37265638,-1,0,0.37265638,-1,0,0.36675286,0,0,0.36597806,0,0,0.36597806,0,0,0.36675283,0,0,0.542323,0,0,0.542323,0,0,0.542323,0,0,0.36675286,0,0,0.5390578,1,0,0.5390578,1,0,0.5390578,1,0,0.5390578,1,0,0.5390578,1,0,0.5390578,0,0,0.37325603,0,0,0.37325603,0,0,0.37325603,0,0,0.37325603,0,0,0.37325603,0,0,0.37325603,0,0,0.37325603,0,0,0.37325603,-1,0,0.37325603,0,0,0.37325603,0,0,0.37325603,0,0,0.37325603,0,0,0.5346362,1,0,0.5346362,1,0,0.5346362,1,0,0.5346362,1,0,0.5346362,1,0,0.5346362,1,0,0.36513254,1,0,0.36513254,1,0,0.36513257,1,0,0.542323,0,0,0.542323,0,0,0.542323,1,0,0.542323,0,0,0.36536896,0,0,0.36536896,0,0,0.36536896,0,0,0.3662364,0,0,0.3662364,0,0,0.3662364,0
     147,   0.00%,0.0,1,0.44178277,0,1,0.44178277,0,1,0.44178277,0,1,0.4406809,0,1,0.44178277,0,1,0.44178277,0,1,0.42045817,0,1,0.42045817,-1,1,0.42045817,0,1,0.42045817,0,1,0.42045817,0,1,0.44178277,0,1,0.44178277,0,1,0.42045817,0,1,0.4406809,0,1,0.42045817,0,1,0.4351164,0,1,0.4351164,0,1,0.44187424,0,1,0.44187424,0,1,0.40612692,0,1,0.40612692,0,1,0.44156307,0,1,0.44156307,0,1,0.44790515,0,1,0.44790515,0,1,0.4208565,0,1,0.4208565,0,1,0.4406809,0,1,0.4439896,0,1,0.4439896,0,1,0.4406809,0,1,0.37122956,0,1,0.37122956,0,1,0.37122956,0,1,0.4406809,0,1,0.4413454,0,1,0.4413454,0,1,0.4413454,0,1,0.4413454,0,1,0.4413454,0,1,0.4413454,0,1,0.42286786,0,1,0.42286786,0,1,0.42286786,0,1,0.42286786,0,1,0.42286786,0,1,0.42286786,0,1,0.42286786,0,1,0.42286786,0,1,0.42286786,0,1,0.42286786,0,1,0.42286786,0,1,0.42286786,0,1,0.40580916,0,1,0.40580916,0,1,0.40580916,0,1,0.40580916,0,1,0.40580916,0,1,0.40580916,0,1,0.44830602,0,1,0.44830602,0,1,0.44830602,0,1,0.3712295,0,1,0.37122956,0,1,0.37122956,0,1,0.37122956,0,1,0.44529048,0,1,0.44529048,0,1,0.44529048,0,1,0.44216374,0,1,0.44216374,0,1,0.44216374,0
     148,   0.00%,0.0,1,0.4503424,0,1,0.4503424,0,1,0.4503424,0,1,0.4513556,0,1,0.4503424,0,1,0.4503424,0,1,0.5390502,0,1,0.5390502,0,1,0.5390502,0,1,0.5390502,0,1,0.5390502,0,1,0.4503424,0,1,0.4503424,0,1,0.5390502,0,1,0.4513556,0,1,0.5390502,0,1,0.4481029,0,1,0.4481029,0,1,0.45475268,0,1,0.45475268,0,1,0.51888347,0,1,0.51888347,0,1,0.45097953,0,1,0.45097953,0,1,0.45452988,0,1,0.45452988,0,1,0.44655028,0,1,0.44655028,0,1,0.4513556,0,1,0.45204943,0,1,0.45204943,0,1,0.45135567,0,1,0.49140587,0,1,0.49140587,0,1,0.49140587,0,1,0.4513556,0,1,0.56156754,0,1,0.56156754,0,1,0.56156754,0,1,0.56156754,0,1,0.56156754,0,1,0.56156754,0,1,0.44707617,0,1,0.44707617,0,1,0.44707617,0,1,0.44707617,0,1,0.44707617,0,1,0.44707617,0,1,0.44707617,0,1,0.44707617,0,1,0.44707617,0,1,0.44707617,0,1,0.44707617,0,1,0.44707617,0,1,0.53378326,0,1,0.53378326,0,1,0.53378326,0,1,0.53378326,0,1,0.53378326,0,1,0.53378326,0,1,0.45526904,0,1,0.45526904,0,1,0.45526904,0,1,0.49140587,0,1,0.49140587,0,1,0.49140587,0,1,0.49140587,0,1,0.45271227,0,1,0.45271227,0,1,0.45271227,0,1,0.45128995,0,1,0.45128995,0,1,0.45128995,0
     149, 100.00%,1.0,0,0.6033011,0,0,0.6033011,0,0,0.6033011,0,0,0.60334396,0,0,0.6033011,0,0,0.6033011,0,0,0.6901933,0,0,0.6901933,0,0,0.6901933,0,0,0.6901933,0,0,0.6901933,0,0,0.6033011,0,0,0.6033011,0,0,0.6901933,0,0,0.60334396,0,0,0.6901933,0,0,0.6080585,0,0,0.6080585,0,0,0.59788734,0,0,0.59788734,0,0,0.70626867,0,0,0.70626867,0,0,0.60353124,0,0,0.60353124,0,0,0.5990465,0,0,0.5990465,0,0,0.6223572,0,0,0.6223572,0,0,0.60334396,0,0,0.5981492,0,0,0.5981492,0,0,0.6033439,0,0,0.73454547,0,0,0.73454547,0,0,0.73454547,0,0,0.60334396,0,0,0.674603,0,0,0.674603,0,0,0.674603,0,0,0.674603,0,0,0.674603,0,0,0.674603,0,0,0.61989963,0,0,0.61989963,0,0,0.61989963,0,0,0.61989963,0,0,0.61989963,0,0,0.61989963,0,0,0.61989963,0,0,0.61989963,0,0,0.61989963,0,0,0.61989963,0,0,0.61989963,0,0,0.61989963,0,0,0.70132685,0,0,0.70132685,0,0,0.70132685,0,0,0.70132685,0,0,0.70132685,0,0,0.70132685,0,0,0.59622276,0,0,0.59622276,0,0,0.59622276,0,0,0.73454547,0,0,0.73454547,0,0,0.73454547,0,0,0.73454547,0,0,0.6014029,0,0,0.6014029,0,0,0.6014029,0,0,0.60308933,0,0,0.60308933,0,0,0.60308933,0
     150, 100.00%,1.0,0,0.99998397,0,0,0.99998397,0,0,0.99998397,0,0,0.99998444,0,0,0.99998397,0,0,0.99998397,0,0,0.99999565,0,0,0.99999565,0,0,0.99999565,0,0,0.99999565,0,0,0.99999565,0,0,0.99998397,0,0,0.99998397,0,0,0.99999565,0,0,0.99998444,0,0,0.99999565,0,0,0.9999853,0,0,0.9999853,0,0,0.9999822,0,0,0.9999822,0,0,0.99999565,0,0,0.99999565,0,0,0.99998474,0,0,0.99998474,0,0,0.9999862,0,0,0.9999862,0,0,0.99998325,0,0,0.99998325,0,0,0.99998444,0,0,0.99998605,0,0,0.99998605,0,0,0.99998444,0,0,0.99999666,0,0,0.99999666,0,0,0.99999666,0,0,0.99998444,0,0,0.99999595,0,0,0.99999595,0,0,0.99999595,0,0,0.99999595,0,0,0.99999595,0,0,0.99999595,0,0,0.9999845,0,0,0.9999845,0,0,0.9999845,0,0,0.9999845,0,0,0.9999845,0,0,0.9999845,0,0,0.9999845,0,0,0.9999845,0,0,0.9999845,0,0,0.9999845,0,0,0.9999845,0,0,0.9999845,0,0,0.9999963,0,0,0.9999963,0,0,0.9999963,0,0,0.9999963,0,0,0.9999963,0,0,0.9999963,0,0,0.9999837,0,0,0.9999837,0,0,0.9999837,0,0,0.99999666,0,0,0.99999666,0,0,0.99999666,0,0,0.99999666,0,0,0.99998397,0,0,0.99998397,0,0,0.99998397,0,0,0.9999851,0,0,0.9999851,0,0,0.9999851,0
     151,   2.74%,0.02666666666666667,1,0.46290794,0,1,0.46290794,0,1,0.46290794,0,1,0.46465895,0,1,0.46290794,0,1,0.46290794,1,1,0.5534938,0,1,0.5534938,0,1,0.5534938,0,1,0.5534938,0,1,0.5534938,1,1,0.46290794,0,1,0.46290794,0,1,0.5534938,0,1,0.46465895,0,1,0.5534938,0,1,0.46576533,0,1,0.46576533,0,1,0.46303904,0,1,0.46303904,0,1,0.56408596,0,1,0.56408596,0,1,0.4651156,0,1,0.4651156,0,1,0.46771073,0,1,0.46771073,0,1,0.46222422,0,1,0.46222422,0,1,0.46465895,0,1,0.46925732,0,1,0.46925732,0,1,0.46465895,0,1,0.5579174,0,1,0.5579174,0,1,0.5579174,0,1,0.46465895,0,1,0.55360454,0,1,0.55360454,0,1,0.55360454,0,1,0.55360454,0,1,0.55360454,0,1,0.55360454,0,1,0.46565807,0,1,0.46565807,0,1,0.46565807,0,1,0.46565807,0,1,0.46565807,0,1,0.46565807,0,1,0.46565807,0,1,0.46565807,0,1,0.46565807,0,1,0.46565807,0,1,0.46565807,0,1,0.46565807,0,1,0.5548484,0,1,0.5548484,0,1,0.5548484,0,1,0.5548484,0,1,0.5548484,0,1,0.5548484,0,1,0.46653637,0,1,0.46653637,0,1,0.46653637,0,1,0.5579174,0,1,0.5579174,0,1,0.5579174,0,1,0.5579174,0,1,0.46264344,0,1,0.46264344,0,1,0.46264344,0,1,0.4668969,0,1,0.4668969,0,1,0.4668969,0
     152,   0.00%,0.0,1,0.48782352,0,1,0.48782352,0,1,0.48782352,0,1,0.4858986,0,1,0.48782352,0,1,0.48782352,0,1,0.5665493,0,1,0.5665493,0,1,0.5665493,0,1,0.5665493,0,1,0.5665493,0,1,0.48782352,0,1,0.48782352,0,1,0.5665493,0,1,0.4858986,0,1,0.5665493,0,1,0.48502094,0,1,0.48502094,0,1,0.48318124,0,1,0.48318124,0,1,0.5727247,0,1,0.5727247,0,1,0.48664495,0,1,0.48664495,0,1,0.48967242,0,1,0.48967242,0,1,0.48275113,0,1,0.48275113,0,1,0.4858986,0,1,0.48697388,0,1,0.48697388,0,1,0.48589858,0,1,0.56961244,0,1,0.56961244,0,1,0.56961244,0,1,0.4858986,0,1,0.5728422,0,1,0.5728422,0,1,0.5728422,0,1,0.5728422,0,1,0.5728422,0,1,0.5728422,0,1,0.487472,0,1,0.487472,0,1,0.487472,0,1,0.487472,0,1,0.487472,0,1,0.487472,0,1,0.487472,0,1,0.487472,0,1,0.487472,0,1,0.487472,0,1,0.487472,0,1,0.487472,0,1,0.57609594,0,1,0.57609594,0,1,0.57609594,0,1,0.57609594,0,1,0.57609594,0,1,0.57609594,0,1,0.4876774,0,1,0.4876774,0,1,0.48767745,0,1,0.5696125,0,1,0.56961244,0,1,0.56961244,0,1,0.56961244,0,1,0.4876238,0,1,0.4876238,0,1,0.4876238,0,1,0.48764414,0,1,0.48764414,0,1,0.48764414,0
     153, 100.00%,1.0,0,0.9981221,0,0,0.9981221,0,0,0.9981221,0,0,0.9981277,0,0,0.9981221,0,0,0.9981221,0,0,0.9976604,0,0,0.9976604,0,0,0.9976604,0,0,0.9976604,0,0,0.9976604,0,0,0.9981221,0,0,0.9981221,0,0,0.9976604,0,0,0.9981277,0,0,0.9976604,0,0,0.9981646,0,0,0.9981646,0,0,0.9978948,0,0,0.9978948,0,0,0.99801797,0,0,0.99801797,0,0,0.9981544,0,0,0.9981544,0,0,0.9983513,0,0,0.9983513,0,0,0.99779737,0,0,0.99779737,0,0,0.9981277,0,0,0.9982712,0,0,0.9982712,0,0,0.9981277,0,0,0.99817467,0,0,0.99817467,0,0,0.99817467,0,0,0.9981277,0,0,0.9976235,0,0,0.9976235,0,0,0.9976235,0,0,0.9976235,0,0,0.9976235,0,0,0.9976235,0,0,0.99794364,0,0,0.99794364,0,0,0.99794364,0,0,0.99794364,0,0,0.99794364,0,0,0.99794364,0,0,0.99794364,0,0,0.99794364,0,0,0.99794364,0,0,0.99794364,0,0,0.99794364,0,0,0.99794364,0,0,0.99792916,0,0,0.99792916,0,0,0.99792916,0,0,0.99792916,0,0,0.99792916,0,0,0.99792916,0,0,0.99811673,0,0,0.99811673,0,0,0.99811673,0,0,0.99817467,0,0,0.99817467,0,0,0.99817467,0,0,0.99817467,0,0,0.9981692,0,0,0.9981692,0,0,0.9981692,0,0,0.9982007,0,0,0.9982007,0,0,0.9982007,0
     154, 100.00%,1.0,0,0.99768543,0,0,0.99768543,0,0,0.99768543,0,0,0.99771476,0,0,0.99768543,0,0,0.99768543,0,0,0.99852884,0,0,0.99852884,0,0,0.99852884,0,0,0.99852884,0,0,0.99852884,0,0,0.99768543,0,0,0.99768543,0,0,0.99852884,0,0,0.99771476,0,0,0.99852884,0,0,0.99775743,0,0,0.99775743,0,0,0.9974232,0,0,0.9974232,0,0,0.9987614,0,0,0.9987614,0,0,0.9977532,0,0,0.9977532,0,0,0.99797827,0,0,0.99797827,0,0,0.9973452,0,0,0.9973452,0,0,0.99771476,0,0,0.9978856,0,0,0.9978856,0,0,0.99771476,0,0,0.9988678,0,0,0.9988678,0,0,0.9988678,0,0,0.99771476,0,0,0.9986373,0,0,0.9986373,0,0,0.9986373,0,0,0.9986373,0,0,0.9986373,0,0,0.9986373,0,0,0.99754566,0,0,0.99754566,0,0,0.99754566,0,0,0.99754566,0,0,0.99754566,0,0,0.99754566,0,0,0.99754566,0,0,0.99754566,0,0,0.99754566,0,0,0.99754566,0,0,0.99754566,0,0,0.99754566,0,0,0.9986744,0,0,0.9986744,0,0,0.9986744,0,0,0.9986744,0,0,0.9986744,0,0,0.9986744,0,0,0.9977037,0,0,0.9977037,0,0,0.9977037,0,0,0.9988678,0,0,0.9988678,0,0,0.9988678,0,0,0.9988678,0,0,0.9977556,0,0,0.9977556,0,0,0.9977556,0,0,0.99780774,0,0,0.99780774,0,0,0.99780774,0
     155, 100.00%,1.0,0,0.99815255,0,0,0.99815255,0,0,0.99815255,0,0,0.99826336,0,0,0.99815255,0,0,0.99815255,0,0,0.9995362,0,0,0.9995362,0,0,0.9995362,0,0,0.9995362,0,0,0.9995362,0,0,0.99815255,0,0,0.99815255,0,0,0.9995362,0,0,0.99826336,0,0,0.9995362,0,0,0.99837554,0,0,0.99837554,0,0,0.9980831,0,0,0.9980831,0,0,0.9995457,0,0,0.9995457,0,0,0.9982805,0,0,0.9982805,0,0,0.9983649,0,0,0.9983649,0,0,0.99823207,0,0,0.99823207,0,0,0.99826336,0,0,0.9983932,0,0,0.9983932,0,0,0.99826336,0,0,0.9996633,0,0,0.9996633,0,0,0.9996633,0,0,0.99826336,0,0,0.99957156,0,0,0.99957156,0,0,0.99957156,0,0,0.99957156,0,0,0.99957156,0,0,0.99957156,0,0,0.99831635,0,0,0.99831635,0,0,0.99831635,0,0,0.99831635,0,0,0.99831635,0,0,0.99831635,0,0,0.99831635,0,0,0.99831635,0,0,0.99831635,0,0,0.99831635,0,0,0.99831635,0,0,0.99831635,0,0,0.9995954,0,0,0.9995954,0,0,0.9995954,0,0,0.9995954,0,0,0.9995954,0,0,0.9995954,0,0,0.9981735,0,0,0.9981735,0,0,0.9981735,0,0,0.9996633,0,0,0.9996633,0,0,0.9996633,0,0,0.9996633,0,0,0.9982028,0,0,0.9982028,0,0,0.9982028,0,0,0.9983086,0,0,0.9983086,0,0,0.9983086,0
     156, 100.00%,1.0,0,0.9981606,0,0,0.9981606,0,0,0.9981606,0,0,0.9982766,0,0,0.9981606,0,0,0.9981606,0,0,0.9995436,0,0,0.9995436,0,0,0.9995436,0,0,0.9995436,0,0,0.9995436,0,0,0.9981606,0,0,0.9981606,0,0,0.9995436,0,0,0.9982766,0,0,0.9995436,0,0,0.9983906,0,0,0.9983906,0,0,0.9981018,0,0,0.9981018,0,0,0.9995537,0,0,0.9995537,0,0,0.99829316,0,0,0.99829316,0,0,0.9983732,0,0,0.9983732,0,0,0.9982527,0,0,0.9982527,0,0,0.9982766,0,0,0.9984077,0,0,0.9984077,0,0,0.9982766,0,0,0.9996692,0,0,0.9996692,0,0,0.9996692,0,0,0.9982766,0,0,0.9995765,0,0,0.9995765,0,0,0.9995765,0,0,0.9995765,0,0,0.9995765,0,0,0.9995765,0,0,0.9983327,0,0,0.9983327,0,0,0.9983327,0,0,0.9983327,0,0,0.9983327,0,0,0.9983327,0,0,0.9983327,0,0,0.9983327,0,0,0.9983327,0,0,0.9983327,0,0,0.9983327,0,0,0.9983327,0,0,0.9995995,0,0,0.9995995,0,0,0.9995995,0,0,0.9995995,0,0,0.9995995,0,0,0.9995995,0,0,0.99818784,0,0,0.99818784,0,0,0.99818784,0,0,0.9996692,0,0,0.9996692,0,0,0.9996692,0,0,0.9996692,0,0,0.9982112,0,0,0.9982112,0,0,0.9982112,0,0,0.998323,0,0,0.998323,0,0,0.998323,0
     157, 100.00%,1.0,0,0.99816287,0,0,0.99816287,0,0,0.99816287,0,0,0.99827933,0,0,0.99816287,0,0,0.99816287,0,0,0.99954206,0,0,0.99954206,0,0,0.99954206,0,0,0.99954206,0,0,0.99954206,0,0,0.99816287,0,0,0.99816287,0,0,0.99954206,0,0,0.99827933,0,0,0.99954206,0,0,0.9983946,0,0,0.9983946,0,0,0.998103,0,0,0.998103,0,0,0.99955,0,0,0.99955,0,0,0.99829733,0,0,0.99829733,0,0,0.9983756,0,0,0.9983756,0,0,0.99825746,0,0,0.99825746,0,0,0.99827933,0,0,0.9984105,0,0,0.9984105,0,0,0.99827933,0,0,0.9996673,0,0,0.9996673,0,0,0.9996673,0,0,0.99827933,0,0,0.99957615,0,0,0.99957615,0,0,0.99957615,0,0,0.99957615,0,0,0.99957615,0,0,0.99957615,0,0,0.9983383,0,0,0.9983383,0,0,0.9983383,0,0,0.9983383,0,0,0.9983383,0,0,0.9983383,0,0,0.9983383,0,0,0.9983383,0,0,0.9983383,0,0,0.9983383,0,0,0.9983383,0,0,0.9983383,0,0,0.9995984,0,0,0.9995984,0,0,0.9995984,0,0,0.9995984,0,0,0.9995984,0,0,0.9995984,0,0,0.99819046,0,0,0.99819046,0,0,0.99819046,0,0,0.9996673,0,0,0.9996673,0,0,0.9996673,0,0,0.9996673,0,0,0.99821347,0,0,0.99821347,0,0,0.99821347,0,0,0.9983264,0,0,0.9983264,0,0,0.9983264,0
     158, 100.00%,1.0,0,0.99824667,0,0,0.99824667,0,0,0.99824667,0,0,0.9983354,0,0,0.99824667,0,0,0.99824667,0,0,0.9993775,0,0,0.9993775,0,0,0.9993775,0,0,0.9993775,0,0,0.9993775,0,0,0.99824667,0,0,0.99824667,0,0,0.9993775,0,0,0.9983354,0,0,0.9993775,0,0,0.99844503,0,0,0.99844503,0,0,0.9981522,0,0,0.9981522,0,0,0.9994259,0,0,0.9994259,0,0,0.99835366,0,0,0.99835366,0,0,0.9984348,0,0,0.9984348,0,0,0.99831116,0,0,0.99831116,0,0,0.9983354,0,0,0.9984474,0,0,0.9984474,0,0,0.9983354,0,0,0.99955124,0,0,0.99955124,0,0,0.99955124,0,0,0.9983354,0,0,0.9994249,0,0,0.9994249,0,0,0.9994249,0,0,0.9994249,0,0,0.9994249,0,0,0.9994249,0,0,0.9983681,0,0,0.9983681,0,0,0.9983681,0,0,0.9983681,0,0,0.9983681,0,0,0.9983681,0,0,0.9983681,0,0,0.9983681,0,0,0.9983681,0,0,0.9983681,0,0,0.9983681,0,0,0.9983681,0,0,0.9994481,0,0,0.9994481,0,0,0.9994481,0,0,0.9994481,0,0,0.9994481,0,0,0.9994481,0,0,0.99824446,0,0,0.99824446,0,0,0.99824446,0,0,0.99955124,0,0,0.99955124,0,0,0.99955124,0,0,0.99955124,0,0,0.99829036,0,0,0.99829036,0,0,0.99829036,0,0,0.99838084,0,0,0.99838084,0,0,0.99838084,0
     159,  53.42%,0.23214285714285712,1,0.4166584,0,1,0.4166584,0,1,0.4166584,0,1,0.42168906,0,1,0.4166584,0,1,0.4166584,0,1,0.49473217,0,1,0.49473217,0,1,0.49473217,1,1,0.49473217,0,1,0.49473217,1,1,0.4166584,1,1,0.4166584,1,1,0.49473217,1,1,0.42168906,0,1,0.49473217,1,1,0.4213629,1,1,0.4213629,0,1,0.42312744,-1,1,0.42312744,-1,1,0.45569804,-1,1,0.45569804,-1,1,0.4205312,1,1,0.4205312,1,1,0.419755,1,1,0.419755,1,1,0.42766204,1,1,0.42766204,0,1,0.42168906,0,1,0.42704418,0,1,0.42704418,0,1,0.42168906,0,1,0.4637593,1,1,0.4637593,1,1,0.4637593,1,1,0.42168906,0,1,0.48024708,1,1,0.48024708,1,1,0.48024708,1,1,0.48024708,1,1,0.48024708,1,1,0.48024708,1,1,0.4355082,1,1,0.4355082,1,1,0.4355082,1,1,0.4355082,1,1,0.4355082,1,1,0.4355082,1,1,0.4355082,1,1,0.4355082,1,1,0.4355082,1,1,0.4355082,1,1,0.4355082,1,1,0.4355082,1,1,0.48387423,1,1,0.48387423,1,1,0.48387423,1,1,0.48387423,1,1,0.48387423,1,1,0.48387423,0,1,0.42266995,-1,1,0.42266995,-1,1,0.42266995,-1,1,0.4637593,1,1,0.4637593,0,1,0.4637593,0,1,0.4637593,0,1,0.41470328,0,1,0.41470328,0,1,0.41470328,0,1,0.42104402,0,1,0.42104402,0,1,0.42104402,0
     160,  36.99%,0.18000000000000002,-1,0.49856526,0,-1,0.49856526,0,-1,0.49856526,1,-1,0.4872744,0,-1,0.49856526,1,-1,0.49856526,0,-1,0.4057481,1,-1,0.4057481,0,-1,0.4057481,1,-1,0.4057481,0,-1,0.4057481,1,-1,0.49856526,0,-1,0.49856526,1,-1,0.4057481,0,-1,0.4872744,0,-1,0.4057481,1,-1,0.4763477,0,-1,0.4763477,0,-1,0.48230627,0,-1,0.48230627,1,-1,0.44399747,0,-1,0.44399747,0,-1,0.49312782,0,-1,0.49312782,0,-1,0.5031617,0,-1,0.5031617,0,-1,0.47000262,0,-1,0.47000262,0,-1,0.4872744,0,-1,0.4802656,0,-1,0.4802656,0,-1,0.4872745,0,-1,0.41527012,0,-1,0.41527012,1,-1,0.41527012,0,-1,0.4872744,0,-1,0.4118872,-1,-1,0.4118872,-1,-1,0.4118872,-1,-1,0.4118872,-1,-1,0.4118872,-1,-1,0.4118872,-1,-1,0.4682097,-1,-1,0.4682097,-1,-1,0.4682097,-1,-1,0.4682097,-1,-1,0.4682097,-1,-1,0.4682097,-1,-1,0.4682097,-1,-1,0.4682097,-1,-1,0.4682097,-1,-1,0.4682097,-1,-1,0.4682097,-1,-1,0.4682097,-1,-1,0.41015664,-1,-1,0.41015664,-1,-1,0.41015664,-1,-1,0.41015664,-1,-1,0.41015664,-1,-1,0.41015664,-1,-1,0.49702844,-1,-1,0.49702844,-1,-1,0.49702838,-1,-1,0.41527006,0,-1,0.41527012,0,-1,0.41527012,0,-1,0.41527012,0,-1,0.50032324,0,-1,0.50032324,0,-1,0.50032324,0,-1,0.49234232,0,-1,0.49234232,0,-1,0.49234232,0
     161,  94.52%,0.4859154929577465,0,0.99522597,0,0,0.99522597,0,0,0.99522597,0,0,0.9951197,0,0,0.99522597,0,0,0.99522597,0,0,0.9966145,1,0,0.9966145,0,0,0.9966145,1,0,0.9966145,1,0,0.9966145,1,0,0.99522597,0,0,0.99522597,0,0,0.9966145,0,0,0.9951197,0,0,0.9966145,0,0,0.99530566,0,0,0.99530566,0,0,0.99431974,0,0,0.99431974,0,0,0.9970937,0,0,0.9970937,0,0,0.9954802,0,0,0.9954802,0,0,0.9958089,0,0,0.9958089,0,0,0.994731,0,0,0.994731,0,0,0.9951197,0,0,0.99533784,0,0,0.99533784,0,0,0.9951197,0,0,0.9972744,0,0,0.9972744,0,0,0.9972744,0,0,0.9951197,0,0,0.9966137,0,0,0.9966137,0,0,0.9966137,0,0,0.9966137,0,0,0.9966137,0,0,0.9966137,0,0,0.99487835,0,0,0.99487835,0,0,0.99487835,0,0,0.99487835,0,0,0.99487835,0,0,0.99487835,0,0,0.99487835,0,0,0.99487835,0,0,0.99487835,0,0,0.99487835,0,0,0.99487835,0,0,0.99487835,0,0,0.9970927,0,0,0.9970927,0,0,0.9970927,0,0,0.9970927,0,0,0.9970927,0,0,0.9970927,0,0,0.99516916,0,0,0.99516916,0,0,0.99516916,0,0,0.9972744,0,0,0.9972744,0,0,0.9972744,0,0,0.9972744,0,0,0.99524343,0,0,0.99524343,0,0,0.99524343,0,0,0.99562657,0,0,0.99562657,0,0,0.99562657,0
     162,  97.26%,0.4930555555555556,0,0.9850828,0,0,0.9850828,0,0,0.9850828,0,0,0.98491555,0,0,0.9850828,0,0,0.9850828,0,0,0.97624665,0,0,0.97624665,0,0,0.97624665,1,0,0.97624665,0,0,0.97624665,1,0,0.9850828,0,0,0.9850828,0,0,0.97624665,0,0,0.98491555,0,0,0.97624665,0,0,0.98565644,0,0,0.98565644,0,0,0.98248935,0,0,0.98248935,0,0,0.97772324,0,0,0.97772324,0,0,0.98555547,0,0,0.98555547,0,0,0.986706,0,0,0.986706,0,0,0.98312765,0,0,0.98312765,0,0,0.98491555,0,0,0.985766,0,0,0.985766,0,0,0.98491555,0,0,0.97965014,0,0,0.97965014,0,0,0.97965014,0,0,0.98491555,0,0,0.97581226,0,0,0.97581226,0,0,0.97581226,0,0,0.97581226,0,0,0.97581226,0,0,0.97581226,0,0,0.98368984,0,0,0.98368984,0,0,0.98368984,0,0,0.98368984,0,0,0.98368984,0,0,0.98368984,0,0,0.98368984,0,0,0.98368984,0,0,0.98368984,0,0,0.98368984,0,0,0.98368984,0,0,0.98368984,0,0,0.9781073,0,0,0.9781073,0,0,0.9781073,0,0,0.9781073,0,0,0.9781073,0,0,0.9781073,0,0,0.98449516,0,0,0.98449516,0,0,0.98449516,0,0,0.97965014,0,0,0.97965014,0,0,0.97965014,0,0,0.97965014,0,0,0.98526436,0,0,0.98526436,0,0,0.98526436,0,0,0.98597395,0,0,0.98597395,0,0,0.98597395,0
     163,   5.48%,0.0769927536231884,-1,0.5168573,-1,-1,0.5168573,0,-1,0.5168573,0,-1,0.51145667,0,-1,0.5168573,0,-1,0.5168573,0,1,0.4624625,0,1,0.4624625,0,1,0.4624625,0,1,0.4624625,0,1,0.4624625,1,-1,0.5168573,0,-1,0.5168573,1,1,0.4624625,1,-1,0.51145667,0,1,0.4624625,1,-1,0.50917137,0,-1,0.50917137,0,-1,0.5126297,0,-1,0.5126297,0,1,0.43937635,0,1,0.43937635,0,-1,0.5128924,0,-1,0.5128924,0,-1,0.5122143,0,-1,0.5122143,0,-1,0.51436263,0,-1,0.51436263,0,-1,0.51145667,0,-1,0.505356,0,-1,0.505356,0,-1,0.51145667,0,1,0.4423312,0,1,0.4423312,0,1,0.4423312,0,-1,0.51145667,0,1,0.48627922,0,1,0.48627922,0,1,0.48627922,0,1,0.48627922,0,1,0.48627922,0,1,0.48627922,0,-1,0.50919735,0,-1,0.50919735,0,-1,0.50919735,0,-1,0.50919735,0,-1,0.50919735,0,-1,0.50919735,0,-1,0.50919735,0,-1,0.50919735,0,-1,0.50919735,0,-1,0.50919735,0,-1,0.50919735,0,-1,0.50919735,0,1,0.46161816,0,1,0.46161816,0,1,0.46161816,0,1,0.46161816,0,1,0.46161816,0,1,0.46161816,0,-1,0.51291674,0,-1,0.51291674,0,-1,0.51291674,0,1,0.4423312,0,1,0.4423312,0,1,0.4423312,0,1,0.4423312,0,-1,0.51473427,0,-1,0.51473427,0,-1,0.51473427,0,-1,0.5130742,0,-1,0.5130742,0,-1,0.5130742,0
     164,  15.07%,0.13095238095238096,1,0.39973226,0,1,0.39973226,0,1,0.39973226,0,1,0.40687907,0,1,0.39973226,0,1,0.39973226,1,1,0.4841269,0,1,0.4841269,0,1,0.4841269,1,1,0.4841269,1,1,0.4841269,1,1,0.39973226,0,1,0.39973226,0,1,0.4841269,0,1,0.40687907,0,1,0.4841269,0,1,0.41028276,0,1,0.41028276,0,1,0.4085264,0,1,0.4085264,0,1,0.47179633,0,1,0.47179633,0,1,0.4044561,0,1,0.4044561,0,1,0.40464762,0,1,0.40464762,1,1,0.40862268,0,1,0.40862268,0,1,0.40687907,0,1,0.41474617,0,1,0.41474617,0,1,0.40687907,0,1,0.47181296,0,1,0.47181296,1,1,0.47181296,0,1,0.40687907,0,1,0.47027466,1,1,0.47027466,0,1,0.47027466,1,1,0.47027466,0,1,0.47027466,0,1,0.47027466,0,1,0.41445607,0,1,0.41445607,0,1,0.41445607,0,1,0.41445607,0,1,0.41445607,0,1,0.41445607,0,1,0.41445607,0,1,0.41445607,0,1,0.41445607,0,1,0.41445607,0,1,0.41445607,0,1,0.41445607,0,1,0.47268558,0,1,0.47268558,0,1,0.47268558,0,1,0.47268558,0,1,0.47268558,0,1,0.47268558,0,1,0.40630865,1,1,0.40630865,1,1,0.40630865,1,1,0.47181296,0,1,0.471813,0,1,0.471813,0,1,0.471813,0,1,0.4003086,0,1,0.4003086,0,1,0.4003086,0,1,0.40698573,0,1,0.40698573,0,1,0.40698573,0
     165,  32.88%,0.17992202729044834,-1,0.35194695,0,-1,0.35194695,0,-1,0.35194695,0,1,0.35047138,0,-1,0.35194695,0,-1,0.35194695,0,0,0.5978788,-1,0,0.5978788,-1,0,0.5978788,0,0,0.5978788,-1,0,0.5978788,0,-1,0.35194695,0,-1,0.35194695,0,0,0.5978788,0,1,0.35047138,0,0,0.5978788,0,1,0.35624602,0,1,0.35624602,0,1,0.355956,1,1,0.355956,0,0,0.6138991,0,0,0.6138991,0,1,0.34523532,0,1,0.34523532,0,-1,0.34895873,0,-1,0.34895873,0,1,0.35925063,0,1,0.35925063,0,1,0.35047138,0,1,0.36025965,0,1,0.36025965,0,1,0.35047138,0,0,0.62699205,0,0,0.62699205,0,0,0.62699205,0,1,0.35047138,0,0,0.61143655,1,0,0.61143655,0,0,0.61143655,0,0,0.61143655,0,0,0.61143655,0,0,0.61143655,0,1,0.36346522,0,1,0.36346522,0,1,0.36346522,0,1,0.36346522,0,1,0.36346522,0,1,0.36346522,0,1,0.36346522,0,1,0.36346522,0,1,0.36346522,0,1,0.36346522,0,1,0.36346522,0,1,0.36346522,0,0,0.6141417,0,0,0.6141417,0,0,0.6141417,0,0,0.6141417,0,0,0.6141417,0,0,0.6141417,0,1,0.34655774,0,1,0.34655774,0,1,0.34655777,0,0,0.62699205,0,0,0.62699205,0,0,0.62699205,1,0,0.62699205,0,-1,0.35273057,0,-1,0.35273057,0,-1,0.35273057,0,1,0.3463058,0,1,0.3463058,0,1,0.3463058,0
     166,  38.36%,0.20168439716312056,1,0.4570394,-1,1,0.4570394,-1,1,0.4570394,0,1,0.4666931,0,1,0.4570394,0,1,0.4570394,0,0,0.6016879,0,0,0.6016879,0,0,0.6016879,0,0,0.6016879,0,0,0.6016879,0,1,0.4570394,0,1,0.4570394,0,0,0.6016879,1,1,0.4666931,0,0,0.6016879,0,1,0.4686171,0,1,0.4686171,0,1,0.47134265,0,1,0.47134265,0,0,0.62758136,0,0,0.62758136,0,1,0.46237797,0,1,0.46237797,0,1,0.46281978,0,1,0.46281978,1,1,0.47349003,0,1,0.47349003,0,1,0.4666931,0,1,0.47187272,0,1,0.47187272,0,1,0.4666931,0,0,0.62956554,0,0,0.62956554,0,0,0.62956554,0,1,0.4666931,0,0,0.62703574,0,0,0.62703574,0,0,0.62703574,0,0,0.62703574,0,0,0.62703574,0,0,0.62703574,0,1,0.47422606,0,1,0.47422606,0,1,0.47422606,0,1,0.47422606,0,1,0.47422606,-1,1,0.47422606,0,1,0.47422606,0,1,0.47422606,0,1,0.47422606,0,1,0.47422606,0,1,0.47422606,0,1,0.47422606,0,0,0.62522817,0,0,0.62522817,0,0,0.62522817,0,0,0.62522817,0,0,0.62522817,0,0,0.62522817,0,1,0.46542892,0,1,0.46542892,0,1,0.46542892,0,0,0.62956554,0,0,0.62956554,0,0,0.62956554,0,0,0.62956554,0,1,0.45954323,0,1,0.45954323,0,1,0.45954323,0,1,0.46344468,0,1,0.46344468,0,1,0.46344468,0
     167,  35.62%,0.18993135011441645,-1,0.3718206,0,-1,0.3718206,0,-1,0.3718206,1,-1,0.35644677,0,-1,0.3718206,0,-1,0.3718206,1,0,0.7061389,0,0,0.7061389,0,0,0.7061389,1,0,0.7061389,1,0,0.7061389,1,-1,0.3718206,0,-1,0.3718206,0,0,0.7061389,0,-1,0.35644677,0,0,0.7061389,0,-1,0.35137123,0,-1,0.35137123,0,-1,0.34494597,0,-1,0.34494597,0,0,0.71457505,0,0,0.71457505,0,-1,0.36288092,0,-1,0.36288092,0,-1,0.37100974,0,-1,0.37100974,0,-1,0.3430333,0,-1,0.3430333,0,-1,0.35644677,0,-1,0.34860453,0,-1,0.34860453,0,-1,0.35644674,0,0,0.7419456,0,0,0.7419456,0,0,0.7419456,0,-1,0.35644677,0,0,0.7331032,0,0,0.7331032,0,0,0.7331032,0,0,0.7331032,0,0,0.7331032,0,0,0.7331032,0,-1,0.33615133,0,-1,0.33615133,0,-1,0.33615133,0,-1,0.33615133,0,-1,0.33615133,-1,-1,0.33615133,0,-1,0.33615133,0,-1,0.33615133,0,-1,0.33615133,0,-1,0.33615133,0,-1,0.33615133,0,-1,0.33615133,0,0,0.73057264,0,0,0.73057264,0,0,0.73057264,0,0,0.73057264,0,0,0.73057264,0,0,0.73057264,0,-1,0.36070612,0,-1,0.36070612,0,-1,0.36070612,0,0,0.7419455,0,0,0.74194556,0,0,0.74194556,0,0,0.74194556,0,-1,0.36954764,0,-1,0.36954764,0,-1,0.36954764,0,-1,0.36239105,0,-1,0.36239105,0,-1,0.36239105,0
     168,  42.47%,0.1987179487179487,-1,0.48554543,-1,-1,0.48554543,-1,-1,0.48554543,0,-1,0.482456,0,-1,0.48554543,0,-1,0.48554543,0,-1,0.50060827,0,-1,0.50060827,-1,-1,0.50060827,0,-1,0.50060827,-1,-1,0.50060827,0,-1,0.48554543,0,-1,0.48554543,1,-1,0.50060827,0,-1,0.482456,0,-1,0.50060827,0,-1,0.47989988,0,-1,0.47989988,0,-1,0.47887388,1,-1,0.47887388,1,-1,0.5210043,1,-1,0.5210043,1,-1,0.486389,1,-1,0.486389,1,-1,0.48925626,1,-1,0.48925626,1,-1,0.48340896,0,-1,0.48340896,0,-1,0.482456,0,-1,0.47942144,0,-1,0.4794214,0,-1,0.482456,0,-1,0.5238451,0,-1,0.5238451,1,-1,0.5238451,1,-1,0.482456,0,-1,0.5020339,-1,-1,0.5020339,-1,-1,0.5020339,-1,-1,0.5020339,-1,-1,0.5020339,-1,-1,0.5020339,-1,-1,0.47971842,-1,-1,0.47971842,-1,-1,0.47971842,-1,-1,0.47971842,-1,-1,0.47971842,-1,-1,0.47971842,-1,-1,0.47971842,-1,-1,0.47971842,-1,-1,0.47971842,-1,-1,0.47971842,-1,-1,0.47971842,-1,-1,0.47971842,-1,-1,0.50903547,-1,-1,0.50903547,-1,-1,0.50903547,-1,-1,0.50903547,-1,-1,0.50903547,-1,-1,0.50903547,-1,-1,0.48532706,-1,-1,0.48532706,-1,-1,0.48532706,-1,-1,0.5238451,0,-1,0.5238451,0,-1,0.5238451,0,-1,0.5238451,0,-1,0.4845103,0,-1,0.4845103,0,-1,0.4845103,0,-1,0.48616883,0,-1,0.48616883,0,-1,0.48616883,0
     169,  15.07%,0.16339869281045752,-1,0.4099288,0,-1,0.4099288,0,-1,0.4099288,1,-1,0.39688817,0,-1,0.4099288,0,-1,0.4099288,1,1,0.582859,0,1,0.582859,0,1,0.582859,0,1,0.582859,0,1,0.582859,0,-1,0.4099288,0,-1,0.4099288,0,1,0.582859,0,-1,0.39688817,0,1,0.582859,0,-1,0.39145246,0,-1,0.39145246,0,-1,0.39011815,-1,-1,0.39011815,-1,1,0.58090216,-1,1,0.58090216,-1,-1,0.4015829,-1,-1,0.4015829,-1,-1,0.40793887,-1,-1,0.40793887,-1,1,0.40013012,-1,1,0.40013012,-1,-1,0.39688817,0,-1,0.39354607,0,-1,0.39354607,-1,-1,0.39688817,0,1,0.5912417,0,1,0.5912417,1,1,0.5912417,0,-1,0.39688817,0,1,0.5829732,0,1,0.5829732,0,1,0.5829732,0,1,0.5829732,0,1,0.5829732,0,1,0.5829732,0,1,0.40157336,0,1,0.40157336,0,1,0.40157336,1,1,0.40157336,0,1,0.40157336,1,1,0.40157336,0,1,0.40157336,0,1,0.40157336,1,1,0.40157336,0,1,0.40157336,0,1,0.40157336,0,1,0.40157336,0,1,0.5839962,0,1,0.5839962,0,1,0.5839962,0,1,0.5839962,0,1,0.5839962,0,1,0.5839962,0,-1,0.4019015,1,-1,0.4019015,1,-1,0.40190148,1,1,0.5912417,0,1,0.5912417,0,1,0.5912417,0,1,0.5912417,0,-1,0.41052046,0,-1,0.41052046,0,-1,0.41052046,0,-1,0.40074027,0,-1,0.40074027,0,-1,0.40074027,0
     170,   1.37%,0.009009009009009009,1,0.44222975,-1,1,0.44222975,-1,1,0.44222975,0,1,0.45487857,0,1,0.44222975,-1,1,0.44222975,0,1,0.52284014,-1,1,0.52284014,0,1,0.52284014,0,1,0.52284014,-1,1,0.52284014,1,1,0.44222975,0,1,0.44222975,0,1,0.52284014,0,1,0.45487857,0,1,0.52284014,0,1,0.4601681,0,1,0.4601681,0,1,0.46377644,0,1,0.46377644,0,1,0.49941674,0,1,0.49941674,0,1,0.45103505,0,1,0.45103505,0,1,0.4432849,0,1,0.4432849,0,1,0.4700626,0,1,0.4700626,-1,1,0.45487857,0,1,0.460488,0,1,0.460488,0,1,0.45487857,0,1,0.49923497,0,1,0.49923497,0,1,0.49923497,0,1,0.45487857,0,1,0.528178,0,1,0.528178,0,1,0.528178,0,1,0.528178,0,1,0.528178,0,1,0.528178,0,1,0.4718392,0,1,0.4718392,0,1,0.4718392,0,1,0.4718392,0,1,0.4718392,0,1,0.4718392,0,1,0.4718392,0,1,0.4718392,0,1,0.4718392,0,1,0.4718392,0,1,0.4718392,0,1,0.4718392,0,1,0.5195412,0,1,0.5195412,0,1,0.5195412,0,1,0.5195412,0,1,0.5195412,0,1,0.5195412,0,1,0.45259762,0,1,0.45259762,0,1,0.45259762,0,1,0.49923497,0,1,0.49923497,0,1,0.49923497,0,1,0.49923497,0,1,0.44378424,0,1,0.44378424,0,1,0.44378424,0,1,0.4519616,0,1,0.4519616,0,1,0.4519616,0
     171,   5.48%,0.03463203463203463,1,0.48807272,0,1,0.48807272,0,1,0.48807272,0,1,0.4936407,0,1,0.48807272,0,1,0.48807272,0,1,0.4960213,0,1,0.4960213,0,1,0.4960213,0,1,0.4960213,0,1,0.4960213,0,1,0.48807272,0,1,0.48807272,0,1,0.4960213,0,1,0.4936407,0,1,0.4960213,0,1,0.49117154,1,1,0.49117154,1,1,0.49875596,0,1,0.49875596,0,1,0.5111813,-1,1,0.5111813,0,1,0.49122956,-1,1,0.49122956,0,1,0.4932281,0,1,0.4932281,0,1,0.4820479,-1,1,0.4820479,-1,1,0.4936407,0,1,0.5006434,0,1,0.5006434,0,1,0.4936407,0,1,0.482446,0,1,0.482446,1,1,0.482446,0,1,0.4936407,0,1,0.49237514,1,1,0.49237514,0,1,0.49237514,0,1,0.49237514,0,1,0.49237514,0,1,0.49237514,0,1,0.4881847,0,1,0.4881847,0,1,0.4881847,0,1,0.4881847,0,1,0.4881847,-1,1,0.4881847,0,1,0.4881847,0,1,0.4881847,-1,1,0.4881847,0,1,0.4881847,0,1,0.4881847,0,1,0.4881847,0,1,0.4901743,0,1,0.4901743,0,1,0.4901743,0,1,0.4901743,0,1,0.4901743,0,1,0.4901743,0,1,0.49786004,0,1,0.49786004,0,1,0.49786004,0,1,0.482446,0,1,0.482446,0,1,0.482446,0,1,0.482446,0,1,0.49169934,0,1,0.49169934,0,1,0.49169934,0,1,0.49193844,0,1,0.49193844,0,1,0.49193844,0
     172,  36.99%,0.18367346938775508,-1,0.38037542,0,-1,0.38037542,0,-1,0.38037542,1,-1,0.370392,0,-1,0.38037542,0,-1,0.38037542,1,0,0.41506484,0,0,0.41506484,0,0,0.41506484,0,0,0.41506484,0,0,0.41506484,1,-1,0.38037542,0,-1,0.38037542,0,0,0.41506484,0,-1,0.370392,0,0,0.41506484,0,-1,0.37011546,0,-1,0.37011546,0,-1,0.36350483,0,-1,0.36350483,0,0,0.42047706,0,0,0.42047706,0,-1,0.37318513,0,-1,0.37318513,0,-1,0.37742117,0,-1,0.37742117,0,-1,0.36604294,0,-1,0.36604294,0,-1,0.370392,0,-1,0.3649763,0,-1,0.3649763,0,-1,0.37039194,0,0,0.42694706,0,0,0.42694706,0,0,0.42694706,0,-1,0.370392,0,0,0.42967165,0,0,0.42967165,0,0,0.42967165,0,0,0.42967165,0,0,0.42967165,0,0,0.42967165,0,-1,0.3628326,0,-1,0.3628326,0,-1,0.3628326,0,-1,0.3628326,0,-1,0.3628326,0,-1,0.3628326,0,-1,0.3628326,0,-1,0.3628326,0,-1,0.3628326,0,-1,0.3628326,0,-1,0.3628326,0,-1,0.3628326,0,0,0.41894114,0,0,0.41894114,0,0,0.41894114,0,0,0.41894114,0,0,0.41894114,0,0,0.41894114,0,-1,0.36875412,0,-1,0.36875412,0,-1,0.36875412,0,0,0.42694706,0,0,0.42694712,0,0,0.42694712,0,0,0.42694712,0,-1,0.3778473,0,-1,0.3778473,0,-1,0.3778473,0,-1,0.37221032,0,-1,0.37221032,0,-1,0.37221032,0
     173,  52.05%,0.22822822822822822,1,0.41824204,-1,1,0.41824204,-1,1,0.41824204,-1,1,0.43106973,0,1,0.41824204,-1,1,0.41824204,-1,1,0.5010611,0,1,0.5010611,0,1,0.5010611,0,1,0.5010611,0,1,0.5010611,0,1,0.41824204,-1,1,0.41824204,-1,1,0.5010611,-1,1,0.43106973,0,1,0.5010611,-1,1,0.44044343,1,1,0.44044343,1,1,0.4377733,1,1,0.4377733,1,1,0.47175118,1,1,0.47175118,1,1,0.42497158,1,1,0.42497158,1,1,0.41696128,1,1,0.41696128,1,1,0.44950646,1,1,0.44950646,1,1,0.43106973,0,1,0.4374826,0,1,0.4374826,1,1,0.43106976,0,1,0.4878202,0,1,0.4878202,1,1,0.4878202,1,1,0.43106973,0,1,0.48761547,1,1,0.48761547,1,1,0.48761547,1,1,0.48761547,1,1,0.48761547,1,1,0.48761547,1,1,0.44930258,1,1,0.44930258,1,1,0.44930258,1,1,0.44930258,1,1,0.44930258,1,1,0.44930258,1,1,0.44930258,1,1,0.44930258,1,1,0.44930258,1,1,0.44930258,1,1,0.44930258,1,1,0.44930258,1,1,0.4902688,-1,1,0.4902688,-1,1,0.4902688,-1,1,0.4902688,-1,1,0.4902688,-1,1,0.4902688,-1,1,0.42373413,-1,1,0.42373413,-1,1,0.42373413,-1,1,0.4878202,0,1,0.48782018,0,1,0.48782018,1,1,0.48782018,0,1,0.4182734,0,1,0.4182734,1,1,0.4182734,0,1,0.426708,1,1,0.426708,1,1,0.426708,1
     174,  38.36%,0.2070629524018425,-1,0.40397775,-1,-1,0.40397775,-1,-1,0.40397775,0,-1,0.39226493,0,-1,0.40397775,0,-1,0.40397775,0,0,0.55499804,0,0,0.55499804,0,0,0.55499804,1,0,0.55499804,0,0,0.55499804,1,-1,0.40397775,0,-1,0.40397775,0,0,0.55499804,0,-1,0.39226493,0,0,0.55499804,0,-1,0.38935578,0,-1,0.38935578,0,-1,0.38338956,0,-1,0.38338956,0,0,0.572318,0,0,0.572318,0,-1,0.39971557,0,-1,0.39971557,0,-1,0.4037422,0,-1,0.4037422,0,-1,0.36861286,0,-1,0.36861286,0,-1,0.39226493,0,-1,0.38982344,0,-1,0.38982344,0,-1,0.39226493,0,0,0.58308613,0,0,0.58308613,0,0,0.58308613,0,-1,0.39226493,0,0,0.5785137,0,0,0.5785137,0,0,0.5785137,0,0,0.5785137,0,0,0.5785137,0,0,0.5785137,0,-1,0.3617053,0,-1,0.3617053,0,-1,0.3617053,0,-1,0.3617053,0,-1,0.3617053,0,-1,0.3617053,0,-1,0.3617053,0,-1,0.3617053,0,-1,0.3617053,0,-1,0.3617053,0,-1,0.3617053,0,-1,0.3617053,0,0,0.57759756,0,0,0.57759756,0,0,0.57759756,0,0,0.57759756,0,0,0.57759756,0,0,0.57759756,0,-1,0.39699394,0,-1,0.39699394,0,-1,0.39699394,0,0,0.58308613,0,0,0.58308613,0,0,0.58308613,0,0,0.58308613,0,-1,0.40360197,0,-1,0.40360197,0,-1,0.40360197,0,-1,0.3982762,0,-1,0.3982762,0,-1,0.3982762,0
     175,  34.25%,0.22770562770562766,-1,0.40040544,-1,-1,0.40040544,-1,-1,0.40040544,0,-1,0.38727143,0,-1,0.40040544,0,-1,0.40040544,0,0,0.468936,0,0,0.468936,0,0,0.468936,0,0,0.468936,1,0,0.468936,0,-1,0.40040544,-1,-1,0.40040544,-1,0,0.468936,-1,-1,0.38727143,0,0,0.468936,-1,-1,0.3782602,0,-1,0.3782602,0,-1,0.37960312,0,-1,0.37960312,0,0,0.4712838,0,0,0.4712838,-1,-1,0.392726,0,-1,0.392726,0,-1,0.4027094,0,-1,0.4027094,-1,-1,0.36404186,-1,-1,0.36404186,-1,-1,0.38727143,0,-1,0.3818741,0,-1,0.3818741,0,-1,0.38727143,0,0,0.4784626,0,0,0.4784626,0,0,0.4784626,0,-1,0.38727143,0,0,0.4762995,1,0,0.4762995,1,0,0.4762995,1,0,0.4762995,1,0,0.4762995,1,0,0.4762995,1,-1,0.36258596,0,-1,0.36258596,0,-1,0.36258596,0,-1,0.36258596,0,-1,0.36258596,0,-1,0.36258596,0,-1,0.36258596,0,-1,0.36258596,0,-1,0.36258596,0,-1,0.36258596,0,-1,0.36258596,0,-1,0.36258596,0,0,0.4716317,0,0,0.4716317,0,0,0.4716317,0,0,0.4716317,0,0,0.4716317,0,0,0.4716317,0,-1,0.39546177,0,-1,0.39546177,0,-1,0.39546177,0,0,0.47846264,0,0,0.4784626,0,0,0.4784626,0,0,0.4784626,0,-1,0.4015739,0,-1,0.4015739,0,-1,0.4015739,0,-1,0.39254653,0,-1,0.39254653,0,-1,0.39254653,0
     176,  38.36%,0.3086868686868687,-1,0.45467353,1,-1,0.45467353,1,-1,0.45467353,1,-1,0.44007906,0,-1,0.45467353,1,-1,0.45467353,1,0,0.58917433,1,0,0.58917433,1,0,0.58917433,1,0,0.58917433,1,0,0.58917433,1,-1,0.45467353,-1,-1,0.45467353,-1,0,0.58917433,1,-1,0.44007906,0,0,0.58917433,0,-1,0.43398747,-1,-1,0.43398747,-1,-1,0.43550327,1,-1,0.43550327,1,0,0.56213766,1,0,0.56213766,1,-1,0.44556114,1,-1,0.44556114,1,-1,0.45264402,1,-1,0.45264402,1,-1,0.42080268,0,-1,0.42080268,-1,-1,0.44007906,0,-1,0.43344328,0,-1,0.43344334,0,-1,0.44007903,0,0,0.596289,-1,0,0.596289,0,0,0.596289,0,-1,0.44007906,0,0,0.59383327,0,0,0.59383327,1,0,0.59383327,0,0,0.59383327,1,0,0.59383327,1,0,0.59383327,1,-1,0.4174461,-1,-1,0.4174461,-1,-1,0.4174461,-1,-1,0.4174461,-1,-1,0.4174461,-1,-1,0.4174461,-1,-1,0.4174461,-1,-1,0.4174461,-1,-1,0.4174461,-1,-1,0.4174461,-1,-1,0.4174461,-1,-1,0.4174461,-1,0,0.58752066,1,0,0.58752066,1,0,0.58752066,1,0,0.58752066,1,0,0.58752066,1,0,0.58752066,1,-1,0.44549796,-1,-1,0.44549796,-1,-1,0.44549796,-1,0,0.596289,0,0,0.596289,1,0,0.596289,0,0,0.596289,0,-1,0.4530231,0,-1,0.4530231,0,-1,0.4530231,0,-1,0.44528115,0,-1,0.44528115,0,-1,0.44528115,0
     177,  10.96%,0.13333333333333333,-1,0.47889292,0,-1,0.47889292,0,-1,0.47889292,1,-1,0.4786916,0,-1,0.47889292,0,-1,0.47889292,1,1,0.5446716,0,1,0.5446716,0,1,0.5446716,0,1,0.5446716,0,1,0.5446716,1,-1,0.47889292,0,-1,0.47889292,0,1,0.5446716,0,-1,0.4786916,0,1,0.5446716,0,-1,0.48133388,0,-1,0.48133388,0,-1,0.47655657,0,-1,0.47655657,0,1,0.5151801,0,1,0.5151801,0,-1,0.47960544,0,-1,0.47960544,0,-1,0.47523966,0,-1,0.47523966,0,-1,0.47809952,0,-1,0.47809952,0,-1,0.4786916,0,-1,0.4795356,0,-1,0.4795356,0,-1,0.4786916,0,1,0.50660586,0,1,0.50660586,1,1,0.50660586,0,-1,0.4786916,0,1,0.5795287,1,1,0.5795287,1,1,0.5795287,1,1,0.5795287,1,1,0.5795287,1,1,0.5795287,1,-1,0.47594017,0,-1,0.47594017,0,-1,0.47594017,0,-1,0.47594017,1,-1,0.47594017,0,-1,0.47594017,0,-1,0.47594017,0,-1,0.47594017,1,-1,0.47594017,0,-1,0.47594017,0,-1,0.47594017,0,-1,0.47594017,0,1,0.5488006,0,1,0.5488006,0,1,0.5488006,0,1,0.5488006,0,1,0.5488006,0,1,0.5488006,0,-1,0.47598642,0,-1,0.47598642,0,-1,0.47598642,0,1,0.5066058,0,1,0.5066058,0,1,0.5066058,-1,1,0.5066058,-1,-1,0.47683987,0,-1,0.47683987,0,-1,0.47683987,0,-1,0.47952923,0,-1,0.47952923,0,-1,0.47952923,0
     178,   1.37%,0.020833333333333332,-1,0.49713427,0,-1,0.49713427,0,-1,0.49713427,0,-1,0.49212497,0,-1,0.49713427,0,-1,0.49713427,1,1,0.5299931,0,1,0.5299931,0,1,0.5299931,0,1,0.5299931,0,1,0.5299931,0,-1,0.49713427,0,-1,0.49713427,0,1,0.5299931,0,-1,0.49212497,0,1,0.5299931,0,-1,0.49269864,0,-1,0.49269864,0,-1,0.48847866,0,-1,0.48847866,0,1,0.50053996,0,1,0.50053996,0,-1,0.4948754,0,-1,0.4948754,0,-1,0.49350035,0,-1,0.49350035,0,-1,0.49084142,0,-1,0.49084142,0,-1,0.49212497,0,-1,0.48972866,0,-1,0.48972866,0,-1,0.49212503,0,1,0.4945297,0,1,0.4945297,0,1,0.4945297,0,-1,0.49212497,0,1,0.5583552,0,1,0.5583552,0,1,0.5583552,1,1,0.5583552,0,1,0.5583552,0,1,0.5583552,0,-1,0.48819095,0,-1,0.48819095,0,-1,0.48819095,0,-1,0.48819095,1,-1,0.48819095,0,-1,0.48819095,0,-1,0.48819095,0,-1,0.48819095,0,-1,0.48819095,1,-1,0.48819095,0,-1,0.48819095,0,-1,0.48819095,0,1,0.52855664,0,1,0.52855664,0,1,0.52855664,0,1,0.52855664,0,1,0.52855664,0,1,0.52855664,0,-1,0.49102777,0,-1,0.49102777,0,-1,0.49102777,0,1,0.4945297,0,1,0.49452975,0,1,0.49452975,0,1,0.49452975,0,-1,0.4942591,0,-1,0.4942591,0,-1,0.4942591,0,-1,0.49392623,0,-1,0.49392623,0,-1,0.49392623,0
     179,   1.37%,0.016260162601626018,-1,0.36275232,0,-1,0.36275232,0,-1,0.36275232,0,-1,0.35332283,0,-1,0.36275232,0,-1,0.36275232,0,1,0.5486718,0,1,0.5486718,0,1,0.5486718,0,1,0.5486718,0,1,0.5486718,0,-1,0.36275232,0,-1,0.36275232,0,1,0.5486718,0,-1,0.35332283,0,1,0.5486718,0,-1,0.35459495,0,-1,0.35459495,0,-1,0.3454696,0,-1,0.3454696,0,1,0.5141607,0,1,0.5141607,0,-1,0.35693502,0,-1,0.35693502,0,-1,0.35746554,0,-1,0.35746554,0,-1,0.34647962,0,-1,0.34647962,0,-1,0.35332283,0,-1,0.34861833,0,-1,0.3486183,0,-1,0.3533229,0,1,0.51094484,0,1,0.51094484,0,1,0.51094484,0,-1,0.35332283,0,1,0.57102466,0,1,0.57102466,0,1,0.57102466,0,1,0.57102466,0,1,0.57102466,0,1,0.57102466,0,1,0.3444445,0,1,0.3444445,0,1,0.3444445,0,1,0.3444445,1,1,0.3444445,0,1,0.3444445,0,1,0.3444445,0,1,0.3444445,0,1,0.3444445,0,1,0.3444445,0,1,0.3444445,0,1,0.3444445,0,1,0.5428763,0,1,0.5428763,0,1,0.5428763,0,1,0.5428763,0,1,0.5428763,0,1,0.5428763,0,-1,0.35031322,0,-1,0.35031322,0,-1,0.35031322,0,1,0.5109449,0,1,0.51094484,0,1,0.51094484,0,1,0.51094484,0,-1,0.36007816,0,-1,0.36007816,0,-1,0.36007816,0,-1,0.35558245,0,-1,0.35558245,0,-1,0.35558245,0
     180,   4.11%,0.039473684210526314,1,0.37380356,0,1,0.37380356,0,1,0.37380356,0,1,0.3783061,0,1,0.37380356,0,1,0.37380356,0,1,0.5743479,0,1,0.5743479,0,1,0.5743479,0,1,0.5743479,0,1,0.5743479,1,1,0.37380356,0,1,0.37380356,0,1,0.5743479,0,1,0.3783061,0,1,0.5743479,1,1,0.37691298,0,1,0.37691298,0,1,0.38385347,0,1,0.38385347,0,1,0.54538447,0,1,0.54538447,0,1,0.37663892,0,1,0.37663892,0,1,0.3788072,0,1,0.3788072,0,1,0.38434097,0,1,0.38434097,0,1,0.3783061,0,1,0.3798492,0,1,0.3798492,0,1,0.3783061,0,1,0.54037166,0,1,0.54037166,0,1,0.54037166,0,1,0.3783061,0,1,0.5978396,0,1,0.5978396,0,1,0.5978396,0,1,0.5978396,0,1,0.5978396,0,1,0.5978396,0,1,0.38636887,0,1,0.38636887,0,1,0.38636887,0,1,0.38636887,1,1,0.38636887,0,1,0.38636887,0,1,0.38636887,0,1,0.38636887,0,1,0.38636887,0,1,0.38636887,0,1,0.38636887,0,1,0.38636887,0,1,0.5696954,0,1,0.5696954,0,1,0.5696954,0,1,0.5696954,0,1,0.5696954,0,1,0.5696954,0,1,0.38079986,0,1,0.38079986,0,1,0.38079986,0,1,0.5403716,0,1,0.54037166,0,1,0.54037166,0,1,0.54037166,0,1,0.37531304,0,1,0.37531304,0,1,0.37531304,0,1,0.37693277,0,1,0.37693277,0,1,0.37693277,0
     181,  23.29%,0.22103658536585366,-1,0.45541036,0,-1,0.45541036,0,-1,0.45541036,0,-1,0.439141,0,-1,0.45541036,0,-1,0.45541036,0,-1,0.37789795,0,-1,0.37789795,0,-1,0.37789795,0,-1,0.37789795,0,-1,0.37789795,0,-1,0.45541036,-1,-1,0.45541036,-1,-1,0.37789795,-1,-1,0.439141,0,-1,0.37789795,-1,-1,0.4338224,0,-1,0.4338224,0,-1,0.42977577,0,-1,0.42977577,0,-1,0.39671028,0,-1,0.39671028,0,-1,0.44722548,0,-1,0.44722548,0,-1,0.45096946,0,-1,0.45096946,0,-1,0.4316141,0,-1,0.4316141,0,-1,0.439141,0,-1,0.42857167,0,-1,0.42857167,0,-1,0.43914095,0,0,0.39954445,0,0,0.39954445,0,0,0.39954445,0,-1,0.439141,0,-1,0.37646618,0,-1,0.37646618,0,-1,0.37646618,0,-1,0.37646618,0,-1,0.37646618,0,-1,0.37646618,0,-1,0.4286635,0,-1,0.4286635,0,-1,0.4286635,0,-1,0.4286635,0,-1,0.4286635,0,-1,0.4286635,0,-1,0.4286635,0,-1,0.4286635,0,-1,0.4286635,0,-1,0.4286635,0,-1,0.4286635,0,-1,0.4286635,0,0,0.37977502,0,0,0.37977502,0,0,0.37977502,0,0,0.37977502,0,0,0.37977502,0,0,0.37977502,0,-1,0.44288233,0,-1,0.44288233,0,-1,0.44288233,0,0,0.39954442,0,0,0.39954445,0,0,0.39954445,0,0,0.39954445,0,-1,0.4517273,0,-1,0.4517273,0,-1,0.4517273,0,-1,0.44502598,0,-1,0.44502598,0,-1,0.44502598,0
     182,   2.74%,0.02962962962962963,-1,0.4125262,0,-1,0.4125262,1,-1,0.4125262,1,-1,0.4044421,0,-1,0.4125262,1,-1,0.4125262,1,0,0.4031439,1,0,0.4031439,1,0,0.4031439,1,0,0.4031439,1,0,0.4031439,1,-1,0.4125262,1,-1,0.4125262,1,0,0.4031439,1,-1,0.4044421,0,0,0.4031439,1,-1,0.40740696,1,-1,0.40740696,1,-1,0.4007878,1,-1,0.4007878,1,0,0.4165625,1,0,0.4165625,1,-1,0.40724084,0,-1,0.40724084,0,-1,0.3989968,1,-1,0.3989968,1,-1,0.416095,0,-1,0.416095,0,-1,0.4044421,0,-1,0.3932497,0,-1,0.39324972,0,-1,0.4044421,0,0,0.4319801,0,0,0.4319801,1,0,0.4319801,1,-1,0.4044421,0,0,0.41790214,1,0,0.41790214,1,0,0.41790214,1,0,0.41790214,1,0,0.41790214,1,0,0.41790214,1,-1,0.40655294,1,-1,0.40655294,1,-1,0.40655294,1,-1,0.40655294,1,-1,0.40655294,1,-1,0.40655294,1,-1,0.40655294,1,-1,0.40655294,1,-1,0.40655294,1,-1,0.40655294,1,-1,0.40655294,1,-1,0.40655294,1,0,0.4245268,1,0,0.4245268,1,0,0.4245268,0,0,0.4245268,1,0,0.4245268,1,0,0.4245268,1,-1,0.39893207,1,-1,0.39893207,1,-1,0.39893213,1,0,0.43198007,1,0,0.43198013,1,0,0.43198013,1,0,0.43198013,1,-1,0.40872818,0,-1,0.40872818,0,-1,0.40872818,0,-1,0.40566966,1,-1,0.40566966,1,-1,0.40566966,1
     183,  16.44%,0.16326530612244897,-1,0.45992994,0,-1,0.45992994,0,-1,0.45992994,1,-1,0.45196444,0,-1,0.45992994,0,-1,0.45992994,0,1,0.49989447,0,1,0.49989447,0,1,0.49989447,1,1,0.49989447,0,1,0.49989447,1,-1,0.45992994,0,-1,0.45992994,0,1,0.49989447,0,-1,0.45196444,0,1,0.49989447,1,-1,0.45266315,0,-1,0.45266315,0,-1,0.44805467,0,-1,0.44805467,0,1,0.49108094,0,1,0.49108094,0,-1,0.456876,0,-1,0.456876,0,-1,0.44948786,1,-1,0.44948786,1,-1,0.45573056,0,-1,0.45573056,0,-1,0.45196444,0,-1,0.44152388,0,-1,0.4415239,0,-1,0.4519644,0,1,0.48705935,0,1,0.48705935,0,1,0.48705935,0,-1,0.45196444,0,1,0.5144965,1,1,0.5144965,1,1,0.5144965,1,1,0.5144965,1,1,0.5144965,1,1,0.5144965,1,-1,0.44183165,0,-1,0.44183165,0,-1,0.44183165,0,-1,0.44183165,0,-1,0.44183165,0,-1,0.44183165,0,-1,0.44183165,0,-1,0.44183165,0,-1,0.44183165,0,-1,0.44183165,0,-1,0.44183165,0,-1,0.44183165,0,1,0.49800304,0,1,0.49800304,0,1,0.49800304,0,1,0.49800304,1,1,0.49800304,1,1,0.49800304,1,-1,0.45161325,1,-1,0.45161325,1,-1,0.4516132,1,1,0.4870593,0,1,0.4870594,0,1,0.4870594,0,1,0.4870594,0,-1,0.45839462,0,-1,0.45839462,0,-1,0.45839462,0,-1,0.4559184,1,-1,0.4559184,1,-1,0.4559184,1
     184,  19.18%,0.182214948172395,-1,0.4763129,-1,-1,0.4763129,-1,-1,0.4763129,1,-1,0.46738675,0,-1,0.4763129,0,-1,0.4763129,1,1,0.4423956,0,1,0.4423956,0,1,0.4423956,1,1,0.4423956,0,1,0.4423956,1,-1,0.4763129,0,-1,0.4763129,1,1,0.4423956,1,-1,0.46738675,0,1,0.4423956,1,-1,0.4693519,0,-1,0.4693519,0,-1,0.46151888,0,-1,0.46151888,0,1,0.44277665,0,1,0.44277665,0,-1,0.47119755,0,-1,0.47119755,0,-1,0.463603,1,-1,0.463603,1,-1,0.47743955,0,-1,0.47743955,0,-1,0.46738675,0,-1,0.45468685,0,-1,0.45468682,0,-1,0.46738666,0,1,0.41811115,0,1,0.41811115,1,1,0.41811115,0,-1,0.46738675,0,1,0.45613277,1,1,0.45613277,0,1,0.45613277,1,1,0.45613277,1,1,0.45613277,0,1,0.45613277,1,-1,0.4637377,0,-1,0.4637377,1,-1,0.4637377,0,-1,0.4637377,0,-1,0.4637377,0,-1,0.4637377,0,-1,0.4637377,0,-1,0.4637377,0,-1,0.4637377,0,-1,0.4637377,0,-1,0.4637377,0,-1,0.4637377,0,1,0.43581903,0,1,0.43581903,0,1,0.43581903,0,1,0.43581903,1,1,0.43581903,1,1,0.43581903,1,-1,0.46379468,1,-1,0.46379468,1,-1,0.46379468,1,1,0.41811115,0,1,0.41811112,0,1,0.41811112,0,1,0.41811112,0,-1,0.4735381,0,-1,0.4735381,0,-1,0.4735381,0,-1,0.4701317,1,-1,0.4701317,1,-1,0.4701317,1
     185,  21.92%,0.18611111111111112,-1,0.5334345,-1,-1,0.5334345,-1,-1,0.5334345,0,-1,0.52696526,0,-1,0.5334345,-1,-1,0.5334345,0,0,0.42290875,0,0,0.42290875,0,0,0.42290875,1,0,0.42290875,0,0,0.42290875,1,-1,0.5334345,0,-1,0.5334345,1,0,0.42290875,1,-1,0.52696526,0,0,0.42290875,1,-1,0.5288807,0,-1,0.5288807,0,-1,0.52546203,1,-1,0.52546203,1,0,0.4697182,0,0,0.4697182,1,-1,0.5284091,0,-1,0.5284091,0,-1,0.5219497,1,-1,0.5219497,1,-1,0.53412503,0,-1,0.53412503,0,-1,0.52696526,0,-1,0.5186377,0,-1,0.51863784,0,-1,0.52696526,0,0,0.48308587,0,0,0.48308587,0,0,0.48308587,0,-1,0.52696526,0,0,0.43868306,1,0,0.43868306,1,0,0.43868306,1,0,0.43868306,1,0,0.43868306,1,0,0.43868306,1,-1,0.5262106,1,-1,0.5262106,1,-1,0.5262106,1,-1,0.5262106,1,-1,0.5262106,1,-1,0.5262106,1,-1,0.5262106,1,-1,0.5262106,1,-1,0.5262106,1,-1,0.5262106,1,-1,0.5262106,1,-1,0.5262106,1,0,0.44897217,0,0,0.44897217,0,0,0.44897217,0,0,0.44897217,1,0,0.44897217,1,0,0.44897217,1,-1,0.5246,1,-1,0.5246,1,-1,0.52459997,1,0,0.48308593,0,0,0.48308587,1,0,0.48308587,0,0,0.48308587,0,-1,0.5308248,0,-1,0.5308248,0,-1,0.5308248,0,-1,0.527711,1,-1,0.527711,1,-1,0.527711,1
     186,  63.01%,0.3642857142857143,1,0.42780504,0,1,0.42780504,0,1,0.42780504,0,1,0.43596074,0,1,0.42780504,-1,1,0.42780504,0,1,0.47975218,1,1,0.47975218,1,1,0.47975218,1,1,0.47975218,0,1,0.47975218,1,1,0.42780504,1,1,0.42780504,1,1,0.47975218,1,1,0.43596074,0,1,0.47975218,1,1,0.43134803,0,1,0.43134803,0,1,0.44067356,0,1,0.44067356,1,1,0.45681074,0,1,0.45681074,1,1,0.4334918,0,1,0.4334918,0,1,0.44101658,1,1,0.44101658,1,1,0.41970554,0,1,0.41970554,0,1,0.43596074,0,1,0.4478999,0,1,0.4478999,0,1,0.43596074,0,0,0.45640987,0,0,0.45640987,0,0,0.45640987,0,1,0.43596074,0,1,0.49623302,1,1,0.49623302,1,1,0.49623302,1,1,0.49623302,1,1,0.49623302,1,1,0.49623302,1,1,0.4288716,1,1,0.4288716,1,1,0.4288716,1,1,0.4288716,1,1,0.4288716,1,1,0.4288716,1,1,0.4288716,1,1,0.4288716,1,1,0.4288716,1,1,0.4288716,1,1,0.4288716,1,1,0.4288716,1,1,0.46858472,0,1,0.46858472,0,1,0.46858472,0,1,0.46858472,1,1,0.46858472,1,1,0.46858472,1,1,0.44294593,1,1,0.44294593,1,1,0.44294593,1,0,0.45640984,0,0,0.45640987,0,0,0.45640987,0,0,0.45640987,0,1,0.43202347,0,1,0.43202347,0,1,0.43202347,0,1,0.43503198,1,1,0.43503198,1,1,0.43503198,1
     187,   1.37%,0.009009009009009009,-1,0.51821,-1,-1,0.51821,0,-1,0.51821,0,-1,0.51291555,0,-1,0.51821,0,-1,0.51821,0,-1,0.37109536,0,-1,0.37109536,0,-1,0.37109536,0,-1,0.37109536,0,-1,0.37109536,1,-1,0.51821,0,-1,0.51821,0,-1,0.37109536,0,-1,0.51291555,0,-1,0.37109536,0,-1,0.5115312,0,-1,0.5115312,0,-1,0.50791776,0,-1,0.50791776,0,-1,0.3800104,0,-1,0.3800104,0,-1,0.5159939,0,-1,0.5159939,0,-1,0.5191056,0,-1,0.5191056,0,-1,0.51110536,0,-1,0.51110536,0,-1,0.51291555,0,-1,0.51100844,0,-1,0.51100844,0,-1,0.51291555,0,-1,0.37817574,0,-1,0.37817574,0,-1,0.37817574,0,-1,0.51291555,0,-1,0.348881,0,-1,0.348881,0,-1,0.348881,0,-1,0.348881,0,-1,0.348881,0,-1,0.348881,0,-1,0.50959915,0,-1,0.50959915,0,-1,0.50959915,0,-1,0.50959915,0,-1,0.50959915,0,-1,0.50959915,0,-1,0.50959915,0,-1,0.50959915,0,-1,0.50959915,0,-1,0.50959915,0,-1,0.50959915,0,-1,0.50959915,0,-1,0.36893475,0,-1,0.36893475,0,-1,0.36893475,0,-1,0.36893475,0,-1,0.36893475,0,-1,0.36893475,0,-1,0.5134625,0,-1,0.5134625,0,-1,0.5134624,0,-1,0.37817577,0,-1,0.37817574,0,-1,0.37817574,0,-1,0.37817574,0,-1,0.5151135,0,-1,0.5151135,0,-1,0.5151135,0,-1,0.51525664,0,-1,0.51525664,0,-1,0.51525664,0
     188,  21.92%,0.21859154929577462,1,0.3715448,0,1,0.3715448,0,1,0.3715448,0,1,0.38174352,0,1,0.3715448,0,1,0.3715448,0,1,0.4795951,0,1,0.4795951,0,1,0.4795951,0,1,0.4795951,0,1,0.4795951,1,1,0.3715448,0,1,0.3715448,0,1,0.4795951,0,1,0.38174352,0,1,0.4795951,0,1,0.38650286,1,1,0.38650286,0,1,0.38802218,0,1,0.38802218,0,0,0.43795732,0,0,0.43795732,0,1,0.37837368,0,1,0.37837368,0,1,0.37211645,1,1,0.37211645,0,1,0.40090826,0,1,0.40090826,0,1,0.38174352,0,1,0.38401654,0,1,0.3840165,0,1,0.38174352,0,0,0.443902,0,0,0.443902,0,0,0.443902,0,1,0.38174352,0,1,0.48391604,0,1,0.48391604,0,1,0.48391604,0,1,0.48391604,0,1,0.48391604,0,1,0.48391604,0,1,0.40030792,1,1,0.40030792,0,1,0.40030792,0,1,0.40030792,0,1,0.40030792,0,1,0.40030792,0,1,0.40030792,0,1,0.40030792,0,1,0.40030792,0,1,0.40030792,0,1,0.40030792,0,1,0.40030792,0,1,0.4657115,0,1,0.4657115,0,1,0.4657115,0,1,0.4657115,0,1,0.4657115,0,1,0.4657115,0,1,0.38036337,1,1,0.38036337,1,1,0.38036337,1,0,0.44390205,0,0,0.44390196,0,0,0.44390196,0,0,0.44390196,0,1,0.37350562,0,1,0.37350562,0,1,0.37350562,0,1,0.3800675,0,1,0.3800675,0,1,0.3800675,0
     189,  12.33%,0.07894736842105263,-1,0.4118983,0,-1,0.4118983,0,-1,0.4118983,0,-1,0.40097567,0,-1,0.4118983,0,-1,0.4118983,0,1,0.4671409,0,1,0.4671409,0,1,0.4671409,0,1,0.4671409,0,1,0.4671409,0,-1,0.4118983,0,-1,0.4118983,0,1,0.4671409,0,-1,0.40097567,0,1,0.4671409,0,-1,0.39198014,0,-1,0.39198014,0,-1,0.3956155,0,-1,0.3956155,0,0,0.44010335,0,0,0.44010335,0,-1,0.40574187,0,-1,0.40574187,0,-1,0.4125021,0,-1,0.4125021,0,-1,0.37544116,0,-1,0.37544116,0,-1,0.40097567,0,-1,0.3987461,0,-1,0.39874613,0,-1,0.40097567,0,0,0.4406954,0,0,0.4406954,0,0,0.4406954,0,-1,0.40097567,0,1,0.46530703,0,1,0.46530703,0,1,0.46530703,0,1,0.46530703,0,1,0.46530703,0,1,0.46530703,0,-1,0.37725478,1,-1,0.37725478,0,-1,0.37725478,0,-1,0.37725478,0,-1,0.37725478,1,-1,0.37725478,0,-1,0.37725478,0,-1,0.37725478,1,-1,0.37725478,0,-1,0.37725478,0,-1,0.37725478,0,-1,0.37725478,0,1,0.44957644,0,1,0.44957644,0,1,0.44957644,0,1,0.44957644,0,1,0.44957644,0,1,0.44957644,0,-1,0.4082452,1,-1,0.4082452,1,-1,0.4082452,1,0,0.44069538,0,0,0.4406954,0,0,0.4406954,0,0,0.4406954,0,-1,0.41178384,0,-1,0.41178384,0,-1,0.41178384,0,-1,0.40403226,0,-1,0.40403226,0,-1,0.40403226,0
     190,  36.99%,0.2861394557823129,1,0.36752015,0,1,0.36752015,0,1,0.36752015,0,1,0.3785396,0,1,0.36752015,0,1,0.36752015,1,0,0.5592959,0,0,0.5592959,0,0,0.5592959,1,0,0.5592959,0,0,0.5592959,1,1,0.36752015,0,1,0.36752015,0,0,0.5592959,0,1,0.3785396,0,0,0.5592959,0,1,0.38355237,0,1,0.38355237,0,1,0.38420075,0,1,0.38420075,0,0,0.5747014,0,0,0.5747014,0,1,0.37557536,0,1,0.37557536,0,1,0.37254515,0,1,0.37254515,0,1,0.38954115,0,1,0.38954115,0,1,0.3785396,0,1,0.38497213,0,1,0.38497207,0,1,0.3785396,0,0,0.5869604,0,0,0.5869604,0,0,0.5869604,0,1,0.3785396,0,0,0.57850313,0,0,0.57850313,0,0,0.57850313,0,0,0.57850313,0,0,0.57850313,0,0,0.57850313,0,1,0.39139393,0,1,0.39139393,0,1,0.39139393,0,1,0.39139393,0,1,0.39139393,0,1,0.39139393,0,1,0.39139393,0,1,0.39139393,0,1,0.39139393,0,1,0.39139393,0,1,0.39139393,0,1,0.39139393,0,0,0.5769062,0,0,0.5769062,0,0,0.5769062,0,0,0.5769062,0,0,0.5769062,0,0,0.5769062,0,1,0.37664255,0,1,0.37664255,0,1,0.37664258,0,0,0.58696043,0,0,0.58696043,0,0,0.58696043,0,0,0.58696043,0,1,0.3694844,0,1,0.3694844,0,1,0.3694844,0,1,0.37681836,0,1,0.37681836,0,1,0.37681836,0
     191,  38.36%,0.29525010508617067,-1,0.513317,-1,-1,0.513317,-1,-1,0.513317,0,-1,0.5037753,0,-1,0.513317,0,-1,0.513317,0,0,0.44134736,0,0,0.44134736,0,0,0.44134736,-1,0,0.44134736,0,0,0.44134736,-1,-1,0.513317,-1,-1,0.513317,-1,0,0.44134736,-1,-1,0.5037753,0,0,0.44134736,-1,-1,0.5025343,1,-1,0.5025343,0,-1,0.49836034,1,-1,0.49836034,1,0,0.45877656,0,0,0.45877656,0,-1,0.5085942,0,-1,0.5085942,0,-1,0.5097174,1,-1,0.5097174,1,-1,0.51105917,-1,-1,0.51105917,-1,-1,0.5037753,0,-1,0.49478507,0,-1,0.49478507,0,-1,0.5037753,0,0,0.46342218,0,0,0.46342218,1,0,0.46342218,0,-1,0.5037753,0,0,0.45712745,1,0,0.45712745,1,0,0.45712745,1,0,0.45712745,0,0,0.45712745,1,0,0.45712745,1,-1,0.5062687,-1,-1,0.5062687,-1,-1,0.5062687,-1,-1,0.5062687,-1,-1,0.5062687,-1,-1,0.5062687,-1,-1,0.5062687,-1,-1,0.5062687,-1,-1,0.5062687,-1,-1,0.5062687,0,-1,0.5062687,-1,-1,0.5062687,0,0,0.4421129,1,0,0.4421129,1,0,0.4421129,1,0,0.4421129,1,0,0.4421129,1,0,0.4421129,1,-1,0.50515646,1,-1,0.50515646,1,-1,0.50515646,1,0,0.46342218,0,0,0.46342218,0,0,0.46342218,0,0,0.46342218,0,-1,0.50976926,0,-1,0.50976926,0,-1,0.50976926,0,-1,0.5086322,0,-1,0.5086322,0,-1,0.5086322,0
     192,  67.12%,0.5399159663865546,-1,0.36996174,-1,-1,0.36996174,-1,-1,0.36996174,0,0,0.3544758,0,-1,0.36996174,-1,-1,0.36996174,0,0,0.57504374,-1,0,0.57504374,-1,0,0.57504374,0,0,0.57504374,-1,0,0.57504374,-1,-1,0.36996174,0,-1,0.36996174,0,0,0.57504374,0,0,0.3544758,0,0,0.57504374,0,0,0.3582418,0,0,0.3582418,0,0,0.36390415,-1,0,0.36390415,0,0,0.5793696,-1,0,0.5793696,-1,-1,0.3589398,-1,-1,0.3589398,-1,-1,0.36999977,0,-1,0.36999977,0,0,0.37365702,-1,0,0.37365702,-1,0,0.3544758,0,0,0.35556173,0,0,0.35556173,0,0,0.3544758,0,0,0.5857375,0,0,0.5857375,0,0,0.5857375,0,0,0.3544758,0,0,0.5898014,0,0,0.5898014,0,0,0.5898014,0,0,0.5898014,0,0,0.5898014,0,0,0.5898014,0,0,0.37408176,0,0,0.37408176,0,0,0.37408176,0,0,0.37408176,0,0,0.37408176,0,0,0.37408176,0,0,0.37408176,0,0,0.37408176,0,0,0.37408176,0,0,0.37408176,0,0,0.37408176,0,0,0.37408176,0,0,0.58141696,0,0,0.58141696,0,0,0.58141696,0,0,0.58141696,0,0,0.58141696,0,0,0.58141696,0,-1,0.35880697,0,-1,0.35880697,0,-1,0.35880697,0,0,0.5857375,0,0,0.5857375,0,0,0.5857375,0,0,0.5857375,0,-1,0.36931142,0,-1,0.36931142,0,-1,0.36931142,0,-1,0.35798034,0,-1,0.35798034,0,-1,0.35798034,0
     193,  36.99%,0.18000000000000002,1,0.4961858,0,1,0.4961858,0,1,0.4961858,1,1,0.49648812,0,1,0.4961858,0,1,0.4961858,0,1,0.4894593,-1,1,0.4894593,-1,1,0.4894593,0,1,0.4894593,-1,1,0.4894593,-1,1,0.4961858,0,1,0.4961858,1,1,0.4894593,0,1,0.49648812,0,1,0.4894593,0,1,0.4950726,1,1,0.4950726,1,1,0.49368155,-1,1,0.49368155,-1,1,0.51028425,-1,1,0.51028425,-1,1,0.496665,1,1,0.496665,1,1,0.49910563,-1,1,0.49910563,-1,1,0.48105612,-1,1,0.48105612,0,1,0.49648812,0,1,0.5015307,0,1,0.5015307,0,1,0.49648815,0,1,0.501851,0,1,0.501851,1,1,0.501851,0,1,0.49648812,0,1,0.4968099,1,1,0.4968099,1,1,0.4968099,1,1,0.4968099,1,1,0.4968099,0,1,0.4968099,1,1,0.48779795,1,1,0.48779795,1,1,0.48779795,1,1,0.48779795,1,1,0.48779795,1,1,0.48779795,1,1,0.48779795,1,1,0.48779795,1,1,0.48779795,1,1,0.48779795,1,1,0.48779795,1,1,0.48779795,1,1,0.4879205,0,1,0.4879205,0,1,0.4879205,0,1,0.4879205,0,1,0.4879205,0,1,0.4879205,0,1,0.4987551,0,1,0.4987551,0,1,0.49875516,0,1,0.50185096,0,1,0.501851,0,1,0.501851,0,1,0.501851,1,1,0.4981825,0,1,0.4981825,0,1,0.4981825,0,1,0.4967412,1,1,0.4967412,1,1,0.4967412,0
     194, 100.00%,1.0,0,0.99998444,0,0,0.99998444,0,0,0.99998444,0,0,0.99998486,0,0,0.99998444,0,0,0.99998444,0,0,0.99999565,0,0,0.99999565,0,0,0.99999565,0,0,0.99999565,0,0,0.99999565,0,0,0.99998444,0,0,0.99998444,0,0,0.99999565,0,0,0.99998486,0,0,0.99999565,0,0,0.9999856,0,0,0.9999856,0,0,0.9999824,0,0,0.9999824,0,0,0.9999957,0,0,0.9999957,0,0,0.9999853,0,0,0.9999853,0,0,0.9999866,0,0,0.9999866,0,0,0.9999837,0,0,0.9999837,0,0,0.99998486,0,0,0.99998623,0,0,0.99998623,0,0,0.99998486,0,0,0.99999666,0,0,0.99999666,0,0,0.99999666,0,0,0.99998486,0,0,0.99999595,0,0,0.99999595,0,0,0.99999595,0,0,0.99999595,0,0,0.99999595,0,0,0.99999595,0,0,0.999985,0,0,0.999985,0,0,0.999985,0,0,0.999985,0,0,0.999985,0,0,0.999985,0,0,0.999985,0,0,0.999985,0,0,0.999985,0,0,0.999985,0,0,0.999985,0,0,0.999985,0,0,0.9999963,0,0,0.9999963,0,0,0.9999963,0,0,0.9999963,0,0,0.9999963,0,0,0.9999963,0,0,0.9999841,0,0,0.9999841,0,0,0.9999841,0,0,0.99999666,0,0,0.99999666,0,0,0.99999666,0,0,0.99999666,0,0,0.9999843,0,0,0.9999843,0,0,0.9999843,0,0,0.99998546,0,0,0.99998546,0,0,0.99998546,0
     195,  95.89%,0.48951048951048953,0,0.9999126,0,0,0.9999126,0,0,0.9999126,1,0,0.9999141,0,0,0.9999126,0,0,0.9999126,1,0,0.99994844,0,0,0.99994844,0,0,0.99994844,0,0,0.99994844,0,0,0.99994844,1,0,0.9999126,0,0,0.9999126,0,0,0.99994844,0,0,0.9999141,0,0,0.99994844,0,0,0.99991906,0,0,0.99991906,0,0,0.99989945,0,0,0.99989945,0,0,0.9999452,0,0,0.9999452,0,0,0.9999172,0,0,0.9999172,0,0,0.9999232,0,0,0.9999232,0,0,0.99991095,0,0,0.99991095,0,0,0.9999141,0,0,0.99991935,0,0,0.99991935,0,0,0.9999141,0,0,0.99995667,0,0,0.99995667,0,0,0.99995667,0,0,0.9999141,0,0,0.9999456,0,0,0.9999456,0,0,0.9999456,0,0,0.9999456,0,0,0.9999456,0,0,0.9999456,0,0,0.999914,0,0,0.999914,0,0,0.999914,0,0,0.999914,0,0,0.999914,0,0,0.999914,0,0,0.999914,0,0,0.999914,0,0,0.999914,0,0,0.999914,0,0,0.999914,0,0,0.999914,0,0,0.9999543,0,0,0.9999543,0,0,0.9999543,0,0,0.9999543,0,0,0.9999543,0,0,0.9999543,0,0,0.99991125,0,0,0.99991125,0,0,0.99991125,0,0,0.99995667,0,0,0.99995667,0,0,0.99995667,0,0,0.99995667,0,0,0.9999136,0,0,0.9999136,0,0,0.9999136,0,0,0.9999198,0,0,0.9999198,0,0,0.9999198,0
     196,  19.18%,0.10727969348659004,1,0.51323366,0,1,0.51323366,0,1,0.51323366,1,1,0.513248,0,1,0.51323366,1,1,0.51323366,1,1,0.6167269,0,1,0.6167269,0,1,0.6167269,0,1,0.6167269,1,1,0.6167269,1,1,0.51323366,1,1,0.51323366,1,1,0.6167269,1,1,0.513248,0,1,0.6167269,1,1,0.50821614,1,1,0.50821614,0,1,0.5151783,-1,1,0.5151783,-1,1,0.6246318,-1,1,0.6246318,-1,1,0.5127005,-1,1,0.5127005,-1,1,0.5168193,-1,1,0.5168193,-1,1,0.51194376,-1,1,0.51194376,-1,1,0.513248,0,1,0.5135473,0,1,0.51354736,0,1,0.513248,0,1,0.61279285,0,1,0.61279285,1,1,0.61279285,0,1,0.513248,0,1,0.62511414,0,1,0.62511414,0,1,0.62511414,0,1,0.62511414,0,1,0.62511414,0,1,0.62511414,0,1,0.51740587,0,1,0.51740587,0,1,0.51740587,0,1,0.51740587,0,1,0.51740587,0,1,0.51740587,0,1,0.51740587,0,1,0.51740587,0,1,0.51740587,0,1,0.51740587,0,1,0.51740587,0,1,0.51740587,0,1,0.61731684,0,1,0.61731684,0,1,0.61731684,0,1,0.61731684,0,1,0.61731684,0,1,0.61731684,0,1,0.5165897,1,1,0.5165897,1,1,0.5165897,1,1,0.61279285,0,1,0.61279285,0,1,0.61279285,0,1,0.61279285,0,1,0.5135756,0,1,0.5135756,0,1,0.5135756,0,1,0.51301354,0,1,0.51301354,0,1,0.51301354,0
     197,  12.33%,0.07317073170731707,1,0.4061206,0,1,0.4061206,0,1,0.4061206,0,1,0.41418314,0,1,0.4061206,0,1,0.4061206,1,1,0.4805115,0,1,0.4805115,0,1,0.4805115,1,1,0.4805115,0,1,0.4805115,1,1,0.4061206,0,1,0.4061206,0,1,0.4805115,0,1,0.41418314,0,1,0.4805115,0,1,0.41794938,0,1,0.41794938,0,1,0.4215526,-1,1,0.4215526,-1,1,0.468546,-1,1,0.468546,-1,1,0.4100978,-1,1,0.4100978,-1,1,0.40416417,-1,1,0.40416417,-1,1,0.42325363,-1,1,0.42325363,-1,1,0.41418314,0,1,0.41757408,0,1,0.41757414,0,1,0.4141831,0,1,0.47816312,0,1,0.47816312,1,1,0.47816312,0,1,0.41418314,0,1,0.47865018,1,1,0.47865018,0,1,0.47865018,0,1,0.47865018,1,1,0.47865018,0,1,0.47865018,0,1,0.4258301,0,1,0.4258301,0,1,0.4258301,0,1,0.4258301,0,1,0.4258301,0,1,0.4258301,0,1,0.4258301,0,1,0.4258301,0,1,0.4258301,0,1,0.4258301,0,1,0.4258301,0,1,0.4258301,0,1,0.47489282,0,1,0.47489282,0,1,0.47489282,0,1,0.47489282,0,1,0.47489282,0,1,0.47489282,0,1,0.40992758,1,1,0.40992758,1,1,0.40992758,1,1,0.47816312,0,1,0.47816312,0,1,0.47816312,0,1,0.47816312,0,1,0.40735808,0,1,0.40735808,0,1,0.40735808,0,1,0.40976337,0,1,0.40976337,0,1,0.40976337,0
     198,   0.00%,0.0,-1,0.5684348,0,-1,0.5684348,0,-1,0.5684348,1,-1,0.5563318,0,-1,0.5684348,0,-1,0.5684348,1,-1,0.38855118,1,-1,0.38855118,1,-1,0.38855118,1,-1,0.38855118,0,-1,0.38855118,1,-1,0.5684348,0,-1,0.5684348,1,-1,0.38855118,1,-1,0.5563318,0,-1,0.38855118,1,-1,0.5486206,0,-1,0.5486206,0,-1,0.550584,0,-1,0.550584,0,-1,0.43859395,0,-1,0.43859395,0,-1,0.56143254,0,-1,0.56143254,0,-1,0.5695416,0,-1,0.5695416,0,-1,0.5432708,0,-1,0.5432708,0,-1,0.5563318,0,-1,0.5501343,0,-1,0.55013424,0,-1,0.5563318,0,-1,0.40718454,0,-1,0.40718454,1,-1,0.40718454,0,-1,0.5563318,0,-1,0.37752917,0,-1,0.37752917,0,-1,0.37752917,0,-1,0.37752917,0,-1,0.37752917,0,-1,0.37752917,0,-1,0.54035574,0,-1,0.54035574,0,-1,0.54035574,0,-1,0.54035574,0,-1,0.54035574,0,-1,0.54035574,0,-1,0.54035574,0,-1,0.54035574,0,-1,0.54035574,0,-1,0.54035574,0,-1,0.54035574,0,-1,0.54035574,0,-1,0.39949656,0,-1,0.39949656,0,-1,0.39949656,0,-1,0.39949656,0,-1,0.39949656,0,-1,0.39949656,0,-1,0.5626044,0,-1,0.5626044,0,-1,0.5626044,0,-1,0.40718454,0,-1,0.4071845,0,-1,0.4071845,0,-1,0.4071845,0,-1,0.566163,0,-1,0.566163,0,-1,0.566163,0,-1,0.5611415,0,-1,0.5611415,0,-1,0.5611415,0
     199,  97.26%,0.4930555555555556,0,0.56644464,0,0,0.56644464,0,0,0.56644464,0,0,0.56398284,0,0,0.56644464,0,0,0.56644464,0,0,0.58571124,0,0,0.58571124,0,0,0.58571124,1,0,0.58571124,0,0,0.58571124,1,0,0.56644464,0,0,0.56644464,0,0,0.58571124,0,0,0.56398284,0,0,0.58571124,0,0,0.5646055,0,0,0.5646055,0,0,0.56319237,0,0,0.56319237,0,0,0.59886324,0,0,0.59886324,0,0,0.5628459,0,0,0.5628459,0,0,0.5626277,0,0,0.5626277,0,0,0.56145656,0,0,0.56145656,0,0,0.56398284,0,0,0.5628567,0,0,0.5628567,0,0,0.56398284,0,0,0.59975165,0,0,0.59975165,0,0,0.59975165,0,0,0.56398284,0,0,0.5970094,0,0,0.5970094,0,0,0.5970094,0,0,0.5970094,0,0,0.5970094,0,0,0.5970094,0,0,0.5625418,0,0,0.5625418,0,0,0.5625418,0,0,0.5625418,0,0,0.5625418,0,0,0.5625418,0,0,0.5625418,0,0,0.5625418,0,0,0.5625418,0,0,0.5625418,0,0,0.5625418,0,0,0.5625418,0,0,0.59893185,0,0,0.59893185,0,0,0.59893185,0,0,0.59893185,0,0,0.59893185,0,0,0.59893185,0,0,0.561123,0,0,0.561123,0,0,0.561123,0,0,0.5997516,0,0,0.59975165,0,0,0.59975165,0,0,0.59975165,0,0,0.5656627,0,0,0.5656627,0,0,0.5656627,0,0,0.5621017,0,0,0.5621017,0,0,0.5621017,0
     200,   5.48%,0.05194805194805195,1,0.48729455,0,1,0.48729455,0,1,0.48729455,1,1,0.49247384,0,1,0.48729455,0,1,0.48729455,1,1,0.515282,0,1,0.515282,0,1,0.515282,1,1,0.515282,0,1,0.515282,1,1,0.48729455,0,1,0.48729455,0,1,0.515282,0,1,0.49247384,0,1,0.515282,0,1,0.49425992,0,1,0.49425992,0,1,0.49622187,0,1,0.49622187,0,1,0.49301964,0,1,0.49301964,0,1,0.49102125,0,1,0.49102125,0,1,0.49121556,0,1,0.49121556,0,1,0.49876803,0,1,0.49876803,0,1,0.49247384,0,1,0.49482763,0,1,0.4948277,0,1,0.4924739,0,1,0.49522316,0,1,0.49522316,0,1,0.49522316,0,1,0.49247384,0,1,0.5050124,0,1,0.5050124,0,1,0.5050124,0,1,0.5050124,0,1,0.5050124,0,1,0.5050124,0,1,0.49845326,0,1,0.49845326,0,1,0.49845326,0,1,0.49845326,0,1,0.49845326,0,1,0.49845326,0,1,0.49845326,0,1,0.49845326,0,1,0.49845326,0,1,0.49845326,0,1,0.49845326,0,1,0.49845326,0,1,0.49774066,0,1,0.49774066,0,1,0.49774066,0,1,0.49774066,0,1,0.49774066,0,1,0.49774066,0,1,0.49342027,0,1,0.49342027,0,1,0.49342027,0,1,0.49522325,0,1,0.49522316,0,1,0.49522316,0,1,0.49522316,0,1,0.4893325,0,1,0.4893325,0,1,0.4893325,0,1,0.49276483,0,1,0.49276483,0,1,0.49276483,0
     201,   8.22%,0.05063291139240506,-1,0.5762219,-1,-1,0.5762219,-1,-1,0.5762219,-1,-1,0.56864125,0,-1,0.5762219,-1,-1,0.5762219,0,-1,0.49511433,-1,-1,0.49511433,-1,-1,0.49511433,0,-1,0.49511433,0,-1,0.49511433,0,-1,0.5762219,0,-1,0.5762219,0,-1,0.49511433,1,-1,0.56864125,0,-1,0.49511433,1,-1,0.56512046,0,-1,0.56512046,0,-1,0.567202,0,-1,0.567202,0,-1,0.4923154,0,-1,0.4923154,0,-1,0.5720348,0,-1,0.5720348,0,-1,0.5706434,0,-1,0.5706434,0,-1,0.5715087,0,-1,0.5715087,0,-1,0.56864125,0,-1,0.56053674,0,-1,0.56053674,0,-1,0.56864125,0,-1,0.47524595,0,-1,0.47524595,0,-1,0.47524595,0,-1,0.56864125,0,-1,0.47711176,0,-1,0.47711176,0,-1,0.47711176,0,-1,0.47711176,0,-1,0.47711176,0,-1,0.47711176,0,-1,0.56527275,0,-1,0.56527275,0,-1,0.56527275,0,-1,0.56527275,0,-1,0.56527275,0,-1,0.56527275,0,-1,0.56527275,0,-1,0.56527275,0,-1,0.56527275,0,-1,0.56527275,0,-1,0.56527275,0,-1,0.56527275,0,-1,0.48790738,0,-1,0.48790738,0,-1,0.48790738,0,-1,0.48790738,0,-1,0.48790738,0,-1,0.48790738,0,-1,0.5698832,0,-1,0.5698832,0,-1,0.56988317,0,-1,0.47524595,0,-1,0.47524595,0,-1,0.47524595,0,-1,0.47524595,0,-1,0.5723801,0,-1,0.5723801,0,-1,0.5723801,0,-1,0.57091594,0,-1,0.57091594,0,-1,0.57091594,0
     202,  97.26%,0.4930555555555556,0,0.98667586,0,0,0.98667586,0,0,0.98667586,0,0,0.9865824,0,0,0.98667586,0,0,0.98667586,0,0,0.98895174,0,0,0.98895174,0,0,0.98895174,0,0,0.98895174,0,0,0.98895174,1,0,0.98667586,0,0,0.98667586,0,0,0.98895174,0,0,0.9865824,0,0,0.98895174,0,0,0.9869205,0,0,0.9869205,0,0,0.98442185,0,0,0.98442185,0,0,0.99117744,0,0,0.99117744,0,0,0.9874376,0,0,0.9874376,0,0,0.98864573,0,0,0.98864573,0,0,0.98501754,0,0,0.98501754,0,0,0.9865824,0,0,0.98729813,0,0,0.98729813,0,0,0.9865824,0,0,0.9917559,0,0,0.9917559,0,0,0.9917559,0,0,0.9865824,0,0,0.98926145,0,0,0.98926145,0,0,0.98926145,0,0,0.98926145,0,0,0.98926145,0,0,0.98926145,0,0,0.9855235,0,0,0.9855235,0,0,0.9855235,0,0,0.9855235,0,0,0.9855235,0,0,0.9855235,0,0,0.9855235,0,0,0.9855235,0,0,0.9855235,0,0,0.9855235,0,0,0.9855235,0,0,0.9855235,0,0,0.98997575,0,0,0.98997575,0,0,0.98997575,0,0,0.98997575,0,0,0.98997575,0,0,0.98997575,0,0,0.9869454,0,0,0.9869454,0,0,0.9869454,0,0,0.9917559,0,0,0.9917559,0,0,0.9917559,0,0,0.9917559,1,0,0.98704803,0,0,0.98704803,0,0,0.98704803,0,0,0.9878609,0,0,0.9878609,0,0,0.9878609,0
     203,  94.52%,0.4859154929577465,0,0.9954209,0,0,0.9954209,-1,0,0.9954209,0,0,0.9953768,0,0,0.9954209,-1,0,0.9954209,0,0,0.99491155,-1,0,0.99491155,0,0,0.99491155,0,0,0.99491155,-1,0,0.99491155,0,0,0.9954209,0,0,0.9954209,0,0,0.99491155,0,0,0.9953768,0,0,0.99491155,0,0,0.9955889,0,0,0.9955889,0,0,0.9945593,0,0,0.9945593,0,0,0.99582785,0,0,0.99582785,0,0,0.99563295,0,0,0.99563295,0,0,0.9959787,0,0,0.9959787,0,0,0.99482065,0,0,0.99482065,0,0,0.9953768,0,0,0.9956544,0,0,0.9956544,0,0,0.9953768,0,0,0.9961478,0,0,0.9961478,0,0,0.9961478,0,0,0.9953768,0,0,0.9949608,0,0,0.9949608,0,0,0.9949608,0,0,0.9949608,0,0,0.9949608,0,0,0.9949608,0,0,0.9949795,0,0,0.9949795,0,0,0.9949795,0,0,0.9949795,0,0,0.9949795,0,0,0.9949795,0,0,0.9949795,0,0,0.9949795,0,0,0.9949795,0,0,0.9949795,0,0,0.9949795,0,0,0.9949795,0,0,0.9955982,0,0,0.9955982,0,0,0.9955982,0,0,0.9955982,0,0,0.9955982,0,0,0.9955982,0,0,0.9953666,0,0,0.9953666,0,0,0.9953666,0,0,0.9961478,0,0,0.9961478,0,0,0.9961478,0,0,0.9961478,0,0,0.995515,0,0,0.995515,0,0,0.995515,0,0,0.9957614,0,0,0.9957614,0,0,0.9957614,0
     204,  93.15%,0.48226950354609927,0,0.718187,0,0,0.718187,0,0,0.718187,0,0,0.72971845,0,0,0.718187,0,0,0.718187,0,0,0.8786721,0,0,0.8786721,0,0,0.8786721,0,0,0.8786721,0,0,0.8786721,0,0,0.718187,0,0,0.718187,0,0,0.8786721,0,0,0.72971845,0,0,0.8786721,0,0,0.73343134,0,0,0.73343134,0,0,0.73515433,0,0,0.73515433,-1,0,0.90173995,-1,0,0.90173995,-1,0,0.72811455,0,0,0.72811455,0,0,0.7223265,0,0,0.7223265,0,0,0.73637116,-1,0,0.73637116,-1,0,0.72971845,0,0,0.7365417,0,0,0.7365417,0,0,0.72971845,0,0,0.9050455,0,0,0.9050455,0,0,0.9050455,0,0,0.72971845,0,0,0.8771313,0,0,0.8771313,0,0,0.8771313,0,0,0.8771313,0,0,0.8771313,0,0,0.8771313,0,0,0.73542,0,0,0.73542,0,0,0.73542,0,0,0.73542,0,0,0.73542,0,0,0.73542,0,0,0.73542,0,0,0.73542,0,0,0.73542,0,0,0.73542,0,0,0.73542,0,0,0.73542,0,0,0.88627696,0,0,0.88627696,0,0,0.88627696,0,0,0.88627696,0,0,0.88627696,0,0,0.88627696,0,0,0.7297368,0,0,0.7297368,0,0,0.7297368,0,0,0.9050455,0,0,0.9050455,0,0,0.9050455,0,0,0.9050455,0,0,0.7197019,0,0,0.7197019,0,0,0.7197019,0,0,0.7297712,0,0,0.7297712,0,0,0.7297712,0
     205, 100.00%,1.0,0,0.89442056,0,0,0.89442056,0,0,0.89442056,0,0,0.9018925,0,0,0.89442056,0,0,0.89442056,0,0,0.99204886,0,0,0.99204886,0,0,0.99204886,0,0,0.99204886,0,0,0.99204886,0,0,0.89442056,0,0,0.89442056,0,0,0.99204886,0,0,0.9018925,0,0,0.99204886,0,0,0.9053502,0,0,0.9053502,0,0,0.9064811,0,0,0.9064811,0,0,0.9925315,0,0,0.9925315,0,0,0.9008171,0,0,0.9008171,0,0,0.8937778,0,0,0.8937778,0,0,0.91492766,0,0,0.91492766,0,0,0.9018925,0,0,0.90315354,0,0,0.90315354,0,0,0.9018925,0,0,0.99432874,0,0,0.99432874,0,0,0.99432874,0,0,0.9018925,0,0,0.9928791,0,0,0.9928791,0,0,0.9928791,0,0,0.9928791,0,0,0.9928791,0,0,0.9928791,0,0,0.91517955,0,0,0.91517955,0,0,0.91517955,0,0,0.91517955,0,0,0.91517955,0,0,0.91517955,0,0,0.91517955,0,0,0.91517955,0,0,0.91517955,0,0,0.91517955,0,0,0.91517955,0,0,0.91517955,0,0,0.9929308,0,0,0.9929308,0,0,0.9929308,0,0,0.9929308,0,0,0.9929308,0,0,0.9929308,0,0,0.8993323,0,0,0.8993323,0,0,0.8993323,0,0,0.99432874,0,0,0.99432874,0,0,0.99432874,0,0,0.99432874,0,0,0.8945361,0,0,0.8945361,0,0,0.8945361,0,0,0.901084,0,0,0.901084,0,0,0.901084,0
     206, 100.00%,1.0,0,0.9999838,0,0,0.9999838,0,0,0.9999838,0,0,0.9999844,0,0,0.9999838,0,0,0.9999838,0,0,0.9999937,0,0,0.9999937,0,0,0.9999937,0,0,0.9999937,0,0,0.9999937,0,0,0.9999838,0,0,0.9999838,0,0,0.9999937,0,0,0.9999844,0,0,0.9999937,0,0,0.99998516,0,0,0.99998516,0,0,0.999982,0,0,0.999982,0,0,0.99999374,0,0,0.99999374,0,0,0.99998474,0,0,0.99998474,0,0,0.99998605,0,0,0.99998605,0,0,0.99998313,0,0,0.99998313,0,0,0.9999844,0,0,0.9999859,0,0,0.9999859,0,0,0.9999844,0,0,0.99999505,0,0,0.99999505,0,0,0.99999505,0,0,0.9999844,0,0,0.9999938,0,0,0.9999938,0,0,0.9999938,0,0,0.9999938,0,0,0.9999938,0,0,0.9999938,0,0,0.9999845,0,0,0.9999845,0,0,0.9999845,0,0,0.9999845,0,0,0.9999845,0,0,0.9999845,0,0,0.9999845,0,0,0.9999845,0,0,0.9999845,0,0,0.9999845,0,0,0.9999845,0,0,0.9999845,0,0,0.9999945,0,0,0.9999945,0,0,0.9999945,0,0,0.9999945,0,0,0.9999945,0,0,0.9999945,0,0,0.99998355,0,0,0.99998355,0,0,0.99998355,0,0,0.99999505,0,0,0.99999505,0,0,0.99999505,0,0,0.99999505,0,0,0.9999838,0,0,0.9999838,0,0,0.9999838,0,0,0.99998504,0,0,0.99998504,0,0,0.99998504,0
     207, 100.00%,1.0,0,0.5105834,0,0,0.5105834,0,0,0.5105834,0,0,0.5096351,0,0,0.5105834,0,0,0.5105834,0,0,0.5954647,0,0,0.5954647,0,0,0.5954647,0,0,0.5954647,0,0,0.5954647,0,0,0.5105834,0,0,0.5105834,0,0,0.5954647,0,0,0.5096351,0,0,0.5954647,0,0,0.5074619,0,0,0.5074619,0,0,0.5079627,0,0,0.5079627,0,0,0.6577607,0,0,0.6577607,0,0,0.50759983,0,0,0.50759983,0,0,0.5114789,0,0,0.5114789,0,0,0.500338,0,0,0.500338,0,0,0.5096351,0,0,0.5115844,0,0,0.5115844,0,0,0.5096351,0,0,0.6576409,0,0,0.6576409,0,0,0.6576409,0,0,0.5096351,0,0,0.5909383,0,0,0.5909383,0,0,0.5909383,0,0,0.5909383,0,0,0.5909383,0,0,0.5909383,0,0,0.5046432,0,0,0.5046432,0,0,0.5046432,0,0,0.5046432,0,0,0.5046432,0,0,0.5046432,0,0,0.5046432,0,0,0.5046432,0,0,0.5046432,0,0,0.5046432,0,0,0.5046432,0,0,0.5046432,0,0,0.6092055,0,0,0.6092055,0,0,0.6092055,0,0,0.6092055,0,0,0.6092055,0,0,0.6092055,0,0,0.50887775,0,0,0.50887775,0,0,0.50887775,0,0,0.657641,0,0,0.65764093,0,0,0.65764093,0,0,0.65764093,0,0,0.5110099,0,0,0.5110099,0,0,0.5110099,0,0,0.50715196,0,0,0.50715196,0,0,0.50715196,0
     208, 100.00%,1.0,0,0.83610964,0,0,0.83610964,0,0,0.83610964,0,0,0.84266454,0,0,0.83610964,0,0,0.83610964,0,0,0.9511579,0,0,0.9511579,0,0,0.9511579,0,0,0.9511579,0,0,0.9511579,0,0,0.83610964,0,0,0.83610964,0,0,0.9511579,0,0,0.84266454,0,0,0.9511579,0,0,0.8497648,0,0,0.8497648,0,0,0.84198004,0,0,0.84198004,0,0,0.9542541,0,0,0.9542541,0,0,0.8417809,0,0,0.8417809,0,0,0.83397055,0,0,0.83397055,0,0,0.8545949,0,0,0.8545949,0,0,0.84266454,0,0,0.84544957,0,0,0.8454497,0,0,0.84266466,0,0,0.96139354,0,0,0.96139354,0,0,0.96139354,0,0,0.84266454,0,0,0.9547565,0,0,0.9547565,0,0,0.9547565,0,0,0.9547565,0,0,0.9547565,0,0,0.9547565,0,0,0.85346085,0,0,0.85346085,0,0,0.85346085,0,0,0.85346085,0,0,0.85346085,0,0,0.85346085,0,0,0.85346085,0,0,0.85346085,0,0,0.85346085,0,0,0.85346085,0,0,0.85346085,0,0,0.85346085,0,0,0.9553756,0,0,0.9553756,0,0,0.9553756,0,0,0.9553756,0,0,0.9553756,0,0,0.9553756,0,0,0.83723146,0,0,0.83723146,0,0,0.83723146,0,0,0.9613935,0,0,0.96139354,0,0,0.96139354,0,0,0.96139354,0,0,0.8353148,0,0,0.8353148,0,0,0.8353148,0,0,0.84209853,0,0,0.84209853,0,0,0.84209853,0
     209,   6.85%,0.07427055702917772,-1,0.433987,0,-1,0.433987,0,-1,0.433987,-1,-1,0.4179036,0,-1,0.433987,0,-1,0.433987,0,1,0.46243542,0,1,0.46243542,0,1,0.46243542,-1,1,0.46243542,0,1,0.46243542,0,-1,0.433987,-1,-1,0.433987,-1,1,0.46243542,-1,-1,0.4179036,0,1,0.46243542,-1,-1,0.41189888,0,-1,0.41189888,0,-1,0.41057733,0,-1,0.41057733,0,1,0.45207348,0,1,0.45207348,0,-1,0.42149004,0,-1,0.42149004,0,-1,0.42469877,0,-1,0.42469877,0,-1,0.4115707,0,-1,0.4115707,0,-1,0.4179036,0,-1,0.40563568,0,-1,0.40563568,0,-1,0.41790366,0,1,0.45876473,0,1,0.45876473,0,1,0.45876473,0,-1,0.4179036,0,1,0.471913,0,1,0.471913,0,1,0.471913,0,1,0.471913,0,1,0.471913,0,1,0.471913,0,-1,0.40566373,0,-1,0.40566373,0,-1,0.40566373,0,-1,0.40566373,0,-1,0.40566373,-1,-1,0.40566373,0,-1,0.40566373,0,-1,0.40566373,0,-1,0.40566373,0,-1,0.40566373,0,-1,0.40566373,0,-1,0.40566373,0,1,0.45834398,0,1,0.45834398,0,1,0.45834398,0,1,0.45834398,0,1,0.45834398,0,1,0.45834398,0,-1,0.41873404,0,-1,0.41873404,0,-1,0.41873404,0,1,0.45876476,0,1,0.4587647,0,1,0.4587647,1,1,0.4587647,0,-1,0.4294767,0,-1,0.4294767,0,-1,0.4294767,0,-1,0.41948587,0,-1,0.41948587,0,-1,0.41948587,0
     210,  35.62%,0.1750841750841751,1,0.4564957,0,1,0.4564957,0,1,0.4564957,0,1,0.46195465,0,1,0.4564957,0,1,0.4564957,0,0,0.50177455,0,0,0.50177455,0,0,0.50177455,1,0,0.50177455,-1,0,0.50177455,0,1,0.4564957,0,1,0.4564957,0,0,0.50177455,0,1,0.46195465,0,0,0.50177455,0,1,0.45978785,0,1,0.45978785,0,1,0.46806797,0,1,0.46806797,0,0,0.50545096,0,0,0.50545096,0,1,0.45848033,0,1,0.45848033,0,1,0.4618094,0,1,0.4618094,0,1,0.45346838,0,1,0.45346838,0,1,0.46195465,0,1,0.4695805,0,1,0.46958044,0,1,0.46195468,0,0,0.53999776,0,0,0.53999776,0,0,0.53999776,0,1,0.46195465,0,0,0.5146117,0,0,0.5146117,0,0,0.5146117,0,0,0.5146117,0,0,0.5146117,0,0,0.5146117,0,1,0.46069303,0,1,0.46069303,0,1,0.46069303,0,1,0.46069303,0,1,0.46069303,0,1,0.46069303,0,1,0.46069303,0,1,0.46069303,0,1,0.46069303,0,1,0.46069303,0,1,0.46069303,0,1,0.46069303,0,0,0.5253975,0,0,0.5253975,0,0,0.5253975,0,0,0.5253975,0,0,0.5253975,0,0,0.5253975,0,1,0.46315622,0,1,0.46315622,0,1,0.46315622,0,0,0.53999776,0,0,0.53999776,0,0,0.53999776,0,0,0.53999776,0,1,0.45756203,0,1,0.45756203,0,1,0.45756203,0,1,0.4586699,0,1,0.4586699,0,1,0.4586699,0
     211,  35.62%,0.18055555555555555,-1,0.4973615,0,-1,0.4973615,0,-1,0.4973615,1,-1,0.48025766,0,-1,0.4973615,0,-1,0.4973615,1,0,0.4038993,0,0,0.4038993,0,0,0.4038993,1,0,0.4038993,0,0,0.4038993,0,-1,0.4973615,0,-1,0.4973615,1,0,0.4038993,0,-1,0.48025766,0,0,0.4038993,1,-1,0.47287455,0,-1,0.47287455,0,-1,0.47299445,0,-1,0.47299445,0,0,0.43175873,0,0,0.43175873,0,-1,0.48662332,0,-1,0.48662332,0,-1,0.48923716,0,-1,0.48923716,0,-1,0.47417057,0,-1,0.47417057,0,-1,0.48025766,0,-1,0.46661058,0,-1,0.46661058,0,-1,0.48025766,0,0,0.44250947,0,0,0.44250947,0,0,0.44250947,0,-1,0.48025766,0,0,0.42348796,0,0,0.42348796,0,0,0.42348796,0,0,0.42348796,0,0,0.42348796,0,0,0.42348796,0,-1,0.47030336,0,-1,0.47030336,0,-1,0.47030336,0,-1,0.47030336,0,-1,0.47030336,0,-1,0.47030336,0,-1,0.47030336,0,-1,0.47030336,0,-1,0.47030336,0,-1,0.47030336,0,-1,0.47030336,0,-1,0.47030336,0,0,0.42467758,0,0,0.42467758,0,0,0.42467758,0,0,0.42467758,0,0,0.42467758,0,0,0.42467758,0,-1,0.48191023,0,-1,0.48191023,0,-1,0.4819103,0,0,0.4425094,0,0,0.44250947,0,0,0.44250947,0,0,0.44250947,0,-1,0.4930553,0,-1,0.4930553,0,-1,0.4930553,0,-1,0.48431304,0,-1,0.48431304,0,-1,0.48431304,0
     212,   0.00%,0.0,1,0.40616336,-1,1,0.40616336,-1,1,0.40616336,0,1,0.4155533,0,1,0.40616336,-1,1,0.40616336,-1,1,0.60815626,0,1,0.60815626,0,1,0.60815626,0,1,0.60815626,0,1,0.60815626,0,1,0.40616336,0,1,0.40616336,0,1,0.60815626,0,1,0.4155533,0,1,0.60815626,0,1,0.419603,0,1,0.419603,0,1,0.42242408,0,1,0.42242408,0,1,0.5996121,0,1,0.5996121,0,1,0.4118723,0,1,0.4118723,0,1,0.4096525,0,1,0.4096525,0,1,0.42496544,0,1,0.42496544,0,1,0.4155533,0,1,0.42152926,0,1,0.42152926,0,1,0.4155533,0,1,0.6051384,0,1,0.6051384,0,1,0.6051384,0,1,0.4155533,0,1,0.61188996,0,1,0.61188996,0,1,0.61188996,0,1,0.61188996,0,1,0.61188996,0,1,0.61188996,0,1,0.42815095,0,1,0.42815095,0,1,0.42815095,0,1,0.42815095,0,1,0.42815095,0,1,0.42815095,0,1,0.42815095,0,1,0.42815095,0,1,0.42815095,0,1,0.42815095,0,1,0.42815095,0,1,0.42815095,0,1,0.6152022,0,1,0.6152022,0,1,0.6152022,0,1,0.6152022,0,1,0.6152022,0,1,0.6152022,0,1,0.41370267,0,1,0.41370267,0,1,0.4137026,0,1,0.60513836,0,1,0.6051384,0,1,0.6051384,0,1,0.6051384,0,1,0.4074034,0,1,0.4074034,0,1,0.4074034,0,1,0.41308174,0,1,0.41308174,0,1,0.41308174,0
     213,  20.55%,0.11363636363636363,1,0.54458696,-1,1,0.54458696,-1,1,0.54458696,0,1,0.54938686,0,1,0.54458696,0,1,0.54458696,0,1,0.60855526,-1,1,0.60855526,0,1,0.60855526,0,1,0.60855526,-1,1,0.60855526,0,1,0.54458696,0,1,0.54458696,0,1,0.60855526,0,1,0.54938686,0,1,0.60855526,0,1,0.5515324,0,1,0.5515324,0,1,0.55368066,0,1,0.55368066,0,1,0.54937,0,1,0.54937,0,1,0.54900956,0,1,0.54900956,0,1,0.5482795,0,1,0.5482795,0,1,0.55520785,0,1,0.55520785,0,1,0.54938686,0,1,0.551239,0,1,0.551239,0,1,0.5493869,0,1,0.54634583,0,1,0.54634583,0,1,0.54634583,0,1,0.54938686,0,1,0.62167495,1,1,0.62167495,1,1,0.62167495,1,1,0.62167495,1,1,0.62167495,0,1,0.62167495,0,1,0.55630076,1,1,0.55630076,1,1,0.55630076,1,1,0.55630076,1,1,0.55630076,1,1,0.55630076,1,1,0.55630076,1,1,0.55630076,0,1,0.55630076,1,1,0.55630076,1,1,0.55630076,1,1,0.55630076,1,1,0.5962826,0,1,0.5962826,0,1,0.5962826,0,1,0.5962826,0,1,0.5962826,0,1,0.5962826,0,1,0.55160266,0,1,0.55160266,0,1,0.55160266,0,1,0.5463458,0,1,0.54634583,0,1,0.54634583,-1,1,0.54634583,-1,1,0.54746175,0,1,0.54746175,0,1,0.54746175,0,1,0.5507217,0,1,0.5507217,0,1,0.5507217,0
     214,  94.52%,0.4859154929577465,0,0.99460346,0,0,0.99460346,0,0,0.99460346,0,0,0.994324,0,0,0.99460346,0,0,0.99460346,0,0,0.9845243,0,0,0.9845243,0,0,0.9845243,0,0,0.9845243,0,0,0.9845243,0,0,0.99460346,0,0,0.99460346,0,0,0.9845243,0,0,0.994324,0,0,0.9845243,0,0,0.9943826,0,0,0.9943826,0,0,0.99320227,0,0,0.99320227,0,0,0.98720443,0,0,0.98720443,0,0,0.9947092,0,0,0.9947092,0,0,0.99526346,0,0,0.99526346,0,0,0.99342054,0,0,0.99342054,0,0,0.994324,0,0,0.9944682,0,0,0.9944682,0,0,0.99432397,0,0,0.9878985,0,0,0.9878985,0,0,0.9878985,0,0,0.994324,0,0,0.98308986,1,0,0.98308986,0,0,0.98308986,0,0,0.98308986,0,0,0.98308986,0,0,0.98308986,0,0,0.9935498,0,0,0.9935498,0,0,0.9935498,0,0,0.9935498,1,0,0.9935498,1,0,0.9935498,0,0,0.9935498,0,0,0.9935498,0,0,0.9935498,0,0,0.9935498,0,0,0.9935498,0,0,0.9935498,1,0,0.9859837,0,0,0.9859837,0,0,0.9859837,0,0,0.9859837,0,0,0.9859837,0,0,0.9859837,0,0,0.99440604,0,0,0.99440604,0,0,0.99440604,0,0,0.9878985,0,0,0.9878985,0,0,0.9878985,0,0,0.9878985,0,0,0.99469745,0,0,0.99469745,0,0,0.99469745,0,0,0.9948547,0,0,0.9948547,0,0,0.9948547,0
     215,  98.63%,0.496551724137931,0,0.9797579,0,0,0.9797579,0,0,0.9797579,0,0,0.97890556,0,0,0.9797579,0,0,0.9797579,0,0,0.948853,0,0,0.948853,0,0,0.948853,0,0,0.948853,0,0,0.948853,0,0,0.9797579,0,0,0.9797579,0,0,0.948853,0,0,0.97890556,0,0,0.948853,0,0,0.97949564,0,0,0.97949564,0,0,0.9756862,0,0,0.9756862,0,0,0.952151,0,0,0.952151,0,0,0.9804237,0,0,0.9804237,0,0,0.98179376,0,0,0.98179376,0,0,0.9772351,0,0,0.9772351,0,0,0.97890556,0,0,0.97913116,0,0,0.97913116,0,0,0.97890556,0,0,0.95419157,0,0,0.95419157,0,0,0.95419157,0,0,0.97890556,0,0,0.94486845,0,0,0.94486845,0,0,0.94486845,0,0,0.94486845,0,0,0.94486845,0,0,0.94486845,0,0,0.9769491,0,0,0.9769491,0,0,0.9769491,0,0,0.9769491,1,0,0.9769491,0,0,0.9769491,0,0,0.9769491,0,0,0.9769491,0,0,0.9769491,0,0,0.9769491,0,0,0.9769491,0,0,0.9769491,0,0,0.951562,0,0,0.951562,0,0,0.951562,0,0,0.951562,0,0,0.951562,0,0,0.951562,0,0,0.97900224,0,0,0.97900224,0,0,0.97900224,0,0,0.95419157,0,0,0.95419157,0,0,0.95419157,0,0,0.95419157,0,0,0.9798209,0,0,0.9798209,0,0,0.9798209,0,0,0.9810119,0,0,0.9810119,0,0,0.9810119,0
     216,   0.00%,0.0,1,0.50403696,0,1,0.50403696,-1,1,0.50403696,0,1,0.5071084,0,1,0.50403696,-1,1,0.50403696,0,1,0.56481034,0,1,0.56481034,0,1,0.56481034,0,1,0.56481034,0,1,0.56481034,0,1,0.50403696,0,1,0.50403696,0,1,0.56481034,0,1,0.5071084,0,1,0.56481034,0,1,0.5046796,0,1,0.5046796,0,1,0.51403683,0,1,0.51403683,0,1,0.5583938,0,1,0.5583938,0,1,0.5029122,0,1,0.5029122,0,1,0.5025857,0,1,0.5025857,0,1,0.5039201,0,1,0.5039201,0,1,0.5071084,0,1,0.5112465,0,1,0.51124656,0,1,0.5071084,0,1,0.54637057,0,1,0.54637057,0,1,0.54637057,0,1,0.5071084,0,1,0.560838,0,1,0.560838,0,1,0.560838,0,1,0.560838,0,1,0.560838,0,1,0.560838,0,1,0.51134914,0,1,0.51134914,0,1,0.51134914,0,1,0.51134914,0,1,0.51134914,0,1,0.51134914,0,1,0.51134914,0,1,0.51134914,0,1,0.51134914,0,1,0.51134914,0,1,0.51134914,0,1,0.51134914,0,1,0.5653066,0,1,0.5653066,0,1,0.5653066,0,1,0.5653066,0,1,0.5653066,0,1,0.5653066,0,1,0.5059138,0,1,0.5059138,0,1,0.5059138,0,1,0.54637057,0,1,0.54637057,0,1,0.54637057,0,1,0.54637057,0,1,0.50291544,0,1,0.50291544,0,1,0.50291544,0,1,0.5010738,0,1,0.5010738,0,1,0.5010738,0
     217,  42.47%,0.2614232209737828,-1,0.3543187,0,-1,0.3543187,0,-1,0.3543187,0,-1,0.3466233,0,-1,0.3543187,0,-1,0.3543187,0,0,0.42220375,0,0,0.42220375,0,0,0.42220375,0,0,0.42220375,0,0,0.42220375,0,-1,0.3543187,0,-1,0.3543187,0,0,0.42220375,0,-1,0.3466233,0,0,0.42220375,0,-1,0.3473085,0,-1,0.3473085,-1,1,0.34486285,-1,1,0.34486285,-1,0,0.42178905,-1,0,0.42178905,-1,-1,0.35373658,-1,-1,0.35373658,-1,-1,0.35235482,0,-1,0.35235482,0,-1,0.35913646,-1,-1,0.35913646,-1,-1,0.3466233,0,1,0.34756273,0,1,0.3475628,0,-1,0.3466233,0,0,0.43086302,0,0,0.43086302,0,0,0.43086302,0,-1,0.3466233,0,0,0.42877594,0,0,0.42877594,0,0,0.42877594,0,0,0.42877594,0,0,0.42877594,0,0,0.42877594,0,-1,0.3498713,0,-1,0.3498713,0,-1,0.3498713,0,-1,0.3498713,0,-1,0.3498713,0,-1,0.3498713,0,-1,0.3498713,0,-1,0.3498713,0,-1,0.3498713,0,-1,0.3498713,0,-1,0.3498713,0,-1,0.3498713,0,0,0.42344713,0,0,0.42344713,0,0,0.42344713,0,0,0.42344713,0,0,0.42344713,0,0,0.42344713,0,-1,0.34644872,1,-1,0.34644872,1,-1,0.34644872,1,0,0.43086302,0,0,0.43086302,0,0,0.43086302,0,0,0.43086302,0,-1,0.35070688,0,-1,0.35070688,0,-1,0.35070688,0,-1,0.35276964,0,-1,0.35276964,0,-1,0.35276964,0
     218,  36.99%,0.19318691169878976,-1,0.47016704,0,-1,0.47016704,0,-1,0.47016704,0,-1,0.4542777,0,-1,0.47016704,0,-1,0.47016704,1,0,0.45986247,0,0,0.45986247,0,0,0.45986247,1,0,0.45986247,0,0,0.45986247,1,-1,0.47016704,0,-1,0.47016704,0,0,0.45986247,0,-1,0.4542777,0,0,0.45986247,0,-1,0.44733402,0,-1,0.44733402,0,-1,0.44926402,0,-1,0.44926402,0,0,0.46098575,0,0,0.46098575,0,-1,0.45856383,0,-1,0.45856383,0,-1,0.46459872,0,-1,0.46459872,0,-1,0.44718108,0,-1,0.44718108,0,-1,0.4542777,0,-1,0.4413779,0,-1,0.44137797,0,-1,0.45427763,0,0,0.47448516,0,0,0.47448516,0,0,0.47448516,0,-1,0.4542777,0,0,0.47283497,0,0,0.47283497,0,0,0.47283497,0,0,0.47283497,0,0,0.47283497,0,0,0.47283497,0,-1,0.43789157,0,-1,0.43789157,0,-1,0.43789157,0,-1,0.43789157,0,-1,0.43789157,-1,-1,0.43789157,0,-1,0.43789157,0,-1,0.43789157,0,-1,0.43789157,0,-1,0.43789157,0,-1,0.43789157,0,-1,0.43789157,0,0,0.4677407,0,0,0.4677407,0,0,0.4677407,0,0,0.4677407,0,0,0.4677407,0,0,0.4677407,0,-1,0.45761544,0,-1,0.45761544,0,-1,0.4576154,0,0,0.47448516,0,0,0.47448516,0,0,0.47448516,0,0,0.47448516,0,-1,0.46749705,0,-1,0.46749705,0,-1,0.46749705,0,-1,0.45768625,0,-1,0.45768625,0,-1,0.45768625,0
     219,  35.62%,0.20833333333333334,-1,0.44138324,0,-1,0.44138324,0,-1,0.44138324,0,-1,0.42457232,0,-1,0.44138324,-1,-1,0.44138324,0,0,0.48853368,1,0,0.48853368,0,0,0.48853368,0,0,0.48853368,0,0,0.48853368,1,-1,0.44138324,0,-1,0.44138324,0,0,0.48853368,0,-1,0.42457232,0,0,0.48853368,0,-1,0.41977838,0,-1,0.41977838,0,-1,0.41667348,1,-1,0.41667348,0,0,0.50353986,0,0,0.50353986,0,-1,0.4311829,0,-1,0.4311829,0,-1,0.43192145,0,-1,0.43192145,0,-1,0.42064488,0,-1,0.42064488,-1,-1,0.42457232,0,-1,0.41097367,0,-1,0.41097364,0,-1,0.42457232,0,0,0.508461,0,0,0.508461,1,0,0.508461,0,-1,0.42457232,0,0,0.5089522,0,0,0.5089522,0,0,0.5089522,1,0,0.5089522,0,0,0.5089522,0,0,0.5089522,0,-1,0.4124826,0,-1,0.4124826,0,-1,0.4124826,0,-1,0.4124826,0,-1,0.4124826,-1,-1,0.4124826,0,-1,0.4124826,0,-1,0.4124826,0,-1,0.4124826,0,-1,0.4124826,0,-1,0.4124826,0,-1,0.4124826,0,0,0.50331026,0,0,0.50331026,0,0,0.50331026,0,0,0.50331026,0,0,0.50331026,0,0,0.50331026,0,-1,0.42666733,0,-1,0.42666733,0,-1,0.4266673,0,0,0.508461,0,0,0.508461,0,0,0.508461,0,0,0.508461,1,-1,0.43664515,0,-1,0.43664515,0,-1,0.43664515,0,-1,0.42971322,0,-1,0.42971322,0,-1,0.42971322,0
     220,  19.18%,0.16091954022988506,1,0.4275889,0,1,0.4275889,0,1,0.4275889,0,1,0.4250348,0,1,0.4275889,0,1,0.4275889,1,1,0.5909599,0,1,0.5909599,0,1,0.5909599,1,1,0.5909599,0,1,0.5909599,1,1,0.4275889,0,1,0.4275889,0,1,0.5909599,0,1,0.4250348,0,1,0.5909599,0,1,0.4247092,0,1,0.4247092,0,1,0.42446077,0,1,0.42446077,0,1,0.6117055,0,1,0.6117055,0,1,0.42550448,0,1,0.42550448,0,1,0.42990398,0,1,0.42990398,0,1,0.42401877,0,1,0.42401877,0,1,0.4250348,0,1,0.4244044,0,1,0.42440438,0,1,0.4250348,0,1,0.6071643,0,1,0.6071643,0,1,0.6071643,0,1,0.4250348,0,1,0.6063516,0,1,0.6063516,0,1,0.6063516,0,1,0.6063516,0,1,0.6063516,0,1,0.6063516,0,1,0.42703217,1,1,0.42703217,1,1,0.42703217,1,1,0.42703217,0,1,0.42703217,1,1,0.42703217,1,1,0.42703217,1,1,0.42703217,1,1,0.42703217,1,1,0.42703217,1,1,0.42703217,1,1,0.42703217,1,1,0.6023777,0,1,0.6023777,0,1,0.6023777,0,1,0.6023777,0,1,0.6023777,0,1,0.6023777,0,1,0.42494375,0,1,0.42494375,0,1,0.4249438,0,1,0.6071643,0,1,0.6071643,0,1,0.6071643,0,1,0.6071643,0,1,0.4272869,0,1,0.4272869,0,1,0.4272869,0,1,0.42532796,0,1,0.42532796,0,1,0.42532796,0
     221,  15.07%,0.14379084967320263,-1,0.36229888,0,-1,0.36229888,0,-1,0.36229888,0,-1,0.35687995,0,-1,0.36229888,0,-1,0.36229888,0,1,0.60753596,0,1,0.60753596,0,1,0.60753596,0,1,0.60753596,0,1,0.60753596,0,-1,0.36229888,0,-1,0.36229888,0,1,0.60753596,0,-1,0.35687995,0,1,0.60753596,0,-1,0.35851985,0,-1,0.35851985,0,-1,0.3520518,0,-1,0.3520518,0,1,0.6138756,0,1,0.6138756,0,-1,0.35848758,0,-1,0.35848758,0,-1,0.3543367,0,-1,0.3543367,0,-1,0.35472804,0,-1,0.35472804,0,-1,0.35687995,0,-1,0.35154676,0,-1,0.3515468,0,-1,0.35687995,0,1,0.6194726,0,1,0.6194726,0,1,0.6194726,0,-1,0.35687995,0,1,0.61992604,0,1,0.61992604,0,1,0.61992604,0,1,0.61992604,0,1,0.61992604,0,1,0.61992604,0,1,0.35467327,1,1,0.35467327,1,1,0.35467327,1,1,0.35467327,0,1,0.35467327,1,1,0.35467327,1,1,0.35467327,1,1,0.35467327,1,1,0.35467327,1,1,0.35467327,1,1,0.35467327,1,1,0.35467327,1,1,0.615038,0,1,0.615038,0,1,0.615038,0,1,0.615038,0,1,0.615038,0,1,0.615038,0,-1,0.35367814,0,-1,0.35367814,0,-1,0.3536781,0,1,0.6194726,0,1,0.6194726,0,1,0.6194726,0,1,0.6194726,0,-1,0.3614886,0,-1,0.3614886,0,-1,0.3614886,0,-1,0.35732248,0,-1,0.35732248,0,-1,0.35732248,0
     222,  72.60%,0.42063492063492064,0,0.50740236,0,0,0.50740236,0,0,0.50740236,0,0,0.5074103,0,0,0.50740236,0,0,0.50740236,0,1,0.54431146,0,1,0.54431146,0,1,0.54431146,0,1,0.54431146,0,1,0.54431146,0,0,0.50740236,0,0,0.50740236,0,1,0.54431146,0,0,0.5074103,0,1,0.54431146,0,0,0.5063892,0,0,0.5063892,0,0,0.50365776,0,0,0.50365776,0,0,0.5003363,0,0,0.5003363,0,0,0.50397766,0,0,0.50397766,0,0,0.50671965,0,0,0.50671965,0,0,0.4965902,0,0,0.4965902,0,0,0.5074103,0,0,0.51161826,0,0,0.51161826,0,0,0.5074103,0,0,0.49224985,0,0,0.49224985,0,0,0.49224985,0,0,0.5074103,0,1,0.5624858,0,1,0.5624858,0,1,0.5624858,0,1,0.5624858,0,1,0.5624858,0,1,0.5624858,0,0,0.50026774,0,0,0.50026774,0,0,0.50026774,1,0,0.50026774,0,0,0.50026774,0,0,0.50026774,0,0,0.50026774,0,0,0.50026774,0,0,0.50026774,0,0,0.50026774,0,0,0.50026774,0,0,0.50026774,0,1,0.5316197,0,1,0.5316197,0,1,0.5316197,0,1,0.5316197,0,1,0.5316197,0,1,0.5316197,0,0,0.50410795,0,0,0.50410795,0,0,0.504108,0,0,0.49224994,0,0,0.49224985,0,0,0.49224985,0,0,0.49224985,0,0,0.50650877,0,0,0.50650877,0,0,0.50650877,0,0,0.5027614,0,0,0.5027614,0,0,0.5027614,0
     223,  35.62%,0.17869415807560138,-1,0.50751805,0,-1,0.50751805,0,-1,0.50751805,0,-1,0.49743083,0,-1,0.50751805,0,-1,0.50751805,1,0,0.35937417,0,0,0.35937417,0,0,0.35937417,1,0,0.35937417,0,0,0.35937417,1,-1,0.50751805,0,-1,0.50751805,0,0,0.35937417,0,-1,0.49743083,0,0,0.35937417,0,-1,0.4989207,0,-1,0.4989207,0,-1,0.4885896,0,-1,0.4885896,0,0,0.36801055,0,0,0.36801055,0,-1,0.50121206,0,-1,0.50121206,0,-1,0.5018232,0,-1,0.5018232,0,-1,0.4916424,0,-1,0.4916424,0,-1,0.49743083,0,-1,0.49208853,0,-1,0.49208853,0,-1,0.49743083,0,0,0.36058012,0,0,0.36058012,0,0,0.36058012,0,-1,0.49743083,0,0,0.36144304,0,0,0.36144304,0,0,0.36144304,0,0,0.36144304,0,0,0.36144304,0,0,0.36144304,0,-1,0.48605576,0,-1,0.48605576,0,-1,0.48605576,1,-1,0.48605576,0,-1,0.48605576,0,-1,0.48605576,0,-1,0.48605576,0,-1,0.48605576,0,-1,0.48605576,0,-1,0.48605576,0,-1,0.48605576,0,-1,0.48605576,0,0,0.3627657,0,0,0.3627657,0,0,0.3627657,0,0,0.3627657,0,0,0.3627657,0,0,0.3627657,0,-1,0.49476907,0,-1,0.49476907,0,-1,0.49476907,0,0,0.36058012,0,0,0.36058012,0,0,0.36058012,0,0,0.36058012,0,-1,0.5049607,0,-1,0.5049607,0,-1,0.5049607,0,-1,0.49972016,0,-1,0.49972016,0,-1,0.49972016,0
     224,  36.99%,0.2861394557823129,1,0.56840134,0,1,0.56840134,0,1,0.56840134,0,1,0.57247204,0,1,0.56840134,0,1,0.56840134,1,0,0.57933795,0,0,0.57933795,0,0,0.57933795,0,0,0.57933795,0,0,0.57933795,1,1,0.56840134,0,1,0.56840134,0,0,0.57933795,1,1,0.57247204,0,0,0.57933795,0,1,0.57355684,0,1,0.57355684,0,1,0.57509303,0,1,0.57509303,0,0,0.58458793,0,0,0.58458793,0,1,0.57254595,0,1,0.57254595,0,1,0.5696057,0,1,0.5696057,0,1,0.57340413,0,1,0.57340413,0,1,0.57247204,0,1,0.57356817,0,1,0.57356817,0,1,0.57247204,0,0,0.5907896,0,0,0.5907896,0,0,0.5907896,0,1,0.57247204,0,0,0.59731716,0,0,0.59731716,0,0,0.59731716,0,0,0.59731716,0,0,0.59731716,0,0,0.59731716,0,1,0.56974417,0,1,0.56974417,0,1,0.56974417,0,1,0.56974417,0,1,0.56974417,0,1,0.56974417,0,1,0.56974417,0,1,0.56974417,0,1,0.56974417,0,1,0.56974417,0,1,0.56974417,0,1,0.56974417,0,0,0.5869966,0,0,0.5869966,0,0,0.5869966,0,0,0.5869966,0,0,0.5869966,0,0,0.5869966,0,1,0.575424,0,1,0.575424,0,1,0.575424,0,0,0.5907897,0,0,0.5907896,0,0,0.5907896,0,0,0.5907896,0,1,0.57194555,0,1,0.57194555,0,1,0.57194555,0,1,0.57381964,0,1,0.57381964,0,1,0.57381964,0
     225,  84.93%,0.45925925925925926,0,0.9500041,0,0,0.9500041,1,0,0.9500041,1,0,0.95142657,0,0,0.9500041,0,0,0.9500041,1,0,0.9634238,1,0,0.9634238,1,0,0.9634238,1,0,0.9634238,1,0,0.9634238,1,0,0.9500041,0,0,0.9500041,1,0,0.9634238,1,0,0.95142657,0,0,0.9634238,1,0,0.95127445,0,0,0.95127445,0,0,0.94634897,0,0,0.94634897,0,0,0.9638126,0,0,0.9638126,0,0,0.9515608,0,0,0.9515608,0,0,0.9552252,0,0,0.9552252,0,0,0.9454974,0,0,0.9454974,0,0,0.95142657,0,0,0.954283,0,0,0.954283,0,0,0.95142657,0,0,0.9639883,0,0,0.9639883,0,0,0.9639883,0,0,0.95142657,0,0,0.9651912,0,0,0.9651912,0,0,0.9651912,0,0,0.9651912,0,0,0.9651912,0,0,0.9651912,0,0,0.9478921,0,0,0.9478921,0,0,0.9478921,0,0,0.9478921,0,0,0.9478921,0,0,0.9478921,0,0,0.9478921,0,0,0.9478921,0,0,0.9478921,0,0,0.9478921,0,0,0.9478921,0,0,0.9478921,0,0,0.9653122,0,0,0.9653122,0,0,0.9653122,0,0,0.9653122,0,0,0.9653122,0,0,0.9653122,0,0,0.95276564,0,0,0.95276564,0,0,0.95276564,0,0,0.9639883,0,0,0.9639883,0,0,0.9639883,0,0,0.9639883,0,0,0.9525201,0,0,0.9525201,0,0,0.9525201,0,0,0.9520105,0,0,0.9520105,0,0,0.9520105,0
     226,  84.93%,0.45925925925925926,0,0.666215,0,0,0.666215,0,0,0.666215,1,0,0.6744976,0,0,0.666215,0,0,0.666215,1,0,0.70329976,1,0,0.70329976,1,0,0.70329976,1,0,0.70329976,1,0,0.70329976,1,0,0.666215,1,0,0.666215,1,0,0.70329976,1,0,0.6744976,0,0,0.70329976,1,0,0.67445177,0,0,0.67445177,0,0,0.66782933,0,0,0.66782933,0,0,0.7177264,0,0,0.7177264,0,0,0.66785663,0,0,0.66785663,0,0,0.6803835,0,0,0.6803835,0,0,0.65375227,0,0,0.65375227,0,0,0.6744976,0,0,0.6899033,0,0,0.6899033,0,0,0.6744976,0,0,0.71740234,0,0,0.71740234,0,0,0.71740234,0,0,0.6744976,0,0,0.7046945,0,0,0.7046945,0,0,0.7046945,0,0,0.7046945,0,0,0.7046945,0,0,0.7046945,0,0,0.667114,0,0,0.667114,0,0,0.667114,0,0,0.667114,0,0,0.667114,0,0,0.667114,0,0,0.667114,0,0,0.667114,0,0,0.667114,0,0,0.667114,0,0,0.667114,0,0,0.667114,0,0,0.71498567,0,0,0.71498567,0,0,0.71498567,0,0,0.71498567,0,0,0.71498567,0,0,0.71498567,0,0,0.67418534,0,0,0.67418534,0,0,0.6741854,0,0,0.71740234,0,0,0.71740234,0,0,0.71740234,0,0,0.71740234,0,0,0.67078245,0,0,0.67078245,0,0,0.67078245,0,0,0.66871655,0,0,0.66871655,0,0,0.66871655,0
     227,  27.40%,0.2740187309270757,-1,0.4102296,-1,-1,0.4102296,-1,-1,0.4102296,1,-1,0.40253,0,-1,0.4102296,0,-1,0.4102296,1,1,0.4007341,0,1,0.4007341,0,1,0.4007341,1,1,0.4007341,0,1,0.4007341,1,-1,0.4102296,1,-1,0.4102296,0,1,0.4007341,1,-1,0.40253,0,1,0.4007341,0,-1,0.40139157,0,-1,0.40139157,0,-1,0.40073386,1,-1,0.40073386,1,0,0.40004033,0,0,0.40004033,0,-1,0.40646818,0,-1,0.40646818,0,-1,0.40492618,-1,-1,0.40492618,-1,-1,0.40429193,-1,-1,0.40429193,-1,-1,0.40253,0,-1,0.39399362,0,-1,0.39399362,0,-1,0.40252998,0,0,0.3984478,1,0,0.3984478,1,0,0.3984478,1,-1,0.40253,0,1,0.3991728,1,1,0.3991728,1,1,0.3991728,1,1,0.3991728,1,1,0.3991728,1,1,0.3991728,0,-1,0.39362392,1,-1,0.39362392,1,-1,0.39362392,1,-1,0.39362392,1,-1,0.39362392,1,-1,0.39362392,1,-1,0.39362392,1,-1,0.39362392,1,-1,0.39362392,1,-1,0.39362392,1,-1,0.39362392,1,-1,0.39362392,1,1,0.3892993,0,1,0.3892993,0,1,0.3892993,0,1,0.3892993,0,1,0.3892993,0,1,0.3892993,0,-1,0.40534347,1,-1,0.40534347,1,-1,0.40534344,1,0,0.3984478,0,0,0.39844778,0,0,0.39844778,0,0,0.39844778,0,-1,0.40894902,0,-1,0.40894902,0,-1,0.40894902,0,-1,0.4074657,1,-1,0.4074657,1,-1,0.4074657,0
     228,  35.62%,0.2854700854700855,-1,0.49779302,-1,-1,0.49779302,-1,-1,0.49779302,0,-1,0.48101026,0,-1,0.49779302,-1,-1,0.49779302,1,1,0.40075374,0,1,0.40075374,0,1,0.40075374,1,1,0.40075374,1,1,0.40075374,1,-1,0.49779302,0,-1,0.49779302,0,1,0.40075374,1,-1,0.48101026,0,1,0.40075374,0,-1,0.46968356,1,-1,0.46968356,0,-1,0.47410455,1,-1,0.47410455,1,1,0.3759393,1,1,0.3759393,0,-1,0.48694342,-1,-1,0.48694342,-1,-1,0.4959053,0,-1,0.4959053,-1,-1,0.4671545,-1,-1,0.4671545,-1,-1,0.48101026,0,-1,0.46916938,0,-1,0.46916935,-1,-1,0.48101026,0,1,0.39331034,1,1,0.39331034,1,1,0.39331034,1,-1,0.48101026,0,1,0.39690176,1,1,0.39690176,1,1,0.39690176,1,1,0.39690176,1,1,0.39690176,1,1,0.39690176,1,-1,0.4604164,1,-1,0.4604164,1,-1,0.4604164,1,-1,0.4604164,1,-1,0.4604164,1,-1,0.4604164,1,-1,0.4604164,1,-1,0.4604164,0,-1,0.4604164,1,-1,0.4604164,1,-1,0.4604164,1,-1,0.4604164,1,1,0.391055,1,1,0.391055,1,1,0.391055,1,1,0.391055,0,1,0.391055,0,1,0.391055,0,-1,0.4894443,1,-1,0.4894443,1,-1,0.48944426,1,1,0.39331037,0,1,0.39331034,0,1,0.39331034,0,1,0.39331034,0,-1,0.4954279,0,-1,0.4954279,0,-1,0.4954279,0,-1,0.48745683,1,-1,0.48745683,1,-1,0.48745683,0
     229,  26.03%,0.1747638326585695,1,0.47136357,0,1,0.47136357,0,1,0.47136357,1,1,0.47541606,0,1,0.47136357,0,1,0.47136357,1,0,0.5039538,1,0,0.5039538,1,0,0.5039538,1,0,0.5039538,0,0,0.5039538,1,1,0.47136357,0,1,0.47136357,0,0,0.5039538,1,1,0.47541606,0,0,0.5039538,0,1,0.47343644,0,1,0.47343644,0,1,0.48155364,0,1,0.48155364,0,0,0.53262794,-1,0,0.53262794,0,1,0.47309184,0,1,0.47309184,0,1,0.47488153,0,1,0.47488153,0,1,0.47435206,0,1,0.47435206,0,1,0.47541606,0,1,0.4789072,0,1,0.4789072,0,1,0.47541612,0,0,0.53912026,0,0,0.53912026,-1,0,0.53912026,0,1,0.47541606,0,0,0.5241621,-1,0,0.5241621,-1,0,0.5241621,-1,0,0.5241621,-1,0,0.5241621,0,0,0.5241621,0,1,0.47620633,-1,1,0.47620633,-1,1,0.47620633,-1,1,0.47620633,-1,1,0.47620633,-1,1,0.47620633,-1,1,0.47620633,-1,1,0.47620633,-1,1,0.47620633,-1,1,0.47620633,-1,1,0.47620633,-1,1,0.47620633,-1,0,0.51533526,0,0,0.51533526,0,0,0.51533526,0,0,0.51533526,0,0,0.51533526,0,0,0.51533526,0,1,0.47673315,0,1,0.47673315,0,1,0.47673312,0,0,0.5391203,0,0,0.53912026,0,0,0.53912026,0,0,0.53912026,0,1,0.47156394,0,1,0.47156394,0,1,0.47156394,0,1,0.47310114,0,1,0.47310114,0,1,0.47310114,0
     230,  35.62%,0.1843971631205674,-1,0.38498294,0,-1,0.38498294,0,-1,0.38498294,1,-1,0.37614453,0,-1,0.38498294,0,-1,0.38498294,0,0,0.48912972,1,0,0.48912972,1,0,0.48912972,0,0,0.48912972,0,0,0.48912972,0,-1,0.38498294,0,-1,0.38498294,0,0,0.48912972,0,-1,0.37614453,0,0,0.48912972,0,-1,0.37316546,0,-1,0.37316546,0,-1,0.36717692,0,-1,0.36717692,0,0,0.48810747,0,0,0.48810747,0,-1,0.3828711,0,-1,0.3828711,0,-1,0.38726506,0,-1,0.38726506,0,-1,0.35851127,0,-1,0.35851127,0,-1,0.37614453,0,-1,0.37404957,0,-1,0.3740495,0,-1,0.3761446,0,0,0.5005957,0,0,0.5005957,0,0,0.5005957,0,-1,0.37614453,0,0,0.49052066,0,0,0.49052066,0,0,0.49052066,0,0,0.49052066,0,0,0.49052066,0,0,0.49052066,0,-1,0.35087442,0,-1,0.35087442,0,-1,0.35087442,0,-1,0.35087442,0,-1,0.35087442,0,-1,0.35087442,0,-1,0.35087442,0,-1,0.35087442,1,-1,0.35087442,0,-1,0.35087442,0,-1,0.35087442,0,-1,0.35087442,0,0,0.49695954,0,0,0.49695954,0,0,0.49695954,0,0,0.49695954,0,0,0.49695954,0,0,0.49695954,0,-1,0.3809717,1,-1,0.3809717,1,-1,0.38097167,1,0,0.5005957,0,0,0.50059575,0,0,0.50059575,0,0,0.50059575,0,-1,0.38444164,0,-1,0.38444164,0,-1,0.38444164,0,-1,0.38216874,0,-1,0.38216874,0,-1,0.38216874,0
     231,  98.63%,0.496551724137931,0,0.8163783,0,0,0.8163783,0,0,0.8163783,0,0,0.8199309,0,0,0.8163783,0,0,0.8163783,1,0,0.9624302,0,0,0.9624302,0,0,0.9624302,0,0,0.9624302,0,0,0.9624302,0,0,0.8163783,0,0,0.8163783,0,0,0.9624302,0,0,0.8199309,0,0,0.9624302,0,0,0.82232994,0,0,0.82232994,0,0,0.82267797,0,0,0.82267797,0,0,0.9620649,0,0,0.9620649,0,0,0.822573,0,0,0.822573,0,0,0.8210422,0,0,0.8210422,0,0,0.83562857,0,0,0.83562857,0,0,0.8199309,0,0,0.8227714,0,0,0.8227714,0,0,0.81993103,0,0,0.9660314,0,0,0.9660314,0,0,0.9660314,0,0,0.8199309,0,0,0.964885,0,0,0.964885,0,0,0.964885,0,0,0.964885,0,0,0.964885,0,0,0.964885,0,0,0.8390963,0,0,0.8390963,0,0,0.8390963,0,0,0.8390963,0,0,0.8390963,0,0,0.8390963,0,0,0.8390963,0,0,0.8390963,0,0,0.8390963,0,0,0.8390963,0,0,0.8390963,0,0,0.8390963,0,0,0.9664789,0,0,0.9664789,0,0,0.9664789,0,0,0.9664789,0,0,0.9664789,0,0,0.9664789,0,0,0.82233375,0,0,0.82233375,0,0,0.82233375,0,0,0.9660314,0,0,0.9660314,0,0,0.9660314,0,0,0.9660314,0,0,0.8130422,0,0,0.8130422,0,0,0.8130422,0,0,0.822819,0,0,0.822819,0,0,0.822819,0
     232,   0.00%,0.0,1,0.52123106,0,1,0.52123106,0,1,0.52123106,0,1,0.5203886,0,1,0.52123106,0,1,0.52123106,0,1,0.4866793,0,1,0.4866793,0,1,0.4866793,0,1,0.4866793,0,1,0.4866793,0,1,0.52123106,0,1,0.52123106,0,1,0.4866793,0,1,0.5203886,0,1,0.4866793,0,1,0.51218253,0,1,0.51218253,0,1,0.52914256,0,1,0.52914256,0,1,0.49009526,0,1,0.49009526,0,1,0.5153201,0,1,0.5153201,0,1,0.5239486,0,1,0.5239486,0,1,0.50508624,0,1,0.50508624,0,1,0.5203886,0,1,0.5234902,0,1,0.52349025,0,1,0.5203886,0,1,0.4650791,0,1,0.4650791,0,1,0.4650791,0,1,0.5203886,0,1,0.48282093,0,1,0.48282093,0,1,0.48282093,0,1,0.48282093,0,1,0.48282093,0,1,0.48282093,0,1,0.511928,0,1,0.511928,0,1,0.511928,0,1,0.511928,0,1,0.511928,0,1,0.511928,0,1,0.511928,0,1,0.511928,0,1,0.511928,0,1,0.511928,0,1,0.511928,0,1,0.511928,0,1,0.46984792,0,1,0.46984792,0,1,0.46984792,0,1,0.46984792,0,1,0.46984792,0,1,0.46984792,0,1,0.52481127,0,1,0.52481127,0,1,0.52481127,0,1,0.46507898,0,1,0.4650791,0,1,0.4650791,0,1,0.4650791,0,1,0.52229387,0,1,0.52229387,0,1,0.52229387,0,1,0.51362854,0,1,0.51362854,0,1,0.51362854,0
     233,   5.48%,0.03463203463203463,1,0.44962862,-1,1,0.44962862,-1,1,0.44962862,-1,1,0.4517417,0,1,0.44962862,-1,1,0.44962862,-1,1,0.7021571,-1,1,0.7021571,-1,1,0.7021571,0,1,0.7021571,0,1,0.7021571,0,1,0.44962862,0,1,0.44962862,0,1,0.7021571,1,1,0.4517417,0,1,0.7021571,0,1,0.45229247,-1,1,0.45229247,-1,1,0.4543625,-1,1,0.4543625,-1,1,0.66862184,-1,1,0.66862184,-1,1,0.44999185,-1,1,0.44999185,-1,1,0.44977486,-1,1,0.44977486,-1,1,0.45329744,-1,1,0.45329744,-1,1,0.4517417,0,1,0.45502767,-1,1,0.45502767,-1,1,0.4517417,0,1,0.67282873,0,1,0.67282873,0,1,0.67282873,0,1,0.4517417,0,1,0.72629356,0,1,0.72629356,0,1,0.72629356,0,1,0.72629356,0,1,0.72629356,0,1,0.72629356,0,1,0.46289405,0,1,0.46289405,0,1,0.46289405,0,1,0.46289405,0,1,0.46289405,0,1,0.46289405,0,1,0.46289405,0,1,0.46289405,0,1,0.46289405,0,1,0.46289405,0,1,0.46289405,0,1,0.46289405,0,1,0.71035796,0,1,0.71035796,0,1,0.71035796,0,1,0.71035796,0,1,0.71035796,0,1,0.71035796,0,1,0.45178217,1,1,0.45178217,1,1,0.45178217,1,1,0.6728288,0,1,0.67282873,0,1,0.67282873,0,1,0.67282873,0,1,0.44955686,0,1,0.44955686,0,1,0.44955686,0,1,0.44966343,0,1,0.44966343,0,1,0.44966343,0
     234,   8.22%,0.09444444444444444,-1,0.51067513,-1,-1,0.51067513,-1,-1,0.51067513,0,-1,0.51222414,0,-1,0.51067513,0,-1,0.51067513,1,1,0.44435486,0,1,0.44435486,0,1,0.44435486,0,1,0.44435486,0,1,0.44435486,0,-1,0.51067513,0,-1,0.51067513,0,1,0.44435486,1,-1,0.51222414,0,1,0.44435486,0,-1,0.51054955,1,-1,0.51054955,1,-1,0.5105563,0,-1,0.5105563,0,1,0.45154738,0,1,0.45154738,0,-1,0.5124507,0,-1,0.5124507,0,-1,0.5129965,1,-1,0.5129965,1,-1,0.4925318,0,-1,0.4925318,0,-1,0.51222414,0,-1,0.51848054,0,-1,0.51848054,0,-1,0.5122242,0,1,0.47239986,0,1,0.47239986,1,1,0.47239986,0,-1,0.51222414,0,1,0.4572761,0,1,0.4572761,0,1,0.4572761,1,1,0.4572761,0,1,0.4572761,0,1,0.4572761,0,-1,0.49245363,0,-1,0.49245363,0,-1,0.49245363,0,-1,0.49245363,0,-1,0.49245363,0,-1,0.49245363,0,-1,0.49245363,0,-1,0.49245363,0,-1,0.49245363,0,-1,0.49245363,0,-1,0.49245363,0,-1,0.49245363,0,1,0.45699248,0,1,0.45699248,0,1,0.45699248,0,1,0.45699248,0,1,0.45699248,0,1,0.45699248,0,-1,0.51733196,1,-1,0.51733196,1,-1,0.51733196,1,1,0.47239986,-1,1,0.47239986,0,1,0.47239986,1,1,0.47239986,0,-1,0.5138602,0,-1,0.5138602,0,-1,0.5138602,0,-1,0.513046,0,-1,0.513046,0,-1,0.513046,0
     235,  31.51%,0.2855176089177066,-1,0.4233241,0,-1,0.4233241,0,-1,0.4233241,0,-1,0.40956792,0,-1,0.4233241,0,-1,0.4233241,0,1,0.3840016,0,1,0.3840016,0,1,0.3840016,1,1,0.3840016,0,1,0.3840016,1,-1,0.4233241,-1,-1,0.4233241,0,1,0.3840016,0,-1,0.40956792,0,1,0.3840016,0,-1,0.4102383,0,-1,0.4102383,1,-1,0.39977375,0,-1,0.39977375,0,0,0.38424802,0,0,0.38424802,0,-1,0.41346958,0,-1,0.41346958,0,-1,0.4171161,0,-1,0.4171161,0,-1,0.3946282,0,-1,0.3946282,0,-1,0.40956792,0,-1,0.4035506,0,-1,0.4035506,0,-1,0.40956792,0,0,0.38767555,0,0,0.38767555,1,0,0.38767555,0,-1,0.40956792,0,0,0.38884538,0,0,0.38884538,0,0,0.38884538,0,0,0.38884538,0,0,0.38884538,0,0,0.38884538,0,-1,0.3889911,0,-1,0.3889911,0,-1,0.3889911,0,-1,0.3889911,0,-1,0.3889911,0,-1,0.3889911,0,-1,0.3889911,0,-1,0.3889911,0,-1,0.3889911,0,-1,0.3889911,0,-1,0.3889911,0,-1,0.3889911,0,0,0.38320905,0,0,0.38320905,0,0,0.38320905,0,0,0.38320905,0,0,0.38320905,0,0,0.38320905,0,-1,0.40964663,0,-1,0.40964663,0,-1,0.40964663,0,0,0.38767555,0,0,0.38767555,0,0,0.38767555,0,0,0.38767555,0,-1,0.4222323,0,-1,0.4222323,0,-1,0.4222323,0,-1,0.41381586,0,-1,0.41381586,0,-1,0.41381586,0
     236,  41.10%,0.23881893182805036,-1,0.38421226,0,-1,0.38421226,0,-1,0.38421226,0,-1,0.36797735,0,-1,0.38421226,0,-1,0.38421226,0,0,0.5442519,0,0,0.5442519,0,0,0.5442519,0,0,0.5442519,0,0,0.5442519,1,-1,0.38421226,0,-1,0.38421226,0,0,0.5442519,0,-1,0.36797735,0,0,0.5442519,0,-1,0.35991222,0,-1,0.35991222,0,-1,0.35563618,0,-1,0.35563618,0,0,0.5577815,0,0,0.5577815,0,-1,0.3741397,0,-1,0.3741397,0,-1,0.38609356,0,-1,0.38609356,1,-1,0.34036455,0,-1,0.34036455,0,-1,0.36797735,0,-1,0.36223006,0,-1,0.36223006,0,-1,0.36797735,0,0,0.56720346,0,0,0.56720346,1,0,0.56720346,0,-1,0.36797735,0,0,0.56998515,0,0,0.56998515,0,0,0.56998515,0,0,0.56998515,0,0,0.56998515,0,0,0.56998515,0,-1,0.3386959,0,-1,0.3386959,0,-1,0.3386959,0,-1,0.3386959,0,-1,0.3386959,0,-1,0.3386959,0,-1,0.3386959,-1,-1,0.3386959,0,-1,0.3386959,0,-1,0.3386959,0,-1,0.3386959,0,-1,0.3386959,0,0,0.55273205,0,0,0.55273205,0,0,0.55273205,0,0,0.55273205,0,0,0.55273205,0,0,0.55273205,0,-1,0.37591165,-1,-1,0.37591165,-1,-1,0.37591165,-1,0,0.56720346,0,0,0.56720346,0,0,0.56720346,0,0,0.56720346,0,-1,0.38541928,0,-1,0.38541928,0,-1,0.38541928,0,-1,0.37521768,0,-1,0.37521768,0,-1,0.37521768,0
     237,  32.88%,0.30313656730956556,1,0.40400544,0,1,0.40400544,0,1,0.40400544,1,1,0.41087183,0,1,0.40400544,0,1,0.40400544,1,1,0.4689365,0,1,0.4689365,0,1,0.4689365,1,1,0.4689365,0,1,0.4689365,1,1,0.40400544,0,1,0.40400544,0,1,0.4689365,0,1,0.41087183,0,1,0.4689365,0,1,0.4124464,0,1,0.4124464,0,1,0.41408995,0,1,0.41408995,0,1,0.47665042,0,1,0.47665042,0,1,0.40728518,0,1,0.40728518,0,1,0.40913472,0,1,0.40913472,0,1,0.40745848,0,1,0.40745848,0,1,0.41087183,0,1,0.41855186,0,1,0.41855186,0,1,0.4108719,0,0,0.47593594,0,0,0.47593594,0,0,0.47593594,0,1,0.41087183,0,0,0.4738185,0,0,0.4738185,0,0,0.4738185,0,0,0.4738185,0,0,0.4738185,0,0,0.4738185,0,1,0.41175342,0,1,0.41175342,0,1,0.41175342,0,1,0.41175342,0,1,0.41175342,0,1,0.41175342,0,1,0.41175342,0,1,0.41175342,1,1,0.41175342,0,1,0.41175342,0,1,0.41175342,0,1,0.41175342,0,0,0.47348326,0,0,0.47348326,0,0,0.47348326,0,0,0.47348326,0,0,0.47348326,0,0,0.47348326,0,1,0.411122,0,1,0.411122,0,1,0.411122,0,0,0.47593594,0,0,0.47593594,0,0,0.47593594,0,0,0.47593594,0,1,0.40605256,0,1,0.40605256,0,1,0.40605256,0,1,0.40841272,0,1,0.40841272,0,1,0.40841272,0
     238,  12.33%,0.1268939393939394,-1,0.4482937,0,-1,0.4482937,0,-1,0.4482937,0,-1,0.4436031,0,-1,0.4482937,0,-1,0.4482937,0,1,0.40311852,0,1,0.40311852,0,1,0.40311852,1,1,0.40311852,0,1,0.40311852,0,-1,0.4482937,-1,-1,0.4482937,-1,1,0.40311852,-1,-1,0.4436031,0,1,0.40311852,-1,-1,0.4444392,0,-1,0.4444392,0,-1,0.43758354,0,-1,0.43758354,0,-1,0.40518436,0,-1,0.40518436,0,-1,0.44560945,0,-1,0.44560945,0,-1,0.44712764,0,-1,0.44712764,0,-1,0.43946445,0,-1,0.43946445,0,-1,0.4436031,0,-1,0.44230843,0,-1,0.44230843,0,-1,0.4436031,0,-1,0.40918103,1,-1,0.40918103,1,-1,0.40918103,1,-1,0.4436031,0,1,0.4161411,1,1,0.4161411,1,1,0.4161411,1,1,0.4161411,1,1,0.4161411,1,1,0.4161411,1,-1,0.43880898,1,-1,0.43880898,1,-1,0.43880898,1,-1,0.43880898,1,-1,0.43880898,1,-1,0.43880898,1,-1,0.43880898,1,-1,0.43880898,1,-1,0.43880898,1,-1,0.43880898,1,-1,0.43880898,1,-1,0.43880898,1,-1,0.3976717,1,-1,0.3976717,1,-1,0.3976717,1,-1,0.3976717,1,-1,0.3976717,1,-1,0.3976717,1,-1,0.44209003,1,-1,0.44209003,1,-1,0.44209006,1,-1,0.40918106,0,-1,0.40918103,0,-1,0.40918103,0,-1,0.40918103,0,-1,0.44631463,0,-1,0.44631463,0,-1,0.44631463,0,-1,0.44639987,0,-1,0.44639987,0,-1,0.44639987,0
     239,  28.77%,0.26400560224089636,-1,0.5450113,0,-1,0.5450113,0,-1,0.5450113,1,-1,0.54076385,0,-1,0.5450113,0,-1,0.5450113,1,1,0.59771687,1,1,0.59771687,1,1,0.59771687,0,1,0.59771687,0,1,0.59771687,1,-1,0.5450113,1,-1,0.5450113,1,1,0.59771687,1,-1,0.54076385,0,1,0.59771687,1,-1,0.54086864,0,-1,0.54086864,-1,-1,0.53969616,-1,-1,0.53969616,-1,1,0.5879307,-1,1,0.5879307,-1,-1,0.54154,-1,-1,0.54154,-1,-1,0.5423153,-1,-1,0.5423153,-1,-1,0.5412122,-1,-1,0.5412122,-1,-1,0.54076385,0,-1,0.53766644,1,-1,0.53766644,0,-1,0.54076385,0,1,0.5744643,0,1,0.5744643,1,1,0.5744643,0,-1,0.54076385,0,1,0.6314339,1,1,0.6314339,1,1,0.6314339,1,1,0.6314339,1,1,0.6314339,1,1,0.6314339,1,-1,0.536356,0,-1,0.536356,0,-1,0.536356,0,-1,0.536356,0,-1,0.536356,0,-1,0.536356,0,-1,0.536356,0,-1,0.536356,0,-1,0.536356,0,-1,0.536356,0,-1,0.536356,0,-1,0.536356,0,1,0.6058389,0,1,0.6058389,0,1,0.6058389,0,1,0.6058389,0,1,0.6058389,0,1,0.6058389,0,-1,0.54008263,1,-1,0.54008263,1,-1,0.54008263,1,1,0.5744644,0,1,0.5744644,0,1,0.5744644,0,1,0.5744644,0,-1,0.5432179,0,-1,0.5432179,0,-1,0.5432179,0,-1,0.5414696,1,-1,0.5414696,1,-1,0.5414696,1
     240,   6.85%,0.04273504273504273,1,0.3932988,-1,1,0.3932988,-1,1,0.3932988,-1,1,0.40442365,0,1,0.3932988,-1,1,0.3932988,1,1,0.5574856,-1,1,0.5574856,-1,1,0.5574856,0,1,0.5574856,-1,1,0.5574856,0,1,0.3932988,-1,1,0.3932988,-1,1,0.5574856,-1,1,0.40442365,0,1,0.5574856,-1,1,0.40701938,0,1,0.40701938,0,1,0.40938085,1,1,0.40938085,0,1,0.56262356,0,1,0.56262356,0,1,0.4013604,0,1,0.4013604,0,1,0.39734814,0,1,0.39734814,0,1,0.4094433,-1,1,0.4094433,-1,1,0.40442365,0,1,0.41282544,0,1,0.41282547,0,1,0.4044237,0,1,0.57210606,0,1,0.57210606,0,1,0.57210606,0,1,0.40442365,0,1,0.5588704,0,1,0.5588704,0,1,0.5588704,0,1,0.5588704,0,1,0.5588704,0,1,0.5588704,0,1,0.41542473,0,1,0.41542473,0,1,0.41542473,0,1,0.41542473,0,1,0.41542473,0,1,0.41542473,0,1,0.41542473,0,1,0.41542473,0,1,0.41542473,0,1,0.41542473,0,1,0.41542473,0,1,0.41542473,0,1,0.55740255,0,1,0.55740255,0,1,0.55740255,0,1,0.55740255,0,1,0.55740255,0,1,0.55740255,0,1,0.4050089,1,1,0.4050089,1,1,0.4050089,1,1,0.57210606,0,1,0.57210606,0,1,0.57210606,0,1,0.57210606,0,1,0.3948916,0,1,0.3948916,0,1,0.3948916,0,1,0.40330946,0,1,0.40330946,0,1,0.40330946,0
     241,   1.37%,0.013513513513513514,1,0.43005773,0,1,0.43005773,0,1,0.43005773,0,1,0.4367833,0,1,0.43005773,0,1,0.43005773,0,1,0.4904576,0,1,0.4904576,0,1,0.4904576,0,1,0.4904576,0,1,0.4904576,0,1,0.43005773,0,1,0.43005773,0,1,0.4904576,0,1,0.4367833,0,1,0.4904576,0,1,0.43890944,0,1,0.43890944,0,1,0.44245893,0,1,0.44245893,1,1,0.48089725,0,1,0.48089725,0,1,0.43354762,0,1,0.43354762,0,1,0.43235257,0,1,0.43235257,0,1,0.4407543,0,1,0.4407543,0,1,0.4367833,0,1,0.4418227,0,1,0.4418227,0,1,0.4367833,0,1,0.48452657,0,1,0.48452657,0,1,0.48452657,0,1,0.4367833,0,1,0.48586392,0,1,0.48586392,0,1,0.48586392,0,1,0.48586392,0,1,0.48586392,0,1,0.48586392,0,1,0.44376776,0,1,0.44376776,0,1,0.44376776,0,1,0.44376776,0,1,0.44376776,0,1,0.44376776,0,1,0.44376776,0,1,0.44376776,0,1,0.44376776,0,1,0.44376776,0,1,0.44376776,0,1,0.44376776,0,1,0.488308,0,1,0.488308,0,1,0.488308,0,1,0.488308,0,1,0.488308,0,1,0.488308,0,1,0.43674356,0,1,0.43674356,0,1,0.43674356,0,1,0.4845266,0,1,0.48452657,0,1,0.48452657,0,1,0.48452657,0,1,0.431173,0,1,0.431173,0,1,0.431173,0,1,0.43444678,0,1,0.43444678,0,1,0.43444678,0
     242,  38.36%,0.27722772277227725,-1,0.41563752,0,-1,0.41563752,0,-1,0.41563752,0,-1,0.40622792,0,-1,0.41563752,0,-1,0.41563752,0,0,0.58375156,0,0,0.58375156,0,0,0.58375156,0,0,0.58375156,0,0,0.58375156,0,-1,0.41563752,0,-1,0.41563752,0,0,0.58375156,0,-1,0.40622792,0,0,0.58375156,0,-1,0.400076,0,-1,0.400076,0,-1,0.40049136,0,-1,0.40049136,0,0,0.58663994,0,0,0.58663994,0,-1,0.4108949,0,-1,0.4108949,0,-1,0.4175855,0,-1,0.4175855,0,-1,0.38188285,0,-1,0.38188285,0,-1,0.40622792,0,-1,0.40338078,0,-1,0.40338078,0,-1,0.40622792,0,0,0.6010313,0,0,0.6010313,0,0,0.6010313,0,-1,0.40622792,0,0,0.59768945,0,0,0.59768945,0,0,0.59768945,0,0,0.59768945,0,0,0.59768945,0,0,0.59768945,0,-1,0.37762204,0,-1,0.37762204,0,-1,0.37762204,0,-1,0.37762204,0,-1,0.37762204,0,-1,0.37762204,0,-1,0.37762204,0,-1,0.37762204,0,-1,0.37762204,0,-1,0.37762204,0,-1,0.37762204,0,-1,0.37762204,0,0,0.5995445,0,0,0.5995445,0,0,0.5995445,0,0,0.5995445,0,0,0.5995445,0,0,0.5995445,0,-1,0.41290697,0,-1,0.41290697,0,-1,0.41290691,0,0,0.60103136,0,0,0.60103136,0,0,0.60103136,0,0,0.60103136,0,-1,0.41845536,0,-1,0.41845536,0,-1,0.41845536,0,-1,0.41046223,0,-1,0.41046223,0,-1,0.41046223,0
     243,  95.89%,0.48951048951048953,0,0.94940466,0,0,0.94940466,0,0,0.94940466,0,0,0.95085204,0,0,0.94940466,0,0,0.94940466,1,0,0.95592797,0,0,0.95592797,0,0,0.95592797,1,0,0.95592797,0,0,0.95592797,1,0,0.94940466,0,0,0.94940466,0,0,0.95592797,0,0,0.95085204,0,0,0.95592797,0,0,0.9513245,0,0,0.9513245,0,0,0.9464126,0,0,0.9464126,0,0,0.96554893,0,0,0.96554893,0,0,0.9521083,0,0,0.9521083,0,0,0.9550155,0,0,0.9550155,0,0,0.9468856,0,0,0.9468856,0,0,0.95085204,0,0,0.9532355,0,0,0.9532355,0,0,0.95085204,0,0,0.9665787,0,0,0.9665787,0,0,0.9665787,0,0,0.95085204,0,0,0.9542098,0,0,0.9542098,0,0,0.9542098,0,0,0.9542098,0,0,0.9542098,0,0,0.9542098,0,0,0.94785786,0,0,0.94785786,0,0,0.94785786,0,0,0.94785786,0,0,0.94785786,0,0,0.94785786,0,0,0.94785786,0,0,0.94785786,0,0,0.94785786,0,0,0.94785786,0,0,0.94785786,0,0,0.94785786,0,0,0.9584855,0,0,0.9584855,0,0,0.9584855,0,0,0.9584855,0,0,0.9584855,0,0,0.9584855,0,0,0.9523979,0,0,0.9523979,0,0,0.9523979,0,0,0.9665787,0,0,0.9665787,0,0,0.9665787,0,0,0.9665787,0,0,0.9514583,0,0,0.9514583,0,0,0.9514583,0,0,0.9532222,0,0,0.9532222,0,0,0.9532222,0
     244,  97.26%,0.4930555555555556,0,0.5970648,0,0,0.5970648,0,0,0.5970648,0,0,0.60463953,0,0,0.5970648,0,0,0.5970648,0,0,0.65618455,0,0,0.65618455,0,0,0.65618455,0,0,0.65618455,0,0,0.65618455,1,0,0.5970648,0,0,0.5970648,0,0,0.65618455,0,0,0.60463953,0,0,0.65618455,0,0,0.60632384,0,0,0.60632384,0,0,0.60800755,0,0,0.60800755,0,0,0.65613633,0,0,0.65613633,0,0,0.6004365,0,0,0.6004365,0,0,0.6002927,0,0,0.6002927,0,0,0.60976017,0,0,0.60976017,0,0,0.60463953,0,0,0.6107605,0,0,0.6107605,0,0,0.60463953,0,0,0.65863925,0,0,0.65863925,0,0,0.65863925,0,0,0.60463953,0,0,0.64410204,1,0,0.64410204,0,0,0.64410204,0,0,0.64410204,0,0,0.64410204,0,0,0.64410204,0,0,0.6117001,0,0,0.6117001,0,0,0.6117001,0,0,0.6117001,0,0,0.6117001,0,0,0.6117001,0,0,0.6117001,0,0,0.6117001,0,0,0.6117001,0,0,0.6117001,0,0,0.6117001,0,0,0.6117001,0,0,0.6536451,0,0,0.6536451,0,0,0.6536451,0,0,0.6536451,0,0,0.6536451,0,0,0.6536451,0,0,0.6012689,0,0,0.6012689,0,0,0.6012689,0,0,0.65863925,0,0,0.65863925,0,0,0.65863925,0,0,0.65863925,0,0,0.5953347,0,0,0.5953347,0,0,0.5953347,0,0,0.60039544,0,0,0.60039544,0,0,0.60039544,0
     245,  65.75%,0.2644628099173554,1,0.39228988,1,1,0.39228988,1,1,0.39228988,1,1,0.39666072,0,1,0.39228988,1,1,0.39228988,1,1,0.48106703,1,1,0.48106703,1,1,0.48106703,1,1,0.48106703,1,1,0.48106703,1,1,0.39228988,1,1,0.39228988,1,1,0.48106703,1,1,0.39666072,0,1,0.48106703,1,1,0.40100232,1,1,0.40100232,1,1,0.40113553,1,1,0.40113553,1,1,0.44359004,1,1,0.44359004,1,1,0.39232787,1,1,0.39232787,1,1,0.38625392,1,1,0.38625392,1,1,0.41371766,-1,1,0.41371766,-1,1,0.39666072,0,1,0.39647433,0,1,0.39647433,0,1,0.39666072,0,1,0.4701406,-1,1,0.4701406,1,1,0.4701406,-1,1,0.39666072,0,1,0.47288308,1,1,0.47288308,1,1,0.47288308,1,1,0.47288308,1,1,0.47288308,1,1,0.47288308,1,1,0.41450095,1,1,0.41450095,1,1,0.41450095,1,1,0.41450095,1,1,0.41450095,1,1,0.41450095,1,1,0.41450095,1,1,0.41450095,1,1,0.41450095,1,1,0.41450095,1,1,0.41450095,1,1,0.41450095,1,1,0.47897124,-1,1,0.47897124,0,1,0.47897124,1,1,0.47897124,0,1,0.47897124,0,1,0.47897124,-1,1,0.39039508,1,1,0.39039508,1,1,0.39039508,1,1,0.47014064,0,1,0.47014064,1,1,0.47014064,0,1,0.47014064,0,1,0.3890577,-1,1,0.3890577,0,1,0.3890577,0,1,0.39322814,0,1,0.39322814,0,1,0.39322814,0
     246,  38.36%,0.2019927536231884,-1,0.46049684,0,-1,0.46049684,0,-1,0.46049684,1,-1,0.44944394,0,-1,0.46049684,0,-1,0.46049684,1,0,0.45718274,0,0,0.45718274,1,0,0.45718274,0,0,0.45718274,0,0,0.45718274,0,-1,0.46049684,0,-1,0.46049684,0,0,0.45718274,0,-1,0.44944394,0,0,0.45718274,0,-1,0.4413996,0,-1,0.4413996,0,-1,0.4444915,1,-1,0.4444915,0,0,0.45542955,0,0,0.45542955,0,-1,0.4517599,0,-1,0.4517599,0,-1,0.46156827,0,-1,0.46156827,0,-1,0.42830268,0,-1,0.42830268,0,-1,0.44944394,0,-1,0.4465768,0,-1,0.4465768,0,-1,0.4494439,0,0,0.47173867,0,0,0.47173867,0,0,0.47173867,0,-1,0.44944394,0,0,0.46289217,0,0,0.46289217,0,0,0.46289217,0,0,0.46289217,0,0,0.46289217,0,0,0.46289217,0,-1,0.43111426,0,-1,0.43111426,0,-1,0.43111426,0,-1,0.43111426,-1,-1,0.43111426,0,-1,0.43111426,0,-1,0.43111426,0,-1,0.43111426,0,-1,0.43111426,0,-1,0.43111426,0,-1,0.43111426,0,-1,0.43111426,0,0,0.46040812,0,0,0.46040812,0,0,0.46040812,0,0,0.46040812,0,0,0.46040812,0,0,0.46040812,0,-1,0.45411998,0,-1,0.45411998,0,-1,0.45412,0,0,0.47173867,0,0,0.47173867,0,0,0.47173867,0,0,0.47173867,0,-1,0.45911932,0,-1,0.45911932,0,-1,0.45911932,0,-1,0.45141014,0,-1,0.45141014,0,-1,0.45141014,0
     247,  53.42%,0.23853211009174313,-1,0.36246827,0,-1,0.36246827,0,-1,0.36246827,1,-1,0.34866986,0,-1,0.36246827,0,-1,0.36246827,1,0,0.6254407,0,0,0.6254407,0,0,0.6254407,1,0,0.6254407,0,0,0.6254407,1,-1,0.36246827,0,-1,0.36246827,1,0,0.6254407,0,-1,0.34866986,0,0,0.6254407,0,-1,0.34313375,0,-1,0.34313375,0,-1,0.338679,0,-1,0.338679,0,0,0.6141478,0,0,0.6141478,0,-1,0.3542434,0,-1,0.3542434,0,-1,0.36252668,0,-1,0.36252668,0,0,0.33925247,0,0,0.33925247,0,-1,0.34866986,0,1,0.34344774,0,1,0.34344774,0,-1,0.3486699,0,0,0.65153784,0,0,0.65153784,0,0,0.65153784,0,-1,0.34866986,0,0,0.6513514,0,0,0.6513514,0,0,0.6513514,0,0,0.6513514,0,0,0.6513514,0,0,0.6513514,0,0,0.3400433,0,0,0.3400433,0,0,0.3400433,0,0,0.3400433,0,0,0.3400433,0,0,0.3400433,0,0,0.3400433,-1,0,0.3400433,0,0,0.3400433,0,0,0.3400433,0,0,0.3400433,0,0,0.3400433,0,0,0.6422454,0,0,0.6422454,0,0,0.6422454,0,0,0.6422454,0,0,0.6422454,0,0,0.6422454,0,-1,0.35441947,0,-1,0.35441947,0,-1,0.35441947,0,0,0.65153784,0,0,0.6515378,0,0,0.6515378,0,0,0.6515378,0,-1,0.36171556,0,-1,0.36171556,0,-1,0.36171556,0,-1,0.35513502,0,-1,0.35513502,0,-1,0.35513502,0
     248,   4.11%,0.039473684210526314,1,0.38061187,0,1,0.38061187,0,1,0.38061187,1,1,0.3844585,0,1,0.38061187,0,1,0.38061187,1,1,0.42364293,0,1,0.42364293,0,1,0.42364293,0,1,0.42364293,0,1,0.42364293,0,1,0.38061187,0,1,0.38061187,0,1,0.42364293,0,1,0.3844585,0,1,0.42364293,0,1,0.38517445,0,1,0.38517445,0,1,0.3881688,0,1,0.3881688,0,1,0.415751,0,1,0.415751,0,1,0.38126335,0,1,0.38126335,0,1,0.3831963,0,1,0.3831963,1,1,0.38353595,0,1,0.38353595,0,1,0.3844585,0,1,0.38880253,0,1,0.38880253,0,1,0.3844585,0,1,0.4131129,0,1,0.4131129,0,1,0.4131129,0,1,0.3844585,0,1,0.423698,0,1,0.423698,0,1,0.423698,0,1,0.423698,0,1,0.423698,0,1,0.423698,0,1,0.38820773,0,1,0.38820773,0,1,0.38820773,0,1,0.38820773,0,1,0.38820773,0,1,0.38820773,0,1,0.38820773,0,1,0.38820773,0,1,0.38820773,0,1,0.38820773,0,1,0.38820773,0,1,0.38820773,0,1,0.42563772,0,1,0.42563772,0,1,0.42563772,0,1,0.42563772,0,1,0.42563772,0,1,0.42563772,0,1,0.38534966,0,1,0.38534966,0,1,0.38534966,0,1,0.4131129,0,1,0.4131129,0,1,0.4131129,0,1,0.4131129,0,1,0.3818623,0,1,0.3818623,0,1,0.3818623,0,1,0.3833196,0,1,0.3833196,0,1,0.3833196,0
     249,  38.36%,0.29400386847195353,1,0.48759225,0,1,0.48759225,0,1,0.48759225,0,1,0.4915849,0,1,0.48759225,0,1,0.48759225,1,0,0.48556423,0,0,0.48556423,0,0,0.48556423,0,0,0.48556423,0,0,0.48556423,1,1,0.48759225,0,1,0.48759225,0,0,0.48556423,0,1,0.4915849,0,0,0.48556423,0,1,0.4925198,0,1,0.4925198,0,1,0.4925932,0,1,0.4925932,0,0,0.505606,0,0,0.505606,0,1,0.4905598,0,1,0.4905598,0,1,0.49154276,0,1,0.49154276,0,1,0.49424002,0,1,0.49424002,0,1,0.4915849,0,1,0.49445543,0,1,0.49445543,0,1,0.4915849,0,0,0.5014723,0,0,0.5014723,0,0,0.5014723,0,1,0.4915849,0,0,0.48804325,0,0,0.48804325,0,0,0.48804325,0,0,0.48804325,0,0,0.48804325,0,0,0.48804325,0,1,0.4955336,0,1,0.4955336,0,1,0.4955336,0,1,0.4955336,0,1,0.4955336,0,1,0.4955336,0,1,0.4955336,0,1,0.4955336,0,1,0.4955336,0,1,0.4955336,0,1,0.4955336,0,1,0.4955336,0,0,0.48928797,0,0,0.48928797,0,0,0.48928797,0,0,0.48928797,0,0,0.48928797,0,0,0.48928797,0,1,0.4921355,0,1,0.4921355,0,1,0.4921355,0,0,0.50147235,0,0,0.5014723,0,0,0.5014723,0,0,0.5014723,0,1,0.489027,0,1,0.489027,0,1,0.489027,0,1,0.49225792,0,1,0.49225792,0,1,0.49225792,0
     250,  98.63%,0.496551724137931,0,0.6528639,0,0,0.6528639,0,0,0.6528639,0,0,0.65302,0,0,0.6528639,0,0,0.6528639,0,0,0.6332335,0,0,0.6332335,0,0,0.6332335,0,0,0.6332335,0,0,0.6332335,1,0,0.6528639,0,0,0.6528639,0,0,0.6332335,0,0,0.65302,0,0,0.6332335,0,0,0.6537321,0,0,0.6537321,0,0,0.6517612,0,0,0.6517612,0,0,0.6252826,0,0,0.6252826,0,0,0.65155697,0,0,0.65155697,0,0,0.6514668,0,0,0.6514668,0,0,0.65091753,0,0,0.65091753,0,0,0.65302,0,0,0.6551903,0,0,0.6551903,0,0,0.65302,0,0,0.62626076,0,0,0.62626076,0,0,0.62626076,0,0,0.65302,0,0,0.6272987,0,0,0.6272987,0,0,0.6272987,0,0,0.6272987,0,0,0.6272987,0,0,0.6272987,0,0,0.6523675,0,0,0.6523675,0,0,0.6523675,0,0,0.6523675,0,0,0.6523675,0,0,0.6523675,0,0,0.6523675,0,0,0.6523675,0,0,0.6523675,0,0,0.6523675,0,0,0.6523675,0,0,0.6523675,0,0,0.62759435,0,0,0.62759435,0,0,0.62759435,0,0,0.62759435,0,0,0.62759435,0,0,0.62759435,0,0,0.65074724,0,0,0.65074724,0,0,0.65074724,0,0,0.62626076,0,0,0.62626076,0,0,0.62626076,0,0,0.62626076,0,0,0.6510919,0,0,0.6510919,0,0,0.6510919,0,0,0.65111256,0,0,0.65111256,0,0,0.65111256,0
     251,   4.11%,0.039473684210526314,1,0.42134115,0,1,0.42134115,0,1,0.42134115,0,1,0.42812884,0,1,0.42134115,0,1,0.42134115,1,1,0.54316825,0,1,0.54316825,0,1,0.54316825,1,1,0.54316825,0,1,0.54316825,1,1,0.42134115,0,1,0.42134115,0,1,0.54316825,0,1,0.42812884,0,1,0.54316825,0,1,0.42764682,0,1,0.42764682,0,1,0.43750235,0,1,0.43750235,0,1,0.546685,0,1,0.546685,0,1,0.42200032,0,1,0.42200032,0,1,0.4192131,0,1,0.4192131,0,1,0.43166536,0,1,0.43166536,0,1,0.42812884,0,1,0.43227705,0,1,0.43227705,0,1,0.42812884,0,1,0.54890615,0,1,0.54890615,0,1,0.54890615,0,1,0.42812884,0,1,0.5511647,0,1,0.5511647,0,1,0.5511647,0,1,0.5511647,0,1,0.5511647,0,1,0.5511647,0,1,0.43586916,0,1,0.43586916,0,1,0.43586916,0,1,0.43586916,0,1,0.43586916,0,1,0.43586916,0,1,0.43586916,0,1,0.43586916,0,1,0.43586916,0,1,0.43586916,0,1,0.43586916,0,1,0.43586916,0,1,0.54687864,0,1,0.54687864,0,1,0.54687864,0,1,0.54687864,0,1,0.54687864,0,1,0.54687864,0,1,0.42618915,0,1,0.42618915,0,1,0.42618915,0,1,0.54890615,0,1,0.5489062,0,1,0.5489062,0,1,0.5489062,0,1,0.4209329,0,1,0.4209329,0,1,0.4209329,0,1,0.42186847,0,1,0.42186847,0,1,0.42186847,0
     252,   0.00%,0.0,-1,0.39570546,0,-1,0.39570546,0,-1,0.39570546,0,-1,0.38763884,0,-1,0.39570546,0,-1,0.39570546,0,1,0.5275583,0,1,0.5275583,0,1,0.5275583,0,1,0.5275583,0,1,0.5275583,0,-1,0.39570546,0,-1,0.39570546,0,1,0.5275583,0,-1,0.38763884,0,1,0.5275583,0,-1,0.38833264,0,-1,0.38833264,0,1,0.38958436,0,1,0.38958436,0,1,0.5345452,-1,1,0.5345452,0,-1,0.39097497,0,-1,0.39097497,0,-1,0.39241627,0,-1,0.39241627,0,1,0.38887167,0,1,0.38887167,0,-1,0.38763884,0,1,0.38860002,0,1,0.38860002,0,-1,0.38763884,0,1,0.5381087,0,1,0.5381087,0,1,0.5381087,0,-1,0.38763884,0,1,0.53939986,0,1,0.53939986,0,1,0.53939986,0,1,0.53939986,0,1,0.53939986,0,1,0.53939986,0,1,0.39183617,0,1,0.39183617,0,1,0.39183617,0,1,0.39183617,0,1,0.39183617,0,1,0.39183617,0,1,0.39183617,0,1,0.39183617,0,1,0.39183617,0,1,0.39183617,0,1,0.39183617,0,1,0.39183617,0,1,0.5288158,0,1,0.5288158,0,1,0.5288158,0,1,0.5288158,0,1,0.5288158,0,1,0.5288158,0,1,0.38759327,0,1,0.38759327,0,1,0.38759327,0,1,0.5381087,0,1,0.5381087,0,1,0.5381087,0,1,0.5381087,0,-1,0.39504015,0,-1,0.39504015,0,-1,0.39504015,0,-1,0.39040628,0,-1,0.39040628,0,-1,0.39040628,0
     253,  43.84%,0.32037037037037036,1,0.34054184,-1,1,0.34054184,-1,1,0.34054184,-1,1,0.3487564,0,1,0.34054184,-1,1,0.34054184,-1,0,0.46246207,-1,0,0.46246207,-1,0,0.46246207,-1,0,0.46246207,-1,0,0.46246207,-1,1,0.34054184,-1,1,0.34054184,-1,0,0.46246207,-1,1,0.3487564,0,0,0.46246207,-1,1,0.35129148,0,1,0.35129148,0,1,0.3532413,1,1,0.3532413,1,0,0.49459517,0,0,0.49459517,0,1,0.3473956,0,1,0.3473956,0,1,0.34432414,1,1,0.34432414,1,1,0.35454926,0,1,0.35454926,0,1,0.3487564,0,1,0.35275716,0,1,0.35275722,1,1,0.3487564,0,0,0.5013682,0,0,0.5013682,1,0,0.5013682,0,1,0.3487564,0,0,0.45699528,0,0,0.45699528,0,0,0.45699528,0,0,0.45699528,1,0,0.45699528,0,0,0.45699528,0,1,0.35557786,0,1,0.35557786,1,1,0.35557786,1,1,0.35557786,0,1,0.35557786,1,1,0.35557786,0,1,0.35557786,0,1,0.35557786,1,1,0.35557786,0,1,0.35557786,0,1,0.35557786,0,1,0.35557786,1,0,0.47420666,0,0,0.47420666,0,0,0.47420666,0,0,0.47420666,0,0,0.47420666,0,0,0.47420666,0,1,0.3507798,1,1,0.3507798,1,1,0.3507798,1,0,0.5013682,0,0,0.5013682,0,0,0.5013682,0,0,0.5013682,0,1,0.34441185,0,1,0.34441185,0,1,0.34441185,0,1,0.34940544,0,1,0.34940544,0,1,0.34940544,0
     254,   0.00%,0.0,-1,0.46445832,0,-1,0.46445832,0,-1,0.46445832,1,-1,0.45220822,0,-1,0.46445832,0,-1,0.46445832,1,-1,0.35382155,1,-1,0.35382155,1,-1,0.35382155,1,-1,0.35382155,0,-1,0.35382155,1,-1,0.46445832,0,-1,0.46445832,1,-1,0.35382155,0,-1,0.45220822,0,-1,0.35382155,0,-1,0.44850072,0,-1,0.44850072,0,-1,0.44853345,1,-1,0.44853345,1,-1,0.37638727,1,-1,0.37638727,1,-1,0.4576063,0,-1,0.4576063,0,-1,0.45469046,1,-1,0.45469046,1,-1,0.45486042,0,-1,0.45486042,0,-1,0.45220822,0,-1,0.4398771,0,-1,0.4398771,0,-1,0.45220822,0,-1,0.3669666,0,-1,0.3669666,1,-1,0.3669666,1,-1,0.45220822,0,-1,0.36091143,1,-1,0.36091143,1,-1,0.36091143,1,-1,0.36091143,1,-1,0.36091143,1,-1,0.36091143,0,-1,0.44640595,1,-1,0.44640595,1,-1,0.44640595,1,-1,0.44640595,1,-1,0.44640595,1,-1,0.44640595,1,-1,0.44640595,1,-1,0.44640595,0,-1,0.44640595,1,-1,0.44640595,1,-1,0.44640595,0,-1,0.44640595,1,-1,0.3593827,0,-1,0.3593827,0,-1,0.3593827,0,-1,0.3593827,1,-1,0.3593827,1,-1,0.3593827,1,-1,0.45343903,1,-1,0.45343903,1,-1,0.45343903,1,-1,0.3669666,0,-1,0.36696658,0,-1,0.36696658,0,-1,0.36696658,0,-1,0.46057296,0,-1,0.46057296,0,-1,0.46057296,0,-1,0.4547412,0,-1,0.4547412,0,-1,0.4547412,0
     255,  41.10%,0.23866751001475858,-1,0.44492182,0,-1,0.44492182,0,-1,0.44492182,0,-1,0.43151125,0,-1,0.44492182,0,-1,0.44492182,0,0,0.57469606,0,0,0.57469606,0,0,0.57469606,0,0,0.57469606,0,0,0.57469606,0,-1,0.44492182,-1,-1,0.44492182,-1,0,0.57469606,-1,-1,0.43151125,0,0,0.57469606,-1,-1,0.42547908,0,-1,0.42547908,0,-1,0.4270925,0,-1,0.4270925,0,0,0.5826807,0,0,0.5826807,0,-1,0.43576136,0,-1,0.43576136,0,-1,0.44294572,1,-1,0.44294572,1,-1,0.40640357,0,-1,0.40640357,0,-1,0.43151125,0,-1,0.42649454,0,-1,0.42649454,0,-1,0.43151125,0,0,0.59902185,0,0,0.59902185,0,0,0.59902185,0,-1,0.43151125,0,0,0.5931768,0,0,0.5931768,0,0,0.5931768,0,0,0.5931768,0,0,0.5931768,0,0,0.5931768,0,-1,0.40195405,0,-1,0.40195405,0,-1,0.40195405,0,-1,0.40195405,0,-1,0.40195405,0,-1,0.40195405,0,-1,0.40195405,0,-1,0.40195405,-1,-1,0.40195405,-1,-1,0.40195405,0,-1,0.40195405,0,-1,0.40195405,0,0,0.5819578,0,0,0.5819578,0,0,0.5819578,0,0,0.5819578,0,0,0.5819578,0,0,0.5819578,0,-1,0.43848163,0,-1,0.43848163,0,-1,0.43848163,0,0,0.59902185,0,0,0.59902185,0,0,0.59902185,0,0,0.59902185,0,-1,0.4457785,0,-1,0.4457785,0,-1,0.4457785,0,-1,0.4362957,0,-1,0.4362957,0,-1,0.4362957,0
     256,  36.99%,0.20264948084496956,-1,0.47409695,0,-1,0.47409695,0,-1,0.47409695,0,-1,0.46039268,0,-1,0.47409695,0,-1,0.47409695,0,0,0.5278542,0,0,0.5278542,0,0,0.5278542,0,0,0.5278542,0,0,0.5278542,1,-1,0.47409695,-1,-1,0.47409695,-1,0,0.5278542,-1,-1,0.46039268,0,0,0.5278542,-1,-1,0.45655984,0,-1,0.45655984,0,-1,0.4529857,1,-1,0.4529857,0,0,0.51258147,0,0,0.51258147,0,-1,0.46886417,0,-1,0.46886417,0,-1,0.47206777,0,-1,0.47206777,0,-1,0.44944382,0,-1,0.44944382,0,-1,0.46039268,0,-1,0.4518826,0,-1,0.4518826,0,-1,0.46039268,0,0,0.5272416,0,0,0.5272416,0,0,0.5272416,0,-1,0.46039268,0,0,0.5434779,0,0,0.5434779,0,0,0.5434779,0,0,0.5434779,0,0,0.5434779,0,0,0.5434779,0,-1,0.44367617,0,-1,0.44367617,0,-1,0.44367617,0,-1,0.44367617,0,-1,0.44367617,0,-1,0.44367617,0,-1,0.44367617,0,-1,0.44367617,0,-1,0.44367617,0,-1,0.44367617,0,-1,0.44367617,0,-1,0.44367617,0,0,0.5306436,0,0,0.5306436,0,0,0.5306436,0,0,0.5306436,0,0,0.5306436,0,0,0.5306436,0,-1,0.46541223,0,-1,0.46541223,0,-1,0.46541223,0,0,0.5272416,0,0,0.52724165,0,0,0.52724165,0,0,0.52724165,0,-1,0.4720232,0,-1,0.4720232,0,-1,0.4720232,0,-1,0.4669913,0,-1,0.4669913,0,-1,0.4669913,0
     257,  94.52%,0.4859154929577465,0,0.42214432,0,0,0.42214432,0,0,0.42214432,0,0,0.4275974,0,0,0.42214432,0,0,0.42214432,0,0,0.5963737,0,0,0.5963737,0,0,0.5963737,1,0,0.5963737,1,0,0.5963737,1,0,0.42214432,0,0,0.42214432,0,0,0.5963737,1,0,0.4275974,0,0,0.5963737,0,0,0.42942235,0,0,0.42942235,0,0,0.4283582,0,0,0.4283582,0,0,0.5992304,0,0,0.5992304,0,0,0.4256337,0,0,0.4256337,0,0,0.42658374,0,0,0.42658374,0,0,0.42618057,0,0,0.42618057,0,0,0.4275974,0,0,0.434031,0,0,0.43403095,0,0,0.4275974,0,0,0.6009377,0,0,0.6009377,0,0,0.6009377,0,0,0.4275974,0,0,0.6118822,0,0,0.6118822,0,0,0.6118822,0,0,0.6118822,0,0,0.6118822,0,0,0.6118822,0,0,0.4309198,0,0,0.4309198,0,0,0.4309198,0,0,0.4309198,0,0,0.4309198,0,0,0.4309198,0,0,0.4309198,0,0,0.4309198,0,0,0.4309198,0,0,0.4309198,0,0,0.4309198,0,0,0.4309198,0,0,0.6072562,0,0,0.6072562,0,0,0.6072562,0,0,0.6072562,0,0,0.6072562,0,0,0.6072562,0,0,0.42648837,0,0,0.42648837,0,0,0.42648837,0,0,0.6009377,0,0,0.6009377,0,0,0.6009377,0,0,0.6009377,0,0,0.4231838,0,0,0.4231838,0,0,0.4231838,0,0,0.42622247,0,0,0.42622247,0,0,0.42622247,0
     258,  39.73%,0.3171768707482993,1,0.42653468,0,1,0.42653468,0,1,0.42653468,0,1,0.43217894,0,1,0.42653468,0,1,0.42653468,1,0,0.55380654,0,0,0.55380654,0,0,0.55380654,0,0,0.55380654,0,0,0.55380654,1,1,0.42653468,0,1,0.42653468,1,0,0.55380654,0,1,0.43217894,0,0,0.55380654,0,1,0.43259636,0,1,0.43259636,0,1,0.43713477,0,1,0.43713477,0,0,0.5981909,0,0,0.5981909,0,1,0.42818797,0,1,0.42818797,0,1,0.43004063,0,1,0.43004063,0,1,0.43300712,0,1,0.43300712,0,1,0.43217894,0,1,0.4371937,0,1,0.43719375,0,1,0.43217894,0,0,0.58819926,0,0,0.58819926,0,0,0.58819926,0,1,0.43217894,0,0,0.57154167,0,0,0.57154167,0,0,0.57154167,0,0,0.57154167,0,0,0.57154167,0,0,0.57154167,0,1,0.43821946,0,1,0.43821946,0,1,0.43821946,0,1,0.43821946,0,1,0.43821946,0,1,0.43821946,0,1,0.43821946,0,1,0.43821946,0,1,0.43821946,0,1,0.43821946,0,1,0.43821946,0,1,0.43821946,0,0,0.5817296,0,0,0.5817296,0,0,0.5817296,0,0,0.5817296,0,0,0.5817296,0,0,0.5817296,0,1,0.4312878,0,1,0.4312878,0,1,0.43128783,0,0,0.5881992,0,0,0.58819926,0,0,0.58819926,0,0,0.58819926,0,1,0.42791227,0,1,0.42791227,0,1,0.42791227,0,1,0.4287825,0,1,0.4287825,0,1,0.4287825,0
     259,  35.62%,0.22182468694096602,-1,0.5872232,-1,-1,0.5872232,-1,-1,0.5872232,0,-1,0.5796449,0,-1,0.5872232,-1,-1,0.5872232,0,0,0.53039974,-1,0,0.53039974,-1,0,0.53039974,0,0,0.53039974,-1,0,0.53039974,0,-1,0.5872232,0,-1,0.5872232,1,0,0.53039974,1,-1,0.5796449,0,0,0.53039974,0,-1,0.5738812,0,-1,0.5738812,0,-1,0.5779053,1,-1,0.5779053,0,0,0.539859,0,0,0.539859,0,-1,0.58170253,0,-1,0.58170253,0,-1,0.58567107,1,-1,0.58567107,1,-1,0.5677068,0,-1,0.5677068,0,-1,0.5796449,0,-1,0.57597667,0,-1,0.57597667,0,-1,0.5796449,0,0,0.57486165,0,0,0.57486165,0,0,0.57486165,0,-1,0.5796449,0,0,0.5540488,0,0,0.5540488,0,0,0.5540488,1,0,0.5540488,0,0,0.5540488,0,0,0.5540488,1,-1,0.5670885,0,-1,0.5670885,0,-1,0.5670885,0,-1,0.5670885,0,-1,0.5670885,0,-1,0.5670885,0,-1,0.5670885,0,-1,0.5670885,-1,-1,0.5670885,1,-1,0.5670885,0,-1,0.5670885,0,-1,0.5670885,0,0,0.5515897,0,0,0.5515897,0,0,0.5515897,0,0,0.5515897,0,0,0.5515897,0,0,0.5515897,0,-1,0.5836087,0,-1,0.5836087,0,-1,0.5836087,0,0,0.57486165,0,0,0.57486165,0,0,0.57486165,0,0,0.57486165,0,-1,0.5861322,0,-1,0.5861322,0,-1,0.5861322,0,-1,0.58131045,0,-1,0.58131045,0,-1,0.58131045,0
     260,   0.00%,0.0,-1,0.5434552,0,-1,0.5434552,0,-1,0.5434552,0,-1,0.5367295,0,-1,0.5434552,0,-1,0.5434552,0,1,0.4943236,0,1,0.4943236,0,1,0.4943236,0,1,0.4943236,0,1,0.4943236,0,-1,0.5434552,0,-1,0.5434552,0,1,0.4943236,0,-1,0.5367295,0,1,0.4943236,0,-1,0.53362054,0,-1,0.53362054,0,-1,0.5338053,0,-1,0.5338053,0,1,0.5080667,0,1,0.5080667,0,-1,0.5408506,0,-1,0.5408506,0,-1,0.5439264,0,-1,0.5439264,0,-1,0.5268999,0,-1,0.5268999,0,-1,0.5367295,0,-1,0.53321123,0,-1,0.53321123,0,-1,0.5367296,0,1,0.5133843,0,1,0.5133843,0,1,0.5133843,0,-1,0.5367295,0,1,0.50420177,0,1,0.50420177,0,1,0.50420177,0,1,0.50420177,0,1,0.50420177,0,1,0.50420177,0,-1,0.52204716,0,-1,0.52204716,0,-1,0.52204716,0,-1,0.52204716,0,-1,0.52204716,0,-1,0.52204716,0,-1,0.52204716,0,-1,0.52204716,0,-1,0.52204716,0,-1,0.52204716,0,-1,0.52204716,0,-1,0.52204716,0,1,0.5089309,0,1,0.5089309,0,1,0.5089309,0,1,0.5089309,0,1,0.5089309,0,1,0.5089309,0,-1,0.53967595,0,-1,0.53967595,0,-1,0.53967595,0,1,0.5133842,0,1,0.5133843,0,1,0.5133843,0,1,0.5133843,0,-1,0.54262763,0,-1,0.54262763,0,-1,0.54262763,0,-1,0.5397344,0,-1,0.5397344,0,-1,0.5397344,0
     261,  97.26%,0.4930555555555556,0,0.44443008,0,0,0.44443008,0,0,0.44443008,0,0,0.44533485,0,0,0.44443008,0,0,0.44443008,1,0,0.7993018,0,0,0.7993018,0,0,0.7993018,0,0,0.7993018,0,0,0.7993018,1,0,0.44443008,0,0,0.44443008,0,0,0.7993018,0,0,0.44533485,0,0,0.7993018,0,0,0.4498768,0,0,0.4498768,0,0,0.44820267,0,0,0.44820267,0,0,0.8137644,0,0,0.8137644,0,0,0.44469863,0,0,0.44469863,0,0,0.4332812,0,0,0.4332812,0,0,0.46955824,0,0,0.46955824,0,0,0.44533485,0,0,0.43754914,0,0,0.43754908,0,0,0.44533482,0,0,0.82041836,0,0,0.82041836,0,0,0.82041836,0,0,0.44533485,0,0,0.822159,0,0,0.822159,0,0,0.822159,0,0,0.822159,0,0,0.822159,0,0,0.822159,0,0,0.46400467,0,0,0.46400467,0,0,0.46400467,0,0,0.46400467,0,0,0.46400467,0,0,0.46400467,0,0,0.46400467,0,0,0.46400467,0,0,0.46400467,0,0,0.46400467,0,0,0.46400467,0,0,0.46400467,0,0,0.8137957,0,0,0.8137957,0,0,0.8137957,0,0,0.8137957,0,0,0.8137957,0,0,0.8137957,0,0,0.4393721,0,0,0.4393721,0,0,0.43937203,0,0,0.8204184,0,0,0.82041836,0,0,0.82041836,0,0,0.82041836,0,0,0.44198772,0,0,0.44198772,0,0,0.44198772,0,0,0.44437942,0,0,0.44437942,0,0,0.44437942,0
     262,   2.74%,0.017777777777777778,1,0.36635175,-1,1,0.36635175,-1,1,0.36635175,-1,1,0.373811,0,1,0.36635175,-1,1,0.36635175,1,1,0.5012897,-1,1,0.5012897,-1,1,0.5012897,0,1,0.5012897,-1,1,0.5012897,1,1,0.36635175,0,1,0.36635175,0,1,0.5012897,0,1,0.373811,0,1,0.5012897,0,1,0.37696874,0,1,0.37696874,0,1,0.37827805,0,1,0.37827805,-1,1,0.50731164,-1,1,0.50731164,-1,1,0.3720747,-1,1,0.3720747,-1,1,0.36932218,-1,1,0.36932218,-1,1,0.380889,-1,1,0.380889,-1,1,0.373811,0,1,0.37792042,0,1,0.37792042,-1,1,0.373811,0,1,0.49745798,0,1,0.49745798,0,1,0.49745798,0,1,0.373811,0,1,0.5022842,0,1,0.5022842,0,1,0.5022842,0,1,0.5022842,0,1,0.5022842,0,1,0.5022842,0,1,0.38332093,0,1,0.38332093,0,1,0.38332093,0,1,0.38332093,0,1,0.38332093,0,1,0.38332093,0,1,0.38332093,0,1,0.38332093,0,1,0.38332093,0,1,0.38332093,0,1,0.38332093,0,1,0.38332093,0,1,0.5057328,0,1,0.5057328,0,1,0.5057328,0,1,0.5057328,0,1,0.5057328,0,1,0.5057328,0,1,0.3732701,0,1,0.3732701,0,1,0.3732701,0,1,0.49745798,0,1,0.49745798,0,1,0.49745798,0,1,0.49745798,0,1,0.36809304,0,1,0.36809304,0,1,0.36809304,0,1,0.37306976,0,1,0.37306976,0,1,0.37306976,0
     263,  43.84%,0.2932795698924731,-1,0.41858912,-1,-1,0.41858912,-1,-1,0.41858912,0,-1,0.41228876,0,-1,0.41858912,0,-1,0.41858912,0,0,0.35247263,-1,0,0.35247263,-1,0,0.35247263,0,0,0.35247263,0,0,0.35247263,0,-1,0.41858912,-1,-1,0.41858912,-1,0,0.35247263,-1,-1,0.41228876,0,0,0.35247263,-1,-1,0.41116694,1,-1,0.41116694,0,-1,0.40726262,0,-1,0.40726262,-1,0,0.36218864,-1,0,0.36218864,-1,-1,0.41471258,0,-1,0.41471258,0,-1,0.41624984,-1,-1,0.41624984,-1,-1,0.41192353,-1,-1,0.41192353,-1,-1,0.41228876,0,-1,0.40818316,0,-1,0.40818316,-1,-1,0.41228876,0,0,0.361459,0,0,0.361459,1,0,0.361459,0,-1,0.41228876,0,0,0.36119238,0,0,0.36119238,0,0,0.36119238,0,0,0.36119238,0,0,0.36119238,0,0,0.36119238,0,-1,0.40877154,0,-1,0.40877154,0,-1,0.40877154,0,-1,0.40877154,0,-1,0.40877154,-1,-1,0.40877154,0,-1,0.40877154,0,-1,0.40877154,0,-1,0.40877154,0,-1,0.40877154,0,-1,0.40877154,0,-1,0.40877154,0,0,0.3560979,0,0,0.3560979,0,0,0.3560979,0,0,0.3560979,0,0,0.3560979,0,0,0.3560979,0,-1,0.41220516,0,-1,0.41220516,0,-1,0.4122052,0,0,0.361459,0,0,0.361459,0,0,0.361459,0,0,0.361459,0,-1,0.4157574,0,-1,0.4157574,0,-1,0.4157574,0,-1,0.4149275,1,-1,0.4149275,1,-1,0.4149275,0
     264,   6.85%,0.049019607843137254,-1,0.38241655,0,-1,0.38241655,0,-1,0.38241655,0,1,0.3852447,0,-1,0.38241655,0,-1,0.38241655,1,1,0.36836657,0,1,0.36836657,0,1,0.36836657,0,1,0.36836657,0,1,0.36836657,1,-1,0.38241655,0,-1,0.38241655,0,1,0.36836657,0,1,0.3852447,0,1,0.36836657,0,1,0.3879511,0,1,0.3879511,0,1,0.38892487,1,1,0.38892487,1,-1,0.3546963,1,-1,0.3546963,0,1,0.38075423,0,1,0.38075423,0,1,0.38084537,0,1,0.38084537,0,1,0.39418668,0,1,0.39418668,0,1,0.3852447,0,1,0.38997018,0,1,0.38997018,0,1,0.38524473,0,1,0.3353235,0,1,0.3353235,0,1,0.3353235,0,1,0.3852447,0,1,0.34359083,0,1,0.34359083,0,1,0.34359083,0,1,0.34359083,0,1,0.34359083,0,1,0.34359083,0,1,0.3965461,0,1,0.3965461,0,1,0.3965461,0,1,0.3965461,0,1,0.3965461,0,1,0.3965461,0,1,0.3965461,0,1,0.3965461,0,1,0.3965461,0,1,0.3965461,0,1,0.3965461,0,1,0.3965461,0,1,0.35623956,0,1,0.35623956,0,1,0.35623956,0,1,0.35623956,0,1,0.35623956,0,1,0.35623956,0,1,0.38118264,0,1,0.38118264,0,1,0.38118267,0,1,0.33532354,-1,1,0.33532357,1,1,0.33532357,1,1,0.33532357,0,-1,0.38414827,0,-1,0.38414827,0,-1,0.38414827,0,1,0.38102606,0,1,0.38102606,0,1,0.38102606,0
     265,  31.51%,0.25743589743589745,-1,0.4500397,-1,-1,0.4500397,-1,-1,0.4500397,-1,-1,0.44221887,0,-1,0.4500397,-1,-1,0.4500397,-1,1,0.47349793,0,1,0.47349793,0,1,0.47349793,0,1,0.47349793,0,1,0.47349793,-1,-1,0.4500397,0,-1,0.4500397,-1,1,0.47349793,0,-1,0.44221887,0,1,0.47349793,-1,-1,0.4425278,-1,-1,0.4425278,-1,-1,0.4379637,-1,-1,0.4379637,-1,1,0.4509284,-1,1,0.4509284,-1,-1,0.44480264,0,-1,0.44480264,-1,-1,0.4418565,-1,-1,0.4418565,-1,-1,0.43950376,-1,-1,0.43950376,-1,-1,0.44221887,0,-1,0.4359163,0,-1,0.43591636,-1,-1,0.44221887,0,1,0.46227127,0,1,0.46227127,1,1,0.46227127,1,-1,0.44221887,0,1,0.4741015,1,1,0.4741015,1,1,0.4741015,1,1,0.4741015,1,1,0.4741015,0,1,0.4741015,1,-1,0.43060935,1,-1,0.43060935,1,-1,0.43060935,1,-1,0.43060935,1,-1,0.43060935,1,-1,0.43060935,1,-1,0.43060935,1,-1,0.43060935,1,-1,0.43060935,1,-1,0.43060935,1,-1,0.43060935,1,-1,0.43060935,1,1,0.46289867,0,1,0.46289867,0,1,0.46289867,0,1,0.46289867,0,1,0.46289867,0,1,0.46289867,0,-1,0.4404671,1,-1,0.4404671,1,-1,0.4404671,1,1,0.46227127,0,1,0.4622713,0,1,0.4622713,0,1,0.4622713,0,-1,0.44753054,0,-1,0.44753054,0,-1,0.44753054,0,-1,0.4437796,0,-1,0.4437796,0,-1,0.4437796,0
     266,  43.84%,0.2610116510372265,1,0.33981207,0,1,0.33981207,0,1,0.33981207,1,1,0.3498059,0,1,0.33981207,-1,1,0.33981207,1,0,0.5167621,0,0,0.5167621,0,0,0.5167621,0,0,0.5167621,0,0,0.5167621,1,1,0.33981207,0,1,0.33981207,0,0,0.5167621,0,1,0.3498059,0,0,0.5167621,0,1,0.35488734,0,1,0.35488734,0,1,0.35564813,0,1,0.35564813,0,0,0.5403827,0,0,0.5403827,0,1,0.34735364,0,1,0.34735364,0,1,0.3417502,0,1,0.3417502,0,1,0.36545727,0,1,0.36545727,0,1,0.3498059,0,1,0.35333517,0,1,0.35333517,0,1,0.34980586,0,0,0.5399276,0,0,0.5399276,0,0,0.5399276,0,1,0.3498059,0,0,0.5270842,0,0,0.5270842,0,0,0.5270842,0,0,0.5270842,0,0,0.5270842,0,0,0.5270842,0,1,0.36542398,0,1,0.36542398,0,1,0.36542398,0,1,0.36542398,0,1,0.36542398,-1,1,0.36542398,0,1,0.36542398,0,1,0.36542398,-1,1,0.36542398,0,1,0.36542398,0,1,0.36542398,0,1,0.36542398,0,0,0.52817553,0,0,0.52817553,0,0,0.52817553,0,0,0.52817553,0,0,0.52817553,0,0,0.52817553,0,1,0.3475932,1,1,0.3475932,1,1,0.34759322,1,0,0.5399276,0,0,0.5399276,0,0,0.5399276,0,0,0.5399276,0,1,0.34119216,0,1,0.34119216,0,1,0.34119216,0,1,0.34863544,0,1,0.34863544,0,1,0.34863544,0
     267,   2.74%,0.017777777777777778,1,0.412404,-1,1,0.412404,0,1,0.412404,0,1,0.41756848,0,1,0.412404,0,1,0.412404,1,1,0.60343176,0,1,0.60343176,0,1,0.60343176,0,1,0.60343176,0,1,0.60343176,1,1,0.412404,0,1,0.412404,0,1,0.60343176,0,1,0.41756848,0,1,0.60343176,0,1,0.41814482,0,1,0.41814482,0,1,0.42356518,0,1,0.42356518,0,1,0.6081791,0,1,0.6081791,0,1,0.41378152,0,1,0.41378152,0,1,0.41355255,0,1,0.41355255,0,1,0.42797205,0,1,0.42797205,0,1,0.41756848,0,1,0.41951853,0,1,0.41951853,0,1,0.41756848,0,1,0.6162802,0,1,0.6162802,0,1,0.6162802,0,1,0.41756848,0,1,0.6077125,0,1,0.6077125,0,1,0.6077125,0,1,0.6077125,0,1,0.6077125,0,1,0.6077125,0,1,0.43275955,0,1,0.43275955,0,1,0.43275955,0,1,0.43275955,0,1,0.43275955,0,1,0.43275955,0,1,0.43275955,0,1,0.43275955,0,1,0.43275955,0,1,0.43275955,0,1,0.43275955,0,1,0.43275955,0,1,0.60881865,0,1,0.60881865,0,1,0.60881865,0,1,0.60881865,0,1,0.60881865,0,1,0.60881865,0,1,0.41559815,0,1,0.41559815,0,1,0.41559815,0,1,0.61628014,0,1,0.6162802,0,1,0.6162802,0,1,0.6162802,0,1,0.41179904,0,1,0.41179904,0,1,0.41179904,0,1,0.41389292,0,1,0.41389292,0,1,0.41389292,0
     268, 100.00%,1.0,0,0.8176345,0,0,0.8176345,0,0,0.8176345,0,0,0.8189913,0,0,0.8176345,0,0,0.8176345,0,0,0.93641216,0,0,0.93641216,0,0,0.93641216,0,0,0.93641216,0,0,0.93641216,0,0,0.8176345,0,0,0.8176345,0,0,0.93641216,0,0,0.8189913,0,0,0.93641216,0,0,0.8229118,0,0,0.8229118,0,0,0.8146163,0,0,0.8146163,0,0,0.93924946,0,0,0.93924946,0,0,0.81885916,0,0,0.81885916,0,0,0.8179381,0,0,0.8179381,0,0,0.8213278,0,0,0.8213278,0,0,0.8189913,0,0,0.82078284,0,0,0.82078284,0,0,0.81899124,0,0,0.94543517,0,0,0.94543517,0,0,0.94543517,0,0,0.8189913,0,0,0.93753624,0,0,0.93753624,0,0,0.93753624,0,0,0.93753624,0,0,0.93753624,0,0,0.93753624,0,0,0.8241364,0,0,0.8241364,0,0,0.8241364,0,0,0.8241364,0,0,0.8241364,0,0,0.8241364,0,0,0.8241364,0,0,0.8241364,0,0,0.8241364,0,0,0.8241364,0,0,0.8241364,0,0,0.8241364,0,0,0.94476753,0,0,0.94476753,0,0,0.94476753,0,0,0.94476753,0,0,0.94476753,0,0,0.94476753,0,0,0.8153915,0,0,0.8153915,0,0,0.81539154,0,0,0.94543517,0,0,0.94543517,0,0,0.94543517,0,0,0.94543517,0,0,0.81748474,0,0,0.81748474,0,0,0.81748474,0,0,0.8193886,0,0,0.8193886,0,0,0.8193886,0
     269,  26.03%,0.14393939393939395,-1,0.3728155,0,-1,0.3728155,0,-1,0.3728155,1,-1,0.35799694,0,-1,0.3728155,0,-1,0.3728155,1,0,0.394298,1,0,0.394298,1,0,0.394298,1,0,0.394298,1,0,0.394298,1,-1,0.3728155,1,-1,0.3728155,1,0,0.394298,1,-1,0.35799694,0,0,0.394298,1,-1,0.35247892,0,-1,0.35247892,0,-1,0.34988764,0,-1,0.34988764,0,0,0.40107003,-1,0,0.40107003,-1,-1,0.36711073,0,-1,0.36711073,0,-1,0.3680616,0,-1,0.3680616,0,-1,0.3543818,0,-1,0.3543818,0,-1,0.35799694,0,-1,0.3454637,0,-1,0.34546372,0,-1,0.3579969,0,0,0.41928604,0,0,0.41928604,0,0,0.41928604,0,-1,0.35799694,0,0,0.39757684,0,0,0.39757684,0,0,0.39757684,0,0,0.39757684,0,0,0.39757684,0,0,0.39757684,0,-1,0.3487332,0,-1,0.3487332,0,-1,0.3487332,0,-1,0.3487332,0,-1,0.3487332,0,-1,0.3487332,0,-1,0.3487332,0,-1,0.3487332,0,-1,0.3487332,0,-1,0.3487332,0,-1,0.3487332,0,-1,0.3487332,0,0,0.3945211,0,0,0.3945211,0,0,0.3945211,0,0,0.3945211,0,0,0.3945211,0,0,0.3945211,0,-1,0.36159927,0,-1,0.36159927,0,-1,0.36159927,0,0,0.41928607,0,0,0.41928604,0,0,0.41928604,0,0,0.41928604,0,-1,0.37001806,0,-1,0.37001806,0,-1,0.37001806,0,-1,0.36496797,0,-1,0.36496797,0,-1,0.36496797,0
     270,  38.36%,0.23937984496124032,1,0.38445985,-1,1,0.38445985,-1,1,0.38445985,-1,1,0.39189833,0,1,0.38445985,-1,1,0.38445985,-1,0,0.49889457,0,0,0.49889457,-1,0,0.49889457,-1,0,0.49889457,-1,0,0.49889457,0,1,0.38445985,0,1,0.38445985,0,0,0.49889457,0,1,0.39189833,0,0,0.49889457,0,1,0.39015472,0,1,0.39015472,0,1,0.39402154,1,1,0.39402154,1,0,0.50995106,0,0,0.50995106,0,1,0.38997054,0,1,0.38997054,0,1,0.39339477,1,1,0.39339477,1,1,0.37668058,0,1,0.37668058,0,1,0.39189833,0,1,0.40414307,0,1,0.40414307,0,1,0.39189833,0,0,0.5362139,0,0,0.5362139,1,0,0.5362139,0,1,0.39189833,0,0,0.52167195,0,0,0.52167195,0,0,0.52167195,0,0,0.52167195,0,0,0.52167195,0,0,0.52167195,0,1,0.38730732,0,1,0.38730732,0,1,0.38730732,0,1,0.38730732,0,1,0.38730732,-1,1,0.38730732,0,1,0.38730732,0,1,0.38730732,-1,1,0.38730732,0,1,0.38730732,0,1,0.38730732,0,1,0.38730732,0,0,0.51647365,0,0,0.51647365,0,0,0.51647365,0,0,0.51647365,0,0,0.51647365,0,0,0.51647365,0,1,0.39521325,0,1,0.39521325,0,1,0.39521325,0,0,0.5362139,0,0,0.5362139,0,0,0.5362139,0,0,0.5362139,0,1,0.38654214,0,1,0.38654214,0,1,0.38654214,0,1,0.39005777,0,1,0.39005777,0,1,0.39005777,0
     271,  38.36%,0.21160804747430886,-1,0.50813603,0,-1,0.50813603,0,-1,0.50813603,0,-1,0.49708843,0,-1,0.50813603,0,-1,0.50813603,0,0,0.4114544,0,0,0.4114544,0,0,0.4114544,0,0,0.4114544,0,0,0.4114544,0,-1,0.50813603,0,-1,0.50813603,0,0,0.4114544,0,-1,0.49708843,0,0,0.4114544,0,-1,0.49306047,0,-1,0.49306047,0,-1,0.493945,0,-1,0.493945,0,0,0.41699556,-1,0,0.41699556,-1,-1,0.5009889,0,-1,0.5009889,0,-1,0.50249535,0,-1,0.50249535,0,-1,0.49418217,-1,-1,0.49418217,-1,-1,0.49708843,0,-1,0.48789057,0,-1,0.48789057,0,-1,0.49708837,0,0,0.42378762,0,0,0.42378762,0,0,0.42378762,0,-1,0.49708843,0,0,0.42414054,0,0,0.42414054,0,0,0.42414054,0,0,0.42414054,0,0,0.42414054,0,0,0.42414054,0,-1,0.48894617,0,-1,0.48894617,0,-1,0.48894617,0,-1,0.48894617,0,-1,0.48894617,0,-1,0.48894617,0,-1,0.48894617,0,-1,0.48894617,0,-1,0.48894617,0,-1,0.48894617,0,-1,0.48894617,0,-1,0.48894617,0,0,0.41791958,0,0,0.41791958,0,0,0.41791958,0,0,0.41791958,0,0,0.41791958,0,0,0.41791958,0,-1,0.49920255,1,-1,0.49920255,1,-1,0.49920255,1,0,0.4237876,0,0,0.42378762,0,0,0.42378762,0,0,0.42378762,0,-1,0.5050057,0,-1,0.5050057,0,-1,0.5050057,0,-1,0.5005482,0,-1,0.5005482,0,-1,0.5005482,0
     272,  39.73%,0.3334685598377282,-1,0.3971208,-1,-1,0.3971208,-1,-1,0.3971208,-1,1,0.39841357,0,-1,0.3971208,-1,-1,0.3971208,-1,1,0.46137404,-1,1,0.46137404,-1,1,0.46137404,0,1,0.46137404,-1,1,0.46137404,0,-1,0.3971208,-1,-1,0.3971208,-1,1,0.46137404,-1,1,0.39841357,0,1,0.46137404,0,1,0.400673,0,1,0.400673,-1,1,0.39909294,0,1,0.39909294,0,1,0.44835693,-1,1,0.44835693,-1,1,0.3981814,-1,1,0.3981814,-1,1,0.40178552,-1,1,0.40178552,0,1,0.40232074,-1,1,0.40232074,-1,1,0.39841357,0,1,0.40418515,0,1,0.40418512,0,1,0.39841357,0,1,0.45910853,0,1,0.45910853,1,1,0.45910853,0,1,0.39841357,0,1,0.47162977,1,1,0.47162977,1,1,0.47162977,1,1,0.47162977,1,1,0.47162977,1,1,0.47162977,1,1,0.40486756,1,1,0.40486756,1,1,0.40486756,1,1,0.40486756,1,1,0.40486756,1,1,0.40486756,1,1,0.40486756,1,1,0.40486756,1,1,0.40486756,1,1,0.40486756,1,1,0.40486756,1,1,0.40486756,1,1,0.45552337,0,1,0.45552337,0,1,0.45552337,0,1,0.45552337,0,1,0.45552337,0,1,0.45552337,0,1,0.40026,1,1,0.40026,1,1,0.40026003,1,1,0.45910853,0,1,0.45910853,0,1,0.45910853,0,1,0.45910853,0,-1,0.39516866,0,-1,0.39516866,0,-1,0.39516866,0,1,0.40119773,0,1,0.40119773,0,1,0.40119773,0
     273,  35.62%,0.28291071602059653,-1,0.47529748,-1,-1,0.47529748,-1,-1,0.47529748,-1,-1,0.47164688,0,-1,0.47529748,-1,-1,0.47529748,0,1,0.47238138,-1,1,0.47238138,-1,1,0.47238138,0,1,0.47238138,-1,1,0.47238138,-1,-1,0.47529748,0,-1,0.47529748,0,1,0.47238138,0,-1,0.47164688,0,1,0.47238138,0,-1,0.47139993,-1,-1,0.47139993,-1,-1,0.47427285,-1,-1,0.47427285,-1,1,0.43055707,-1,1,0.43055707,-1,-1,0.4708606,-1,-1,0.4708606,-1,-1,0.46959502,-1,-1,0.46959502,-1,-1,0.4724294,-1,-1,0.4724294,-1,-1,0.47164688,0,-1,0.46667808,0,-1,0.46667808,-1,-1,0.47164682,0,1,0.42953345,1,1,0.42953345,1,1,0.42953345,1,-1,0.47164688,0,1,0.4965216,1,1,0.4965216,1,1,0.4965216,1,1,0.4965216,1,1,0.4965216,1,1,0.4965216,1,-1,0.46452156,-1,-1,0.46452156,0,-1,0.46452156,1,-1,0.46452156,0,-1,0.46452156,1,-1,0.46452156,1,-1,0.46452156,0,-1,0.46452156,-1,-1,0.46452156,1,-1,0.46452156,1,-1,0.46452156,1,-1,0.46452156,1,1,0.4793804,-1,1,0.4793804,-1,1,0.4793804,-1,1,0.4793804,0,1,0.4793804,-1,1,0.4793804,-1,-1,0.47019187,1,-1,0.47019187,1,-1,0.47019187,1,1,0.42953345,0,1,0.42953345,0,1,0.42953345,0,1,0.42953345,0,-1,0.47446162,0,-1,0.47446162,0,-1,0.47446162,0,-1,0.4706497,0,-1,0.4706497,0,-1,0.4706497,0
     274,   2.74%,0.017777777777777778,1,0.52717215,-1,1,0.52717215,-1,1,0.52717215,0,1,0.52976453,0,1,0.52717215,-1,1,0.52717215,1,1,0.665566,0,1,0.665566,0,1,0.665566,0,1,0.665566,0,1,0.665566,1,1,0.52717215,0,1,0.52717215,0,1,0.665566,0,1,0.52976453,0,1,0.665566,0,1,0.52635086,0,1,0.52635086,0,1,0.53703916,0,1,0.53703916,0,1,0.6693186,0,1,0.6693186,0,1,0.52785003,0,1,0.52785003,0,1,0.52421755,0,1,0.52421755,0,1,0.5394226,0,1,0.5394226,0,1,0.52976453,0,1,0.5271302,0,1,0.5271302,0,1,0.5297645,0,1,0.6630683,0,1,0.6630683,0,1,0.6630683,0,1,0.52976453,0,1,0.6707927,0,1,0.6707927,0,1,0.6707927,0,1,0.6707927,0,1,0.6707927,0,1,0.6707927,0,1,0.5396073,0,1,0.5396073,0,1,0.5396073,0,1,0.5396073,0,1,0.5396073,0,1,0.5396073,0,1,0.5396073,0,1,0.5396073,0,1,0.5396073,0,1,0.5396073,0,1,0.5396073,0,1,0.5396073,0,1,0.66669935,0,1,0.66669935,0,1,0.66669935,0,1,0.66669935,0,1,0.66669935,0,1,0.66669935,0,1,0.5314349,0,1,0.5314349,0,1,0.5314349,0,1,0.66306835,0,1,0.6630683,0,1,0.6630683,0,1,0.6630683,0,1,0.5266761,0,1,0.5266761,0,1,0.5266761,0,1,0.52824444,0,1,0.52824444,0,1,0.52824444,0
     275,   8.22%,0.05063291139240506,1,0.38171124,0,1,0.38171124,0,1,0.38171124,-1,1,0.38409135,0,1,0.38171124,0,1,0.38171124,0,1,0.5156861,0,1,0.5156861,0,1,0.5156861,0,1,0.5156861,0,1,0.5156861,0,1,0.38171124,0,1,0.38171124,1,1,0.5156861,1,1,0.38409135,0,1,0.5156861,1,1,0.384393,-1,1,0.384393,-1,1,0.38741446,-1,1,0.38741446,-1,1,0.4772904,-1,1,0.4772904,-1,1,0.38270023,-1,1,0.38270023,-1,1,0.38144198,-1,1,0.38144198,-1,1,0.3841313,-1,1,0.3841313,-1,1,0.38409135,0,1,0.38592312,-1,1,0.38592312,-1,1,0.38409135,0,1,0.47112322,0,1,0.47112322,0,1,0.47112322,0,1,0.38409135,0,1,0.53987616,0,1,0.53987616,0,1,0.53987616,0,1,0.53987616,0,1,0.53987616,0,1,0.53987616,0,1,0.38909328,0,1,0.38909328,0,1,0.38909328,0,1,0.38909328,0,1,0.38909328,-1,1,0.38909328,0,1,0.38909328,0,1,0.38909328,-1,1,0.38909328,-1,1,0.38909328,0,1,0.38909328,0,1,0.38909328,0,1,0.51410383,0,1,0.51410383,0,1,0.51410383,0,1,0.51410383,0,1,0.51410383,0,1,0.51410383,0,1,0.38456446,1,1,0.38456446,1,1,0.38456446,1,1,0.47112322,0,1,0.47112322,0,1,0.47112322,0,1,0.47112322,0,1,0.38276517,0,1,0.38276517,0,1,0.38276517,0,1,0.3832927,0,1,0.3832927,0,1,0.3832927,0
     276,  16.44%,0.1411764705882353,1,0.4925414,0,1,0.4925414,0,1,0.4925414,1,1,0.4930999,0,1,0.4925414,1,1,0.4925414,1,1,0.6120177,1,1,0.6120177,1,1,0.6120177,1,1,0.6120177,1,1,0.6120177,1,1,0.4925414,1,1,0.4925414,1,1,0.6120177,1,1,0.4930999,0,1,0.6120177,1,1,0.49100628,0,1,0.49100628,0,1,0.4997774,0,1,0.4997774,0,1,0.60219646,0,1,0.60219646,0,1,0.4910505,0,1,0.4910505,0,1,0.48988488,0,1,0.48988488,0,1,0.50025725,0,1,0.50025725,0,1,0.4930999,0,1,0.48968473,0,1,0.48968482,0,1,0.49309984,0,1,0.6000618,0,1,0.6000618,0,1,0.6000618,0,1,0.4930999,0,1,0.6164938,0,1,0.6164938,0,1,0.6164938,0,1,0.6164938,0,1,0.6164938,0,1,0.6164938,0,1,0.49980602,0,1,0.49980602,0,1,0.49980602,0,1,0.49980602,0,1,0.49980602,0,1,0.49980602,0,1,0.49980602,0,1,0.49980602,0,1,0.49980602,0,1,0.49980602,0,1,0.49980602,0,1,0.49980602,0,1,0.6099003,0,1,0.6099003,0,1,0.6099003,0,1,0.6099003,0,1,0.6099003,0,1,0.6099003,0,1,0.49336436,0,1,0.49336436,0,1,0.49336436,0,1,0.6000617,0,1,0.6000618,0,1,0.6000618,0,1,0.6000618,0,1,0.49265498,0,1,0.49265498,0,1,0.49265498,0,1,0.49166843,0,1,0.49166843,0,1,0.49166843,0
     277,   4.11%,0.02631578947368421,1,0.49749646,0,1,0.49749646,-1,1,0.49749646,0,1,0.500071,0,1,0.49749646,0,1,0.49749646,0,1,0.63293767,0,1,0.63293767,0,1,0.63293767,1,1,0.63293767,0,1,0.63293767,1,1,0.49749646,0,1,0.49749646,0,1,0.63293767,0,1,0.500071,0,1,0.63293767,1,1,0.49765646,0,1,0.49765646,0,1,0.5078933,0,1,0.5078933,0,1,0.633198,0,1,0.633198,0,1,0.49832782,0,1,0.49832782,0,1,0.49390852,0,1,0.49390852,0,1,0.51056087,0,1,0.51056087,0,1,0.500071,0,1,0.49757165,0,1,0.49757165,0,1,0.500071,0,1,0.63454896,0,1,0.63454896,0,1,0.63454896,0,1,0.500071,0,1,0.63881654,0,1,0.63881654,0,1,0.63881654,0,1,0.63881654,0,1,0.63881654,0,1,0.63881654,0,1,0.513089,0,1,0.513089,0,1,0.513089,0,1,0.513089,0,1,0.513089,0,1,0.513089,0,1,0.513089,0,1,0.513089,0,1,0.513089,0,1,0.513089,0,1,0.513089,0,1,0.513089,0,1,0.6325019,0,1,0.6325019,0,1,0.6325019,0,1,0.6325019,0,1,0.6325019,0,1,0.6325019,0,1,0.50020224,0,1,0.50020224,0,1,0.5002023,0,1,0.63454884,0,1,0.63454896,0,1,0.63454896,0,1,0.63454896,0,1,0.4963791,0,1,0.4963791,0,1,0.4963791,0,1,0.49805352,0,1,0.49805352,0,1,0.49805352,0
     278,   6.85%,0.0641025641025641,1,0.45100734,0,1,0.45100734,0,1,0.45100734,0,1,0.44989276,0,1,0.45100734,0,1,0.45100734,0,1,0.5321766,0,1,0.5321766,0,1,0.5321766,0,1,0.5321766,0,1,0.5321766,0,1,0.45100734,0,1,0.45100734,0,1,0.5321766,0,1,0.44989276,0,1,0.5321766,0,1,0.44531378,0,1,0.44531378,0,1,0.45551077,1,1,0.45551077,1,1,0.52864355,1,1,0.52864355,0,1,0.44803187,0,1,0.44803187,0,1,0.45075667,1,1,0.45075667,1,1,0.44871536,0,1,0.44871536,0,1,0.44989276,0,1,0.44758886,0,1,0.44758886,0,1,0.44989276,0,1,0.5197387,0,1,0.5197387,0,1,0.5197387,0,1,0.44989276,0,1,0.5403207,0,1,0.5403207,0,1,0.5403207,0,1,0.5403207,0,1,0.5403207,0,1,0.5403207,0,1,0.4531114,0,1,0.4531114,0,1,0.4531114,0,1,0.4531114,0,1,0.4531114,0,1,0.4531114,0,1,0.4531114,0,1,0.4531114,0,1,0.4531114,0,1,0.4531114,0,1,0.4531114,0,1,0.4531114,0,1,0.53310436,0,1,0.53310436,0,1,0.53310436,0,1,0.53310436,0,1,0.53310436,0,1,0.53310436,0,1,0.45125058,0,1,0.45125058,0,1,0.45125058,0,1,0.51973873,0,1,0.51973873,0,1,0.51973873,0,1,0.51973873,0,1,0.4518195,0,1,0.4518195,0,1,0.4518195,0,1,0.44851366,0,1,0.44851366,0,1,0.44851366,0
     279,   9.59%,0.0875,1,0.429322,0,1,0.429322,0,1,0.429322,0,1,0.42971694,0,1,0.429322,0,1,0.429322,0,1,0.5093923,0,1,0.5093923,0,1,0.5093923,0,1,0.5093923,0,1,0.5093923,0,1,0.429322,0,1,0.429322,0,1,0.5093923,0,1,0.42971694,0,1,0.5093923,0,1,0.42557114,0,1,0.42557114,0,1,0.43523806,1,1,0.43523806,1,1,0.48709416,0,1,0.48709416,0,1,0.42760515,0,1,0.42760515,0,1,0.4302753,1,1,0.4302753,1,1,0.42858675,0,1,0.42858675,0,1,0.42971694,0,1,0.4287793,0,1,0.42877936,0,1,0.42971694,0,1,0.4860006,0,1,0.4860006,0,1,0.4860006,0,1,0.42971694,0,1,0.52045274,0,1,0.52045274,0,1,0.52045274,0,1,0.52045274,0,1,0.52045274,0,1,0.52045274,0,1,0.43475652,0,1,0.43475652,0,1,0.43475652,0,1,0.43475652,0,1,0.43475652,0,1,0.43475652,0,1,0.43475652,0,1,0.43475652,0,1,0.43475652,0,1,0.43475652,0,1,0.43475652,0,1,0.43475652,0,1,0.50961167,0,1,0.50961167,0,1,0.50961167,0,1,0.50961167,0,1,0.50961167,0,1,0.50961167,0,1,0.43158522,1,1,0.43158522,1,1,0.43158522,1,1,0.48600057,0,1,0.4860006,0,1,0.4860006,0,1,0.4860006,0,1,0.4307465,0,1,0.4307465,0,1,0.4307465,0,1,0.42851764,0,1,0.42851764,0,1,0.42851764,0
     280,   6.85%,0.0641025641025641,1,0.4459442,0,1,0.4459442,0,1,0.4459442,0,1,0.44628102,0,1,0.4459442,0,1,0.4459442,0,1,0.5037787,0,1,0.5037787,0,1,0.5037787,0,1,0.5037787,0,1,0.5037787,0,1,0.4459442,0,1,0.4459442,0,1,0.5037787,0,1,0.44628102,0,1,0.5037787,0,1,0.44152978,0,1,0.44152978,0,1,0.45231637,1,1,0.45231637,1,1,0.4787318,0,1,0.4787318,0,1,0.4425117,0,1,0.4425117,0,1,0.44659865,1,1,0.44659865,1,1,0.4424825,0,1,0.4424825,0,1,0.44628102,0,1,0.44675925,0,1,0.44675925,0,1,0.44628102,0,1,0.474921,0,1,0.474921,0,1,0.474921,0,1,0.44628102,0,1,0.5084911,0,1,0.5084911,0,1,0.5084911,0,1,0.5084911,0,1,0.5084911,0,1,0.5084911,0,1,0.4507692,0,1,0.4507692,0,1,0.4507692,0,1,0.4507692,0,1,0.4507692,0,1,0.4507692,0,1,0.4507692,0,1,0.4507692,0,1,0.4507692,0,1,0.4507692,0,1,0.4507692,0,1,0.4507692,0,1,0.4990256,0,1,0.4990256,0,1,0.4990256,0,1,0.4990256,0,1,0.4990256,0,1,0.4990256,0,1,0.44678935,0,1,0.44678935,0,1,0.44678938,1,1,0.474921,0,1,0.474921,0,1,0.474921,0,1,0.474921,0,1,0.44658977,0,1,0.44658977,0,1,0.44658977,0,1,0.4427057,0,1,0.4427057,0,1,0.4427057,0
     281,   0.00%,0.0,-1,0.453725,0,-1,0.453725,0,-1,0.453725,0,-1,0.4512307,0,-1,0.453725,0,-1,0.453725,0,-1,0.43271375,0,-1,0.43271375,0,-1,0.43271375,0,-1,0.43271375,0,-1,0.43271375,0,-1,0.453725,0,-1,0.453725,0,-1,0.43271375,0,-1,0.4512307,0,-1,0.43271375,0,-1,0.45027643,0,-1,0.45027643,0,-1,0.44582003,1,-1,0.44582003,1,-1,0.4609455,0,-1,0.4609455,0,-1,0.45307124,0,-1,0.45307124,0,-1,0.458418,0,-1,0.458418,1,-1,0.4446801,0,-1,0.4446801,0,-1,0.4512307,0,-1,0.45322612,0,-1,0.45322612,0,-1,0.4512307,0,-1,0.4569537,0,-1,0.4569537,0,-1,0.4569537,0,-1,0.4512307,0,-1,0.43516353,0,-1,0.43516353,0,-1,0.43516353,0,-1,0.43516353,0,-1,0.43516353,0,-1,0.43516353,0,-1,0.44617507,0,-1,0.44617507,0,-1,0.44617507,0,-1,0.44617507,0,-1,0.44617507,0,-1,0.44617507,0,-1,0.44617507,0,-1,0.44617507,0,-1,0.44617507,0,-1,0.44617507,0,-1,0.44617507,0,-1,0.44617507,0,-1,0.45193553,0,-1,0.45193553,0,-1,0.45193553,0,-1,0.45193553,0,-1,0.45193553,0,-1,0.45193553,0,-1,0.45369992,0,-1,0.45369992,0,-1,0.45369992,0,-1,0.45695367,0,-1,0.45695367,0,-1,0.45695367,0,-1,0.45695367,0,-1,0.45272186,0,-1,0.45272186,0,-1,0.45272186,0,-1,0.4537489,0,-1,0.4537489,0,-1,0.4537489,0
     282,   1.37%,0.020833333333333332,-1,0.3859172,0,-1,0.3859172,0,-1,0.3859172,0,-1,0.37436154,0,-1,0.3859172,0,-1,0.3859172,0,1,0.40218917,0,1,0.40218917,0,1,0.40218917,1,1,0.40218917,0,1,0.40218917,0,-1,0.3859172,0,-1,0.3859172,0,1,0.40218917,0,-1,0.37436154,0,1,0.40218917,0,-1,0.37196982,0,-1,0.37196982,0,-1,0.36252382,1,-1,0.36252382,1,1,0.37248242,0,1,0.37248242,0,-1,0.38080826,0,-1,0.38080826,0,-1,0.38564652,0,-1,0.38564652,0,-1,0.36815578,0,-1,0.36815578,0,-1,0.37436154,0,-1,0.3681163,0,-1,0.3681163,0,-1,0.37436154,0,1,0.3769863,0,1,0.3769863,0,1,0.3769863,0,-1,0.37436154,0,1,0.39770463,0,1,0.39770463,0,1,0.39770463,0,1,0.39770463,0,1,0.39770463,0,1,0.39770463,0,-1,0.3642061,0,-1,0.3642061,0,-1,0.3642061,0,-1,0.3642061,0,-1,0.3642061,0,-1,0.3642061,0,-1,0.3642061,0,-1,0.3642061,1,-1,0.3642061,0,-1,0.3642061,0,-1,0.3642061,0,-1,0.3642061,0,1,0.3827901,0,1,0.3827901,0,1,0.3827901,0,1,0.3827901,0,1,0.3827901,0,1,0.3827901,0,-1,0.37619734,0,-1,0.37619734,0,-1,0.37619734,0,1,0.37698632,0,1,0.37698632,0,1,0.37698632,0,1,0.37698632,0,-1,0.3828946,0,-1,0.3828946,0,-1,0.3828946,0,-1,0.37976485,0,-1,0.37976485,0,-1,0.37976485,0
     283,  39.73%,0.2581130453470879,1,0.43280706,1,1,0.43280706,1,1,0.43280706,0,1,0.439228,0,1,0.43280706,0,1,0.43280706,0,1,0.4177142,1,1,0.4177142,1,1,0.4177142,0,1,0.4177142,0,1,0.4177142,0,1,0.43280706,-1,1,0.43280706,-1,1,0.4177142,-1,1,0.439228,0,1,0.4177142,-1,1,0.44135898,1,1,0.44135898,-1,1,0.44512984,1,1,0.44512984,1,0,0.4076432,1,0,0.4076432,0,1,0.4373459,-1,1,0.4373459,-1,1,0.4321516,1,1,0.4321516,1,1,0.44837806,-1,1,0.44837806,-1,1,0.439228,0,1,0.4394136,-1,1,0.43941367,-1,1,0.4392281,0,0,0.40215728,0,0,0.40215728,1,0,0.40215728,1,1,0.439228,0,1,0.42110595,1,1,0.42110595,1,1,0.42110595,1,1,0.42110595,0,1,0.42110595,1,1,0.42110595,1,1,0.4451732,-1,1,0.4451732,-1,1,0.4451732,0,1,0.4451732,-1,1,0.4451732,-1,1,0.4451732,-1,1,0.4451732,-1,1,0.4451732,-1,1,0.4451732,0,1,0.4451732,0,1,0.4451732,-1,1,0.4451732,0,1,0.40325654,1,1,0.40325654,1,1,0.40325654,1,1,0.40325654,1,1,0.40325654,1,1,0.40325654,1,1,0.43860093,1,1,0.43860093,1,1,0.4386009,1,0,0.40215734,0,0,0.40215728,0,0,0.40215728,1,0,0.40215728,1,1,0.4350226,0,1,0.4350226,0,1,0.4350226,0,1,0.4376371,1,1,0.4376371,1,1,0.4376371,0
     284,  13.70%,0.20202020202020202,-1,0.40695393,-1,-1,0.40695393,-1,-1,0.40695393,-1,1,0.39709064,0,-1,0.40695393,0,-1,0.40695393,0,1,0.42178375,0,1,0.42178375,0,1,0.42178375,0,1,0.42178375,0,1,0.42178375,0,-1,0.40695393,-1,-1,0.40695393,-1,1,0.42178375,-1,1,0.39709064,0,1,0.42178375,-1,1,0.39951137,0,1,0.39951137,0,1,0.4020252,1,1,0.4020252,1,1,0.4120333,1,1,0.4120333,1,-1,0.3979511,0,-1,0.3979511,0,-1,0.39621535,1,-1,0.39621535,1,1,0.40152776,0,1,0.40152776,0,1,0.39709064,0,1,0.40540338,0,1,0.40540338,0,1,0.39709064,0,1,0.42761117,0,1,0.42761117,0,1,0.42761117,0,1,0.39709064,0,1,0.41841653,0,1,0.41841653,0,1,0.41841653,0,1,0.41841653,0,1,0.41841653,0,1,0.41841653,0,1,0.40486115,0,1,0.40486115,0,1,0.40486115,0,1,0.40486115,0,1,0.40486115,-1,1,0.40486115,0,1,0.40486115,0,1,0.40486115,0,1,0.40486115,0,1,0.40486115,0,1,0.40486115,0,1,0.40486115,0,1,0.41871667,0,1,0.41871667,0,1,0.41871667,0,1,0.41871667,0,1,0.41871667,0,1,0.41871667,0,1,0.39820266,0,1,0.39820266,0,1,0.3982027,0,1,0.42761114,0,1,0.42761117,0,1,0.42761117,0,1,0.42761117,1,-1,0.4024055,0,-1,0.4024055,0,-1,0.4024055,0,1,0.39584565,0,1,0.39584565,0,1,0.39584565,0
     285,  15.07%,0.1628173628173628,-1,0.44978878,-1,-1,0.44978878,-1,-1,0.44978878,-1,-1,0.43570337,0,-1,0.44978878,0,-1,0.44978878,-1,1,0.49554598,0,1,0.49554598,0,1,0.49554598,-1,1,0.49554598,0,1,0.49554598,-1,-1,0.44978878,-1,-1,0.44978878,-1,1,0.49554598,-1,-1,0.43570337,0,1,0.49554598,-1,-1,0.43621024,0,-1,0.43621024,0,-1,0.43064967,1,-1,0.43064967,1,1,0.48353568,1,1,0.48353568,1,-1,0.44019723,0,-1,0.44019723,0,-1,0.43709022,1,-1,0.43709022,1,-1,0.43372816,0,-1,0.43372816,0,-1,0.43570337,0,-1,0.42495283,0,-1,0.42495286,0,-1,0.43570337,0,1,0.49547157,0,1,0.49547157,0,1,0.49547157,0,-1,0.43570337,0,1,0.50127214,0,1,0.50127214,0,1,0.50127214,0,1,0.50127214,0,1,0.50127214,0,1,0.50127214,0,-1,0.42527762,0,-1,0.42527762,0,-1,0.42527762,0,-1,0.42527762,0,-1,0.42527762,0,-1,0.42527762,0,-1,0.42527762,0,-1,0.42527762,0,-1,0.42527762,0,-1,0.42527762,0,-1,0.42527762,0,-1,0.42527762,0,1,0.4912329,0,1,0.4912329,1,1,0.4912329,0,1,0.4912329,1,1,0.4912329,0,1,0.4912329,0,-1,0.43368113,0,-1,0.43368113,0,-1,0.43368107,0,1,0.49547157,0,1,0.49547157,0,1,0.49547157,0,1,0.49547157,1,-1,0.44479346,0,-1,0.44479346,0,-1,0.44479346,0,-1,0.43837792,0,-1,0.43837792,0,-1,0.43837792,0
     286,  28.77%,0.14893617021276595,-1,0.49208385,0,-1,0.49208385,0,-1,0.49208385,0,-1,0.47556812,0,-1,0.49208385,0,-1,0.49208385,0,-1,0.45812467,1,-1,0.45812467,1,-1,0.45812467,1,-1,0.45812467,0,-1,0.45812467,1,-1,0.49208385,-1,-1,0.49208385,-1,-1,0.45812467,-1,-1,0.47556812,0,-1,0.45812467,-1,-1,0.468775,0,-1,0.468775,1,-1,0.46845725,1,-1,0.46845725,1,-1,0.49374163,1,-1,0.49374163,1,-1,0.48272875,0,-1,0.48272875,1,-1,0.48583442,1,-1,0.48583442,1,-1,0.47093642,0,-1,0.47093642,0,-1,0.47556812,0,-1,0.46339282,0,-1,0.4633929,0,-1,0.47556812,0,-1,0.47134274,0,-1,0.47134274,0,-1,0.47134274,1,-1,0.47556812,0,-1,0.46030286,-1,-1,0.46030286,-1,-1,0.46030286,0,-1,0.46030286,0,-1,0.46030286,1,-1,0.46030286,1,-1,0.46705687,-1,-1,0.46705687,-1,-1,0.46705687,-1,-1,0.46705687,-1,-1,0.46705687,-1,-1,0.46705687,-1,-1,0.46705687,-1,-1,0.46705687,-1,-1,0.46705687,-1,-1,0.46705687,-1,-1,0.46705687,-1,-1,0.46705687,-1,-1,0.46936867,1,-1,0.46936867,1,-1,0.46936867,0,-1,0.46936867,1,-1,0.46936867,0,-1,0.46936867,1,-1,0.47955313,-1,-1,0.47955313,-1,-1,0.47955313,-1,-1,0.47134274,0,-1,0.47134274,0,-1,0.47134274,0,-1,0.47134274,0,-1,0.48746437,0,-1,0.48746437,0,-1,0.48746437,0,-1,0.48046067,0,-1,0.48046067,0,-1,0.48046067,0
     287, 100.00%,1.0,0,0.985983,0,0,0.985983,0,0,0.985983,0,0,0.985421,0,0,0.985983,0,0,0.985983,0,0,0.98341733,0,0,0.98341733,0,0,0.98341733,0,0,0.98341733,0,0,0.98341733,0,0,0.985983,0,0,0.985983,0,0,0.98341733,0,0,0.985421,0,0,0.98341733,0,0,0.9856186,0,0,0.9856186,0,0,0.9831959,0,0,0.9831959,0,0,0.9882986,0,0,0.9882986,0,0,0.9862005,0,0,0.9862005,0,0,0.98721606,0,0,0.98721606,0,0,0.98392487,0,0,0.98392487,0,0,0.985421,0,0,0.9856437,0,0,0.9856437,0,0,0.985421,0,0,0.98833543,0,0,0.98833543,0,0,0.98833543,0,0,0.985421,0,0,0.9842425,0,0,0.9842425,0,0,0.9842425,0,0,0.9842425,0,0,0.9842425,0,0,0.9842425,0,0,0.9840716,0,0,0.9840716,0,0,0.9840716,0,0,0.9840716,0,0,0.9840716,0,0,0.9840716,0,0,0.9840716,0,0,0.9840716,0,0,0.9840716,0,0,0.9840716,0,0,0.9840716,0,0,0.9840716,0,0,0.9854072,0,0,0.9854072,0,0,0.9854072,0,0,0.9854072,0,0,0.9854072,0,0,0.9854072,0,0,0.9854927,0,0,0.9854927,0,0,0.9854927,0,0,0.98833543,0,0,0.98833543,0,0,0.98833543,0,0,0.98833543,0,0,0.98607486,0,0,0.98607486,0,0,0.98607486,0,0,0.9864244,0,0,0.9864244,0,0,0.9864244,0
     288, 100.00%,1.0,0,0.9677741,0,0,0.9677741,0,0,0.9677741,0,0,0.9679653,0,0,0.9677741,0,0,0.9677741,0,0,0.95597404,0,0,0.95597404,0,0,0.95597404,0,0,0.95597404,0,0,0.95597404,0,0,0.9677741,0,0,0.9677741,0,0,0.95597404,0,0,0.9679653,0,0,0.95597404,0,0,0.9683178,0,0,0.9683178,0,0,0.96405435,0,0,0.96405435,0,0,0.96457607,0,0,0.96457607,0,0,0.96883094,0,0,0.96883094,0,0,0.9709192,0,0,0.9709192,0,0,0.9642235,0,0,0.9642235,0,0,0.9679653,0,0,0.9695951,0,0,0.9695951,0,0,0.9679653,0,0,0.9660118,0,0,0.9660118,0,0,0.9660118,0,0,0.9679653,0,0,0.9551489,0,0,0.9551489,0,0,0.9551489,0,0,0.9551489,0,0,0.9551489,0,0,0.9551489,0,0,0.965023,0,0,0.965023,0,0,0.965023,0,0,0.965023,0,0,0.965023,0,0,0.965023,0,0,0.965023,0,0,0.965023,0,0,0.965023,0,0,0.965023,0,0,0.965023,0,0,0.965023,0,0,0.95808583,0,0,0.95808583,0,0,0.95808583,0,0,0.95808583,0,0,0.95808583,0,0,0.95808583,0,0,0.968301,0,0,0.968301,0,0,0.968301,0,0,0.9660118,0,0,0.9660118,0,0,0.9660118,0,0,0.9660118,0,0,0.96853954,0,0,0.96853954,0,0,0.96853954,0,0,0.9691676,0,0,0.9691676,0,0,0.9691676,0
     289, 100.00%,1.0,0,0.8358896,0,0,0.8358896,0,0,0.8358896,0,0,0.8342565,0,0,0.8358896,0,0,0.8358896,0,0,0.9212213,0,0,0.9212213,0,0,0.9212213,0,0,0.9212213,0,0,0.9212213,0,0,0.8358896,0,0,0.8358896,0,0,0.9212213,0,0,0.8342565,0,0,0.9212213,0,0,0.8351144,0,0,0.8351144,0,0,0.8300099,0,0,0.8300099,0,0,0.9363826,0,0,0.9363826,0,0,0.8352137,0,0,0.8352137,0,0,0.8370188,0,0,0.8370188,0,0,0.8389842,0,0,0.8389842,0,0,0.8342565,0,0,0.83241725,0,0,0.83241725,0,0,0.8342565,0,0,0.940007,0,0,0.940007,0,0,0.940007,0,0,0.8342565,0,0,0.9181419,0,0,0.9181419,0,0,0.9181419,0,0,0.9181419,0,0,0.9181419,0,0,0.9181419,0,0,0.84069794,0,0,0.84069794,0,0,0.84069794,0,0,0.84069794,0,0,0.84069794,0,0,0.84069794,0,0,0.84069794,0,0,0.84069794,0,0,0.84069794,0,0,0.84069794,0,0,0.84069794,0,0,0.84069794,0,0,0.92838204,0,0,0.92838204,0,0,0.92838204,0,0,0.92838204,0,0,0.92838204,0,0,0.92838204,0,0,0.83277965,0,0,0.83277965,0,0,0.83277965,0,0,0.940007,0,0,0.940007,0,0,0.940007,0,0,0.940007,0,0,0.83534294,0,0,0.83534294,0,0,0.83534294,0,0,0.8344275,0,0,0.8344275,0,0,0.8344275,0
     290, 100.00%,1.0,0,0.99221885,0,0,0.99221885,0,0,0.99221885,0,0,0.9919632,0,0,0.99221885,0,0,0.99221885,0,0,0.987779,0,0,0.987779,0,0,0.987779,0,0,0.987779,0,0,0.987779,0,0,0.99221885,0,0,0.99221885,0,0,0.987779,0,0,0.9919632,0,0,0.987779,0,0,0.992,0,0,0.992,0,0,0.9907004,0,0,0.9907004,0,0,0.9910745,0,0,0.9910745,0,0,0.99233395,0,0,0.99233395,0,0,0.99302244,0,0,0.99302244,0,0,0.99072707,0,0,0.99072707,0,0,0.9919632,0,0,0.9923073,0,0,0.9923073,0,0,0.9919632,0,0,0.9910561,0,0,0.9910561,0,0,0.9910561,0,0,0.9919632,0,0,0.98817235,0,0,0.98817235,0,0,0.98817235,0,0,0.98817235,0,0,0.98817235,0,0,0.98817235,0,0,0.99102175,0,0,0.99102175,0,0,0.99102175,0,0,0.99102175,0,0,0.99102175,0,0,0.99102175,0,0,0.99102175,0,0,0.99102175,0,0,0.99102175,0,0,0.99102175,0,0,0.99102175,0,0,0.99102175,0,0,0.989037,0,0,0.989037,0,0,0.989037,0,0,0.989037,0,0,0.989037,0,0,0.989037,0,0,0.9919608,0,0,0.9919608,0,0,0.9919608,0,0,0.9910561,0,0,0.9910561,0,0,0.9910561,0,0,0.9910561,0,0,0.9921973,0,0,0.9921973,0,0,0.9921973,0,0,0.9924387,0,0,0.9924387,0,0,0.9924387,0
     291, 100.00%,1.0,0,0.98402715,0,0,0.98402715,0,0,0.98402715,0,0,0.98311126,0,0,0.98402715,0,0,0.98402715,0,0,0.9735404,0,0,0.9735404,0,0,0.9735404,0,0,0.9735404,0,0,0.9735404,0,0,0.98402715,0,0,0.98402715,0,0,0.9735404,0,0,0.98311126,0,0,0.9735404,0,0,0.98328805,0,0,0.98328805,0,0,0.9800387,0,0,0.9800387,0,0,0.979884,0,0,0.979884,0,0,0.98412454,0,0,0.98412454,0,0,0.985655,0,0,0.985655,0,0,0.98049223,0,0,0.98049223,0,0,0.98311126,0,0,0.9834407,0,0,0.9834407,0,0,0.9831112,0,0,0.9804432,0,0,0.9804432,0,0,0.9804432,0,0,0.98311126,0,0,0.97373223,0,0,0.97373223,0,0,0.97373223,0,0,0.97373223,0,0,0.97373223,0,0,0.97373223,0,0,0.98111,0,0,0.98111,0,0,0.98111,0,0,0.98111,0,0,0.98111,0,0,0.98111,0,0,0.98111,0,0,0.98111,0,0,0.98111,0,0,0.98111,0,0,0.98111,0,0,0.98111,0,0,0.97633535,0,0,0.97633535,0,0,0.97633535,0,0,0.97633535,0,0,0.97633535,0,0,0.97633535,0,0,0.98323345,0,0,0.98323345,0,0,0.98323345,0,0,0.9804432,0,0,0.9804432,0,0,0.9804432,0,0,0.9804432,0,0,0.9842664,0,0,0.9842664,0,0,0.9842664,0,0,0.9843895,0,0,0.9843895,0,0,0.9843895,0
     292, 100.00%,1.0,0,0.8030406,0,0,0.8030406,0,0,0.8030406,0,0,0.8006348,0,0,0.8030406,0,0,0.8030406,0,0,0.79076385,0,0,0.79076385,0,0,0.79076385,0,0,0.79076385,0,0,0.79076385,0,0,0.8030406,0,0,0.8030406,0,0,0.79076385,0,0,0.8006348,0,0,0.79076385,0,0,0.79909396,0,0,0.79909396,0,0,0.7883111,0,0,0.7883111,0,0,0.81992847,0,0,0.81992847,0,0,0.8008997,0,0,0.8008997,0,0,0.81308866,0,0,0.81308866,0,0,0.7803962,0,0,0.7803962,0,0,0.8006348,0,0,0.8072876,0,0,0.8072875,0,0,0.80063474,0,0,0.820898,0,0,0.820898,0,0,0.820898,0,0,0.8006348,0,0,0.78513443,0,0,0.78513443,0,0,0.78513443,0,0,0.78513443,0,0,0.78513443,0,0,0.78513443,0,0,0.7899785,0,0,0.7899785,0,0,0.7899785,0,0,0.7899785,0,0,0.7899785,0,0,0.7899785,0,0,0.7899785,0,0,0.7899785,0,0,0.7899785,0,0,0.7899785,0,0,0.7899785,0,0,0.7899785,0,0,0.7995784,0,0,0.7995784,0,0,0.7995784,0,0,0.7995784,0,0,0.7995784,0,0,0.7995784,0,0,0.7996085,0,0,0.7996085,0,0,0.7996086,0,0,0.820898,0,0,0.820898,0,0,0.820898,0,0,0.820898,0,0,0.80398726,0,0,0.80398726,0,0,0.80398726,0,0,0.8001789,0,0,0.8001789,0,0,0.8001789,0
     293,  12.33%,0.10526315789473684,-1,0.56640667,1,-1,0.56640667,0,-1,0.56640667,1,-1,0.5608171,0,-1,0.56640667,0,-1,0.56640667,1,-1,0.44014457,1,-1,0.44014457,1,-1,0.44014457,1,-1,0.44014457,1,-1,0.44014457,1,-1,0.56640667,1,-1,0.56640667,0,-1,0.44014457,1,-1,0.5608171,0,-1,0.44014457,0,-1,0.5589092,0,-1,0.5589092,1,-1,0.5597574,1,-1,0.5597574,1,1,0.43349662,0,1,0.43349662,0,-1,0.562411,1,-1,0.562411,1,-1,0.56431055,0,-1,0.56431055,1,-1,0.5580098,0,-1,0.5580098,0,-1,0.5608171,0,-1,0.5570377,0,-1,0.5570377,1,-1,0.5608171,0,1,0.44433224,1,1,0.44433224,1,1,0.44433224,1,-1,0.5608171,0,1,0.42813092,1,1,0.42813092,1,1,0.42813092,1,1,0.42813092,1,1,0.42813092,1,1,0.42813092,1,-1,0.55601376,1,-1,0.55601376,1,-1,0.55601376,1,-1,0.55601376,1,-1,0.55601376,1,-1,0.55601376,1,-1,0.55601376,1,-1,0.55601376,1,-1,0.55601376,1,-1,0.55601376,1,-1,0.55601376,1,-1,0.55601376,1,-1,0.43439004,0,-1,0.43439004,1,-1,0.43439004,1,-1,0.43439004,1,-1,0.43439004,1,-1,0.43439004,0,-1,0.56254065,0,-1,0.56254065,0,-1,0.5625407,0,1,0.44433224,0,1,0.44433227,0,1,0.44433227,0,1,0.44433227,0,-1,0.56530213,0,-1,0.56530213,0,-1,0.56530213,0,-1,0.56243855,0,-1,0.56243855,0,-1,0.56243855,0
     294,   0.00%,0.0,-1,0.53977454,0,-1,0.53977454,0,-1,0.53977454,0,-1,0.5332033,0,-1,0.53977454,0,-1,0.53977454,0,1,0.4414906,0,1,0.4414906,0,1,0.4414906,0,1,0.4414906,0,1,0.4414906,0,-1,0.53977454,0,-1,0.53977454,0,1,0.4414906,0,-1,0.5332033,0,1,0.4414906,0,-1,0.53129005,0,-1,0.53129005,0,-1,0.53269106,0,-1,0.53269106,0,1,0.4570833,0,1,0.4570833,0,-1,0.5350323,0,-1,0.5350323,0,-1,0.53665894,0,-1,0.53665894,0,-1,0.5315376,0,-1,0.5315376,0,-1,0.5332033,0,-1,0.52867925,0,-1,0.52867925,0,-1,0.53320324,0,1,0.46537122,0,1,0.46537122,0,1,0.46537122,0,-1,0.5332033,0,1,0.45281088,0,1,0.45281088,0,1,0.45281088,0,1,0.45281088,0,1,0.45281088,0,1,0.45281088,0,-1,0.53009725,0,-1,0.53009725,0,-1,0.53009725,0,-1,0.53009725,0,-1,0.53009725,0,-1,0.53009725,0,-1,0.53009725,0,-1,0.53009725,0,-1,0.53009725,0,-1,0.53009725,0,-1,0.53009725,0,-1,0.53009725,0,1,0.44819617,0,1,0.44819617,0,1,0.44819617,0,1,0.44819617,0,1,0.44819617,0,1,0.44819617,0,-1,0.5343097,0,-1,0.5343097,0,-1,0.5343097,0,1,0.46537128,0,1,0.46537122,0,1,0.46537122,0,1,0.46537122,0,-1,0.5377375,0,-1,0.5377375,0,-1,0.5377375,0,-1,0.53509706,0,-1,0.53509706,0,-1,0.53509706,0
     295,   0.00%,0.0,-1,0.6077023,0,-1,0.6077023,0,-1,0.6077023,0,-1,0.60249853,0,-1,0.6077023,0,-1,0.6077023,1,-1,0.5282655,1,-1,0.5282655,1,-1,0.5282655,1,-1,0.5282655,1,-1,0.5282655,1,-1,0.6077023,0,-1,0.6077023,0,-1,0.5282655,1,-1,0.60249853,0,-1,0.5282655,0,-1,0.6003587,0,-1,0.6003587,1,-1,0.60255796,1,-1,0.60255796,1,-1,0.5077711,0,-1,0.5077711,0,-1,0.6045299,1,-1,0.6045299,1,-1,0.60473067,0,-1,0.60473067,1,-1,0.6029768,0,-1,0.6029768,0,-1,0.60249853,0,-1,0.598258,0,-1,0.598258,0,-1,0.60249853,0,-1,0.49080345,1,-1,0.49080345,1,-1,0.49080345,1,-1,0.60249853,0,-1,0.5143171,1,-1,0.5143171,1,-1,0.5143171,1,-1,0.5143171,1,-1,0.5143171,1,-1,0.5143171,1,-1,0.6007319,1,-1,0.6007319,1,-1,0.6007319,1,-1,0.6007319,1,-1,0.6007319,1,-1,0.6007319,1,-1,0.6007319,1,-1,0.6007319,1,-1,0.6007319,1,-1,0.6007319,1,-1,0.6007319,1,-1,0.6007319,1,-1,0.5159688,0,-1,0.5159688,0,-1,0.5159688,0,-1,0.5159688,0,-1,0.5159688,0,-1,0.5159688,0,-1,0.6042598,0,-1,0.6042598,0,-1,0.6042598,0,-1,0.49080336,0,-1,0.49080342,0,-1,0.49080342,0,-1,0.49080342,0,-1,0.60592103,0,-1,0.60592103,0,-1,0.60592103,0,-1,0.6042826,1,-1,0.6042826,1,-1,0.6042826,0
     296,  94.52%,0.4859154929577465,0,0.5731112,0,0,0.5731112,0,0,0.5731112,0,0,0.5677429,0,0,0.5731112,0,0,0.5731112,0,0,0.7609395,1,0,0.7609395,1,0,0.7609395,1,0,0.7609395,0,0,0.7609395,1,0,0.5731112,0,0,0.5731112,0,0,0.7609395,0,0,0.5677429,0,0,0.7609395,0,0,0.5663205,0,0,0.5663205,0,0,0.56266564,0,0,0.56266564,0,0,0.8196321,0,0,0.8196321,0,0,0.5713959,0,0,0.5713959,0,0,0.573213,0,0,0.573213,0,0,0.56510246,0,0,0.56510246,0,0,0.5677429,0,0,0.5645289,0,0,0.5645289,0,0,0.5677429,0,0,0.82302684,0,0,0.82302684,0,0,0.82302684,0,0,0.5677429,0,0,0.77138656,0,0,0.77138656,0,0,0.77138656,0,0,0.77138656,0,0,0.77138656,0,0,0.77138656,0,0,0.56578135,0,0,0.56578135,0,0,0.56578135,0,0,0.56578135,0,0,0.56578135,0,0,0.56578135,0,0,0.56578135,0,0,0.56578135,0,0,0.56578135,0,0,0.56578135,0,0,0.56578135,0,0,0.56578135,0,0,0.78155726,0,0,0.78155726,0,0,0.78155726,0,0,0.78155726,0,0,0.78155726,0,0,0.78155726,0,0,0.5686725,0,0,0.5686725,0,0,0.5686725,0,0,0.8230269,0,0,0.82302684,0,0,0.82302684,0,0,0.82302684,0,0,0.5724127,0,0,0.5724127,0,0,0.5724127,0,0,0.57034755,0,0,0.57034755,0,0,0.57034755,0
     297,  35.62%,0.2781401220281927,1,0.4906161,0,1,0.4906161,0,1,0.4906161,0,1,0.4976393,0,1,0.4906161,1,1,0.4906161,0,0,0.6130613,1,0,0.6130613,0,0,0.6130613,1,0,0.6130613,0,0,0.6130613,1,1,0.4906161,0,1,0.4906161,0,0,0.6130613,0,1,0.4976393,0,0,0.6130613,0,1,0.5004841,0,1,0.5004841,0,1,0.50102425,0,1,0.50102425,0,0,0.67714137,0,0,0.67714137,0,1,0.49340412,0,1,0.49340412,0,1,0.49186745,0,1,0.49186745,0,1,0.5017501,0,1,0.5017501,0,1,0.4976393,0,1,0.50241786,0,1,0.50241786,0,1,0.4976393,0,0,0.68447673,0,0,0.68447673,0,0,0.68447673,0,1,0.4976393,0,0,0.61878586,0,0,0.61878586,0,0,0.61878586,0,0,0.61878586,0,0,0.61878586,0,0,0.61878586,0,1,0.5019942,0,1,0.5019942,0,1,0.5019942,0,1,0.5019942,0,1,0.5019942,0,1,0.5019942,0,1,0.5019942,0,1,0.5019942,0,1,0.5019942,0,1,0.5019942,0,1,0.5019942,0,1,0.5019942,0,0,0.63705933,0,0,0.63705933,0,0,0.63705933,0,0,0.63705933,0,0,0.63705933,0,0,0.63705933,0,1,0.49570176,0,1,0.49570176,0,1,0.49570176,0,0,0.68447673,0,0,0.6844768,0,0,0.6844768,0,0,0.6844768,0,1,0.49171737,0,1,0.49171737,0,1,0.49171737,0,1,0.4942795,0,1,0.4942795,0,1,0.4942795,0
     298,  24.66%,0.13186813186813187,1,0.4702765,0,1,0.4702765,0,1,0.4702765,0,1,0.4742316,0,1,0.4702765,0,1,0.4702765,0,1,0.5800901,1,1,0.5800901,1,1,0.5800901,1,1,0.5800901,1,1,0.5800901,1,1,0.4702765,0,1,0.4702765,0,1,0.5800901,1,1,0.4742316,0,1,0.5800901,0,1,0.46988446,0,1,0.46988446,0,1,0.47899526,-1,1,0.47899526,0,1,0.57111543,-1,1,0.57111543,-1,1,0.47199583,0,1,0.47199583,0,1,0.47681522,-1,1,0.47681522,-1,1,0.47273722,0,1,0.47273722,-1,1,0.4742316,0,1,0.47820204,0,1,0.47820204,0,1,0.4742316,0,1,0.5703108,0,1,0.5703108,0,1,0.5703108,0,1,0.4742316,0,1,0.5931064,0,1,0.5931064,0,1,0.5931064,0,1,0.5931064,0,1,0.5931064,0,1,0.5931064,0,1,0.47926992,1,1,0.47926992,1,1,0.47926992,1,1,0.47926992,1,1,0.47926992,1,1,0.47926992,1,1,0.47926992,1,1,0.47926992,1,1,0.47926992,1,1,0.47926992,1,1,0.47926992,1,1,0.47926992,1,1,0.57616997,0,1,0.57616997,0,1,0.57616997,0,1,0.57616997,0,1,0.57616997,0,1,0.57616997,0,1,0.47682112,0,1,0.47682112,0,1,0.47682112,0,1,0.5703108,0,1,0.5703108,0,1,0.5703108,0,1,0.5703108,0,1,0.47053012,0,1,0.47053012,0,1,0.47053012,0,1,0.47081926,0,1,0.47081926,0,1,0.47081926,0
     299,  26.03%,0.13768115942028986,1,0.49963415,0,1,0.49963415,0,1,0.49963415,0,1,0.5036768,0,1,0.49963415,0,1,0.49963415,1,1,0.60576034,0,1,0.60576034,0,1,0.60576034,1,1,0.60576034,1,1,0.60576034,1,1,0.49963415,0,1,0.49963415,0,1,0.60576034,1,1,0.5036768,0,1,0.60576034,0,1,0.50015056,0,1,0.50015056,0,1,0.51150864,-1,1,0.51150864,-1,1,0.5554901,-1,1,0.5554901,-1,1,0.49894175,0,1,0.49894175,0,1,0.49895895,0,1,0.49895895,0,1,0.50778204,0,1,0.50778204,0,1,0.5036768,0,1,0.5052752,0,1,0.5052752,0,1,0.5036768,0,1,0.5495326,0,1,0.5495326,1,1,0.5495326,0,1,0.5036768,0,1,0.62077665,1,1,0.62077665,0,1,0.62077665,0,1,0.62077665,0,1,0.62077665,0,1,0.62077665,0,1,0.51386696,1,1,0.51386696,1,1,0.51386696,1,1,0.51386696,1,1,0.51386696,1,1,0.51386696,1,1,0.51386696,1,1,0.51386696,1,1,0.51386696,1,1,0.51386696,1,1,0.51386696,1,1,0.51386696,1,1,0.59406614,0,1,0.59406614,0,1,0.59406614,0,1,0.59406614,0,1,0.59406614,0,1,0.59406614,0,1,0.5042197,0,1,0.5042197,0,1,0.5042197,0,1,0.5495326,0,1,0.5495326,0,1,0.5495326,0,1,0.5495326,0,1,0.49934435,0,1,0.49934435,0,1,0.49934435,0,1,0.4969756,0,1,0.4969756,0,1,0.4969756,0
     300,  68.49%,0.3392348392348392,0,0.3401368,0,0,0.3401368,0,0,0.3401368,1,0,0.34505945,0,0,0.3401368,0,0,0.3401368,1,1,0.4207455,1,1,0.4207455,0,1,0.4207455,1,1,0.4207455,0,1,0.4207455,1,0,0.3401368,1,0,0.3401368,1,1,0.4207455,0,0,0.34505945,0,1,0.4207455,0,0,0.34626245,0,0,0.34626245,0,0,0.34671974,0,0,0.34671974,0,1,0.41919956,0,1,0.41919956,0,0,0.34316543,0,0,0.34316543,0,0,0.344302,0,0,0.344302,0,0,0.3483169,0,0,0.3483169,-1,0,0.34505945,0,0,0.3479948,0,0,0.3479948,0,0,0.34505948,0,0,0.41912714,0,0,0.41912714,0,0,0.41912714,0,0,0.34505945,0,1,0.42685428,0,1,0.42685428,0,1,0.42685428,0,1,0.42685428,0,1,0.42685428,0,1,0.42685428,0,0,0.34977722,0,0,0.34977722,0,0,0.34977722,0,0,0.34977722,0,0,0.34977722,0,0,0.34977722,0,0,0.34977722,0,0,0.34977722,0,0,0.34977722,0,0,0.34977722,0,0,0.34977722,0,0,0.34977722,0,1,0.42496789,0,1,0.42496789,0,1,0.42496789,0,1,0.42496789,0,1,0.42496789,0,1,0.42496789,0,0,0.34507576,0,0,0.34507576,0,0,0.34507576,0,0,0.41912717,0,0,0.41912714,0,0,0.41912714,0,0,0.41912714,0,0,0.34229714,0,0,0.34229714,0,0,0.34229714,0,0,0.34388638,0,0,0.34388638,0,0,0.34388638,0
     301,  42.47%,0.2525083612040134,-1,0.45307532,-1,-1,0.45307532,-1,-1,0.45307532,1,-1,0.43849972,0,-1,0.45307532,0,-1,0.45307532,1,0,0.5222924,0,0,0.5222924,0,0,0.5222924,0,0,0.5222924,0,0,0.5222924,0,-1,0.45307532,-1,-1,0.45307532,-1,0,0.5222924,-1,-1,0.43849972,0,0,0.5222924,-1,-1,0.43227732,0,-1,0.43227732,0,-1,0.4309338,0,-1,0.4309338,0,0,0.53460556,0,0,0.53460556,0,-1,0.4448547,0,-1,0.4448547,0,-1,0.45111272,0,-1,0.45111272,0,-1,0.42338243,0,-1,0.42338243,0,-1,0.43849972,0,-1,0.43095082,0,-1,0.43095088,0,-1,0.4384997,0,0,0.5422552,0,0,0.5422552,0,0,0.5422552,0,-1,0.43849972,0,0,0.5402071,0,0,0.5402071,0,0,0.5402071,0,0,0.5402071,0,0,0.5402071,0,0,0.5402071,0,-1,0.4190004,0,-1,0.4190004,0,-1,0.4190004,0,-1,0.4190004,0,-1,0.4190004,0,-1,0.4190004,0,-1,0.4190004,0,-1,0.4190004,-1,-1,0.4190004,0,-1,0.4190004,0,-1,0.4190004,0,-1,0.4190004,0,0,0.53592193,0,0,0.53592193,0,0,0.53592193,0,0,0.53592193,0,0,0.53592193,0,0,0.53592193,0,-1,0.4444574,0,-1,0.4444574,0,-1,0.4444574,0,0,0.5422552,0,0,0.5422552,0,0,0.5422552,0,0,0.5422552,0,-1,0.45094457,0,-1,0.45094457,0,-1,0.45094457,0,-1,0.44451338,0,-1,0.44451338,0,-1,0.44451338,0
     302,  50.68%,0.48510971786833856,-1,0.41720772,0,-1,0.41720772,0,-1,0.41720772,0,-1,0.40162355,0,-1,0.41720772,0,-1,0.41720772,0,0,0.44660765,0,0,0.44660765,0,0,0.44660765,0,0,0.44660765,0,0,0.44660765,0,-1,0.41720772,-1,-1,0.41720772,-1,0,0.44660765,-1,-1,0.40162355,0,0,0.44660765,-1,-1,0.39458686,0,-1,0.39458686,0,-1,0.39075518,0,-1,0.39075518,0,0,0.44919348,0,0,0.44919348,0,-1,0.41021705,0,-1,0.41021705,0,-1,0.41814163,0,-1,0.41814163,0,-1,0.3790146,0,-1,0.3790146,0,-1,0.40162355,0,-1,0.3959697,0,-1,0.3959697,0,-1,0.40162355,0,0,0.47523052,0,0,0.47523052,0,0,0.47523052,0,-1,0.40162355,0,0,0.456088,0,0,0.456088,0,0,0.456088,0,0,0.456088,0,0,0.456088,0,0,0.456088,0,-1,0.37821522,0,-1,0.37821522,-1,-1,0.37821522,-1,-1,0.37821522,0,-1,0.37821522,0,-1,0.37821522,0,-1,0.37821522,0,-1,0.37821522,-1,-1,0.37821522,-1,-1,0.37821522,-1,-1,0.37821522,-1,-1,0.37821522,-1,0,0.45715457,0,0,0.45715457,0,0,0.45715457,0,0,0.45715457,0,0,0.45715457,0,0,0.45715457,0,-1,0.40990043,-1,-1,0.40990043,-1,-1,0.40990043,0,0,0.47523054,0,0,0.47523057,0,0,0.47523057,0,0,0.47523057,0,-1,0.41655234,0,-1,0.41655234,0,-1,0.41655234,0,-1,0.4098732,0,-1,0.4098732,0,-1,0.4098732,0
     303,  26.03%,0.13768115942028986,1,0.43052995,0,1,0.43052995,0,1,0.43052995,1,1,0.43427202,0,1,0.43052995,1,1,0.43052995,1,1,0.39670473,0,1,0.39670473,0,1,0.39670473,1,1,0.39670473,1,1,0.39670473,1,1,0.43052995,-1,1,0.43052995,-1,1,0.39670473,-1,1,0.43427202,0,1,0.39670473,-1,1,0.43493617,1,1,0.43493617,1,1,0.43813235,1,1,0.43813235,1,1,0.3924848,1,1,0.3924848,1,1,0.43171576,1,1,0.43171576,1,1,0.42864516,0,1,0.42864516,0,1,0.43577418,0,1,0.43577418,0,1,0.43427202,0,1,0.43572584,0,1,0.43572587,1,1,0.43427202,0,1,0.39794374,0,1,0.39794374,1,1,0.39794374,0,1,0.43427202,0,1,0.39297673,0,1,0.39297673,0,1,0.39297673,1,1,0.39297673,1,1,0.39297673,0,1,0.39297673,0,1,0.43415388,-1,1,0.43415388,-1,1,0.43415388,-1,1,0.43415388,-1,1,0.43415388,-1,1,0.43415388,-1,1,0.43415388,-1,1,0.43415388,-1,1,0.43415388,-1,1,0.43415388,-1,1,0.43415388,-1,1,0.43415388,-1,1,0.39266497,0,1,0.39266497,0,1,0.39266497,0,1,0.39266497,0,1,0.39266497,0,1,0.39266497,0,1,0.4311093,-1,1,0.4311093,-1,1,0.43110925,-1,1,0.3979437,0,1,0.39794374,0,1,0.39794374,0,1,0.39794374,1,1,0.42960486,0,1,0.42960486,0,1,0.42960486,0,1,0.43096668,0,1,0.43096668,0,1,0.43096668,0
     304,  35.62%,0.2162485065710872,-1,0.3701586,0,-1,0.3701586,0,-1,0.3701586,1,-1,0.36074603,0,-1,0.3701586,0,-1,0.3701586,1,0,0.5170464,0,0,0.5170464,-1,0,0.5170464,0,0,0.5170464,0,0,0.5170464,0,-1,0.3701586,0,-1,0.3701586,1,0,0.5170464,0,-1,0.36074603,0,0,0.5170464,0,-1,0.35684618,0,-1,0.35684618,0,-1,0.35276335,0,-1,0.35276335,0,0,0.52489257,0,0,0.52489257,0,-1,0.3671593,0,-1,0.3671593,0,-1,0.37204096,0,-1,0.37204096,0,-1,0.34038973,0,-1,0.34038973,0,-1,0.36074603,0,-1,0.35879698,0,-1,0.35879698,0,-1,0.36074603,0,0,0.53194684,0,0,0.53194684,1,0,0.53194684,0,-1,0.36074603,0,0,0.5310857,0,0,0.5310857,0,0,0.5310857,1,0,0.5310857,0,0,0.5310857,0,0,0.5310857,0,1,0.33575103,0,1,0.33575103,0,1,0.33575103,0,1,0.33575103,0,1,0.33575103,-1,1,0.33575103,0,1,0.33575103,0,1,0.33575103,0,1,0.33575103,1,1,0.33575103,0,1,0.33575103,0,1,0.33575103,0,0,0.53708696,0,0,0.53708696,0,0,0.53708696,0,0,0.53708696,0,0,0.53708696,0,0,0.53708696,0,-1,0.3672906,0,-1,0.3672906,0,-1,0.36729056,0,0,0.53194684,0,0,0.53194684,0,0,0.53194684,0,0,0.53194684,0,-1,0.37093636,0,-1,0.37093636,0,-1,0.37093636,0,-1,0.36699146,0,-1,0.36699146,0,-1,0.36699146,0
     305,  36.99%,0.18556701030927836,1,0.37705767,-1,1,0.37705767,-1,1,0.37705767,0,1,0.38240546,0,1,0.37705767,-1,1,0.37705767,0,0,0.5304204,0,0,0.5304204,-1,0,0.5304204,0,0,0.5304204,0,0,0.5304204,0,1,0.37705767,0,1,0.37705767,0,0,0.5304204,0,1,0.38240546,0,0,0.5304204,0,1,0.38012132,0,1,0.38012132,0,1,0.38658956,0,1,0.38658956,0,0,0.52845174,0,0,0.52845174,0,1,0.37912378,0,1,0.37912378,0,1,0.38188913,0,1,0.38188913,0,1,0.36529738,0,1,0.36529738,0,1,0.38240546,0,1,0.39151183,0,1,0.39151183,0,1,0.3824055,0,0,0.54829526,0,0,0.54829526,0,0,0.54829526,0,1,0.38240546,0,0,0.545442,0,0,0.545442,0,0,0.545442,0,0,0.545442,0,0,0.545442,0,0,0.545442,0,1,0.37277943,0,1,0.37277943,0,1,0.37277943,0,1,0.37277943,0,1,0.37277943,0,1,0.37277943,0,1,0.37277943,0,1,0.37277943,0,1,0.37277943,0,1,0.37277943,0,1,0.37277943,0,1,0.37277943,0,0,0.5433265,0,0,0.5433265,0,0,0.5433265,0,0,0.5433265,0,0,0.5433265,0,0,0.5433265,0,1,0.3855739,0,1,0.3855739,0,1,0.3855739,0,0,0.54829526,0,0,0.54829526,0,0,0.54829526,0,0,0.54829526,0,1,0.38074303,0,1,0.38074303,0,1,0.38074303,0,1,0.3796845,0,1,0.3796845,0,1,0.3796845,0
     306,  94.52%,0.4859154929577465,0,0.88110465,0,0,0.88110465,0,0,0.88110465,0,0,0.8834522,0,0,0.88110465,0,0,0.88110465,0,0,0.90977865,0,0,0.90977865,0,0,0.90977865,1,0,0.90977865,0,0,0.90977865,1,0,0.88110465,0,0,0.88110465,0,0,0.90977865,0,0,0.8834522,0,0,0.90977865,0,0,0.8836952,0,0,0.8836952,0,0,0.8804168,0,0,0.8804168,0,0,0.92061996,0,0,0.92061996,0,0,0.8826988,0,0,0.8826988,0,0,0.8880566,0,0,0.8880566,0,0,0.8774267,0,0,0.8774267,0,0,0.8834522,0,0,0.88909346,0,0,0.88909346,0,0,0.8834522,0,0,0.9233419,0,0,0.9233419,0,0,0.9233419,0,0,0.8834522,0,0,0.9041174,0,0,0.9041174,0,0,0.9041174,0,0,0.9041174,0,0,0.9041174,0,0,0.9041174,0,0,0.8826989,0,0,0.8826989,0,0,0.8826989,0,0,0.8826989,0,0,0.8826989,1,0,0.8826989,0,0,0.8826989,0,0,0.8826989,0,0,0.8826989,0,0,0.8826989,0,0,0.8826989,0,0,0.8826989,1,0,0.91494024,0,0,0.91494024,0,0,0.91494024,0,0,0.91494024,0,0,0.91494024,0,0,0.91494024,0,0,0.8826089,0,0,0.8826089,0,0,0.8826089,0,0,0.9233419,0,0,0.9233419,0,0,0.9233419,0,0,0.9233419,0,0,0.88097537,0,0,0.88097537,0,0,0.88097537,0,0,0.88275594,0,0,0.88275594,0,0,0.88275594,0
     307, 100.00%,1.0,0,0.9995119,0,0,0.9995119,0,0,0.9995119,0,0,0.9995188,0,0,0.9995119,0,0,0.9995119,0,0,0.9986983,0,0,0.9986983,0,0,0.9986983,0,0,0.9986983,0,0,0.9986983,0,0,0.9995119,0,0,0.9995119,0,0,0.9986983,0,0,0.9995188,0,0,0.9986983,0,0,0.9995465,0,0,0.9995465,0,0,0.9994403,0,0,0.9994403,0,0,0.99878263,0,0,0.99878263,0,0,0.99953747,0,0,0.99953747,0,0,0.99956864,0,0,0.99956864,0,0,0.99950564,0,0,0.99950564,0,0,0.9995188,0,0,0.9995394,0,0,0.9995394,0,0,0.9995188,0,0,0.99896544,0,0,0.99896544,0,0,0.99896544,0,0,0.9995188,0,0,0.9985266,0,0,0.9985266,0,0,0.9985266,0,0,0.9985266,0,0,0.9985266,0,0,0.9985266,0,0,0.9994894,0,0,0.9994894,0,0,0.9994894,0,0,0.9994894,0,0,0.9994894,0,0,0.9994894,0,0,0.9994894,0,0,0.9994894,0,0,0.9994894,0,0,0.9994894,0,0,0.9994894,0,0,0.9994894,0,0,0.9988149,0,0,0.9988149,0,0,0.9988149,0,0,0.9988149,0,0,0.9988149,0,0,0.9988149,0,0,0.9995135,0,0,0.9995135,0,0,0.9995135,0,0,0.99896544,0,0,0.99896544,0,0,0.99896544,0,0,0.99896544,0,0,0.99952036,0,0,0.99952036,0,0,0.99952036,0,0,0.99955785,0,0,0.99955785,0,0,0.99955785,0
     308,   0.00%,0.0,1,0.49265528,0,1,0.49265528,0,1,0.49265528,0,1,0.4990397,0,1,0.49265528,0,1,0.49265528,0,1,0.6330033,0,1,0.6330033,0,1,0.6330033,0,1,0.6330033,0,1,0.6330033,0,1,0.49265528,0,1,0.49265528,0,1,0.6330033,0,1,0.4990397,0,1,0.6330033,0,1,0.49954134,0,1,0.49954134,0,1,0.50115836,0,1,0.50115836,0,1,0.6158751,0,1,0.6158751,0,1,0.49816203,0,1,0.49816203,0,1,0.49984613,0,1,0.49984613,0,1,0.5058636,0,1,0.5058636,0,1,0.4990397,0,1,0.5027329,0,1,0.5027328,0,1,0.4990397,0,1,0.6198816,0,1,0.6198816,0,1,0.6198816,0,1,0.4990397,0,1,0.63816285,0,1,0.63816285,0,1,0.63816285,0,1,0.63816285,0,1,0.63816285,0,1,0.63816285,0,1,0.5091724,0,1,0.5091724,0,1,0.5091724,0,1,0.5091724,0,1,0.5091724,0,1,0.5091724,0,1,0.5091724,0,1,0.5091724,0,1,0.5091724,0,1,0.5091724,0,1,0.5091724,0,1,0.5091724,0,1,0.63359594,0,1,0.63359594,0,1,0.63359594,0,1,0.63359594,0,1,0.63359594,0,1,0.63359594,0,1,0.50084984,0,1,0.50084984,0,1,0.50084984,0,1,0.6198816,0,1,0.6198816,0,1,0.6198816,0,1,0.6198816,0,1,0.4941471,0,1,0.4941471,0,1,0.4941471,0,1,0.49943948,0,1,0.49943948,0,1,0.49943948,0
     309,  73.97%,0.4251968503937008,0,0.5412161,0,0,0.5412161,0,0,0.5412161,0,0,0.5348786,0,0,0.5412161,0,0,0.5412161,0,1,0.50779074,0,1,0.50779074,0,1,0.50779074,0,1,0.50779074,0,1,0.50779074,0,0,0.5412161,0,0,0.5412161,0,1,0.50779074,0,0,0.5348786,0,1,0.50779074,0,0,0.5340929,0,0,0.5340929,0,0,0.5289742,0,0,0.5289742,0,0,0.5014365,0,0,0.5014365,0,0,0.53548354,0,0,0.53548354,0,0,0.5353942,0,0,0.5353942,0,0,0.5305637,0,0,0.5305637,0,0,0.5348786,0,0,0.5314867,0,0,0.5314867,0,0,0.53487855,0,0,0.5025565,0,0,0.5025565,0,0,0.5025565,0,0,0.5348786,0,1,0.51274586,0,1,0.51274586,0,1,0.51274586,0,1,0.51274586,0,1,0.51274586,0,1,0.51274586,0,0,0.52975833,0,0,0.52975833,0,0,0.52975833,0,0,0.52975833,0,0,0.52975833,0,0,0.52975833,0,0,0.52975833,0,0,0.52975833,0,0,0.52975833,0,0,0.52975833,0,0,0.52975833,0,0,0.52975833,0,1,0.495483,0,1,0.495483,0,1,0.495483,0,1,0.495483,0,1,0.495483,0,1,0.495483,0,0,0.5321177,0,0,0.5321177,0,0,0.5321178,0,0,0.50255656,0,0,0.5025565,0,0,0.5025565,0,0,0.5025565,0,0,0.5387547,0,0,0.5387547,0,0,0.5387547,0,0,0.53471845,0,0,0.53471845,0,0,0.53471845,0
     310,  58.90%,0.3996710526315789,0,0.5301741,0,0,0.5301741,0,0,0.5301741,0,0,0.5292498,0,0,0.5301741,0,0,0.5301741,0,1,0.5700567,1,1,0.5700567,0,1,0.5700567,0,1,0.5700567,0,1,0.5700567,0,0,0.5301741,0,0,0.5301741,0,1,0.5700567,0,0,0.5292498,0,1,0.5700567,0,0,0.53003454,0,0,0.53003454,0,0,0.52706933,0,0,0.52706933,0,1,0.5917683,0,1,0.5917683,0,0,0.5283307,0,0,0.5283307,0,0,0.5255371,0,0,0.5255371,0,0,0.53031003,0,0,0.53031003,0,0,0.5292498,0,0,0.5284762,0,0,0.5284761,0,0,0.5292498,0,1,0.5889292,0,1,0.5889292,0,1,0.5889292,0,0,0.5292498,0,1,0.58021545,0,1,0.58021545,0,1,0.58021545,0,1,0.58021545,0,1,0.58021545,0,1,0.58021545,0,0,0.52779835,0,0,0.52779835,0,0,0.52779835,0,0,0.52779835,1,0,0.52779835,1,0,0.52779835,0,0,0.52779835,0,0,0.52779835,0,0,0.52779835,0,0,0.52779835,0,0,0.52779835,0,0,0.52779835,1,1,0.57851166,0,1,0.57851166,0,1,0.57851166,0,1,0.57851166,0,1,0.57851166,0,1,0.57851166,0,0,0.5259713,0,0,0.5259713,0,0,0.52597123,0,1,0.5889292,0,1,0.5889292,0,1,0.5889292,0,1,0.5889292,0,0,0.5279757,0,0,0.5279757,0,0,0.5279757,0,0,0.52787024,0,0,0.52787024,0,0,0.52787024,0
     311,   1.37%,0.017543859649122806,-1,0.4090917,0,-1,0.4090917,0,-1,0.4090917,0,-1,0.40673643,0,-1,0.4090917,0,-1,0.4090917,0,1,0.4319583,0,1,0.4319583,0,1,0.4319583,0,1,0.4319583,0,1,0.4319583,1,-1,0.4090917,0,-1,0.4090917,0,1,0.4319583,0,-1,0.40673643,0,1,0.4319583,0,-1,0.40804312,0,-1,0.40804312,0,-1,0.40637144,0,-1,0.40637144,0,1,0.41313738,0,1,0.41313738,0,-1,0.40808892,0,-1,0.40808892,0,-1,0.4029319,0,-1,0.4029319,0,-1,0.41032887,0,-1,0.41032887,0,-1,0.40673643,0,-1,0.40306574,0,-1,0.40306574,0,-1,0.40673643,0,1,0.41435635,0,1,0.41435635,0,1,0.41435635,0,-1,0.40673643,0,1,0.44198927,0,1,0.44198927,0,1,0.44198927,0,1,0.44198927,0,1,0.44198927,0,1,0.44198927,0,-1,0.40449557,0,-1,0.40449557,1,-1,0.40449557,1,-1,0.40449557,1,-1,0.40449557,1,-1,0.40449557,1,-1,0.40449557,1,-1,0.40449557,0,-1,0.40449557,1,-1,0.40449557,0,-1,0.40449557,1,-1,0.40449557,1,1,0.42496744,0,1,0.42496744,0,1,0.42496744,0,1,0.42496744,0,1,0.42496744,0,1,0.42496744,0,-1,0.40716863,0,-1,0.40716863,0,-1,0.4071686,0,1,0.4143563,0,1,0.41435635,0,1,0.41435635,0,1,0.41435635,0,-1,0.40818453,0,-1,0.40818453,0,-1,0.40818453,0,-1,0.4083552,0,-1,0.4083552,0,-1,0.4083552,0
     312,  95.89%,0.48951048951048953,0,0.5897882,0,0,0.5897882,0,0,0.5897882,0,0,0.586535,0,0,0.5897882,0,0,0.5897882,0,0,0.5751612,0,0,0.5751612,0,0,0.5751612,0,0,0.5751612,0,0,0.5751612,0,0,0.5897882,0,0,0.5897882,0,0,0.5751612,0,0,0.586535,0,0,0.5751612,0,0,0.5837902,0,0,0.5837902,0,0,0.5794293,0,0,0.5794293,0,0,0.65083104,0,0,0.65083104,0,0,0.58567417,0,0,0.58567417,0,0,0.5941409,0,0,0.5941409,0,0,0.5717074,0,0,0.5717074,0,0,0.586535,0,0,0.59002477,0,0,0.59002477,0,0,0.586535,0,0,0.6492845,0,0,0.6492845,0,0,0.6492845,0,0,0.586535,0,0,0.5638132,0,0,0.5638132,0,0,0.5638132,0,0,0.5638132,0,0,0.5638132,0,0,0.5638132,0,0,0.5775607,0,0,0.5775607,0,0,0.5775607,0,0,0.5775607,1,0,0.5775607,1,0,0.5775607,0,0,0.5775607,0,0,0.5775607,0,0,0.5775607,0,0,0.5775607,0,0,0.5775607,0,0,0.5775607,1,0,0.59915245,0,0,0.59915245,0,0,0.59915245,0,0,0.59915245,0,0,0.59915245,0,0,0.59915245,0,0,0.5859154,0,0,0.5859154,0,0,0.5859154,0,0,0.6492844,0,0,0.6492845,0,0,0.6492845,0,0,0.6492845,0,0,0.58902884,0,0,0.58902884,0,0,0.58902884,0,0,0.5851424,0,0,0.5851424,0,0,0.5851424,0
     313,   4.11%,0.039473684210526314,1,0.5828058,0,1,0.5828058,0,1,0.5828058,0,1,0.586749,0,1,0.5828058,0,1,0.5828058,0,1,0.6776323,0,1,0.6776323,0,1,0.6776323,0,1,0.6776323,0,1,0.6776323,0,1,0.5828058,0,1,0.5828058,0,1,0.6776323,0,1,0.586749,0,1,0.6776323,0,1,0.5880393,0,1,0.5880393,0,1,0.58879626,0,1,0.58879626,0,1,0.6680908,0,1,0.6680908,0,1,0.5862959,0,1,0.5862959,0,1,0.58873534,0,1,0.58873534,0,1,0.59020567,0,1,0.59020567,0,1,0.586749,0,1,0.58964336,0,1,0.58964336,0,1,0.586749,0,1,0.67479813,0,1,0.67479813,0,1,0.67479813,0,1,0.586749,0,1,0.6812115,0,1,0.6812115,0,1,0.6812115,0,1,0.6812115,0,1,0.6812115,0,1,0.6812115,0,1,0.5925099,0,1,0.5925099,0,1,0.5925099,0,1,0.5925099,1,1,0.5925099,1,1,0.5925099,0,1,0.5925099,0,1,0.5925099,0,1,0.5925099,0,1,0.5925099,0,1,0.5925099,0,1,0.5925099,1,1,0.675295,0,1,0.675295,0,1,0.675295,0,1,0.675295,0,1,0.675295,0,1,0.675295,0,1,0.58888084,0,1,0.58888084,0,1,0.5888808,0,1,0.67479813,0,1,0.67479813,0,1,0.67479813,0,1,0.67479813,0,1,0.58520514,0,1,0.58520514,0,1,0.58520514,0,1,0.58785266,0,1,0.58785266,0,1,0.58785266,0
     314,  15.07%,0.14280303030303032,1,0.4411587,0,1,0.4411587,0,1,0.4411587,0,1,0.44830823,0,1,0.4411587,0,1,0.4411587,0,1,0.50791526,0,1,0.50791526,0,1,0.50791526,0,1,0.50791526,0,1,0.50791526,0,1,0.4411587,0,1,0.4411587,0,1,0.50791526,0,1,0.44830823,0,1,0.50791526,0,1,0.44898972,0,1,0.44898972,0,1,0.45420012,0,1,0.45420012,0,0,0.5269129,0,0,0.5269129,0,1,0.44564423,0,1,0.44564423,0,1,0.44540897,0,1,0.44540897,0,1,0.45527807,0,1,0.45527807,0,1,0.44830823,0,1,0.45219266,0,1,0.4521927,0,1,0.44830826,0,0,0.53022957,0,0,0.53022957,0,0,0.53022957,0,1,0.44830823,0,1,0.5212617,0,1,0.5212617,0,1,0.5212617,0,1,0.5212617,0,1,0.5212617,0,1,0.5212617,0,1,0.45751366,0,1,0.45751366,0,1,0.45751366,0,1,0.45751366,1,1,0.45751366,1,1,0.45751366,0,1,0.45751366,0,1,0.45751366,0,1,0.45751366,0,1,0.45751366,0,1,0.45751366,0,1,0.45751366,0,1,0.49305955,0,1,0.49305955,0,1,0.49305955,0,1,0.49305955,0,1,0.49305955,0,1,0.49305955,0,1,0.4501036,0,1,0.4501036,0,1,0.4501036,0,0,0.5302296,0,0,0.53022957,0,0,0.53022957,0,0,0.53022957,0,1,0.44316894,0,1,0.44316894,0,1,0.44316894,0,1,0.44646484,0,1,0.44646484,0,1,0.44646484,0
     315,  21.92%,0.1198501872659176,1,0.39435622,0,1,0.39435622,0,1,0.39435622,0,1,0.39901713,0,1,0.39435622,0,1,0.39435622,0,1,0.55494815,0,1,0.55494815,0,1,0.55494815,0,1,0.55494815,0,1,0.55494815,0,1,0.39435622,0,1,0.39435622,0,1,0.55494815,0,1,0.39901713,0,1,0.55494815,0,1,0.39858365,0,1,0.39858365,0,1,0.4026471,0,1,0.4026471,0,1,0.5017938,0,1,0.5017938,0,1,0.39792353,0,1,0.39792353,0,1,0.40233824,0,1,0.40233824,0,1,0.39974383,0,1,0.39974383,0,1,0.39901713,0,1,0.40365994,0,1,0.40366,0,1,0.39901713,0,1,0.49776885,0,1,0.49776885,0,1,0.49776885,0,1,0.39901713,0,1,0.5740949,1,1,0.5740949,1,1,0.5740949,1,1,0.5740949,1,1,0.5740949,0,1,0.5740949,0,1,0.40650523,1,1,0.40650523,1,1,0.40650523,1,1,0.40650523,1,1,0.40650523,1,1,0.40650523,1,1,0.40650523,1,1,0.40650523,1,1,0.40650523,1,1,0.40650523,1,1,0.40650523,1,1,0.40650523,1,1,0.54882765,0,1,0.54882765,0,1,0.54882765,0,1,0.54882765,0,1,0.54882765,0,1,0.54882765,0,1,0.40316173,0,1,0.40316173,0,1,0.40316173,0,1,0.49776885,-1,1,0.49776885,-1,1,0.49776885,-1,1,0.49776885,-1,1,0.39770675,0,1,0.39770675,0,1,0.39770675,0,1,0.39931202,0,1,0.39931202,0,1,0.39931202,0
     316,  21.92%,0.1198501872659176,1,0.59594285,1,1,0.59594285,0,1,0.59594285,1,1,0.59780055,0,1,0.59594285,1,1,0.59594285,1,1,0.55530334,1,1,0.55530334,1,1,0.55530334,1,1,0.55530334,1,1,0.55530334,1,1,0.59594285,1,1,0.59594285,0,1,0.55530334,1,1,0.59780055,0,1,0.55530334,0,1,0.5970676,0,1,0.5970676,0,1,0.6020947,1,1,0.6020947,1,1,0.5223866,1,1,0.5223866,0,1,0.5935252,0,1,0.5935252,0,1,0.5914472,0,1,0.5914472,0,1,0.59948134,0,1,0.59948134,0,1,0.59780055,0,1,0.59822416,0,1,0.5982242,0,1,0.59780055,0,1,0.51878387,0,1,0.51878387,1,1,0.51878387,0,1,0.59780055,0,1,0.5499595,1,1,0.5499595,0,1,0.5499595,0,1,0.5499595,0,1,0.5499595,0,1,0.5499595,0,1,0.6000774,-1,1,0.6000774,-1,1,0.6000774,-1,1,0.6000774,-1,1,0.6000774,-1,1,0.6000774,-1,1,0.6000774,-1,1,0.6000774,-1,1,0.6000774,-1,1,0.6000774,-1,1,0.6000774,-1,1,0.6000774,-1,1,0.5484939,0,1,0.5484939,0,1,0.5484939,0,1,0.5484939,0,1,0.5484939,0,1,0.5484939,-1,1,0.5968084,-1,1,0.5968084,-1,1,0.5968084,-1,1,0.5187838,0,1,0.51878387,0,1,0.51878387,0,1,0.51878387,0,1,0.5961145,0,1,0.5961145,0,1,0.5961145,0,1,0.59265375,0,1,0.59265375,0,1,0.59265375,0
     317,  56.16%,0.23976608187134504,1,0.44057631,-1,1,0.44057631,-1,1,0.44057631,-1,1,0.44280747,0,1,0.44057631,-1,1,0.44057631,-1,1,0.5910408,-1,1,0.5910408,0,1,0.5910408,0,1,0.5910408,-1,1,0.5910408,-1,1,0.44057631,-1,1,0.44057631,-1,1,0.5910408,-1,1,0.44280747,0,1,0.5910408,-1,1,0.44293314,1,1,0.44293314,1,1,0.4476866,1,1,0.4476866,1,1,0.5816228,1,1,0.5816228,1,1,0.4422727,1,1,0.4422727,1,1,0.43847603,1,1,0.43847603,1,1,0.44692394,-1,1,0.44692394,-1,1,0.44280747,0,1,0.44255865,-1,1,0.44255865,-1,1,0.44280747,0,1,0.58293426,1,1,0.58293426,1,1,0.58293426,1,1,0.44280747,0,1,0.6023469,1,1,0.6023469,1,1,0.6023469,1,1,0.6023469,1,1,0.6023469,0,1,0.6023469,1,1,0.44709846,1,1,0.44709846,1,1,0.44709846,1,1,0.44709846,1,1,0.44709846,1,1,0.44709846,1,1,0.44709846,1,1,0.44709846,1,1,0.44709846,1,1,0.44709846,1,1,0.44709846,1,1,0.44709846,1,1,0.589862,1,1,0.589862,1,1,0.589862,1,1,0.589862,1,1,0.589862,1,1,0.589862,1,1,0.44439724,1,1,0.44439724,1,1,0.44439724,1,1,0.58293426,0,1,0.58293426,0,1,0.58293426,0,1,0.58293426,0,1,0.44093916,0,1,0.44093916,0,1,0.44093916,0,1,0.4432929,1,1,0.4432929,1,1,0.4432929,0
     318,  97.26%,0.3287037037037037,0,0.9918262,0,0,0.9918262,0,0,0.9918262,0,0,0.99208015,0,0,0.9918262,-1,0,0.9918262,0,0,0.99865043,0,0,0.99865043,0,0,0.99865043,0,0,0.99865043,0,0,0.99865043,1,0,0.9918262,0,0,0.9918262,0,0,0.99865043,0,0,0.99208015,0,0,0.99865043,0,0,0.99248105,0,0,0.99248105,0,0,0.9916542,0,0,0.9916542,0,0,0.99878836,0,0,0.99878836,0,0,0.99221426,0,0,0.99221426,0,0,0.9920353,0,0,0.9920353,0,0,0.99276686,0,0,0.99276686,0,0,0.99208015,0,0,0.99211794,0,0,0.99211794,0,0,0.99208015,0,0,0.9990718,0,0,0.9990718,0,0,0.9990718,0,0,0.99208015,0,0,0.9987132,0,0,0.9987132,0,0,0.9987132,0,0,0.9987132,0,0,0.9987132,0,0,0.9987132,0,0,0.9927232,0,0,0.9927232,0,0,0.9927232,0,0,0.9927232,0,0,0.9927232,0,0,0.9927232,0,0,0.9927232,0,0,0.9927232,0,0,0.9927232,0,0,0.9927232,0,0,0.9927232,0,0,0.9927232,0,0,0.9988451,0,0,0.9988451,0,0,0.9988451,0,0,0.9988451,0,0,0.9988451,0,0,0.9988451,0,0,0.9918945,0,0,0.9918945,0,0,0.9918945,0,0,0.9990718,0,0,0.9990718,0,0,0.9990718,0,0,0.9990718,0,0,0.99190843,0,0,0.99190843,0,0,0.99190843,0,0,0.9924494,0,0,0.9924494,0,0,0.9924494,0
     319,  39.73%,0.1895424836601307,1,0.46556592,0,1,0.46556592,0,1,0.46556592,1,1,0.46505287,0,1,0.46556592,0,1,0.46556592,1,1,0.5895663,0,1,0.5895663,0,1,0.5895663,1,1,0.5895663,0,1,0.5895663,1,1,0.46556592,1,1,0.46556592,-1,1,0.5895663,1,1,0.46505287,0,1,0.5895663,-1,1,0.46591547,0,1,0.46591547,0,1,0.46758136,1,1,0.46758136,1,1,0.58497334,1,1,0.58497334,1,1,0.46292353,0,1,0.46292353,0,1,0.4607618,1,1,0.4607618,0,1,0.47264108,0,1,0.47264108,0,1,0.46505287,0,1,0.4628892,0,1,0.4628892,0,1,0.46505287,0,1,0.58980507,0,1,0.58980507,1,1,0.58980507,0,1,0.46505287,0,1,0.5873641,1,1,0.5873641,1,1,0.5873641,1,1,0.5873641,1,1,0.5873641,0,1,0.5873641,1,1,0.4756076,1,1,0.4756076,1,1,0.4756076,1,1,0.4756076,1,1,0.4756076,1,1,0.4756076,1,1,0.4756076,1,1,0.4756076,1,1,0.4756076,1,1,0.4756076,1,1,0.4756076,1,1,0.4756076,1,1,0.59379166,0,1,0.59379166,0,1,0.59379166,0,1,0.59379166,0,1,0.59379166,0,1,0.59379166,0,1,0.46210665,0,1,0.46210665,0,1,0.46210665,0,1,0.58980507,0,1,0.58980507,0,1,0.58980507,0,1,0.58980507,0,1,0.4638913,0,1,0.4638913,0,1,0.4638913,0,1,0.46201733,0,1,0.46201733,0,1,0.46201733,0
     320, 100.00%,1.0,0,0.48965433,0,0,0.48965433,0,0,0.48965433,0,0,0.4921701,0,0,0.48965433,0,0,0.48965433,0,0,0.59387213,0,0,0.59387213,0,0,0.59387213,0,0,0.59387213,0,0,0.59387213,0,0,0.48965433,0,0,0.48965433,0,0,0.59387213,0,0,0.4921701,0,0,0.59387213,0,0,0.4930582,0,0,0.4930582,0,0,0.49208894,0,0,0.49208894,0,0,0.6108203,0,0,0.6108203,0,0,0.4894685,0,0,0.4894685,0,0,0.49167764,0,0,0.49167764,0,0,0.4899278,0,0,0.4899278,0,0,0.4921701,0,0,0.49659762,0,0,0.49659762,0,0,0.49217007,0,0,0.61648846,0,0,0.61648846,0,0,0.61648846,0,0,0.4921701,0,0,0.6096223,0,0,0.6096223,0,0,0.6096223,0,0,0.6096223,0,0,0.6096223,0,0,0.6096223,0,0,0.4951482,0,0,0.4951482,0,0,0.4951482,0,0,0.4951482,0,0,0.4951482,0,0,0.4951482,0,0,0.4951482,0,0,0.4951482,0,0,0.4951482,0,0,0.4951482,0,0,0.4951482,0,0,0.4951482,0,0,0.6147977,0,0,0.6147977,0,0,0.6147977,0,0,0.6147977,0,0,0.6147977,0,0,0.6147977,0,0,0.48961222,0,0,0.48961222,0,0,0.48961228,0,0,0.6164885,0,0,0.61648846,0,0,0.61648846,0,0,0.61648846,0,0,0.48882923,0,0,0.48882923,0,0,0.48882923,0,0,0.4898543,0,0,0.4898543,0,0,0.4898543,0
     321,  13.70%,0.11695906432748537,-1,0.54611325,0,-1,0.54611325,0,-1,0.54611325,0,-1,0.54161555,0,-1,0.54611325,0,-1,0.54611325,0,1,0.45697358,0,1,0.45697358,0,1,0.45697358,0,1,0.45697358,0,1,0.45697358,0,-1,0.54611325,0,-1,0.54611325,0,1,0.45697358,0,-1,0.54161555,0,1,0.45697358,0,-1,0.5379297,0,-1,0.5379297,0,-1,0.5403157,-1,-1,0.5403157,-1,1,0.44972074,-1,1,0.44972074,-1,-1,0.5431665,-1,-1,0.5431665,-1,-1,0.5474536,-1,-1,0.5474536,-1,-1,0.5292356,-1,-1,0.5292356,-1,-1,0.54161555,0,-1,0.54021925,-1,-1,0.54021925,-1,-1,0.5416155,0,1,0.4644409,0,1,0.4644409,0,1,0.4644409,0,-1,0.54161555,0,1,0.4585639,0,1,0.4585639,0,1,0.4585639,0,1,0.4585639,0,1,0.4585639,0,1,0.4585639,0,-1,0.5275849,0,-1,0.5275849,0,-1,0.5275849,0,-1,0.5275849,0,-1,0.5275849,0,-1,0.5275849,0,-1,0.5275849,0,-1,0.5275849,0,-1,0.5275849,0,-1,0.5275849,0,-1,0.5275849,0,-1,0.5275849,0,1,0.4517692,0,1,0.4517692,0,1,0.4517692,0,1,0.4517692,0,1,0.4517692,0,1,0.4517692,0,-1,0.5441503,0,-1,0.5441503,0,-1,0.5441503,0,1,0.4644409,0,1,0.4644409,0,1,0.4644409,0,1,0.4644409,0,-1,0.54663247,0,-1,0.54663247,0,-1,0.54663247,0,-1,0.54261893,0,-1,0.54261893,0,-1,0.54261893,0
     322, 100.00%,1.0,0,0.63068485,0,0,0.63068485,0,0,0.63068485,0,0,0.62897956,0,0,0.63068485,0,0,0.63068485,0,0,0.7358976,0,0,0.7358976,0,0,0.7358976,0,0,0.7358976,0,0,0.7358976,0,0,0.63068485,0,0,0.63068485,0,0,0.7358976,0,0,0.62897956,0,0,0.7358976,0,0,0.62926996,0,0,0.62926996,0,0,0.6230026,0,0,0.6230026,0,0,0.7918562,0,0,0.7918562,0,0,0.63053477,0,0,0.63053477,0,0,0.63720554,0,0,0.63720554,0,0,0.62244844,0,0,0.62244844,0,0,0.62897956,0,0,0.6324327,0,0,0.63243264,0,0,0.62897956,0,0,0.7936922,0,0,0.7936922,0,0,0.7936922,0,0,0.62897956,0,0,0.7363575,0,0,0.7363575,0,0,0.7363575,0,0,0.7363575,0,0,0.7363575,0,0,0.7363575,0,0,0.6274161,0,0,0.6274161,0,0,0.6274161,0,0,0.6274161,0,0,0.6274161,0,0,0.6274161,0,0,0.6274161,0,0,0.6274161,0,0,0.6274161,0,0,0.6274161,0,0,0.6274161,0,0,0.6274161,0,0,0.75416976,0,0,0.75416976,0,0,0.75416976,0,0,0.75416976,0,0,0.75416976,0,0,0.75416976,0,0,0.6284294,0,0,0.6284294,0,0,0.6284294,0,0,0.79369223,0,0,0.7936922,0,0,0.7936922,0,0,0.7936922,0,0,0.6297265,0,0,0.6297265,0,0,0.6297265,0,0,0.63103193,0,0,0.63103193,0,0,0.63103193,0
     323,   4.11%,0.04,-1,0.53932315,0,-1,0.53932315,0,-1,0.53932315,1,-1,0.5402874,0,-1,0.53932315,0,-1,0.53932315,0,1,0.43615797,0,1,0.43615797,0,1,0.43615797,0,1,0.43615797,0,1,0.43615797,0,-1,0.53932315,0,-1,0.53932315,0,1,0.43615797,0,-1,0.5402874,0,1,0.43615797,0,-1,0.5398824,0,-1,0.5398824,0,-1,0.54107887,0,-1,0.54107887,-1,1,0.4040637,-1,1,0.4040637,-1,-1,0.54178405,0,-1,0.54178405,0,-1,0.5407389,0,-1,0.5407389,0,-1,0.53952885,-1,-1,0.53952885,-1,-1,0.5402874,0,-1,0.54080844,0,-1,0.54080844,0,-1,0.5402874,0,1,0.4016585,0,1,0.4016585,0,1,0.4016585,0,-1,0.5402874,0,1,0.46042636,0,1,0.46042636,0,1,0.46042636,0,1,0.46042636,0,1,0.46042636,0,1,0.46042636,0,-1,0.5360636,0,-1,0.5360636,0,-1,0.5360636,0,-1,0.5360636,0,-1,0.5360636,0,-1,0.5360636,0,-1,0.5360636,0,-1,0.5360636,0,-1,0.5360636,0,-1,0.5360636,0,-1,0.5360636,0,-1,0.5360636,0,1,0.44218853,0,1,0.44218853,0,1,0.44218853,0,1,0.44218853,0,1,0.44218853,0,1,0.44218853,0,-1,0.5403176,0,-1,0.5403176,0,-1,0.5403176,0,1,0.4016585,0,1,0.4016585,0,1,0.4016585,0,1,0.4016585,0,-1,0.5381852,0,-1,0.5381852,0,-1,0.5381852,0,-1,0.54099846,0,-1,0.54099846,0,-1,0.54099846,0
     324,   0.00%,0.0,-1,0.5210271,0,-1,0.5210271,0,-1,0.5210271,1,-1,0.52098125,0,-1,0.5210271,0,-1,0.5210271,0,1,0.53698593,0,1,0.53698593,0,1,0.53698593,0,1,0.53698593,0,1,0.53698593,0,-1,0.5210271,0,-1,0.5210271,0,1,0.53698593,0,-1,0.52098125,0,1,0.53698593,0,-1,0.5180268,0,-1,0.5180268,0,-1,0.5213302,0,-1,0.5213302,0,1,0.49915764,0,1,0.49915764,0,-1,0.52214736,0,-1,0.52214736,0,-1,0.5249599,0,-1,0.5249599,0,-1,0.5112471,0,-1,0.5112471,0,-1,0.52098125,0,-1,0.5218152,0,-1,0.52181524,0,-1,0.52098125,0,1,0.50360626,0,1,0.50360626,0,1,0.50360626,0,-1,0.52098125,0,1,0.56654936,0,1,0.56654936,0,1,0.56654936,0,1,0.56654936,0,1,0.56654936,0,1,0.56654936,0,-1,0.50755465,0,-1,0.50755465,0,-1,0.50755465,0,-1,0.50755465,0,-1,0.50755465,0,-1,0.50755465,0,-1,0.50755465,0,-1,0.50755465,0,-1,0.50755465,0,-1,0.50755465,0,-1,0.50755465,0,-1,0.50755465,0,1,0.54607546,0,1,0.54607546,0,1,0.54607546,0,1,0.54607546,0,1,0.54607546,0,1,0.54607546,0,-1,0.524994,0,-1,0.524994,0,-1,0.524994,0,1,0.5036063,0,1,0.5036062,0,1,0.5036062,0,1,0.5036062,0,-1,0.52318174,0,-1,0.52318174,0,-1,0.52318174,0,-1,0.52272594,0,-1,0.52272594,0,-1,0.52272594,0
     325,   5.48%,0.07103174603174603,-1,0.43965882,0,-1,0.43965882,0,-1,0.43965882,1,-1,0.43512696,0,-1,0.43965882,0,-1,0.43965882,1,1,0.5136721,0,1,0.5136721,0,1,0.5136721,1,1,0.5136721,0,1,0.5136721,1,-1,0.43965882,1,-1,0.43965882,1,1,0.5136721,1,-1,0.43512696,0,1,0.5136721,0,-1,0.43254703,0,-1,0.43254703,0,-1,0.43197682,0,-1,0.43197682,0,1,0.48144507,-1,1,0.48144507,-1,-1,0.4383385,0,-1,0.4383385,0,-1,0.43945077,0,-1,0.43945077,0,-1,0.43216214,0,-1,0.43216214,-1,-1,0.43512696,0,-1,0.4309518,0,-1,0.4309518,0,-1,0.43512693,0,1,0.47254047,0,1,0.47254047,0,1,0.47254047,0,-1,0.43512696,0,1,0.5366132,0,1,0.5366132,0,1,0.5366132,0,1,0.5366132,0,1,0.5366132,0,1,0.5366132,0,-1,0.4277989,0,-1,0.4277989,0,-1,0.4277989,0,-1,0.4277989,0,-1,0.4277989,0,-1,0.4277989,0,-1,0.4277989,0,-1,0.4277989,0,-1,0.4277989,0,-1,0.4277989,0,-1,0.4277989,0,-1,0.4277989,0,1,0.5201475,0,1,0.5201475,0,1,0.5201475,0,1,0.5201475,0,1,0.5201475,0,1,0.5201475,0,-1,0.43620923,0,-1,0.43620923,0,-1,0.43620923,0,1,0.47254044,0,1,0.47254047,0,1,0.47254047,0,1,0.47254047,0,-1,0.4383522,0,-1,0.4383522,0,-1,0.4383522,0,-1,0.43800744,0,-1,0.43800744,0,-1,0.43800744,0
     326,   0.00%,0.0,-1,0.47304803,0,-1,0.47304803,0,-1,0.47304803,0,-1,0.47097406,0,-1,0.47304803,0,-1,0.47304803,1,1,0.41293636,0,1,0.41293636,0,1,0.41293636,0,1,0.41293636,0,1,0.41293636,0,-1,0.47304803,0,-1,0.47304803,0,1,0.41293636,0,-1,0.47097406,0,1,0.41293636,0,-1,0.46936736,0,-1,0.46936736,0,-1,0.4715229,0,-1,0.4715229,0,1,0.3702338,0,1,0.3702338,0,-1,0.47290203,0,-1,0.47290203,0,-1,0.47169822,0,-1,0.47169822,0,-1,0.4719644,0,-1,0.4719644,0,-1,0.47097406,0,-1,0.46733174,0,-1,0.46733174,0,-1,0.47097406,0,1,0.36531585,0,1,0.36531585,0,1,0.36531585,0,-1,0.47097406,0,1,0.4261432,0,1,0.4261432,0,1,0.4261432,0,1,0.4261432,0,1,0.4261432,0,1,0.4261432,0,-1,0.46680912,0,-1,0.46680912,0,-1,0.46680912,0,-1,0.46680912,0,-1,0.46680912,0,-1,0.46680912,0,-1,0.46680912,0,-1,0.46680912,0,-1,0.46680912,0,-1,0.46680912,0,-1,0.46680912,0,-1,0.46680912,0,1,0.40225753,0,1,0.40225753,0,1,0.40225753,0,1,0.40225753,0,1,0.40225753,0,1,0.40225753,0,-1,0.47243598,0,-1,0.47243598,0,-1,0.47243604,0,1,0.36531585,0,1,0.36531585,0,1,0.36531585,0,1,0.36531585,0,-1,0.47287816,0,-1,0.47287816,0,-1,0.47287816,0,-1,0.47288573,0,-1,0.47288573,0,-1,0.47288573,0
     327,   1.37%,0.009009009009009009,1,0.41913304,0,1,0.41913304,0,1,0.41913304,0,1,0.42258346,0,1,0.41913304,0,1,0.41913304,1,1,0.5875192,0,1,0.5875192,0,1,0.5875192,0,1,0.5875192,0,1,0.5875192,0,1,0.41913304,0,1,0.41913304,0,1,0.5875192,0,1,0.42258346,0,1,0.5875192,0,1,0.42264158,0,1,0.42264158,-1,1,0.42235377,-1,1,0.42235377,-1,1,0.5961488,-1,1,0.5961488,-1,1,0.42186603,-1,1,0.42186603,-1,1,0.42295483,-1,1,0.42295483,-1,1,0.41954786,-1,1,0.41954786,-1,1,0.42258346,0,1,0.42756623,-1,1,0.4275662,-1,1,0.4225835,0,1,0.5864804,0,1,0.5864804,0,1,0.5864804,0,1,0.42258346,0,1,0.5920936,0,1,0.5920936,0,1,0.5920936,0,1,0.5920936,0,1,0.5920936,0,1,0.5920936,0,1,0.4253929,0,1,0.4253929,0,1,0.4253929,0,1,0.4253929,0,1,0.4253929,0,1,0.4253929,0,1,0.4253929,0,1,0.4253929,0,1,0.4253929,0,1,0.4253929,0,1,0.4253929,0,1,0.4253929,0,1,0.59217477,0,1,0.59217477,0,1,0.59217477,0,1,0.59217477,0,1,0.59217477,0,1,0.59217477,0,1,0.42312428,0,1,0.42312428,0,1,0.42312434,0,1,0.5864804,0,1,0.5864804,0,1,0.5864804,0,1,0.5864804,0,1,0.41930822,0,1,0.41930822,0,1,0.41930822,0,1,0.42144462,0,1,0.42144462,0,1,0.42144462,0
     328,  94.52%,0.4859154929577465,0,0.97137904,0,0,0.97137904,0,0,0.97137904,0,0,0.9718428,0,0,0.97137904,0,0,0.97137904,0,0,0.9752996,0,0,0.9752996,0,0,0.9752996,0,0,0.9752996,0,0,0.9752996,0,0,0.97137904,0,0,0.97137904,0,0,0.9752996,0,0,0.9718428,0,0,0.9752996,0,0,0.9728007,0,0,0.9728007,0,0,0.9678175,0,0,0.9678175,-1,0,0.97524387,-1,0,0.97524387,-1,0,0.9722319,0,0,0.9722319,0,0,0.9733375,0,0,0.9733375,0,0,0.970582,0,0,0.970582,-1,0,0.9718428,0,0,0.97261816,0,0,0.97261816,0,0,0.9718428,0,0,0.9783922,0,0,0.9783922,0,0,0.9783922,0,0,0.9718428,0,0,0.9760846,0,0,0.9760846,0,0,0.9760846,0,0,0.9760846,0,0,0.9760846,0,0,0.9760846,0,0,0.97018594,0,0,0.97018594,0,0,0.97018594,0,0,0.97018594,0,0,0.97018594,0,0,0.97018594,0,0,0.97018594,0,0,0.97018594,0,0,0.97018594,0,0,0.97018594,0,0,0.97018594,0,0,0.97018594,0,0,0.9780257,0,0,0.9780257,0,0,0.9780257,0,0,0.9780257,0,0,0.9780257,0,0,0.9780257,0,0,0.9720117,0,0,0.9720117,0,0,0.9720117,0,0,0.9783922,0,0,0.9783922,0,0,0.9783922,0,0,0.9783922,0,0,0.9726738,0,0,0.9726738,0,0,0.9726738,0,0,0.97280663,0,0,0.97280663,0,0,0.97280663,0
     329,  90.41%,0.4748201438848921,0,0.9941018,0,0,0.9941018,0,0,0.9941018,1,0,0.9940249,0,0,0.9941018,1,0,0.9941018,1,0,0.99179286,1,0,0.99179286,0,0,0.99179286,1,0,0.99179286,1,0,0.99179286,1,0,0.9941018,0,0,0.9941018,0,0,0.99179286,0,0,0.9940249,0,0,0.99179286,0,0,0.99421155,0,0,0.99421155,0,0,0.9931298,0,0,0.9931298,0,0,0.99304146,0,0,0.99304146,0,0,0.9944121,0,0,0.9944121,0,0,0.9947847,0,0,0.9947847,0,0,0.9935007,0,0,0.9935007,0,0,0.9940249,0,0,0.9942903,0,0,0.9942903,0,0,0.9940249,0,0,0.9934735,0,0,0.9934735,0,0,0.9934735,0,0,0.9940249,0,0,0.9911267,0,0,0.9911267,0,0,0.9911267,0,0,0.9911267,0,0,0.9911267,0,0,0.9911267,0,0,0.9935815,0,0,0.9935815,0,0,0.9935815,0,0,0.9935815,0,0,0.9935815,0,0,0.9935815,0,0,0.9935815,0,0,0.9935815,0,0,0.9935815,0,0,0.9935815,0,0,0.9935815,0,0,0.9935815,0,0,0.99247843,0,0,0.99247843,0,0,0.99247843,0,0,0.99247843,0,0,0.99247843,0,0,0.99247843,0,0,0.99411166,0,0,0.99411166,0,0,0.99411166,0,0,0.9934735,0,0,0.9934735,0,0,0.9934735,0,0,0.9934735,0,0,0.9941365,0,0,0.9941365,0,0,0.9941365,0,0,0.99459195,0,0,0.99459195,0,0,0.99459195,0
     330,   2.74%,0.027210884353741496,-1,0.4878286,0,-1,0.4878286,0,-1,0.4878286,0,-1,0.47868836,0,-1,0.4878286,-1,-1,0.4878286,0,1,0.39464495,0,1,0.39464495,0,1,0.39464495,-1,1,0.39464495,-1,1,0.39464495,0,-1,0.4878286,0,-1,0.4878286,0,1,0.39464495,0,-1,0.47868836,0,1,0.39464495,0,-1,0.47705096,0,-1,0.47705096,0,-1,0.47716275,0,-1,0.47716275,0,1,0.37973005,0,1,0.37973005,0,-1,0.48171452,0,-1,0.48171452,0,-1,0.4780269,0,-1,0.4780269,0,-1,0.47750852,0,-1,0.47750852,0,-1,0.47868836,0,-1,0.47180954,0,-1,0.47180954,0,-1,0.4786883,0,1,0.3816516,0,1,0.3816516,0,1,0.3816516,0,-1,0.47868836,0,1,0.40925685,0,1,0.40925685,0,1,0.40925685,0,1,0.40925685,0,1,0.40925685,0,1,0.40925685,0,-1,0.47324023,0,-1,0.47324023,0,-1,0.47324023,0,-1,0.47324023,0,-1,0.47324023,0,-1,0.47324023,0,-1,0.47324023,0,-1,0.47324023,-1,-1,0.47324023,0,-1,0.47324023,0,-1,0.47324023,0,-1,0.47324023,0,1,0.39414203,0,1,0.39414203,0,1,0.39414203,0,1,0.39414203,0,1,0.39414203,0,1,0.39414203,0,-1,0.4786896,0,-1,0.4786896,0,-1,0.4786896,0,1,0.3816516,0,1,0.3816516,0,1,0.3816516,0,1,0.3816516,0,-1,0.48334843,0,-1,0.48334843,0,-1,0.48334843,0,-1,0.48051998,0,-1,0.48051998,0,-1,0.48051998,0
     331,  17.81%,0.15854700854700857,-1,0.4474552,0,-1,0.4474552,0,-1,0.4474552,1,-1,0.4365571,0,-1,0.4474552,1,-1,0.4474552,1,1,0.4588214,0,1,0.4588214,0,1,0.4588214,1,1,0.4588214,0,1,0.4588214,0,-1,0.4474552,1,-1,0.4474552,0,1,0.4588214,0,-1,0.4365571,0,1,0.4588214,0,-1,0.4301223,0,-1,0.4301223,-1,-1,0.4350679,0,-1,0.4350679,0,0,0.41166905,-1,0,0.41166905,-1,-1,0.44145554,0,-1,0.44145554,-1,-1,0.44346604,0,-1,0.44346604,0,-1,0.42699164,-1,-1,0.42699164,-1,-1,0.4365571,0,-1,0.42969286,0,-1,0.42969292,-1,-1,0.43655714,0,0,0.4260709,0,0,0.4260709,0,0,0.4260709,0,-1,0.4365571,0,1,0.4694366,0,1,0.4694366,0,1,0.4694366,0,1,0.4694366,0,1,0.4694366,0,1,0.4694366,0,-1,0.42428926,0,-1,0.42428926,0,-1,0.42428926,0,-1,0.42428926,0,-1,0.42428926,0,-1,0.42428926,0,-1,0.42428926,0,-1,0.42428926,0,-1,0.42428926,0,-1,0.42428926,0,-1,0.42428926,0,-1,0.42428926,0,1,0.4427153,0,1,0.4427153,0,1,0.4427153,0,1,0.4427153,0,1,0.4427153,0,1,0.4427153,0,-1,0.44067588,0,-1,0.44067588,0,-1,0.44067582,0,0,0.42607087,0,0,0.4260709,0,0,0.4260709,0,0,0.4260709,0,-1,0.44420168,0,-1,0.44420168,0,-1,0.44420168,0,-1,0.4400456,0,-1,0.4400456,0,-1,0.4400456,0
     332,   0.00%,0.0,-1,0.58956677,0,-1,0.58956677,0,-1,0.58956677,0,-1,0.5804046,0,-1,0.58956677,0,-1,0.58956677,0,1,0.39643082,0,1,0.39643082,0,1,0.39643082,0,1,0.39643082,-1,1,0.39643082,0,-1,0.58956677,0,-1,0.58956677,0,1,0.39643082,0,-1,0.5804046,0,1,0.39643082,0,-1,0.57758087,0,-1,0.57758087,0,-1,0.57800066,0,-1,0.57800066,0,1,0.37462428,0,1,0.37462428,0,-1,0.58441395,0,-1,0.58441395,0,-1,0.58288705,0,-1,0.58288705,0,-1,0.5690714,0,-1,0.5690714,0,-1,0.5804046,0,-1,0.57666343,0,-1,0.57666343,0,-1,0.5804046,0,1,0.38344654,0,1,0.38344654,0,1,0.38344654,0,-1,0.5804046,0,1,0.41425127,0,1,0.41425127,0,1,0.41425127,0,1,0.41425127,0,1,0.41425127,0,1,0.41425127,0,-1,0.5666804,0,-1,0.5666804,0,-1,0.5666804,0,-1,0.5666804,0,-1,0.5666804,0,-1,0.5666804,0,-1,0.5666804,0,-1,0.5666804,0,-1,0.5666804,0,-1,0.5666804,0,-1,0.5666804,0,-1,0.5666804,0,1,0.3897328,0,1,0.3897328,0,1,0.3897328,0,1,0.3897328,0,1,0.3897328,0,1,0.3897328,0,-1,0.5828993,0,-1,0.5828993,0,-1,0.5828993,0,1,0.38344654,0,1,0.38344654,0,1,0.38344654,0,1,0.38344654,0,-1,0.5863665,0,-1,0.5863665,0,-1,0.5863665,0,-1,0.58334553,0,-1,0.58334553,0,-1,0.58334553,0
     333,  26.03%,0.2074074074074074,-1,0.45518845,-1,-1,0.45518845,-1,-1,0.45518845,0,-1,0.44849434,0,-1,0.45518845,0,-1,0.45518845,1,1,0.41957963,-1,1,0.41957963,0,1,0.41957963,0,1,0.41957963,0,1,0.41957963,0,-1,0.45518845,0,-1,0.45518845,0,1,0.41957963,0,-1,0.44849434,0,1,0.41957963,0,-1,0.45212582,0,-1,0.45212582,-1,-1,0.44563812,-1,-1,0.44563812,-1,1,0.38547072,-1,1,0.38547072,-1,-1,0.45282045,-1,-1,0.45282045,-1,-1,0.44557238,-1,-1,0.44557238,-1,-1,0.45852637,-1,-1,0.45852637,-1,-1,0.44849434,0,-1,0.4388691,0,-1,0.43886915,-1,-1,0.44849434,0,0,0.39607963,0,0,0.39607963,0,0,0.39607963,0,-1,0.44849434,0,1,0.4362469,0,1,0.4362469,0,1,0.4362469,0,1,0.4362469,0,1,0.4362469,0,1,0.4362469,0,-1,0.44441277,0,-1,0.44441277,0,-1,0.44441277,0,-1,0.44441277,0,-1,0.44441277,0,-1,0.44441277,0,-1,0.44441277,0,-1,0.44441277,1,-1,0.44441277,0,-1,0.44441277,0,-1,0.44441277,0,-1,0.44441277,0,1,0.40424368,0,1,0.40424368,0,1,0.40424368,0,1,0.40424368,0,1,0.40424368,0,1,0.40424368,0,-1,0.44812,0,-1,0.44812,0,-1,0.44812,0,0,0.39607963,0,0,0.39607963,0,0,0.39607963,0,0,0.39607963,0,-1,0.45341048,0,-1,0.45341048,0,-1,0.45341048,0,-1,0.45408985,0,-1,0.45408985,0,-1,0.45408985,0
     334,  41.10%,0.25728987993138935,-1,0.49457932,0,-1,0.49457932,0,-1,0.49457932,0,-1,0.48899633,0,-1,0.49457932,-1,-1,0.49457932,0,0,0.37488663,0,0,0.37488663,0,0,0.37488663,1,0,0.37488663,0,0,0.37488663,1,-1,0.49457932,-1,-1,0.49457932,-1,0,0.37488663,0,-1,0.48899633,0,0,0.37488663,0,-1,0.48443806,0,-1,0.48443806,0,-1,0.48619324,0,-1,0.48619324,-1,0,0.3842917,-1,0,0.3842917,-1,-1,0.49108014,0,-1,0.49108014,0,-1,0.49555925,0,-1,0.49555925,0,-1,0.4728307,-1,-1,0.4728307,-1,-1,0.48899633,0,-1,0.49057874,0,-1,0.49057874,0,-1,0.48899633,0,0,0.39889225,0,0,0.39889225,0,0,0.39889225,0,-1,0.48899633,0,0,0.3810028,0,0,0.3810028,0,0,0.3810028,0,0,0.3810028,0,0,0.3810028,0,0,0.3810028,0,-1,0.476058,0,-1,0.476058,0,-1,0.476058,0,-1,0.476058,0,-1,0.476058,0,-1,0.476058,0,-1,0.476058,0,-1,0.476058,0,-1,0.476058,0,-1,0.476058,0,-1,0.476058,0,-1,0.476058,0,0,0.38264441,0,0,0.38264441,0,0,0.38264441,0,0,0.38264441,0,0,0.38264441,0,0,0.38264441,0,-1,0.49443623,1,-1,0.49443623,1,-1,0.49443623,1,0,0.39889225,0,0,0.39889225,0,0,0.39889225,0,0,0.39889225,0,-1,0.4934573,0,-1,0.4934573,0,-1,0.4934573,0,-1,0.49125746,0,-1,0.49125746,0,-1,0.49125746,0
     335,  10.96%,0.06584362139917695,1,0.53789574,-1,1,0.53789574,-1,1,0.53789574,-1,1,0.54085714,0,1,0.53789574,-1,1,0.53789574,0,1,0.571893,0,1,0.571893,0,1,0.571893,0,1,0.571893,-1,1,0.571893,0,1,0.53789574,0,1,0.53789574,0,1,0.571893,0,1,0.54085714,0,1,0.571893,0,1,0.5396253,0,1,0.5396253,0,1,0.54900396,0,1,0.54900396,0,1,0.5580081,0,1,0.5580081,0,1,0.5376025,0,1,0.5376025,0,1,0.53610015,0,1,0.53610015,0,1,0.54698485,0,1,0.54698485,0,1,0.54085714,0,1,0.54019475,0,1,0.54019475,0,1,0.54085714,0,1,0.5601133,1,1,0.5601133,1,1,0.5601133,1,1,0.54085714,0,1,0.5725355,0,1,0.5725355,1,1,0.5725355,1,1,0.5725355,1,1,0.5725355,1,1,0.5725355,1,1,0.5474275,0,1,0.5474275,0,1,0.5474275,0,1,0.5474275,0,1,0.5474275,-1,1,0.5474275,0,1,0.5474275,0,1,0.5474275,0,1,0.5474275,0,1,0.5474275,0,1,0.5474275,0,1,0.5474275,0,1,0.56927055,0,1,0.56927055,0,1,0.56927055,0,1,0.56927055,0,1,0.56927055,0,1,0.56927055,0,1,0.5411936,0,1,0.5411936,0,1,0.5411936,0,1,0.5601133,0,1,0.5601133,0,1,0.5601133,0,1,0.5601133,0,1,0.5387639,0,1,0.5387639,0,1,0.5387639,0,1,0.5376446,0,1,0.5376446,0,1,0.5376446,0
     336,  35.62%,0.2549019607843137,1,0.4497389,1,1,0.4497389,1,1,0.4497389,1,1,0.4583039,0,1,0.4497389,1,1,0.4497389,0,0,0.41719887,1,0,0.41719887,1,0,0.41719887,1,0,0.41719887,1,0,0.41719887,1,1,0.4497389,0,1,0.4497389,-1,0,0.41719887,1,1,0.4583039,0,0,0.41719887,0,1,0.46105015,1,1,0.46105015,1,1,0.4639931,-1,1,0.4639931,-1,0,0.42934337,-1,0,0.42934337,-1,1,0.45346454,1,1,0.45346454,1,1,0.4514681,0,1,0.4514681,0,1,0.45946676,-1,1,0.45946676,-1,1,0.4583039,0,1,0.46423256,1,1,0.46423256,1,1,0.4583039,0,0,0.43374503,0,0,0.43374503,1,0,0.43374503,0,1,0.4583039,0,0,0.4195209,0,0,0.4195209,1,0,0.4195209,1,0,0.4195209,1,0,0.4195209,0,0,0.4195209,0,1,0.4605217,0,1,0.4605217,0,1,0.4605217,0,1,0.4605217,0,1,0.4605217,0,1,0.4605217,0,1,0.4605217,0,1,0.4605217,0,1,0.4605217,0,1,0.4605217,0,1,0.4605217,0,1,0.4605217,0,0,0.4309272,0,0,0.4309272,0,0,0.4309272,0,0,0.4309272,0,0,0.4309272,0,0,0.4309272,0,1,0.4569558,1,1,0.4569558,1,1,0.4569558,1,0,0.43374503,-1,0,0.43374503,0,0,0.43374503,-1,0,0.43374503,-1,1,0.45209777,0,1,0.45209777,0,1,0.45209777,0,1,0.45543206,0,1,0.45543206,0,1,0.45543206,0
     337,  31.51%,0.15972222222222224,1,0.48750266,0,1,0.48750266,0,1,0.48750266,1,1,0.49152038,0,1,0.48750266,0,1,0.48750266,1,1,0.4735813,0,1,0.4735813,1,1,0.4735813,1,1,0.4735813,1,1,0.4735813,1,1,0.48750266,1,1,0.48750266,0,1,0.4735813,-1,1,0.49152038,0,1,0.4735813,-1,1,0.49332413,1,1,0.49332413,1,1,0.49587342,-1,1,0.49587342,-1,1,0.45770377,-1,1,0.45770377,-1,1,0.48820922,1,1,0.48820922,1,1,0.4863462,0,1,0.4863462,0,1,0.4915483,0,1,0.4915483,-1,1,0.49152038,0,1,0.49528894,1,1,0.49528894,1,1,0.49152038,0,1,0.4649583,0,1,0.4649583,1,1,0.4649583,0,1,0.49152038,0,1,0.47144568,1,1,0.47144568,1,1,0.47144568,1,1,0.47144568,1,1,0.47144568,1,1,0.47144568,1,1,0.49351546,0,1,0.49351546,0,1,0.49351546,0,1,0.49351546,0,1,0.49351546,0,1,0.49351546,0,1,0.49351546,0,1,0.49351546,0,1,0.49351546,-1,1,0.49351546,0,1,0.49351546,0,1,0.49351546,0,1,0.4577489,0,1,0.4577489,0,1,0.4577489,0,1,0.4577489,0,1,0.4577489,0,1,0.4577489,0,1,0.48871276,1,1,0.48871276,1,1,0.48871276,1,1,0.46495828,-1,1,0.4649583,0,1,0.4649583,-1,1,0.4649583,-1,1,0.4871802,0,1,0.4871802,0,1,0.4871802,-1,1,0.48834702,0,1,0.48834702,0,1,0.48834702,0
     338,  16.44%,0.14727011494252873,-1,0.40032244,0,-1,0.40032244,0,-1,0.40032244,0,-1,0.39228085,0,-1,0.40032244,0,-1,0.40032244,0,1,0.5047759,0,1,0.5047759,0,1,0.5047759,0,1,0.5047759,0,1,0.5047759,0,-1,0.40032244,0,-1,0.40032244,0,1,0.5047759,0,-1,0.39228085,0,1,0.5047759,0,-1,0.39015022,-1,-1,0.39015022,-1,-1,0.38802746,0,-1,0.38802746,0,1,0.50114733,-1,1,0.50114733,-1,-1,0.39619735,-1,-1,0.39619735,-1,-1,0.3973784,-1,-1,0.3973784,-1,-1,0.39095572,-1,-1,0.39095572,-1,-1,0.39228085,0,-1,0.3850111,-1,-1,0.3850111,-1,-1,0.39228085,0,1,0.49718145,0,1,0.49718145,1,1,0.49718145,0,-1,0.39228085,0,1,0.5137599,0,1,0.5137599,0,1,0.5137599,0,1,0.5137599,0,1,0.5137599,0,1,0.5137599,0,-1,0.3812043,0,-1,0.3812043,0,-1,0.3812043,0,-1,0.3812043,0,-1,0.3812043,0,-1,0.3812043,0,-1,0.3812043,0,-1,0.3812043,-1,-1,0.3812043,0,-1,0.3812043,0,-1,0.3812043,0,-1,0.3812043,0,1,0.5036391,0,1,0.5036391,0,1,0.5036391,0,1,0.5036391,0,1,0.5036391,0,1,0.5036391,0,-1,0.3927074,1,-1,0.3927074,1,-1,0.3927074,1,1,0.49718145,0,1,0.49718145,0,1,0.49718145,0,1,0.49718145,0,-1,0.39807305,0,-1,0.39807305,0,-1,0.39807305,0,-1,0.39518026,0,-1,0.39518026,0,-1,0.39518026,0
     339,   4.11%,0.02631578947368421,1,0.4100187,0,1,0.4100187,0,1,0.4100187,0,1,0.41299382,0,1,0.4100187,0,1,0.4100187,0,1,0.5659092,0,1,0.5659092,0,1,0.5659092,0,1,0.5659092,0,1,0.5659092,0,1,0.4100187,0,1,0.4100187,0,1,0.5659092,0,1,0.41299382,0,1,0.5659092,0,1,0.41390574,0,1,0.41390574,-1,1,0.41434678,-1,1,0.41434678,-1,1,0.53946906,-1,1,0.53946906,-1,1,0.41192645,-1,1,0.41192645,-1,1,0.4117851,-1,1,0.4117851,-1,1,0.41455746,-1,1,0.41455746,-1,1,0.41299382,0,1,0.41563636,0,1,0.41563633,-1,1,0.41299382,0,1,0.5430893,0,1,0.5430893,0,1,0.5430893,0,1,0.41299382,0,1,0.5818073,0,1,0.5818073,0,1,0.5818073,0,1,0.5818073,0,1,0.5818073,0,1,0.5818073,0,1,0.41899955,0,1,0.41899955,0,1,0.41899955,0,1,0.41899955,0,1,0.41899955,0,1,0.41899955,0,1,0.41899955,0,1,0.41899955,0,1,0.41899955,0,1,0.41899955,0,1,0.41899955,0,1,0.41899955,0,1,0.5669813,0,1,0.5669813,0,1,0.5669813,0,1,0.5669813,0,1,0.5669813,0,1,0.5669813,0,1,0.41304117,1,1,0.41304117,1,1,0.41304117,1,1,0.5430893,0,1,0.5430893,0,1,0.5430893,0,1,0.5430893,0,1,0.4108316,0,1,0.4108316,0,1,0.4108316,0,1,0.4120676,0,1,0.4120676,0,1,0.4120676,0
     340,  38.36%,0.29004329004329005,-1,0.4080839,-1,-1,0.4080839,-1,-1,0.4080839,-1,-1,0.3899845,0,-1,0.4080839,-1,-1,0.4080839,-1,0,0.50488955,-1,0,0.50488955,-1,0,0.50488955,-1,0,0.50488955,-1,0,0.50488955,-1,-1,0.4080839,-1,-1,0.4080839,-1,0,0.50488955,0,-1,0.3899845,0,0,0.50488955,-1,-1,0.38075063,1,-1,0.38075063,1,-1,0.38306797,-1,-1,0.38306797,-1,0,0.51428634,-1,0,0.51428634,-1,-1,0.39863774,0,-1,0.39863774,0,-1,0.3991498,-1,-1,0.3991498,-1,-1,0.37930644,-1,-1,0.37930644,-1,-1,0.3899845,0,-1,0.3766336,1,-1,0.3766336,1,-1,0.38998446,0,0,0.53241825,0,0,0.53241825,1,0,0.53241825,0,-1,0.3899845,0,0,0.5208207,1,0,0.5208207,1,0,0.5208207,1,0,0.5208207,1,0,0.5208207,0,0,0.5208207,0,-1,0.37496802,0,-1,0.37496802,0,-1,0.37496802,0,-1,0.37496802,1,-1,0.37496802,0,-1,0.37496802,0,-1,0.37496802,0,-1,0.37496802,0,-1,0.37496802,1,-1,0.37496802,1,-1,0.37496802,1,-1,0.37496802,1,0,0.5143361,0,0,0.5143361,0,0,0.5143361,0,0,0.5143361,0,0,0.5143361,0,0,0.5143361,0,-1,0.3953023,1,-1,0.3953023,1,-1,0.39530227,1,0,0.5324183,0,0,0.53241825,0,0,0.53241825,0,0,0.53241825,0,-1,0.40392047,0,-1,0.40392047,0,-1,0.40392047,0,-1,0.39506027,0,-1,0.39506027,0,-1,0.39506027,0
     341,  31.51%,0.19467540102460737,1,0.40480262,-1,1,0.40480262,-1,1,0.40480262,0,1,0.41327542,0,1,0.40480262,0,1,0.40480262,1,0,0.47655448,-1,0,0.47655448,0,0,0.47655448,0,0,0.47655448,0,0,0.47655448,1,1,0.40480262,0,1,0.40480262,0,0,0.47655448,1,1,0.41327542,0,0,0.47655448,0,1,0.41622716,0,1,0.41622716,-1,1,0.41840369,-1,1,0.41840369,-1,0,0.49068648,-1,0,0.49068648,-1,1,0.4099887,-1,1,0.4099887,-1,1,0.405459,-1,1,0.405459,-1,1,0.4243698,-1,1,0.4243698,-1,1,0.41327542,0,1,0.4171545,-1,1,0.4171545,-1,1,0.41327542,0,0,0.50055236,0,0,0.50055236,1,0,0.50055236,0,1,0.41327542,0,0,0.4941882,0,0,0.4941882,0,0,0.4941882,0,0,0.4941882,0,0,0.4941882,0,0,0.4941882,0,1,0.42366567,0,1,0.42366567,0,1,0.42366567,0,1,0.42366567,0,1,0.42366567,0,1,0.42366567,0,1,0.42366567,0,1,0.42366567,0,1,0.42366567,0,1,0.42366567,0,1,0.42366567,0,1,0.42366567,0,0,0.48649153,0,0,0.48649153,0,0,0.48649153,0,0,0.48649153,0,0,0.48649153,0,0,0.48649153,0,1,0.41128346,0,1,0.41128346,0,1,0.41128346,0,0,0.50055236,0,0,0.50055236,0,0,0.50055236,0,0,0.50055236,0,1,0.4049823,0,1,0.4049823,0,1,0.4049823,0,1,0.41078445,0,1,0.41078445,0,1,0.41078445,0
     342,  39.73%,0.221326164874552,1,0.38198653,-1,1,0.38198653,-1,1,0.38198653,0,1,0.3897098,0,1,0.38198653,0,1,0.38198653,0,0,0.55476403,0,0,0.55476403,0,0,0.55476403,1,0,0.55476403,0,0,0.55476403,0,1,0.38198653,0,1,0.38198653,0,0,0.55476403,0,1,0.3897098,0,0,0.55476403,0,1,0.39177147,0,1,0.39177147,0,1,0.39266217,0,1,0.39266217,0,0,0.5705651,0,0,0.5705651,0,1,0.38598895,0,1,0.38598895,0,1,0.38761175,1,1,0.38761175,1,1,0.39009523,-1,1,0.39009523,-1,1,0.3897098,0,1,0.39615837,0,1,0.3961583,0,1,0.38970983,0,0,0.57196754,0,0,0.57196754,0,0,0.57196754,0,1,0.3897098,0,0,0.57924604,0,0,0.57924604,0,0,0.57924604,0,0,0.57924604,0,0,0.57924604,0,0,0.57924604,0,1,0.39288014,0,1,0.39288014,0,1,0.39288014,0,1,0.39288014,0,1,0.39288014,0,1,0.39288014,0,1,0.39288014,0,1,0.39288014,-1,1,0.39288014,0,1,0.39288014,0,1,0.39288014,0,1,0.39288014,0,0,0.56698525,0,0,0.56698525,0,0,0.56698525,0,0,0.56698525,0,0,0.56698525,0,0,0.56698525,0,1,0.38887587,0,1,0.38887587,0,1,0.3888759,0,0,0.57196754,0,0,0.57196754,0,0,0.57196754,0,0,0.57196754,0,1,0.38409182,0,1,0.38409182,0,1,0.38409182,0,1,0.38757703,0,1,0.38757703,0,1,0.38757703,0
     343,  43.84%,0.2318840579710145,-1,0.3667374,0,-1,0.3667374,0,-1,0.3667374,1,-1,0.351048,0,-1,0.3667374,0,-1,0.3667374,1,1,0.50981516,0,1,0.50981516,0,1,0.50981516,0,1,0.50981516,0,1,0.50981516,1,-1,0.3667374,1,-1,0.3667374,0,1,0.50981516,-1,-1,0.351048,0,1,0.50981516,-1,1,0.3521004,1,1,0.3521004,1,1,0.35288715,1,1,0.35288715,1,1,0.4895593,1,1,0.4895593,1,-1,0.35661143,1,-1,0.35661143,1,-1,0.36722386,1,-1,0.36722386,1,1,0.3636624,0,1,0.3636624,0,-1,0.351048,0,1,0.3506367,1,1,0.3506367,1,-1,0.351048,0,1,0.5002782,0,1,0.5002782,1,1,0.5002782,0,-1,0.351048,0,1,0.50529015,1,1,0.50529015,1,1,0.50529015,1,1,0.50529015,1,1,0.50529015,1,1,0.50529015,0,1,0.36485058,1,1,0.36485058,1,1,0.36485058,1,1,0.36485058,1,1,0.36485058,1,1,0.36485058,0,1,0.36485058,1,1,0.36485058,1,1,0.36485058,1,1,0.36485058,1,1,0.36485058,1,1,0.36485058,1,1,0.50260526,1,1,0.50260526,1,1,0.50260526,1,1,0.50260526,1,1,0.50260526,1,1,0.50260526,1,-1,0.35903296,1,-1,0.35903296,1,-1,0.359033,1,1,0.50027823,0,1,0.5002782,0,1,0.5002782,0,1,0.5002782,0,-1,0.36657333,0,-1,0.36657333,1,-1,0.36657333,1,-1,0.3564146,0,-1,0.3564146,0,-1,0.3564146,0
     344,  34.25%,0.1950354609929078,-1,0.46748883,0,-1,0.46748883,0,-1,0.46748883,0,-1,0.45559618,0,-1,0.46748883,0,-1,0.46748883,0,0,0.61115336,0,0,0.61115336,0,0,0.61115336,1,0,0.61115336,0,0,0.61115336,1,-1,0.46748883,-1,-1,0.46748883,-1,0,0.61115336,0,-1,0.45559618,0,0,0.61115336,0,-1,0.45043275,0,-1,0.45043275,0,-1,0.4467585,1,-1,0.4467585,1,0,0.6066506,0,0,0.6066506,0,-1,0.46123937,0,-1,0.46123937,0,-1,0.47083402,0,-1,0.47083402,0,-1,0.43411994,0,-1,0.43411994,0,-1,0.45559618,0,-1,0.4521211,0,-1,0.4521211,0,-1,0.45559618,0,0,0.6408995,0,0,0.6408995,1,0,0.6408995,0,-1,0.45559618,0,0,0.62393385,0,0,0.62393385,1,0,0.62393385,0,0,0.62393385,0,0,0.62393385,0,0,0.62393385,0,-1,0.4335674,0,-1,0.4335674,0,-1,0.4335674,0,-1,0.4335674,0,-1,0.4335674,0,-1,0.4335674,0,-1,0.4335674,0,-1,0.4335674,0,-1,0.4335674,0,-1,0.4335674,0,-1,0.4335674,0,-1,0.4335674,0,0,0.6241595,0,0,0.6241595,0,0,0.6241595,0,0,0.6241595,0,0,0.6241595,0,0,0.6241595,0,-1,0.4618999,0,-1,0.4618999,0,-1,0.4618999,0,0,0.6408995,0,0,0.6408995,1,0,0.6408995,0,0,0.6408995,0,-1,0.4685432,0,-1,0.4685432,0,-1,0.4685432,0,-1,0.46197656,0,-1,0.46197656,0,-1,0.46197656,0
     345, 100.00%,1.0,0,0.99998367,0,0,0.99998367,0,0,0.99998367,0,0,0.999984,0,0,0.99998367,0,0,0.99998367,0,0,0.99999547,0,0,0.99999547,0,0,0.99999547,0,0,0.99999547,0,0,0.99999547,0,0,0.99998367,0,0,0.99998367,0,0,0.99999547,0,0,0.999984,0,0,0.99999547,0,0,0.9999848,0,0,0.9999848,0,0,0.99998146,0,0,0.99998146,0,0,0.99999577,0,0,0.99999577,0,0,0.99998444,0,0,0.99998444,0,0,0.9999859,0,0,0.9999859,0,0,0.9999828,0,0,0.9999828,0,0,0.999984,0,0,0.9999854,0,0,0.9999854,0,0,0.999984,0,0,0.9999966,0,0,0.9999966,0,0,0.9999966,0,0,0.999984,0,0,0.9999958,0,0,0.9999958,0,0,0.9999958,0,0,0.9999958,0,0,0.9999958,0,0,0.9999958,0,0,0.9999841,0,0,0.9999841,0,0,0.9999841,0,0,0.9999841,0,0,0.9999841,0,0,0.9999841,0,0,0.9999841,0,0,0.9999841,0,0,0.9999841,0,0,0.9999841,0,0,0.9999841,0,0,0.9999841,0,0,0.99999624,0,0,0.99999624,0,0,0.99999624,0,0,0.99999624,0,0,0.99999624,0,0,0.99999624,0,0,0.9999833,0,0,0.9999833,0,0,0.9999833,0,0,0.9999966,0,0,0.9999966,0,0,0.9999966,0,0,0.9999966,0,0,0.99998367,0,0,0.99998367,0,0,0.99998367,0,0,0.99998474,0,0,0.99998474,0,0,0.99998474,0
     346,   6.85%,0.0641025641025641,1,0.37659162,0,1,0.37659162,0,1,0.37659162,1,1,0.3715093,0,1,0.37659162,0,1,0.37659162,1,1,0.48601612,1,1,0.48601612,0,1,0.48601612,1,1,0.48601612,0,1,0.48601612,1,1,0.37659162,0,1,0.37659162,0,1,0.48601612,0,1,0.3715093,0,1,0.48601612,0,1,0.3721863,0,1,0.3721863,0,1,0.36752036,0,1,0.36752036,0,1,0.4899207,0,1,0.4899207,0,1,0.37377867,0,1,0.37377867,0,1,0.37145734,0,1,0.37145734,0,1,0.3763748,0,1,0.3763748,0,1,0.3715093,0,1,0.36798802,0,1,0.367988,0,1,0.37150937,0,1,0.5020681,0,1,0.5020681,0,1,0.5020681,0,1,0.3715093,0,1,0.49130204,0,1,0.49130204,0,1,0.49130204,0,1,0.49130204,0,1,0.49130204,0,1,0.49130204,0,1,0.37700167,0,1,0.37700167,0,1,0.37700167,0,1,0.37700167,0,1,0.37700167,0,1,0.37700167,0,1,0.37700167,0,1,0.37700167,0,1,0.37700167,0,1,0.37700167,0,1,0.37700167,0,1,0.37700167,0,1,0.49757093,0,1,0.49757093,0,1,0.49757093,0,1,0.49757093,0,1,0.49757093,0,1,0.49757093,0,1,0.37018797,0,1,0.37018797,0,1,0.37018797,0,1,0.5020681,0,1,0.5020681,0,1,0.5020681,0,1,0.5020681,0,1,0.37334004,0,1,0.37334004,0,1,0.37334004,0,1,0.3726586,0,1,0.3726586,0,1,0.3726586,0
     347,   2.74%,0.02666666666666667,1,0.42247766,0,1,0.42247766,0,1,0.42247766,0,1,0.43255866,0,1,0.42247766,0,1,0.42247766,0,1,0.5861158,1,1,0.5861158,1,1,0.5861158,0,1,0.5861158,0,1,0.5861158,0,1,0.42247766,0,1,0.42247766,0,1,0.5861158,0,1,0.43255866,0,1,0.5861158,0,1,0.43434322,0,1,0.43434322,0,1,0.43844607,0,1,0.43844607,0,1,0.5729056,0,1,0.5729056,0,1,0.4285537,0,1,0.4285537,0,1,0.43059865,0,1,0.43059865,0,1,0.44169435,0,1,0.44169435,0,1,0.43255866,0,1,0.43828192,0,1,0.43828198,0,1,0.4325587,0,1,0.57949704,0,1,0.57949704,0,1,0.57949704,0,1,0.43255866,0,1,0.58372915,0,1,0.58372915,0,1,0.58372915,0,1,0.58372915,0,1,0.58372915,0,1,0.58372915,0,1,0.44481614,0,1,0.44481614,0,1,0.44481614,0,1,0.44481614,0,1,0.44481614,0,1,0.44481614,0,1,0.44481614,0,1,0.44481614,0,1,0.44481614,0,1,0.44481614,0,1,0.44481614,0,1,0.44481614,0,1,0.5861258,0,1,0.5861258,0,1,0.5861258,0,1,0.5861258,0,1,0.5861258,0,1,0.5861258,0,1,0.4322235,0,1,0.4322235,0,1,0.4322236,0,1,0.57949704,0,1,0.57949704,0,1,0.57949704,0,1,0.57949704,0,1,0.4257135,0,1,0.4257135,0,1,0.4257135,0,1,0.43049288,0,1,0.43049288,0,1,0.43049288,0
     348,  39.73%,0.22840579710144926,1,0.37478673,-1,1,0.37478673,-1,1,0.37478673,0,1,0.37957817,0,1,0.37478673,-1,1,0.37478673,1,0,0.547405,0,0,0.547405,0,0,0.547405,1,0,0.547405,0,0,0.547405,1,1,0.37478673,-1,1,0.37478673,0,0,0.547405,0,1,0.37957817,0,0,0.547405,0,1,0.380565,0,1,0.380565,0,1,0.38291147,0,1,0.38291147,0,0,0.5603867,0,0,0.5603867,0,1,0.37671882,0,1,0.37671882,0,1,0.37520355,1,1,0.37520355,1,1,0.38884604,0,1,0.38884604,0,1,0.37957817,0,1,0.38188156,0,1,0.38188156,0,1,0.37957817,0,0,0.5725882,0,0,0.5725882,0,0,0.5725882,0,1,0.37957817,0,0,0.5683454,0,0,0.5683454,0,0,0.5683454,0,0,0.5683454,0,0,0.5683454,0,0,0.5683454,0,1,0.3931858,0,1,0.3931858,0,1,0.3931858,0,1,0.3931858,0,1,0.3931858,0,1,0.3931858,0,1,0.3931858,0,1,0.3931858,0,1,0.3931858,0,1,0.3931858,0,1,0.3931858,0,1,0.3931858,0,0,0.5684794,0,0,0.5684794,0,0,0.5684794,0,0,0.5684794,0,0,0.5684794,0,0,0.5684794,0,1,0.3775677,0,1,0.3775677,0,1,0.3775677,0,0,0.5725882,0,0,0.5725882,0,0,0.5725882,0,0,0.5725882,0,1,0.37346116,0,1,0.37346116,0,1,0.37346116,0,1,0.3768963,0,1,0.3768963,0,1,0.3768963,0
     349,  27.40%,0.25375172173201727,-1,0.35647166,-1,-1,0.35647166,-1,-1,0.35647166,-1,-1,0.35061473,0,-1,0.35647166,-1,-1,0.35647166,0,0,0.42913288,-1,0,0.42913288,-1,0,0.42913288,-1,0,0.42913288,-1,0,0.42913288,1,-1,0.35647166,0,-1,0.35647166,1,0,0.42913288,0,-1,0.35061473,0,0,0.42913288,1,1,0.34855804,0,1,0.34855804,0,1,0.34990036,1,1,0.34990036,1,0,0.43857774,1,0,0.43857774,1,-1,0.35456908,1,-1,0.35456908,1,-1,0.3535091,1,-1,0.3535091,1,-1,0.35662356,-1,-1,0.35662356,-1,-1,0.35061473,0,1,0.3594212,0,1,0.3594212,0,-1,0.35061473,0,0,0.4589225,0,0,0.4589225,1,0,0.4589225,0,-1,0.35061473,0,0,0.4414459,1,0,0.4414459,1,0,0.4414459,1,0,0.4414459,1,0,0.4414459,1,0,0.4414459,1,-1,0.3495544,1,-1,0.3495544,1,-1,0.3495544,1,-1,0.3495544,1,-1,0.3495544,1,-1,0.3495544,1,-1,0.3495544,1,-1,0.3495544,1,-1,0.3495544,1,-1,0.3495544,1,-1,0.3495544,1,-1,0.3495544,1,0,0.4447624,0,0,0.4447624,0,0,0.4447624,0,0,0.4447624,0,0,0.4447624,0,0,0.4447624,0,-1,0.3535272,0,-1,0.3535272,1,-1,0.3535272,1,0,0.45892256,0,0,0.4589225,0,0,0.4589225,1,0,0.4589225,0,-1,0.35621607,0,-1,0.35621607,0,-1,0.35621607,0,-1,0.35389298,0,-1,0.35389298,0,-1,0.35389298,0
     350,  30.14%,0.23157894736842105,1,0.41922536,0,1,0.41922536,0,1,0.41922536,0,1,0.42641985,0,1,0.41922536,0,1,0.41922536,0,1,0.4619658,0,1,0.4619658,0,1,0.4619658,0,1,0.4619658,0,1,0.4619658,0,1,0.41922536,0,1,0.41922536,0,1,0.4619658,0,1,0.42641985,0,1,0.4619658,1,1,0.4251353,0,1,0.4251353,0,1,0.43141422,1,1,0.43141422,1,1,0.44675398,1,1,0.44675398,1,1,0.42241174,1,1,0.42241174,1,1,0.4261397,1,1,0.4261397,1,1,0.429367,0,1,0.429367,0,1,0.42641985,0,1,0.43219212,0,1,0.43219215,0,1,0.42641985,0,1,0.44534975,0,1,0.44534975,0,1,0.44534975,0,1,0.42641985,0,1,0.44663107,1,1,0.44663107,0,1,0.44663107,1,1,0.44663107,1,1,0.44663107,1,1,0.44663107,1,1,0.43422562,0,1,0.43422562,0,1,0.43422562,1,1,0.43422562,1,1,0.43422562,0,1,0.43422562,1,1,0.43422562,1,1,0.43422562,0,1,0.43422562,1,1,0.43422562,1,1,0.43422562,1,1,0.43422562,1,1,0.44656911,0,1,0.44656911,0,1,0.44656911,0,1,0.44656911,0,1,0.44656911,0,1,0.44656911,0,1,0.4285549,0,1,0.4285549,0,1,0.42855492,0,1,0.44534978,0,1,0.44534975,0,1,0.44534975,0,1,0.44534975,0,1,0.419947,0,1,0.419947,0,1,0.419947,0,1,0.42469835,0,1,0.42469835,0,1,0.42469835,0
     351,   5.48%,0.05031446540880503,-1,0.3673304,0,-1,0.3673304,0,-1,0.3673304,1,-1,0.35477415,0,-1,0.3673304,1,-1,0.3673304,1,1,0.50498486,1,1,0.50498486,0,1,0.50498486,1,1,0.50498486,0,1,0.50498486,1,-1,0.3673304,0,-1,0.3673304,0,1,0.50498486,0,-1,0.35477415,0,1,0.50498486,0,-1,0.3554359,0,-1,0.3554359,0,1,0.35833257,-1,1,0.35833257,0,1,0.51203597,0,1,0.51203597,0,-1,0.35814932,0,-1,0.35814932,0,-1,0.36253563,0,-1,0.36253563,0,1,0.36035272,0,1,0.36035272,0,-1,0.35477415,0,1,0.35424843,0,1,0.35424843,0,-1,0.35477415,0,1,0.5063578,0,1,0.5063578,1,1,0.5063578,0,-1,0.35477415,0,1,0.5101528,0,1,0.5101528,0,1,0.5101528,0,1,0.5101528,0,1,0.5101528,0,1,0.5101528,0,1,0.36395147,0,1,0.36395147,0,1,0.36395147,0,1,0.36395147,0,1,0.36395147,0,1,0.36395147,0,1,0.36395147,0,1,0.36395147,0,1,0.36395147,0,1,0.36395147,0,1,0.36395147,0,1,0.36395147,0,1,0.50232077,0,1,0.50232077,0,1,0.50232077,0,1,0.50232077,0,1,0.50232077,0,1,0.50232077,0,-1,0.35532594,0,-1,0.35532594,0,-1,0.3553259,0,1,0.5063578,0,1,0.5063577,0,1,0.5063577,0,1,0.5063577,0,-1,0.36642048,0,-1,0.36642048,0,-1,0.36642048,0,-1,0.35799542,0,-1,0.35799542,0,-1,0.35799542,0
     352,  57.53%,0.39444444444444443,0,0.40982643,-1,0,0.40982643,0,0,0.40982643,1,0,0.40821224,0,0,0.40982643,0,0,0.40982643,1,1,0.48725665,0,1,0.48725665,0,1,0.48725665,1,1,0.48725665,1,1,0.48725665,1,0,0.40982643,0,0,0.40982643,0,1,0.48725665,0,0,0.40821224,0,1,0.48725665,0,1,0.40955147,0,1,0.40955147,0,1,0.41099644,1,1,0.41099644,1,0,0.47262263,0,0,0.47262263,1,1,0.40664643,0,1,0.40664643,1,1,0.40968096,1,1,0.40968096,1,0,0.40875942,0,0,0.40875942,0,0,0.40821224,0,1,0.41523963,0,1,0.41523963,0,0,0.40821224,0,0,0.47694105,0,0,0.47694105,1,0,0.47694105,0,0,0.40821224,0,1,0.48311487,1,1,0.48311487,0,1,0.48311487,1,1,0.48311487,0,1,0.48311487,0,1,0.48311487,0,1,0.41099072,1,1,0.41099072,1,1,0.41099072,1,1,0.41099072,1,1,0.41099072,1,1,0.41099072,1,1,0.41099072,1,1,0.41099072,0,1,0.41099072,1,1,0.41099072,1,1,0.41099072,1,1,0.41099072,1,1,0.4718905,0,1,0.4718905,0,1,0.4718905,0,1,0.4718905,0,1,0.4718905,0,1,0.4718905,0,1,0.41000587,-1,1,0.41000587,-1,1,0.41000587,-1,0,0.47694105,0,0,0.47694105,0,0,0.47694105,0,0,0.47694105,0,0,0.40715218,0,0,0.40715218,0,0,0.40715218,0,1,0.40850106,0,1,0.40850106,0,1,0.40850106,0
     353,   0.00%,0.0,-1,0.38102877,0,-1,0.38102877,0,-1,0.38102877,0,-1,0.36741665,0,-1,0.38102877,0,-1,0.38102877,0,1,0.45749003,0,1,0.45749003,0,1,0.45749003,0,1,0.45749003,0,1,0.45749003,0,-1,0.38102877,0,-1,0.38102877,0,1,0.45749003,0,-1,0.36741665,0,1,0.45749003,0,-1,0.3600122,0,-1,0.3600122,0,-1,0.3616654,0,-1,0.3616654,0,1,0.44247416,0,1,0.44247416,0,-1,0.37137684,0,-1,0.37137684,0,-1,0.37734926,0,-1,0.37734926,0,-1,0.35610408,0,-1,0.35610408,0,-1,0.36741665,0,-1,0.3575885,0,-1,0.35758847,0,-1,0.3674166,0,1,0.45308337,0,1,0.45308337,0,1,0.45308337,0,-1,0.36741665,0,1,0.4635579,0,1,0.4635579,0,1,0.4635579,0,1,0.4635579,0,1,0.4635579,0,1,0.4635579,0,-1,0.34857434,0,-1,0.34857434,0,-1,0.34857434,0,-1,0.34857434,0,-1,0.34857434,0,-1,0.34857434,0,-1,0.34857434,0,-1,0.34857434,0,-1,0.34857434,0,-1,0.34857434,0,-1,0.34857434,0,-1,0.34857434,0,1,0.4557642,0,1,0.4557642,0,1,0.4557642,0,1,0.4557642,0,1,0.4557642,0,1,0.4557642,0,-1,0.37250194,0,-1,0.37250194,0,-1,0.37250188,0,1,0.4530834,0,1,0.45308337,0,1,0.45308337,0,1,0.45308337,0,-1,0.37924257,0,-1,0.37924257,0,-1,0.37924257,0,-1,0.37107134,0,-1,0.37107134,0,-1,0.37107134,0
     354,  31.51%,0.22108843537414966,-1,0.4307586,1,-1,0.4307586,0,-1,0.4307586,1,-1,0.4138283,0,-1,0.4307586,0,-1,0.4307586,1,0,0.44937617,1,0,0.44937617,1,0,0.44937617,1,0,0.44937617,0,0,0.44937617,1,-1,0.4307586,1,-1,0.4307586,1,0,0.44937617,1,-1,0.4138283,0,0,0.44937617,1,-1,0.40642306,1,-1,0.40642306,1,-1,0.40519124,1,-1,0.40519124,1,0,0.45633587,1,0,0.45633587,1,-1,0.42058393,0,-1,0.42058393,1,-1,0.42850143,1,-1,0.42850143,1,-1,0.40152007,0,-1,0.40152007,0,-1,0.4138283,0,-1,0.4023416,0,-1,0.4023416,0,-1,0.4138283,0,0,0.46095556,0,0,0.46095556,1,0,0.46095556,0,-1,0.4138283,0,0,0.45690277,0,0,0.45690277,0,0,0.45690277,0,0,0.45690277,0,0,0.45690277,0,0,0.45690277,0,-1,0.3951868,-1,-1,0.3951868,0,-1,0.3951868,0,-1,0.3951868,0,-1,0.3951868,0,-1,0.3951868,0,-1,0.3951868,0,-1,0.3951868,0,-1,0.3951868,0,-1,0.3951868,0,-1,0.3951868,0,-1,0.3951868,0,0,0.45597017,0,0,0.45597017,0,0,0.45597017,0,0,0.45597017,0,0,0.45597017,0,0,0.45597017,0,-1,0.42016378,-1,-1,0.42016378,-1,-1,0.42016375,-1,0,0.46095565,0,0,0.46095556,0,0,0.46095556,0,0,0.46095556,0,-1,0.42886877,0,-1,0.42886877,0,-1,0.42886877,0,-1,0.42045164,0,-1,0.42045164,0,-1,0.42045164,0
     355, 100.00%,1.0,0,0.73296016,0,0,0.73296016,0,0,0.73296016,0,0,0.7317419,0,0,0.73296016,0,0,0.73296016,0,0,0.8648218,0,0,0.8648218,0,0,0.8648218,0,0,0.8648218,0,0,0.8648218,0,0,0.73296016,0,0,0.73296016,0,0,0.8648218,0,0,0.7317419,0,0,0.8648218,0,0,0.7327919,0,0,0.7327919,0,0,0.72841424,0,0,0.72841424,0,0,0.88608253,0,0,0.88608253,0,0,0.73318666,0,0,0.73318666,0,0,0.7334746,0,0,0.7334746,0,0,0.73291934,0,0,0.73291934,0,0,0.7317419,0,0,0.7309288,0,0,0.7309287,0,0,0.7317419,0,0,0.88806516,0,0,0.88806516,0,0,0.88806516,0,0,0.7317419,0,0,0.87791896,0,0,0.87791896,0,0,0.87791896,0,0,0.87791896,0,0,0.87791896,0,0,0.87791896,0,0,0.7327667,0,0,0.7327667,0,0,0.7327667,0,0,0.7327667,0,0,0.7327667,0,0,0.7327667,0,0,0.7327667,0,0,0.7327667,0,0,0.7327667,0,0,0.7327667,0,0,0.7327667,0,0,0.7327667,0,0,0.8689532,0,0,0.8689532,0,0,0.8689532,0,0,0.8689532,0,0,0.8689532,0,0,0.8689532,0,0,0.7306438,0,0,0.7306438,0,0,0.7306438,0,0,0.88806516,0,0,0.88806516,0,0,0.88806516,0,0,0.88806516,0,0,0.73262036,0,0,0.73262036,0,0,0.73262036,0,0,0.73281753,0,0,0.73281753,0,0,0.73281753,0
     356,   0.00%,0.0,1,0.51620215,-1,1,0.51620215,-1,1,0.51620215,-1,1,0.52133244,0,1,0.51620215,-1,1,0.51620215,-1,1,0.5882739,0,1,0.5882739,-1,1,0.5882739,0,1,0.5882739,0,1,0.5882739,0,1,0.51620215,0,1,0.51620215,0,1,0.5882739,0,1,0.52133244,0,1,0.5882739,0,1,0.52064586,0,1,0.52064586,0,1,0.5289041,0,1,0.5289041,0,1,0.58266246,0,1,0.58266246,0,1,0.5187001,0,1,0.5187001,0,1,0.5171706,0,1,0.5171706,0,1,0.5284331,0,1,0.5284331,0,1,0.52133244,0,1,0.52199036,0,1,0.52199036,0,1,0.52133244,0,1,0.5795553,0,1,0.5795553,0,1,0.5795553,0,1,0.52133244,0,1,0.58628243,0,1,0.58628243,0,1,0.58628243,0,1,0.58628243,0,1,0.58628243,0,1,0.58628243,0,1,0.52928954,0,1,0.52928954,0,1,0.52928954,0,1,0.52928954,0,1,0.52928954,0,1,0.52928954,0,1,0.52928954,0,1,0.52928954,0,1,0.52928954,0,1,0.52928954,0,1,0.52928954,0,1,0.52928954,0,1,0.5782278,0,1,0.5782278,0,1,0.5782278,0,1,0.5782278,0,1,0.5782278,0,1,0.5782278,0,1,0.52099335,0,1,0.52099335,0,1,0.52099335,0,1,0.5795553,0,1,0.57955533,0,1,0.57955533,0,1,0.57955533,0,1,0.51711017,0,1,0.51711017,0,1,0.51711017,0,1,0.51910883,0,1,0.51910883,0,1,0.51910883,0
     357, 100.00%,1.0,0,0.9949578,0,0,0.9949578,0,0,0.9949578,0,0,0.9948272,0,0,0.9949578,0,0,0.9949578,0,0,0.9945586,0,0,0.9945586,0,0,0.9945586,0,0,0.9945586,0,0,0.9945586,0,0,0.9949578,0,0,0.9949578,0,0,0.9945586,0,0,0.9948272,0,0,0.9945586,0,0,0.99480546,0,0,0.99480546,0,0,0.993995,0,0,0.993995,0,0,0.9957927,0,0,0.9957927,0,0,0.9949792,0,0,0.9949792,0,0,0.995552,0,0,0.995552,0,0,0.9938779,0,0,0.9938779,0,0,0.9948272,0,0,0.99508065,0,0,0.99508065,0,0,0.9948272,0,0,0.9957197,0,0,0.9957197,0,0,0.9957197,0,0,0.9948272,0,0,0.99464935,0,0,0.99464935,0,0,0.99464935,0,0,0.99464935,0,0,0.99464935,0,0,0.99464935,0,0,0.99418706,0,0,0.99418706,0,0,0.99418706,0,0,0.99418706,0,0,0.99418706,0,0,0.99418706,0,0,0.99418706,0,0,0.99418706,0,0,0.99418706,0,0,0.99418706,0,0,0.99418706,0,0,0.99418706,0,0,0.9952525,0,0,0.9952525,0,0,0.9952525,0,0,0.9952525,0,0,0.9952525,0,0,0.9952525,0,0,0.9948945,0,0,0.9948945,0,0,0.9948945,0,0,0.9957197,0,0,0.9957197,0,0,0.9957197,0,0,0.9957197,0,0,0.99509513,0,0,0.99509513,0,0,0.99509513,0,0,0.99504346,0,0,0.99504346,0,0,0.99504346,0
     358,  95.89%,0.48951048951048953,0,0.71611404,0,0,0.71611404,0,0,0.71611404,0,0,0.7143547,0,0,0.71611404,0,0,0.71611404,1,0,0.8650496,0,0,0.8650496,0,0,0.8650496,1,0,0.8650496,0,0,0.8650496,1,0,0.71611404,0,0,0.71611404,0,0,0.8650496,0,0,0.7143547,0,0,0.8650496,0,0,0.7154574,0,0,0.7154574,0,0,0.71034795,0,0,0.71034795,0,0,0.9047478,0,0,0.9047478,0,0,0.71488935,0,0,0.71488935,0,0,0.71535677,0,0,0.71535677,0,0,0.71092474,0,0,0.71092474,0,0,0.7143547,0,0,0.7134444,0,0,0.7134445,0,0,0.7143547,0,0,0.90535086,0,0,0.90535086,0,0,0.90535086,0,0,0.7143547,0,0,0.87893474,0,0,0.87893474,0,0,0.87893474,0,0,0.87893474,0,0,0.87893474,0,0,0.87893474,0,0,0.70898193,0,0,0.70898193,0,0,0.70898193,0,0,0.70898193,0,0,0.70898193,0,0,0.70898193,0,0,0.70898193,0,0,0.70898193,0,0,0.70898193,0,0,0.70898193,0,0,0.70898193,0,0,0.70898193,0,0,0.8783142,0,0,0.8783142,0,0,0.8783142,0,0,0.8783142,0,0,0.8783142,0,0,0.8783142,0,0,0.71155804,0,0,0.71155804,0,0,0.71155804,0,0,0.90535086,0,0,0.9053508,0,0,0.9053508,0,0,0.9053508,0,0,0.7163562,0,0,0.7163562,0,0,0.7163562,0,0,0.7138601,0,0,0.7138601,0,0,0.7138601,0
     359, 100.00%,1.0,0,0.99998206,0,0,0.99998206,0,0,0.99998206,0,0,0.99998254,0,0,0.99998206,0,0,0.99998206,0,0,0.99999464,0,0,0.99999464,0,0,0.99999464,0,0,0.99999464,0,0,0.99999464,0,0,0.99998206,0,0,0.99998206,0,0,0.99999464,0,0,0.99998254,0,0,0.99999464,0,0,0.9999834,0,0,0.9999834,0,0,0.9999798,0,0,0.9999798,0,0,0.99999475,0,0,0.99999475,0,0,0.9999829,0,0,0.9999829,0,0,0.9999845,0,0,0.9999845,0,0,0.99998116,0,0,0.99998116,0,0,0.99998254,0,0,0.9999842,0,0,0.9999842,0,0,0.99998254,0,0,0.99999595,0,0,0.99999595,0,0,0.99999595,0,0,0.99998254,0,0,0.9999948,0,0,0.9999948,0,0,0.9999948,0,0,0.9999948,0,0,0.9999948,0,0,0.9999948,0,0,0.99998266,0,0,0.99998266,0,0,0.99998266,0,0,0.99998266,0,0,0.99998266,0,0,0.99998266,0,0,0.99998266,0,0,0.99998266,0,0,0.99998266,0,0,0.99998266,0,0,0.99998266,0,0,0.99998266,0,0,0.9999954,0,0,0.9999954,0,0,0.9999954,0,0,0.9999954,0,0,0.9999954,0,0,0.9999954,0,0,0.99998176,0,0,0.99998176,0,0,0.99998176,0,0,0.99999595,0,0,0.99999595,0,0,0.99999595,0,0,0.99999595,0,0,0.99998194,0,0,0.99998194,0,0,0.99998194,0,0,0.99998325,0,0,0.99998325,0,0,0.99998325,0
     360, 100.00%,1.0,0,0.9989189,0,0,0.9989189,0,0,0.9989189,0,0,0.9989668,0,0,0.9989189,0,0,0.9989189,0,0,0.9995603,0,0,0.9995603,0,0,0.9995603,0,0,0.9995603,0,0,0.9995603,0,0,0.9989189,0,0,0.9989189,0,0,0.9995603,0,0,0.9989668,0,0,0.9995603,0,0,0.9990156,0,0,0.9990156,0,0,0.9988645,0,0,0.9988645,0,0,0.9995946,0,0,0.9995946,0,0,0.9989644,0,0,0.9989644,0,0,0.99902135,0,0,0.99902135,0,0,0.9989534,0,0,0.9989534,0,0,0.9989668,0,0,0.9990355,0,0,0.9990355,0,0,0.9989668,0,0,0.99968576,0,0,0.99968576,0,0,0.99968576,0,0,0.9989668,0,0,0.9995845,0,0,0.9995845,0,0,0.9995845,0,0,0.9995845,0,0,0.9995845,0,0,0.9995845,0,0,0.99900484,0,0,0.99900484,0,0,0.99900484,0,0,0.99900484,0,0,0.99900484,0,0,0.99900484,0,0,0.99900484,0,0,0.99900484,0,0,0.99900484,0,0,0.99900484,0,0,0.99900484,0,0,0.99900484,0,0,0.9996097,0,0,0.9996097,0,0,0.9996097,0,0,0.9996097,0,0,0.9996097,0,0,0.9996097,0,0,0.99890965,0,0,0.99890965,0,0,0.99890965,0,0,0.99968576,0,0,0.99968576,0,0,0.99968576,0,0,0.99968576,0,0,0.99893105,0,0,0.99893105,0,0,0.99893105,0,0,0.9989675,0,0,0.9989675,0,0,0.9989675,0
     361, 100.00%,1.0,0,0.9999813,0,0,0.9999813,0,0,0.9999813,0,0,0.99998176,0,0,0.9999813,0,0,0.9999813,0,0,0.9999945,0,0,0.9999945,0,0,0.9999945,0,0,0.9999945,0,0,0.9999945,0,0,0.9999813,0,0,0.9999813,0,0,0.9999945,0,0,0.99998176,0,0,0.9999945,0,0,0.9999826,0,0,0.9999826,0,0,0.9999787,0,0,0.9999787,0,0,0.9999947,0,0,0.9999947,0,0,0.9999822,0,0,0.9999822,0,0,0.9999839,0,0,0.9999839,0,0,0.9999804,0,0,0.9999804,0,0,0.99998176,0,0,0.99998343,0,0,0.99998343,0,0,0.99998176,0,0,0.99999595,0,0,0.99999595,0,0,0.99999595,0,0,0.99998176,0,0,0.9999949,0,0,0.9999949,0,0,0.9999949,0,0,0.9999949,0,0,0.9999949,0,0,0.9999949,0,0,0.99998176,0,0,0.99998176,0,0,0.99998176,0,0,0.99998176,0,0,0.99998176,0,0,0.99998176,0,0,0.99998176,0,0,0.99998176,0,0,0.99998176,0,0,0.99998176,0,0,0.99998176,0,0,0.99998176,0,0,0.99999547,0,0,0.99999547,0,0,0.99999547,0,0,0.99999547,0,0,0.99999547,0,0,0.99999547,0,0,0.9999809,0,0,0.9999809,0,0,0.9999809,0,0,0.99999595,0,0,0.99999595,0,0,0.99999595,0,0,0.99999595,0,0,0.9999812,0,0,0.9999812,0,0,0.9999812,0,0,0.9999826,0,0,0.9999826,0,0,0.9999826,0
     362, 100.00%,1.0,0,0.7752867,0,0,0.7752867,0,0,0.7752867,0,0,0.78172475,0,0,0.7752867,0,0,0.7752867,0,0,0.8516796,0,0,0.8516796,0,0,0.8516796,0,0,0.8516796,0,0,0.8516796,0,0,0.7752867,0,0,0.7752867,0,0,0.8516796,0,0,0.78172475,0,0,0.8516796,0,0,0.7830792,0,0,0.7830792,0,0,0.78438306,0,0,0.78438306,0,0,0.86646146,0,0,0.86646146,0,0,0.77911156,0,0,0.77911156,0,0,0.77924967,0,0,0.77924967,0,0,0.78148407,0,0,0.78148407,0,0,0.78172475,0,0,0.7884587,0,0,0.7884587,0,0,0.7817248,0,0,0.86897683,0,0,0.86897683,0,0,0.86897683,0,0,0.78172475,0,0,0.85686535,0,0,0.85686535,0,0,0.85686535,0,0,0.85686535,0,0,0.85686535,0,0,0.85686535,0,0,0.7840231,0,0,0.7840231,0,0,0.7840231,0,0,0.7840231,0,0,0.7840231,0,0,0.7840231,0,0,0.7840231,0,0,0.7840231,0,0,0.7840231,0,0,0.7840231,0,0,0.7840231,0,0,0.7840231,0,0,0.8588075,0,0,0.8588075,0,0,0.8588075,0,0,0.8588075,0,0,0.8588075,0,0,0.8588075,0,0,0.78069776,0,0,0.78069776,0,0,0.78069776,0,0,0.86897683,0,0,0.86897683,0,0,0.86897683,0,0,0.86897683,0,0,0.7746553,0,0,0.7746553,0,0,0.7746553,0,0,0.7793281,0,0,0.7793281,0,0,0.7793281,0
     363,  97.26%,0.4930555555555556,0,0.491296,0,0,0.491296,0,0,0.491296,0,0,0.4933731,0,0,0.491296,0,0,0.491296,1,0,0.53147286,0,0,0.53147286,0,0,0.53147286,0,0,0.53147286,0,0,0.53147286,1,0,0.491296,0,0,0.491296,0,0,0.53147286,0,0,0.4933731,0,0,0.53147286,0,0,0.49465746,0,0,0.49465746,0,0,0.49416843,0,0,0.49416843,0,0,0.55899674,0,0,0.55899674,0,0,0.49183503,0,0,0.49183503,0,0,0.49140584,0,0,0.49140584,0,0,0.49526235,0,0,0.49526235,0,0,0.4933731,0,0,0.4954462,0,0,0.4954462,0,0,0.49337304,0,0,0.571994,0,0,0.571994,0,0,0.571994,0,0,0.4933731,0,0,0.5248209,0,0,0.5248209,0,0,0.5248209,0,0,0.5248209,0,0,0.5248209,0,0,0.5248209,0,0,0.49379224,0,0,0.49379224,0,0,0.49379224,0,0,0.49379224,0,0,0.49379224,0,0,0.49379224,0,0,0.49379224,0,0,0.49379224,0,0,0.49379224,0,0,0.49379224,0,0,0.49379224,0,0,0.49379224,0,0,0.5523206,0,0,0.5523206,0,0,0.5523206,0,0,0.5523206,0,0,0.5523206,0,0,0.5523206,0,0,0.49012062,0,0,0.49012062,0,0,0.49012065,0,0,0.571994,0,0,0.571994,0,0,0.571994,0,0,0.571994,0,0,0.489186,0,0,0.489186,0,0,0.489186,0,0,0.4915002,0,0,0.4915002,0,0,0.4915002,0
     364, 100.00%,1.0,0,0.55047816,0,0,0.55047816,0,0,0.55047816,0,0,0.56674707,0,0,0.55047816,0,0,0.55047816,0,0,0.91849124,0,0,0.91849124,0,0,0.91849124,0,0,0.91849124,0,0,0.91849124,0,0,0.55047816,0,0,0.55047816,0,0,0.91849124,0,0,0.56674707,0,0,0.91849124,0,0,0.57757336,0,0,0.57757336,0,0,0.57670563,0,0,0.57670563,0,0,0.9169191,0,0,0.9169191,0,0,0.5616334,0,0,0.5616334,0,0,0.54960436,0,0,0.54960436,0,0,0.5938202,0,0,0.5938202,0,0,0.56674707,0,0,0.575182,0,0,0.575182,0,0,0.56674707,0,0,0.92805934,0,0,0.92805934,0,0,0.92805934,0,0,0.56674707,0,0,0.9263209,0,0,0.9263209,0,0,0.9263209,0,0,0.9263209,0,0,0.9263209,0,0,0.9263209,0,0,0.59847814,0,0,0.59847814,0,0,0.59847814,0,0,0.59847814,0,0,0.59847814,0,0,0.59847814,0,0,0.59847814,0,0,0.59847814,0,0,0.59847814,0,0,0.59847814,0,0,0.59847814,0,0,0.59847814,0,0,0.92481697,0,0,0.92481697,0,0,0.92481697,0,0,0.92481697,0,0,0.92481697,0,0,0.92481697,0,0,0.55917263,0,0,0.55917263,0,0,0.55917263,0,0,0.92805934,0,0,0.92805934,0,0,0.92805934,0,0,0.92805934,0,0,0.548881,0,0,0.548881,0,0,0.548881,0,0,0.56293625,0,0,0.56293625,0,0,0.56293625,0
     365, 100.00%,1.0,0,0.99500877,0,0,0.99500877,0,0,0.99500877,0,0,0.9949302,0,0,0.99500877,0,0,0.99500877,0,0,0.9953212,0,0,0.9953212,0,0,0.9953212,0,0,0.9953212,0,0,0.9953212,0,0,0.99500877,0,0,0.99500877,0,0,0.9953212,0,0,0.9949302,0,0,0.9953212,0,0,0.99512523,0,0,0.99512523,0,0,0.9940954,0,0,0.9940954,0,0,0.99573666,0,0,0.99573666,0,0,0.9951919,0,0,0.9951919,0,0,0.9955836,0,0,0.9955836,0,0,0.99462646,0,0,0.99462646,0,0,0.9949302,0,0,0.9951623,0,0,0.9951623,0,0,0.9949302,0,0,0.9965299,0,0,0.9965299,0,0,0.9965299,0,0,0.9949302,0,0,0.99544054,0,0,0.99544054,0,0,0.99544054,0,0,0.99544054,0,0,0.99544054,0,0,0.99544054,0,0,0.9948008,0,0,0.9948008,0,0,0.9948008,0,0,0.9948008,0,0,0.9948008,0,0,0.9948008,0,0,0.9948008,0,0,0.9948008,0,0,0.9948008,0,0,0.9948008,0,0,0.9948008,0,0,0.9948008,0,0,0.9959386,0,0,0.9959386,0,0,0.9959386,0,0,0.9959386,0,0,0.9959386,0,0,0.9959386,0,0,0.99483615,0,0,0.99483615,0,0,0.99483615,0,0,0.9965299,0,0,0.9965299,0,0,0.9965299,0,0,0.9965299,0,0,0.9949935,0,0,0.9949935,0,0,0.9949935,0,0,0.9953074,0,0,0.9953074,0,0,0.9953074,0
     366, 100.00%,1.0,0,0.99679184,0,0,0.99679184,0,0,0.99679184,0,0,0.99682933,0,0,0.99679184,0,0,0.99679184,0,0,0.9985874,0,0,0.9985874,0,0,0.9985874,0,0,0.9985874,0,0,0.9985874,0,0,0.99679184,0,0,0.99679184,0,0,0.9985874,0,0,0.99682933,0,0,0.9985874,0,0,0.9970234,0,0,0.9970234,0,0,0.9963037,0,0,0.9963037,0,0,0.998559,0,0,0.998559,0,0,0.9970083,0,0,0.9970083,0,0,0.9971769,0,0,0.9971769,0,0,0.9966679,0,0,0.9966679,0,0,0.99682933,0,0,0.99702513,0,0,0.99702513,0,0,0.99682933,0,0,0.9988208,0,0,0.9988208,0,0,0.9988208,0,0,0.99682933,0,0,0.9986814,0,0,0.9986814,0,0,0.9986814,0,0,0.9986814,0,0,0.9986814,0,0,0.9986814,0,0,0.9967856,0,0,0.9967856,0,0,0.9967856,0,0,0.9967856,0,0,0.9967856,0,0,0.9967856,0,0,0.9967856,0,0,0.9967856,0,0,0.9967856,0,0,0.9967856,0,0,0.9967856,0,0,0.9967856,0,0,0.99875313,0,0,0.99875313,0,0,0.99875313,0,0,0.99875313,0,0,0.99875313,0,0,0.99875313,0,0,0.9967822,0,0,0.9967822,0,0,0.9967822,0,0,0.9988208,0,0,0.9988208,0,0,0.9988208,0,0,0.9988208,0,0,0.9968469,0,0,0.9968469,0,0,0.9968469,0,0,0.9971019,0,0,0.9971019,0,0,0.9971019,0
     367,  26.03%,0.13768115942028986,-1,0.5316044,0,-1,0.5316044,0,-1,0.5316044,0,-1,0.52080727,0,-1,0.5316044,0,-1,0.5316044,0,-1,0.62983865,0,-1,0.62983865,0,-1,0.62983865,0,-1,0.62983865,0,-1,0.62983865,0,-1,0.5316044,1,-1,0.5316044,1,-1,0.62983865,-1,-1,0.52080727,0,-1,0.62983865,-1,-1,0.5177835,0,-1,0.5177835,0,-1,0.51861846,0,-1,0.51861846,0,-1,0.6571838,0,-1,0.6571838,0,-1,0.52292335,0,-1,0.52292335,0,-1,0.52422994,0,-1,0.52422994,0,-1,0.50907785,0,-1,0.50907785,0,-1,0.52080727,0,-1,0.51639605,0,-1,0.51639605,0,-1,0.52080727,0,-1,0.6469775,-1,-1,0.6469775,-1,-1,0.6469775,0,-1,0.52080727,0,-1,0.63334763,-1,-1,0.63334763,0,-1,0.63334763,0,-1,0.63334763,-1,-1,0.63334763,1,-1,0.63334763,0,-1,0.51275915,-1,-1,0.51275915,-1,-1,0.51275915,-1,-1,0.51275915,-1,-1,0.51275915,-1,-1,0.51275915,-1,-1,0.51275915,0,-1,0.51275915,-1,-1,0.51275915,-1,-1,0.51275915,-1,-1,0.51275915,-1,-1,0.51275915,0,-1,0.6525977,1,-1,0.6525977,0,-1,0.6525977,1,-1,0.6525977,0,-1,0.6525977,0,-1,0.6525977,1,-1,0.522038,-1,-1,0.522038,-1,-1,0.522038,-1,-1,0.6469775,0,-1,0.6469775,0,-1,0.6469775,0,-1,0.6469775,1,-1,0.52901393,0,-1,0.52901393,0,-1,0.52901393,0,-1,0.5214665,0,-1,0.5214665,0,-1,0.5214665,0
     368,  90.41%,0.31654676258992803,0,0.34908321,0,0,0.34908321,0,0,0.34908321,0,0,0.3546538,0,0,0.34908321,0,0,0.34908321,1,0,0.5183075,1,0,0.5183075,0,0,0.5183075,0,0,0.5183075,0,0,0.5183075,0,0,0.34908321,0,0,0.34908321,0,0,0.5183075,0,0,0.3546538,0,0,0.5183075,0,0,0.3612415,0,0,0.3612415,0,0,0.35720614,1,0,0.35720614,0,0,0.4947946,0,0,0.4947946,0,0,0.35340235,0,0,0.35340235,0,0,0.3448189,0,0,0.3448189,0,0,0.3813999,0,0,0.3813999,0,0,0.3546538,0,0,0.35182172,0,0,0.3518217,0,0,0.3546538,0,0,0.5289212,0,0,0.5289212,0,0,0.5289212,0,0,0.3546538,0,0,0.5147295,0,0,0.5147295,0,0,0.5147295,0,0,0.5147295,0,0,0.5147295,0,0,0.5147295,0,0,0.376824,0,0,0.376824,0,0,0.376824,0,0,0.376824,0,0,0.376824,0,0,0.376824,0,0,0.376824,0,0,0.376824,0,0,0.376824,-1,0,0.376824,0,0,0.376824,0,0,0.376824,0,0,0.51760316,0,0,0.51760316,0,0,0.51760316,0,0,0.51760316,0,0,0.51760316,0,0,0.51760316,0,0,0.34898955,0,0,0.34898955,0,0,0.34898955,0,0,0.5289212,0,0,0.5289212,1,0,0.5289212,0,0,0.5289212,0,0,0.34727976,0,0,0.34727976,0,0,0.34727976,0,0,0.35375392,1,0,0.35375392,1,0,0.35375392,0
     369,   1.37%,0.013513513513513514,1,0.4802945,0,1,0.4802945,0,1,0.4802945,0,1,0.48267424,0,1,0.4802945,0,1,0.4802945,0,1,0.5424075,0,1,0.5424075,0,1,0.5424075,0,1,0.5424075,0,1,0.5424075,0,1,0.4802945,0,1,0.4802945,1,1,0.5424075,0,1,0.48267424,0,1,0.5424075,0,1,0.4828202,0,1,0.4828202,0,1,0.48243374,0,1,0.48243374,0,1,0.5314718,0,1,0.5314718,0,1,0.48449793,0,1,0.48449793,0,1,0.48785833,0,1,0.48785833,0,1,0.48464003,0,1,0.48464003,0,1,0.48267424,0,1,0.48414326,0,1,0.48414326,0,1,0.48267418,0,1,0.53607136,0,1,0.53607136,0,1,0.53607136,0,1,0.48267424,0,1,0.54740286,0,1,0.54740286,0,1,0.54740286,0,1,0.54740286,0,1,0.54740286,0,1,0.54740286,0,1,0.48692548,0,1,0.48692548,0,1,0.48692548,0,1,0.48692548,0,1,0.48692548,0,1,0.48692548,0,1,0.48692548,0,1,0.48692548,0,1,0.48692548,0,1,0.48692548,0,1,0.48692548,0,1,0.48692548,0,1,0.54590815,0,1,0.54590815,0,1,0.54590815,0,1,0.54590815,0,1,0.54590815,0,1,0.54590815,0,1,0.48579147,0,1,0.48579147,0,1,0.48579147,0,1,0.53607136,0,1,0.53607136,0,1,0.53607136,0,1,0.53607136,0,1,0.48235586,0,1,0.48235586,0,1,0.48235586,0,1,0.48610723,0,1,0.48610723,0,1,0.48610723,0
     370,  60.27%,0.4061488673139159,0,0.39496574,0,0,0.39496574,0,0,0.39496574,0,0,0.39278567,0,0,0.39496574,0,0,0.39496574,0,0,0.5751593,0,0,0.5751593,0,0,0.5751593,0,0,0.5751593,0,0,0.5751593,0,0,0.39496574,1,0,0.39496574,1,0,0.5751593,1,0,0.39278567,0,0,0.5751593,1,0,0.39518416,1,0,0.39518416,1,1,0.3927804,1,1,0.3927804,1,0,0.5972576,0,0,0.5972576,0,0,0.39325324,1,0,0.39325324,1,0,0.3889074,1,0,0.3889074,1,0,0.41226262,-1,0,0.41226262,-1,0,0.39278567,0,1,0.39891046,1,1,0.3989104,1,0,0.3927856,0,0,0.6195722,1,0,0.6195722,1,0,0.6195722,1,0,0.39278567,0,0,0.58909154,-1,0,0.58909154,0,0,0.58909154,0,0,0.58909154,0,0,0.58909154,0,0,0.58909154,0,0,0.40899426,-1,0,0.40899426,-1,0,0.40899426,-1,0,0.40899426,-1,0,0.40899426,-1,0,0.40899426,-1,0,0.40899426,-1,0,0.40899426,-1,0,0.40899426,-1,0,0.40899426,-1,0,0.40899426,-1,0,0.40899426,-1,0,0.601709,0,0,0.601709,0,0,0.601709,1,0,0.601709,0,0,0.601709,0,0,0.601709,0,1,0.39062715,1,1,0.39062715,1,1,0.39062715,1,0,0.6195722,0,0,0.6195722,0,0,0.6195722,0,0,0.6195722,0,0,0.390137,0,0,0.390137,0,0,0.390137,0,0,0.3909743,0,0,0.3909743,0,0,0.3909743,0
     371,  32.88%,0.2639686446085134,1,0.35268858,-1,1,0.35268858,-1,1,0.35268858,-1,1,0.3632884,0,1,0.35268858,0,1,0.35268858,0,0,0.42910025,-1,0,0.42910025,0,0,0.42910025,0,0,0.42910025,-1,0,0.42910025,0,1,0.35268858,-1,1,0.35268858,-1,0,0.42910025,0,1,0.3632884,0,0,0.42910025,0,1,0.36762565,1,1,0.36762565,1,1,0.3697143,1,1,0.3697143,1,0,0.43747768,1,0,0.43747768,1,1,0.3579552,1,1,0.3579552,1,1,0.3533179,1,1,0.3533179,1,1,0.3688192,0,1,0.3688192,-1,1,0.3632884,0,1,0.36981767,1,1,0.3698177,1,1,0.3632884,0,0,0.43881902,1,0,0.43881902,1,0,0.43881902,1,1,0.3632884,0,0,0.4320348,-1,0,0.4320348,-1,0,0.4320348,-1,0,0.4320348,-1,0,0.4320348,0,0,0.4320348,0,1,0.37020636,-1,1,0.37020636,-1,1,0.37020636,-1,1,0.37020636,-1,1,0.37020636,-1,1,0.37020636,-1,1,0.37020636,-1,1,0.37020636,-1,1,0.37020636,-1,1,0.37020636,-1,1,0.37020636,-1,1,0.37020636,-1,0,0.432368,1,0,0.432368,1,0,0.432368,1,0,0.432368,1,0,0.432368,1,0,0.432368,1,1,0.36107033,1,1,0.36107033,1,1,0.36107033,1,0,0.43881902,0,0,0.43881902,0,0,0.43881902,0,0,0.43881902,0,1,0.35513002,0,1,0.35513002,0,1,0.35513002,0,1,0.360003,0,1,0.360003,0,1,0.360003,0
     372,  24.66%,0.13186813186813187,-1,0.4077795,0,-1,0.4077795,0,-1,0.4077795,0,-1,0.4026516,0,-1,0.4077795,-1,-1,0.4077795,0,-1,0.39749762,0,-1,0.39749762,1,-1,0.39749762,0,-1,0.39749762,1,-1,0.39749762,0,-1,0.4077795,1,-1,0.4077795,1,-1,0.39749762,1,-1,0.4026516,0,-1,0.39749762,1,-1,0.399829,1,-1,0.399829,1,-1,0.3972643,1,-1,0.3972643,1,-1,0.40400553,1,-1,0.40400553,1,-1,0.40703678,1,-1,0.40703678,1,-1,0.41284075,1,-1,0.41284075,1,-1,0.3975643,0,-1,0.3975643,0,-1,0.4026516,0,-1,0.39970264,1,-1,0.39970264,1,-1,0.4026516,0,-1,0.40231714,1,-1,0.40231714,1,-1,0.40231714,1,-1,0.4026516,0,-1,0.4105151,-1,-1,0.4105151,-1,-1,0.4105151,-1,-1,0.4105151,-1,-1,0.4105151,1,-1,0.4105151,1,-1,0.39615145,-1,-1,0.39615145,-1,-1,0.39615145,-1,-1,0.39615145,-1,-1,0.39615145,-1,-1,0.39615145,-1,-1,0.39615145,-1,-1,0.39615145,-1,-1,0.39615145,-1,-1,0.39615145,-1,-1,0.39615145,-1,-1,0.39615145,-1,-1,0.4057049,1,-1,0.4057049,1,-1,0.4057049,1,-1,0.4057049,1,-1,0.4057049,1,-1,0.4057049,1,-1,0.40779138,1,-1,0.40779138,1,-1,0.40779138,1,-1,0.40231714,-1,-1,0.40231714,0,-1,0.40231714,0,-1,0.40231714,0,-1,0.40860033,0,-1,0.40860033,0,-1,0.40860033,0,-1,0.40859735,0,-1,0.40859735,1,-1,0.40859735,0
     373,  41.10%,0.28142968142968144,1,0.4344801,-1,1,0.4344801,0,1,0.4344801,1,1,0.44335893,0,1,0.4344801,0,1,0.4344801,1,0,0.4856725,0,0,0.4856725,0,0,0.4856725,1,0,0.4856725,0,0,0.4856725,1,1,0.4344801,1,1,0.4344801,1,0,0.4856725,0,1,0.44335893,0,0,0.4856725,0,1,0.4453438,0,1,0.4453438,0,1,0.45355996,-1,1,0.45355996,-1,0,0.48630592,-1,0,0.48630592,-1,1,0.43829852,-1,1,0.43829852,-1,1,0.4333977,-1,1,0.4333977,-1,1,0.4508575,-1,1,0.4508575,-1,1,0.44335893,0,1,0.4473944,-1,1,0.4473944,-1,1,0.44335896,0,0,0.49866998,0,0,0.49866998,1,0,0.49866998,0,1,0.44335893,0,0,0.5027971,0,0,0.5027971,0,0,0.5027971,0,0,0.5027971,0,0,0.5027971,0,0,0.5027971,0,1,0.45027882,0,1,0.45027882,0,1,0.45027882,0,1,0.45027882,0,1,0.45027882,0,1,0.45027882,0,1,0.45027882,0,1,0.45027882,0,1,0.45027882,0,1,0.45027882,0,1,0.45027882,0,1,0.45027882,0,0,0.49088424,0,0,0.49088424,0,0,0.49088424,0,0,0.49088424,0,0,0.49088424,0,0,0.49088424,0,1,0.441158,1,1,0.441158,1,1,0.441158,1,0,0.49866998,0,0,0.49866995,0,0,0.49866995,0,0,0.49866995,0,1,0.43528438,0,1,0.43528438,0,1,0.43528438,0,1,0.4380264,0,1,0.4380264,0,1,0.4380264,0
     374,   6.85%,0.08333333333333333,-1,0.4305478,0,-1,0.4305478,0,-1,0.4305478,1,-1,0.4179441,0,-1,0.4305478,1,-1,0.4305478,1,1,0.5072987,0,1,0.5072987,0,1,0.5072987,0,1,0.5072987,0,1,0.5072987,0,-1,0.4305478,0,-1,0.4305478,1,1,0.5072987,0,-1,0.4179441,0,1,0.5072987,0,-1,0.41362596,0,-1,0.41362596,0,-1,0.4112852,1,-1,0.4112852,1,1,0.4848735,0,1,0.4848735,0,-1,0.42324108,0,-1,0.42324108,0,-1,0.42732966,0,-1,0.42732966,0,-1,0.4023569,0,-1,0.4023569,0,-1,0.4179441,0,-1,0.41039327,0,-1,0.4103933,0,-1,0.417944,0,1,0.48702183,0,1,0.48702183,1,1,0.48702183,0,-1,0.4179441,0,1,0.5007557,1,1,0.5007557,1,1,0.5007557,0,1,0.5007557,1,1,0.5007557,0,1,0.5007557,0,-1,0.39391464,0,-1,0.39391464,0,-1,0.39391464,0,-1,0.39391464,0,-1,0.39391464,0,-1,0.39391464,0,-1,0.39391464,0,-1,0.39391464,0,-1,0.39391464,1,-1,0.39391464,0,-1,0.39391464,0,-1,0.39391464,0,1,0.49648002,0,1,0.49648002,0,1,0.49648002,0,1,0.49648002,0,1,0.49648002,0,1,0.49648002,0,-1,0.42182347,0,-1,0.42182347,0,-1,0.42182347,0,1,0.48702183,0,1,0.48702183,0,1,0.48702183,1,1,0.48702183,0,-1,0.43037298,0,-1,0.43037298,0,-1,0.43037298,0,-1,0.42238373,0,-1,0.42238373,0,-1,0.42238373,0
     375,  93.15%,0.48226950354609927,0,0.55510515,0,0,0.55510515,1,0,0.55510515,1,0,0.5584867,0,0,0.55510515,1,0,0.55510515,1,0,0.56374174,0,0,0.56374174,0,0,0.56374174,0,0,0.56374174,0,0,0.56374174,0,0,0.55510515,0,0,0.55510515,1,0,0.56374174,0,0,0.5584867,0,0,0.56374174,0,0,0.561453,0,0,0.561453,0,0,0.5556505,0,0,0.5556505,0,0,0.5819481,0,0,0.5819481,0,0,0.5569759,0,0,0.5569759,0,0,0.5576677,0,0,0.5576677,0,0,0.55918705,0,0,0.55918705,0,0,0.5584867,0,0,0.56142735,0,0,0.5614273,0,0,0.55848664,0,0,0.5899645,0,0,0.5899645,0,0,0.5899645,0,0,0.5584867,0,0,0.5659502,0,0,0.5659502,0,0,0.5659502,0,0,0.5659502,0,0,0.5659502,0,0,0.5659502,0,0,0.55872613,0,0,0.55872613,0,0,0.55872613,0,0,0.55872613,0,0,0.55872613,0,0,0.55872613,0,0,0.55872613,0,0,0.55872613,0,0,0.55872613,0,0,0.55872613,0,0,0.55872613,0,0,0.55872613,0,0,0.5640749,0,0,0.5640749,0,0,0.5640749,0,0,0.5640749,0,0,0.5640749,0,0,0.5640749,0,0,0.55552715,0,0,0.55552715,0,0,0.5555271,0,0,0.5899645,0,0,0.5899645,0,0,0.5899645,0,0,0.5899645,0,0,0.55601573,0,0,0.55601573,0,0,0.55601573,0,0,0.55722785,0,0,0.55722785,0,0,0.55722785,0
     376,   9.59%,0.07909604519774012,1,0.41658217,0,1,0.41658217,0,1,0.41658217,1,1,0.42362007,0,1,0.41658217,0,1,0.41658217,1,-1,0.45052862,1,-1,0.45052862,1,-1,0.45052862,1,-1,0.45052862,1,-1,0.45052862,1,1,0.41658217,1,1,0.41658217,1,-1,0.45052862,1,1,0.42362007,0,-1,0.45052862,1,1,0.42527863,0,1,0.42527863,0,1,0.42521572,0,1,0.42521572,0,-1,0.48235425,0,-1,0.48235425,0,1,0.42124507,0,1,0.42124507,0,1,0.42132798,0,1,0.42132798,0,1,0.42551488,0,1,0.42551488,-1,1,0.42362007,0,1,0.42682937,0,1,0.42682934,0,1,0.42362007,0,-1,0.47421613,0,-1,0.47421613,0,-1,0.47421613,0,1,0.42362007,0,-1,0.454532,0,-1,0.454532,0,-1,0.454532,0,-1,0.454532,0,-1,0.454532,0,-1,0.454532,0,1,0.42404523,0,1,0.42404523,0,1,0.42404523,0,1,0.42404523,0,1,0.42404523,0,1,0.42404523,0,1,0.42404523,0,1,0.42404523,0,1,0.42404523,0,1,0.42404523,0,1,0.42404523,0,1,0.42404523,0,-1,0.46275607,0,-1,0.46275607,0,-1,0.46275607,0,-1,0.46275607,0,-1,0.46275607,0,-1,0.46275607,0,1,0.42518175,1,1,0.42518175,1,1,0.42518175,1,-1,0.47421613,0,-1,0.47421613,0,-1,0.47421613,0,-1,0.47421613,0,1,0.4216779,0,1,0.4216779,0,1,0.4216779,0,1,0.4226255,0,1,0.4226255,0,1,0.4226255,0
     377,  73.97%,0.31669226830517155,-1,0.3586726,0,-1,0.3586726,0,-1,0.3586726,0,0,0.34702802,0,-1,0.3586726,-1,-1,0.3586726,1,0,0.64038223,0,0,0.64038223,0,0,0.64038223,0,0,0.64038223,0,0,0.64038223,0,-1,0.3586726,0,-1,0.3586726,0,0,0.64038223,0,0,0.34702802,0,0,0.64038223,0,0,0.351493,0,0,0.351493,0,0,0.35529482,0,0,0.35529482,0,0,0.6465376,0,0,0.6465376,0,-1,0.3524234,0,-1,0.3524234,0,-1,0.3585071,0,-1,0.3585071,0,0,0.3730438,0,0,0.3730438,0,0,0.34702802,0,0,0.3477512,0,0,0.34775123,0,0,0.34702802,0,0,0.6645627,0,0,0.6645627,0,0,0.6645627,0,0,0.34702802,0,0,0.6495425,0,0,0.6495425,0,0,0.6495425,0,0,0.6495425,0,0,0.6495425,0,0,0.6495425,0,0,0.37244624,0,0,0.37244624,0,0,0.37244624,0,0,0.37244624,0,0,0.37244624,0,0,0.37244624,0,0,0.37244624,0,0,0.37244624,0,0,0.37244624,0,0,0.37244624,0,0,0.37244624,0,0,0.37244624,0,0,0.6620506,0,0,0.6620506,0,0,0.6620506,0,0,0.6620506,0,0,0.6620506,0,0,0.6620506,0,-1,0.3492601,0,-1,0.3492601,0,-1,0.3492601,0,0,0.6645627,0,0,0.66456276,0,0,0.66456276,0,0,0.66456276,0,-1,0.35730687,0,-1,0.35730687,0,-1,0.35730687,0,-1,0.3505716,0,-1,0.3505716,0,-1,0.3505716,0
     378,  36.99%,0.18000000000000002,-1,0.34133318,0,-1,0.34133318,0,-1,0.34133318,0,1,0.34855014,0,-1,0.34133318,0,-1,0.34133318,0,0,0.39051414,0,0,0.39051414,0,0,0.39051414,0,0,0.39051414,-1,0,0.39051414,0,-1,0.34133318,0,-1,0.34133318,0,0,0.39051414,0,1,0.34855014,0,0,0.39051414,0,1,0.35174307,0,1,0.35174307,0,1,0.35724097,0,1,0.35724097,0,0,0.3882627,0,0,0.3882627,0,1,0.34348255,0,1,0.34348255,0,-1,0.33943847,0,-1,0.33943847,0,1,0.35818055,0,1,0.35818055,0,1,0.34855014,0,1,0.35610545,0,1,0.35610548,0,1,0.34855014,0,0,0.39124134,0,0,0.39124134,0,0,0.39124134,0,1,0.34855014,0,0,0.3938626,0,0,0.3938626,0,0,0.3938626,0,0,0.3938626,0,0,0.3938626,0,0,0.3938626,0,1,0.35933837,0,1,0.35933837,0,1,0.35933837,0,1,0.35933837,0,1,0.35933837,0,1,0.35933837,0,1,0.35933837,0,1,0.35933837,0,1,0.35933837,0,1,0.35933837,0,1,0.35933837,0,1,0.35933837,0,0,0.38743713,0,0,0.38743713,0,0,0.38743713,0,0,0.38743713,0,0,0.38743713,0,0,0.38743713,0,1,0.3487754,0,1,0.3487754,0,1,0.3487754,0,0,0.39124134,0,0,0.39124128,0,0,0.39124128,0,0,0.39124128,0,-1,0.33859304,0,-1,0.33859304,0,-1,0.33859304,0,1,0.34461835,0,1,0.34461835,0,1,0.34461835,0
     379,  36.99%,0.21050454921422665,1,0.37980506,-1,1,0.37980506,0,1,0.37980506,1,1,0.38939667,0,1,0.37980506,0,1,0.37980506,1,0,0.54418176,0,0,0.54418176,0,0,0.54418176,1,0,0.54418176,0,0,0.54418176,1,1,0.37980506,0,1,0.37980506,1,0,0.54418176,1,1,0.38939667,0,0,0.54418176,1,1,0.39376935,0,1,0.39376935,0,1,0.39366132,0,1,0.39366132,0,0,0.5461504,0,0,0.5461504,0,1,0.3850934,0,1,0.3850934,0,1,0.38504717,0,1,0.38504717,0,1,0.3961039,0,1,0.3961039,0,1,0.38939667,0,1,0.39606217,0,1,0.39606217,0,1,0.38939667,0,0,0.55704206,0,0,0.55704206,0,0,0.55704206,0,1,0.38939667,0,0,0.5542354,0,0,0.5542354,0,0,0.5542354,0,0,0.5542354,0,0,0.5542354,0,0,0.5542354,0,1,0.396915,0,1,0.396915,0,1,0.396915,0,1,0.396915,0,1,0.396915,0,1,0.396915,0,1,0.396915,0,1,0.396915,0,1,0.396915,0,1,0.396915,0,1,0.396915,0,1,0.396915,0,0,0.550622,0,0,0.550622,0,0,0.550622,0,0,0.550622,0,0,0.550622,0,0,0.550622,0,1,0.38723394,0,1,0.38723394,0,1,0.38723397,0,0,0.55704206,0,0,0.55704206,0,0,0.55704206,0,0,0.55704206,0,1,0.38183567,0,1,0.38183567,0,1,0.38183567,0,1,0.3870799,0,1,0.3870799,0,1,0.3870799,0
     380,  30.14%,0.1681341719077568,1,0.3543532,0,1,0.3543532,0,1,0.3543532,-1,1,0.36202765,0,1,0.3543532,0,1,0.3543532,1,0,0.45207894,0,0,0.45207894,0,0,0.45207894,0,0,0.45207894,0,0,0.45207894,1,1,0.3543532,0,1,0.3543532,0,0,0.45207894,0,1,0.36202765,0,0,0.45207894,0,1,0.36417404,0,1,0.36417404,0,1,0.37013763,0,1,0.37013763,0,0,0.4784444,0,0,0.4784444,0,1,0.36044747,0,1,0.36044747,0,1,0.35350063,0,1,0.35350063,0,1,0.38081154,0,1,0.38081154,0,1,0.36202765,0,1,0.36107793,0,1,0.36107796,0,1,0.36202765,0,0,0.48911414,0,0,0.48911414,0,0,0.48911414,0,1,0.36202765,0,1,0.4457637,0,1,0.4457637,0,1,0.4457637,0,1,0.4457637,0,1,0.4457637,0,1,0.4457637,0,1,0.3779267,0,1,0.3779267,0,1,0.3779267,0,1,0.3779267,0,1,0.3779267,-1,1,0.3779267,0,1,0.3779267,0,1,0.3779267,0,1,0.3779267,-1,1,0.3779267,0,1,0.3779267,0,1,0.3779267,0,0,0.4587994,0,0,0.4587994,0,0,0.4587994,0,0,0.4587994,0,0,0.4587994,0,0,0.4587994,0,1,0.3616686,0,1,0.3616686,0,1,0.3616686,0,0,0.48911414,0,0,0.48911414,0,0,0.48911414,0,0,0.48911414,0,1,0.35517517,0,1,0.35517517,0,1,0.35517517,0,1,0.36129197,0,1,0.36129197,0,1,0.36129197,0
     381,  82.19%,0.3007518796992481,0,0.71798545,0,0,0.71798545,0,0,0.71798545,0,0,0.7183415,0,0,0.71798545,0,0,0.71798545,0,0,0.8325505,0,0,0.8325505,0,0,0.8325505,0,0,0.8325505,0,0,0.8325505,0,0,0.71798545,0,0,0.71798545,0,0,0.8325505,0,0,0.7183415,0,0,0.8325505,0,0,0.7201158,0,0,0.7201158,0,0,0.71579903,0,0,0.71579903,0,0,0.86438334,0,0,0.86438334,0,0,0.71844137,0,0,0.71844137,0,0,0.7150924,0,0,0.7150924,0,0,0.7195338,0,0,0.7195338,0,0,0.7183415,0,0,0.7192852,0,0,0.7192852,0,0,0.7183416,0,0,0.8657202,1,0,0.8657202,1,0,0.8657202,1,0,0.7183415,0,0,0.83595246,0,0,0.83595246,0,0,0.83595246,0,0,0.83595246,0,0,0.83595246,-1,0,0.83595246,0,0,0.7204991,0,0,0.7204991,0,0,0.7204991,0,0,0.7204991,0,0,0.7204991,0,0,0.7204991,0,0,0.7204991,0,0,0.7204991,0,0,0.7204991,0,0,0.7204991,0,0,0.7204991,0,0,0.7204991,0,0,0.85190094,0,0,0.85190094,0,0,0.85190094,0,0,0.85190094,-1,0,0.85190094,0,0,0.85190094,-1,0,0.7163117,-1,0,0.7163117,-1,0,0.7163117,-1,0,0.8657202,-1,0,0.8657202,0,0,0.8657202,0,0,0.8657202,0,0,0.71631634,0,0,0.71631634,0,0,0.71631634,0,0,0.7183987,1,0,0.7183987,1,0,0.7183987,1
     382,  26.03%,0.18611872146118721,-1,0.384326,1,-1,0.384326,0,-1,0.384326,1,-1,0.37231165,0,-1,0.384326,1,-1,0.384326,1,0,0.49600798,1,0,0.49600798,1,0,0.49600798,1,0,0.49600798,1,0,0.49600798,1,-1,0.384326,0,-1,0.384326,0,0,0.49600798,0,-1,0.37231165,0,0,0.49600798,0,-1,0.36889493,0,-1,0.36889493,0,-1,0.3653894,0,-1,0.3653894,0,0,0.4921111,-1,0,0.4921111,-1,-1,0.3801325,0,-1,0.3801325,0,-1,0.37873346,-1,-1,0.37873346,-1,-1,0.3691861,0,-1,0.3691861,-1,-1,0.37231165,0,-1,0.36104706,0,-1,0.36104706,0,-1,0.37231168,0,0,0.52311206,1,0,0.52311206,1,0,0.52311206,1,-1,0.37231165,0,0,0.5029536,1,0,0.5029536,0,0,0.5029536,1,0,0.5029536,0,0,0.5029536,0,0,0.5029536,0,-1,0.35892245,0,-1,0.35892245,1,-1,0.35892245,0,-1,0.35892245,0,-1,0.35892245,0,-1,0.35892245,0,-1,0.35892245,1,-1,0.35892245,0,-1,0.35892245,1,-1,0.35892245,1,-1,0.35892245,1,-1,0.35892245,1,0,0.5130353,0,0,0.5130353,0,0,0.5130353,0,0,0.5130353,0,0,0.5130353,0,0,0.5130353,0,-1,0.3754757,0,-1,0.3754757,0,-1,0.3754757,0,0,0.5231121,0,0,0.52311206,0,0,0.52311206,0,0,0.52311206,0,-1,0.38217854,0,-1,0.38217854,0,-1,0.38217854,0,-1,0.37916964,1,-1,0.37916964,1,-1,0.37916964,1
     383,   2.74%,0.02666666666666667,1,0.49541116,0,1,0.49541116,0,1,0.49541116,0,1,0.49853238,0,1,0.49541116,0,1,0.49541116,0,1,0.5535117,0,1,0.5535117,0,1,0.5535117,1,1,0.5535117,0,1,0.5535117,1,1,0.49541116,0,1,0.49541116,0,1,0.5535117,0,1,0.49853238,0,1,0.5535117,0,1,0.49905905,0,1,0.49905905,0,1,0.5015976,0,1,0.5015976,0,1,0.54226303,0,1,0.54226303,0,1,0.4977583,0,1,0.4977583,0,1,0.49603567,0,1,0.49603567,0,1,0.5039348,0,1,0.5039348,0,1,0.49853238,0,1,0.49912015,0,1,0.49912018,0,1,0.49853238,0,1,0.53618115,0,1,0.53618115,0,1,0.53618115,0,1,0.49853238,0,1,0.56647295,0,1,0.56647295,0,1,0.56647295,0,1,0.56647295,0,1,0.56647295,0,1,0.56647295,0,1,0.5045319,0,1,0.5045319,0,1,0.5045319,0,1,0.5045319,0,1,0.5045319,0,1,0.5045319,0,1,0.5045319,0,1,0.5045319,0,1,0.5045319,0,1,0.5045319,0,1,0.5045319,0,1,0.5045319,0,1,0.5527643,0,1,0.5527643,0,1,0.5527643,0,1,0.5527643,0,1,0.5527643,0,1,0.5527643,0,1,0.49859,0,1,0.49859,0,1,0.49859,0,1,0.53618115,0,1,0.53618115,0,1,0.53618115,0,1,0.53618115,0,1,0.49594915,0,1,0.49594915,0,1,0.49594915,0,1,0.4978218,0,1,0.4978218,0,1,0.4978218,0
     384, 100.00%,1.0,0,0.5418763,0,0,0.5418763,0,0,0.5418763,0,0,0.54103,0,0,0.5418763,0,0,0.5418763,0,0,0.5763605,0,0,0.5763605,0,0,0.5763605,0,0,0.5763605,0,0,0.5763605,0,0,0.5418763,0,0,0.5418763,0,0,0.5763605,0,0,0.54103,0,0,0.5763605,0,0,0.5427677,0,0,0.5427677,0,0,0.53721845,0,0,0.53721845,0,0,0.63307214,0,0,0.63307214,0,0,0.54085594,0,0,0.54085594,0,0,0.5429368,0,0,0.5429368,0,0,0.54018474,0,0,0.54018474,0,0,0.54103,0,0,0.5417061,0,0,0.5417061,0,0,0.54103,0,0,0.6486353,0,0,0.6486353,0,0,0.6486353,0,0,0.54103,0,0,0.5613308,0,0,0.5613308,0,0,0.5613308,0,0,0.5613308,0,0,0.5613308,0,0,0.5613308,0,0,0.5407877,0,0,0.5407877,0,0,0.5407877,0,0,0.5407877,0,0,0.5407877,0,0,0.5407877,0,0,0.5407877,0,0,0.5407877,0,0,0.5407877,0,0,0.5407877,0,0,0.5407877,0,0,0.5407877,0,0,0.5896043,0,0,0.5896043,0,0,0.5896043,0,0,0.5896043,0,0,0.5896043,0,0,0.5896043,0,0,0.53840786,0,0,0.53840786,0,0,0.53840786,0,0,0.6486353,0,0,0.6486353,0,0,0.6486353,0,0,0.6486353,0,0,0.54133797,0,0,0.54133797,0,0,0.54133797,0,0,0.5418471,0,0,0.5418471,0,0,0.5418471,0
     385,  26.03%,0.1391941391941392,1,0.3661113,0,1,0.3661113,0,1,0.3661113,0,1,0.37503403,0,1,0.3661113,0,1,0.3661113,0,1,0.41956782,0,1,0.41956782,0,1,0.41956782,0,1,0.41956782,0,1,0.41956782,0,1,0.3661113,0,1,0.3661113,0,1,0.41956782,0,1,0.37503403,0,1,0.41956782,0,1,0.37686276,0,1,0.37686276,0,1,0.37842488,0,1,0.37842488,0,1,0.41341206,0,1,0.41341206,0,1,0.37114146,0,1,0.37114146,0,1,0.37476537,0,1,0.37476537,-1,1,0.3719743,0,1,0.3719743,0,1,0.37503403,0,1,0.38486052,0,1,0.38486052,0,1,0.37503403,0,0,0.41799426,0,0,0.41799426,0,0,0.41799426,0,1,0.37503403,0,0,0.41713107,0,0,0.41713107,0,0,0.41713107,0,0,0.41713107,0,0,0.41713107,0,0,0.41713107,0,1,0.37859377,0,1,0.37859377,0,1,0.37859377,0,1,0.37859377,0,1,0.37859377,0,1,0.37859377,0,1,0.37859377,0,1,0.37859377,0,1,0.37859377,0,1,0.37859377,0,1,0.37859377,0,1,0.37859377,0,0,0.41290978,0,0,0.41290978,0,0,0.41290978,0,0,0.41290978,0,0,0.41290978,0,0,0.41290978,0,1,0.37439528,0,1,0.37439528,0,1,0.3743953,0,0,0.41799423,0,0,0.41799423,0,0,0.41799423,0,0,0.41799423,0,1,0.36811972,0,1,0.36811972,0,1,0.36811972,0,1,0.3720444,0,1,0.3720444,0,1,0.3720444,0
     386,   1.37%,0.018018018018018018,-1,0.38553166,0,-1,0.38553166,0,-1,0.38553166,0,-1,0.38740644,0,-1,0.38553166,0,-1,0.38553166,0,1,0.41252595,0,1,0.41252595,0,1,0.41252595,0,1,0.41252595,0,1,0.41252595,0,-1,0.38553166,0,-1,0.38553166,0,1,0.41252595,0,-1,0.38740644,0,1,0.41252595,0,-1,0.39093345,0,-1,0.39093345,0,-1,0.3941533,0,-1,0.3941533,0,1,0.43102625,0,1,0.43102625,0,-1,0.38549873,0,-1,0.38549873,0,1,0.3806679,0,1,0.3806679,0,-1,0.40805468,0,-1,0.40805468,0,-1,0.38740644,0,-1,0.38152578,0,-1,0.38152584,0,-1,0.38740644,0,1,0.398787,0,1,0.398787,0,1,0.398787,0,-1,0.38740644,0,1,0.4194901,0,1,0.4194901,0,1,0.4194901,1,1,0.4194901,0,1,0.4194901,0,1,0.4194901,0,-1,0.40075135,0,-1,0.40075135,0,-1,0.40075135,1,-1,0.40075135,0,-1,0.40075135,1,-1,0.40075135,0,-1,0.40075135,0,-1,0.40075135,0,-1,0.40075135,1,-1,0.40075135,1,-1,0.40075135,1,-1,0.40075135,1,1,0.40659013,0,1,0.40659013,0,1,0.40659013,0,1,0.40659013,0,1,0.40659013,0,1,0.40659013,0,-1,0.38313183,0,-1,0.38313183,0,-1,0.3831318,0,1,0.398787,0,1,0.398787,0,1,0.398787,0,1,0.398787,0,-1,0.38224167,0,-1,0.38224167,0,-1,0.38224167,0,-1,0.38549614,0,-1,0.38549614,0,-1,0.38549614,0
     387, 100.00%,1.0,0,0.62690616,0,0,0.62690616,0,0,0.62690616,0,0,0.627447,0,0,0.62690616,0,0,0.62690616,0,0,0.91584605,0,0,0.91584605,0,0,0.91584605,0,0,0.91584605,0,0,0.91584605,0,0,0.62690616,0,0,0.62690616,0,0,0.91584605,0,0,0.627447,0,0,0.91584605,0,0,0.6318346,0,0,0.6318346,0,0,0.626055,0,0,0.626055,0,0,0.9170121,0,0,0.9170121,0,0,0.6270803,0,0,0.6270803,0,0,0.6224179,0,0,0.6224179,0,0,0.6458981,0,0,0.6458981,0,0,0.627447,0,0,0.62368166,0,0,0.62368166,0,0,0.62744707,0,0,0.9248748,0,0,0.9248748,0,0,0.9248748,0,0,0.627447,0,0,0.92151374,0,0,0.92151374,0,0,0.92151374,0,0,0.92151374,0,0,0.92151374,0,0,0.92151374,0,0,0.6479303,0,0,0.6479303,0,0,0.6479303,0,0,0.6479303,0,0,0.6479303,0,0,0.6479303,0,0,0.6479303,0,0,0.6479303,0,0,0.6479303,0,0,0.6479303,0,0,0.6479303,0,0,0.6479303,0,0,0.92333364,0,0,0.92333364,0,0,0.92333364,0,0,0.92333364,0,0,0.92333364,0,0,0.92333364,0,0,0.6223732,0,0,0.6223732,0,0,0.6223732,0,0,0.9248748,0,0,0.9248748,0,0,0.9248748,0,0,0.9248748,0,0,0.6238432,0,0,0.6238432,0,0,0.6238432,0,0,0.62697375,0,0,0.62697375,0,0,0.62697375,0
     388,  35.62%,0.17687074829931973,1,0.37626192,0,1,0.37626192,0,1,0.37626192,0,1,0.38670075,0,1,0.37626192,0,1,0.37626192,0,0,0.4892446,0,0,0.4892446,0,0,0.4892446,0,0,0.4892446,1,0,0.4892446,0,1,0.37626192,0,1,0.37626192,0,0,0.4892446,0,1,0.38670075,0,0,0.4892446,0,1,0.3903017,0,1,0.3903017,0,1,0.39177558,0,1,0.39177558,0,0,0.5061675,0,0,0.5061675,0,1,0.38214967,0,1,0.38214967,0,1,0.38010427,0,1,0.38010427,0,1,0.39568147,0,1,0.39568147,0,1,0.38670075,0,1,0.39248973,0,1,0.39248973,0,1,0.38670075,0,0,0.51704997,0,0,0.51704997,0,0,0.51704997,0,1,0.38670075,0,0,0.5128406,0,0,0.5128406,0,0,0.5128406,0,0,0.5128406,0,0,0.5128406,0,0,0.5128406,0,1,0.39695728,0,1,0.39695728,0,1,0.39695728,0,1,0.39695728,0,1,0.39695728,0,1,0.39695728,0,1,0.39695728,0,1,0.39695728,-1,1,0.39695728,0,1,0.39695728,0,1,0.39695728,0,1,0.39695728,0,0,0.5017036,0,0,0.5017036,0,0,0.5017036,0,0,0.5017036,0,0,0.5017036,0,0,0.5017036,0,1,0.3833164,0,1,0.3833164,0,1,0.3833164,0,0,0.51704997,0,0,0.51704997,1,0,0.51704997,0,0,0.51704997,0,1,0.3777371,0,1,0.3777371,0,1,0.3777371,0,1,0.3828701,0,1,0.3828701,0,1,0.3828701,0
     389,  35.62%,0.203921568627451,-1,0.3426056,0,-1,0.3426056,0,-1,0.3426056,0,1,0.3418874,0,-1,0.3426056,0,-1,0.3426056,0,0,0.5475411,1,0,0.5475411,0,0,0.5475411,1,0,0.5475411,0,0,0.5475411,0,-1,0.3426056,0,-1,0.3426056,0,0,0.5475411,0,1,0.3418874,0,0,0.5475411,0,1,0.34765863,0,1,0.34765863,0,1,0.34910327,0,1,0.34910327,0,0,0.54841596,0,0,0.54841596,0,1,0.33728224,0,1,0.33728224,0,-1,0.34258628,0,-1,0.34258628,0,1,0.35474217,0,1,0.35474217,0,1,0.3418874,0,1,0.34764737,0,1,0.34764737,0,1,0.3418874,0,0,0.5615654,0,0,0.5615654,0,0,0.5615654,0,1,0.3418874,0,0,0.56308806,0,0,0.56308806,0,0,0.56308806,0,0,0.56308806,0,0,0.56308806,0,0,0.56308806,0,1,0.35319185,-1,1,0.35319185,-1,1,0.35319185,-1,1,0.35319185,-1,1,0.35319185,-1,1,0.35319185,-1,1,0.35319185,-1,1,0.35319185,-1,1,0.35319185,-1,1,0.35319185,-1,1,0.35319185,-1,1,0.35319185,-1,0,0.55287385,0,0,0.55287385,0,0,0.55287385,0,0,0.55287385,0,0,0.55287385,0,0,0.55287385,0,1,0.33796886,0,1,0.33796886,-1,1,0.3379689,-1,0,0.5615654,0,0,0.5615654,0,0,0.5615654,0,0,0.5615654,0,-1,0.34009925,0,-1,0.34009925,0,-1,0.34009925,0,1,0.33816603,0,1,0.33816603,0,1,0.33816603,0
     390,  13.70%,0.12048192771084337,1,0.4633171,0,1,0.4633171,0,1,0.4633171,0,1,0.464974,0,1,0.4633171,0,1,0.4633171,0,1,0.49614185,0,1,0.49614185,0,1,0.49614185,0,1,0.49614185,0,1,0.49614185,0,1,0.4633171,0,1,0.4633171,0,1,0.49614185,0,1,0.464974,0,1,0.49614185,0,1,0.46339783,0,1,0.46339783,0,1,0.47204322,1,1,0.47204322,1,1,0.48633957,1,1,0.48633957,1,1,0.46287787,0,1,0.46287787,0,1,0.46197578,0,1,0.46197578,0,1,0.47348976,0,1,0.47348976,0,1,0.464974,0,1,0.4631099,0,1,0.4631099,0,1,0.46497402,0,1,0.48297995,0,1,0.48297995,0,1,0.48297995,0,1,0.464974,0,1,0.49265862,1,1,0.49265862,0,1,0.49265862,1,1,0.49265862,1,1,0.49265862,1,1,0.49265862,1,1,0.47341502,0,1,0.47341502,0,1,0.47341502,0,1,0.47341502,0,1,0.47341502,0,1,0.47341502,0,1,0.47341502,1,1,0.47341502,0,1,0.47341502,0,1,0.47341502,0,1,0.47341502,0,1,0.47341502,0,1,0.48728728,0,1,0.48728728,0,1,0.48728728,0,1,0.48728728,0,1,0.48728728,0,1,0.48728728,0,1,0.4647151,0,1,0.4647151,0,1,0.4647151,0,1,0.48297998,0,1,0.48297995,0,1,0.48297995,0,1,0.48297995,0,1,0.46206763,0,1,0.46206763,0,1,0.46206763,0,1,0.4630149,0,1,0.4630149,0,1,0.4630149,0
     391,  38.36%,0.2506631299734748,1,0.4012398,0,1,0.4012398,0,1,0.4012398,0,1,0.40761274,0,1,0.4012398,0,1,0.4012398,0,1,0.371976,0,1,0.371976,0,1,0.371976,0,1,0.371976,0,1,0.371976,0,1,0.4012398,0,1,0.4012398,0,1,0.371976,0,1,0.40761274,0,1,0.371976,1,1,0.40737724,-1,1,0.40737724,-1,1,0.41176206,1,1,0.41176206,1,0,0.37506747,1,0,0.37506747,1,1,0.40374878,0,1,0.40374878,-1,1,0.40620705,1,1,0.40620705,1,1,0.41034657,-1,1,0.41034657,-1,1,0.40761274,0,1,0.41231886,-1,1,0.41231886,-1,1,0.4076128,0,0,0.38084295,0,0,0.38084295,0,0,0.38084295,0,1,0.40761274,0,1,0.36829838,1,1,0.36829838,0,1,0.36829838,1,1,0.36829838,1,1,0.36829838,1,1,0.36829838,1,1,0.41329244,1,1,0.41329244,1,1,0.41329244,1,1,0.41329244,1,1,0.41329244,1,1,0.41329244,1,1,0.41329244,1,1,0.41329244,0,1,0.41329244,1,1,0.41329244,1,1,0.41329244,1,1,0.41329244,1,1,0.3568595,0,1,0.3568595,0,1,0.3568595,0,1,0.3568595,0,1,0.3568595,0,1,0.3568595,0,1,0.40802452,0,1,0.40802452,0,1,0.40802452,0,0,0.38084298,0,0,0.38084295,0,0,0.38084295,0,0,0.38084295,0,1,0.4019776,0,1,0.4019776,0,1,0.4019776,0,1,0.4051561,0,1,0.4051561,0,1,0.4051561,0
     392,  75.34%,0.5183284457478006,0,0.3711982,0,0,0.3711982,0,0,0.3711982,0,0,0.36721325,0,0,0.3711982,0,0,0.3711982,0,0,0.44143713,0,0,0.44143713,0,0,0.44143713,0,0,0.44143713,0,0,0.44143713,0,0,0.3711982,0,0,0.3711982,0,0,0.44143713,0,0,0.36721325,0,0,0.44143713,0,0,0.36817637,0,0,0.36817637,0,1,0.36549726,1,1,0.36549726,1,0,0.4865985,1,0,0.4865985,1,0,0.36865816,0,0,0.36865816,0,0,0.3676199,1,0,0.3676199,1,0,0.36774588,0,0,0.36774588,0,0,0.36721325,0,1,0.36526275,0,1,0.36526275,0,0,0.36721316,0,0,0.4953097,0,0,0.4953097,0,0,0.4953097,0,0,0.36721325,0,0,0.4428823,1,0,0.4428823,0,0,0.4428823,1,0,0.4428823,1,0,0.4428823,1,0,0.4428823,1,0,0.36830783,0,0,0.36830783,0,0,0.36830783,0,0,0.36830783,1,0,0.36830783,0,0,0.36830783,1,0,0.36830783,1,0,0.36830783,0,0,0.36830783,1,0,0.36830783,1,0,0.36830783,1,0,0.36830783,1,0,0.46588376,0,0,0.46588376,0,0,0.46588376,0,0,0.46588376,0,0,0.46588376,0,0,0.46588376,0,0,0.36407742,0,0,0.36407742,0,0,0.36407742,0,0,0.4953097,0,0,0.4953097,0,0,0.4953097,0,0,0.4953097,0,0,0.36922985,0,0,0.36922985,0,0,0.36922985,0,0,0.3670726,0,0,0.3670726,0,0,0.3670726,0
     393,  42.47%,0.41129032258064513,1,0.45320362,0,1,0.45320362,0,1,0.45320362,0,1,0.45853755,0,1,0.45320362,0,1,0.45320362,0,0,0.4002971,0,0,0.4002971,0,0,0.4002971,0,0,0.4002971,0,0,0.4002971,0,1,0.45320362,0,1,0.45320362,0,0,0.4002971,0,1,0.45853755,0,0,0.4002971,0,1,0.45938766,0,1,0.45938766,0,1,0.46041286,1,1,0.46041286,1,0,0.42814144,1,0,0.42814144,1,1,0.455562,0,1,0.455562,0,1,0.45957312,1,1,0.45957312,1,1,0.4558978,0,1,0.4558978,0,1,0.45853755,0,1,0.46369293,0,1,0.4636929,0,1,0.45853758,0,0,0.4338243,0,0,0.4338243,0,0,0.4338243,0,1,0.45853755,0,0,0.39973256,1,0,0.39973256,0,0,0.39973256,1,0,0.39973256,1,0,0.39973256,1,0,0.39973256,1,1,0.45663083,0,1,0.45663083,0,1,0.45663083,0,1,0.45663083,1,1,0.45663083,1,1,0.45663083,0,1,0.45663083,1,1,0.45663083,0,1,0.45663083,1,1,0.45663083,1,1,0.45663083,1,1,0.45663083,0,0,0.4163555,0,0,0.4163555,0,0,0.4163555,0,0,0.4163555,0,0,0.4163555,0,0,0.4163555,0,1,0.45959166,0,1,0.45959166,0,1,0.45959166,0,0,0.43382433,0,0,0.43382433,0,0,0.43382433,0,0,0.43382433,0,1,0.45567495,0,1,0.45567495,0,1,0.45567495,0,1,0.45777586,0,1,0.45777586,0,1,0.45777586,0
     394,  49.32%,0.33002796847190435,1,0.43288413,0,1,0.43288413,-1,1,0.43288413,0,1,0.44084847,0,1,0.43288413,0,1,0.43288413,0,0,0.41562623,0,0,0.41562623,0,0,0.41562623,0,0,0.41562623,0,0,0.41562623,0,1,0.43288413,0,1,0.43288413,0,0,0.41562623,0,1,0.44084847,0,0,0.41562623,1,1,0.44087258,0,1,0.44087258,0,1,0.4457028,1,1,0.4457028,1,0,0.4433769,1,0,0.4433769,1,1,0.43570787,0,1,0.43570787,0,1,0.43881282,1,1,0.43881282,1,1,0.44116202,0,1,0.44116202,0,1,0.44084847,0,1,0.44759944,0,1,0.44759944,0,1,0.44084847,0,0,0.4525685,0,0,0.4525685,0,0,0.4525685,0,1,0.44084847,0,0,0.41729596,1,0,0.41729596,0,0,0.41729596,1,0,0.41729596,1,0,0.41729596,1,0,0.41729596,1,1,0.44259948,1,1,0.44259948,1,1,0.44259948,1,1,0.44259948,1,1,0.44259948,1,1,0.44259948,1,1,0.44259948,1,1,0.44259948,1,1,0.44259948,1,1,0.44259948,1,1,0.44259948,1,1,0.44259948,1,0,0.4326316,0,0,0.4326316,0,0,0.4326316,0,0,0.4326316,0,0,0.4326316,0,0,0.4326316,0,1,0.44137004,0,1,0.44137004,0,1,0.44137004,0,0,0.4525685,0,0,0.4525685,0,0,0.4525685,0,0,0.4525685,0,1,0.43435338,0,1,0.43435338,0,1,0.43435338,0,1,0.43773538,0,1,0.43773538,0,1,0.43773538,0
     395,   0.00%,0.0,1,0.46862775,0,1,0.46862775,0,1,0.46862775,0,1,0.47330275,0,1,0.46862775,0,1,0.46862775,0,1,0.5339131,0,1,0.5339131,0,1,0.5339131,0,1,0.5339131,0,1,0.5339131,0,1,0.46862775,0,1,0.46862775,0,1,0.5339131,0,1,0.47330275,0,1,0.5339131,0,1,0.47409952,0,1,0.47409952,0,1,0.4792157,0,1,0.4792157,0,1,0.5478854,0,1,0.5478854,0,1,0.47156098,0,1,0.47156098,0,1,0.46897057,0,1,0.46897057,0,1,0.4811811,0,1,0.4811811,0,1,0.47330275,0,1,0.47452396,0,1,0.474524,0,1,0.47330275,0,1,0.5425561,0,1,0.5425561,0,1,0.5425561,0,1,0.47330275,0,1,0.53748244,0,1,0.53748244,0,1,0.53748244,0,1,0.53748244,0,1,0.53748244,0,1,0.53748244,0,1,0.48078445,0,1,0.48078445,0,1,0.48078445,0,1,0.48078445,0,1,0.48078445,0,1,0.48078445,0,1,0.48078445,0,1,0.48078445,0,1,0.48078445,0,1,0.48078445,0,1,0.48078445,0,1,0.48078445,0,1,0.5324783,0,1,0.5324783,0,1,0.5324783,0,1,0.5324783,0,1,0.5324783,0,1,0.5324783,0,1,0.47266626,0,1,0.47266626,0,1,0.47266626,0,1,0.5425561,0,1,0.5425561,0,1,0.5425561,0,1,0.5425561,0,1,0.46878192,0,1,0.46878192,0,1,0.46878192,0,1,0.47219902,0,1,0.47219902,0,1,0.47219902,0
     396,  26.03%,0.13768115942028986,-1,0.5552916,0,-1,0.5552916,0,-1,0.5552916,0,-1,0.5452788,0,-1,0.5552916,0,-1,0.5552916,0,-1,0.57106227,0,-1,0.57106227,0,-1,0.57106227,0,-1,0.57106227,0,-1,0.57106227,0,-1,0.5552916,-1,-1,0.5552916,-1,-1,0.57106227,-1,-1,0.5452788,0,-1,0.57106227,-1,-1,0.54340774,0,-1,0.54340774,0,-1,0.54438984,0,-1,0.54438984,0,-1,0.57654166,0,-1,0.57654166,0,-1,0.54968864,0,-1,0.54968864,0,-1,0.5466257,0,-1,0.5466257,0,-1,0.55518425,0,-1,0.55518425,0,-1,0.5452788,0,-1,0.53396183,0,-1,0.53396183,0,-1,0.5452788,0,-1,0.5738624,0,-1,0.5738624,0,-1,0.5738624,0,-1,0.5452788,0,-1,0.57307965,0,-1,0.57307965,0,-1,0.57307965,0,-1,0.57307965,0,-1,0.57307965,0,-1,0.57307965,0,-1,0.5509599,-1,-1,0.5509599,-1,-1,0.5509599,-1,-1,0.5509599,-1,-1,0.5509599,-1,-1,0.5509599,-1,-1,0.5509599,-1,-1,0.5509599,-1,-1,0.5509599,-1,-1,0.5509599,-1,-1,0.5509599,-1,-1,0.5509599,-1,-1,0.5785428,0,-1,0.5785428,0,-1,0.5785428,0,-1,0.5785428,1,-1,0.5785428,0,-1,0.5785428,0,-1,0.54672104,-1,-1,0.54672104,-1,-1,0.54672104,-1,-1,0.5738624,0,-1,0.5738624,0,-1,0.5738624,0,-1,0.5738624,0,-1,0.5515442,1,-1,0.5515442,0,-1,0.5515442,0,-1,0.5491634,0,-1,0.5491634,0,-1,0.5491634,0
     397,   0.00%,0.0,-1,0.500745,0,-1,0.500745,0,-1,0.500745,0,-1,0.49687922,0,-1,0.500745,0,-1,0.500745,0,1,0.5536111,0,1,0.5536111,0,1,0.5536111,0,1,0.5536111,0,1,0.5536111,0,-1,0.500745,0,-1,0.500745,0,1,0.5536111,0,-1,0.49687922,0,1,0.5536111,0,-1,0.49226353,0,-1,0.49226353,0,-1,0.49775913,0,-1,0.49775913,0,1,0.56684506,0,1,0.56684506,0,-1,0.49899888,0,-1,0.49899888,0,-1,0.5029324,0,-1,0.5029324,0,-1,0.4878896,0,-1,0.4878896,0,-1,0.49687922,0,-1,0.49485075,0,-1,0.49485075,0,-1,0.49687922,0,1,0.5841508,0,1,0.5841508,0,1,0.5841508,0,-1,0.49687922,0,1,0.5714835,0,1,0.5714835,0,1,0.5714835,0,1,0.5714835,0,1,0.5714835,0,1,0.5714835,0,-1,0.48533326,0,-1,0.48533326,0,-1,0.48533326,0,-1,0.48533326,0,-1,0.48533326,0,-1,0.48533326,0,-1,0.48533326,0,-1,0.48533326,0,-1,0.48533326,0,-1,0.48533326,0,-1,0.48533326,0,-1,0.48533326,0,1,0.5617666,0,1,0.5617666,0,1,0.5617666,0,1,0.5617666,0,1,0.5617666,0,1,0.5617666,0,-1,0.5019233,0,-1,0.5019233,0,-1,0.5019233,0,1,0.5841508,0,1,0.5841508,0,1,0.5841508,0,1,0.5841508,0,-1,0.50158596,0,-1,0.50158596,0,-1,0.50158596,0,-1,0.4995797,0,-1,0.4995797,0,-1,0.4995797,0
     398,  35.62%,0.1750841750841751,-1,0.47114322,0,-1,0.47114322,0,-1,0.47114322,0,-1,0.46899724,0,-1,0.47114322,0,-1,0.47114322,0,0,0.5483407,0,0,0.5483407,0,0,0.5483407,0,0,0.5483407,0,0,0.5483407,0,-1,0.47114322,0,-1,0.47114322,0,0,0.5483407,0,-1,0.46899724,0,0,0.5483407,0,-1,0.46580595,0,-1,0.46580595,0,-1,0.4651353,0,-1,0.4651353,0,0,0.56448823,0,0,0.56448823,0,-1,0.47007015,0,-1,0.47007015,0,-1,0.477026,0,-1,0.477026,0,-1,0.45518833,0,-1,0.45518833,0,-1,0.46899724,0,-1,0.47246534,0,-1,0.47246528,0,-1,0.4689972,0,0,0.5758606,1,0,0.5758606,1,0,0.5758606,0,-1,0.46899724,0,0,0.58043975,0,0,0.58043975,0,0,0.58043975,0,0,0.58043975,0,0,0.58043975,0,0,0.58043975,0,-1,0.457287,0,-1,0.457287,0,-1,0.457287,0,-1,0.457287,0,-1,0.457287,0,-1,0.457287,0,-1,0.457287,0,-1,0.457287,0,-1,0.457287,0,-1,0.457287,0,-1,0.457287,0,-1,0.457287,0,0,0.5737448,0,0,0.5737448,0,0,0.5737448,0,0,0.5737448,0,0,0.5737448,0,0,0.5737448,0,-1,0.47338256,0,-1,0.47338256,0,-1,0.47338253,0,0,0.5758607,0,0,0.5758606,0,0,0.5758606,0,0,0.5758606,0,-1,0.47162202,0,-1,0.47162202,0,-1,0.47162202,0,-1,0.47161543,0,-1,0.47161543,0,-1,0.47161543,0
     399,   5.48%,0.07870052619537864,-1,0.40708297,0,-1,0.40708297,0,-1,0.40708297,0,-1,0.38957077,0,-1,0.40708297,0,-1,0.40708297,0,1,0.45519674,0,1,0.45519674,0,1,0.45519674,1,1,0.45519674,0,1,0.45519674,0,-1,0.40708297,0,-1,0.40708297,0,1,0.45519674,0,-1,0.38957077,0,1,0.45519674,0,-1,0.3825639,0,-1,0.3825639,0,-1,0.3803588,-1,-1,0.3803588,0,1,0.4589987,-1,1,0.4589987,0,-1,0.39532572,0,-1,0.39532572,0,-1,0.40312397,0,-1,0.40312397,0,-1,0.3764115,0,-1,0.3764115,0,-1,0.38957077,0,-1,0.37767002,0,-1,0.3776701,0,-1,0.38957068,0,1,0.45971218,0,1,0.45971218,1,1,0.45971218,0,-1,0.38957077,0,1,0.45000145,0,1,0.45000145,0,1,0.45000145,0,1,0.45000145,0,1,0.45000145,0,1,0.45000145,0,-1,0.3696032,0,-1,0.3696032,0,-1,0.3696032,0,-1,0.3696032,0,-1,0.3696032,0,-1,0.3696032,0,-1,0.3696032,0,-1,0.3696032,0,-1,0.3696032,0,-1,0.3696032,0,-1,0.3696032,0,-1,0.3696032,0,1,0.45063025,0,1,0.45063025,0,1,0.45063025,0,1,0.45063025,0,1,0.45063025,0,1,0.45063025,0,-1,0.3934351,0,-1,0.3934351,0,-1,0.39343506,0,1,0.4597122,0,1,0.45971218,0,1,0.45971218,0,1,0.45971218,1,-1,0.40447998,0,-1,0.40447998,0,-1,0.40447998,0,-1,0.3953575,0,-1,0.3953575,0,-1,0.3953575,0
     400,  34.25%,0.18992642897566495,-1,0.3492258,0,-1,0.3492258,0,-1,0.3492258,0,0,0.33614793,0,-1,0.3492258,0,-1,0.3492258,1,1,0.54825974,0,1,0.54825974,0,1,0.54825974,0,1,0.54825974,0,1,0.54825974,0,-1,0.3492258,0,-1,0.3492258,0,1,0.54825974,0,0,0.33614793,0,1,0.54825974,0,0,0.33907396,0,0,0.33907396,0,0,0.33953553,0,0,0.33953553,0,1,0.5722942,0,1,0.5722942,0,-1,0.3390263,0,-1,0.3390263,0,-1,0.3445459,0,-1,0.3445459,0,0,0.34301707,0,0,0.34301707,0,0,0.33614793,0,0,0.3419462,0,0,0.3419462,0,0,0.33614793,0,1,0.57242775,0,1,0.57242775,1,1,0.57242775,0,0,0.33614793,0,1,0.5621268,0,1,0.5621268,0,1,0.5621268,0,1,0.5621268,0,1,0.5621268,0,1,0.5621268,0,0,0.34614694,0,0,0.34614694,0,0,0.34614694,0,0,0.34614694,0,0,0.34614694,0,0,0.34614694,0,0,0.34614694,0,0,0.34614694,1,0,0.34614694,0,0,0.34614694,0,0,0.34614694,0,0,0.34614694,0,1,0.56168306,0,1,0.56168306,0,1,0.56168306,0,1,0.56168306,0,1,0.56168306,0,1,0.56168306,0,-1,0.3378174,0,-1,0.3378174,0,-1,0.33781734,0,1,0.57242787,0,1,0.57242775,0,1,0.57242775,0,1,0.57242775,0,-1,0.34791493,0,-1,0.34791493,0,-1,0.34791493,0,-1,0.33847728,0,-1,0.33847728,0,-1,0.33847728,0
     401,   4.11%,0.02631578947368421,1,0.46243003,0,1,0.46243003,0,1,0.46243003,0,1,0.47013286,0,1,0.46243003,0,1,0.46243003,1,1,0.56222177,0,1,0.56222177,0,1,0.56222177,1,1,0.56222177,0,1,0.56222177,1,1,0.46243003,0,1,0.46243003,0,1,0.56222177,0,1,0.47013286,0,1,0.56222177,0,1,0.4706955,0,1,0.4706955,0,1,0.477324,0,1,0.477324,0,1,0.5541156,-1,1,0.5541156,-1,1,0.46722227,-1,1,0.46722227,0,1,0.46419677,-1,1,0.46419677,0,1,0.47878632,-1,1,0.47878632,-1,1,0.47013286,0,1,0.47341767,0,1,0.47341767,0,1,0.47013286,0,1,0.5553024,0,1,0.5553024,0,1,0.5553024,0,1,0.47013286,0,1,0.5549887,0,1,0.5549887,0,1,0.5549887,0,1,0.5549887,0,1,0.5549887,0,1,0.5549887,0,1,0.48074925,0,1,0.48074925,0,1,0.48074925,0,1,0.48074925,0,1,0.48074925,0,1,0.48074925,0,1,0.48074925,0,1,0.48074925,0,1,0.48074925,0,1,0.48074925,0,1,0.48074925,0,1,0.48074925,0,1,0.55849,0,1,0.55849,0,1,0.55849,0,1,0.55849,0,1,0.55849,0,1,0.55849,0,1,0.46977794,0,1,0.46977794,0,1,0.46977794,0,1,0.5553024,0,1,0.5553024,0,1,0.5553024,0,1,0.5553024,0,1,0.4631316,0,1,0.4631316,0,1,0.4631316,0,1,0.46657768,0,1,0.46657768,0,1,0.46657768,0
     402,  28.77%,0.17500000000000002,1,0.3989535,-1,1,0.3989535,-1,1,0.3989535,0,1,0.40997255,0,1,0.3989535,-1,1,0.3989535,0,0,0.56353426,-1,0,0.56353426,-1,0,0.56353426,0,0,0.56353426,-1,0,0.56353426,1,1,0.3989535,-1,1,0.3989535,0,0,0.56353426,0,1,0.40997255,0,0,0.56353426,0,1,0.4119583,0,1,0.4119583,0,1,0.4163461,0,1,0.4163461,-1,0,0.5910739,-1,0,0.5910739,-1,1,0.40616035,-1,1,0.40616035,-1,1,0.405002,-1,1,0.405002,-1,1,0.41598192,-1,1,0.41598192,-1,1,0.40997255,0,1,0.41767251,0,1,0.41767251,-1,1,0.40997258,0,0,0.59327596,0,0,0.59327596,1,0,0.59327596,0,1,0.40997255,0,0,0.58698994,0,0,0.58698994,0,0,0.58698994,0,0,0.58698994,0,0,0.58698994,0,0,0.58698994,0,1,0.42083994,0,1,0.42083994,0,1,0.42083994,0,1,0.42083994,0,1,0.42083994,-1,1,0.42083994,0,1,0.42083994,0,1,0.42083994,-1,1,0.42083994,0,1,0.42083994,0,1,0.42083994,0,1,0.42083994,0,0,0.5857568,0,0,0.5857568,0,0,0.5857568,0,0,0.5857568,0,0,0.5857568,0,0,0.5857568,0,1,0.40986535,0,1,0.40986535,0,1,0.40986535,0,0,0.593276,0,0,0.593276,0,0,0.593276,0,0,0.593276,0,1,0.40065703,0,1,0.40065703,0,1,0.40065703,0,1,0.4076164,0,1,0.4076164,0,1,0.4076164,0
     403,  17.81%,0.1511627906976744,1,0.45803696,1,1,0.45803696,1,1,0.45803696,1,1,0.46080592,0,1,0.45803696,1,1,0.45803696,1,1,0.5619928,1,1,0.5619928,1,1,0.5619928,1,1,0.5619928,1,1,0.5619928,1,1,0.45803696,1,1,0.45803696,1,1,0.5619928,1,1,0.46080592,0,1,0.5619928,0,1,0.46090087,0,1,0.46090087,0,1,0.46723142,0,1,0.46723142,0,1,0.55106854,0,1,0.55106854,0,1,0.4588688,0,1,0.4588688,0,1,0.456933,0,1,0.456933,0,1,0.46586028,0,1,0.46586028,0,1,0.46080592,0,1,0.4609725,0,1,0.4609725,0,1,0.4608059,0,1,0.55590034,0,1,0.55590034,0,1,0.55590034,0,1,0.46080592,0,1,0.56404203,0,1,0.56404203,0,1,0.56404203,0,1,0.56404203,0,1,0.56404203,0,1,0.56404203,0,1,0.46882907,0,1,0.46882907,0,1,0.46882907,0,1,0.46882907,0,1,0.46882907,0,1,0.46882907,0,1,0.46882907,0,1,0.46882907,0,1,0.46882907,0,1,0.46882907,0,1,0.46882907,0,1,0.46882907,0,1,0.55698496,0,1,0.55698496,0,1,0.55698496,0,1,0.55698496,0,1,0.55698496,0,1,0.55698496,0,1,0.45977622,0,1,0.45977622,0,1,0.45977622,0,1,0.5559004,0,1,0.55590034,0,1,0.55590034,0,1,0.55590034,0,1,0.45772886,0,1,0.45772886,0,1,0.45772886,0,1,0.45904878,0,1,0.45904878,0,1,0.45904878,0
     404,   2.74%,0.02666666666666667,1,0.59596765,0,1,0.59596765,0,1,0.59596765,0,1,0.593722,0,1,0.59596765,0,1,0.59596765,0,1,0.65298,0,1,0.65298,0,1,0.65298,1,1,0.65298,0,1,0.65298,1,1,0.59596765,0,1,0.59596765,0,1,0.65298,0,1,0.593722,0,1,0.65298,0,1,0.5916203,0,1,0.5916203,0,1,0.59654987,0,1,0.59654987,0,1,0.65637714,0,1,0.65637714,0,1,0.5923845,0,1,0.5923845,0,1,0.59243935,0,1,0.59243935,0,1,0.5978597,0,1,0.5978597,0,1,0.593722,0,1,0.5902873,0,1,0.5902873,0,1,0.593722,0,1,0.65359354,0,1,0.65359354,0,1,0.65359354,0,1,0.593722,0,1,0.6543794,0,1,0.6543794,0,1,0.6543794,0,1,0.6543794,0,1,0.6543794,0,1,0.6543794,0,1,0.59913516,0,1,0.59913516,0,1,0.59913516,0,1,0.59913516,0,1,0.59913516,0,1,0.59913516,0,1,0.59913516,0,1,0.59913516,0,1,0.59913516,0,1,0.59913516,0,1,0.59913516,0,1,0.59913516,0,1,0.65475243,0,1,0.65475243,0,1,0.65475243,0,1,0.65475243,0,1,0.65475243,0,1,0.65475243,0,1,0.59297603,0,1,0.59297603,0,1,0.592976,0,1,0.6535935,0,1,0.6535935,0,1,0.6535935,0,1,0.6535935,0,1,0.5950519,0,1,0.5950519,0,1,0.5950519,0,1,0.5915053,0,1,0.5915053,0,1,0.5915053,0
     405,   0.00%,0.0,-1,0.44571897,0,-1,0.44571897,0,-1,0.44571897,0,-1,0.43512028,0,-1,0.44571897,0,-1,0.44571897,0,1,0.608791,0,1,0.608791,0,1,0.608791,0,1,0.608791,0,1,0.608791,0,-1,0.44571897,0,-1,0.44571897,0,1,0.608791,0,-1,0.43512028,0,1,0.608791,0,-1,0.4341499,0,-1,0.4341499,0,-1,0.43180567,0,-1,0.43180567,0,1,0.6028977,0,1,0.6028977,0,-1,0.44070485,0,-1,0.44070485,0,-1,0.44298196,0,-1,0.44298196,0,-1,0.42293125,0,-1,0.42293125,0,-1,0.43512028,0,-1,0.42817193,0,-1,0.428172,0,-1,0.43512028,0,1,0.61415714,0,1,0.61415714,0,1,0.61415714,0,-1,0.43512028,0,1,0.6126821,0,1,0.6126821,0,1,0.6126821,0,1,0.6126821,0,1,0.6126821,0,1,0.6126821,0,-1,0.41274157,0,-1,0.41274157,0,-1,0.41274157,0,-1,0.41274157,0,-1,0.41274157,1,-1,0.41274157,0,-1,0.41274157,0,-1,0.41274157,0,-1,0.41274157,1,-1,0.41274157,0,-1,0.41274157,0,-1,0.41274157,0,1,0.60268927,0,1,0.60268927,0,1,0.60268927,0,1,0.60268927,0,1,0.60268927,0,1,0.60268927,0,-1,0.43878463,0,-1,0.43878463,0,-1,0.43878463,0,1,0.6141572,0,1,0.61415714,0,1,0.61415714,0,1,0.61415714,0,-1,0.44656587,0,-1,0.44656587,0,-1,0.44656587,0,-1,0.4412844,0,-1,0.4412844,0,-1,0.4412844,0
     406, 100.00%,1.0,0,0.6014596,0,0,0.6014596,0,0,0.6014596,0,0,0.597075,0,0,0.6014596,0,0,0.6014596,0,0,0.83072996,0,0,0.83072996,0,0,0.83072996,0,0,0.83072996,0,0,0.83072996,0,0,0.6014596,0,0,0.6014596,0,0,0.83072996,0,0,0.597075,0,0,0.83072996,0,0,0.5974993,0,0,0.5974993,0,0,0.59491175,0,0,0.59491175,0,0,0.87779486,0,0,0.87779486,0,0,0.598512,0,0,0.598512,0,0,0.59574056,0,0,0.59574056,0,0,0.5946804,0,0,0.5946804,0,0,0.597075,0,0,0.5931852,0,0,0.5931852,0,0,0.597075,0,0,0.87733257,0,0,0.87733257,0,0,0.87733257,0,0,0.597075,0,0,0.83407575,0,0,0.83407575,0,0,0.83407575,0,0,0.83407575,0,0,0.83407575,0,0,0.83407575,0,0,0.5949037,0,0,0.5949037,0,0,0.5949037,0,0,0.5949037,0,0,0.5949037,0,0,0.5949037,0,0,0.5949037,0,0,0.5949037,0,0,0.5949037,0,0,0.5949037,0,0,0.5949037,0,0,0.5949037,0,0,0.84984225,0,0,0.84984225,0,0,0.84984225,0,0,0.84984225,0,0,0.84984225,0,0,0.84984225,0,0,0.595065,0,0,0.595065,0,0,0.595065,0,0,0.87733257,0,0,0.87733257,0,0,0.87733257,0,0,0.87733257,0,0,0.60133725,0,0,0.60133725,0,0,0.60133725,0,0,0.5971721,0,0,0.5971721,0,0,0.5971721,0
     407, 100.00%,1.0,0,0.6175733,0,0,0.6175733,0,0,0.6175733,0,0,0.6217275,0,0,0.6175733,0,0,0.6175733,0,0,0.8500674,0,0,0.8500674,0,0,0.8500674,0,0,0.8500674,0,0,0.8500674,0,0,0.6175733,0,0,0.6175733,0,0,0.8500674,0,0,0.6217275,0,0,0.8500674,0,0,0.6221797,0,0,0.6221797,0,0,0.62267244,0,0,0.62267244,0,0,0.88225454,0,0,0.88225454,0,0,0.6210728,0,0,0.6210728,0,0,0.6192623,0,0,0.6192623,0,0,0.6260503,0,0,0.6260503,0,0,0.6217275,0,0,0.6215542,0,0,0.6215542,0,0,0.62172747,0,0,0.8828987,0,0,0.8828987,0,0,0.8828987,0,0,0.6217275,0,0,0.8539142,0,0,0.8539142,0,0,0.8539142,0,0,0.8539142,0,0,0.8539142,0,0,0.8539142,0,0,0.62470084,0,0,0.62470084,0,0,0.62470084,0,0,0.62470084,0,0,0.62470084,0,0,0.62470084,0,0,0.62470084,0,0,0.62470084,0,0,0.62470084,0,0,0.62470084,0,0,0.62470084,0,0,0.62470084,0,0,0.85997975,0,0,0.85997975,0,0,0.85997975,0,0,0.85997975,0,0,0.85997975,0,0,0.85997975,0,0,0.6207377,0,0,0.6207377,0,0,0.6207377,0,0,0.8828987,0,0,0.8828987,0,0,0.8828987,0,0,0.8828987,0,0,0.6199206,0,0,0.6199206,0,0,0.6199206,0,0,0.6212824,0,0,0.6212824,0,0,0.6212824,0
     408,  94.52%,0.323943661971831,0,0.5538385,-1,0,0.5538385,-1,0,0.5538385,0,0,0.55570984,0,0,0.5538385,0,0,0.5538385,1,0,0.553661,0,0,0.553661,0,0,0.553661,0,0,0.553661,0,0,0.553661,1,0,0.5538385,0,0,0.5538385,0,0,0.553661,0,0,0.55570984,0,0,0.553661,0,0,0.55816716,0,0,0.55816716,0,0,0.556284,0,0,0.556284,0,0,0.56680226,0,0,0.56680226,0,0,0.55349535,0,0,0.55349535,0,0,0.5546088,0,0,0.5546088,0,0,0.5547527,0,0,0.5547527,0,0,0.55570984,0,0,0.55963516,0,0,0.55963516,0,0,0.55570984,0,0,0.56496036,0,0,0.56496036,0,0,0.56496036,0,0,0.55570984,0,0,0.54388523,0,0,0.54388523,0,0,0.54388523,0,0,0.54388523,0,0,0.54388523,0,0,0.54388523,0,0,0.55600077,0,0,0.55600077,0,0,0.55600077,0,0,0.55600077,0,0,0.55600077,0,0,0.55600077,0,0,0.55600077,0,0,0.55600077,0,0,0.55600077,0,0,0.55600077,0,0,0.55600077,0,0,0.55600077,0,0,0.55511683,0,0,0.55511683,0,0,0.55511683,0,0,0.55511683,0,0,0.55511683,0,0,0.55511683,0,0,0.552534,0,0,0.552534,0,0,0.5525339,0,0,0.5649604,0,0,0.56496036,0,0,0.56496036,0,0,0.56496036,0,0,0.5521217,0,0,0.5521217,0,0,0.5521217,0,0,0.55391574,0,0,0.55391574,0,0,0.55391574,0
     409,  38.36%,0.27722772277227725,-1,0.46291673,0,-1,0.46291673,0,-1,0.46291673,0,-1,0.44704035,0,-1,0.46291673,0,-1,0.46291673,0,0,0.43915585,0,0,0.43915585,0,0,0.43915585,0,0,0.43915585,0,0,0.43915585,0,-1,0.46291673,0,-1,0.46291673,0,0,0.43915585,0,-1,0.44704035,0,0,0.43915585,0,-1,0.4381794,0,-1,0.4381794,0,-1,0.4426984,0,-1,0.4426984,0,0,0.43254277,0,0,0.43254277,0,-1,0.45174074,0,-1,0.45174074,0,-1,0.46110794,0,-1,0.46110794,0,-1,0.4329215,0,-1,0.4329215,0,-1,0.44704035,0,-1,0.43614352,0,-1,0.43614358,0,-1,0.44704035,0,0,0.43812636,0,0,0.43812636,0,0,0.43812636,0,-1,0.44704035,0,0,0.44729754,0,0,0.44729754,0,0,0.44729754,0,0,0.44729754,0,0,0.44729754,0,0,0.44729754,0,-1,0.4266061,0,-1,0.4266061,0,-1,0.4266061,0,-1,0.4266061,0,-1,0.4266061,0,-1,0.4266061,0,-1,0.4266061,0,-1,0.4266061,0,-1,0.4266061,0,-1,0.4266061,0,-1,0.4266061,0,-1,0.4266061,0,0,0.44331843,0,0,0.44331843,0,0,0.44331843,0,0,0.44331843,0,0,0.44331843,0,0,0.44331843,0,-1,0.45445588,0,-1,0.45445588,0,-1,0.45445588,0,0,0.43812633,0,0,0.43812636,0,0,0.43812636,0,0,0.43812636,0,-1,0.46214208,0,-1,0.46214208,0,-1,0.46214208,0,-1,0.4525781,0,-1,0.4525781,0,-1,0.4525781,0
     410,  27.40%,0.14336917562724014,-1,0.3931929,0,-1,0.3931929,0,-1,0.3931929,0,-1,0.37467498,0,-1,0.3931929,0,-1,0.3931929,0,0,0.44424134,0,0,0.44424134,0,0,0.44424134,0,0,0.44424134,0,0,0.44424134,1,-1,0.3931929,0,-1,0.3931929,0,0,0.44424134,0,-1,0.37467498,0,0,0.44424134,0,-1,0.3670429,0,-1,0.3670429,0,-1,0.3641282,0,-1,0.3641282,0,0,0.4393951,0,0,0.4393951,0,-1,0.38216004,0,-1,0.38216004,0,-1,0.38872784,0,-1,0.38872784,0,-1,0.36205962,0,-1,0.36205962,0,-1,0.37467498,0,-1,0.36141455,0,-1,0.36141455,0,-1,0.37467495,0,1,0.4465813,0,1,0.4465813,0,1,0.4465813,0,-1,0.37467498,0,0,0.45261288,0,0,0.45261288,0,0,0.45261288,0,0,0.45261288,0,0,0.45261288,0,0,0.45261288,0,-1,0.35386992,0,-1,0.35386992,0,-1,0.35386992,0,-1,0.35386992,0,-1,0.35386992,0,-1,0.35386992,0,-1,0.35386992,0,-1,0.35386992,0,-1,0.35386992,0,-1,0.35386992,0,-1,0.35386992,0,-1,0.35386992,0,0,0.44754952,0,0,0.44754952,0,0,0.44754952,0,0,0.44754952,0,0,0.44754952,0,0,0.44754952,0,-1,0.37969062,0,-1,0.37969062,0,-1,0.3796906,0,1,0.44658133,0,1,0.4465813,0,1,0.4465813,0,1,0.4465813,0,-1,0.39049834,0,-1,0.39049834,0,-1,0.39049834,0,-1,0.38126874,0,-1,0.38126874,0,-1,0.38126874,0
     411, 100.00%,1.0,0,0.6635724,0,0,0.6635724,0,0,0.6635724,0,0,0.66409546,0,0,0.6635724,0,0,0.6635724,0,0,0.9220033,0,0,0.9220033,0,0,0.9220033,0,0,0.9220033,0,0,0.9220033,0,0,0.6635724,0,0,0.6635724,0,0,0.9220033,0,0,0.66409546,0,0,0.9220033,0,0,0.6695057,0,0,0.6695057,0,0,0.66515946,0,0,0.66515946,0,0,0.9318907,0,0,0.9318907,0,0,0.66437405,0,0,0.66437405,0,0,0.65682554,0,0,0.65682554,0,0,0.69243413,0,0,0.69243413,0,0,0.66409546,0,0,0.6546992,0,0,0.65469927,0,0,0.6640954,0,0,0.9383156,0,0,0.9383156,0,0,0.9383156,0,0,0.66409546,0,0,0.92676556,0,0,0.92676556,0,0,0.92676556,0,0,0.92676556,0,0,0.92676556,0,0,0.92676556,0,0,0.68375254,0,0,0.68375254,0,0,0.68375254,0,0,0.68375254,0,0,0.68375254,0,0,0.68375254,0,0,0.68375254,0,0,0.68375254,0,0,0.68375254,0,0,0.68375254,0,0,0.68375254,0,0,0.68375254,0,0,0.93206817,0,0,0.93206817,0,0,0.93206817,0,0,0.93206817,0,0,0.93206817,0,0,0.93206817,0,0,0.6567781,0,0,0.6567781,0,0,0.6567781,0,0,0.9383156,0,0,0.9383156,0,0,0.9383156,0,0,0.9383156,0,0,0.6615009,0,0,0.6615009,0,0,0.6615009,0,0,0.6637658,0,0,0.6637658,0,0,0.6637658,0
     412,   0.00%,0.0,1,0.38741097,-1,1,0.38741097,-1,1,0.38741097,-1,1,0.39355358,0,1,0.38741097,-1,1,0.38741097,0,1,0.58689845,-1,1,0.58689845,-1,1,0.58689845,-1,1,0.58689845,-1,1,0.58689845,-1,1,0.38741097,0,1,0.38741097,0,1,0.58689845,0,1,0.39355358,0,1,0.58689845,0,1,0.39546788,-1,1,0.39546788,-1,1,0.39672017,-1,1,0.39672017,-1,1,0.58172727,-1,1,0.58172727,-1,1,0.39015675,-1,1,0.39015675,-1,1,0.38964206,-1,1,0.38964206,-1,1,0.39508456,-1,1,0.39508456,-1,1,0.39355358,0,1,0.39948067,-1,1,0.39948067,-1,1,0.39355358,0,1,0.5851786,0,1,0.5851786,0,1,0.5851786,0,1,0.39355358,0,1,0.5998049,0,1,0.5998049,0,1,0.5998049,0,1,0.5998049,0,1,0.5998049,0,1,0.5998049,0,1,0.40218037,0,1,0.40218037,0,1,0.40218037,0,1,0.40218037,0,1,0.40218037,-1,1,0.40218037,0,1,0.40218037,-1,1,0.40218037,-1,1,0.40218037,0,1,0.40218037,0,1,0.40218037,0,1,0.40218037,0,1,0.5964143,0,1,0.5964143,0,1,0.5964143,0,1,0.5964143,0,1,0.5964143,0,1,0.5964143,0,1,0.39179325,0,1,0.39179325,0,1,0.39179328,0,1,0.5851787,0,1,0.5851787,0,1,0.5851787,0,1,0.5851787,0,1,0.38799256,0,1,0.38799256,0,1,0.38799256,0,1,0.39017,0,1,0.39017,0,1,0.39017,0
     413,  35.62%,0.24209150326797388,1,0.35280514,-1,1,0.35280514,-1,1,0.35280514,-1,1,0.36133724,0,1,0.35280514,0,1,0.35280514,0,1,0.36163944,0,1,0.36163944,0,1,0.36163944,0,1,0.36163944,0,1,0.36163944,0,1,0.35280514,0,1,0.35280514,0,1,0.36163944,0,1,0.36133724,0,1,0.36163944,0,1,0.3623572,0,1,0.3623572,0,1,0.366267,1,1,0.366267,1,0,0.38119102,0,0,0.38119102,0,1,0.35651103,0,1,0.35651103,0,1,0.35841277,0,1,0.35841277,0,1,0.36441815,0,1,0.36441815,0,1,0.36133724,0,1,0.3694874,0,1,0.3694874,0,1,0.36133724,0,0,0.38734138,1,0,0.38734138,1,0,0.38734138,1,1,0.36133724,0,0,0.36266857,1,0,0.36266857,1,0,0.36266857,1,0,0.36266857,1,0,0.36266857,1,0,0.36266857,1,1,0.3698567,1,1,0.3698567,1,1,0.3698567,1,1,0.3698567,1,1,0.3698567,1,1,0.3698567,1,1,0.3698567,1,1,0.3698567,1,1,0.3698567,1,1,0.3698567,1,1,0.3698567,1,1,0.3698567,1,0,0.36839187,0,0,0.36839187,0,0,0.36839187,0,0,0.36839187,0,0,0.36839187,0,0,0.36839187,0,1,0.3604503,0,1,0.3604503,0,1,0.36045033,0,0,0.3873414,0,0,0.38734144,0,0,0.38734144,0,0,0.38734144,0,1,0.3523884,0,1,0.3523884,0,1,0.3523884,0,1,0.35834143,0,1,0.35834143,0,1,0.35834143,0
     414,  32.88%,0.20784313725490197,1,0.36689934,0,1,0.36689934,0,1,0.36689934,1,1,0.36609486,0,1,0.36689934,1,1,0.36689934,1,0,0.44306818,1,0,0.44306818,1,0,0.44306818,1,0,0.44306818,1,0,0.44306818,1,1,0.36689934,0,1,0.36689934,1,0,0.44306818,1,1,0.36609486,0,0,0.44306818,1,1,0.36307666,0,1,0.36307666,0,1,0.36970496,0,1,0.36970496,0,0,0.45341253,0,0,0.45341253,0,1,0.3639223,0,1,0.3639223,0,1,0.36759245,0,1,0.36759245,0,1,0.36238378,0,1,0.36238378,0,1,0.36609486,0,1,0.36295724,0,1,0.36295727,0,1,0.36609486,0,0,0.45571345,0,0,0.45571345,0,0,0.45571345,0,1,0.36609486,0,0,0.45169386,-1,0,0.45169386,0,0,0.45169386,1,0,0.45169386,0,0,0.45169386,0,0,0.45169386,1,1,0.3599118,0,1,0.3599118,0,1,0.3599118,0,1,0.3599118,0,1,0.3599118,1,1,0.3599118,0,1,0.3599118,0,1,0.3599118,0,1,0.3599118,0,1,0.3599118,0,1,0.3599118,1,1,0.3599118,0,0,0.44833443,0,0,0.44833443,0,0,0.44833443,0,0,0.44833443,0,0,0.44833443,0,0,0.44833443,0,1,0.36565626,0,1,0.36565626,0,1,0.36565626,0,0,0.45571348,0,0,0.45571345,0,0,0.45571345,0,0,0.45571345,0,1,0.36904642,0,1,0.36904642,0,1,0.36904642,0,1,0.36419582,0,1,0.36419582,0,1,0.36419582,0
     415,  30.14%,0.23302074452969593,-1,0.44639945,0,-1,0.44639945,0,-1,0.44639945,1,-1,0.43534127,0,-1,0.44639945,0,-1,0.44639945,1,0,0.36211166,1,0,0.36211166,0,0,0.36211166,1,0,0.36211166,0,0,0.36211166,1,-1,0.44639945,1,-1,0.44639945,1,0,0.36211166,1,-1,0.43534127,0,0,0.36211166,1,-1,0.42780486,-1,-1,0.42780486,-1,-1,0.42979437,1,-1,0.42979437,1,0,0.38473305,1,0,0.38473305,1,-1,0.4393113,0,-1,0.4393113,0,-1,0.44720986,1,-1,0.44720986,1,-1,0.42679983,-1,-1,0.42679983,-1,-1,0.43534127,0,-1,0.42822585,-1,-1,0.42822585,-1,-1,0.43534127,0,0,0.39088368,0,0,0.39088368,1,0,0.39088368,0,-1,0.43534127,0,0,0.36107057,1,0,0.36107057,1,0,0.36107057,1,0,0.36107057,1,0,0.36107057,0,0,0.36107057,0,-1,0.42562687,0,-1,0.42562687,0,-1,0.42562687,0,-1,0.42562687,1,-1,0.42562687,0,-1,0.42562687,0,-1,0.42562687,1,-1,0.42562687,0,-1,0.42562687,1,-1,0.42562687,1,-1,0.42562687,1,-1,0.42562687,1,0,0.36964032,0,0,0.36964032,0,0,0.36964032,0,0,0.36964032,0,0,0.36964032,0,0,0.36964032,0,-1,0.4408806,0,-1,0.4408806,0,-1,0.4408806,0,0,0.39088368,0,0,0.39088365,0,0,0.39088365,0,0,0.39088365,0,-1,0.444808,0,-1,0.444808,0,-1,0.444808,0,-1,0.4396832,0,-1,0.4396832,0,-1,0.4396832,0
     416, 100.00%,1.0,0,0.8176952,0,0,0.8176952,0,0,0.8176952,0,0,0.81837285,0,0,0.8176952,0,0,0.8176952,0,0,0.8524069,0,0,0.8524069,0,0,0.8524069,0,0,0.8524069,0,0,0.8524069,0,0,0.8176952,0,0,0.8176952,0,0,0.8524069,0,0,0.81837285,0,0,0.8524069,0,0,0.8195685,0,0,0.8195685,0,0,0.81423604,0,0,0.81423604,0,0,0.8879542,0,0,0.8879542,0,0,0.8182775,0,0,0.8182775,0,0,0.82088304,0,0,0.82088304,0,0,0.8143229,0,0,0.8143229,0,0,0.81837285,0,0,0.8213059,0,0,0.8213058,0,0,0.81837285,0,0,0.89308053,0,0,0.89308053,0,0,0.89308053,0,0,0.81837285,0,0,0.8524583,0,0,0.8524583,0,0,0.8524583,0,0,0.8524583,0,0,0.8524583,0,0,0.8524583,0,0,0.81579405,0,0,0.81579405,0,0,0.81579405,0,0,0.81579405,0,0,0.81579405,0,0,0.81579405,0,0,0.81579405,0,0,0.81579405,0,0,0.81579405,0,0,0.81579405,0,0,0.81579405,0,0,0.81579405,0,0,0.8647113,0,0,0.8647113,0,0,0.8647113,0,0,0.8647113,0,0,0.8647113,0,0,0.8647113,0,0,0.8163166,0,0,0.8163166,0,0,0.81631666,0,0,0.89308053,0,0,0.89308053,0,0,0.89308053,0,0,0.89308053,0,0,0.8174867,0,0,0.8174867,0,0,0.8174867,0,0,0.81791013,0,0,0.81791013,0,0,0.81791013,0
     417,   0.00%,0.0,1,0.37014183,0,1,0.37014183,0,1,0.37014183,0,1,0.37925383,0,1,0.37014183,0,1,0.37014183,0,1,0.5522647,0,1,0.5522647,0,1,0.5522647,0,1,0.5522647,0,1,0.5522647,0,1,0.37014183,0,1,0.37014183,0,1,0.5522647,0,1,0.37925383,0,1,0.5522647,0,1,0.3831751,0,1,0.3831751,0,1,0.38049072,0,1,0.38049072,0,1,0.56646657,0,1,0.56646657,0,1,0.37727436,0,1,0.37727436,0,1,0.3773287,0,1,0.3773287,0,1,0.37761864,0,1,0.37761864,0,1,0.37925383,0,1,0.38815638,0,1,0.38815638,0,1,0.37925383,0,1,0.56378776,0,1,0.56378776,0,1,0.56378776,0,1,0.37925383,0,1,0.5604183,0,1,0.5604183,0,1,0.5604183,0,1,0.5604183,0,1,0.5604183,0,1,0.5604183,0,1,0.3809683,0,1,0.3809683,0,1,0.3809683,0,1,0.3809683,0,1,0.3809683,0,1,0.3809683,0,1,0.3809683,0,1,0.3809683,0,1,0.3809683,0,1,0.3809683,0,1,0.3809683,0,1,0.3809683,0,1,0.5658725,0,1,0.5658725,0,1,0.5658725,0,1,0.5658725,0,1,0.5658725,0,1,0.5658725,0,1,0.38049343,0,1,0.38049343,0,1,0.3804934,0,1,0.56378764,0,1,0.56378776,0,1,0.56378776,0,1,0.56378776,0,1,0.37375304,0,1,0.37375304,0,1,0.37375304,0,1,0.38002515,0,1,0.38002515,0,1,0.38002515,0
     418,  38.36%,0.18481848184818483,1,0.3996249,-1,1,0.3996249,-1,1,0.3996249,-1,1,0.40586263,0,1,0.3996249,-1,1,0.3996249,-1,1,0.5692569,-1,1,0.5692569,-1,1,0.5692569,-1,1,0.5692569,-1,1,0.5692569,-1,1,0.3996249,-1,1,0.3996249,-1,1,0.5692569,-1,1,0.40586263,0,1,0.5692569,-1,1,0.40448314,0,1,0.40448314,-1,1,0.40933514,0,1,0.40933514,0,1,0.5584746,-1,1,0.5584746,-1,1,0.40403554,-1,1,0.40403554,-1,1,0.409935,1,1,0.409935,1,1,0.4054571,-1,1,0.4054571,-1,1,0.40586263,0,1,0.41171968,0,1,0.41171968,0,1,0.40586263,0,1,0.55561227,1,1,0.55561227,1,1,0.55561227,1,1,0.40586263,0,1,0.56458795,1,1,0.56458795,1,1,0.56458795,1,1,0.56458795,1,1,0.56458795,1,1,0.56458795,1,1,0.41284177,0,1,0.41284177,0,1,0.41284177,1,1,0.41284177,1,1,0.41284177,-1,1,0.41284177,0,1,0.41284177,0,1,0.41284177,0,1,0.41284177,0,1,0.41284177,1,1,0.41284177,1,1,0.41284177,1,1,0.5555474,1,1,0.5555474,1,1,0.5555474,1,1,0.5555474,1,1,0.5555474,1,1,0.5555474,1,1,0.40917006,1,1,0.40917006,1,1,0.40917006,1,1,0.55561227,0,1,0.5556123,0,1,0.5556123,0,1,0.5556123,0,1,0.40192214,1,1,0.40192214,1,1,0.40192214,0,1,0.40584573,0,1,0.40584573,1,1,0.40584573,0
     419, 100.00%,1.0,0,0.9921367,0,0,0.9921367,0,0,0.9921367,0,0,0.9923002,0,0,0.9921367,0,0,0.9921367,0,0,0.98756325,0,0,0.98756325,0,0,0.98756325,0,0,0.98756325,0,0,0.98756325,0,0,0.9921367,0,0,0.9921367,0,0,0.98756325,0,0,0.9923002,0,0,0.98756325,0,0,0.9924834,0,0,0.9924834,0,0,0.99112386,0,0,0.99112386,0,0,0.98816437,0,0,0.98816437,0,0,0.9923214,0,0,0.9923214,0,0,0.9929494,0,0,0.9929494,0,0,0.9911279,0,0,0.9911279,0,0,0.9923002,0,0,0.992842,0,0,0.992842,0,0,0.9923002,0,0,0.9894995,0,0,0.9894995,0,0,0.9894995,0,0,0.9923002,0,0,0.9871348,0,0,0.9871348,0,0,0.9871348,0,0,0.9871348,0,0,0.9871348,0,0,0.9871348,0,0,0.9915135,0,0,0.9915135,0,0,0.9915135,0,0,0.9915135,0,0,0.9915135,0,0,0.9915135,0,0,0.9915135,0,0,0.9915135,0,0,0.9915135,0,0,0.9915135,0,0,0.9915135,0,0,0.9915135,0,0,0.988498,0,0,0.988498,0,0,0.988498,0,0,0.988498,0,0,0.988498,0,0,0.988498,0,0,0.9922823,0,0,0.9922823,0,0,0.9922823,0,0,0.9894995,0,0,0.9894995,0,0,0.9894995,0,0,0.9894995,0,0,0.9924997,0,0,0.9924997,0,0,0.9924997,0,0,0.992395,0,0,0.992395,0,0,0.992395,0
     420,  36.99%,0.18000000000000002,-1,0.63169,0,-1,0.63169,0,-1,0.63169,0,-1,0.6272009,0,-1,0.63169,0,-1,0.63169,1,-1,0.62308306,1,-1,0.62308306,0,-1,0.62308306,1,-1,0.62308306,1,-1,0.62308306,1,-1,0.63169,-1,-1,0.63169,0,-1,0.62308306,-1,-1,0.6272009,0,-1,0.62308306,-1,-1,0.62467945,-1,-1,0.62467945,-1,-1,0.62179077,1,-1,0.62179077,1,-1,0.6324279,1,-1,0.6324279,0,-1,0.63442206,-1,-1,0.63442206,-1,-1,0.63765347,-1,-1,0.63765347,0,-1,0.62497926,-1,-1,0.62497926,-1,-1,0.6272009,0,-1,0.6220612,1,-1,0.6220612,-1,-1,0.62720084,0,-1,0.62668693,0,-1,0.62668693,0,-1,0.62668693,0,-1,0.6272009,0,-1,0.6346762,-1,-1,0.6346762,1,-1,0.6346762,1,-1,0.6346762,1,-1,0.6346762,1,-1,0.6346762,1,-1,0.61907846,-1,-1,0.61907846,-1,-1,0.61907846,-1,-1,0.61907846,-1,-1,0.61907846,-1,-1,0.61907846,-1,-1,0.61907846,-1,-1,0.61907846,-1,-1,0.61907846,-1,-1,0.61907846,-1,-1,0.61907846,-1,-1,0.61907846,-1,-1,0.62735903,1,-1,0.62735903,1,-1,0.62735903,1,-1,0.62735903,0,-1,0.62735903,1,-1,0.62735903,1,-1,0.6339553,-1,-1,0.6339553,-1,-1,0.6339553,-1,-1,0.626687,0,-1,0.6266868,0,-1,0.6266868,0,-1,0.6266868,0,-1,0.63438517,0,-1,0.63438517,0,-1,0.63438517,0,-1,0.63492274,1,-1,0.63492274,1,-1,0.63492274,1
     421,  24.66%,0.1978021978021978,1,0.40124086,0,1,0.40124086,0,1,0.40124086,0,1,0.40458226,0,1,0.40124086,0,1,0.40124086,0,1,0.56465924,0,1,0.56465924,0,1,0.56465924,0,1,0.56465924,0,1,0.56465924,1,1,0.40124086,0,1,0.40124086,0,1,0.56465924,0,1,0.40458226,0,1,0.56465924,0,1,0.40247113,0,1,0.40247113,0,1,0.4082179,0,1,0.4082179,0,1,0.56245965,0,1,0.56245965,0,1,0.4045173,0,1,0.4045173,0,1,0.41066885,0,1,0.41066885,0,1,0.40044472,0,1,0.40044472,0,1,0.40458226,0,1,0.40748554,0,1,0.40748554,0,1,0.40458226,0,1,0.55148154,0,1,0.55148154,0,1,0.55148154,0,1,0.40458226,0,1,0.5869338,1,1,0.5869338,1,1,0.5869338,1,1,0.5869338,0,1,0.5869338,0,1,0.5869338,0,1,0.4042235,1,1,0.4042235,1,1,0.4042235,1,1,0.4042235,1,1,0.4042235,1,1,0.4042235,1,1,0.4042235,1,1,0.4042235,1,1,0.4042235,1,1,0.4042235,1,1,0.4042235,1,1,0.4042235,1,1,0.5667948,0,1,0.5667948,0,1,0.5667948,0,1,0.5667948,0,1,0.5667948,0,1,0.5667948,0,1,0.40965238,0,1,0.40965238,0,1,0.40965238,0,1,0.5514815,1,1,0.55148154,0,1,0.55148154,0,1,0.55148154,1,1,0.40522674,0,1,0.40522674,0,1,0.40522674,0,1,0.4060776,0,1,0.4060776,0,1,0.4060776,0
     422,   2.74%,0.027777777777777776,-1,0.4341729,0,-1,0.4341729,0,-1,0.4341729,0,-1,0.43634903,0,-1,0.4341729,0,-1,0.4341729,0,1,0.48774502,0,1,0.48774502,0,1,0.48774502,0,1,0.48774502,0,1,0.48774502,0,-1,0.4341729,0,-1,0.4341729,0,1,0.48774502,0,-1,0.43634903,0,1,0.48774502,0,-1,0.44002154,0,-1,0.44002154,0,-1,0.43307364,-1,-1,0.43307364,0,1,0.47422597,-1,1,0.47422597,0,-1,0.43846825,0,-1,0.43846825,0,-1,0.4396382,0,-1,0.4396382,-1,-1,0.43937925,0,-1,0.43937925,0,-1,0.43634903,0,-1,0.43867213,0,-1,0.43867204,0,-1,0.43634903,0,1,0.46558428,0,1,0.46558428,0,1,0.46558428,0,-1,0.43634903,0,1,0.50085676,0,1,0.50085676,0,1,0.50085676,0,1,0.50085676,0,1,0.50085676,0,1,0.50085676,0,-1,0.4336534,0,-1,0.4336534,0,-1,0.4336534,0,-1,0.4336534,0,-1,0.4336534,0,-1,0.4336534,0,-1,0.4336534,0,-1,0.4336534,0,-1,0.4336534,0,-1,0.4336534,0,-1,0.4336534,0,-1,0.4336534,0,1,0.47751328,0,1,0.47751328,0,1,0.47751328,0,1,0.47751328,0,1,0.47751328,0,1,0.47751328,0,-1,0.43497464,0,-1,0.43497464,0,-1,0.43497458,0,1,0.46558422,0,1,0.46558425,0,1,0.46558425,0,1,0.46558425,0,-1,0.43409702,0,-1,0.43409702,0,-1,0.43409702,0,-1,0.43934318,0,-1,0.43934318,0,-1,0.43934318,0
     423,  94.52%,0.323943661971831,0,0.4009189,-1,0,0.4009189,-1,0,0.4009189,0,0,0.40624678,0,0,0.4009189,0,0,0.4009189,0,0,0.5537194,0,0,0.5537194,0,0,0.5537194,1,0,0.5537194,0,0,0.5537194,0,0,0.4009189,0,0,0.4009189,0,0,0.5537194,0,0,0.40624678,0,0,0.5537194,0,0,0.4085852,0,0,0.4085852,0,0,0.408928,0,0,0.408928,0,0,0.55723155,0,0,0.55723155,0,0,0.4040614,0,0,0.4040614,0,0,0.39941943,0,0,0.39941943,0,0,0.41758865,0,0,0.41758865,0,0,0.40624678,0,0,0.40734774,0,0,0.40734774,0,0,0.40624675,0,0,0.5713389,0,0,0.5713389,0,0,0.5713389,0,0,0.40624678,0,0,0.56382686,0,0,0.56382686,0,0,0.56382686,0,0,0.56382686,0,0,0.56382686,0,0,0.56382686,0,0,0.4183543,0,0,0.4183543,0,0,0.4183543,0,0,0.4183543,0,0,0.4183543,-1,0,0.4183543,0,0,0.4183543,0,0,0.4183543,0,0,0.4183543,0,0,0.4183543,0,0,0.4183543,0,0,0.4183543,0,0,0.56271404,0,0,0.56271404,0,0,0.56271404,0,0,0.56271404,0,0,0.56271404,0,0,0.56271404,0,0,0.40294227,0,0,0.40294227,0,0,0.40294227,0,0,0.57133895,0,0,0.5713389,0,0,0.5713389,0,0,0.5713389,0,0,0.4002072,0,0,0.4002072,0,0,0.4002072,0,0,0.40445638,0,0,0.40445638,0,0,0.40445638,0
     424, 100.00%,1.0,0,0.991607,0,0,0.991607,0,0,0.991607,0,0,0.991754,0,0,0.991607,0,0,0.991607,0,0,0.9878476,0,0,0.9878476,0,0,0.9878476,0,0,0.9878476,0,0,0.9878476,0,0,0.991607,0,0,0.991607,0,0,0.9878476,0,0,0.991754,0,0,0.9878476,0,0,0.99204874,0,0,0.99204874,0,0,0.9903246,0,0,0.9903246,0,0,0.9897108,0,0,0.9897108,0,0,0.9918828,0,0,0.9918828,0,0,0.9924979,0,0,0.9924979,0,0,0.99038947,0,0,0.99038947,0,0,0.991754,0,0,0.99234647,0,0,0.99234647,0,0,0.991754,0,0,0.9908621,0,0,0.9908621,0,0,0.9908621,0,0,0.991754,0,0,0.98844093,0,0,0.98844093,0,0,0.98844093,0,0,0.98844093,0,0,0.98844093,0,0,0.98844093,0,0,0.99072427,0,0,0.99072427,0,0,0.99072427,0,0,0.99072427,0,0,0.99072427,0,0,0.99072427,0,0,0.99072427,0,0,0.99072427,0,0,0.99072427,0,0,0.99072427,0,0,0.99072427,0,0,0.99072427,0,0,0.9891749,0,0,0.9891749,0,0,0.9891749,0,0,0.9891749,0,0,0.9891749,0,0,0.9891749,0,0,0.99171835,0,0,0.99171835,0,0,0.99171835,0,0,0.9908621,0,0,0.9908621,0,0,0.9908621,0,0,0.9908621,0,0,0.9920363,0,0,0.9920363,0,0,0.9920363,0,0,0.9919564,0,0,0.9919564,0,0,0.9919564,0
     425,  13.70%,0.08032128514056225,1,0.4368537,0,1,0.4368537,0,1,0.4368537,0,1,0.4440782,0,1,0.4368537,0,1,0.4368537,0,1,0.6315129,0,1,0.6315129,0,1,0.6315129,0,1,0.6315129,-1,1,0.6315129,0,1,0.4368537,0,1,0.4368537,0,1,0.6315129,0,1,0.4440782,0,1,0.6315129,0,1,0.44425896,0,1,0.44425896,0,1,0.44875392,0,1,0.44875392,0,1,0.61356354,0,1,0.61356354,0,1,0.44355497,0,1,0.44355497,0,1,0.44477874,0,1,0.44477874,0,1,0.45170176,0,1,0.45170176,0,1,0.4440782,0,1,0.4488104,0,1,0.4488104,0,1,0.4440782,0,1,0.62122816,0,1,0.62122816,0,1,0.62122816,0,1,0.4440782,0,1,0.6447211,0,1,0.6447211,0,1,0.6447211,0,1,0.6447211,0,1,0.6447211,0,1,0.6447211,0,1,0.45708182,0,1,0.45708182,1,1,0.45708182,1,1,0.45708182,0,1,0.45708182,1,1,0.45708182,1,1,0.45708182,1,1,0.45708182,1,1,0.45708182,1,1,0.45708182,1,1,0.45708182,1,1,0.45708182,1,1,0.627466,0,1,0.627466,0,1,0.627466,0,1,0.627466,0,1,0.627466,0,1,0.627466,0,1,0.4468853,0,1,0.4468853,0,1,0.4468853,0,1,0.6212281,0,1,0.62122816,0,1,0.62122816,0,1,0.62122816,0,1,0.43770504,0,1,0.43770504,0,1,0.43770504,0,1,0.44467595,0,1,0.44467595,0,1,0.44467595,0
     426,  16.44%,0.09411764705882353,1,0.528138,0,1,0.528138,0,1,0.528138,0,1,0.5303233,0,1,0.528138,0,1,0.528138,0,1,0.54932016,0,1,0.54932016,0,1,0.54932016,0,1,0.54932016,0,1,0.54932016,0,1,0.528138,0,1,0.528138,0,1,0.54932016,0,1,0.5303233,0,1,0.54932016,0,1,0.5266644,0,1,0.5266644,0,1,0.5302264,0,1,0.5302264,0,1,0.5604664,0,1,0.5604664,0,1,0.53155607,0,1,0.53155607,0,1,0.53938764,0,1,0.53938764,0,1,0.51156914,0,1,0.51156914,0,1,0.5303233,0,1,0.5379599,0,1,0.5379599,0,1,0.5303234,0,1,0.53295845,0,1,0.53295845,0,1,0.53295845,0,1,0.5303233,0,1,0.5647669,0,1,0.5647669,0,1,0.5647669,0,1,0.5647669,0,1,0.5647669,0,1,0.5647669,0,1,0.517212,1,1,0.517212,1,1,0.517212,1,1,0.517212,1,1,0.517212,1,1,0.517212,1,1,0.517212,1,1,0.517212,1,1,0.517212,1,1,0.517212,1,1,0.517212,1,1,0.517212,1,1,0.54159015,0,1,0.54159015,0,1,0.54159015,0,1,0.54159015,0,1,0.54159015,0,1,0.54159015,0,1,0.537233,0,1,0.537233,0,1,0.537233,0,1,0.53295845,0,1,0.53295845,0,1,0.53295845,-1,1,0.53295845,0,1,0.53131,0,1,0.53131,0,1,0.53131,0,1,0.5324286,0,1,0.5324286,0,1,0.5324286,0
     427,  19.18%,0.10727969348659004,1,0.43513918,0,1,0.43513918,0,1,0.43513918,0,1,0.43513203,0,1,0.43513918,0,1,0.43513918,0,1,0.49077642,0,1,0.49077642,0,1,0.49077642,1,1,0.49077642,0,1,0.49077642,0,1,0.43513918,0,1,0.43513918,0,1,0.49077642,0,1,0.43513203,0,1,0.49077642,0,1,0.43179762,0,1,0.43179762,0,1,0.43128043,0,1,0.43128043,0,1,0.50390446,0,1,0.50390446,0,1,0.43828696,0,1,0.43828696,0,1,0.44902894,0,1,0.44902894,0,1,0.41318458,0,1,0.41318458,-1,1,0.43513203,0,1,0.44129294,0,1,0.44129294,0,1,0.43513206,0,1,0.47462186,0,1,0.47462186,0,1,0.47462186,0,1,0.43513203,0,1,0.51240957,0,1,0.51240957,0,1,0.51240957,1,1,0.51240957,0,1,0.51240957,0,1,0.51240957,0,1,0.41815487,1,1,0.41815487,1,1,0.41815487,1,1,0.41815487,1,1,0.41815487,1,1,0.41815487,1,1,0.41815487,1,1,0.41815487,1,1,0.41815487,1,1,0.41815487,1,1,0.41815487,1,1,0.41815487,1,1,0.4871053,0,1,0.4871053,0,1,0.4871053,0,1,0.4871053,0,1,0.4871053,0,1,0.4871053,0,1,0.443922,0,1,0.443922,0,1,0.44392198,0,1,0.47462177,0,1,0.47462186,0,1,0.47462186,0,1,0.47462186,-1,1,0.4411247,0,1,0.4411247,0,1,0.4411247,0,1,0.4393965,0,1,0.4393965,0,1,0.4393965,0
     428,  35.62%,0.2926880368740834,-1,0.41011274,-1,-1,0.41011274,-1,-1,0.41011274,-1,1,0.40645054,0,-1,0.41011274,-1,-1,0.41011274,-1,1,0.6132462,-1,1,0.6132462,-1,1,0.6132462,-1,1,0.6132462,-1,1,0.6132462,0,-1,0.41011274,0,-1,0.41011274,1,1,0.6132462,0,1,0.40645054,0,1,0.6132462,0,1,0.40796664,-1,1,0.40796664,-1,1,0.40808117,-1,1,0.40808117,-1,1,0.61551756,-1,1,0.61551756,-1,-1,0.40693355,-1,-1,0.40693355,-1,-1,0.41296726,-1,-1,0.41296726,-1,1,0.41643488,-1,1,0.41643488,-1,1,0.40645054,0,1,0.4072561,-1,1,0.4072561,-1,1,0.40645054,0,1,0.61959803,0,1,0.61959803,1,1,0.61959803,0,1,0.40645054,0,1,0.6271687,1,1,0.6271687,1,1,0.6271687,1,1,0.6271687,1,1,0.6271687,0,1,0.6271687,0,1,0.4182447,1,1,0.4182447,1,1,0.4182447,1,1,0.4182447,1,1,0.4182447,1,1,0.4182447,1,1,0.4182447,1,1,0.4182447,1,1,0.4182447,1,1,0.4182447,1,1,0.4182447,1,1,0.4182447,1,1,0.6194294,0,1,0.6194294,0,1,0.6194294,0,1,0.6194294,0,1,0.6194294,0,1,0.6194294,0,-1,0.41073886,1,-1,0.41073886,1,-1,0.41073886,1,1,0.61959803,0,1,0.619598,0,1,0.619598,0,1,0.619598,0,-1,0.41120267,0,-1,0.41120267,0,-1,0.41120267,0,-1,0.408437,0,-1,0.408437,0,-1,0.408437,0
     429,  23.29%,0.16666666666666666,-1,0.48242265,-1,-1,0.48242265,-1,-1,0.48242265,-1,-1,0.48120162,0,-1,0.48242265,-1,-1,0.48242265,-1,1,0.6117362,-1,1,0.6117362,-1,1,0.6117362,0,1,0.6117362,-1,1,0.6117362,-1,-1,0.48242265,0,-1,0.48242265,0,1,0.6117362,0,-1,0.48120162,0,1,0.6117362,0,-1,0.4817216,-1,-1,0.4817216,-1,-1,0.47677028,-1,-1,0.47677028,-1,1,0.5762672,-1,1,0.5762672,-1,-1,0.48348385,-1,-1,0.48348385,-1,-1,0.48597565,-1,-1,0.48597565,-1,-1,0.47659233,-1,-1,0.47659233,-1,-1,0.48120162,0,-1,0.48090503,-1,-1,0.48090497,-1,-1,0.4812016,0,1,0.57356334,0,1,0.57356334,0,1,0.57356334,0,-1,0.48120162,0,1,0.62842584,0,1,0.62842584,0,1,0.62842584,0,1,0.62842584,0,1,0.62842584,0,1,0.62842584,0,-1,0.47091234,0,-1,0.47091234,0,-1,0.47091234,0,-1,0.47091234,0,-1,0.47091234,0,-1,0.47091234,0,-1,0.47091234,0,-1,0.47091234,0,-1,0.47091234,0,-1,0.47091234,0,-1,0.47091234,0,-1,0.47091234,0,1,0.6149504,0,1,0.6149504,0,1,0.6149504,0,1,0.6149504,0,1,0.6149504,0,1,0.6149504,0,-1,0.48267168,1,-1,0.48267168,1,-1,0.48267174,1,1,0.57356334,0,1,0.5735634,0,1,0.5735634,0,1,0.5735634,0,-1,0.48408973,0,-1,0.48408973,0,-1,0.48408973,0,-1,0.48466036,0,-1,0.48466036,0,-1,0.48466036,0
     430,  42.47%,0.2856337631226661,-1,0.43281505,0,-1,0.43281505,0,-1,0.43281505,0,-1,0.41369233,0,-1,0.43281505,0,-1,0.43281505,0,0,0.6896828,0,0,0.6896828,0,0,0.6896828,0,0,0.6896828,0,0,0.6896828,1,-1,0.43281505,-1,-1,0.43281505,0,0,0.6896828,0,-1,0.41369233,0,0,0.6896828,0,-1,0.406686,0,-1,0.406686,0,-1,0.39991006,-1,-1,0.39991006,-1,0,0.6881451,-1,0,0.6881451,-1,-1,0.4205747,-1,-1,0.4205747,-1,-1,0.4323642,-1,-1,0.4323642,-1,-1,0.3884831,-1,-1,0.3884831,-1,-1,0.41369233,0,-1,0.40669766,0,-1,0.40669766,0,-1,0.41369233,0,0,0.7102452,0,0,0.7102452,1,0,0.7102452,0,-1,0.41369233,0,0,0.70151186,0,0,0.70151186,0,0,0.70151186,0,0,0.70151186,1,0,0.70151186,1,0,0.70151186,1,-1,0.38596466,0,-1,0.38596466,0,-1,0.38596466,0,-1,0.38596466,0,-1,0.38596466,-1,-1,0.38596466,0,-1,0.38596466,0,-1,0.38596466,1,-1,0.38596466,0,-1,0.38596466,0,-1,0.38596466,0,-1,0.38596466,0,0,0.69432396,0,0,0.69432396,0,0,0.69432396,0,0,0.69432396,0,0,0.69432396,0,0,0.69432396,0,-1,0.41902453,0,-1,0.41902453,0,-1,0.41902453,0,0,0.7102452,0,0,0.7102452,0,0,0.7102452,0,0,0.7102452,0,-1,0.43094838,0,-1,0.43094838,0,-1,0.43094838,0,-1,0.41935524,0,-1,0.41935524,0,-1,0.41935524,0
     431,  39.73%,0.27470899470899474,1,0.43995327,0,1,0.43995327,0,1,0.43995327,0,1,0.44783622,0,1,0.43995327,0,1,0.43995327,0,0,0.56636584,1,0,0.56636584,1,0,0.56636584,1,0,0.56636584,0,0,0.56636584,0,1,0.43995327,0,1,0.43995327,-1,0,0.56636584,0,1,0.44783622,0,0,0.56636584,0,1,0.44910973,1,1,0.44910973,1,1,0.4524488,-1,1,0.4524488,0,0,0.58952403,-1,0,0.58952403,0,1,0.44399607,0,1,0.44399607,0,1,0.44313702,-1,1,0.44313702,-1,1,0.45203525,-1,1,0.45203525,-1,1,0.44783622,0,1,0.45317966,-1,1,0.45317966,0,1,0.44783622,0,0,0.60507935,0,0,0.60507935,1,0,0.60507935,0,1,0.44783622,0,0,0.5937421,0,0,0.5937421,0,0,0.5937421,1,0,0.5937421,1,0,0.5937421,0,0,0.5937421,1,1,0.45606863,0,1,0.45606863,0,1,0.45606863,1,1,0.45606863,0,1,0.45606863,0,1,0.45606863,1,1,0.45606863,0,1,0.45606863,0,1,0.45606863,0,1,0.45606863,1,1,0.45606863,1,1,0.45606863,1,0,0.5948531,0,0,0.5948531,0,0,0.5948531,0,0,0.5948531,0,0,0.5948531,0,0,0.5948531,0,1,0.44614062,1,1,0.44614062,1,1,0.44614062,1,0,0.60507935,0,0,0.60507935,1,0,0.60507935,0,0,0.60507935,0,1,0.44063723,0,1,0.44063723,0,1,0.44063723,0,1,0.44427747,0,1,0.44427747,0,1,0.44427747,0
     432,   6.85%,0.04273504273504273,1,0.36853915,-1,1,0.36853915,-1,1,0.36853915,0,1,0.37413976,0,1,0.36853915,-1,1,0.36853915,0,1,0.46149066,0,1,0.46149066,0,1,0.46149066,0,1,0.46149066,-1,1,0.46149066,1,1,0.36853915,0,1,0.36853915,0,1,0.46149066,0,1,0.37413976,0,1,0.46149066,0,1,0.37344733,0,1,0.37344733,0,1,0.3794028,0,1,0.3794028,-1,1,0.46974716,-1,1,0.46974716,-1,1,0.37079304,-1,1,0.37079304,-1,1,0.37194028,0,1,0.37194028,-1,1,0.3707975,-1,1,0.3707975,-1,1,0.37413976,0,1,0.3797622,0,1,0.37976223,0,1,0.37413976,0,1,0.46133453,0,1,0.46133453,1,1,0.46133453,0,1,0.37413976,0,1,0.4625789,0,1,0.4625789,0,1,0.4625789,0,1,0.4625789,0,1,0.4625789,0,1,0.4625789,0,1,0.37728053,0,1,0.37728053,0,1,0.37728053,0,1,0.37728053,0,1,0.37728053,0,1,0.37728053,0,1,0.37728053,0,1,0.37728053,0,1,0.37728053,0,1,0.37728053,0,1,0.37728053,0,1,0.37728053,0,1,0.4630794,0,1,0.4630794,0,1,0.4630794,0,1,0.4630794,0,1,0.4630794,0,1,0.4630794,0,1,0.3757769,1,1,0.3757769,1,1,0.37577692,1,1,0.46133456,0,1,0.46133453,0,1,0.46133453,0,1,0.46133453,0,1,0.37082902,0,1,0.37082902,0,1,0.37082902,0,1,0.37185225,0,1,0.37185225,0,1,0.37185225,0
     433,   4.11%,0.02631578947368421,1,0.5563211,-1,1,0.5563211,-1,1,0.5563211,0,1,0.56171507,0,1,0.5563211,-1,1,0.5563211,0,1,0.59691197,0,1,0.59691197,0,1,0.59691197,0,1,0.59691197,0,1,0.59691197,0,1,0.5563211,-1,1,0.5563211,-1,1,0.59691197,-1,1,0.56171507,0,1,0.59691197,-1,1,0.56098723,0,1,0.56098723,0,1,0.5702626,0,1,0.5702626,1,1,0.598157,0,1,0.598157,0,1,0.559235,0,1,0.559235,0,1,0.55755335,0,1,0.55755335,0,1,0.5694346,-1,1,0.5694346,-1,1,0.56171507,0,1,0.5623389,0,1,0.5623389,0,1,0.56171507,0,1,0.59597784,0,1,0.59597784,1,1,0.59597784,0,1,0.56171507,0,1,0.5956136,0,1,0.5956136,0,1,0.5956136,0,1,0.5956136,0,1,0.5956136,0,1,0.5956136,0,1,0.5695326,0,1,0.5695326,0,1,0.5695326,0,1,0.5695326,0,1,0.5695326,-1,1,0.5695326,0,1,0.5695326,0,1,0.5695326,-1,1,0.5695326,0,1,0.5695326,0,1,0.5695326,0,1,0.5695326,0,1,0.5928205,0,1,0.5928205,0,1,0.5928205,1,1,0.5928205,0,1,0.5928205,0,1,0.5928205,0,1,0.5626591,0,1,0.5626591,0,1,0.5626591,0,1,0.5959779,0,1,0.59597784,0,1,0.59597784,0,1,0.59597784,0,1,0.557772,0,1,0.557772,0,1,0.557772,0,1,0.5596055,0,1,0.5596055,0,1,0.5596055,0
     434,  98.63%,0.496551724137931,0,0.3416688,0,0,0.3416688,0,0,0.3416688,0,0,0.34607062,0,0,0.3416688,0,0,0.3416688,0,0,0.47736654,0,0,0.47736654,0,0,0.47736654,0,0,0.47736654,0,0,0.47736654,0,0,0.3416688,0,0,0.3416688,0,0,0.47736654,0,0,0.34607062,0,0,0.47736654,0,0,0.34654364,0,0,0.34654364,0,0,0.34830022,0,0,0.34830022,0,0,0.47316912,0,0,0.47316912,0,0,0.34528887,0,0,0.34528887,0,0,0.34280714,0,0,0.34280714,0,0,0.34879434,0,0,0.34879434,0,0,0.34607062,0,0,0.3493341,0,0,0.34933412,0,0,0.34607065,0,0,0.47240156,0,0,0.47240156,0,0,0.47240156,0,0,0.34607062,0,0,0.49019697,0,0,0.49019697,0,0,0.49019697,0,0,0.49019697,0,0,0.49019697,0,0,0.49019697,0,0,0.352742,0,0,0.352742,0,0,0.352742,0,0,0.352742,0,0,0.352742,0,0,0.352742,0,0,0.352742,0,0,0.352742,0,0,0.352742,0,0,0.352742,0,0,0.352742,0,0,0.352742,0,0,0.47595587,0,0,0.47595587,0,0,0.47595587,0,0,0.47595587,0,0,0.47595587,0,0,0.47595587,0,0,0.34586877,0,0,0.34586877,0,0,0.34586877,0,0,0.47240156,0,0,0.47240156,0,0,0.47240156,1,0,0.47240156,0,0,0.34159222,0,0,0.34159222,0,0,0.34159222,0,0,0.34503144,0,0,0.34503144,0,0,0.34503144,0
     435,  31.51%,0.19687592101385207,-1,0.41313508,-1,-1,0.41313508,-1,-1,0.41313508,1,-1,0.3998611,0,-1,0.41313508,-1,-1,0.41313508,0,0,0.5709753,-1,0,0.5709753,-1,0,0.5709753,1,0,0.5709753,-1,0,0.5709753,1,-1,0.41313508,0,-1,0.41313508,0,0,0.5709753,0,-1,0.3998611,0,0,0.5709753,0,-1,0.39491168,0,-1,0.39491168,0,-1,0.3882624,0,-1,0.3882624,0,0,0.5577898,0,0,0.5577898,0,-1,0.40604416,0,-1,0.40604416,0,-1,0.4147551,0,-1,0.4147551,0,-1,0.38519397,0,-1,0.38519397,0,-1,0.3998611,0,-1,0.39391792,0,-1,0.39391792,0,-1,0.39986107,0,0,0.58050805,0,0,0.58050805,1,0,0.58050805,0,-1,0.3998611,0,0,0.57952183,0,0,0.57952183,1,0,0.57952183,1,0,0.57952183,1,0,0.57952183,0,0,0.57952183,0,-1,0.3816927,0,-1,0.3816927,0,-1,0.3816927,0,-1,0.3816927,0,-1,0.3816927,0,-1,0.3816927,0,-1,0.3816927,-1,-1,0.3816927,0,-1,0.3816927,0,-1,0.3816927,0,-1,0.3816927,0,-1,0.3816927,0,0,0.5754501,0,0,0.5754501,0,0,0.5754501,0,0,0.5754501,0,0,0.5754501,0,0,0.5754501,0,-1,0.40407148,0,-1,0.40407148,0,-1,0.40407148,0,0,0.58050805,0,0,0.58050805,0,0,0.58050805,0,0,0.58050805,0,-1,0.41135213,0,-1,0.41135213,0,-1,0.41135213,0,-1,0.40585986,0,-1,0.40585986,0,-1,0.40585986,0
     436,   9.59%,0.05833333333333333,1,0.5184262,0,1,0.5184262,0,1,0.5184262,-1,1,0.52042043,0,1,0.5184262,0,1,0.5184262,0,1,0.5803319,0,1,0.5803319,0,1,0.5803319,0,1,0.5803319,0,1,0.5803319,0,1,0.5184262,0,1,0.5184262,0,1,0.5803319,0,1,0.52042043,0,1,0.5803319,0,1,0.5212455,0,1,0.5212455,0,1,0.5208067,0,1,0.5208067,0,1,0.5860746,0,1,0.5860746,0,1,0.5193428,0,1,0.5193428,0,1,0.520115,0,1,0.520115,0,1,0.5209455,0,1,0.5209455,0,1,0.52042043,0,1,0.52342296,0,1,0.52342296,0,1,0.52042043,0,1,0.58715284,0,1,0.58715284,1,1,0.58715284,0,1,0.52042043,0,1,0.5815172,0,1,0.5815172,0,1,0.5815172,0,1,0.5815172,0,1,0.5815172,0,1,0.5815172,0,1,0.52390015,1,1,0.52390015,1,1,0.52390015,0,1,0.52390015,0,1,0.52390015,1,1,0.52390015,0,1,0.52390015,1,1,0.52390015,0,1,0.52390015,0,1,0.52390015,1,1,0.52390015,1,1,0.52390015,0,1,0.5848564,0,1,0.5848564,0,1,0.5848564,0,1,0.5848564,0,1,0.5848564,0,1,0.5848564,0,1,0.51945734,0,1,0.51945734,0,1,0.51945734,0,1,0.58715284,0,1,0.58715284,0,1,0.58715284,0,1,0.58715284,0,1,0.51745546,0,1,0.51745546,0,1,0.51745546,0,1,0.5196641,0,1,0.5196641,0,1,0.5196641,0
     437,  90.41%,0.4748201438848921,0,0.93629116,0,0,0.93629116,0,0,0.93629116,0,0,0.9380417,0,0,0.93629116,0,0,0.93629116,0,0,0.9325241,0,0,0.9325241,0,0,0.9325241,0,0,0.9325241,0,0,0.9325241,0,0,0.93629116,0,0,0.93629116,0,0,0.9325241,0,0,0.9380417,0,0,0.9325241,0,0,0.94063246,0,0,0.94063246,0,0,0.93155813,0,0,0.93155813,0,0,0.93925077,0,0,0.93925077,0,0,0.9392461,0,0,0.9392461,0,0,0.94074786,0,0,0.94074786,0,0,0.93398774,0,0,0.93398774,0,0,0.9380417,0,0,0.9410563,0,0,0.94105625,0,0,0.9380417,0,0,0.9427142,0,0,0.9427142,1,0,0.9427142,0,0,0.9380417,0,0,0.92988425,0,0,0.92988425,0,0,0.92988425,0,0,0.92988425,0,0,0.92988425,0,0,0.92988425,0,0,0.93422014,1,0,0.93422014,1,0,0.93422014,0,0,0.93422014,0,0,0.93422014,1,0,0.93422014,0,0,0.93422014,0,0,0.93422014,1,0,0.93422014,1,0,0.93422014,1,0,0.93422014,0,0,0.93422014,0,0,0.93615,0,0,0.93615,0,0,0.93615,0,0,0.93615,0,0,0.93615,0,0,0.93615,0,0,0.93785363,0,0,0.93785363,0,0,0.93785363,0,0,0.9427142,0,0,0.9427142,0,0,0.9427142,0,0,0.9427142,0,0,0.9385899,0,0,0.9385899,0,0,0.9385899,0,0,0.940207,0,0,0.940207,0,0,0.940207,0
     438,   4.11%,0.048780487804878044,-1,0.43491805,0,-1,0.43491805,0,-1,0.43491805,0,-1,0.41518375,0,-1,0.43491805,0,-1,0.43491805,0,1,0.49259725,0,1,0.49259725,0,1,0.49259725,0,1,0.49259725,0,1,0.49259725,0,-1,0.43491805,0,-1,0.43491805,0,1,0.49259725,0,-1,0.41518375,0,1,0.49259725,0,-1,0.40597725,0,-1,0.40597725,0,-1,0.40402657,0,-1,0.40402657,0,1,0.486603,0,1,0.486603,0,-1,0.42228344,0,-1,0.42228344,0,-1,0.42893875,0,-1,0.42893875,0,-1,0.39899594,0,-1,0.39899594,0,-1,0.41518375,0,-1,0.40195113,0,-1,0.4019512,0,-1,0.41518375,0,1,0.5022768,0,1,0.5022768,1,1,0.5022768,0,-1,0.41518375,0,1,0.49741608,0,1,0.49741608,0,1,0.49741608,1,1,0.49741608,0,1,0.49741608,0,1,0.49741608,0,-1,0.39240035,1,-1,0.39240035,1,-1,0.39240035,1,-1,0.39240035,0,-1,0.39240035,0,-1,0.39240035,1,-1,0.39240035,1,-1,0.39240035,1,-1,0.39240035,1,-1,0.39240035,1,-1,0.39240035,1,-1,0.39240035,1,1,0.49228045,0,1,0.49228045,0,1,0.49228045,0,1,0.49228045,0,1,0.49228045,0,1,0.49228045,0,-1,0.4202578,0,-1,0.4202578,0,-1,0.42025775,0,1,0.5022767,0,1,0.5022768,1,1,0.5022768,0,1,0.5022768,0,-1,0.43137285,0,-1,0.43137285,0,-1,0.43137285,0,-1,0.42085132,0,-1,0.42085132,0,-1,0.42085132,0
     439,  78.08%,0.43846153846153846,0,0.96178186,0,0,0.96178186,0,0,0.96178186,0,0,0.9627863,0,0,0.96178186,0,0,0.96178186,1,0,0.9859675,0,0,0.9859675,0,0,0.9859675,0,0,0.9859675,0,0,0.9859675,0,0,0.96178186,0,0,0.96178186,0,0,0.9859675,0,0,0.9627863,0,0,0.9859675,0,0,0.9635668,0,0,0.9635668,0,0,0.9632823,0,0,0.9632823,0,0,0.98385125,0,0,0.98385125,0,0,0.9623292,0,0,0.9623292,0,0,0.96065336,0,0,0.96065336,0,0,0.96781063,0,0,0.96781063,0,0,0.9627863,0,0,0.962518,0,0,0.962518,0,0,0.9627863,0,0,0.98532695,0,0,0.98532695,1,0,0.98532695,0,0,0.9627863,0,0,0.98524135,0,0,0.98524135,1,0,0.98524135,1,0,0.98524135,0,0,0.98524135,0,0,0.98524135,0,0,0.96728015,1,0,0.96728015,1,0,0.96728015,1,0,0.96728015,0,0,0.96728015,1,0,0.96728015,1,0,0.96728015,1,0,0.96728015,1,0,0.96728015,1,0,0.96728015,1,0,0.96728015,1,0,0.96728015,1,0,0.98637724,0,0,0.98637724,0,0,0.98637724,0,0,0.98637724,0,0,0.98637724,0,0,0.98637724,0,0,0.9614997,0,0,0.9614997,0,0,0.9614997,0,0,0.98532695,0,0,0.98532695,0,0,0.98532695,1,0,0.98532695,0,0,0.9603219,0,0,0.9603219,0,0,0.9603219,0,0,0.9623932,0,0,0.9623932,0,0,0.9623932,0
     440,  38.36%,0.27722772277227725,1,0.43769276,0,1,0.43769276,0,1,0.43769276,0,1,0.43833545,0,1,0.43769276,0,1,0.43769276,0,0,0.5464166,0,0,0.5464166,0,0,0.5464166,0,0,0.5464166,0,0,0.5464166,0,1,0.43769276,0,1,0.43769276,0,0,0.5464166,0,1,0.43833545,0,0,0.5464166,0,1,0.43869296,0,1,0.43869296,0,1,0.44043127,0,1,0.44043127,0,0,0.5638148,0,0,0.5638148,0,1,0.4366215,0,1,0.4366215,0,1,0.4338726,0,1,0.4338726,0,1,0.43800145,0,1,0.43800145,0,1,0.43833545,0,1,0.43829453,0,1,0.43829453,0,1,0.43833545,0,0,0.5659288,0,0,0.5659288,0,0,0.5659288,0,1,0.43833545,0,0,0.5638652,0,0,0.5638652,0,0,0.5638652,0,0,0.5638652,0,0,0.5638652,0,0,0.5638652,0,1,0.43864843,0,1,0.43864843,0,1,0.43864843,0,1,0.43864843,0,1,0.43864843,0,1,0.43864843,0,1,0.43864843,0,1,0.43864843,0,1,0.43864843,0,1,0.43864843,0,1,0.43864843,0,1,0.43864843,0,0,0.56797254,0,0,0.56797254,0,0,0.56797254,0,0,0.56797254,0,0,0.56797254,0,0,0.56797254,0,1,0.436271,0,1,0.436271,0,1,0.436271,0,0,0.5659289,0,0,0.5659289,0,0,0.5659289,0,0,0.5659289,0,1,0.43775436,0,1,0.43775436,0,1,0.43775436,0,1,0.4347537,0,1,0.4347537,0,1,0.4347537,0
     441,  84.93%,0.45925925925925926,0,0.99994665,1,0,0.99994665,1,0,0.99994665,1,0,0.9999449,0,0,0.99994665,1,0,0.99994665,1,0,0.9999763,1,0,0.9999763,1,0,0.9999763,1,0,0.9999763,1,0,0.9999763,1,0,0.99994665,0,0,0.99994665,0,0,0.9999763,0,0,0.9999449,0,0,0.9999763,1,0,0.99994695,0,0,0.99994695,0,0,0.99993384,0,0,0.99993384,0,0,0.999981,0,0,0.999981,0,0,0.9999495,0,0,0.9999495,0,0,0.99995315,0,0,0.99995315,0,0,0.9999452,0,0,0.9999452,0,0,0.9999449,0,0,0.99994576,0,0,0.99994576,0,0,0.9999449,0,0,0.99998474,0,0,0.99998474,0,0,0.99998474,0,0,0.9999449,0,0,0.9999774,0,0,0.9999774,0,0,0.9999774,0,0,0.9999774,0,0,0.9999774,0,0,0.9999774,0,0,0.99994594,0,0,0.99994594,0,0,0.99994594,0,0,0.99994594,0,0,0.99994594,0,0,0.99994594,0,0,0.99994594,0,0,0.99994594,0,0,0.99994594,0,0,0.99994594,0,0,0.99994594,0,0,0.99994594,0,0,0.9999809,0,0,0.9999809,0,0,0.9999809,0,0,0.9999809,0,0,0.9999809,0,0,0.9999809,0,0,0.99994534,0,0,0.99994534,0,0,0.99994534,0,0,0.99998474,0,0,0.99998474,0,0,0.99998474,0,0,0.99998474,0,0,0.999946,0,0,0.999946,0,0,0.999946,0,0,0.99995124,0,0,0.99995124,0,0,0.99995124,0
     442,  30.14%,0.1543859649122807,1,0.35198307,0,1,0.35198307,0,1,0.35198307,0,1,0.36259487,0,1,0.35198307,0,1,0.35198307,0,0,0.4919491,0,0,0.4919491,0,0,0.4919491,0,0,0.4919491,0,0,0.4919491,1,1,0.35198307,0,1,0.35198307,0,0,0.4919491,-1,1,0.36259487,0,0,0.4919491,-1,1,0.36744946,0,1,0.36744946,0,1,0.3684259,0,1,0.3684259,0,0,0.5166994,0,0,0.5166994,0,1,0.3588904,0,1,0.3588904,0,1,0.35650086,0,1,0.35650086,0,1,0.372775,0,1,0.372775,0,1,0.36259487,0,1,0.36896643,0,1,0.36896643,0,1,0.36259487,0,0,0.5205733,0,0,0.5205733,1,0,0.5205733,0,1,0.36259487,0,0,0.515399,0,0,0.515399,0,0,0.515399,0,0,0.515399,0,0,0.515399,0,0,0.515399,0,1,0.3738292,0,1,0.3738292,0,1,0.3738292,0,1,0.3738292,0,1,0.3738292,0,1,0.3738292,0,1,0.3738292,0,1,0.3738292,0,1,0.3738292,0,1,0.3738292,0,1,0.3738292,0,1,0.3738292,0,0,0.51239866,0,0,0.51239866,0,0,0.51239866,0,0,0.51239866,0,0,0.51239866,0,0,0.51239866,0,1,0.35966268,0,1,0.35966268,0,1,0.35966268,0,0,0.52057326,0,0,0.52057326,1,0,0.52057326,0,0,0.52057326,-1,1,0.35363817,0,1,0.35363817,0,1,0.35363817,0,1,0.35989773,0,1,0.35989773,0,1,0.35989773,0
     443,  38.36%,0.18666666666666668,-1,0.39104432,0,-1,0.39104432,0,-1,0.39104432,0,-1,0.37239754,0,-1,0.39104432,0,-1,0.39104432,1,0,0.48380536,0,0,0.48380536,0,0,0.48380536,0,0,0.48380536,0,0,0.48380536,0,-1,0.39104432,0,-1,0.39104432,0,0,0.48380536,0,-1,0.37239754,0,0,0.48380536,0,-1,0.36504722,0,-1,0.36504722,0,-1,0.35859677,0,-1,0.35859677,0,0,0.47987726,0,0,0.47987726,0,-1,0.37968606,0,-1,0.37968606,0,-1,0.3911348,0,-1,0.3911348,0,-1,0.34646422,0,-1,0.34646422,0,-1,0.37239754,0,-1,0.36549422,0,-1,0.36549422,0,-1,0.3723975,0,0,0.48743606,0,0,0.48743606,0,0,0.48743606,0,-1,0.37239754,0,0,0.4948489,0,0,0.4948489,0,0,0.4948489,0,0,0.4948489,0,0,0.4948489,0,0,0.4948489,0,-1,0.34518692,0,-1,0.34518692,0,-1,0.34518692,0,-1,0.34518692,0,-1,0.34518692,0,-1,0.34518692,0,-1,0.34518692,0,-1,0.34518692,0,-1,0.34518692,0,-1,0.34518692,0,-1,0.34518692,0,-1,0.34518692,0,0,0.48307505,0,0,0.48307505,0,0,0.48307505,0,0,0.48307505,0,0,0.48307505,0,0,0.48307505,0,-1,0.37862167,0,-1,0.37862167,0,-1,0.37862167,0,0,0.48743612,0,0,0.48743606,0,0,0.48743606,0,0,0.48743606,0,-1,0.39003953,0,-1,0.39003953,0,-1,0.39003953,0,-1,0.3788059,0,-1,0.3788059,0,-1,0.3788059,0
     444,  19.18%,0.1910535117056856,-1,0.45553827,0,-1,0.45553827,0,-1,0.45553827,0,-1,0.44730502,0,-1,0.45553827,0,-1,0.45553827,1,1,0.3534786,0,1,0.3534786,0,1,0.3534786,1,1,0.3534786,0,1,0.3534786,0,-1,0.45553827,0,-1,0.45553827,0,1,0.3534786,0,-1,0.44730502,0,1,0.3534786,0,-1,0.44052288,1,-1,0.44052288,1,-1,0.44458812,1,-1,0.44458812,1,0,0.36688805,1,0,0.36688805,1,-1,0.44894478,1,-1,0.44894478,1,-1,0.45603952,1,-1,0.45603952,1,-1,0.4281368,0,-1,0.4281368,1,-1,0.44730502,0,-1,0.44562268,0,-1,0.44562265,1,-1,0.44730502,0,0,0.37780276,1,0,0.37780276,1,0,0.37780276,1,-1,0.44730502,0,1,0.35414475,1,1,0.35414475,1,1,0.35414475,1,1,0.35414475,1,1,0.35414475,1,1,0.35414475,0,-1,0.42856365,1,-1,0.42856365,1,-1,0.42856365,1,-1,0.42856365,1,-1,0.42856365,1,-1,0.42856365,1,-1,0.42856365,1,-1,0.42856365,1,-1,0.42856365,1,-1,0.42856365,1,-1,0.42856365,1,-1,0.42856365,1,0,0.35432002,1,0,0.35432002,1,0,0.35432002,1,0,0.35432002,1,0,0.35432002,1,0,0.35432002,0,-1,0.45066425,-1,-1,0.45066425,-1,-1,0.45066425,-1,0,0.37780282,0,0,0.37780276,0,0,0.37780276,0,0,0.37780276,0,-1,0.4545358,0,-1,0.4545358,0,-1,0.4545358,0,-1,0.44778034,0,-1,0.44778034,0,-1,0.44778034,0
     445,   5.48%,0.03463203463203463,1,0.4463213,0,1,0.4463213,0,1,0.4463213,0,1,0.44909108,0,1,0.4463213,0,1,0.4463213,1,1,0.4866702,0,1,0.4866702,0,1,0.4866702,0,1,0.4866702,0,1,0.4866702,0,1,0.4463213,0,1,0.4463213,0,1,0.4866702,0,1,0.44909108,0,1,0.4866702,0,1,0.44992223,0,1,0.44992223,0,1,0.45053267,0,1,0.45053267,0,1,0.48053646,0,1,0.48053646,0,1,0.44526386,0,1,0.44526386,0,1,0.44934425,0,1,0.44934425,0,1,0.4414744,0,1,0.4414744,0,1,0.44909108,0,1,0.45537984,0,1,0.4553798,0,1,0.44909105,0,1,0.47130203,1,1,0.47130203,1,1,0.47130203,1,1,0.44909108,0,1,0.48687413,0,1,0.48687413,0,1,0.48687413,0,1,0.48687413,0,1,0.48687413,0,1,0.48687413,0,1,0.446976,0,1,0.446976,0,1,0.446976,0,1,0.446976,0,1,0.446976,0,1,0.446976,0,1,0.446976,0,1,0.446976,0,1,0.446976,0,1,0.446976,0,1,0.446976,0,1,0.446976,0,1,0.48319703,0,1,0.48319703,0,1,0.48319703,0,1,0.48319703,0,1,0.48319703,0,1,0.48319703,0,1,0.4484108,0,1,0.4484108,0,1,0.4484108,0,1,0.471302,-1,1,0.47130203,0,1,0.47130203,0,1,0.47130203,-1,1,0.44754317,0,1,0.44754317,0,1,0.44754317,0,1,0.44556284,0,1,0.44556284,0,1,0.44556284,0
     446,   1.37%,0.009523809523809523,-1,0.39611658,0,-1,0.39611658,0,-1,0.39611658,0,-1,0.3928614,0,-1,0.39611658,0,-1,0.39611658,0,-1,0.3643288,0,-1,0.3643288,0,-1,0.3643288,1,-1,0.3643288,0,-1,0.3643288,0,-1,0.39611658,0,-1,0.39611658,0,-1,0.3643288,1,-1,0.3928614,0,-1,0.3643288,0,-1,0.39268023,1,-1,0.39268023,0,1,0.39622426,0,1,0.39622426,0,-1,0.35326487,0,-1,0.35326487,0,-1,0.39330065,0,-1,0.39330065,0,-1,0.39436173,0,-1,0.39436173,0,-1,0.39216852,0,-1,0.39216852,0,-1,0.3928614,0,1,0.39378157,0,1,0.39378157,0,-1,0.39286137,0,-1,0.35845017,1,-1,0.35845017,1,-1,0.35845017,1,-1,0.3928614,0,-1,0.35949597,0,-1,0.35949597,0,-1,0.35949597,0,-1,0.35949597,0,-1,0.35949597,0,-1,0.35949597,0,-1,0.39185128,0,-1,0.39185128,0,-1,0.39185128,0,-1,0.39185128,0,-1,0.39185128,0,-1,0.39185128,0,-1,0.39185128,0,-1,0.39185128,0,-1,0.39185128,0,-1,0.39185128,0,-1,0.39185128,0,-1,0.39185128,0,-1,0.36466223,0,-1,0.36466223,0,-1,0.36466223,0,-1,0.36466223,0,-1,0.36466223,0,-1,0.36466223,0,-1,0.3931733,0,-1,0.3931733,0,-1,0.39317334,0,-1,0.35845017,-1,-1,0.35845017,0,-1,0.35845017,0,-1,0.35845017,0,-1,0.39555222,0,-1,0.39555222,0,-1,0.39555222,0,-1,0.39381367,1,-1,0.39381367,1,-1,0.39381367,1
     447,  57.53%,0.24347826086956523,1,0.50805014,-1,1,0.50805014,-1,1,0.50805014,0,1,0.52235544,0,1,0.50805014,0,1,0.50805014,-1,1,0.5136869,-1,1,0.5136869,-1,1,0.5136869,0,1,0.5136869,0,1,0.5136869,0,1,0.50805014,1,1,0.50805014,1,1,0.5136869,1,1,0.52235544,0,1,0.5136869,0,1,0.5287714,1,1,0.5287714,1,1,0.53009033,1,1,0.53009033,1,1,0.48003265,1,1,0.48003265,0,1,0.5154634,1,1,0.5154634,1,1,0.50766444,1,1,0.50766444,1,1,0.5415428,1,1,0.5415428,1,1,0.52235544,0,1,0.5287836,1,1,0.5287836,1,1,0.52235544,0,1,0.50585777,1,1,0.50585777,1,1,0.50585777,1,1,0.52235544,0,1,0.4970435,1,1,0.4970435,1,1,0.4970435,1,1,0.4970435,1,1,0.4970435,1,1,0.4970435,1,1,0.5404935,1,1,0.5404935,1,1,0.5404935,1,1,0.5404935,1,1,0.5404935,1,1,0.5404935,1,1,0.5404935,1,1,0.5404935,1,1,0.5404935,1,1,0.5404935,1,1,0.5404935,1,1,0.5404935,1,1,0.5023617,0,1,0.5023617,0,1,0.5023617,0,1,0.5023617,0,1,0.5023617,0,1,0.5023617,0,1,0.51399595,1,1,0.51399595,1,1,0.51399595,1,1,0.5058578,0,1,0.5058578,0,1,0.5058578,0,1,0.5058578,0,1,0.5069957,0,1,0.5069957,0,1,0.5069957,0,1,0.5152633,1,1,0.5152633,1,1,0.5152633,0
     448,  26.03%,0.14901960784313725,1,0.38129744,-1,1,0.38129744,-1,1,0.38129744,0,1,0.390262,0,1,0.38129744,-1,1,0.38129744,-1,0,0.4418216,-1,0,0.4418216,-1,0,0.4418216,-1,0,0.4418216,0,0,0.4418216,-1,1,0.38129744,0,1,0.38129744,0,0,0.4418216,-1,1,0.390262,0,0,0.4418216,-1,1,0.3934905,0,1,0.3934905,0,1,0.39491734,0,1,0.39491734,0,1,0.43083465,0,1,0.43083465,0,1,0.38697562,0,1,0.38697562,0,1,0.38405403,0,1,0.38405403,0,1,0.3942081,-1,1,0.3942081,-1,1,0.390262,0,1,0.39671952,0,1,0.39671957,0,1,0.390262,0,0,0.44459212,0,0,0.44459212,0,0,0.44459212,0,1,0.390262,0,0,0.45446488,1,0,0.45446488,0,0,0.45446488,0,0,0.45446488,0,0,0.45446488,0,0,0.45446488,0,1,0.39743245,0,1,0.39743245,0,1,0.39743245,0,1,0.39743245,0,1,0.39743245,-1,1,0.39743245,0,1,0.39743245,0,1,0.39743245,0,1,0.39743245,0,1,0.39743245,0,1,0.39743245,0,1,0.39743245,0,0,0.4410651,0,0,0.4410651,0,0,0.4410651,0,0,0.4410651,0,0,0.4410651,0,0,0.4410651,0,1,0.3884655,0,1,0.3884655,0,1,0.3884655,0,0,0.44459212,0,0,0.44459212,0,0,0.44459212,0,0,0.44459212,0,1,0.38297054,0,1,0.38297054,0,1,0.38297054,0,1,0.38705826,0,1,0.38705826,0,1,0.38705826,0
     449,   5.48%,0.03463203463203463,1,0.40411496,-1,1,0.40411496,-1,1,0.40411496,0,1,0.4042617,0,1,0.40411496,0,1,0.40411496,0,1,0.61118156,-1,1,0.61118156,-1,1,0.61118156,0,1,0.61118156,-1,1,0.61118156,0,1,0.40411496,0,1,0.40411496,0,1,0.61118156,0,1,0.4042617,0,1,0.61118156,0,1,0.4011535,0,1,0.4011535,0,1,0.40576187,-1,1,0.40576187,-1,1,0.61432284,-1,1,0.61432284,-1,1,0.4046358,0,1,0.4046358,0,1,0.4098435,0,1,0.4098435,-1,1,0.4017161,-1,1,0.4017161,-1,1,0.4042617,0,1,0.40507686,0,1,0.40507686,0,1,0.40426168,0,1,0.61182135,0,1,0.61182135,0,1,0.61182135,0,1,0.4042617,0,1,0.62353027,0,1,0.62353027,0,1,0.62353027,0,1,0.62353027,0,1,0.62353027,0,1,0.62353027,0,1,0.4085019,0,1,0.4085019,0,1,0.4085019,0,1,0.4085019,0,1,0.4085019,0,1,0.4085019,0,1,0.4085019,0,1,0.4085019,0,1,0.4085019,1,1,0.4085019,0,1,0.4085019,0,1,0.4085019,0,1,0.6190367,0,1,0.6190367,0,1,0.6190367,0,1,0.6190367,0,1,0.6190367,0,1,0.6190367,0,1,0.4084789,1,1,0.4084789,1,1,0.4084789,1,1,0.6118214,0,1,0.6118214,0,1,0.6118214,0,1,0.6118214,0,1,0.40592158,0,1,0.40592158,0,1,0.40592158,0,1,0.40544155,0,1,0.40544155,0,1,0.40544155,0
     450,  42.47%,0.32669188734762505,-1,0.4144527,-1,-1,0.4144527,0,-1,0.4144527,0,-1,0.40110907,0,-1,0.4144527,0,-1,0.4144527,0,0,0.50692487,0,0,0.50692487,0,0,0.50692487,0,0,0.50692487,0,0,0.50692487,0,-1,0.4144527,-1,-1,0.4144527,-1,0,0.50692487,-1,-1,0.40110907,0,0,0.50692487,-1,-1,0.39459324,1,-1,0.39459324,1,-1,0.3932715,1,-1,0.3932715,1,0,0.4956939,0,0,0.4956939,0,-1,0.40577728,1,-1,0.40577728,1,-1,0.41582555,1,-1,0.41582555,0,-1,0.38010895,0,-1,0.38010895,0,-1,0.40110907,0,-1,0.39577582,0,-1,0.39577582,0,-1,0.40110904,0,0,0.5183803,0,0,0.5183803,1,0,0.5183803,0,-1,0.40110907,0,0,0.5169693,1,0,0.5169693,1,0,0.5169693,1,0,0.5169693,0,0,0.5169693,1,0,0.5169693,1,-1,0.3804953,-1,-1,0.3804953,-1,-1,0.3804953,-1,-1,0.3804953,-1,-1,0.3804953,-1,-1,0.3804953,-1,-1,0.3804953,-1,-1,0.3804953,-1,-1,0.3804953,-1,-1,0.3804953,-1,-1,0.3804953,-1,-1,0.3804953,-1,0,0.5084409,1,0,0.5084409,1,0,0.5084409,1,0,0.5084409,1,0,0.5084409,1,0,0.5084409,1,-1,0.40790382,-1,-1,0.40790382,-1,-1,0.4079038,-1,0,0.5183803,0,0,0.5183803,0,0,0.5183803,1,0,0.5183803,0,-1,0.41589737,0,-1,0.41589737,0,-1,0.41589737,0,-1,0.40593597,0,-1,0.40593597,0,-1,0.40593597,0
     451,   5.48%,0.036036036036036036,-1,0.3527989,1,-1,0.3527989,1,-1,0.3527989,1,1,0.3518321,0,-1,0.3527989,1,-1,0.3527989,1,1,0.50483376,0,1,0.50483376,0,1,0.50483376,1,1,0.50483376,0,1,0.50483376,1,-1,0.3527989,1,-1,0.3527989,1,1,0.50483376,1,1,0.3518321,0,1,0.50483376,1,1,0.3531574,0,1,0.3531574,0,1,0.35235584,0,1,0.35235584,0,1,0.51414794,-1,1,0.51414794,-1,1,0.35142162,0,1,0.35142162,0,1,0.35528788,0,1,0.35528788,0,1,0.3512614,0,1,0.3512614,-1,1,0.3518321,0,1,0.35731074,0,1,0.35731077,0,1,0.3518321,0,1,0.51128894,0,1,0.51128894,0,1,0.51128894,0,1,0.3518321,0,1,0.51666516,0,1,0.51666516,0,1,0.51666516,0,1,0.51666516,0,1,0.51666516,0,1,0.51666516,0,1,0.35506245,0,1,0.35506245,0,1,0.35506245,0,1,0.35506245,0,1,0.35506245,0,1,0.35506245,0,1,0.35506245,0,1,0.35506245,0,1,0.35506245,0,1,0.35506245,0,1,0.35506245,0,1,0.35506245,0,1,0.51182246,0,1,0.51182246,0,1,0.51182246,0,1,0.51182246,0,1,0.51182246,0,1,0.51182246,0,1,0.35288107,0,1,0.35288107,0,1,0.35288107,0,1,0.51128894,0,1,0.51128894,0,1,0.51128894,0,1,0.51128894,0,-1,0.3499718,0,-1,0.3499718,0,-1,0.3499718,0,1,0.35235068,0,1,0.35235068,0,1,0.35235068,0
     452,  30.14%,0.19139958703653825,1,0.36589733,-1,1,0.36589733,-1,1,0.36589733,0,1,0.37378716,0,1,0.36589733,0,1,0.36589733,1,0,0.49962538,-1,0,0.49962538,0,0,0.49962538,1,0,0.49962538,-1,0,0.49962538,0,1,0.36589733,0,1,0.36589733,0,0,0.49962538,-1,1,0.37378716,0,0,0.49962538,-1,1,0.37630498,-1,1,0.37630498,-1,1,0.37882575,-1,1,0.37882575,-1,0,0.5270554,-1,0,0.5270554,-1,1,0.37271672,-1,1,0.37271672,-1,1,0.37002176,-1,1,0.37002176,-1,1,0.38532272,-1,1,0.38532272,-1,1,0.37378716,0,1,0.37598395,-1,1,0.37598398,-1,1,0.37378716,0,0,0.53818345,0,0,0.53818345,0,0,0.53818345,0,1,0.37378716,0,0,0.49787053,0,0,0.49787053,0,0,0.49787053,0,0,0.49787053,0,0,0.49787053,0,0,0.49787053,0,1,0.38532242,0,1,0.38532242,0,1,0.38532242,0,1,0.38532242,0,1,0.38532242,0,1,0.38532242,0,1,0.38532242,0,1,0.38532242,0,1,0.38532242,0,1,0.38532242,0,1,0.38532242,0,1,0.38532242,0,0,0.5082966,0,0,0.5082966,0,0,0.5082966,0,0,0.5082966,0,0,0.5082966,0,0,0.5082966,0,1,0.37372437,0,1,0.37372437,0,1,0.37372437,0,0,0.53818345,0,0,0.53818345,0,0,0.53818345,0,0,0.53818345,0,1,0.3679407,0,1,0.3679407,0,1,0.3679407,0,1,0.3739091,0,1,0.3739091,0,1,0.3739091,0
     453,   4.11%,0.02631578947368421,1,0.51463234,-1,1,0.51463234,-1,1,0.51463234,0,1,0.5194474,0,1,0.51463234,-1,1,0.51463234,1,1,0.5931802,0,1,0.5931802,-1,1,0.5931802,1,1,0.5931802,0,1,0.5931802,0,1,0.51463234,0,1,0.51463234,0,1,0.5931802,0,1,0.5194474,0,1,0.5931802,0,1,0.51898944,0,1,0.51898944,0,1,0.5270799,0,1,0.5270799,0,1,0.58848035,0,1,0.58848035,0,1,0.51647085,0,1,0.51647085,0,1,0.5152749,0,1,0.5152749,0,1,0.5242919,0,1,0.5242919,0,1,0.5194474,0,1,0.5218653,0,1,0.52186537,0,1,0.5194473,0,1,0.5842642,0,1,0.5842642,1,1,0.5842642,0,1,0.5194474,0,1,0.5865471,0,1,0.5865471,0,1,0.5865471,0,1,0.5865471,0,1,0.5865471,0,1,0.5865471,0,1,0.52683145,0,1,0.52683145,0,1,0.52683145,0,1,0.52683145,0,1,0.52683145,0,1,0.52683145,0,1,0.52683145,0,1,0.52683145,0,1,0.52683145,0,1,0.52683145,0,1,0.52683145,0,1,0.52683145,0,1,0.5937982,0,1,0.5937982,0,1,0.5937982,0,1,0.5937982,0,1,0.5937982,0,1,0.5937982,0,1,0.5199818,0,1,0.5199818,0,1,0.51998174,0,1,0.58426416,0,1,0.5842642,0,1,0.5842642,0,1,0.5842642,0,1,0.51512253,0,1,0.51512253,0,1,0.51512253,0,1,0.5165908,0,1,0.5165908,0,1,0.5165908,0
     454,  10.96%,0.06584362139917695,1,0.48393604,0,1,0.48393604,0,1,0.48393604,0,1,0.48430952,0,1,0.48393604,-1,1,0.48393604,0,1,0.5381191,0,1,0.5381191,0,1,0.5381191,0,1,0.5381191,0,1,0.5381191,0,1,0.48393604,-1,1,0.48393604,-1,1,0.5381191,-1,1,0.48430952,0,1,0.5381191,-1,1,0.4798298,0,1,0.4798298,0,1,0.48658463,0,1,0.48658463,0,1,0.50062215,0,1,0.50062215,0,1,0.48473686,0,1,0.48473686,0,1,0.4942267,0,1,0.4942267,0,1,0.46410897,0,1,0.46410897,0,1,0.48430952,0,1,0.49130955,0,1,0.49130955,0,1,0.48430958,0,1,0.46643233,0,1,0.46643233,0,1,0.46643233,0,1,0.48430952,0,1,0.5610671,0,1,0.5610671,1,1,0.5610671,1,1,0.5610671,0,1,0.5610671,1,1,0.5610671,0,1,0.4724765,0,1,0.4724765,0,1,0.4724765,0,1,0.4724765,1,1,0.4724765,0,1,0.4724765,0,1,0.4724765,0,1,0.4724765,0,1,0.4724765,1,1,0.4724765,1,1,0.4724765,1,1,0.4724765,1,1,0.52720326,0,1,0.52720326,0,1,0.52720326,0,1,0.52720326,0,1,0.52720326,0,1,0.52720326,0,1,0.49182752,0,1,0.49182752,0,1,0.49182752,0,1,0.46643233,0,1,0.46643233,0,1,0.46643233,0,1,0.46643233,0,1,0.4876401,0,1,0.4876401,0,1,0.4876401,0,1,0.48533335,0,1,0.48533335,0,1,0.48533335,0
     455, 100.00%,1.0,0,0.62002516,0,0,0.62002516,0,0,0.62002516,0,0,0.6186483,0,0,0.62002516,0,0,0.62002516,0,0,0.73306787,0,0,0.73306787,0,0,0.73306787,0,0,0.73306787,0,0,0.73306787,0,0,0.62002516,0,0,0.62002516,0,0,0.73306787,0,0,0.6186483,0,0,0.73306787,0,0,0.6155668,0,0,0.6155668,0,0,0.6156682,0,0,0.6156682,0,0,0.79897803,0,0,0.79897803,0,0,0.617614,0,0,0.617614,0,0,0.62378067,0,0,0.62378067,0,0,0.6091475,0,0,0.6091475,0,0,0.6186483,0,0,0.6220281,0,0,0.6220281,0,0,0.6186483,0,0,0.7956783,0,0,0.7956783,0,0,0.7956783,0,0,0.6186483,0,0,0.73334676,0,0,0.73334676,0,0,0.73334676,0,0,0.73334676,0,0,0.73334676,0,0,0.73334676,0,0,0.613948,0,0,0.613948,0,0,0.613948,0,0,0.613948,0,0,0.613948,0,0,0.613948,0,0,0.613948,0,0,0.613948,0,0,0.613948,0,0,0.613948,0,0,0.613948,0,0,0.613948,0,0,0.7515879,0,0,0.7515879,0,0,0.7515879,0,0,0.7515879,0,0,0.7515879,0,0,0.7515879,0,0,0.61896497,0,0,0.61896497,0,0,0.61896497,0,0,0.7956783,0,0,0.7956783,0,0,0.7956783,0,0,0.7956783,0,0,0.6188699,0,0,0.6188699,0,0,0.6188699,0,0,0.6165497,0,0,0.6165497,0,0,0.6165497,0
     456,  98.63%,0.496551724137931,0,0.72317344,0,0,0.72317344,0,0,0.72317344,0,0,0.7303668,0,0,0.72317344,0,0,0.72317344,0,0,0.7745005,0,0,0.7745005,0,0,0.7745005,0,0,0.7745005,0,0,0.7745005,1,0,0.72317344,0,0,0.72317344,0,0,0.7745005,0,0,0.7303668,0,0,0.7745005,0,0,0.7286529,0,0,0.7286529,0,0,0.7299384,0,0,0.7299384,0,0,0.8266745,0,0,0.8266745,0,0,0.7249608,0,0,0.7249608,0,0,0.73257464,0,0,0.73257464,0,0,0.71725994,0,0,0.71725994,0,0,0.7303668,0,0,0.7420567,0,0,0.7420567,0,0,0.7303668,0,0,0.8240617,0,0,0.8240617,0,0,0.8240617,0,0,0.7303668,0,0,0.76350164,0,0,0.76350164,0,0,0.76350164,0,0,0.76350164,0,0,0.76350164,0,0,0.76350164,0,0,0.7252994,0,0,0.7252994,0,0,0.7252994,0,0,0.7252994,0,0,0.7252994,0,0,0.7252994,0,0,0.7252994,0,0,0.7252994,0,0,0.7252994,0,0,0.7252994,0,0,0.7252994,0,0,0.7252994,0,0,0.7897303,0,0,0.7897303,0,0,0.7897303,0,0,0.7897303,0,0,0.7897303,0,0,0.7897303,0,0,0.7302311,0,0,0.7302311,0,0,0.7302311,0,0,0.8240617,0,0,0.8240617,0,0,0.8240617,0,0,0.8240617,0,0,0.72362614,0,0,0.72362614,0,0,0.72362614,0,0,0.725626,0,0,0.725626,0,0,0.725626,0
     457, 100.00%,1.0,0,0.99993634,0,0,0.99993634,0,0,0.99993634,0,0,0.9999344,0,0,0.99993634,0,0,0.99993634,0,0,0.9999715,0,0,0.9999715,0,0,0.9999715,0,0,0.9999715,0,0,0.9999715,0,0,0.99993634,0,0,0.99993634,0,0,0.9999715,0,0,0.9999344,0,0,0.9999715,0,0,0.9999369,0,0,0.9999369,0,0,0.9999212,0,0,0.9999212,0,0,0.99997675,0,0,0.99997675,0,0,0.9999392,0,0,0.9999392,0,0,0.99994373,0,0,0.99994373,0,0,0.99993306,0,0,0.99993306,0,0,0.9999344,0,0,0.9999357,0,0,0.9999357,0,0,0.9999344,0,0,0.9999813,0,0,0.9999813,0,0,0.9999813,0,0,0.9999344,0,0,0.99997157,0,0,0.99997157,0,0,0.99997157,0,0,0.99997157,0,0,0.99997157,0,0,0.99997157,0,0,0.99993366,0,0,0.99993366,0,0,0.99993366,0,0,0.99993366,0,0,0.99993366,0,0,0.99993366,0,0,0.99993366,0,0,0.99993366,0,0,0.99993366,0,0,0.99993366,0,0,0.99993366,0,0,0.99993366,0,0,0.99997777,0,0,0.99997777,0,0,0.99997777,0,0,0.99997777,0,0,0.99997777,0,0,0.99997777,0,0,0.99993527,0,0,0.99993527,0,0,0.99993527,0,0,0.9999813,0,0,0.9999813,0,0,0.9999813,0,0,0.9999813,0,0,0.9999361,0,0,0.9999361,0,0,0.9999361,0,0,0.9999419,0,0,0.9999419,0,0,0.9999419,0
     458, 100.00%,1.0,0,0.9733717,0,0,0.9733717,0,0,0.9733717,0,0,0.97490704,0,0,0.9733717,0,0,0.9733717,0,0,0.9808523,0,0,0.9808523,0,0,0.9808523,0,0,0.9808523,0,0,0.9808523,0,0,0.9733717,0,0,0.9733717,0,0,0.9808523,0,0,0.97490704,0,0,0.9808523,0,0,0.9761193,0,0,0.9761193,0,0,0.9720575,0,0,0.9720575,0,0,0.98206407,0,0,0.98206407,0,0,0.9750465,0,0,0.9750465,0,0,0.97561365,0,0,0.97561365,0,0,0.9734966,0,0,0.9734966,0,0,0.97490704,0,0,0.976613,0,0,0.976613,0,0,0.97490704,0,0,0.98404276,0,0,0.98404276,0,0,0.98404276,0,0,0.97490704,0,0,0.98102146,0,0,0.98102146,0,0,0.98102146,0,0,0.98102146,0,0,0.98102146,0,0,0.98102146,0,0,0.973762,0,0,0.973762,0,0,0.973762,0,0,0.973762,0,0,0.973762,0,0,0.973762,0,0,0.973762,0,0,0.973762,0,0,0.973762,0,0,0.973762,0,0,0.973762,0,0,0.973762,0,0,0.98251003,0,0,0.98251003,0,0,0.98251003,0,0,0.98251003,0,0,0.98251003,0,0,0.98251003,0,0,0.9748606,0,0,0.9748606,0,0,0.9748606,0,0,0.98404276,0,0,0.98404276,0,0,0.98404276,0,0,0.98404276,0,0,0.9746942,0,0,0.9746942,0,0,0.9746942,0,0,0.9754941,0,0,0.9754941,0,0,0.9754941,0
     459, 100.00%,1.0,0,0.5611894,0,0,0.5611894,0,0,0.5611894,0,0,0.56400573,0,0,0.5611894,0,0,0.5611894,0,0,0.57865596,0,0,0.57865596,0,0,0.57865596,0,0,0.57865596,0,0,0.57865596,0,0,0.5611894,0,0,0.5611894,0,0,0.57865596,0,0,0.56400573,0,0,0.57865596,0,0,0.56461614,0,0,0.56461614,0,0,0.5654559,0,0,0.5654559,0,0,0.58182317,0,0,0.58182317,0,0,0.56302273,0,0,0.56302273,0,0,0.56117207,0,0,0.56117207,0,0,0.56815124,0,0,0.56815124,0,0,0.56400573,0,0,0.56482494,0,0,0.5648249,0,0,0.5640057,0,0,0.59295547,0,0,0.59295547,0,0,0.59295547,0,0,0.56400573,0,0,0.5704336,0,0,0.5704336,0,0,0.5704336,0,0,0.5704336,0,0,0.5704336,0,0,0.5704336,0,0,0.5671929,0,0,0.5671929,0,0,0.5671929,0,0,0.5671929,0,0,0.5671929,0,0,0.5671929,0,0,0.5671929,0,0,0.5671929,0,0,0.5671929,0,0,0.5671929,0,0,0.5671929,0,0,0.5671929,0,0,0.57947814,0,0,0.57947814,0,0,0.57947814,0,0,0.57947814,0,0,0.57947814,0,0,0.57947814,0,0,0.5626386,0,0,0.5626386,0,0,0.5626386,0,0,0.59295535,0,0,0.59295547,0,0,0.59295547,0,0,0.59295547,0,0,0.5604592,0,0,0.5604592,0,0,0.5604592,0,0,0.56336135,0,0,0.56336135,0,0,0.56336135,0
     460,  28.77%,0.22130750605326877,1,0.45277348,-1,1,0.45277348,-1,1,0.45277348,0,1,0.46090996,0,1,0.45277348,0,1,0.45277348,1,1,0.43681848,0,1,0.43681848,0,1,0.43681848,1,1,0.43681848,0,1,0.43681848,1,1,0.45277348,1,1,0.45277348,1,1,0.43681848,1,1,0.46090996,0,1,0.43681848,0,1,0.4645019,0,1,0.4645019,1,1,0.4703901,1,1,0.4703901,0,0,0.4281595,0,0,0.4281595,0,1,0.45666057,0,1,0.45666057,0,1,0.450658,0,1,0.450658,1,1,0.47502723,0,1,0.47502723,0,1,0.46090996,0,1,0.46312335,0,1,0.46312335,0,1,0.46090996,0,0,0.43770236,0,0,0.43770236,1,0,0.43770236,0,1,0.46090996,0,0,0.42860043,1,0,0.42860043,0,0,0.42860043,0,0,0.42860043,1,0,0.42860043,0,0,0.42860043,0,1,0.47584024,-1,1,0.47584024,-1,1,0.47584024,-1,1,0.47584024,-1,1,0.47584024,-1,1,0.47584024,-1,1,0.47584024,-1,1,0.47584024,-1,1,0.47584024,-1,1,0.47584024,-1,1,0.47584024,-1,1,0.47584024,-1,1,0.4260817,0,1,0.4260817,0,1,0.4260817,0,1,0.4260817,0,1,0.4260817,0,1,0.4260817,0,1,0.45679486,-1,1,0.45679486,-1,1,0.45679486,-1,0,0.43770233,0,0,0.43770236,0,0,0.43770236,0,0,0.43770236,0,1,0.45249885,0,1,0.45249885,0,1,0.45249885,0,1,0.45706603,0,1,0.45706603,0,1,0.45706603,0
     461,  34.25%,0.17006802721088435,1,0.4593961,-1,1,0.4593961,-1,1,0.4593961,-1,1,0.46377173,0,1,0.4593961,-1,1,0.4593961,-1,1,0.4863379,0,1,0.4863379,0,1,0.4863379,1,1,0.4863379,0,1,0.4863379,0,1,0.4593961,-1,1,0.4593961,-1,1,0.4863379,-1,1,0.46377173,0,1,0.4863379,-1,1,0.46335563,0,1,0.46335563,1,1,0.46938545,-1,1,0.46938545,-1,1,0.49020806,-1,1,0.49020806,-1,1,0.46093082,-1,1,0.46093082,-1,1,0.4589469,-1,1,0.4589469,-1,1,0.47003645,-1,1,0.47003645,-1,1,0.46377173,0,1,0.4651825,-1,1,0.4651825,-1,1,0.4637718,0,1,0.49439746,1,1,0.49439746,1,1,0.49439746,0,1,0.46377173,0,1,0.48916712,1,1,0.48916712,1,1,0.48916712,1,1,0.48916712,1,1,0.48916712,1,1,0.48916712,1,1,0.47002524,1,1,0.47002524,1,1,0.47002524,1,1,0.47002524,1,1,0.47002524,1,1,0.47002524,1,1,0.47002524,1,1,0.47002524,1,1,0.47002524,1,1,0.47002524,1,1,0.47002524,1,1,0.47002524,1,1,0.47939187,0,1,0.47939187,0,1,0.47939187,0,1,0.47939187,0,1,0.47939187,0,1,0.47939187,0,1,0.46286592,1,1,0.46286592,1,1,0.46286586,1,1,0.49439746,0,1,0.49439746,0,1,0.49439746,0,1,0.49439746,0,1,0.45875227,0,1,0.45875227,0,1,0.45875227,0,1,0.46027562,0,1,0.46027562,0,1,0.46027562,0
     462,  42.47%,0.36125,1,0.42492455,0,1,0.42492455,0,1,0.42492455,1,1,0.43562195,0,1,0.42492455,0,1,0.42492455,1,0,0.5154683,0,0,0.5154683,0,0,0.5154683,0,0,0.5154683,0,0,0.5154683,1,1,0.42492455,1,1,0.42492455,1,0,0.5154683,0,1,0.43562195,0,0,0.5154683,0,1,0.4395658,0,1,0.4395658,0,1,0.44116265,0,1,0.44116265,0,0,0.5440311,0,0,0.5440311,0,1,0.43175095,0,1,0.43175095,0,1,0.4300693,0,1,0.4300693,0,1,0.44065824,0,1,0.44065824,0,1,0.43562195,0,1,0.4435583,0,1,0.44355828,0,1,0.43562195,0,0,0.55280185,0,0,0.55280185,0,0,0.55280185,0,1,0.43562195,0,0,0.5404255,0,0,0.5404255,0,0,0.5404255,0,0,0.5404255,0,0,0.5404255,0,0,0.5404255,0,1,0.44434237,0,1,0.44434237,0,1,0.44434237,0,1,0.44434237,0,1,0.44434237,0,1,0.44434237,0,1,0.44434237,0,1,0.44434237,0,1,0.44434237,0,1,0.44434237,0,1,0.44434237,0,1,0.44434237,0,0,0.53802013,0,0,0.53802013,0,0,0.53802013,0,0,0.53802013,0,0,0.53802013,0,0,0.53802013,0,1,0.434268,0,1,0.434268,0,1,0.434268,0,0,0.5528018,0,0,0.55280185,0,0,0.55280185,0,0,0.55280185,0,1,0.42718533,0,1,0.42718533,0,1,0.42718533,0,1,0.4328862,0,1,0.4328862,0,1,0.4328862,0
     463,  26.03%,0.13768115942028986,1,0.5035761,-1,1,0.5035761,-1,1,0.5035761,0,1,0.50450355,0,1,0.5035761,-1,1,0.5035761,0,1,0.56612015,0,1,0.56612015,0,1,0.56612015,0,1,0.56612015,0,1,0.56612015,0,1,0.5035761,0,1,0.5035761,0,1,0.56612015,0,1,0.50450355,0,1,0.56612015,0,1,0.50197667,0,1,0.50197667,1,1,0.5091965,-1,1,0.5091965,-1,1,0.5578712,-1,1,0.5578712,-1,1,0.5029711,0,1,0.5029711,1,1,0.5025376,-1,1,0.5025376,0,1,0.50740963,-1,1,0.50740963,-1,1,0.50450355,0,1,0.5034239,0,1,0.5034239,1,1,0.50450355,0,1,0.54824686,1,1,0.54824686,1,1,0.54824686,1,1,0.50450355,0,1,0.57288504,1,1,0.57288504,0,1,0.57288504,0,1,0.57288504,0,1,0.57288504,0,1,0.57288504,0,1,0.50887805,1,1,0.50887805,1,1,0.50887805,1,1,0.50887805,1,1,0.50887805,0,1,0.50887805,1,1,0.50887805,1,1,0.50887805,1,1,0.50887805,1,1,0.50887805,1,1,0.50887805,1,1,0.50887805,1,1,0.56183654,-1,1,0.56183654,-1,1,0.56183654,-1,1,0.56183654,-1,1,0.56183654,-1,1,0.56183654,-1,1,0.50598156,0,1,0.50598156,0,1,0.50598156,0,1,0.54824686,0,1,0.54824686,0,1,0.54824686,0,1,0.54824686,0,1,0.50330085,0,1,0.50330085,1,1,0.50330085,0,1,0.5025873,0,1,0.5025873,0,1,0.5025873,0
     464,  34.25%,0.17006802721088435,1,0.41088477,-1,1,0.41088477,-1,1,0.41088477,0,1,0.41182742,0,1,0.41088477,-1,1,0.41088477,1,1,0.47887105,0,1,0.47887105,0,1,0.47887105,0,1,0.47887105,0,1,0.47887105,1,1,0.41088477,0,1,0.41088477,0,1,0.47887105,0,1,0.41182742,0,1,0.47887105,0,1,0.40942264,0,1,0.40942264,1,1,0.41593504,-1,1,0.41593504,-1,1,0.4800219,-1,1,0.4800219,-1,1,0.4113135,0,1,0.4113135,1,1,0.41179964,-1,1,0.41179964,0,1,0.41428423,-1,1,0.41428423,-1,1,0.41182742,0,1,0.41041273,1,1,0.4104128,1,1,0.4118274,0,1,0.47078103,1,1,0.47078103,1,1,0.47078103,1,1,0.41182742,0,1,0.49000338,0,1,0.49000338,0,1,0.49000338,1,1,0.49000338,1,1,0.49000338,0,1,0.49000338,0,1,0.4149889,1,1,0.4149889,1,1,0.4149889,1,1,0.4149889,1,1,0.4149889,1,1,0.4149889,1,1,0.4149889,1,1,0.4149889,1,1,0.4149889,1,1,0.4149889,1,1,0.4149889,1,1,0.4149889,1,1,0.47663853,-1,1,0.47663853,-1,1,0.47663853,-1,1,0.47663853,-1,1,0.47663853,-1,1,0.47663853,-1,1,0.41294858,0,1,0.41294858,0,1,0.41294858,0,1,0.47078097,-1,1,0.47078103,0,1,0.47078103,1,1,0.47078103,0,1,0.41128272,0,1,0.41128272,1,1,0.41128272,0,1,0.41029468,0,1,0.41029468,0,1,0.41029468,0
     465,  36.99%,0.27800269905533065,-1,0.34574813,0,-1,0.34574813,0,-1,0.34574813,0,1,0.35366756,0,-1,0.34574813,0,-1,0.34574813,1,0,0.41783708,0,0,0.41783708,0,0,0.41783708,0,0,0.41783708,0,0,0.41783708,1,-1,0.34574813,-1,-1,0.34574813,-1,0,0.41783708,0,1,0.35366756,0,0,0.41783708,-1,1,0.35607842,0,1,0.35607842,0,1,0.36046588,0,1,0.36046588,0,0,0.42288262,0,0,0.42288262,0,1,0.34808505,0,1,0.34808505,0,1,0.34562808,0,1,0.34562808,0,1,0.3562,0,1,0.3562,0,1,0.35366756,0,1,0.36153263,0,1,0.36153263,0,1,0.35366756,0,0,0.42865354,0,0,0.42865354,0,0,0.42865354,0,1,0.35366756,0,0,0.42761797,1,0,0.42761797,0,0,0.42761797,0,0,0.42761797,0,0,0.42761797,0,0,0.42761797,0,1,0.3581665,0,1,0.3581665,0,1,0.3581665,0,1,0.3581665,0,1,0.3581665,0,1,0.3581665,0,1,0.3581665,0,1,0.3581665,0,1,0.3581665,0,1,0.3581665,0,1,0.3581665,0,1,0.3581665,0,0,0.4312511,0,0,0.4312511,0,0,0.4312511,0,0,0.4312511,0,0,0.4312511,0,0,0.4312511,0,1,0.35152563,0,1,0.35152563,0,1,0.3515256,0,0,0.42865354,0,0,0.42865354,0,0,0.42865354,0,0,0.42865354,0,-1,0.34502935,0,-1,0.34502935,0,-1,0.34502935,0,1,0.3488949,0,1,0.3488949,0,1,0.3488949,0
     466,  27.40%,0.14336917562724014,1,0.44395456,-1,1,0.44395456,-1,1,0.44395456,0,1,0.44961032,0,1,0.44395456,-1,1,0.44395456,0,1,0.5974308,-1,1,0.5974308,-1,1,0.5974308,-1,1,0.5974308,-1,1,0.5974308,0,1,0.44395456,0,1,0.44395456,0,1,0.5974308,0,1,0.44961032,0,1,0.5974308,0,1,0.4520964,0,1,0.4520964,0,1,0.4536185,0,1,0.4536185,0,1,0.60598963,-1,1,0.60598963,-1,1,0.44938257,-1,1,0.44938257,-1,1,0.44697297,0,1,0.44697297,-1,1,0.4561595,-1,1,0.4561595,-1,1,0.44961032,0,1,0.45230782,0,1,0.45230782,0,1,0.44961032,0,1,0.60178995,0,1,0.60178995,1,1,0.60178995,1,1,0.44961032,0,1,0.60613704,1,1,0.60613704,0,1,0.60613704,1,1,0.60613704,1,1,0.60613704,0,1,0.60613704,0,1,0.45811003,1,1,0.45811003,1,1,0.45811003,1,1,0.45811003,1,1,0.45811003,1,1,0.45811003,1,1,0.45811003,1,1,0.45811003,1,1,0.45811003,1,1,0.45811003,1,1,0.45811003,1,1,0.45811003,1,1,0.60417193,0,1,0.60417193,0,1,0.60417193,0,1,0.60417193,0,1,0.60417193,0,1,0.60417193,0,1,0.45093966,1,1,0.45093966,1,1,0.45093966,1,1,0.60178995,0,1,0.60179,0,1,0.60179,0,1,0.60179,0,1,0.44546086,0,1,0.44546086,0,1,0.44546086,0,1,0.4509609,0,1,0.4509609,0,1,0.4509609,0
     467,   0.00%,0.0,1,0.5693931,0,1,0.5693931,0,1,0.5693931,0,1,0.5739981,0,1,0.5693931,0,1,0.5693931,0,1,0.5208579,0,1,0.5208579,0,1,0.5208579,0,1,0.5208579,0,1,0.5208579,0,1,0.5693931,0,1,0.5693931,0,1,0.5208579,0,1,0.5739981,0,1,0.5208579,0,1,0.57492226,0,1,0.57492226,0,1,0.5739915,0,1,0.5739915,0,1,0.49676123,0,1,0.49676123,0,1,0.5734422,0,1,0.5734422,0,1,0.576465,0,1,0.576465,0,1,0.57222176,0,1,0.57222176,0,1,0.5739981,0,1,0.5782075,0,1,0.5782075,0,1,0.5739981,0,1,0.4989861,0,1,0.4989861,0,1,0.4989861,0,1,0.5739981,0,1,0.5258031,0,1,0.5258031,0,1,0.5258031,0,1,0.5258031,0,1,0.5258031,0,1,0.5258031,0,1,0.57150006,0,1,0.57150006,0,1,0.57150006,0,1,0.57150006,0,1,0.57150006,0,1,0.57150006,0,1,0.57150006,0,1,0.57150006,0,1,0.57150006,0,1,0.57150006,0,1,0.57150006,0,1,0.57150006,0,1,0.51117873,0,1,0.51117873,0,1,0.51117873,0,1,0.51117873,0,1,0.51117873,0,1,0.51117873,0,1,0.57533664,0,1,0.57533664,0,1,0.57533664,0,1,0.49898607,0,1,0.4989861,0,1,0.4989861,0,1,0.4989861,0,1,0.57136565,0,1,0.57136565,0,1,0.57136565,0,1,0.57525593,0,1,0.57525593,0,1,0.57525593,0
     468,   9.59%,0.08333333333333333,-1,0.48580024,-1,-1,0.48580024,-1,-1,0.48580024,0,-1,0.48223776,0,-1,0.48580024,-1,-1,0.48580024,0,1,0.50206524,0,1,0.50206524,0,1,0.50206524,-1,1,0.50206524,-1,1,0.50206524,0,-1,0.48580024,0,-1,0.48580024,0,1,0.50206524,0,-1,0.48223776,0,1,0.50206524,0,-1,0.48181164,0,-1,0.48181164,0,-1,0.4819982,0,-1,0.4819982,-1,1,0.45409685,-1,1,0.45409685,-1,-1,0.4829321,0,-1,0.4829321,0,-1,0.48319286,-1,-1,0.48319286,0,-1,0.47972313,-1,-1,0.47972313,-1,-1,0.48223776,0,-1,0.4793981,1,-1,0.4793981,1,-1,0.48223776,0,1,0.45079127,0,1,0.45079127,0,1,0.45079127,0,-1,0.48223776,0,1,0.5092257,0,1,0.5092257,0,1,0.5092257,0,1,0.5092257,0,1,0.5092257,0,1,0.5092257,0,-1,0.47375596,0,-1,0.47375596,0,-1,0.47375596,0,-1,0.47375596,0,-1,0.47375596,0,-1,0.47375596,0,-1,0.47375596,0,-1,0.47375596,0,-1,0.47375596,0,-1,0.47375596,0,-1,0.47375596,0,-1,0.47375596,0,1,0.4907389,0,1,0.4907389,0,1,0.4907389,0,1,0.4907389,0,1,0.4907389,0,1,0.4907389,0,-1,0.481509,1,-1,0.481509,1,-1,0.481509,1,1,0.45079127,0,1,0.45079127,0,1,0.45079127,0,1,0.45079127,0,-1,0.4846153,0,-1,0.4846153,0,-1,0.4846153,0,-1,0.483297,0,-1,0.483297,0,-1,0.483297,0
     469,  49.32%,0.3302752293577982,1,0.4666727,1,1,0.4666727,1,1,0.4666727,1,1,0.47401723,0,1,0.4666727,1,1,0.4666727,1,1,0.52730626,1,1,0.52730626,1,1,0.52730626,1,1,0.52730626,1,1,0.52730626,1,1,0.4666727,1,1,0.4666727,1,1,0.52730626,1,1,0.47401723,0,1,0.52730626,1,1,0.4755385,0,1,0.4755385,0,1,0.47372732,0,1,0.47372732,0,1,0.5124213,0,1,0.5124213,0,1,0.47319758,0,1,0.47319758,0,1,0.47436488,0,1,0.47436488,0,1,0.47391745,0,1,0.47391745,0,1,0.47401723,0,1,0.4806702,0,1,0.4806702,0,1,0.47401723,0,1,0.5083499,1,1,0.5083499,1,1,0.5083499,1,1,0.47401723,0,1,0.52499735,0,1,0.52499735,0,1,0.52499735,1,1,0.52499735,1,1,0.52499735,0,1,0.52499735,1,1,0.47798255,1,1,0.47798255,1,1,0.47798255,1,1,0.47798255,1,1,0.47798255,1,1,0.47798255,1,1,0.47798255,1,1,0.47798255,1,1,0.47798255,1,1,0.47798255,1,1,0.47798255,1,1,0.47798255,1,1,0.51620126,0,1,0.51620126,0,1,0.51620126,0,1,0.51620126,0,1,0.51620126,0,1,0.51620126,0,1,0.4760033,1,1,0.4760033,1,1,0.4760033,1,1,0.5083499,0,1,0.5083499,1,1,0.5083499,0,1,0.5083499,0,1,0.469494,0,1,0.469494,0,1,0.469494,0,1,0.47467506,0,1,0.47467506,0,1,0.47467506,0
     470,  32.88%,0.19047619047619047,1,0.35041088,0,1,0.35041088,0,1,0.35041088,0,1,0.35731316,0,1,0.35041088,0,1,0.35041088,0,0,0.50458956,0,0,0.50458956,0,0,0.50458956,1,0,0.50458956,0,0,0.50458956,1,1,0.35041088,0,1,0.35041088,0,0,0.50458956,0,1,0.35731316,0,0,0.50458956,0,1,0.3595592,-1,1,0.3595592,-1,1,0.36328834,-1,1,0.36328834,-1,0,0.4997956,-1,0,0.4997956,-1,1,0.35459086,-1,1,0.35459086,-1,1,0.3513574,-1,1,0.3513574,0,1,0.36407536,-1,1,0.36407536,-1,1,0.35731316,0,1,0.36039498,-1,1,0.36039498,-1,1,0.35731316,0,0,0.51758343,0,0,0.51758343,0,0,0.51758343,0,1,0.35731316,0,0,0.5135052,0,0,0.5135052,0,0,0.5135052,0,0,0.5135052,0,0,0.5135052,0,0,0.5135052,0,1,0.36693126,0,1,0.36693126,0,1,0.36693126,0,1,0.36693126,0,1,0.36693126,-1,1,0.36693126,0,1,0.36693126,0,1,0.36693126,0,1,0.36693126,-1,1,0.36693126,0,1,0.36693126,0,1,0.36693126,0,0,0.51084065,0,0,0.51084065,0,0,0.51084065,0,0,0.51084065,0,0,0.51084065,0,0,0.51084065,0,1,0.35670444,0,1,0.35670444,0,1,0.35670447,0,0,0.5175835,0,0,0.5175835,0,0,0.5175835,0,0,0.5175835,0,1,0.35242322,0,1,0.35242322,0,1,0.35242322,0,1,0.35524917,0,1,0.35524917,0,1,0.35524917,0
     471,   6.85%,0.04273504273504273,1,0.47617194,0,1,0.47617194,-1,1,0.47617194,0,1,0.48006138,0,1,0.47617194,-1,1,0.47617194,1,1,0.5678345,0,1,0.5678345,0,1,0.5678345,0,1,0.5678345,0,1,0.5678345,0,1,0.47617194,0,1,0.47617194,0,1,0.5678345,0,1,0.48006138,0,1,0.5678345,0,1,0.48329523,0,1,0.48329523,0,1,0.48054257,0,1,0.48054257,0,1,0.5576548,0,1,0.5576548,0,1,0.47976717,0,1,0.47976717,0,1,0.48031107,0,1,0.48031107,0,1,0.4862486,0,1,0.4862486,0,1,0.48006138,0,1,0.48261338,0,1,0.48261338,0,1,0.48006132,0,1,0.56375957,0,1,0.56375957,0,1,0.56375957,0,1,0.48006138,0,1,0.56070626,1,1,0.56070626,1,1,0.56070626,1,1,0.56070626,0,1,0.56070626,0,1,0.56070626,0,1,0.48639882,0,1,0.48639882,0,1,0.48639882,0,1,0.48639882,0,1,0.48639882,1,1,0.48639882,0,1,0.48639882,0,1,0.48639882,0,1,0.48639882,0,1,0.48639882,0,1,0.48639882,0,1,0.48639882,0,1,0.5610757,0,1,0.5610757,0,1,0.5610757,0,1,0.5610757,0,1,0.5610757,0,1,0.5610757,0,1,0.47937468,0,1,0.47937468,0,1,0.4793747,0,1,0.5637596,0,1,0.56375957,0,1,0.56375957,0,1,0.56375957,0,1,0.47650757,0,1,0.47650757,0,1,0.47650757,0,1,0.4811689,0,1,0.4811689,0,1,0.4811689,0
     472, 100.00%,1.0,0,0.70058674,0,0,0.70058674,0,0,0.70058674,0,0,0.70296603,0,0,0.70058674,0,0,0.70058674,0,0,0.7875138,0,0,0.7875138,0,0,0.7875138,0,0,0.7875138,0,0,0.7875138,0,0,0.70058674,0,0,0.70058674,0,0,0.7875138,0,0,0.70296603,0,0,0.7875138,0,0,0.6991991,0,0,0.6991991,0,0,0.70174384,0,0,0.70174384,0,0,0.83989024,0,0,0.83989024,0,0,0.69881195,0,0,0.69881195,0,0,0.7065174,0,0,0.7065174,0,0,0.6875461,0,0,0.6875461,0,0,0.70296603,0,0,0.71249586,0,0,0.7124958,0,0,0.70296603,0,0,0.83702767,0,0,0.83702767,0,0,0.83702767,0,0,0.70296603,0,0,0.7850027,0,0,0.7850027,0,0,0.7850027,0,0,0.7850027,0,0,0.7850027,0,0,0.7850027,0,0,0.69940287,0,0,0.69940287,0,0,0.69940287,0,0,0.69940287,0,0,0.69940287,0,0,0.69940287,0,0,0.69940287,0,0,0.69940287,0,0,0.69940287,0,0,0.69940287,0,0,0.69940287,0,0,0.69940287,0,0,0.8064525,0,0,0.8064525,0,0,0.8064525,0,0,0.8064525,0,0,0.8064525,0,0,0.8064525,0,0,0.7019059,0,0,0.7019059,0,0,0.701906,0,0,0.8370277,0,0,0.83702767,0,0,0.83702767,0,0,0.83702767,0,0,0.6985615,0,0,0.6985615,0,0,0.6985615,0,0,0.69714135,0,0,0.69714135,0,0,0.69714135,0
     473, 100.00%,1.0,0,0.6692903,0,0,0.6692903,0,0,0.6692903,0,0,0.6729917,0,0,0.6692903,0,0,0.6692903,0,0,0.81147265,0,0,0.81147265,0,0,0.81147265,0,0,0.81147265,0,0,0.81147265,0,0,0.6692903,0,0,0.6692903,0,0,0.81147265,0,0,0.6729917,0,0,0.81147265,0,0,0.671657,0,0,0.671657,0,0,0.6719594,0,0,0.6719594,0,0,0.85026866,0,0,0.85026866,0,0,0.66844094,0,0,0.66844094,0,0,0.6746322,0,0,0.6746322,0,0,0.662149,0,0,0.662149,0,0,0.6729917,0,0,0.6828196,0,0,0.6828196,0,0,0.67299175,0,0,0.8491685,0,0,0.8491685,0,0,0.8491685,0,0,0.6729917,0,0,0.81067896,0,0,0.81067896,0,0,0.81067896,0,0,0.81067896,0,0,0.81067896,0,0,0.81067896,0,0,0.67426616,0,0,0.67426616,0,0,0.67426616,0,0,0.67426616,0,0,0.67426616,0,0,0.67426616,0,0,0.67426616,0,0,0.67426616,0,0,0.67426616,0,0,0.67426616,0,0,0.67426616,0,0,0.67426616,0,0,0.8290587,0,0,0.8290587,0,0,0.8290587,0,0,0.8290587,0,0,0.8290587,0,0,0.8290587,0,0,0.6705726,0,0,0.6705726,0,0,0.67057264,0,0,0.8491685,0,0,0.8491685,0,0,0.8491685,0,0,0.8491685,0,0,0.6674168,0,0,0.6674168,0,0,0.6674168,0,0,0.6669403,0,0,0.6669403,0,0,0.6669403,0
     474,  98.63%,0.496551724137931,0,0.74641573,0,0,0.74641573,0,0,0.74641573,0,0,0.75004995,0,0,0.74641573,0,0,0.74641573,0,0,0.8367826,0,0,0.8367826,0,0,0.8367826,0,0,0.8367826,0,0,0.8367826,0,0,0.74641573,0,0,0.74641573,0,0,0.8367826,0,0,0.75004995,0,0,0.8367826,0,0,0.74855465,0,0,0.74855465,0,0,0.7485656,0,0,0.7485656,0,0,0.8723047,0,0,0.8723047,0,0,0.74549085,0,0,0.74549085,0,0,0.75186116,0,0,0.75186116,0,0,0.7390426,0,0,0.7390426,0,0,0.75004995,0,0,0.75929505,0,0,0.75929505,0,0,0.75004995,0,0,0.8719892,0,0,0.8719892,0,0,0.8719892,0,0,0.75004995,0,0,0.83372617,0,0,0.83372617,0,0,0.83372617,0,0,0.83372617,0,0,0.83372617,0,0,0.83372617,0,0,0.74973094,0,0,0.74973094,0,0,0.74973094,0,0,0.74973094,0,0,0.74973094,1,0,0.74973094,0,0,0.74973094,0,0,0.74973094,0,0,0.74973094,0,0,0.74973094,0,0,0.74973094,0,0,0.74973094,0,0,0.8485451,0,0,0.8485451,0,0,0.8485451,0,0,0.8485451,0,0,0.8485451,0,0,0.8485451,0,0,0.7479228,0,0,0.7479228,0,0,0.7479228,0,0,0.87198925,0,0,0.87198925,0,0,0.87198925,0,0,0.87198925,0,0,0.74503785,0,0,0.74503785,0,0,0.74503785,0,0,0.7445853,0,0,0.7445853,0,0,0.7445853,0
     475, 100.00%,1.0,0,0.7545242,0,0,0.7545242,0,0,0.7545242,0,0,0.758217,0,0,0.7545242,0,0,0.7545242,0,0,0.8081643,0,0,0.8081643,0,0,0.8081643,0,0,0.8081643,0,0,0.8081643,0,0,0.7545242,0,0,0.7545242,0,0,0.8081643,0,0,0.758217,0,0,0.8081643,0,0,0.7568946,0,0,0.7568946,0,0,0.75699127,0,0,0.75699127,0,0,0.8524737,0,0,0.8524737,0,0,0.7532636,0,0,0.7532636,0,0,0.75990283,0,0,0.75990283,0,0,0.7463525,0,0,0.7463525,0,0,0.758217,0,0,0.7673812,0,0,0.7673812,0,0,0.758217,0,0,0.85112685,0,0,0.85112685,0,0,0.85112685,0,0,0.758217,0,0,0.79935116,0,0,0.79935116,0,0,0.79935116,0,0,0.79935116,0,0,0.79935116,0,0,0.79935116,0,0,0.7549801,0,0,0.7549801,0,0,0.7549801,0,0,0.7549801,0,0,0.7549801,0,0,0.7549801,0,0,0.7549801,0,0,0.7549801,0,0,0.7549801,0,0,0.7549801,0,0,0.7549801,0,0,0.7549801,0,0,0.8189261,0,0,0.8189261,0,0,0.8189261,0,0,0.8189261,0,0,0.8189261,0,0,0.8189261,0,0,0.7562718,0,0,0.7562718,0,0,0.7562718,0,0,0.85112685,0,0,0.8511268,0,0,0.8511268,0,0,0.8511268,0,0,0.75357157,0,0,0.75357157,0,0,0.75357157,0,0,0.752725,0,0,0.752725,0,0,0.752725,0
     476,  98.63%,0.496551724137931,0,0.44923434,0,0,0.44923434,0,0,0.44923434,0,0,0.450671,0,0,0.44923434,0,0,0.44923434,0,0,0.6650472,0,0,0.6650472,0,0,0.6650472,0,0,0.6650472,0,0,0.6650472,1,0,0.44923434,0,0,0.44923434,0,0,0.6650472,0,0,0.450671,0,0,0.6650472,0,0,0.45298755,0,0,0.45298755,0,0,0.45189628,0,0,0.45189628,0,0,0.68477994,0,0,0.68477994,0,0,0.44986868,0,0,0.44986868,0,0,0.44581342,0,0,0.44581342,0,0,0.45860794,0,0,0.45860794,0,0,0.450671,0,0,0.45085564,0,0,0.4508556,0,0,0.450671,0,0,0.6891509,0,0,0.6891509,0,0,0.6891509,0,0,0.450671,0,0,0.6738747,0,0,0.6738747,0,0,0.6738747,0,0,0.6738747,0,0,0.6738747,0,0,0.6738747,0,0,0.46118188,0,0,0.46118188,0,0,0.46118188,0,0,0.46118188,0,0,0.46118188,0,0,0.46118188,0,0,0.46118188,0,0,0.46118188,0,0,0.46118188,0,0,0.46118188,0,0,0.46118188,0,0,0.46118188,0,0,0.68104213,0,0,0.68104213,0,0,0.68104213,0,0,0.68104213,0,0,0.68104213,0,0,0.68104213,0,0,0.44622427,0,0,0.44622427,0,0,0.4462243,0,0,0.68915087,0,0,0.68915087,0,0,0.68915087,0,0,0.68915087,0,0,0.44667557,0,0,0.44667557,0,0,0.44667557,0,0,0.44804335,0,0,0.44804335,0,0,0.44804335,0
     477, 100.00%,1.0,0,0.74779344,0,0,0.74779344,0,0,0.74779344,0,0,0.7507741,0,0,0.74779344,0,0,0.74779344,0,0,0.7901026,0,0,0.7901026,0,0,0.7901026,0,0,0.7901026,0,0,0.7901026,0,0,0.74779344,0,0,0.74779344,0,0,0.7901026,0,0,0.7507741,0,0,0.7901026,0,0,0.7511902,0,0,0.7511902,0,0,0.74981123,0,0,0.74981123,0,0,0.8177241,0,0,0.8177241,0,0,0.7513685,0,0,0.7513685,0,0,0.7515694,0,0,0.7515694,0,0,0.75210035,0,0,0.75210035,0,0,0.7507741,0,0,0.7543846,0,0,0.7543845,0,0,0.7507741,0,0,0.82050186,0,0,0.82050186,0,0,0.82050186,0,0,0.7507741,0,0,0.78403735,0,0,0.78403735,0,0,0.78403735,0,0,0.78403735,0,0,0.78403735,0,0,0.78403735,0,0,0.7528496,0,0,0.7528496,0,0,0.7528496,0,0,0.7528496,0,0,0.7528496,0,0,0.7528496,0,0,0.7528496,0,0,0.7528496,0,0,0.7528496,0,0,0.7528496,0,0,0.7528496,0,0,0.7528496,0,0,0.79726154,0,0,0.79726154,0,0,0.79726154,0,0,0.79726154,0,0,0.79726154,0,0,0.79726154,0,0,0.75007546,0,0,0.75007546,0,0,0.7500754,0,0,0.8205019,0,0,0.82050186,0,0,0.82050186,0,0,0.82050186,0,0,0.74523246,0,0,0.74523246,0,0,0.74523246,0,0,0.75114894,0,0,0.75114894,0,0,0.75114894,0
     478,  36.99%,0.35089181750820364,-1,0.35132876,-1,-1,0.35132876,-1,-1,0.35132876,0,-1,0.34644726,0,-1,0.35132876,0,-1,0.35132876,0,1,0.44639638,0,1,0.44639638,0,1,0.44639638,0,1,0.44639638,0,1,0.44639638,0,-1,0.35132876,-1,-1,0.35132876,-1,1,0.44639638,-1,-1,0.34644726,0,1,0.44639638,-1,-1,0.3494036,0,-1,0.3494036,0,-1,0.3483388,0,-1,0.3483388,0,0,0.46425208,0,0,0.46425208,0,-1,0.3459896,0,-1,0.3459896,0,0,0.3493886,0,0,0.3493886,0,-1,0.3719088,0,-1,0.3719088,0,-1,0.34644726,0,0,0.34672296,0,0,0.346723,0,-1,0.34644717,0,0,0.46375504,0,0,0.46375504,1,0,0.46375504,1,-1,0.34644726,0,1,0.44295377,1,1,0.44295377,1,1,0.44295377,1,1,0.44295377,1,1,0.44295377,1,1,0.44295377,1,-1,0.35372218,1,-1,0.35372218,0,-1,0.35372218,1,-1,0.35372218,1,-1,0.35372218,1,-1,0.35372218,1,-1,0.35372218,1,-1,0.35372218,1,-1,0.35372218,1,-1,0.35372218,1,-1,0.35372218,1,-1,0.35372218,1,0,0.44446856,0,0,0.44446856,0,0,0.44446856,0,0,0.44446856,0,0,0.44446856,0,0,0.44446856,0,0,0.3439495,-1,0,0.3439495,-1,0,0.34394953,-1,0,0.46375504,0,0,0.463755,0,0,0.463755,0,0,0.463755,0,-1,0.350244,0,-1,0.350244,0,-1,0.350244,0,-1,0.345645,0,-1,0.345645,0,-1,0.345645,0
     479,  15.07%,0.08730158730158731,-1,0.5123839,-1,-1,0.5123839,-1,-1,0.5123839,1,-1,0.5085062,0,-1,0.5123839,0,-1,0.5123839,1,-1,0.48970035,1,-1,0.48970035,1,-1,0.48970035,1,-1,0.48970035,1,-1,0.48970035,1,-1,0.5123839,1,-1,0.5123839,0,-1,0.48970035,1,-1,0.5085062,0,-1,0.48970035,-1,-1,0.50468916,0,-1,0.50468916,-1,-1,0.50974256,-1,-1,0.50974256,-1,-1,0.48405072,-1,-1,0.48405072,-1,-1,0.5086591,1,-1,0.5086591,0,-1,0.5086853,-1,-1,0.5086853,-1,-1,0.49959034,0,-1,0.49959034,0,-1,0.5085062,0,-1,0.5059136,-1,-1,0.5059137,0,-1,0.5085062,0,-1,0.45490408,0,-1,0.45490408,1,-1,0.45490408,0,-1,0.5085062,0,-1,0.4925599,0,-1,0.4925599,1,-1,0.4925599,0,-1,0.4925599,0,-1,0.4925599,0,-1,0.4925599,1,-1,0.5010095,0,-1,0.5010095,0,-1,0.5010095,0,-1,0.5010095,0,-1,0.5010095,0,-1,0.5010095,0,-1,0.5010095,0,-1,0.5010095,0,-1,0.5010095,0,-1,0.5010095,0,-1,0.5010095,0,-1,0.5010095,0,-1,0.47635505,0,-1,0.47635505,0,-1,0.47635505,0,-1,0.47635505,0,-1,0.47635505,0,-1,0.47635505,0,-1,0.51056904,0,-1,0.51056904,0,-1,0.51056904,0,-1,0.45490408,0,-1,0.45490408,0,-1,0.45490408,0,-1,0.45490408,0,-1,0.5131512,0,-1,0.5131512,0,-1,0.5131512,0,-1,0.5082744,0,-1,0.5082744,0,-1,0.5082744,0
     480,  32.88%,0.22510822510822512,-1,0.48471725,-1,-1,0.48471725,-1,-1,0.48471725,-1,-1,0.4814092,0,-1,0.48471725,-1,-1,0.48471725,-1,0,0.40018404,-1,0,0.40018404,-1,0,0.40018404,-1,0,0.40018404,-1,0,0.40018404,-1,-1,0.48471725,0,-1,0.48471725,0,0,0.40018404,0,-1,0.4814092,0,0,0.40018404,0,-1,0.4827489,0,-1,0.4827489,0,-1,0.48330835,0,-1,0.48330835,0,0,0.43226835,0,0,0.43226835,0,-1,0.4825356,0,-1,0.4825356,1,-1,0.4730612,0,-1,0.4730612,1,-1,0.49754408,0,-1,0.49754408,1,-1,0.4814092,0,-1,0.47087705,0,-1,0.47087708,0,-1,0.48140913,0,0,0.4434767,0,0,0.4434767,0,0,0.4434767,0,-1,0.4814092,0,0,0.41204852,0,0,0.41204852,0,0,0.41204852,1,0,0.41204852,1,0,0.41204852,0,0,0.41204852,0,-1,0.4865239,0,-1,0.4865239,0,-1,0.4865239,1,-1,0.4865239,0,-1,0.4865239,0,-1,0.4865239,1,-1,0.4865239,1,-1,0.4865239,1,-1,0.4865239,0,-1,0.4865239,0,-1,0.4865239,0,-1,0.4865239,0,0,0.418352,0,0,0.418352,0,0,0.418352,0,0,0.418352,1,0,0.418352,1,0,0.418352,0,-1,0.47924674,1,-1,0.47924674,1,-1,0.47924674,1,0,0.4434767,0,0,0.4434767,0,0,0.4434767,0,0,0.4434767,0,-1,0.48232976,0,-1,0.48232976,0,-1,0.48232976,0,-1,0.48226634,0,-1,0.48226634,0,-1,0.48226634,0
     481,  13.70%,0.08032128514056225,-1,0.55959284,-1,-1,0.55959284,-1,-1,0.55959284,-1,-1,0.55515814,0,-1,0.55959284,-1,-1,0.55959284,-1,-1,0.42320445,-1,-1,0.42320445,-1,-1,0.42320445,-1,-1,0.42320445,-1,-1,0.42320445,-1,-1,0.55959284,0,-1,0.55959284,0,-1,0.42320445,0,-1,0.55515814,0,-1,0.42320445,0,-1,0.55599487,0,-1,0.55599487,0,-1,0.5556482,0,-1,0.5556482,0,-1,0.3950818,0,-1,0.3950818,0,-1,0.55785054,0,-1,0.55785054,1,-1,0.5540824,0,-1,0.5540824,0,-1,0.5726921,1,-1,0.5726921,1,-1,0.55515814,0,-1,0.54497254,1,-1,0.54497254,1,-1,0.5551581,0,-1,0.40805608,0,-1,0.40805608,1,-1,0.40805608,0,-1,0.55515814,0,-1,0.4054041,1,-1,0.4054041,1,-1,0.4054041,1,-1,0.4054041,1,-1,0.4054041,1,-1,0.4054041,1,-1,0.56450236,1,-1,0.56450236,1,-1,0.56450236,1,-1,0.56450236,1,-1,0.56450236,1,-1,0.56450236,1,-1,0.56450236,1,-1,0.56450236,1,-1,0.56450236,1,-1,0.56450236,1,-1,0.56450236,1,-1,0.56450236,1,-1,0.40855578,1,-1,0.40855578,1,-1,0.40855578,0,-1,0.40855578,1,-1,0.40855578,1,-1,0.40855578,1,-1,0.55381095,1,-1,0.55381095,1,-1,0.55381095,1,-1,0.40805614,0,-1,0.40805608,1,-1,0.40805608,0,-1,0.40805608,0,-1,0.5564139,0,-1,0.5564139,0,-1,0.5564139,0,-1,0.55913484,1,-1,0.55913484,1,-1,0.55913484,1
     482,  95.89%,0.48951048951048953,0,0.37714842,-1,0,0.37714842,0,0,0.37714842,0,0,0.37973964,0,0,0.37714842,-1,0,0.37714842,0,0,0.6991721,0,0,0.6991721,0,0,0.6991721,-1,0,0.6991721,0,0,0.6991721,0,0,0.37714842,0,0,0.37714842,0,0,0.6991721,0,0,0.37973964,0,0,0.6991721,0,0,0.38526914,0,0,0.38526914,0,0,0.38195655,0,0,0.38195655,0,0,0.70192665,0,0,0.70192665,0,0,0.37873784,0,0,0.37873784,0,0,0.3718368,0,0,0.3718368,0,0,0.4028177,0,0,0.4028177,0,0,0.37973964,0,0,0.37653708,0,0,0.37653708,0,0,0.37973964,0,0,0.72370845,0,0,0.72370845,0,0,0.72370845,0,0,0.37973964,0,0,0.7143999,0,0,0.7143999,0,0,0.7143999,0,0,0.7143999,0,0,0.7143999,0,0,0.7143999,0,0,0.40103093,0,0,0.40103093,0,0,0.40103093,0,0,0.40103093,0,0,0.40103093,0,0,0.40103093,0,0,0.40103093,0,0,0.40103093,0,0,0.40103093,0,0,0.40103093,0,0,0.40103093,0,0,0.40103093,0,0,0.72507566,0,0,0.72507566,0,0,0.72507566,0,0,0.72507566,0,0,0.72507566,0,0,0.72507566,0,0,0.37460235,0,0,0.37460235,0,0,0.37460235,0,0,0.72370845,0,0,0.72370845,0,0,0.72370845,0,0,0.72370845,0,0,0.37457108,0,0,0.37457108,0,0,0.37457108,0,0,0.37923253,0,0,0.37923253,0,0,0.37923253,0
     483, 100.00%,1.0,0,0.9999718,0,0,0.9999718,0,0,0.9999718,0,0,0.99997216,0,0,0.9999718,0,0,0.9999718,0,0,0.9999807,0,0,0.9999807,0,0,0.9999807,0,0,0.9999807,0,0,0.9999807,0,0,0.9999718,0,0,0.9999718,0,0,0.9999807,0,0,0.99997216,0,0,0.9999807,0,0,0.99997336,0,0,0.99997336,0,0,0.9999676,0,0,0.9999676,0,0,0.9999805,0,0,0.9999805,0,0,0.9999729,0,0,0.9999729,0,0,0.99997544,0,0,0.99997544,0,0,0.9999697,0,0,0.9999697,0,0,0.99997216,0,0,0.9999743,0,0,0.9999743,0,0,0.99997216,0,0,0.9999848,0,0,0.9999848,0,0,0.9999848,0,0,0.99997216,0,0,0.9999802,0,0,0.9999802,0,0,0.9999802,0,0,0.9999802,0,0,0.9999802,0,0,0.9999802,0,0,0.9999718,0,0,0.9999718,0,0,0.9999718,0,0,0.9999718,0,0,0.9999718,0,0,0.9999718,0,0,0.9999718,0,0,0.9999718,0,0,0.9999718,0,0,0.9999718,0,0,0.9999718,0,0,0.9999718,0,0,0.9999839,0,0,0.9999839,0,0,0.9999839,0,0,0.9999839,0,0,0.9999839,0,0,0.9999839,0,0,0.99997115,0,0,0.99997115,0,0,0.99997115,0,0,0.9999848,0,0,0.9999848,0,0,0.9999848,0,0,0.9999848,0,0,0.99997175,0,0,0.99997175,0,0,0.99997175,0,0,0.99997354,0,0,0.99997354,0,0,0.99997354,0
     484,  98.63%,0.496551724137931,0,0.9998886,0,0,0.9998886,0,0,0.9998886,0,0,0.99988973,0,0,0.9998886,0,0,0.9998886,0,0,0.99994576,0,0,0.99994576,0,0,0.99994576,0,0,0.99994576,0,0,0.99994576,1,0,0.9998886,0,0,0.9998886,0,0,0.99994576,0,0,0.99988973,0,0,0.99994576,0,0,0.99989545,0,0,0.99989545,0,0,0.99987364,0,0,0.99987364,0,0,0.9999484,0,0,0.9999484,0,0,0.9998933,0,0,0.9998933,0,0,0.9999029,0,0,0.9999029,0,0,0.999884,0,0,0.999884,0,0,0.99988973,0,0,0.9998983,0,0,0.9998983,0,0,0.99988973,0,0,0.99995935,0,0,0.99995935,0,0,0.99995935,0,0,0.99988973,0,0,0.99994594,0,0,0.99994594,0,0,0.99994594,0,0,0.99994594,0,0,0.99994594,0,0,0.99994594,0,0,0.9998922,0,0,0.9998922,0,0,0.9998922,0,0,0.9998922,0,0,0.9998922,0,0,0.9998922,0,0,0.9998922,0,0,0.9998922,0,0,0.9998922,0,0,0.9998922,0,0,0.9998922,0,0,0.9998922,0,0,0.9999545,0,0,0.9999545,0,0,0.9999545,0,0,0.9999545,0,0,0.9999545,0,0,0.9999545,0,0,0.9998849,0,0,0.9998849,0,0,0.9998849,0,0,0.99995935,0,0,0.99995935,0,0,0.99995935,0,0,0.99995935,0,0,0.9998876,0,0,0.9998876,0,0,0.9998876,0,0,0.9998958,0,0,0.9998958,0,0,0.9998958,0
     485, 100.00%,1.0,0,0.86469823,0,0,0.86469823,0,0,0.86469823,0,0,0.86849385,0,0,0.86469823,0,0,0.86469823,0,0,0.9795017,0,0,0.9795017,0,0,0.9795017,0,0,0.9795017,0,0,0.9795017,0,0,0.86469823,0,0,0.86469823,0,0,0.9795017,0,0,0.86849385,0,0,0.9795017,0,0,0.87093097,0,0,0.87093097,0,0,0.87330025,0,0,0.87330025,0,0,0.97862333,0,0,0.97862333,0,0,0.86755145,0,0,0.86755145,0,0,0.8610582,0,0,0.8610582,0,0,0.8866906,0,0,0.8866906,0,0,0.86849385,0,0,0.8674801,0,0,0.8674801,0,0,0.86849385,0,0,0.9825202,0,0,0.9825202,0,0,0.9825202,0,0,0.86849385,0,0,0.98089254,0,0,0.98089254,0,0,0.98089254,0,0,0.98089254,0,0,0.98089254,0,0,0.98089254,0,0,0.88832194,0,0,0.88832194,0,0,0.88832194,0,0,0.88832194,0,0,0.88832194,0,0,0.88832194,0,0,0.88832194,0,0,0.88832194,0,0,0.88832194,0,0,0.88832194,0,0,0.88832194,0,0,0.88832194,0,0,0.982181,0,0,0.982181,0,0,0.982181,0,0,0.982181,0,0,0.982181,0,0,0.982181,0,0,0.8667763,0,0,0.8667763,0,0,0.8667763,0,0,0.9825202,0,0,0.98252016,0,0,0.98252016,0,0,0.98252016,0,0,0.8611854,0,0,0.8611854,0,0,0.8611854,0,0,0.8680411,0,0,0.8680411,0,0,0.8680411,0
     486,  98.63%,0.496551724137931,0,0.67352426,0,0,0.67352426,0,0,0.67352426,1,0,0.6776219,0,0,0.67352426,0,0,0.67352426,0,0,0.8431262,0,0,0.8431262,0,0,0.8431262,0,0,0.8431262,0,0,0.8431262,0,0,0.67352426,0,0,0.67352426,0,0,0.8431262,0,0,0.6776219,0,0,0.8431262,0,0,0.6840092,0,0,0.6840092,0,0,0.67959034,0,0,0.67959034,0,0,0.8543011,0,0,0.8543011,0,0,0.6777906,0,0,0.6777906,0,0,0.66950834,0,0,0.66950834,0,0,0.70517343,0,0,0.70517343,0,0,0.6776219,0,0,0.67313766,0,0,0.67313766,0,0,0.6776219,0,0,0.86632794,0,0,0.86632794,0,0,0.86632794,0,0,0.6776219,0,0,0.8445579,0,0,0.8445579,0,0,0.8445579,0,0,0.8445579,0,0,0.8445579,0,0,0.8445579,0,0,0.69854987,0,0,0.69854987,0,0,0.69854987,0,0,0.69854987,0,0,0.69854987,0,0,0.69854987,0,0,0.69854987,0,0,0.69854987,0,0,0.69854987,0,0,0.69854987,0,0,0.69854987,0,0,0.69854987,0,0,0.854781,0,0,0.854781,0,0,0.854781,0,0,0.854781,0,0,0.854781,0,0,0.854781,0,0,0.6716506,0,0,0.6716506,0,0,0.6716506,0,0,0.86632794,0,0,0.86632794,0,0,0.86632794,0,0,0.86632794,0,0,0.6704432,0,0,0.6704432,0,0,0.6704432,0,0,0.6779108,0,0,0.6779108,0,0,0.6779108,0
     487, 100.00%,1.0,0,0.9999676,0,0,0.9999676,0,0,0.9999676,0,0,0.9999681,0,0,0.9999676,0,0,0.9999676,0,0,0.9999753,0,0,0.9999753,0,0,0.9999753,0,0,0.9999753,0,0,0.9999753,0,0,0.9999676,0,0,0.9999676,0,0,0.9999753,0,0,0.9999681,0,0,0.9999753,0,0,0.9999698,0,0,0.9999698,0,0,0.999963,0,0,0.999963,0,0,0.9999764,0,0,0.9999764,0,0,0.99996924,0,0,0.99996924,0,0,0.99997246,0,0,0.99997246,0,0,0.99996585,0,0,0.99996585,0,0,0.9999681,0,0,0.9999708,0,0,0.9999708,0,0,0.9999681,0,0,0.9999812,0,0,0.9999812,0,0,0.9999812,0,0,0.9999681,0,0,0.99997485,0,0,0.99997485,0,0,0.99997485,0,0,0.99997485,0,0,0.99997485,0,0,0.99997485,0,0,0.9999677,0,0,0.9999677,0,0,0.9999677,0,0,0.9999677,0,0,0.9999677,0,0,0.9999677,0,0,0.9999677,0,0,0.9999677,0,0,0.9999677,0,0,0.9999677,0,0,0.9999677,0,0,0.9999677,0,0,0.99997926,0,0,0.99997926,0,0,0.99997926,0,0,0.99997926,0,0,0.99997926,0,0,0.99997926,0,0,0.99996716,0,0,0.99996716,0,0,0.99996716,0,0,0.9999812,0,0,0.9999812,0,0,0.9999812,0,0,0.9999812,0,0,0.9999675,0,0,0.9999675,0,0,0.9999675,0,0,0.99997014,0,0,0.99997014,0,0,0.99997014,0
     488, 100.00%,1.0,0,0.99368316,0,0,0.99368316,0,0,0.99368316,0,0,0.99362355,0,0,0.99368316,0,0,0.99368316,0,0,0.99541557,0,0,0.99541557,0,0,0.99541557,0,0,0.99541557,0,0,0.99541557,0,0,0.99368316,0,0,0.99368316,0,0,0.99541557,0,0,0.99362355,0,0,0.99541557,0,0,0.99405015,0,0,0.99405015,0,0,0.99227965,0,0,0.99227965,0,0,0.99572504,0,0,0.99572504,0,0,0.99403775,0,0,0.99403775,0,0,0.9943908,0,0,0.9943908,0,0,0.9930943,0,0,0.9930943,0,0,0.99362355,0,0,0.9939094,0,0,0.9939094,0,0,0.99362355,0,0,0.99637514,0,0,0.99637514,0,0,0.99637514,0,0,0.99362355,0,0,0.9956345,0,0,0.9956345,0,0,0.9956345,0,0,0.9956345,0,0,0.9956345,0,0,0.9956345,0,0,0.9932028,0,0,0.9932028,0,0,0.9932028,0,0,0.9932028,0,0,0.9932028,0,0,0.9932028,0,0,0.9932028,0,0,0.9932028,0,0,0.9932028,0,0,0.9932028,0,0,0.9932028,0,0,0.9932028,0,0,0.9960864,0,0,0.9960864,0,0,0.9960864,0,0,0.9960864,0,0,0.9960864,0,0,0.9960864,0,0,0.9934572,0,0,0.9934572,0,0,0.9934572,0,0,0.99637514,0,0,0.99637514,0,0,0.99637514,0,0,0.99637514,0,0,0.9938312,0,0,0.9938312,0,0,0.9938312,0,0,0.99421644,0,0,0.99421644,0,0,0.99421644,0
     489, 100.00%,1.0,0,0.88426584,0,0,0.88426584,0,0,0.88426584,0,0,0.88734996,0,0,0.88426584,0,0,0.88426584,0,0,0.87110424,0,0,0.87110424,0,0,0.87110424,0,0,0.87110424,0,0,0.87110424,0,0,0.88426584,0,0,0.88426584,0,0,0.87110424,0,0,0.88734996,0,0,0.87110424,0,0,0.888665,0,0,0.888665,0,0,0.8860876,0,0,0.8860876,0,0,0.8907245,0,0,0.8907245,0,0,0.8865721,0,0,0.8865721,0,0,0.88837457,0,0,0.88837457,0,0,0.88523155,0,0,0.88523155,0,0,0.88734996,0,0,0.8917204,0,0,0.89172035,0,0,0.88734996,0,0,0.894695,0,0,0.894695,0,0,0.894695,0,0,0.88734996,0,0,0.863841,0,0,0.863841,0,0,0.863841,0,0,0.863841,0,0,0.863841,0,0,0.863841,0,0,0.88663584,0,0,0.88663584,0,0,0.88663584,0,0,0.88663584,0,0,0.88663584,0,0,0.88663584,0,0,0.88663584,0,0,0.88663584,0,0,0.88663584,0,0,0.88663584,0,0,0.88663584,0,0,0.88663584,0,0,0.8753006,0,0,0.8753006,0,0,0.8753006,0,0,0.8753006,0,0,0.8753006,0,0,0.8753006,0,0,0.88637006,0,0,0.88637006,0,0,0.88637006,0,0,0.89469504,0,0,0.894695,0,0,0.894695,0,0,0.894695,0,0,0.8838351,0,0,0.8838351,0,0,0.8838351,0,0,0.8870595,0,0,0.8870595,0,0,0.8870595,0
     490, 100.00%,1.0,0,0.9998778,0,0,0.9998778,0,0,0.9998778,0,0,0.9998733,0,0,0.9998778,0,0,0.9998778,0,0,0.9999461,0,0,0.9999461,0,0,0.9999461,0,0,0.9999461,0,0,0.9999461,0,0,0.9998778,0,0,0.9998778,0,0,0.9999461,0,0,0.9998733,0,0,0.9999461,0,0,0.9998787,0,0,0.9998787,0,0,0.9998496,0,0,0.9998496,0,0,0.9999573,0,0,0.9999573,0,0,0.9998819,0,0,0.9998819,0,0,0.9998889,0,0,0.9998889,0,0,0.99986917,0,0,0.99986917,0,0,0.9998733,0,0,0.9998756,0,0,0.9998756,0,0,0.9998733,0,0,0.99996537,0,0,0.99996537,0,0,0.99996537,0,0,0.9998733,0,0,0.9999471,0,0,0.9999471,0,0,0.9999471,0,0,0.9999471,0,0,0.9999471,0,0,0.9999471,0,0,0.9998694,0,0,0.9998694,0,0,0.9998694,0,0,0.9998694,0,0,0.9998694,0,0,0.9998694,0,0,0.9998694,0,0,0.9998694,0,0,0.9998694,0,0,0.9998694,0,0,0.9998694,0,0,0.9998694,0,0,0.999958,0,0,0.999958,0,0,0.999958,0,0,0.999958,0,0,0.999958,0,0,0.999958,0,0,0.99987215,0,0,0.99987215,0,0,0.99987215,0,0,0.99996537,0,0,0.99996537,0,0,0.99996537,0,0,0.99996537,0,0,0.9998758,0,0,0.9998758,0,0,0.9998758,0,0,0.99988633,0,0,0.99988633,0,0,0.99988633,0
     491,   1.37%,0.019047619047619046,-1,0.42537495,0,-1,0.42537495,0,-1,0.42537495,0,-1,0.40487304,0,-1,0.42537495,0,-1,0.42537495,0,1,0.44228062,0,1,0.44228062,0,1,0.44228062,0,1,0.44228062,0,1,0.44228062,0,-1,0.42537495,0,-1,0.42537495,0,1,0.44228062,0,-1,0.40487304,0,1,0.44228062,0,-1,0.39520162,0,-1,0.39520162,0,-1,0.3947507,1,-1,0.3947507,1,1,0.42405045,0,1,0.42405045,0,-1,0.41183874,0,-1,0.41183874,0,-1,0.41787672,1,-1,0.41787672,1,-1,0.39233446,0,-1,0.39233446,0,-1,0.40487304,0,-1,0.3902655,0,-1,0.3902655,0,-1,0.40487298,0,1,0.42915592,0,1,0.42915592,1,1,0.42915592,0,-1,0.40487304,0,1,0.4394065,0,1,0.4394065,0,1,0.4394065,0,1,0.4394065,0,1,0.4394065,0,1,0.4394065,0,-1,0.38564494,0,-1,0.38564494,0,-1,0.38564494,0,-1,0.38564494,0,-1,0.38564494,1,-1,0.38564494,0,-1,0.38564494,0,-1,0.38564494,1,-1,0.38564494,0,-1,0.38564494,0,-1,0.38564494,0,-1,0.38564494,0,1,0.42748252,0,1,0.42748252,0,1,0.42748252,0,1,0.42748252,0,1,0.42748252,0,1,0.42748252,0,-1,0.40945154,0,-1,0.40945154,0,-1,0.4094515,0,1,0.42915595,0,1,0.42915592,0,1,0.42915592,0,1,0.42915592,0,-1,0.42059344,0,-1,0.42059344,0,-1,0.42059344,0,-1,0.40944818,0,-1,0.40944818,0,-1,0.40944818,0
     492,  30.14%,0.21594475831763968,1,0.37230608,-1,1,0.37230608,-1,1,0.37230608,0,1,0.38127422,0,1,0.37230608,-1,1,0.37230608,0,0,0.44676217,0,0,0.44676217,0,0,0.44676217,0,0,0.44676217,0,0,0.44676217,0,1,0.37230608,-1,1,0.37230608,-1,0,0.44676217,-1,1,0.38127422,0,0,0.44676217,-1,1,0.3831768,0,1,0.3831768,0,1,0.38749656,0,1,0.38749656,0,0,0.45154876,-1,0,0.45154876,-1,1,0.3780375,0,1,0.3780375,0,1,0.37411344,-1,1,0.37411344,-1,1,0.38953817,0,1,0.38953817,-1,1,0.38127422,0,1,0.38511223,0,1,0.38511223,-1,1,0.38127422,0,0,0.4672572,0,0,0.4672572,1,0,0.4672572,0,1,0.38127422,0,0,0.44502974,1,0,0.44502974,1,0,0.44502974,1,0,0.44502974,1,0,0.44502974,0,0,0.44502974,0,1,0.39077604,0,1,0.39077604,0,1,0.39077604,0,1,0.39077604,-1,1,0.39077604,0,1,0.39077604,0,1,0.39077604,0,1,0.39077604,0,1,0.39077604,-1,1,0.39077604,0,1,0.39077604,0,1,0.39077604,1,0,0.4465591,0,0,0.4465591,0,0,0.4465591,0,0,0.4465591,1,0,0.4465591,1,0,0.4465591,1,1,0.38043156,0,1,0.38043156,0,1,0.38043156,0,0,0.4672572,0,0,0.4672572,0,0,0.4672572,0,0,0.4672572,0,1,0.37437037,1,1,0.37437037,1,1,0.37437037,0,1,0.378393,1,1,0.378393,1,1,0.378393,1
     493, 100.00%,1.0,0,0.3747131,0,0,0.3747131,0,0,0.3747131,0,0,0.38008788,0,0,0.3747131,0,0,0.3747131,0,0,0.59736466,0,0,0.59736466,0,0,0.59736466,0,0,0.59736466,0,0,0.59736466,0,0,0.3747131,0,0,0.3747131,0,0,0.59736466,0,0,0.38008788,0,0,0.59736466,0,0,0.38459995,0,0,0.38459995,0,0,0.38243613,0,0,0.38243613,0,0,0.6064124,0,0,0.6064124,0,0,0.38015205,0,0,0.38015205,0,0,0.37389714,0,0,0.37389714,0,0,0.3959376,0,0,0.3959376,0,0,0.38008788,0,0,0.38029507,0,0,0.38029504,0,0,0.38008788,0,0,0.6219519,0,0,0.6219519,0,0,0.6219519,0,0,0.38008788,0,0,0.6014728,0,0,0.6014728,0,0,0.6014728,0,0,0.6014728,0,0,0.6014728,0,0,0.6014728,0,0,0.3959405,0,0,0.3959405,0,0,0.3959405,0,0,0.3959405,0,0,0.3959405,0,0,0.3959405,0,0,0.3959405,0,0,0.3959405,0,0,0.3959405,0,0,0.3959405,0,0,0.3959405,0,0,0.3959405,0,0,0.6043612,0,0,0.6043612,0,0,0.6043612,0,0,0.6043612,0,0,0.6043612,0,0,0.6043612,0,0,0.376354,0,0,0.376354,0,0,0.37635407,0,0,0.62195194,0,0,0.62195194,0,0,0.62195194,0,0,0.62195194,0,0,0.37360466,0,0,0.37360466,0,0,0.37360466,0,0,0.3805957,0,0,0.3805957,0,0,0.3805957,0
     494,  41.10%,0.1941747572815534,1,0.43797845,-1,1,0.43797845,-1,1,0.43797845,-1,1,0.44225407,0,1,0.43797845,-1,1,0.43797845,-1,1,0.5959615,1,1,0.5959615,0,1,0.5959615,0,1,0.5959615,0,1,0.5959615,-1,1,0.43797845,-1,1,0.43797845,-1,1,0.5959615,-1,1,0.44225407,0,1,0.5959615,-1,1,0.44271427,0,1,0.44271427,-1,1,0.44912016,-1,1,0.44912016,-1,1,0.59173536,-1,1,0.59173536,-1,1,0.44000402,-1,1,0.44000402,-1,1,0.43890017,0,1,0.43890017,-1,1,0.44774565,-1,1,0.44774565,-1,1,0.44225407,0,1,0.44442087,0,1,0.44442087,0,1,0.44225404,0,1,0.5869938,1,1,0.5869938,1,1,0.5869938,1,1,0.44225407,0,1,0.6090217,1,1,0.6090217,1,1,0.6090217,1,1,0.6090217,1,1,0.6090217,1,1,0.6090217,1,1,0.45211467,1,1,0.45211467,1,1,0.45211467,1,1,0.45211467,1,1,0.45211467,1,1,0.45211467,1,1,0.45211467,1,1,0.45211467,1,1,0.45211467,0,1,0.45211467,1,1,0.45211467,1,1,0.45211467,1,1,0.5967645,1,1,0.5967645,1,1,0.5967645,1,1,0.5967645,1,1,0.5967645,0,1,0.5967645,1,1,0.44159487,1,1,0.44159487,1,1,0.44159487,1,1,0.5869938,0,1,0.5869938,1,1,0.5869938,0,1,0.5869938,0,1,0.43779197,0,1,0.43779197,0,1,0.43779197,0,1,0.44014382,0,1,0.44014382,0,1,0.44014382,0
     495,  30.14%,0.2388771186440678,-1,0.46505865,-1,-1,0.46505865,-1,-1,0.46505865,-1,-1,0.45859304,0,-1,0.46505865,-1,-1,0.46505865,-1,0,0.46209353,-1,0,0.46209353,-1,0,0.46209353,0,0,0.46209353,-1,0,0.46209353,0,-1,0.46505865,-1,-1,0.46505865,-1,0,0.46209353,-1,-1,0.45859304,0,0,0.46209353,-1,-1,0.45608455,0,-1,0.45608455,0,-1,0.4535313,0,-1,0.4535313,1,0,0.47640547,-1,0,0.47640547,-1,-1,0.46327454,0,-1,0.46327454,0,-1,0.46726343,1,-1,0.46726343,1,-1,0.4558124,-1,-1,0.4558124,-1,-1,0.45859304,0,-1,0.45560518,0,-1,0.45560524,-1,-1,0.45859304,0,0,0.47306195,0,0,0.47306195,1,0,0.47306195,0,-1,0.45859304,0,0,0.47905982,-1,0,0.47905982,0,0,0.47905982,1,0,0.47905982,0,0,0.47905982,1,0,0.47905982,0,-1,0.45399633,0,-1,0.45399633,0,-1,0.45399633,1,-1,0.45399633,1,-1,0.45399633,0,-1,0.45399633,1,-1,0.45399633,0,-1,0.45399633,-1,-1,0.45399633,1,-1,0.45399633,1,-1,0.45399633,1,-1,0.45399633,1,0,0.47120225,1,0,0.47120225,1,0,0.47120225,1,0,0.47120225,1,0,0.47120225,1,0,0.47120225,1,-1,0.46375644,1,-1,0.46375644,1,-1,0.46375638,1,0,0.47306195,0,0,0.473062,0,0,0.473062,0,0,0.473062,0,-1,0.46377718,0,-1,0.46377718,0,-1,0.46377718,0,-1,0.4639103,1,-1,0.4639103,0,-1,0.4639103,0
     496,  35.62%,0.1872165532879819,-1,0.42297557,0,-1,0.42297557,0,-1,0.42297557,0,-1,0.40143865,0,-1,0.42297557,0,-1,0.42297557,1,0,0.5346799,0,0,0.5346799,0,0,0.5346799,0,0,0.5346799,-1,0,0.5346799,0,-1,0.42297557,0,-1,0.42297557,0,0,0.5346799,0,-1,0.40143865,0,0,0.5346799,0,-1,0.3915895,0,-1,0.3915895,0,-1,0.3893176,0,-1,0.3893176,0,0,0.53471226,-1,0,0.53471226,-1,-1,0.4081968,0,-1,0.4081968,0,-1,0.42055666,0,-1,0.42055666,0,-1,0.37343895,0,-1,0.37343895,-1,-1,0.40143865,0,-1,0.39160216,0,-1,0.39160216,0,-1,0.4014386,0,0,0.5488477,0,0,0.5488477,0,0,0.5488477,0,-1,0.40143865,0,0,0.5485501,0,0,0.5485501,0,0,0.5485501,0,0,0.5485501,0,0,0.5485501,0,0,0.5485501,0,-1,0.3708406,0,-1,0.3708406,0,-1,0.3708406,0,-1,0.3708406,0,-1,0.3708406,0,-1,0.3708406,0,-1,0.3708406,0,-1,0.3708406,0,-1,0.3708406,0,-1,0.3708406,0,-1,0.3708406,0,-1,0.3708406,0,0,0.5357716,0,0,0.5357716,0,0,0.5357716,0,0,0.5357716,0,0,0.5357716,0,0,0.5357716,0,-1,0.40808728,0,-1,0.40808728,0,-1,0.40808728,0,0,0.54884773,0,0,0.5488477,0,0,0.5488477,0,0,0.5488477,0,-1,0.42182535,0,-1,0.42182535,0,-1,0.42182535,0,-1,0.4066232,0,-1,0.4066232,0,-1,0.4066232,0
     497,  56.16%,0.2810858923008456,-1,0.37996203,0,-1,0.37996203,0,-1,0.37996203,0,-1,0.37192306,0,-1,0.37996203,0,-1,0.37996203,0,0,0.65481716,0,0,0.65481716,0,0,0.65481716,0,0,0.65481716,0,0,0.65481716,0,-1,0.37996203,-1,-1,0.37996203,-1,0,0.65481716,-1,-1,0.37192306,0,0,0.65481716,-1,-1,0.36764765,0,-1,0.36764765,0,-1,0.36599386,1,-1,0.36599386,0,0,0.6679258,0,0,0.6679258,0,-1,0.37695894,0,-1,0.37695894,0,-1,0.3825723,1,-1,0.3825723,1,0,0.36968237,0,0,0.36968237,0,-1,0.37192306,0,-1,0.37057155,0,-1,0.37057155,0,-1,0.37192303,0,0,0.6886307,0,0,0.6886307,1,0,0.6886307,0,-1,0.37192306,0,0,0.6673293,0,0,0.6673293,0,0,0.6673293,0,0,0.6673293,0,0,0.6673293,0,0,0.6673293,0,0,0.37243026,0,0,0.37243026,0,0,0.37243026,0,0,0.37243026,0,0,0.37243026,0,0,0.37243026,0,0,0.37243026,0,0,0.37243026,0,0,0.37243026,0,0,0.37243026,0,0,0.37243026,0,0,0.37243026,0,0,0.6709924,0,0,0.6709924,0,0,0.6709924,0,0,0.6709924,0,0,0.6709924,0,0,0.6709924,0,-1,0.38000476,0,-1,0.38000476,0,-1,0.38000476,0,0,0.68863076,0,0,0.6886307,0,0,0.6886307,0,0,0.6886307,0,-1,0.38383308,0,-1,0.38383308,0,-1,0.38383308,0,-1,0.37800434,0,-1,0.37800434,0,-1,0.37800434,0
     498, 100.00%,1.0,0,0.8042825,0,0,0.8042825,0,0,0.8042825,0,0,0.8093133,0,0,0.8042825,0,0,0.8042825,0,0,0.8121372,0,0,0.8121372,0,0,0.8121372,0,0,0.8121372,0,0,0.8121372,0,0,0.8042825,0,0,0.8042825,0,0,0.8121372,0,0,0.8093133,0,0,0.8121372,0,0,0.8092987,0,0,0.8092987,0,0,0.80658853,0,0,0.80658853,0,0,0.8270996,0,0,0.8270996,0,0,0.80262625,0,0,0.80262625,0,0,0.8130645,0,0,0.8130645,0,0,0.7959248,0,0,0.7959248,0,0,0.8093133,0,0,0.82104605,0,0,0.82104605,0,0,0.80931336,0,0,0.8316372,0,0,0.8316372,0,0,0.8316372,0,0,0.8093133,0,0,0.8017072,0,0,0.8017072,0,0,0.8017072,0,0,0.8017072,0,0,0.8017072,0,0,0.8017072,0,0,0.8083624,0,0,0.8083624,0,0,0.8083624,0,0,0.8083624,0,0,0.8083624,0,0,0.8083624,0,0,0.8083624,0,0,0.8083624,0,0,0.8083624,0,0,0.8083624,0,0,0.8083624,0,0,0.8083624,0,0,0.8170436,0,0,0.8170436,0,0,0.8170436,0,0,0.8170436,0,0,0.8170436,0,0,0.8170436,0,0,0.80512625,0,0,0.80512625,0,0,0.80512637,0,0,0.8316372,0,0,0.8316372,0,0,0.8316372,0,0,0.8316372,0,0,0.80424786,0,0,0.80424786,0,0,0.80424786,0,0,0.80098015,0,0,0.80098015,0,0,0.80098015,0
     499,  16.44%,0.09411764705882353,1,0.47924787,0,1,0.47924787,0,1,0.47924787,1,1,0.48089108,0,1,0.47924787,1,1,0.47924787,1,1,0.5466489,1,1,0.5466489,1,1,0.5466489,1,1,0.5466489,1,1,0.5466489,1,1,0.47924787,1,1,0.47924787,1,1,0.5466489,1,1,0.48089108,0,1,0.5466489,1,1,0.48105416,0,1,0.48105416,0,1,0.4857367,0,1,0.4857367,0,1,0.5549033,0,1,0.5549033,0,1,0.47961512,0,1,0.47961512,0,1,0.4776964,0,1,0.4776964,0,1,0.48565984,0,1,0.48565984,-1,1,0.48089108,0,1,0.47882855,0,1,0.47882858,0,1,0.48089102,0,1,0.55239576,0,1,0.55239576,0,1,0.55239576,0,1,0.48089108,0,1,0.5522339,0,1,0.5522339,0,1,0.5522339,0,1,0.5522339,0,1,0.5522339,0,1,0.5522339,0,1,0.48186272,0,1,0.48186272,0,1,0.48186272,0,1,0.48186272,0,1,0.48186272,0,1,0.48186272,0,1,0.48186272,0,1,0.48186272,0,1,0.48186272,0,1,0.48186272,0,1,0.48186272,0,1,0.48186272,0,1,0.5482032,0,1,0.5482032,0,1,0.5482032,0,1,0.5482032,0,1,0.5482032,0,1,0.5482032,0,1,0.481389,0,1,0.481389,0,1,0.481389,0,1,0.55239576,0,1,0.55239576,0,1,0.55239576,0,1,0.55239576,0,1,0.48052746,0,1,0.48052746,0,1,0.48052746,0,1,0.4805352,0,1,0.4805352,0,1,0.4805352,0
     500,   1.37%,0.009009009009009009,-1,0.46889123,0,-1,0.46889123,0,-1,0.46889123,0,-1,0.45939434,0,-1,0.46889123,0,-1,0.46889123,1,-1,0.4800825,0,-1,0.4800825,0,-1,0.4800825,0,-1,0.4800825,0,-1,0.4800825,1,-1,0.46889123,0,-1,0.46889123,0,-1,0.4800825,0,-1,0.45939434,0,-1,0.4800825,0,-1,0.45261934,0,-1,0.45261934,0,-1,0.45275858,1,-1,0.45275858,1,-1,0.52082235,1,-1,0.52082235,0,-1,0.46640313,0,-1,0.46640313,0,-1,0.4727359,0,-1,0.4727359,0,-1,0.44457078,0,-1,0.44457078,-1,-1,0.45939434,0,-1,0.45485473,0,-1,0.45485473,0,-1,0.45939437,0,-1,0.49400416,0,-1,0.49400416,0,-1,0.49400416,0,-1,0.45939434,0,-1,0.4929658,0,-1,0.4929658,0,-1,0.4929658,0,-1,0.4929658,0,-1,0.4929658,0,-1,0.4929658,0,-1,0.44384256,0,-1,0.44384256,0,-1,0.44384256,0,-1,0.44384256,0,-1,0.44384256,0,-1,0.44384256,0,-1,0.44384256,0,-1,0.44384256,0,-1,0.44384256,0,-1,0.44384256,0,-1,0.44384256,0,-1,0.44384256,0,-1,0.4923497,0,-1,0.4923497,0,-1,0.4923497,0,-1,0.4923497,0,-1,0.4923497,0,-1,0.4923497,0,-1,0.4678202,0,-1,0.4678202,0,-1,0.46782017,0,-1,0.49400404,0,-1,0.4940041,1,-1,0.4940041,0,-1,0.4940041,0,-1,0.46983424,0,-1,0.46983424,0,-1,0.46983424,0,-1,0.46643212,1,-1,0.46643212,1,-1,0.46643212,0
     501, 100.00%,1.0,0,0.57312953,0,0,0.57312953,0,0,0.57312953,0,0,0.57006896,0,0,0.57312953,0,0,0.57312953,0,0,0.70103997,0,0,0.70103997,0,0,0.70103997,0,0,0.70103997,0,0,0.70103997,0,0,0.57312953,0,0,0.57312953,0,0,0.70103997,0,0,0.57006896,0,0,0.70103997,0,0,0.5716488,0,0,0.5716488,0,0,0.5652267,0,0,0.5652267,0,0,0.72106844,0,0,0.72106844,0,0,0.5737432,0,0,0.5737432,0,0,0.5715588,0,0,0.5715588,0,0,0.5723598,0,0,0.5723598,0,0,0.57006896,0,0,0.5670003,0,0,0.5670003,0,0,0.570069,0,0,0.71915734,0,0,0.71915734,0,0,0.71915734,0,0,0.57006896,0,0,0.7014111,0,0,0.7014111,0,0,0.7014111,0,0,0.7014111,0,0,0.7014111,0,0,0.7014111,0,0,0.5706947,0,0,0.5706947,0,0,0.5706947,0,0,0.5706947,0,0,0.5706947,0,0,0.5706947,0,0,0.5706947,0,0,0.5706947,0,0,0.5706947,0,0,0.5706947,0,0,0.5706947,0,0,0.5706947,0,0,0.7057498,0,0,0.7057498,0,0,0.7057498,0,0,0.7057498,0,0,0.7057498,0,0,0.7057498,0,0,0.5677917,0,0,0.5677917,0,0,0.5677917,0,0,0.7191574,0,0,0.71915734,0,0,0.71915734,0,0,0.71915734,0,0,0.57177186,0,0,0.57177186,0,0,0.57177186,0,0,0.57196844,0,0,0.57196844,0,0,0.57196844,0
     502,  93.15%,0.48226950354609927,0,0.5486409,0,0,0.5486409,0,0,0.5486409,1,0,0.5508187,0,0,0.5486409,0,0,0.5486409,1,0,0.79451096,0,0,0.79451096,0,0,0.79451096,1,0,0.79451096,0,0,0.79451096,1,0,0.5486409,1,0,0.5486409,0,0,0.79451096,0,0,0.5508187,0,0,0.79451096,0,0,0.5525445,0,0,0.5525445,0,0,0.5524818,0,0,0.5524818,0,0,0.818222,0,0,0.818222,0,0,0.5494147,0,0,0.5494147,0,0,0.54645604,0,0,0.54645604,0,0,0.55471104,0,0,0.55471104,0,0,0.5508187,0,0,0.5529128,0,0,0.55291283,0,0,0.55081874,0,0,0.82009524,0,0,0.82009524,0,0,0.82009524,0,0,0.5508187,0,0,0.8172408,0,0,0.8172408,0,0,0.8172408,0,0,0.8172408,0,0,0.8172408,0,0,0.8172408,0,0,0.5577701,0,0,0.5577701,0,0,0.5577701,0,0,0.5577701,0,0,0.5577701,0,0,0.5577701,0,0,0.5577701,0,0,0.5577701,0,0,0.5577701,0,0,0.5577701,0,0,0.5577701,0,0,0.5577701,0,0,0.80878985,0,0,0.80878985,0,0,0.80878985,0,0,0.80878985,0,0,0.80878985,0,0,0.80878985,0,0,0.54775774,0,0,0.54775774,0,0,0.5477577,0,0,0.8200952,0,0,0.82009524,0,0,0.82009524,0,0,0.82009524,0,0,0.5469229,0,0,0.5469229,0,0,0.5469229,0,0,0.5486807,0,0,0.5486807,0,0,0.5486807,0
     503, 100.00%,1.0,0,0.9940284,0,0,0.9940284,0,0,0.9940284,0,0,0.9939343,0,0,0.9940284,0,0,0.9940284,0,0,0.99086267,0,0,0.99086267,0,0,0.99086267,0,0,0.99086267,0,0,0.99086267,0,0,0.9940284,0,0,0.9940284,0,0,0.99086267,0,0,0.9939343,0,0,0.99086267,0,0,0.9941606,0,0,0.9941606,0,0,0.9928877,0,0,0.9928877,0,0,0.9925409,0,0,0.9925409,0,0,0.9943511,0,0,0.9943511,0,0,0.994807,0,0,0.994807,0,0,0.99324095,0,0,0.99324095,0,0,0.9939343,0,0,0.99422514,0,0,0.99422514,0,0,0.9939343,0,0,0.9927077,0,0,0.9927077,0,0,0.9927077,0,0,0.9939343,0,0,0.9903493,0,0,0.9903493,0,0,0.9903493,0,0,0.9903493,0,0,0.9903493,0,0,0.9903493,0,0,0.9932961,0,0,0.9932961,0,0,0.9932961,0,0,0.9932961,0,0,0.9932961,0,0,0.9932961,0,0,0.9932961,0,0,0.9932961,0,0,0.9932961,0,0,0.9932961,0,0,0.9932961,0,0,0.9932961,0,0,0.9918806,0,0,0.9918806,0,0,0.9918806,0,0,0.9918806,0,0,0.9918806,0,0,0.9918806,0,0,0.99401957,0,0,0.99401957,0,0,0.99401957,0,0,0.9927077,0,0,0.9927077,0,0,0.9927077,0,0,0.9927077,0,0,0.99413395,0,0,0.99413395,0,0,0.99413395,0,0,0.99453753,0,0,0.99453753,0,0,0.99453753,0
     504,   0.00%,0.0,1,0.45127591,0,1,0.45127591,0,1,0.45127591,0,1,0.45537275,0,1,0.45127591,0,1,0.45127591,0,1,0.57058644,0,1,0.57058644,0,1,0.57058644,0,1,0.57058644,0,1,0.57058644,0,1,0.45127591,0,1,0.45127591,0,1,0.57058644,0,1,0.45537275,0,1,0.57058644,0,1,0.45726508,0,1,0.45726508,0,1,0.46000743,0,1,0.46000743,0,1,0.5893574,0,1,0.5893574,0,1,0.45207658,0,1,0.45207658,0,1,0.45252326,0,1,0.45252326,0,1,0.4566379,0,1,0.4566379,0,1,0.45537275,0,1,0.460039,0,1,0.46003902,0,1,0.45537275,0,1,0.5881749,0,1,0.5881749,0,1,0.5881749,0,1,0.45537275,0,1,0.5762166,0,1,0.5762166,0,1,0.5762166,0,1,0.5762166,0,1,0.5762166,0,1,0.5762166,0,1,0.46164182,0,1,0.46164182,0,1,0.46164182,0,1,0.46164182,0,1,0.46164182,0,1,0.46164182,0,1,0.46164182,0,1,0.46164182,0,1,0.46164182,0,1,0.46164182,0,1,0.46164182,0,1,0.46164182,0,1,0.57645166,0,1,0.57645166,0,1,0.57645166,0,1,0.57645166,0,1,0.57645166,0,1,0.57645166,0,1,0.45367795,0,1,0.45367795,0,1,0.45367792,0,1,0.58817494,0,1,0.5881748,0,1,0.5881748,0,1,0.5881748,0,1,0.4513699,0,1,0.4513699,0,1,0.4513699,0,1,0.45214313,0,1,0.45214313,0,1,0.45214313,0
     505, 100.00%,1.0,0,0.68618083,0,0,0.68618083,0,0,0.68618083,0,0,0.68559074,0,0,0.68618083,0,0,0.68618083,0,0,0.8457688,0,0,0.8457688,0,0,0.8457688,0,0,0.8457688,0,0,0.8457688,0,0,0.68618083,0,0,0.68618083,0,0,0.8457688,0,0,0.68559074,0,0,0.8457688,0,0,0.6869652,0,0,0.6869652,0,0,0.68617123,0,0,0.68617123,0,0,0.85427207,0,0,0.85427207,0,0,0.6860251,0,0,0.6860251,0,0,0.6830965,0,0,0.6830965,0,0,0.69937015,0,0,0.69937015,0,0,0.68559074,0,0,0.68130165,0,0,0.68130165,0,0,0.6855907,0,0,0.8653321,0,0,0.8653321,0,0,0.8653321,0,0,0.68559074,0,0,0.85515267,0,0,0.85515267,0,0,0.85515267,0,0,0.85515267,0,0,0.85515267,0,0,0.85515267,0,0,0.69882625,0,0,0.69882625,0,0,0.69882625,0,0,0.69882625,0,0,0.69882625,0,0,0.69882625,0,0,0.69882625,0,0,0.69882625,0,0,0.69882625,0,0,0.69882625,0,0,0.69882625,0,0,0.69882625,0,0,0.85950834,0,0,0.85950834,0,0,0.85950834,0,0,0.85950834,0,0,0.85950834,0,0,0.85950834,0,0,0.6826383,0,0,0.6826383,0,0,0.6826383,0,0,0.8653322,0,0,0.8653321,0,0,0.8653321,0,0,0.8653321,0,0,0.6846183,0,0,0.6846183,0,0,0.6846183,0,0,0.6847624,0,0,0.6847624,0,0,0.6847624,0
     506,  16.44%,0.1411764705882353,1,0.47423714,0,1,0.47423714,0,1,0.47423714,0,1,0.47608355,0,1,0.47423714,0,1,0.47423714,0,1,0.47786435,0,1,0.47786435,0,1,0.47786435,0,1,0.47786435,0,1,0.47786435,0,1,0.47423714,0,1,0.47423714,0,1,0.47786435,0,1,0.47608355,0,1,0.47786435,0,1,0.4768177,0,1,0.4768177,0,1,0.47547212,0,1,0.47547212,0,1,0.4888871,0,1,0.4888871,0,1,0.4751665,0,1,0.4751665,0,1,0.47812024,0,1,0.47812024,0,1,0.47061163,0,1,0.47061163,0,1,0.47608355,0,1,0.48018274,0,1,0.4801828,0,1,0.47608355,0,1,0.48071787,0,1,0.48071787,0,1,0.48071787,0,1,0.47608355,0,0,0.4794891,0,0,0.4794891,0,0,0.4794891,0,0,0.4794891,0,0,0.4794891,0,0,0.4794891,0,1,0.4727556,0,1,0.4727556,0,1,0.4727556,0,1,0.4727556,0,1,0.4727556,0,1,0.4727556,0,1,0.4727556,0,1,0.4727556,0,1,0.4727556,0,1,0.4727556,0,1,0.4727556,0,1,0.4727556,0,0,0.48071018,0,0,0.48071018,0,0,0.48071018,0,0,0.48071018,0,0,0.48071018,0,0,0.48071018,0,1,0.4766106,0,1,0.4766106,0,1,0.4766106,0,1,0.4807179,0,1,0.48071787,0,1,0.48071787,0,1,0.48071787,0,1,0.47515404,0,1,0.47515404,0,1,0.47515404,0,1,0.47600254,0,1,0.47600254,0,1,0.47600254,0
     507,  39.73%,0.25510136257892985,-1,0.5553553,-1,-1,0.5553553,-1,-1,0.5553553,-1,-1,0.54213893,0,-1,0.5553553,-1,-1,0.5553553,-1,0,0.52050835,-1,0,0.52050835,-1,0,0.52050835,-1,0,0.52050835,-1,0,0.52050835,0,-1,0.5553553,-1,-1,0.5553553,-1,0,0.52050835,-1,-1,0.54213893,0,0,0.52050835,-1,-1,0.5326865,0,-1,0.5326865,0,-1,0.5365961,0,-1,0.5365961,0,0,0.5440967,0,0,0.5440967,0,-1,0.54732,0,-1,0.54732,0,-1,0.55373114,0,-1,0.55373114,1,-1,0.5327129,0,-1,0.5327129,0,-1,0.54213893,0,-1,0.53308076,0,-1,0.53308076,0,-1,0.54213893,0,0,0.5637243,0,0,0.5637243,1,0,0.5637243,0,-1,0.54213893,0,0,0.52934927,0,0,0.52934927,0,0,0.52934927,0,0,0.52934927,0,0,0.52934927,0,0,0.52934927,0,-1,0.5317587,0,-1,0.5317587,0,-1,0.5317587,0,-1,0.5317587,0,-1,0.5317587,0,-1,0.5317587,0,-1,0.5317587,0,-1,0.5317587,-1,-1,0.5317587,0,-1,0.5317587,0,-1,0.5317587,0,-1,0.5317587,0,0,0.5398894,0,0,0.5398894,0,0,0.5398894,0,0,0.5398894,0,0,0.5398894,0,0,0.5398894,0,-1,0.54856074,0,-1,0.54856074,0,-1,0.54856074,0,0,0.56372434,0,0,0.5637243,0,0,0.5637243,0,0,0.5637243,0,-1,0.55260307,0,-1,0.55260307,0,-1,0.55260307,0,-1,0.5460677,0,-1,0.5460677,0,-1,0.5460677,0
     508,  10.96%,0.10457516339869281,-1,0.50638074,0,-1,0.50638074,0,-1,0.50638074,0,-1,0.50574476,0,-1,0.50638074,0,-1,0.50638074,0,1,0.45406902,0,1,0.45406902,0,1,0.45406902,0,1,0.45406902,-1,1,0.45406902,0,-1,0.50638074,0,-1,0.50638074,0,1,0.45406902,0,-1,0.50574476,0,1,0.45406902,0,-1,0.5032155,0,-1,0.5032155,0,-1,0.5029064,0,-1,0.5029064,0,1,0.4706061,0,1,0.4706061,0,-1,0.506185,1,-1,0.506185,0,-1,0.51319575,0,-1,0.51319575,0,-1,0.48913544,0,-1,0.48913544,0,-1,0.50574476,0,-1,0.511344,0,-1,0.511344,0,-1,0.50574476,0,1,0.47907138,0,1,0.47907138,1,1,0.47907138,1,-1,0.50574476,0,1,0.4639079,1,1,0.4639079,1,1,0.4639079,1,1,0.4639079,1,1,0.4639079,1,1,0.4639079,1,-1,0.49236488,1,-1,0.49236488,1,-1,0.49236488,1,-1,0.49236488,1,-1,0.49236488,1,-1,0.49236488,1,-1,0.49236488,1,-1,0.49236488,1,-1,0.49236488,1,-1,0.49236488,1,-1,0.49236488,1,-1,0.49236488,1,1,0.46033514,0,1,0.46033514,0,1,0.46033514,0,1,0.46033514,0,1,0.46033514,0,1,0.46033514,0,-1,0.50938684,0,-1,0.50938684,0,-1,0.5093868,0,1,0.47907138,0,1,0.47907138,0,1,0.47907138,0,1,0.47907138,0,-1,0.5076995,0,-1,0.5076995,0,-1,0.5076995,0,-1,0.5068689,1,-1,0.5068689,1,-1,0.5068689,0
     509,   5.48%,0.03463203463203463,-1,0.45196128,0,-1,0.45196128,0,-1,0.45196128,1,-1,0.43606517,0,-1,0.45196128,0,-1,0.45196128,1,-1,0.43517435,0,-1,0.43517435,0,-1,0.43517435,1,-1,0.43517435,0,-1,0.43517435,1,-1,0.45196128,1,-1,0.45196128,0,-1,0.43517435,0,-1,0.43606517,0,-1,0.43517435,-1,-1,0.43150932,0,-1,0.43150932,0,-1,0.42711297,1,-1,0.42711297,1,-1,0.48689786,1,-1,0.48689786,1,-1,0.44569448,0,-1,0.44569448,0,-1,0.44709837,0,-1,0.44709837,0,-1,0.4308328,0,-1,0.4308328,0,-1,0.43606517,0,-1,0.42258936,0,-1,0.42258936,0,-1,0.43606517,0,-1,0.46341318,0,-1,0.46341318,0,-1,0.46341318,0,-1,0.43606517,0,-1,0.44634306,0,-1,0.44634306,0,-1,0.44634306,0,-1,0.44634306,0,-1,0.44634306,0,-1,0.44634306,0,-1,0.4205546,0,-1,0.4205546,0,-1,0.4205546,0,-1,0.4205546,0,-1,0.4205546,0,-1,0.4205546,0,-1,0.4205546,0,-1,0.4205546,0,-1,0.4205546,0,-1,0.4205546,0,-1,0.4205546,0,-1,0.4205546,0,-1,0.4497182,0,-1,0.4497182,0,-1,0.4497182,0,-1,0.4497182,0,-1,0.4497182,0,-1,0.4497182,0,-1,0.44043025,-1,-1,0.44043025,-1,-1,0.44043022,-1,-1,0.46341315,0,-1,0.46341318,0,-1,0.46341318,0,-1,0.46341318,0,-1,0.449871,0,-1,0.449871,0,-1,0.449871,0,-1,0.4442903,0,-1,0.4442903,0,-1,0.4442903,0
     510, 100.00%,1.0,0,0.97976524,0,0,0.97976524,0,0,0.97976524,0,0,0.9808332,0,0,0.97976524,0,0,0.97976524,0,0,0.9884083,0,0,0.9884083,0,0,0.9884083,0,0,0.9884083,0,0,0.9884083,0,0,0.97976524,0,0,0.97976524,0,0,0.9884083,0,0,0.9808332,0,0,0.9884083,0,0,0.98205066,0,0,0.98205066,0,0,0.9783586,0,0,0.9783586,0,0,0.98751545,0,0,0.98751545,0,0,0.9806902,0,0,0.9806902,0,0,0.9811922,0,0,0.9811922,0,0,0.97959286,0,0,0.97959286,0,0,0.9808332,0,0,0.9822808,0,0,0.9822808,0,0,0.9808332,0,0,0.98955667,0,0,0.98955667,0,0,0.98955667,0,0,0.9808332,0,0,0.98930275,0,0,0.98930275,0,0,0.98930275,0,0,0.98930275,0,0,0.98930275,0,0,0.98930275,0,0,0.9801997,0,0,0.9801997,0,0,0.9801997,0,0,0.9801997,0,0,0.9801997,0,0,0.9801997,0,0,0.9801997,0,0,0.9801997,0,0,0.9801997,0,0,0.9801997,0,0,0.9801997,0,0,0.9801997,0,0,0.98937815,0,0,0.98937815,0,0,0.98937815,0,0,0.98937815,0,0,0.98937815,0,0,0.98937815,0,0,0.9802557,0,0,0.9802557,0,0,0.9802557,0,0,0.98955667,0,0,0.98955667,0,0,0.98955667,0,0,0.98955667,0,0,0.98070955,0,0,0.98070955,0,0,0.98070955,0,0,0.9808417,0,0,0.9808417,0,0,0.9808417,0
     511,  43.84%,0.40889724310776937,-1,0.34317487,-1,-1,0.34317487,-1,-1,0.34317487,1,1,0.3400898,0,-1,0.34317487,-1,-1,0.34317487,0,0,0.59009314,0,0,0.59009314,0,0,0.59009314,1,0,0.59009314,0,0,0.59009314,0,-1,0.34317487,-1,-1,0.34317487,-1,0,0.59009314,-1,1,0.3400898,0,0,0.59009314,-1,1,0.3452286,-1,1,0.3452286,0,1,0.34288737,1,1,0.34288737,1,0,0.59602404,1,0,0.59602404,1,-1,0.33584931,1,-1,0.33584931,1,-1,0.34528968,0,-1,0.34528968,0,0,0.35421354,0,0,0.35421354,0,1,0.3400898,0,1,0.35126483,0,1,0.35126483,0,1,0.34008983,0,0,0.6323314,0,0,0.6323314,1,0,0.6323314,0,1,0.3400898,0,0,0.6108595,1,0,0.6108595,1,0,0.6108595,1,0,0.6108595,1,0,0.6108595,1,0,0.6108595,1,0,0.35206455,0,0,0.35206455,0,0,0.35206455,0,0,0.35206455,0,0,0.35206455,0,0,0.35206455,0,0,0.35206455,0,0,0.35206455,0,0,0.35206455,1,0,0.35206455,0,0,0.35206455,0,0,0.35206455,1,0,0.60422677,1,0,0.60422677,1,0,0.60422677,1,0,0.60422677,1,0,0.60422677,1,0,0.60422677,1,-1,0.34018087,-1,-1,0.34018087,-1,-1,0.34018087,-1,0,0.6323313,0,0,0.6323314,0,0,0.6323314,0,0,0.6323314,0,-1,0.34451246,0,-1,0.34451246,1,-1,0.34451246,0,1,0.33725306,0,1,0.33725306,0,1,0.33725306,0
     512,  36.99%,0.29572649572649573,-1,0.38125145,-1,-1,0.38125145,-1,-1,0.38125145,0,-1,0.37083083,0,-1,0.38125145,0,-1,0.38125145,-1,0,0.38412333,0,0,0.38412333,0,0,0.38412333,0,0,0.38412333,0,0,0.38412333,0,-1,0.38125145,-1,-1,0.38125145,-1,0,0.38412333,-1,-1,0.37083083,0,0,0.38412333,-1,-1,0.36588538,0,-1,0.36588538,0,-1,0.36373147,1,-1,0.36373147,1,0,0.41560128,1,0,0.41560128,1,-1,0.37596548,1,-1,0.37596548,1,-1,0.3800629,1,-1,0.3800629,1,-1,0.36712465,1,-1,0.36712465,1,-1,0.37083083,0,-1,0.3616632,0,-1,0.3616632,0,-1,0.3708308,0,0,0.41540703,0,0,0.41540703,1,0,0.41540703,1,-1,0.37083083,0,0,0.40008646,1,0,0.40008646,1,0,0.40008646,1,0,0.40008646,1,0,0.40008646,1,0,0.40008646,1,-1,0.3645734,-1,-1,0.3645734,-1,-1,0.3645734,-1,-1,0.3645734,-1,-1,0.3645734,-1,-1,0.3645734,-1,-1,0.3645734,-1,-1,0.3645734,-1,-1,0.3645734,-1,-1,0.3645734,1,-1,0.3645734,-1,-1,0.3645734,0,0,0.39992383,1,0,0.39992383,1,0,0.39992383,1,0,0.39992383,1,0,0.39992383,1,0,0.39992383,1,-1,0.37517703,-1,-1,0.37517703,-1,-1,0.37517703,-1,0,0.41540703,0,0,0.41540703,1,0,0.41540703,0,0,0.41540703,0,-1,0.38180408,0,-1,0.38180408,1,-1,0.38180408,0,-1,0.37575644,0,-1,0.37575644,0,-1,0.37575644,0
     513,  35.62%,0.2871017871017871,-1,0.3978097,-1,-1,0.3978097,-1,-1,0.3978097,-1,-1,0.3862933,0,-1,0.3978097,1,-1,0.3978097,-1,0,0.4409979,0,0,0.4409979,0,0,0.4409979,-1,0,0.4409979,0,0,0.4409979,-1,-1,0.3978097,-1,-1,0.3978097,-1,0,0.4409979,-1,-1,0.3862933,0,0,0.4409979,-1,-1,0.3833108,1,-1,0.3833108,1,-1,0.38181758,1,-1,0.38181758,1,0,0.47562668,1,0,0.47562668,1,-1,0.39110717,1,-1,0.39110717,1,-1,0.39283976,1,-1,0.39283976,1,-1,0.38285396,1,-1,0.38285396,1,-1,0.3862933,0,-1,0.37591445,0,-1,0.37591454,1,-1,0.38629326,0,0,0.47932595,0,0,0.47932595,1,0,0.47932595,0,-1,0.3862933,0,0,0.45356166,1,0,0.45356166,1,0,0.45356166,1,0,0.45356166,1,0,0.45356166,1,0,0.45356166,1,-1,0.37698585,0,-1,0.37698585,-1,-1,0.37698585,-1,-1,0.37698585,-1,-1,0.37698585,-1,-1,0.37698585,-1,-1,0.37698585,0,-1,0.37698585,0,-1,0.37698585,-1,-1,0.37698585,-1,-1,0.37698585,-1,-1,0.37698585,0,0,0.4504554,1,0,0.4504554,1,0,0.4504554,1,0,0.4504554,1,0,0.4504554,1,0,0.4504554,1,-1,0.39055735,-1,-1,0.39055735,-1,-1,0.3905573,-1,0,0.4793259,0,0,0.47932595,0,0,0.47932595,0,0,0.47932595,0,-1,0.39848816,0,-1,0.39848816,1,-1,0.39848816,0,-1,0.3916795,0,-1,0.3916795,0,-1,0.3916795,0
     514,  36.99%,0.3817073701623787,-1,0.3415127,0,-1,0.3415127,0,-1,0.3415127,-1,1,0.35190204,0,-1,0.3415127,0,-1,0.3415127,-1,0,0.46311262,0,0,0.46311262,0,0,0.46311262,0,0,0.46311262,0,0,0.46311262,0,-1,0.3415127,-1,-1,0.3415127,-1,0,0.46311262,-1,1,0.35190204,0,0,0.46311262,-1,1,0.3561431,1,1,0.3561431,1,1,0.35499537,1,1,0.35499537,1,0,0.49781206,1,0,0.49781206,1,1,0.3479681,1,1,0.3479681,1,1,0.3458323,1,1,0.3458323,1,1,0.35582057,1,1,0.35582057,1,1,0.35190204,0,1,0.36108634,1,1,0.3610863,0,1,0.35190204,0,0,0.503588,0,0,0.503588,1,0,0.503588,0,1,0.35190204,0,0,0.4792696,1,0,0.4792696,1,0,0.4792696,1,0,0.4792696,1,0,0.4792696,1,0,0.4792696,1,1,0.35809833,0,1,0.35809833,-1,1,0.35809833,0,1,0.35809833,-1,1,0.35809833,0,1,0.35809833,-1,1,0.35809833,0,1,0.35809833,1,1,0.35809833,0,1,0.35809833,0,1,0.35809833,0,1,0.35809833,0,0,0.47272378,1,0,0.47272378,1,0,0.47272378,1,0,0.47272378,1,0,0.47272378,1,0,0.47272378,1,1,0.34850395,-1,1,0.34850395,-1,1,0.34850392,-1,0,0.50358796,0,0,0.503588,0,0,0.503588,0,0,0.503588,0,1,0.34152892,0,1,0.34152892,0,1,0.34152892,0,1,0.3479452,0,1,0.3479452,0,1,0.3479452,0
     515,  36.99%,0.29781576448243113,-1,0.39920586,0,-1,0.39920586,0,-1,0.39920586,0,-1,0.38550255,0,-1,0.39920586,0,-1,0.39920586,0,0,0.5124088,0,0,0.5124088,0,0,0.5124088,0,0,0.5124088,0,0,0.5124088,0,-1,0.39920586,-1,-1,0.39920586,-1,0,0.5124088,-1,-1,0.38550255,0,0,0.5124088,-1,-1,0.37950903,1,-1,0.37950903,1,-1,0.38137573,1,-1,0.38137573,1,0,0.53075147,1,0,0.53075147,1,-1,0.3908882,1,-1,0.3908882,1,-1,0.39526045,1,-1,0.39526045,1,-1,0.37999293,1,-1,0.37999293,1,-1,0.38550255,0,-1,0.37432113,1,-1,0.37432116,1,-1,0.38550255,0,0,0.5368312,0,0,0.5368312,1,0,0.5368312,-1,-1,0.38550255,0,0,0.5241043,1,0,0.5241043,1,0,0.5241043,1,0,0.5241043,1,0,0.5241043,1,0,0.5241043,1,-1,0.37577826,-1,-1,0.37577826,-1,-1,0.37577826,-1,-1,0.37577826,-1,-1,0.37577826,-1,-1,0.37577826,-1,-1,0.37577826,-1,-1,0.37577826,-1,-1,0.37577826,-1,-1,0.37577826,-1,-1,0.37577826,-1,-1,0.37577826,-1,0,0.5171572,1,0,0.5171572,1,0,0.5171572,1,0,0.5171572,1,0,0.5171572,1,0,0.5171572,1,-1,0.39102978,-1,-1,0.39102978,-1,-1,0.39102978,-1,0,0.5368312,0,0,0.5368312,0,0,0.5368312,0,0,0.5368312,0,-1,0.39841378,0,-1,0.39841378,0,-1,0.39841378,0,-1,0.3914614,0,-1,0.3914614,0,-1,0.3914614,0
     516,  35.62%,0.2595785440613027,-1,0.3751527,-1,-1,0.3751527,-1,-1,0.3751527,0,1,0.37135255,0,-1,0.3751527,0,-1,0.3751527,-1,0,0.439048,-1,0,0.439048,-1,0,0.439048,0,0,0.439048,0,0,0.439048,0,-1,0.3751527,0,-1,0.3751527,0,0,0.439048,0,1,0.37135255,0,0,0.439048,0,1,0.37628907,0,1,0.37628907,0,1,0.3757172,0,1,0.3757172,-1,0,0.47125596,-1,0,0.47125596,-1,1,0.36740017,-1,1,0.36740017,0,1,0.36751443,-1,1,0.36751443,-1,1,0.37662086,-1,1,0.37662086,-1,1,0.37135255,0,1,0.38136548,0,1,0.3813655,0,1,0.37135258,0,0,0.47473451,0,0,0.47473451,0,0,0.47473451,0,1,0.37135255,0,0,0.4582216,-1,0,0.4582216,0,0,0.4582216,0,0,0.4582216,0,0,0.4582216,0,0,0.4582216,0,1,0.3796969,0,1,0.3796969,0,1,0.3796969,0,1,0.3796969,0,1,0.3796969,0,1,0.3796969,0,1,0.3796969,0,1,0.3796969,0,1,0.3796969,0,1,0.3796969,0,1,0.3796969,0,1,0.3796969,0,0,0.46346965,0,0,0.46346965,0,0,0.46346965,0,0,0.46346965,0,0,0.46346965,0,0,0.46346965,0,1,0.36986652,0,1,0.36986652,0,1,0.36986655,0,0,0.47473451,0,0,0.47473451,0,0,0.47473451,0,0,0.47473451,0,-1,0.37209675,0,-1,0.37209675,0,-1,0.37209675,0,1,0.36998424,0,1,0.36998424,0,1,0.36998424,0
     517,  20.55%,0.11363636363636363,-1,0.5478447,-1,-1,0.5478447,-1,-1,0.5478447,-1,-1,0.54063505,0,-1,0.5478447,-1,-1,0.5478447,-1,-1,0.51964235,-1,-1,0.51964235,-1,-1,0.51964235,-1,-1,0.51964235,-1,-1,0.51964235,-1,-1,0.5478447,-1,-1,0.5478447,-1,-1,0.51964235,-1,-1,0.54063505,0,-1,0.51964235,-1,-1,0.53930134,1,-1,0.53930134,1,-1,0.54096496,0,-1,0.54096496,0,-1,0.508177,-1,-1,0.508177,0,-1,0.54442376,1,-1,0.54442376,1,-1,0.541008,0,-1,0.541008,0,-1,0.54198575,1,-1,0.54198575,1,-1,0.54063505,0,-1,0.53365034,0,-1,0.53365034,0,-1,0.540635,0,-1,0.50827897,0,-1,0.50827897,1,-1,0.50827897,0,-1,0.54063505,0,-1,0.511237,0,-1,0.511237,0,-1,0.511237,0,-1,0.511237,0,-1,0.511237,0,-1,0.511237,0,-1,0.5410283,1,-1,0.5410283,1,-1,0.5410283,1,-1,0.5410283,1,-1,0.5410283,1,-1,0.5410283,1,-1,0.5410283,1,-1,0.5410283,1,-1,0.5410283,1,-1,0.5410283,1,-1,0.5410283,1,-1,0.5410283,1,-1,0.51950336,0,-1,0.51950336,0,-1,0.51950336,0,-1,0.51950336,0,-1,0.51950336,0,-1,0.51950336,0,-1,0.54299057,0,-1,0.54299057,0,-1,0.5429906,0,-1,0.5082789,0,-1,0.50827897,0,-1,0.50827897,0,-1,0.50827897,0,-1,0.5460685,0,-1,0.5460685,0,-1,0.5460685,0,-1,0.54470944,0,-1,0.54470944,0,-1,0.54470944,0
     518,  27.40%,0.22602805999032416,-1,0.5450443,-1,-1,0.5450443,-1,-1,0.5450443,-1,-1,0.53431356,0,-1,0.5450443,-1,-1,0.5450443,-1,0,0.4168066,-1,0,0.4168066,-1,0,0.4168066,-1,0,0.4168066,-1,0,0.4168066,-1,-1,0.5450443,-1,-1,0.5450443,-1,0,0.4168066,-1,-1,0.53431356,0,0,0.4168066,-1,-1,0.5317344,1,-1,0.5317344,1,-1,0.5328853,-1,-1,0.5328853,-1,0,0.42437497,-1,0,0.42437497,-1,-1,0.5367085,1,-1,0.5367085,1,-1,0.5366304,-1,-1,0.5366304,-1,-1,0.5214588,1,-1,0.5214588,0,-1,0.53431356,0,-1,0.5297793,0,-1,0.5297794,1,-1,0.53431356,0,0,0.44714597,0,0,0.44714597,1,0,0.44714597,0,-1,0.53431356,0,0,0.43988946,1,0,0.43988946,1,0,0.43988946,1,0,0.43988946,1,0,0.43988946,1,0,0.43988946,1,-1,0.5194913,1,-1,0.5194913,1,-1,0.5194913,1,-1,0.5194913,1,-1,0.5194913,1,-1,0.5194913,1,-1,0.5194913,1,-1,0.5194913,1,-1,0.5194913,1,-1,0.5194913,1,-1,0.5194913,1,-1,0.5194913,1,0,0.4302772,1,0,0.4302772,1,0,0.4302772,0,0,0.4302772,1,0,0.4302772,0,0,0.4302772,0,-1,0.5365624,0,-1,0.5365624,0,-1,0.5365624,0,0,0.4471459,0,0,0.44714597,0,0,0.44714597,0,0,0.44714597,0,-1,0.54197705,0,-1,0.54197705,0,-1,0.54197705,0,-1,0.53620154,0,-1,0.53620154,0,-1,0.53620154,0
     519,  12.33%,0.10714285714285715,1,0.4506607,1,1,0.4506607,1,1,0.4506607,1,1,0.4506193,0,1,0.4506607,1,1,0.4506607,1,-1,0.41787645,0,-1,0.41787645,0,-1,0.41787645,1,-1,0.41787645,0,-1,0.41787645,0,1,0.4506607,1,1,0.4506607,1,-1,0.41787645,0,1,0.4506193,0,-1,0.41787645,1,1,0.44703075,0,1,0.44703075,0,1,0.4549817,1,1,0.4549817,1,-1,0.43076774,0,-1,0.43076774,0,1,0.44749066,0,1,0.44749066,0,1,0.45094588,0,1,0.45094588,0,1,0.44496235,0,1,0.44496235,0,1,0.4506193,0,1,0.451584,0,1,0.45158407,0,1,0.4506193,0,-1,0.44024628,0,-1,0.44024628,0,-1,0.44024628,0,1,0.4506193,0,-1,0.4186375,0,-1,0.4186375,0,-1,0.4186375,0,-1,0.4186375,0,-1,0.4186375,0,-1,0.4186375,0,1,0.44712096,0,1,0.44712096,0,1,0.44712096,0,1,0.44712096,0,1,0.44712096,0,1,0.44712096,0,1,0.44712096,0,1,0.44712096,0,1,0.44712096,0,1,0.44712096,0,1,0.44712096,0,1,0.44712096,0,-1,0.43401918,0,-1,0.43401918,0,-1,0.43401918,0,-1,0.43401918,0,-1,0.43401918,0,-1,0.43401918,0,1,0.45122862,0,1,0.45122862,0,1,0.45122862,0,-1,0.44024628,0,-1,0.44024628,0,-1,0.44024628,0,-1,0.44024628,0,1,0.450715,0,1,0.450715,0,1,0.450715,0,1,0.44745544,0,1,0.44745544,0,1,0.44745544,0
     520,  13.70%,0.1149425287356322,1,0.4496776,1,1,0.4496776,1,1,0.4496776,1,1,0.45205504,0,1,0.4496776,1,1,0.4496776,1,-1,0.35198173,0,-1,0.35198173,0,-1,0.35198173,1,-1,0.35198173,1,-1,0.35198173,0,1,0.4496776,1,1,0.4496776,1,-1,0.35198173,0,1,0.45205504,0,-1,0.35198173,1,1,0.44772416,0,1,0.44772416,0,1,0.46291322,1,1,0.46291322,1,-1,0.38966292,0,-1,0.38966292,0,1,0.4469167,0,1,0.4469167,0,1,0.44709986,0,1,0.44709986,1,1,0.45436594,0,1,0.45436594,0,1,0.45205504,0,1,0.4517414,0,1,0.45174143,0,1,0.45205495,0,-1,0.39470834,0,-1,0.39470834,0,-1,0.39470834,0,1,0.45205504,0,-1,0.35306835,0,-1,0.35306835,0,-1,0.35306835,0,-1,0.35306835,0,-1,0.35306835,0,-1,0.35306835,0,1,0.45612034,0,1,0.45612034,0,1,0.45612034,0,1,0.45612034,0,1,0.45612034,0,1,0.45612034,0,1,0.45612034,0,1,0.45612034,0,1,0.45612034,0,1,0.45612034,0,1,0.45612034,0,1,0.45612034,0,-1,0.37481597,0,-1,0.37481597,0,-1,0.37481597,0,-1,0.37481597,0,-1,0.37481597,0,-1,0.37481597,0,1,0.45359343,0,1,0.45359343,0,1,0.45359343,0,-1,0.3947084,0,-1,0.39470834,0,-1,0.39470834,0,-1,0.39470834,0,1,0.4499811,0,1,0.4499811,0,1,0.4499811,0,1,0.4459974,0,1,0.4459974,0,1,0.4459974,0
     521,  41.10%,0.2755850990167567,-1,0.39445284,0,-1,0.39445284,0,-1,0.39445284,0,-1,0.3828902,0,-1,0.39445284,0,-1,0.39445284,0,0,0.5821334,0,0,0.5821334,-1,0,0.5821334,0,0,0.5821334,0,0,0.5821334,0,-1,0.39445284,-1,-1,0.39445284,0,0,0.5821334,-1,-1,0.3828902,0,0,0.5821334,-1,-1,0.3832739,0,-1,0.3832739,0,-1,0.37563434,0,-1,0.37563434,0,0,0.5836958,0,0,0.5836958,0,-1,0.38650832,0,-1,0.38650832,0,-1,0.38853657,0,-1,0.38853657,0,-1,0.38191453,0,-1,0.38191453,0,-1,0.3828902,0,-1,0.374855,0,-1,0.374855,0,-1,0.38289016,0,0,0.60223186,0,0,0.60223186,1,0,0.60223186,0,-1,0.3828902,0,0,0.60896105,0,0,0.60896105,0,0,0.60896105,0,0,0.60896105,0,0,0.60896105,0,0,0.60896105,0,-1,0.3752658,-1,-1,0.3752658,-1,-1,0.3752658,0,-1,0.3752658,-1,-1,0.3752658,-1,-1,0.3752658,-1,-1,0.3752658,-1,-1,0.3752658,-1,-1,0.3752658,0,-1,0.3752658,-1,-1,0.3752658,-1,-1,0.3752658,0,0,0.6014167,1,0,0.6014167,1,0,0.6014167,0,0,0.6014167,1,0,0.6014167,1,0,0.6014167,0,-1,0.3808948,0,-1,0.3808948,0,-1,0.38089484,0,0,0.6022318,0,0,0.6022318,0,0,0.6022318,0,0,0.6022318,0,-1,0.3907626,0,-1,0.3907626,0,-1,0.3907626,0,-1,0.3854775,0,-1,0.3854775,0,-1,0.3854775,0
     522,  23.29%,0.15277777777777776,1,0.37431562,-1,1,0.37431562,-1,1,0.37431562,0,1,0.37955976,0,1,0.37431562,-1,1,0.37431562,0,1,0.37414378,0,1,0.37414378,0,1,0.37414378,0,1,0.37414378,-1,1,0.37414378,0,1,0.37431562,0,1,0.37431562,0,1,0.37414378,0,1,0.37955976,0,1,0.37414378,0,1,0.37635198,0,1,0.37635198,0,1,0.3888849,1,1,0.3888849,1,1,0.3814594,0,1,0.3814594,0,1,0.3762461,0,1,0.3762461,0,1,0.37830344,1,1,0.37830344,1,1,0.37970456,0,1,0.37970456,0,1,0.37955976,0,1,0.38239074,0,1,0.38239074,0,1,0.37955976,0,0,0.36835578,0,0,0.36835578,0,0,0.36835578,0,1,0.37955976,0,1,0.36982945,0,1,0.36982945,0,1,0.36982945,0,1,0.36982945,0,1,0.36982945,0,1,0.36982945,0,1,0.38067064,0,1,0.38067064,0,1,0.38067064,0,1,0.38067064,0,1,0.38067064,0,1,0.38067064,0,1,0.38067064,0,1,0.38067064,0,1,0.38067064,0,1,0.38067064,0,1,0.38067064,0,1,0.38067064,0,0,0.36454853,0,0,0.36454853,0,0,0.36454853,0,0,0.36454853,0,0,0.36454853,0,0,0.36454853,0,1,0.3817599,0,1,0.3817599,0,1,0.38175997,0,0,0.36835578,0,0,0.36835578,0,0,0.36835578,0,0,0.36835578,0,1,0.37627432,0,1,0.37627432,0,1,0.37627432,0,1,0.3752143,0,1,0.3752143,0,1,0.3752143,0
     523,  35.62%,0.21424242424242423,-1,0.5033706,-1,-1,0.5033706,-1,-1,0.5033706,1,-1,0.4976084,0,-1,0.5033706,0,-1,0.5033706,0,0,0.654427,0,0,0.654427,-1,0,0.654427,0,0,0.654427,-1,0,0.654427,0,-1,0.5033706,1,-1,0.5033706,1,0,0.654427,0,-1,0.4976084,0,0,0.654427,0,-1,0.4938499,0,-1,0.4938499,0,-1,0.4924657,0,-1,0.4924657,0,0,0.66622365,0,0,0.66622365,0,-1,0.50154245,0,-1,0.50154245,0,-1,0.50689036,1,-1,0.50689036,1,-1,0.48931217,0,-1,0.48931217,0,-1,0.4976084,0,-1,0.49672702,0,-1,0.49672702,0,-1,0.49760842,0,0,0.69083565,0,0,0.69083565,1,0,0.69083565,0,-1,0.4976084,0,0,0.67617255,1,0,0.67617255,0,0,0.67617255,1,0,0.67617255,0,0,0.67617255,0,0,0.67617255,0,-1,0.48971105,0,-1,0.48971105,0,-1,0.48971105,0,-1,0.48971105,0,-1,0.48971105,0,-1,0.48971105,0,-1,0.48971105,0,-1,0.48971105,0,-1,0.48971105,-1,-1,0.48971105,0,-1,0.48971105,0,-1,0.48971105,0,0,0.6798929,0,0,0.6798929,0,0,0.6798929,0,0,0.6798929,0,0,0.6798929,0,0,0.6798929,0,-1,0.50249326,0,-1,0.50249326,0,-1,0.50249326,0,0,0.69083565,0,0,0.69083565,0,0,0.69083565,0,0,0.69083565,0,-1,0.5018158,0,-1,0.5018158,0,-1,0.5018158,0,-1,0.50199693,0,-1,0.50199693,0,-1,0.50199693,0
     524,   4.11%,0.02631578947368421,1,0.39164233,-1,1,0.39164233,-1,1,0.39164233,0,1,0.4017531,0,1,0.39164233,-1,1,0.39164233,1,1,0.47509584,0,1,0.47509584,0,1,0.47509584,0,1,0.47509584,-1,1,0.47509584,1,1,0.39164233,0,1,0.39164233,0,1,0.47509584,0,1,0.4017531,0,1,0.47509584,0,1,0.40131578,0,1,0.40131578,0,1,0.41004798,-1,1,0.41004798,-1,1,0.47493482,-1,1,0.47493482,-1,1,0.39825934,-1,1,0.39825934,-1,1,0.39721483,-1,1,0.39721483,0,1,0.40819776,-1,1,0.40819776,-1,1,0.4017531,0,1,0.4069137,0,1,0.4069137,-1,1,0.40175313,0,1,0.47181952,0,1,0.47181952,1,1,0.47181952,0,1,0.4017531,0,1,0.46923494,0,1,0.46923494,0,1,0.46923494,0,1,0.46923494,0,1,0.46923494,0,1,0.46923494,0,1,0.41150054,0,1,0.41150054,0,1,0.41150054,0,1,0.41150054,0,1,0.41150054,0,1,0.41150054,0,1,0.41150054,0,1,0.41150054,0,1,0.41150054,0,1,0.41150054,0,1,0.41150054,0,1,0.41150054,0,1,0.46582836,0,1,0.46582836,0,1,0.46582836,0,1,0.46582836,0,1,0.46582836,0,1,0.46582836,0,1,0.40347514,0,1,0.40347514,0,1,0.40347514,0,1,0.47181952,0,1,0.47181952,0,1,0.47181952,0,1,0.47181952,0,1,0.3943468,0,1,0.3943468,0,1,0.3943468,0,1,0.39925092,0,1,0.39925092,0,1,0.39925092,0
     525,   0.00%,0.0,1,0.44071588,0,1,0.44071588,0,1,0.44071588,0,1,0.44974968,0,1,0.44071588,0,1,0.44071588,0,1,0.53543156,0,1,0.53543156,0,1,0.53543156,0,1,0.53543156,0,1,0.53543156,0,1,0.44071588,0,1,0.44071588,0,1,0.53543156,0,1,0.44974968,0,1,0.53543156,0,1,0.44982955,0,1,0.44982955,0,1,0.458684,0,1,0.458684,0,1,0.5234186,0,1,0.5234186,0,1,0.4471017,0,1,0.4471017,0,1,0.44474587,0,1,0.44474587,0,1,0.45983347,0,1,0.45983347,0,1,0.44974968,0,1,0.45239565,0,1,0.45239565,0,1,0.4497497,0,1,0.5179686,0,1,0.5179686,0,1,0.5179686,0,1,0.44974968,0,1,0.5323258,0,1,0.5323258,0,1,0.5323258,0,1,0.5323258,0,1,0.5323258,0,1,0.5323258,0,1,0.45979318,0,1,0.45979318,0,1,0.45979318,0,1,0.45979318,0,1,0.45979318,0,1,0.45979318,0,1,0.45979318,0,1,0.45979318,0,1,0.45979318,0,1,0.45979318,0,1,0.45979318,0,1,0.45979318,0,1,0.52923745,0,1,0.52923745,0,1,0.52923745,0,1,0.52923745,0,1,0.52923745,0,1,0.52923745,0,1,0.45114395,0,1,0.45114395,0,1,0.4511439,0,1,0.5179686,0,1,0.5179686,0,1,0.5179686,0,1,0.5179686,0,1,0.44340712,0,1,0.44340712,0,1,0.44340712,0,1,0.44794586,0,1,0.44794586,0,1,0.44794586,0
     526,  35.62%,0.3382835101253616,1,0.5128391,1,1,0.5128391,1,1,0.5128391,1,1,0.51340824,0,1,0.5128391,1,1,0.5128391,1,1,0.5022079,0,1,0.5022079,0,1,0.5022079,0,1,0.5022079,0,1,0.5022079,0,1,0.5128391,1,1,0.5128391,1,1,0.5022079,0,1,0.51340824,0,1,0.5022079,0,1,0.5144424,0,1,0.5144424,0,1,0.51498276,0,1,0.51498276,0,1,0.4985502,0,1,0.4985502,0,1,0.5154392,0,1,0.5154392,0,1,0.5133457,0,1,0.5133457,0,1,0.5195351,0,1,0.5195351,0,1,0.51340824,0,1,0.5110572,0,1,0.5110572,0,1,0.51340824,0,0,0.50063986,0,0,0.50063986,0,0,0.50063986,0,1,0.51340824,0,0,0.49972522,0,0,0.49972522,0,0,0.49972522,0,0,0.49972522,0,0,0.49972522,0,0,0.49972522,0,1,0.51536685,0,1,0.51536685,0,1,0.51536685,0,1,0.51536685,0,1,0.51536685,0,1,0.51536685,0,1,0.51536685,0,1,0.51536685,0,1,0.51536685,0,1,0.51536685,0,1,0.51536685,0,1,0.51536685,0,0,0.49755186,0,0,0.49755186,0,0,0.49755186,0,0,0.49755186,0,0,0.49755186,0,0,0.49755186,0,1,0.5154519,0,1,0.5154519,0,1,0.51545197,0,0,0.5006398,0,0,0.50063986,0,0,0.50063986,0,0,0.50063986,0,1,0.5140704,0,1,0.5140704,0,1,0.5140704,0,1,0.5164848,0,1,0.5164848,0,1,0.5164848,0
     527,  20.55%,0.11363636363636363,-1,0.41706872,-1,-1,0.41706872,-1,-1,0.41706872,0,-1,0.40941405,0,-1,0.41706872,-1,-1,0.41706872,-1,-1,0.49006125,-1,-1,0.49006125,-1,-1,0.49006125,0,-1,0.49006125,-1,-1,0.49006125,0,-1,0.41706872,-1,-1,0.41706872,-1,-1,0.49006125,-1,-1,0.40941405,0,-1,0.49006125,-1,-1,0.4081066,0,-1,0.4081066,0,-1,0.40515417,1,-1,0.40515417,1,-1,0.5064693,1,-1,0.5064693,1,-1,0.41162962,0,-1,0.41162962,0,-1,0.41118512,1,-1,0.41118512,1,-1,0.40703434,0,-1,0.40703434,0,-1,0.40941405,0,-1,0.40485415,0,-1,0.40485415,0,-1,0.40941405,0,-1,0.50908726,0,-1,0.50908726,1,-1,0.50908726,1,-1,0.40941405,0,-1,0.49640995,1,-1,0.49640995,1,-1,0.49640995,1,-1,0.49640995,1,-1,0.49640995,1,-1,0.49640995,1,-1,0.40923145,0,-1,0.40923145,0,-1,0.40923145,0,-1,0.40923145,0,-1,0.40923145,0,-1,0.40923145,0,-1,0.40923145,1,-1,0.40923145,0,-1,0.40923145,1,-1,0.40923145,0,-1,0.40923145,0,-1,0.40923145,0,-1,0.5057405,1,-1,0.5057405,1,-1,0.5057405,1,-1,0.5057405,1,-1,0.5057405,1,-1,0.5057405,1,-1,0.4097225,-1,-1,0.4097225,-1,-1,0.40972248,-1,-1,0.50908726,-1,-1,0.50908726,0,-1,0.50908726,1,-1,0.50908726,0,-1,0.41491693,0,-1,0.41491693,0,-1,0.41491693,0,-1,0.41068923,0,-1,0.41068923,0,-1,0.41068923,0
     528, 100.00%,1.0,0,0.99998057,0,0,0.99998057,0,0,0.99998057,0,0,0.99998105,0,0,0.99998057,0,0,0.99998057,0,0,0.99999434,0,0,0.99999434,0,0,0.99999434,0,0,0.99999434,0,0,0.99999434,0,0,0.99998057,0,0,0.99998057,0,0,0.99999434,0,0,0.99998105,0,0,0.99999434,0,0,0.999982,0,0,0.999982,0,0,0.999978,0,0,0.999978,0,0,0.99999446,0,0,0.99999446,0,0,0.9999814,0,0,0.9999814,0,0,0.9999832,0,0,0.9999832,0,0,0.9999795,0,0,0.9999795,0,0,0.99998105,0,0,0.99998283,0,0,0.99998283,0,0,0.99998105,0,0,0.99999565,0,0,0.99999565,0,0,0.99999565,0,0,0.99998105,0,0,0.9999946,0,0,0.9999946,0,0,0.9999946,0,0,0.9999946,0,0,0.9999946,0,0,0.9999946,0,0,0.99998116,0,0,0.99998116,0,0,0.99998116,0,0,0.99998116,0,0,0.99998116,0,0,0.99998116,0,0,0.99998116,0,0,0.99998116,0,0,0.99998116,0,0,0.99998116,0,0,0.99998116,0,0,0.99998116,0,0,0.9999952,0,0,0.9999952,0,0,0.9999952,0,0,0.9999952,0,0,0.9999952,0,0,0.9999952,0,0,0.9999801,0,0,0.9999801,0,0,0.9999801,0,0,0.99999565,0,0,0.99999565,0,0,0.99999565,0,0,0.99999565,0,0,0.9999805,0,0,0.9999805,0,0,0.9999805,0,0,0.99998176,0,0,0.99998176,0,0,0.99998176,0
     529,  95.89%,0.48951048951048953,0,0.97478324,0,0,0.97478324,0,0,0.97478324,1,0,0.9760721,0,0,0.97478324,0,0,0.97478324,1,0,0.9891128,0,0,0.9891128,0,0,0.9891128,0,0,0.9891128,0,0,0.9891128,0,0,0.97478324,0,0,0.97478324,1,0,0.9891128,0,0,0.9760721,0,0,0.9891128,0,0,0.9775558,0,0,0.9775558,0,0,0.9731454,0,0,0.9731454,0,0,0.989339,0,0,0.989339,0,0,0.97585756,0,0,0.97585756,0,0,0.97644323,0,0,0.97644323,0,0,0.9740446,0,0,0.9740446,0,0,0.9760721,0,0,0.97794473,0,0,0.97794473,0,0,0.9760721,0,0,0.9909322,0,0,0.9909322,0,0,0.9909322,0,0,0.9760721,0,0,0.9903845,0,0,0.9903845,0,0,0.9903845,0,0,0.9903845,0,0,0.9903845,0,0,0.9903845,0,0,0.97492117,0,0,0.97492117,0,0,0.97492117,0,0,0.97492117,0,0,0.97492117,0,0,0.97492117,0,0,0.97492117,0,0,0.97492117,0,0,0.97492117,0,0,0.97492117,0,0,0.97492117,0,0,0.97492117,0,0,0.9901925,0,0,0.9901925,0,0,0.9901925,0,0,0.9901925,0,0,0.9901925,0,0,0.9901925,0,0,0.97543025,0,0,0.97543025,0,0,0.97543025,0,0,0.9909322,0,0,0.9909322,0,0,0.9909322,0,0,0.9909322,0,0,0.9760209,0,0,0.9760209,0,0,0.9760209,0,0,0.97604185,0,0,0.97604185,0,0,0.97604185,0
     530,  61.64%,0.3813559322033898,0,0.56518036,0,0,0.56518036,0,0,0.56518036,0,0,0.56636816,0,0,0.56518036,0,0,0.56518036,0,1,0.5153595,0,1,0.5153595,0,1,0.5153595,0,1,0.5153595,0,1,0.5153595,0,0,0.56518036,0,0,0.56518036,0,1,0.5153595,0,0,0.56636816,0,1,0.5153595,0,0,0.56915754,0,0,0.56915754,0,0,0.5641087,0,0,0.5641087,0,1,0.5211051,0,1,0.5211051,0,0,0.5676572,0,0,0.5676572,0,0,0.56532884,0,0,0.56532884,0,0,0.5657421,0,0,0.5657421,0,0,0.56636816,0,0,0.5672811,0,0,0.567281,0,0,0.56636816,0,1,0.516871,0,1,0.516871,0,1,0.516871,0,0,0.56636816,0,1,0.52144676,0,1,0.52144676,0,1,0.52144676,0,1,0.52144676,0,1,0.52144676,0,1,0.52144676,0,0,0.5633106,0,0,0.5633106,0,0,0.5633106,0,0,0.5633106,0,0,0.5633106,0,0,0.5633106,0,0,0.5633106,0,0,0.5633106,0,0,0.5633106,0,0,0.5633106,0,0,0.5633106,0,0,0.5633106,0,1,0.5182378,0,1,0.5182378,0,1,0.5182378,0,1,0.5182378,0,1,0.5182378,0,1,0.5182378,0,0,0.5661999,0,0,0.5661999,0,0,0.5661999,0,1,0.5168711,0,1,0.516871,0,1,0.516871,0,1,0.516871,0,0,0.56653523,0,0,0.56653523,0,0,0.56653523,0,0,0.56859624,0,0,0.56859624,0,0,0.56859624,0
     531, 100.00%,1.0,0,0.6697515,0,0,0.6697515,0,0,0.6697515,0,0,0.6763257,0,0,0.6697515,0,0,0.6697515,0,0,0.74521166,0,0,0.74521166,0,0,0.74521166,0,0,0.74521166,0,0,0.74521166,0,0,0.6697515,0,0,0.6697515,0,0,0.74521166,0,0,0.6763257,0,0,0.74521166,0,0,0.67935014,0,0,0.67935014,0,0,0.6789928,0,0,0.6789928,0,0,0.77185297,0,0,0.77185297,0,0,0.6743073,0,0,0.6743073,0,0,0.6708265,0,0,0.6708265,0,0,0.68062776,0,0,0.68062776,0,0,0.6763257,0,0,0.68051386,0,0,0.68051386,0,0,0.6763257,0,0,0.7729454,0,0,0.7729454,0,0,0.7729454,0,0,0.6763257,0,0,0.74317056,0,0,0.74317056,0,0,0.74317056,0,0,0.74317056,0,0,0.74317056,0,0,0.74317056,0,0,0.67932004,0,0,0.67932004,0,0,0.67932004,0,0,0.67932004,0,0,0.67932004,0,0,0.67932004,0,0,0.67932004,0,0,0.67932004,0,0,0.67932004,0,0,0.67932004,0,0,0.67932004,0,0,0.67932004,0,0,0.76156926,0,0,0.76156926,0,0,0.76156926,0,0,0.76156926,0,0,0.76156926,0,0,0.76156926,0,0,0.67547643,0,0,0.67547643,0,0,0.67547643,0,0,0.7729454,0,0,0.7729454,0,0,0.7729454,0,0,0.7729454,0,0,0.6702514,0,0,0.6702514,0,0,0.6702514,0,0,0.6757435,0,0,0.6757435,0,0,0.6757435,0
     532, 100.00%,1.0,0,0.9937503,0,0,0.9937503,0,0,0.9937503,0,0,0.9936667,0,0,0.9937503,0,0,0.9937503,0,0,0.99267626,0,0,0.99267626,0,0,0.99267626,0,0,0.99267626,0,0,0.99267626,0,0,0.9937503,0,0,0.9937503,0,0,0.99267626,0,0,0.9936667,0,0,0.99267626,0,0,0.9941325,0,0,0.9941325,0,0,0.99233073,0,0,0.99233073,0,0,0.9927139,0,0,0.9927139,0,0,0.99407864,0,0,0.99407864,0,0,0.994389,0,0,0.994389,0,0,0.9933301,0,0,0.9933301,0,0,0.9936667,0,0,0.9939164,0,0,0.9939164,0,0,0.9936667,0,0,0.9938676,0,0,0.9938676,0,0,0.9938676,0,0,0.9936667,0,0,0.9926003,0,0,0.9926003,0,0,0.9926003,0,0,0.9926003,0,0,0.9926003,0,0,0.9926003,0,0,0.99337083,0,0,0.99337083,0,0,0.99337083,0,0,0.99337083,0,0,0.99337083,0,0,0.99337083,0,0,0.99337083,0,0,0.99337083,0,0,0.99337083,0,0,0.99337083,0,0,0.99337083,0,0,0.99337083,0,0,0.9934314,0,0,0.9934314,0,0,0.9934314,0,0,0.9934314,0,0,0.9934314,0,0,0.9934314,0,0,0.99337375,0,0,0.99337375,0,0,0.99337375,0,0,0.9938676,0,0,0.9938676,0,0,0.9938676,0,0,0.9938676,0,0,0.9938064,0,0,0.9938064,0,0,0.9938064,0,0,0.99426097,0,0,0.99426097,0,0,0.99426097,0
     533, 100.00%,1.0,0,0.5928705,0,0,0.5928705,0,0,0.5928705,0,0,0.5977137,0,0,0.5928705,0,0,0.5928705,0,0,0.59334105,0,0,0.59334105,0,0,0.59334105,0,0,0.59334105,0,0,0.59334105,0,0,0.5928705,0,0,0.5928705,0,0,0.59334105,0,0,0.5977137,0,0,0.59334105,0,0,0.5997145,0,0,0.5997145,0,0,0.5955997,0,0,0.5955997,0,0,0.61590767,0,0,0.61590767,0,0,0.59770614,0,0,0.59770614,0,0,0.5960514,0,0,0.5960514,0,0,0.5986236,0,0,0.5986236,0,0,0.5977137,0,0,0.6007486,0,0,0.6007486,0,0,0.5977137,0,0,0.6123714,0,0,0.6123714,0,0,0.6123714,0,0,0.5977137,0,0,0.57578564,0,0,0.57578564,0,0,0.57578564,0,0,0.57578564,0,0,0.57578564,0,0,0.57578564,0,0,0.5956328,0,0,0.5956328,0,0,0.5956328,0,0,0.5956328,0,0,0.5956328,0,0,0.5956328,0,0,0.5956328,0,0,0.5956328,0,0,0.5956328,0,0,0.5956328,0,0,0.5956328,0,0,0.5956328,0,0,0.59632474,0,0,0.59632474,0,0,0.59632474,0,0,0.59632474,0,0,0.59632474,0,0,0.59632474,0,0,0.598083,0,0,0.598083,0,0,0.598083,0,0,0.6123714,0,0,0.6123714,0,0,0.6123714,0,0,0.6123714,0,0,0.5942769,0,0,0.5942769,0,0,0.5942769,0,0,0.5996226,0,0,0.5996226,0,0,0.5996226,0
     534,  15.07%,0.1404761904761905,-1,0.3802212,-1,-1,0.3802212,-1,-1,0.3802212,0,-1,0.36720794,0,-1,0.3802212,-1,-1,0.3802212,0,1,0.5120692,0,1,0.5120692,0,1,0.5120692,0,1,0.5120692,0,1,0.5120692,0,-1,0.3802212,0,-1,0.3802212,0,1,0.5120692,0,-1,0.36720794,0,1,0.5120692,0,-1,0.36677256,0,-1,0.36677256,0,-1,0.35875848,-1,-1,0.35875848,-1,1,0.50842994,-1,1,0.50842994,-1,-1,0.3745489,0,-1,0.3745489,0,-1,0.37523675,-1,-1,0.37523675,-1,-1,0.35642102,-1,-1,0.35642102,-1,-1,0.36720794,0,-1,0.35802653,1,-1,0.35802653,1,-1,0.36720794,0,1,0.5071595,0,1,0.5071595,1,1,0.5071595,0,-1,0.36720794,0,1,0.53520054,1,1,0.53520054,0,1,0.53520054,0,1,0.53520054,0,1,0.53520054,0,1,0.53520054,0,-1,0.34551287,0,-1,0.34551287,0,-1,0.34551287,0,-1,0.34551287,0,-1,0.34551287,0,-1,0.34551287,1,-1,0.34551287,0,-1,0.34551287,1,-1,0.34551287,1,-1,0.34551287,0,-1,0.34551287,1,-1,0.34551287,1,1,0.5192846,0,1,0.5192846,0,1,0.5192846,0,1,0.5192846,0,1,0.5192846,0,1,0.5192846,0,-1,0.3694571,1,-1,0.3694571,1,-1,0.3694571,1,1,0.5071595,0,1,0.5071595,0,1,0.5071595,0,1,0.5071595,0,-1,0.37894368,0,-1,0.37894368,0,-1,0.37894368,0,-1,0.37465328,0,-1,0.37465328,0,-1,0.37465328,0
     535,   0.00%,0.0,-1,0.61289835,0,-1,0.61289835,0,-1,0.61289835,0,-1,0.6117117,0,-1,0.61289835,0,-1,0.61289835,0,1,0.47952205,0,1,0.47952205,0,1,0.47952205,0,1,0.47952205,0,1,0.47952205,0,-1,0.61289835,0,-1,0.61289835,0,1,0.47952205,0,-1,0.6117117,0,1,0.47952205,0,-1,0.6068122,0,-1,0.6068122,0,-1,0.61195236,0,-1,0.61195236,0,1,0.48114482,0,1,0.48114482,0,-1,0.6123045,0,-1,0.6123045,0,-1,0.61583954,0,-1,0.61583954,0,-1,0.6008796,0,-1,0.6008796,0,-1,0.6117117,0,-1,0.6124986,0,-1,0.6124986,0,-1,0.6117117,0,1,0.50079733,0,1,0.50079733,0,1,0.50079733,0,-1,0.6117117,0,1,0.49207896,0,1,0.49207896,0,1,0.49207896,0,1,0.49207896,0,1,0.49207896,0,1,0.49207896,0,-1,0.6009694,0,-1,0.6009694,0,-1,0.6009694,0,-1,0.6009694,0,-1,0.6009694,0,-1,0.6009694,0,-1,0.6009694,0,-1,0.6009694,0,-1,0.6009694,0,-1,0.6009694,0,-1,0.6009694,0,-1,0.6009694,0,1,0.49771392,0,1,0.49771392,0,1,0.49771392,0,1,0.49771392,0,1,0.49771392,0,1,0.49771392,0,-1,0.61527234,0,-1,0.61527234,0,-1,0.6152723,0,1,0.50079733,0,1,0.5007973,0,1,0.5007973,0,1,0.5007973,0,-1,0.6134218,0,-1,0.6134218,0,-1,0.6134218,0,-1,0.6120446,0,-1,0.6120446,0,-1,0.6120446,0
     536,  38.36%,0.27722772277227725,1,0.49953657,0,1,0.49953657,0,1,0.49953657,0,1,0.49782473,0,1,0.49953657,0,1,0.49953657,0,0,0.49634573,0,0,0.49634573,0,0,0.49634573,0,0,0.49634573,0,0,0.49634573,0,1,0.49953657,0,1,0.49953657,0,0,0.49634573,0,1,0.49782473,0,0,0.49634573,0,1,0.4974295,0,1,0.4974295,0,1,0.50386566,0,1,0.50386566,0,0,0.50095606,0,0,0.50095606,0,1,0.49823952,0,1,0.49823952,0,1,0.49596485,0,1,0.49596485,0,1,0.50410897,0,1,0.50410897,0,1,0.49782473,0,1,0.494436,0,1,0.494436,0,1,0.49782473,0,0,0.51475734,0,0,0.51475734,0,0,0.51475734,0,1,0.49782473,0,0,0.5035271,0,0,0.5035271,0,0,0.5035271,0,0,0.5035271,0,0,0.5035271,0,0,0.5035271,0,1,0.50220746,0,1,0.50220746,0,1,0.50220746,0,1,0.50220746,0,1,0.50220746,0,1,0.50220746,0,1,0.50220746,0,1,0.50220746,0,1,0.50220746,0,1,0.50220746,0,1,0.50220746,0,1,0.50220746,0,0,0.50226897,0,0,0.50226897,0,0,0.50226897,0,0,0.50226897,0,0,0.50226897,0,0,0.50226897,0,1,0.49714908,0,1,0.49714908,0,1,0.49714908,0,0,0.5147573,0,0,0.51475734,0,0,0.51475734,0,0,0.51475734,0,1,0.49732697,0,1,0.49732697,0,1,0.49732697,0,1,0.49809873,0,1,0.49809873,0,1,0.49809873,0
     537,  24.66%,0.2138590203106332,-1,0.4795521,-1,-1,0.4795521,-1,-1,0.4795521,-1,-1,0.47071463,0,-1,0.4795521,1,-1,0.4795521,-1,1,0.45593345,0,1,0.45593345,0,1,0.45593345,0,1,0.45593345,0,1,0.45593345,0,-1,0.4795521,-1,-1,0.4795521,-1,1,0.45593345,-1,-1,0.47071463,0,1,0.45593345,-1,-1,0.4717244,0,-1,0.4717244,-1,-1,0.46781868,-1,-1,0.46781868,-1,1,0.41137722,-1,1,0.41137722,-1,-1,0.4730018,-1,-1,0.4730018,-1,-1,0.46946758,0,-1,0.46946758,0,-1,0.47115448,-1,-1,0.47115448,-1,-1,0.47071463,0,-1,0.46291146,0,-1,0.46291146,0,-1,0.47071463,0,1,0.40571305,0,1,0.40571305,1,1,0.40571305,0,-1,0.47071463,0,1,0.47867328,0,1,0.47867328,1,1,0.47867328,1,1,0.47867328,0,1,0.47867328,1,1,0.47867328,1,-1,0.46112412,0,-1,0.46112412,0,-1,0.46112412,1,-1,0.46112412,1,-1,0.46112412,1,-1,0.46112412,1,-1,0.46112412,0,-1,0.46112412,1,-1,0.46112412,1,-1,0.46112412,1,-1,0.46112412,0,-1,0.46112412,1,1,0.44756317,0,1,0.44756317,0,1,0.44756317,0,1,0.44756317,0,1,0.44756317,0,1,0.44756317,0,-1,0.46727905,1,-1,0.46727905,1,-1,0.46727905,1,1,0.40571305,0,1,0.40571305,0,1,0.40571305,0,1,0.40571305,0,-1,0.47618088,0,-1,0.47618088,0,-1,0.47618088,0,-1,0.47184056,0,-1,0.47184056,0,-1,0.47184056,0
     538,   2.74%,0.028368794326241134,1,0.41462508,0,1,0.41462508,0,1,0.41462508,0,1,0.41947895,0,1,0.41462508,0,1,0.41462508,0,-1,0.5095257,0,-1,0.5095257,0,-1,0.5095257,0,-1,0.5095257,0,-1,0.5095257,0,1,0.41462508,0,1,0.41462508,0,-1,0.5095257,0,1,0.41947895,0,-1,0.5095257,1,1,0.41580215,0,1,0.41580215,0,1,0.42250857,0,1,0.42250857,0,-1,0.49798054,1,-1,0.49798054,0,1,0.4148791,0,1,0.4148791,0,1,0.42042375,1,1,0.42042375,1,-1,0.40998873,0,-1,0.40998873,0,1,0.41947895,0,1,0.42557174,0,1,0.42557174,0,1,0.41947895,0,-1,0.51087564,0,-1,0.51087564,0,-1,0.51087564,0,1,0.41947895,0,-1,0.5207563,0,-1,0.5207563,0,-1,0.5207563,0,-1,0.5207563,0,-1,0.5207563,0,-1,0.5207563,0,1,0.41130295,0,1,0.41130295,0,1,0.41130295,0,1,0.41130295,0,1,0.41130295,0,1,0.41130295,0,1,0.41130295,0,1,0.41130295,0,1,0.41130295,0,1,0.41130295,0,1,0.41130295,0,1,0.41130295,0,-1,0.5089766,0,-1,0.5089766,0,-1,0.5089766,0,-1,0.5089766,0,-1,0.5089766,0,-1,0.5089766,0,1,0.42184922,0,1,0.42184922,0,1,0.42184922,0,-1,0.51087564,0,-1,0.51087564,0,-1,0.51087564,0,-1,0.51087564,0,1,0.41807497,0,1,0.41807497,0,1,0.41807497,0,1,0.41557217,0,1,0.41557217,0,1,0.41557217,0
     539,  36.99%,0.1818181818181818,-1,0.36861783,0,-1,0.36861783,0,-1,0.36861783,0,-1,0.3551842,0,-1,0.36861783,0,-1,0.36861783,1,0,0.4506269,0,0,0.4506269,0,0,0.4506269,0,0,0.4506269,0,0,0.4506269,1,-1,0.36861783,0,-1,0.36861783,0,0,0.4506269,0,-1,0.3551842,0,0,0.4506269,0,-1,0.35152626,0,-1,0.35152626,0,1,0.3511739,0,1,0.3511739,0,0,0.4634803,0,0,0.4634803,0,-1,0.3615632,0,-1,0.3615632,0,-1,0.36497766,0,-1,0.36497766,0,-1,0.34963563,0,-1,0.34963563,0,-1,0.3551842,0,1,0.35210764,0,1,0.3521076,0,-1,0.35518417,0,0,0.4711038,0,0,0.4711038,0,0,0.4711038,0,-1,0.3551842,0,0,0.4628745,0,0,0.4628745,0,0,0.4628745,0,0,0.4628745,0,0,0.4628745,0,0,0.4628745,0,1,0.35017762,0,1,0.35017762,0,1,0.35017762,0,1,0.35017762,0,1,0.35017762,0,1,0.35017762,0,1,0.35017762,0,1,0.35017762,0,1,0.35017762,0,1,0.35017762,0,1,0.35017762,0,1,0.35017762,0,0,0.4580576,0,0,0.4580576,0,0,0.4580576,0,0,0.4580576,0,0,0.4580576,0,0,0.4580576,0,-1,0.35869718,0,-1,0.35869718,0,-1,0.35869712,0,0,0.47110373,0,0,0.4711038,0,0,0.4711038,0,0,0.4711038,0,-1,0.3665281,0,-1,0.3665281,0,-1,0.3665281,0,-1,0.36065707,0,-1,0.36065707,0,-1,0.36065707,0
     540,   8.22%,0.05063291139240506,1,0.36624387,-1,1,0.36624387,-1,1,0.36624387,0,1,0.371706,0,1,0.36624387,-1,1,0.36624387,0,1,0.43670785,0,1,0.43670785,-1,1,0.43670785,0,1,0.43670785,-1,1,0.43670785,0,1,0.36624387,0,1,0.36624387,0,1,0.43670785,0,1,0.371706,0,1,0.43670785,-1,1,0.37068954,0,1,0.37068954,0,1,0.37656748,0,1,0.37656748,0,1,0.43460897,0,1,0.43460897,0,1,0.37002203,0,1,0.37002203,0,1,0.37450695,0,1,0.37450695,1,1,0.36764443,0,1,0.36764443,0,1,0.371706,0,1,0.3778468,0,1,0.3778468,0,1,0.371706,0,1,0.4298999,0,1,0.4298999,1,1,0.4298999,0,1,0.371706,0,1,0.44440505,0,1,0.44440505,0,1,0.44440505,1,1,0.44440505,1,1,0.44440505,0,1,0.44440505,0,1,0.37196383,0,1,0.37196383,0,1,0.37196383,1,1,0.37196383,0,1,0.37196383,0,1,0.37196383,0,1,0.37196383,0,1,0.37196383,0,1,0.37196383,0,1,0.37196383,1,1,0.37196383,0,1,0.37196383,0,1,0.42991474,0,1,0.42991474,0,1,0.42991474,0,1,0.42991474,0,1,0.42991474,0,1,0.42991474,0,1,0.3741234,0,1,0.3741234,0,1,0.3741234,0,1,0.42989993,0,1,0.4298999,0,1,0.4298999,0,1,0.4298999,0,1,0.36835545,0,1,0.36835545,0,1,0.36835545,0,1,0.37024257,0,1,0.37024257,0,1,0.37024257,0
     541,  38.36%,0.18481848184818483,1,0.45924452,-1,1,0.45924452,-1,1,0.45924452,-1,1,0.45395413,0,1,0.45924452,-1,1,0.45924452,-1,1,0.5442308,-1,1,0.5442308,-1,1,0.5442308,0,1,0.5442308,-1,1,0.5442308,0,1,0.45924452,-1,1,0.45924452,-1,1,0.5442308,-1,1,0.45395413,0,1,0.5442308,-1,1,0.45329073,-1,1,0.45329073,-1,1,0.45378244,1,1,0.45378244,1,1,0.5457786,1,1,0.5457786,1,1,0.45328072,-1,1,0.45328072,-1,1,0.45272458,1,1,0.45272458,1,1,0.4603201,-1,1,0.4603201,-1,1,0.45395413,0,1,0.44640675,0,1,0.44640675,-1,1,0.45395413,0,1,0.5427134,0,1,0.5427134,1,1,0.5427134,0,1,0.45395413,0,1,0.54636407,1,1,0.54636407,1,1,0.54636407,1,1,0.54636407,1,1,0.54636407,1,1,0.54636407,1,1,0.45841584,1,1,0.45841584,1,1,0.45841584,1,1,0.45841584,1,1,0.45841584,1,1,0.45841584,1,1,0.45841584,1,1,0.45841584,1,1,0.45841584,1,1,0.45841584,1,1,0.45841584,1,1,0.45841584,1,1,0.55030817,0,1,0.55030817,0,1,0.55030817,0,1,0.55030817,0,1,0.55030817,0,1,0.55030817,0,1,0.45062172,0,1,0.45062172,0,1,0.45062175,0,1,0.5427134,-1,1,0.5427134,0,1,0.5427134,0,1,0.5427134,0,1,0.45748374,-1,1,0.45748374,0,1,0.45748374,1,1,0.45206267,1,1,0.45206267,1,1,0.45206267,0
     542,  71.23%,0.2773333333333333,0,0.3840362,0,0,0.3840362,0,0,0.3840362,1,0,0.3884362,0,0,0.3840362,1,0,0.3840362,1,0,0.54935384,0,0,0.54935384,0,0,0.54935384,1,0,0.54935384,0,0,0.54935384,1,0,0.3840362,1,0,0.3840362,1,0,0.54935384,1,0,0.3884362,0,0,0.54935384,1,0,0.39339387,0,0,0.39339387,0,0,0.3872752,1,0,0.3872752,1,0,0.56654865,1,0,0.56654865,1,0,0.38846332,0,0,0.38846332,-1,0,0.38696387,0,0,0.38696387,0,0,0.39702082,0,0,0.39702082,-1,0,0.3884362,0,0,0.3898939,0,0,0.3898939,-1,0,0.3884362,0,0,0.5894917,0,0,0.5894917,1,0,0.5894917,0,0,0.3884362,0,0,0.5506828,0,0,0.5506828,0,0,0.5506828,0,0,0.5506828,0,0,0.5506828,0,0,0.5506828,0,0,0.39594555,0,0,0.39594555,0,0,0.39594555,0,0,0.39594555,0,0,0.39594555,-1,0,0.39594555,0,0,0.39594555,0,0,0.39594555,0,0,0.39594555,0,0,0.39594555,0,0,0.39594555,0,0,0.39594555,0,0,0.56234837,0,0,0.56234837,0,0,0.56234837,0,0,0.56234837,0,0,0.56234837,0,0,0.56234837,0,0,0.38665745,0,0,0.38665745,0,0,0.38665745,0,0,0.5894918,0,0,0.5894917,0,0,0.5894917,0,0,0.5894917,0,0,0.3857281,0,0,0.3857281,0,0,0.3857281,0,0,0.39054248,1,0,0.39054248,1,0,0.39054248,1
     543,   2.74%,0.02666666666666667,1,0.5526574,0,1,0.5526574,0,1,0.5526574,0,1,0.55682856,0,1,0.5526574,0,1,0.5526574,0,1,0.5645073,0,1,0.5645073,0,1,0.5645073,0,1,0.5645073,0,1,0.5645073,1,1,0.5526574,0,1,0.5526574,0,1,0.5645073,0,1,0.55682856,0,1,0.5645073,0,1,0.55805016,0,1,0.55805016,0,1,0.56183517,0,1,0.56183517,0,1,0.557076,0,1,0.557076,0,1,0.55524814,0,1,0.55524814,0,1,0.55482715,0,1,0.55482715,0,1,0.5626492,0,1,0.5626492,0,1,0.55682856,0,1,0.5586842,0,1,0.5586841,0,1,0.55682856,0,1,0.5592567,0,1,0.5592567,1,1,0.5592567,0,1,0.55682856,0,1,0.5580694,0,1,0.5580694,0,1,0.5580694,0,1,0.5580694,0,1,0.5580694,0,1,0.5580694,0,1,0.562877,0,1,0.562877,0,1,0.562877,0,1,0.562877,0,1,0.562877,0,1,0.562877,0,1,0.562877,0,1,0.562877,0,1,0.562877,0,1,0.562877,0,1,0.562877,0,1,0.562877,0,1,0.5554394,0,1,0.5554394,0,1,0.5554394,0,1,0.5554394,0,1,0.5554394,0,1,0.5554394,0,1,0.55751836,0,1,0.55751836,0,1,0.55751836,0,1,0.55925655,0,1,0.5592566,0,1,0.5592566,0,1,0.5592566,0,1,0.5537214,0,1,0.5537214,0,1,0.5537214,0,1,0.55556226,0,1,0.55556226,0,1,0.55556226,0
     544,   8.22%,0.05063291139240506,1,0.44293287,0,1,0.44293287,0,1,0.44293287,0,1,0.44087973,0,1,0.44293287,0,1,0.44293287,0,1,0.58899915,0,1,0.58899915,0,1,0.58899915,0,1,0.58899915,0,1,0.58899915,1,1,0.44293287,0,1,0.44293287,0,1,0.58899915,0,1,0.44087973,0,1,0.58899915,0,1,0.43413308,0,1,0.43413308,0,1,0.44327757,-1,1,0.44327757,0,1,0.6062979,-1,1,0.6062979,-1,1,0.44173738,1,1,0.44173738,0,1,0.4514104,-1,1,0.4514104,-1,1,0.4335785,0,1,0.4335785,0,1,0.44087973,0,1,0.44052422,0,1,0.44052428,0,1,0.4408798,0,1,0.589565,0,1,0.589565,0,1,0.589565,0,1,0.44087973,0,1,0.60460836,0,1,0.60460836,0,1,0.60460836,0,1,0.60460836,0,1,0.60460836,0,1,0.60460836,0,1,0.43806776,0,1,0.43806776,0,1,0.43806776,0,1,0.43806776,0,1,0.43806776,1,1,0.43806776,0,1,0.43806776,0,1,0.43806776,1,1,0.43806776,0,1,0.43806776,1,1,0.43806776,0,1,0.43806776,1,1,0.59983975,0,1,0.59983975,0,1,0.59983975,0,1,0.59983975,0,1,0.59983975,0,1,0.59983975,0,1,0.44588494,0,1,0.44588494,0,1,0.4458849,0,1,0.589565,0,1,0.589565,0,1,0.589565,0,1,0.589565,0,1,0.4440666,0,1,0.4440666,0,1,0.4440666,0,1,0.44105995,0,1,0.44105995,0,1,0.44105995,0
     545,  38.36%,0.27722772277227725,1,0.5832251,0,1,0.5832251,0,1,0.5832251,0,1,0.5810423,0,1,0.5832251,0,1,0.5832251,0,0,0.57117754,0,0,0.57117754,0,0,0.57117754,0,0,0.57117754,0,0,0.57117754,0,1,0.5832251,0,1,0.5832251,0,0,0.57117754,0,1,0.5810423,0,0,0.57117754,0,1,0.5781712,0,1,0.5781712,0,1,0.58561206,0,1,0.58561206,0,0,0.5884096,0,0,0.5884096,0,1,0.5794684,0,1,0.5794684,0,1,0.57703775,0,1,0.57703775,0,1,0.5826689,0,1,0.5826689,0,1,0.5810423,0,1,0.5767187,0,1,0.5767187,0,1,0.5810423,0,0,0.59939456,0,0,0.59939456,0,0,0.59939456,0,1,0.5810423,0,0,0.5836188,0,0,0.5836188,0,0,0.5836188,0,0,0.5836188,0,0,0.5836188,0,0,0.5836188,0,1,0.5790091,0,1,0.5790091,0,1,0.5790091,0,1,0.5790091,0,1,0.5790091,0,1,0.5790091,0,1,0.5790091,0,1,0.5790091,0,1,0.5790091,0,1,0.5790091,0,1,0.5790091,0,1,0.5790091,0,0,0.60329765,0,0,0.60329765,0,0,0.60329765,0,0,0.60329765,0,0,0.60329765,0,0,0.60329765,0,1,0.58207285,0,1,0.58207285,0,1,0.5820728,0,0,0.5993946,0,0,0.59939456,0,0,0.59939456,0,0,0.59939456,0,1,0.5826149,0,1,0.5826149,0,1,0.5826149,0,1,0.5797371,0,1,0.5797371,0,1,0.5797371,0
     546,  34.25%,0.17361111111111113,-1,0.35118902,0,-1,0.35118902,0,-1,0.35118902,0,1,0.35602656,0,-1,0.35118902,0,-1,0.35118902,1,0,0.46385545,0,0,0.46385545,0,0,0.46385545,0,0,0.46385545,0,0,0.46385545,0,-1,0.35118902,0,-1,0.35118902,0,0,0.46385545,0,1,0.35602656,0,0,0.46385545,0,1,0.3593495,0,1,0.3593495,0,1,0.35704884,0,1,0.35704884,0,0,0.47353405,-1,0,0.47353405,0,1,0.35336712,0,1,0.35336712,0,1,0.3520506,0,1,0.3520506,-1,1,0.35536158,0,1,0.35536158,0,1,0.35602656,0,1,0.3632523,0,1,0.3632523,0,1,0.35602656,0,0,0.4916532,0,0,0.4916532,1,0,0.4916532,0,1,0.35602656,0,0,0.47694927,1,0,0.47694927,0,0,0.47694927,0,0,0.47694927,0,0,0.47694927,0,0,0.47694927,0,1,0.35994202,0,1,0.35994202,0,1,0.35994202,0,1,0.35994202,0,1,0.35994202,0,1,0.35994202,0,1,0.35994202,0,1,0.35994202,0,1,0.35994202,0,1,0.35994202,0,1,0.35994202,0,1,0.35994202,0,0,0.47817943,0,0,0.47817943,0,0,0.47817943,0,0,0.47817943,0,0,0.47817943,0,0,0.47817943,0,1,0.35301977,0,1,0.35301977,0,1,0.3530198,0,0,0.4916532,0,0,0.4916532,0,0,0.4916532,0,0,0.4916532,0,-1,0.35075888,0,-1,0.35075888,0,-1,0.35075888,0,1,0.35321885,0,1,0.35321885,0,1,0.35321885,0
     547, 100.00%,1.0,0,0.9954569,0,0,0.9954569,0,0,0.9954569,0,0,0.995334,0,0,0.9954569,0,0,0.9954569,0,0,0.9908374,0,0,0.9908374,0,0,0.9908374,0,0,0.9908374,0,0,0.9908374,0,0,0.9954569,0,0,0.9954569,0,0,0.9908374,0,0,0.995334,0,0,0.9908374,0,0,0.99547863,0,0,0.99547863,0,0,0.9944541,0,0,0.9944541,0,0,0.9919985,0,0,0.9919985,0,0,0.9956596,0,0,0.9956596,0,0,0.99605644,0,0,0.99605644,0,0,0.9947961,0,0,0.9947961,0,0,0.995334,0,0,0.99552107,0,0,0.99552107,0,0,0.99533397,0,0,0.9925087,0,0,0.9925087,0,0,0.9925087,0,0,0.995334,0,0,0.99016696,0,0,0.99016696,0,0,0.99016696,0,0,0.99016696,0,0,0.99016696,0,0,0.99016696,0,0,0.9948651,0,0,0.9948651,0,0,0.9948651,0,0,0.9948651,0,0,0.9948651,0,0,0.9948651,0,0,0.9948651,0,0,0.9948651,0,0,0.9948651,0,0,0.9948651,0,0,0.9948651,0,0,0.9948651,0,0,0.99145156,0,0,0.99145156,0,0,0.99145156,0,0,0.99145156,0,0,0.99145156,0,0,0.99145156,0,0,0.9953944,0,0,0.9953944,0,0,0.9953944,0,0,0.9925087,0,0,0.9925087,0,0,0.9925087,0,0,0.9925087,0,0,0.9955326,0,0,0.9955326,0,0,0.9955326,0,0,0.9958026,0,0,0.9958026,0,0,0.9958026,0
     548,   0.00%,0.0,-1,0.603201,0,-1,0.603201,0,-1,0.603201,0,-1,0.59810126,0,-1,0.603201,0,-1,0.603201,0,-1,0.64382005,0,-1,0.64382005,0,-1,0.64382005,0,-1,0.64382005,0,-1,0.64382005,0,-1,0.603201,0,-1,0.603201,0,-1,0.64382005,0,-1,0.59810126,0,-1,0.64382005,0,-1,0.593837,0,-1,0.593837,0,-1,0.5983766,0,-1,0.5983766,0,-1,0.63182294,0,-1,0.63182294,0,-1,0.5990561,0,-1,0.5990561,0,-1,0.5967586,0,-1,0.5967586,0,-1,0.59641653,0,-1,0.59641653,0,-1,0.59810126,0,-1,0.5938225,0,-1,0.5938225,0,-1,0.59810126,0,-1,0.62198985,0,-1,0.62198985,0,-1,0.62198985,0,-1,0.59810126,0,-1,0.6469337,0,-1,0.6469337,0,-1,0.6469337,0,-1,0.6469337,0,-1,0.6469337,0,-1,0.6469337,0,-1,0.5983888,0,-1,0.5983888,0,-1,0.5983888,0,-1,0.5983888,0,-1,0.5983888,0,-1,0.5983888,0,-1,0.5983888,0,-1,0.5983888,0,-1,0.5983888,0,-1,0.5983888,0,-1,0.5983888,0,-1,0.5983888,0,-1,0.646466,0,-1,0.646466,0,-1,0.646466,0,-1,0.646466,0,-1,0.646466,0,-1,0.646466,0,-1,0.6003152,0,-1,0.6003152,0,-1,0.60031515,0,-1,0.6219898,0,-1,0.62198985,0,-1,0.62198985,0,-1,0.62198985,0,-1,0.60150325,0,-1,0.60150325,0,-1,0.60150325,0,-1,0.5970528,0,-1,0.5970528,0,-1,0.5970528,0
     549,   2.74%,0.02666666666666667,-1,0.46834,0,-1,0.46834,0,-1,0.46834,0,-1,0.4642216,0,-1,0.46834,0,-1,0.46834,0,-1,0.485106,0,-1,0.485106,0,-1,0.485106,0,-1,0.485106,-1,-1,0.485106,0,-1,0.46834,0,-1,0.46834,0,-1,0.485106,0,-1,0.4642216,0,-1,0.485106,0,-1,0.4615448,0,-1,0.4615448,0,-1,0.4673846,0,-1,0.4673846,0,-1,0.47847074,0,-1,0.47847074,0,-1,0.46508905,0,-1,0.46508905,0,-1,0.46034098,0,-1,0.46034098,0,-1,0.4657606,0,-1,0.4657606,-1,-1,0.4642216,0,-1,0.45990455,0,-1,0.4599046,0,-1,0.4642216,0,-1,0.47350863,0,-1,0.47350863,0,-1,0.47350863,0,-1,0.4642216,0,-1,0.4820909,0,-1,0.4820909,0,-1,0.4820909,0,-1,0.4820909,0,-1,0.4820909,0,-1,0.4820909,0,-1,0.46609667,0,-1,0.46609667,0,-1,0.46609667,0,-1,0.46609667,0,-1,0.46609667,0,-1,0.46609667,0,-1,0.46609667,0,-1,0.46609667,0,-1,0.46609667,0,-1,0.46609667,0,-1,0.46609667,0,-1,0.46609667,0,-1,0.48414472,0,-1,0.48414472,0,-1,0.48414472,0,-1,0.48414472,0,-1,0.48414472,0,-1,0.48414472,0,-1,0.4651363,0,-1,0.4651363,0,-1,0.46513626,0,-1,0.47350863,0,-1,0.47350863,0,-1,0.47350863,0,-1,0.47350863,0,-1,0.46544522,0,-1,0.46544522,0,-1,0.46544522,0,-1,0.46370178,0,-1,0.46370178,0,-1,0.46370178,0
     550,   5.48%,0.03463203463203463,1,0.4143317,-1,1,0.4143317,0,1,0.4143317,-1,1,0.42305946,0,1,0.4143317,0,1,0.4143317,0,1,0.43716255,0,1,0.43716255,0,1,0.43716255,0,1,0.43716255,0,1,0.43716255,0,1,0.4143317,0,1,0.4143317,0,1,0.43716255,0,1,0.42305946,0,1,0.43716255,0,1,0.42281765,0,1,0.42281765,0,1,0.42900583,0,1,0.42900583,0,1,0.4358841,0,1,0.4358841,0,1,0.41954258,0,1,0.41954258,0,1,0.42160994,1,1,0.42160994,1,1,0.4244322,0,1,0.4244322,0,1,0.42305946,0,1,0.42912486,0,1,0.42912486,0,1,0.4230595,0,1,0.4306073,0,1,0.4306073,1,1,0.4306073,0,1,0.42305946,0,1,0.4326974,-1,1,0.4326974,0,1,0.4326974,0,1,0.4326974,-1,1,0.4326974,0,1,0.4326974,0,1,0.42684487,-1,1,0.42684487,0,1,0.42684487,0,1,0.42684487,0,1,0.42684487,0,1,0.42684487,0,1,0.42684487,0,1,0.42684487,0,1,0.42684487,1,1,0.42684487,0,1,0.42684487,0,1,0.42684487,0,1,0.42634106,0,1,0.42634106,0,1,0.42634106,0,1,0.42634106,0,1,0.42634106,0,1,0.42634106,0,1,0.4238946,-1,1,0.4238946,-1,1,0.4238946,-1,1,0.4306073,0,1,0.4306073,0,1,0.4306073,0,1,0.4306073,0,1,0.41700032,0,1,0.41700032,0,1,0.41700032,0,1,0.42042696,0,1,0.42042696,0,1,0.42042696,0
     551,  34.25%,0.18315018315018317,-1,0.4086941,1,-1,0.4086941,1,-1,0.4086941,1,-1,0.4049923,0,-1,0.4086941,1,-1,0.4086941,1,0,0.39630294,0,0,0.39630294,1,0,0.39630294,1,0,0.39630294,0,0,0.39630294,1,-1,0.4086941,1,-1,0.4086941,1,0,0.39630294,0,-1,0.4049923,0,0,0.39630294,0,-1,0.40087917,0,-1,0.40087917,0,-1,0.39849234,0,-1,0.39849234,0,0,0.4219746,0,0,0.4219746,0,-1,0.40959436,0,-1,0.40959436,0,-1,0.42020535,0,-1,0.42020535,0,-1,0.3851245,0,-1,0.3851245,0,-1,0.4049923,0,-1,0.40787065,0,-1,0.40787065,0,-1,0.4049923,0,0,0.4343114,0,0,0.4343114,0,0,0.4343114,0,-1,0.4049923,0,0,0.40648815,0,0,0.40648815,0,0,0.40648815,0,0,0.40648815,0,0,0.40648815,0,0,0.40648815,0,-1,0.38816783,0,-1,0.38816783,0,-1,0.38816783,0,-1,0.38816783,0,-1,0.38816783,0,-1,0.38816783,0,-1,0.38816783,0,-1,0.38816783,0,-1,0.38816783,0,-1,0.38816783,0,-1,0.38816783,0,-1,0.38816783,0,0,0.4119283,0,0,0.4119283,0,0,0.4119283,0,0,0.4119283,0,0,0.4119283,0,0,0.4119283,0,-1,0.41138333,0,-1,0.41138333,0,-1,0.41138333,0,0,0.43431148,0,0,0.4343114,0,0,0.4343114,0,0,0.4343114,0,-1,0.41152608,0,-1,0.41152608,0,-1,0.41152608,0,-1,0.4105431,0,-1,0.4105431,0,-1,0.4105431,0
     552,  45.21%,0.4122383252818035,1,0.5359601,1,1,0.5359601,1,1,0.5359601,1,1,0.54041857,0,1,0.5359601,1,1,0.5359601,1,0,0.5736469,0,0,0.5736469,0,0,0.5736469,1,0,0.5736469,0,0,0.5736469,1,1,0.5359601,1,1,0.5359601,1,0,0.5736469,0,1,0.54041857,0,0,0.5736469,0,1,0.5413424,0,1,0.5413424,0,1,0.5438284,0,1,0.5438284,0,0,0.640104,0,0,0.640104,0,1,0.5368814,0,1,0.5368814,0,1,0.5374908,0,1,0.5374908,0,1,0.537841,0,1,0.537841,0,1,0.54041857,0,1,0.54563284,0,1,0.54563284,0,1,0.54041857,0,0,0.6504444,0,0,0.6504444,0,0,0.6504444,0,1,0.54041857,0,0,0.5748263,0,0,0.5748263,0,0,0.5748263,0,0,0.5748263,0,0,0.5748263,0,0,0.5748263,0,1,0.5397646,0,1,0.5397646,0,1,0.5397646,0,1,0.5397646,0,1,0.5397646,0,1,0.5397646,0,1,0.5397646,0,1,0.5397646,0,1,0.5397646,0,1,0.5397646,0,1,0.5397646,0,1,0.5397646,0,0,0.5995449,0,0,0.5995449,0,0,0.5995449,0,0,0.5995449,0,0,0.5995449,0,0,0.5995449,0,1,0.5404764,0,1,0.5404764,0,1,0.5404764,0,0,0.65044445,0,0,0.6504444,0,0,0.6504444,0,0,0.6504444,0,1,0.5369025,0,1,0.5369025,0,1,0.5369025,0,1,0.5375006,0,1,0.5375006,0,1,0.5375006,0
     553,  94.52%,0.4859154929577465,0,0.680398,0,0,0.680398,0,0,0.680398,1,0,0.6703458,0,0,0.680398,0,0,0.680398,1,0,0.6957139,0,0,0.6957139,0,0,0.6957139,0,0,0.6957139,0,0,0.6957139,0,0,0.680398,1,0,0.680398,1,0,0.6957139,0,0,0.6703458,0,0,0.6957139,0,0,0.6697703,0,0,0.6697703,0,0,0.66188663,0,0,0.66188663,0,0,0.757221,0,0,0.757221,0,0,0.6766743,0,0,0.6766743,0,0,0.6814188,0,0,0.6814188,0,0,0.66448873,0,0,0.66448873,0,0,0.6703458,0,0,0.6654898,0,0,0.66548973,0,0,0.6703458,0,0,0.75712514,0,0,0.75712514,0,0,0.75712514,0,0,0.6703458,0,0,0.7033691,0,0,0.7033691,0,0,0.7033691,0,0,0.7033691,0,0,0.7033691,0,0,0.7033691,0,0,0.6642232,0,0,0.6642232,0,0,0.6642232,0,0,0.6642232,0,0,0.6642232,0,0,0.6642232,0,0,0.6642232,0,0,0.6642232,0,0,0.6642232,0,0,0.6642232,0,0,0.6642232,0,0,0.6642232,0,0,0.7184415,0,0,0.7184415,0,0,0.7184415,0,0,0.7184415,0,0,0.7184415,0,0,0.7184415,0,0,0.6685314,0,0,0.6685314,0,0,0.6685314,0,0,0.75712514,0,0,0.75712514,0,0,0.75712514,0,0,0.75712514,0,0,0.67707074,0,0,0.67707074,0,0,0.67707074,0,0,0.67635787,0,0,0.67635787,0,0,0.67635787,0
     554,  10.96%,0.09876543209876543,1,0.46150944,1,1,0.46150944,1,1,0.46150944,1,1,0.4673284,0,1,0.46150944,1,1,0.46150944,1,1,0.46235397,0,1,0.46235397,0,1,0.46235397,1,1,0.46235397,0,1,0.46235397,0,1,0.46150944,1,1,0.46150944,1,1,0.46235397,0,1,0.4673284,0,1,0.46235397,0,1,0.47065786,0,1,0.47065786,0,1,0.47135338,0,1,0.47135338,0,1,0.44169557,0,1,0.44169557,0,1,0.46317372,0,1,0.46317372,0,1,0.4589699,0,1,0.4589699,0,1,0.47658992,0,1,0.47658992,0,1,0.4673284,0,1,0.4697292,0,1,0.46972916,0,1,0.46732843,0,1,0.43867162,0,1,0.43867162,0,1,0.43867162,0,1,0.4673284,0,1,0.4458918,0,1,0.4458918,0,1,0.4458918,0,1,0.4458918,0,1,0.4458918,0,1,0.4458918,0,1,0.4754884,0,1,0.4754884,0,1,0.4754884,0,1,0.4754884,0,1,0.4754884,0,1,0.4754884,0,1,0.4754884,0,1,0.4754884,0,1,0.4754884,0,1,0.4754884,0,1,0.4754884,0,1,0.4754884,0,1,0.4477759,0,1,0.4477759,0,1,0.4477759,0,1,0.4477759,0,1,0.4477759,0,1,0.4477759,0,1,0.46373188,0,1,0.46373188,0,1,0.46373188,0,1,0.43867162,0,1,0.43867162,0,1,0.43867162,0,1,0.43867162,0,1,0.4607367,0,1,0.4607367,0,1,0.4607367,0,1,0.46392277,0,1,0.46392277,0,1,0.46392277,0
     555,  47.95%,0.4324877250409165,1,0.45802355,1,1,0.45802355,1,1,0.45802355,1,1,0.46357223,0,1,0.45802355,1,1,0.45802355,1,0,0.43650055,0,0,0.43650055,0,0,0.43650055,0,0,0.43650055,0,0,0.43650055,0,1,0.45802355,1,1,0.45802355,1,0,0.43650055,0,1,0.46357223,0,0,0.43650055,0,1,0.46585494,0,1,0.46585494,0,1,0.46708673,0,1,0.46708673,0,0,0.45449543,0,0,0.45449543,0,1,0.45882517,0,1,0.45882517,0,1,0.456743,0,1,0.456743,0,1,0.46612063,0,1,0.46612063,0,1,0.46357223,0,1,0.46788654,0,1,0.4678865,0,1,0.46357223,0,0,0.46462405,0,0,0.46462405,0,0,0.46462405,0,1,0.46357223,0,0,0.4572326,0,0,0.4572326,0,0,0.4572326,0,0,0.4572326,0,0,0.4572326,0,0,0.4572326,0,1,0.46591204,0,1,0.46591204,0,1,0.46591204,0,1,0.46591204,0,1,0.46591204,0,1,0.46591204,0,1,0.46591204,0,1,0.46591204,0,1,0.46591204,0,1,0.46591204,0,1,0.46591204,0,1,0.46591204,0,0,0.4505608,0,0,0.4505608,0,0,0.4505608,0,0,0.4505608,0,0,0.4505608,0,0,0.4505608,0,1,0.46023765,0,1,0.46023765,0,1,0.46023765,0,0,0.46462405,0,0,0.46462405,0,0,0.46462405,0,0,0.46462405,0,1,0.4573856,0,1,0.4573856,0,1,0.4573856,0,1,0.45953345,0,1,0.45953345,0,1,0.45953345,0
     556,  47.95%,0.30168350168350166,1,0.37082893,0,1,0.37082893,0,1,0.37082893,1,1,0.38159248,0,1,0.37082893,0,1,0.37082893,1,0,0.47974327,0,0,0.47974327,0,0,0.47974327,0,0,0.47974327,0,0,0.47974327,0,1,0.37082893,1,1,0.37082893,1,0,0.47974327,0,1,0.38159248,0,0,0.47974327,-1,1,0.38640112,0,1,0.38640112,0,1,0.38766107,0,1,0.38766107,0,0,0.50139683,0,0,0.50139683,0,1,0.37738842,0,1,0.37738842,0,1,0.37477028,1,1,0.37477028,1,1,0.3902875,0,1,0.3902875,0,1,0.38159248,0,1,0.38832015,0,1,0.38832015,0,1,0.38159248,0,0,0.5224345,0,0,0.5224345,0,0,0.5224345,0,1,0.38159248,0,0,0.48022744,0,0,0.48022744,0,0,0.48022744,0,0,0.48022744,0,0,0.48022744,0,0,0.48022744,0,1,0.39320445,0,1,0.39320445,0,1,0.39320445,0,1,0.39320445,0,1,0.39320445,0,1,0.39320445,0,1,0.39320445,0,1,0.39320445,0,1,0.39320445,0,1,0.39320445,0,1,0.39320445,0,1,0.39320445,0,0,0.49080718,0,0,0.49080718,0,0,0.49080718,0,0,0.49080718,0,0,0.49080718,0,0,0.49080718,0,1,0.37984845,1,1,0.37984845,1,1,0.37984845,1,0,0.5224345,0,0,0.5224345,1,0,0.5224345,0,0,0.5224345,0,1,0.37309805,0,1,0.37309805,0,1,0.37309805,0,1,0.3794247,0,1,0.3794247,0,1,0.3794247,0
     557,  31.51%,0.1803921568627451,-1,0.3999334,1,-1,0.3999334,1,-1,0.3999334,1,-1,0.38522935,0,-1,0.3999334,0,-1,0.3999334,1,0,0.4255703,0,0,0.4255703,0,0,0.4255703,0,0,0.4255703,0,0,0.4255703,1,-1,0.3999334,1,-1,0.3999334,1,0,0.4255703,0,-1,0.38522935,0,0,0.4255703,0,-1,0.37991247,0,-1,0.37991247,0,-1,0.3765125,1,-1,0.3765125,1,0,0.42354345,1,0,0.42354345,1,-1,0.39360002,0,-1,0.39360002,0,-1,0.39314058,1,-1,0.39314058,0,-1,0.3708328,0,-1,0.3708328,0,-1,0.38522935,0,-1,0.37640038,0,-1,0.37640038,0,-1,0.38522932,0,0,0.4389925,0,0,0.4389925,0,0,0.4389925,0,-1,0.38522935,0,0,0.43400368,0,0,0.43400368,0,0,0.43400368,0,0,0.43400368,0,0,0.43400368,0,0,0.43400368,0,-1,0.36735666,0,-1,0.36735666,0,-1,0.36735666,0,-1,0.36735666,0,-1,0.36735666,0,-1,0.36735666,0,-1,0.36735666,0,-1,0.36735666,0,-1,0.36735666,0,-1,0.36735666,0,-1,0.36735666,0,-1,0.36735666,0,0,0.4302349,0,0,0.4302349,0,0,0.4302349,0,0,0.4302349,0,0,0.4302349,0,0,0.4302349,0,-1,0.38972753,0,-1,0.38972753,0,-1,0.38972753,0,0,0.43899256,0,0,0.43899256,1,0,0.43899256,0,0,0.43899256,-1,-1,0.39813316,0,-1,0.39813316,0,-1,0.39813316,0,-1,0.39051795,1,-1,0.39051795,1,-1,0.39051795,0
     558,  53.42%,0.23214285714285712,1,0.48230407,-1,1,0.48230407,-1,1,0.48230407,-1,1,0.48720914,0,1,0.48230407,-1,1,0.48230407,-1,1,0.5798671,-1,1,0.5798671,-1,1,0.5798671,-1,1,0.5798671,-1,1,0.5798671,-1,1,0.48230407,1,1,0.48230407,1,1,0.5798671,1,1,0.48720914,0,1,0.5798671,0,1,0.491795,1,1,0.491795,1,1,0.49295625,1,1,0.49295625,1,1,0.5404962,1,1,0.5404962,-1,1,0.48299575,1,1,0.48299575,1,1,0.47582224,1,1,0.47582224,1,1,0.5031634,1,1,0.5031634,1,1,0.48720914,0,1,0.48744825,1,1,0.48744825,1,1,0.48720914,0,1,0.5607095,0,1,0.5607095,1,1,0.5607095,1,1,0.48720914,0,1,0.57233924,1,1,0.57233924,1,1,0.57233924,1,1,0.57233924,1,1,0.57233924,1,1,0.57233924,1,1,0.506215,1,1,0.506215,1,1,0.506215,1,1,0.506215,1,1,0.506215,1,1,0.506215,1,1,0.506215,1,1,0.506215,1,1,0.506215,1,1,0.506215,1,1,0.506215,1,1,0.506215,1,1,0.5831431,0,1,0.5831431,0,1,0.5831431,0,1,0.5831431,0,1,0.5831431,0,1,0.5831431,0,1,0.48024362,1,1,0.48024362,1,1,0.48024362,1,1,0.56070954,0,1,0.5607095,0,1,0.5607095,0,1,0.5607095,0,1,0.48018235,0,1,0.48018235,0,1,0.48018235,0,1,0.48208153,0,1,0.48208153,0,1,0.48208153,0
     559,  49.32%,0.22018348623853212,1,0.47523105,-1,1,0.47523105,-1,1,0.47523105,-1,1,0.48257595,0,1,0.47523105,-1,1,0.47523105,0,1,0.6281322,-1,1,0.6281322,-1,1,0.6281322,-1,1,0.6281322,-1,1,0.6281322,-1,1,0.47523105,1,1,0.47523105,1,1,0.6281322,0,1,0.48257595,0,1,0.6281322,0,1,0.48820657,1,1,0.48820657,1,1,0.48870996,1,1,0.48870996,1,1,0.60035616,-1,1,0.60035616,-1,1,0.47616613,1,1,0.47616613,1,1,0.46998802,0,1,0.46998802,1,1,0.5020617,1,1,0.5020617,1,1,0.48257595,0,1,0.48473024,1,1,0.48473024,1,1,0.4825759,0,1,0.625595,0,1,0.625595,1,1,0.625595,1,1,0.48257595,0,1,0.6196338,1,1,0.6196338,1,1,0.6196338,1,1,0.6196338,1,1,0.6196338,1,1,0.6196338,1,1,0.5054948,1,1,0.5054948,1,1,0.5054948,1,1,0.5054948,1,1,0.5054948,1,1,0.5054948,1,1,0.5054948,1,1,0.5054948,1,1,0.5054948,1,1,0.5054948,1,1,0.5054948,1,1,0.5054948,1,1,0.63282984,0,1,0.63282984,0,1,0.63282984,0,1,0.63282984,0,1,0.63282984,0,1,0.63282984,0,1,0.4754612,1,1,0.4754612,1,1,0.4754612,1,1,0.625595,0,1,0.625595,0,1,0.625595,0,1,0.625595,0,1,0.47255716,0,1,0.47255716,0,1,0.47255716,0,1,0.47643524,0,1,0.47643524,0,1,0.47643524,0
     560,  23.29%,0.1907413135374781,-1,0.38665378,-1,-1,0.38665378,-1,-1,0.38665378,1,-1,0.38136724,0,-1,0.38665378,-1,-1,0.38665378,1,0,0.49145108,-1,0,0.49145108,-1,0,0.49145108,-1,0,0.49145108,-1,0,0.49145108,-1,-1,0.38665378,1,-1,0.38665378,1,0,0.49145108,0,-1,0.38136724,0,0,0.49145108,0,-1,0.3817838,1,-1,0.3817838,1,-1,0.37605783,1,-1,0.37605783,1,0,0.51057667,1,0,0.51057667,1,-1,0.38387537,1,-1,0.38387537,1,-1,0.38500592,1,-1,0.38500592,1,-1,0.3715387,0,-1,0.3715387,1,-1,0.38136724,0,-1,0.38174602,0,-1,0.38174602,1,-1,0.38136724,0,0,0.54150724,0,0,0.54150724,1,0,0.54150724,1,-1,0.38136724,0,0,0.495395,1,0,0.495395,1,0,0.495395,1,0,0.495395,1,0,0.495395,0,0,0.495395,1,-1,0.3735251,1,-1,0.3735251,0,-1,0.3735251,0,-1,0.3735251,1,-1,0.3735251,1,-1,0.3735251,1,-1,0.3735251,1,-1,0.3735251,1,-1,0.3735251,0,-1,0.3735251,1,-1,0.3735251,1,-1,0.3735251,1,0,0.5102725,0,0,0.5102725,0,0,0.5102725,0,0,0.5102725,0,0,0.5102725,0,0,0.5102725,0,-1,0.3833587,0,-1,0.3833587,0,-1,0.38335866,0,0,0.54150736,0,0,0.5415073,0,0,0.5415073,0,0,0.5415073,0,-1,0.38594323,0,-1,0.38594323,0,-1,0.38594323,0,-1,0.38439193,0,-1,0.38439193,0,-1,0.38439193,0
     561,  12.33%,0.07317073170731707,-1,0.5890891,0,-1,0.5890891,0,-1,0.5890891,0,-1,0.5844433,0,-1,0.5890891,0,-1,0.5890891,0,-1,0.56645995,0,-1,0.56645995,0,-1,0.56645995,0,-1,0.56645995,0,-1,0.56645995,0,-1,0.5890891,0,-1,0.5890891,0,-1,0.56645995,1,-1,0.5844433,0,-1,0.56645995,0,-1,0.583503,1,-1,0.583503,1,-1,0.5863831,-1,-1,0.5863831,-1,-1,0.5796515,-1,-1,0.5796515,-1,-1,0.5832989,-1,-1,0.5832989,1,-1,0.58244675,-1,-1,0.58244675,-1,-1,0.5792604,-1,-1,0.5792604,-1,-1,0.5844433,0,-1,0.5819952,1,-1,0.58199525,1,-1,0.5844433,0,-1,0.5690826,0,-1,0.5690826,1,-1,0.5690826,0,-1,0.5844433,0,-1,0.5644987,1,-1,0.5644987,0,-1,0.5644987,1,-1,0.5644987,1,-1,0.5644987,0,-1,0.5644987,0,-1,0.57997847,1,-1,0.57997847,1,-1,0.57997847,1,-1,0.57997847,1,-1,0.57997847,1,-1,0.57997847,1,-1,0.57997847,1,-1,0.57997847,1,-1,0.57997847,1,-1,0.57997847,1,-1,0.57997847,1,-1,0.57997847,1,-1,0.5788147,0,-1,0.5788147,0,-1,0.5788147,0,-1,0.5788147,0,-1,0.5788147,0,-1,0.5788147,0,-1,0.5836139,0,-1,0.5836139,0,-1,0.5836138,0,-1,0.5690827,0,-1,0.5690827,0,-1,0.5690827,0,-1,0.5690827,0,-1,0.5879607,0,-1,0.5879607,1,-1,0.5879607,0,-1,0.58285165,0,-1,0.58285165,0,-1,0.58285165,0
     562,  10.96%,0.06584362139917695,-1,0.620839,0,-1,0.620839,0,-1,0.620839,0,-1,0.6148602,0,-1,0.620839,0,-1,0.620839,0,-1,0.51803505,0,-1,0.51803505,0,-1,0.51803505,0,-1,0.51803505,0,-1,0.51803505,0,-1,0.620839,0,-1,0.620839,0,-1,0.51803505,0,-1,0.6148602,0,-1,0.51803505,0,-1,0.6143351,1,-1,0.6143351,1,-1,0.6160238,-1,-1,0.6160238,-1,-1,0.49679407,-1,-1,0.49679407,-1,-1,0.61365706,0,-1,0.61365706,1,-1,0.61250776,-1,-1,0.61250776,-1,-1,0.60834986,-1,-1,0.60834986,-1,-1,0.6148602,0,-1,0.6124489,1,-1,0.6124489,1,-1,0.6148602,0,-1,0.48584354,0,-1,0.48584354,1,-1,0.48584354,0,-1,0.6148602,0,-1,0.5085876,1,-1,0.5085876,0,-1,0.5085876,1,-1,0.5085876,1,-1,0.5085876,0,-1,0.5085876,0,-1,0.6094889,1,-1,0.6094889,1,-1,0.6094889,1,-1,0.6094889,0,-1,0.6094889,1,-1,0.6094889,1,-1,0.6094889,1,-1,0.6094889,1,-1,0.6094889,1,-1,0.6094889,1,-1,0.6094889,1,-1,0.6094889,1,-1,0.51245713,0,-1,0.51245713,0,-1,0.51245713,0,-1,0.51245713,0,-1,0.51245713,0,-1,0.51245713,0,-1,0.61335224,0,-1,0.61335224,0,-1,0.61335224,0,-1,0.48584348,0,-1,0.48584354,0,-1,0.48584354,0,-1,0.48584354,0,-1,0.6187717,1,-1,0.6187717,1,-1,0.6187717,0,-1,0.61292464,0,-1,0.61292464,0,-1,0.61292464,0
     563,  23.29%,0.1259259259259259,-1,0.6076648,0,-1,0.6076648,0,-1,0.6076648,0,-1,0.60126054,0,-1,0.6076648,0,-1,0.6076648,0,-1,0.63199055,0,-1,0.63199055,0,-1,0.63199055,0,-1,0.63199055,0,-1,0.63199055,0,-1,0.6076648,0,-1,0.6076648,0,-1,0.63199055,0,-1,0.60126054,0,-1,0.63199055,0,-1,0.60006386,1,-1,0.60006386,1,-1,0.60328,-1,-1,0.60328,-1,-1,0.6481433,-1,-1,0.6481433,-1,-1,0.60065854,0,-1,0.60065854,1,-1,0.5995657,-1,-1,0.5995657,-1,-1,0.595202,-1,-1,0.595202,-1,-1,0.60126054,0,-1,0.59891474,1,-1,0.59891474,1,-1,0.60126054,0,-1,0.63036776,1,-1,0.63036776,1,-1,0.63036776,1,-1,0.60126054,0,-1,0.63486207,1,-1,0.63486207,0,-1,0.63486207,1,-1,0.63486207,1,-1,0.63486207,0,-1,0.63486207,0,-1,0.5981126,1,-1,0.5981126,1,-1,0.5981126,1,-1,0.5981126,1,-1,0.5981126,1,-1,0.5981126,1,-1,0.5981126,1,-1,0.5981126,1,-1,0.5981126,1,-1,0.5981126,1,-1,0.5981126,1,-1,0.5981126,1,-1,0.6501801,-1,-1,0.6501801,-1,-1,0.6501801,-1,-1,0.6501801,-1,-1,0.6501801,-1,-1,0.6501801,-1,-1,0.60044885,-1,-1,0.60044885,-1,-1,0.60044885,-1,-1,0.63036776,0,-1,0.63036776,0,-1,0.63036776,0,-1,0.63036776,0,-1,0.60485214,0,-1,0.60485214,0,-1,0.60485214,0,-1,0.59999526,0,-1,0.59999526,0,-1,0.59999526,0
     564,   9.59%,0.05833333333333333,-1,0.58453065,0,-1,0.58453065,0,-1,0.58453065,0,-1,0.5810968,0,-1,0.58453065,0,-1,0.58453065,0,-1,0.56337637,0,-1,0.56337637,0,-1,0.56337637,0,-1,0.56337637,0,-1,0.56337637,0,-1,0.58453065,0,-1,0.58453065,0,-1,0.56337637,0,-1,0.5810968,0,-1,0.56337637,0,-1,0.5797165,1,-1,0.5797165,1,-1,0.5847038,-1,-1,0.5847038,-1,-1,0.55751187,-1,-1,0.55751187,-1,-1,0.5788464,1,-1,0.5788464,1,-1,0.5780356,-1,-1,0.5780356,-1,-1,0.57511216,-1,-1,0.57511216,0,-1,0.5810968,0,-1,0.5803461,1,-1,0.58034617,1,-1,0.5810969,0,-1,0.5434355,0,-1,0.5434355,1,-1,0.5434355,0,-1,0.5810968,0,-1,0.5605573,0,-1,0.5605573,0,-1,0.5605573,0,-1,0.5605573,0,-1,0.5605573,0,-1,0.5605573,0,-1,0.57770795,1,-1,0.57770795,1,-1,0.57770795,1,-1,0.57770795,0,-1,0.57770795,0,-1,0.57770795,0,-1,0.57770795,1,-1,0.57770795,1,-1,0.57770795,1,-1,0.57770795,1,-1,0.57770795,1,-1,0.57770795,1,-1,0.5619601,0,-1,0.5619601,0,-1,0.5619601,0,-1,0.5619601,0,-1,0.5619601,0,-1,0.5619601,0,-1,0.58121824,0,-1,0.58121824,0,-1,0.5812182,0,-1,0.5434355,0,-1,0.5434355,0,-1,0.5434355,0,-1,0.5434355,0,-1,0.58322394,1,-1,0.58322394,1,-1,0.58322394,0,-1,0.57857496,0,-1,0.57857496,0,-1,0.57857496,0
     565,  68.49%,0.3048128342245989,-1,0.34892365,-1,-1,0.34892365,0,-1,0.34892365,1,0,0.33780867,0,-1,0.34892365,0,-1,0.34892365,1,0,0.57008374,0,0,0.57008374,0,0,0.57008374,1,0,0.57008374,1,0,0.57008374,0,-1,0.34892365,0,-1,0.34892365,0,0,0.57008374,0,0,0.33780867,0,0,0.57008374,0,0,0.33982834,0,0,0.33982834,0,0,0.34228107,0,0,0.34228107,0,0,0.5781397,0,0,0.5781397,0,-1,0.34144083,0,-1,0.34144083,0,-1,0.34150267,0,-1,0.34150267,0,0,0.34932163,0,0,0.34932163,0,0,0.33780867,0,0,0.3390141,0,0,0.33901408,0,0,0.33780867,0,0,0.58908486,0,0,0.58908486,1,0,0.58908486,0,0,0.33780867,0,0,0.588074,0,0,0.588074,0,0,0.588074,0,0,0.588074,0,0,0.588074,0,0,0.588074,0,0,0.35126632,0,0,0.35126632,0,0,0.35126632,0,0,0.35126632,0,0,0.35126632,-1,0,0.35126632,0,0,0.35126632,0,0,0.35126632,0,0,0.35126632,0,0,0.35126632,0,0,0.35126632,0,0,0.35126632,0,0,0.5786918,0,0,0.5786918,0,0,0.5786918,0,0,0.5786918,0,0,0.5786918,0,0,0.5786918,0,-1,0.33588406,0,-1,0.33588406,0,-1,0.33588403,0,0,0.58908486,0,0,0.58908486,0,0,0.58908486,0,0,0.58908486,0,-1,0.3451489,0,-1,0.3451489,0,-1,0.3451489,0,-1,0.3404489,0,-1,0.3404489,0,-1,0.3404489,0
     566,  34.25%,0.1773049645390071,-1,0.432973,0,-1,0.432973,0,-1,0.432973,0,-1,0.4174695,0,-1,0.432973,0,-1,0.432973,1,0,0.48919407,0,0,0.48919407,0,0,0.48919407,-1,0,0.48919407,0,0,0.48919407,0,-1,0.432973,0,-1,0.432973,0,0,0.48919407,0,-1,0.4174695,0,0,0.48919407,0,-1,0.41094503,0,-1,0.41094503,0,-1,0.40706256,1,-1,0.40706256,1,0,0.48613706,0,0,0.48613706,0,-1,0.4243662,0,-1,0.4243662,0,-1,0.43201044,0,-1,0.43201044,1,-1,0.3911123,0,-1,0.3911123,0,-1,0.4174695,0,-1,0.411282,0,-1,0.411282,0,-1,0.4174695,0,0,0.5025687,0,0,0.5025687,1,0,0.5025687,0,-1,0.4174695,0,0,0.50122184,1,0,0.50122184,0,0,0.50122184,0,0,0.50122184,0,0,0.50122184,0,0,0.50122184,0,-1,0.385737,0,-1,0.385737,0,-1,0.385737,0,-1,0.385737,0,-1,0.385737,0,-1,0.385737,0,-1,0.385737,0,-1,0.385737,0,-1,0.385737,0,-1,0.385737,0,-1,0.385737,0,-1,0.385737,0,0,0.5002796,0,0,0.5002796,0,0,0.5002796,0,0,0.5002796,0,0,0.5002796,0,0,0.5002796,0,-1,0.42333832,0,-1,0.42333832,0,-1,0.42333832,0,0,0.5025687,0,0,0.5025687,0,0,0.5025687,0,0,0.5025687,0,-1,0.43339995,0,-1,0.43339995,0,-1,0.43339995,0,-1,0.4229756,0,-1,0.4229756,0,-1,0.4229756,0
     567,  26.03%,0.13768115942028986,1,0.62975776,-1,1,0.62975776,0,1,0.62975776,-1,1,0.6326542,0,1,0.62975776,-1,1,0.62975776,0,1,0.60667694,0,1,0.60667694,0,1,0.60667694,-1,1,0.60667694,0,1,0.60667694,0,1,0.62975776,0,1,0.62975776,0,1,0.60667694,0,1,0.6326542,0,1,0.60667694,0,1,0.62942463,0,1,0.62942463,0,1,0.6327711,0,1,0.6327711,0,1,0.6378837,0,1,0.6378837,0,1,0.63207084,0,1,0.63207084,0,1,0.6393423,0,1,0.6393423,0,1,0.6140087,0,1,0.6140087,0,1,0.6326542,0,1,0.6405144,0,1,0.6405144,0,1,0.6326542,0,1,0.62821627,0,1,0.62821627,1,1,0.62821627,0,1,0.6326542,0,1,0.615196,0,1,0.615196,1,1,0.615196,1,1,0.615196,1,1,0.615196,0,1,0.615196,0,1,0.6200021,1,1,0.6200021,1,1,0.6200021,1,1,0.6200021,1,1,0.6200021,1,1,0.6200021,1,1,0.6200021,1,1,0.6200021,1,1,0.6200021,0,1,0.6200021,1,1,0.6200021,1,1,0.6200021,1,1,0.60954607,0,1,0.60954607,0,1,0.60954607,0,1,0.60954607,0,1,0.60954607,0,1,0.60954607,0,1,0.6372927,0,1,0.6372927,0,1,0.6372927,0,1,0.6282162,0,1,0.6282162,0,1,0.6282162,1,1,0.6282162,0,1,0.63318205,0,1,0.63318205,0,1,0.63318205,0,1,0.6319417,1,1,0.6319417,1,1,0.6319417,1
     568,   2.74%,0.031746031746031744,-1,0.40403655,0,-1,0.40403655,0,-1,0.40403655,1,1,0.39661005,0,-1,0.40403655,0,-1,0.40403655,1,-1,0.40068814,1,-1,0.40068814,1,-1,0.40068814,1,-1,0.40068814,0,-1,0.40068814,1,-1,0.40403655,1,-1,0.40403655,0,-1,0.40068814,0,1,0.39661005,0,-1,0.40068814,0,1,0.40150815,0,1,0.40150815,0,1,0.40421996,1,1,0.40421996,1,-1,0.45345843,1,-1,0.45345843,1,-1,0.39824173,1,-1,0.39824173,0,-1,0.39804646,1,-1,0.39804646,1,1,0.39998418,0,1,0.39998418,0,1,0.39661005,0,1,0.40880212,0,1,0.40880206,0,1,0.39661005,0,-1,0.43253925,0,-1,0.43253925,0,-1,0.43253925,0,1,0.39661005,0,-1,0.41675773,0,-1,0.41675773,0,-1,0.41675773,0,-1,0.41675773,0,-1,0.41675773,0,-1,0.41675773,0,1,0.40587828,0,1,0.40587828,0,1,0.40587828,0,1,0.40587828,0,1,0.40587828,0,1,0.40587828,0,1,0.40587828,0,1,0.40587828,0,1,0.40587828,0,1,0.40587828,0,1,0.40587828,0,1,0.40587828,0,-1,0.4191917,0,-1,0.4191917,0,-1,0.4191917,0,-1,0.4191917,0,-1,0.4191917,0,-1,0.4191917,0,-1,0.39371794,0,-1,0.39371794,0,-1,0.393718,0,-1,0.4325392,0,-1,0.43253925,1,-1,0.43253925,0,-1,0.43253925,0,-1,0.40213865,0,-1,0.40213865,0,-1,0.40213865,0,-1,0.39617598,1,-1,0.39617598,1,-1,0.39617598,0
     569,  30.14%,0.1543859649122807,-1,0.5364538,-1,-1,0.5364538,-1,-1,0.5364538,-1,-1,0.5334708,0,-1,0.5364538,-1,-1,0.5364538,-1,-1,0.47796765,-1,-1,0.47796765,-1,-1,0.47796765,-1,-1,0.47796765,-1,-1,0.47796765,-1,-1,0.5364538,0,-1,0.5364538,0,-1,0.47796765,0,-1,0.5334708,0,-1,0.47796765,0,-1,0.5316482,-1,-1,0.5316482,-1,-1,0.53344584,-1,-1,0.53344584,-1,-1,0.5134455,-1,-1,0.5134455,-1,-1,0.5344638,-1,-1,0.5344638,-1,-1,0.5347364,-1,-1,0.5347364,-1,-1,0.5179181,-1,-1,0.5179181,-1,-1,0.5334708,0,-1,0.53416204,0,-1,0.53416204,0,-1,0.5334708,0,-1,0.4751466,0,-1,0.4751466,1,-1,0.4751466,0,-1,0.5334708,0,-1,0.48479035,1,-1,0.48479035,1,-1,0.48479035,1,-1,0.48479035,1,-1,0.48479035,0,-1,0.48479035,0,-1,0.5155683,1,-1,0.5155683,1,-1,0.5155683,1,-1,0.5155683,1,-1,0.5155683,1,-1,0.5155683,1,-1,0.5155683,1,-1,0.5155683,1,-1,0.5155683,1,-1,0.5155683,1,-1,0.5155683,1,-1,0.5155683,1,-1,0.48066798,0,-1,0.48066798,0,-1,0.48066798,0,-1,0.48066798,0,-1,0.48066798,0,-1,0.48066798,0,-1,0.5373519,1,-1,0.5373519,1,-1,0.5373519,1,-1,0.47514653,0,-1,0.4751466,0,-1,0.4751466,0,-1,0.4751466,0,-1,0.53772825,0,-1,0.53772825,0,-1,0.53772825,0,-1,0.5353944,1,-1,0.5353944,1,-1,0.5353944,0
     570,  15.07%,0.13095238095238096,1,0.4596544,0,1,0.4596544,0,1,0.4596544,0,1,0.46215743,0,1,0.4596544,0,1,0.4596544,0,1,0.52043676,0,1,0.52043676,0,1,0.52043676,0,1,0.52043676,0,1,0.52043676,0,1,0.4596544,0,1,0.4596544,0,1,0.52043676,0,1,0.46215743,0,1,0.52043676,0,1,0.45789915,0,1,0.45789915,0,1,0.46593428,0,1,0.46593428,0,1,0.5309563,0,1,0.5309563,0,1,0.46157712,0,1,0.46157712,0,1,0.46982563,0,1,0.46982563,0,1,0.44880664,0,1,0.44880664,0,1,0.46215743,0,1,0.46503997,0,1,0.46503997,0,1,0.46215743,0,1,0.5092176,0,1,0.5092176,0,1,0.5092176,0,1,0.46215743,0,1,0.53231114,0,1,0.53231114,0,1,0.53231114,1,1,0.53231114,0,1,0.53231114,0,1,0.53231114,0,1,0.45190525,0,1,0.45190525,1,1,0.45190525,1,1,0.45190525,1,1,0.45190525,1,1,0.45190525,0,1,0.45190525,1,1,0.45190525,1,1,0.45190525,1,1,0.45190525,1,1,0.45190525,1,1,0.45190525,1,1,0.51199126,0,1,0.51199126,0,1,0.51199126,0,1,0.51199126,0,1,0.51199126,0,1,0.51199126,0,1,0.46918356,0,1,0.46918356,0,1,0.46918356,0,1,0.5092176,0,1,0.5092176,0,1,0.5092176,0,1,0.5092176,0,1,0.46641505,0,1,0.46641505,0,1,0.46641505,0,1,0.46305072,0,1,0.46305072,0,1,0.46305072,0
     571,  95.89%,0.48951048951048953,0,0.62711227,0,0,0.62711227,0,0,0.62711227,0,0,0.6332958,0,0,0.62711227,0,0,0.62711227,0,0,0.752672,0,0,0.752672,0,0,0.752672,0,0,0.752672,0,0,0.752672,0,0,0.62711227,0,0,0.62711227,0,0,0.752672,0,0,0.6332958,0,0,0.752672,0,0,0.6353568,0,0,0.6353568,0,0,0.631577,0,0,0.631577,0,0,0.7425038,0,0,0.7425038,0,0,0.62619096,0,0,0.62619096,0,0,0.6281945,0,0,0.6281945,0,0,0.63834566,0,0,0.63834566,0,0,0.6332958,0,0,0.6403713,0,0,0.64037126,0,0,0.6332958,0,0,0.7634771,0,0,0.7634771,0,0,0.7634771,0,0,0.6332958,0,0,0.74470866,0,0,0.74470866,0,0,0.74470866,0,0,0.74470866,0,0,0.74470866,0,0,0.74470866,0,0,0.64747053,0,0,0.64747053,0,0,0.64747053,0,0,0.64747053,1,0,0.64747053,0,0,0.64747053,0,0,0.64747053,0,0,0.64747053,0,0,0.64747053,1,0,0.64747053,0,0,0.64747053,0,0,0.64747053,1,0,0.76398057,0,0,0.76398057,0,0,0.76398057,0,0,0.76398057,0,0,0.76398057,0,0,0.76398057,0,0,0.6268967,0,0,0.6268967,0,0,0.6268967,0,0,0.7634771,0,0,0.763477,0,0,0.763477,0,0,0.763477,0,0,0.6249728,0,0,0.6249728,0,0,0.6249728,0,0,0.6260609,0,0,0.6260609,0,0,0.6260609,0
     572, 100.00%,1.0,0,0.87321055,0,0,0.87321055,0,0,0.87321055,0,0,0.8789292,0,0,0.87321055,0,0,0.87321055,0,0,0.96339476,0,0,0.96339476,0,0,0.96339476,0,0,0.96339476,0,0,0.96339476,0,0,0.87321055,0,0,0.87321055,0,0,0.96339476,0,0,0.8789292,0,0,0.96339476,0,0,0.8795837,0,0,0.8795837,0,0,0.87923056,0,0,0.87923056,0,0,0.96804297,0,0,0.96804297,0,0,0.8754867,0,0,0.8754867,0,0,0.87748843,0,0,0.87748843,0,0,0.87894785,0,0,0.87894785,0,0,0.8789292,0,0,0.8850382,0,0,0.8850382,0,0,0.8789292,0,0,0.9731747,0,0,0.9731747,0,0,0.9731747,0,0,0.8789292,0,0,0.96115226,0,0,0.96115226,0,0,0.96115226,0,0,0.96115226,0,0,0.96115226,0,0,0.96115226,0,0,0.8856855,0,0,0.8856855,0,0,0.8856855,0,0,0.8856855,0,0,0.8856855,0,0,0.8856855,0,0,0.8856855,0,0,0.8856855,0,0,0.8856855,0,0,0.8856855,0,0,0.8856855,0,0,0.8856855,0,0,0.96715295,0,0,0.96715295,0,0,0.96715295,0,0,0.96715295,0,0,0.96715295,0,0,0.96715295,0,0,0.877722,0,0,0.877722,0,0,0.8777221,0,0,0.9731747,0,0,0.9731747,0,0,0.9731747,0,0,0.9731747,0,0,0.8735275,0,0,0.8735275,0,0,0.8735275,0,0,0.87616843,0,0,0.87616843,0,0,0.87616843,0
     573, 100.00%,1.0,0,0.78731424,0,0,0.78731424,0,0,0.78731424,0,0,0.7915743,0,0,0.78731424,0,0,0.78731424,0,0,0.92517287,0,0,0.92517287,0,0,0.92517287,0,0,0.92517287,0,0,0.92517287,0,0,0.78731424,0,0,0.78731424,0,0,0.92517287,0,0,0.7915743,0,0,0.92517287,0,0,0.7890538,0,0,0.7890538,0,0,0.78756034,0,0,0.78756034,0,0,0.9352614,0,0,0.9352614,0,0,0.787624,0,0,0.787624,0,0,0.79657173,0,0,0.79657173,0,0,0.7819681,0,0,0.7819681,0,0,0.7915743,0,0,0.80006254,0,0,0.80006254,0,0,0.7915743,0,0,0.94019204,0,0,0.94019204,0,0,0.94019204,0,0,0.7915743,0,0,0.9256139,0,0,0.9256139,0,0,0.9256139,0,0,0.9256139,0,0,0.9256139,0,0,0.9256139,0,0,0.7967041,0,0,0.7967041,0,0,0.7967041,0,0,0.7967041,0,0,0.7967041,0,0,0.7967041,0,0,0.7967041,0,0,0.7967041,0,0,0.7967041,0,0,0.7967041,0,0,0.7967041,0,0,0.7967041,0,0,0.93006593,0,0,0.93006593,0,0,0.93006593,0,0,0.93006593,0,0,0.93006593,0,0,0.93006593,0,0,0.79083055,0,0,0.79083055,0,0,0.79083055,0,0,0.94019204,0,0,0.94019204,0,0,0.94019204,0,0,0.94019204,0,0,0.7888514,0,0,0.7888514,0,0,0.7888514,0,0,0.7867957,0,0,0.7867957,0,0,0.7867957,0
     574,   4.11%,0.02631578947368421,-1,0.6292316,0,-1,0.6292316,0,-1,0.6292316,0,-1,0.6204857,0,-1,0.6292316,0,-1,0.6292316,1,-1,0.5499218,0,-1,0.5499218,0,-1,0.5499218,0,-1,0.5499218,0,-1,0.5499218,0,-1,0.6292316,0,-1,0.6292316,0,-1,0.5499218,0,-1,0.6204857,0,-1,0.5499218,-1,-1,0.61783445,0,-1,0.61783445,0,-1,0.6184884,0,-1,0.6184884,0,-1,0.54457873,0,-1,0.54457873,0,-1,0.6222229,0,-1,0.6222229,0,-1,0.6207166,0,-1,0.6207166,0,-1,0.62365687,0,-1,0.62365687,0,-1,0.6204857,0,-1,0.6121821,0,-1,0.61218214,0,-1,0.6204857,0,-1,0.5536983,0,-1,0.5536983,1,-1,0.5536983,0,-1,0.6204857,0,-1,0.53547037,1,-1,0.53547037,0,-1,0.53547037,1,-1,0.53547037,1,-1,0.53547037,0,-1,0.53547037,0,-1,0.6240521,0,-1,0.6240521,0,-1,0.6240521,0,-1,0.6240521,0,-1,0.6240521,-1,-1,0.6240521,0,-1,0.6240521,0,-1,0.6240521,-1,-1,0.6240521,0,-1,0.6240521,0,-1,0.6240521,0,-1,0.6240521,0,-1,0.546549,0,-1,0.546549,0,-1,0.546549,0,-1,0.546549,1,-1,0.546549,1,-1,0.546549,1,-1,0.6200725,0,-1,0.6200725,0,-1,0.6200725,0,-1,0.55369824,0,-1,0.55369836,0,-1,0.55369836,0,-1,0.55369836,0,-1,0.6259173,0,-1,0.6259173,0,-1,0.6259173,0,-1,0.6209009,0,-1,0.6209009,0,-1,0.6209009,0
     575,  35.62%,0.18840579710144925,-1,0.39735568,0,-1,0.39735568,0,-1,0.39735568,0,-1,0.3876699,0,-1,0.39735568,0,-1,0.39735568,0,0,0.42714363,0,0,0.42714363,0,0,0.42714363,1,0,0.42714363,0,0,0.42714363,1,-1,0.39735568,0,-1,0.39735568,0,0,0.42714363,0,-1,0.3876699,0,0,0.42714363,0,-1,0.3882264,0,-1,0.3882264,0,-1,0.3835859,0,-1,0.3835859,0,0,0.4197352,0,0,0.4197352,0,-1,0.3909797,0,-1,0.3909797,0,-1,0.38193208,0,-1,0.38193208,0,-1,0.39494318,0,-1,0.39494318,0,-1,0.3876699,0,-1,0.37548766,0,-1,0.37548766,0,-1,0.3876699,0,0,0.43535745,0,0,0.43535745,0,0,0.43535745,0,-1,0.3876699,0,0,0.43175867,0,0,0.43175867,0,0,0.43175867,0,0,0.43175867,0,0,0.43175867,0,0,0.43175867,0,-1,0.3843313,0,-1,0.3843313,1,-1,0.3843313,0,-1,0.3843313,0,-1,0.3843313,1,-1,0.3843313,1,-1,0.3843313,0,-1,0.3843313,1,-1,0.3843313,0,-1,0.3843313,1,-1,0.3843313,1,-1,0.3843313,1,0,0.4392848,0,0,0.4392848,0,0,0.4392848,0,0,0.4392848,0,0,0.4392848,0,0,0.4392848,0,-1,0.38435337,0,-1,0.38435337,0,-1,0.38435334,0,0,0.43535745,0,0,0.4353575,0,0,0.4353575,0,0,0.4353575,0,-1,0.39374343,0,-1,0.39374343,0,-1,0.39374343,0,-1,0.38911945,0,-1,0.38911945,0,-1,0.38911945,0
     576,  97.26%,0.4930555555555556,0,0.4610331,0,0,0.4610331,0,0,0.4610331,1,0,0.46318528,0,0,0.4610331,0,0,0.4610331,1,0,0.54814404,0,0,0.54814404,0,0,0.54814404,0,0,0.54814404,0,0,0.54814404,0,0,0.4610331,0,0,0.4610331,0,0,0.54814404,0,0,0.46318528,0,0,0.54814404,0,0,0.46433035,0,0,0.46433035,0,0,0.4614197,0,0,0.4614197,0,0,0.56131905,0,0,0.56131905,0,0,0.46066847,0,0,0.46066847,0,0,0.4595934,0,0,0.4595934,0,0,0.4647566,0,0,0.4647566,0,0,0.46318528,0,0,0.4652101,0,0,0.46521014,0,0,0.4631853,0,0,0.5718307,0,0,0.5718307,0,0,0.5718307,0,0,0.46318528,0,0,0.5569024,0,0,0.5569024,0,0,0.5569024,0,0,0.5569024,0,0,0.5569024,0,0,0.5569024,0,0,0.46583137,0,0,0.46583137,0,0,0.46583137,0,0,0.46583137,0,0,0.46583137,0,0,0.46583137,0,0,0.46583137,0,0,0.46583137,0,0,0.46583137,0,0,0.46583137,0,0,0.46583137,0,0,0.46583137,0,0,0.55161357,0,0,0.55161357,0,0,0.55161357,0,0,0.55161357,0,0,0.55161357,0,0,0.55161357,0,0,0.45924285,0,0,0.45924285,0,0,0.4592429,0,0,0.57183075,0,0,0.5718307,0,0,0.5718307,0,0,0.5718307,0,0,0.4594215,0,0,0.4594215,0,0,0.4594215,0,0,0.460114,0,0,0.460114,0,0,0.460114,0
     577, 100.00%,1.0,0,0.77029157,0,0,0.77029157,0,0,0.77029157,0,0,0.77570736,0,0,0.77029157,0,0,0.77029157,0,0,0.8150804,0,0,0.8150804,0,0,0.8150804,0,0,0.8150804,0,0,0.8150804,0,0,0.77029157,0,0,0.77029157,0,0,0.8150804,0,0,0.77570736,0,0,0.8150804,0,0,0.7771371,0,0,0.7771371,0,0,0.7740188,0,0,0.7740188,0,0,0.816474,0,0,0.816474,0,0,0.77634305,0,0,0.77634305,0,0,0.7760895,0,0,0.7760895,0,0,0.7773234,0,0,0.7773234,0,0,0.77570736,0,0,0.78061223,0,0,0.7806122,0,0,0.7757073,0,0,0.82049805,0,0,0.82049805,0,0,0.82049805,0,0,0.77570736,0,0,0.808826,0,0,0.808826,0,0,0.808826,0,0,0.808826,0,0,0.808826,0,0,0.808826,0,0,0.77767634,0,0,0.77767634,0,0,0.77767634,0,0,0.77767634,0,0,0.77767634,0,0,0.77767634,0,0,0.77767634,0,0,0.77767634,0,0,0.77767634,0,0,0.77767634,0,0,0.77767634,0,0,0.77767634,0,0,0.8200994,0,0,0.8200994,0,0,0.8200994,0,0,0.8200994,0,0,0.8200994,0,0,0.8200994,0,0,0.7775794,0,0,0.7775794,0,0,0.7775795,0,0,0.82049805,0,0,0.82049805,0,0,0.82049805,0,0,0.82049805,0,0,0.7705469,0,0,0.7705469,0,0,0.7705469,0,0,0.7779981,0,0,0.7779981,0,0,0.7779981,0
     578, 100.00%,1.0,0,0.9976227,0,0,0.9976227,0,0,0.9976227,0,0,0.9975283,0,0,0.9976227,0,0,0.9976227,0,0,0.99830735,0,0,0.99830735,0,0,0.99830735,0,0,0.99830735,0,0,0.99830735,0,0,0.9976227,0,0,0.9976227,0,0,0.99830735,0,0,0.9975283,0,0,0.99830735,0,0,0.99764353,0,0,0.99764353,0,0,0.99705917,0,0,0.99705917,0,0,0.9984584,0,0,0.9984584,0,0,0.99774396,0,0,0.99774396,0,0,0.9978948,0,0,0.9978948,0,0,0.99732053,0,0,0.99732053,0,0,0.9975283,0,0,0.9976434,0,0,0.9976434,0,0,0.9975283,0,0,0.9986407,0,0,0.9986407,0,0,0.9986407,0,0,0.9975283,0,0,0.998338,0,0,0.998338,0,0,0.998338,0,0,0.998338,0,0,0.998338,0,0,0.998338,0,0,0.99743545,0,0,0.99743545,0,0,0.99743545,0,0,0.99743545,0,0,0.99743545,0,0,0.99743545,0,0,0.99743545,0,0,0.99743545,0,0,0.99743545,0,0,0.99743545,0,0,0.99743545,0,0,0.99743545,0,0,0.99860984,0,0,0.99860984,0,0,0.99860984,0,0,0.99860984,0,0,0.99860984,0,0,0.99860984,0,0,0.99752396,0,0,0.99752396,0,0,0.99752396,0,0,0.99864066,0,0,0.9986407,0,0,0.9986407,0,0,0.9986407,0,0,0.99759626,0,0,0.99759626,0,0,0.99759626,0,0,0.99780566,0,0,0.99780566,0,0,0.99780566,0
     579,  98.63%,0.496551724137931,0,0.7240885,0,0,0.7240885,0,0,0.7240885,0,0,0.72870845,0,0,0.7240885,0,0,0.7240885,1,0,0.88122195,0,0,0.88122195,0,0,0.88122195,0,0,0.88122195,0,0,0.88122195,0,0,0.7240885,0,0,0.7240885,0,0,0.88122195,0,0,0.72870845,0,0,0.88122195,0,0,0.72846943,0,0,0.72846943,0,0,0.7320885,0,0,0.7320885,0,0,0.8846266,0,0,0.8846266,0,0,0.7295801,0,0,0.7295801,0,0,0.72686666,0,0,0.72686666,0,0,0.73684615,0,0,0.73684615,0,0,0.72870845,0,0,0.73194736,0,0,0.7319474,0,0,0.72870857,0,0,0.8879033,0,0,0.8879033,0,0,0.8879033,0,0,0.72870845,0,0,0.88068885,0,0,0.88068885,0,0,0.88068885,0,0,0.88068885,0,0,0.88068885,0,0,0.88068885,0,0,0.7411075,0,0,0.7411075,0,0,0.7411075,0,0,0.7411075,0,0,0.7411075,0,0,0.7411075,0,0,0.7411075,0,0,0.7411075,0,0,0.7411075,0,0,0.7411075,0,0,0.7411075,0,0,0.7411075,0,0,0.8864543,0,0,0.8864543,0,0,0.8864543,0,0,0.8864543,0,0,0.8864543,0,0,0.8864543,0,0,0.7310869,0,0,0.7310869,0,0,0.7310869,0,0,0.88790333,0,0,0.8879033,0,0,0.8879033,0,0,0.8879033,0,0,0.7221607,0,0,0.7221607,0,0,0.7221607,0,0,0.72975487,0,0,0.72975487,0,0,0.72975487,0
     580,   5.48%,0.08080808080808081,-1,0.40918967,0,-1,0.40918967,0,-1,0.40918967,0,-1,0.3990972,0,-1,0.40918967,0,-1,0.40918967,1,1,0.42880946,1,1,0.42880946,1,1,0.42880946,1,1,0.42880946,0,1,0.42880946,1,-1,0.40918967,0,-1,0.40918967,0,1,0.42880946,0,-1,0.3990972,0,1,0.42880946,0,-1,0.39834726,0,-1,0.39834726,0,-1,0.39613688,0,-1,0.39613688,0,1,0.41324252,0,1,0.41324252,0,-1,0.4029051,0,-1,0.4029051,0,-1,0.40219355,0,-1,0.40219355,0,-1,0.3959699,0,-1,0.3959699,0,-1,0.3990972,0,-1,0.3889151,0,-1,0.3889151,0,-1,0.39909714,0,1,0.4257549,0,1,0.4257549,0,1,0.4257549,0,-1,0.3990972,0,1,0.42173102,0,1,0.42173102,0,1,0.42173102,0,1,0.42173102,0,1,0.42173102,0,1,0.42173102,0,-1,0.38471738,0,-1,0.38471738,0,-1,0.38471738,0,-1,0.38471738,0,-1,0.38471738,0,-1,0.38471738,0,-1,0.38471738,0,-1,0.38471738,0,-1,0.38471738,0,-1,0.38471738,0,-1,0.38471738,0,-1,0.38471738,0,1,0.42021906,0,1,0.42021906,0,1,0.42021906,0,1,0.42021906,0,1,0.42021906,0,1,0.42021906,0,-1,0.4010697,0,-1,0.4010697,0,-1,0.4010697,0,1,0.4257549,0,1,0.4257549,0,1,0.4257549,0,1,0.4257549,0,-1,0.40923622,0,-1,0.40923622,0,-1,0.40923622,0,-1,0.4040919,0,-1,0.4040919,0,-1,0.4040919,0
     581,   0.00%,0.0,1,0.5266344,0,1,0.5266344,0,1,0.5266344,0,1,0.5235445,0,1,0.5266344,0,1,0.5266344,0,1,0.5350224,0,1,0.5350224,0,1,0.5350224,0,1,0.5350224,0,1,0.5350224,0,1,0.5266344,0,1,0.5266344,0,1,0.5350224,0,1,0.5235445,0,1,0.5350224,0,1,0.52382904,0,1,0.52382904,0,1,0.52337754,0,1,0.52337754,0,1,0.51465666,0,1,0.51465666,0,1,0.52392703,0,1,0.52392703,0,1,0.5254996,0,1,0.5254996,0,1,0.5258167,0,1,0.5258167,0,1,0.5235445,0,1,0.5205275,0,1,0.5205275,0,1,0.52354443,0,1,0.5240337,0,1,0.5240337,0,1,0.5240337,0,1,0.5235445,0,1,0.5448195,0,1,0.5448195,0,1,0.5448195,0,1,0.5448195,0,1,0.5448195,0,1,0.5448195,0,1,0.52545226,0,1,0.52545226,0,1,0.52545226,0,1,0.52545226,0,1,0.52545226,0,1,0.52545226,0,1,0.52545226,0,1,0.52545226,0,1,0.52545226,0,1,0.52545226,0,1,0.52545226,0,1,0.52545226,0,1,0.52783,0,1,0.52783,0,1,0.52783,0,1,0.52783,0,1,0.52783,0,1,0.52783,0,1,0.523136,0,1,0.523136,0,1,0.52313596,0,1,0.5240336,0,1,0.5240337,0,1,0.5240337,0,1,0.5240337,0,1,0.5267938,0,1,0.5267938,0,1,0.5267938,0,1,0.524162,0,1,0.524162,0,1,0.524162,0
     582,  13.70%,0.14537037037037037,-1,0.54934686,1,-1,0.54934686,1,-1,0.54934686,1,-1,0.5381673,0,-1,0.54934686,1,-1,0.54934686,1,1,0.41595146,1,1,0.41595146,1,1,0.41595146,1,1,0.41595146,1,1,0.41595146,1,-1,0.54934686,1,-1,0.54934686,1,1,0.41595146,1,-1,0.5381673,0,1,0.41595146,1,-1,0.5362571,0,-1,0.5362571,0,-1,0.5327207,1,-1,0.5327207,1,1,0.39177096,0,1,0.39177096,0,-1,0.54104507,-1,-1,0.54104507,0,-1,0.5412619,0,-1,0.5412619,1,-1,0.53598094,-1,-1,0.53598094,-1,-1,0.5381673,0,-1,0.5300903,0,-1,0.53009033,0,-1,0.53816724,0,1,0.37868518,0,1,0.37868518,0,1,0.37868518,0,-1,0.5381673,0,1,0.4364727,0,1,0.4364727,0,1,0.4364727,0,1,0.4364727,0,1,0.4364727,0,1,0.4364727,0,-1,0.5331526,0,-1,0.5331526,0,-1,0.5331526,0,-1,0.5331526,0,-1,0.5331526,0,-1,0.5331526,0,-1,0.5331526,0,-1,0.5331526,0,-1,0.5331526,0,-1,0.5331526,0,-1,0.5331526,0,-1,0.5331526,0,1,0.41487807,0,1,0.41487807,0,1,0.41487807,0,1,0.41487807,0,1,0.41487807,0,1,0.41487807,0,-1,0.53542215,0,-1,0.53542215,0,-1,0.53542215,0,1,0.3786852,0,1,0.37868518,0,1,0.37868518,0,1,0.37868518,0,-1,0.5450923,0,-1,0.5450923,0,-1,0.5450923,0,-1,0.53792536,0,-1,0.53792536,0,-1,0.53792536,0
     583, 100.00%,1.0,0,0.831544,0,0,0.831544,0,0,0.831544,0,0,0.8343989,0,0,0.831544,0,0,0.831544,0,0,0.8340616,0,0,0.8340616,0,0,0.8340616,0,0,0.8340616,0,0,0.8340616,0,0,0.831544,0,0,0.831544,0,0,0.8340616,0,0,0.8343989,0,0,0.8340616,0,0,0.8350718,0,0,0.8350718,0,0,0.8304747,0,0,0.8304747,0,0,0.85331124,0,0,0.85331124,0,0,0.83161855,0,0,0.83161855,0,0,0.836193,0,0,0.836193,0,0,0.82742447,0,0,0.82742447,0,0,0.8343989,0,0,0.84126693,0,0,0.84126693,0,0,0.83439887,0,0,0.8602668,0,0,0.8602668,0,0,0.8602668,0,0,0.8343989,0,0,0.8248471,0,0,0.8248471,0,0,0.8248471,0,0,0.8248471,0,0,0.8248471,0,0,0.8248471,0,0,0.8337827,0,0,0.8337827,0,0,0.8337827,0,0,0.8337827,0,0,0.8337827,0,0,0.8337827,0,0,0.8337827,0,0,0.8337827,0,0,0.8337827,0,0,0.8337827,0,0,0.8337827,0,0,0.8337827,0,0,0.8425629,0,0,0.8425629,0,0,0.8425629,0,0,0.8425629,0,0,0.8425629,0,0,0.8425629,0,0,0.83104944,0,0,0.83104944,0,0,0.8310494,0,0,0.8602668,0,0,0.8602668,0,0,0.8602668,0,0,0.8602668,0,0,0.8308933,0,0,0.8308933,0,0,0.8308933,0,0,0.8305085,0,0,0.8305085,0,0,0.8305085,0
     584,  10.96%,0.06584362139917695,1,0.40284887,-1,1,0.40284887,-1,1,0.40284887,-1,1,0.4091735,0,1,0.40284887,-1,1,0.40284887,0,1,0.5598348,0,1,0.5598348,-1,1,0.5598348,0,1,0.5598348,0,1,0.5598348,0,1,0.40284887,0,1,0.40284887,0,1,0.5598348,0,1,0.4091735,0,1,0.5598348,0,1,0.4103746,0,1,0.4103746,0,1,0.41127995,0,1,0.41127995,0,1,0.5378552,0,1,0.5378552,0,1,0.4065088,0,1,0.4065088,0,1,0.40701053,0,1,0.40701053,0,1,0.41388455,0,1,0.41388455,0,1,0.4091735,0,1,0.4149923,0,1,0.4149922,0,1,0.4091735,0,1,0.54894453,0,1,0.54894453,0,1,0.54894453,0,1,0.4091735,0,1,0.5734038,1,1,0.5734038,0,1,0.5734038,0,1,0.5734038,0,1,0.5734038,0,1,0.5734038,0,1,0.41927746,0,1,0.41927746,1,1,0.41927746,1,1,0.41927746,0,1,0.41927746,0,1,0.41927746,0,1,0.41927746,1,1,0.41927746,1,1,0.41927746,0,1,0.41927746,1,1,0.41927746,1,1,0.41927746,1,1,0.55879277,0,1,0.55879277,0,1,0.55879277,0,1,0.55879277,0,1,0.55879277,0,1,0.55879277,0,1,0.40874094,0,1,0.40874094,0,1,0.40874094,0,1,0.54894453,0,1,0.5489445,0,1,0.5489445,0,1,0.5489445,0,1,0.40193176,0,1,0.40193176,0,1,0.40193176,0,1,0.40722623,0,1,0.40722623,0,1,0.40722623,0
     585,   0.00%,0.0,1,0.5677941,0,1,0.5677941,0,1,0.5677941,0,1,0.56887984,0,1,0.5677941,0,1,0.5677941,0,1,0.5606611,0,1,0.5606611,0,1,0.5606611,0,1,0.5606611,0,1,0.5606611,0,1,0.5677941,0,1,0.5677941,0,1,0.5606611,0,1,0.56887984,0,1,0.5606611,0,1,0.563903,0,1,0.563903,0,1,0.56932056,0,1,0.56932056,0,1,0.5157714,0,1,0.5157714,0,1,0.5695489,0,1,0.5695489,0,1,0.5792086,0,1,0.5792086,0,1,0.54768723,0,1,0.54768723,0,1,0.56887984,0,1,0.5763544,0,1,0.5763544,0,1,0.5688799,0,1,0.48577243,0,1,0.48577243,0,1,0.48577243,0,1,0.56887984,0,1,0.57535213,0,1,0.57535213,0,1,0.57535213,0,1,0.57535213,0,1,0.57535213,0,1,0.57535213,0,1,0.5561903,0,1,0.5561903,0,1,0.5561903,0,1,0.5561903,0,1,0.5561903,0,1,0.5561903,0,1,0.5561903,0,1,0.5561903,0,1,0.5561903,0,1,0.5561903,0,1,0.5561903,0,1,0.5561903,0,1,0.5434486,0,1,0.5434486,0,1,0.5434486,0,1,0.5434486,0,1,0.5434486,0,1,0.5434486,0,1,0.57609725,0,1,0.57609725,0,1,0.57609725,0,1,0.48577234,0,1,0.48577246,0,1,0.48577246,0,1,0.48577246,0,1,0.5716629,0,1,0.5716629,0,1,0.5716629,0,1,0.5703718,0,1,0.5703718,0,1,0.5703718,0
     586,  72.60%,0.4648093841642229,1,0.48450238,0,1,0.48450238,0,1,0.48450238,0,0,0.4854266,0,1,0.48450238,0,1,0.48450238,1,0,0.5338814,0,0,0.5338814,0,0,0.5338814,0,0,0.5338814,0,0,0.5338814,1,1,0.48450238,0,1,0.48450238,0,0,0.5338814,0,0,0.4854266,0,0,0.5338814,0,0,0.4896225,0,0,0.4896225,0,1,0.48332563,0,1,0.48332563,0,0,0.5474808,0,0,0.5474808,0,0,0.48481414,0,0,0.48481414,0,1,0.48733142,0,1,0.48733142,0,0,0.49628484,0,0,0.49628484,0,0,0.4854266,0,0,0.48572204,0,0,0.48572204,0,0,0.48542666,0,0,0.5675962,0,0,0.5675962,0,0,0.5675962,0,0,0.4854266,0,0,0.52190447,0,0,0.52190447,0,0,0.52190447,0,0,0.52190447,0,0,0.52190447,0,0,0.52190447,0,0,0.49511865,0,0,0.49511865,0,0,0.49511865,0,0,0.49511865,0,0,0.49511865,0,0,0.49511865,0,0,0.49511865,0,0,0.49511865,0,0,0.49511865,0,0,0.49511865,0,0,0.49511865,0,0,0.49511865,0,0,0.5431255,0,0,0.5431255,0,0,0.5431255,0,0,0.5431255,0,0,0.5431255,0,0,0.5431255,0,1,0.48842773,0,1,0.48842773,0,1,0.4884277,0,0,0.5675962,0,0,0.5675962,0,0,0.5675962,0,0,0.5675962,0,1,0.48756278,0,1,0.48756278,0,1,0.48756278,0,1,0.48515585,0,1,0.48515585,0,1,0.48515585,0
     587,  20.55%,0.187514558583741,-1,0.4073712,-1,-1,0.4073712,-1,-1,0.4073712,0,-1,0.39286166,0,-1,0.4073712,-1,-1,0.4073712,0,1,0.4823092,0,1,0.4823092,-1,1,0.4823092,0,1,0.4823092,-1,1,0.4823092,0,-1,0.4073712,-1,-1,0.4073712,-1,1,0.4823092,-1,-1,0.39286166,0,1,0.4823092,-1,-1,0.38793308,0,-1,0.38793308,0,-1,0.38556936,0,-1,0.38556936,0,1,0.48306143,0,1,0.48306143,0,-1,0.39722025,0,-1,0.39722025,0,-1,0.39895216,0,-1,0.39895216,0,-1,0.38703734,0,-1,0.38703734,0,-1,0.39286166,0,-1,0.38083863,0,-1,0.38083863,0,-1,0.3928616,0,1,0.48657465,1,1,0.48657465,1,1,0.48657465,1,-1,0.39286166,0,1,0.4844929,1,1,0.4844929,1,1,0.4844929,1,1,0.4844929,1,1,0.4844929,1,1,0.4844929,1,-1,0.37977952,1,-1,0.37977952,1,-1,0.37977952,1,-1,0.37977952,1,-1,0.37977952,1,-1,0.37977952,1,-1,0.37977952,1,-1,0.37977952,1,-1,0.37977952,1,-1,0.37977952,1,-1,0.37977952,1,-1,0.37977952,1,1,0.47453257,0,1,0.47453257,0,1,0.47453257,1,1,0.47453257,0,1,0.47453257,0,1,0.47453257,0,-1,0.39375943,1,-1,0.39375943,1,-1,0.39375946,1,1,0.48657465,0,1,0.48657465,0,1,0.48657465,0,1,0.48657465,0,-1,0.4038774,0,-1,0.4038774,0,-1,0.4038774,0,-1,0.39569244,0,-1,0.39569244,0,-1,0.39569244,0
     588,  12.33%,0.08,1,0.49680007,-1,1,0.49680007,-1,1,0.49680007,-1,1,0.49923283,0,1,0.49680007,-1,1,0.49680007,0,1,0.50992966,-1,1,0.50992966,-1,1,0.50992966,0,1,0.50992966,-1,1,0.50992966,0,1,0.49680007,0,1,0.49680007,0,1,0.50992966,0,1,0.49923283,0,1,0.50992966,0,1,0.5000478,0,1,0.5000478,0,1,0.50073713,0,1,0.50073713,0,0,0.5047155,0,0,0.5047155,0,1,0.4997383,0,1,0.4997383,0,1,0.5006398,0,1,0.5006398,0,1,0.5005318,0,1,0.5005318,0,1,0.49923283,0,1,0.5015492,0,1,0.5015492,0,1,0.49923283,0,0,0.50146836,0,0,0.50146836,0,0,0.50146836,0,1,0.49923283,0,1,0.51675195,0,1,0.51675195,0,1,0.51675195,0,1,0.51675195,0,1,0.51675195,0,1,0.51675195,0,1,0.5026157,0,1,0.5026157,0,1,0.5026157,0,1,0.5026157,0,1,0.5026157,0,1,0.5026157,0,1,0.5026157,0,1,0.5026157,0,1,0.5026157,0,1,0.5026157,0,1,0.5026157,0,1,0.5026157,0,1,0.5097071,0,1,0.5097071,0,1,0.5097071,0,1,0.5097071,0,1,0.5097071,0,1,0.5097071,0,1,0.5020878,0,1,0.5020878,0,1,0.5020878,0,0,0.50146836,0,0,0.5014683,0,0,0.5014683,0,0,0.5014683,0,1,0.4982721,0,1,0.4982721,0,1,0.4982721,0,1,0.5011949,0,1,0.5011949,0,1,0.5011949,0
     589,  98.63%,0.496551724137931,0,0.99083453,0,0,0.99083453,0,0,0.99083453,0,0,0.99063724,0,0,0.99083453,0,0,0.99083453,0,0,0.9917157,0,0,0.9917157,0,0,0.9917157,0,0,0.9917157,0,0,0.9917157,1,0,0.99083453,0,0,0.99083453,0,0,0.9917157,0,0,0.99063724,0,0,0.9917157,0,0,0.9908064,0,0,0.9908064,0,0,0.9892691,0,0,0.9892691,0,0,0.9932776,0,0,0.9932776,0,0,0.9912666,0,0,0.9912666,0,0,0.9920158,0,0,0.9920158,0,0,0.98967266,0,0,0.98967266,0,0,0.99063724,0,0,0.9910286,0,0,0.9910286,0,0,0.99063724,0,0,0.99338734,0,0,0.99338734,0,0,0.99338734,0,0,0.99063724,0,0,0.9916202,0,0,0.9916202,0,0,0.9916202,0,0,0.9916202,0,0,0.9916202,0,0,0.9916202,0,0,0.9899261,0,0,0.9899261,0,0,0.9899261,0,0,0.9899261,0,0,0.9899261,0,0,0.9899261,0,0,0.9899261,0,0,0.9899261,0,0,0.9899261,0,0,0.9899261,0,0,0.9899261,0,0,0.9899261,0,0,0.9924797,0,0,0.9924797,0,0,0.9924797,0,0,0.9924797,0,0,0.9924797,0,0,0.9924797,0,0,0.9908289,0,0,0.9908289,0,0,0.9908289,0,0,0.99338734,0,0,0.99338734,0,0,0.99338734,0,0,0.99338734,0,0,0.9909034,0,0,0.9909034,0,0,0.9909034,0,0,0.9915274,0,0,0.9915274,0,0,0.9915274,0
     590, 100.00%,1.0,0,0.9960194,0,0,0.9960194,0,0,0.9960194,0,0,0.9960972,0,0,0.9960194,0,0,0.9960194,0,0,0.9991494,0,0,0.9991494,0,0,0.9991494,0,0,0.9991494,0,0,0.9991494,0,0,0.9960194,0,0,0.9960194,0,0,0.9991494,0,0,0.9960972,0,0,0.9991494,0,0,0.99624324,0,0,0.99624324,0,0,0.99571633,0,0,0.99571633,0,0,0.99926823,0,0,0.99926823,0,0,0.99620026,0,0,0.99620026,0,0,0.99631107,0,0,0.99631107,0,0,0.9962515,0,0,0.9962515,0,0,0.9960972,0,0,0.9961703,0,0,0.9961703,0,0,0.9960972,0,0,0.9994336,0,0,0.9994336,0,0,0.9994336,0,0,0.9960972,0,0,0.99918544,0,0,0.99918544,0,0,0.99918544,0,0,0.99918544,0,0,0.99918544,0,0,0.99918544,0,0,0.9962877,0,0,0.9962877,0,0,0.9962877,0,0,0.9962877,0,0,0.9962877,0,0,0.9962877,0,0,0.9962877,0,0,0.9962877,0,0,0.9962877,0,0,0.9962877,0,0,0.9962877,0,0,0.9962877,0,0,0.99929625,0,0,0.99929625,0,0,0.99929625,0,0,0.99929625,0,0,0.99929625,0,0,0.99929625,0,0,0.9960685,0,0,0.9960685,0,0,0.9960685,0,0,0.9994336,0,0,0.9994336,0,0,0.9994336,0,0,0.9994336,0,0,0.996077,0,0,0.996077,0,0,0.996077,0,0,0.9963061,0,0,0.9963061,0,0,0.9963061,0
     591,  36.99%,0.22853279242731575,1,0.36992326,-1,1,0.36992326,-1,1,0.36992326,-1,1,0.38112873,0,1,0.36992326,-1,1,0.36992326,-1,0,0.46053436,-1,0,0.46053436,-1,0,0.46053436,0,0,0.46053436,-1,0,0.46053436,0,1,0.36992326,0,1,0.36992326,0,0,0.46053436,0,1,0.38112873,0,0,0.46053436,0,1,0.38373533,0,1,0.38373533,0,1,0.3880767,1,1,0.3880767,1,0,0.47835222,1,0,0.47835222,0,1,0.37680215,0,1,0.37680215,0,1,0.37436065,1,1,0.37436065,1,1,0.3943538,0,1,0.3943538,0,1,0.38112873,0,1,0.38629034,0,1,0.38629037,0,1,0.38112876,0,0,0.48882025,0,0,0.48882025,1,0,0.48882025,0,1,0.38112873,0,0,0.48002344,0,0,0.48002344,0,0,0.48002344,0,0,0.48002344,0,0,0.48002344,0,0,0.48002344,0,1,0.3967205,0,1,0.3967205,0,1,0.3967205,0,1,0.3967205,0,1,0.3967205,0,1,0.3967205,0,1,0.3967205,0,1,0.3967205,0,1,0.3967205,0,1,0.3967205,0,1,0.3967205,0,1,0.3967205,0,0,0.4787671,0,0,0.4787671,0,0,0.4787671,0,0,0.4787671,0,0,0.4787671,0,0,0.4787671,0,1,0.37929466,0,1,0.37929466,0,1,0.37929466,0,0,0.48882025,0,0,0.48882025,0,0,0.48882025,0,0,0.48882025,0,1,0.37145883,0,1,0.37145883,0,1,0.37145883,0,1,0.37792897,0,1,0.37792897,0,1,0.37792897,0
     592,  27.40%,0.23278985507246377,-1,0.44938534,-1,-1,0.44938534,-1,-1,0.44938534,-1,-1,0.43559104,0,-1,0.44938534,-1,-1,0.44938534,-1,0,0.468479,0,0,0.468479,0,0,0.468479,0,0,0.468479,0,0,0.468479,-1,-1,0.44938534,-1,-1,0.44938534,0,0,0.468479,1,-1,0.43559104,0,0,0.468479,0,-1,0.43152356,1,-1,0.43152356,1,-1,0.4273674,1,-1,0.4273674,1,0,0.46545,-1,0,0.46545,1,-1,0.44215232,-1,-1,0.44215232,-1,-1,0.44539863,-1,-1,0.44539863,-1,-1,0.43603382,-1,-1,0.43603382,-1,-1,0.43559104,0,-1,0.42382503,-1,-1,0.42382503,-1,-1,0.435591,0,0,0.48404336,1,0,0.48404336,1,0,0.48404336,1,-1,0.43559104,0,0,0.48390958,1,0,0.48390958,1,0,0.48390958,1,0,0.48390958,1,0,0.48390958,1,0,0.48390958,1,-1,0.42800465,1,-1,0.42800465,1,-1,0.42800465,1,-1,0.42800465,1,-1,0.42800465,1,-1,0.42800465,1,-1,0.42800465,1,-1,0.42800465,1,-1,0.42800465,1,-1,0.42800465,1,-1,0.42800465,1,-1,0.42800465,1,0,0.47606555,1,0,0.47606555,1,0,0.47606555,1,0,0.47606555,1,0,0.47606555,1,0,0.47606555,1,-1,0.43897322,1,-1,0.43897322,1,-1,0.43897322,1,0,0.48404342,-1,0,0.48404342,0,0,0.48404342,-1,0,0.48404342,-1,-1,0.44580075,0,-1,0.44580075,0,-1,0.44580075,0,-1,0.44239134,0,-1,0.44239134,0,-1,0.44239134,0
     593,  45.21%,0.3916666666666667,1,0.4182202,1,1,0.4182202,1,1,0.4182202,1,1,0.4227085,0,1,0.4182202,1,1,0.4182202,1,0,0.3948958,0,0,0.3948958,0,0,0.3948958,0,0,0.3948958,0,0,0.3948958,0,1,0.4182202,0,1,0.4182202,0,0,0.3948958,0,1,0.4227085,0,0,0.3948958,0,1,0.420203,0,1,0.420203,0,1,0.43218073,0,1,0.43218073,0,0,0.41181996,0,0,0.41181996,0,1,0.4203147,0,1,0.4203147,0,1,0.41988802,0,1,0.41988802,0,1,0.4263107,0,1,0.4263107,0,1,0.4227085,0,1,0.42477846,0,1,0.42477855,0,1,0.4227085,0,0,0.42086324,0,0,0.42086324,0,0,0.42086324,0,1,0.4227085,0,0,0.40992397,0,0,0.40992397,0,0,0.40992397,0,0,0.40992397,0,0,0.40992397,0,0,0.40992397,0,1,0.4318717,0,1,0.4318717,0,1,0.4318717,0,1,0.4318717,0,1,0.4318717,0,1,0.4318717,0,1,0.4318717,0,1,0.4318717,0,1,0.4318717,0,1,0.4318717,0,1,0.4318717,0,1,0.4318717,0,0,0.41399705,0,0,0.41399705,0,0,0.41399705,0,0,0.41399705,0,0,0.41399705,0,0,0.41399705,0,1,0.42528465,0,1,0.42528465,0,1,0.42528462,0,0,0.42086327,0,0,0.42086327,0,0,0.42086327,0,0,0.42086327,0,1,0.41939974,0,1,0.41939974,0,1,0.41939974,0,1,0.4201051,0,1,0.4201051,0,1,0.4201051,0
     594,  47.95%,0.21604938271604937,0,0.3859581,0,0,0.3859581,0,0,0.3859581,0,0,0.39050472,0,0,0.3859581,0,0,0.3859581,1,0,0.54006994,0,0,0.54006994,0,0,0.54006994,0,0,0.54006994,0,0,0.54006994,1,0,0.3859581,1,0,0.3859581,1,0,0.54006994,1,0,0.39050472,0,0,0.54006994,1,0,0.3917133,-1,0,0.3917133,-1,0,0.3945322,1,0,0.3945322,1,0,0.54927695,1,0,0.54927695,1,0,0.38795012,1,0,0.38795012,1,0,0.3848792,1,0,0.3848792,1,0,0.39495844,0,0,0.39495844,0,0,0.39050472,0,0,0.39328048,-1,0,0.39328048,-1,0,0.39050472,0,0,0.5588331,1,0,0.5588331,1,0,0.5588331,1,0,0.39050472,0,0,0.5528039,1,0,0.5528039,1,0,0.5528039,1,0,0.5528039,1,0,0.5528039,1,0,0.5528039,1,0,0.39745748,-1,0,0.39745748,0,0,0.39745748,1,0,0.39745748,0,0,0.39745748,-1,0,0.39745748,0,0,0.39745748,0,0,0.39745748,-1,0,0.39745748,1,0,0.39745748,1,0,0.39745748,1,0,0.39745748,1,0,0.55224454,0,0,0.55224454,0,0,0.55224454,0,0,0.55224454,0,0,0.55224454,0,0,0.55224454,0,0,0.38867182,-1,0,0.38867182,-1,0,0.38867182,-1,0,0.5588331,0,0,0.5588332,0,0,0.5588332,0,0,0.5588332,0,0,0.38530144,0,0,0.38530144,0,0,0.38530144,0,0,0.3877149,0,0,0.3877149,0,0,0.3877149,0
     595, 100.00%,1.0,0,0.5507324,0,0,0.5507324,0,0,0.5507324,0,0,0.5539998,0,0,0.5507324,0,0,0.5507324,0,0,0.70310825,0,0,0.70310825,0,0,0.70310825,0,0,0.70310825,0,0,0.70310825,0,0,0.5507324,0,0,0.5507324,0,0,0.70310825,0,0,0.5539998,0,0,0.70310825,0,0,0.5549477,0,0,0.5549477,0,0,0.5568999,0,0,0.5568999,0,0,0.73181504,0,0,0.73181504,0,0,0.5513291,0,0,0.5513291,0,0,0.5492126,0,0,0.5492126,0,0,0.5580171,0,0,0.5580171,0,0,0.5539998,0,0,0.55681777,0,0,0.5568177,0,0,0.55399984,0,0,0.73427343,0,0,0.73427343,0,0,0.73427343,0,0,0.5539998,0,0,0.7081583,0,0,0.7081583,0,0,0.7081583,0,0,0.7081583,0,0,0.7081583,0,0,0.7081583,0,0,0.5625495,0,0,0.5625495,0,0,0.5625495,0,0,0.5625495,0,0,0.5625495,0,0,0.5625495,0,0,0.5625495,0,0,0.5625495,0,0,0.5625495,0,0,0.5625495,0,0,0.5625495,0,0,0.5625495,0,0,0.72726595,0,0,0.72726595,0,0,0.72726595,0,0,0.72726595,0,0,0.72726595,0,0,0.72726595,0,0,0.55231345,0,0,0.55231345,0,0,0.55231345,0,0,0.73427343,0,0,0.7342735,0,0,0.7342735,0,0,0.7342735,0,0,0.54952914,0,0,0.54952914,0,0,0.54952914,0,0,0.551705,0,0,0.551705,0,0,0.551705,0
     596, 100.00%,1.0,0,0.9221254,0,0,0.9221254,0,0,0.9221254,0,0,0.9251947,0,0,0.9221254,0,0,0.9221254,0,0,0.9761026,0,0,0.9761026,0,0,0.9761026,0,0,0.9761026,0,0,0.9761026,0,0,0.9221254,0,0,0.9221254,0,0,0.9761026,0,0,0.9251947,0,0,0.9761026,0,0,0.9272806,0,0,0.9272806,0,0,0.9223553,0,0,0.9223553,0,0,0.9751199,0,0,0.9751199,0,0,0.924301,0,0,0.924301,0,0,0.9235628,0,0,0.9235628,0,0,0.92885303,0,0,0.92885303,0,0,0.9251947,0,0,0.9274746,0,0,0.9274746,0,0,0.9251947,0,0,0.9786987,0,0,0.9786987,0,0,0.9786987,0,0,0.9251947,0,0,0.97783786,0,0,0.97783786,0,0,0.97783786,0,0,0.97783786,0,0,0.97783786,0,0,0.97783786,0,0,0.9302423,0,0,0.9302423,0,0,0.9302423,0,0,0.9302423,0,0,0.9302423,0,0,0.9302423,0,0,0.9302423,0,0,0.9302423,0,0,0.9302423,0,0,0.9302423,0,0,0.9302423,0,0,0.9302423,0,0,0.9780536,0,0,0.9780536,0,0,0.9780536,0,0,0.9780536,0,0,0.9780536,0,0,0.9780536,0,0,0.9238388,0,0,0.9238388,0,0,0.92383885,0,0,0.9786987,0,0,0.9786987,0,0,0.9786987,0,0,0.9786987,0,0,0.92222244,0,0,0.92222244,0,0,0.92222244,0,0,0.92476195,0,0,0.92476195,0,0,0.92476195,0
     597, 100.00%,1.0,0,0.99832237,0,0,0.99832237,0,0,0.99832237,0,0,0.99828553,0,0,0.99832237,0,0,0.99832237,0,0,0.9991072,0,0,0.9991072,0,0,0.9991072,0,0,0.9991072,0,0,0.9991072,0,0,0.99832237,0,0,0.99832237,0,0,0.9991072,0,0,0.99828553,0,0,0.9991072,0,0,0.9983691,0,0,0.9983691,0,0,0.9979608,0,0,0.9979608,0,0,0.9991441,0,0,0.9991441,0,0,0.9984273,0,0,0.9984273,0,0,0.9985466,0,0,0.9985466,0,0,0.9981405,0,0,0.9981405,0,0,0.99828553,0,0,0.99837875,0,0,0.99837875,0,0,0.99828553,0,0,0.9992462,0,0,0.9992462,0,0,0.9992462,0,0,0.99828553,0,0,0.9991438,0,0,0.9991438,0,0,0.9991438,0,0,0.9991438,0,0,0.9991438,0,0,0.9991438,0,0,0.9982173,0,0,0.9982173,0,0,0.9982173,0,0,0.9982173,0,0,0.9982173,0,0,0.9982173,0,0,0.9982173,0,0,0.9982173,0,0,0.9982173,0,0,0.9982173,0,0,0.9982173,0,0,0.9982173,0,0,0.9992391,0,0,0.9992391,0,0,0.9992391,0,0,0.9992391,0,0,0.9992391,0,0,0.9992391,0,0,0.99830437,0,0,0.99830437,0,0,0.99830437,0,0,0.9992462,0,0,0.9992462,0,0,0.9992462,0,0,0.9992462,0,0,0.9983358,0,0,0.9983358,0,0,0.9983358,0,0,0.9984879,0,0,0.9984879,0,0,0.9984879,0
     598, 100.00%,1.0,0,0.6626473,0,0,0.6626473,0,0,0.6626473,0,0,0.6626678,0,0,0.6626473,0,0,0.6626473,0,0,0.7073231,0,0,0.7073231,0,0,0.7073231,0,0,0.7073231,0,0,0.7073231,0,0,0.6626473,0,0,0.6626473,0,0,0.7073231,0,0,0.6626678,0,0,0.7073231,0,0,0.6627887,0,0,0.6627887,0,0,0.65995145,0,0,0.65995145,0,0,0.7288905,0,0,0.7288905,0,0,0.66361266,0,0,0.66361266,0,0,0.66362053,0,0,0.66362053,0,0,0.6618559,0,0,0.6618559,0,0,0.6626678,0,0,0.6628647,0,0,0.6628646,0,0,0.6626678,0,0,0.7303813,0,0,0.7303813,0,0,0.7303813,0,0,0.6626678,0,0,0.7092721,0,0,0.7092721,0,0,0.7092721,0,0,0.7092721,0,0,0.7092721,0,0,0.7092721,0,0,0.6608558,0,0,0.6608558,0,0,0.6608558,0,0,0.6608558,0,0,0.6608558,0,0,0.6608558,0,0,0.6608558,0,0,0.6608558,0,0,0.6608558,0,0,0.6608558,0,0,0.6608558,0,0,0.6608558,0,0,0.7242878,0,0,0.7242878,0,0,0.7242878,0,0,0.7242878,0,0,0.7242878,0,0,0.7242878,0,0,0.6629854,0,0,0.6629854,0,0,0.6629853,0,0,0.7303813,0,0,0.7303813,0,0,0.7303813,0,0,0.7303813,0,0,0.66220635,0,0,0.66220635,0,0,0.66220635,0,0,0.6643939,0,0,0.6643939,0,0,0.6643939,0
     599, 100.00%,1.0,0,0.5849359,0,0,0.5849359,0,0,0.5849359,0,0,0.5854483,0,0,0.5849359,0,0,0.5849359,0,0,0.65200883,0,0,0.65200883,0,0,0.65200883,0,0,0.65200883,0,0,0.65200883,0,0,0.5849359,0,0,0.5849359,0,0,0.65200883,0,0,0.5854483,0,0,0.65200883,0,0,0.58555657,0,0,0.58555657,0,0,0.5834176,0,0,0.5834176,0,0,0.66723484,0,0,0.66723484,0,0,0.5846686,0,0,0.5846686,0,0,0.5839556,0,0,0.5839556,0,0,0.5835707,0,0,0.5835707,0,0,0.5854483,0,0,0.58665407,0,0,0.58665407,0,0,0.5854484,0,0,0.66835636,0,0,0.66835636,0,0,0.66835636,0,0,0.5854483,0,0,0.6557207,0,0,0.6557207,0,0,0.6557207,0,0,0.6557207,0,0,0.6557207,0,0,0.6557207,0,0,0.58516026,0,0,0.58516026,0,0,0.58516026,0,0,0.58516026,0,0,0.58516026,0,0,0.58516026,0,0,0.58516026,0,0,0.58516026,0,0,0.58516026,0,0,0.58516026,0,0,0.58516026,0,0,0.58516026,0,0,0.6610452,0,0,0.6610452,0,0,0.6610452,0,0,0.6610452,0,0,0.6610452,0,0,0.6610452,0,0,0.5841989,0,0,0.5841989,0,0,0.5841989,0,0,0.66835636,0,0,0.66835636,0,0,0.66835636,0,0,0.66835636,0,0,0.5842452,0,0,0.5842452,0,0,0.5842452,0,0,0.5844664,0,0,0.5844664,0,0,0.5844664,0
     600, 100.00%,1.0,0,0.6767488,0,0,0.6767488,0,0,0.6767488,0,0,0.6866777,0,0,0.6767488,0,0,0.6767488,0,0,0.7894372,0,0,0.7894372,0,0,0.7894372,0,0,0.7894372,0,0,0.7894372,0,0,0.6767488,0,0,0.6767488,0,0,0.7894372,0,0,0.6866777,0,0,0.7894372,0,0,0.6907955,0,0,0.6907955,0,0,0.6857841,0,0,0.6857841,0,0,0.7943109,0,0,0.7943109,0,0,0.6858062,0,0,0.6858062,0,0,0.6874059,0,0,0.6874059,0,0,0.6905489,0,0,0.6905489,0,0,0.6866777,0,0,0.6961413,0,0,0.69614124,0,0,0.6866777,0,0,0.8032075,0,0,0.8032075,0,0,0.8032075,0,0,0.6866777,0,0,0.7849124,0,0,0.7849124,0,0,0.7849124,0,0,0.7849124,0,0,0.7849124,0,0,0.7849124,0,0,0.69362575,0,0,0.69362575,0,0,0.69362575,0,0,0.69362575,0,0,0.69362575,0,0,0.69362575,0,0,0.69362575,0,0,0.69362575,0,0,0.69362575,0,0,0.69362575,0,0,0.69362575,0,0,0.69362575,0,0,0.79699725,0,0,0.79699725,0,0,0.79699725,0,0,0.79699725,0,0,0.79699725,0,0,0.79699725,0,0,0.686678,0,0,0.686678,0,0,0.686678,0,0,0.8032075,0,0,0.8032075,0,0,0.8032075,0,0,0.8032075,0,0,0.6770887,0,0,0.6770887,0,0,0.6770887,0,0,0.68734646,0,0,0.68734646,0,0,0.68734646,0
     601,  15.07%,0.14833333333333334,-1,0.50833374,-1,-1,0.50833374,-1,-1,0.50833374,0,-1,0.4999293,0,-1,0.50833374,-1,-1,0.50833374,0,1,0.4755409,0,1,0.4755409,0,1,0.4755409,0,1,0.4755409,0,1,0.4755409,0,-1,0.50833374,0,-1,0.50833374,0,1,0.4755409,1,-1,0.4999293,0,1,0.4755409,0,-1,0.4932955,0,-1,0.4932955,0,-1,0.49438873,0,-1,0.49438873,0,1,0.48007965,0,1,0.48007965,0,-1,0.5028716,0,-1,0.5028716,0,-1,0.51087594,0,-1,0.51087594,0,-1,0.4780762,0,-1,0.4780762,0,-1,0.4999293,0,-1,0.49875748,0,-1,0.49875748,0,-1,0.4999293,0,1,0.49453655,0,1,0.49453655,1,1,0.49453655,0,-1,0.4999293,0,1,0.47741824,1,1,0.47741824,1,1,0.47741824,1,1,0.47741824,1,1,0.47741824,1,1,0.47741824,1,-1,0.47660068,1,-1,0.47660068,1,-1,0.47660068,1,-1,0.47660068,1,-1,0.47660068,1,-1,0.47660068,1,-1,0.47660068,1,-1,0.47660068,1,-1,0.47660068,1,-1,0.47660068,1,-1,0.47660068,1,-1,0.47660068,1,1,0.47723147,0,1,0.47723147,0,1,0.47723147,0,1,0.47723147,0,1,0.47723147,0,1,0.47723147,0,-1,0.507326,0,-1,0.507326,0,-1,0.507326,0,1,0.49453655,0,1,0.49453655,0,1,0.49453655,0,1,0.49453655,0,-1,0.5091415,0,-1,0.5091415,0,-1,0.5091415,0,-1,0.5039042,1,-1,0.5039042,1,-1,0.5039042,0
     602,  41.10%,0.30656707127295363,1,0.38445157,-1,1,0.38445157,-1,1,0.38445157,0,1,0.39481542,0,1,0.38445157,0,1,0.38445157,1,0,0.44617644,0,0,0.44617644,0,0,0.44617644,0,0,0.44617644,0,0,0.44617644,0,1,0.38445157,0,1,0.38445157,0,0,0.44617644,0,1,0.39481542,0,0,0.44617644,0,1,0.4010173,0,1,0.4010173,0,1,0.39949572,-1,1,0.39949572,-1,0,0.47558028,-1,0,0.47558028,-1,1,0.3900228,-1,1,0.3900228,-1,1,0.38753524,-1,1,0.38753524,-1,1,0.4093037,-1,1,0.4093037,-1,1,0.39481542,0,1,0.40040764,-1,1,0.40040764,-1,1,0.3948154,0,0,0.47112474,0,0,0.47112474,1,0,0.47112474,0,1,0.39481542,0,0,0.47471392,1,0,0.47471392,1,0,0.47471392,1,0,0.47471392,1,0,0.47471392,1,0,0.47471392,1,1,0.41227388,1,1,0.41227388,0,1,0.41227388,1,1,0.41227388,1,1,0.41227388,1,1,0.41227388,1,1,0.41227388,0,1,0.41227388,0,1,0.41227388,1,1,0.41227388,1,1,0.41227388,1,1,0.41227388,1,0,0.461841,0,0,0.461841,1,0,0.461841,1,0,0.461841,0,0,0.461841,0,0,0.461841,0,1,0.39032766,1,1,0.39032766,1,1,0.39032766,1,0,0.47112474,-1,0,0.47112474,0,0,0.47112474,0,0,0.47112474,0,1,0.38571665,0,1,0.38571665,0,1,0.38571665,0,1,0.39185387,0,1,0.39185387,1,1,0.39185387,0
     603,   5.48%,0.03463203463203463,1,0.6737186,0,1,0.6737186,0,1,0.6737186,0,1,0.6723472,0,1,0.6737186,0,1,0.6737186,0,1,0.7024907,0,1,0.7024907,0,1,0.7024907,0,1,0.7024907,0,1,0.7024907,0,1,0.6737186,0,1,0.6737186,0,1,0.7024907,0,1,0.6723472,0,1,0.7024907,0,1,0.6715066,0,1,0.6715066,0,1,0.6758818,0,1,0.6758818,0,1,0.6848746,-1,1,0.6848746,-1,1,0.6748447,0,1,0.6748447,0,1,0.6742251,0,1,0.6742251,0,1,0.6789814,0,1,0.6789814,-1,1,0.6723472,0,1,0.66831124,0,1,0.66831124,0,1,0.6723473,0,1,0.68007654,0,1,0.68007654,1,1,0.68007654,0,1,0.6723472,0,1,0.71381557,0,1,0.71381557,0,1,0.71381557,0,1,0.71381557,0,1,0.71381557,0,1,0.71381557,0,1,0.67822766,0,1,0.67822766,0,1,0.67822766,0,1,0.67822766,0,1,0.67822766,0,1,0.67822766,0,1,0.67822766,0,1,0.67822766,0,1,0.67822766,1,1,0.67822766,1,1,0.67822766,1,1,0.67822766,0,1,0.694871,0,1,0.694871,0,1,0.694871,0,1,0.694871,0,1,0.694871,0,1,0.694871,0,1,0.6743931,0,1,0.6743931,0,1,0.67439306,0,1,0.6800766,0,1,0.68007654,0,1,0.68007654,0,1,0.68007654,0,1,0.6740422,0,1,0.6740422,0,1,0.6740422,0,1,0.6750317,0,1,0.6750317,0,1,0.6750317,0
     604,  28.77%,0.14893617021276595,1,0.46221843,-1,1,0.46221843,-1,1,0.46221843,0,1,0.45977914,0,1,0.46221843,-1,1,0.46221843,0,1,0.61897963,0,1,0.61897963,0,1,0.61897963,0,1,0.61897963,-1,1,0.61897963,0,1,0.46221843,-1,1,0.46221843,-1,1,0.61897963,0,1,0.45977914,0,1,0.61897963,-1,1,0.4566576,-1,1,0.4566576,-1,1,0.46270004,-1,1,0.46270004,-1,1,0.6090484,-1,1,0.6090484,-1,1,0.45942238,-1,1,0.45942238,-1,1,0.46322474,-1,1,0.46322474,-1,1,0.46015862,-1,1,0.46015862,-1,1,0.45977914,0,1,0.4580698,1,1,0.45806986,1,1,0.45977914,0,1,0.6080334,0,1,0.6080334,1,1,0.6080334,0,1,0.45977914,0,1,0.63911253,1,1,0.63911253,1,1,0.63911253,1,1,0.63911253,1,1,0.63911253,1,1,0.63911253,1,1,0.46540633,1,1,0.46540633,1,1,0.46540633,1,1,0.46540633,1,1,0.46540633,1,1,0.46540633,1,1,0.46540633,1,1,0.46540633,1,1,0.46540633,1,1,0.46540633,1,1,0.46540633,1,1,0.46540633,1,1,0.618368,0,1,0.618368,0,1,0.618368,0,1,0.618368,0,1,0.618368,0,1,0.618368,0,1,0.46114656,0,1,0.46114656,0,1,0.46114653,0,1,0.6080334,0,1,0.6080334,0,1,0.6080334,0,1,0.6080334,0,1,0.46149686,0,1,0.46149686,0,1,0.46149686,0,1,0.4584089,0,1,0.4584089,0,1,0.4584089,0
     605,  43.84%,0.3047619047619048,1,0.45366684,1,1,0.45366684,1,1,0.45366684,1,1,0.4617201,0,1,0.45366684,0,1,0.45366684,1,1,0.53402984,1,1,0.53402984,1,1,0.53402984,1,1,0.53402984,1,1,0.53402984,1,1,0.45366684,1,1,0.45366684,0,1,0.53402984,1,1,0.4617201,0,1,0.53402984,0,1,0.46335247,0,1,0.46335247,0,1,0.46880546,0,1,0.46880546,0,1,0.52884275,0,1,0.52884275,0,1,0.4587591,0,1,0.4587591,0,1,0.45331866,0,1,0.45331866,0,1,0.48040098,0,1,0.48040098,0,1,0.4617201,0,1,0.46122622,0,1,0.46122622,0,1,0.4617201,0,1,0.5505947,0,1,0.5505947,1,1,0.5505947,0,1,0.4617201,0,1,0.52634525,1,1,0.52634525,1,1,0.52634525,1,1,0.52634525,1,1,0.52634525,1,1,0.52634525,1,1,0.477552,1,1,0.477552,1,1,0.477552,1,1,0.477552,1,1,0.477552,1,1,0.477552,1,1,0.477552,1,1,0.477552,0,1,0.477552,1,1,0.477552,1,1,0.477552,1,1,0.477552,1,1,0.5213606,0,1,0.5213606,0,1,0.5213606,0,1,0.5213606,0,1,0.5213606,0,1,0.5213606,0,1,0.4587277,0,1,0.4587277,0,1,0.4587277,0,1,0.5505947,0,1,0.5505947,1,1,0.5505947,0,1,0.5505947,0,1,0.4537871,0,1,0.4537871,1,1,0.4537871,1,1,0.4582008,0,1,0.4582008,0,1,0.4582008,0
     606,  27.40%,0.21505376344086022,1,0.46213078,1,1,0.46213078,1,1,0.46213078,1,1,0.4647751,0,1,0.46213078,1,1,0.46213078,1,1,0.55516905,1,1,0.55516905,1,1,0.55516905,1,1,0.55516905,1,1,0.55516905,1,1,0.46213078,1,1,0.46213078,0,1,0.55516905,1,1,0.4647751,0,1,0.55516905,0,1,0.4674236,0,1,0.4674236,0,1,0.4694144,0,1,0.4694144,0,1,0.5485601,0,1,0.5485601,0,1,0.46254846,0,1,0.46254846,0,1,0.45597458,0,1,0.45597458,0,1,0.48150927,0,1,0.48150927,0,1,0.4647751,0,1,0.46229285,0,1,0.46229285,0,1,0.46477506,0,1,0.5709567,0,1,0.5709567,1,1,0.5709567,0,1,0.4647751,0,1,0.55352527,1,1,0.55352527,1,1,0.55352527,1,1,0.55352527,1,1,0.55352527,1,1,0.55352527,1,1,0.48031121,0,1,0.48031121,0,1,0.48031121,0,1,0.48031121,0,1,0.48031121,0,1,0.48031121,0,1,0.48031121,0,1,0.48031121,0,1,0.48031121,0,1,0.48031121,0,1,0.48031121,0,1,0.48031121,0,1,0.5493863,0,1,0.5493863,0,1,0.5493863,0,1,0.5493863,0,1,0.5493863,0,1,0.5493863,0,1,0.4613485,0,1,0.4613485,0,1,0.46134847,0,1,0.5709567,0,1,0.5709567,0,1,0.5709567,0,1,0.5709567,0,1,0.4604156,0,1,0.4604156,1,1,0.4604156,0,1,0.4616657,0,1,0.4616657,0,1,0.4616657,0
     607,   2.74%,0.017777777777777778,-1,0.4536078,-1,-1,0.4536078,-1,-1,0.4536078,0,-1,0.44947624,0,-1,0.4536078,0,-1,0.4536078,0,-1,0.42257056,0,-1,0.42257056,0,-1,0.42257056,1,-1,0.42257056,0,-1,0.42257056,1,-1,0.4536078,0,-1,0.4536078,0,-1,0.42257056,0,-1,0.44947624,0,-1,0.42257056,0,-1,0.44516394,0,-1,0.44516394,0,-1,0.45267656,0,-1,0.45267656,0,-1,0.39562643,0,-1,0.39562643,0,-1,0.44840235,0,-1,0.44840235,0,-1,0.44400945,0,-1,0.44400945,0,-1,0.44885072,0,-1,0.44885072,0,-1,0.44947624,0,-1,0.44454104,0,-1,0.44454107,0,-1,0.44947624,0,-1,0.38572094,0,-1,0.38572094,0,-1,0.38572094,0,-1,0.44947624,0,-1,0.42075095,0,-1,0.42075095,0,-1,0.42075095,0,-1,0.42075095,0,-1,0.42075095,0,-1,0.42075095,0,-1,0.44922403,0,-1,0.44922403,0,-1,0.44922403,0,-1,0.44922403,0,-1,0.44922403,0,-1,0.44922403,0,-1,0.44922403,0,-1,0.44922403,0,-1,0.44922403,0,-1,0.44922403,0,-1,0.44922403,0,-1,0.44922403,0,-1,0.41437423,0,-1,0.41437423,0,-1,0.41437423,0,-1,0.41437423,0,-1,0.41437423,0,-1,0.41437423,0,-1,0.44982865,0,-1,0.44982865,0,-1,0.44982865,0,-1,0.3857209,0,-1,0.38572094,0,-1,0.38572094,0,-1,0.38572094,0,-1,0.45185158,0,-1,0.45185158,0,-1,0.45185158,0,-1,0.44521213,0,-1,0.44521213,0,-1,0.44521213,0
     608,  28.77%,0.2092731829573935,1,0.34190828,-1,1,0.34190828,-1,1,0.34190828,-1,1,0.35180134,0,1,0.34190828,1,1,0.34190828,-1,0,0.473404,1,0,0.473404,0,0,0.473404,1,0,0.473404,1,0,0.473404,0,1,0.34190828,0,1,0.34190828,0,0,0.473404,1,1,0.35180134,0,0,0.473404,0,1,0.35590726,1,1,0.35590726,1,1,0.35608038,-1,1,0.35608038,-1,0,0.47808772,-1,0,0.47808772,-1,1,0.34808636,-1,1,0.34808636,-1,1,0.34684354,-1,1,0.34684354,-1,1,0.3585355,-1,1,0.3585355,-1,1,0.35180134,0,1,0.35880587,0,1,0.35880584,0,1,0.35180137,0,0,0.49120373,0,0,0.49120373,1,0,0.49120373,1,1,0.35180134,0,0,0.48854238,1,0,0.48854238,1,0,0.48854238,1,0,0.48854238,1,0,0.48854238,1,0,0.48854238,1,1,0.3608429,0,1,0.3608429,0,1,0.3608429,0,1,0.3608429,1,1,0.3608429,1,1,0.3608429,0,1,0.3608429,1,1,0.3608429,1,1,0.3608429,0,1,0.3608429,1,1,0.3608429,1,1,0.3608429,1,0,0.48183486,1,0,0.48183486,1,0,0.48183486,1,0,0.48183486,1,0,0.48183486,1,0,0.48183486,1,1,0.34972924,1,1,0.34972924,1,1,0.34972924,1,0,0.49120373,0,0,0.49120373,0,0,0.49120373,0,0,0.49120373,0,1,0.3433602,0,1,0.3433602,0,1,0.3433602,0,1,0.34953412,0,1,0.34953412,0,1,0.34953412,0
     609,   4.11%,0.02631578947368421,1,0.48483744,-1,1,0.48483744,-1,1,0.48483744,0,1,0.48794207,0,1,0.48483744,-1,1,0.48483744,0,1,0.43949598,-1,1,0.43949598,-1,1,0.43949598,0,1,0.43949598,-1,1,0.43949598,0,1,0.48483744,0,1,0.48483744,0,1,0.43949598,0,1,0.48794207,0,1,0.43949598,0,1,0.48658067,0,1,0.48658067,0,1,0.4951352,0,1,0.4951352,-1,1,0.42677006,-1,1,0.42677006,-1,1,0.4859607,-1,1,0.4859607,0,1,0.4839707,0,1,0.4839707,0,1,0.4940915,-1,1,0.4940915,-1,1,0.48794207,0,1,0.48639518,0,1,0.48639518,0,1,0.48794207,0,1,0.41855788,0,1,0.41855788,0,1,0.41855788,0,1,0.48794207,0,1,0.43688723,0,1,0.43688723,0,1,0.43688723,0,1,0.43688723,0,1,0.43688723,0,1,0.43688723,0,1,0.4925647,0,1,0.4925647,0,1,0.4925647,0,1,0.4925647,0,1,0.4925647,0,1,0.4925647,0,1,0.4925647,0,1,0.4925647,-1,1,0.4925647,-1,1,0.4925647,0,1,0.4925647,0,1,0.4925647,0,1,0.4204064,0,1,0.4204064,0,1,0.4204064,0,1,0.4204064,0,1,0.4204064,0,1,0.4204064,0,1,0.48853865,1,1,0.48853865,1,1,0.48853865,1,1,0.41855782,0,1,0.41855788,0,1,0.41855788,0,1,0.41855788,0,1,0.48644567,0,1,0.48644567,0,1,0.48644567,0,1,0.48632845,0,1,0.48632845,0,1,0.48632845,0
     610,  98.63%,0.496551724137931,0,0.39359728,0,0,0.39359728,0,0,0.39359728,0,0,0.3971913,0,0,0.39359728,0,0,0.39359728,0,0,0.48024955,0,0,0.48024955,0,0,0.48024955,0,0,0.48024955,0,0,0.48024955,1,0,0.39359728,0,0,0.39359728,0,0,0.48024955,0,0,0.3971913,0,0,0.48024955,0,0,0.39643192,0,0,0.39643192,0,0,0.39879036,0,0,0.39879036,0,0,0.4703558,0,0,0.4703558,0,0,0.39373598,0,0,0.39373598,0,0,0.3951233,0,0,0.3951233,0,0,0.3947121,0,0,0.3947121,0,0,0.3971913,0,0,0.40187818,0,0,0.40187818,0,0,0.3971913,0,0,0.4668534,0,0,0.4668534,0,0,0.4668534,0,0,0.3971913,0,0,0.48779738,0,0,0.48779738,0,0,0.48779738,0,0,0.48779738,0,0,0.48779738,0,0,0.48779738,0,0,0.40043753,0,0,0.40043753,0,0,0.40043753,0,0,0.40043753,0,0,0.40043753,0,0,0.40043753,0,0,0.40043753,0,0,0.40043753,0,0,0.40043753,0,0,0.40043753,0,0,0.40043753,0,0,0.40043753,0,0,0.4804798,0,0,0.4804798,0,0,0.4804798,0,0,0.4804798,0,0,0.4804798,0,0,0.4804798,0,0,0.39595684,0,0,0.39595684,0,0,0.39595687,0,0,0.4668534,0,0,0.4668534,0,0,0.4668534,0,0,0.4668534,0,0,0.3930136,0,0,0.3930136,0,0,0.3930136,0,0,0.39311337,0,0,0.39311337,0,0,0.39311337,0
     611,   0.00%,0.0,1,0.44933078,0,1,0.44933078,0,1,0.44933078,0,1,0.45896628,0,1,0.44933078,0,1,0.44933078,0,1,0.5675832,0,1,0.5675832,0,1,0.5675832,0,1,0.5675832,0,1,0.5675832,0,1,0.44933078,0,1,0.44933078,0,1,0.5675832,0,1,0.45896628,0,1,0.5675832,0,1,0.46170554,0,1,0.46170554,0,1,0.4645891,0,1,0.4645891,0,1,0.5662937,0,1,0.5662937,-1,1,0.45321375,0,1,0.45321375,0,1,0.4507454,0,1,0.4507454,-1,1,0.46304667,0,1,0.46304667,0,1,0.45896628,0,1,0.46752194,0,1,0.46752197,0,1,0.45896628,0,1,0.5771204,0,1,0.5771204,0,1,0.5771204,0,1,0.45896628,0,1,0.56755847,0,1,0.56755847,0,1,0.56755847,0,1,0.56755847,0,1,0.56755847,0,1,0.56755847,0,1,0.47239155,0,1,0.47239155,0,1,0.47239155,0,1,0.47239155,0,1,0.47239155,0,1,0.47239155,0,1,0.47239155,0,1,0.47239155,0,1,0.47239155,0,1,0.47239155,0,1,0.47239155,0,1,0.47239155,0,1,0.5633665,0,1,0.5633665,0,1,0.5633665,0,1,0.5633665,0,1,0.5633665,0,1,0.5633665,0,1,0.45601127,0,1,0.45601127,0,1,0.45601127,0,1,0.5771204,0,1,0.5771204,0,1,0.5771204,0,1,0.5771204,0,1,0.45000225,0,1,0.45000225,0,1,0.45000225,0,1,0.4535479,0,1,0.4535479,0,1,0.4535479,0
     612,   4.11%,0.050199390100867936,-1,0.51555604,0,-1,0.51555604,0,-1,0.51555604,0,-1,0.51137924,0,-1,0.51555604,0,-1,0.51555604,0,1,0.46856332,0,1,0.46856332,0,1,0.46856332,0,1,0.46856332,0,1,0.46856332,1,-1,0.51555604,0,-1,0.51555604,0,1,0.46856332,0,-1,0.51137924,0,1,0.46856332,0,-1,0.5054903,0,-1,0.5054903,0,-1,0.5089402,-1,-1,0.5089402,0,1,0.4507592,-1,1,0.4507592,-1,-1,0.5132711,0,-1,0.5132711,0,-1,0.52305686,0,-1,0.52305686,-1,-1,0.48872447,0,-1,0.48872447,0,-1,0.51137924,0,-1,0.51415944,0,-1,0.5141594,0,-1,0.51137924,0,1,0.47503108,0,1,0.47503108,0,1,0.47503108,0,-1,0.51137924,0,1,0.4739177,0,1,0.4739177,0,1,0.4739177,0,1,0.4739177,0,1,0.4739177,0,1,0.4739177,0,-1,0.48896784,0,-1,0.48896784,0,-1,0.48896784,0,-1,0.48896784,0,-1,0.48896784,0,-1,0.48896784,0,-1,0.48896784,0,-1,0.48896784,0,-1,0.48896784,0,-1,0.48896784,0,-1,0.48896784,0,-1,0.48896784,0,1,0.47048023,0,1,0.47048023,0,1,0.47048023,0,1,0.47048023,0,1,0.47048023,0,1,0.47048023,0,-1,0.5188131,0,-1,0.5188131,0,-1,0.5188131,0,1,0.47503108,0,1,0.47503108,0,1,0.47503108,0,1,0.47503108,0,-1,0.517972,0,-1,0.517972,0,-1,0.517972,0,-1,0.51424724,0,-1,0.51424724,0,-1,0.51424724,0
     613,  35.62%,0.26262626262626265,1,0.3990583,0,1,0.3990583,0,1,0.3990583,0,1,0.4057497,0,1,0.3990583,0,1,0.3990583,0,0,0.5130152,0,0,0.5130152,0,0,0.5130152,1,0,0.5130152,0,0,0.5130152,1,1,0.3990583,0,1,0.3990583,0,0,0.5130152,0,1,0.4057497,0,0,0.5130152,0,1,0.4075454,0,1,0.4075454,0,1,0.41228488,0,1,0.41228488,0,0,0.5186248,0,0,0.5186248,0,1,0.402697,0,1,0.402697,0,1,0.4012533,0,1,0.4012533,0,1,0.4118789,0,1,0.4118789,0,1,0.4057497,0,1,0.40958735,0,1,0.40958735,0,1,0.4057497,0,0,0.5229819,0,0,0.5229819,0,0,0.5229819,0,1,0.4057497,0,0,0.5154581,0,0,0.5154581,0,0,0.5154581,0,0,0.5154581,0,0,0.5154581,0,0,0.5154581,0,1,0.41391823,0,1,0.41391823,0,1,0.41391823,0,1,0.41391823,0,1,0.41391823,0,1,0.41391823,0,1,0.41391823,0,1,0.41391823,0,1,0.41391823,0,1,0.41391823,0,1,0.41391823,0,1,0.41391823,0,0,0.5205535,0,0,0.5205535,0,0,0.5205535,0,0,0.5205535,0,0,0.5205535,0,0,0.5205535,0,1,0.40420723,0,1,0.40420723,0,1,0.40420723,0,0,0.5229819,0,0,0.5229819,0,0,0.5229819,0,0,0.5229819,0,1,0.39969227,0,1,0.39969227,0,1,0.39969227,0,1,0.40231937,0,1,0.40231937,0,1,0.40231937,0
     614,  17.81%,0.21052631578947367,-1,0.42513666,-1,-1,0.42513666,-1,-1,0.42513666,0,1,0.42253265,0,-1,0.42513666,-1,-1,0.42513666,-1,1,0.54758024,0,1,0.54758024,-1,1,0.54758024,-1,1,0.54758024,-1,1,0.54758024,-1,-1,0.42513666,0,-1,0.42513666,0,1,0.54758024,0,1,0.42253265,0,1,0.54758024,0,1,0.42221642,0,1,0.42221642,-1,1,0.42553696,-1,1,0.42553696,-1,1,0.50825816,-1,1,0.50825816,-1,-1,0.42315245,-1,-1,0.42315245,-1,-1,0.42425603,-1,-1,0.42425603,-1,-1,0.42149505,-1,-1,0.42149505,-1,1,0.42253265,0,1,0.42506588,0,1,0.42506588,0,1,0.42253268,0,1,0.5006834,0,1,0.5006834,0,1,0.5006834,0,1,0.42253265,0,1,0.564804,0,1,0.564804,0,1,0.564804,0,1,0.564804,0,1,0.564804,0,1,0.564804,0,1,0.42540747,0,1,0.42540747,0,1,0.42540747,0,1,0.42540747,0,1,0.42540747,0,1,0.42540747,0,1,0.42540747,0,1,0.42540747,0,1,0.42540747,0,1,0.42540747,0,1,0.42540747,0,1,0.42540747,0,1,0.5461488,0,1,0.5461488,0,1,0.5461488,0,1,0.5461488,0,1,0.5461488,0,1,0.5461488,0,1,0.42453504,1,1,0.42453504,1,1,0.42453504,1,1,0.5006834,0,1,0.5006834,0,1,0.5006834,0,1,0.5006834,0,-1,0.42441568,0,-1,0.42441568,0,-1,0.42441568,0,-1,0.42308646,0,-1,0.42308646,0,-1,0.42308646,0
     615,  91.78%,0.4785714285714286,0,0.7738173,0,0,0.7738173,0,0,0.7738173,0,0,0.7762877,0,0,0.7738173,0,0,0.7738173,1,0,0.9129418,0,0,0.9129418,0,0,0.9129418,1,0,0.9129418,0,0,0.9129418,1,0,0.7738173,0,0,0.7738173,0,0,0.9129418,0,0,0.7762877,0,0,0.9129418,0,0,0.7775509,0,0,0.7775509,0,0,0.7728981,0,0,0.7728981,0,0,0.92296827,0,0,0.92296827,0,0,0.78009725,0,0,0.78009725,0,0,0.7787896,0,0,0.7787896,0,0,0.7822705,0,0,0.7822705,0,0,0.7762877,0,0,0.7787367,0,0,0.7787367,0,0,0.7762877,0,0,0.9289203,0,0,0.9289203,1,0,0.9289203,0,0,0.7762877,0,0,0.913062,0,0,0.913062,0,0,0.913062,0,0,0.913062,0,0,0.913062,0,0,0.913062,0,0,0.7854687,0,0,0.7854687,0,0,0.7854687,0,0,0.7854687,0,0,0.7854687,0,0,0.7854687,0,0,0.7854687,0,0,0.7854687,0,0,0.7854687,0,0,0.7854687,0,0,0.7854687,0,0,0.7854687,0,0,0.9224361,0,0,0.9224361,0,0,0.9224361,0,0,0.9224361,0,0,0.9224361,0,0,0.9224361,0,0,0.78013873,0,0,0.78013873,0,0,0.7801388,0,0,0.9289203,0,0,0.9289203,0,0,0.9289203,0,0,0.9289203,0,0,0.7739376,0,0,0.7739376,0,0,0.7739376,0,0,0.7819115,1,0,0.7819115,1,0,0.7819115,0
     616,  28.77%,0.2361290322580645,-1,0.4068535,-1,-1,0.4068535,-1,-1,0.4068535,0,-1,0.3987033,0,-1,0.4068535,0,-1,0.4068535,0,0,0.44278425,0,0,0.44278425,0,0,0.44278425,0,0,0.44278425,0,0,0.44278425,-1,-1,0.4068535,1,-1,0.4068535,0,0,0.44278425,1,-1,0.3987033,0,0,0.44278425,0,-1,0.39551517,1,-1,0.39551517,1,-1,0.39157248,0,-1,0.39157248,1,0,0.4555351,1,0,0.4555351,1,-1,0.40561575,1,-1,0.40561575,1,-1,0.40442905,-1,-1,0.40442905,-1,-1,0.38634545,1,-1,0.38634545,1,-1,0.3987033,0,-1,0.3915848,1,-1,0.39158484,1,-1,0.3987033,0,0,0.4616556,0,0,0.4616556,1,0,0.4616556,0,-1,0.3987033,0,0,0.45146596,1,0,0.45146596,1,0,0.45146596,1,0,0.45146596,1,0,0.45146596,1,0,0.45146596,1,-1,0.37502384,1,-1,0.37502384,1,-1,0.37502384,1,-1,0.37502384,1,-1,0.37502384,1,-1,0.37502384,1,-1,0.37502384,1,-1,0.37502384,1,-1,0.37502384,1,-1,0.37502384,1,-1,0.37502384,1,-1,0.37502384,1,0,0.45283538,0,0,0.45283538,0,0,0.45283538,0,0,0.45283538,0,0,0.45283538,0,0,0.45283538,0,-1,0.40420198,1,-1,0.40420198,0,-1,0.40420195,1,0,0.46165562,0,0,0.46165562,0,0,0.46165562,0,0,0.46165562,0,-1,0.40926954,0,-1,0.40926954,0,-1,0.40926954,0,-1,0.40493077,0,-1,0.40493077,0,-1,0.40493077,0
     617,  38.36%,0.2664489351568347,-1,0.4395311,-1,-1,0.4395311,-1,-1,0.4395311,-1,-1,0.42582163,0,-1,0.4395311,0,-1,0.4395311,0,0,0.44672123,0,0,0.44672123,-1,0,0.44672123,-1,0,0.44672123,0,0,0.44672123,0,-1,0.4395311,0,-1,0.4395311,0,0,0.44672123,0,-1,0.42582163,0,0,0.44672123,0,-1,0.41965377,0,-1,0.41965377,0,-1,0.41795236,0,-1,0.41795236,0,0,0.46044835,0,0,0.46044835,0,-1,0.43376353,0,-1,0.43376353,0,-1,0.43577024,1,-1,0.43577024,1,-1,0.4144484,0,-1,0.4144484,0,-1,0.42582163,0,-1,0.41662204,0,-1,0.41662204,0,-1,0.42582163,0,0,0.46257275,1,0,0.46257275,1,0,0.46257275,1,-1,0.42582163,0,0,0.45945087,0,0,0.45945087,0,0,0.45945087,0,0,0.45945087,-1,0,0.45945087,0,0,0.45945087,-1,-1,0.41006297,-1,-1,0.41006297,-1,-1,0.41006297,-1,-1,0.41006297,0,-1,0.41006297,-1,-1,0.41006297,-1,-1,0.41006297,-1,-1,0.41006297,-1,-1,0.41006297,-1,-1,0.41006297,-1,-1,0.41006297,0,-1,0.41006297,0,0,0.45875645,-1,0,0.45875645,-1,0,0.45875645,-1,0,0.45875645,-1,0,0.45875645,-1,0,0.45875645,-1,-1,0.43185836,-1,-1,0.43185836,-1,-1,0.43185845,-1,0,0.46257272,-1,0,0.46257275,0,0,0.46257275,1,0,0.46257275,0,-1,0.4377698,0,-1,0.4377698,0,-1,0.4377698,0,-1,0.43184316,0,-1,0.43184316,0,-1,0.43184316,0
     618,  95.89%,0.48951048951048953,0,0.85165,0,0,0.85165,0,0,0.85165,1,0,0.85143983,0,0,0.85165,0,0,0.85165,1,0,0.92826617,0,0,0.92826617,0,0,0.92826617,1,0,0.92826617,0,0,0.92826617,0,0,0.85165,0,0,0.85165,0,0,0.92826617,0,0,0.85143983,0,0,0.92826617,0,0,0.85298014,0,0,0.85298014,0,0,0.8515591,0,0,0.8515591,0,0,0.93868345,0,0,0.93868345,0,0,0.85155624,0,0,0.85155624,0,0,0.8494543,0,0,0.8494543,0,0,0.8572901,0,0,0.8572901,0,0,0.85143983,0,0,0.84943986,0,0,0.8494399,0,0,0.85143983,0,0,0.94480646,0,0,0.94480646,0,0,0.94480646,0,0,0.85143983,0,0,0.93733054,0,0,0.93733054,0,0,0.93733054,0,0,0.93733054,0,0,0.93733054,0,0,0.93733054,0,0,0.8549687,0,0,0.8549687,0,0,0.8549687,0,0,0.8549687,0,0,0.8549687,0,0,0.8549687,0,0,0.8549687,0,0,0.8549687,0,0,0.8549687,0,0,0.8549687,0,0,0.8549687,0,0,0.8549687,0,0,0.93562824,0,0,0.93562824,0,0,0.93562824,0,0,0.93562824,0,0,0.93562824,0,0,0.93562824,0,0,0.84950286,0,0,0.84950286,0,0,0.84950286,0,0,0.94480646,0,0,0.94480646,0,0,0.94480646,0,0,0.94480646,0,0,0.8510508,0,0,0.8510508,0,0,0.8510508,0,0,0.8510817,0,0,0.8510817,0,0,0.8510817,0
     619,  38.36%,0.22991918192314034,1,0.3923131,0,1,0.3923131,0,1,0.3923131,0,1,0.39817652,0,1,0.3923131,-1,1,0.3923131,0,0,0.45544425,0,0,0.45544425,0,0,0.45544425,0,0,0.45544425,0,0,0.45544425,0,1,0.3923131,0,1,0.3923131,0,0,0.45544425,0,1,0.39817652,0,0,0.45544425,0,1,0.4002585,0,1,0.4002585,-1,1,0.40452945,-1,1,0.40452945,-1,0,0.45872077,-1,0,0.45872077,-1,1,0.39341757,-1,1,0.39341757,-1,1,0.3915797,-1,1,0.3915797,-1,1,0.40382972,-1,1,0.40382972,-1,1,0.39817652,0,1,0.40062994,0,1,0.40062994,-1,1,0.39817652,0,0,0.47209543,0,0,0.47209543,0,0,0.47209543,0,1,0.39817652,0,0,0.46319973,0,0,0.46319973,0,0,0.46319973,0,0,0.46319973,0,0,0.46319973,0,0,0.46319973,0,1,0.40352023,0,1,0.40352023,0,1,0.40352023,0,1,0.40352023,0,1,0.40352023,0,1,0.40352023,0,1,0.40352023,0,1,0.40352023,0,1,0.40352023,0,1,0.40352023,0,1,0.40352023,0,1,0.40352023,0,0,0.45544526,0,0,0.45544526,0,0,0.45544526,0,0,0.45544526,0,0,0.45544526,0,0,0.45544526,0,1,0.3952413,0,1,0.3952413,1,1,0.39524132,1,0,0.4720955,0,0,0.47209546,0,0,0.47209546,0,0,0.47209546,0,1,0.39280438,0,1,0.39280438,0,1,0.39280438,0,1,0.39374188,0,1,0.39374188,0,1,0.39374188,0
     620,   8.22%,0.0759493670886076,1,0.44459313,0,1,0.44459313,0,1,0.44459313,0,1,0.4532059,0,1,0.44459313,0,1,0.44459313,1,1,0.5931319,1,1,0.5931319,0,1,0.5931319,1,1,0.5931319,0,1,0.5931319,1,1,0.44459313,0,1,0.44459313,0,1,0.5931319,0,1,0.4532059,0,1,0.5931319,0,1,0.45539203,0,1,0.45539203,0,1,0.46100065,0,1,0.46100065,0,1,0.5800206,0,1,0.5800206,0,1,0.4505358,0,1,0.4505358,0,1,0.44704854,0,1,0.44704854,0,1,0.46934748,0,1,0.46934748,0,1,0.4532059,0,1,0.45525542,0,1,0.4552554,0,1,0.45320597,0,1,0.5813726,0,1,0.5813726,1,1,0.5813726,0,1,0.4532059,0,1,0.58939606,0,1,0.58939606,0,1,0.58939606,0,1,0.58939606,0,1,0.58939606,0,1,0.58939606,0,1,0.4705232,0,1,0.4705232,0,1,0.4705232,0,1,0.4705232,0,1,0.4705232,0,1,0.4705232,0,1,0.4705232,0,1,0.4705232,0,1,0.4705232,0,1,0.4705232,0,1,0.4705232,0,1,0.4705232,0,1,0.5893781,0,1,0.5893781,0,1,0.5893781,0,1,0.5893781,0,1,0.5893781,0,1,0.5893781,0,1,0.45166644,0,1,0.45166644,0,1,0.45166644,0,1,0.5813726,0,1,0.5813726,0,1,0.5813726,1,1,0.5813726,0,1,0.44480413,0,1,0.44480413,0,1,0.44480413,0,1,0.45096365,0,1,0.45096365,0,1,0.45096365,0
     621,  30.14%,0.19870327993897788,1,0.38109934,-1,1,0.38109934,-1,1,0.38109934,-1,1,0.3842462,0,1,0.38109934,-1,1,0.38109934,-1,0,0.4868916,-1,0,0.4868916,-1,0,0.4868916,-1,0,0.4868916,-1,0,0.4868916,-1,1,0.38109934,0,1,0.38109934,0,0,0.4868916,0,1,0.3842462,0,0,0.4868916,0,1,0.38313922,-1,1,0.38313922,-1,1,0.38883024,-1,1,0.38883024,-1,0,0.48181316,-1,0,0.48181316,-1,1,0.38231072,-1,1,0.38231072,-1,1,0.38314897,-1,1,0.38314897,-1,1,0.37224454,-1,1,0.37224454,-1,1,0.3842462,0,1,0.38948652,-1,1,0.38948655,-1,1,0.3842462,0,0,0.515814,0,0,0.515814,0,0,0.515814,0,1,0.3842462,0,0,0.48478308,0,0,0.48478308,0,0,0.48478308,0,0,0.48478308,0,0,0.48478308,0,0,0.48478308,0,1,0.3779721,0,1,0.3779721,0,1,0.3779721,0,1,0.3779721,0,1,0.3779721,0,1,0.3779721,0,1,0.3779721,0,1,0.3779721,0,1,0.3779721,0,1,0.3779721,0,1,0.3779721,0,1,0.3779721,0,0,0.49250075,0,0,0.49250075,0,0,0.49250075,0,0,0.49250075,0,0,0.49250075,0,0,0.49250075,0,1,0.3864379,0,1,0.3864379,0,1,0.3864379,1,0,0.51581407,0,0,0.51581407,0,0,0.51581407,0,0,0.51581407,0,1,0.38402116,0,1,0.38402116,0,1,0.38402116,0,1,0.38216794,0,1,0.38216794,0,1,0.38216794,0
     622,  38.36%,0.22620062517760728,1,0.3967732,-1,1,0.3967732,0,1,0.3967732,1,1,0.40714565,0,1,0.3967732,0,1,0.3967732,1,0,0.4486416,0,0,0.4486416,0,0,0.4486416,1,0,0.4486416,0,0,0.4486416,1,1,0.3967732,1,1,0.3967732,1,0,0.4486416,-1,1,0.40714565,0,0,0.4486416,-1,1,0.40984705,0,1,0.40984705,0,1,0.4129982,0,1,0.4129982,0,0,0.44603226,0,0,0.44603226,0,1,0.40350726,0,1,0.40350726,0,1,0.40366942,0,1,0.40366942,0,1,0.40927064,0,1,0.40927064,0,1,0.40714565,0,1,0.41542637,0,1,0.41542637,0,1,0.4071457,0,0,0.45386308,0,0,0.45386308,0,0,0.45386308,0,1,0.40714565,0,0,0.4628568,0,0,0.4628568,0,0,0.4628568,0,0,0.4628568,0,0,0.4628568,0,0,0.4628568,0,1,0.411721,0,1,0.411721,0,1,0.411721,0,1,0.411721,0,1,0.411721,0,1,0.411721,0,1,0.411721,0,1,0.411721,0,1,0.411721,0,1,0.411721,0,1,0.411721,0,1,0.411721,0,0,0.4585792,0,0,0.4585792,0,0,0.4585792,0,0,0.4585792,0,0,0.4585792,0,0,0.4585792,0,1,0.40695867,0,1,0.40695867,0,1,0.40695867,0,0,0.45386308,0,0,0.45386308,0,0,0.45386308,0,0,0.45386308,0,1,0.39957199,0,1,0.39957199,0,1,0.39957199,0,1,0.4044061,0,1,0.4044061,0,1,0.4044061,0
