,perturbation,control_idx,deleted_genes,mutated_genes,overexpressed_genes,conditions,Strain,Base Media,Temperature (C),pH,Carbon Source (g/L),Nitrogen Source (g/L),Electron Acceptor,Supplement,Antibiotic for selection,Growth Rate (1/hr)
p1k_00007,{'b0683': -1},"['p1k_00003', 'p1k_00004']",fur,,,"('MG1655', 'M9', 37, 7.0, 'glucose(2)', 'NH4Cl(1)', 'O2', 'DPD (0.2mM)')",MG1655,M9,37,7.0,glucose(2),NH4Cl(1),O2,DPD (0.2mM),Kanamycin (50 ug/mL),0.0
p1k_00008,{'b0683': -1},"['p1k_00003', 'p1k_00004']",fur,,,"('MG1655', 'M9', 37, 7.0, 'glucose(2)', 'NH4Cl(1)', 'O2', 'DPD (0.2mM)')",MG1655,M9,37,7.0,glucose(2),NH4Cl(1),O2,DPD (0.2mM),Kanamycin (50 ug/mL),0.0
p1k_00009,{'b0683': -1},"['p1k_00005', 'p1k_00006']",fur,,,"('MG1655', 'M9', 37, 7.0, 'glucose(2)', 'NH4Cl(1)', 'O2', 'FeCl2 (0.1mM)')",MG1655,M9,37,7.0,glucose(2),NH4Cl(1),O2,FeCl2 (0.1mM),Kanamycin (50 ug/mL),0.62
p1k_00010,{'b0683': -1},"['p1k_00005', 'p1k_00006']",fur,,,"('MG1655', 'M9', 37, 7.0, 'glucose(2)', 'NH4Cl(1)', 'O2', 'FeCl2 (0.1mM)')",MG1655,M9,37,7.0,glucose(2),NH4Cl(1),O2,FeCl2 (0.1mM),Kanamycin (50 ug/mL),0.62
p1k_00014,{'b3516': -1},"['p1k_00011', 'p1k_00012', 'p1k_00201', 'p1k_00202']",gadX,,,"('MG1655', 'M9', 37, 5.5, 'glucose(2)', 'NH4Cl(1)', 'O2', nan)",MG1655,M9,37,5.5,glucose(2),NH4Cl(1),O2,,Kanamycin (50 ug/mL),
p1k_00015,{'b3515': -1},"['p1k_00011', 'p1k_00012', 'p1k_00201', 'p1k_00202']",gadW,,,"('MG1655', 'M9', 37, 5.5, 'glucose(2)', 'NH4Cl(1)', 'O2', nan)",MG1655,M9,37,5.5,glucose(2),NH4Cl(1),O2,,Kanamycin (50 ug/mL),
p1k_00016,{'b3515': -1},"['p1k_00011', 'p1k_00012', 'p1k_00201', 'p1k_00202']",gadW,,,"('MG1655', 'M9', 37, 5.5, 'glucose(2)', 'NH4Cl(1)', 'O2', nan)",MG1655,M9,37,5.5,glucose(2),NH4Cl(1),O2,,Kanamycin (50 ug/mL),
p1k_00017,{'b3512': -1},"['p1k_00011', 'p1k_00012', 'p1k_00201', 'p1k_00202']",gadE,,,"('MG1655', 'M9', 37, 5.5, 'glucose(2)', 'NH4Cl(1)', 'O2', nan)",MG1655,M9,37,5.5,glucose(2),NH4Cl(1),O2,,Kanamycin (50 ug/mL),
p1k_00018,{'b3512': -1},"['p1k_00011', 'p1k_00012', 'p1k_00201', 'p1k_00202']",gadE,,,"('MG1655', 'M9', 37, 5.5, 'glucose(2)', 'NH4Cl(1)', 'O2', nan)",MG1655,M9,37,5.5,glucose(2),NH4Cl(1),O2,,Kanamycin (50 ug/mL),
p1k_00021,{'b3961': -1},"['p1k_00019', 'p1k_00020']",oxyR,,,"('MG1655', 'M9', 37, 7.0, 'glucose(2)', 'NH4Cl(1)', 'O2', 'PQ (250uM)')",MG1655,M9,37,7.0,glucose(2),NH4Cl(1),O2,PQ (250uM),Kanamycin (50 ug/mL),0.0
p1k_00022,{'b3961': -1},"['p1k_00019', 'p1k_00020']",oxyR,,,"('MG1655', 'M9', 37, 7.0, 'glucose(2)', 'NH4Cl(1)', 'O2', 'PQ (250uM)')",MG1655,M9,37,7.0,glucose(2),NH4Cl(1),O2,PQ (250uM),Kanamycin (50 ug/mL),0.0
p1k_00023,{'b4063': -1},"['p1k_00019', 'p1k_00020']",soxR,,,"('MG1655', 'M9', 37, 7.0, 'glucose(2)', 'NH4Cl(1)', 'O2', 'PQ (250uM)')",MG1655,M9,37,7.0,glucose(2),NH4Cl(1),O2,PQ (250uM),Kanamycin (50 ug/mL),0.0
p1k_00024,{'b4063': -1},"['p1k_00019', 'p1k_00020']",soxR,,,"('MG1655', 'M9', 37, 7.0, 'glucose(2)', 'NH4Cl(1)', 'O2', 'PQ (250uM)')",MG1655,M9,37,7.0,glucose(2),NH4Cl(1),O2,PQ (250uM),Kanamycin (50 ug/mL),0.0
p1k_00025,{'b4062': -1},"['p1k_00019', 'p1k_00020']",soxS,,,"('MG1655', 'M9', 37, 7.0, 'glucose(2)', 'NH4Cl(1)', 'O2', 'PQ (250uM)')",MG1655,M9,37,7.0,glucose(2),NH4Cl(1),O2,PQ (250uM),Kanamycin (50 ug/mL),0.0
p1k_00026,{'b4062': -1},"['p1k_00019', 'p1k_00020']",soxS,,,"('MG1655', 'M9', 37, 7.0, 'glucose(2)', 'NH4Cl(1)', 'O2', 'PQ (250uM)')",MG1655,M9,37,7.0,glucose(2),NH4Cl(1),O2,PQ (250uM),Kanamycin (50 ug/mL),0.0
p1k_00033,{'b1988': -1},"['p1k_00219', 'p1k_00220']",nac,,,"('BW25113', 'W2', 37, 7.0, 'glucose(2)', 'cytosine(2)', 'O2', nan)",BW25113,W2,37,7.0,glucose(2),cytosine(2),O2,,Kanamycin,
p1k_00034,{'b1988': -1},"['p1k_00219', 'p1k_00220']",nac,,,"('BW25113', 'W2', 37, 7.0, 'glucose(2)', 'cytosine(2)', 'O2', nan)",BW25113,W2,37,7.0,glucose(2),cytosine(2),O2,,Kanamycin,
p1k_00035,{'b1988': -1},"['p1k_00219', 'p1k_00220']",nac,,,"('BW25113', 'W2', 37, 7.0, 'glucose(2)', 'cytidine(2)', 'O2', nan)",BW25113,W2,37,7.0,glucose(2),cytidine(2),O2,,Kanamycin,
p1k_00036,{'b1988': -1},"['p1k_00219', 'p1k_00220']",nac,,,"('BW25113', 'W2', 37, 7.0, 'glucose(2)', 'cytidine(2)', 'O2', nan)",BW25113,W2,37,7.0,glucose(2),cytidine(2),O2,,Kanamycin,
p1k_00037,{'b1988': -1},"['p1k_00219', 'p1k_00220']",nac,,,"('BW25113', 'W2', 37, 7.0, 'glucose(2)', 'glutamine(2)', 'O2', nan)",BW25113,W2,37,7.0,glucose(2),glutamine(2),O2,,Kanamycin,
p1k_00038,{'b1988': -1},"['p1k_00219', 'p1k_00220']",nac,,,"('BW25113', 'W2', 37, 7.0, 'glucose(2)', 'glutamine(2)', 'O2', nan)",BW25113,W2,37,7.0,glucose(2),glutamine(2),O2,,Kanamycin,
p1k_00039,{'b1988': -1},"['p1k_00219', 'p1k_00220']",nac,,,"('BW25113', 'M9', 37, 7.0, 'glucose(2)', 'NH4Cl(1)', 'O2', nan)",BW25113,M9,37,7.0,glucose(2),NH4Cl(1),O2,,Kanamycin,
p1k_00040,{'b1988': -1},"['p1k_00219', 'p1k_00220']",nac,,,"('BW25113', 'M9', 37, 7.0, 'glucose(2)', 'NH4Cl(1)', 'O2', nan)",BW25113,M9,37,7.0,glucose(2),NH4Cl(1),O2,,Kanamycin,
p1k_00043,{'b1987': -1},"['p1k_00219', 'p1k_00220']",cbl,,,"('BW25113', 'M9', 37, 7.0, 'glucose(4)', 'NH4Cl(1)', 'O2', nan)",BW25113,M9,37,7.0,glucose(4),NH4Cl(1),O2,,Kanamycin,
p1k_00044,{'b1987': -1},"['p1k_00219', 'p1k_00220']",cbl,,,"('BW25113', 'M9', 37, 7.0, 'glucose(4)', 'NH4Cl(1)', 'O2', nan)",BW25113,M9,37,7.0,glucose(4),NH4Cl(1),O2,,Kanamycin,
p1k_00045,{'b3963': -1},"['p1k_00219', 'p1k_00220']",fabR,,,"('BW25113', 'M9', 37, 7.0, 'glucose(4)', 'NH4Cl(1)', 'O2', nan)",BW25113,M9,37,7.0,glucose(4),NH4Cl(1),O2,,Kanamycin,
p1k_00046,{'b3963': -1},"['p1k_00219', 'p1k_00220']",fabR,,,"('BW25113', 'M9', 37, 7.0, 'glucose(4)', 'NH4Cl(1)', 'O2', nan)",BW25113,M9,37,7.0,glucose(4),NH4Cl(1),O2,,Kanamycin,
p1k_00047,{'b1187': -1},"['p1k_00219', 'p1k_00220']",fadR,,,"('BW25113', 'M9', 37, 7.0, 'glucose(4)', 'NH4Cl(1)', 'O2', nan)",BW25113,M9,37,7.0,glucose(4),NH4Cl(1),O2,,Kanamycin,
p1k_00048,{'b1187': -1},"['p1k_00219', 'p1k_00220']",fadR,,,"('BW25113', 'M9', 37, 7.0, 'glucose(4)', 'NH4Cl(1)', 'O2', nan)",BW25113,M9,37,7.0,glucose(4),NH4Cl(1),O2,,Kanamycin,
p1k_00066,{'b3405': -1},"['p1k_00219', 'p1k_00220']",ompR,,,"('BW25113', 'M9', 37, 7.0, 'glucose(2)', 'NH4Cl(1)', 'O2', 'NaCl (0.3M)')",BW25113,M9,37,7.0,glucose(2),NH4Cl(1),O2,NaCl (0.3M),Kanamycin,0.0
p1k_00067,{'b3405': -1},"['p1k_00219', 'p1k_00220']",ompR,,,"('BW25113', 'M9', 37, 7.0, 'glucose(2)', 'NH4Cl(1)', 'O2', 'NaCl (0.3M)')",BW25113,M9,37,7.0,glucose(2),NH4Cl(1),O2,NaCl (0.3M),Kanamycin,0.0
p1k_00077,{'b0080': -1},"['p1k_00219', 'p1k_00220']",cra,,,"('BW25113', 'M9', 37, 7.0, 'glucose(4)', 'NH4Cl(1)', 'O2', nan)",BW25113,M9,37,7.0,glucose(4),NH4Cl(1),O2,,Kanamycin,
p1k_00078,{'b0080': -1},"['p1k_00219', 'p1k_00220']",cra,,,"('BW25113', 'M9', 37, 7.0, 'glucose(4)', 'NH4Cl(1)', 'O2', 'L-tryptophan (20mg/L)')",BW25113,M9,37,7.0,glucose(4),NH4Cl(1),O2,L-tryptophan (20mg/L),Kanamycin,
p1k_00079,{'b0817': -1},"['p1k_00219', 'p1k_00220']",mntR,,,"('BW25113', 'M9', 37, 7.0, 'glucose(4)', 'NH4Cl(1)', 'O2', nan)",BW25113,M9,37,7.0,glucose(4),NH4Cl(1),O2,,Kanamycin,
p1k_00080,{'b1988': -1},"['p1k_00219', 'p1k_00220']",nac,,,"('BW25113', 'M9', 37, 7.0, 'glucose(4)', 'NH4Cl(1)', 'O2', 'adenine (10mM)')",BW25113,M9,37,7.0,glucose(4),NH4Cl(1),O2,adenine (10mM),Kanamycin,
p1k_00081,{'b1988': -1},"['p1k_00219', 'p1k_00220']",nac,,,"('BW25113', 'M9', 37, 7.0, 'glucose(4)', 'NH4Cl(1)', 'O2', nan)",BW25113,M9,37,7.0,glucose(4),NH4Cl(1),O2,,Kanamycin,
p1k_00086,{'b0080': -1},"['p1k_00082', 'p1k_00083']",cra,,,"('MG1655', 'M9', 37, 7.0, 'acetate(2)', 'NH4Cl(1)', 'O2', nan)",MG1655,M9,37,7.0,acetate(2),NH4Cl(1),O2,,Kanamycin,0.08
p1k_00087,{'b0080': -1},"['p1k_00082', 'p1k_00083']",cra,,,"('MG1655', 'M9', 37, 7.0, 'acetate(2)', 'NH4Cl(1)', 'O2', nan)",MG1655,M9,37,7.0,acetate(2),NH4Cl(1),O2,,Kanamycin,0.08
p1k_00088,{'b0080': -1},"['p1k_00084', 'p1k_00085', 'p1k_00105']",cra,,,"('MG1655', 'M9', 37, 7.0, 'fructose(2)', 'NH4Cl(1)', 'O2', nan)",MG1655,M9,37,7.0,fructose(2),NH4Cl(1),O2,,Kanamycin,0.69
p1k_00089,{'b0080': -1},"['p1k_00084', 'p1k_00085', 'p1k_00105']",cra,,,"('MG1655', 'M9', 37, 7.0, 'fructose(2)', 'NH4Cl(1)', 'O2', nan)",MG1655,M9,37,7.0,fructose(2),NH4Cl(1),O2,,Kanamycin,0.69
p1k_00090,{'b0080': -1},"['p1k_00001', 'p1k_00002', 'p1k_00161', 'p1k_00162', 'p1k_00163', 'p1k_00164', 'p1k_00185', 'p1k_00186', 'p1k_00191', 'p1k_00192']",cra,,,"('MG1655', 'M9', 37, 7.0, 'glucose(2)', 'NH4Cl(1)', 'O2', nan)",MG1655,M9,37,7.0,glucose(2),NH4Cl(1),O2,,Kanamycin,0.67
p1k_00091,{'b0080': -1},"['p1k_00001', 'p1k_00002', 'p1k_00161', 'p1k_00162', 'p1k_00163', 'p1k_00164', 'p1k_00185', 'p1k_00186', 'p1k_00191', 'p1k_00192']",cra,,,"('MG1655', 'M9', 37, 7.0, 'glucose(2)', 'NH4Cl(1)', 'O2', nan)",MG1655,M9,37,7.0,glucose(2),NH4Cl(1),O2,,Kanamycin,0.67
p1k_00096,{'b3987': -1},"['p1k_00041', 'p1k_00042', 'p1k_00070', 'p1k_00071', 'p1k_00072', 'p1k_00092', 'p1k_00093', 'p1k_00125', 'p1k_00126', 'p1k_00127', 'p1k_00128', 'p1k_00129', 'p1k_00130', 'p1k_00131', 'p1k_00143', 'p1k_00146', 'p1k_00147', 'p1k_00148', 'p1k_00155', 'p1k_00157', 'p1k_00159', 'p1k_00317', 'p1k_00318', 'p1k_00357', 'p1k_00358', 'p1k_00389', 'p1k_00390', 'p1k_00395', 'p1k_00396', 'p1k_00401', 'p1k_00402', 'p1k_00407', 'p1k_00408', 'p1k_00413', 'p1k_00414', 'p1k_00421', 'p1k_00422', 'p1k_00423', 'p1k_00424', 'p1k_00431', 'p1k_00432', 'p1k_00437', 'p1k_00438', 'p1k_00882', 'p1k_00883']",,rpoB,,"('MG1655', 'M9', 37, 7.0, 'glucose(4)', 'NH4Cl(1)', 'O2', nan)",MG1655,M9,37,7.0,glucose(4),NH4Cl(1),O2,,Kanamycin,
p1k_00097,{'b3987': -1},"['p1k_00041', 'p1k_00042', 'p1k_00070', 'p1k_00071', 'p1k_00072', 'p1k_00092', 'p1k_00093', 'p1k_00125', 'p1k_00126', 'p1k_00127', 'p1k_00128', 'p1k_00129', 'p1k_00130', 'p1k_00131', 'p1k_00143', 'p1k_00146', 'p1k_00147', 'p1k_00148', 'p1k_00155', 'p1k_00157', 'p1k_00159', 'p1k_00317', 'p1k_00318', 'p1k_00357', 'p1k_00358', 'p1k_00389', 'p1k_00390', 'p1k_00395', 'p1k_00396', 'p1k_00401', 'p1k_00402', 'p1k_00407', 'p1k_00408', 'p1k_00413', 'p1k_00414', 'p1k_00421', 'p1k_00422', 'p1k_00423', 'p1k_00424', 'p1k_00431', 'p1k_00432', 'p1k_00437', 'p1k_00438', 'p1k_00882', 'p1k_00883']",,rpoB,,"('MG1655', 'M9', 37, 7.0, 'glucose(4)', 'NH4Cl(1)', 'O2', nan)",MG1655,M9,37,7.0,glucose(4),NH4Cl(1),O2,,Kanamycin,
p1k_00098,{'b3987': -1},"['p1k_00094', 'p1k_00095', 'p1k_00499', 'p1k_00500']",,rpoB,,"('MG1655', 'LB', 37, 7.0, nan, nan, 'O2', nan)",MG1655,LB,37,7.0,,,O2,,Kanamycin,1.34
p1k_00099,{'b3987': -1},"['p1k_00094', 'p1k_00095', 'p1k_00499', 'p1k_00500']",,rpoB,,"('MG1655', 'LB', 37, 7.0, nan, nan, 'O2', nan)",MG1655,LB,37,7.0,,,O2,,Kanamycin,1.34
p1k_00100,{'b3987': -1},"['p1k_00041', 'p1k_00042', 'p1k_00070', 'p1k_00071', 'p1k_00072', 'p1k_00092', 'p1k_00093', 'p1k_00125', 'p1k_00126', 'p1k_00127', 'p1k_00128', 'p1k_00129', 'p1k_00130', 'p1k_00131', 'p1k_00143', 'p1k_00146', 'p1k_00147', 'p1k_00148', 'p1k_00155', 'p1k_00157', 'p1k_00159', 'p1k_00317', 'p1k_00318', 'p1k_00357', 'p1k_00358', 'p1k_00389', 'p1k_00390', 'p1k_00395', 'p1k_00396', 'p1k_00401', 'p1k_00402', 'p1k_00407', 'p1k_00408', 'p1k_00413', 'p1k_00414', 'p1k_00421', 'p1k_00422', 'p1k_00423', 'p1k_00424', 'p1k_00431', 'p1k_00432', 'p1k_00437', 'p1k_00438', 'p1k_00882', 'p1k_00883']",,rpoB,,"('MG1655', 'M9', 37, 7.0, 'glucose(4)', 'NH4Cl(1)', 'O2', nan)",MG1655,M9,37,7.0,glucose(4),NH4Cl(1),O2,,Kanamycin,0.85
p1k_00101,{'b3987': -1},"['p1k_00041', 'p1k_00042', 'p1k_00070', 'p1k_00071', 'p1k_00072', 'p1k_00092', 'p1k_00093', 'p1k_00125', 'p1k_00126', 'p1k_00127', 'p1k_00128', 'p1k_00129', 'p1k_00130', 'p1k_00131', 'p1k_00143', 'p1k_00146', 'p1k_00147', 'p1k_00148', 'p1k_00155', 'p1k_00157', 'p1k_00159', 'p1k_00317', 'p1k_00318', 'p1k_00357', 'p1k_00358', 'p1k_00389', 'p1k_00390', 'p1k_00395', 'p1k_00396', 'p1k_00401', 'p1k_00402', 'p1k_00407', 'p1k_00408', 'p1k_00413', 'p1k_00414', 'p1k_00421', 'p1k_00422', 'p1k_00423', 'p1k_00424', 'p1k_00431', 'p1k_00432', 'p1k_00437', 'p1k_00438', 'p1k_00882', 'p1k_00883']",,rpoB,,"('MG1655', 'M9', 37, 7.0, 'glucose(4)', 'NH4Cl(1)', 'O2', nan)",MG1655,M9,37,7.0,glucose(4),NH4Cl(1),O2,,Kanamycin,0.88
p1k_00102,{'b3987': -1},"['p1k_00041', 'p1k_00042', 'p1k_00070', 'p1k_00071', 'p1k_00072', 'p1k_00092', 'p1k_00093', 'p1k_00125', 'p1k_00126', 'p1k_00127', 'p1k_00128', 'p1k_00129', 'p1k_00130', 'p1k_00131', 'p1k_00143', 'p1k_00146', 'p1k_00147', 'p1k_00148', 'p1k_00155', 'p1k_00157', 'p1k_00159', 'p1k_00317', 'p1k_00318', 'p1k_00357', 'p1k_00358', 'p1k_00389', 'p1k_00390', 'p1k_00395', 'p1k_00396', 'p1k_00401', 'p1k_00402', 'p1k_00407', 'p1k_00408', 'p1k_00413', 'p1k_00414', 'p1k_00421', 'p1k_00422', 'p1k_00423', 'p1k_00424', 'p1k_00431', 'p1k_00432', 'p1k_00437', 'p1k_00438', 'p1k_00882', 'p1k_00883']",,rpoB,,"('MG1655', 'M9', 37, 7.0, 'glucose(4)', 'NH4Cl(1)', 'O2', nan)",MG1655,M9,37,7.0,glucose(4),NH4Cl(1),O2,,Kanamycin,0.88
p1k_00103,{'b3987': -1},"['p1k_00094', 'p1k_00095', 'p1k_00499', 'p1k_00500']",,rpoB,,"('MG1655', 'LB', 37, 7.0, nan, nan, 'O2', nan)",MG1655,LB,37,7.0,,,O2,,Kanamycin,1.4
p1k_00104,{'b3987': -1},"['p1k_00094', 'p1k_00095', 'p1k_00499', 'p1k_00500']",,rpoB,,"('MG1655', 'LB', 37, 7.0, nan, nan, 'O2', nan)",MG1655,LB,37,7.0,,,O2,,Kanamycin,1.4
p1k_00108,{'b3357': -1},"['p1k_00106', 'p1k_00107']",,crp,,"('MG1655', 'M9', 37, 7.0, 'glycerol(2)', 'NH4Cl(1)', 'O2', nan)",MG1655,M9,37,7.0,glycerol(2),NH4Cl(1),O2,,Kanamycin,
p1k_00109,{'b3357': -1},"['p1k_00106', 'p1k_00107']",,crp,,"('MG1655', 'M9', 37, 7.0, 'glycerol(2)', 'NH4Cl(1)', 'O2', nan)",MG1655,M9,37,7.0,glycerol(2),NH4Cl(1),O2,,Kanamycin,
p1k_00110,{'b3357': -1},"['p1k_00106', 'p1k_00107']",,crp,,"('MG1655', 'M9', 37, 7.0, 'glycerol(2)', 'NH4Cl(1)', 'O2', nan)",MG1655,M9,37,7.0,glycerol(2),NH4Cl(1),O2,,Kanamycin,
p1k_00111,{'b3357': -1},"['p1k_00106', 'p1k_00107']",,crp,,"('MG1655', 'M9', 37, 7.0, 'glycerol(2)', 'NH4Cl(1)', 'O2', nan)",MG1655,M9,37,7.0,glycerol(2),NH4Cl(1),O2,,Kanamycin,
p1k_00112,{'b3357': -1},"['p1k_00106', 'p1k_00107']",,crp,,"('MG1655', 'M9', 37, 7.0, 'glycerol(2)', 'NH4Cl(1)', 'O2', nan)",MG1655,M9,37,7.0,glycerol(2),NH4Cl(1),O2,,Kanamycin,
p1k_00113,{'b3357': -1},"['p1k_00106', 'p1k_00107']",,crp,,"('MG1655', 'M9', 37, 7.0, 'glycerol(2)', 'NH4Cl(1)', 'O2', nan)",MG1655,M9,37,7.0,glycerol(2),NH4Cl(1),O2,,Kanamycin,
p1k_00114,{'b3357': -1},"['p1k_00106', 'p1k_00107']",,crp,,"('MG1655', 'M9', 37, 7.0, 'glycerol(2)', 'NH4Cl(1)', 'O2', nan)",MG1655,M9,37,7.0,glycerol(2),NH4Cl(1),O2,,Kanamycin,
p1k_00115,{'b3357': -1},"['p1k_00106', 'p1k_00107']",,crp,,"('MG1655', 'M9', 37, 7.0, 'glycerol(2)', 'NH4Cl(1)', 'O2', nan)",MG1655,M9,37,7.0,glycerol(2),NH4Cl(1),O2,,Kanamycin,
p1k_00116,{'b3357': -1},"['p1k_00084', 'p1k_00085', 'p1k_00105']",crp,,,"('MG1655', 'M9', 37, 7.0, 'fructose(2)', 'NH4Cl(1)', 'O2', nan)",MG1655,M9,37,7.0,fructose(2),NH4Cl(1),O2,,Kanamycin,
p1k_00117,{'b3357': -1},"['p1k_00084', 'p1k_00085', 'p1k_00105']",crp,,,"('MG1655', 'M9', 37, 7.0, 'fructose(2)', 'NH4Cl(1)', 'O2', nan)",MG1655,M9,37,7.0,fructose(2),NH4Cl(1),O2,,Kanamycin,
p1k_00118,{'b3357': -1},"['p1k_00084', 'p1k_00085', 'p1k_00105']",crp,,,"('MG1655', 'M9', 37, 7.0, 'fructose(2)', 'NH4Cl(1)', 'O2', nan)",MG1655,M9,37,7.0,fructose(2),NH4Cl(1),O2,,Kanamycin,
p1k_00119,{'b3357': -1},"['p1k_00001', 'p1k_00002', 'p1k_00161', 'p1k_00162', 'p1k_00163', 'p1k_00164', 'p1k_00185', 'p1k_00186', 'p1k_00191', 'p1k_00192']",crp,,,"('MG1655', 'M9', 37, 7.0, 'glucose(2)', 'NH4Cl(1)', 'O2', nan)",MG1655,M9,37,7.0,glucose(2),NH4Cl(1),O2,,Kanamycin,
p1k_00120,{'b3357': -1},"['p1k_00001', 'p1k_00002', 'p1k_00161', 'p1k_00162', 'p1k_00163', 'p1k_00164', 'p1k_00185', 'p1k_00186', 'p1k_00191', 'p1k_00192']",crp,,,"('MG1655', 'M9', 37, 7.0, 'glucose(2)', 'NH4Cl(1)', 'O2', nan)",MG1655,M9,37,7.0,glucose(2),NH4Cl(1),O2,,Kanamycin,
p1k_00121,{'b3357': -1},"['p1k_00001', 'p1k_00002', 'p1k_00161', 'p1k_00162', 'p1k_00163', 'p1k_00164', 'p1k_00185', 'p1k_00186', 'p1k_00191', 'p1k_00192']",crp,,,"('MG1655', 'M9', 37, 7.0, 'glucose(2)', 'NH4Cl(1)', 'O2', nan)",MG1655,M9,37,7.0,glucose(2),NH4Cl(1),O2,,Kanamycin,
p1k_00122,{'b3357': -1},"['p1k_00106', 'p1k_00107']",crp,,,"('MG1655', 'M9', 37, 7.0, 'glycerol(2)', 'NH4Cl(1)', 'O2', nan)",MG1655,M9,37,7.0,glycerol(2),NH4Cl(1),O2,,Kanamycin,
p1k_00123,{'b3357': -1},"['p1k_00106', 'p1k_00107']",crp,,,"('MG1655', 'M9', 37, 7.0, 'glycerol(2)', 'NH4Cl(1)', 'O2', nan)",MG1655,M9,37,7.0,glycerol(2),NH4Cl(1),O2,,Kanamycin,
p1k_00124,{'b3357': -1},"['p1k_00106', 'p1k_00107']",crp,,,"('MG1655', 'M9', 37, 7.0, 'glycerol(2)', 'NH4Cl(1)', 'O2', nan)",MG1655,M9,37,7.0,glycerol(2),NH4Cl(1),O2,,Kanamycin,
p1k_00187,{'b1658': -1},"['p1k_00219', 'p1k_00220']",purR&cytd,,,"('BW25113', 'M9', 37, 7.0, 'glucose(2)', 'NH4Cl(1)', 'O2', 'cytidine (1mM)')",BW25113,M9,37,7.0,glucose(2),NH4Cl(1),O2,cytidine (1mM),,0.66
p1k_00188,{'b1658': -1},"['p1k_00219', 'p1k_00220']",purR&cytd,,,"('BW25113', 'M9', 37, 7.0, 'glucose(2)', 'NH4Cl(1)', 'O2', 'cytidine (1mM)')",BW25113,M9,37,7.0,glucose(2),NH4Cl(1),O2,cytidine (1mM),,0.66
p1k_00193,{'b0208': -1},"['p1k_00001', 'p1k_00002', 'p1k_00161', 'p1k_00162', 'p1k_00163', 'p1k_00164', 'p1k_00185', 'p1k_00186', 'p1k_00191', 'p1k_00192']",yafC,,,"('MG1655', 'M9', 37, 7.0, 'glucose(2)', 'NH4Cl(1)', 'O2', nan)",MG1655,M9,37,7.0,glucose(2),NH4Cl(1),O2,,Kanamycin,0.66
p1k_00194,{'b0208': -1},"['p1k_00001', 'p1k_00002', 'p1k_00161', 'p1k_00162', 'p1k_00163', 'p1k_00164', 'p1k_00185', 'p1k_00186', 'p1k_00191', 'p1k_00192']",yafC,,,"('MG1655', 'M9', 37, 7.0, 'glucose(2)', 'NH4Cl(1)', 'O2', nan)",MG1655,M9,37,7.0,glucose(2),NH4Cl(1),O2,,Kanamycin,0.66
p1k_00195,{'b2157': -1},"['p1k_00001', 'p1k_00002', 'p1k_00161', 'p1k_00162', 'p1k_00163', 'p1k_00164', 'p1k_00185', 'p1k_00186', 'p1k_00191', 'p1k_00192']",yeiE,,,"('MG1655', 'M9', 37, 7.0, 'glucose(2)', 'NH4Cl(1)', 'O2', nan)",MG1655,M9,37,7.0,glucose(2),NH4Cl(1),O2,,Kanamycin,0.68
p1k_00196,{'b2157': -1},"['p1k_00001', 'p1k_00002', 'p1k_00161', 'p1k_00162', 'p1k_00163', 'p1k_00164', 'p1k_00185', 'p1k_00186', 'p1k_00191', 'p1k_00192']",yeiE,,,"('MG1655', 'M9', 37, 7.0, 'glucose(2)', 'NH4Cl(1)', 'O2', nan)",MG1655,M9,37,7.0,glucose(2),NH4Cl(1),O2,,Kanamycin,0.67
p1k_00197,{'b3574': -1},"['p1k_00001', 'p1k_00002', 'p1k_00161', 'p1k_00162', 'p1k_00163', 'p1k_00164', 'p1k_00185', 'p1k_00186', 'p1k_00191', 'p1k_00192']",yiaJ,,,"('MG1655', 'M9', 37, 7.0, 'glucose(2)', 'NH4Cl(1)', 'O2', nan)",MG1655,M9,37,7.0,glucose(2),NH4Cl(1),O2,,Kanamycin,0.66
p1k_00198,{'b3574': -1},"['p1k_00001', 'p1k_00002', 'p1k_00161', 'p1k_00162', 'p1k_00163', 'p1k_00164', 'p1k_00185', 'p1k_00186', 'p1k_00191', 'p1k_00192']",yiaJ,,,"('MG1655', 'M9', 37, 7.0, 'glucose(2)', 'NH4Cl(1)', 'O2', nan)",MG1655,M9,37,7.0,glucose(2),NH4Cl(1),O2,,Kanamycin,0.66
p1k_00199,{'b3755': -1},"['p1k_00001', 'p1k_00002', 'p1k_00161', 'p1k_00162', 'p1k_00163', 'p1k_00164', 'p1k_00185', 'p1k_00186', 'p1k_00191', 'p1k_00192']",yieP,,,"('MG1655', 'M9', 37, 7.0, 'glucose(2)', 'NH4Cl(1)', 'O2', nan)",MG1655,M9,37,7.0,glucose(2),NH4Cl(1),O2,,Kanamycin,0.67
p1k_00200,{'b3755': -1},"['p1k_00001', 'p1k_00002', 'p1k_00161', 'p1k_00162', 'p1k_00163', 'p1k_00164', 'p1k_00185', 'p1k_00186', 'p1k_00191', 'p1k_00192']",yieP,,,"('MG1655', 'M9', 37, 7.0, 'glucose(2)', 'NH4Cl(1)', 'O2', nan)",MG1655,M9,37,7.0,glucose(2),NH4Cl(1),O2,,Kanamycin,0.66
p1k_00205,{'b0447': -1},"['p1k_00001', 'p1k_00002', 'p1k_00161', 'p1k_00162', 'p1k_00163', 'p1k_00164', 'p1k_00185', 'p1k_00186', 'p1k_00191', 'p1k_00192']",ybaO,,,"('MG1655', 'M9', 37, 7.0, 'glucose(2)', 'NH4Cl(1)', 'O2', nan)",MG1655,M9,37,7.0,glucose(2),NH4Cl(1),O2,,Kanamycin,0.62
p1k_00206,{'b0447': -1},"['p1k_00001', 'p1k_00002', 'p1k_00161', 'p1k_00162', 'p1k_00163', 'p1k_00164', 'p1k_00185', 'p1k_00186', 'p1k_00191', 'p1k_00192']",ybaO,,,"('MG1655', 'M9', 37, 7.0, 'glucose(2)', 'NH4Cl(1)', 'O2', nan)",MG1655,M9,37,7.0,glucose(2),NH4Cl(1),O2,,Kanamycin,0.62
p1k_00207,{'b0483': -1},"['p1k_00001', 'p1k_00002', 'p1k_00161', 'p1k_00162', 'p1k_00163', 'p1k_00164', 'p1k_00185', 'p1k_00186', 'p1k_00191', 'p1k_00192']",ybaQ,,,"('MG1655', 'M9', 37, 7.0, 'glucose(2)', 'NH4Cl(1)', 'O2', nan)",MG1655,M9,37,7.0,glucose(2),NH4Cl(1),O2,,Kanamycin,0.65
p1k_00208,{'b0483': -1},"['p1k_00001', 'p1k_00002', 'p1k_00161', 'p1k_00162', 'p1k_00163', 'p1k_00164', 'p1k_00185', 'p1k_00186', 'p1k_00191', 'p1k_00192']",ybaQ,,,"('MG1655', 'M9', 37, 7.0, 'glucose(2)', 'NH4Cl(1)', 'O2', nan)",MG1655,M9,37,7.0,glucose(2),NH4Cl(1),O2,,Kanamycin,0.66
p1k_00209,{'b0796': -1},"['p1k_00001', 'p1k_00002', 'p1k_00161', 'p1k_00162', 'p1k_00163', 'p1k_00164', 'p1k_00185', 'p1k_00186', 'p1k_00191', 'p1k_00192']",ybiH,,,"('MG1655', 'M9', 37, 7.0, 'glucose(2)', 'NH4Cl(1)', 'O2', nan)",MG1655,M9,37,7.0,glucose(2),NH4Cl(1),O2,,Kanamycin,0.66
p1k_00210,{'b0796': -1},"['p1k_00001', 'p1k_00002', 'p1k_00161', 'p1k_00162', 'p1k_00163', 'p1k_00164', 'p1k_00185', 'p1k_00186', 'p1k_00191', 'p1k_00192']",ybiH,,,"('MG1655', 'M9', 37, 7.0, 'glucose(2)', 'NH4Cl(1)', 'O2', nan)",MG1655,M9,37,7.0,glucose(2),NH4Cl(1),O2,,Kanamycin,0.67
p1k_00211,{'b1422': -1},"['p1k_00011', 'p1k_00012', 'p1k_00201', 'p1k_00202']",ydcI,,,"('MG1655', 'M9', 37, 5.5, 'glucose(2)', 'NH4Cl(1)', 'O2', nan)",MG1655,M9,37,5.5,glucose(2),NH4Cl(1),O2,,Kanamycin,0.38
p1k_00212,{'b1422': -1},"['p1k_00011', 'p1k_00012', 'p1k_00201', 'p1k_00202']",ydcI,,,"('MG1655', 'M9', 37, 5.5, 'glucose(2)', 'NH4Cl(1)', 'O2', nan)",MG1655,M9,37,5.5,glucose(2),NH4Cl(1),O2,,Kanamycin,0.39
p1k_00213,{'b1422': -1},"['p1k_00203', 'p1k_00204']",ydcI,,,"('MG1655', 'M9', 37, 8.5, 'glucose(2)', 'NH4Cl(1)', 'O2', nan)",MG1655,M9,37,8.5,glucose(2),NH4Cl(1),O2,,Kanamycin,0.52
p1k_00214,{'b1422': -1},"['p1k_00203', 'p1k_00204']",ydcI,,,"('MG1655', 'M9', 37, 8.5, 'glucose(2)', 'NH4Cl(1)', 'O2', nan)",MG1655,M9,37,8.5,glucose(2),NH4Cl(1),O2,,Kanamycin,0.52
p1k_00215,{'b1477': -1},"['p1k_00001', 'p1k_00002', 'p1k_00161', 'p1k_00162', 'p1k_00163', 'p1k_00164', 'p1k_00185', 'p1k_00186', 'p1k_00191', 'p1k_00192']",yddM,,,"('MG1655', 'M9', 37, 7.0, 'glucose(2)', 'NH4Cl(1)', 'O2', nan)",MG1655,M9,37,7.0,glucose(2),NH4Cl(1),O2,,Kanamycin,0.65
p1k_00216,{'b1477': -1},"['p1k_00001', 'p1k_00002', 'p1k_00161', 'p1k_00162', 'p1k_00163', 'p1k_00164', 'p1k_00185', 'p1k_00186', 'p1k_00191', 'p1k_00192']",yddM,,,"('MG1655', 'M9', 37, 7.0, 'glucose(2)', 'NH4Cl(1)', 'O2', nan)",MG1655,M9,37,7.0,glucose(2),NH4Cl(1),O2,,Kanamycin,0.65
p1k_00217,{'b3346': -1},"['p1k_00001', 'p1k_00002', 'p1k_00161', 'p1k_00162', 'p1k_00163', 'p1k_00164', 'p1k_00185', 'p1k_00186', 'p1k_00191', 'p1k_00192']",yheO,,,"('MG1655', 'M9', 37, 7.0, 'glucose(2)', 'NH4Cl(1)', 'O2', nan)",MG1655,M9,37,7.0,glucose(2),NH4Cl(1),O2,,Kanamycin,0.66
p1k_00218,{'b3346': -1},"['p1k_00001', 'p1k_00002', 'p1k_00161', 'p1k_00162', 'p1k_00163', 'p1k_00164', 'p1k_00185', 'p1k_00186', 'p1k_00191', 'p1k_00192']",yheO,,,"('MG1655', 'M9', 37, 7.0, 'glucose(2)', 'NH4Cl(1)', 'O2', nan)",MG1655,M9,37,7.0,glucose(2),NH4Cl(1),O2,,Kanamycin,0.65
p1k_00221,{'b0002': -1},"['p1k_00219', 'p1k_00220']",thrA,,,"('BW25113', 'M9', 37, 7.0, 'glucose(2)', 'NH4Cl(1)', 'O2', nan)",BW25113,M9,37,7.0,glucose(2),NH4Cl(1),O2,,,0.54
p1k_00222,{'b0002': -1},"['p1k_00219', 'p1k_00220']",thrA,,,"('BW25113', 'M9', 37, 7.0, 'glucose(2)', 'NH4Cl(1)', 'O2', nan)",BW25113,M9,37,7.0,glucose(2),NH4Cl(1),O2,,,0.54
p1k_00223,{'b0002': -1},"['p1k_00219', 'p1k_00220']",thrA,,,"('BW25113', 'M9', 37, 7.0, 'glucose(2)', 'NH4Cl(1)', 'O2', nan)",BW25113,M9,37,7.0,glucose(2),NH4Cl(1),O2,,,0.52
p1k_00224,{'b0002': -1},"['p1k_00219', 'p1k_00220']",thrA,,,"('BW25113', 'M9', 37, 7.0, 'glucose(2)', 'NH4Cl(1)', 'O2', nan)",BW25113,M9,37,7.0,glucose(2),NH4Cl(1),O2,,,0.52
p1k_00225,{'b4388': -1},"['p1k_00219', 'p1k_00220']",serB,,,"('BW25113', 'M9', 37, 7.0, 'glucose(2)', 'NH4Cl(1)', 'O2', nan)",BW25113,M9,37,7.0,glucose(2),NH4Cl(1),O2,,,0.5
p1k_00226,{'b4388': -1},"['p1k_00219', 'p1k_00220']",serB,,,"('BW25113', 'M9', 37, 7.0, 'glucose(2)', 'NH4Cl(1)', 'O2', nan)",BW25113,M9,37,7.0,glucose(2),NH4Cl(1),O2,,,0.5
p1k_00227,{'b4388': -1},"['p1k_00219', 'p1k_00220']",serB,,,"('BW25113', 'M9', 37, 7.0, 'glucose(2)', 'NH4Cl(1)', 'O2', nan)",BW25113,M9,37,7.0,glucose(2),NH4Cl(1),O2,,,0.5
p1k_00228,{'b4388': -1},"['p1k_00219', 'p1k_00220']",serB,,,"('BW25113', 'M9', 37, 7.0, 'glucose(2)', 'NH4Cl(1)', 'O2', nan)",BW25113,M9,37,7.0,glucose(2),NH4Cl(1),O2,,,0.5
p1k_00229,{'b2416': -1},"['p1k_00219', 'p1k_00220']",ptsI,,,"('BW25113', 'M9', 37, 7.0, 'glucose(2)', 'NH4Cl(1)', 'O2', nan)",BW25113,M9,37,7.0,glucose(2),NH4Cl(1),O2,,,0.41
p1k_00230,{'b2416': -1},"['p1k_00219', 'p1k_00220']",ptsI,,,"('BW25113', 'M9', 37, 7.0, 'glucose(2)', 'NH4Cl(1)', 'O2', nan)",BW25113,M9,37,7.0,glucose(2),NH4Cl(1),O2,,,0.41
p1k_00231,{'b2416': -1},"['p1k_00219', 'p1k_00220']",ptsI,,,"('BW25113', 'M9', 37, 7.0, 'glucose(2)', 'NH4Cl(1)', 'O2', nan)",BW25113,M9,37,7.0,glucose(2),NH4Cl(1),O2,,,0.39
p1k_00232,{'b2416': -1},"['p1k_00219', 'p1k_00220']",ptsI,,,"('BW25113', 'M9', 37, 7.0, 'glucose(2)', 'NH4Cl(1)', 'O2', nan)",BW25113,M9,37,7.0,glucose(2),NH4Cl(1),O2,,,0.39
p1k_00255,"{'b2265': -1, 'b0593': -1}","['p1k_00001', 'p1k_00002', 'p1k_00161', 'p1k_00162', 'p1k_00163', 'p1k_00164', 'p1k_00185', 'p1k_00186', 'p1k_00191', 'p1k_00192']",menF&entC,,,"('MG1655', 'M9', 37, 7.0, 'glucose(4)', 'NH4Cl(1)', 'O2', 'FeCl3 (20 uM) + Na-citrate (10 mM)')",MG1655,M9,37,7.0,glucose(4),NH4Cl(1),O2,FeCl3 (20 uM) + Na-citrate (10 mM),,
p1k_00256,"{'b2265': -1, 'b0593': -1}","['p1k_00001', 'p1k_00002', 'p1k_00161', 'p1k_00162', 'p1k_00163', 'p1k_00164', 'p1k_00185', 'p1k_00186', 'p1k_00191', 'p1k_00192']",menF&entC,,,"('MG1655', 'M9', 37, 7.0, 'glucose(4)', 'NH4Cl(1)', 'O2', 'FeCl3 (20 uM) + Na-citrate (10 mM)')",MG1655,M9,37,7.0,glucose(4),NH4Cl(1),O2,FeCl3 (20 uM) + Na-citrate (10 mM),,
p1k_00257,"{'b2265': -1, 'b0593': -1}","['p1k_00041', 'p1k_00042', 'p1k_00070', 'p1k_00071', 'p1k_00072', 'p1k_00092', 'p1k_00093', 'p1k_00125', 'p1k_00126', 'p1k_00127', 'p1k_00128', 'p1k_00129', 'p1k_00130', 'p1k_00131', 'p1k_00143', 'p1k_00146', 'p1k_00147', 'p1k_00148', 'p1k_00155', 'p1k_00157', 'p1k_00159', 'p1k_00317', 'p1k_00318', 'p1k_00357', 'p1k_00358', 'p1k_00389', 'p1k_00390', 'p1k_00395', 'p1k_00396', 'p1k_00401', 'p1k_00402', 'p1k_00407', 'p1k_00408', 'p1k_00413', 'p1k_00414', 'p1k_00421', 'p1k_00422', 'p1k_00423', 'p1k_00424', 'p1k_00431', 'p1k_00432', 'p1k_00437', 'p1k_00438', 'p1k_00882', 'p1k_00883']",menF&entC,,,"('MG1655', 'M9', 37, 7.0, 'glucose(4)', 'NH4Cl(1)', 'O2', nan)",MG1655,M9,37,7.0,glucose(4),NH4Cl(1),O2,,,
p1k_00258,"{'b2265': -1, 'b0593': -1}","['p1k_00041', 'p1k_00042', 'p1k_00070', 'p1k_00071', 'p1k_00072', 'p1k_00092', 'p1k_00093', 'p1k_00125', 'p1k_00126', 'p1k_00127', 'p1k_00128', 'p1k_00129', 'p1k_00130', 'p1k_00131', 'p1k_00143', 'p1k_00146', 'p1k_00147', 'p1k_00148', 'p1k_00155', 'p1k_00157', 'p1k_00159', 'p1k_00317', 'p1k_00318', 'p1k_00357', 'p1k_00358', 'p1k_00389', 'p1k_00390', 'p1k_00395', 'p1k_00396', 'p1k_00401', 'p1k_00402', 'p1k_00407', 'p1k_00408', 'p1k_00413', 'p1k_00414', 'p1k_00421', 'p1k_00422', 'p1k_00423', 'p1k_00424', 'p1k_00431', 'p1k_00432', 'p1k_00437', 'p1k_00438', 'p1k_00882', 'p1k_00883']",menF&entC,,,"('MG1655', 'M9', 37, 7.0, 'glucose(4)', 'NH4Cl(1)', 'O2', nan)",MG1655,M9,37,7.0,glucose(4),NH4Cl(1),O2,,,
p1k_00259,"{'b2265': -1, 'b0593': -1}","['p1k_00041', 'p1k_00042', 'p1k_00070', 'p1k_00071', 'p1k_00072', 'p1k_00092', 'p1k_00093', 'p1k_00125', 'p1k_00126', 'p1k_00127', 'p1k_00128', 'p1k_00129', 'p1k_00130', 'p1k_00131', 'p1k_00143', 'p1k_00146', 'p1k_00147', 'p1k_00148', 'p1k_00155', 'p1k_00157', 'p1k_00159', 'p1k_00317', 'p1k_00318', 'p1k_00357', 'p1k_00358', 'p1k_00389', 'p1k_00390', 'p1k_00395', 'p1k_00396', 'p1k_00401', 'p1k_00402', 'p1k_00407', 'p1k_00408', 'p1k_00413', 'p1k_00414', 'p1k_00421', 'p1k_00422', 'p1k_00423', 'p1k_00424', 'p1k_00431', 'p1k_00432', 'p1k_00437', 'p1k_00438', 'p1k_00882', 'p1k_00883']",menF&entC,,,"('MG1655', 'M9', 37, 7.0, 'glucose(4)', 'NH4Cl(1)', 'O2', nan)",MG1655,M9,37,7.0,glucose(4),NH4Cl(1),O2,,,0.98
p1k_00260,"{'b2265': -1, 'b0593': -1}","['p1k_00041', 'p1k_00042', 'p1k_00070', 'p1k_00071', 'p1k_00072', 'p1k_00092', 'p1k_00093', 'p1k_00125', 'p1k_00126', 'p1k_00127', 'p1k_00128', 'p1k_00129', 'p1k_00130', 'p1k_00131', 'p1k_00143', 'p1k_00146', 'p1k_00147', 'p1k_00148', 'p1k_00155', 'p1k_00157', 'p1k_00159', 'p1k_00317', 'p1k_00318', 'p1k_00357', 'p1k_00358', 'p1k_00389', 'p1k_00390', 'p1k_00395', 'p1k_00396', 'p1k_00401', 'p1k_00402', 'p1k_00407', 'p1k_00408', 'p1k_00413', 'p1k_00414', 'p1k_00421', 'p1k_00422', 'p1k_00423', 'p1k_00424', 'p1k_00431', 'p1k_00432', 'p1k_00437', 'p1k_00438', 'p1k_00882', 'p1k_00883']",menF&entC,,,"('MG1655', 'M9', 37, 7.0, 'glucose(4)', 'NH4Cl(1)', 'O2', nan)",MG1655,M9,37,7.0,glucose(4),NH4Cl(1),O2,,,0.98
p1k_00261,"{'b2265': -1, 'b0593': -1}","['p1k_00001', 'p1k_00002', 'p1k_00161', 'p1k_00162', 'p1k_00163', 'p1k_00164', 'p1k_00185', 'p1k_00186', 'p1k_00191', 'p1k_00192']",menF&entC,,,"('MG1655', 'M9', 37, 7.0, 'glucose(4)', 'NH4Cl(1)', 'O2', 'FeCl3 (20 uM) + Na-citrate (10 mM)')",MG1655,M9,37,7.0,glucose(4),NH4Cl(1),O2,FeCl3 (20 uM) + Na-citrate (10 mM),,0.9
p1k_00262,"{'b2265': -1, 'b0593': -1}","['p1k_00001', 'p1k_00002', 'p1k_00161', 'p1k_00162', 'p1k_00163', 'p1k_00164', 'p1k_00185', 'p1k_00186', 'p1k_00191', 'p1k_00192']",menF&entC,,,"('MG1655', 'M9', 37, 7.0, 'glucose(4)', 'NH4Cl(1)', 'O2', 'FeCl3 (20 uM) + Na-citrate (10 mM)')",MG1655,M9,37,7.0,glucose(4),NH4Cl(1),O2,FeCl3 (20 uM) + Na-citrate (10 mM),,0.9
p1k_00263,"{'b2265': -1, 'b0593': -1}","['p1k_00001', 'p1k_00002', 'p1k_00161', 'p1k_00162', 'p1k_00163', 'p1k_00164', 'p1k_00185', 'p1k_00186', 'p1k_00191', 'p1k_00192']",menF&entC,,,"('MG1655', 'M9', 37, 7.0, 'glucose(4)', 'NH4Cl(1)', 'O2', 'FeCl3 (20 uM) + Na-citrate (10 mM)')",MG1655,M9,37,7.0,glucose(4),NH4Cl(1),O2,FeCl3 (20 uM) + Na-citrate (10 mM),,0.95
p1k_00264,"{'b2265': -1, 'b0593': -1}","['p1k_00001', 'p1k_00002', 'p1k_00161', 'p1k_00162', 'p1k_00163', 'p1k_00164', 'p1k_00185', 'p1k_00186', 'p1k_00191', 'p1k_00192']",menF&entC,,,"('MG1655', 'M9', 37, 7.0, 'glucose(4)', 'NH4Cl(1)', 'O2', 'FeCl3 (20 uM) + Na-citrate (10 mM)')",MG1655,M9,37,7.0,glucose(4),NH4Cl(1),O2,FeCl3 (20 uM) + Na-citrate (10 mM),,0.95
p1k_00265,"{'b2265': -1, 'b0593': -1, 'b4039': -1}","['p1k_00041', 'p1k_00042', 'p1k_00070', 'p1k_00071', 'p1k_00072', 'p1k_00092', 'p1k_00093', 'p1k_00125', 'p1k_00126', 'p1k_00127', 'p1k_00128', 'p1k_00129', 'p1k_00130', 'p1k_00131', 'p1k_00143', 'p1k_00146', 'p1k_00147', 'p1k_00148', 'p1k_00155', 'p1k_00157', 'p1k_00159', 'p1k_00317', 'p1k_00318', 'p1k_00357', 'p1k_00358', 'p1k_00389', 'p1k_00390', 'p1k_00395', 'p1k_00396', 'p1k_00401', 'p1k_00402', 'p1k_00407', 'p1k_00408', 'p1k_00413', 'p1k_00414', 'p1k_00421', 'p1k_00422', 'p1k_00423', 'p1k_00424', 'p1k_00431', 'p1k_00432', 'p1k_00437', 'p1k_00438', 'p1k_00882', 'p1k_00883']",menF&entC&ubiC,,,"('MG1655', 'M9', 37, 7.0, 'glucose(4)', 'NH4Cl(1)', 'O2', nan)",MG1655,M9,37,7.0,glucose(4),NH4Cl(1),O2,,,0.58
p1k_00266,"{'b2265': -1, 'b0593': -1, 'b4039': -1}","['p1k_00041', 'p1k_00042', 'p1k_00070', 'p1k_00071', 'p1k_00072', 'p1k_00092', 'p1k_00093', 'p1k_00125', 'p1k_00126', 'p1k_00127', 'p1k_00128', 'p1k_00129', 'p1k_00130', 'p1k_00131', 'p1k_00143', 'p1k_00146', 'p1k_00147', 'p1k_00148', 'p1k_00155', 'p1k_00157', 'p1k_00159', 'p1k_00317', 'p1k_00318', 'p1k_00357', 'p1k_00358', 'p1k_00389', 'p1k_00390', 'p1k_00395', 'p1k_00396', 'p1k_00401', 'p1k_00402', 'p1k_00407', 'p1k_00408', 'p1k_00413', 'p1k_00414', 'p1k_00421', 'p1k_00422', 'p1k_00423', 'p1k_00424', 'p1k_00431', 'p1k_00432', 'p1k_00437', 'p1k_00438', 'p1k_00882', 'p1k_00883']",menF&entC&ubiC,,,"('MG1655', 'M9', 37, 7.0, 'glucose(4)', 'NH4Cl(1)', 'O2', nan)",MG1655,M9,37,7.0,glucose(4),NH4Cl(1),O2,,,0.58
p1k_00267,"{'b2265': -1, 'b0593': -1, 'b4039': -1}","['p1k_00041', 'p1k_00042', 'p1k_00070', 'p1k_00071', 'p1k_00072', 'p1k_00092', 'p1k_00093', 'p1k_00125', 'p1k_00126', 'p1k_00127', 'p1k_00128', 'p1k_00129', 'p1k_00130', 'p1k_00131', 'p1k_00143', 'p1k_00146', 'p1k_00147', 'p1k_00148', 'p1k_00155', 'p1k_00157', 'p1k_00159', 'p1k_00317', 'p1k_00318', 'p1k_00357', 'p1k_00358', 'p1k_00389', 'p1k_00390', 'p1k_00395', 'p1k_00396', 'p1k_00401', 'p1k_00402', 'p1k_00407', 'p1k_00408', 'p1k_00413', 'p1k_00414', 'p1k_00421', 'p1k_00422', 'p1k_00423', 'p1k_00424', 'p1k_00431', 'p1k_00432', 'p1k_00437', 'p1k_00438', 'p1k_00882', 'p1k_00883']",menF&entC&ubiC,,,"('MG1655', 'M9', 37, 7.0, 'glucose(4)', 'NH4Cl(1)', 'O2', nan)",MG1655,M9,37,7.0,glucose(4),NH4Cl(1),O2,,,0.46
p1k_00268,"{'b2265': -1, 'b0593': -1, 'b4039': -1}","['p1k_00041', 'p1k_00042', 'p1k_00070', 'p1k_00071', 'p1k_00072', 'p1k_00092', 'p1k_00093', 'p1k_00125', 'p1k_00126', 'p1k_00127', 'p1k_00128', 'p1k_00129', 'p1k_00130', 'p1k_00131', 'p1k_00143', 'p1k_00146', 'p1k_00147', 'p1k_00148', 'p1k_00155', 'p1k_00157', 'p1k_00159', 'p1k_00317', 'p1k_00318', 'p1k_00357', 'p1k_00358', 'p1k_00389', 'p1k_00390', 'p1k_00395', 'p1k_00396', 'p1k_00401', 'p1k_00402', 'p1k_00407', 'p1k_00408', 'p1k_00413', 'p1k_00414', 'p1k_00421', 'p1k_00422', 'p1k_00423', 'p1k_00424', 'p1k_00431', 'p1k_00432', 'p1k_00437', 'p1k_00438', 'p1k_00882', 'p1k_00883']",menF&entC&ubiC,,,"('MG1655', 'M9', 37, 7.0, 'glucose(4)', 'NH4Cl(1)', 'O2', nan)",MG1655,M9,37,7.0,glucose(4),NH4Cl(1),O2,,,0.46
p1k_00269,"{'b2265': -1, 'b0593': -1, 'b4039': -1}","['p1k_00041', 'p1k_00042', 'p1k_00070', 'p1k_00071', 'p1k_00072', 'p1k_00092', 'p1k_00093', 'p1k_00125', 'p1k_00126', 'p1k_00127', 'p1k_00128', 'p1k_00129', 'p1k_00130', 'p1k_00131', 'p1k_00143', 'p1k_00146', 'p1k_00147', 'p1k_00148', 'p1k_00155', 'p1k_00157', 'p1k_00159', 'p1k_00317', 'p1k_00318', 'p1k_00357', 'p1k_00358', 'p1k_00389', 'p1k_00390', 'p1k_00395', 'p1k_00396', 'p1k_00401', 'p1k_00402', 'p1k_00407', 'p1k_00408', 'p1k_00413', 'p1k_00414', 'p1k_00421', 'p1k_00422', 'p1k_00423', 'p1k_00424', 'p1k_00431', 'p1k_00432', 'p1k_00437', 'p1k_00438', 'p1k_00882', 'p1k_00883']",menF&entC&ubiC,,,"('MG1655', 'M9', 37, 7.0, 'glucose(4)', 'NH4Cl(1)', 'O2', nan)",MG1655,M9,37,7.0,glucose(4),NH4Cl(1),O2,,,0.58
p1k_00270,"{'b2265': -1, 'b0593': -1, 'b4039': -1}","['p1k_00041', 'p1k_00042', 'p1k_00070', 'p1k_00071', 'p1k_00072', 'p1k_00092', 'p1k_00093', 'p1k_00125', 'p1k_00126', 'p1k_00127', 'p1k_00128', 'p1k_00129', 'p1k_00130', 'p1k_00131', 'p1k_00143', 'p1k_00146', 'p1k_00147', 'p1k_00148', 'p1k_00155', 'p1k_00157', 'p1k_00159', 'p1k_00317', 'p1k_00318', 'p1k_00357', 'p1k_00358', 'p1k_00389', 'p1k_00390', 'p1k_00395', 'p1k_00396', 'p1k_00401', 'p1k_00402', 'p1k_00407', 'p1k_00408', 'p1k_00413', 'p1k_00414', 'p1k_00421', 'p1k_00422', 'p1k_00423', 'p1k_00424', 'p1k_00431', 'p1k_00432', 'p1k_00437', 'p1k_00438', 'p1k_00882', 'p1k_00883']",menF&entC&ubiC,,,"('MG1655', 'M9', 37, 7.0, 'glucose(4)', 'NH4Cl(1)', 'O2', nan)",MG1655,M9,37,7.0,glucose(4),NH4Cl(1),O2,,,0.58
p1k_00279,{'b3346': -1},"['p1k_00001', 'p1k_00002', 'p1k_00161', 'p1k_00162', 'p1k_00163', 'p1k_00164', 'p1k_00185', 'p1k_00186', 'p1k_00191', 'p1k_00192']",yheO,,,"('MG1655', 'M9', 37, 7.0, 'pyruvate(3.3)', 'NH4Cl(1)', 'O2', nan)",MG1655,M9,37,7.0,pyruvate(3.3),NH4Cl(1),O2,,,0.302
p1k_00280,{'b3346': -1},"['p1k_00001', 'p1k_00002', 'p1k_00161', 'p1k_00162', 'p1k_00163', 'p1k_00164', 'p1k_00185', 'p1k_00186', 'p1k_00191', 'p1k_00192']",yheO,,,"('MG1655', 'M9', 37, 7.0, 'pyruvate(3.3)', 'NH4Cl(1)', 'O2', nan)",MG1655,M9,37,7.0,pyruvate(3.3),NH4Cl(1),O2,,,0.302
p1k_00281,{'b0439': -1},"['p1k_00041', 'p1k_00042', 'p1k_00070', 'p1k_00071', 'p1k_00072', 'p1k_00092', 'p1k_00093', 'p1k_00125', 'p1k_00126', 'p1k_00127', 'p1k_00128', 'p1k_00129', 'p1k_00130', 'p1k_00131', 'p1k_00143', 'p1k_00146', 'p1k_00147', 'p1k_00148', 'p1k_00155', 'p1k_00157', 'p1k_00159', 'p1k_00317', 'p1k_00318', 'p1k_00357', 'p1k_00358', 'p1k_00389', 'p1k_00390', 'p1k_00395', 'p1k_00396', 'p1k_00401', 'p1k_00402', 'p1k_00407', 'p1k_00408', 'p1k_00413', 'p1k_00414', 'p1k_00421', 'p1k_00422', 'p1k_00423', 'p1k_00424', 'p1k_00431', 'p1k_00432', 'p1k_00437', 'p1k_00438', 'p1k_00882', 'p1k_00883']",lon,,,"('MG1655', 'M9', 37, 7.0, 'glucose(4)', 'NH4Cl(1)', 'O2', nan)",MG1655,M9,37,7.0,glucose(4),NH4Cl(1),O2,,,
p1k_00282,{'b0439': -1},"['p1k_00041', 'p1k_00042', 'p1k_00070', 'p1k_00071', 'p1k_00072', 'p1k_00092', 'p1k_00093', 'p1k_00125', 'p1k_00126', 'p1k_00127', 'p1k_00128', 'p1k_00129', 'p1k_00130', 'p1k_00131', 'p1k_00143', 'p1k_00146', 'p1k_00147', 'p1k_00148', 'p1k_00155', 'p1k_00157', 'p1k_00159', 'p1k_00317', 'p1k_00318', 'p1k_00357', 'p1k_00358', 'p1k_00389', 'p1k_00390', 'p1k_00395', 'p1k_00396', 'p1k_00401', 'p1k_00402', 'p1k_00407', 'p1k_00408', 'p1k_00413', 'p1k_00414', 'p1k_00421', 'p1k_00422', 'p1k_00423', 'p1k_00424', 'p1k_00431', 'p1k_00432', 'p1k_00437', 'p1k_00438', 'p1k_00882', 'p1k_00883']",lon,,,"('MG1655', 'M9', 37, 7.0, 'glucose(4)', 'NH4Cl(1)', 'O2', nan)",MG1655,M9,37,7.0,glucose(4),NH4Cl(1),O2,,,
p1k_00283,{'b4039': -1},"['p1k_00041', 'p1k_00042', 'p1k_00070', 'p1k_00071', 'p1k_00072', 'p1k_00092', 'p1k_00093', 'p1k_00125', 'p1k_00126', 'p1k_00127', 'p1k_00128', 'p1k_00129', 'p1k_00130', 'p1k_00131', 'p1k_00143', 'p1k_00146', 'p1k_00147', 'p1k_00148', 'p1k_00155', 'p1k_00157', 'p1k_00159', 'p1k_00317', 'p1k_00318', 'p1k_00357', 'p1k_00358', 'p1k_00389', 'p1k_00390', 'p1k_00395', 'p1k_00396', 'p1k_00401', 'p1k_00402', 'p1k_00407', 'p1k_00408', 'p1k_00413', 'p1k_00414', 'p1k_00421', 'p1k_00422', 'p1k_00423', 'p1k_00424', 'p1k_00431', 'p1k_00432', 'p1k_00437', 'p1k_00438', 'p1k_00882', 'p1k_00883']",ubiC,,,"('MG1655', 'M9', 37, 7.0, 'glucose(4)', 'NH4Cl(1)', 'O2', nan)",MG1655,M9,37,7.0,glucose(4),NH4Cl(1),O2,,,
p1k_00284,{'b4039': -1},"['p1k_00041', 'p1k_00042', 'p1k_00070', 'p1k_00071', 'p1k_00072', 'p1k_00092', 'p1k_00093', 'p1k_00125', 'p1k_00126', 'p1k_00127', 'p1k_00128', 'p1k_00129', 'p1k_00130', 'p1k_00131', 'p1k_00143', 'p1k_00146', 'p1k_00147', 'p1k_00148', 'p1k_00155', 'p1k_00157', 'p1k_00159', 'p1k_00317', 'p1k_00318', 'p1k_00357', 'p1k_00358', 'p1k_00389', 'p1k_00390', 'p1k_00395', 'p1k_00396', 'p1k_00401', 'p1k_00402', 'p1k_00407', 'p1k_00408', 'p1k_00413', 'p1k_00414', 'p1k_00421', 'p1k_00422', 'p1k_00423', 'p1k_00424', 'p1k_00431', 'p1k_00432', 'p1k_00437', 'p1k_00438', 'p1k_00882', 'p1k_00883']",ubiC,,,"('MG1655', 'M9', 37, 7.0, 'glucose(4)', 'NH4Cl(1)', 'O2', nan)",MG1655,M9,37,7.0,glucose(4),NH4Cl(1),O2,,,
p1k_00285,{'b4039': -1},"['p1k_00295', 'p1k_00296', 'p1k_00321', 'p1k_00322', 'p1k_00325', 'p1k_00326', 'p1k_00329', 'p1k_00330', 'p1k_00333', 'p1k_00334', 'p1k_00337', 'p1k_00338', 'p1k_00612', 'p1k_00613', 'p1k_00562', 'p1k_00563', 'p1k_00540', 'p1k_00541', 'p1k_00546', 'p1k_00547', 'p1k_00568', 'p1k_00569', 'p1k_00586', 'p1k_00587', 'p1k_00578', 'p1k_00579', 'p1k_00511', 'p1k_00512', 'p1k_00600', 'p1k_00601', 'p1k_00606', 'p1k_00607', 'p1k_00552', 'p1k_00553', 'p1k_00594', 'p1k_00595', 'p1k_00518', 'p1k_00519', 'p1k_00520', 'p1k_00521', 'p1k_00526', 'p1k_00527', 'p1k_00528', 'p1k_00529', 'p1k_00534', 'p1k_00535', 'p1k_00710', 'p1k_00711', 'p1k_00712', 'p1k_00713', 'p1k_00714', 'p1k_00715', 'p1k_00771', 'p1k_00772', 'p1k_00775', 'p1k_00776', 'p1k_00779', 'p1k_00780', 'p1k_00783', 'p1k_00784', 'p1k_00787', 'p1k_00788', 'p1k_00884', 'p1k_00885']",ubiC,,,"('GMOS', 'M9', 37, 7.0, 'glucose(4)', 'NH4Cl(1)', 'O2', nan)",GMOS,M9,37,7.0,glucose(4),NH4Cl(1),O2,,,
p1k_00286,{'b4039': -1},"['p1k_00295', 'p1k_00296', 'p1k_00321', 'p1k_00322', 'p1k_00325', 'p1k_00326', 'p1k_00329', 'p1k_00330', 'p1k_00333', 'p1k_00334', 'p1k_00337', 'p1k_00338', 'p1k_00612', 'p1k_00613', 'p1k_00562', 'p1k_00563', 'p1k_00540', 'p1k_00541', 'p1k_00546', 'p1k_00547', 'p1k_00568', 'p1k_00569', 'p1k_00586', 'p1k_00587', 'p1k_00578', 'p1k_00579', 'p1k_00511', 'p1k_00512', 'p1k_00600', 'p1k_00601', 'p1k_00606', 'p1k_00607', 'p1k_00552', 'p1k_00553', 'p1k_00594', 'p1k_00595', 'p1k_00518', 'p1k_00519', 'p1k_00520', 'p1k_00521', 'p1k_00526', 'p1k_00527', 'p1k_00528', 'p1k_00529', 'p1k_00534', 'p1k_00535', 'p1k_00710', 'p1k_00711', 'p1k_00712', 'p1k_00713', 'p1k_00714', 'p1k_00715', 'p1k_00771', 'p1k_00772', 'p1k_00775', 'p1k_00776', 'p1k_00779', 'p1k_00780', 'p1k_00783', 'p1k_00784', 'p1k_00787', 'p1k_00788', 'p1k_00884', 'p1k_00885']",ubiC,,,"('GMOS', 'M9', 37, 7.0, 'glucose(4)', 'NH4Cl(1)', 'O2', nan)",GMOS,M9,37,7.0,glucose(4),NH4Cl(1),O2,,,
p1k_00287,{'b4039': -1},"['p1k_00295', 'p1k_00296', 'p1k_00321', 'p1k_00322', 'p1k_00325', 'p1k_00326', 'p1k_00329', 'p1k_00330', 'p1k_00333', 'p1k_00334', 'p1k_00337', 'p1k_00338', 'p1k_00612', 'p1k_00613', 'p1k_00562', 'p1k_00563', 'p1k_00540', 'p1k_00541', 'p1k_00546', 'p1k_00547', 'p1k_00568', 'p1k_00569', 'p1k_00586', 'p1k_00587', 'p1k_00578', 'p1k_00579', 'p1k_00511', 'p1k_00512', 'p1k_00600', 'p1k_00601', 'p1k_00606', 'p1k_00607', 'p1k_00552', 'p1k_00553', 'p1k_00594', 'p1k_00595', 'p1k_00518', 'p1k_00519', 'p1k_00520', 'p1k_00521', 'p1k_00526', 'p1k_00527', 'p1k_00528', 'p1k_00529', 'p1k_00534', 'p1k_00535', 'p1k_00710', 'p1k_00711', 'p1k_00712', 'p1k_00713', 'p1k_00714', 'p1k_00715', 'p1k_00771', 'p1k_00772', 'p1k_00775', 'p1k_00776', 'p1k_00779', 'p1k_00780', 'p1k_00783', 'p1k_00784', 'p1k_00787', 'p1k_00788', 'p1k_00884', 'p1k_00885']",ubiC,,,"('GMOS', 'M9', 37, 7.0, 'glucose(4)', 'NH4Cl(1)', 'O2', nan)",GMOS,M9,37,7.0,glucose(4),NH4Cl(1),O2,,,
p1k_00288,{'b4039': -1},"['p1k_00295', 'p1k_00296', 'p1k_00321', 'p1k_00322', 'p1k_00325', 'p1k_00326', 'p1k_00329', 'p1k_00330', 'p1k_00333', 'p1k_00334', 'p1k_00337', 'p1k_00338', 'p1k_00612', 'p1k_00613', 'p1k_00562', 'p1k_00563', 'p1k_00540', 'p1k_00541', 'p1k_00546', 'p1k_00547', 'p1k_00568', 'p1k_00569', 'p1k_00586', 'p1k_00587', 'p1k_00578', 'p1k_00579', 'p1k_00511', 'p1k_00512', 'p1k_00600', 'p1k_00601', 'p1k_00606', 'p1k_00607', 'p1k_00552', 'p1k_00553', 'p1k_00594', 'p1k_00595', 'p1k_00518', 'p1k_00519', 'p1k_00520', 'p1k_00521', 'p1k_00526', 'p1k_00527', 'p1k_00528', 'p1k_00529', 'p1k_00534', 'p1k_00535', 'p1k_00710', 'p1k_00711', 'p1k_00712', 'p1k_00713', 'p1k_00714', 'p1k_00715', 'p1k_00771', 'p1k_00772', 'p1k_00775', 'p1k_00776', 'p1k_00779', 'p1k_00780', 'p1k_00783', 'p1k_00784', 'p1k_00787', 'p1k_00788', 'p1k_00884', 'p1k_00885']",ubiC,,,"('GMOS', 'M9', 37, 7.0, 'glucose(4)', 'NH4Cl(1)', 'O2', nan)",GMOS,M9,37,7.0,glucose(4),NH4Cl(1),O2,,,
p1k_00289,{'b4039': -1},"['p1k_00295', 'p1k_00296', 'p1k_00321', 'p1k_00322', 'p1k_00325', 'p1k_00326', 'p1k_00329', 'p1k_00330', 'p1k_00333', 'p1k_00334', 'p1k_00337', 'p1k_00338', 'p1k_00612', 'p1k_00613', 'p1k_00562', 'p1k_00563', 'p1k_00540', 'p1k_00541', 'p1k_00546', 'p1k_00547', 'p1k_00568', 'p1k_00569', 'p1k_00586', 'p1k_00587', 'p1k_00578', 'p1k_00579', 'p1k_00511', 'p1k_00512', 'p1k_00600', 'p1k_00601', 'p1k_00606', 'p1k_00607', 'p1k_00552', 'p1k_00553', 'p1k_00594', 'p1k_00595', 'p1k_00518', 'p1k_00519', 'p1k_00520', 'p1k_00521', 'p1k_00526', 'p1k_00527', 'p1k_00528', 'p1k_00529', 'p1k_00534', 'p1k_00535', 'p1k_00710', 'p1k_00711', 'p1k_00712', 'p1k_00713', 'p1k_00714', 'p1k_00715', 'p1k_00771', 'p1k_00772', 'p1k_00775', 'p1k_00776', 'p1k_00779', 'p1k_00780', 'p1k_00783', 'p1k_00784', 'p1k_00787', 'p1k_00788', 'p1k_00884', 'p1k_00885']",ubiC,,,"('GMOS', 'M9', 37, 7.0, 'glucose(4)', 'NH4Cl(1)', 'O2', nan)",GMOS,M9,37,7.0,glucose(4),NH4Cl(1),O2,,,
p1k_00290,{'b4039': -1},"['p1k_00295', 'p1k_00296', 'p1k_00321', 'p1k_00322', 'p1k_00325', 'p1k_00326', 'p1k_00329', 'p1k_00330', 'p1k_00333', 'p1k_00334', 'p1k_00337', 'p1k_00338', 'p1k_00612', 'p1k_00613', 'p1k_00562', 'p1k_00563', 'p1k_00540', 'p1k_00541', 'p1k_00546', 'p1k_00547', 'p1k_00568', 'p1k_00569', 'p1k_00586', 'p1k_00587', 'p1k_00578', 'p1k_00579', 'p1k_00511', 'p1k_00512', 'p1k_00600', 'p1k_00601', 'p1k_00606', 'p1k_00607', 'p1k_00552', 'p1k_00553', 'p1k_00594', 'p1k_00595', 'p1k_00518', 'p1k_00519', 'p1k_00520', 'p1k_00521', 'p1k_00526', 'p1k_00527', 'p1k_00528', 'p1k_00529', 'p1k_00534', 'p1k_00535', 'p1k_00710', 'p1k_00711', 'p1k_00712', 'p1k_00713', 'p1k_00714', 'p1k_00715', 'p1k_00771', 'p1k_00772', 'p1k_00775', 'p1k_00776', 'p1k_00779', 'p1k_00780', 'p1k_00783', 'p1k_00784', 'p1k_00787', 'p1k_00788', 'p1k_00884', 'p1k_00885']",ubiC,,,"('GMOS', 'M9', 37, 7.0, 'glucose(4)', 'NH4Cl(1)', 'O2', nan)",GMOS,M9,37,7.0,glucose(4),NH4Cl(1),O2,,,
p1k_00291,{'b4039': -1},"['p1k_00295', 'p1k_00296', 'p1k_00321', 'p1k_00322', 'p1k_00325', 'p1k_00326', 'p1k_00329', 'p1k_00330', 'p1k_00333', 'p1k_00334', 'p1k_00337', 'p1k_00338', 'p1k_00612', 'p1k_00613', 'p1k_00562', 'p1k_00563', 'p1k_00540', 'p1k_00541', 'p1k_00546', 'p1k_00547', 'p1k_00568', 'p1k_00569', 'p1k_00586', 'p1k_00587', 'p1k_00578', 'p1k_00579', 'p1k_00511', 'p1k_00512', 'p1k_00600', 'p1k_00601', 'p1k_00606', 'p1k_00607', 'p1k_00552', 'p1k_00553', 'p1k_00594', 'p1k_00595', 'p1k_00518', 'p1k_00519', 'p1k_00520', 'p1k_00521', 'p1k_00526', 'p1k_00527', 'p1k_00528', 'p1k_00529', 'p1k_00534', 'p1k_00535', 'p1k_00710', 'p1k_00711', 'p1k_00712', 'p1k_00713', 'p1k_00714', 'p1k_00715', 'p1k_00771', 'p1k_00772', 'p1k_00775', 'p1k_00776', 'p1k_00779', 'p1k_00780', 'p1k_00783', 'p1k_00784', 'p1k_00787', 'p1k_00788', 'p1k_00884', 'p1k_00885']",ubiC,,,"('GMOS', 'M9', 37, 7.0, 'glucose(4)', 'NH4Cl(1)', 'O2', nan)",GMOS,M9,37,7.0,glucose(4),NH4Cl(1),O2,,,
p1k_00292,{'b4039': -1},"['p1k_00295', 'p1k_00296', 'p1k_00321', 'p1k_00322', 'p1k_00325', 'p1k_00326', 'p1k_00329', 'p1k_00330', 'p1k_00333', 'p1k_00334', 'p1k_00337', 'p1k_00338', 'p1k_00612', 'p1k_00613', 'p1k_00562', 'p1k_00563', 'p1k_00540', 'p1k_00541', 'p1k_00546', 'p1k_00547', 'p1k_00568', 'p1k_00569', 'p1k_00586', 'p1k_00587', 'p1k_00578', 'p1k_00579', 'p1k_00511', 'p1k_00512', 'p1k_00600', 'p1k_00601', 'p1k_00606', 'p1k_00607', 'p1k_00552', 'p1k_00553', 'p1k_00594', 'p1k_00595', 'p1k_00518', 'p1k_00519', 'p1k_00520', 'p1k_00521', 'p1k_00526', 'p1k_00527', 'p1k_00528', 'p1k_00529', 'p1k_00534', 'p1k_00535', 'p1k_00710', 'p1k_00711', 'p1k_00712', 'p1k_00713', 'p1k_00714', 'p1k_00715', 'p1k_00771', 'p1k_00772', 'p1k_00775', 'p1k_00776', 'p1k_00779', 'p1k_00780', 'p1k_00783', 'p1k_00784', 'p1k_00787', 'p1k_00788', 'p1k_00884', 'p1k_00885']",ubiC,,,"('GMOS', 'M9', 37, 7.0, 'glucose(4)', 'NH4Cl(1)', 'O2', nan)",GMOS,M9,37,7.0,glucose(4),NH4Cl(1),O2,,,
p1k_00293,{'b0113': -1},"['p1k_00041', 'p1k_00042', 'p1k_00070', 'p1k_00071', 'p1k_00072', 'p1k_00092', 'p1k_00093', 'p1k_00125', 'p1k_00126', 'p1k_00127', 'p1k_00128', 'p1k_00129', 'p1k_00130', 'p1k_00131', 'p1k_00143', 'p1k_00146', 'p1k_00147', 'p1k_00148', 'p1k_00155', 'p1k_00157', 'p1k_00159', 'p1k_00317', 'p1k_00318', 'p1k_00357', 'p1k_00358', 'p1k_00389', 'p1k_00390', 'p1k_00395', 'p1k_00396', 'p1k_00401', 'p1k_00402', 'p1k_00407', 'p1k_00408', 'p1k_00413', 'p1k_00414', 'p1k_00421', 'p1k_00422', 'p1k_00423', 'p1k_00424', 'p1k_00431', 'p1k_00432', 'p1k_00437', 'p1k_00438', 'p1k_00882', 'p1k_00883']",pdhR,,,"('MG1655', 'M9', 37, 7.0, 'glucose(4)', 'NH4Cl(1)', 'O2', nan)",MG1655,M9,37,7.0,glucose(4),NH4Cl(1),O2,,,0.7
p1k_00294,{'b0113': -1},"['p1k_00041', 'p1k_00042', 'p1k_00070', 'p1k_00071', 'p1k_00072', 'p1k_00092', 'p1k_00093', 'p1k_00125', 'p1k_00126', 'p1k_00127', 'p1k_00128', 'p1k_00129', 'p1k_00130', 'p1k_00131', 'p1k_00143', 'p1k_00146', 'p1k_00147', 'p1k_00148', 'p1k_00155', 'p1k_00157', 'p1k_00159', 'p1k_00317', 'p1k_00318', 'p1k_00357', 'p1k_00358', 'p1k_00389', 'p1k_00390', 'p1k_00395', 'p1k_00396', 'p1k_00401', 'p1k_00402', 'p1k_00407', 'p1k_00408', 'p1k_00413', 'p1k_00414', 'p1k_00421', 'p1k_00422', 'p1k_00423', 'p1k_00424', 'p1k_00431', 'p1k_00432', 'p1k_00437', 'p1k_00438', 'p1k_00882', 'p1k_00883']",pdhR,,,"('MG1655', 'M9', 37, 7.0, 'glucose(4)', 'NH4Cl(1)', 'O2', nan)",MG1655,M9,37,7.0,glucose(4),NH4Cl(1),O2,,,0.7
p1k_00297,{'b2265': -1},"['p1k_00295', 'p1k_00296', 'p1k_00321', 'p1k_00322', 'p1k_00325', 'p1k_00326', 'p1k_00329', 'p1k_00330', 'p1k_00333', 'p1k_00334', 'p1k_00337', 'p1k_00338', 'p1k_00612', 'p1k_00613', 'p1k_00562', 'p1k_00563', 'p1k_00540', 'p1k_00541', 'p1k_00546', 'p1k_00547', 'p1k_00568', 'p1k_00569', 'p1k_00586', 'p1k_00587', 'p1k_00578', 'p1k_00579', 'p1k_00511', 'p1k_00512', 'p1k_00600', 'p1k_00601', 'p1k_00606', 'p1k_00607', 'p1k_00552', 'p1k_00553', 'p1k_00594', 'p1k_00595', 'p1k_00518', 'p1k_00519', 'p1k_00520', 'p1k_00521', 'p1k_00526', 'p1k_00527', 'p1k_00528', 'p1k_00529', 'p1k_00534', 'p1k_00535', 'p1k_00710', 'p1k_00711', 'p1k_00712', 'p1k_00713', 'p1k_00714', 'p1k_00715', 'p1k_00771', 'p1k_00772', 'p1k_00775', 'p1k_00776', 'p1k_00779', 'p1k_00780', 'p1k_00783', 'p1k_00784', 'p1k_00787', 'p1k_00788', 'p1k_00884', 'p1k_00885']",menF,,,"('GMOS', 'M9', 37, 7.0, 'glucose(4)', 'NH4Cl(1)', 'O2', nan)",GMOS,M9,37,7.0,glucose(4),NH4Cl(1),O2,,,
p1k_00298,{'b2265': -1},"['p1k_00295', 'p1k_00296', 'p1k_00321', 'p1k_00322', 'p1k_00325', 'p1k_00326', 'p1k_00329', 'p1k_00330', 'p1k_00333', 'p1k_00334', 'p1k_00337', 'p1k_00338', 'p1k_00612', 'p1k_00613', 'p1k_00562', 'p1k_00563', 'p1k_00540', 'p1k_00541', 'p1k_00546', 'p1k_00547', 'p1k_00568', 'p1k_00569', 'p1k_00586', 'p1k_00587', 'p1k_00578', 'p1k_00579', 'p1k_00511', 'p1k_00512', 'p1k_00600', 'p1k_00601', 'p1k_00606', 'p1k_00607', 'p1k_00552', 'p1k_00553', 'p1k_00594', 'p1k_00595', 'p1k_00518', 'p1k_00519', 'p1k_00520', 'p1k_00521', 'p1k_00526', 'p1k_00527', 'p1k_00528', 'p1k_00529', 'p1k_00534', 'p1k_00535', 'p1k_00710', 'p1k_00711', 'p1k_00712', 'p1k_00713', 'p1k_00714', 'p1k_00715', 'p1k_00771', 'p1k_00772', 'p1k_00775', 'p1k_00776', 'p1k_00779', 'p1k_00780', 'p1k_00783', 'p1k_00784', 'p1k_00787', 'p1k_00788', 'p1k_00884', 'p1k_00885']",menF,,,"('GMOS', 'M9', 37, 7.0, 'glucose(4)', 'NH4Cl(1)', 'O2', nan)",GMOS,M9,37,7.0,glucose(4),NH4Cl(1),O2,,,
p1k_00299,{'b2265': -1},"['p1k_00295', 'p1k_00296', 'p1k_00321', 'p1k_00322', 'p1k_00325', 'p1k_00326', 'p1k_00329', 'p1k_00330', 'p1k_00333', 'p1k_00334', 'p1k_00337', 'p1k_00338', 'p1k_00612', 'p1k_00613', 'p1k_00562', 'p1k_00563', 'p1k_00540', 'p1k_00541', 'p1k_00546', 'p1k_00547', 'p1k_00568', 'p1k_00569', 'p1k_00586', 'p1k_00587', 'p1k_00578', 'p1k_00579', 'p1k_00511', 'p1k_00512', 'p1k_00600', 'p1k_00601', 'p1k_00606', 'p1k_00607', 'p1k_00552', 'p1k_00553', 'p1k_00594', 'p1k_00595', 'p1k_00518', 'p1k_00519', 'p1k_00520', 'p1k_00521', 'p1k_00526', 'p1k_00527', 'p1k_00528', 'p1k_00529', 'p1k_00534', 'p1k_00535', 'p1k_00710', 'p1k_00711', 'p1k_00712', 'p1k_00713', 'p1k_00714', 'p1k_00715', 'p1k_00771', 'p1k_00772', 'p1k_00775', 'p1k_00776', 'p1k_00779', 'p1k_00780', 'p1k_00783', 'p1k_00784', 'p1k_00787', 'p1k_00788', 'p1k_00884', 'p1k_00885']",menF,,,"('GMOS', 'M9', 37, 7.0, 'glucose(4)', 'NH4Cl(1)', 'O2', nan)",GMOS,M9,37,7.0,glucose(4),NH4Cl(1),O2,,,
p1k_00300,{'b2265': -1},"['p1k_00295', 'p1k_00296', 'p1k_00321', 'p1k_00322', 'p1k_00325', 'p1k_00326', 'p1k_00329', 'p1k_00330', 'p1k_00333', 'p1k_00334', 'p1k_00337', 'p1k_00338', 'p1k_00612', 'p1k_00613', 'p1k_00562', 'p1k_00563', 'p1k_00540', 'p1k_00541', 'p1k_00546', 'p1k_00547', 'p1k_00568', 'p1k_00569', 'p1k_00586', 'p1k_00587', 'p1k_00578', 'p1k_00579', 'p1k_00511', 'p1k_00512', 'p1k_00600', 'p1k_00601', 'p1k_00606', 'p1k_00607', 'p1k_00552', 'p1k_00553', 'p1k_00594', 'p1k_00595', 'p1k_00518', 'p1k_00519', 'p1k_00520', 'p1k_00521', 'p1k_00526', 'p1k_00527', 'p1k_00528', 'p1k_00529', 'p1k_00534', 'p1k_00535', 'p1k_00710', 'p1k_00711', 'p1k_00712', 'p1k_00713', 'p1k_00714', 'p1k_00715', 'p1k_00771', 'p1k_00772', 'p1k_00775', 'p1k_00776', 'p1k_00779', 'p1k_00780', 'p1k_00783', 'p1k_00784', 'p1k_00787', 'p1k_00788', 'p1k_00884', 'p1k_00885']",menF,,,"('GMOS', 'M9', 37, 7.0, 'glucose(4)', 'NH4Cl(1)', 'O2', nan)",GMOS,M9,37,7.0,glucose(4),NH4Cl(1),O2,,,
p1k_00301,{'b2265': -1},"['p1k_00295', 'p1k_00296', 'p1k_00321', 'p1k_00322', 'p1k_00325', 'p1k_00326', 'p1k_00329', 'p1k_00330', 'p1k_00333', 'p1k_00334', 'p1k_00337', 'p1k_00338', 'p1k_00612', 'p1k_00613', 'p1k_00562', 'p1k_00563', 'p1k_00540', 'p1k_00541', 'p1k_00546', 'p1k_00547', 'p1k_00568', 'p1k_00569', 'p1k_00586', 'p1k_00587', 'p1k_00578', 'p1k_00579', 'p1k_00511', 'p1k_00512', 'p1k_00600', 'p1k_00601', 'p1k_00606', 'p1k_00607', 'p1k_00552', 'p1k_00553', 'p1k_00594', 'p1k_00595', 'p1k_00518', 'p1k_00519', 'p1k_00520', 'p1k_00521', 'p1k_00526', 'p1k_00527', 'p1k_00528', 'p1k_00529', 'p1k_00534', 'p1k_00535', 'p1k_00710', 'p1k_00711', 'p1k_00712', 'p1k_00713', 'p1k_00714', 'p1k_00715', 'p1k_00771', 'p1k_00772', 'p1k_00775', 'p1k_00776', 'p1k_00779', 'p1k_00780', 'p1k_00783', 'p1k_00784', 'p1k_00787', 'p1k_00788', 'p1k_00884', 'p1k_00885']",menF,,,"('GMOS', 'M9', 37, 7.0, 'glucose(4)', 'NH4Cl(1)', 'O2', nan)",GMOS,M9,37,7.0,glucose(4),NH4Cl(1),O2,,,
p1k_00302,{'b2265': -1},"['p1k_00295', 'p1k_00296', 'p1k_00321', 'p1k_00322', 'p1k_00325', 'p1k_00326', 'p1k_00329', 'p1k_00330', 'p1k_00333', 'p1k_00334', 'p1k_00337', 'p1k_00338', 'p1k_00612', 'p1k_00613', 'p1k_00562', 'p1k_00563', 'p1k_00540', 'p1k_00541', 'p1k_00546', 'p1k_00547', 'p1k_00568', 'p1k_00569', 'p1k_00586', 'p1k_00587', 'p1k_00578', 'p1k_00579', 'p1k_00511', 'p1k_00512', 'p1k_00600', 'p1k_00601', 'p1k_00606', 'p1k_00607', 'p1k_00552', 'p1k_00553', 'p1k_00594', 'p1k_00595', 'p1k_00518', 'p1k_00519', 'p1k_00520', 'p1k_00521', 'p1k_00526', 'p1k_00527', 'p1k_00528', 'p1k_00529', 'p1k_00534', 'p1k_00535', 'p1k_00710', 'p1k_00711', 'p1k_00712', 'p1k_00713', 'p1k_00714', 'p1k_00715', 'p1k_00771', 'p1k_00772', 'p1k_00775', 'p1k_00776', 'p1k_00779', 'p1k_00780', 'p1k_00783', 'p1k_00784', 'p1k_00787', 'p1k_00788', 'p1k_00884', 'p1k_00885']",menF,,,"('GMOS', 'M9', 37, 7.0, 'glucose(4)', 'NH4Cl(1)', 'O2', nan)",GMOS,M9,37,7.0,glucose(4),NH4Cl(1),O2,,,
p1k_00303,{'b2265': -1},"['p1k_00295', 'p1k_00296', 'p1k_00321', 'p1k_00322', 'p1k_00325', 'p1k_00326', 'p1k_00329', 'p1k_00330', 'p1k_00333', 'p1k_00334', 'p1k_00337', 'p1k_00338', 'p1k_00612', 'p1k_00613', 'p1k_00562', 'p1k_00563', 'p1k_00540', 'p1k_00541', 'p1k_00546', 'p1k_00547', 'p1k_00568', 'p1k_00569', 'p1k_00586', 'p1k_00587', 'p1k_00578', 'p1k_00579', 'p1k_00511', 'p1k_00512', 'p1k_00600', 'p1k_00601', 'p1k_00606', 'p1k_00607', 'p1k_00552', 'p1k_00553', 'p1k_00594', 'p1k_00595', 'p1k_00518', 'p1k_00519', 'p1k_00520', 'p1k_00521', 'p1k_00526', 'p1k_00527', 'p1k_00528', 'p1k_00529', 'p1k_00534', 'p1k_00535', 'p1k_00710', 'p1k_00711', 'p1k_00712', 'p1k_00713', 'p1k_00714', 'p1k_00715', 'p1k_00771', 'p1k_00772', 'p1k_00775', 'p1k_00776', 'p1k_00779', 'p1k_00780', 'p1k_00783', 'p1k_00784', 'p1k_00787', 'p1k_00788', 'p1k_00884', 'p1k_00885']",menF,,,"('GMOS', 'M9', 37, 7.0, 'glucose(4)', 'NH4Cl(1)', 'O2', nan)",GMOS,M9,37,7.0,glucose(4),NH4Cl(1),O2,,,
p1k_00304,{'b2265': -1},"['p1k_00295', 'p1k_00296', 'p1k_00321', 'p1k_00322', 'p1k_00325', 'p1k_00326', 'p1k_00329', 'p1k_00330', 'p1k_00333', 'p1k_00334', 'p1k_00337', 'p1k_00338', 'p1k_00612', 'p1k_00613', 'p1k_00562', 'p1k_00563', 'p1k_00540', 'p1k_00541', 'p1k_00546', 'p1k_00547', 'p1k_00568', 'p1k_00569', 'p1k_00586', 'p1k_00587', 'p1k_00578', 'p1k_00579', 'p1k_00511', 'p1k_00512', 'p1k_00600', 'p1k_00601', 'p1k_00606', 'p1k_00607', 'p1k_00552', 'p1k_00553', 'p1k_00594', 'p1k_00595', 'p1k_00518', 'p1k_00519', 'p1k_00520', 'p1k_00521', 'p1k_00526', 'p1k_00527', 'p1k_00528', 'p1k_00529', 'p1k_00534', 'p1k_00535', 'p1k_00710', 'p1k_00711', 'p1k_00712', 'p1k_00713', 'p1k_00714', 'p1k_00715', 'p1k_00771', 'p1k_00772', 'p1k_00775', 'p1k_00776', 'p1k_00779', 'p1k_00780', 'p1k_00783', 'p1k_00784', 'p1k_00787', 'p1k_00788', 'p1k_00884', 'p1k_00885']",menF,,,"('GMOS', 'M9', 37, 7.0, 'glucose(4)', 'NH4Cl(1)', 'O2', nan)",GMOS,M9,37,7.0,glucose(4),NH4Cl(1),O2,,,
p1k_00305,{'b2265': -1},"['p1k_00295', 'p1k_00296', 'p1k_00321', 'p1k_00322', 'p1k_00325', 'p1k_00326', 'p1k_00329', 'p1k_00330', 'p1k_00333', 'p1k_00334', 'p1k_00337', 'p1k_00338', 'p1k_00612', 'p1k_00613', 'p1k_00562', 'p1k_00563', 'p1k_00540', 'p1k_00541', 'p1k_00546', 'p1k_00547', 'p1k_00568', 'p1k_00569', 'p1k_00586', 'p1k_00587', 'p1k_00578', 'p1k_00579', 'p1k_00511', 'p1k_00512', 'p1k_00600', 'p1k_00601', 'p1k_00606', 'p1k_00607', 'p1k_00552', 'p1k_00553', 'p1k_00594', 'p1k_00595', 'p1k_00518', 'p1k_00519', 'p1k_00520', 'p1k_00521', 'p1k_00526', 'p1k_00527', 'p1k_00528', 'p1k_00529', 'p1k_00534', 'p1k_00535', 'p1k_00710', 'p1k_00711', 'p1k_00712', 'p1k_00713', 'p1k_00714', 'p1k_00715', 'p1k_00771', 'p1k_00772', 'p1k_00775', 'p1k_00776', 'p1k_00779', 'p1k_00780', 'p1k_00783', 'p1k_00784', 'p1k_00787', 'p1k_00788', 'p1k_00884', 'p1k_00885']",menF,,,"('GMOS', 'M9', 37, 7.0, 'glucose(4)', 'NH4Cl(1)', 'O2', nan)",GMOS,M9,37,7.0,glucose(4),NH4Cl(1),O2,,,
p1k_00306,{'b2265': -1},"['p1k_00295', 'p1k_00296', 'p1k_00321', 'p1k_00322', 'p1k_00325', 'p1k_00326', 'p1k_00329', 'p1k_00330', 'p1k_00333', 'p1k_00334', 'p1k_00337', 'p1k_00338', 'p1k_00612', 'p1k_00613', 'p1k_00562', 'p1k_00563', 'p1k_00540', 'p1k_00541', 'p1k_00546', 'p1k_00547', 'p1k_00568', 'p1k_00569', 'p1k_00586', 'p1k_00587', 'p1k_00578', 'p1k_00579', 'p1k_00511', 'p1k_00512', 'p1k_00600', 'p1k_00601', 'p1k_00606', 'p1k_00607', 'p1k_00552', 'p1k_00553', 'p1k_00594', 'p1k_00595', 'p1k_00518', 'p1k_00519', 'p1k_00520', 'p1k_00521', 'p1k_00526', 'p1k_00527', 'p1k_00528', 'p1k_00529', 'p1k_00534', 'p1k_00535', 'p1k_00710', 'p1k_00711', 'p1k_00712', 'p1k_00713', 'p1k_00714', 'p1k_00715', 'p1k_00771', 'p1k_00772', 'p1k_00775', 'p1k_00776', 'p1k_00779', 'p1k_00780', 'p1k_00783', 'p1k_00784', 'p1k_00787', 'p1k_00788', 'p1k_00884', 'p1k_00885']",menF,,,"('GMOS', 'M9', 37, 7.0, 'glucose(4)', 'NH4Cl(1)', 'O2', nan)",GMOS,M9,37,7.0,glucose(4),NH4Cl(1),O2,,,
p1k_00307,"{'b2265': -1, 'b4039': -1}","['p1k_00295', 'p1k_00296', 'p1k_00321', 'p1k_00322', 'p1k_00325', 'p1k_00326', 'p1k_00329', 'p1k_00330', 'p1k_00333', 'p1k_00334', 'p1k_00337', 'p1k_00338', 'p1k_00612', 'p1k_00613', 'p1k_00562', 'p1k_00563', 'p1k_00540', 'p1k_00541', 'p1k_00546', 'p1k_00547', 'p1k_00568', 'p1k_00569', 'p1k_00586', 'p1k_00587', 'p1k_00578', 'p1k_00579', 'p1k_00511', 'p1k_00512', 'p1k_00600', 'p1k_00601', 'p1k_00606', 'p1k_00607', 'p1k_00552', 'p1k_00553', 'p1k_00594', 'p1k_00595', 'p1k_00518', 'p1k_00519', 'p1k_00520', 'p1k_00521', 'p1k_00526', 'p1k_00527', 'p1k_00528', 'p1k_00529', 'p1k_00534', 'p1k_00535', 'p1k_00710', 'p1k_00711', 'p1k_00712', 'p1k_00713', 'p1k_00714', 'p1k_00715', 'p1k_00771', 'p1k_00772', 'p1k_00775', 'p1k_00776', 'p1k_00779', 'p1k_00780', 'p1k_00783', 'p1k_00784', 'p1k_00787', 'p1k_00788', 'p1k_00884', 'p1k_00885']",menF&ubiC,,,"('GMOS', 'M9', 37, 7.0, 'glucose(4)', 'NH4Cl(1)', 'O2', nan)",GMOS,M9,37,7.0,glucose(4),NH4Cl(1),O2,,,
p1k_00308,"{'b2265': -1, 'b4039': -1}","['p1k_00295', 'p1k_00296', 'p1k_00321', 'p1k_00322', 'p1k_00325', 'p1k_00326', 'p1k_00329', 'p1k_00330', 'p1k_00333', 'p1k_00334', 'p1k_00337', 'p1k_00338', 'p1k_00612', 'p1k_00613', 'p1k_00562', 'p1k_00563', 'p1k_00540', 'p1k_00541', 'p1k_00546', 'p1k_00547', 'p1k_00568', 'p1k_00569', 'p1k_00586', 'p1k_00587', 'p1k_00578', 'p1k_00579', 'p1k_00511', 'p1k_00512', 'p1k_00600', 'p1k_00601', 'p1k_00606', 'p1k_00607', 'p1k_00552', 'p1k_00553', 'p1k_00594', 'p1k_00595', 'p1k_00518', 'p1k_00519', 'p1k_00520', 'p1k_00521', 'p1k_00526', 'p1k_00527', 'p1k_00528', 'p1k_00529', 'p1k_00534', 'p1k_00535', 'p1k_00710', 'p1k_00711', 'p1k_00712', 'p1k_00713', 'p1k_00714', 'p1k_00715', 'p1k_00771', 'p1k_00772', 'p1k_00775', 'p1k_00776', 'p1k_00779', 'p1k_00780', 'p1k_00783', 'p1k_00784', 'p1k_00787', 'p1k_00788', 'p1k_00884', 'p1k_00885']",menF&ubiC,,,"('GMOS', 'M9', 37, 7.0, 'glucose(4)', 'NH4Cl(1)', 'O2', nan)",GMOS,M9,37,7.0,glucose(4),NH4Cl(1),O2,,,
p1k_00309,"{'b2265': -1, 'b4039': -1}","['p1k_00295', 'p1k_00296', 'p1k_00321', 'p1k_00322', 'p1k_00325', 'p1k_00326', 'p1k_00329', 'p1k_00330', 'p1k_00333', 'p1k_00334', 'p1k_00337', 'p1k_00338', 'p1k_00612', 'p1k_00613', 'p1k_00562', 'p1k_00563', 'p1k_00540', 'p1k_00541', 'p1k_00546', 'p1k_00547', 'p1k_00568', 'p1k_00569', 'p1k_00586', 'p1k_00587', 'p1k_00578', 'p1k_00579', 'p1k_00511', 'p1k_00512', 'p1k_00600', 'p1k_00601', 'p1k_00606', 'p1k_00607', 'p1k_00552', 'p1k_00553', 'p1k_00594', 'p1k_00595', 'p1k_00518', 'p1k_00519', 'p1k_00520', 'p1k_00521', 'p1k_00526', 'p1k_00527', 'p1k_00528', 'p1k_00529', 'p1k_00534', 'p1k_00535', 'p1k_00710', 'p1k_00711', 'p1k_00712', 'p1k_00713', 'p1k_00714', 'p1k_00715', 'p1k_00771', 'p1k_00772', 'p1k_00775', 'p1k_00776', 'p1k_00779', 'p1k_00780', 'p1k_00783', 'p1k_00784', 'p1k_00787', 'p1k_00788', 'p1k_00884', 'p1k_00885']",menF&ubiC,,,"('GMOS', 'M9', 37, 7.0, 'glucose(4)', 'NH4Cl(1)', 'O2', nan)",GMOS,M9,37,7.0,glucose(4),NH4Cl(1),O2,,,
p1k_00310,"{'b2265': -1, 'b4039': -1}","['p1k_00295', 'p1k_00296', 'p1k_00321', 'p1k_00322', 'p1k_00325', 'p1k_00326', 'p1k_00329', 'p1k_00330', 'p1k_00333', 'p1k_00334', 'p1k_00337', 'p1k_00338', 'p1k_00612', 'p1k_00613', 'p1k_00562', 'p1k_00563', 'p1k_00540', 'p1k_00541', 'p1k_00546', 'p1k_00547', 'p1k_00568', 'p1k_00569', 'p1k_00586', 'p1k_00587', 'p1k_00578', 'p1k_00579', 'p1k_00511', 'p1k_00512', 'p1k_00600', 'p1k_00601', 'p1k_00606', 'p1k_00607', 'p1k_00552', 'p1k_00553', 'p1k_00594', 'p1k_00595', 'p1k_00518', 'p1k_00519', 'p1k_00520', 'p1k_00521', 'p1k_00526', 'p1k_00527', 'p1k_00528', 'p1k_00529', 'p1k_00534', 'p1k_00535', 'p1k_00710', 'p1k_00711', 'p1k_00712', 'p1k_00713', 'p1k_00714', 'p1k_00715', 'p1k_00771', 'p1k_00772', 'p1k_00775', 'p1k_00776', 'p1k_00779', 'p1k_00780', 'p1k_00783', 'p1k_00784', 'p1k_00787', 'p1k_00788', 'p1k_00884', 'p1k_00885']",menF&ubiC,,,"('GMOS', 'M9', 37, 7.0, 'glucose(4)', 'NH4Cl(1)', 'O2', nan)",GMOS,M9,37,7.0,glucose(4),NH4Cl(1),O2,,,
p1k_00311,"{'b2265': -1, 'b4039': -1}","['p1k_00295', 'p1k_00296', 'p1k_00321', 'p1k_00322', 'p1k_00325', 'p1k_00326', 'p1k_00329', 'p1k_00330', 'p1k_00333', 'p1k_00334', 'p1k_00337', 'p1k_00338', 'p1k_00612', 'p1k_00613', 'p1k_00562', 'p1k_00563', 'p1k_00540', 'p1k_00541', 'p1k_00546', 'p1k_00547', 'p1k_00568', 'p1k_00569', 'p1k_00586', 'p1k_00587', 'p1k_00578', 'p1k_00579', 'p1k_00511', 'p1k_00512', 'p1k_00600', 'p1k_00601', 'p1k_00606', 'p1k_00607', 'p1k_00552', 'p1k_00553', 'p1k_00594', 'p1k_00595', 'p1k_00518', 'p1k_00519', 'p1k_00520', 'p1k_00521', 'p1k_00526', 'p1k_00527', 'p1k_00528', 'p1k_00529', 'p1k_00534', 'p1k_00535', 'p1k_00710', 'p1k_00711', 'p1k_00712', 'p1k_00713', 'p1k_00714', 'p1k_00715', 'p1k_00771', 'p1k_00772', 'p1k_00775', 'p1k_00776', 'p1k_00779', 'p1k_00780', 'p1k_00783', 'p1k_00784', 'p1k_00787', 'p1k_00788', 'p1k_00884', 'p1k_00885']",menF&ubiC,,,"('GMOS', 'M9', 37, 7.0, 'glucose(4)', 'NH4Cl(1)', 'O2', nan)",GMOS,M9,37,7.0,glucose(4),NH4Cl(1),O2,,,
p1k_00312,"{'b2265': -1, 'b4039': -1}","['p1k_00295', 'p1k_00296', 'p1k_00321', 'p1k_00322', 'p1k_00325', 'p1k_00326', 'p1k_00329', 'p1k_00330', 'p1k_00333', 'p1k_00334', 'p1k_00337', 'p1k_00338', 'p1k_00612', 'p1k_00613', 'p1k_00562', 'p1k_00563', 'p1k_00540', 'p1k_00541', 'p1k_00546', 'p1k_00547', 'p1k_00568', 'p1k_00569', 'p1k_00586', 'p1k_00587', 'p1k_00578', 'p1k_00579', 'p1k_00511', 'p1k_00512', 'p1k_00600', 'p1k_00601', 'p1k_00606', 'p1k_00607', 'p1k_00552', 'p1k_00553', 'p1k_00594', 'p1k_00595', 'p1k_00518', 'p1k_00519', 'p1k_00520', 'p1k_00521', 'p1k_00526', 'p1k_00527', 'p1k_00528', 'p1k_00529', 'p1k_00534', 'p1k_00535', 'p1k_00710', 'p1k_00711', 'p1k_00712', 'p1k_00713', 'p1k_00714', 'p1k_00715', 'p1k_00771', 'p1k_00772', 'p1k_00775', 'p1k_00776', 'p1k_00779', 'p1k_00780', 'p1k_00783', 'p1k_00784', 'p1k_00787', 'p1k_00788', 'p1k_00884', 'p1k_00885']",menF&ubiC,,,"('GMOS', 'M9', 37, 7.0, 'glucose(4)', 'NH4Cl(1)', 'O2', nan)",GMOS,M9,37,7.0,glucose(4),NH4Cl(1),O2,,,
p1k_00313,"{'b2265': -1, 'b4039': -1}","['p1k_00295', 'p1k_00296', 'p1k_00321', 'p1k_00322', 'p1k_00325', 'p1k_00326', 'p1k_00329', 'p1k_00330', 'p1k_00333', 'p1k_00334', 'p1k_00337', 'p1k_00338', 'p1k_00612', 'p1k_00613', 'p1k_00562', 'p1k_00563', 'p1k_00540', 'p1k_00541', 'p1k_00546', 'p1k_00547', 'p1k_00568', 'p1k_00569', 'p1k_00586', 'p1k_00587', 'p1k_00578', 'p1k_00579', 'p1k_00511', 'p1k_00512', 'p1k_00600', 'p1k_00601', 'p1k_00606', 'p1k_00607', 'p1k_00552', 'p1k_00553', 'p1k_00594', 'p1k_00595', 'p1k_00518', 'p1k_00519', 'p1k_00520', 'p1k_00521', 'p1k_00526', 'p1k_00527', 'p1k_00528', 'p1k_00529', 'p1k_00534', 'p1k_00535', 'p1k_00710', 'p1k_00711', 'p1k_00712', 'p1k_00713', 'p1k_00714', 'p1k_00715', 'p1k_00771', 'p1k_00772', 'p1k_00775', 'p1k_00776', 'p1k_00779', 'p1k_00780', 'p1k_00783', 'p1k_00784', 'p1k_00787', 'p1k_00788', 'p1k_00884', 'p1k_00885']",menF&ubiC,,,"('GMOS', 'M9', 37, 7.0, 'glucose(4)', 'NH4Cl(1)', 'O2', nan)",GMOS,M9,37,7.0,glucose(4),NH4Cl(1),O2,,,
p1k_00314,"{'b2265': -1, 'b4039': -1}","['p1k_00295', 'p1k_00296', 'p1k_00321', 'p1k_00322', 'p1k_00325', 'p1k_00326', 'p1k_00329', 'p1k_00330', 'p1k_00333', 'p1k_00334', 'p1k_00337', 'p1k_00338', 'p1k_00612', 'p1k_00613', 'p1k_00562', 'p1k_00563', 'p1k_00540', 'p1k_00541', 'p1k_00546', 'p1k_00547', 'p1k_00568', 'p1k_00569', 'p1k_00586', 'p1k_00587', 'p1k_00578', 'p1k_00579', 'p1k_00511', 'p1k_00512', 'p1k_00600', 'p1k_00601', 'p1k_00606', 'p1k_00607', 'p1k_00552', 'p1k_00553', 'p1k_00594', 'p1k_00595', 'p1k_00518', 'p1k_00519', 'p1k_00520', 'p1k_00521', 'p1k_00526', 'p1k_00527', 'p1k_00528', 'p1k_00529', 'p1k_00534', 'p1k_00535', 'p1k_00710', 'p1k_00711', 'p1k_00712', 'p1k_00713', 'p1k_00714', 'p1k_00715', 'p1k_00771', 'p1k_00772', 'p1k_00775', 'p1k_00776', 'p1k_00779', 'p1k_00780', 'p1k_00783', 'p1k_00784', 'p1k_00787', 'p1k_00788', 'p1k_00884', 'p1k_00885']",menF&ubiC,,,"('GMOS', 'M9', 37, 7.0, 'glucose(4)', 'NH4Cl(1)', 'O2', nan)",GMOS,M9,37,7.0,glucose(4),NH4Cl(1),O2,,,
p1k_00315,"{'b2265': -1, 'b4039': -1}","['p1k_00295', 'p1k_00296', 'p1k_00321', 'p1k_00322', 'p1k_00325', 'p1k_00326', 'p1k_00329', 'p1k_00330', 'p1k_00333', 'p1k_00334', 'p1k_00337', 'p1k_00338', 'p1k_00612', 'p1k_00613', 'p1k_00562', 'p1k_00563', 'p1k_00540', 'p1k_00541', 'p1k_00546', 'p1k_00547', 'p1k_00568', 'p1k_00569', 'p1k_00586', 'p1k_00587', 'p1k_00578', 'p1k_00579', 'p1k_00511', 'p1k_00512', 'p1k_00600', 'p1k_00601', 'p1k_00606', 'p1k_00607', 'p1k_00552', 'p1k_00553', 'p1k_00594', 'p1k_00595', 'p1k_00518', 'p1k_00519', 'p1k_00520', 'p1k_00521', 'p1k_00526', 'p1k_00527', 'p1k_00528', 'p1k_00529', 'p1k_00534', 'p1k_00535', 'p1k_00710', 'p1k_00711', 'p1k_00712', 'p1k_00713', 'p1k_00714', 'p1k_00715', 'p1k_00771', 'p1k_00772', 'p1k_00775', 'p1k_00776', 'p1k_00779', 'p1k_00780', 'p1k_00783', 'p1k_00784', 'p1k_00787', 'p1k_00788', 'p1k_00884', 'p1k_00885']",menF&ubiC,,,"('GMOS', 'M9', 37, 7.0, 'glucose(4)', 'NH4Cl(1)', 'O2', nan)",GMOS,M9,37,7.0,glucose(4),NH4Cl(1),O2,,,
p1k_00316,"{'b2265': -1, 'b4039': -1}","['p1k_00295', 'p1k_00296', 'p1k_00321', 'p1k_00322', 'p1k_00325', 'p1k_00326', 'p1k_00329', 'p1k_00330', 'p1k_00333', 'p1k_00334', 'p1k_00337', 'p1k_00338', 'p1k_00612', 'p1k_00613', 'p1k_00562', 'p1k_00563', 'p1k_00540', 'p1k_00541', 'p1k_00546', 'p1k_00547', 'p1k_00568', 'p1k_00569', 'p1k_00586', 'p1k_00587', 'p1k_00578', 'p1k_00579', 'p1k_00511', 'p1k_00512', 'p1k_00600', 'p1k_00601', 'p1k_00606', 'p1k_00607', 'p1k_00552', 'p1k_00553', 'p1k_00594', 'p1k_00595', 'p1k_00518', 'p1k_00519', 'p1k_00520', 'p1k_00521', 'p1k_00526', 'p1k_00527', 'p1k_00528', 'p1k_00529', 'p1k_00534', 'p1k_00535', 'p1k_00710', 'p1k_00711', 'p1k_00712', 'p1k_00713', 'p1k_00714', 'p1k_00715', 'p1k_00771', 'p1k_00772', 'p1k_00775', 'p1k_00776', 'p1k_00779', 'p1k_00780', 'p1k_00783', 'p1k_00784', 'p1k_00787', 'p1k_00788', 'p1k_00884', 'p1k_00885']",menF&ubiC,,,"('GMOS', 'M9', 37, 7.0, 'glucose(4)', 'NH4Cl(1)', 'O2', nan)",GMOS,M9,37,7.0,glucose(4),NH4Cl(1),O2,,,
p1k_00341,{'b4025': -1},"['p1k_00041', 'p1k_00042', 'p1k_00070', 'p1k_00071', 'p1k_00072', 'p1k_00092', 'p1k_00093', 'p1k_00125', 'p1k_00126', 'p1k_00127', 'p1k_00128', 'p1k_00129', 'p1k_00130', 'p1k_00131', 'p1k_00143', 'p1k_00146', 'p1k_00147', 'p1k_00148', 'p1k_00155', 'p1k_00157', 'p1k_00159', 'p1k_00317', 'p1k_00318', 'p1k_00357', 'p1k_00358', 'p1k_00389', 'p1k_00390', 'p1k_00395', 'p1k_00396', 'p1k_00401', 'p1k_00402', 'p1k_00407', 'p1k_00408', 'p1k_00413', 'p1k_00414', 'p1k_00421', 'p1k_00422', 'p1k_00423', 'p1k_00424', 'p1k_00431', 'p1k_00432', 'p1k_00437', 'p1k_00438', 'p1k_00882', 'p1k_00883']",,pgi,,"('MG1655', 'M9', 37, 7.0, 'glucose(4)', 'NH4Cl(1)', 'O2', nan)",MG1655,M9,37,7.0,glucose(4),NH4Cl(1),O2,,,
p1k_00342,{'b4025': -1},"['p1k_00041', 'p1k_00042', 'p1k_00070', 'p1k_00071', 'p1k_00072', 'p1k_00092', 'p1k_00093', 'p1k_00125', 'p1k_00126', 'p1k_00127', 'p1k_00128', 'p1k_00129', 'p1k_00130', 'p1k_00131', 'p1k_00143', 'p1k_00146', 'p1k_00147', 'p1k_00148', 'p1k_00155', 'p1k_00157', 'p1k_00159', 'p1k_00317', 'p1k_00318', 'p1k_00357', 'p1k_00358', 'p1k_00389', 'p1k_00390', 'p1k_00395', 'p1k_00396', 'p1k_00401', 'p1k_00402', 'p1k_00407', 'p1k_00408', 'p1k_00413', 'p1k_00414', 'p1k_00421', 'p1k_00422', 'p1k_00423', 'p1k_00424', 'p1k_00431', 'p1k_00432', 'p1k_00437', 'p1k_00438', 'p1k_00882', 'p1k_00883']",,pgi,,"('MG1655', 'M9', 37, 7.0, 'glucose(4)', 'NH4Cl(1)', 'O2', nan)",MG1655,M9,37,7.0,glucose(4),NH4Cl(1),O2,,,
p1k_00343,{'b4025': -1},"['p1k_00041', 'p1k_00042', 'p1k_00070', 'p1k_00071', 'p1k_00072', 'p1k_00092', 'p1k_00093', 'p1k_00125', 'p1k_00126', 'p1k_00127', 'p1k_00128', 'p1k_00129', 'p1k_00130', 'p1k_00131', 'p1k_00143', 'p1k_00146', 'p1k_00147', 'p1k_00148', 'p1k_00155', 'p1k_00157', 'p1k_00159', 'p1k_00317', 'p1k_00318', 'p1k_00357', 'p1k_00358', 'p1k_00389', 'p1k_00390', 'p1k_00395', 'p1k_00396', 'p1k_00401', 'p1k_00402', 'p1k_00407', 'p1k_00408', 'p1k_00413', 'p1k_00414', 'p1k_00421', 'p1k_00422', 'p1k_00423', 'p1k_00424', 'p1k_00431', 'p1k_00432', 'p1k_00437', 'p1k_00438', 'p1k_00882', 'p1k_00883']",,pgi,,"('MG1655', 'M9', 37, 7.0, 'glucose(4)', 'NH4Cl(1)', 'O2', nan)",MG1655,M9,37,7.0,glucose(4),NH4Cl(1),O2,,,
p1k_00344,{'b4025': -1},"['p1k_00041', 'p1k_00042', 'p1k_00070', 'p1k_00071', 'p1k_00072', 'p1k_00092', 'p1k_00093', 'p1k_00125', 'p1k_00126', 'p1k_00127', 'p1k_00128', 'p1k_00129', 'p1k_00130', 'p1k_00131', 'p1k_00143', 'p1k_00146', 'p1k_00147', 'p1k_00148', 'p1k_00155', 'p1k_00157', 'p1k_00159', 'p1k_00317', 'p1k_00318', 'p1k_00357', 'p1k_00358', 'p1k_00389', 'p1k_00390', 'p1k_00395', 'p1k_00396', 'p1k_00401', 'p1k_00402', 'p1k_00407', 'p1k_00408', 'p1k_00413', 'p1k_00414', 'p1k_00421', 'p1k_00422', 'p1k_00423', 'p1k_00424', 'p1k_00431', 'p1k_00432', 'p1k_00437', 'p1k_00438', 'p1k_00882', 'p1k_00883']",,pgi,,"('MG1655', 'M9', 37, 7.0, 'glucose(4)', 'NH4Cl(1)', 'O2', nan)",MG1655,M9,37,7.0,glucose(4),NH4Cl(1),O2,,,
p1k_00345,{'b4025': -1},"['p1k_00041', 'p1k_00042', 'p1k_00070', 'p1k_00071', 'p1k_00072', 'p1k_00092', 'p1k_00093', 'p1k_00125', 'p1k_00126', 'p1k_00127', 'p1k_00128', 'p1k_00129', 'p1k_00130', 'p1k_00131', 'p1k_00143', 'p1k_00146', 'p1k_00147', 'p1k_00148', 'p1k_00155', 'p1k_00157', 'p1k_00159', 'p1k_00317', 'p1k_00318', 'p1k_00357', 'p1k_00358', 'p1k_00389', 'p1k_00390', 'p1k_00395', 'p1k_00396', 'p1k_00401', 'p1k_00402', 'p1k_00407', 'p1k_00408', 'p1k_00413', 'p1k_00414', 'p1k_00421', 'p1k_00422', 'p1k_00423', 'p1k_00424', 'p1k_00431', 'p1k_00432', 'p1k_00437', 'p1k_00438', 'p1k_00882', 'p1k_00883']",,pgi,,"('MG1655', 'M9', 37, 7.0, 'glucose(4)', 'NH4Cl(1)', 'O2', nan)",MG1655,M9,37,7.0,glucose(4),NH4Cl(1),O2,,,
p1k_00346,{'b4025': -1},"['p1k_00041', 'p1k_00042', 'p1k_00070', 'p1k_00071', 'p1k_00072', 'p1k_00092', 'p1k_00093', 'p1k_00125', 'p1k_00126', 'p1k_00127', 'p1k_00128', 'p1k_00129', 'p1k_00130', 'p1k_00131', 'p1k_00143', 'p1k_00146', 'p1k_00147', 'p1k_00148', 'p1k_00155', 'p1k_00157', 'p1k_00159', 'p1k_00317', 'p1k_00318', 'p1k_00357', 'p1k_00358', 'p1k_00389', 'p1k_00390', 'p1k_00395', 'p1k_00396', 'p1k_00401', 'p1k_00402', 'p1k_00407', 'p1k_00408', 'p1k_00413', 'p1k_00414', 'p1k_00421', 'p1k_00422', 'p1k_00423', 'p1k_00424', 'p1k_00431', 'p1k_00432', 'p1k_00437', 'p1k_00438', 'p1k_00882', 'p1k_00883']",,pgi,,"('MG1655', 'M9', 37, 7.0, 'glucose(4)', 'NH4Cl(1)', 'O2', nan)",MG1655,M9,37,7.0,glucose(4),NH4Cl(1),O2,,,
p1k_00347,{'b4025': -1},"['p1k_00041', 'p1k_00042', 'p1k_00070', 'p1k_00071', 'p1k_00072', 'p1k_00092', 'p1k_00093', 'p1k_00125', 'p1k_00126', 'p1k_00127', 'p1k_00128', 'p1k_00129', 'p1k_00130', 'p1k_00131', 'p1k_00143', 'p1k_00146', 'p1k_00147', 'p1k_00148', 'p1k_00155', 'p1k_00157', 'p1k_00159', 'p1k_00317', 'p1k_00318', 'p1k_00357', 'p1k_00358', 'p1k_00389', 'p1k_00390', 'p1k_00395', 'p1k_00396', 'p1k_00401', 'p1k_00402', 'p1k_00407', 'p1k_00408', 'p1k_00413', 'p1k_00414', 'p1k_00421', 'p1k_00422', 'p1k_00423', 'p1k_00424', 'p1k_00431', 'p1k_00432', 'p1k_00437', 'p1k_00438', 'p1k_00882', 'p1k_00883']",,pgi,,"('MG1655', 'M9', 37, 7.0, 'glucose(4)', 'NH4Cl(1)', 'O2', nan)",MG1655,M9,37,7.0,glucose(4),NH4Cl(1),O2,,,
p1k_00348,{'b4025': -1},"['p1k_00041', 'p1k_00042', 'p1k_00070', 'p1k_00071', 'p1k_00072', 'p1k_00092', 'p1k_00093', 'p1k_00125', 'p1k_00126', 'p1k_00127', 'p1k_00128', 'p1k_00129', 'p1k_00130', 'p1k_00131', 'p1k_00143', 'p1k_00146', 'p1k_00147', 'p1k_00148', 'p1k_00155', 'p1k_00157', 'p1k_00159', 'p1k_00317', 'p1k_00318', 'p1k_00357', 'p1k_00358', 'p1k_00389', 'p1k_00390', 'p1k_00395', 'p1k_00396', 'p1k_00401', 'p1k_00402', 'p1k_00407', 'p1k_00408', 'p1k_00413', 'p1k_00414', 'p1k_00421', 'p1k_00422', 'p1k_00423', 'p1k_00424', 'p1k_00431', 'p1k_00432', 'p1k_00437', 'p1k_00438', 'p1k_00882', 'p1k_00883']",,pgi,,"('MG1655', 'M9', 37, 7.0, 'glucose(4)', 'NH4Cl(1)', 'O2', nan)",MG1655,M9,37,7.0,glucose(4),NH4Cl(1),O2,,,
p1k_00349,{'b4025': -1},"['p1k_00041', 'p1k_00042', 'p1k_00070', 'p1k_00071', 'p1k_00072', 'p1k_00092', 'p1k_00093', 'p1k_00125', 'p1k_00126', 'p1k_00127', 'p1k_00128', 'p1k_00129', 'p1k_00130', 'p1k_00131', 'p1k_00143', 'p1k_00146', 'p1k_00147', 'p1k_00148', 'p1k_00155', 'p1k_00157', 'p1k_00159', 'p1k_00317', 'p1k_00318', 'p1k_00357', 'p1k_00358', 'p1k_00389', 'p1k_00390', 'p1k_00395', 'p1k_00396', 'p1k_00401', 'p1k_00402', 'p1k_00407', 'p1k_00408', 'p1k_00413', 'p1k_00414', 'p1k_00421', 'p1k_00422', 'p1k_00423', 'p1k_00424', 'p1k_00431', 'p1k_00432', 'p1k_00437', 'p1k_00438', 'p1k_00882', 'p1k_00883']",,pgi,,"('MG1655', 'M9', 37, 7.0, 'glucose(4)', 'NH4Cl(1)', 'O2', nan)",MG1655,M9,37,7.0,glucose(4),NH4Cl(1),O2,,,
p1k_00350,{'b4025': -1},"['p1k_00041', 'p1k_00042', 'p1k_00070', 'p1k_00071', 'p1k_00072', 'p1k_00092', 'p1k_00093', 'p1k_00125', 'p1k_00126', 'p1k_00127', 'p1k_00128', 'p1k_00129', 'p1k_00130', 'p1k_00131', 'p1k_00143', 'p1k_00146', 'p1k_00147', 'p1k_00148', 'p1k_00155', 'p1k_00157', 'p1k_00159', 'p1k_00317', 'p1k_00318', 'p1k_00357', 'p1k_00358', 'p1k_00389', 'p1k_00390', 'p1k_00395', 'p1k_00396', 'p1k_00401', 'p1k_00402', 'p1k_00407', 'p1k_00408', 'p1k_00413', 'p1k_00414', 'p1k_00421', 'p1k_00422', 'p1k_00423', 'p1k_00424', 'p1k_00431', 'p1k_00432', 'p1k_00437', 'p1k_00438', 'p1k_00882', 'p1k_00883']",,pgi,,"('MG1655', 'M9', 37, 7.0, 'glucose(4)', 'NH4Cl(1)', 'O2', nan)",MG1655,M9,37,7.0,glucose(4),NH4Cl(1),O2,,,
p1k_00351,{'b4025': -1},"['p1k_00041', 'p1k_00042', 'p1k_00070', 'p1k_00071', 'p1k_00072', 'p1k_00092', 'p1k_00093', 'p1k_00125', 'p1k_00126', 'p1k_00127', 'p1k_00128', 'p1k_00129', 'p1k_00130', 'p1k_00131', 'p1k_00143', 'p1k_00146', 'p1k_00147', 'p1k_00148', 'p1k_00155', 'p1k_00157', 'p1k_00159', 'p1k_00317', 'p1k_00318', 'p1k_00357', 'p1k_00358', 'p1k_00389', 'p1k_00390', 'p1k_00395', 'p1k_00396', 'p1k_00401', 'p1k_00402', 'p1k_00407', 'p1k_00408', 'p1k_00413', 'p1k_00414', 'p1k_00421', 'p1k_00422', 'p1k_00423', 'p1k_00424', 'p1k_00431', 'p1k_00432', 'p1k_00437', 'p1k_00438', 'p1k_00882', 'p1k_00883']",,pgi,,"('MG1655', 'M9', 37, 7.0, 'glucose(4)', 'NH4Cl(1)', 'O2', nan)",MG1655,M9,37,7.0,glucose(4),NH4Cl(1),O2,,,
p1k_00352,{'b4025': -1},"['p1k_00041', 'p1k_00042', 'p1k_00070', 'p1k_00071', 'p1k_00072', 'p1k_00092', 'p1k_00093', 'p1k_00125', 'p1k_00126', 'p1k_00127', 'p1k_00128', 'p1k_00129', 'p1k_00130', 'p1k_00131', 'p1k_00143', 'p1k_00146', 'p1k_00147', 'p1k_00148', 'p1k_00155', 'p1k_00157', 'p1k_00159', 'p1k_00317', 'p1k_00318', 'p1k_00357', 'p1k_00358', 'p1k_00389', 'p1k_00390', 'p1k_00395', 'p1k_00396', 'p1k_00401', 'p1k_00402', 'p1k_00407', 'p1k_00408', 'p1k_00413', 'p1k_00414', 'p1k_00421', 'p1k_00422', 'p1k_00423', 'p1k_00424', 'p1k_00431', 'p1k_00432', 'p1k_00437', 'p1k_00438', 'p1k_00882', 'p1k_00883']",,pgi,,"('MG1655', 'M9', 37, 7.0, 'glucose(4)', 'NH4Cl(1)', 'O2', nan)",MG1655,M9,37,7.0,glucose(4),NH4Cl(1),O2,,,
p1k_00353,{'b4025': -1},"['p1k_00041', 'p1k_00042', 'p1k_00070', 'p1k_00071', 'p1k_00072', 'p1k_00092', 'p1k_00093', 'p1k_00125', 'p1k_00126', 'p1k_00127', 'p1k_00128', 'p1k_00129', 'p1k_00130', 'p1k_00131', 'p1k_00143', 'p1k_00146', 'p1k_00147', 'p1k_00148', 'p1k_00155', 'p1k_00157', 'p1k_00159', 'p1k_00317', 'p1k_00318', 'p1k_00357', 'p1k_00358', 'p1k_00389', 'p1k_00390', 'p1k_00395', 'p1k_00396', 'p1k_00401', 'p1k_00402', 'p1k_00407', 'p1k_00408', 'p1k_00413', 'p1k_00414', 'p1k_00421', 'p1k_00422', 'p1k_00423', 'p1k_00424', 'p1k_00431', 'p1k_00432', 'p1k_00437', 'p1k_00438', 'p1k_00882', 'p1k_00883']",,pgi,,"('MG1655', 'M9', 37, 7.0, 'glucose(4)', 'NH4Cl(1)', 'O2', nan)",MG1655,M9,37,7.0,glucose(4),NH4Cl(1),O2,,,
p1k_00354,{'b4025': -1},"['p1k_00041', 'p1k_00042', 'p1k_00070', 'p1k_00071', 'p1k_00072', 'p1k_00092', 'p1k_00093', 'p1k_00125', 'p1k_00126', 'p1k_00127', 'p1k_00128', 'p1k_00129', 'p1k_00130', 'p1k_00131', 'p1k_00143', 'p1k_00146', 'p1k_00147', 'p1k_00148', 'p1k_00155', 'p1k_00157', 'p1k_00159', 'p1k_00317', 'p1k_00318', 'p1k_00357', 'p1k_00358', 'p1k_00389', 'p1k_00390', 'p1k_00395', 'p1k_00396', 'p1k_00401', 'p1k_00402', 'p1k_00407', 'p1k_00408', 'p1k_00413', 'p1k_00414', 'p1k_00421', 'p1k_00422', 'p1k_00423', 'p1k_00424', 'p1k_00431', 'p1k_00432', 'p1k_00437', 'p1k_00438', 'p1k_00882', 'p1k_00883']",,pgi,,"('MG1655', 'M9', 37, 7.0, 'glucose(4)', 'NH4Cl(1)', 'O2', nan)",MG1655,M9,37,7.0,glucose(4),NH4Cl(1),O2,,,
p1k_00355,{'b4025': -1},"['p1k_00041', 'p1k_00042', 'p1k_00070', 'p1k_00071', 'p1k_00072', 'p1k_00092', 'p1k_00093', 'p1k_00125', 'p1k_00126', 'p1k_00127', 'p1k_00128', 'p1k_00129', 'p1k_00130', 'p1k_00131', 'p1k_00143', 'p1k_00146', 'p1k_00147', 'p1k_00148', 'p1k_00155', 'p1k_00157', 'p1k_00159', 'p1k_00317', 'p1k_00318', 'p1k_00357', 'p1k_00358', 'p1k_00389', 'p1k_00390', 'p1k_00395', 'p1k_00396', 'p1k_00401', 'p1k_00402', 'p1k_00407', 'p1k_00408', 'p1k_00413', 'p1k_00414', 'p1k_00421', 'p1k_00422', 'p1k_00423', 'p1k_00424', 'p1k_00431', 'p1k_00432', 'p1k_00437', 'p1k_00438', 'p1k_00882', 'p1k_00883']",,pgi,,"('MG1655', 'M9', 37, 7.0, 'glucose(4)', 'NH4Cl(1)', 'O2', nan)",MG1655,M9,37,7.0,glucose(4),NH4Cl(1),O2,,,
p1k_00356,{'b4025': -1},"['p1k_00041', 'p1k_00042', 'p1k_00070', 'p1k_00071', 'p1k_00072', 'p1k_00092', 'p1k_00093', 'p1k_00125', 'p1k_00126', 'p1k_00127', 'p1k_00128', 'p1k_00129', 'p1k_00130', 'p1k_00131', 'p1k_00143', 'p1k_00146', 'p1k_00147', 'p1k_00148', 'p1k_00155', 'p1k_00157', 'p1k_00159', 'p1k_00317', 'p1k_00318', 'p1k_00357', 'p1k_00358', 'p1k_00389', 'p1k_00390', 'p1k_00395', 'p1k_00396', 'p1k_00401', 'p1k_00402', 'p1k_00407', 'p1k_00408', 'p1k_00413', 'p1k_00414', 'p1k_00421', 'p1k_00422', 'p1k_00423', 'p1k_00424', 'p1k_00431', 'p1k_00432', 'p1k_00437', 'p1k_00438', 'p1k_00882', 'p1k_00883']",,pgi,,"('MG1655', 'M9', 37, 7.0, 'glucose(4)', 'NH4Cl(1)', 'O2', nan)",MG1655,M9,37,7.0,glucose(4),NH4Cl(1),O2,,,
p1k_00441,{'b0113': -1},"['p1k_00295', 'p1k_00296', 'p1k_00321', 'p1k_00322', 'p1k_00325', 'p1k_00326', 'p1k_00329', 'p1k_00330', 'p1k_00333', 'p1k_00334', 'p1k_00337', 'p1k_00338', 'p1k_00612', 'p1k_00613', 'p1k_00562', 'p1k_00563', 'p1k_00540', 'p1k_00541', 'p1k_00546', 'p1k_00547', 'p1k_00568', 'p1k_00569', 'p1k_00586', 'p1k_00587', 'p1k_00578', 'p1k_00579', 'p1k_00511', 'p1k_00512', 'p1k_00600', 'p1k_00601', 'p1k_00606', 'p1k_00607', 'p1k_00552', 'p1k_00553', 'p1k_00594', 'p1k_00595', 'p1k_00518', 'p1k_00519', 'p1k_00520', 'p1k_00521', 'p1k_00526', 'p1k_00527', 'p1k_00528', 'p1k_00529', 'p1k_00534', 'p1k_00535', 'p1k_00710', 'p1k_00711', 'p1k_00712', 'p1k_00713', 'p1k_00714', 'p1k_00715', 'p1k_00771', 'p1k_00772', 'p1k_00775', 'p1k_00776', 'p1k_00779', 'p1k_00780', 'p1k_00783', 'p1k_00784', 'p1k_00787', 'p1k_00788', 'p1k_00884', 'p1k_00885']",pdhR,,,"('GMOS', 'M9', 37, 7.0, 'glucose(4)', 'NH4Cl(1)', 'O2', nan)",GMOS,M9,37,7.0,glucose(4),NH4Cl(1),O2,,,0.9
p1k_00442,{'b0113': -1},"['p1k_00295', 'p1k_00296', 'p1k_00321', 'p1k_00322', 'p1k_00325', 'p1k_00326', 'p1k_00329', 'p1k_00330', 'p1k_00333', 'p1k_00334', 'p1k_00337', 'p1k_00338', 'p1k_00612', 'p1k_00613', 'p1k_00562', 'p1k_00563', 'p1k_00540', 'p1k_00541', 'p1k_00546', 'p1k_00547', 'p1k_00568', 'p1k_00569', 'p1k_00586', 'p1k_00587', 'p1k_00578', 'p1k_00579', 'p1k_00511', 'p1k_00512', 'p1k_00600', 'p1k_00601', 'p1k_00606', 'p1k_00607', 'p1k_00552', 'p1k_00553', 'p1k_00594', 'p1k_00595', 'p1k_00518', 'p1k_00519', 'p1k_00520', 'p1k_00521', 'p1k_00526', 'p1k_00527', 'p1k_00528', 'p1k_00529', 'p1k_00534', 'p1k_00535', 'p1k_00710', 'p1k_00711', 'p1k_00712', 'p1k_00713', 'p1k_00714', 'p1k_00715', 'p1k_00771', 'p1k_00772', 'p1k_00775', 'p1k_00776', 'p1k_00779', 'p1k_00780', 'p1k_00783', 'p1k_00784', 'p1k_00787', 'p1k_00788', 'p1k_00884', 'p1k_00885']",pdhR,,,"('GMOS', 'M9', 37, 7.0, 'glucose(4)', 'NH4Cl(1)', 'O2', nan)",GMOS,M9,37,7.0,glucose(4),NH4Cl(1),O2,,,0.9
p1k_00443,{'b0113': -1},"['p1k_00295', 'p1k_00296', 'p1k_00321', 'p1k_00322', 'p1k_00325', 'p1k_00326', 'p1k_00329', 'p1k_00330', 'p1k_00333', 'p1k_00334', 'p1k_00337', 'p1k_00338', 'p1k_00612', 'p1k_00613', 'p1k_00562', 'p1k_00563', 'p1k_00540', 'p1k_00541', 'p1k_00546', 'p1k_00547', 'p1k_00568', 'p1k_00569', 'p1k_00586', 'p1k_00587', 'p1k_00578', 'p1k_00579', 'p1k_00511', 'p1k_00512', 'p1k_00600', 'p1k_00601', 'p1k_00606', 'p1k_00607', 'p1k_00552', 'p1k_00553', 'p1k_00594', 'p1k_00595', 'p1k_00518', 'p1k_00519', 'p1k_00520', 'p1k_00521', 'p1k_00526', 'p1k_00527', 'p1k_00528', 'p1k_00529', 'p1k_00534', 'p1k_00535', 'p1k_00710', 'p1k_00711', 'p1k_00712', 'p1k_00713', 'p1k_00714', 'p1k_00715', 'p1k_00771', 'p1k_00772', 'p1k_00775', 'p1k_00776', 'p1k_00779', 'p1k_00780', 'p1k_00783', 'p1k_00784', 'p1k_00787', 'p1k_00788', 'p1k_00884', 'p1k_00885']",pdhR,,,"('GMOS', 'M9', 37, 7.0, 'glucose(4)', 'NH4Cl(1)', 'O2', nan)",GMOS,M9,37,7.0,glucose(4),NH4Cl(1),O2,,,0.9
p1k_00444,{'b0113': -1},"['p1k_00295', 'p1k_00296', 'p1k_00321', 'p1k_00322', 'p1k_00325', 'p1k_00326', 'p1k_00329', 'p1k_00330', 'p1k_00333', 'p1k_00334', 'p1k_00337', 'p1k_00338', 'p1k_00612', 'p1k_00613', 'p1k_00562', 'p1k_00563', 'p1k_00540', 'p1k_00541', 'p1k_00546', 'p1k_00547', 'p1k_00568', 'p1k_00569', 'p1k_00586', 'p1k_00587', 'p1k_00578', 'p1k_00579', 'p1k_00511', 'p1k_00512', 'p1k_00600', 'p1k_00601', 'p1k_00606', 'p1k_00607', 'p1k_00552', 'p1k_00553', 'p1k_00594', 'p1k_00595', 'p1k_00518', 'p1k_00519', 'p1k_00520', 'p1k_00521', 'p1k_00526', 'p1k_00527', 'p1k_00528', 'p1k_00529', 'p1k_00534', 'p1k_00535', 'p1k_00710', 'p1k_00711', 'p1k_00712', 'p1k_00713', 'p1k_00714', 'p1k_00715', 'p1k_00771', 'p1k_00772', 'p1k_00775', 'p1k_00776', 'p1k_00779', 'p1k_00780', 'p1k_00783', 'p1k_00784', 'p1k_00787', 'p1k_00788', 'p1k_00884', 'p1k_00885']",pdhR,,,"('GMOS', 'M9', 37, 7.0, 'glucose(4)', 'NH4Cl(1)', 'O2', nan)",GMOS,M9,37,7.0,glucose(4),NH4Cl(1),O2,,,0.9
p1k_00445,{'b0113': -1},"['p1k_00295', 'p1k_00296', 'p1k_00321', 'p1k_00322', 'p1k_00325', 'p1k_00326', 'p1k_00329', 'p1k_00330', 'p1k_00333', 'p1k_00334', 'p1k_00337', 'p1k_00338', 'p1k_00612', 'p1k_00613', 'p1k_00562', 'p1k_00563', 'p1k_00540', 'p1k_00541', 'p1k_00546', 'p1k_00547', 'p1k_00568', 'p1k_00569', 'p1k_00586', 'p1k_00587', 'p1k_00578', 'p1k_00579', 'p1k_00511', 'p1k_00512', 'p1k_00600', 'p1k_00601', 'p1k_00606', 'p1k_00607', 'p1k_00552', 'p1k_00553', 'p1k_00594', 'p1k_00595', 'p1k_00518', 'p1k_00519', 'p1k_00520', 'p1k_00521', 'p1k_00526', 'p1k_00527', 'p1k_00528', 'p1k_00529', 'p1k_00534', 'p1k_00535', 'p1k_00710', 'p1k_00711', 'p1k_00712', 'p1k_00713', 'p1k_00714', 'p1k_00715', 'p1k_00771', 'p1k_00772', 'p1k_00775', 'p1k_00776', 'p1k_00779', 'p1k_00780', 'p1k_00783', 'p1k_00784', 'p1k_00787', 'p1k_00788', 'p1k_00884', 'p1k_00885']",pdhR,,,"('GMOS', 'M9', 37, 7.0, 'glucose(4)', 'NH4Cl(1)', 'O2', nan)",GMOS,M9,37,7.0,glucose(4),NH4Cl(1),O2,,,0.95
p1k_00446,{'b0113': -1},"['p1k_00295', 'p1k_00296', 'p1k_00321', 'p1k_00322', 'p1k_00325', 'p1k_00326', 'p1k_00329', 'p1k_00330', 'p1k_00333', 'p1k_00334', 'p1k_00337', 'p1k_00338', 'p1k_00612', 'p1k_00613', 'p1k_00562', 'p1k_00563', 'p1k_00540', 'p1k_00541', 'p1k_00546', 'p1k_00547', 'p1k_00568', 'p1k_00569', 'p1k_00586', 'p1k_00587', 'p1k_00578', 'p1k_00579', 'p1k_00511', 'p1k_00512', 'p1k_00600', 'p1k_00601', 'p1k_00606', 'p1k_00607', 'p1k_00552', 'p1k_00553', 'p1k_00594', 'p1k_00595', 'p1k_00518', 'p1k_00519', 'p1k_00520', 'p1k_00521', 'p1k_00526', 'p1k_00527', 'p1k_00528', 'p1k_00529', 'p1k_00534', 'p1k_00535', 'p1k_00710', 'p1k_00711', 'p1k_00712', 'p1k_00713', 'p1k_00714', 'p1k_00715', 'p1k_00771', 'p1k_00772', 'p1k_00775', 'p1k_00776', 'p1k_00779', 'p1k_00780', 'p1k_00783', 'p1k_00784', 'p1k_00787', 'p1k_00788', 'p1k_00884', 'p1k_00885']",pdhR,,,"('GMOS', 'M9', 37, 7.0, 'glucose(4)', 'NH4Cl(1)', 'O2', nan)",GMOS,M9,37,7.0,glucose(4),NH4Cl(1),O2,,,0.95
p1k_00447,{'b0113': -1},"['p1k_00295', 'p1k_00296', 'p1k_00321', 'p1k_00322', 'p1k_00325', 'p1k_00326', 'p1k_00329', 'p1k_00330', 'p1k_00333', 'p1k_00334', 'p1k_00337', 'p1k_00338', 'p1k_00612', 'p1k_00613', 'p1k_00562', 'p1k_00563', 'p1k_00540', 'p1k_00541', 'p1k_00546', 'p1k_00547', 'p1k_00568', 'p1k_00569', 'p1k_00586', 'p1k_00587', 'p1k_00578', 'p1k_00579', 'p1k_00511', 'p1k_00512', 'p1k_00600', 'p1k_00601', 'p1k_00606', 'p1k_00607', 'p1k_00552', 'p1k_00553', 'p1k_00594', 'p1k_00595', 'p1k_00518', 'p1k_00519', 'p1k_00520', 'p1k_00521', 'p1k_00526', 'p1k_00527', 'p1k_00528', 'p1k_00529', 'p1k_00534', 'p1k_00535', 'p1k_00710', 'p1k_00711', 'p1k_00712', 'p1k_00713', 'p1k_00714', 'p1k_00715', 'p1k_00771', 'p1k_00772', 'p1k_00775', 'p1k_00776', 'p1k_00779', 'p1k_00780', 'p1k_00783', 'p1k_00784', 'p1k_00787', 'p1k_00788', 'p1k_00884', 'p1k_00885']",pdhR,,,"('GMOS', 'M9', 37, 7.0, 'glucose(4)', 'NH4Cl(1)', 'O2', nan)",GMOS,M9,37,7.0,glucose(4),NH4Cl(1),O2,,,0.95
p1k_00448,{'b0113': -1},"['p1k_00295', 'p1k_00296', 'p1k_00321', 'p1k_00322', 'p1k_00325', 'p1k_00326', 'p1k_00329', 'p1k_00330', 'p1k_00333', 'p1k_00334', 'p1k_00337', 'p1k_00338', 'p1k_00612', 'p1k_00613', 'p1k_00562', 'p1k_00563', 'p1k_00540', 'p1k_00541', 'p1k_00546', 'p1k_00547', 'p1k_00568', 'p1k_00569', 'p1k_00586', 'p1k_00587', 'p1k_00578', 'p1k_00579', 'p1k_00511', 'p1k_00512', 'p1k_00600', 'p1k_00601', 'p1k_00606', 'p1k_00607', 'p1k_00552', 'p1k_00553', 'p1k_00594', 'p1k_00595', 'p1k_00518', 'p1k_00519', 'p1k_00520', 'p1k_00521', 'p1k_00526', 'p1k_00527', 'p1k_00528', 'p1k_00529', 'p1k_00534', 'p1k_00535', 'p1k_00710', 'p1k_00711', 'p1k_00712', 'p1k_00713', 'p1k_00714', 'p1k_00715', 'p1k_00771', 'p1k_00772', 'p1k_00775', 'p1k_00776', 'p1k_00779', 'p1k_00780', 'p1k_00783', 'p1k_00784', 'p1k_00787', 'p1k_00788', 'p1k_00884', 'p1k_00885']",pdhR,,,"('GMOS', 'M9', 37, 7.0, 'glucose(4)', 'NH4Cl(1)', 'O2', nan)",GMOS,M9,37,7.0,glucose(4),NH4Cl(1),O2,,,0.95
p1k_00449,{'b2220': -1},"['p1k_00501', 'p1k_00502']",atoC,,,"('MG1655', 'M9', 37, 7.0, 'glucose(4)', 'NH4Cl(1)', 'O2', 'Acetoacetate/LiCl(10mM)')",MG1655,M9,37,7.0,glucose(4),NH4Cl(1),O2,Acetoacetate/LiCl(10mM),,
p1k_00450,{'b2220': -1},"['p1k_00501', 'p1k_00502']",atoC,,,"('MG1655', 'M9', 37, 7.0, 'glucose(4)', 'NH4Cl(1)', 'O2', 'Acetoacetate/LiCl(10mM)')",MG1655,M9,37,7.0,glucose(4),NH4Cl(1),O2,Acetoacetate/LiCl(10mM),,
p1k_00451,{'b2220': -1},"['p1k_00503', 'p1k_00504']",atoC,,,"('MG1655', 'M9', 37, 7.0, 'glucose(4)', 'NH4Cl(1)', 'O2', 'LiCl(10mM)')",MG1655,M9,37,7.0,glucose(4),NH4Cl(1),O2,LiCl(10mM),,
p1k_00452,{'b2220': -1},"['p1k_00503', 'p1k_00504']",atoC,,,"('MG1655', 'M9', 37, 7.0, 'glucose(4)', 'NH4Cl(1)', 'O2', 'LiCl(10mM)')",MG1655,M9,37,7.0,glucose(4),NH4Cl(1),O2,LiCl(10mM),,
p1k_00453,{'b2220': -1},"['p1k_00041', 'p1k_00042', 'p1k_00070', 'p1k_00071', 'p1k_00072', 'p1k_00092', 'p1k_00093', 'p1k_00125', 'p1k_00126', 'p1k_00127', 'p1k_00128', 'p1k_00129', 'p1k_00130', 'p1k_00131', 'p1k_00143', 'p1k_00146', 'p1k_00147', 'p1k_00148', 'p1k_00155', 'p1k_00157', 'p1k_00159', 'p1k_00317', 'p1k_00318', 'p1k_00357', 'p1k_00358', 'p1k_00389', 'p1k_00390', 'p1k_00395', 'p1k_00396', 'p1k_00401', 'p1k_00402', 'p1k_00407', 'p1k_00408', 'p1k_00413', 'p1k_00414', 'p1k_00421', 'p1k_00422', 'p1k_00423', 'p1k_00424', 'p1k_00431', 'p1k_00432', 'p1k_00437', 'p1k_00438', 'p1k_00882', 'p1k_00883']",atoC,,,"('MG1655', 'M9', 37, 7.0, 'glucose(4)', 'NH4Cl(1)', 'O2', nan)",MG1655,M9,37,7.0,glucose(4),NH4Cl(1),O2,,,
p1k_00454,{'b2220': -1},"['p1k_00041', 'p1k_00042', 'p1k_00070', 'p1k_00071', 'p1k_00072', 'p1k_00092', 'p1k_00093', 'p1k_00125', 'p1k_00126', 'p1k_00127', 'p1k_00128', 'p1k_00129', 'p1k_00130', 'p1k_00131', 'p1k_00143', 'p1k_00146', 'p1k_00147', 'p1k_00148', 'p1k_00155', 'p1k_00157', 'p1k_00159', 'p1k_00317', 'p1k_00318', 'p1k_00357', 'p1k_00358', 'p1k_00389', 'p1k_00390', 'p1k_00395', 'p1k_00396', 'p1k_00401', 'p1k_00402', 'p1k_00407', 'p1k_00408', 'p1k_00413', 'p1k_00414', 'p1k_00421', 'p1k_00422', 'p1k_00423', 'p1k_00424', 'p1k_00431', 'p1k_00432', 'p1k_00437', 'p1k_00438', 'p1k_00882', 'p1k_00883']",atoC,,,"('MG1655', 'M9', 37, 7.0, 'glucose(4)', 'NH4Cl(1)', 'O2', nan)",MG1655,M9,37,7.0,glucose(4),NH4Cl(1),O2,,,
p1k_00455,{'b2079': -1},"['p1k_00497', 'p1k_00498']",baeR,,,"('MG1655', 'LB', 37, 7.0, nan, nan, 'O2', 'Ethanol(5%w/v)')",MG1655,LB,37,7.0,,,O2,Ethanol(5%w/v),,
p1k_00456,{'b2079': -1},"['p1k_00497', 'p1k_00498']",baeR,,,"('MG1655', 'LB', 37, 7.0, nan, nan, 'O2', 'Ethanol(5%w/v)')",MG1655,LB,37,7.0,,,O2,Ethanol(5%w/v),,
p1k_00457,{'b2079': -1},"['p1k_00094', 'p1k_00095', 'p1k_00499', 'p1k_00500']",baeR,,,"('MG1655', 'LB', 37, 7.0, nan, nan, 'O2', nan)",MG1655,LB,37,7.0,,,O2,,,
p1k_00458,{'b2079': -1},"['p1k_00094', 'p1k_00095', 'p1k_00499', 'p1k_00500']",baeR,,,"('MG1655', 'LB', 37, 7.0, nan, nan, 'O2', nan)",MG1655,LB,37,7.0,,,O2,,,
p1k_00459,{'b2125': -1},"['p1k_00491', 'p1k_00492']",btsR,,,"('MG1655', '01xLB', 37, 7.0, nan, nan, 'O2', nan)",MG1655,01xLB,37,7.0,,,O2,,,
p1k_00460,{'b2125': -1},"['p1k_00491', 'p1k_00492']",btsR,,,"('MG1655', '01xLB', 37, 7.0, nan, nan, 'O2', nan)",MG1655,01xLB,37,7.0,,,O2,,,
p1k_00461,{'b2125': -1},"['p1k_00094', 'p1k_00095', 'p1k_00499', 'p1k_00500']",btsR,,,"('MG1655', 'LB', 37, 7.0, nan, nan, 'O2', nan)",MG1655,LB,37,7.0,,,O2,,,
p1k_00462,{'b2125': -1},"['p1k_00094', 'p1k_00095', 'p1k_00499', 'p1k_00500']",btsR,,,"('MG1655', 'LB', 37, 7.0, nan, nan, 'O2', nan)",MG1655,LB,37,7.0,,,O2,,,
p1k_00463,{'b2125': -1},"['p1k_00507', 'p1k_00508']",btsR,,,"('MG1655', '01xLB', 37, 7.0, nan, nan, 'O2', 'Pyruvate(100uM)')",MG1655,01xLB,37,7.0,,,O2,Pyruvate(100uM),,
p1k_00464,{'b2125': -1},"['p1k_00507', 'p1k_00508']",btsR,,,"('MG1655', '01xLB', 37, 7.0, nan, nan, 'O2', 'Pyruvate(100uM)')",MG1655,01xLB,37,7.0,,,O2,Pyruvate(100uM),,
p1k_00465,{'b3912': -1},"['p1k_00497', 'p1k_00498']",cpxR,,,"('MG1655', 'LB', 37, 7.0, nan, nan, 'O2', 'Ethanol(5%w/v)')",MG1655,LB,37,7.0,,,O2,Ethanol(5%w/v),,
p1k_00466,{'b3912': -1},"['p1k_00497', 'p1k_00498']",cpxR,,,"('MG1655', 'LB', 37, 7.0, nan, nan, 'O2', 'Ethanol(5%w/v)')",MG1655,LB,37,7.0,,,O2,Ethanol(5%w/v),,
p1k_00467,{'b3912': -1},"['p1k_00094', 'p1k_00095', 'p1k_00499', 'p1k_00500']",cpxR,,,"('MG1655', 'LB', 37, 7.0, nan, nan, 'O2', nan)",MG1655,LB,37,7.0,,,O2,,,
p1k_00468,{'b3912': -1},"['p1k_00094', 'p1k_00095', 'p1k_00499', 'p1k_00500']",cpxR,,,"('MG1655', 'LB', 37, 7.0, nan, nan, 'O2', nan)",MG1655,LB,37,7.0,,,O2,,,
p1k_00469,{'b0571': -1},"['p1k_00495', 'p1k_00496']",cusR,,,"('MG1655', 'LB', 37, 7.0, nan, nan, 'O2', 'CuSO4(0.5mM)')",MG1655,LB,37,7.0,,,O2,CuSO4(0.5mM),,
p1k_00470,{'b0571': -1},"['p1k_00495', 'p1k_00496']",cusR,,,"('MG1655', 'LB', 37, 7.0, nan, nan, 'O2', 'CuSO4(0.5mM)')",MG1655,LB,37,7.0,,,O2,CuSO4(0.5mM),,
p1k_00471,{'b0571': -1},"['p1k_00094', 'p1k_00095', 'p1k_00499', 'p1k_00500']",cusR,,,"('MG1655', 'LB', 37, 7.0, nan, nan, 'O2', nan)",MG1655,LB,37,7.0,,,O2,,,
p1k_00472,{'b0571': -1},"['p1k_00094', 'p1k_00095', 'p1k_00499', 'p1k_00500']",cusR,,,"('MG1655', 'LB', 37, 7.0, nan, nan, 'O2', nan)",MG1655,LB,37,7.0,,,O2,,,
p1k_00473,{'b0694': -1},"['p1k_00489', 'p1k_00490']",kdpE,,,"('MG1655', 'TMA', 37, 7.0, 'glucose(4)', 'NH4Cl(0.535)', 'O2', 'KCl(0.1mM)')",MG1655,TMA,37,7.0,glucose(4),NH4Cl(0.535),O2,KCl(0.1mM),,
p1k_00474,{'b0694': -1},"['p1k_00489', 'p1k_00490']",kdpE,,,"('MG1655', 'TMA', 37, 7.0, 'glucose(4)', 'NH4Cl(0.535)', 'O2', 'KCl(0.1mM)')",MG1655,TMA,37,7.0,glucose(4),NH4Cl(0.535),O2,KCl(0.1mM),,
p1k_00475,{'b0694': -1},"['p1k_00493', 'p1k_00494']",kdpE,,,"('MG1655', 'TMA', 37, 7.0, 'glucose(4)', 'NH4Cl(0.535)', 'O2', 'KCl(115mM)')",MG1655,TMA,37,7.0,glucose(4),NH4Cl(0.535),O2,KCl(115mM),,
p1k_00476,{'b0694': -1},"['p1k_00493', 'p1k_00494']",kdpE,,,"('MG1655', 'TMA', 37, 7.0, 'glucose(4)', 'NH4Cl(0.535)', 'O2', 'KCl(115mM)')",MG1655,TMA,37,7.0,glucose(4),NH4Cl(0.535),O2,KCl(115mM),,
p1k_00477,{'b0399': -1},"['p1k_00041', 'p1k_00042', 'p1k_00070', 'p1k_00071', 'p1k_00072', 'p1k_00092', 'p1k_00093', 'p1k_00125', 'p1k_00126', 'p1k_00127', 'p1k_00128', 'p1k_00129', 'p1k_00130', 'p1k_00131', 'p1k_00143', 'p1k_00146', 'p1k_00147', 'p1k_00148', 'p1k_00155', 'p1k_00157', 'p1k_00159', 'p1k_00317', 'p1k_00318', 'p1k_00357', 'p1k_00358', 'p1k_00389', 'p1k_00390', 'p1k_00395', 'p1k_00396', 'p1k_00401', 'p1k_00402', 'p1k_00407', 'p1k_00408', 'p1k_00413', 'p1k_00414', 'p1k_00421', 'p1k_00422', 'p1k_00423', 'p1k_00424', 'p1k_00431', 'p1k_00432', 'p1k_00437', 'p1k_00438', 'p1k_00882', 'p1k_00883']",phoB,,,"('MG1655', 'M9', 37, 7.0, 'glucose(4)', 'NH4Cl(1)', 'O2', nan)",MG1655,M9,37,7.0,glucose(4),NH4Cl(1),O2,,,
p1k_00478,{'b0399': -1},"['p1k_00041', 'p1k_00042', 'p1k_00070', 'p1k_00071', 'p1k_00072', 'p1k_00092', 'p1k_00093', 'p1k_00125', 'p1k_00126', 'p1k_00127', 'p1k_00128', 'p1k_00129', 'p1k_00130', 'p1k_00131', 'p1k_00143', 'p1k_00146', 'p1k_00147', 'p1k_00148', 'p1k_00155', 'p1k_00157', 'p1k_00159', 'p1k_00317', 'p1k_00318', 'p1k_00357', 'p1k_00358', 'p1k_00389', 'p1k_00390', 'p1k_00395', 'p1k_00396', 'p1k_00401', 'p1k_00402', 'p1k_00407', 'p1k_00408', 'p1k_00413', 'p1k_00414', 'p1k_00421', 'p1k_00422', 'p1k_00423', 'p1k_00424', 'p1k_00431', 'p1k_00432', 'p1k_00437', 'p1k_00438', 'p1k_00882', 'p1k_00883']",phoB,,,"('MG1655', 'M9', 37, 7.0, 'glucose(4)', 'NH4Cl(1)', 'O2', nan)",MG1655,M9,37,7.0,glucose(4),NH4Cl(1),O2,,,
p1k_00479,{'b0399': -1},"['p1k_00505', 'p1k_00506']",phoB,,,"('MG1655', 'M9P', 37, 7.0, 'glucose(4)', 'NH4Cl(1)', 'O2', nan)",MG1655,M9P,37,7.0,glucose(4),NH4Cl(1),O2,,,
p1k_00480,{'b0399': -1},"['p1k_00505', 'p1k_00506']",phoB,,,"('MG1655', 'M9P', 37, 7.0, 'glucose(4)', 'NH4Cl(1)', 'O2', nan)",MG1655,M9P,37,7.0,glucose(4),NH4Cl(1),O2,,,
p1k_00481,{'b2217': -1},"['p1k_00497', 'p1k_00498']",rcsB,,,"('MG1655', 'LB', 37, 7.0, nan, nan, 'O2', 'Ethanol(5%w/v)')",MG1655,LB,37,7.0,,,O2,Ethanol(5%w/v),,
p1k_00482,{'b2217': -1},"['p1k_00497', 'p1k_00498']",rcsB,,,"('MG1655', 'LB', 37, 7.0, nan, nan, 'O2', 'Ethanol(5%w/v)')",MG1655,LB,37,7.0,,,O2,Ethanol(5%w/v),,
p1k_00483,{'b2217': -1},"['p1k_00094', 'p1k_00095', 'p1k_00499', 'p1k_00500']",rcsB,,,"('MG1655', 'LB', 37, 7.0, nan, nan, 'O2', nan)",MG1655,LB,37,7.0,,,O2,,,
p1k_00484,{'b2217': -1},"['p1k_00094', 'p1k_00095', 'p1k_00499', 'p1k_00500']",rcsB,,,"('MG1655', 'LB', 37, 7.0, nan, nan, 'O2', nan)",MG1655,LB,37,7.0,,,O2,,,
p1k_00485,{'b4004': -1},"['p1k_00094', 'p1k_00095', 'p1k_00499', 'p1k_00500']",zraR,,,"('MG1655', 'LB', 37, 7.0, nan, nan, 'O2', nan)",MG1655,LB,37,7.0,,,O2,,,
p1k_00486,{'b4004': -1},"['p1k_00094', 'p1k_00095', 'p1k_00499', 'p1k_00500']",zraR,,,"('MG1655', 'LB', 37, 7.0, nan, nan, 'O2', nan)",MG1655,LB,37,7.0,,,O2,,,
p1k_00487,{'b4004': -1},"['p1k_00509', 'p1k_00510']",zraR,,,"('MG1655', 'LB', 37, 7.0, nan, nan, 'O2', 'ZnCl2(1mM)')",MG1655,LB,37,7.0,,,O2,ZnCl2(1mM),,
p1k_00488,{'b4004': -1},"['p1k_00509', 'p1k_00510']",zraR,,,"('MG1655', 'LB', 37, 7.0, nan, nan, 'O2', 'ZnCl2(1mM)')",MG1655,LB,37,7.0,,,O2,ZnCl2(1mM),,
p1k_00716,{'b4025': -1},"['p1k_00295', 'p1k_00296', 'p1k_00321', 'p1k_00322', 'p1k_00325', 'p1k_00326', 'p1k_00329', 'p1k_00330', 'p1k_00333', 'p1k_00334', 'p1k_00337', 'p1k_00338', 'p1k_00612', 'p1k_00613', 'p1k_00562', 'p1k_00563', 'p1k_00540', 'p1k_00541', 'p1k_00546', 'p1k_00547', 'p1k_00568', 'p1k_00569', 'p1k_00586', 'p1k_00587', 'p1k_00578', 'p1k_00579', 'p1k_00511', 'p1k_00512', 'p1k_00600', 'p1k_00601', 'p1k_00606', 'p1k_00607', 'p1k_00552', 'p1k_00553', 'p1k_00594', 'p1k_00595', 'p1k_00518', 'p1k_00519', 'p1k_00520', 'p1k_00521', 'p1k_00526', 'p1k_00527', 'p1k_00528', 'p1k_00529', 'p1k_00534', 'p1k_00535', 'p1k_00710', 'p1k_00711', 'p1k_00712', 'p1k_00713', 'p1k_00714', 'p1k_00715', 'p1k_00771', 'p1k_00772', 'p1k_00775', 'p1k_00776', 'p1k_00779', 'p1k_00780', 'p1k_00783', 'p1k_00784', 'p1k_00787', 'p1k_00788', 'p1k_00884', 'p1k_00885']",pgi,,,"('GMOS', 'M9', 37, 7.0, 'glucose(4)', 'NH4Cl(1)', 'O2', nan)",GMOS,M9,37,7.0,glucose(4),NH4Cl(1),O2,,,
p1k_00717,{'b4025': -1},"['p1k_00295', 'p1k_00296', 'p1k_00321', 'p1k_00322', 'p1k_00325', 'p1k_00326', 'p1k_00329', 'p1k_00330', 'p1k_00333', 'p1k_00334', 'p1k_00337', 'p1k_00338', 'p1k_00612', 'p1k_00613', 'p1k_00562', 'p1k_00563', 'p1k_00540', 'p1k_00541', 'p1k_00546', 'p1k_00547', 'p1k_00568', 'p1k_00569', 'p1k_00586', 'p1k_00587', 'p1k_00578', 'p1k_00579', 'p1k_00511', 'p1k_00512', 'p1k_00600', 'p1k_00601', 'p1k_00606', 'p1k_00607', 'p1k_00552', 'p1k_00553', 'p1k_00594', 'p1k_00595', 'p1k_00518', 'p1k_00519', 'p1k_00520', 'p1k_00521', 'p1k_00526', 'p1k_00527', 'p1k_00528', 'p1k_00529', 'p1k_00534', 'p1k_00535', 'p1k_00710', 'p1k_00711', 'p1k_00712', 'p1k_00713', 'p1k_00714', 'p1k_00715', 'p1k_00771', 'p1k_00772', 'p1k_00775', 'p1k_00776', 'p1k_00779', 'p1k_00780', 'p1k_00783', 'p1k_00784', 'p1k_00787', 'p1k_00788', 'p1k_00884', 'p1k_00885']",pgi,,,"('GMOS', 'M9', 37, 7.0, 'glucose(4)', 'NH4Cl(1)', 'O2', nan)",GMOS,M9,37,7.0,glucose(4),NH4Cl(1),O2,,,
p1k_00718,{'b4025': -1},"['p1k_00295', 'p1k_00296', 'p1k_00321', 'p1k_00322', 'p1k_00325', 'p1k_00326', 'p1k_00329', 'p1k_00330', 'p1k_00333', 'p1k_00334', 'p1k_00337', 'p1k_00338', 'p1k_00612', 'p1k_00613', 'p1k_00562', 'p1k_00563', 'p1k_00540', 'p1k_00541', 'p1k_00546', 'p1k_00547', 'p1k_00568', 'p1k_00569', 'p1k_00586', 'p1k_00587', 'p1k_00578', 'p1k_00579', 'p1k_00511', 'p1k_00512', 'p1k_00600', 'p1k_00601', 'p1k_00606', 'p1k_00607', 'p1k_00552', 'p1k_00553', 'p1k_00594', 'p1k_00595', 'p1k_00518', 'p1k_00519', 'p1k_00520', 'p1k_00521', 'p1k_00526', 'p1k_00527', 'p1k_00528', 'p1k_00529', 'p1k_00534', 'p1k_00535', 'p1k_00710', 'p1k_00711', 'p1k_00712', 'p1k_00713', 'p1k_00714', 'p1k_00715', 'p1k_00771', 'p1k_00772', 'p1k_00775', 'p1k_00776', 'p1k_00779', 'p1k_00780', 'p1k_00783', 'p1k_00784', 'p1k_00787', 'p1k_00788', 'p1k_00884', 'p1k_00885']",pgi,,,"('GMOS', 'M9', 37, 7.0, 'glucose(4)', 'NH4Cl(1)', 'O2', nan)",GMOS,M9,37,7.0,glucose(4),NH4Cl(1),O2,,,
p1k_00719,{'b4025': -1},"['p1k_00295', 'p1k_00296', 'p1k_00321', 'p1k_00322', 'p1k_00325', 'p1k_00326', 'p1k_00329', 'p1k_00330', 'p1k_00333', 'p1k_00334', 'p1k_00337', 'p1k_00338', 'p1k_00612', 'p1k_00613', 'p1k_00562', 'p1k_00563', 'p1k_00540', 'p1k_00541', 'p1k_00546', 'p1k_00547', 'p1k_00568', 'p1k_00569', 'p1k_00586', 'p1k_00587', 'p1k_00578', 'p1k_00579', 'p1k_00511', 'p1k_00512', 'p1k_00600', 'p1k_00601', 'p1k_00606', 'p1k_00607', 'p1k_00552', 'p1k_00553', 'p1k_00594', 'p1k_00595', 'p1k_00518', 'p1k_00519', 'p1k_00520', 'p1k_00521', 'p1k_00526', 'p1k_00527', 'p1k_00528', 'p1k_00529', 'p1k_00534', 'p1k_00535', 'p1k_00710', 'p1k_00711', 'p1k_00712', 'p1k_00713', 'p1k_00714', 'p1k_00715', 'p1k_00771', 'p1k_00772', 'p1k_00775', 'p1k_00776', 'p1k_00779', 'p1k_00780', 'p1k_00783', 'p1k_00784', 'p1k_00787', 'p1k_00788', 'p1k_00884', 'p1k_00885']",pgi,,,"('GMOS', 'M9', 37, 7.0, 'glucose(4)', 'NH4Cl(1)', 'O2', nan)",GMOS,M9,37,7.0,glucose(4),NH4Cl(1),O2,,,
p1k_00721,{'b4025': -1},"['p1k_00295', 'p1k_00296', 'p1k_00321', 'p1k_00322', 'p1k_00325', 'p1k_00326', 'p1k_00329', 'p1k_00330', 'p1k_00333', 'p1k_00334', 'p1k_00337', 'p1k_00338', 'p1k_00612', 'p1k_00613', 'p1k_00562', 'p1k_00563', 'p1k_00540', 'p1k_00541', 'p1k_00546', 'p1k_00547', 'p1k_00568', 'p1k_00569', 'p1k_00586', 'p1k_00587', 'p1k_00578', 'p1k_00579', 'p1k_00511', 'p1k_00512', 'p1k_00600', 'p1k_00601', 'p1k_00606', 'p1k_00607', 'p1k_00552', 'p1k_00553', 'p1k_00594', 'p1k_00595', 'p1k_00518', 'p1k_00519', 'p1k_00520', 'p1k_00521', 'p1k_00526', 'p1k_00527', 'p1k_00528', 'p1k_00529', 'p1k_00534', 'p1k_00535', 'p1k_00710', 'p1k_00711', 'p1k_00712', 'p1k_00713', 'p1k_00714', 'p1k_00715', 'p1k_00771', 'p1k_00772', 'p1k_00775', 'p1k_00776', 'p1k_00779', 'p1k_00780', 'p1k_00783', 'p1k_00784', 'p1k_00787', 'p1k_00788', 'p1k_00884', 'p1k_00885']",pgi,,,"('GMOS', 'M9', 37, 7.0, 'glucose(4)', 'NH4Cl(1)', 'O2', nan)",GMOS,M9,37,7.0,glucose(4),NH4Cl(1),O2,,,
p1k_00722,{'b4025': -1},"['p1k_00295', 'p1k_00296', 'p1k_00321', 'p1k_00322', 'p1k_00325', 'p1k_00326', 'p1k_00329', 'p1k_00330', 'p1k_00333', 'p1k_00334', 'p1k_00337', 'p1k_00338', 'p1k_00612', 'p1k_00613', 'p1k_00562', 'p1k_00563', 'p1k_00540', 'p1k_00541', 'p1k_00546', 'p1k_00547', 'p1k_00568', 'p1k_00569', 'p1k_00586', 'p1k_00587', 'p1k_00578', 'p1k_00579', 'p1k_00511', 'p1k_00512', 'p1k_00600', 'p1k_00601', 'p1k_00606', 'p1k_00607', 'p1k_00552', 'p1k_00553', 'p1k_00594', 'p1k_00595', 'p1k_00518', 'p1k_00519', 'p1k_00520', 'p1k_00521', 'p1k_00526', 'p1k_00527', 'p1k_00528', 'p1k_00529', 'p1k_00534', 'p1k_00535', 'p1k_00710', 'p1k_00711', 'p1k_00712', 'p1k_00713', 'p1k_00714', 'p1k_00715', 'p1k_00771', 'p1k_00772', 'p1k_00775', 'p1k_00776', 'p1k_00779', 'p1k_00780', 'p1k_00783', 'p1k_00784', 'p1k_00787', 'p1k_00788', 'p1k_00884', 'p1k_00885']",pgi,,,"('GMOS', 'M9', 37, 7.0, 'glucose(4)', 'NH4Cl(1)', 'O2', nan)",GMOS,M9,37,7.0,glucose(4),NH4Cl(1),O2,,,
p1k_00723,{'b4025': -1},"['p1k_00295', 'p1k_00296', 'p1k_00321', 'p1k_00322', 'p1k_00325', 'p1k_00326', 'p1k_00329', 'p1k_00330', 'p1k_00333', 'p1k_00334', 'p1k_00337', 'p1k_00338', 'p1k_00612', 'p1k_00613', 'p1k_00562', 'p1k_00563', 'p1k_00540', 'p1k_00541', 'p1k_00546', 'p1k_00547', 'p1k_00568', 'p1k_00569', 'p1k_00586', 'p1k_00587', 'p1k_00578', 'p1k_00579', 'p1k_00511', 'p1k_00512', 'p1k_00600', 'p1k_00601', 'p1k_00606', 'p1k_00607', 'p1k_00552', 'p1k_00553', 'p1k_00594', 'p1k_00595', 'p1k_00518', 'p1k_00519', 'p1k_00520', 'p1k_00521', 'p1k_00526', 'p1k_00527', 'p1k_00528', 'p1k_00529', 'p1k_00534', 'p1k_00535', 'p1k_00710', 'p1k_00711', 'p1k_00712', 'p1k_00713', 'p1k_00714', 'p1k_00715', 'p1k_00771', 'p1k_00772', 'p1k_00775', 'p1k_00776', 'p1k_00779', 'p1k_00780', 'p1k_00783', 'p1k_00784', 'p1k_00787', 'p1k_00788', 'p1k_00884', 'p1k_00885']",pgi,,,"('GMOS', 'M9', 37, 7.0, 'glucose(4)', 'NH4Cl(1)', 'O2', nan)",GMOS,M9,37,7.0,glucose(4),NH4Cl(1),O2,,,
p1k_00724,{'b4025': -1},"['p1k_00295', 'p1k_00296', 'p1k_00321', 'p1k_00322', 'p1k_00325', 'p1k_00326', 'p1k_00329', 'p1k_00330', 'p1k_00333', 'p1k_00334', 'p1k_00337', 'p1k_00338', 'p1k_00612', 'p1k_00613', 'p1k_00562', 'p1k_00563', 'p1k_00540', 'p1k_00541', 'p1k_00546', 'p1k_00547', 'p1k_00568', 'p1k_00569', 'p1k_00586', 'p1k_00587', 'p1k_00578', 'p1k_00579', 'p1k_00511', 'p1k_00512', 'p1k_00600', 'p1k_00601', 'p1k_00606', 'p1k_00607', 'p1k_00552', 'p1k_00553', 'p1k_00594', 'p1k_00595', 'p1k_00518', 'p1k_00519', 'p1k_00520', 'p1k_00521', 'p1k_00526', 'p1k_00527', 'p1k_00528', 'p1k_00529', 'p1k_00534', 'p1k_00535', 'p1k_00710', 'p1k_00711', 'p1k_00712', 'p1k_00713', 'p1k_00714', 'p1k_00715', 'p1k_00771', 'p1k_00772', 'p1k_00775', 'p1k_00776', 'p1k_00779', 'p1k_00780', 'p1k_00783', 'p1k_00784', 'p1k_00787', 'p1k_00788', 'p1k_00884', 'p1k_00885']",pgi,,,"('GMOS', 'M9', 37, 7.0, 'glucose(4)', 'NH4Cl(1)', 'O2', nan)",GMOS,M9,37,7.0,glucose(4),NH4Cl(1),O2,,,
p1k_00725,{'b4025': -1},"['p1k_00295', 'p1k_00296', 'p1k_00321', 'p1k_00322', 'p1k_00325', 'p1k_00326', 'p1k_00329', 'p1k_00330', 'p1k_00333', 'p1k_00334', 'p1k_00337', 'p1k_00338', 'p1k_00612', 'p1k_00613', 'p1k_00562', 'p1k_00563', 'p1k_00540', 'p1k_00541', 'p1k_00546', 'p1k_00547', 'p1k_00568', 'p1k_00569', 'p1k_00586', 'p1k_00587', 'p1k_00578', 'p1k_00579', 'p1k_00511', 'p1k_00512', 'p1k_00600', 'p1k_00601', 'p1k_00606', 'p1k_00607', 'p1k_00552', 'p1k_00553', 'p1k_00594', 'p1k_00595', 'p1k_00518', 'p1k_00519', 'p1k_00520', 'p1k_00521', 'p1k_00526', 'p1k_00527', 'p1k_00528', 'p1k_00529', 'p1k_00534', 'p1k_00535', 'p1k_00710', 'p1k_00711', 'p1k_00712', 'p1k_00713', 'p1k_00714', 'p1k_00715', 'p1k_00771', 'p1k_00772', 'p1k_00775', 'p1k_00776', 'p1k_00779', 'p1k_00780', 'p1k_00783', 'p1k_00784', 'p1k_00787', 'p1k_00788', 'p1k_00884', 'p1k_00885']",pgi,,,"('GMOS', 'M9', 37, 7.0, 'glucose(4)', 'NH4Cl(1)', 'O2', nan)",GMOS,M9,37,7.0,glucose(4),NH4Cl(1),O2,,,
p1k_00726,{'b4025': -1},"['p1k_00295', 'p1k_00296', 'p1k_00321', 'p1k_00322', 'p1k_00325', 'p1k_00326', 'p1k_00329', 'p1k_00330', 'p1k_00333', 'p1k_00334', 'p1k_00337', 'p1k_00338', 'p1k_00612', 'p1k_00613', 'p1k_00562', 'p1k_00563', 'p1k_00540', 'p1k_00541', 'p1k_00546', 'p1k_00547', 'p1k_00568', 'p1k_00569', 'p1k_00586', 'p1k_00587', 'p1k_00578', 'p1k_00579', 'p1k_00511', 'p1k_00512', 'p1k_00600', 'p1k_00601', 'p1k_00606', 'p1k_00607', 'p1k_00552', 'p1k_00553', 'p1k_00594', 'p1k_00595', 'p1k_00518', 'p1k_00519', 'p1k_00520', 'p1k_00521', 'p1k_00526', 'p1k_00527', 'p1k_00528', 'p1k_00529', 'p1k_00534', 'p1k_00535', 'p1k_00710', 'p1k_00711', 'p1k_00712', 'p1k_00713', 'p1k_00714', 'p1k_00715', 'p1k_00771', 'p1k_00772', 'p1k_00775', 'p1k_00776', 'p1k_00779', 'p1k_00780', 'p1k_00783', 'p1k_00784', 'p1k_00787', 'p1k_00788', 'p1k_00884', 'p1k_00885']",pgi,,,"('GMOS', 'M9', 37, 7.0, 'glucose(4)', 'NH4Cl(1)', 'O2', nan)",GMOS,M9,37,7.0,glucose(4),NH4Cl(1),O2,,,
p1k_00727,{'b4025': -1},"['p1k_00295', 'p1k_00296', 'p1k_00321', 'p1k_00322', 'p1k_00325', 'p1k_00326', 'p1k_00329', 'p1k_00330', 'p1k_00333', 'p1k_00334', 'p1k_00337', 'p1k_00338', 'p1k_00612', 'p1k_00613', 'p1k_00562', 'p1k_00563', 'p1k_00540', 'p1k_00541', 'p1k_00546', 'p1k_00547', 'p1k_00568', 'p1k_00569', 'p1k_00586', 'p1k_00587', 'p1k_00578', 'p1k_00579', 'p1k_00511', 'p1k_00512', 'p1k_00600', 'p1k_00601', 'p1k_00606', 'p1k_00607', 'p1k_00552', 'p1k_00553', 'p1k_00594', 'p1k_00595', 'p1k_00518', 'p1k_00519', 'p1k_00520', 'p1k_00521', 'p1k_00526', 'p1k_00527', 'p1k_00528', 'p1k_00529', 'p1k_00534', 'p1k_00535', 'p1k_00710', 'p1k_00711', 'p1k_00712', 'p1k_00713', 'p1k_00714', 'p1k_00715', 'p1k_00771', 'p1k_00772', 'p1k_00775', 'p1k_00776', 'p1k_00779', 'p1k_00780', 'p1k_00783', 'p1k_00784', 'p1k_00787', 'p1k_00788', 'p1k_00884', 'p1k_00885']",pgi,,,"('GMOS', 'M9', 37, 7.0, 'glucose(4)', 'NH4Cl(1)', 'O2', nan)",GMOS,M9,37,7.0,glucose(4),NH4Cl(1),O2,,,
p1k_00728,{'b4025': -1},"['p1k_00295', 'p1k_00296', 'p1k_00321', 'p1k_00322', 'p1k_00325', 'p1k_00326', 'p1k_00329', 'p1k_00330', 'p1k_00333', 'p1k_00334', 'p1k_00337', 'p1k_00338', 'p1k_00612', 'p1k_00613', 'p1k_00562', 'p1k_00563', 'p1k_00540', 'p1k_00541', 'p1k_00546', 'p1k_00547', 'p1k_00568', 'p1k_00569', 'p1k_00586', 'p1k_00587', 'p1k_00578', 'p1k_00579', 'p1k_00511', 'p1k_00512', 'p1k_00600', 'p1k_00601', 'p1k_00606', 'p1k_00607', 'p1k_00552', 'p1k_00553', 'p1k_00594', 'p1k_00595', 'p1k_00518', 'p1k_00519', 'p1k_00520', 'p1k_00521', 'p1k_00526', 'p1k_00527', 'p1k_00528', 'p1k_00529', 'p1k_00534', 'p1k_00535', 'p1k_00710', 'p1k_00711', 'p1k_00712', 'p1k_00713', 'p1k_00714', 'p1k_00715', 'p1k_00771', 'p1k_00772', 'p1k_00775', 'p1k_00776', 'p1k_00779', 'p1k_00780', 'p1k_00783', 'p1k_00784', 'p1k_00787', 'p1k_00788', 'p1k_00884', 'p1k_00885']",pgi,,,"('GMOS', 'M9', 37, 7.0, 'glucose(4)', 'NH4Cl(1)', 'O2', nan)",GMOS,M9,37,7.0,glucose(4),NH4Cl(1),O2,,,
p1k_00729,{'b4025': -1},"['p1k_00295', 'p1k_00296', 'p1k_00321', 'p1k_00322', 'p1k_00325', 'p1k_00326', 'p1k_00329', 'p1k_00330', 'p1k_00333', 'p1k_00334', 'p1k_00337', 'p1k_00338', 'p1k_00612', 'p1k_00613', 'p1k_00562', 'p1k_00563', 'p1k_00540', 'p1k_00541', 'p1k_00546', 'p1k_00547', 'p1k_00568', 'p1k_00569', 'p1k_00586', 'p1k_00587', 'p1k_00578', 'p1k_00579', 'p1k_00511', 'p1k_00512', 'p1k_00600', 'p1k_00601', 'p1k_00606', 'p1k_00607', 'p1k_00552', 'p1k_00553', 'p1k_00594', 'p1k_00595', 'p1k_00518', 'p1k_00519', 'p1k_00520', 'p1k_00521', 'p1k_00526', 'p1k_00527', 'p1k_00528', 'p1k_00529', 'p1k_00534', 'p1k_00535', 'p1k_00710', 'p1k_00711', 'p1k_00712', 'p1k_00713', 'p1k_00714', 'p1k_00715', 'p1k_00771', 'p1k_00772', 'p1k_00775', 'p1k_00776', 'p1k_00779', 'p1k_00780', 'p1k_00783', 'p1k_00784', 'p1k_00787', 'p1k_00788', 'p1k_00884', 'p1k_00885']",pgi,,,"('GMOS', 'M9', 37, 7.0, 'glucose(4)', 'NH4Cl(1)', 'O2', nan)",GMOS,M9,37,7.0,glucose(4),NH4Cl(1),O2,,,
p1k_00730,{'b4025': -1},"['p1k_00295', 'p1k_00296', 'p1k_00321', 'p1k_00322', 'p1k_00325', 'p1k_00326', 'p1k_00329', 'p1k_00330', 'p1k_00333', 'p1k_00334', 'p1k_00337', 'p1k_00338', 'p1k_00612', 'p1k_00613', 'p1k_00562', 'p1k_00563', 'p1k_00540', 'p1k_00541', 'p1k_00546', 'p1k_00547', 'p1k_00568', 'p1k_00569', 'p1k_00586', 'p1k_00587', 'p1k_00578', 'p1k_00579', 'p1k_00511', 'p1k_00512', 'p1k_00600', 'p1k_00601', 'p1k_00606', 'p1k_00607', 'p1k_00552', 'p1k_00553', 'p1k_00594', 'p1k_00595', 'p1k_00518', 'p1k_00519', 'p1k_00520', 'p1k_00521', 'p1k_00526', 'p1k_00527', 'p1k_00528', 'p1k_00529', 'p1k_00534', 'p1k_00535', 'p1k_00710', 'p1k_00711', 'p1k_00712', 'p1k_00713', 'p1k_00714', 'p1k_00715', 'p1k_00771', 'p1k_00772', 'p1k_00775', 'p1k_00776', 'p1k_00779', 'p1k_00780', 'p1k_00783', 'p1k_00784', 'p1k_00787', 'p1k_00788', 'p1k_00884', 'p1k_00885']",pgi,,,"('GMOS', 'M9', 37, 7.0, 'glucose(4)', 'NH4Cl(1)', 'O2', nan)",GMOS,M9,37,7.0,glucose(4),NH4Cl(1),O2,,,
p1k_00731,{'b4025': -1},"['p1k_00295', 'p1k_00296', 'p1k_00321', 'p1k_00322', 'p1k_00325', 'p1k_00326', 'p1k_00329', 'p1k_00330', 'p1k_00333', 'p1k_00334', 'p1k_00337', 'p1k_00338', 'p1k_00612', 'p1k_00613', 'p1k_00562', 'p1k_00563', 'p1k_00540', 'p1k_00541', 'p1k_00546', 'p1k_00547', 'p1k_00568', 'p1k_00569', 'p1k_00586', 'p1k_00587', 'p1k_00578', 'p1k_00579', 'p1k_00511', 'p1k_00512', 'p1k_00600', 'p1k_00601', 'p1k_00606', 'p1k_00607', 'p1k_00552', 'p1k_00553', 'p1k_00594', 'p1k_00595', 'p1k_00518', 'p1k_00519', 'p1k_00520', 'p1k_00521', 'p1k_00526', 'p1k_00527', 'p1k_00528', 'p1k_00529', 'p1k_00534', 'p1k_00535', 'p1k_00710', 'p1k_00711', 'p1k_00712', 'p1k_00713', 'p1k_00714', 'p1k_00715', 'p1k_00771', 'p1k_00772', 'p1k_00775', 'p1k_00776', 'p1k_00779', 'p1k_00780', 'p1k_00783', 'p1k_00784', 'p1k_00787', 'p1k_00788', 'p1k_00884', 'p1k_00885']",pgi,,,"('GMOS', 'M9', 37, 7.0, 'glucose(4)', 'NH4Cl(1)', 'O2', nan)",GMOS,M9,37,7.0,glucose(4),NH4Cl(1),O2,,,
p1k_00732,{'b4025': -1},"['p1k_00295', 'p1k_00296', 'p1k_00321', 'p1k_00322', 'p1k_00325', 'p1k_00326', 'p1k_00329', 'p1k_00330', 'p1k_00333', 'p1k_00334', 'p1k_00337', 'p1k_00338', 'p1k_00612', 'p1k_00613', 'p1k_00562', 'p1k_00563', 'p1k_00540', 'p1k_00541', 'p1k_00546', 'p1k_00547', 'p1k_00568', 'p1k_00569', 'p1k_00586', 'p1k_00587', 'p1k_00578', 'p1k_00579', 'p1k_00511', 'p1k_00512', 'p1k_00600', 'p1k_00601', 'p1k_00606', 'p1k_00607', 'p1k_00552', 'p1k_00553', 'p1k_00594', 'p1k_00595', 'p1k_00518', 'p1k_00519', 'p1k_00520', 'p1k_00521', 'p1k_00526', 'p1k_00527', 'p1k_00528', 'p1k_00529', 'p1k_00534', 'p1k_00535', 'p1k_00710', 'p1k_00711', 'p1k_00712', 'p1k_00713', 'p1k_00714', 'p1k_00715', 'p1k_00771', 'p1k_00772', 'p1k_00775', 'p1k_00776', 'p1k_00779', 'p1k_00780', 'p1k_00783', 'p1k_00784', 'p1k_00787', 'p1k_00788', 'p1k_00884', 'p1k_00885']",pgi,,,"('GMOS', 'M9', 37, 7.0, 'glucose(4)', 'NH4Cl(1)', 'O2', nan)",GMOS,M9,37,7.0,glucose(4),NH4Cl(1),O2,,,
p1k_00733,{'b4025': -1},"['p1k_00295', 'p1k_00296', 'p1k_00321', 'p1k_00322', 'p1k_00325', 'p1k_00326', 'p1k_00329', 'p1k_00330', 'p1k_00333', 'p1k_00334', 'p1k_00337', 'p1k_00338', 'p1k_00612', 'p1k_00613', 'p1k_00562', 'p1k_00563', 'p1k_00540', 'p1k_00541', 'p1k_00546', 'p1k_00547', 'p1k_00568', 'p1k_00569', 'p1k_00586', 'p1k_00587', 'p1k_00578', 'p1k_00579', 'p1k_00511', 'p1k_00512', 'p1k_00600', 'p1k_00601', 'p1k_00606', 'p1k_00607', 'p1k_00552', 'p1k_00553', 'p1k_00594', 'p1k_00595', 'p1k_00518', 'p1k_00519', 'p1k_00520', 'p1k_00521', 'p1k_00526', 'p1k_00527', 'p1k_00528', 'p1k_00529', 'p1k_00534', 'p1k_00535', 'p1k_00710', 'p1k_00711', 'p1k_00712', 'p1k_00713', 'p1k_00714', 'p1k_00715', 'p1k_00771', 'p1k_00772', 'p1k_00775', 'p1k_00776', 'p1k_00779', 'p1k_00780', 'p1k_00783', 'p1k_00784', 'p1k_00787', 'p1k_00788', 'p1k_00884', 'p1k_00885']",pgi,,,"('GMOS', 'M9', 37, 7.0, 'glucose(4)', 'NH4Cl(1)', 'O2', nan)",GMOS,M9,37,7.0,glucose(4),NH4Cl(1),O2,,,
p1k_00734,{'b4025': -1},"['p1k_00295', 'p1k_00296', 'p1k_00321', 'p1k_00322', 'p1k_00325', 'p1k_00326', 'p1k_00329', 'p1k_00330', 'p1k_00333', 'p1k_00334', 'p1k_00337', 'p1k_00338', 'p1k_00612', 'p1k_00613', 'p1k_00562', 'p1k_00563', 'p1k_00540', 'p1k_00541', 'p1k_00546', 'p1k_00547', 'p1k_00568', 'p1k_00569', 'p1k_00586', 'p1k_00587', 'p1k_00578', 'p1k_00579', 'p1k_00511', 'p1k_00512', 'p1k_00600', 'p1k_00601', 'p1k_00606', 'p1k_00607', 'p1k_00552', 'p1k_00553', 'p1k_00594', 'p1k_00595', 'p1k_00518', 'p1k_00519', 'p1k_00520', 'p1k_00521', 'p1k_00526', 'p1k_00527', 'p1k_00528', 'p1k_00529', 'p1k_00534', 'p1k_00535', 'p1k_00710', 'p1k_00711', 'p1k_00712', 'p1k_00713', 'p1k_00714', 'p1k_00715', 'p1k_00771', 'p1k_00772', 'p1k_00775', 'p1k_00776', 'p1k_00779', 'p1k_00780', 'p1k_00783', 'p1k_00784', 'p1k_00787', 'p1k_00788', 'p1k_00884', 'p1k_00885']",pgi,,,"('GMOS', 'M9', 37, 7.0, 'glucose(4)', 'NH4Cl(1)', 'O2', nan)",GMOS,M9,37,7.0,glucose(4),NH4Cl(1),O2,,,
p1k_00735,"{'b0721': -1, 'b0724': -1}","['p1k_00295', 'p1k_00296', 'p1k_00321', 'p1k_00322', 'p1k_00325', 'p1k_00326', 'p1k_00329', 'p1k_00330', 'p1k_00333', 'p1k_00334', 'p1k_00337', 'p1k_00338', 'p1k_00612', 'p1k_00613', 'p1k_00562', 'p1k_00563', 'p1k_00540', 'p1k_00541', 'p1k_00546', 'p1k_00547', 'p1k_00568', 'p1k_00569', 'p1k_00586', 'p1k_00587', 'p1k_00578', 'p1k_00579', 'p1k_00511', 'p1k_00512', 'p1k_00600', 'p1k_00601', 'p1k_00606', 'p1k_00607', 'p1k_00552', 'p1k_00553', 'p1k_00594', 'p1k_00595', 'p1k_00518', 'p1k_00519', 'p1k_00520', 'p1k_00521', 'p1k_00526', 'p1k_00527', 'p1k_00528', 'p1k_00529', 'p1k_00534', 'p1k_00535', 'p1k_00710', 'p1k_00711', 'p1k_00712', 'p1k_00713', 'p1k_00714', 'p1k_00715', 'p1k_00771', 'p1k_00772', 'p1k_00775', 'p1k_00776', 'p1k_00779', 'p1k_00780', 'p1k_00783', 'p1k_00784', 'p1k_00787', 'p1k_00788', 'p1k_00884', 'p1k_00885']",sdhC&sdhB,,,"('GMOS', 'M9', 37, 7.0, 'glucose(4)', 'NH4Cl(1)', 'O2', nan)",GMOS,M9,37,7.0,glucose(4),NH4Cl(1),O2,,,
p1k_00736,"{'b0721': -1, 'b0724': -1}","['p1k_00295', 'p1k_00296', 'p1k_00321', 'p1k_00322', 'p1k_00325', 'p1k_00326', 'p1k_00329', 'p1k_00330', 'p1k_00333', 'p1k_00334', 'p1k_00337', 'p1k_00338', 'p1k_00612', 'p1k_00613', 'p1k_00562', 'p1k_00563', 'p1k_00540', 'p1k_00541', 'p1k_00546', 'p1k_00547', 'p1k_00568', 'p1k_00569', 'p1k_00586', 'p1k_00587', 'p1k_00578', 'p1k_00579', 'p1k_00511', 'p1k_00512', 'p1k_00600', 'p1k_00601', 'p1k_00606', 'p1k_00607', 'p1k_00552', 'p1k_00553', 'p1k_00594', 'p1k_00595', 'p1k_00518', 'p1k_00519', 'p1k_00520', 'p1k_00521', 'p1k_00526', 'p1k_00527', 'p1k_00528', 'p1k_00529', 'p1k_00534', 'p1k_00535', 'p1k_00710', 'p1k_00711', 'p1k_00712', 'p1k_00713', 'p1k_00714', 'p1k_00715', 'p1k_00771', 'p1k_00772', 'p1k_00775', 'p1k_00776', 'p1k_00779', 'p1k_00780', 'p1k_00783', 'p1k_00784', 'p1k_00787', 'p1k_00788', 'p1k_00884', 'p1k_00885']",sdhC&sdhB,,,"('GMOS', 'M9', 37, 7.0, 'glucose(4)', 'NH4Cl(1)', 'O2', nan)",GMOS,M9,37,7.0,glucose(4),NH4Cl(1),O2,,,
p1k_00737,"{'b0721': -1, 'b0724': -1}","['p1k_00295', 'p1k_00296', 'p1k_00321', 'p1k_00322', 'p1k_00325', 'p1k_00326', 'p1k_00329', 'p1k_00330', 'p1k_00333', 'p1k_00334', 'p1k_00337', 'p1k_00338', 'p1k_00612', 'p1k_00613', 'p1k_00562', 'p1k_00563', 'p1k_00540', 'p1k_00541', 'p1k_00546', 'p1k_00547', 'p1k_00568', 'p1k_00569', 'p1k_00586', 'p1k_00587', 'p1k_00578', 'p1k_00579', 'p1k_00511', 'p1k_00512', 'p1k_00600', 'p1k_00601', 'p1k_00606', 'p1k_00607', 'p1k_00552', 'p1k_00553', 'p1k_00594', 'p1k_00595', 'p1k_00518', 'p1k_00519', 'p1k_00520', 'p1k_00521', 'p1k_00526', 'p1k_00527', 'p1k_00528', 'p1k_00529', 'p1k_00534', 'p1k_00535', 'p1k_00710', 'p1k_00711', 'p1k_00712', 'p1k_00713', 'p1k_00714', 'p1k_00715', 'p1k_00771', 'p1k_00772', 'p1k_00775', 'p1k_00776', 'p1k_00779', 'p1k_00780', 'p1k_00783', 'p1k_00784', 'p1k_00787', 'p1k_00788', 'p1k_00884', 'p1k_00885']",sdhC&sdhB,,,"('GMOS', 'M9', 37, 7.0, 'glucose(4)', 'NH4Cl(1)', 'O2', nan)",GMOS,M9,37,7.0,glucose(4),NH4Cl(1),O2,,,
p1k_00738,"{'b0721': -1, 'b0724': -1}","['p1k_00295', 'p1k_00296', 'p1k_00321', 'p1k_00322', 'p1k_00325', 'p1k_00326', 'p1k_00329', 'p1k_00330', 'p1k_00333', 'p1k_00334', 'p1k_00337', 'p1k_00338', 'p1k_00612', 'p1k_00613', 'p1k_00562', 'p1k_00563', 'p1k_00540', 'p1k_00541', 'p1k_00546', 'p1k_00547', 'p1k_00568', 'p1k_00569', 'p1k_00586', 'p1k_00587', 'p1k_00578', 'p1k_00579', 'p1k_00511', 'p1k_00512', 'p1k_00600', 'p1k_00601', 'p1k_00606', 'p1k_00607', 'p1k_00552', 'p1k_00553', 'p1k_00594', 'p1k_00595', 'p1k_00518', 'p1k_00519', 'p1k_00520', 'p1k_00521', 'p1k_00526', 'p1k_00527', 'p1k_00528', 'p1k_00529', 'p1k_00534', 'p1k_00535', 'p1k_00710', 'p1k_00711', 'p1k_00712', 'p1k_00713', 'p1k_00714', 'p1k_00715', 'p1k_00771', 'p1k_00772', 'p1k_00775', 'p1k_00776', 'p1k_00779', 'p1k_00780', 'p1k_00783', 'p1k_00784', 'p1k_00787', 'p1k_00788', 'p1k_00884', 'p1k_00885']",sdhC&sdhB,,,"('GMOS', 'M9', 37, 7.0, 'glucose(4)', 'NH4Cl(1)', 'O2', nan)",GMOS,M9,37,7.0,glucose(4),NH4Cl(1),O2,,,
p1k_00739,"{'b0721': -1, 'b0724': -1}","['p1k_00295', 'p1k_00296', 'p1k_00321', 'p1k_00322', 'p1k_00325', 'p1k_00326', 'p1k_00329', 'p1k_00330', 'p1k_00333', 'p1k_00334', 'p1k_00337', 'p1k_00338', 'p1k_00612', 'p1k_00613', 'p1k_00562', 'p1k_00563', 'p1k_00540', 'p1k_00541', 'p1k_00546', 'p1k_00547', 'p1k_00568', 'p1k_00569', 'p1k_00586', 'p1k_00587', 'p1k_00578', 'p1k_00579', 'p1k_00511', 'p1k_00512', 'p1k_00600', 'p1k_00601', 'p1k_00606', 'p1k_00607', 'p1k_00552', 'p1k_00553', 'p1k_00594', 'p1k_00595', 'p1k_00518', 'p1k_00519', 'p1k_00520', 'p1k_00521', 'p1k_00526', 'p1k_00527', 'p1k_00528', 'p1k_00529', 'p1k_00534', 'p1k_00535', 'p1k_00710', 'p1k_00711', 'p1k_00712', 'p1k_00713', 'p1k_00714', 'p1k_00715', 'p1k_00771', 'p1k_00772', 'p1k_00775', 'p1k_00776', 'p1k_00779', 'p1k_00780', 'p1k_00783', 'p1k_00784', 'p1k_00787', 'p1k_00788', 'p1k_00884', 'p1k_00885']",sdhC&sdhB,,,"('GMOS', 'M9', 37, 7.0, 'glucose(4)', 'NH4Cl(1)', 'O2', nan)",GMOS,M9,37,7.0,glucose(4),NH4Cl(1),O2,,,
p1k_00740,"{'b0721': -1, 'b0724': -1}","['p1k_00295', 'p1k_00296', 'p1k_00321', 'p1k_00322', 'p1k_00325', 'p1k_00326', 'p1k_00329', 'p1k_00330', 'p1k_00333', 'p1k_00334', 'p1k_00337', 'p1k_00338', 'p1k_00612', 'p1k_00613', 'p1k_00562', 'p1k_00563', 'p1k_00540', 'p1k_00541', 'p1k_00546', 'p1k_00547', 'p1k_00568', 'p1k_00569', 'p1k_00586', 'p1k_00587', 'p1k_00578', 'p1k_00579', 'p1k_00511', 'p1k_00512', 'p1k_00600', 'p1k_00601', 'p1k_00606', 'p1k_00607', 'p1k_00552', 'p1k_00553', 'p1k_00594', 'p1k_00595', 'p1k_00518', 'p1k_00519', 'p1k_00520', 'p1k_00521', 'p1k_00526', 'p1k_00527', 'p1k_00528', 'p1k_00529', 'p1k_00534', 'p1k_00535', 'p1k_00710', 'p1k_00711', 'p1k_00712', 'p1k_00713', 'p1k_00714', 'p1k_00715', 'p1k_00771', 'p1k_00772', 'p1k_00775', 'p1k_00776', 'p1k_00779', 'p1k_00780', 'p1k_00783', 'p1k_00784', 'p1k_00787', 'p1k_00788', 'p1k_00884', 'p1k_00885']",sdhC&sdhB,,,"('GMOS', 'M9', 37, 7.0, 'glucose(4)', 'NH4Cl(1)', 'O2', nan)",GMOS,M9,37,7.0,glucose(4),NH4Cl(1),O2,,,
p1k_00741,"{'b0721': -1, 'b0724': -1}","['p1k_00295', 'p1k_00296', 'p1k_00321', 'p1k_00322', 'p1k_00325', 'p1k_00326', 'p1k_00329', 'p1k_00330', 'p1k_00333', 'p1k_00334', 'p1k_00337', 'p1k_00338', 'p1k_00612', 'p1k_00613', 'p1k_00562', 'p1k_00563', 'p1k_00540', 'p1k_00541', 'p1k_00546', 'p1k_00547', 'p1k_00568', 'p1k_00569', 'p1k_00586', 'p1k_00587', 'p1k_00578', 'p1k_00579', 'p1k_00511', 'p1k_00512', 'p1k_00600', 'p1k_00601', 'p1k_00606', 'p1k_00607', 'p1k_00552', 'p1k_00553', 'p1k_00594', 'p1k_00595', 'p1k_00518', 'p1k_00519', 'p1k_00520', 'p1k_00521', 'p1k_00526', 'p1k_00527', 'p1k_00528', 'p1k_00529', 'p1k_00534', 'p1k_00535', 'p1k_00710', 'p1k_00711', 'p1k_00712', 'p1k_00713', 'p1k_00714', 'p1k_00715', 'p1k_00771', 'p1k_00772', 'p1k_00775', 'p1k_00776', 'p1k_00779', 'p1k_00780', 'p1k_00783', 'p1k_00784', 'p1k_00787', 'p1k_00788', 'p1k_00884', 'p1k_00885']",sdhC&sdhB,,,"('GMOS', 'M9', 37, 7.0, 'glucose(4)', 'NH4Cl(1)', 'O2', nan)",GMOS,M9,37,7.0,glucose(4),NH4Cl(1),O2,,,
p1k_00742,"{'b0721': -1, 'b0724': -1}","['p1k_00295', 'p1k_00296', 'p1k_00321', 'p1k_00322', 'p1k_00325', 'p1k_00326', 'p1k_00329', 'p1k_00330', 'p1k_00333', 'p1k_00334', 'p1k_00337', 'p1k_00338', 'p1k_00612', 'p1k_00613', 'p1k_00562', 'p1k_00563', 'p1k_00540', 'p1k_00541', 'p1k_00546', 'p1k_00547', 'p1k_00568', 'p1k_00569', 'p1k_00586', 'p1k_00587', 'p1k_00578', 'p1k_00579', 'p1k_00511', 'p1k_00512', 'p1k_00600', 'p1k_00601', 'p1k_00606', 'p1k_00607', 'p1k_00552', 'p1k_00553', 'p1k_00594', 'p1k_00595', 'p1k_00518', 'p1k_00519', 'p1k_00520', 'p1k_00521', 'p1k_00526', 'p1k_00527', 'p1k_00528', 'p1k_00529', 'p1k_00534', 'p1k_00535', 'p1k_00710', 'p1k_00711', 'p1k_00712', 'p1k_00713', 'p1k_00714', 'p1k_00715', 'p1k_00771', 'p1k_00772', 'p1k_00775', 'p1k_00776', 'p1k_00779', 'p1k_00780', 'p1k_00783', 'p1k_00784', 'p1k_00787', 'p1k_00788', 'p1k_00884', 'p1k_00885']",sdhC&sdhB,,,"('GMOS', 'M9', 37, 7.0, 'glucose(4)', 'NH4Cl(1)', 'O2', nan)",GMOS,M9,37,7.0,glucose(4),NH4Cl(1),O2,,,
p1k_00743,"{'b2415': -1, 'b2416': -1, 'b2417': -1}","['p1k_00295', 'p1k_00296', 'p1k_00321', 'p1k_00322', 'p1k_00325', 'p1k_00326', 'p1k_00329', 'p1k_00330', 'p1k_00333', 'p1k_00334', 'p1k_00337', 'p1k_00338', 'p1k_00612', 'p1k_00613', 'p1k_00562', 'p1k_00563', 'p1k_00540', 'p1k_00541', 'p1k_00546', 'p1k_00547', 'p1k_00568', 'p1k_00569', 'p1k_00586', 'p1k_00587', 'p1k_00578', 'p1k_00579', 'p1k_00511', 'p1k_00512', 'p1k_00600', 'p1k_00601', 'p1k_00606', 'p1k_00607', 'p1k_00552', 'p1k_00553', 'p1k_00594', 'p1k_00595', 'p1k_00518', 'p1k_00519', 'p1k_00520', 'p1k_00521', 'p1k_00526', 'p1k_00527', 'p1k_00528', 'p1k_00529', 'p1k_00534', 'p1k_00535', 'p1k_00710', 'p1k_00711', 'p1k_00712', 'p1k_00713', 'p1k_00714', 'p1k_00715', 'p1k_00771', 'p1k_00772', 'p1k_00775', 'p1k_00776', 'p1k_00779', 'p1k_00780', 'p1k_00783', 'p1k_00784', 'p1k_00787', 'p1k_00788', 'p1k_00884', 'p1k_00885']",ptsH&ptsI&crr,,,"('GMOS', 'M9', 37, 7.0, 'glucose(4)', 'NH4Cl(1)', 'O2', nan)",GMOS,M9,37,7.0,glucose(4),NH4Cl(1),O2,,,
p1k_00744,"{'b2415': -1, 'b2416': -1, 'b2417': -1}","['p1k_00295', 'p1k_00296', 'p1k_00321', 'p1k_00322', 'p1k_00325', 'p1k_00326', 'p1k_00329', 'p1k_00330', 'p1k_00333', 'p1k_00334', 'p1k_00337', 'p1k_00338', 'p1k_00612', 'p1k_00613', 'p1k_00562', 'p1k_00563', 'p1k_00540', 'p1k_00541', 'p1k_00546', 'p1k_00547', 'p1k_00568', 'p1k_00569', 'p1k_00586', 'p1k_00587', 'p1k_00578', 'p1k_00579', 'p1k_00511', 'p1k_00512', 'p1k_00600', 'p1k_00601', 'p1k_00606', 'p1k_00607', 'p1k_00552', 'p1k_00553', 'p1k_00594', 'p1k_00595', 'p1k_00518', 'p1k_00519', 'p1k_00520', 'p1k_00521', 'p1k_00526', 'p1k_00527', 'p1k_00528', 'p1k_00529', 'p1k_00534', 'p1k_00535', 'p1k_00710', 'p1k_00711', 'p1k_00712', 'p1k_00713', 'p1k_00714', 'p1k_00715', 'p1k_00771', 'p1k_00772', 'p1k_00775', 'p1k_00776', 'p1k_00779', 'p1k_00780', 'p1k_00783', 'p1k_00784', 'p1k_00787', 'p1k_00788', 'p1k_00884', 'p1k_00885']",ptsH&ptsI&crr,,,"('GMOS', 'M9', 37, 7.0, 'glucose(4)', 'NH4Cl(1)', 'O2', nan)",GMOS,M9,37,7.0,glucose(4),NH4Cl(1),O2,,,
p1k_00745,"{'b2415': -1, 'b2416': -1, 'b2417': -1}","['p1k_00295', 'p1k_00296', 'p1k_00321', 'p1k_00322', 'p1k_00325', 'p1k_00326', 'p1k_00329', 'p1k_00330', 'p1k_00333', 'p1k_00334', 'p1k_00337', 'p1k_00338', 'p1k_00612', 'p1k_00613', 'p1k_00562', 'p1k_00563', 'p1k_00540', 'p1k_00541', 'p1k_00546', 'p1k_00547', 'p1k_00568', 'p1k_00569', 'p1k_00586', 'p1k_00587', 'p1k_00578', 'p1k_00579', 'p1k_00511', 'p1k_00512', 'p1k_00600', 'p1k_00601', 'p1k_00606', 'p1k_00607', 'p1k_00552', 'p1k_00553', 'p1k_00594', 'p1k_00595', 'p1k_00518', 'p1k_00519', 'p1k_00520', 'p1k_00521', 'p1k_00526', 'p1k_00527', 'p1k_00528', 'p1k_00529', 'p1k_00534', 'p1k_00535', 'p1k_00710', 'p1k_00711', 'p1k_00712', 'p1k_00713', 'p1k_00714', 'p1k_00715', 'p1k_00771', 'p1k_00772', 'p1k_00775', 'p1k_00776', 'p1k_00779', 'p1k_00780', 'p1k_00783', 'p1k_00784', 'p1k_00787', 'p1k_00788', 'p1k_00884', 'p1k_00885']",ptsH&ptsI&crr,,,"('GMOS', 'M9', 37, 7.0, 'glucose(4)', 'NH4Cl(1)', 'O2', nan)",GMOS,M9,37,7.0,glucose(4),NH4Cl(1),O2,,,
p1k_00746,"{'b2415': -1, 'b2416': -1, 'b2417': -1}","['p1k_00295', 'p1k_00296', 'p1k_00321', 'p1k_00322', 'p1k_00325', 'p1k_00326', 'p1k_00329', 'p1k_00330', 'p1k_00333', 'p1k_00334', 'p1k_00337', 'p1k_00338', 'p1k_00612', 'p1k_00613', 'p1k_00562', 'p1k_00563', 'p1k_00540', 'p1k_00541', 'p1k_00546', 'p1k_00547', 'p1k_00568', 'p1k_00569', 'p1k_00586', 'p1k_00587', 'p1k_00578', 'p1k_00579', 'p1k_00511', 'p1k_00512', 'p1k_00600', 'p1k_00601', 'p1k_00606', 'p1k_00607', 'p1k_00552', 'p1k_00553', 'p1k_00594', 'p1k_00595', 'p1k_00518', 'p1k_00519', 'p1k_00520', 'p1k_00521', 'p1k_00526', 'p1k_00527', 'p1k_00528', 'p1k_00529', 'p1k_00534', 'p1k_00535', 'p1k_00710', 'p1k_00711', 'p1k_00712', 'p1k_00713', 'p1k_00714', 'p1k_00715', 'p1k_00771', 'p1k_00772', 'p1k_00775', 'p1k_00776', 'p1k_00779', 'p1k_00780', 'p1k_00783', 'p1k_00784', 'p1k_00787', 'p1k_00788', 'p1k_00884', 'p1k_00885']",ptsH&ptsI&crr,,,"('GMOS', 'M9', 37, 7.0, 'glucose(4)', 'NH4Cl(1)', 'O2', nan)",GMOS,M9,37,7.0,glucose(4),NH4Cl(1),O2,,,
p1k_00747,"{'b2415': -1, 'b2416': -1, 'b2417': -1}","['p1k_00295', 'p1k_00296', 'p1k_00321', 'p1k_00322', 'p1k_00325', 'p1k_00326', 'p1k_00329', 'p1k_00330', 'p1k_00333', 'p1k_00334', 'p1k_00337', 'p1k_00338', 'p1k_00612', 'p1k_00613', 'p1k_00562', 'p1k_00563', 'p1k_00540', 'p1k_00541', 'p1k_00546', 'p1k_00547', 'p1k_00568', 'p1k_00569', 'p1k_00586', 'p1k_00587', 'p1k_00578', 'p1k_00579', 'p1k_00511', 'p1k_00512', 'p1k_00600', 'p1k_00601', 'p1k_00606', 'p1k_00607', 'p1k_00552', 'p1k_00553', 'p1k_00594', 'p1k_00595', 'p1k_00518', 'p1k_00519', 'p1k_00520', 'p1k_00521', 'p1k_00526', 'p1k_00527', 'p1k_00528', 'p1k_00529', 'p1k_00534', 'p1k_00535', 'p1k_00710', 'p1k_00711', 'p1k_00712', 'p1k_00713', 'p1k_00714', 'p1k_00715', 'p1k_00771', 'p1k_00772', 'p1k_00775', 'p1k_00776', 'p1k_00779', 'p1k_00780', 'p1k_00783', 'p1k_00784', 'p1k_00787', 'p1k_00788', 'p1k_00884', 'p1k_00885']",ptsH&ptsI&crr,,,"('GMOS', 'M9', 37, 7.0, 'glucose(4)', 'NH4Cl(1)', 'O2', nan)",GMOS,M9,37,7.0,glucose(4),NH4Cl(1),O2,,,
p1k_00748,"{'b2415': -1, 'b2416': -1, 'b2417': -1}","['p1k_00295', 'p1k_00296', 'p1k_00321', 'p1k_00322', 'p1k_00325', 'p1k_00326', 'p1k_00329', 'p1k_00330', 'p1k_00333', 'p1k_00334', 'p1k_00337', 'p1k_00338', 'p1k_00612', 'p1k_00613', 'p1k_00562', 'p1k_00563', 'p1k_00540', 'p1k_00541', 'p1k_00546', 'p1k_00547', 'p1k_00568', 'p1k_00569', 'p1k_00586', 'p1k_00587', 'p1k_00578', 'p1k_00579', 'p1k_00511', 'p1k_00512', 'p1k_00600', 'p1k_00601', 'p1k_00606', 'p1k_00607', 'p1k_00552', 'p1k_00553', 'p1k_00594', 'p1k_00595', 'p1k_00518', 'p1k_00519', 'p1k_00520', 'p1k_00521', 'p1k_00526', 'p1k_00527', 'p1k_00528', 'p1k_00529', 'p1k_00534', 'p1k_00535', 'p1k_00710', 'p1k_00711', 'p1k_00712', 'p1k_00713', 'p1k_00714', 'p1k_00715', 'p1k_00771', 'p1k_00772', 'p1k_00775', 'p1k_00776', 'p1k_00779', 'p1k_00780', 'p1k_00783', 'p1k_00784', 'p1k_00787', 'p1k_00788', 'p1k_00884', 'p1k_00885']",ptsH&ptsI&crr,,,"('GMOS', 'M9', 37, 7.0, 'glucose(4)', 'NH4Cl(1)', 'O2', nan)",GMOS,M9,37,7.0,glucose(4),NH4Cl(1),O2,,,
p1k_00749,"{'b2415': -1, 'b2416': -1, 'b2417': -1}","['p1k_00295', 'p1k_00296', 'p1k_00321', 'p1k_00322', 'p1k_00325', 'p1k_00326', 'p1k_00329', 'p1k_00330', 'p1k_00333', 'p1k_00334', 'p1k_00337', 'p1k_00338', 'p1k_00612', 'p1k_00613', 'p1k_00562', 'p1k_00563', 'p1k_00540', 'p1k_00541', 'p1k_00546', 'p1k_00547', 'p1k_00568', 'p1k_00569', 'p1k_00586', 'p1k_00587', 'p1k_00578', 'p1k_00579', 'p1k_00511', 'p1k_00512', 'p1k_00600', 'p1k_00601', 'p1k_00606', 'p1k_00607', 'p1k_00552', 'p1k_00553', 'p1k_00594', 'p1k_00595', 'p1k_00518', 'p1k_00519', 'p1k_00520', 'p1k_00521', 'p1k_00526', 'p1k_00527', 'p1k_00528', 'p1k_00529', 'p1k_00534', 'p1k_00535', 'p1k_00710', 'p1k_00711', 'p1k_00712', 'p1k_00713', 'p1k_00714', 'p1k_00715', 'p1k_00771', 'p1k_00772', 'p1k_00775', 'p1k_00776', 'p1k_00779', 'p1k_00780', 'p1k_00783', 'p1k_00784', 'p1k_00787', 'p1k_00788', 'p1k_00884', 'p1k_00885']",ptsH&ptsI&crr,,,"('GMOS', 'M9', 37, 7.0, 'glucose(4)', 'NH4Cl(1)', 'O2', nan)",GMOS,M9,37,7.0,glucose(4),NH4Cl(1),O2,,,
p1k_00750,"{'b2415': -1, 'b2416': -1, 'b2417': -1}","['p1k_00295', 'p1k_00296', 'p1k_00321', 'p1k_00322', 'p1k_00325', 'p1k_00326', 'p1k_00329', 'p1k_00330', 'p1k_00333', 'p1k_00334', 'p1k_00337', 'p1k_00338', 'p1k_00612', 'p1k_00613', 'p1k_00562', 'p1k_00563', 'p1k_00540', 'p1k_00541', 'p1k_00546', 'p1k_00547', 'p1k_00568', 'p1k_00569', 'p1k_00586', 'p1k_00587', 'p1k_00578', 'p1k_00579', 'p1k_00511', 'p1k_00512', 'p1k_00600', 'p1k_00601', 'p1k_00606', 'p1k_00607', 'p1k_00552', 'p1k_00553', 'p1k_00594', 'p1k_00595', 'p1k_00518', 'p1k_00519', 'p1k_00520', 'p1k_00521', 'p1k_00526', 'p1k_00527', 'p1k_00528', 'p1k_00529', 'p1k_00534', 'p1k_00535', 'p1k_00710', 'p1k_00711', 'p1k_00712', 'p1k_00713', 'p1k_00714', 'p1k_00715', 'p1k_00771', 'p1k_00772', 'p1k_00775', 'p1k_00776', 'p1k_00779', 'p1k_00780', 'p1k_00783', 'p1k_00784', 'p1k_00787', 'p1k_00788', 'p1k_00884', 'p1k_00885']",ptsH&ptsI&crr,,,"('GMOS', 'M9', 37, 7.0, 'glucose(4)', 'NH4Cl(1)', 'O2', nan)",GMOS,M9,37,7.0,glucose(4),NH4Cl(1),O2,,,
p1k_00751,"{'b2415': -1, 'b2416': -1, 'b2417': -1}","['p1k_00295', 'p1k_00296', 'p1k_00321', 'p1k_00322', 'p1k_00325', 'p1k_00326', 'p1k_00329', 'p1k_00330', 'p1k_00333', 'p1k_00334', 'p1k_00337', 'p1k_00338', 'p1k_00612', 'p1k_00613', 'p1k_00562', 'p1k_00563', 'p1k_00540', 'p1k_00541', 'p1k_00546', 'p1k_00547', 'p1k_00568', 'p1k_00569', 'p1k_00586', 'p1k_00587', 'p1k_00578', 'p1k_00579', 'p1k_00511', 'p1k_00512', 'p1k_00600', 'p1k_00601', 'p1k_00606', 'p1k_00607', 'p1k_00552', 'p1k_00553', 'p1k_00594', 'p1k_00595', 'p1k_00518', 'p1k_00519', 'p1k_00520', 'p1k_00521', 'p1k_00526', 'p1k_00527', 'p1k_00528', 'p1k_00529', 'p1k_00534', 'p1k_00535', 'p1k_00710', 'p1k_00711', 'p1k_00712', 'p1k_00713', 'p1k_00714', 'p1k_00715', 'p1k_00771', 'p1k_00772', 'p1k_00775', 'p1k_00776', 'p1k_00779', 'p1k_00780', 'p1k_00783', 'p1k_00784', 'p1k_00787', 'p1k_00788', 'p1k_00884', 'p1k_00885']",ptsH&ptsI&crr,,,"('GMOS', 'M9', 37, 7.0, 'glucose(4)', 'NH4Cl(1)', 'O2', nan)",GMOS,M9,37,7.0,glucose(4),NH4Cl(1),O2,,,
p1k_00752,"{'b2415': -1, 'b2416': -1, 'b2417': -1}","['p1k_00295', 'p1k_00296', 'p1k_00321', 'p1k_00322', 'p1k_00325', 'p1k_00326', 'p1k_00329', 'p1k_00330', 'p1k_00333', 'p1k_00334', 'p1k_00337', 'p1k_00338', 'p1k_00612', 'p1k_00613', 'p1k_00562', 'p1k_00563', 'p1k_00540', 'p1k_00541', 'p1k_00546', 'p1k_00547', 'p1k_00568', 'p1k_00569', 'p1k_00586', 'p1k_00587', 'p1k_00578', 'p1k_00579', 'p1k_00511', 'p1k_00512', 'p1k_00600', 'p1k_00601', 'p1k_00606', 'p1k_00607', 'p1k_00552', 'p1k_00553', 'p1k_00594', 'p1k_00595', 'p1k_00518', 'p1k_00519', 'p1k_00520', 'p1k_00521', 'p1k_00526', 'p1k_00527', 'p1k_00528', 'p1k_00529', 'p1k_00534', 'p1k_00535', 'p1k_00710', 'p1k_00711', 'p1k_00712', 'p1k_00713', 'p1k_00714', 'p1k_00715', 'p1k_00771', 'p1k_00772', 'p1k_00775', 'p1k_00776', 'p1k_00779', 'p1k_00780', 'p1k_00783', 'p1k_00784', 'p1k_00787', 'p1k_00788', 'p1k_00884', 'p1k_00885']",ptsH&ptsI&crr,,,"('GMOS', 'M9', 37, 7.0, 'glucose(4)', 'NH4Cl(1)', 'O2', nan)",GMOS,M9,37,7.0,glucose(4),NH4Cl(1),O2,,,
p1k_00753,{'b2029': -1},"['p1k_00295', 'p1k_00296', 'p1k_00321', 'p1k_00322', 'p1k_00325', 'p1k_00326', 'p1k_00329', 'p1k_00330', 'p1k_00333', 'p1k_00334', 'p1k_00337', 'p1k_00338', 'p1k_00612', 'p1k_00613', 'p1k_00562', 'p1k_00563', 'p1k_00540', 'p1k_00541', 'p1k_00546', 'p1k_00547', 'p1k_00568', 'p1k_00569', 'p1k_00586', 'p1k_00587', 'p1k_00578', 'p1k_00579', 'p1k_00511', 'p1k_00512', 'p1k_00600', 'p1k_00601', 'p1k_00606', 'p1k_00607', 'p1k_00552', 'p1k_00553', 'p1k_00594', 'p1k_00595', 'p1k_00518', 'p1k_00519', 'p1k_00520', 'p1k_00521', 'p1k_00526', 'p1k_00527', 'p1k_00528', 'p1k_00529', 'p1k_00534', 'p1k_00535', 'p1k_00710', 'p1k_00711', 'p1k_00712', 'p1k_00713', 'p1k_00714', 'p1k_00715', 'p1k_00771', 'p1k_00772', 'p1k_00775', 'p1k_00776', 'p1k_00779', 'p1k_00780', 'p1k_00783', 'p1k_00784', 'p1k_00787', 'p1k_00788', 'p1k_00884', 'p1k_00885']",gnd,,,"('GMOS', 'M9', 37, 7.0, 'glucose(4)', 'NH4Cl(1)', 'O2', nan)",GMOS,M9,37,7.0,glucose(4),NH4Cl(1),O2,,,
p1k_00754,{'b2029': -1},"['p1k_00295', 'p1k_00296', 'p1k_00321', 'p1k_00322', 'p1k_00325', 'p1k_00326', 'p1k_00329', 'p1k_00330', 'p1k_00333', 'p1k_00334', 'p1k_00337', 'p1k_00338', 'p1k_00612', 'p1k_00613', 'p1k_00562', 'p1k_00563', 'p1k_00540', 'p1k_00541', 'p1k_00546', 'p1k_00547', 'p1k_00568', 'p1k_00569', 'p1k_00586', 'p1k_00587', 'p1k_00578', 'p1k_00579', 'p1k_00511', 'p1k_00512', 'p1k_00600', 'p1k_00601', 'p1k_00606', 'p1k_00607', 'p1k_00552', 'p1k_00553', 'p1k_00594', 'p1k_00595', 'p1k_00518', 'p1k_00519', 'p1k_00520', 'p1k_00521', 'p1k_00526', 'p1k_00527', 'p1k_00528', 'p1k_00529', 'p1k_00534', 'p1k_00535', 'p1k_00710', 'p1k_00711', 'p1k_00712', 'p1k_00713', 'p1k_00714', 'p1k_00715', 'p1k_00771', 'p1k_00772', 'p1k_00775', 'p1k_00776', 'p1k_00779', 'p1k_00780', 'p1k_00783', 'p1k_00784', 'p1k_00787', 'p1k_00788', 'p1k_00884', 'p1k_00885']",gnd,,,"('GMOS', 'M9', 37, 7.0, 'glucose(4)', 'NH4Cl(1)', 'O2', nan)",GMOS,M9,37,7.0,glucose(4),NH4Cl(1),O2,,,
p1k_00755,{'b2029': -1},"['p1k_00295', 'p1k_00296', 'p1k_00321', 'p1k_00322', 'p1k_00325', 'p1k_00326', 'p1k_00329', 'p1k_00330', 'p1k_00333', 'p1k_00334', 'p1k_00337', 'p1k_00338', 'p1k_00612', 'p1k_00613', 'p1k_00562', 'p1k_00563', 'p1k_00540', 'p1k_00541', 'p1k_00546', 'p1k_00547', 'p1k_00568', 'p1k_00569', 'p1k_00586', 'p1k_00587', 'p1k_00578', 'p1k_00579', 'p1k_00511', 'p1k_00512', 'p1k_00600', 'p1k_00601', 'p1k_00606', 'p1k_00607', 'p1k_00552', 'p1k_00553', 'p1k_00594', 'p1k_00595', 'p1k_00518', 'p1k_00519', 'p1k_00520', 'p1k_00521', 'p1k_00526', 'p1k_00527', 'p1k_00528', 'p1k_00529', 'p1k_00534', 'p1k_00535', 'p1k_00710', 'p1k_00711', 'p1k_00712', 'p1k_00713', 'p1k_00714', 'p1k_00715', 'p1k_00771', 'p1k_00772', 'p1k_00775', 'p1k_00776', 'p1k_00779', 'p1k_00780', 'p1k_00783', 'p1k_00784', 'p1k_00787', 'p1k_00788', 'p1k_00884', 'p1k_00885']",gnd,,,"('GMOS', 'M9', 37, 7.0, 'glucose(4)', 'NH4Cl(1)', 'O2', nan)",GMOS,M9,37,7.0,glucose(4),NH4Cl(1),O2,,,
p1k_00756,{'b2029': -1},"['p1k_00295', 'p1k_00296', 'p1k_00321', 'p1k_00322', 'p1k_00325', 'p1k_00326', 'p1k_00329', 'p1k_00330', 'p1k_00333', 'p1k_00334', 'p1k_00337', 'p1k_00338', 'p1k_00612', 'p1k_00613', 'p1k_00562', 'p1k_00563', 'p1k_00540', 'p1k_00541', 'p1k_00546', 'p1k_00547', 'p1k_00568', 'p1k_00569', 'p1k_00586', 'p1k_00587', 'p1k_00578', 'p1k_00579', 'p1k_00511', 'p1k_00512', 'p1k_00600', 'p1k_00601', 'p1k_00606', 'p1k_00607', 'p1k_00552', 'p1k_00553', 'p1k_00594', 'p1k_00595', 'p1k_00518', 'p1k_00519', 'p1k_00520', 'p1k_00521', 'p1k_00526', 'p1k_00527', 'p1k_00528', 'p1k_00529', 'p1k_00534', 'p1k_00535', 'p1k_00710', 'p1k_00711', 'p1k_00712', 'p1k_00713', 'p1k_00714', 'p1k_00715', 'p1k_00771', 'p1k_00772', 'p1k_00775', 'p1k_00776', 'p1k_00779', 'p1k_00780', 'p1k_00783', 'p1k_00784', 'p1k_00787', 'p1k_00788', 'p1k_00884', 'p1k_00885']",gnd,,,"('GMOS', 'M9', 37, 7.0, 'glucose(4)', 'NH4Cl(1)', 'O2', nan)",GMOS,M9,37,7.0,glucose(4),NH4Cl(1),O2,,,
p1k_00757,{'b2029': -1},"['p1k_00295', 'p1k_00296', 'p1k_00321', 'p1k_00322', 'p1k_00325', 'p1k_00326', 'p1k_00329', 'p1k_00330', 'p1k_00333', 'p1k_00334', 'p1k_00337', 'p1k_00338', 'p1k_00612', 'p1k_00613', 'p1k_00562', 'p1k_00563', 'p1k_00540', 'p1k_00541', 'p1k_00546', 'p1k_00547', 'p1k_00568', 'p1k_00569', 'p1k_00586', 'p1k_00587', 'p1k_00578', 'p1k_00579', 'p1k_00511', 'p1k_00512', 'p1k_00600', 'p1k_00601', 'p1k_00606', 'p1k_00607', 'p1k_00552', 'p1k_00553', 'p1k_00594', 'p1k_00595', 'p1k_00518', 'p1k_00519', 'p1k_00520', 'p1k_00521', 'p1k_00526', 'p1k_00527', 'p1k_00528', 'p1k_00529', 'p1k_00534', 'p1k_00535', 'p1k_00710', 'p1k_00711', 'p1k_00712', 'p1k_00713', 'p1k_00714', 'p1k_00715', 'p1k_00771', 'p1k_00772', 'p1k_00775', 'p1k_00776', 'p1k_00779', 'p1k_00780', 'p1k_00783', 'p1k_00784', 'p1k_00787', 'p1k_00788', 'p1k_00884', 'p1k_00885']",gnd,,,"('GMOS', 'M9', 37, 7.0, 'glucose(4)', 'NH4Cl(1)', 'O2', nan)",GMOS,M9,37,7.0,glucose(4),NH4Cl(1),O2,,,
p1k_00758,{'b2029': -1},"['p1k_00295', 'p1k_00296', 'p1k_00321', 'p1k_00322', 'p1k_00325', 'p1k_00326', 'p1k_00329', 'p1k_00330', 'p1k_00333', 'p1k_00334', 'p1k_00337', 'p1k_00338', 'p1k_00612', 'p1k_00613', 'p1k_00562', 'p1k_00563', 'p1k_00540', 'p1k_00541', 'p1k_00546', 'p1k_00547', 'p1k_00568', 'p1k_00569', 'p1k_00586', 'p1k_00587', 'p1k_00578', 'p1k_00579', 'p1k_00511', 'p1k_00512', 'p1k_00600', 'p1k_00601', 'p1k_00606', 'p1k_00607', 'p1k_00552', 'p1k_00553', 'p1k_00594', 'p1k_00595', 'p1k_00518', 'p1k_00519', 'p1k_00520', 'p1k_00521', 'p1k_00526', 'p1k_00527', 'p1k_00528', 'p1k_00529', 'p1k_00534', 'p1k_00535', 'p1k_00710', 'p1k_00711', 'p1k_00712', 'p1k_00713', 'p1k_00714', 'p1k_00715', 'p1k_00771', 'p1k_00772', 'p1k_00775', 'p1k_00776', 'p1k_00779', 'p1k_00780', 'p1k_00783', 'p1k_00784', 'p1k_00787', 'p1k_00788', 'p1k_00884', 'p1k_00885']",gnd,,,"('GMOS', 'M9', 37, 7.0, 'glucose(4)', 'NH4Cl(1)', 'O2', nan)",GMOS,M9,37,7.0,glucose(4),NH4Cl(1),O2,,,
p1k_00759,{'b2029': -1},"['p1k_00295', 'p1k_00296', 'p1k_00321', 'p1k_00322', 'p1k_00325', 'p1k_00326', 'p1k_00329', 'p1k_00330', 'p1k_00333', 'p1k_00334', 'p1k_00337', 'p1k_00338', 'p1k_00612', 'p1k_00613', 'p1k_00562', 'p1k_00563', 'p1k_00540', 'p1k_00541', 'p1k_00546', 'p1k_00547', 'p1k_00568', 'p1k_00569', 'p1k_00586', 'p1k_00587', 'p1k_00578', 'p1k_00579', 'p1k_00511', 'p1k_00512', 'p1k_00600', 'p1k_00601', 'p1k_00606', 'p1k_00607', 'p1k_00552', 'p1k_00553', 'p1k_00594', 'p1k_00595', 'p1k_00518', 'p1k_00519', 'p1k_00520', 'p1k_00521', 'p1k_00526', 'p1k_00527', 'p1k_00528', 'p1k_00529', 'p1k_00534', 'p1k_00535', 'p1k_00710', 'p1k_00711', 'p1k_00712', 'p1k_00713', 'p1k_00714', 'p1k_00715', 'p1k_00771', 'p1k_00772', 'p1k_00775', 'p1k_00776', 'p1k_00779', 'p1k_00780', 'p1k_00783', 'p1k_00784', 'p1k_00787', 'p1k_00788', 'p1k_00884', 'p1k_00885']",gnd,,,"('GMOS', 'M9', 37, 7.0, 'glucose(4)', 'NH4Cl(1)', 'O2', nan)",GMOS,M9,37,7.0,glucose(4),NH4Cl(1),O2,,,
p1k_00760,{'b2029': -1},"['p1k_00295', 'p1k_00296', 'p1k_00321', 'p1k_00322', 'p1k_00325', 'p1k_00326', 'p1k_00329', 'p1k_00330', 'p1k_00333', 'p1k_00334', 'p1k_00337', 'p1k_00338', 'p1k_00612', 'p1k_00613', 'p1k_00562', 'p1k_00563', 'p1k_00540', 'p1k_00541', 'p1k_00546', 'p1k_00547', 'p1k_00568', 'p1k_00569', 'p1k_00586', 'p1k_00587', 'p1k_00578', 'p1k_00579', 'p1k_00511', 'p1k_00512', 'p1k_00600', 'p1k_00601', 'p1k_00606', 'p1k_00607', 'p1k_00552', 'p1k_00553', 'p1k_00594', 'p1k_00595', 'p1k_00518', 'p1k_00519', 'p1k_00520', 'p1k_00521', 'p1k_00526', 'p1k_00527', 'p1k_00528', 'p1k_00529', 'p1k_00534', 'p1k_00535', 'p1k_00710', 'p1k_00711', 'p1k_00712', 'p1k_00713', 'p1k_00714', 'p1k_00715', 'p1k_00771', 'p1k_00772', 'p1k_00775', 'p1k_00776', 'p1k_00779', 'p1k_00780', 'p1k_00783', 'p1k_00784', 'p1k_00787', 'p1k_00788', 'p1k_00884', 'p1k_00885']",gnd,,,"('GMOS', 'M9', 37, 7.0, 'glucose(4)', 'NH4Cl(1)', 'O2', nan)",GMOS,M9,37,7.0,glucose(4),NH4Cl(1),O2,,,
p1k_00761,{'b3919': -1},"['p1k_00295', 'p1k_00296', 'p1k_00321', 'p1k_00322', 'p1k_00325', 'p1k_00326', 'p1k_00329', 'p1k_00330', 'p1k_00333', 'p1k_00334', 'p1k_00337', 'p1k_00338', 'p1k_00612', 'p1k_00613', 'p1k_00562', 'p1k_00563', 'p1k_00540', 'p1k_00541', 'p1k_00546', 'p1k_00547', 'p1k_00568', 'p1k_00569', 'p1k_00586', 'p1k_00587', 'p1k_00578', 'p1k_00579', 'p1k_00511', 'p1k_00512', 'p1k_00600', 'p1k_00601', 'p1k_00606', 'p1k_00607', 'p1k_00552', 'p1k_00553', 'p1k_00594', 'p1k_00595', 'p1k_00518', 'p1k_00519', 'p1k_00520', 'p1k_00521', 'p1k_00526', 'p1k_00527', 'p1k_00528', 'p1k_00529', 'p1k_00534', 'p1k_00535', 'p1k_00710', 'p1k_00711', 'p1k_00712', 'p1k_00713', 'p1k_00714', 'p1k_00715', 'p1k_00771', 'p1k_00772', 'p1k_00775', 'p1k_00776', 'p1k_00779', 'p1k_00780', 'p1k_00783', 'p1k_00784', 'p1k_00787', 'p1k_00788', 'p1k_00884', 'p1k_00885']",tpiA,,,"('GMOS', 'M9', 37, 7.0, 'glucose(4)', 'NH4Cl(1)', 'O2', nan)",GMOS,M9,37,7.0,glucose(4),NH4Cl(1),O2,,,
p1k_00762,{'b3919': -1},"['p1k_00295', 'p1k_00296', 'p1k_00321', 'p1k_00322', 'p1k_00325', 'p1k_00326', 'p1k_00329', 'p1k_00330', 'p1k_00333', 'p1k_00334', 'p1k_00337', 'p1k_00338', 'p1k_00612', 'p1k_00613', 'p1k_00562', 'p1k_00563', 'p1k_00540', 'p1k_00541', 'p1k_00546', 'p1k_00547', 'p1k_00568', 'p1k_00569', 'p1k_00586', 'p1k_00587', 'p1k_00578', 'p1k_00579', 'p1k_00511', 'p1k_00512', 'p1k_00600', 'p1k_00601', 'p1k_00606', 'p1k_00607', 'p1k_00552', 'p1k_00553', 'p1k_00594', 'p1k_00595', 'p1k_00518', 'p1k_00519', 'p1k_00520', 'p1k_00521', 'p1k_00526', 'p1k_00527', 'p1k_00528', 'p1k_00529', 'p1k_00534', 'p1k_00535', 'p1k_00710', 'p1k_00711', 'p1k_00712', 'p1k_00713', 'p1k_00714', 'p1k_00715', 'p1k_00771', 'p1k_00772', 'p1k_00775', 'p1k_00776', 'p1k_00779', 'p1k_00780', 'p1k_00783', 'p1k_00784', 'p1k_00787', 'p1k_00788', 'p1k_00884', 'p1k_00885']",tpiA,,,"('GMOS', 'M9', 37, 7.0, 'glucose(4)', 'NH4Cl(1)', 'O2', nan)",GMOS,M9,37,7.0,glucose(4),NH4Cl(1),O2,,,
p1k_00763,{'b3919': -1},"['p1k_00295', 'p1k_00296', 'p1k_00321', 'p1k_00322', 'p1k_00325', 'p1k_00326', 'p1k_00329', 'p1k_00330', 'p1k_00333', 'p1k_00334', 'p1k_00337', 'p1k_00338', 'p1k_00612', 'p1k_00613', 'p1k_00562', 'p1k_00563', 'p1k_00540', 'p1k_00541', 'p1k_00546', 'p1k_00547', 'p1k_00568', 'p1k_00569', 'p1k_00586', 'p1k_00587', 'p1k_00578', 'p1k_00579', 'p1k_00511', 'p1k_00512', 'p1k_00600', 'p1k_00601', 'p1k_00606', 'p1k_00607', 'p1k_00552', 'p1k_00553', 'p1k_00594', 'p1k_00595', 'p1k_00518', 'p1k_00519', 'p1k_00520', 'p1k_00521', 'p1k_00526', 'p1k_00527', 'p1k_00528', 'p1k_00529', 'p1k_00534', 'p1k_00535', 'p1k_00710', 'p1k_00711', 'p1k_00712', 'p1k_00713', 'p1k_00714', 'p1k_00715', 'p1k_00771', 'p1k_00772', 'p1k_00775', 'p1k_00776', 'p1k_00779', 'p1k_00780', 'p1k_00783', 'p1k_00784', 'p1k_00787', 'p1k_00788', 'p1k_00884', 'p1k_00885']",tpiA,,,"('GMOS', 'M9', 37, 7.0, 'glucose(4)', 'NH4Cl(1)', 'O2', nan)",GMOS,M9,37,7.0,glucose(4),NH4Cl(1),O2,,,
p1k_00764,{'b3919': -1},"['p1k_00295', 'p1k_00296', 'p1k_00321', 'p1k_00322', 'p1k_00325', 'p1k_00326', 'p1k_00329', 'p1k_00330', 'p1k_00333', 'p1k_00334', 'p1k_00337', 'p1k_00338', 'p1k_00612', 'p1k_00613', 'p1k_00562', 'p1k_00563', 'p1k_00540', 'p1k_00541', 'p1k_00546', 'p1k_00547', 'p1k_00568', 'p1k_00569', 'p1k_00586', 'p1k_00587', 'p1k_00578', 'p1k_00579', 'p1k_00511', 'p1k_00512', 'p1k_00600', 'p1k_00601', 'p1k_00606', 'p1k_00607', 'p1k_00552', 'p1k_00553', 'p1k_00594', 'p1k_00595', 'p1k_00518', 'p1k_00519', 'p1k_00520', 'p1k_00521', 'p1k_00526', 'p1k_00527', 'p1k_00528', 'p1k_00529', 'p1k_00534', 'p1k_00535', 'p1k_00710', 'p1k_00711', 'p1k_00712', 'p1k_00713', 'p1k_00714', 'p1k_00715', 'p1k_00771', 'p1k_00772', 'p1k_00775', 'p1k_00776', 'p1k_00779', 'p1k_00780', 'p1k_00783', 'p1k_00784', 'p1k_00787', 'p1k_00788', 'p1k_00884', 'p1k_00885']",tpiA,,,"('GMOS', 'M9', 37, 7.0, 'glucose(4)', 'NH4Cl(1)', 'O2', nan)",GMOS,M9,37,7.0,glucose(4),NH4Cl(1),O2,,,
p1k_00765,{'b3919': -1},"['p1k_00295', 'p1k_00296', 'p1k_00321', 'p1k_00322', 'p1k_00325', 'p1k_00326', 'p1k_00329', 'p1k_00330', 'p1k_00333', 'p1k_00334', 'p1k_00337', 'p1k_00338', 'p1k_00612', 'p1k_00613', 'p1k_00562', 'p1k_00563', 'p1k_00540', 'p1k_00541', 'p1k_00546', 'p1k_00547', 'p1k_00568', 'p1k_00569', 'p1k_00586', 'p1k_00587', 'p1k_00578', 'p1k_00579', 'p1k_00511', 'p1k_00512', 'p1k_00600', 'p1k_00601', 'p1k_00606', 'p1k_00607', 'p1k_00552', 'p1k_00553', 'p1k_00594', 'p1k_00595', 'p1k_00518', 'p1k_00519', 'p1k_00520', 'p1k_00521', 'p1k_00526', 'p1k_00527', 'p1k_00528', 'p1k_00529', 'p1k_00534', 'p1k_00535', 'p1k_00710', 'p1k_00711', 'p1k_00712', 'p1k_00713', 'p1k_00714', 'p1k_00715', 'p1k_00771', 'p1k_00772', 'p1k_00775', 'p1k_00776', 'p1k_00779', 'p1k_00780', 'p1k_00783', 'p1k_00784', 'p1k_00787', 'p1k_00788', 'p1k_00884', 'p1k_00885']",tpiA,,,"('GMOS', 'M9', 37, 7.0, 'glucose(4)', 'NH4Cl(1)', 'O2', nan)",GMOS,M9,37,7.0,glucose(4),NH4Cl(1),O2,,,
p1k_00766,{'b3919': -1},"['p1k_00295', 'p1k_00296', 'p1k_00321', 'p1k_00322', 'p1k_00325', 'p1k_00326', 'p1k_00329', 'p1k_00330', 'p1k_00333', 'p1k_00334', 'p1k_00337', 'p1k_00338', 'p1k_00612', 'p1k_00613', 'p1k_00562', 'p1k_00563', 'p1k_00540', 'p1k_00541', 'p1k_00546', 'p1k_00547', 'p1k_00568', 'p1k_00569', 'p1k_00586', 'p1k_00587', 'p1k_00578', 'p1k_00579', 'p1k_00511', 'p1k_00512', 'p1k_00600', 'p1k_00601', 'p1k_00606', 'p1k_00607', 'p1k_00552', 'p1k_00553', 'p1k_00594', 'p1k_00595', 'p1k_00518', 'p1k_00519', 'p1k_00520', 'p1k_00521', 'p1k_00526', 'p1k_00527', 'p1k_00528', 'p1k_00529', 'p1k_00534', 'p1k_00535', 'p1k_00710', 'p1k_00711', 'p1k_00712', 'p1k_00713', 'p1k_00714', 'p1k_00715', 'p1k_00771', 'p1k_00772', 'p1k_00775', 'p1k_00776', 'p1k_00779', 'p1k_00780', 'p1k_00783', 'p1k_00784', 'p1k_00787', 'p1k_00788', 'p1k_00884', 'p1k_00885']",tpiA,,,"('GMOS', 'M9', 37, 7.0, 'glucose(4)', 'NH4Cl(1)', 'O2', nan)",GMOS,M9,37,7.0,glucose(4),NH4Cl(1),O2,,,
p1k_00767,{'b3919': -1},"['p1k_00295', 'p1k_00296', 'p1k_00321', 'p1k_00322', 'p1k_00325', 'p1k_00326', 'p1k_00329', 'p1k_00330', 'p1k_00333', 'p1k_00334', 'p1k_00337', 'p1k_00338', 'p1k_00612', 'p1k_00613', 'p1k_00562', 'p1k_00563', 'p1k_00540', 'p1k_00541', 'p1k_00546', 'p1k_00547', 'p1k_00568', 'p1k_00569', 'p1k_00586', 'p1k_00587', 'p1k_00578', 'p1k_00579', 'p1k_00511', 'p1k_00512', 'p1k_00600', 'p1k_00601', 'p1k_00606', 'p1k_00607', 'p1k_00552', 'p1k_00553', 'p1k_00594', 'p1k_00595', 'p1k_00518', 'p1k_00519', 'p1k_00520', 'p1k_00521', 'p1k_00526', 'p1k_00527', 'p1k_00528', 'p1k_00529', 'p1k_00534', 'p1k_00535', 'p1k_00710', 'p1k_00711', 'p1k_00712', 'p1k_00713', 'p1k_00714', 'p1k_00715', 'p1k_00771', 'p1k_00772', 'p1k_00775', 'p1k_00776', 'p1k_00779', 'p1k_00780', 'p1k_00783', 'p1k_00784', 'p1k_00787', 'p1k_00788', 'p1k_00884', 'p1k_00885']",tpiA,,,"('GMOS', 'M9', 37, 7.0, 'glucose(4)', 'NH4Cl(1)', 'O2', nan)",GMOS,M9,37,7.0,glucose(4),NH4Cl(1),O2,,,
p1k_00768,{'b3919': -1},"['p1k_00295', 'p1k_00296', 'p1k_00321', 'p1k_00322', 'p1k_00325', 'p1k_00326', 'p1k_00329', 'p1k_00330', 'p1k_00333', 'p1k_00334', 'p1k_00337', 'p1k_00338', 'p1k_00612', 'p1k_00613', 'p1k_00562', 'p1k_00563', 'p1k_00540', 'p1k_00541', 'p1k_00546', 'p1k_00547', 'p1k_00568', 'p1k_00569', 'p1k_00586', 'p1k_00587', 'p1k_00578', 'p1k_00579', 'p1k_00511', 'p1k_00512', 'p1k_00600', 'p1k_00601', 'p1k_00606', 'p1k_00607', 'p1k_00552', 'p1k_00553', 'p1k_00594', 'p1k_00595', 'p1k_00518', 'p1k_00519', 'p1k_00520', 'p1k_00521', 'p1k_00526', 'p1k_00527', 'p1k_00528', 'p1k_00529', 'p1k_00534', 'p1k_00535', 'p1k_00710', 'p1k_00711', 'p1k_00712', 'p1k_00713', 'p1k_00714', 'p1k_00715', 'p1k_00771', 'p1k_00772', 'p1k_00775', 'p1k_00776', 'p1k_00779', 'p1k_00780', 'p1k_00783', 'p1k_00784', 'p1k_00787', 'p1k_00788', 'p1k_00884', 'p1k_00885']",tpiA,,,"('GMOS', 'M9', 37, 7.0, 'glucose(4)', 'NH4Cl(1)', 'O2', nan)",GMOS,M9,37,7.0,glucose(4),NH4Cl(1),O2,,,
p1k_00769,{'b3919': -1},"['p1k_00295', 'p1k_00296', 'p1k_00321', 'p1k_00322', 'p1k_00325', 'p1k_00326', 'p1k_00329', 'p1k_00330', 'p1k_00333', 'p1k_00334', 'p1k_00337', 'p1k_00338', 'p1k_00612', 'p1k_00613', 'p1k_00562', 'p1k_00563', 'p1k_00540', 'p1k_00541', 'p1k_00546', 'p1k_00547', 'p1k_00568', 'p1k_00569', 'p1k_00586', 'p1k_00587', 'p1k_00578', 'p1k_00579', 'p1k_00511', 'p1k_00512', 'p1k_00600', 'p1k_00601', 'p1k_00606', 'p1k_00607', 'p1k_00552', 'p1k_00553', 'p1k_00594', 'p1k_00595', 'p1k_00518', 'p1k_00519', 'p1k_00520', 'p1k_00521', 'p1k_00526', 'p1k_00527', 'p1k_00528', 'p1k_00529', 'p1k_00534', 'p1k_00535', 'p1k_00710', 'p1k_00711', 'p1k_00712', 'p1k_00713', 'p1k_00714', 'p1k_00715', 'p1k_00771', 'p1k_00772', 'p1k_00775', 'p1k_00776', 'p1k_00779', 'p1k_00780', 'p1k_00783', 'p1k_00784', 'p1k_00787', 'p1k_00788', 'p1k_00884', 'p1k_00885']",tpiA,,,"('GMOS', 'M9', 37, 7.0, 'glucose(4)', 'NH4Cl(1)', 'O2', nan)",GMOS,M9,37,7.0,glucose(4),NH4Cl(1),O2,,,
p1k_00770,{'b3919': -1},"['p1k_00295', 'p1k_00296', 'p1k_00321', 'p1k_00322', 'p1k_00325', 'p1k_00326', 'p1k_00329', 'p1k_00330', 'p1k_00333', 'p1k_00334', 'p1k_00337', 'p1k_00338', 'p1k_00612', 'p1k_00613', 'p1k_00562', 'p1k_00563', 'p1k_00540', 'p1k_00541', 'p1k_00546', 'p1k_00547', 'p1k_00568', 'p1k_00569', 'p1k_00586', 'p1k_00587', 'p1k_00578', 'p1k_00579', 'p1k_00511', 'p1k_00512', 'p1k_00600', 'p1k_00601', 'p1k_00606', 'p1k_00607', 'p1k_00552', 'p1k_00553', 'p1k_00594', 'p1k_00595', 'p1k_00518', 'p1k_00519', 'p1k_00520', 'p1k_00521', 'p1k_00526', 'p1k_00527', 'p1k_00528', 'p1k_00529', 'p1k_00534', 'p1k_00535', 'p1k_00710', 'p1k_00711', 'p1k_00712', 'p1k_00713', 'p1k_00714', 'p1k_00715', 'p1k_00771', 'p1k_00772', 'p1k_00775', 'p1k_00776', 'p1k_00779', 'p1k_00780', 'p1k_00783', 'p1k_00784', 'p1k_00787', 'p1k_00788', 'p1k_00884', 'p1k_00885']",tpiA,,,"('GMOS', 'M9', 37, 7.0, 'glucose(4)', 'NH4Cl(1)', 'O2', nan)",GMOS,M9,37,7.0,glucose(4),NH4Cl(1),O2,,,
p1k_00793,{'b1659': -1},"['p1k_00791', 'p1k_00792']",ydhB,,,"('MG1655', 'M9', 37, 7.0, 'glucose(.2%)', 'NH4Cl(1)', 'O2', 'adenosine()')",MG1655,M9,37,7.0,glucose(.2%),NH4Cl(1),O2,adenosine(),,
p1k_00794,{'b1659': -1},"['p1k_00791', 'p1k_00792']",ydhB,,,"('MG1655', 'M9', 37, 7.0, 'glucose(.2%)', 'NH4Cl(1)', 'O2', 'adenosine()')",MG1655,M9,37,7.0,glucose(.2%),NH4Cl(1),O2,adenosine(),,
p1k_00817,{'b3755': -1},"['p1k_00795', 'p1k_00796', 'p1k_00797', 'p1k_00798', 'p1k_00799', 'p1k_00800', 'p1k_00801', 'p1k_00802', 'p1k_00803', 'p1k_00804', 'p1k_00805', 'p1k_00806', 'p1k_00807', 'p1k_00808', 'p1k_00809', 'p1k_00810']",yieP,,,"('MG1655', 'M9', 37, 7.0, 'glucose', 'NH4Cl(1)', 'O2', nan)",MG1655,M9,37,7.0,glucose,NH4Cl(1),O2,,,
p1k_00818,{'b3755': -1},"['p1k_00795', 'p1k_00796', 'p1k_00797', 'p1k_00798', 'p1k_00799', 'p1k_00800', 'p1k_00801', 'p1k_00802', 'p1k_00803', 'p1k_00804', 'p1k_00805', 'p1k_00806', 'p1k_00807', 'p1k_00808', 'p1k_00809', 'p1k_00810']",yieP,,,"('MG1655', 'M9', 37, 7.0, 'glucose', 'NH4Cl(1)', 'O2', nan)",MG1655,M9,37,7.0,glucose,NH4Cl(1),O2,,,
p1k_00819,{'b3755': -1},"['p1k_00813', 'p1k_00814']",yieP,,,"('MG1655', 'M9', 37, 5.5, 'glucose', 'NH4Cl(1)', 'O2', 'lactic acid(5)')",MG1655,M9,37,5.5,glucose,NH4Cl(1),O2,lactic acid(5),,
p1k_00820,{'b3755': -1},"['p1k_00813', 'p1k_00814']",yieP,,,"('MG1655', 'M9', 37, 5.5, 'glucose', 'NH4Cl(1)', 'O2', 'lactic acid(5)')",MG1655,M9,37,5.5,glucose,NH4Cl(1),O2,lactic acid(5),,
p1k_00890,"{'b1109': -1, 'b0734': -1, 'b0978': -1}","['p1k_00041', 'p1k_00042', 'p1k_00070', 'p1k_00071', 'p1k_00072', 'p1k_00092', 'p1k_00093', 'p1k_00125', 'p1k_00126', 'p1k_00127', 'p1k_00128', 'p1k_00129', 'p1k_00130', 'p1k_00131', 'p1k_00143', 'p1k_00146', 'p1k_00147', 'p1k_00148', 'p1k_00155', 'p1k_00157', 'p1k_00159', 'p1k_00317', 'p1k_00318', 'p1k_00357', 'p1k_00358', 'p1k_00389', 'p1k_00390', 'p1k_00395', 'p1k_00396', 'p1k_00401', 'p1k_00402', 'p1k_00407', 'p1k_00408', 'p1k_00413', 'p1k_00414', 'p1k_00421', 'p1k_00422', 'p1k_00423', 'p1k_00424', 'p1k_00431', 'p1k_00432', 'p1k_00437', 'p1k_00438', 'p1k_00882', 'p1k_00883']",ndh&cydB&appC,,,"('MG1655', 'M9', 37, 7.0, 'glucose(4)', 'NH4Cl(1)', 'O2', nan)",MG1655,M9,37,7.0,glucose(4),NH4Cl(1),O2,,,
p1k_00891,"{'b1109': -1, 'b0734': -1, 'b0978': -1}","['p1k_00041', 'p1k_00042', 'p1k_00070', 'p1k_00071', 'p1k_00072', 'p1k_00092', 'p1k_00093', 'p1k_00125', 'p1k_00126', 'p1k_00127', 'p1k_00128', 'p1k_00129', 'p1k_00130', 'p1k_00131', 'p1k_00143', 'p1k_00146', 'p1k_00147', 'p1k_00148', 'p1k_00155', 'p1k_00157', 'p1k_00159', 'p1k_00317', 'p1k_00318', 'p1k_00357', 'p1k_00358', 'p1k_00389', 'p1k_00390', 'p1k_00395', 'p1k_00396', 'p1k_00401', 'p1k_00402', 'p1k_00407', 'p1k_00408', 'p1k_00413', 'p1k_00414', 'p1k_00421', 'p1k_00422', 'p1k_00423', 'p1k_00424', 'p1k_00431', 'p1k_00432', 'p1k_00437', 'p1k_00438', 'p1k_00882', 'p1k_00883']",ndh&cydB&appC,,,"('MG1655', 'M9', 37, 7.0, 'glucose(4)', 'NH4Cl(1)', 'O2', nan)",MG1655,M9,37,7.0,glucose(4),NH4Cl(1),O2,,,
p1k_00892,"{'b1109': -1, 'b0734': -1, 'b0978': -1}","['p1k_00041', 'p1k_00042', 'p1k_00070', 'p1k_00071', 'p1k_00072', 'p1k_00092', 'p1k_00093', 'p1k_00125', 'p1k_00126', 'p1k_00127', 'p1k_00128', 'p1k_00129', 'p1k_00130', 'p1k_00131', 'p1k_00143', 'p1k_00146', 'p1k_00147', 'p1k_00148', 'p1k_00155', 'p1k_00157', 'p1k_00159', 'p1k_00317', 'p1k_00318', 'p1k_00357', 'p1k_00358', 'p1k_00389', 'p1k_00390', 'p1k_00395', 'p1k_00396', 'p1k_00401', 'p1k_00402', 'p1k_00407', 'p1k_00408', 'p1k_00413', 'p1k_00414', 'p1k_00421', 'p1k_00422', 'p1k_00423', 'p1k_00424', 'p1k_00431', 'p1k_00432', 'p1k_00437', 'p1k_00438', 'p1k_00882', 'p1k_00883']",ndh&cydB&appC,,,"('MG1655', 'M9', 37, 7.0, 'glucose(4)', 'NH4Cl(1)', 'O2', nan)",MG1655,M9,37,7.0,glucose(4),NH4Cl(1),O2,,,
p1k_00893,"{'b1109': -1, 'b0734': -1, 'b0978': -1}","['p1k_00041', 'p1k_00042', 'p1k_00070', 'p1k_00071', 'p1k_00072', 'p1k_00092', 'p1k_00093', 'p1k_00125', 'p1k_00126', 'p1k_00127', 'p1k_00128', 'p1k_00129', 'p1k_00130', 'p1k_00131', 'p1k_00143', 'p1k_00146', 'p1k_00147', 'p1k_00148', 'p1k_00155', 'p1k_00157', 'p1k_00159', 'p1k_00317', 'p1k_00318', 'p1k_00357', 'p1k_00358', 'p1k_00389', 'p1k_00390', 'p1k_00395', 'p1k_00396', 'p1k_00401', 'p1k_00402', 'p1k_00407', 'p1k_00408', 'p1k_00413', 'p1k_00414', 'p1k_00421', 'p1k_00422', 'p1k_00423', 'p1k_00424', 'p1k_00431', 'p1k_00432', 'p1k_00437', 'p1k_00438', 'p1k_00882', 'p1k_00883']",ndh&cydB&appC,,,"('MG1655', 'M9', 37, 7.0, 'glucose(4)', 'NH4Cl(1)', 'O2', nan)",MG1655,M9,37,7.0,glucose(4),NH4Cl(1),O2,,,
p1k_00894,"{'b1109': -1, 'b0734': -1, 'b0978': -1}","['p1k_00041', 'p1k_00042', 'p1k_00070', 'p1k_00071', 'p1k_00072', 'p1k_00092', 'p1k_00093', 'p1k_00125', 'p1k_00126', 'p1k_00127', 'p1k_00128', 'p1k_00129', 'p1k_00130', 'p1k_00131', 'p1k_00143', 'p1k_00146', 'p1k_00147', 'p1k_00148', 'p1k_00155', 'p1k_00157', 'p1k_00159', 'p1k_00317', 'p1k_00318', 'p1k_00357', 'p1k_00358', 'p1k_00389', 'p1k_00390', 'p1k_00395', 'p1k_00396', 'p1k_00401', 'p1k_00402', 'p1k_00407', 'p1k_00408', 'p1k_00413', 'p1k_00414', 'p1k_00421', 'p1k_00422', 'p1k_00423', 'p1k_00424', 'p1k_00431', 'p1k_00432', 'p1k_00437', 'p1k_00438', 'p1k_00882', 'p1k_00883']",ndh&cydB&appC,,,"('MG1655', 'M9', 37, 7.0, 'glucose(4)', 'NH4Cl(1)', 'O2', nan)",MG1655,M9,37,7.0,glucose(4),NH4Cl(1),O2,,,
p1k_00895,"{'b1109': -1, 'b0734': -1, 'b0978': -1}","['p1k_00041', 'p1k_00042', 'p1k_00070', 'p1k_00071', 'p1k_00072', 'p1k_00092', 'p1k_00093', 'p1k_00125', 'p1k_00126', 'p1k_00127', 'p1k_00128', 'p1k_00129', 'p1k_00130', 'p1k_00131', 'p1k_00143', 'p1k_00146', 'p1k_00147', 'p1k_00148', 'p1k_00155', 'p1k_00157', 'p1k_00159', 'p1k_00317', 'p1k_00318', 'p1k_00357', 'p1k_00358', 'p1k_00389', 'p1k_00390', 'p1k_00395', 'p1k_00396', 'p1k_00401', 'p1k_00402', 'p1k_00407', 'p1k_00408', 'p1k_00413', 'p1k_00414', 'p1k_00421', 'p1k_00422', 'p1k_00423', 'p1k_00424', 'p1k_00431', 'p1k_00432', 'p1k_00437', 'p1k_00438', 'p1k_00882', 'p1k_00883']",ndh&cydB&appC,,,"('MG1655', 'M9', 37, 7.0, 'glucose(4)', 'NH4Cl(1)', 'O2', nan)",MG1655,M9,37,7.0,glucose(4),NH4Cl(1),O2,,,
p1k_00896,"{'b1109': -1, 'b0734': -1, 'b0978': -1}","['p1k_00041', 'p1k_00042', 'p1k_00070', 'p1k_00071', 'p1k_00072', 'p1k_00092', 'p1k_00093', 'p1k_00125', 'p1k_00126', 'p1k_00127', 'p1k_00128', 'p1k_00129', 'p1k_00130', 'p1k_00131', 'p1k_00143', 'p1k_00146', 'p1k_00147', 'p1k_00148', 'p1k_00155', 'p1k_00157', 'p1k_00159', 'p1k_00317', 'p1k_00318', 'p1k_00357', 'p1k_00358', 'p1k_00389', 'p1k_00390', 'p1k_00395', 'p1k_00396', 'p1k_00401', 'p1k_00402', 'p1k_00407', 'p1k_00408', 'p1k_00413', 'p1k_00414', 'p1k_00421', 'p1k_00422', 'p1k_00423', 'p1k_00424', 'p1k_00431', 'p1k_00432', 'p1k_00437', 'p1k_00438', 'p1k_00882', 'p1k_00883']",ndh&cydB&appC,,,"('MG1655', 'M9', 37, 7.0, 'glucose(4)', 'NH4Cl(1)', 'O2', nan)",MG1655,M9,37,7.0,glucose(4),NH4Cl(1),O2,,,
p1k_00897,"{'b1109': -1, 'b0734': -1, 'b0978': -1}","['p1k_00041', 'p1k_00042', 'p1k_00070', 'p1k_00071', 'p1k_00072', 'p1k_00092', 'p1k_00093', 'p1k_00125', 'p1k_00126', 'p1k_00127', 'p1k_00128', 'p1k_00129', 'p1k_00130', 'p1k_00131', 'p1k_00143', 'p1k_00146', 'p1k_00147', 'p1k_00148', 'p1k_00155', 'p1k_00157', 'p1k_00159', 'p1k_00317', 'p1k_00318', 'p1k_00357', 'p1k_00358', 'p1k_00389', 'p1k_00390', 'p1k_00395', 'p1k_00396', 'p1k_00401', 'p1k_00402', 'p1k_00407', 'p1k_00408', 'p1k_00413', 'p1k_00414', 'p1k_00421', 'p1k_00422', 'p1k_00423', 'p1k_00424', 'p1k_00431', 'p1k_00432', 'p1k_00437', 'p1k_00438', 'p1k_00882', 'p1k_00883']",ndh&cydB&appC,,,"('MG1655', 'M9', 37, 7.0, 'glucose(4)', 'NH4Cl(1)', 'O2', nan)",MG1655,M9,37,7.0,glucose(4),NH4Cl(1),O2,,,
p1k_00898,"{'b1109': -1, 'b0734': -1, 'b0978': -1}","['p1k_00041', 'p1k_00042', 'p1k_00070', 'p1k_00071', 'p1k_00072', 'p1k_00092', 'p1k_00093', 'p1k_00125', 'p1k_00126', 'p1k_00127', 'p1k_00128', 'p1k_00129', 'p1k_00130', 'p1k_00131', 'p1k_00143', 'p1k_00146', 'p1k_00147', 'p1k_00148', 'p1k_00155', 'p1k_00157', 'p1k_00159', 'p1k_00317', 'p1k_00318', 'p1k_00357', 'p1k_00358', 'p1k_00389', 'p1k_00390', 'p1k_00395', 'p1k_00396', 'p1k_00401', 'p1k_00402', 'p1k_00407', 'p1k_00408', 'p1k_00413', 'p1k_00414', 'p1k_00421', 'p1k_00422', 'p1k_00423', 'p1k_00424', 'p1k_00431', 'p1k_00432', 'p1k_00437', 'p1k_00438', 'p1k_00882', 'p1k_00883']",ndh&cydB&appC,,,"('MG1655', 'M9', 37, 7.0, 'glucose(4)', 'NH4Cl(1)', 'O2', nan)",MG1655,M9,37,7.0,glucose(4),NH4Cl(1),O2,,,
p1k_00899,"{'b1109': -1, 'b0734': -1, 'b0978': -1}","['p1k_00041', 'p1k_00042', 'p1k_00070', 'p1k_00071', 'p1k_00072', 'p1k_00092', 'p1k_00093', 'p1k_00125', 'p1k_00126', 'p1k_00127', 'p1k_00128', 'p1k_00129', 'p1k_00130', 'p1k_00131', 'p1k_00143', 'p1k_00146', 'p1k_00147', 'p1k_00148', 'p1k_00155', 'p1k_00157', 'p1k_00159', 'p1k_00317', 'p1k_00318', 'p1k_00357', 'p1k_00358', 'p1k_00389', 'p1k_00390', 'p1k_00395', 'p1k_00396', 'p1k_00401', 'p1k_00402', 'p1k_00407', 'p1k_00408', 'p1k_00413', 'p1k_00414', 'p1k_00421', 'p1k_00422', 'p1k_00423', 'p1k_00424', 'p1k_00431', 'p1k_00432', 'p1k_00437', 'p1k_00438', 'p1k_00882', 'p1k_00883']",ndh&cydB&appC,,,"('MG1655', 'M9', 37, 7.0, 'glucose(4)', 'NH4Cl(1)', 'O2', nan)",MG1655,M9,37,7.0,glucose(4),NH4Cl(1),O2,,,
p1k_00900,"{'b2287': -1, 'b0734': -1}","['p1k_00041', 'p1k_00042', 'p1k_00070', 'p1k_00071', 'p1k_00072', 'p1k_00092', 'p1k_00093', 'p1k_00125', 'p1k_00126', 'p1k_00127', 'p1k_00128', 'p1k_00129', 'p1k_00130', 'p1k_00131', 'p1k_00143', 'p1k_00146', 'p1k_00147', 'p1k_00148', 'p1k_00155', 'p1k_00157', 'p1k_00159', 'p1k_00317', 'p1k_00318', 'p1k_00357', 'p1k_00358', 'p1k_00389', 'p1k_00390', 'p1k_00395', 'p1k_00396', 'p1k_00401', 'p1k_00402', 'p1k_00407', 'p1k_00408', 'p1k_00413', 'p1k_00414', 'p1k_00421', 'p1k_00422', 'p1k_00423', 'p1k_00424', 'p1k_00431', 'p1k_00432', 'p1k_00437', 'p1k_00438', 'p1k_00882', 'p1k_00883']",nuoB&cydB,,,"('MG1655', 'M9', 37, 7.0, 'glucose(4)', 'NH4Cl(1)', 'O2', nan)",MG1655,M9,37,7.0,glucose(4),NH4Cl(1),O2,,,
p1k_00901,"{'b2287': -1, 'b0734': -1}","['p1k_00041', 'p1k_00042', 'p1k_00070', 'p1k_00071', 'p1k_00072', 'p1k_00092', 'p1k_00093', 'p1k_00125', 'p1k_00126', 'p1k_00127', 'p1k_00128', 'p1k_00129', 'p1k_00130', 'p1k_00131', 'p1k_00143', 'p1k_00146', 'p1k_00147', 'p1k_00148', 'p1k_00155', 'p1k_00157', 'p1k_00159', 'p1k_00317', 'p1k_00318', 'p1k_00357', 'p1k_00358', 'p1k_00389', 'p1k_00390', 'p1k_00395', 'p1k_00396', 'p1k_00401', 'p1k_00402', 'p1k_00407', 'p1k_00408', 'p1k_00413', 'p1k_00414', 'p1k_00421', 'p1k_00422', 'p1k_00423', 'p1k_00424', 'p1k_00431', 'p1k_00432', 'p1k_00437', 'p1k_00438', 'p1k_00882', 'p1k_00883']",nuoB&cydB,,,"('MG1655', 'M9', 37, 7.0, 'glucose(4)', 'NH4Cl(1)', 'O2', nan)",MG1655,M9,37,7.0,glucose(4),NH4Cl(1),O2,,,
p1k_00902,"{'b2287': -1, 'b0734': -1, 'b0978': -1}","['p1k_00041', 'p1k_00042', 'p1k_00070', 'p1k_00071', 'p1k_00072', 'p1k_00092', 'p1k_00093', 'p1k_00125', 'p1k_00126', 'p1k_00127', 'p1k_00128', 'p1k_00129', 'p1k_00130', 'p1k_00131', 'p1k_00143', 'p1k_00146', 'p1k_00147', 'p1k_00148', 'p1k_00155', 'p1k_00157', 'p1k_00159', 'p1k_00317', 'p1k_00318', 'p1k_00357', 'p1k_00358', 'p1k_00389', 'p1k_00390', 'p1k_00395', 'p1k_00396', 'p1k_00401', 'p1k_00402', 'p1k_00407', 'p1k_00408', 'p1k_00413', 'p1k_00414', 'p1k_00421', 'p1k_00422', 'p1k_00423', 'p1k_00424', 'p1k_00431', 'p1k_00432', 'p1k_00437', 'p1k_00438', 'p1k_00882', 'p1k_00883']",nuoB&cydB&appC,,,"('MG1655', 'M9', 37, 7.0, 'glucose(4)', 'NH4Cl(1)', 'O2', nan)",MG1655,M9,37,7.0,glucose(4),NH4Cl(1),O2,,,
p1k_00903,"{'b2287': -1, 'b0734': -1, 'b0978': -1}","['p1k_00041', 'p1k_00042', 'p1k_00070', 'p1k_00071', 'p1k_00072', 'p1k_00092', 'p1k_00093', 'p1k_00125', 'p1k_00126', 'p1k_00127', 'p1k_00128', 'p1k_00129', 'p1k_00130', 'p1k_00131', 'p1k_00143', 'p1k_00146', 'p1k_00147', 'p1k_00148', 'p1k_00155', 'p1k_00157', 'p1k_00159', 'p1k_00317', 'p1k_00318', 'p1k_00357', 'p1k_00358', 'p1k_00389', 'p1k_00390', 'p1k_00395', 'p1k_00396', 'p1k_00401', 'p1k_00402', 'p1k_00407', 'p1k_00408', 'p1k_00413', 'p1k_00414', 'p1k_00421', 'p1k_00422', 'p1k_00423', 'p1k_00424', 'p1k_00431', 'p1k_00432', 'p1k_00437', 'p1k_00438', 'p1k_00882', 'p1k_00883']",nuoB&cydB&appC,,,"('MG1655', 'M9', 37, 7.0, 'glucose(4)', 'NH4Cl(1)', 'O2', nan)",MG1655,M9,37,7.0,glucose(4),NH4Cl(1),O2,,,
p1k_00904,"{'b2287': -1, 'b0734': -1, 'b0978': -1}","['p1k_00041', 'p1k_00042', 'p1k_00070', 'p1k_00071', 'p1k_00072', 'p1k_00092', 'p1k_00093', 'p1k_00125', 'p1k_00126', 'p1k_00127', 'p1k_00128', 'p1k_00129', 'p1k_00130', 'p1k_00131', 'p1k_00143', 'p1k_00146', 'p1k_00147', 'p1k_00148', 'p1k_00155', 'p1k_00157', 'p1k_00159', 'p1k_00317', 'p1k_00318', 'p1k_00357', 'p1k_00358', 'p1k_00389', 'p1k_00390', 'p1k_00395', 'p1k_00396', 'p1k_00401', 'p1k_00402', 'p1k_00407', 'p1k_00408', 'p1k_00413', 'p1k_00414', 'p1k_00421', 'p1k_00422', 'p1k_00423', 'p1k_00424', 'p1k_00431', 'p1k_00432', 'p1k_00437', 'p1k_00438', 'p1k_00882', 'p1k_00883']",nuoB&cydB&appC,,,"('MG1655', 'M9', 37, 7.0, 'glucose(4)', 'NH4Cl(1)', 'O2', nan)",MG1655,M9,37,7.0,glucose(4),NH4Cl(1),O2,,,
p1k_00905,"{'b2287': -1, 'b0734': -1, 'b0978': -1}","['p1k_00041', 'p1k_00042', 'p1k_00070', 'p1k_00071', 'p1k_00072', 'p1k_00092', 'p1k_00093', 'p1k_00125', 'p1k_00126', 'p1k_00127', 'p1k_00128', 'p1k_00129', 'p1k_00130', 'p1k_00131', 'p1k_00143', 'p1k_00146', 'p1k_00147', 'p1k_00148', 'p1k_00155', 'p1k_00157', 'p1k_00159', 'p1k_00317', 'p1k_00318', 'p1k_00357', 'p1k_00358', 'p1k_00389', 'p1k_00390', 'p1k_00395', 'p1k_00396', 'p1k_00401', 'p1k_00402', 'p1k_00407', 'p1k_00408', 'p1k_00413', 'p1k_00414', 'p1k_00421', 'p1k_00422', 'p1k_00423', 'p1k_00424', 'p1k_00431', 'p1k_00432', 'p1k_00437', 'p1k_00438', 'p1k_00882', 'p1k_00883']",nuoB&cydB&appC,,,"('MG1655', 'M9', 37, 7.0, 'glucose(4)', 'NH4Cl(1)', 'O2', nan)",MG1655,M9,37,7.0,glucose(4),NH4Cl(1),O2,,,
p1k_00906,"{'b2287': -1, 'b0734': -1, 'b0978': -1}","['p1k_00041', 'p1k_00042', 'p1k_00070', 'p1k_00071', 'p1k_00072', 'p1k_00092', 'p1k_00093', 'p1k_00125', 'p1k_00126', 'p1k_00127', 'p1k_00128', 'p1k_00129', 'p1k_00130', 'p1k_00131', 'p1k_00143', 'p1k_00146', 'p1k_00147', 'p1k_00148', 'p1k_00155', 'p1k_00157', 'p1k_00159', 'p1k_00317', 'p1k_00318', 'p1k_00357', 'p1k_00358', 'p1k_00389', 'p1k_00390', 'p1k_00395', 'p1k_00396', 'p1k_00401', 'p1k_00402', 'p1k_00407', 'p1k_00408', 'p1k_00413', 'p1k_00414', 'p1k_00421', 'p1k_00422', 'p1k_00423', 'p1k_00424', 'p1k_00431', 'p1k_00432', 'p1k_00437', 'p1k_00438', 'p1k_00882', 'p1k_00883']",nuoB&cydB&appC,,,"('MG1655', 'M9', 37, 7.0, 'glucose(4)', 'NH4Cl(1)', 'O2', nan)",MG1655,M9,37,7.0,glucose(4),NH4Cl(1),O2,,,
p1k_00907,"{'b2287': -1, 'b0734': -1, 'b0978': -1}","['p1k_00041', 'p1k_00042', 'p1k_00070', 'p1k_00071', 'p1k_00072', 'p1k_00092', 'p1k_00093', 'p1k_00125', 'p1k_00126', 'p1k_00127', 'p1k_00128', 'p1k_00129', 'p1k_00130', 'p1k_00131', 'p1k_00143', 'p1k_00146', 'p1k_00147', 'p1k_00148', 'p1k_00155', 'p1k_00157', 'p1k_00159', 'p1k_00317', 'p1k_00318', 'p1k_00357', 'p1k_00358', 'p1k_00389', 'p1k_00390', 'p1k_00395', 'p1k_00396', 'p1k_00401', 'p1k_00402', 'p1k_00407', 'p1k_00408', 'p1k_00413', 'p1k_00414', 'p1k_00421', 'p1k_00422', 'p1k_00423', 'p1k_00424', 'p1k_00431', 'p1k_00432', 'p1k_00437', 'p1k_00438', 'p1k_00882', 'p1k_00883']",nuoB&cydB&appC,,,"('MG1655', 'M9', 37, 7.0, 'glucose(4)', 'NH4Cl(1)', 'O2', nan)",MG1655,M9,37,7.0,glucose(4),NH4Cl(1),O2,,,
p1k_00908,"{'b2287': -1, 'b0734': -1, 'b0978': -1}","['p1k_00041', 'p1k_00042', 'p1k_00070', 'p1k_00071', 'p1k_00072', 'p1k_00092', 'p1k_00093', 'p1k_00125', 'p1k_00126', 'p1k_00127', 'p1k_00128', 'p1k_00129', 'p1k_00130', 'p1k_00131', 'p1k_00143', 'p1k_00146', 'p1k_00147', 'p1k_00148', 'p1k_00155', 'p1k_00157', 'p1k_00159', 'p1k_00317', 'p1k_00318', 'p1k_00357', 'p1k_00358', 'p1k_00389', 'p1k_00390', 'p1k_00395', 'p1k_00396', 'p1k_00401', 'p1k_00402', 'p1k_00407', 'p1k_00408', 'p1k_00413', 'p1k_00414', 'p1k_00421', 'p1k_00422', 'p1k_00423', 'p1k_00424', 'p1k_00431', 'p1k_00432', 'p1k_00437', 'p1k_00438', 'p1k_00882', 'p1k_00883']",nuoB&cydB&appC,,,"('MG1655', 'M9', 37, 7.0, 'glucose(4)', 'NH4Cl(1)', 'O2', nan)",MG1655,M9,37,7.0,glucose(4),NH4Cl(1),O2,,,
p1k_00909,"{'b2287': -1, 'b0734': -1, 'b0978': -1}","['p1k_00041', 'p1k_00042', 'p1k_00070', 'p1k_00071', 'p1k_00072', 'p1k_00092', 'p1k_00093', 'p1k_00125', 'p1k_00126', 'p1k_00127', 'p1k_00128', 'p1k_00129', 'p1k_00130', 'p1k_00131', 'p1k_00143', 'p1k_00146', 'p1k_00147', 'p1k_00148', 'p1k_00155', 'p1k_00157', 'p1k_00159', 'p1k_00317', 'p1k_00318', 'p1k_00357', 'p1k_00358', 'p1k_00389', 'p1k_00390', 'p1k_00395', 'p1k_00396', 'p1k_00401', 'p1k_00402', 'p1k_00407', 'p1k_00408', 'p1k_00413', 'p1k_00414', 'p1k_00421', 'p1k_00422', 'p1k_00423', 'p1k_00424', 'p1k_00431', 'p1k_00432', 'p1k_00437', 'p1k_00438', 'p1k_00882', 'p1k_00883']",nuoB&cydB&appC,,,"('MG1655', 'M9', 37, 7.0, 'glucose(4)', 'NH4Cl(1)', 'O2', nan)",MG1655,M9,37,7.0,glucose(4),NH4Cl(1),O2,,,
p1k_00910,"{'b1109': -1, 'b0431': -1}","['p1k_00041', 'p1k_00042', 'p1k_00070', 'p1k_00071', 'p1k_00072', 'p1k_00092', 'p1k_00093', 'p1k_00125', 'p1k_00126', 'p1k_00127', 'p1k_00128', 'p1k_00129', 'p1k_00130', 'p1k_00131', 'p1k_00143', 'p1k_00146', 'p1k_00147', 'p1k_00148', 'p1k_00155', 'p1k_00157', 'p1k_00159', 'p1k_00317', 'p1k_00318', 'p1k_00357', 'p1k_00358', 'p1k_00389', 'p1k_00390', 'p1k_00395', 'p1k_00396', 'p1k_00401', 'p1k_00402', 'p1k_00407', 'p1k_00408', 'p1k_00413', 'p1k_00414', 'p1k_00421', 'p1k_00422', 'p1k_00423', 'p1k_00424', 'p1k_00431', 'p1k_00432', 'p1k_00437', 'p1k_00438', 'p1k_00882', 'p1k_00883']",ndh&cyoB,,,"('MG1655', 'M9', 37, 7.0, 'glucose(4)', 'NH4Cl(1)', 'O2', nan)",MG1655,M9,37,7.0,glucose(4),NH4Cl(1),O2,,,
p1k_00911,"{'b1109': -1, 'b0431': -1}","['p1k_00041', 'p1k_00042', 'p1k_00070', 'p1k_00071', 'p1k_00072', 'p1k_00092', 'p1k_00093', 'p1k_00125', 'p1k_00126', 'p1k_00127', 'p1k_00128', 'p1k_00129', 'p1k_00130', 'p1k_00131', 'p1k_00143', 'p1k_00146', 'p1k_00147', 'p1k_00148', 'p1k_00155', 'p1k_00157', 'p1k_00159', 'p1k_00317', 'p1k_00318', 'p1k_00357', 'p1k_00358', 'p1k_00389', 'p1k_00390', 'p1k_00395', 'p1k_00396', 'p1k_00401', 'p1k_00402', 'p1k_00407', 'p1k_00408', 'p1k_00413', 'p1k_00414', 'p1k_00421', 'p1k_00422', 'p1k_00423', 'p1k_00424', 'p1k_00431', 'p1k_00432', 'p1k_00437', 'p1k_00438', 'p1k_00882', 'p1k_00883']",ndh&cyoB,,,"('MG1655', 'M9', 37, 7.0, 'glucose(4)', 'NH4Cl(1)', 'O2', nan)",MG1655,M9,37,7.0,glucose(4),NH4Cl(1),O2,,,
p1k_00912,"{'b1109': -1, 'b0431': -1}","['p1k_00041', 'p1k_00042', 'p1k_00070', 'p1k_00071', 'p1k_00072', 'p1k_00092', 'p1k_00093', 'p1k_00125', 'p1k_00126', 'p1k_00127', 'p1k_00128', 'p1k_00129', 'p1k_00130', 'p1k_00131', 'p1k_00143', 'p1k_00146', 'p1k_00147', 'p1k_00148', 'p1k_00155', 'p1k_00157', 'p1k_00159', 'p1k_00317', 'p1k_00318', 'p1k_00357', 'p1k_00358', 'p1k_00389', 'p1k_00390', 'p1k_00395', 'p1k_00396', 'p1k_00401', 'p1k_00402', 'p1k_00407', 'p1k_00408', 'p1k_00413', 'p1k_00414', 'p1k_00421', 'p1k_00422', 'p1k_00423', 'p1k_00424', 'p1k_00431', 'p1k_00432', 'p1k_00437', 'p1k_00438', 'p1k_00882', 'p1k_00883']",ndh&cyoB,,,"('MG1655', 'M9', 37, 7.0, 'glucose(4)', 'NH4Cl(1)', 'O2', nan)",MG1655,M9,37,7.0,glucose(4),NH4Cl(1),O2,,,
p1k_00913,"{'b1109': -1, 'b0431': -1}","['p1k_00041', 'p1k_00042', 'p1k_00070', 'p1k_00071', 'p1k_00072', 'p1k_00092', 'p1k_00093', 'p1k_00125', 'p1k_00126', 'p1k_00127', 'p1k_00128', 'p1k_00129', 'p1k_00130', 'p1k_00131', 'p1k_00143', 'p1k_00146', 'p1k_00147', 'p1k_00148', 'p1k_00155', 'p1k_00157', 'p1k_00159', 'p1k_00317', 'p1k_00318', 'p1k_00357', 'p1k_00358', 'p1k_00389', 'p1k_00390', 'p1k_00395', 'p1k_00396', 'p1k_00401', 'p1k_00402', 'p1k_00407', 'p1k_00408', 'p1k_00413', 'p1k_00414', 'p1k_00421', 'p1k_00422', 'p1k_00423', 'p1k_00424', 'p1k_00431', 'p1k_00432', 'p1k_00437', 'p1k_00438', 'p1k_00882', 'p1k_00883']",ndh&cyoB,,,"('MG1655', 'M9', 37, 7.0, 'glucose(4)', 'NH4Cl(1)', 'O2', nan)",MG1655,M9,37,7.0,glucose(4),NH4Cl(1),O2,,,
p1k_00914,"{'b1109': -1, 'b0431': -1}","['p1k_00041', 'p1k_00042', 'p1k_00070', 'p1k_00071', 'p1k_00072', 'p1k_00092', 'p1k_00093', 'p1k_00125', 'p1k_00126', 'p1k_00127', 'p1k_00128', 'p1k_00129', 'p1k_00130', 'p1k_00131', 'p1k_00143', 'p1k_00146', 'p1k_00147', 'p1k_00148', 'p1k_00155', 'p1k_00157', 'p1k_00159', 'p1k_00317', 'p1k_00318', 'p1k_00357', 'p1k_00358', 'p1k_00389', 'p1k_00390', 'p1k_00395', 'p1k_00396', 'p1k_00401', 'p1k_00402', 'p1k_00407', 'p1k_00408', 'p1k_00413', 'p1k_00414', 'p1k_00421', 'p1k_00422', 'p1k_00423', 'p1k_00424', 'p1k_00431', 'p1k_00432', 'p1k_00437', 'p1k_00438', 'p1k_00882', 'p1k_00883']",ndh&cyoB,,,"('MG1655', 'M9', 37, 7.0, 'glucose(4)', 'NH4Cl(1)', 'O2', nan)",MG1655,M9,37,7.0,glucose(4),NH4Cl(1),O2,,,
p1k_00915,"{'b1109': -1, 'b0431': -1}","['p1k_00041', 'p1k_00042', 'p1k_00070', 'p1k_00071', 'p1k_00072', 'p1k_00092', 'p1k_00093', 'p1k_00125', 'p1k_00126', 'p1k_00127', 'p1k_00128', 'p1k_00129', 'p1k_00130', 'p1k_00131', 'p1k_00143', 'p1k_00146', 'p1k_00147', 'p1k_00148', 'p1k_00155', 'p1k_00157', 'p1k_00159', 'p1k_00317', 'p1k_00318', 'p1k_00357', 'p1k_00358', 'p1k_00389', 'p1k_00390', 'p1k_00395', 'p1k_00396', 'p1k_00401', 'p1k_00402', 'p1k_00407', 'p1k_00408', 'p1k_00413', 'p1k_00414', 'p1k_00421', 'p1k_00422', 'p1k_00423', 'p1k_00424', 'p1k_00431', 'p1k_00432', 'p1k_00437', 'p1k_00438', 'p1k_00882', 'p1k_00883']",ndh&cyoB,,,"('MG1655', 'M9', 37, 7.0, 'glucose(4)', 'NH4Cl(1)', 'O2', nan)",MG1655,M9,37,7.0,glucose(4),NH4Cl(1),O2,,,
p1k_00916,"{'b1109': -1, 'b0431': -1}","['p1k_00041', 'p1k_00042', 'p1k_00070', 'p1k_00071', 'p1k_00072', 'p1k_00092', 'p1k_00093', 'p1k_00125', 'p1k_00126', 'p1k_00127', 'p1k_00128', 'p1k_00129', 'p1k_00130', 'p1k_00131', 'p1k_00143', 'p1k_00146', 'p1k_00147', 'p1k_00148', 'p1k_00155', 'p1k_00157', 'p1k_00159', 'p1k_00317', 'p1k_00318', 'p1k_00357', 'p1k_00358', 'p1k_00389', 'p1k_00390', 'p1k_00395', 'p1k_00396', 'p1k_00401', 'p1k_00402', 'p1k_00407', 'p1k_00408', 'p1k_00413', 'p1k_00414', 'p1k_00421', 'p1k_00422', 'p1k_00423', 'p1k_00424', 'p1k_00431', 'p1k_00432', 'p1k_00437', 'p1k_00438', 'p1k_00882', 'p1k_00883']",ndh&cyoB,,,"('MG1655', 'M9', 37, 7.0, 'glucose(4)', 'NH4Cl(1)', 'O2', nan)",MG1655,M9,37,7.0,glucose(4),NH4Cl(1),O2,,,
p1k_00917,"{'b1109': -1, 'b0431': -1}","['p1k_00041', 'p1k_00042', 'p1k_00070', 'p1k_00071', 'p1k_00072', 'p1k_00092', 'p1k_00093', 'p1k_00125', 'p1k_00126', 'p1k_00127', 'p1k_00128', 'p1k_00129', 'p1k_00130', 'p1k_00131', 'p1k_00143', 'p1k_00146', 'p1k_00147', 'p1k_00148', 'p1k_00155', 'p1k_00157', 'p1k_00159', 'p1k_00317', 'p1k_00318', 'p1k_00357', 'p1k_00358', 'p1k_00389', 'p1k_00390', 'p1k_00395', 'p1k_00396', 'p1k_00401', 'p1k_00402', 'p1k_00407', 'p1k_00408', 'p1k_00413', 'p1k_00414', 'p1k_00421', 'p1k_00422', 'p1k_00423', 'p1k_00424', 'p1k_00431', 'p1k_00432', 'p1k_00437', 'p1k_00438', 'p1k_00882', 'p1k_00883']",ndh&cyoB,,,"('MG1655', 'M9', 37, 7.0, 'glucose(4)', 'NH4Cl(1)', 'O2', nan)",MG1655,M9,37,7.0,glucose(4),NH4Cl(1),O2,,,
p1k_00918,"{'b1109': -1, 'b0431': -1}","['p1k_00041', 'p1k_00042', 'p1k_00070', 'p1k_00071', 'p1k_00072', 'p1k_00092', 'p1k_00093', 'p1k_00125', 'p1k_00126', 'p1k_00127', 'p1k_00128', 'p1k_00129', 'p1k_00130', 'p1k_00131', 'p1k_00143', 'p1k_00146', 'p1k_00147', 'p1k_00148', 'p1k_00155', 'p1k_00157', 'p1k_00159', 'p1k_00317', 'p1k_00318', 'p1k_00357', 'p1k_00358', 'p1k_00389', 'p1k_00390', 'p1k_00395', 'p1k_00396', 'p1k_00401', 'p1k_00402', 'p1k_00407', 'p1k_00408', 'p1k_00413', 'p1k_00414', 'p1k_00421', 'p1k_00422', 'p1k_00423', 'p1k_00424', 'p1k_00431', 'p1k_00432', 'p1k_00437', 'p1k_00438', 'p1k_00882', 'p1k_00883']",ndh&cyoB,,,"('MG1655', 'M9', 37, 7.0, 'glucose(4)', 'NH4Cl(1)', 'O2', nan)",MG1655,M9,37,7.0,glucose(4),NH4Cl(1),O2,,,
p1k_00919,"{'b1109': -1, 'b0431': -1}","['p1k_00041', 'p1k_00042', 'p1k_00070', 'p1k_00071', 'p1k_00072', 'p1k_00092', 'p1k_00093', 'p1k_00125', 'p1k_00126', 'p1k_00127', 'p1k_00128', 'p1k_00129', 'p1k_00130', 'p1k_00131', 'p1k_00143', 'p1k_00146', 'p1k_00147', 'p1k_00148', 'p1k_00155', 'p1k_00157', 'p1k_00159', 'p1k_00317', 'p1k_00318', 'p1k_00357', 'p1k_00358', 'p1k_00389', 'p1k_00390', 'p1k_00395', 'p1k_00396', 'p1k_00401', 'p1k_00402', 'p1k_00407', 'p1k_00408', 'p1k_00413', 'p1k_00414', 'p1k_00421', 'p1k_00422', 'p1k_00423', 'p1k_00424', 'p1k_00431', 'p1k_00432', 'p1k_00437', 'p1k_00438', 'p1k_00882', 'p1k_00883']",ndh&cyoB,,,"('MG1655', 'M9', 37, 7.0, 'glucose(4)', 'NH4Cl(1)', 'O2', nan)",MG1655,M9,37,7.0,glucose(4),NH4Cl(1),O2,,,
p1k_00920,"{'b2287': -1, 'b0431': -1}","['p1k_00041', 'p1k_00042', 'p1k_00070', 'p1k_00071', 'p1k_00072', 'p1k_00092', 'p1k_00093', 'p1k_00125', 'p1k_00126', 'p1k_00127', 'p1k_00128', 'p1k_00129', 'p1k_00130', 'p1k_00131', 'p1k_00143', 'p1k_00146', 'p1k_00147', 'p1k_00148', 'p1k_00155', 'p1k_00157', 'p1k_00159', 'p1k_00317', 'p1k_00318', 'p1k_00357', 'p1k_00358', 'p1k_00389', 'p1k_00390', 'p1k_00395', 'p1k_00396', 'p1k_00401', 'p1k_00402', 'p1k_00407', 'p1k_00408', 'p1k_00413', 'p1k_00414', 'p1k_00421', 'p1k_00422', 'p1k_00423', 'p1k_00424', 'p1k_00431', 'p1k_00432', 'p1k_00437', 'p1k_00438', 'p1k_00882', 'p1k_00883']",nuoB&cyoB,,,"('MG1655', 'M9', 37, 7.0, 'glucose(4)', 'NH4Cl(1)', 'O2', nan)",MG1655,M9,37,7.0,glucose(4),NH4Cl(1),O2,,,
p1k_00921,"{'b2287': -1, 'b0431': -1}","['p1k_00041', 'p1k_00042', 'p1k_00070', 'p1k_00071', 'p1k_00072', 'p1k_00092', 'p1k_00093', 'p1k_00125', 'p1k_00126', 'p1k_00127', 'p1k_00128', 'p1k_00129', 'p1k_00130', 'p1k_00131', 'p1k_00143', 'p1k_00146', 'p1k_00147', 'p1k_00148', 'p1k_00155', 'p1k_00157', 'p1k_00159', 'p1k_00317', 'p1k_00318', 'p1k_00357', 'p1k_00358', 'p1k_00389', 'p1k_00390', 'p1k_00395', 'p1k_00396', 'p1k_00401', 'p1k_00402', 'p1k_00407', 'p1k_00408', 'p1k_00413', 'p1k_00414', 'p1k_00421', 'p1k_00422', 'p1k_00423', 'p1k_00424', 'p1k_00431', 'p1k_00432', 'p1k_00437', 'p1k_00438', 'p1k_00882', 'p1k_00883']",nuoB&cyoB,,,"('MG1655', 'M9', 37, 7.0, 'glucose(4)', 'NH4Cl(1)', 'O2', nan)",MG1655,M9,37,7.0,glucose(4),NH4Cl(1),O2,,,
p1k_00922,"{'b2287': -1, 'b0431': -1}","['p1k_00041', 'p1k_00042', 'p1k_00070', 'p1k_00071', 'p1k_00072', 'p1k_00092', 'p1k_00093', 'p1k_00125', 'p1k_00126', 'p1k_00127', 'p1k_00128', 'p1k_00129', 'p1k_00130', 'p1k_00131', 'p1k_00143', 'p1k_00146', 'p1k_00147', 'p1k_00148', 'p1k_00155', 'p1k_00157', 'p1k_00159', 'p1k_00317', 'p1k_00318', 'p1k_00357', 'p1k_00358', 'p1k_00389', 'p1k_00390', 'p1k_00395', 'p1k_00396', 'p1k_00401', 'p1k_00402', 'p1k_00407', 'p1k_00408', 'p1k_00413', 'p1k_00414', 'p1k_00421', 'p1k_00422', 'p1k_00423', 'p1k_00424', 'p1k_00431', 'p1k_00432', 'p1k_00437', 'p1k_00438', 'p1k_00882', 'p1k_00883']",nuoB&cyoB,,,"('MG1655', 'M9', 37, 7.0, 'glucose(4)', 'NH4Cl(1)', 'O2', nan)",MG1655,M9,37,7.0,glucose(4),NH4Cl(1),O2,,,
p1k_00923,"{'b2287': -1, 'b0431': -1}","['p1k_00041', 'p1k_00042', 'p1k_00070', 'p1k_00071', 'p1k_00072', 'p1k_00092', 'p1k_00093', 'p1k_00125', 'p1k_00126', 'p1k_00127', 'p1k_00128', 'p1k_00129', 'p1k_00130', 'p1k_00131', 'p1k_00143', 'p1k_00146', 'p1k_00147', 'p1k_00148', 'p1k_00155', 'p1k_00157', 'p1k_00159', 'p1k_00317', 'p1k_00318', 'p1k_00357', 'p1k_00358', 'p1k_00389', 'p1k_00390', 'p1k_00395', 'p1k_00396', 'p1k_00401', 'p1k_00402', 'p1k_00407', 'p1k_00408', 'p1k_00413', 'p1k_00414', 'p1k_00421', 'p1k_00422', 'p1k_00423', 'p1k_00424', 'p1k_00431', 'p1k_00432', 'p1k_00437', 'p1k_00438', 'p1k_00882', 'p1k_00883']",nuoB&cyoB,,,"('MG1655', 'M9', 37, 7.0, 'glucose(4)', 'NH4Cl(1)', 'O2', nan)",MG1655,M9,37,7.0,glucose(4),NH4Cl(1),O2,,,
p1k_00924,"{'b2287': -1, 'b0431': -1}","['p1k_00041', 'p1k_00042', 'p1k_00070', 'p1k_00071', 'p1k_00072', 'p1k_00092', 'p1k_00093', 'p1k_00125', 'p1k_00126', 'p1k_00127', 'p1k_00128', 'p1k_00129', 'p1k_00130', 'p1k_00131', 'p1k_00143', 'p1k_00146', 'p1k_00147', 'p1k_00148', 'p1k_00155', 'p1k_00157', 'p1k_00159', 'p1k_00317', 'p1k_00318', 'p1k_00357', 'p1k_00358', 'p1k_00389', 'p1k_00390', 'p1k_00395', 'p1k_00396', 'p1k_00401', 'p1k_00402', 'p1k_00407', 'p1k_00408', 'p1k_00413', 'p1k_00414', 'p1k_00421', 'p1k_00422', 'p1k_00423', 'p1k_00424', 'p1k_00431', 'p1k_00432', 'p1k_00437', 'p1k_00438', 'p1k_00882', 'p1k_00883']",nuoB&cyoB,,,"('MG1655', 'M9', 37, 7.0, 'glucose(4)', 'NH4Cl(1)', 'O2', nan)",MG1655,M9,37,7.0,glucose(4),NH4Cl(1),O2,,,
p1k_00925,"{'b2287': -1, 'b0431': -1}","['p1k_00041', 'p1k_00042', 'p1k_00070', 'p1k_00071', 'p1k_00072', 'p1k_00092', 'p1k_00093', 'p1k_00125', 'p1k_00126', 'p1k_00127', 'p1k_00128', 'p1k_00129', 'p1k_00130', 'p1k_00131', 'p1k_00143', 'p1k_00146', 'p1k_00147', 'p1k_00148', 'p1k_00155', 'p1k_00157', 'p1k_00159', 'p1k_00317', 'p1k_00318', 'p1k_00357', 'p1k_00358', 'p1k_00389', 'p1k_00390', 'p1k_00395', 'p1k_00396', 'p1k_00401', 'p1k_00402', 'p1k_00407', 'p1k_00408', 'p1k_00413', 'p1k_00414', 'p1k_00421', 'p1k_00422', 'p1k_00423', 'p1k_00424', 'p1k_00431', 'p1k_00432', 'p1k_00437', 'p1k_00438', 'p1k_00882', 'p1k_00883']",nuoB&cyoB,,,"('MG1655', 'M9', 37, 7.0, 'glucose(4)', 'NH4Cl(1)', 'O2', nan)",MG1655,M9,37,7.0,glucose(4),NH4Cl(1),O2,,,
p1k_00926,"{'b2287': -1, 'b0431': -1}","['p1k_00041', 'p1k_00042', 'p1k_00070', 'p1k_00071', 'p1k_00072', 'p1k_00092', 'p1k_00093', 'p1k_00125', 'p1k_00126', 'p1k_00127', 'p1k_00128', 'p1k_00129', 'p1k_00130', 'p1k_00131', 'p1k_00143', 'p1k_00146', 'p1k_00147', 'p1k_00148', 'p1k_00155', 'p1k_00157', 'p1k_00159', 'p1k_00317', 'p1k_00318', 'p1k_00357', 'p1k_00358', 'p1k_00389', 'p1k_00390', 'p1k_00395', 'p1k_00396', 'p1k_00401', 'p1k_00402', 'p1k_00407', 'p1k_00408', 'p1k_00413', 'p1k_00414', 'p1k_00421', 'p1k_00422', 'p1k_00423', 'p1k_00424', 'p1k_00431', 'p1k_00432', 'p1k_00437', 'p1k_00438', 'p1k_00882', 'p1k_00883']",nuoB&cyoB,,,"('MG1655', 'M9', 37, 7.0, 'glucose(4)', 'NH4Cl(1)', 'O2', nan)",MG1655,M9,37,7.0,glucose(4),NH4Cl(1),O2,,,
p1k_00927,"{'b2287': -1, 'b0431': -1}","['p1k_00041', 'p1k_00042', 'p1k_00070', 'p1k_00071', 'p1k_00072', 'p1k_00092', 'p1k_00093', 'p1k_00125', 'p1k_00126', 'p1k_00127', 'p1k_00128', 'p1k_00129', 'p1k_00130', 'p1k_00131', 'p1k_00143', 'p1k_00146', 'p1k_00147', 'p1k_00148', 'p1k_00155', 'p1k_00157', 'p1k_00159', 'p1k_00317', 'p1k_00318', 'p1k_00357', 'p1k_00358', 'p1k_00389', 'p1k_00390', 'p1k_00395', 'p1k_00396', 'p1k_00401', 'p1k_00402', 'p1k_00407', 'p1k_00408', 'p1k_00413', 'p1k_00414', 'p1k_00421', 'p1k_00422', 'p1k_00423', 'p1k_00424', 'p1k_00431', 'p1k_00432', 'p1k_00437', 'p1k_00438', 'p1k_00882', 'p1k_00883']",nuoB&cyoB,,,"('MG1655', 'M9', 37, 7.0, 'glucose(4)', 'NH4Cl(1)', 'O2', nan)",MG1655,M9,37,7.0,glucose(4),NH4Cl(1),O2,,,
p1k_00928,"{'b2287': -1, 'b0431': -1}","['p1k_00041', 'p1k_00042', 'p1k_00070', 'p1k_00071', 'p1k_00072', 'p1k_00092', 'p1k_00093', 'p1k_00125', 'p1k_00126', 'p1k_00127', 'p1k_00128', 'p1k_00129', 'p1k_00130', 'p1k_00131', 'p1k_00143', 'p1k_00146', 'p1k_00147', 'p1k_00148', 'p1k_00155', 'p1k_00157', 'p1k_00159', 'p1k_00317', 'p1k_00318', 'p1k_00357', 'p1k_00358', 'p1k_00389', 'p1k_00390', 'p1k_00395', 'p1k_00396', 'p1k_00401', 'p1k_00402', 'p1k_00407', 'p1k_00408', 'p1k_00413', 'p1k_00414', 'p1k_00421', 'p1k_00422', 'p1k_00423', 'p1k_00424', 'p1k_00431', 'p1k_00432', 'p1k_00437', 'p1k_00438', 'p1k_00882', 'p1k_00883']",nuoB&cyoB,,,"('MG1655', 'M9', 37, 7.0, 'glucose(4)', 'NH4Cl(1)', 'O2', nan)",MG1655,M9,37,7.0,glucose(4),NH4Cl(1),O2,,,
p1k_00929,"{'b2287': -1, 'b0431': -1}","['p1k_00041', 'p1k_00042', 'p1k_00070', 'p1k_00071', 'p1k_00072', 'p1k_00092', 'p1k_00093', 'p1k_00125', 'p1k_00126', 'p1k_00127', 'p1k_00128', 'p1k_00129', 'p1k_00130', 'p1k_00131', 'p1k_00143', 'p1k_00146', 'p1k_00147', 'p1k_00148', 'p1k_00155', 'p1k_00157', 'p1k_00159', 'p1k_00317', 'p1k_00318', 'p1k_00357', 'p1k_00358', 'p1k_00389', 'p1k_00390', 'p1k_00395', 'p1k_00396', 'p1k_00401', 'p1k_00402', 'p1k_00407', 'p1k_00408', 'p1k_00413', 'p1k_00414', 'p1k_00421', 'p1k_00422', 'p1k_00423', 'p1k_00424', 'p1k_00431', 'p1k_00432', 'p1k_00437', 'p1k_00438', 'p1k_00882', 'p1k_00883']",nuoB&cyoB,,,"('MG1655', 'M9', 37, 7.0, 'glucose(4)', 'NH4Cl(1)', 'O2', nan)",MG1655,M9,37,7.0,glucose(4),NH4Cl(1),O2,,,
p1k_00930,"{'b1109': -1, 'b0734': -1}","['p1k_00041', 'p1k_00042', 'p1k_00070', 'p1k_00071', 'p1k_00072', 'p1k_00092', 'p1k_00093', 'p1k_00125', 'p1k_00126', 'p1k_00127', 'p1k_00128', 'p1k_00129', 'p1k_00130', 'p1k_00131', 'p1k_00143', 'p1k_00146', 'p1k_00147', 'p1k_00148', 'p1k_00155', 'p1k_00157', 'p1k_00159', 'p1k_00317', 'p1k_00318', 'p1k_00357', 'p1k_00358', 'p1k_00389', 'p1k_00390', 'p1k_00395', 'p1k_00396', 'p1k_00401', 'p1k_00402', 'p1k_00407', 'p1k_00408', 'p1k_00413', 'p1k_00414', 'p1k_00421', 'p1k_00422', 'p1k_00423', 'p1k_00424', 'p1k_00431', 'p1k_00432', 'p1k_00437', 'p1k_00438', 'p1k_00882', 'p1k_00883']",ndh&cydB,,,"('MG1655', 'M9', 37, 7.0, 'glucose(4)', 'NH4Cl(1)', 'O2', nan)",MG1655,M9,37,7.0,glucose(4),NH4Cl(1),O2,,,
p1k_00931,"{'b1109': -1, 'b0734': -1}","['p1k_00041', 'p1k_00042', 'p1k_00070', 'p1k_00071', 'p1k_00072', 'p1k_00092', 'p1k_00093', 'p1k_00125', 'p1k_00126', 'p1k_00127', 'p1k_00128', 'p1k_00129', 'p1k_00130', 'p1k_00131', 'p1k_00143', 'p1k_00146', 'p1k_00147', 'p1k_00148', 'p1k_00155', 'p1k_00157', 'p1k_00159', 'p1k_00317', 'p1k_00318', 'p1k_00357', 'p1k_00358', 'p1k_00389', 'p1k_00390', 'p1k_00395', 'p1k_00396', 'p1k_00401', 'p1k_00402', 'p1k_00407', 'p1k_00408', 'p1k_00413', 'p1k_00414', 'p1k_00421', 'p1k_00422', 'p1k_00423', 'p1k_00424', 'p1k_00431', 'p1k_00432', 'p1k_00437', 'p1k_00438', 'p1k_00882', 'p1k_00883']",ndh&cydB,,,"('MG1655', 'M9', 37, 7.0, 'glucose(4)', 'NH4Cl(1)', 'O2', nan)",MG1655,M9,37,7.0,glucose(4),NH4Cl(1),O2,,,
p1k_00932,"{'b2287': -1, 'b0734': -1}","['p1k_00041', 'p1k_00042', 'p1k_00070', 'p1k_00071', 'p1k_00072', 'p1k_00092', 'p1k_00093', 'p1k_00125', 'p1k_00126', 'p1k_00127', 'p1k_00128', 'p1k_00129', 'p1k_00130', 'p1k_00131', 'p1k_00143', 'p1k_00146', 'p1k_00147', 'p1k_00148', 'p1k_00155', 'p1k_00157', 'p1k_00159', 'p1k_00317', 'p1k_00318', 'p1k_00357', 'p1k_00358', 'p1k_00389', 'p1k_00390', 'p1k_00395', 'p1k_00396', 'p1k_00401', 'p1k_00402', 'p1k_00407', 'p1k_00408', 'p1k_00413', 'p1k_00414', 'p1k_00421', 'p1k_00422', 'p1k_00423', 'p1k_00424', 'p1k_00431', 'p1k_00432', 'p1k_00437', 'p1k_00438', 'p1k_00882', 'p1k_00883']",nuoB&cydB,,,"('MG1655', 'M9', 37, 7.0, 'glucose(4)', 'NH4Cl(1)', 'O2', nan)",MG1655,M9,37,7.0,glucose(4),NH4Cl(1),O2,,,
p1k_00933,"{'b2287': -1, 'b0734': -1}","['p1k_00041', 'p1k_00042', 'p1k_00070', 'p1k_00071', 'p1k_00072', 'p1k_00092', 'p1k_00093', 'p1k_00125', 'p1k_00126', 'p1k_00127', 'p1k_00128', 'p1k_00129', 'p1k_00130', 'p1k_00131', 'p1k_00143', 'p1k_00146', 'p1k_00147', 'p1k_00148', 'p1k_00155', 'p1k_00157', 'p1k_00159', 'p1k_00317', 'p1k_00318', 'p1k_00357', 'p1k_00358', 'p1k_00389', 'p1k_00390', 'p1k_00395', 'p1k_00396', 'p1k_00401', 'p1k_00402', 'p1k_00407', 'p1k_00408', 'p1k_00413', 'p1k_00414', 'p1k_00421', 'p1k_00422', 'p1k_00423', 'p1k_00424', 'p1k_00431', 'p1k_00432', 'p1k_00437', 'p1k_00438', 'p1k_00882', 'p1k_00883']",nuoB&cydB,,,"('MG1655', 'M9', 37, 7.0, 'glucose(4)', 'NH4Cl(1)', 'O2', nan)",MG1655,M9,37,7.0,glucose(4),NH4Cl(1),O2,,,
p1k_00947,{'b4112': -1},"['p1k_00934', 'p1k_00935', 'p1k_00936', 'p1k_00937', 'p1k_00938', 'p1k_00939', 'p1k_00940', 'p1k_00941', 'p1k_00942', 'p1k_00943', 'p1k_00944', 'p1k_00945', 'p1k_00946']",basS,,,"('BW25113', 'Medium C', 30, 6.5, nan, nan, nan, nan)",BW25113,Medium C,30,6.5,,,,,,
p1k_00948,{'b4112': -1},"['p1k_00934', 'p1k_00935', 'p1k_00936', 'p1k_00937', 'p1k_00938', 'p1k_00939', 'p1k_00940', 'p1k_00941', 'p1k_00942', 'p1k_00943', 'p1k_00944', 'p1k_00945', 'p1k_00946']",basS,,,"('BW25113', 'Medium C', 30, 6.5, nan, nan, nan, nan)",BW25113,Medium C,30,6.5,,,,,,
p1k_00949,{'b4112': -1},"['p1k_00934', 'p1k_00935', 'p1k_00936', 'p1k_00937', 'p1k_00938', 'p1k_00939', 'p1k_00940', 'p1k_00941', 'p1k_00942', 'p1k_00943', 'p1k_00944', 'p1k_00945', 'p1k_00946']",basS,,,"('BW25113', 'Medium C', 30, 6.5, nan, nan, nan, nan)",BW25113,Medium C,30,6.5,,,,,,
p1k_00950,{'b4112': -1},"['p1k_00934', 'p1k_00935', 'p1k_00936', 'p1k_00937', 'p1k_00938', 'p1k_00939', 'p1k_00940', 'p1k_00941', 'p1k_00942', 'p1k_00943', 'p1k_00944', 'p1k_00945', 'p1k_00946']",basS,,,"('BW25113', 'Medium C', 30, 6.5, nan, nan, nan, nan)",BW25113,Medium C,30,6.5,,,,,,
p1k_00951,{'b4112': -1},"['p1k_00934', 'p1k_00935', 'p1k_00936', 'p1k_00937', 'p1k_00938', 'p1k_00939', 'p1k_00940', 'p1k_00941', 'p1k_00942', 'p1k_00943', 'p1k_00944', 'p1k_00945', 'p1k_00946']",basS,,,"('BW25113', 'Medium C', 30, 6.5, nan, nan, nan, nan)",BW25113,Medium C,30,6.5,,,,,,
p1k_00952,{'b4112': -1},"['p1k_00934', 'p1k_00935', 'p1k_00936', 'p1k_00937', 'p1k_00938', 'p1k_00939', 'p1k_00940', 'p1k_00941', 'p1k_00942', 'p1k_00943', 'p1k_00944', 'p1k_00945', 'p1k_00946']",basS,,,"('BW25113', 'Medium C', 30, 6.5, nan, nan, nan, nan)",BW25113,Medium C,30,6.5,,,,,,
p1k_00953,{'b0694': -1},"['p1k_00934', 'p1k_00935', 'p1k_00936', 'p1k_00937', 'p1k_00938', 'p1k_00939', 'p1k_00940', 'p1k_00941', 'p1k_00942', 'p1k_00943', 'p1k_00944', 'p1k_00945', 'p1k_00946']",kdpE,,,"('BW25113', 'Medium C', 30, 6.5, nan, nan, nan, nan)",BW25113,Medium C,30,6.5,,,,,,
p1k_00954,{'b0694': -1},"['p1k_00934', 'p1k_00935', 'p1k_00936', 'p1k_00937', 'p1k_00938', 'p1k_00939', 'p1k_00940', 'p1k_00941', 'p1k_00942', 'p1k_00943', 'p1k_00944', 'p1k_00945', 'p1k_00946']",kdpE,,,"('BW25113', 'Medium C', 30, 6.5, nan, nan, nan, nan)",BW25113,Medium C,30,6.5,,,,,,
p1k_00955,{'b0694': -1},"['p1k_00934', 'p1k_00935', 'p1k_00936', 'p1k_00937', 'p1k_00938', 'p1k_00939', 'p1k_00940', 'p1k_00941', 'p1k_00942', 'p1k_00943', 'p1k_00944', 'p1k_00945', 'p1k_00946']",kdpE,,,"('BW25113', 'Medium C', 30, 6.5, nan, nan, nan, nan)",BW25113,Medium C,30,6.5,,,,,,
p1k_00956,{'b0694': -1},"['p1k_00934', 'p1k_00935', 'p1k_00936', 'p1k_00937', 'p1k_00938', 'p1k_00939', 'p1k_00940', 'p1k_00941', 'p1k_00942', 'p1k_00943', 'p1k_00944', 'p1k_00945', 'p1k_00946']",kdpE,,,"('BW25113', 'Medium C', 30, 6.5, nan, nan, nan, nan)",BW25113,Medium C,30,6.5,,,,,,
p1k_00957,{'b0694': -1},"['p1k_00934', 'p1k_00935', 'p1k_00936', 'p1k_00937', 'p1k_00938', 'p1k_00939', 'p1k_00940', 'p1k_00941', 'p1k_00942', 'p1k_00943', 'p1k_00944', 'p1k_00945', 'p1k_00946']",kdpE,,,"('BW25113', 'Medium C', 30, 6.5, nan, nan, nan, nan)",BW25113,Medium C,30,6.5,,,,,,
p1k_00958,{'b0694': -1},"['p1k_00934', 'p1k_00935', 'p1k_00936', 'p1k_00937', 'p1k_00938', 'p1k_00939', 'p1k_00940', 'p1k_00941', 'p1k_00942', 'p1k_00943', 'p1k_00944', 'p1k_00945', 'p1k_00946']",kdpE,,,"('BW25113', 'Medium C', 30, 6.5, nan, nan, nan, nan)",BW25113,Medium C,30,6.5,,,,,,
p1k_00959,{'b0399': -1},"['p1k_00934', 'p1k_00935', 'p1k_00936', 'p1k_00937', 'p1k_00938', 'p1k_00939', 'p1k_00940', 'p1k_00941', 'p1k_00942', 'p1k_00943', 'p1k_00944', 'p1k_00945', 'p1k_00946']",phoB,,,"('BW25113', 'Medium C', 30, 6.5, nan, nan, nan, nan)",BW25113,Medium C,30,6.5,,,,,,
p1k_00960,{'b0399': -1},"['p1k_00934', 'p1k_00935', 'p1k_00936', 'p1k_00937', 'p1k_00938', 'p1k_00939', 'p1k_00940', 'p1k_00941', 'p1k_00942', 'p1k_00943', 'p1k_00944', 'p1k_00945', 'p1k_00946']",phoB,,,"('BW25113', 'Medium C', 30, 6.5, nan, nan, nan, nan)",BW25113,Medium C,30,6.5,,,,,,
p1k_00961,{'b0399': -1},"['p1k_00934', 'p1k_00935', 'p1k_00936', 'p1k_00937', 'p1k_00938', 'p1k_00939', 'p1k_00940', 'p1k_00941', 'p1k_00942', 'p1k_00943', 'p1k_00944', 'p1k_00945', 'p1k_00946']",phoB,,,"('BW25113', 'Medium C', 30, 6.5, nan, nan, nan, nan)",BW25113,Medium C,30,6.5,,,,,,
p1k_00962,{'b0399': -1},"['p1k_00934', 'p1k_00935', 'p1k_00936', 'p1k_00937', 'p1k_00938', 'p1k_00939', 'p1k_00940', 'p1k_00941', 'p1k_00942', 'p1k_00943', 'p1k_00944', 'p1k_00945', 'p1k_00946']",phoB,,,"('BW25113', 'Medium C', 30, 6.5, nan, nan, nan, nan)",BW25113,Medium C,30,6.5,,,,,,
p1k_00963,{'b0399': -1},"['p1k_00934', 'p1k_00935', 'p1k_00936', 'p1k_00937', 'p1k_00938', 'p1k_00939', 'p1k_00940', 'p1k_00941', 'p1k_00942', 'p1k_00943', 'p1k_00944', 'p1k_00945', 'p1k_00946']",phoB,,,"('BW25113', 'Medium C', 30, 6.5, nan, nan, nan, nan)",BW25113,Medium C,30,6.5,,,,,,
p1k_00964,{'b0399': -1},"['p1k_00934', 'p1k_00935', 'p1k_00936', 'p1k_00937', 'p1k_00938', 'p1k_00939', 'p1k_00940', 'p1k_00941', 'p1k_00942', 'p1k_00943', 'p1k_00944', 'p1k_00945', 'p1k_00946']",phoB,,,"('BW25113', 'Medium C', 30, 6.5, nan, nan, nan, nan)",BW25113,Medium C,30,6.5,,,,,,
p1k_00965,{'b0399': -1},"['p1k_00934', 'p1k_00935', 'p1k_00936', 'p1k_00937', 'p1k_00938', 'p1k_00939', 'p1k_00940', 'p1k_00941', 'p1k_00942', 'p1k_00943', 'p1k_00944', 'p1k_00945', 'p1k_00946']",phoB,,,"('BW25113', 'Medium C', 30, 6.5, nan, nan, nan, nan)",BW25113,Medium C,30,6.5,,,,,,
p1k_00966,{'b0399': -1},"['p1k_00934', 'p1k_00935', 'p1k_00936', 'p1k_00937', 'p1k_00938', 'p1k_00939', 'p1k_00940', 'p1k_00941', 'p1k_00942', 'p1k_00943', 'p1k_00944', 'p1k_00945', 'p1k_00946']",phoB,,,"('BW25113', 'Medium C', 30, 6.5, nan, nan, nan, nan)",BW25113,Medium C,30,6.5,,,,,,
p1k_00967,{'b0399': -1},"['p1k_00934', 'p1k_00935', 'p1k_00936', 'p1k_00937', 'p1k_00938', 'p1k_00939', 'p1k_00940', 'p1k_00941', 'p1k_00942', 'p1k_00943', 'p1k_00944', 'p1k_00945', 'p1k_00946']",phoB,,,"('BW25113', 'Medium C', 30, 6.5, nan, nan, nan, nan)",BW25113,Medium C,30,6.5,,,,,,
p1k_00968,{'b0399': -1},"['p1k_00934', 'p1k_00935', 'p1k_00936', 'p1k_00937', 'p1k_00938', 'p1k_00939', 'p1k_00940', 'p1k_00941', 'p1k_00942', 'p1k_00943', 'p1k_00944', 'p1k_00945', 'p1k_00946']",phoB,,,"('BW25113', 'Medium C', 30, 6.5, nan, nan, nan, nan)",BW25113,Medium C,30,6.5,,,,,,
p1k_00969,{'b0399': -1},"['p1k_00934', 'p1k_00935', 'p1k_00936', 'p1k_00937', 'p1k_00938', 'p1k_00939', 'p1k_00940', 'p1k_00941', 'p1k_00942', 'p1k_00943', 'p1k_00944', 'p1k_00945', 'p1k_00946']",phoB,,,"('BW25113', 'Medium C', 30, 6.5, nan, nan, nan, nan)",BW25113,Medium C,30,6.5,,,,,,
p1k_00970,{'b0399': -1},"['p1k_00934', 'p1k_00935', 'p1k_00936', 'p1k_00937', 'p1k_00938', 'p1k_00939', 'p1k_00940', 'p1k_00941', 'p1k_00942', 'p1k_00943', 'p1k_00944', 'p1k_00945', 'p1k_00946']",phoB,,,"('BW25113', 'Medium C', 30, 6.5, nan, nan, nan, nan)",BW25113,Medium C,30,6.5,,,,,,
p1k_00971,{'b0399': -1},"['p1k_00934', 'p1k_00935', 'p1k_00936', 'p1k_00937', 'p1k_00938', 'p1k_00939', 'p1k_00940', 'p1k_00941', 'p1k_00942', 'p1k_00943', 'p1k_00944', 'p1k_00945', 'p1k_00946']",phoB,,,"('BW25113', 'Medium C', 30, 6.5, nan, nan, nan, nan)",BW25113,Medium C,30,6.5,,,,,,
p1k_00972,{'b3025': -1},"['p1k_00934', 'p1k_00935', 'p1k_00936', 'p1k_00937', 'p1k_00938', 'p1k_00939', 'p1k_00940', 'p1k_00941', 'p1k_00942', 'p1k_00943', 'p1k_00944', 'p1k_00945', 'p1k_00946']",qseB,,,"('BW25113', 'Medium C', 30, 6.5, nan, nan, nan, nan)",BW25113,Medium C,30,6.5,,,,,,
p1k_00973,{'b3025': -1},"['p1k_00934', 'p1k_00935', 'p1k_00936', 'p1k_00937', 'p1k_00938', 'p1k_00939', 'p1k_00940', 'p1k_00941', 'p1k_00942', 'p1k_00943', 'p1k_00944', 'p1k_00945', 'p1k_00946']",qseB,,,"('BW25113', 'Medium C', 30, 6.5, nan, nan, nan, nan)",BW25113,Medium C,30,6.5,,,,,,
p1k_00974,{'b3025': -1},"['p1k_00934', 'p1k_00935', 'p1k_00936', 'p1k_00937', 'p1k_00938', 'p1k_00939', 'p1k_00940', 'p1k_00941', 'p1k_00942', 'p1k_00943', 'p1k_00944', 'p1k_00945', 'p1k_00946']",qseB,,,"('BW25113', 'Medium C', 30, 6.5, nan, nan, nan, nan)",BW25113,Medium C,30,6.5,,,,,,
p1k_00975,{'b3025': -1},"['p1k_00934', 'p1k_00935', 'p1k_00936', 'p1k_00937', 'p1k_00938', 'p1k_00939', 'p1k_00940', 'p1k_00941', 'p1k_00942', 'p1k_00943', 'p1k_00944', 'p1k_00945', 'p1k_00946']",qseB,,,"('BW25113', 'Medium C', 30, 6.5, nan, nan, nan, nan)",BW25113,Medium C,30,6.5,,,,,,
p1k_00976,{'b3025': -1},"['p1k_00934', 'p1k_00935', 'p1k_00936', 'p1k_00937', 'p1k_00938', 'p1k_00939', 'p1k_00940', 'p1k_00941', 'p1k_00942', 'p1k_00943', 'p1k_00944', 'p1k_00945', 'p1k_00946']",qseB,,,"('BW25113', 'Medium C', 30, 6.5, nan, nan, nan, nan)",BW25113,Medium C,30,6.5,,,,,,
p1k_00977,{'b3026': -1},"['p1k_00934', 'p1k_00935', 'p1k_00936', 'p1k_00937', 'p1k_00938', 'p1k_00939', 'p1k_00940', 'p1k_00941', 'p1k_00942', 'p1k_00943', 'p1k_00944', 'p1k_00945', 'p1k_00946']",qseC,,,"('BW25113', 'Medium C', 30, 6.5, nan, nan, nan, nan)",BW25113,Medium C,30,6.5,,,,,,
p1k_00978,{'b3026': -1},"['p1k_00934', 'p1k_00935', 'p1k_00936', 'p1k_00937', 'p1k_00938', 'p1k_00939', 'p1k_00940', 'p1k_00941', 'p1k_00942', 'p1k_00943', 'p1k_00944', 'p1k_00945', 'p1k_00946']",qseC,,,"('BW25113', 'Medium C', 30, 6.5, nan, nan, nan, nan)",BW25113,Medium C,30,6.5,,,,,,
p1k_00979,{'b3026': -1},"['p1k_00934', 'p1k_00935', 'p1k_00936', 'p1k_00937', 'p1k_00938', 'p1k_00939', 'p1k_00940', 'p1k_00941', 'p1k_00942', 'p1k_00943', 'p1k_00944', 'p1k_00945', 'p1k_00946']",qseC,,,"('BW25113', 'Medium C', 30, 6.5, nan, nan, nan, nan)",BW25113,Medium C,30,6.5,,,,,,
p1k_00980,{'b3026': -1},"['p1k_00934', 'p1k_00935', 'p1k_00936', 'p1k_00937', 'p1k_00938', 'p1k_00939', 'p1k_00940', 'p1k_00941', 'p1k_00942', 'p1k_00943', 'p1k_00944', 'p1k_00945', 'p1k_00946']",qseC,,,"('BW25113', 'Medium C', 30, 6.5, nan, nan, nan, nan)",BW25113,Medium C,30,6.5,,,,,,
p1k_00981,{'b3026': -1},"['p1k_00934', 'p1k_00935', 'p1k_00936', 'p1k_00937', 'p1k_00938', 'p1k_00939', 'p1k_00940', 'p1k_00941', 'p1k_00942', 'p1k_00943', 'p1k_00944', 'p1k_00945', 'p1k_00946']",qseC,,,"('BW25113', 'Medium C', 30, 6.5, nan, nan, nan, nan)",BW25113,Medium C,30,6.5,,,,,,
p1k_00982,{'b3026': -1},"['p1k_00934', 'p1k_00935', 'p1k_00936', 'p1k_00937', 'p1k_00938', 'p1k_00939', 'p1k_00940', 'p1k_00941', 'p1k_00942', 'p1k_00943', 'p1k_00944', 'p1k_00945', 'p1k_00946']",qseC,,,"('BW25113', 'Medium C', 30, 6.5, nan, nan, nan, nan)",BW25113,Medium C,30,6.5,,,,,,
p1k_00983,{'b2554': -1},"['p1k_00934', 'p1k_00935', 'p1k_00936', 'p1k_00937', 'p1k_00938', 'p1k_00939', 'p1k_00940', 'p1k_00941', 'p1k_00942', 'p1k_00943', 'p1k_00944', 'p1k_00945', 'p1k_00946']",qseF,,,"('BW25113', 'Medium C', 30, 6.5, nan, nan, nan, nan)",BW25113,Medium C,30,6.5,,,,,,
p1k_00984,{'b2554': -1},"['p1k_00934', 'p1k_00935', 'p1k_00936', 'p1k_00937', 'p1k_00938', 'p1k_00939', 'p1k_00940', 'p1k_00941', 'p1k_00942', 'p1k_00943', 'p1k_00944', 'p1k_00945', 'p1k_00946']",qseF,,,"('BW25113', 'Medium C', 30, 6.5, nan, nan, nan, nan)",BW25113,Medium C,30,6.5,,,,,,
p1k_00985,{'b2554': -1},"['p1k_00934', 'p1k_00935', 'p1k_00936', 'p1k_00937', 'p1k_00938', 'p1k_00939', 'p1k_00940', 'p1k_00941', 'p1k_00942', 'p1k_00943', 'p1k_00944', 'p1k_00945', 'p1k_00946']",qseF,,,"('BW25113', 'Medium C', 30, 6.5, nan, nan, nan, nan)",BW25113,Medium C,30,6.5,,,,,,
p1k_00986,{'b2554': -1},"['p1k_00934', 'p1k_00935', 'p1k_00936', 'p1k_00937', 'p1k_00938', 'p1k_00939', 'p1k_00940', 'p1k_00941', 'p1k_00942', 'p1k_00943', 'p1k_00944', 'p1k_00945', 'p1k_00946']",qseF,,,"('BW25113', 'Medium C', 30, 6.5, nan, nan, nan, nan)",BW25113,Medium C,30,6.5,,,,,,
p1k_00987,{'b2554': -1},"['p1k_00934', 'p1k_00935', 'p1k_00936', 'p1k_00937', 'p1k_00938', 'p1k_00939', 'p1k_00940', 'p1k_00941', 'p1k_00942', 'p1k_00943', 'p1k_00944', 'p1k_00945', 'p1k_00946']",qseF,,,"('BW25113', 'Medium C', 30, 6.5, nan, nan, nan, nan)",BW25113,Medium C,30,6.5,,,,,,
p1k_00988,{'b2554': -1},"['p1k_00934', 'p1k_00935', 'p1k_00936', 'p1k_00937', 'p1k_00938', 'p1k_00939', 'p1k_00940', 'p1k_00941', 'p1k_00942', 'p1k_00943', 'p1k_00944', 'p1k_00945', 'p1k_00946']",qseF,,,"('BW25113', 'Medium C', 30, 6.5, nan, nan, nan, nan)",BW25113,Medium C,30,6.5,,,,,,
p1k_00989,{'b2554': -1},"['p1k_00934', 'p1k_00935', 'p1k_00936', 'p1k_00937', 'p1k_00938', 'p1k_00939', 'p1k_00940', 'p1k_00941', 'p1k_00942', 'p1k_00943', 'p1k_00944', 'p1k_00945', 'p1k_00946']",qseF,,,"('BW25113', 'Medium C', 30, 6.5, nan, nan, nan, nan)",BW25113,Medium C,30,6.5,,,,,,
p1k_00990,{'b2554': -1},"['p1k_00934', 'p1k_00935', 'p1k_00936', 'p1k_00937', 'p1k_00938', 'p1k_00939', 'p1k_00940', 'p1k_00941', 'p1k_00942', 'p1k_00943', 'p1k_00944', 'p1k_00945', 'p1k_00946']",qseF,,,"('BW25113', 'Medium C', 30, 6.5, nan, nan, nan, nan)",BW25113,Medium C,30,6.5,,,,,,
p1k_00991,{'b2554': -1},"['p1k_00934', 'p1k_00935', 'p1k_00936', 'p1k_00937', 'p1k_00938', 'p1k_00939', 'p1k_00940', 'p1k_00941', 'p1k_00942', 'p1k_00943', 'p1k_00944', 'p1k_00945', 'p1k_00946']",qseF,,,"('BW25113', 'Medium C', 30, 6.5, nan, nan, nan, nan)",BW25113,Medium C,30,6.5,,,,,,
p1k_00992,{'b2554': -1},"['p1k_00934', 'p1k_00935', 'p1k_00936', 'p1k_00937', 'p1k_00938', 'p1k_00939', 'p1k_00940', 'p1k_00941', 'p1k_00942', 'p1k_00943', 'p1k_00944', 'p1k_00945', 'p1k_00946']",qseF,,,"('BW25113', 'Medium C', 30, 6.5, nan, nan, nan, nan)",BW25113,Medium C,30,6.5,,,,,,
p1k_00993,{'b2554': -1},"['p1k_00934', 'p1k_00935', 'p1k_00936', 'p1k_00937', 'p1k_00938', 'p1k_00939', 'p1k_00940', 'p1k_00941', 'p1k_00942', 'p1k_00943', 'p1k_00944', 'p1k_00945', 'p1k_00946']",qseF,,,"('BW25113', 'Medium C', 30, 6.5, nan, nan, nan, nan)",BW25113,Medium C,30,6.5,,,,,,
p1k_00994,{'b2554': -1},"['p1k_00934', 'p1k_00935', 'p1k_00936', 'p1k_00937', 'p1k_00938', 'p1k_00939', 'p1k_00940', 'p1k_00941', 'p1k_00942', 'p1k_00943', 'p1k_00944', 'p1k_00945', 'p1k_00946']",qseF,,,"('BW25113', 'Medium C', 30, 6.5, nan, nan, nan, nan)",BW25113,Medium C,30,6.5,,,,,,
p1k_00995,{'b2554': -1},"['p1k_00934', 'p1k_00935', 'p1k_00936', 'p1k_00937', 'p1k_00938', 'p1k_00939', 'p1k_00940', 'p1k_00941', 'p1k_00942', 'p1k_00943', 'p1k_00944', 'p1k_00945', 'p1k_00946']",qseF,,,"('BW25113', 'Medium C', 30, 6.5, nan, nan, nan, nan)",BW25113,Medium C,30,6.5,,,,,,
p1k_00996,{'b0150': -1},"['p1k_00001', 'p1k_00002', 'p1k_00161', 'p1k_00162', 'p1k_00163', 'p1k_00164', 'p1k_00185', 'p1k_00186', 'p1k_00191', 'p1k_00192']",fhuA,,,"('MG1655', 'Medium C', 30, 6.5, nan, nan, nan, nan)",MG1655,Medium C,30,6.5,,,,,,
p1k_00997,{'b0150': -1},"['p1k_00001', 'p1k_00002', 'p1k_00161', 'p1k_00162', 'p1k_00163', 'p1k_00164', 'p1k_00185', 'p1k_00186', 'p1k_00191', 'p1k_00192']",fhuA,,,"('MG1655', 'Medium C', 30, 6.5, nan, nan, nan, nan)",MG1655,Medium C,30,6.5,,,,,,
p1k_00998,{'b0150': -1},"['p1k_00001', 'p1k_00002', 'p1k_00161', 'p1k_00162', 'p1k_00163', 'p1k_00164', 'p1k_00185', 'p1k_00186', 'p1k_00191', 'p1k_00192']",fhuA,,,"('MG1655', 'Medium C', 30, 6.5, nan, nan, nan, nan)",MG1655,Medium C,30,6.5,,,,,,
p1k_00999,{'b0150': -1},"['p1k_00001', 'p1k_00002', 'p1k_00161', 'p1k_00162', 'p1k_00163', 'p1k_00164', 'p1k_00185', 'p1k_00186', 'p1k_00191', 'p1k_00192']",fhuA,,,"('MG1655', 'Medium C', 30, 6.5, nan, nan, nan, nan)",MG1655,Medium C,30,6.5,,,,,,
p1k_01000,{'b0150': -1},"['p1k_00001', 'p1k_00002', 'p1k_00161', 'p1k_00162', 'p1k_00163', 'p1k_00164', 'p1k_00185', 'p1k_00186', 'p1k_00191', 'p1k_00192']",fhuA,,,"('MG1655', 'Medium C', 30, 6.5, nan, nan, nan, nan)",MG1655,Medium C,30,6.5,,,,,,
p1k_01001,{'b0150': -1},"['p1k_00001', 'p1k_00002', 'p1k_00161', 'p1k_00162', 'p1k_00163', 'p1k_00164', 'p1k_00185', 'p1k_00186', 'p1k_00191', 'p1k_00192']",fhuA,,,"('MG1655', 'Medium C', 30, 6.5, nan, nan, nan, nan)",MG1655,Medium C,30,6.5,,,,,,
p1k_01002,{'b0150': -1},"['p1k_00001', 'p1k_00002', 'p1k_00161', 'p1k_00162', 'p1k_00163', 'p1k_00164', 'p1k_00185', 'p1k_00186', 'p1k_00191', 'p1k_00192']",fhuA,,,"('MG1655', 'Medium C', 30, 6.5, nan, nan, nan, nan)",MG1655,Medium C,30,6.5,,,,,,
p1k_01003,{'b4401': -1},"['p1k_00934', 'p1k_00935', 'p1k_00936', 'p1k_00937', 'p1k_00938', 'p1k_00939', 'p1k_00940', 'p1k_00941', 'p1k_00942', 'p1k_00943', 'p1k_00944', 'p1k_00945', 'p1k_00946']",arcA,,,"('BW25113', 'Medium C', 30, 6.5, nan, nan, nan, nan)",BW25113,Medium C,30,6.5,,,,,,
p1k_01004,{'b4401': -1},"['p1k_00934', 'p1k_00935', 'p1k_00936', 'p1k_00937', 'p1k_00938', 'p1k_00939', 'p1k_00940', 'p1k_00941', 'p1k_00942', 'p1k_00943', 'p1k_00944', 'p1k_00945', 'p1k_00946']",arcA,,,"('BW25113', 'Medium C', 30, 6.5, nan, nan, nan, nan)",BW25113,Medium C,30,6.5,,,,,,
p1k_01005,{'b4401': -1},"['p1k_00934', 'p1k_00935', 'p1k_00936', 'p1k_00937', 'p1k_00938', 'p1k_00939', 'p1k_00940', 'p1k_00941', 'p1k_00942', 'p1k_00943', 'p1k_00944', 'p1k_00945', 'p1k_00946']",arcA,,,"('BW25113', 'Medium C', 30, 6.5, nan, nan, nan, nan)",BW25113,Medium C,30,6.5,,,,,,
p1k_01006,{'b4401': -1},"['p1k_00934', 'p1k_00935', 'p1k_00936', 'p1k_00937', 'p1k_00938', 'p1k_00939', 'p1k_00940', 'p1k_00941', 'p1k_00942', 'p1k_00943', 'p1k_00944', 'p1k_00945', 'p1k_00946']",arcA,,,"('BW25113', 'Medium C', 30, 6.5, nan, nan, nan, nan)",BW25113,Medium C,30,6.5,,,,,,
p1k_01007,{'b4401': -1},"['p1k_00934', 'p1k_00935', 'p1k_00936', 'p1k_00937', 'p1k_00938', 'p1k_00939', 'p1k_00940', 'p1k_00941', 'p1k_00942', 'p1k_00943', 'p1k_00944', 'p1k_00945', 'p1k_00946']",arcA,,,"('BW25113', 'Medium C', 30, 6.5, nan, nan, nan, nan)",BW25113,Medium C,30,6.5,,,,,,
p1k_01008,{'b4401': -1},"['p1k_00934', 'p1k_00935', 'p1k_00936', 'p1k_00937', 'p1k_00938', 'p1k_00939', 'p1k_00940', 'p1k_00941', 'p1k_00942', 'p1k_00943', 'p1k_00944', 'p1k_00945', 'p1k_00946']",arcA,,,"('BW25113', 'Medium C', 30, 6.5, nan, nan, nan, nan)",BW25113,Medium C,30,6.5,,,,,,
p1k_01009,{'b2079': -1},"['p1k_00934', 'p1k_00935', 'p1k_00936', 'p1k_00937', 'p1k_00938', 'p1k_00939', 'p1k_00940', 'p1k_00941', 'p1k_00942', 'p1k_00943', 'p1k_00944', 'p1k_00945', 'p1k_00946']",baeR,,,"('BW25113', 'Medium C', 30, 6.5, nan, nan, nan, nan)",BW25113,Medium C,30,6.5,,,,,,
p1k_01010,{'b2079': -1},"['p1k_00934', 'p1k_00935', 'p1k_00936', 'p1k_00937', 'p1k_00938', 'p1k_00939', 'p1k_00940', 'p1k_00941', 'p1k_00942', 'p1k_00943', 'p1k_00944', 'p1k_00945', 'p1k_00946']",baeR,,,"('BW25113', 'Medium C', 30, 6.5, nan, nan, nan, nan)",BW25113,Medium C,30,6.5,,,,,,
p1k_01011,{'b2079': -1},"['p1k_00934', 'p1k_00935', 'p1k_00936', 'p1k_00937', 'p1k_00938', 'p1k_00939', 'p1k_00940', 'p1k_00941', 'p1k_00942', 'p1k_00943', 'p1k_00944', 'p1k_00945', 'p1k_00946']",baeR,,,"('BW25113', 'Medium C', 30, 6.5, nan, nan, nan, nan)",BW25113,Medium C,30,6.5,,,,,,
p1k_01012,{'b2079': -1},"['p1k_00934', 'p1k_00935', 'p1k_00936', 'p1k_00937', 'p1k_00938', 'p1k_00939', 'p1k_00940', 'p1k_00941', 'p1k_00942', 'p1k_00943', 'p1k_00944', 'p1k_00945', 'p1k_00946']",baeR,,,"('BW25113', 'Medium C', 30, 6.5, nan, nan, nan, nan)",BW25113,Medium C,30,6.5,,,,,,
p1k_01013,{'b2079': -1},"['p1k_00934', 'p1k_00935', 'p1k_00936', 'p1k_00937', 'p1k_00938', 'p1k_00939', 'p1k_00940', 'p1k_00941', 'p1k_00942', 'p1k_00943', 'p1k_00944', 'p1k_00945', 'p1k_00946']",baeR,,,"('BW25113', 'Medium C', 30, 6.5, nan, nan, nan, nan)",BW25113,Medium C,30,6.5,,,,,,
p1k_01014,{'b2079': -1},"['p1k_00934', 'p1k_00935', 'p1k_00936', 'p1k_00937', 'p1k_00938', 'p1k_00939', 'p1k_00940', 'p1k_00941', 'p1k_00942', 'p1k_00943', 'p1k_00944', 'p1k_00945', 'p1k_00946']",baeR,,,"('BW25113', 'Medium C', 30, 6.5, nan, nan, nan, nan)",BW25113,Medium C,30,6.5,,,,,,
p1k_01015,{'b2079': -1},"['p1k_00934', 'p1k_00935', 'p1k_00936', 'p1k_00937', 'p1k_00938', 'p1k_00939', 'p1k_00940', 'p1k_00941', 'p1k_00942', 'p1k_00943', 'p1k_00944', 'p1k_00945', 'p1k_00946']",baeR,,,"('BW25113', 'Medium C', 30, 6.5, nan, nan, nan, nan)",BW25113,Medium C,30,6.5,,,,,,
p1k_01016,{'b2079': -1},"['p1k_00934', 'p1k_00935', 'p1k_00936', 'p1k_00937', 'p1k_00938', 'p1k_00939', 'p1k_00940', 'p1k_00941', 'p1k_00942', 'p1k_00943', 'p1k_00944', 'p1k_00945', 'p1k_00946']",baeR,,,"('BW25113', 'Medium C', 30, 6.5, nan, nan, nan, nan)",BW25113,Medium C,30,6.5,,,,,,
p1k_01017,{'b2079': -1},"['p1k_00934', 'p1k_00935', 'p1k_00936', 'p1k_00937', 'p1k_00938', 'p1k_00939', 'p1k_00940', 'p1k_00941', 'p1k_00942', 'p1k_00943', 'p1k_00944', 'p1k_00945', 'p1k_00946']",baeR,,,"('BW25113', 'Medium C', 30, 6.5, nan, nan, nan, nan)",BW25113,Medium C,30,6.5,,,,,,
p1k_01018,{'b1516': -1},"['p1k_00934', 'p1k_00935', 'p1k_00936', 'p1k_00937', 'p1k_00938', 'p1k_00939', 'p1k_00940', 'p1k_00941', 'p1k_00942', 'p1k_00943', 'p1k_00944', 'p1k_00945', 'p1k_00946']",lsrB,,,"('BW25113', 'Medium C', 30, 6.5, nan, nan, nan, nan)",BW25113,Medium C,30,6.5,,,,,,
p1k_01019,{'b1516': -1},"['p1k_00934', 'p1k_00935', 'p1k_00936', 'p1k_00937', 'p1k_00938', 'p1k_00939', 'p1k_00940', 'p1k_00941', 'p1k_00942', 'p1k_00943', 'p1k_00944', 'p1k_00945', 'p1k_00946']",lsrB,,,"('BW25113', 'Medium C', 30, 6.5, nan, nan, nan, nan)",BW25113,Medium C,30,6.5,,,,,,
p1k_01020,{'b1516': -1},"['p1k_00934', 'p1k_00935', 'p1k_00936', 'p1k_00937', 'p1k_00938', 'p1k_00939', 'p1k_00940', 'p1k_00941', 'p1k_00942', 'p1k_00943', 'p1k_00944', 'p1k_00945', 'p1k_00946']",lsrB,,,"('BW25113', 'Medium C', 30, 6.5, nan, nan, nan, nan)",BW25113,Medium C,30,6.5,,,,,,
p1k_01021,{'b1516': -1},"['p1k_00934', 'p1k_00935', 'p1k_00936', 'p1k_00937', 'p1k_00938', 'p1k_00939', 'p1k_00940', 'p1k_00941', 'p1k_00942', 'p1k_00943', 'p1k_00944', 'p1k_00945', 'p1k_00946']",lsrB,,,"('BW25113', 'Medium C', 30, 6.5, nan, nan, nan, nan)",BW25113,Medium C,30,6.5,,,,,,
p1k_01022,{'b1516': -1},"['p1k_00934', 'p1k_00935', 'p1k_00936', 'p1k_00937', 'p1k_00938', 'p1k_00939', 'p1k_00940', 'p1k_00941', 'p1k_00942', 'p1k_00943', 'p1k_00944', 'p1k_00945', 'p1k_00946']",lsrB,,,"('BW25113', 'Medium C', 30, 6.5, nan, nan, nan, nan)",BW25113,Medium C,30,6.5,,,,,,
p1k_01023,{'b1516': -1},"['p1k_00934', 'p1k_00935', 'p1k_00936', 'p1k_00937', 'p1k_00938', 'p1k_00939', 'p1k_00940', 'p1k_00941', 'p1k_00942', 'p1k_00943', 'p1k_00944', 'p1k_00945', 'p1k_00946']",lsrB,,,"('BW25113', 'Medium C', 30, 6.5, nan, nan, nan, nan)",BW25113,Medium C,30,6.5,,,,,,
p1k_01024,{'b1516': -1},"['p1k_00934', 'p1k_00935', 'p1k_00936', 'p1k_00937', 'p1k_00938', 'p1k_00939', 'p1k_00940', 'p1k_00941', 'p1k_00942', 'p1k_00943', 'p1k_00944', 'p1k_00945', 'p1k_00946']",lsrB,,,"('BW25113', 'Medium C', 30, 6.5, nan, nan, nan, nan)",BW25113,Medium C,30,6.5,,,,,,
p1k_01025,{'b1511': -1},"['p1k_00934', 'p1k_00935', 'p1k_00936', 'p1k_00937', 'p1k_00938', 'p1k_00939', 'p1k_00940', 'p1k_00941', 'p1k_00942', 'p1k_00943', 'p1k_00944', 'p1k_00945', 'p1k_00946']",lsrK,,,"('BW25113', 'Medium C', 30, 6.5, nan, nan, nan, nan)",BW25113,Medium C,30,6.5,,,,,,
p1k_01026,{'b1511': -1},"['p1k_00934', 'p1k_00935', 'p1k_00936', 'p1k_00937', 'p1k_00938', 'p1k_00939', 'p1k_00940', 'p1k_00941', 'p1k_00942', 'p1k_00943', 'p1k_00944', 'p1k_00945', 'p1k_00946']",lsrK,,,"('BW25113', 'Medium C', 30, 6.5, nan, nan, nan, nan)",BW25113,Medium C,30,6.5,,,,,,
p1k_01027,{'b1511': -1},"['p1k_00934', 'p1k_00935', 'p1k_00936', 'p1k_00937', 'p1k_00938', 'p1k_00939', 'p1k_00940', 'p1k_00941', 'p1k_00942', 'p1k_00943', 'p1k_00944', 'p1k_00945', 'p1k_00946']",lsrK,,,"('BW25113', 'Medium C', 30, 6.5, nan, nan, nan, nan)",BW25113,Medium C,30,6.5,,,,,,
p1k_01028,{'b1511': -1},"['p1k_00934', 'p1k_00935', 'p1k_00936', 'p1k_00937', 'p1k_00938', 'p1k_00939', 'p1k_00940', 'p1k_00941', 'p1k_00942', 'p1k_00943', 'p1k_00944', 'p1k_00945', 'p1k_00946']",lsrK,,,"('BW25113', 'Medium C', 30, 6.5, nan, nan, nan, nan)",BW25113,Medium C,30,6.5,,,,,,
p1k_01029,{'b1511': -1},"['p1k_00934', 'p1k_00935', 'p1k_00936', 'p1k_00937', 'p1k_00938', 'p1k_00939', 'p1k_00940', 'p1k_00941', 'p1k_00942', 'p1k_00943', 'p1k_00944', 'p1k_00945', 'p1k_00946']",lsrK,,,"('BW25113', 'Medium C', 30, 6.5, nan, nan, nan, nan)",BW25113,Medium C,30,6.5,,,,,,
p1k_01030,{'b1511': -1},"['p1k_00934', 'p1k_00935', 'p1k_00936', 'p1k_00937', 'p1k_00938', 'p1k_00939', 'p1k_00940', 'p1k_00941', 'p1k_00942', 'p1k_00943', 'p1k_00944', 'p1k_00945', 'p1k_00946']",lsrK,,,"('BW25113', 'Medium C', 30, 6.5, nan, nan, nan, nan)",BW25113,Medium C,30,6.5,,,,,,
p1k_01031,{'b1511': -1},"['p1k_00934', 'p1k_00935', 'p1k_00936', 'p1k_00937', 'p1k_00938', 'p1k_00939', 'p1k_00940', 'p1k_00941', 'p1k_00942', 'p1k_00943', 'p1k_00944', 'p1k_00945', 'p1k_00946']",lsrK,,,"('BW25113', 'Medium C', 30, 6.5, nan, nan, nan, nan)",BW25113,Medium C,30,6.5,,,,,,
p1k_01032,{'b1512': -1},"['p1k_00934', 'p1k_00935', 'p1k_00936', 'p1k_00937', 'p1k_00938', 'p1k_00939', 'p1k_00940', 'p1k_00941', 'p1k_00942', 'p1k_00943', 'p1k_00944', 'p1k_00945', 'p1k_00946']",lsrR,,,"('BW25113', 'Medium C', 30, 6.5, nan, nan, nan, nan)",BW25113,Medium C,30,6.5,,,,,,
p1k_01033,{'b1512': -1},"['p1k_00934', 'p1k_00935', 'p1k_00936', 'p1k_00937', 'p1k_00938', 'p1k_00939', 'p1k_00940', 'p1k_00941', 'p1k_00942', 'p1k_00943', 'p1k_00944', 'p1k_00945', 'p1k_00946']",lsrR,,,"('BW25113', 'Medium C', 30, 6.5, nan, nan, nan, nan)",BW25113,Medium C,30,6.5,,,,,,
p1k_01034,{'b1512': -1},"['p1k_00934', 'p1k_00935', 'p1k_00936', 'p1k_00937', 'p1k_00938', 'p1k_00939', 'p1k_00940', 'p1k_00941', 'p1k_00942', 'p1k_00943', 'p1k_00944', 'p1k_00945', 'p1k_00946']",lsrR,,,"('BW25113', 'Medium C', 30, 6.5, nan, nan, nan, nan)",BW25113,Medium C,30,6.5,,,,,,
p1k_01035,{'b1512': -1},"['p1k_00934', 'p1k_00935', 'p1k_00936', 'p1k_00937', 'p1k_00938', 'p1k_00939', 'p1k_00940', 'p1k_00941', 'p1k_00942', 'p1k_00943', 'p1k_00944', 'p1k_00945', 'p1k_00946']",lsrR,,,"('BW25113', 'Medium C', 30, 6.5, nan, nan, nan, nan)",BW25113,Medium C,30,6.5,,,,,,
p1k_01036,{'b1512': -1},"['p1k_00934', 'p1k_00935', 'p1k_00936', 'p1k_00937', 'p1k_00938', 'p1k_00939', 'p1k_00940', 'p1k_00941', 'p1k_00942', 'p1k_00943', 'p1k_00944', 'p1k_00945', 'p1k_00946']",lsrR,,,"('BW25113', 'Medium C', 30, 6.5, nan, nan, nan, nan)",BW25113,Medium C,30,6.5,,,,,,
p1k_01037,{'b1512': -1},"['p1k_00934', 'p1k_00935', 'p1k_00936', 'p1k_00937', 'p1k_00938', 'p1k_00939', 'p1k_00940', 'p1k_00941', 'p1k_00942', 'p1k_00943', 'p1k_00944', 'p1k_00945', 'p1k_00946']",lsrR,,,"('BW25113', 'Medium C', 30, 6.5, nan, nan, nan, nan)",BW25113,Medium C,30,6.5,,,,,,
p1k_01038,{'b1512': -1},"['p1k_00934', 'p1k_00935', 'p1k_00936', 'p1k_00937', 'p1k_00938', 'p1k_00939', 'p1k_00940', 'p1k_00941', 'p1k_00942', 'p1k_00943', 'p1k_00944', 'p1k_00945', 'p1k_00946']",lsrR,,,"('BW25113', 'Medium C', 30, 6.5, nan, nan, nan, nan)",BW25113,Medium C,30,6.5,,,,,,
p1k_01039,{'b2687': -1},"['p1k_00934', 'p1k_00935', 'p1k_00936', 'p1k_00937', 'p1k_00938', 'p1k_00939', 'p1k_00940', 'p1k_00941', 'p1k_00942', 'p1k_00943', 'p1k_00944', 'p1k_00945', 'p1k_00946']",luxS,,,"('BW25113', 'Medium C', 30, 6.5, nan, nan, nan, nan)",BW25113,Medium C,30,6.5,,,,,,
p1k_01040,{'b2687': -1},"['p1k_00934', 'p1k_00935', 'p1k_00936', 'p1k_00937', 'p1k_00938', 'p1k_00939', 'p1k_00940', 'p1k_00941', 'p1k_00942', 'p1k_00943', 'p1k_00944', 'p1k_00945', 'p1k_00946']",luxS,,,"('BW25113', 'Medium C', 30, 6.5, nan, nan, nan, nan)",BW25113,Medium C,30,6.5,,,,,,
p1k_01041,{'b2687': -1},"['p1k_00934', 'p1k_00935', 'p1k_00936', 'p1k_00937', 'p1k_00938', 'p1k_00939', 'p1k_00940', 'p1k_00941', 'p1k_00942', 'p1k_00943', 'p1k_00944', 'p1k_00945', 'p1k_00946']",luxS,,,"('BW25113', 'Medium C', 30, 6.5, nan, nan, nan, nan)",BW25113,Medium C,30,6.5,,,,,,
p1k_01042,{'b2687': -1},"['p1k_00934', 'p1k_00935', 'p1k_00936', 'p1k_00937', 'p1k_00938', 'p1k_00939', 'p1k_00940', 'p1k_00941', 'p1k_00942', 'p1k_00943', 'p1k_00944', 'p1k_00945', 'p1k_00946']",luxS,,,"('BW25113', 'Medium C', 30, 6.5, nan, nan, nan, nan)",BW25113,Medium C,30,6.5,,,,,,
p1k_01043,{'b2687': -1},"['p1k_00934', 'p1k_00935', 'p1k_00936', 'p1k_00937', 'p1k_00938', 'p1k_00939', 'p1k_00940', 'p1k_00941', 'p1k_00942', 'p1k_00943', 'p1k_00944', 'p1k_00945', 'p1k_00946']",luxS,,,"('BW25113', 'Medium C', 30, 6.5, nan, nan, nan, nan)",BW25113,Medium C,30,6.5,,,,,,
p1k_01044,{'b2687': -1},"['p1k_00934', 'p1k_00935', 'p1k_00936', 'p1k_00937', 'p1k_00938', 'p1k_00939', 'p1k_00940', 'p1k_00941', 'p1k_00942', 'p1k_00943', 'p1k_00944', 'p1k_00945', 'p1k_00946']",luxS,,,"('BW25113', 'Medium C', 30, 6.5, nan, nan, nan, nan)",BW25113,Medium C,30,6.5,,,,,,
p1k_01045,{'b2741': -1},"['p1k_00934', 'p1k_00935', 'p1k_00936', 'p1k_00937', 'p1k_00938', 'p1k_00939', 'p1k_00940', 'p1k_00941', 'p1k_00942', 'p1k_00943', 'p1k_00944', 'p1k_00945', 'p1k_00946']",rpoS,,,"('BW25113', 'Medium C', 30, 6.5, nan, nan, nan, nan)",BW25113,Medium C,30,6.5,,,,,,
p1k_01046,{'b2741': -1},"['p1k_00934', 'p1k_00935', 'p1k_00936', 'p1k_00937', 'p1k_00938', 'p1k_00939', 'p1k_00940', 'p1k_00941', 'p1k_00942', 'p1k_00943', 'p1k_00944', 'p1k_00945', 'p1k_00946']",rpoS,,,"('BW25113', 'Medium C', 30, 6.5, nan, nan, nan, nan)",BW25113,Medium C,30,6.5,,,,,,
p1k_01047,{'b2741': -1},"['p1k_00934', 'p1k_00935', 'p1k_00936', 'p1k_00937', 'p1k_00938', 'p1k_00939', 'p1k_00940', 'p1k_00941', 'p1k_00942', 'p1k_00943', 'p1k_00944', 'p1k_00945', 'p1k_00946']",rpoS,,,"('BW25113', 'Medium C', 30, 6.5, nan, nan, nan, nan)",BW25113,Medium C,30,6.5,,,,,,
p1k_01048,{'b2741': -1},"['p1k_00934', 'p1k_00935', 'p1k_00936', 'p1k_00937', 'p1k_00938', 'p1k_00939', 'p1k_00940', 'p1k_00941', 'p1k_00942', 'p1k_00943', 'p1k_00944', 'p1k_00945', 'p1k_00946']",rpoS,,,"('BW25113', 'Medium C', 30, 6.5, nan, nan, nan, nan)",BW25113,Medium C,30,6.5,,,,,,
p1k_01049,{'b2741': -1},"['p1k_00934', 'p1k_00935', 'p1k_00936', 'p1k_00937', 'p1k_00938', 'p1k_00939', 'p1k_00940', 'p1k_00941', 'p1k_00942', 'p1k_00943', 'p1k_00944', 'p1k_00945', 'p1k_00946']",rpoS,,,"('BW25113', 'Medium C', 30, 6.5, nan, nan, nan, nan)",BW25113,Medium C,30,6.5,,,,,,
p1k_01050,{'b2741': -1},"['p1k_00934', 'p1k_00935', 'p1k_00936', 'p1k_00937', 'p1k_00938', 'p1k_00939', 'p1k_00940', 'p1k_00941', 'p1k_00942', 'p1k_00943', 'p1k_00944', 'p1k_00945', 'p1k_00946']",rpoS,,,"('BW25113', 'Medium C', 30, 6.5, nan, nan, nan, nan)",BW25113,Medium C,30,6.5,,,,,,
p1k_01051,{'b2741': -1},"['p1k_00934', 'p1k_00935', 'p1k_00936', 'p1k_00937', 'p1k_00938', 'p1k_00939', 'p1k_00940', 'p1k_00941', 'p1k_00942', 'p1k_00943', 'p1k_00944', 'p1k_00945', 'p1k_00946']",rpoS,,,"('BW25113', 'Medium C', 30, 6.5, nan, nan, nan, nan)",BW25113,Medium C,30,6.5,,,,,,
p1k_01052,{'b3708': -1},"['p1k_00934', 'p1k_00935', 'p1k_00936', 'p1k_00937', 'p1k_00938', 'p1k_00939', 'p1k_00940', 'p1k_00941', 'p1k_00942', 'p1k_00943', 'p1k_00944', 'p1k_00945', 'p1k_00946']",tnaA,,,"('BW25113', 'Medium C', 30, 6.5, nan, nan, nan, nan)",BW25113,Medium C,30,6.5,,,,,,
p1k_01053,{'b3708': -1},"['p1k_00934', 'p1k_00935', 'p1k_00936', 'p1k_00937', 'p1k_00938', 'p1k_00939', 'p1k_00940', 'p1k_00941', 'p1k_00942', 'p1k_00943', 'p1k_00944', 'p1k_00945', 'p1k_00946']",tnaA,,,"('BW25113', 'Medium C', 30, 6.5, nan, nan, nan, nan)",BW25113,Medium C,30,6.5,,,,,,
p1k_01054,{'b3708': -1},"['p1k_00934', 'p1k_00935', 'p1k_00936', 'p1k_00937', 'p1k_00938', 'p1k_00939', 'p1k_00940', 'p1k_00941', 'p1k_00942', 'p1k_00943', 'p1k_00944', 'p1k_00945', 'p1k_00946']",tnaA,,,"('BW25113', 'Medium C', 30, 6.5, nan, nan, nan, nan)",BW25113,Medium C,30,6.5,,,,,,
p1k_01055,{'b3708': -1},"['p1k_00934', 'p1k_00935', 'p1k_00936', 'p1k_00937', 'p1k_00938', 'p1k_00939', 'p1k_00940', 'p1k_00941', 'p1k_00942', 'p1k_00943', 'p1k_00944', 'p1k_00945', 'p1k_00946']",tnaA,,,"('BW25113', 'Medium C', 30, 6.5, nan, nan, nan, nan)",BW25113,Medium C,30,6.5,,,,,,
