p_incomp,score_type,Hematopoietic cell lineage,Malaria,Type I diabetes mellitus,Phagosome,Osteoclast differentiation,Viral myocarditis,Rheumatoid arthritis,Antigen processing and presentation,Complement and coagulation cascades,Graft-versus-host disease,Leishmaniasis,Transcriptional misregulation in cancer,Protein digestion and absorption,Leukocyte transendothelial migration,Allograft rejection,Histidine metabolism,Viral protein interaction with cytokine and cytokine receptor,Ferroptosis,Mineral absorption,Apoptosis,Legionellosis,Arachidonic acid metabolism,Fluid shear stress and atherosclerosis,Asthma,ECM-receptor interaction,Staphylococcus aureus infection,Cytokine-cytokine receptor interaction,Proximal tubule bicarbonate reclamation,Lysosome,Gastric acid secretion,C-type lectin receptor signaling pathway,Pathogenic Escherichia coli infection,Aldosterone-regulated sodium reabsorption,HIF-1 signaling pathway,"Parathyroid hormone synthesis, secretion and action",Thyroid hormone synthesis,Dilated cardiomyopathy,GABAergic synapse,Intestinal immune network for IgA production,Adrenergic signaling in cardiomyocytes,Proteoglycans in cancer,Glycosaminoglycan degradation,Prostate cancer,Amphetamine addiction,Hypertrophic cardiomyopathy,Cell adhesion molecules,Aldosterone synthesis and secretion,Chagas disease,Autoimmune thyroid disease,African trypanosomiasis,Insulin secretion,Lipid and atherosclerosis,TNF signaling pathway,Human T-cell leukemia virus 1 infection,p53 signaling pathway,Tuberculosis,Tryptophan metabolism,JAK-STAT signaling pathway,alpha-Linolenic acid metabolism,GnRH secretion,"Growth hormone synthesis, secretion and action",Cholesterol metabolism,Linoleic acid metabolism,Toxoplasmosis,Epstein-Barr virus infection,Inflammatory bowel disease,Maturity onset diabetes of the young,Pertussis,Cholinergic synapse,Pancreatic secretion,Salmonella infection,beta-Alanine metabolism,Central carbon metabolism in cancer,Estrogen signaling pathway,NF-kappa B signaling pathway,Acute myeloid leukemia,Glycolysis / Gluconeogenesis,Influenza A,Fc gamma R-mediated phagocytosis,Cocaine addiction,Ether lipid metabolism,Natural killer cell mediated cytotoxicity,Phenylalanine metabolism,Glutathione metabolism,Dopaminergic synapse,Pantothenate and CoA biosynthesis,cGMP-PKG signaling pathway,Fat digestion and absorption,Yersinia infection,Gap junction,Th17 cell differentiation,Neuroactive ligand-receptor interaction,Taurine and hypotaurine metabolism,"Glycine, serine and threonine metabolism",Kaposi sarcoma-associated herpesvirus infection,Focal adhesion,Thyroid cancer,Riboflavin metabolism,Serotonergic synapse,Glioma,Human cytomegalovirus infection,Glutamatergic synapse,Cortisol synthesis and secretion,Type II diabetes mellitus,"Neomycin, kanamycin and gentamicin biosynthesis",MAPK signaling pathway,Renin secretion,B cell receptor signaling pathway,Cushing syndrome,Platelet activation,GnRH signaling pathway,Carbohydrate digestion and absorption,IL-17 signaling pathway,Nicotine addiction,Cardiac muscle contraction,Morphine addiction,Measles,Signaling pathways regulating pluripotency of stem cells,Th1 and Th2 cell differentiation,AGE-RAGE signaling pathway in diabetic complications,Toll-like receptor signaling pathway,Endocrine and other factor-regulated calcium reabsorption,Glycerolipid metabolism,Phospholipase D signaling pathway,Arrhythmogenic right ventricular cardiomyopathy,Bacterial invasion of epithelial cells,Pentose phosphate pathway,Vascular smooth muscle contraction,Calcium signaling pathway,Arginine and proline metabolism,Bile secretion,Glycerophospholipid metabolism,Amoebiasis,Regulation of lipolysis in adipocytes,FoxO signaling pathway,Cellular senescence,Ras signaling pathway,Fc epsilon RI signaling pathway,Tyrosine metabolism,Melanogenesis,Circadian entrainment,Butanoate metabolism,Phototransduction,Salivary secretion,Regulation of actin cytoskeleton,Oxytocin signaling pathway,Sphingolipid metabolism,ABC transporters,TGF-beta signaling pathway,Bladder cancer,Human immunodeficiency virus 1 infection,Glucagon signaling pathway,PI3K-Akt signaling pathway,Primary immunodeficiency,Basal cell carcinoma,Rap1 signaling pathway,Primary bile acid biosynthesis,Ovarian steroidogenesis,cAMP signaling pathway,ErbB signaling pathway,Chemokine signaling pathway,Choline metabolism in cancer,Inflammatory mediator regulation of TRP channels,Galactose metabolism,Other glycan degradation,Colorectal cancer,NOD-like receptor signaling pathway,Vasopressin-regulated water reabsorption,Synaptic vesicle cycle,PPAR signaling pathway,Axon guidance,Renin-angiotensin system,Hepatitis B,Relaxin signaling pathway,Long-term potentiation,Cytosolic DNA-sensing pathway,Chronic myeloid leukemia,Metabolism of xenobiotics by cytochrome P450,Notch signaling pathway,VEGF signaling pathway,Synthesis and degradation of ketone bodies,Vitamin digestion and absorption,Pathways in cancer,Pyruvate metabolism,Chemical carcinogenesis,Small cell lung cancer,Glycosphingolipid biosynthesis,Nitrogen metabolism,Collecting duct acid secretion,Taste transduction,Insulin resistance,T cell receptor signaling pathway,Fatty acid biosynthesis,Fructose and mannose metabolism,Prolactin signaling pathway,Fatty acid degradation,Porphyrin and chlorophyll metabolism,Longevity regulating pathway,Amino sugar and nucleotide sugar metabolism,PD-L1 expression and PD-1 checkpoint pathway in cancer,Hepatocellular carcinoma,Oocyte meiosis,Endometrial cancer,Melanoma,Non-small cell lung cancer,Drug metabolism,Mitophagy,Steroid biosynthesis,Vibrio cholerae infection,Coronavirus disease,Sphingolipid signaling pathway,Long-term depression,Apelin signaling pathway,Epithelial cell signaling in Helicobacter pylori infection,Breast cancer,Retrograde endocannabinoid signaling,Adherens junction,Pancreatic cancer,Gastric cancer,Progesterone-mediated oocyte maturation,Hippo signaling pathway,Neurotrophin signaling pathway,Retinol metabolism,Mismatch repair,Adipocytokine signaling pathway,Hepatitis C,Wnt signaling pathway,Steroid hormone biosynthesis,Glyoxylate and dicarboxylate metabolism,Proteasome,Tight junction,Starch and sucrose metabolism,Other types of O-glycan biosynthesis,Peroxisome,Lysine degradation,Thyroid hormone signaling pathway,One carbon pool by folate,Renal cell carcinoma,Insulin signaling pathway,Shigellosis,RIG-I-like receptor signaling pathway,Biosynthesis of unsaturated fatty acids,SNARE interactions in vesicular transport,Human papillomavirus infection,Neutrophil extracellular trap formation,Cysteine and methionine metabolism,Pentose and glucuronate interconversions,Propanoate metabolism,mTOR signaling pathway,Mannose type O-glycan biosynthesis,Mucin type O-glycan biosynthesis,Ascorbate and aldarate metabolism,"Alanine, aspartate and glutamate metabolism",RNA polymerase,Phosphatidylinositol signaling system,Viral carcinogenesis,Protein processing in endoplasmic reticulum,Pyrimidine metabolism,Cell cycle,Various types of N-glycan biosynthesis,Endocytosis,Folate biosynthesis,Base excision repair,Prion disease,Glycosaminoglycan biosynthesis,Nicotinate and nicotinamide metabolism,"Valine, leucine and isoleucine degradation",Necroptosis,DNA replication,Citrate cycle (TCA cycle),Autophagy,Circadian rhythm,Diabetic cardiomyopathy,Purine metabolism,Non-alcoholic fatty liver disease,Inositol phosphate metabolism,AMPK signaling pathway,Nucleotide excision repair,Homologous recombination,Systemic lupus erythematosus,N-Glycan biosynthesis,Spinocerebellar ataxia,Fanconi anemia pathway,Hedgehog signaling pathway,Parkinson disease,RNA degradation,Alcoholism,Alzheimer disease,Pathways of neurodegeneration,Herpes simplex virus 1 infection,Olfactory transduction,Amyotrophic lateral sclerosis,Ubiquitin mediated proteolysis,MicroRNAs in cancer,Huntington disease,Thermogenesis,RNA transport,Ribosome,Spliceosome,Oxidative phosphorylation,Ribosome biogenesis in eukaryotes,mRNA surveillance pathway
orig,mean_auroc,0.9971822222222222,0.9996858093092402,0.9987013661627967,0.996038114343029,0.9989634620367971,0.9981349127253054,0.9981919132937911,0.9983917733926538,0.9988021561189858,0.9988910373066424,0.9986940433867808,0.9960826459760475,0.9998050340215633,0.9990547345076439,0.9988617023627965,1.0,0.998675538456687,1.0,1.0,0.9989368621172703,0.9994298952093099,0.9998095337038768,0.9987345295145986,0.9994649627002568,0.9997008973080758,0.99870960502693,0.9953967759091825,1.0,0.9996003197442046,0.9995785246831272,1.0,0.9987863590772317,1.0,0.9992244083262047,0.9994893587049667,0.9996254980079681,0.9994788784950526,0.9994500357476764,0.9992395526229585,0.999321603451125,0.9987533878904297,1.0,0.9990735617689823,0.9998095337038768,0.9996768960017599,0.9971377777777777,0.999408108907961,0.9996945441851187,0.9988285480626837,1.0,0.9996678623621629,0.9980902811494565,0.9994893587049667,0.9970433242211644,0.9995584644953509,0.9976736662096166,1.0,0.9993827318161307,1.0,1.0,0.9995038494439692,0.9995898787035196,1.0,0.9993470216933904,0.996816922016348,0.9994328358208955,1.0,0.9997575883503887,0.9997581561827371,0.999641076769691,0.998482571415257,1.0,1.0,0.9990319309136728,0.9992821535393819,0.999860696517413,1.0,0.9978737242345407,0.9998647455793161,0.9998011928429422,1.0,0.9997031776185131,1.0,1.0,0.9994927035661861,1.0,0.9989215234351219,1.0,0.9993325134285684,1.0,0.9993087404453307,0.9965994844880594,1.0,1.0,0.9984555300497618,0.9986123169853884,0.9998916458987973,1.0,0.999472444896226,0.9998483469821049,0.9982046138415246,0.9996654528610214,0.9998010741993237,1.0,1.0,0.9975845410628019,0.9996753722746978,1.0,0.9989130646702151,0.9995344506517692,0.9998804780876495,1.0,0.9992908366533864,1.0,1.0,0.9990705702715263,0.9993068033095982,0.9993415939901563,0.9994274048994225,0.9998543994359894,0.9993947714154969,1.0,0.9996395903758203,0.9994744200224948,0.9994726368159204,0.9996716417910447,1.0,0.9993015366194373,0.9981909322948188,0.999816558640088,1.0,1.0,0.9994635768694347,0.9994746855211971,0.9995707272243585,0.9989243676818587,0.9985617778638253,1.0,1.0,0.9995697211155379,0.999692956250415,1.0,1.0,0.9996450400844976,0.9980409180970191,0.9997740006096728,1.0,1.0,0.9999999999999999,1.0,0.9987174351784807,0.9996858093092403,0.9954537656544862,1.0,0.9996686547382372,0.9980879015603037,1.0,0.9998178687330287,0.9985402640619947,1.0,0.9992650704053856,0.9999999999999999,0.999800876144962,0.9999999999999999,1.0,0.999910447761194,0.9986888965344096,0.9996425024826218,1.0,1.0,0.9993397989641353,1.0,0.9996373498155215,0.9994882020604852,1.0,0.9998296277366046,0.9998362113341757,1.0,0.9996942644001467,1.0,1.0,1.0,0.9958452478922037,1.0,0.9988267443978867,0.9996616915422885,1.0,1.0,1.0,1.0,0.9996017522899243,0.9999819014352161,1.0,1.0,1.0,1.0,1.0,0.9994123445556566,1.0,1.0,0.999351167897784,0.9999335724724325,0.9998916458987972,0.9998864184910696,0.9998438254252208,1.0,0.999816558640088,1.0,0.999823493072103,0.9987147147147147,0.9999170152028148,1.0,0.999587118084228,0.9999999999999999,0.9995945496842805,0.9996876038551015,0.9996942644001467,0.999900616179686,0.9994882020604852,0.9999685844136804,0.9994558514111586,1.0,1.0,1.0,1.0,1.0,0.9995949116060847,1.0,1.0,0.999206034140532,0.9993107451208009,1.0,1.0,1.0,0.9999999999999999,0.9998280636345537,1.0,1.0,1.0,0.9989215862485907,1.0,1.0,1.0,0.9979789384108073,0.9986191521927198,1.0,1.0,1.0,0.999622711352829,1.0,1.0,1.0,1.0,1.0,1.0,0.9989530265089369,0.9987437686939182,1.0,0.9997114427860696,1.0,0.9984845001830518,1.0,1.0,0.9985433500592868,1.0,1.0,1.0,0.9998160834980919,1.0,1.0,0.9996493023961177,1.0,0.9997581561827371,0.9992042967972946,0.9998733100465134,1.0,0.9997349237905897,1.0,1.0,0.9993682437175347,1.0,0.9992595539641491,1.0,1.0,0.9992901665890286,0.9998015479261758,0.999502091216889,0.9985262876517678,0.9982240107310529,0.9974976830398518,1.0,0.9985449603095191,0.9998722208024534,0.999260642431569,0.9990487002407156,0.9994112859938011,1.0,1.0,1.0,1.0,1.0,1.0
orig,stde_auroc,0.0,0.0,0.0,0.0,0.0,0.0,0.0,0.0,0.0,0.0,0.0,0.0,0.0,0.0,0.0,0.0,0.0,0.0,0.0,0.0,0.0,0.0,0.0,0.0,0.0,0.0,0.0,0.0,0.0,0.0,0.0,0.0,0.0,0.0,0.0,0.0,0.0,0.0,0.0,0.0,0.0,0.0,0.0,0.0,0.0,0.0,0.0,0.0,0.0,0.0,0.0,0.0,0.0,0.0,0.0,0.0,0.0,0.0,0.0,0.0,0.0,0.0,0.0,0.0,0.0,0.0,0.0,0.0,0.0,0.0,0.0,0.0,0.0,0.0,0.0,0.0,0.0,0.0,0.0,0.0,0.0,0.0,0.0,0.0,0.0,0.0,0.0,0.0,0.0,0.0,0.0,0.0,0.0,0.0,0.0,0.0,0.0,0.0,0.0,0.0,0.0,0.0,0.0,0.0,0.0,0.0,0.0,0.0,0.0,0.0,0.0,0.0,0.0,0.0,0.0,0.0,0.0,0.0,0.0,0.0,0.0,0.0,0.0,0.0,0.0,0.0,0.0,0.0,0.0,0.0,0.0,0.0,0.0,0.0,0.0,0.0,0.0,0.0,0.0,0.0,0.0,0.0,0.0,0.0,0.0,0.0,0.0,0.0,0.0,0.0,0.0,0.0,0.0,0.0,0.0,0.0,0.0,0.0,0.0,0.0,0.0,0.0,0.0,0.0,0.0,0.0,0.0,0.0,0.0,0.0,0.0,0.0,0.0,0.0,0.0,0.0,0.0,0.0,0.0,0.0,0.0,0.0,0.0,0.0,0.0,0.0,0.0,0.0,0.0,0.0,0.0,0.0,0.0,0.0,0.0,0.0,0.0,0.0,0.0,0.0,0.0,0.0,0.0,0.0,0.0,0.0,0.0,0.0,0.0,0.0,0.0,0.0,0.0,0.0,0.0,0.0,0.0,0.0,0.0,0.0,0.0,0.0,0.0,0.0,0.0,0.0,0.0,0.0,0.0,0.0,0.0,0.0,0.0,0.0,0.0,0.0,0.0,0.0,0.0,0.0,0.0,0.0,0.0,0.0,0.0,0.0,0.0,0.0,0.0,0.0,0.0,0.0,0.0,0.0,0.0,0.0,0.0,0.0,0.0,0.0,0.0,0.0,0.0,0.0,0.0,0.0,0.0,0.0,0.0,0.0,0.0,0.0,0.0,0.0,0.0,0.0,0.0,0.0,0.0,0.0,0.0,0.0,0.0,0.0,0.0,0.0,0.0,0.0,0.0,0.0,0.0,0.0,0.0,0.0,0.0,0.0,0.0,0.0,0.0,0.0,0.0,0.0
orig,mean_auprc,0.6281866675933993,0.9212353343872218,0.6112043165083971,0.5606450590593743,0.821931095012788,0.5806098780703574,0.7034289270278443,0.6617648255241153,0.7734685422724185,0.6388652745346457,0.6820449625649513,0.5968493291457297,0.9353382753528113,0.8368894457361917,0.5933624663281526,1.0,0.7164267474725078,1.0,0.9999999999999998,0.8472754237955278,0.7873854244840642,0.904974597014239,0.790863454776424,0.6886821511821511,0.8806432841461446,0.7131473599624836,0.6470587356135644,1.0,0.8719420128023885,0.8577393667533231,1.0,0.8243382850505869,1.0,0.8323053513468487,0.862661270827288,0.8475162327639109,0.8441259134303503,0.8235971938811695,0.7017540921784426,0.8546663692478613,0.840010994951185,1.0,0.7949584010037709,0.9016982668376003,0.9003024940885781,0.6108650529592596,0.7867022680198397,0.9322594736774543,0.5804205471362334,0.9999999999999998,0.8867677227383339,0.7765119825084066,0.888200373300702,0.7217587093789056,0.8480588413029289,0.6966545292952916,0.9999999999999999,0.9025393283649994,1.0,1.0,0.8922161193585703,0.8505881727921201,1.0,0.7946968307777695,0.6309361319525337,0.7309187615733752,1.0,0.9250033612391031,0.9415945870502689,0.8775857544588196,0.8065792462924098,1.0,1.0,0.7980179875415729,0.8707460524318683,0.9609980114914329,1.0,0.7143982810102566,0.9632535807818262,0.8431786731786731,1.0,0.956089925610059,1.0,1.0,0.8672719933308048,1.0,0.7905956561024736,1.0,0.8623416772908803,1.0000000000000002,0.8602957939046592,0.6793882987159261,1.0,1.0,0.7785425663786596,0.8021566892277777,0.9406172110717566,1.0,0.8374702983307122,0.9409136547515586,0.7882875880866854,0.9063251331377765,0.8608859561968436,1.0,1.0,0.7868900403895013,0.8448494596490359,0.9999999999999998,0.7687460625094158,0.8857860107947518,0.9666973565298911,1.0,0.8205927451845823,1.0,0.9999999999999999,0.6988680360986396,0.8350577964760807,0.8323398083460842,0.8489164694094713,0.9548615534463483,0.8622319255505692,0.9999999999999999,0.817906746031746,0.8765166876916584,0.7540179497612362,0.8595875061471037,1.0,0.8264999176680842,0.7634442339786864,0.8733516483516484,0.9999999999999998,1.0,0.8554967823303063,0.7554535567140609,0.89062898747122,0.7846757972147475,0.8428993832251429,1.0,1.0,0.8405492590008528,0.9001926400339713,1.0,0.9999999999999998,0.8583331975154562,0.7278422110223881,0.9322802561078871,1.0,1.0,1.0,0.9999999999999999,0.8043010988208925,0.878815442432401,0.6777421438357599,1.0000000000000002,0.8166921422803776,0.7487056615823069,1.0,0.8611462611462611,0.7692790155625059,1.0000000000000002,0.9160948651415927,1.0,0.8796640380080277,1.0,1.0,0.9728925986723977,0.8012734280609275,0.7162626262626263,1.0,1.0,0.9031625272005979,1.0,0.9222384544951704,0.8654821750379362,1.0,0.9373334998334997,0.916954426772766,1.0,0.8456598956598957,0.9999999999999998,1.0,1.0,0.7808340533263444,1.0,0.8415866124008246,0.8232779823375798,1.0,1.0,1.0,1.0,0.8615354639241639,0.9959575997125403,1.0,1.0,0.9999999999999998,1.0,1.0,0.7297200379354294,1.0,1.0000000000000002,0.8342759644442487,0.9861594551449624,0.9406172110717566,0.9481877249734392,0.91179316715031,0.9999999999999999,0.8656870906870908,1.0,0.8452380952380953,0.8383526004067515,0.9804370556702212,1.0,0.8691941670189948,1.0,0.8730141028158794,0.9194959276189927,0.8153274076351,0.9571162964020106,0.8460626367018731,0.9922173855691858,0.8555940150699722,1.0,1.0,1.0,1.0,1.0,0.8843571222845236,1.0,1.0,0.47002679859822716,0.8098328470394738,1.0,0.9999999999999998,0.9999999999999999,1.0,0.9259469977631453,1.0,1.0,1.0,0.8246542302976654,1.0,1.0,1.0,0.7457145851934814,0.6895219571411294,1.0,1.0,1.0,0.8761325900521383,1.0,1.0,1.0,1.0,1.0,1.0,0.7525578346592404,0.6781715829193395,1.0,0.893578682463795,1.0,0.7148063071560413,1.0,1.0,0.7300439442190823,1.0,1.0,1.0,0.920896195442529,1.0,1.0,0.8545958584778461,1.0,0.9494388055332708,0.6693257359924026,0.9656487306857019,1.0,0.8500015561780268,1.0,1.0,0.7178877351022679,1.0,0.6960365886836477,1.0,1.0,0.8018159906239807,0.7384920634920636,0.8262063832429964,0.7835854862736478,0.784603156142068,0.6995220980883576,1.0,0.7443833423133034,0.940246856318285,0.8556382476955826,0.7688086353515421,0.7432862659101487,1.0,1.0,0.9999999999999998,1.0,1.0,1.0
orig,stde_auprc,0.0,0.0,0.0,0.0,0.0,0.0,0.0,0.0,0.0,0.0,0.0,0.0,0.0,0.0,0.0,0.0,0.0,0.0,0.0,0.0,0.0,0.0,0.0,0.0,0.0,0.0,0.0,0.0,0.0,0.0,0.0,0.0,0.0,0.0,0.0,0.0,0.0,0.0,0.0,0.0,0.0,0.0,0.0,0.0,0.0,0.0,0.0,0.0,0.0,0.0,0.0,0.0,0.0,0.0,0.0,0.0,0.0,0.0,0.0,0.0,0.0,0.0,0.0,0.0,0.0,0.0,0.0,0.0,0.0,0.0,0.0,0.0,0.0,0.0,0.0,0.0,0.0,0.0,0.0,0.0,0.0,0.0,0.0,0.0,0.0,0.0,0.0,0.0,0.0,0.0,0.0,0.0,0.0,0.0,0.0,0.0,0.0,0.0,0.0,0.0,0.0,0.0,0.0,0.0,0.0,0.0,0.0,0.0,0.0,0.0,0.0,0.0,0.0,0.0,0.0,0.0,0.0,0.0,0.0,0.0,0.0,0.0,0.0,0.0,0.0,0.0,0.0,0.0,0.0,0.0,0.0,0.0,0.0,0.0,0.0,0.0,0.0,0.0,0.0,0.0,0.0,0.0,0.0,0.0,0.0,0.0,0.0,0.0,0.0,0.0,0.0,0.0,0.0,0.0,0.0,0.0,0.0,0.0,0.0,0.0,0.0,0.0,0.0,0.0,0.0,0.0,0.0,0.0,0.0,0.0,0.0,0.0,0.0,0.0,0.0,0.0,0.0,0.0,0.0,0.0,0.0,0.0,0.0,0.0,0.0,0.0,0.0,0.0,0.0,0.0,0.0,0.0,0.0,0.0,0.0,0.0,0.0,0.0,0.0,0.0,0.0,0.0,0.0,0.0,0.0,0.0,0.0,0.0,0.0,0.0,0.0,0.0,0.0,0.0,0.0,0.0,0.0,0.0,0.0,0.0,0.0,0.0,0.0,0.0,0.0,0.0,0.0,0.0,0.0,0.0,0.0,0.0,0.0,0.0,0.0,0.0,0.0,0.0,0.0,0.0,0.0,0.0,0.0,0.0,0.0,0.0,0.0,0.0,0.0,0.0,0.0,0.0,0.0,0.0,0.0,0.0,0.0,0.0,0.0,0.0,0.0,0.0,0.0,0.0,0.0,0.0,0.0,0.0,0.0,0.0,0.0,0.0,0.0,0.0,0.0,0.0,0.0,0.0,0.0,0.0,0.0,0.0,0.0,0.0,0.0,0.0,0.0,0.0,0.0,0.0,0.0,0.0,0.0,0.0,0.0,0.0,0.0,0.0,0.0,0.0,0.0,0.0
orig,mean_auprc_w,0.9944888694447946,0.9995383855717999,0.9968296701129602,0.9881980985547908,0.9976718968369207,0.99573167605724,0.9966037797398776,0.99640007577313,0.9978008508874165,0.9974552816336274,0.9967079691343993,0.9897999995938105,0.9993787317217816,0.998247888470563,0.9973224267357,1.0,0.9967170542597934,1.0,0.9999999999999999,0.998191739264751,0.9987750498429968,0.9994777184628001,0.9975327285990183,0.9987155731448338,0.99907915047547,0.9972993507357742,0.989905758110538,1.0,0.9983930981420825,0.9991066434841265,1.0,0.9973501760951864,1.0,0.9985634093608335,0.9988689537490643,0.9990167265480413,0.9987940740825754,0.9986039585472214,0.9985136989618965,0.9983431744768705,0.9976270621798395,1.0,0.9983361276703151,0.9994595480332573,0.9993400411757157,0.9937563725955427,0.9978762231684848,0.9995242445189136,0.9971142032183382,1.0,0.9992892489013567,0.9963675794065647,0.9991174569773678,0.9949363765173328,0.9991523530516732,0.9953794367743402,0.9999999999999999,0.9989411812337429,1.0,1.0,0.999137553781217,0.9993748512804672,1.0,0.9981127060174354,0.9929650760502491,0.9982330363759988,1.0,0.9996160356500066,0.9995837015155906,0.9991191350757688,0.9965688228823437,1.0,1.0,0.997986901916092,0.9990177171923079,0.9998294460470583,1.0,0.9960783581860734,0.9997819925299815,0.9993480137061244,1.0,0.9996382874676552,1.0,1.0,0.998823089693494,1.0,0.9973210217093845,1.0,0.9987693619060477,1.0000000000000002,0.9989732002311861,0.9888268153527302,1.0,1.0,0.9969486854044415,0.9972919796540327,0.9998537271059978,1.0,0.9987304029328685,0.999729008339757,0.9967283039750361,0.9993336982261474,0.9993167400173798,1.0,1.0,0.9957125816326496,0.9992753523524037,0.9999999999999998,0.9974005176339891,0.9991352275660308,0.9998237952482134,0.9999999999999998,0.9988558186490316,1.0,0.9999999999999999,0.9974574209424509,0.9984601069310206,0.9984286354372063,0.9991091088193476,0.9997487410718497,0.9990926428509469,0.9999999999999999,0.9992183341075285,0.9989055423543838,0.9985593452082699,0.9993226010887604,1.0,0.9985288679151647,0.9960191834345188,0.9995920145111552,0.9999999999999998,1.0,0.9990914016692531,0.999069064790811,0.9991734303566224,0.997825683604275,0.9977514408730237,1.0,1.0,0.9990151752272489,0.999449917334247,1.0,0.9999999999999998,0.9991958127344466,0.9957944328167065,0.9994226498495323,1.0,1.0,1.0,1.0,0.9973752315201114,0.9992518155829723,0.9914177656627174,1.0,0.9992978463809175,0.9963820869747985,1.0,0.9995859290661256,0.9967644259715035,1.0000000000000002,0.9990789894242496,1.0,0.9992596692866432,1.0,1.0,0.9998850327188411,0.9977469843344114,0.99914865750632,1.0,1.0,0.9990157508968803,1.0,0.9993498198605889,0.9990332683387239,1.0,0.9997948517192816,0.9996806974632122,1.0,0.9994823995246133,1.0,1.0,1.0,0.9926454072834312,1.0,0.9978452776697907,0.9990581817602272,1.0,1.0,1.0,1.0000000000000002,0.9992457752763761,0.9999814742950377,1.0,1.0,0.9999999999999998,1.0,1.0,0.9980521836595088,1.0,1.0000000000000004,0.998526112863263,0.9999222684059086,0.9998537271059978,0.9998407221308849,0.999718220768286,0.9999999999999999,0.9995683122821686,1.0,0.9996460703759827,0.9979654265906277,0.9999017277865946,1.0,0.9991088251494691,1.0,0.9990993500889341,0.9994567133785371,0.9993889845438719,0.9998691062244387,0.9988826574123278,0.9999680132953859,0.9988590694670624,1.0,0.9999999999999999,1.0,1.0,1.0,0.9991043461670832,1.0,1.0,0.9979668733704372,0.9983675523518283,1.0,0.9999999999999998,0.9999999999999999,0.9999999999999999,0.9996351872344214,1.0,1.0,1.0,0.9978792042224174,1.0,1.0,1.0,0.9949162226893407,0.9963394699634832,1.0,1.0,1.0,0.9991791257382131,1.0,1.0,1.0,1.0,1.0,1.0,0.9974408566382635,0.9968526698287993,1.0,0.9995104529764052,1.0,0.9955270022693922,1.0,1.0,0.9957337284461389,1.0,1.0,1.0,0.9995315733206964,1.0,1.0,0.9992372330128598,1.0,0.9996369054876171,0.9974345589729229,0.9998379984442035,1.0,0.9994471679590148,1.0,1.0,0.9986012044906584,1.0,0.9981553639813734,1.0,1.0,0.9979427727744418,0.9995207566807895,0.998941498468559,0.9967238059891536,0.9955858402521752,0.9939180345944857,0.9999999999999999,0.9962466114140516,0.9998149368382652,0.9987249770826175,0.9972103456450018,0.9980016145664717,1.0,1.0,0.9999999999999998,1.0,1.0,1.0
orig,stde_auprc_w,0.0,0.0,0.0,0.0,0.0,0.0,0.0,0.0,0.0,0.0,0.0,0.0,0.0,0.0,0.0,0.0,0.0,0.0,0.0,0.0,0.0,0.0,0.0,0.0,0.0,0.0,0.0,0.0,0.0,0.0,0.0,0.0,0.0,0.0,0.0,0.0,0.0,0.0,0.0,0.0,0.0,0.0,0.0,0.0,0.0,0.0,0.0,0.0,0.0,0.0,0.0,0.0,0.0,0.0,0.0,0.0,0.0,0.0,0.0,0.0,0.0,0.0,0.0,0.0,0.0,0.0,0.0,0.0,0.0,0.0,0.0,0.0,0.0,0.0,0.0,0.0,0.0,0.0,0.0,0.0,0.0,0.0,0.0,0.0,0.0,0.0,0.0,0.0,0.0,0.0,0.0,0.0,0.0,0.0,0.0,0.0,0.0,0.0,0.0,0.0,0.0,0.0,0.0,0.0,0.0,0.0,0.0,0.0,0.0,0.0,0.0,0.0,0.0,0.0,0.0,0.0,0.0,0.0,0.0,0.0,0.0,0.0,0.0,0.0,0.0,0.0,0.0,0.0,0.0,0.0,0.0,0.0,0.0,0.0,0.0,0.0,0.0,0.0,0.0,0.0,0.0,0.0,0.0,0.0,0.0,0.0,0.0,0.0,0.0,0.0,0.0,0.0,0.0,0.0,0.0,0.0,0.0,0.0,0.0,0.0,0.0,0.0,0.0,0.0,0.0,0.0,0.0,0.0,0.0,0.0,0.0,0.0,0.0,0.0,0.0,0.0,0.0,0.0,0.0,0.0,0.0,0.0,0.0,0.0,0.0,0.0,0.0,0.0,0.0,0.0,0.0,0.0,0.0,0.0,0.0,0.0,0.0,0.0,0.0,0.0,0.0,0.0,0.0,0.0,0.0,0.0,0.0,0.0,0.0,0.0,0.0,0.0,0.0,0.0,0.0,0.0,0.0,0.0,0.0,0.0,0.0,0.0,0.0,0.0,0.0,0.0,0.0,0.0,0.0,0.0,0.0,0.0,0.0,0.0,0.0,0.0,0.0,0.0,0.0,0.0,0.0,0.0,0.0,0.0,0.0,0.0,0.0,0.0,0.0,0.0,0.0,0.0,0.0,0.0,0.0,0.0,0.0,0.0,0.0,0.0,0.0,0.0,0.0,0.0,0.0,0.0,0.0,0.0,0.0,0.0,0.0,0.0,0.0,0.0,0.0,0.0,0.0,0.0,0.0,0.0,0.0,0.0,0.0,0.0,0.0,0.0,0.0,0.0,0.0,0.0,0.0,0.0,0.0,0.0,0.0,0.0,0.0,0.0,0.0,0.0,0.0,0.0
orig,mean_auprc_p,1.0,0.9999999999999998,1.0,1.0,1.0000000000000002,1.0,1.0,1.0,1.0,1.0,0.9999999999999999,1.0,1.0,0.9999999999999999,1.0,1.0,0.9999999999999999,1.0,0.9999999999999998,1.0,0.9999999999999998,0.9999999999999999,1.0,1.0,1.0,1.0,1.0,1.0,1.0000000000000002,0.9999999999999998,1.0,1.0,0.9999999999999999,1.0,1.0,1.0,1.0,0.9999999999999997,1.0,1.0,1.0,1.0,0.9999999999999998,0.9999999999999998,0.9999999999999998,1.0000000000000002,1.0,1.0,1.0,0.9999999999999998,0.9999999999999998,0.9999999999999999,1.0,0.9999999999999996,0.9999999999999998,1.0,0.9999999999999999,1.0000000000000002,1.0000000000000002,1.0,1.0,1.0,0.9999999999999999,0.9999999999999999,1.0,1.0,1.0,0.9999999999999998,1.0,0.9999999999999999,0.9999999999999998,1.0,1.0,1.0,0.9999999999999999,1.0000000000000002,1.0000000000000002,1.0000000000000002,1.0,1.0,1.0,0.9999999999999998,1.0,1.0,0.9999999999999998,1.0,0.9999999999999999,0.9999999999999998,0.9999999999999999,1.0,1.0,0.9999999999999997,1.0,1.0,1.0000000000000002,0.9999999999999998,1.0,1.0,0.9999999999999998,1.0000000000000002,1.0000000000000002,0.9999999999999999,1.0000000000000002,0.9999999999999998,1.0,1.0,0.9999999999999998,0.9999999999999998,1.0,0.9999999999999998,1.0,1.0,1.0,1.0,0.9999999999999999,0.9999999999999999,1.0,0.9999999999999998,0.9999999999999998,1.0,1.0,0.9999999999999999,1.0,0.9999999999999999,1.0,1.0,1.0,1.0,1.0,1.0,1.0,1.0000000000000002,0.9999999999999998,0.9999999999999998,1.0,1.0,1.0,1.0,1.0,1.0000000000000002,1.0,1.0,0.9999999999999998,0.9999999999999999,1.0,0.9999999999999998,1.0,1.0,0.9999999999999998,1.0,1.0,0.9999999999999999,0.9999999999999999,1.0,1.0,1.0000000000000002,1.0,1.0,1.0,1.0000000000000002,0.9999999999999999,1.0,0.9999999999999999,0.9999999999999998,1.0,1.0000000000000002,1.0000000000000002,1.0,1.0,1.0,1.0000000000000002,1.0,0.9999999999999999,1.0,1.0,0.9999999999999999,1.0,1.0,1.0,0.9999999999999998,1.0,1.0,1.0,1.0,1.0,1.0,1.0,1.0,1.0,1.0,0.9999999999999998,0.9999999999999998,1.0,1.0,0.9999999999999998,1.0,1.0,1.0,1.0,1.0,1.0,1.0,1.0,0.9999999999999998,0.9999999999999998,0.9999999999999998,0.9999999999999998,1.0,1.0000000000000002,1.0,0.9999999999999999,1.0,0.9999999999999999,0.9999999999999998,0.9999999999999999,0.9999999999999999,0.9999999999999998,0.9999999999999998,0.9999999999999999,1.0,0.9999999999999999,0.9999999999999998,1.0,1.0,1.0,1.0,0.9999999999999999,1.0,1.0,0.9999999999999998,1.0,1.0,0.9999999999999998,0.9999999999999999,0.9999999999999999,0.9999999999999999,1.0,1.0,1.0,1.0,1.0,1.0,1.0,1.0,1.0,0.9999999999999998,1.0,1.0,0.9999999999999999,1.0,1.0,1.0,1.0,1.0,1.0,1.0,0.9999999999999999,0.9999999999999998,1.0000000000000002,1.0,1.0,1.0,1.0,1.0000000000000002,1.0,1.0,1.0,1.0,1.0,1.0,1.0000000000000004,1.0,1.0,1.0,0.9999999999999998,0.9999999999999998,1.0,1.0,1.0,1.0,1.0,1.0000000000000002,1.0,1.0,1.0,1.0,0.9999999999999999,1.0000000000000002,1.0,0.9999999999999998,1.0,1.0,0.9999999999999999,0.9999999999999998,0.9999999999999999,1.0,1.0,1.0,0.9999999999999998,1.0,1.0,1.0
orig,stde_auprc_p,0.0,0.0,0.0,0.0,0.0,0.0,0.0,0.0,0.0,0.0,0.0,0.0,0.0,0.0,0.0,0.0,0.0,0.0,0.0,0.0,0.0,0.0,0.0,0.0,0.0,0.0,0.0,0.0,0.0,0.0,0.0,0.0,0.0,0.0,0.0,0.0,0.0,0.0,0.0,0.0,0.0,0.0,0.0,0.0,0.0,0.0,0.0,0.0,0.0,0.0,0.0,0.0,0.0,0.0,0.0,0.0,0.0,0.0,0.0,0.0,0.0,0.0,0.0,0.0,0.0,0.0,0.0,0.0,0.0,0.0,0.0,0.0,0.0,0.0,0.0,0.0,0.0,0.0,0.0,0.0,0.0,0.0,0.0,0.0,0.0,0.0,0.0,0.0,0.0,0.0,0.0,0.0,0.0,0.0,0.0,0.0,0.0,0.0,0.0,0.0,0.0,0.0,0.0,0.0,0.0,0.0,0.0,0.0,0.0,0.0,0.0,0.0,0.0,0.0,0.0,0.0,0.0,0.0,0.0,0.0,0.0,0.0,0.0,0.0,0.0,0.0,0.0,0.0,0.0,0.0,0.0,0.0,0.0,0.0,0.0,0.0,0.0,0.0,0.0,0.0,0.0,0.0,0.0,0.0,0.0,0.0,0.0,0.0,0.0,0.0,0.0,0.0,0.0,0.0,0.0,0.0,0.0,0.0,0.0,0.0,0.0,0.0,0.0,0.0,0.0,0.0,0.0,0.0,0.0,0.0,0.0,0.0,0.0,0.0,0.0,0.0,0.0,0.0,0.0,0.0,0.0,0.0,0.0,0.0,0.0,0.0,0.0,0.0,0.0,0.0,0.0,0.0,0.0,0.0,0.0,0.0,0.0,0.0,0.0,0.0,0.0,0.0,0.0,0.0,0.0,0.0,0.0,0.0,0.0,0.0,0.0,0.0,0.0,0.0,0.0,0.0,0.0,0.0,0.0,0.0,0.0,0.0,0.0,0.0,0.0,0.0,0.0,0.0,0.0,0.0,0.0,0.0,0.0,0.0,0.0,0.0,0.0,0.0,0.0,0.0,0.0,0.0,0.0,0.0,0.0,0.0,0.0,0.0,0.0,0.0,0.0,0.0,0.0,0.0,0.0,0.0,0.0,0.0,0.0,0.0,0.0,0.0,0.0,0.0,0.0,0.0,0.0,0.0,0.0,0.0,0.0,0.0,0.0,0.0,0.0,0.0,0.0,0.0,0.0,0.0,0.0,0.0,0.0,0.0,0.0,0.0,0.0,0.0,0.0,0.0,0.0,0.0,0.0,0.0,0.0,0.0,0.0,0.0,0.0,0.0,0.0,0.0
0.0,mean_auroc,0.9963644444444444,0.999256670804788,0.999359340640313,0.9956235372785022,0.9957596174232608,0.9990247444403315,0.9981560588831863,0.9982743845891978,0.997770679443668,0.9994407794965119,0.9981378026070765,0.9899925439209656,0.9988302041293794,0.9972323717074767,0.9995358397984218,1.0,0.9974509371091,0.9996021483986474,1.0,0.9961727036221734,0.9994479937740937,0.9994372586705452,0.9966471555180602,1.0,0.9986839481555334,0.9987470077797728,0.9870247767161223,1.0,0.9996051938936656,0.999486566432173,0.9985972037987016,0.9945168839852891,1.0,0.9981180496150557,0.9983917733926537,0.9996175298804781,0.999157198553727,0.9996425232359897,0.9997192194300155,0.9978778364368526,0.9943721548298818,1.0,0.9984945378745963,0.9992727650511661,0.999250673706209,0.9970977777777776,0.9987969170194423,0.9988155794933173,0.9995689940985345,1.0,0.9997047665441448,0.9933224576463201,0.9983096012302346,0.9932805719638317,0.9990996138728725,0.9957132292902371,1.0,0.9960707687330251,1.0,0.999771144278607,0.9980496150556031,1.0,0.9999999999999999,0.9986093980507389,0.994077012901138,0.9996218905472637,1.0,0.9994286011116306,0.9990023942537909,0.9991292788301761,0.9924448949158862,1.0,0.9998388686684865,0.9980484956513722,0.9988767032236623,0.9996019900497514,1.0,0.9963144553398706,0.9994305077023833,1.0,1.0,0.9978412917710042,1.0,1.0,0.9983539849753907,1.0,0.9968384981344095,1.0,0.997876656890879,0.9996175298804781,0.9988301761382519,0.9885695652752576,1.0,1.0,0.9955360581737509,0.9946978635618187,1.0,1.0,0.9987261474323508,0.9994881710646042,0.9940554998328319,0.999420976105614,0.999624251265389,1.0,1.0,0.9896584896584896,0.9996334848262718,0.999610880857148,0.9973630851416428,0.9987121816730756,0.9995219123505976,1.0,0.9993944223107569,1.0,1.0,0.9998423288853482,0.998364055810652,0.9973717727311977,0.9993693155413929,0.9992183548668904,0.9992545355239655,1.0,1.0,0.9979029358897543,0.9996218905472638,0.9996019900497514,1.0,0.998127648584878,0.9933459200589427,1.0,1.0,1.0,0.9992183548668905,0.9997018485390579,0.9985247527146969,0.9978999559502955,0.9941468507775388,0.9996724226683514,1.0,0.999402390438247,0.9996846577706964,1.0,1.0,0.9996363825255831,0.9941969619388973,0.9986072130596113,1.0,1.0,0.9995757796131802,1.0,0.9959828375109769,0.9996398301837632,0.9885613869144492,1.0,0.9999204771371769,0.9947270057402215,1.0,1.0,0.995874994222681,0.9995522388059702,0.9974864538125016,0.9996623552023272,0.9996190674077536,1.0,1.0,0.9996019900497514,0.9972150674613877,1.0,0.9999999999999999,0.9996022275258551,0.999060840779967,0.9999999999999999,0.9980133076850304,0.9991093386507145,1.0,1.0,0.9996958210491833,1.0,1.0,1.0,1.0,0.9999999999999999,0.9828958702244366,1.0,0.9955656768081617,0.9994228855721394,1.0,1.0,0.9999999999999999,1.0,0.9994805464651187,0.9994389444917018,1.0,0.9999999999999999,0.9997728369821394,1.0,1.0,0.9996208674552625,1.0,0.9996463541321309,0.998158869590293,0.9993578672335149,1.0,0.9998012323593719,0.9999574069341512,1.0,0.9996942644001467,1.0,1.0,0.9963123123123123,0.999518688176326,1.0,0.9992098294370568,1.0,0.9989498172150216,0.9996676636756399,0.9996942644001467,0.9998864184910697,0.9988833499501497,0.9996753722746978,0.9988633340588648,0.9994805464651186,1.0,1.0,1.0,0.9992987377279101,0.9990023942537909,1.0,1.0,0.9999999999999999,0.9994195748385692,0.9999999999999999,1.0,1.0,1.0,0.9998099650697699,1.0,0.9999999999999999,0.9994661354581673,0.996196957566053,1.0,1.0,1.0,0.9926455814393268,0.9974712184734146,1.0,1.0,1.0,0.9993450838577409,1.0,0.9999999999999999,1.0,1.0,1.0,1.0,0.997641611259822,0.9992821535393819,1.0,0.9994029850746269,0.9999999999999999,0.996756149268218,1.0,1.0,0.9960226781942252,1.0,0.9999999999999999,1.0,0.9992949867426855,1.0,1.0,0.9997061722778283,1.0,0.998718227768507,0.9998231770660655,0.9995203880332288,1.0,0.9998939695162359,1.0,1.0,0.9996958210491833,1.0,1.0,1.0,1.0,0.9988021561189857,0.9999999999999999,0.9992697337847707,0.9961451342872016,0.9921904761904763,0.9956564720420141,1.0,0.9982114268561137,1.0,0.9981435109230636,0.9994218620247444,0.9995757796131802,1.0,1.0,1.0,1.0,1.0,1.0
0.0,stde_auroc,0.0,0.0,0.0,0.0,0.0,0.0,0.0,0.0,0.0,0.0,0.0,0.0,0.0,0.0,0.0,0.0,0.0,0.0,0.0,0.0,0.0,0.0,0.0,0.0,0.0,0.0,0.0,0.0,0.0,0.0,0.0,0.0,0.0,0.0,0.0,0.0,0.0,0.0,0.0,0.0,0.0,0.0,0.0,0.0,0.0,0.0,0.0,0.0,0.0,0.0,0.0,0.0,0.0,0.0,0.0,0.0,0.0,0.0,0.0,0.0,0.0,0.0,0.0,0.0,0.0,0.0,0.0,0.0,0.0,0.0,0.0,0.0,0.0,0.0,0.0,0.0,0.0,0.0,0.0,0.0,0.0,0.0,0.0,0.0,0.0,0.0,0.0,0.0,0.0,0.0,0.0,0.0,0.0,0.0,0.0,0.0,0.0,0.0,0.0,0.0,0.0,0.0,0.0,0.0,0.0,0.0,0.0,0.0,0.0,0.0,0.0,0.0,0.0,0.0,0.0,0.0,0.0,0.0,0.0,0.0,0.0,0.0,0.0,0.0,0.0,0.0,0.0,0.0,0.0,0.0,0.0,0.0,0.0,0.0,0.0,0.0,0.0,0.0,0.0,0.0,0.0,0.0,0.0,0.0,0.0,0.0,0.0,0.0,0.0,0.0,0.0,0.0,0.0,0.0,0.0,0.0,0.0,0.0,0.0,0.0,0.0,0.0,0.0,0.0,0.0,0.0,0.0,0.0,0.0,0.0,0.0,0.0,0.0,0.0,0.0,0.0,0.0,0.0,0.0,0.0,0.0,0.0,0.0,0.0,0.0,0.0,0.0,0.0,0.0,0.0,0.0,0.0,0.0,0.0,0.0,0.0,0.0,0.0,0.0,0.0,0.0,0.0,0.0,0.0,0.0,0.0,0.0,0.0,0.0,0.0,0.0,0.0,0.0,0.0,0.0,0.0,0.0,0.0,0.0,0.0,0.0,0.0,0.0,0.0,0.0,0.0,0.0,0.0,0.0,0.0,0.0,0.0,0.0,0.0,0.0,0.0,0.0,0.0,0.0,0.0,0.0,0.0,0.0,0.0,0.0,0.0,0.0,0.0,0.0,0.0,0.0,0.0,0.0,0.0,0.0,0.0,0.0,0.0,0.0,0.0,0.0,0.0,0.0,0.0,0.0,0.0,0.0,0.0,0.0,0.0,0.0,0.0,0.0,0.0,0.0,0.0,0.0,0.0,0.0,0.0,0.0,0.0,0.0,0.0,0.0,0.0,0.0,0.0,0.0,0.0,0.0,0.0,0.0,0.0,0.0,0.0,0.0,0.0,0.0,0.0,0.0,0.0
0.0,mean_auprc,0.5217549325648727,0.7672729030017608,0.7435446810993339,0.5375809443744868,0.5065389096678853,0.7014846487655273,0.6406424961302583,0.6325471806823519,0.5925142654147854,0.7464408713723656,0.5975465645479379,0.37985102370764434,0.761343530155586,0.5855680812049071,0.7888405158270999,1.0,0.5642568547790933,0.7669178158729242,0.9999999999999998,0.5234116299845784,0.75090830043621,0.7619853107586988,0.5539450276855623,1.0,0.6573104094854914,0.6783543803419383,0.38159362569349103,1.0,0.8747514216860024,0.7897212243350259,0.6836401236820793,0.48847076059284167,0.9999999999999999,0.6474547837779356,0.6417002634881526,0.8372601925078705,0.7481000350462834,0.8848796528629125,0.881615129038185,0.64536082117155,0.5050948657999119,1.0,0.6426332708435001,0.7132870242791409,0.7825803738516499,0.5768084258457853,0.6839670130159892,0.7021783722552675,0.8086470709277728,0.9999999999999998,0.888450063636361,0.4598536506348764,0.6360152285437397,0.4856136163247723,0.7048641993849332,0.5180074783341913,0.9999999999999999,0.5183357382415822,1.0000000000000002,0.929295108486285,0.6044395095567848,1.0,0.9999999999999999,0.6741181346390626,0.46131107805010046,0.816291635351233,1.0000000000000002,0.759785407812104,0.7776344493499913,0.738163061197173,0.4572012053416861,1.0,0.933638432062802,0.6378774744515021,0.6942929743685515,0.7809186749782726,1.0,0.5396377607052102,0.7788119903938273,1.0,1.0,0.5972612610800576,1.0,1.0,0.6697023251201057,1.0,0.5681373769874384,0.9999999999999998,0.621021773975878,0.8239268591745372,0.6854660140203127,0.41340990992927323,1.0,1.0,0.5174336325818857,0.4892247830537157,1.0,1.0,0.7028413979388719,0.7591429910293725,0.4854116339441312,0.8361771621324529,0.8039548529099614,1.0,1.0,0.4010581568359024,0.7996113644109407,0.8017206372293622,0.5802830129519774,0.6944161094703399,0.8156353017198623,1.0,0.7934195121842827,1.0,0.9999999999999999,0.9462196252821251,0.6506556134788283,0.5650092309709233,0.7517188876448339,0.7609629920924219,0.7419380732206298,0.9999999999999999,1.0,0.6376832187573125,0.8156407073318838,0.7809186749782725,1.0,0.6049436116425766,0.44758048266658323,0.9999999999999998,0.9999999999999998,1.0,0.7431802332577702,0.8527530009672867,0.674890407157145,0.6262605704880053,0.4794497470405439,0.8512463148458413,1.0,0.7608880052104968,0.895683144899476,1.0,0.9999999999999998,0.8263456198757047,0.4579387035871461,0.7041020026115944,1.0,1.0,0.8198619491670812,0.9999999999999999,0.5423549472108743,0.8563450035145936,0.42047851626965327,1.0000000000000002,0.9698826173826174,0.47659248634842266,1.0,1.0,0.5288011050077026,0.7818093896650903,0.6427940227264736,0.860549608107153,0.8280452246187876,1.0,1.0,0.8164099228608247,0.5781965155997505,1.0,1.0000000000000002,0.7590894521007433,0.8032454380112417,1.0,0.6290475559322152,0.7973544661158081,1.0,0.9999999999999998,0.8708541579830964,1.0,0.9999999999999998,0.9999999999999998,1.0,1.0,0.4292296433210671,1.0,0.5505071166880314,0.746661233802168,1.0000000000000002,1.0,1.0,1.0,0.8237899271733483,0.7531269151548248,1.0,1.0,0.8880472701901273,1.0,1.0,0.8191445816029974,1.0,0.8317326306877392,0.6490071762282752,0.7862666869354049,1.0,0.9185976721691005,0.9846415489272631,1.0,0.7858402281479205,1.0,1.0,0.5446688347424303,0.844109958130267,1.0,0.795587102509383,1.0,0.7077484186354156,0.9059695928426579,0.8407852830929754,0.9588976499690784,0.6997909529230447,0.8636464521302389,0.7010883300624886,0.7698529650535743,1.0,1.0,1.0,0.7691251022805436,0.7448169127746403,0.9999999999999999,1.0,0.9999999999999998,0.7987564567750632,1.0,1.0,1.0,0.9999999999999999,0.8994318462479937,1.0,1.0,0.776807296391857,0.5403404754650676,1.0,1.0,1.0,0.45273424323103495,0.5592809851528951,0.9999999999999998,1.0,1.0,0.7662893864919217,1.0,1.0,1.0,1.0,1.0,1.0,0.5800488509253161,0.7793518145928298,0.9999999999999998,0.8051422214135906,1.0,0.5455772345535206,1.0,1.0,0.5266198458909224,1.0,1.0,1.0,0.7370275115037155,1.0,1.0,0.8844745776422795,1.0,0.7184739094303401,0.9084414691870831,0.7753570209076578,0.9999999999999998,0.9558085433085433,1.0,1.0,0.8695384801968303,1.0,1.0000000000000002,1.0,1.0,0.7141736937315104,1.0,0.7485214411101506,0.5632185048725831,0.45998523517817047,0.5620636660572416,0.9999999999999999,0.7052772246144267,0.9999999999999998,0.6344142012513014,0.8217506114247657,0.7938256036600363,1.0,1.0,0.9999999999999998,1.0,1.0,1.0
0.0,stde_auprc,0.0,0.0,0.0,0.0,0.0,0.0,0.0,0.0,0.0,0.0,0.0,0.0,0.0,0.0,0.0,0.0,0.0,0.0,0.0,0.0,0.0,0.0,0.0,0.0,0.0,0.0,0.0,0.0,0.0,0.0,0.0,0.0,0.0,0.0,0.0,0.0,0.0,0.0,0.0,0.0,0.0,0.0,0.0,0.0,0.0,0.0,0.0,0.0,0.0,0.0,0.0,0.0,0.0,0.0,0.0,0.0,0.0,0.0,0.0,0.0,0.0,0.0,0.0,0.0,0.0,0.0,0.0,0.0,0.0,0.0,0.0,0.0,0.0,0.0,0.0,0.0,0.0,0.0,0.0,0.0,0.0,0.0,0.0,0.0,0.0,0.0,0.0,0.0,0.0,0.0,0.0,0.0,0.0,0.0,0.0,0.0,0.0,0.0,0.0,0.0,0.0,0.0,0.0,0.0,0.0,0.0,0.0,0.0,0.0,0.0,0.0,0.0,0.0,0.0,0.0,0.0,0.0,0.0,0.0,0.0,0.0,0.0,0.0,0.0,0.0,0.0,0.0,0.0,0.0,0.0,0.0,0.0,0.0,0.0,0.0,0.0,0.0,0.0,0.0,0.0,0.0,0.0,0.0,0.0,0.0,0.0,0.0,0.0,0.0,0.0,0.0,0.0,0.0,0.0,0.0,0.0,0.0,0.0,0.0,0.0,0.0,0.0,0.0,0.0,0.0,0.0,0.0,0.0,0.0,0.0,0.0,0.0,0.0,0.0,0.0,0.0,0.0,0.0,0.0,0.0,0.0,0.0,0.0,0.0,0.0,0.0,0.0,0.0,0.0,0.0,0.0,0.0,0.0,0.0,0.0,0.0,0.0,0.0,0.0,0.0,0.0,0.0,0.0,0.0,0.0,0.0,0.0,0.0,0.0,0.0,0.0,0.0,0.0,0.0,0.0,0.0,0.0,0.0,0.0,0.0,0.0,0.0,0.0,0.0,0.0,0.0,0.0,0.0,0.0,0.0,0.0,0.0,0.0,0.0,0.0,0.0,0.0,0.0,0.0,0.0,0.0,0.0,0.0,0.0,0.0,0.0,0.0,0.0,0.0,0.0,0.0,0.0,0.0,0.0,0.0,0.0,0.0,0.0,0.0,0.0,0.0,0.0,0.0,0.0,0.0,0.0,0.0,0.0,0.0,0.0,0.0,0.0,0.0,0.0,0.0,0.0,0.0,0.0,0.0,0.0,0.0,0.0,0.0,0.0,0.0,0.0,0.0,0.0,0.0,0.0,0.0,0.0,0.0,0.0,0.0,0.0,0.0,0.0,0.0,0.0,0.0,0.0
0.0,mean_auprc_w,0.9911741892697578,0.9983307294015777,0.998145486504058,0.987799925079266,0.9888587310853498,0.9972766420231842,0.9950818258665372,0.9957228664380273,0.9943206323970915,0.9983166780215355,0.9950497732101924,0.9761690810992856,0.9972252425948559,0.9935163143151784,0.9989728043620751,1.0,0.9931962373937362,0.9986139740017703,0.9999999999999999,0.9904981142671965,0.9982563692136341,0.998379332830265,0.9923422580704562,0.9999999999999998,0.996308672708522,0.9966462694375174,0.9705752489619444,1.0,0.9985760581448009,0.998310456698681,0.9966245418382083,0.9859530459138932,0.9999999999999999,0.9960759628441144,0.9958885664465005,0.9988917326968576,0.9976287890836371,0.9991872878451109,0.9995285368276715,0.9942755731557357,0.9877085153034127,1.0,0.9963241837191783,0.9978630930282053,0.9982883461048986,0.9924065331227843,0.9968702686229705,0.9969673094877137,0.9991215852664457,1.0,0.9992889571903316,0.984502567799426,0.9958291851708748,0.9864025295825991,0.997931049597115,0.989351276574408,0.9999999999999999,0.9909201016171659,1.0,0.9996788626689095,0.9949506361899705,1.0,1.0,0.9965568167237148,0.9857062357234335,0.9989795979765654,1.0,0.9982717501482274,0.9980405195637352,0.9975773021613104,0.982961123353036,1.0,0.999692282734024,0.995343040158382,0.997039695195467,0.998573090773723,1.0,0.9913850715146979,0.9980775045258204,1.0,1.0,0.9945504843852552,1.0,1.0,0.9960944568756267,1.0,0.9927563899506291,1.0,0.9950049021651417,0.9987923784991427,0.99693263566529,0.9693954489007169,1.0,1.0000000000000002,0.9900772053764656,0.9884781356852403,1.0,1.0,0.9973008882173368,0.9983918541899466,0.987117628884597,0.9987173297231144,0.9990089967155764,1.0,1.0,0.9758580407496613,0.9989547343859715,0.9987380000775664,0.9936116934301218,0.996886973656431,0.9987540143411736,1.0,0.9985566415236562,1.0,0.9999999999999999,0.9997193262535894,0.9956822348563726,0.9941829262979566,0.9982514602133747,0.9982731246157213,0.9978443446679992,0.9999999999999999,1.0,0.9955312509839269,0.9989747221676023,0.998573090773723,1.0,0.9951329023770964,0.9839362311892635,1.0,0.9999999999999998,1.0,0.9979500852152722,0.9994862672717089,0.9966276503240897,0.9951526326157618,0.9870980629499999,0.9993616992853614,1.0,0.9981380188774921,0.9994105792317346,1.0,0.9999999999999998,0.9989346421958616,0.9868415380816796,0.9965640483672584,1.0,1.0,0.9988693047271944,1.0,0.9909288817689306,0.9990802066504552,0.975963161276252,1.0,0.9999027555705805,0.9886061003854559,1.0,1.0,0.9901220630794684,0.9987856469698548,0.9948469165047433,0.9992202382403141,0.9989156994703108,1.0,1.0,0.9990354217367667,0.9932716743231946,1.0,1.0,0.998636089847869,0.9977856032534075,1.0,0.9953046576631163,0.998429333185511,1.0,0.9999999999999998,0.9994609745757417,1.0,1.0,1.0,1.0,1.0,0.96588039010354,1.0,0.9906403726540037,0.9985275673339484,1.0,1.0,1.0,1.0000000000000002,0.9989904413656,0.9983967331140394,1.0,1.0,0.9996342828230942,1.0,1.0,0.9989498443922615,1.0,0.9992072127710769,0.9959212236387442,0.9984231986196499,1.0,0.9997347193634478,0.9999539584567219,0.9999999999999998,0.999226392792334,1.0,1.0,0.991140316034073,0.9990714236509335,1.0,0.9985075077248642,1.0,0.9972442237382284,0.9993435600873896,0.9994651361354292,0.9998700003228125,0.997196860632537,0.9993680843983239,0.9968685901340671,0.9983386460938228,1.0,1.0,1.0,0.9978018923530592,0.9976622177435546,0.9999999999999999,1.0,0.9999999999999998,0.9979524282187522,1.0,1.0,1.0,1.0,0.9994695979805959,1.0,1.0,0.9982676652897386,0.9914161209461515,1.0,1.0,1.0,0.982429446363069,0.9940333569207556,0.9999999999999998,1.0,1.0,0.9979901063497036,1.0,1.0,1.0,1.0,1.0,1.0,0.9942872596567135,0.9980986992739944,0.9999999999999998,0.9989557617549254,1.0,0.9905814210640825,1.0,1.0,0.9899455504635432,1.0,1.0,1.0,0.9977553545860944,1.0,1.0,0.9994349636680833,1.0,0.9972977902710517,0.9996206905325336,0.9984344412775366,0.9999999999999998,0.9998558315687712,1.0,1.0,0.9994691135366218,1.0,1.0000000000000002,1.0,1.0,0.9967880996525622,1.0,0.9982681759004862,0.9904538491969065,0.979642617929579,0.9880059876925181,0.9999999999999998,0.9957427352184476,0.9999999999999998,0.9954543504036011,0.997955717505093,0.9984914700114621,1.0,1.0,0.9999999999999998,1.0,1.0,1.0
0.0,stde_auprc_w,0.0,0.0,0.0,0.0,0.0,0.0,0.0,0.0,0.0,0.0,0.0,0.0,0.0,0.0,0.0,0.0,0.0,0.0,0.0,0.0,0.0,0.0,0.0,0.0,0.0,0.0,0.0,0.0,0.0,0.0,0.0,0.0,0.0,0.0,0.0,0.0,0.0,0.0,0.0,0.0,0.0,0.0,0.0,0.0,0.0,0.0,0.0,0.0,0.0,0.0,0.0,0.0,0.0,0.0,0.0,0.0,0.0,0.0,0.0,0.0,0.0,0.0,0.0,0.0,0.0,0.0,0.0,0.0,0.0,0.0,0.0,0.0,0.0,0.0,0.0,0.0,0.0,0.0,0.0,0.0,0.0,0.0,0.0,0.0,0.0,0.0,0.0,0.0,0.0,0.0,0.0,0.0,0.0,0.0,0.0,0.0,0.0,0.0,0.0,0.0,0.0,0.0,0.0,0.0,0.0,0.0,0.0,0.0,0.0,0.0,0.0,0.0,0.0,0.0,0.0,0.0,0.0,0.0,0.0,0.0,0.0,0.0,0.0,0.0,0.0,0.0,0.0,0.0,0.0,0.0,0.0,0.0,0.0,0.0,0.0,0.0,0.0,0.0,0.0,0.0,0.0,0.0,0.0,0.0,0.0,0.0,0.0,0.0,0.0,0.0,0.0,0.0,0.0,0.0,0.0,0.0,0.0,0.0,0.0,0.0,0.0,0.0,0.0,0.0,0.0,0.0,0.0,0.0,0.0,0.0,0.0,0.0,0.0,0.0,0.0,0.0,0.0,0.0,0.0,0.0,0.0,0.0,0.0,0.0,0.0,0.0,0.0,0.0,0.0,0.0,0.0,0.0,0.0,0.0,0.0,0.0,0.0,0.0,0.0,0.0,0.0,0.0,0.0,0.0,0.0,0.0,0.0,0.0,0.0,0.0,0.0,0.0,0.0,0.0,0.0,0.0,0.0,0.0,0.0,0.0,0.0,0.0,0.0,0.0,0.0,0.0,0.0,0.0,0.0,0.0,0.0,0.0,0.0,0.0,0.0,0.0,0.0,0.0,0.0,0.0,0.0,0.0,0.0,0.0,0.0,0.0,0.0,0.0,0.0,0.0,0.0,0.0,0.0,0.0,0.0,0.0,0.0,0.0,0.0,0.0,0.0,0.0,0.0,0.0,0.0,0.0,0.0,0.0,0.0,0.0,0.0,0.0,0.0,0.0,0.0,0.0,0.0,0.0,0.0,0.0,0.0,0.0,0.0,0.0,0.0,0.0,0.0,0.0,0.0,0.0,0.0,0.0,0.0,0.0,0.0,0.0,0.0,0.0,0.0,0.0,0.0,0.0
0.0,mean_auprc_p,1.0,0.9999999999999999,0.9999999999999998,1.0,1.0000000000000002,1.0,1.0,1.0,1.0,1.0,0.9999999999999998,0.9999999999999998,1.0,1.0,1.0000000000000002,1.0,0.9999999999999999,1.0,0.9999999999999998,1.0,0.9999999999999998,1.0,1.0,1.0,0.9999999999999999,1.0,1.0,0.9999999999999999,1.0,0.9999999999999999,1.0,0.9999999999999999,0.9999999999999999,1.0,1.0,1.0000000000000002,0.9999999999999999,0.9999999999999999,1.0,1.0,1.0,1.0,0.9999999999999998,0.9999999999999998,1.0,1.0,0.9999999999999999,1.0,1.0000000000000002,0.9999999999999998,0.9999999999999996,1.0,1.0,0.9999999999999998,0.9999999999999998,1.0000000000000002,0.9999999999999999,1.0000000000000002,1.0000000000000002,1.0,1.0,1.0,0.9999999999999999,0.9999999999999998,1.0000000000000002,1.0,1.0,0.9999999999999998,0.9999999999999998,0.9999999999999999,1.0,1.0,1.0,1.0,0.9999999999999999,1.0000000000000002,1.0000000000000002,1.0,1.0,1.0,1.0,0.9999999999999998,1.0,1.0,1.0,1.0,1.0,0.9999999999999998,0.9999999999999998,1.0000000000000002,1.0,0.9999999999999998,1.0,1.0,1.0,1.0,1.0,1.0,0.9999999999999999,1.0000000000000002,1.0,1.0,1.0,0.9999999999999998,1.0,1.0,0.9999999999999998,0.9999999999999998,1.0000000000000002,0.9999999999999998,1.0,1.0,1.0,1.0,0.9999999999999999,1.0,1.0,0.9999999999999998,0.9999999999999998,1.0,1.0,0.9999999999999999,1.0,1.0,1.0,1.0000000000000002,1.0,1.0,1.0,1.0,1.0,1.0,1.0,0.9999999999999998,1.0,1.0,1.0,1.0,1.0000000000000002,1.0,0.9999999999999998,1.0,0.9999999999999998,0.9999999999999999,0.9999999999999999,1.0,1.0,1.0,0.9999999999999998,1.0,1.0000000000000002,1.0,1.0,1.0,1.0,1.0,1.0,1.0,1.0000000000000002,1.0000000000000002,1.0,1.0,0.9999999999999998,0.9999999999999998,1.0,1.0000000000000002,1.0,1.0,1.0,1.0,1.0,1.0,0.9999999999999998,1.0,1.0,0.9999999999999999,1.0,1.0,0.9999999999999998,0.9999999999999998,1.0,1.0,0.9999999999999999,1.0,1.0,1.0,1.0000000000000002,1.0,1.0,1.0,0.9999999999999998,0.9999999999999998,1.0,1.0,0.9999999999999998,1.0,1.0,1.0000000000000002,1.0000000000000002,1.0,1.0,1.0,1.0,0.9999999999999998,0.9999999999999998,0.9999999999999998,0.9999999999999998,1.0,1.0000000000000002,1.0,0.9999999999999998,1.0,1.0,0.9999999999999998,1.0,0.9999999999999999,0.9999999999999998,0.9999999999999998,1.0,0.9999999999999998,0.9999999999999998,0.9999999999999998,1.0,1.0,1.0,1.0,0.9999999999999999,1.0,1.0,0.9999999999999998,1.0,1.0,0.9999999999999998,0.9999999999999999,0.9999999999999999,0.9999999999999999,1.0,1.0,1.0,1.0,1.0,1.0,1.0,0.9999999999999998,1.0,0.9999999999999998,1.0,1.0,1.0,1.0,1.0,1.0,1.0,1.0,1.0,0.9999999999999998,1.0,0.9999999999999998,1.0000000000000002,1.0,1.0,1.0,1.0,1.0,1.0,1.0,1.0,1.0,1.0,1.0,1.0000000000000004,1.0,1.0,1.0000000000000002,0.9999999999999998,0.9999999999999998,1.0,1.0,1.0,1.0,1.0,1.0000000000000002,1.0,1.0,1.0,1.0,0.9999999999999999,1.0,0.9999999999999999,0.9999999999999998,0.9999999999999999,1.0000000000000002,0.9999999999999999,0.9999999999999998,0.9999999999999998,0.9999999999999998,1.0,1.0000000000000002,0.9999999999999998,1.0,1.0,1.0
0.0,stde_auprc_p,0.0,0.0,0.0,0.0,0.0,0.0,0.0,0.0,0.0,0.0,0.0,0.0,0.0,0.0,0.0,0.0,0.0,0.0,0.0,0.0,0.0,0.0,0.0,0.0,0.0,0.0,0.0,0.0,0.0,0.0,0.0,0.0,0.0,0.0,0.0,0.0,0.0,0.0,0.0,0.0,0.0,0.0,0.0,0.0,0.0,0.0,0.0,0.0,0.0,0.0,0.0,0.0,0.0,0.0,0.0,0.0,0.0,0.0,0.0,0.0,0.0,0.0,0.0,0.0,0.0,0.0,0.0,0.0,0.0,0.0,0.0,0.0,0.0,0.0,0.0,0.0,0.0,0.0,0.0,0.0,0.0,0.0,0.0,0.0,0.0,0.0,0.0,0.0,0.0,0.0,0.0,0.0,0.0,0.0,0.0,0.0,0.0,0.0,0.0,0.0,0.0,0.0,0.0,0.0,0.0,0.0,0.0,0.0,0.0,0.0,0.0,0.0,0.0,0.0,0.0,0.0,0.0,0.0,0.0,0.0,0.0,0.0,0.0,0.0,0.0,0.0,0.0,0.0,0.0,0.0,0.0,0.0,0.0,0.0,0.0,0.0,0.0,0.0,0.0,0.0,0.0,0.0,0.0,0.0,0.0,0.0,0.0,0.0,0.0,0.0,0.0,0.0,0.0,0.0,0.0,0.0,0.0,0.0,0.0,0.0,0.0,0.0,0.0,0.0,0.0,0.0,0.0,0.0,0.0,0.0,0.0,0.0,0.0,0.0,0.0,0.0,0.0,0.0,0.0,0.0,0.0,0.0,0.0,0.0,0.0,0.0,0.0,0.0,0.0,0.0,0.0,0.0,0.0,0.0,0.0,0.0,0.0,0.0,0.0,0.0,0.0,0.0,0.0,0.0,0.0,0.0,0.0,0.0,0.0,0.0,0.0,0.0,0.0,0.0,0.0,0.0,0.0,0.0,0.0,0.0,0.0,0.0,0.0,0.0,0.0,0.0,0.0,0.0,0.0,0.0,0.0,0.0,0.0,0.0,0.0,0.0,0.0,0.0,0.0,0.0,0.0,0.0,0.0,0.0,0.0,0.0,0.0,0.0,0.0,0.0,0.0,0.0,0.0,0.0,0.0,0.0,0.0,0.0,0.0,0.0,0.0,0.0,0.0,0.0,0.0,0.0,0.0,0.0,0.0,0.0,0.0,0.0,0.0,0.0,0.0,0.0,0.0,0.0,0.0,0.0,0.0,0.0,0.0,0.0,0.0,0.0,0.0,0.0,0.0,0.0,0.0,0.0,0.0,0.0,0.0,0.0,0.0,0.0,0.0,0.0,0.0,0.0
0.05,mean_auroc,0.99568,0.9990421015525618,0.9992467923744222,0.994172517552658,0.9953787682473869,0.9986759304080413,0.9973518956739093,0.9979867820207309,0.9974157627381823,0.9994407794965119,0.9977327142131612,0.9907731021948832,0.9985913708057945,0.9965325116794823,0.9996795084322436,1.0,0.997351076913374,1.0,0.9999999999999999,0.9959183843639519,0.9992398602790799,0.9996796703201565,0.9958730876610105,1.0,0.9979328680624793,0.998410383004189,0.9876001797274744,1.0,0.9992932483281667,0.9991723757414134,0.998268515149025,0.9948278167836844,1.0,0.9975534644995724,0.9981746041062604,0.9998167330677291,0.9983594322992395,1.0,0.9997309186204315,0.9971559529297165,0.9939741599347419,0.9999999999999999,0.9983208307062805,0.9992294772565928,0.9985632183908045,0.9964888888888889,0.9983916002933722,0.998379214043487,0.9996574055655018,1.0,0.9994833414522534,0.9930376182245442,0.9979633042600395,0.9930671050703166,0.9993593406403131,0.9953858478793388,1.0,0.9956237814274647,1.0,1.0,0.997382378100941,0.9998881487373236,0.9999999999999999,0.9979443275532662,0.9938413596139506,0.9995024875621892,1.0,0.9991515592263606,0.998887518440591,0.9991026919242273,0.9929720630038679,1.0,1.0,0.9973109192046468,0.9985776005317382,0.9995124378109453,1.0,0.9955514975652058,0.9987684729064039,1.0,1.0,0.9976524048009672,1.0,1.0,0.9980733529056213,0.9999999999999999,0.9961861937604912,1.0,0.9974404255095496,0.9996733067729083,0.9983715520106348,0.9871188561136078,0.9999999999999999,0.9999999999999999,0.9954205117934338,0.9947832023568349,1.0,1.0,0.9990220929783702,0.9996208674552624,0.9939050484787696,0.9992279681408186,0.9998342284994363,1.0,1.0,0.9899460442938703,0.9998429220684022,0.9996289794219319,0.9969731531847694,0.998155940893371,0.9990677290836654,1.0,0.9992270916334662,1.0,0.9999999999999999,0.9998091349664742,0.9978094984583306,0.9975390726189448,0.9990871672309634,0.9989578064891872,0.9990109679228849,1.0,1.0,0.9980133076850304,0.9995124378109453,0.999681592039801,0.9999999999999999,0.9982098207472971,0.9935926111096491,1.0,0.9998528214984503,1.0,0.9989961224270847,0.9999574069341512,0.9981619869888027,0.9977975147771392,0.9944718336640783,0.9997543170012635,1.0,0.9992270916334661,0.9996846577706964,1.0,1.0,0.999748930791474,0.9942563280571696,0.9981447026794068,1.0,1.0,0.9994372586705452,1.0,0.9958981034987444,0.9992796603675265,0.9890482350595577,1.0,0.9999469847581179,0.9943068937627113,1.0,1.0,0.9953165200511486,0.9996517412935324,0.9966906424763213,0.9997835610271328,0.9996190674077536,0.9999999999999999,1.0,0.9996716417910448,0.9968896162465246,1.0,1.0,0.9998830080958399,0.9984982751085613,1.0,0.9974351697097746,0.9989032901296112,1.0,1.0,0.9997426178108476,1.0,1.0,1.0,1.0,1.0,0.9806367737989644,0.9999999999999999,0.9948515212242667,0.9996119402985075,1.0,1.0,1.0,1.0,0.9992641074922515,0.9994841909036614,1.0,1.0,1.0,1.0,0.9999999999999999,0.9993270397330907,1.0,0.9996905598656145,0.9979869568110735,0.999165965487209,1.0,1.0,1.0,1.0,1.0,1.0,1.0,0.9956356356356356,0.9995435836154816,1.0,0.99897491386429,1.0,0.9987770023263541,0.9996144898637421,1.0,0.9999574069341511,0.9987902957793287,0.9999266969652544,0.9985791675735809,0.9991861894620194,1.0,1.0,1.0,0.9990027921818907,0.9988935645360226,0.9999999999999999,1.0,1.0,0.9989117028223173,1.0,1.0,1.0,1.0,0.9998552114817294,1.0,1.0,0.9990119521912351,0.9962582310746556,0.9999999999999999,1.0,1.0,0.9928819629117469,0.9971883942237307,1.0,1.0,1.0,0.9990959309775336,1.0,1.0,1.0,1.0,1.0,1.0,0.9970965374320007,0.9989032901296111,1.0,0.9998208955223882,1.0,0.9965986394557822,1.0,1.0,0.9962425498833896,1.0,1.0,1.0,0.9991800389289929,1.0,1.0,1.0,1.0,0.9979382814578345,0.9998010741993237,0.9994751416212694,1.0,1.0,1.0,1.0,0.9999064064766718,1.0,1.0,1.0,1.0,0.9986357889132894,1.0,0.9992365398658966,0.9952623137635589,0.9919061032863851,0.9947142415817114,0.9998007571229328,0.9984449002734974,1.0,0.9973016147137554,0.9992431648323925,0.9991429016674458,1.0,1.0,1.0,1.0,1.0,0.9999999999999999
0.05,stde_auroc,0.0,0.0,0.0,0.0,0.0,0.0,0.0,0.0,0.0,0.0,0.0,0.0,0.0,0.0,0.0,0.0,0.0,0.0,0.0,0.0,0.0,0.0,0.0,0.0,0.0,0.0,0.0,0.0,0.0,0.0,0.0,0.0,0.0,0.0,0.0,0.0,0.0,0.0,0.0,0.0,0.0,0.0,0.0,0.0,0.0,0.0,0.0,0.0,0.0,0.0,0.0,0.0,0.0,0.0,0.0,0.0,0.0,0.0,0.0,0.0,0.0,0.0,0.0,0.0,0.0,0.0,0.0,0.0,0.0,0.0,0.0,0.0,0.0,0.0,0.0,0.0,0.0,0.0,0.0,0.0,0.0,0.0,0.0,0.0,0.0,0.0,0.0,0.0,0.0,0.0,0.0,0.0,0.0,0.0,0.0,0.0,0.0,0.0,0.0,0.0,0.0,0.0,0.0,0.0,0.0,0.0,0.0,0.0,0.0,0.0,0.0,0.0,0.0,0.0,0.0,0.0,0.0,0.0,0.0,0.0,0.0,0.0,0.0,0.0,0.0,0.0,0.0,0.0,0.0,0.0,0.0,0.0,0.0,0.0,0.0,0.0,0.0,0.0,0.0,0.0,0.0,0.0,0.0,0.0,0.0,0.0,0.0,0.0,0.0,0.0,0.0,0.0,0.0,0.0,0.0,0.0,0.0,0.0,0.0,0.0,0.0,0.0,0.0,0.0,0.0,0.0,0.0,0.0,0.0,0.0,0.0,0.0,0.0,0.0,0.0,0.0,0.0,0.0,0.0,0.0,0.0,0.0,0.0,0.0,0.0,0.0,0.0,0.0,0.0,0.0,0.0,0.0,0.0,0.0,0.0,0.0,0.0,0.0,0.0,0.0,0.0,0.0,0.0,0.0,0.0,0.0,0.0,0.0,0.0,0.0,0.0,0.0,0.0,0.0,0.0,0.0,0.0,0.0,0.0,0.0,0.0,0.0,0.0,0.0,0.0,0.0,0.0,0.0,0.0,0.0,0.0,0.0,0.0,0.0,0.0,0.0,0.0,0.0,0.0,0.0,0.0,0.0,0.0,0.0,0.0,0.0,0.0,0.0,0.0,0.0,0.0,0.0,0.0,0.0,0.0,0.0,0.0,0.0,0.0,0.0,0.0,0.0,0.0,0.0,0.0,0.0,0.0,0.0,0.0,0.0,0.0,0.0,0.0,0.0,0.0,0.0,0.0,0.0,0.0,0.0,0.0,0.0,0.0,0.0,0.0,0.0,0.0,0.0,0.0,0.0,0.0,0.0,0.0,0.0,0.0,0.0,0.0,0.0,0.0,0.0,0.0,0.0
0.05,mean_auprc,0.47661563806757734,0.7180968476994066,0.7121915424483993,0.47003292141712344,0.4992304912428559,0.6445145256321174,0.5678634048721252,0.6076542381992331,0.5562756927411843,0.7484248755003327,0.5540875948184251,0.39330993023534344,0.7058835599336734,0.5295673478574608,0.8883204930031556,1.0,0.5501163793815211,1.0,1.0,0.5008409770578663,0.7104284959144294,0.8506671196319872,0.5233555486686408,1.0,0.5806917008814247,0.6298285912299403,0.38828061243504175,0.9999999999999999,0.8540668973637664,0.7619569877933586,0.6165168750927579,0.4954610766641023,0.9999999999999999,0.5669778558243243,0.6110850153465706,0.9198266774505166,0.6418894999773037,0.9999999999999999,0.9076741491374527,0.5766924565517167,0.47253590695435044,1.0,0.6264059981632273,0.6937218068878366,0.6818692020484808,0.5201383919797343,0.6047132762698987,0.6264428028721887,0.8214574178067471,1.0,0.8271250285922143,0.4401508839226139,0.5899598943137397,0.46523541216558895,0.7873102740570668,0.4932993233298761,0.9999999999999999,0.481573729897126,1.0,1.0000000000000002,0.5256799606516431,0.9556140142537202,1.0,0.5768153932985309,0.44427897907693015,0.8248620277510438,1.0,0.7068806583695992,0.7229434980888378,0.7271482547475839,0.4617223969253601,0.9999999999999999,1.0,0.563342854457928,0.6391004175727045,0.8000348447655454,1.0000000000000002,0.4852398768245439,0.6525047580960228,1.0,1.0,0.5753311506295018,1.0,1.0,0.6307918532314549,1.0,0.5030581301932859,1.0,0.5545193864224184,0.8913554306031086,0.6060437376559598,0.3888523572099276,1.0,1.0,0.4979129827042374,0.4786101992027964,1.0,1.0,0.7349443368726014,0.8030833481504597,0.4683788539360316,0.8096037343636153,0.9186440931216473,0.9999999999999998,1.0,0.40404848901121726,0.9308207197994554,0.8161145766233016,0.5489869172040134,0.5947387603059002,0.6903235643338074,0.9999999999999998,0.7825659474209424,1.0,0.9999999999999998,0.9066362919487919,0.587953399115416,0.5830936874899917,0.7112518370353563,0.6908546915232319,0.6980274188627694,0.9999999999999998,1.0,0.6107178958558518,0.7973671742717879,0.8647281987877964,1.0,0.6093471951698615,0.4465418902126659,0.9999999999999998,0.9494253979295707,1.0,0.679421640065188,0.9846415489272632,0.6114699926920465,0.6503490745080687,0.482467101556114,0.8820535794766354,1.0000000000000002,0.764863781824099,0.9113616240290421,1.0,1.0,0.926875138666093,0.44963328775911093,0.6268216212334207,1.0,1.0,0.8220567171678269,0.9999999999999999,0.5261304110703449,0.7839581974970443,0.43412436425821754,1.0,0.9814987789987789,0.43530140929316413,1.0,1.0,0.48215127199805385,0.8367520083116059,0.5516461706699605,0.9396030425953699,0.8135524709955992,0.9999999999999998,1.0,0.8480615321211296,0.5416216675929624,1.0,1.0,0.9542793567447547,0.7435971549539945,1.0,0.5690575362821991,0.7436498939661778,1.0,1.0,0.8996823559289412,1.0,1.0,1.0,1.0,1.0,0.4003655979414642,0.9999999999999999,0.4803017117649856,0.8330640581991706,1.0,1.0,1.0,1.0,0.7855613967992945,0.7671681264687634,1.0,1.0,1.0,1.0,1.0,0.7621493115692488,1.0000000000000002,0.8679760169311252,0.6104257733375454,0.7500671838468655,1.0,1.0,1.0,0.9999999999999998,1.0,1.0,1.0000000000000002,0.4941422879935068,0.8363733484157665,1.0,0.7238860490582861,0.9999999999999998,0.6689500371296877,0.9120360726653634,1.0,0.9846415489272633,0.6728262669758842,0.9804148852523464,0.6893213210387081,0.7070040793005781,1.0,1.0,0.9999999999999999,0.7232191041675053,0.7495407624151748,0.9999999999999999,1.0,1.0,0.7230931171032169,1.0,0.9999999999999998,0.9999999999999999,1.0,0.9486911110106908,1.0,1.0,0.7031657817998639,0.5519509087414418,1.0,1.0,1.0,0.4594429519414689,0.5169658712863623,1.0,1.0,1.0,0.7178574733536822,1.0,1.0,1.0,1.0,1.0,1.0,0.5376798488552941,0.7208903094457789,1.0,0.9470324443339824,1.0,0.5366478644280956,1.0,1.0,0.5488778280370206,1.0,1.0,1.0,0.7419957207554535,1.0,1.0,1.0000000000000002,1.0,0.6263479548756606,0.8610649259772066,0.7823270257902962,1.0,1.0,1.0,1.0,0.9722284372985521,1.0,1.0,1.0,1.0,0.6908949778132497,1.0,0.7734074845556642,0.5242689626393644,0.47075543580699686,0.519093672985389,0.8995203870203871,0.7443876529194093,1.0,0.5622832340295483,0.810881755177899,0.7206833731313932,1.0,1.0000000000000002,1.0,1.0,1.0,1.0
0.05,stde_auprc,0.0,0.0,0.0,0.0,0.0,0.0,0.0,0.0,0.0,0.0,0.0,0.0,0.0,0.0,0.0,0.0,0.0,0.0,0.0,0.0,0.0,0.0,0.0,0.0,0.0,0.0,0.0,0.0,0.0,0.0,0.0,0.0,0.0,0.0,0.0,0.0,0.0,0.0,0.0,0.0,0.0,0.0,0.0,0.0,0.0,0.0,0.0,0.0,0.0,0.0,0.0,0.0,0.0,0.0,0.0,0.0,0.0,0.0,0.0,0.0,0.0,0.0,0.0,0.0,0.0,0.0,0.0,0.0,0.0,0.0,0.0,0.0,0.0,0.0,0.0,0.0,0.0,0.0,0.0,0.0,0.0,0.0,0.0,0.0,0.0,0.0,0.0,0.0,0.0,0.0,0.0,0.0,0.0,0.0,0.0,0.0,0.0,0.0,0.0,0.0,0.0,0.0,0.0,0.0,0.0,0.0,0.0,0.0,0.0,0.0,0.0,0.0,0.0,0.0,0.0,0.0,0.0,0.0,0.0,0.0,0.0,0.0,0.0,0.0,0.0,0.0,0.0,0.0,0.0,0.0,0.0,0.0,0.0,0.0,0.0,0.0,0.0,0.0,0.0,0.0,0.0,0.0,0.0,0.0,0.0,0.0,0.0,0.0,0.0,0.0,0.0,0.0,0.0,0.0,0.0,0.0,0.0,0.0,0.0,0.0,0.0,0.0,0.0,0.0,0.0,0.0,0.0,0.0,0.0,0.0,0.0,0.0,0.0,0.0,0.0,0.0,0.0,0.0,0.0,0.0,0.0,0.0,0.0,0.0,0.0,0.0,0.0,0.0,0.0,0.0,0.0,0.0,0.0,0.0,0.0,0.0,0.0,0.0,0.0,0.0,0.0,0.0,0.0,0.0,0.0,0.0,0.0,0.0,0.0,0.0,0.0,0.0,0.0,0.0,0.0,0.0,0.0,0.0,0.0,0.0,0.0,0.0,0.0,0.0,0.0,0.0,0.0,0.0,0.0,0.0,0.0,0.0,0.0,0.0,0.0,0.0,0.0,0.0,0.0,0.0,0.0,0.0,0.0,0.0,0.0,0.0,0.0,0.0,0.0,0.0,0.0,0.0,0.0,0.0,0.0,0.0,0.0,0.0,0.0,0.0,0.0,0.0,0.0,0.0,0.0,0.0,0.0,0.0,0.0,0.0,0.0,0.0,0.0,0.0,0.0,0.0,0.0,0.0,0.0,0.0,0.0,0.0,0.0,0.0,0.0,0.0,0.0,0.0,0.0,0.0,0.0,0.0,0.0,0.0,0.0,0.0,0.0,0.0,0.0,0.0,0.0,0.0
0.05,mean_auprc_w,0.989249881698236,0.9978241132302467,0.9976219565200464,0.9820692512214546,0.9884438797667977,0.9964630997823569,0.9935984321781728,0.9950360206479056,0.9939529954901024,0.998441398990299,0.9936067500645238,0.9764835147584284,0.9960681169796004,0.9916894710795902,0.9995252449852825,1.0,0.9925110018590704,1.0000000000000002,1.0,0.9877309669287031,0.998065401517332,0.999099356604902,0.9912366800979536,1.0,0.9952420970515382,0.9957385134596669,0.9701633100341445,1.0,0.9984779897979429,0.9983455849664334,0.9950175796768735,0.9847122624121512,0.9999999999999999,0.9940612689534579,0.9949316712952567,0.9995426339077538,0.9962397694789703,0.9999999999999999,0.9996276244511866,0.991823060312327,0.9854215829087987,1.0,0.9957926500908818,0.9974052665088319,0.9971567159818184,0.9898168326601721,0.9947539503672594,0.9956056474606392,0.9991388506811039,1.0,0.9987954968494435,0.9831495361385024,0.9948555539282603,0.9847383988583347,0.9987256250639314,0.9876306197393876,0.9999999999999999,0.98902747349455,1.0,1.0000000000000002,0.9922159873091422,0.9998459830227311,1.0,0.994449461728859,0.9838447909232116,0.9991247932923712,1.0,0.9980265981369789,0.997276506253561,0.9974670628256805,0.9816485926784762,0.9999999999999999,1.0,0.9934860052634114,0.9962985632389756,0.998961200322345,1.0000000000000002,0.988866626381853,0.9965428918777354,1.0,1.0,0.9937984820923402,1.0,1.0,0.9952548831650364,1.0,0.9891493404659778,1.0,0.992837174195191,0.9993613874915972,0.9955086770185027,0.9668184887583857,1.0,1.0,0.9884851636112099,0.9874458089278231,1.0,1.0,0.9975378987897185,0.998849582605561,0.9854173843798637,0.9985171263654783,0.9996695937007165,1.0,1.0,0.9749049314722142,0.9997087616796239,0.998902963278368,0.9926025932344104,0.9945951921181053,0.9975001013378273,1.0,0.9985782756584326,1.0,0.9999999999999998,0.9994641735866906,0.994545679867108,0.9942509436429067,0.9978643550969366,0.9974719605127208,0.9974362261238754,0.9999999999999998,1.0,0.994300882485198,0.9989434402020103,0.9993546561422237,1.0,0.9951002874716377,0.9817727260933903,1.0,0.999748705574491,1.0,0.997246702498313,0.9999539584567219,0.9954818840664673,0.995611032182106,0.9868136927020893,0.9995310690976158,1.0,0.9983717453743994,0.9995185116716057,1.0,1.0,0.9996200058311201,0.9856493410669588,0.9947933897506201,1.0,1.0,0.998982669346061,0.9999999999999999,0.989732282578016,0.9984887801065643,0.9773217840678414,1.0,0.9999406988389483,0.9852552668884318,1.0,1.0,0.9863418651561482,0.9991825435592689,0.991911681800811,0.9996963271445563,0.998816365011187,0.9999999999999998,1.0,0.9992553512762853,0.9916591902918818,1.0,1.0000000000000002,0.9998316550380872,0.9969115768804674,1.0,0.9939395846690435,0.9978646853525129,1.0,1.0,0.9996018845624416,1.0,1.0,1.0,1.0,1.0,0.9620712102724241,1.0,0.9870171756774054,0.9991737800755792,1.0,1.0,1.0,1.0000000000000002,0.9986907997292516,0.998384089695463,1.0,1.0,1.0,1.0,1.0,0.9985850680039645,1.0,0.9994288121568504,0.9949944677975162,0.9981042399550104,1.0,1.0,1.0,0.9999999999999998,1.0,1.0,1.0,0.9877743577410854,0.9989968597616677,1.0,0.9976744632873439,1.0,0.9965519310633065,0.999404574247952,1.0,0.9999539584567219,0.9967659295385508,0.9999195719649067,0.9968928873517428,0.9978739746305025,1.0,1.0,1.0,0.9973544916892066,0.9977416953945729,0.9999999999999999,1.0,1.0,0.9972374678832496,1.0,0.9999999999999998,0.9999999999999999,1.0,0.999755832280782,1.0,1.0,0.9977649573784033,0.9915752512885125,1.0,1.0,1.0,0.9828288037670054,0.9916124000566525,1.0,1.0,1.0,0.997514219794194,1.0,1.0,1.0,1.0,1.0,1.0,0.9931432958869478,0.9974753520200589,1.0,0.9997637434063822,1.0,0.99008826718063,1.0,1.0,0.9903551932513158,1.0,1.0,1.0,0.9980801239659803,1.0,1.0,1.0000000000000002,1.0,0.9957984831056657,0.9993168078889887,0.9986740808663828,1.0,1.0,1.0,1.0,0.9998957567367777,1.0,1.0,1.0,1.0,0.9961415551448386,1.0,0.9984933640240071,0.9887054412213768,0.9820602349868548,0.9855374260522144,0.9992954305668579,0.9962502764145262,1.0,0.9938198535679426,0.9979107881816061,0.9981248239951275,1.0,1.0,1.0,1.0,1.0,1.0
0.05,stde_auprc_w,0.0,0.0,0.0,0.0,0.0,0.0,0.0,0.0,0.0,0.0,0.0,0.0,0.0,0.0,0.0,0.0,0.0,0.0,0.0,0.0,0.0,0.0,0.0,0.0,0.0,0.0,0.0,0.0,0.0,0.0,0.0,0.0,0.0,0.0,0.0,0.0,0.0,0.0,0.0,0.0,0.0,0.0,0.0,0.0,0.0,0.0,0.0,0.0,0.0,0.0,0.0,0.0,0.0,0.0,0.0,0.0,0.0,0.0,0.0,0.0,0.0,0.0,0.0,0.0,0.0,0.0,0.0,0.0,0.0,0.0,0.0,0.0,0.0,0.0,0.0,0.0,0.0,0.0,0.0,0.0,0.0,0.0,0.0,0.0,0.0,0.0,0.0,0.0,0.0,0.0,0.0,0.0,0.0,0.0,0.0,0.0,0.0,0.0,0.0,0.0,0.0,0.0,0.0,0.0,0.0,0.0,0.0,0.0,0.0,0.0,0.0,0.0,0.0,0.0,0.0,0.0,0.0,0.0,0.0,0.0,0.0,0.0,0.0,0.0,0.0,0.0,0.0,0.0,0.0,0.0,0.0,0.0,0.0,0.0,0.0,0.0,0.0,0.0,0.0,0.0,0.0,0.0,0.0,0.0,0.0,0.0,0.0,0.0,0.0,0.0,0.0,0.0,0.0,0.0,0.0,0.0,0.0,0.0,0.0,0.0,0.0,0.0,0.0,0.0,0.0,0.0,0.0,0.0,0.0,0.0,0.0,0.0,0.0,0.0,0.0,0.0,0.0,0.0,0.0,0.0,0.0,0.0,0.0,0.0,0.0,0.0,0.0,0.0,0.0,0.0,0.0,0.0,0.0,0.0,0.0,0.0,0.0,0.0,0.0,0.0,0.0,0.0,0.0,0.0,0.0,0.0,0.0,0.0,0.0,0.0,0.0,0.0,0.0,0.0,0.0,0.0,0.0,0.0,0.0,0.0,0.0,0.0,0.0,0.0,0.0,0.0,0.0,0.0,0.0,0.0,0.0,0.0,0.0,0.0,0.0,0.0,0.0,0.0,0.0,0.0,0.0,0.0,0.0,0.0,0.0,0.0,0.0,0.0,0.0,0.0,0.0,0.0,0.0,0.0,0.0,0.0,0.0,0.0,0.0,0.0,0.0,0.0,0.0,0.0,0.0,0.0,0.0,0.0,0.0,0.0,0.0,0.0,0.0,0.0,0.0,0.0,0.0,0.0,0.0,0.0,0.0,0.0,0.0,0.0,0.0,0.0,0.0,0.0,0.0,0.0,0.0,0.0,0.0,0.0,0.0,0.0,0.0,0.0,0.0,0.0,0.0,0.0
0.05,mean_auprc_p,1.0,0.9999999999999999,0.9999999999999999,1.0,1.0000000000000002,1.0,1.0,1.0,1.0,1.0000000000000002,0.9999999999999998,0.9999999999999999,1.0,1.0,1.0,1.0,0.9999999999999999,1.0,0.9999999999999998,1.0,0.9999999999999998,1.0,1.0,1.0,0.9999999999999999,1.0,1.0,1.0,1.0,1.0,1.0,1.0,0.9999999999999999,1.0,1.0,1.0000000000000002,0.9999999999999999,0.9999999999999999,1.0,1.0,1.0,1.0,0.9999999999999998,0.9999999999999998,1.0,1.0000000000000002,0.9999999999999998,1.0,1.0,0.9999999999999998,1.0,1.0,1.0,0.9999999999999998,0.9999999999999998,1.0000000000000002,0.9999999999999999,1.0,1.0000000000000002,1.0,1.0,1.0,0.9999999999999999,0.9999999999999998,1.0000000000000002,1.0,1.0,0.9999999999999998,0.9999999999999998,1.0,0.9999999999999999,0.9999999999999999,1.0,1.0,0.9999999999999999,1.0000000000000002,1.0000000000000002,1.0,1.0,1.0,1.0,0.9999999999999998,1.0,1.0,1.0,1.0,1.0,0.9999999999999998,0.9999999999999998,1.0000000000000002,1.0,1.0,1.0,1.0,1.0000000000000002,1.0,1.0,1.0,0.9999999999999999,1.0000000000000002,1.0,1.0,1.0,0.9999999999999998,1.0,1.0,0.9999999999999998,0.9999999999999998,1.0000000000000002,0.9999999999999998,1.0,0.9999999999999998,1.0,1.0,0.9999999999999999,1.0,1.0,0.9999999999999998,0.9999999999999998,1.0,1.0,0.9999999999999999,1.0,1.0,1.0,1.0000000000000002,1.0,1.0,1.0,1.0,0.9999999999999999,1.0,1.0,0.9999999999999998,1.0,1.0,1.0,1.0,1.0000000000000002,1.0,0.9999999999999998,1.0,0.9999999999999998,0.9999999999999998,0.9999999999999999,1.0,1.0,1.0,0.9999999999999998,1.0,1.0,1.0,1.0,1.0,1.0,1.0,1.0,1.0,1.0,1.0000000000000002,1.0,1.0,0.9999999999999998,0.9999999999999998,1.0,1.0000000000000002,1.0,1.0,1.0,1.0,1.0000000000000002,1.0,0.9999999999999998,1.0,1.0,0.9999999999999999,1.0,1.0,0.9999999999999998,0.9999999999999998,1.0,1.0,1.0,1.0,1.0,1.0,1.0000000000000002,1.0,1.0,1.0,0.9999999999999998,0.9999999999999998,1.0,1.0,0.9999999999999998,1.0,1.0,1.0000000000000002,1.0000000000000002,1.0,1.0,1.0,1.0,0.9999999999999998,0.9999999999999998,0.9999999999999998,0.9999999999999998,1.0,1.0000000000000002,1.0,0.9999999999999998,1.0,0.9999999999999999,0.9999999999999998,1.0,0.9999999999999999,0.9999999999999998,0.9999999999999998,1.0,0.9999999999999998,0.9999999999999998,0.9999999999999998,1.0,1.0,1.0,1.0,0.9999999999999999,1.0,1.0,0.9999999999999998,1.0,1.0,0.9999999999999998,0.9999999999999999,0.9999999999999999,0.9999999999999998,1.0,1.0,1.0,1.0,1.0,1.0,1.0,0.9999999999999998,1.0,0.9999999999999998,1.0,1.0,1.0,1.0,1.0,1.0,1.0,1.0,1.0,0.9999999999999998,1.0,0.9999999999999998,1.0000000000000002,1.0,1.0000000000000002,1.0,1.0,1.0,1.0,1.0,1.0,1.0,1.0,1.0,1.0000000000000004,1.0,1.0,1.0,0.9999999999999998,0.9999999999999998,1.0,1.0,1.0,1.0,1.0,1.0000000000000002,1.0,1.0,1.0,1.0,0.9999999999999999,1.0,0.9999999999999999,0.9999999999999998,1.0,1.0000000000000002,0.9999999999999999,0.9999999999999998,0.9999999999999998,0.9999999999999998,1.0,1.0000000000000002,0.9999999999999998,1.0,1.0,1.0
0.05,stde_auprc_p,0.0,0.0,0.0,0.0,0.0,0.0,0.0,0.0,0.0,0.0,0.0,0.0,0.0,0.0,0.0,0.0,0.0,0.0,0.0,0.0,0.0,0.0,0.0,0.0,0.0,0.0,0.0,0.0,0.0,0.0,0.0,0.0,0.0,0.0,0.0,0.0,0.0,0.0,0.0,0.0,0.0,0.0,0.0,0.0,0.0,0.0,0.0,0.0,0.0,0.0,0.0,0.0,0.0,0.0,0.0,0.0,0.0,0.0,0.0,0.0,0.0,0.0,0.0,0.0,0.0,0.0,0.0,0.0,0.0,0.0,0.0,0.0,0.0,0.0,0.0,0.0,0.0,0.0,0.0,0.0,0.0,0.0,0.0,0.0,0.0,0.0,0.0,0.0,0.0,0.0,0.0,0.0,0.0,0.0,0.0,0.0,0.0,0.0,0.0,0.0,0.0,0.0,0.0,0.0,0.0,0.0,0.0,0.0,0.0,0.0,0.0,0.0,0.0,0.0,0.0,0.0,0.0,0.0,0.0,0.0,0.0,0.0,0.0,0.0,0.0,0.0,0.0,0.0,0.0,0.0,0.0,0.0,0.0,0.0,0.0,0.0,0.0,0.0,0.0,0.0,0.0,0.0,0.0,0.0,0.0,0.0,0.0,0.0,0.0,0.0,0.0,0.0,0.0,0.0,0.0,0.0,0.0,0.0,0.0,0.0,0.0,0.0,0.0,0.0,0.0,0.0,0.0,0.0,0.0,0.0,0.0,0.0,0.0,0.0,0.0,0.0,0.0,0.0,0.0,0.0,0.0,0.0,0.0,0.0,0.0,0.0,0.0,0.0,0.0,0.0,0.0,0.0,0.0,0.0,0.0,0.0,0.0,0.0,0.0,0.0,0.0,0.0,0.0,0.0,0.0,0.0,0.0,0.0,0.0,0.0,0.0,0.0,0.0,0.0,0.0,0.0,0.0,0.0,0.0,0.0,0.0,0.0,0.0,0.0,0.0,0.0,0.0,0.0,0.0,0.0,0.0,0.0,0.0,0.0,0.0,0.0,0.0,0.0,0.0,0.0,0.0,0.0,0.0,0.0,0.0,0.0,0.0,0.0,0.0,0.0,0.0,0.0,0.0,0.0,0.0,0.0,0.0,0.0,0.0,0.0,0.0,0.0,0.0,0.0,0.0,0.0,0.0,0.0,0.0,0.0,0.0,0.0,0.0,0.0,0.0,0.0,0.0,0.0,0.0,0.0,0.0,0.0,0.0,0.0,0.0,0.0,0.0,0.0,0.0,0.0,0.0,0.0,0.0,0.0,0.0,0.0,0.0,0.0,0.0,0.0,0.0,0.0
0.1,mean_auroc,0.9951733333333335,0.9988581850506537,0.9992900801689955,0.993015713808091,0.9936119421737457,0.9981491500327458,0.9968396898081278,0.9979339570591758,0.9973769437235199,0.9995166060054594,0.9972913492466565,0.9900915699706417,0.9988009592326139,0.9955145334569451,0.9997347655990982,1.0,0.9965732185466663,0.9995689940985346,1.0,0.9944383296644654,0.9990588746312418,0.9996363825255831,0.9952120858954399,1.0,0.9980192755068129,0.9983231099142229,0.9874190767876464,1.0,0.9985426293111852,0.9989884592395052,0.9979339570591758,0.9931461049816115,1.0,0.997080125463359,0.9974467935248337,0.999808764940239,0.99834013150276,0.9998693834900731,0.9998362113341757,0.9969167746592797,0.9924907244164936,1.0,0.9973686580799567,0.9994026284348865,0.9985838420502668,0.9962311111111111,0.9981535571367911,0.9983418112906444,0.9997237141657274,1.0,0.9998302407628832,0.9919306286535512,0.9970183243922195,0.992554147311273,0.999194847020934,0.9942958603583478,1.0,0.9946702085089354,1.0,0.9997114427860697,0.9970173937838609,1.0,1.0,0.9981378026070763,0.9935107415692398,0.9997412935323383,0.9999999999999999,0.999056326078299,0.9982768628020026,0.9989298770355599,0.9915420103453096,1.0,0.9998293903548681,0.9966706618724197,0.9982053838484546,0.9994925373134329,1.0,0.9948719231538923,0.998497964065036,0.9998144466534129,0.9998144466534128,0.9963301960107072,1.0,1.0000000000000002,0.9974581210603575,1.0,0.9951946911121354,1.0,0.9962263357615129,0.9993466135458167,0.9987902957793287,0.9889289152510793,1.0,1.0,0.9941495016099462,0.993595879991392,1.0,1.0,0.9990349601760232,0.9994786927509858,0.9934737545971247,0.9991121633619413,0.9998342284994364,1.0,1.0,0.9893996904866471,0.9996649004125914,0.9996561272691076,0.9959934491431245,0.9980531572710343,0.9990278884462152,1.0,0.9991394422310755,1.0,1.0,1.0,0.9974157627381823,0.9966000345393318,0.9995601805749187,0.999164712553834,0.9987821619945971,1.0,1.0,0.9967466599392429,0.9998407960199005,0.9992835820895523,1.0,0.9971298437555026,0.9929183222377179,1.0,1.0,0.999808764940239,0.9986819317363251,0.999900616179686,0.9973034414375197,0.9961021133614021,0.993597145682222,0.9998713089054236,1.0,0.9991314741035856,0.9997759410476,1.0,1.0,0.9995065191418628,0.993213710605015,0.9975192625061755,1.0,1.0,0.9994372586705453,1.0,0.9950122479163137,0.9995631983079682,0.9896880926217005,1.0,0.999920477137177,0.9935216377299819,1.0,1.0,0.9944268129227072,0.9996417910447762,0.9957339293945747,0.9997489307914741,0.9996623552023272,1.0,1.0,0.9997014925373136,0.9950717387463619,0.9998212512413108,0.9998121256326946,0.9998362113341758,0.9974196367964441,1.0,0.9963314517570139,0.9988102359587903,1.0,1.0,0.9998245121437597,0.9999999999999999,1.0,1.0,1.0,1.0,0.9838709160948212,1.0,0.9941555838950629,0.9996915422885573,1.0,1.0,1.0,1.0,0.9993160528457397,0.9995746837275804,1.0,1.0,0.9998296277366046,1.0,1.0,0.9995166060054594,1.0,0.9998231770660655,0.9967946585035824,0.9989740637409031,1.0,0.9999858023113837,0.9997728369821393,1.0,0.9998318454200806,1.0,1.0,0.9944344344344345,0.9992946292239262,1.0,0.9990888123238133,1.0,0.9982253240279162,0.9998537720172814,0.9999999999999999,0.9999716046227675,0.9983449651046858,0.9998533939305088,0.9976662071634139,0.999333367963569,1.0,1.0,1.0,0.9990349601760232,0.9979624658395607,0.9998411122144986,1.0,1.0,0.9983977847106339,1.0,1.0,1.0,0.9999999999999999,0.9996742258338913,1.0,1.0,0.9993227091633465,0.9935785362984264,1.0,1.0,0.9999999999999999,0.9919837133165503,0.9959184578869147,1.0,0.9999999999999999,1.0,0.9988752527122071,1.0,1.0,1.0,1.0,1.0,1.0,0.9968590795268113,0.9993552675307411,1.0,0.9996019900497514,0.9999999999999999,0.9952406494512698,1.0,1.0,0.9942911886420567,1.0,1.0,1.0,0.9987892163624381,1.0,0.9999999999999999,1.0,1.0,0.9975029625867614,1.0,0.9994570430564856,1.0,1.0,1.0,1.0,0.9999064064766718,1.0,1.0,1.0,1.0,0.9977817705907145,1.0,0.9990124809134967,0.9929620563035496,0.9908008048289739,0.9938863144887241,1.0,0.9964937295710761,1.0,0.9968482859856662,0.9988857704476891,0.9990736411961284,1.0,1.0,1.0,1.0,1.0,1.0
0.1,stde_auroc,0.0,0.0,0.0,0.0,0.0,0.0,0.0,0.0,0.0,0.0,0.0,0.0,0.0,0.0,0.0,0.0,0.0,0.0,0.0,0.0,0.0,0.0,0.0,0.0,0.0,0.0,0.0,0.0,0.0,0.0,0.0,0.0,0.0,0.0,0.0,0.0,0.0,0.0,0.0,0.0,0.0,0.0,0.0,0.0,0.0,0.0,0.0,0.0,0.0,0.0,0.0,0.0,0.0,0.0,0.0,0.0,0.0,0.0,0.0,0.0,0.0,0.0,0.0,0.0,0.0,0.0,0.0,0.0,0.0,0.0,0.0,0.0,0.0,0.0,0.0,0.0,0.0,0.0,0.0,0.0,0.0,0.0,0.0,0.0,0.0,0.0,0.0,0.0,0.0,0.0,0.0,0.0,0.0,0.0,0.0,0.0,0.0,0.0,0.0,0.0,0.0,0.0,0.0,0.0,0.0,0.0,0.0,0.0,0.0,0.0,0.0,0.0,0.0,0.0,0.0,0.0,0.0,0.0,0.0,0.0,0.0,0.0,0.0,0.0,0.0,0.0,0.0,0.0,0.0,0.0,0.0,0.0,0.0,0.0,0.0,0.0,0.0,0.0,0.0,0.0,0.0,0.0,0.0,0.0,0.0,0.0,0.0,0.0,0.0,0.0,0.0,0.0,0.0,0.0,0.0,0.0,0.0,0.0,0.0,0.0,0.0,0.0,0.0,0.0,0.0,0.0,0.0,0.0,0.0,0.0,0.0,0.0,0.0,0.0,0.0,0.0,0.0,0.0,0.0,0.0,0.0,0.0,0.0,0.0,0.0,0.0,0.0,0.0,0.0,0.0,0.0,0.0,0.0,0.0,0.0,0.0,0.0,0.0,0.0,0.0,0.0,0.0,0.0,0.0,0.0,0.0,0.0,0.0,0.0,0.0,0.0,0.0,0.0,0.0,0.0,0.0,0.0,0.0,0.0,0.0,0.0,0.0,0.0,0.0,0.0,0.0,0.0,0.0,0.0,0.0,0.0,0.0,0.0,0.0,0.0,0.0,0.0,0.0,0.0,0.0,0.0,0.0,0.0,0.0,0.0,0.0,0.0,0.0,0.0,0.0,0.0,0.0,0.0,0.0,0.0,0.0,0.0,0.0,0.0,0.0,0.0,0.0,0.0,0.0,0.0,0.0,0.0,0.0,0.0,0.0,0.0,0.0,0.0,0.0,0.0,0.0,0.0,0.0,0.0,0.0,0.0,0.0,0.0,0.0,0.0,0.0,0.0,0.0,0.0,0.0,0.0,0.0,0.0,0.0,0.0,0.0,0.0,0.0,0.0,0.0,0.0,0.0
0.1,mean_auprc,0.4632248352414925,0.7552257710253448,0.7439912203877743,0.42939940369114893,0.40616483092957467,0.5743060040970147,0.5292208942348262,0.5965360100061686,0.6169999115545072,0.7765162086590659,0.5288905305173977,0.3747334336041179,0.7405398726302643,0.46575401663997046,0.8653581554897343,1.0,0.49651242290440756,0.8454164063490689,0.9999999999999998,0.42550714760038155,0.7047307659258532,0.8310841460329951,0.4641970122611867,0.9999999999999998,0.6259424810812386,0.6660696320989866,0.37924518047834793,1.0,0.7162651307421439,0.734499489164563,0.5887520208199395,0.42638914536494404,1.0,0.5307587498509264,0.5553642802056428,0.9064933441171832,0.6175236644152625,0.9691541731402411,0.9171995248119815,0.5742102335759653,0.41326079619250683,1.0,0.5423232706779443,0.736380037015429,0.6644849009986268,0.5089608901333705,0.5862683481835949,0.6486999520851408,0.8615523026642737,0.9999999999999998,0.939426593063803,0.40483414722200656,0.5220222945473354,0.431370189914173,0.7333058794328818,0.4422416884735021,0.9999999999999999,0.4425284212394214,1.0,0.8795133624545389,0.5254295828495886,1.0,0.9999999999999999,0.623779197503276,0.4315159746846616,0.8755422458518434,1.0,0.7445792941862263,0.680255658994574,0.7070607748741228,0.4109898429021415,1.0,0.9241146225389925,0.540061865307627,0.5887816994636064,0.7850836447245789,1.0,0.4513454767745642,0.6094195909069261,0.8746180671180671,0.8774439449439448,0.469890242980115,1.0,1.0,0.5872666266128952,1.0,0.4746147499274912,0.9999999999999998,0.4818849182268251,0.7737545048189765,0.6860483408660312,0.41645216435345933,1.0,1.0,0.4432549094408779,0.42175191672923096,1.0,1.0,0.7793369825960406,0.7762485804020428,0.45279177923673,0.7873298109202775,0.9186440931216473,1.0,1.0,0.3878399847219617,0.8392103619046751,0.8443199424961315,0.49852190180631706,0.6062029641916455,0.6992008363733128,1.0,0.7702763947497433,1.0,0.9999999999999999,0.9999999999999998,0.577808118568279,0.5034670592789858,0.8476188040410736,0.7831075000685325,0.6398446961840855,0.9999999999999999,1.0,0.5064633505456043,0.9326652310108192,0.748339307265475,1.0,0.5259823947699911,0.4270466423656315,0.9999999999999998,0.9999999999999998,0.9115194805194805,0.6220873058803341,0.9571162964020106,0.5512295657869631,0.4782966434401859,0.4454633899840651,0.9469264155682842,1.0,0.7343876224590349,0.9334130994492835,1.0,0.9999999999999998,0.7783710411803462,0.40856491938353123,0.5914274934643983,1.0,1.0,0.804904566774696,0.9999999999999999,0.4877449152676593,0.8384540838075628,0.43790359925008854,1.0000000000000002,0.9698826173826174,0.40940127300661955,1.0,1.0,0.45529027708035597,0.8623487114544122,0.5440207800946816,0.9260738181965804,0.8574448105401128,1.0,1.0,0.8450860354049713,0.4287604692589996,0.8480122655122655,0.8921705568635393,0.916954426772766,0.6033320193728124,1.0,0.48323411115856885,0.7573272150721332,1.0,0.9999999999999998,0.9022485444198247,1.0,0.9999999999999998,0.9999999999999998,1.0,1.0,0.4290526255207353,0.9999999999999999,0.47805032641015005,0.8573670876766851,1.0000000000000002,1.0,1.0,1.0000000000000002,0.7953380221216463,0.8180405368866284,1.0,1.0,0.8939360242931671,1.0,1.0,0.8058664366658617,1.0,0.9047552042327585,0.5043687313193657,0.7282417023405452,1.0,0.995238095238095,0.825823779395208,1.0,0.8913281163281161,1.0,1.0000000000000002,0.4407543922227406,0.8133261489125332,1.0,0.7965583024722555,0.9999999999999998,0.599382891236997,0.9620342968014745,0.9999999999999998,0.9901360544217686,0.6489784328478738,0.9395926496240166,0.5597520709728041,0.7671834096972656,1.0,1.0,1.0,0.7240174512369499,0.6084005530049648,0.8813455988455988,1.0,0.9999999999999998,0.6465900222771476,1.0,0.9999999999999999,0.9999999999999999,0.9999999999999999,0.9028474444059864,1.0,1.0,0.7657597732728116,0.40099887189263195,1.0,1.0,1.0,0.42150944448424704,0.42925035612961043,0.9999999999999998,1.0,1.0,0.6929297120557256,1.0,1.0,1.0,1.0,1.0,1.0,0.5385436655980621,0.8171998418379156,0.9999999999999998,0.8336210253865726,1.0,0.4575163723160592,1.0,1.0,0.4413508544049809,1.0,1.0,1.0,0.6448456762687542,1.0,1.0,1.0,1.0,0.6062711265449549,1.0000000000000002,0.8055488692264563,1.0,1.0,1.0,1.0,0.9666976573983495,1.0,1.0000000000000002,1.0,1.0,0.6080322996517665,1.0,0.7317841949155692,0.41205612297221067,0.417599854922254,0.48650119077685716,0.9999999999999999,0.561897282063715,0.9999999999999998,0.5429500674123504,0.729908642792139,0.7170947224850215,1.0,1.0,0.9999999999999998,1.0,1.0,1.0
0.1,stde_auprc,0.0,0.0,0.0,0.0,0.0,0.0,0.0,0.0,0.0,0.0,0.0,0.0,0.0,0.0,0.0,0.0,0.0,0.0,0.0,0.0,0.0,0.0,0.0,0.0,0.0,0.0,0.0,0.0,0.0,0.0,0.0,0.0,0.0,0.0,0.0,0.0,0.0,0.0,0.0,0.0,0.0,0.0,0.0,0.0,0.0,0.0,0.0,0.0,0.0,0.0,0.0,0.0,0.0,0.0,0.0,0.0,0.0,0.0,0.0,0.0,0.0,0.0,0.0,0.0,0.0,0.0,0.0,0.0,0.0,0.0,0.0,0.0,0.0,0.0,0.0,0.0,0.0,0.0,0.0,0.0,0.0,0.0,0.0,0.0,0.0,0.0,0.0,0.0,0.0,0.0,0.0,0.0,0.0,0.0,0.0,0.0,0.0,0.0,0.0,0.0,0.0,0.0,0.0,0.0,0.0,0.0,0.0,0.0,0.0,0.0,0.0,0.0,0.0,0.0,0.0,0.0,0.0,0.0,0.0,0.0,0.0,0.0,0.0,0.0,0.0,0.0,0.0,0.0,0.0,0.0,0.0,0.0,0.0,0.0,0.0,0.0,0.0,0.0,0.0,0.0,0.0,0.0,0.0,0.0,0.0,0.0,0.0,0.0,0.0,0.0,0.0,0.0,0.0,0.0,0.0,0.0,0.0,0.0,0.0,0.0,0.0,0.0,0.0,0.0,0.0,0.0,0.0,0.0,0.0,0.0,0.0,0.0,0.0,0.0,0.0,0.0,0.0,0.0,0.0,0.0,0.0,0.0,0.0,0.0,0.0,0.0,0.0,0.0,0.0,0.0,0.0,0.0,0.0,0.0,0.0,0.0,0.0,0.0,0.0,0.0,0.0,0.0,0.0,0.0,0.0,0.0,0.0,0.0,0.0,0.0,0.0,0.0,0.0,0.0,0.0,0.0,0.0,0.0,0.0,0.0,0.0,0.0,0.0,0.0,0.0,0.0,0.0,0.0,0.0,0.0,0.0,0.0,0.0,0.0,0.0,0.0,0.0,0.0,0.0,0.0,0.0,0.0,0.0,0.0,0.0,0.0,0.0,0.0,0.0,0.0,0.0,0.0,0.0,0.0,0.0,0.0,0.0,0.0,0.0,0.0,0.0,0.0,0.0,0.0,0.0,0.0,0.0,0.0,0.0,0.0,0.0,0.0,0.0,0.0,0.0,0.0,0.0,0.0,0.0,0.0,0.0,0.0,0.0,0.0,0.0,0.0,0.0,0.0,0.0,0.0,0.0,0.0,0.0,0.0,0.0,0.0,0.0,0.0,0.0,0.0,0.0,0.0
0.1,mean_auprc_w,0.9881534865194102,0.9981908812240923,0.9982052809465417,0.9814644792297398,0.9826377896276477,0.9955943623162433,0.992814949629318,0.9951828569952771,0.9953322777025635,0.9986474629683719,0.9939708405460457,0.9731197693597208,0.9968924644698616,0.9892398936396862,0.9994134533859458,1.0,0.9909714267327201,0.9992776551404845,0.9999999999999999,0.9846394528837094,0.9980928259660504,0.9989635473031953,0.9888436226796451,1.0,0.9962849235383371,0.9966187372347299,0.9667491953700762,1.0,0.9961473094496949,0.9979721452606855,0.9946760459395455,0.9789493359226904,1.0,0.9936142910069361,0.9940554214931707,0.9994432797100389,0.9958862869223961,0.9998115755781873,0.9996816440984874,0.9921979525265044,0.9806422644502921,1.0,0.9944548346409394,0.997782258414515,0.9969010779538116,0.9904801290683383,0.9952070824665451,0.9964765420678104,0.9993959870745481,1.0,0.9996416668873036,0.979639423453903,0.9936607163186039,0.9824075082717506,0.9982728890098775,0.9856401501427806,0.9999999999999999,0.9872299163607565,1.0,0.9994367225523538,0.9931531890202814,1.0,0.9999999999999999,0.9959364396742207,0.9832888289100519,0.9994022705694234,1.0,0.9983265414539112,0.9967060015091145,0.9973185663768841,0.9762253449768941,1.0,0.9996425735328507,0.9928115090415012,0.9948824283004296,0.9988440475520939,1.0,0.9873903345065542,0.9957046688613875,0.9995394632536367,0.9995496221637131,0.9910111582903532,1.0,1.0,0.9939179496277076,1.0,0.9889125337075912,1.0,0.9911163829360244,0.9984279736383003,0.9971245764809661,0.9667152783830498,1.0,1.0000000000000002,0.9859818833931727,0.9835753071296434,1.0,1.0,0.9981781726346569,0.9987206717554893,0.9839452027603681,0.9982407192626759,0.9996695937007167,1.0,1.0,0.9718436649702371,0.9992422540434787,0.9990992127774124,0.9910287917141778,0.9954822819421564,0.997786553324426,1.0,0.9984627653818892,1.0,0.9999999999999998,0.9999999999999997,0.9946405582300547,0.992553511090349,0.9991142793585092,0.9985292255245111,0.9961757553012955,0.9999999999999999,1.0,0.9916382387983218,0.9997021459739299,0.9985684183402086,1.0,0.993094512790638,0.9789323501662088,1.0,0.9999999999999998,0.9994716056409714,0.9961495511564712,0.9998691062244389,0.9943327734517756,0.9911702803009467,0.9842454155806056,0.9998032564352987,1.0,0.9980554453270268,0.9996495269790527,1.0,0.9999999999999998,0.998396789170103,0.9825372335352904,0.9943497555459901,1.0,1.0,0.9988589680400332,1.0,0.9883193405535683,0.998948335449863,0.9770894326132771,1.0,0.9999027555705805,0.9841795728831604,1.0,1.0,0.9850292259882004,0.9993469522205447,0.9919898042304436,0.9996218145774167,0.9992030902235878,1.0,1.0,0.9991741439231147,0.986803312303326,0.9996171048380754,0.99952827565156,0.9996806974632122,0.9940523926224687,1.0,0.991545001597624,0.9979881991065002,1.0,0.9999999999999998,0.9996144766831314,1.0,1.0,1.0,1.0,1.0,0.9662124852208169,1.0,0.9868250124070442,0.9993085706664099,1.0,1.0,1.0,1.0,0.9987779837762991,0.9989437369576909,1.0,1.0,0.9996520262889056,1.0,1.0,0.9989557611030169,1.0,0.9996033641490907,0.9919410997770001,0.9979275069311592,1.0,0.9999858051328638,0.9993250952698411,0.9999999999999998,0.9996675481658643,1.0,1.0,0.9857666831500528,0.9988509194834713,1.0,0.9985023444865319,1.0,0.9956502298974955,0.9997581777897838,1.0,0.9999705185865533,0.9966037712302117,0.9997485246920699,0.9945314424391396,0.9985527382093063,1.0,1.0,1.0000000000000002,0.9973250074429576,0.9956809612564963,0.9997163111872817,1.0,0.9999999999999998,0.9958359360560385,1.0,0.9999999999999999,0.9999999999999999,1.0,0.9995097669840173,1.0,1.0,0.9984051876871918,0.983777416421232,1.0,1.0,1.0,0.9785096878506347,0.9885607117918048,0.9999999999999998,1.0,1.0,0.9973954244917245,1.0,1.0,1.0,1.0,1.0,1.0,0.993453754639223,0.9985692372943334,0.9999999999999998,0.9991793944710802,1.0,0.9867654200870171,1.0,1.0,0.9849843954051165,1.0,1.0,1.0,0.996885128730953,1.0,1.0,1.0,1.0,0.9952846361654014,1.0000000000000004,0.9989143059117815,1.0,1.0,1.0,1.0,0.9998785954872504,1.0,1.0000000000000002,1.0,1.0,0.9950261280639766,1.0,0.9981193078231686,0.981272544019204,0.9750818913274806,0.9843739902554165,0.9999999999999998,0.9915044982130439,0.9999999999999998,0.9936901785887253,0.9966991938125372,0.9980370118634221,1.0,1.0,0.9999999999999998,1.0,1.0,1.0
0.1,stde_auprc_w,0.0,0.0,0.0,0.0,0.0,0.0,0.0,0.0,0.0,0.0,0.0,0.0,0.0,0.0,0.0,0.0,0.0,0.0,0.0,0.0,0.0,0.0,0.0,0.0,0.0,0.0,0.0,0.0,0.0,0.0,0.0,0.0,0.0,0.0,0.0,0.0,0.0,0.0,0.0,0.0,0.0,0.0,0.0,0.0,0.0,0.0,0.0,0.0,0.0,0.0,0.0,0.0,0.0,0.0,0.0,0.0,0.0,0.0,0.0,0.0,0.0,0.0,0.0,0.0,0.0,0.0,0.0,0.0,0.0,0.0,0.0,0.0,0.0,0.0,0.0,0.0,0.0,0.0,0.0,0.0,0.0,0.0,0.0,0.0,0.0,0.0,0.0,0.0,0.0,0.0,0.0,0.0,0.0,0.0,0.0,0.0,0.0,0.0,0.0,0.0,0.0,0.0,0.0,0.0,0.0,0.0,0.0,0.0,0.0,0.0,0.0,0.0,0.0,0.0,0.0,0.0,0.0,0.0,0.0,0.0,0.0,0.0,0.0,0.0,0.0,0.0,0.0,0.0,0.0,0.0,0.0,0.0,0.0,0.0,0.0,0.0,0.0,0.0,0.0,0.0,0.0,0.0,0.0,0.0,0.0,0.0,0.0,0.0,0.0,0.0,0.0,0.0,0.0,0.0,0.0,0.0,0.0,0.0,0.0,0.0,0.0,0.0,0.0,0.0,0.0,0.0,0.0,0.0,0.0,0.0,0.0,0.0,0.0,0.0,0.0,0.0,0.0,0.0,0.0,0.0,0.0,0.0,0.0,0.0,0.0,0.0,0.0,0.0,0.0,0.0,0.0,0.0,0.0,0.0,0.0,0.0,0.0,0.0,0.0,0.0,0.0,0.0,0.0,0.0,0.0,0.0,0.0,0.0,0.0,0.0,0.0,0.0,0.0,0.0,0.0,0.0,0.0,0.0,0.0,0.0,0.0,0.0,0.0,0.0,0.0,0.0,0.0,0.0,0.0,0.0,0.0,0.0,0.0,0.0,0.0,0.0,0.0,0.0,0.0,0.0,0.0,0.0,0.0,0.0,0.0,0.0,0.0,0.0,0.0,0.0,0.0,0.0,0.0,0.0,0.0,0.0,0.0,0.0,0.0,0.0,0.0,0.0,0.0,0.0,0.0,0.0,0.0,0.0,0.0,0.0,0.0,0.0,0.0,0.0,0.0,0.0,0.0,0.0,0.0,0.0,0.0,0.0,0.0,0.0,0.0,0.0,0.0,0.0,0.0,0.0,0.0,0.0,0.0,0.0,0.0,0.0,0.0,0.0,0.0,0.0,0.0,0.0
0.1,mean_auprc_p,1.0,0.9999999999999999,0.9999999999999999,1.0,1.0000000000000002,1.0,1.0,1.0,1.0,1.0000000000000002,1.0,0.9999999999999998,1.0,1.0,1.0,1.0,0.9999999999999999,1.0,1.0,1.0,0.9999999999999998,0.9999999999999998,1.0,0.9999999999999998,0.9999999999999999,1.0,1.0,1.0,1.0,1.0,1.0,1.0,0.9999999999999999,1.0,1.0,1.0000000000000002,0.9999999999999999,0.9999999999999999,1.0,1.0,1.0,1.0,0.9999999999999998,0.9999999999999998,1.0,1.0,0.9999999999999998,1.0,1.0,0.9999999999999998,1.0,1.0,1.0,0.9999999999999998,0.9999999999999998,1.0000000000000002,0.9999999999999999,1.0000000000000002,1.0,1.0,1.0,1.0,0.9999999999999999,1.0,1.0000000000000002,1.0,1.0,0.9999999999999998,0.9999999999999998,1.0,0.9999999999999999,1.0,1.0,1.0,0.9999999999999999,1.0000000000000002,1.0000000000000002,1.0000000000000002,1.0,1.0,1.0,0.9999999999999998,1.0,1.0,1.0,1.0,1.0,0.9999999999999998,0.9999999999999998,1.0000000000000002,0.9999999999999999,0.9999999999999997,1.0,1.0,1.0,0.9999999999999999,1.0,1.0,0.9999999999999999,1.0000000000000002,1.0,1.0,1.0,0.9999999999999998,1.0,1.0,0.9999999999999998,0.9999999999999998,1.0,0.9999999999999998,1.0,0.9999999999999998,1.0,1.0,0.9999999999999999,1.0,1.0,0.9999999999999998,0.9999999999999998,1.0,1.0,0.9999999999999999,1.0,1.0,1.0,1.0000000000000002,1.0,1.0,1.0,1.0,0.9999999999999999,1.0000000000000002,1.0,0.9999999999999998,1.0,1.0,1.0,1.0,1.0000000000000002,1.0,0.9999999999999998,1.0,0.9999999999999998,0.9999999999999998,0.9999999999999999,1.0,1.0,1.0,0.9999999999999998,1.0,1.0000000000000002,1.0,1.0,1.0,1.0,1.0,1.0,1.0,1.0,1.0000000000000002,1.0,1.0,0.9999999999999998,0.9999999999999998,1.0,1.0000000000000002,1.0,1.0,1.0,1.0,1.0000000000000002,1.0,0.9999999999999998,1.0,1.0,0.9999999999999999,1.0,1.0,0.9999999999999998,0.9999999999999998,1.0,1.0,0.9999999999999999,1.0,1.0,1.0000000000000002,1.0000000000000002,1.0,1.0,1.0,0.9999999999999998,0.9999999999999998,1.0,1.0,0.9999999999999998,1.0,1.0,1.0000000000000002,1.0,1.0,1.0,1.0,1.0,0.9999999999999998,0.9999999999999998,0.9999999999999998,0.9999999999999998,1.0,1.0000000000000002,1.0,0.9999999999999998,1.0,1.0,1.0,1.0,0.9999999999999999,0.9999999999999998,0.9999999999999998,1.0,0.9999999999999998,0.9999999999999998,0.9999999999999998,1.0,1.0,1.0,1.0,0.9999999999999999,1.0,1.0,0.9999999999999998,0.9999999999999999,1.0,0.9999999999999998,0.9999999999999999,0.9999999999999999,0.9999999999999998,1.0,1.0,1.0,1.0,1.0,1.0,1.0,0.9999999999999998,1.0,0.9999999999999998,1.0,1.0,0.9999999999999999,1.0,1.0,1.0,1.0,1.0,1.0,0.9999999999999998,0.9999999999999999,0.9999999999999998,1.0000000000000002,1.0,1.0,1.0,1.0,1.0,1.0,1.0,1.0,1.0,1.0,1.0,1.0000000000000004,1.0,0.9999999999999998,1.0,0.9999999999999998,0.9999999999999998,1.0,1.0,1.0,1.0,1.0,1.0000000000000002,1.0,1.0,1.0,1.0,0.9999999999999999,1.0,0.9999999999999999,0.9999999999999998,0.9999999999999999,1.0,0.9999999999999999,0.9999999999999998,1.0,0.9999999999999998,1.0,1.0,0.9999999999999998,1.0,1.0,1.0
0.1,stde_auprc_p,0.0,0.0,0.0,0.0,0.0,0.0,0.0,0.0,0.0,0.0,0.0,0.0,0.0,0.0,0.0,0.0,0.0,0.0,0.0,0.0,0.0,0.0,0.0,0.0,0.0,0.0,0.0,0.0,0.0,0.0,0.0,0.0,0.0,0.0,0.0,0.0,0.0,0.0,0.0,0.0,0.0,0.0,0.0,0.0,0.0,0.0,0.0,0.0,0.0,0.0,0.0,0.0,0.0,0.0,0.0,0.0,0.0,0.0,0.0,0.0,0.0,0.0,0.0,0.0,0.0,0.0,0.0,0.0,0.0,0.0,0.0,0.0,0.0,0.0,0.0,0.0,0.0,0.0,0.0,0.0,0.0,0.0,0.0,0.0,0.0,0.0,0.0,0.0,0.0,0.0,0.0,0.0,0.0,0.0,0.0,0.0,0.0,0.0,0.0,0.0,0.0,0.0,0.0,0.0,0.0,0.0,0.0,0.0,0.0,0.0,0.0,0.0,0.0,0.0,0.0,0.0,0.0,0.0,0.0,0.0,0.0,0.0,0.0,0.0,0.0,0.0,0.0,0.0,0.0,0.0,0.0,0.0,0.0,0.0,0.0,0.0,0.0,0.0,0.0,0.0,0.0,0.0,0.0,0.0,0.0,0.0,0.0,0.0,0.0,0.0,0.0,0.0,0.0,0.0,0.0,0.0,0.0,0.0,0.0,0.0,0.0,0.0,0.0,0.0,0.0,0.0,0.0,0.0,0.0,0.0,0.0,0.0,0.0,0.0,0.0,0.0,0.0,0.0,0.0,0.0,0.0,0.0,0.0,0.0,0.0,0.0,0.0,0.0,0.0,0.0,0.0,0.0,0.0,0.0,0.0,0.0,0.0,0.0,0.0,0.0,0.0,0.0,0.0,0.0,0.0,0.0,0.0,0.0,0.0,0.0,0.0,0.0,0.0,0.0,0.0,0.0,0.0,0.0,0.0,0.0,0.0,0.0,0.0,0.0,0.0,0.0,0.0,0.0,0.0,0.0,0.0,0.0,0.0,0.0,0.0,0.0,0.0,0.0,0.0,0.0,0.0,0.0,0.0,0.0,0.0,0.0,0.0,0.0,0.0,0.0,0.0,0.0,0.0,0.0,0.0,0.0,0.0,0.0,0.0,0.0,0.0,0.0,0.0,0.0,0.0,0.0,0.0,0.0,0.0,0.0,0.0,0.0,0.0,0.0,0.0,0.0,0.0,0.0,0.0,0.0,0.0,0.0,0.0,0.0,0.0,0.0,0.0,0.0,0.0,0.0,0.0,0.0,0.0,0.0,0.0,0.0,0.0,0.0,0.0,0.0,0.0,0.0
0.2,mean_auroc,0.9984622222222221,0.9998160834980918,0.9998701366162797,0.9976563022400534,0.998029007357849,0.9995444061619067,0.9989653441511213,0.9994717503844484,0.9988409751336482,1.0,0.9990084403492224,0.9954389766531525,0.9998294047688678,0.9985139335769211,1.0,1.0,0.9986177246591614,1.0,1.0,0.9984198852644921,0.9998552114817295,1.0,0.9983822851526827,1.0,0.9992023928215353,0.9994077897466586,0.9928613347515911,1.0,1.0,0.9997317884347172,0.9994541420639298,0.9978769642260114,0.9999999999999999,0.9989791844881666,0.9993778393416836,1.0,0.9995046128903586,1.0,1.0,0.9994216234551256,0.9965726390021842,0.9999999999999999,0.9993180385243898,0.999835506380621,0.9995806522576033,0.9984000000000001,0.9994402769020936,0.9993142828645522,1.0,1.0,0.9998154790900904,0.9961481941828022,0.9989376313287238,0.9963678767372063,0.999835506380621,0.9977853610439231,1.0,0.9982077937558002,1.0,1.0,0.9989506700883947,1.0,1.0,0.9992502841664853,0.997340986789347,1.0,1.0,0.9998268488217062,0.9994739896974534,0.9998271851113327,0.9965748636935551,0.9999999999999999,1.0,0.9990933956175667,0.9993020937188435,0.9998208955223882,1.0,0.9982781335467947,0.9994518636635439,1.0,0.9998144466534129,0.998985407132372,1.0,1.0,0.9994279423193162,1.0,0.9985388382024232,1.0,0.9988227008503884,1.0,0.9995081422399468,0.994039670462763,1.0,0.9999999999999999,0.997581229105363,0.9973507869721052,0.9999999999999999,1.0,0.9995367808844912,0.9998388686684865,0.9968371782012705,0.9998584608258168,1.0,1.0,1.0,0.9942828910220215,1.0000000000000002,0.9999999999999999,0.9990934082002692,0.999437713124864,0.9997051792828685,1.0,0.9998964143426295,1.0,1.0,1.0,0.9993622590448303,0.9991041360849667,0.9998672243245038,0.9992796603675265,0.9996235773437845,1.0,1.0,0.9992431648323926,1.0,1.0,0.9999999999999999,0.99945414206393,0.9975495355629819,1.0,1.0,0.9998087649402391,0.9996398301837632,1.0,0.9992986529299379,0.9988321706260179,0.9971927010226589,1.0,0.9999999999999999,0.9998087649402391,1.0,1.0,0.9999999999999999,1.0,0.9968053607604799,0.9994533968233945,1.0,1.0,0.999835506380621,1.0,0.9979586806143987,0.9998160834980918,0.9934136400940313,0.9999999999999999,1.0,0.9973104980879015,1.0,1.0,0.9982128826510961,0.9999800995024876,0.998147455578072,1.0,1.0,1.0,1.0,0.9998507462686568,0.9985680146546033,1.0,1.0,1.0,0.9995118231777056,1.0,0.9989120494465642,0.999481555333998,1.0,1.0,1.0,1.0,1.0,1.0,1.0,1.0,0.9853070674014466,1.0,0.9978721078520678,0.9998308457711442,1.0,1.0,1.0,1.0,0.9998787941751944,0.9999457043056486,1.0,1.0,1.0,1.0,1.0,1.0,1.0,1.0,0.9992790754419822,0.999712147380541,0.9999999999999999,1.0,1.0,1.0,1.0,1.0,1.0,0.998026026026026,0.9999585076014074,1.0,0.999622711352829,1.0,0.9994150880691259,1.0,0.9999999999999999,1.0,0.9994150880691259,1.0,0.9994437592202955,0.9997056429969007,1.0,0.9999999999999999,1.0,0.999787691238725,0.9995646811289269,1.0,1.0,1.0,0.9996372342741058,1.0,1.0,1.0,1.0,1.0,0.9999999999999999,1.0,0.9998087649402392,0.9980106534206958,1.0,1.0,1.0,0.9966197449443912,0.9987134269426143,1.0,1.0,1.0,0.9996654232751502,1.0,1.0,1.0,1.0,1.0,1.0,0.9990015974440893,0.9999069458291792,1.0,0.9999203980099503,1.0,0.9987782346981345,1.0,0.9999999999999999,0.9984373404948683,1.0,1.0,1.0,0.9996551565589222,0.9999999999999999,1.0,1.0,1.0,0.9991656388304433,1.0,0.9999909507176081,1.0,1.0,0.9999999999999999,1.0,1.0,1.0,1.0,0.9999999999999999,1.0,0.9994454426476787,1.0,0.9998506273650668,0.9982378761659563,0.9964453386988599,0.9978807537843682,1.0,0.9994371622973783,1.0,0.9991095328555393,0.9998265586074233,0.9997922185860475,1.0,0.9999999999999999,1.0,1.0,1.0,1.0
0.2,stde_auroc,0.0,0.0,0.0,0.0,0.0,0.0,0.0,0.0,0.0,0.0,0.0,0.0,0.0,0.0,0.0,0.0,0.0,0.0,0.0,0.0,0.0,0.0,0.0,0.0,0.0,0.0,0.0,0.0,0.0,0.0,0.0,0.0,0.0,0.0,0.0,0.0,0.0,0.0,0.0,0.0,0.0,0.0,0.0,0.0,0.0,0.0,0.0,0.0,0.0,0.0,0.0,0.0,0.0,0.0,0.0,0.0,0.0,0.0,0.0,0.0,0.0,0.0,0.0,0.0,0.0,0.0,0.0,0.0,0.0,0.0,0.0,0.0,0.0,0.0,0.0,0.0,0.0,0.0,0.0,0.0,0.0,0.0,0.0,0.0,0.0,0.0,0.0,0.0,0.0,0.0,0.0,0.0,0.0,0.0,0.0,0.0,0.0,0.0,0.0,0.0,0.0,0.0,0.0,0.0,0.0,0.0,0.0,0.0,0.0,0.0,0.0,0.0,0.0,0.0,0.0,0.0,0.0,0.0,0.0,0.0,0.0,0.0,0.0,0.0,0.0,0.0,0.0,0.0,0.0,0.0,0.0,0.0,0.0,0.0,0.0,0.0,0.0,0.0,0.0,0.0,0.0,0.0,0.0,0.0,0.0,0.0,0.0,0.0,0.0,0.0,0.0,0.0,0.0,0.0,0.0,0.0,0.0,0.0,0.0,0.0,0.0,0.0,0.0,0.0,0.0,0.0,0.0,0.0,0.0,0.0,0.0,0.0,0.0,0.0,0.0,0.0,0.0,0.0,0.0,0.0,0.0,0.0,0.0,0.0,0.0,0.0,0.0,0.0,0.0,0.0,0.0,0.0,0.0,0.0,0.0,0.0,0.0,0.0,0.0,0.0,0.0,0.0,0.0,0.0,0.0,0.0,0.0,0.0,0.0,0.0,0.0,0.0,0.0,0.0,0.0,0.0,0.0,0.0,0.0,0.0,0.0,0.0,0.0,0.0,0.0,0.0,0.0,0.0,0.0,0.0,0.0,0.0,0.0,0.0,0.0,0.0,0.0,0.0,0.0,0.0,0.0,0.0,0.0,0.0,0.0,0.0,0.0,0.0,0.0,0.0,0.0,0.0,0.0,0.0,0.0,0.0,0.0,0.0,0.0,0.0,0.0,0.0,0.0,0.0,0.0,0.0,0.0,0.0,0.0,0.0,0.0,0.0,0.0,0.0,0.0,0.0,0.0,0.0,0.0,0.0,0.0,0.0,0.0,0.0,0.0,0.0,0.0,0.0,0.0,0.0,0.0,0.0,0.0,0.0,0.0,0.0,0.0,0.0,0.0,0.0,0.0,0.0
0.2,mean_auprc,0.7157171846552828,0.9581656822074441,0.9695424465858193,0.6866054357270909,0.6693612849462746,0.8691607392096327,0.7503440955144496,0.8353756870902069,0.7672309993498179,1.0000000000000002,0.7285799997733104,0.5691920464740577,0.959558958051755,0.7309587445436757,1.0,1.0,0.6967168880948894,1.0,0.9999999999999999,0.7222407225880596,0.9481166196259228,1.0,0.7134360308970012,0.9999999999999998,0.7645609331472568,0.8280024757839387,0.5301754398466567,0.9999999999999999,1.0,0.9205907791065229,0.8194057402379071,0.7020439596865384,0.9999999999999998,0.7319258793414222,0.793925943896132,1.0,0.8633271423089983,0.9999999999999998,1.0,0.8502292924126953,0.6125885109332062,1.0,0.7860809263844626,0.9351032676339054,0.8895077320375254,0.7128207320194143,0.8038782321936828,0.8048813436931963,1.0,0.9999999999999998,0.9227599263971364,0.5939956818885548,0.7369464003323943,0.5972186190455288,0.9353467229813305,0.6581904087724766,0.9999999999999998,0.7018150576533474,1.0000000000000002,1.0,0.7285218748084668,1.0,0.9999999999999999,0.7830262979538094,0.6482645266032734,1.0000000000000002,1.0000000000000002,0.949773545895866,0.828735995832239,0.9442362805742858,0.6379449761238272,1.0,1.0000000000000002,0.7832455556318441,0.7793295942008286,0.9093987314285302,1.0000000000000002,0.6984073050929561,0.8055719296309237,1.0,0.877443944943945,0.7628571479354334,1.0,1.0,0.8187294344941284,0.9999999999999998,0.7252928281178679,0.9999999999999998,0.7254742722541541,1.0000000000000002,0.848267264300299,0.565623921533841,1.0,1.0,0.6353332344480521,0.633475731050469,1.0,1.0,0.8602355914830369,0.9329771468150505,0.6151367158576971,0.964152103368383,1.0,0.9999999999999998,1.0,0.5454213771111692,0.9999999999999998,0.9999999999999998,0.7769562968564171,0.8243913914876347,0.9022461563025301,0.9999999999999998,0.9756509465791336,1.0,0.9999999999999998,0.9999999999999998,0.820954227174564,0.777649034793799,0.9696775332037479,0.7828787554110133,0.8759700404666826,0.9999999999999998,1.0,0.787760232739722,1.0000000000000002,1.0000000000000002,1.0,0.8229913394117416,0.6655258392880053,0.9999999999999998,1.0,0.9107246087246087,0.8734422865734152,0.9999999999999998,0.7970500108748826,0.7410975397550643,0.6291072851175278,1.0,1.0000000000000002,0.9058232113513982,0.9999999999999998,1.0,0.9999999999999998,0.9999999999999998,0.5907473555729381,0.8446178024740544,1.0,1.0,0.963806687293405,0.9999999999999999,0.6754462729920954,0.921010155556489,0.5377884615818841,1.0000000000000002,1.0,0.6105302897408251,1.0,1.0,0.7069492187411786,0.9951190476190477,0.6658680594276047,0.9999999999999998,0.9999999999999999,0.9999999999999998,1.0,0.9402320647618636,0.7030610405441663,0.9999999999999999,1.0,1.0,0.8921126567344914,1.0,0.7558600908257761,0.8244750632809308,1.0,0.9999999999999998,1.0,1.0,0.9999999999999998,0.9999999999999998,1.0,1.0,0.45225791568200224,0.9999999999999999,0.6858323164519939,0.9405800939256823,1.0000000000000002,1.0,1.0,1.0000000000000002,0.9631743511397715,0.9881273206372019,1.0,1.0,0.9999999999999999,1.0,1.0,1.0000000000000002,1.0000000000000002,1.0,0.7872435561778447,0.9068696181606408,1.0,0.9999999999999999,0.9999999999999999,0.9999999999999998,0.9999999999999998,1.0,1.0000000000000002,0.6741921114841732,0.9911219336219335,1.0,0.8857516403414353,0.9999999999999998,0.7805646218704894,0.9999999999999999,0.9999999999999998,0.9999999999999999,0.7805646218704895,0.9999999999999998,0.8137298740079354,0.8991471839910684,1.0,1.0,1.0,0.9484645203420903,0.8748900472670391,0.9999999999999999,1.0,0.9999999999999998,0.8897976284766993,1.0,0.9999999999999998,1.0,0.9999999999999999,0.9999999999999998,1.0,1.0,0.9262551201833071,0.6727316683237596,1.0,1.0,1.0,0.6303551464744231,0.6927381620756364,0.9999999999999998,1.0,1.0,0.8872557146649962,1.0,1.0,1.0,1.0,1.0,1.0,0.752507357263006,0.9823871057572245,0.9999999999999998,0.9804294827979041,1.0,0.7757414758376764,1.0,1.0,0.7153286199491304,1.0,1.0,1.0,0.8649428871124772,1.0,1.0,1.0000000000000002,1.0,0.7681698610587118,1.0000000000000002,0.9980237154150196,0.9999999999999998,1.0,1.0,1.0,1.0,1.0,1.0,1.0,1.0,0.8334419449468345,1.0,0.9490374568793181,0.7474165209702623,0.6387202231100526,0.7231130036766983,0.9999999999999999,0.8689295141390637,0.9999999999999998,0.7855016390530523,0.9543101424207915,0.9384485582348977,1.0,1.0000000000000002,0.9999999999999998,1.0,1.0,1.0
0.2,stde_auprc,0.0,0.0,0.0,0.0,0.0,0.0,0.0,0.0,0.0,0.0,0.0,0.0,0.0,0.0,0.0,0.0,0.0,0.0,0.0,0.0,0.0,0.0,0.0,0.0,0.0,0.0,0.0,0.0,0.0,0.0,0.0,0.0,0.0,0.0,0.0,0.0,0.0,0.0,0.0,0.0,0.0,0.0,0.0,0.0,0.0,0.0,0.0,0.0,0.0,0.0,0.0,0.0,0.0,0.0,0.0,0.0,0.0,0.0,0.0,0.0,0.0,0.0,0.0,0.0,0.0,0.0,0.0,0.0,0.0,0.0,0.0,0.0,0.0,0.0,0.0,0.0,0.0,0.0,0.0,0.0,0.0,0.0,0.0,0.0,0.0,0.0,0.0,0.0,0.0,0.0,0.0,0.0,0.0,0.0,0.0,0.0,0.0,0.0,0.0,0.0,0.0,0.0,0.0,0.0,0.0,0.0,0.0,0.0,0.0,0.0,0.0,0.0,0.0,0.0,0.0,0.0,0.0,0.0,0.0,0.0,0.0,0.0,0.0,0.0,0.0,0.0,0.0,0.0,0.0,0.0,0.0,0.0,0.0,0.0,0.0,0.0,0.0,0.0,0.0,0.0,0.0,0.0,0.0,0.0,0.0,0.0,0.0,0.0,0.0,0.0,0.0,0.0,0.0,0.0,0.0,0.0,0.0,0.0,0.0,0.0,0.0,0.0,0.0,0.0,0.0,0.0,0.0,0.0,0.0,0.0,0.0,0.0,0.0,0.0,0.0,0.0,0.0,0.0,0.0,0.0,0.0,0.0,0.0,0.0,0.0,0.0,0.0,0.0,0.0,0.0,0.0,0.0,0.0,0.0,0.0,0.0,0.0,0.0,0.0,0.0,0.0,0.0,0.0,0.0,0.0,0.0,0.0,0.0,0.0,0.0,0.0,0.0,0.0,0.0,0.0,0.0,0.0,0.0,0.0,0.0,0.0,0.0,0.0,0.0,0.0,0.0,0.0,0.0,0.0,0.0,0.0,0.0,0.0,0.0,0.0,0.0,0.0,0.0,0.0,0.0,0.0,0.0,0.0,0.0,0.0,0.0,0.0,0.0,0.0,0.0,0.0,0.0,0.0,0.0,0.0,0.0,0.0,0.0,0.0,0.0,0.0,0.0,0.0,0.0,0.0,0.0,0.0,0.0,0.0,0.0,0.0,0.0,0.0,0.0,0.0,0.0,0.0,0.0,0.0,0.0,0.0,0.0,0.0,0.0,0.0,0.0,0.0,0.0,0.0,0.0,0.0,0.0,0.0,0.0,0.0,0.0,0.0,0.0,0.0,0.0,0.0,0.0
0.2,mean_auprc_w,0.9960813122412592,0.9997628275160877,0.9998468186358069,0.9940415152541469,0.9936621047473101,0.9991311837202959,0.9971409545301673,0.9985235285676679,0.9976822049753034,1.0000000000000002,0.9971752826451097,0.9883579833137277,0.9996460619558545,0.9965544274276603,1.0000000000000002,1.0000000000000002,0.996403791210907,1.0,0.9999999999999999,0.9960379928159523,0.9997530687677252,1.0,0.9959640869481649,1.0,0.9980299121496308,0.9986034582987798,0.9837493977337068,1.0,1.0,0.9995414640503137,0.9983561679441129,0.9944144945102026,0.9999999999999998,0.9971822881363566,0.9979050656535625,1.0,0.9989784082640186,0.9999999999999998,1.0,0.9981457814800972,0.9918820443512132,1.0,0.9980543632690835,0.9996714177813104,0.9992622048006028,0.996109433748969,0.9983281164892515,0.9983385343771782,1.0000000000000002,1.0,0.9995256045679879,0.9909517423115685,0.9973065230998185,0.9905979239318677,0.9996726353320068,0.9937943906725802,0.9999999999999998,0.9957302363097641,1.0,1.0,0.9968594717341609,1.0,1.0,0.9978782849174072,0.9931850561495195,1.0000000000000002,1.0,0.9997500763133071,0.9985306173201903,0.9996355994082954,0.9915696984544702,1.0,1.0000000000000002,0.9975896816500172,0.9980115053689572,0.9995828133147107,1.0000000000000002,0.9953253220239511,0.9985097507513344,1.0,0.9995496221637132,0.9975846823655198,1.0,1.0,0.9981573641923744,0.9999999999999998,0.9962738139754037,1.0,0.9967659009524559,1.0000000000000002,0.9988573937783033,0.9838699172998422,1.0,1.0000000000000002,0.9933189102728532,0.9930905877684342,1.0,1.0,0.9989617471262813,0.9996892326745088,0.991633385661773,0.9997650017003541,1.0000000000000002,1.0,1.0,0.986245185542457,1.0000000000000002,0.9999999999999998,0.9970434932870531,0.998456484200219,0.9994471851707742,1.0,0.9998713416945391,1.0,0.9999999999999998,0.9999999999999999,0.9982795948776063,0.9976336083257533,0.9998419064299898,0.9984905540571555,0.999217192947948,0.9999999999999998,1.0,0.9973217073255354,1.0000000000000002,1.0000000000000002,1.0,0.9984094277534787,0.9929908612325558,1.0,0.9999999999999999,0.9994672443112309,0.9992180759515836,0.9999999999999998,0.9981596342672173,0.9971091581523697,0.9916379985176365,1.0,1.0,0.9994396520699234,0.9999999999999999,1.0,0.9999999999999998,0.9999999999999998,0.9920058713369864,0.9984972118934988,1.0000000000000002,1.0,0.9998116855549922,1.0,0.9945298109197666,0.9995322116546682,0.9841402809965749,1.0,1.0,0.9927791413598382,1.0,1.0,0.9953971168380051,0.9999795799785511,0.9947554784759903,0.9999999999999998,0.9999999999999999,0.9999999999999998,1.0,0.9997385315435048,0.9957732997263811,1.0,1.0,1.0,0.9989150326212161,1.0,0.9973223842643105,0.998596303145979,1.0,0.9999999999999998,1.0,1.0,1.0,1.0,1.0,1.0,0.9688597937021762,1.0,0.9946631259267067,0.9997402168723115,1.0,1.0,1.0,1.0000000000000002,0.999819785630053,0.9999430564375708,1.0,1.0,0.9999999999999999,1.0,1.0,1.0000000000000002,1.0,1.0000000000000002,0.9976623232116449,0.999433740693989,1.0,0.9999999999999999,0.9999999999999999,0.9999999999999998,1.0,1.0,1.0,0.9946097253861557,0.9999556719032429,1.0,0.9992608472015017,1.0,0.9979190537251499,1.0,1.0,0.9999999999999999,0.9979190537251499,1.0000000000000002,0.9983419628098311,0.9994692263717421,1.0,1.0,1.0000000000000002,0.9996571517640112,0.9990248340979706,1.0,1.0,0.9999999999999998,0.9991218287499378,1.0,0.9999999999999998,1.0,1.0,0.9999999999999998,1.0,1.0,0.9995890389489448,0.9947692954900527,1.0,1.0,1.0,0.9909252988682652,0.9964581485745212,0.9999999999999998,1.0,1.0,0.9992558868165186,1.0,1.0,1.0,1.0,1.0,1.0,0.9973763084308039,0.9998902877610891,0.9999999999999998,0.999913665018328,1.0,0.9970454151519643,1.0,1.0,0.9951620039287561,1.0,1.0,1.0,0.9991524404181756,1.0,1.0,1.0000000000000002,1.0,0.997765801400871,1.0000000000000002,0.9999909525188186,0.9999999999999998,1.0,1.0,1.0,1.0,1.0,1.0000000000000002,1.0,1.0,0.9984036387856523,1.0,0.9997360247829195,0.99595690643391,0.99053246894502,0.99456970010034,0.9999999999999998,0.9984147203677818,0.9999999999999998,0.997843967977028,0.9996261397009364,0.999690007806967,1.0,1.0,0.9999999999999998,1.0,1.0,1.0
0.2,stde_auprc_w,0.0,0.0,0.0,0.0,0.0,0.0,0.0,0.0,0.0,0.0,0.0,0.0,0.0,0.0,0.0,0.0,0.0,0.0,0.0,0.0,0.0,0.0,0.0,0.0,0.0,0.0,0.0,0.0,0.0,0.0,0.0,0.0,0.0,0.0,0.0,0.0,0.0,0.0,0.0,0.0,0.0,0.0,0.0,0.0,0.0,0.0,0.0,0.0,0.0,0.0,0.0,0.0,0.0,0.0,0.0,0.0,0.0,0.0,0.0,0.0,0.0,0.0,0.0,0.0,0.0,0.0,0.0,0.0,0.0,0.0,0.0,0.0,0.0,0.0,0.0,0.0,0.0,0.0,0.0,0.0,0.0,0.0,0.0,0.0,0.0,0.0,0.0,0.0,0.0,0.0,0.0,0.0,0.0,0.0,0.0,0.0,0.0,0.0,0.0,0.0,0.0,0.0,0.0,0.0,0.0,0.0,0.0,0.0,0.0,0.0,0.0,0.0,0.0,0.0,0.0,0.0,0.0,0.0,0.0,0.0,0.0,0.0,0.0,0.0,0.0,0.0,0.0,0.0,0.0,0.0,0.0,0.0,0.0,0.0,0.0,0.0,0.0,0.0,0.0,0.0,0.0,0.0,0.0,0.0,0.0,0.0,0.0,0.0,0.0,0.0,0.0,0.0,0.0,0.0,0.0,0.0,0.0,0.0,0.0,0.0,0.0,0.0,0.0,0.0,0.0,0.0,0.0,0.0,0.0,0.0,0.0,0.0,0.0,0.0,0.0,0.0,0.0,0.0,0.0,0.0,0.0,0.0,0.0,0.0,0.0,0.0,0.0,0.0,0.0,0.0,0.0,0.0,0.0,0.0,0.0,0.0,0.0,0.0,0.0,0.0,0.0,0.0,0.0,0.0,0.0,0.0,0.0,0.0,0.0,0.0,0.0,0.0,0.0,0.0,0.0,0.0,0.0,0.0,0.0,0.0,0.0,0.0,0.0,0.0,0.0,0.0,0.0,0.0,0.0,0.0,0.0,0.0,0.0,0.0,0.0,0.0,0.0,0.0,0.0,0.0,0.0,0.0,0.0,0.0,0.0,0.0,0.0,0.0,0.0,0.0,0.0,0.0,0.0,0.0,0.0,0.0,0.0,0.0,0.0,0.0,0.0,0.0,0.0,0.0,0.0,0.0,0.0,0.0,0.0,0.0,0.0,0.0,0.0,0.0,0.0,0.0,0.0,0.0,0.0,0.0,0.0,0.0,0.0,0.0,0.0,0.0,0.0,0.0,0.0,0.0,0.0,0.0,0.0,0.0,0.0,0.0,0.0,0.0,0.0,0.0,0.0,0.0
0.2,mean_auprc_p,1.0,0.9999999999999999,0.9999999999999998,1.0,1.0,1.0,1.0,1.0,1.0,1.0000000000000002,1.0,0.9999999999999998,1.0,1.0,1.0,1.0,0.9999999999999999,1.0,0.9999999999999998,1.0,0.9999999999999998,1.0,1.0,0.9999999999999998,0.9999999999999999,1.0,1.0,0.9999999999999999,1.0,0.9999999999999999,1.0,1.0,0.9999999999999999,1.0,1.0,1.0000000000000002,1.0,0.9999999999999999,1.0,1.0,1.0,1.0,0.9999999999999998,0.9999999999999998,0.9999999999999998,1.0,0.9999999999999999,1.0,1.0,0.9999999999999998,1.0,1.0,1.0,0.9999999999999996,0.9999999999999998,1.0,0.9999999999999999,1.0,1.0000000000000002,1.0,1.0,1.0,0.9999999999999999,1.0,1.0000000000000004,1.0000000000000002,1.0,0.9999999999999998,0.9999999999999998,0.9999999999999999,0.9999999999999999,1.0,1.0,1.0,0.9999999999999999,1.0000000000000002,1.0000000000000002,1.0000000000000002,0.9999999999999999,1.0,1.0,0.9999999999999998,1.0,1.0,1.0,0.9999999999999998,1.0,0.9999999999999998,0.9999999999999998,1.0000000000000002,1.0,0.9999999999999999,1.0,1.0,1.0000000000000002,0.9999999999999999,1.0,1.0,0.9999999999999999,1.0000000000000002,1.0,1.0,1.0,0.9999999999999998,1.0,1.0,0.9999999999999998,0.9999999999999998,1.0000000000000002,0.9999999999999998,1.0,1.0,1.0,1.0,0.9999999999999999,0.9999999999999999,1.0,0.9999999999999998,0.9999999999999999,1.0,1.0,0.9999999999999999,1.0,1.0,1.0,1.0000000000000002,1.0,1.0,1.0,1.0,1.0,1.0000000000000002,1.0,0.9999999999999998,1.0,1.0,1.0,1.0,1.0,1.0,0.9999999999999998,1.0,0.9999999999999998,0.9999999999999999,0.9999999999999999,1.0,1.0,1.0,0.9999999999999998,1.0,1.0,1.0,1.0,1.0,1.0,1.0,1.0,1.0,1.0000000000000002,1.0000000000000002,1.0,1.0,0.9999999999999998,0.9999999999999998,1.0,1.0000000000000002,1.0,1.0,1.0000000000000002,1.0,1.0,1.0,0.9999999999999998,1.0,1.0,0.9999999999999999,1.0,1.0,0.9999999999999998,0.9999999999999998,1.0,1.0,0.9999999999999999,0.9999999999999999,1.0,1.0000000000000002,1.0000000000000002,1.0,1.0,1.0,0.9999999999999998,0.9999999999999998,1.0,1.0,0.9999999999999998,1.0,1.0,1.0000000000000002,1.0,1.0,1.0,1.0,1.0,0.9999999999999998,0.9999999999999998,0.9999999999999998,0.9999999999999998,1.0,1.0000000000000002,1.0,0.9999999999999998,1.0,1.0,0.9999999999999998,1.0,0.9999999999999999,0.9999999999999998,0.9999999999999998,1.0,0.9999999999999998,0.9999999999999998,0.9999999999999998,1.0,1.0,1.0,1.0,0.9999999999999998,1.0,1.0,0.9999999999999998,1.0,1.0,0.9999999999999998,0.9999999999999998,0.9999999999999999,0.9999999999999999,1.0,1.0,1.0,1.0,1.0,1.0,1.0,0.9999999999999998,1.0,0.9999999999999998,1.0,1.0,1.0,1.0,1.0,1.0,1.0,1.0,1.0,0.9999999999999998,0.9999999999999999,0.9999999999999998,1.0000000000000002,1.0,1.0000000000000002,1.0,1.0,1.0,1.0,1.0,1.0,1.0,1.0,1.0,1.0000000000000004,1.0,1.0,1.0000000000000002,0.9999999999999998,0.9999999999999998,1.0,1.0,1.0,1.0,1.0,1.0000000000000002,1.0,1.0,1.0,1.0,0.9999999999999999,1.0,0.9999999999999998,0.9999999999999998,1.0,1.0,0.9999999999999999,0.9999999999999998,1.0,0.9999999999999998,1.0,1.0000000000000002,0.9999999999999998,1.0,1.0,1.0
0.2,stde_auprc_p,0.0,0.0,0.0,0.0,0.0,0.0,0.0,0.0,0.0,0.0,0.0,0.0,0.0,0.0,0.0,0.0,0.0,0.0,0.0,0.0,0.0,0.0,0.0,0.0,0.0,0.0,0.0,0.0,0.0,0.0,0.0,0.0,0.0,0.0,0.0,0.0,0.0,0.0,0.0,0.0,0.0,0.0,0.0,0.0,0.0,0.0,0.0,0.0,0.0,0.0,0.0,0.0,0.0,0.0,0.0,0.0,0.0,0.0,0.0,0.0,0.0,0.0,0.0,0.0,0.0,0.0,0.0,0.0,0.0,0.0,0.0,0.0,0.0,0.0,0.0,0.0,0.0,0.0,0.0,0.0,0.0,0.0,0.0,0.0,0.0,0.0,0.0,0.0,0.0,0.0,0.0,0.0,0.0,0.0,0.0,0.0,0.0,0.0,0.0,0.0,0.0,0.0,0.0,0.0,0.0,0.0,0.0,0.0,0.0,0.0,0.0,0.0,0.0,0.0,0.0,0.0,0.0,0.0,0.0,0.0,0.0,0.0,0.0,0.0,0.0,0.0,0.0,0.0,0.0,0.0,0.0,0.0,0.0,0.0,0.0,0.0,0.0,0.0,0.0,0.0,0.0,0.0,0.0,0.0,0.0,0.0,0.0,0.0,0.0,0.0,0.0,0.0,0.0,0.0,0.0,0.0,0.0,0.0,0.0,0.0,0.0,0.0,0.0,0.0,0.0,0.0,0.0,0.0,0.0,0.0,0.0,0.0,0.0,0.0,0.0,0.0,0.0,0.0,0.0,0.0,0.0,0.0,0.0,0.0,0.0,0.0,0.0,0.0,0.0,0.0,0.0,0.0,0.0,0.0,0.0,0.0,0.0,0.0,0.0,0.0,0.0,0.0,0.0,0.0,0.0,0.0,0.0,0.0,0.0,0.0,0.0,0.0,0.0,0.0,0.0,0.0,0.0,0.0,0.0,0.0,0.0,0.0,0.0,0.0,0.0,0.0,0.0,0.0,0.0,0.0,0.0,0.0,0.0,0.0,0.0,0.0,0.0,0.0,0.0,0.0,0.0,0.0,0.0,0.0,0.0,0.0,0.0,0.0,0.0,0.0,0.0,0.0,0.0,0.0,0.0,0.0,0.0,0.0,0.0,0.0,0.0,0.0,0.0,0.0,0.0,0.0,0.0,0.0,0.0,0.0,0.0,0.0,0.0,0.0,0.0,0.0,0.0,0.0,0.0,0.0,0.0,0.0,0.0,0.0,0.0,0.0,0.0,0.0,0.0,0.0,0.0,0.0,0.0,0.0,0.0,0.0,0.0,0.0,0.0,0.0,0.0,0.0
0.3,mean_auroc,0.9949333333333332,0.9993026499302649,0.9994286011116307,0.9940320962888666,0.9936590575357096,0.9988752527122071,0.9970957927410186,0.9976639628112269,0.9975987666644484,0.9996019108280255,0.9980592033664659,0.9893838249685447,0.9991226530970345,0.9963916307647561,0.9996021483986475,1.0,0.9956954999842327,0.9996353026987601,0.9998091349664741,0.9947468481088654,0.9993575009501745,0.9996104098488391,0.9948294006627412,0.9998318454200807,0.9987105350614822,0.9986909036505087,0.9866740330478477,1.0,0.9996051938936654,0.9992796603675265,0.9980572153028044,0.9935707121364092,1.0,0.9970459081836327,0.9976757016915726,0.9994661354581673,0.9989641905889316,0.9996287741296817,0.9996958210491833,0.9963036085477965,0.9925729547667289,1.0,0.9978576115907716,0.9994199435527159,0.9990238134521257,0.9966622222222221,0.9985138386710759,0.9982420706163974,0.9996021483986473,0.9998012718600953,0.9994390564338751,0.9925520964828803,0.9974291852043152,0.9920539338443795,0.9988658597821758,0.994588577855151,1.0,0.9934867564046896,1.0,0.9997412935323383,0.9968976333048188,0.9996520182938954,1.0,0.9980471111756027,0.9937956358418099,0.9996019900497511,1.0,0.9994632313472893,0.9984401073786549,0.9993220338983051,0.9920225779393261,1.0,0.9996587807097361,0.9970445721544403,0.9980990362246593,0.9996019900497513,0.9998009950248756,0.9948344006403842,0.9989677952105698,0.9998144466534129,0.9996421471172963,0.9971235212848631,1.0,0.9998479105245917,0.9979114497884466,1.0,0.9950555328456996,0.9998012718600954,0.9963156843576888,0.9996175298804781,0.9985576603522766,0.9862515361102361,1.0,1.0,0.9943844459165909,0.9935810384618238,0.9998013508144616,1.0,0.998919155397146,0.9994218228692751,0.9927883650952859,0.9993116049255633,0.9995579426651637,0.9998471322000734,1.0,0.9892271577054186,0.9996334848262718,0.999601831574756,0.9958618471076797,0.9984159229969285,0.9991474103585658,0.9999999999999999,0.9994741035856574,0.9999999999999999,0.9998441639395356,0.9998174334461927,0.9974434906057985,0.9965892409981868,0.9993776140211115,0.9991417229910954,0.9990626337776597,1.0,1.0,0.9976138669021266,0.9996517412935323,0.9995721393034827,1.0,0.9982156901874699,0.9920006315290898,1.0,0.9998095337038768,0.9996254980079681,0.999256670804788,0.9997728369821393,0.9977085298314348,0.9963787045289242,0.9932825345899338,0.9996958210491833,1.0,0.9986055776892431,0.9996348668923853,0.9999999999999999,1.0,0.9996104098488391,0.9929465630727902,0.9978240988931286,1.0,1.0,0.9993679981992277,0.9999006951340617,0.9948427798918484,0.9992566708047879,0.9882994162458908,1.0,0.9993240556660039,0.9935373428506364,1.0,1.0,0.9940416583216503,0.9996119402985074,0.9958817850526627,0.9997143005558153,0.9996017522899243,1.0,1.0,0.9992935323383083,0.9950996345647787,0.9998411122144986,1.0,0.999461837240863,0.9987074937466874,1.0,0.996546939547791,0.9988966434031239,0.9998011928429423,0.9998012323593719,0.9995203331929431,1.0,1.0,0.9998471322000734,1.0,1.0,0.9813044160451884,1.0,0.9940899981781746,0.9991741293532338,1.0,1.0,1.0,1.0,0.9991342441085312,0.9995113387508371,0.9999999999999999,1.0,0.9998012323593719,1.0,1.0,0.999526084319078,1.0,0.9996131998320182,0.9969277522681396,0.9987526386490118,0.9998013508144616,0.9997018485390579,0.999716046227674,0.9998190143521619,0.9996636908401615,0.9999999999999999,1.0,0.9944784784784784,0.9995103896966074,0.9999097049156644,0.9987898288675646,0.9998777057600587,0.9977401129943503,0.9996277833167165,0.9998012718600954,0.9997302439162903,0.9980325689597872,0.999434519446248,0.9979382814578346,0.9992727650511661,1.0,1.0,0.9998013113451223,0.9990478273736763,0.9979503736486977,1.0,1.0,1.0,0.9989540254903383,1.0,1.0,0.9998722208024533,1.0,0.9995294373156209,1.0,0.9998735868819302,0.9993386454183267,0.9945956765412329,1.0,0.9999999999999999,1.0,0.9918507487383139,0.9967225660477808,1.0,1.0,1.0,0.9986403371394401,1.0,0.9999999999999999,1.0,1.0,1.0,0.9999999999999999,0.9962006735169676,0.9990428713858426,1.0,0.9990746268656716,1.0,0.9961005678867292,1.0,1.0,0.9945463968526937,1.0,1.0,1.0,0.9988965009885512,1.0,1.0,0.9996398240824993,1.0,0.9977568985948873,0.9998121256326946,0.9995384865980127,1.0,0.9996156394963552,1.0,0.9999999999999999,0.9997075202395993,1.0,0.9998010741993237,1.0,1.0,0.9985359685898715,1.0,0.9994274048994225,0.9937006710842865,0.9906076458752516,0.994102564102564,1.0,0.9976194049763192,0.9998012323593719,0.9968536827562386,0.9989015378470142,0.9992467923744222,1.0,1.0,1.0,1.0,1.0,1.0
0.3,stde_auroc,0.0,0.0,0.0,0.0,0.0,0.0,0.0,0.0,0.0,0.0,0.0,0.0,0.0,0.0,0.0,0.0,0.0,0.0,0.0,0.0,0.0,0.0,0.0,0.0,0.0,0.0,0.0,0.0,0.0,0.0,0.0,0.0,0.0,0.0,0.0,0.0,0.0,0.0,0.0,0.0,0.0,0.0,0.0,0.0,0.0,0.0,0.0,0.0,0.0,0.0,0.0,0.0,0.0,0.0,0.0,0.0,0.0,0.0,0.0,0.0,0.0,0.0,0.0,0.0,0.0,0.0,0.0,0.0,0.0,0.0,0.0,0.0,0.0,0.0,0.0,0.0,0.0,0.0,0.0,0.0,0.0,0.0,0.0,0.0,0.0,0.0,0.0,0.0,0.0,0.0,0.0,0.0,0.0,0.0,0.0,0.0,0.0,0.0,0.0,0.0,0.0,0.0,0.0,0.0,0.0,0.0,0.0,0.0,0.0,0.0,0.0,0.0,0.0,0.0,0.0,0.0,0.0,0.0,0.0,0.0,0.0,0.0,0.0,0.0,0.0,0.0,0.0,0.0,0.0,0.0,0.0,0.0,0.0,0.0,0.0,0.0,0.0,0.0,0.0,0.0,0.0,0.0,0.0,0.0,0.0,0.0,0.0,0.0,0.0,0.0,0.0,0.0,0.0,0.0,0.0,0.0,0.0,0.0,0.0,0.0,0.0,0.0,0.0,0.0,0.0,0.0,0.0,0.0,0.0,0.0,0.0,0.0,0.0,0.0,0.0,0.0,0.0,0.0,0.0,0.0,0.0,0.0,0.0,0.0,0.0,0.0,0.0,0.0,0.0,0.0,0.0,0.0,0.0,0.0,0.0,0.0,0.0,0.0,0.0,0.0,0.0,0.0,0.0,0.0,0.0,0.0,0.0,0.0,0.0,0.0,0.0,0.0,0.0,0.0,0.0,0.0,0.0,0.0,0.0,0.0,0.0,0.0,0.0,0.0,0.0,0.0,0.0,0.0,0.0,0.0,0.0,0.0,0.0,0.0,0.0,0.0,0.0,0.0,0.0,0.0,0.0,0.0,0.0,0.0,0.0,0.0,0.0,0.0,0.0,0.0,0.0,0.0,0.0,0.0,0.0,0.0,0.0,0.0,0.0,0.0,0.0,0.0,0.0,0.0,0.0,0.0,0.0,0.0,0.0,0.0,0.0,0.0,0.0,0.0,0.0,0.0,0.0,0.0,0.0,0.0,0.0,0.0,0.0,0.0,0.0,0.0,0.0,0.0,0.0,0.0,0.0,0.0,0.0,0.0,0.0,0.0,0.0,0.0,0.0,0.0,0.0,0.0
0.3,mean_auprc,0.4565745993654868,0.7924811952422692,0.7688127290375824,0.4644056845738609,0.40797223383107134,0.704192098847566,0.5606190076013954,0.5664440767210628,0.6300028509687635,0.7921646372317488,0.6267652382061989,0.35851460983822936,0.7871784204602904,0.5525400027979397,0.7726978383196133,1.0,0.45213800538273774,0.7940620653855949,0.9070150798275798,0.44399536485886265,0.7410860912142131,0.8098254733555581,0.4536361031062121,0.9053743265281726,0.6904358381185235,0.7149214198891504,0.37625691783411896,0.9999999999999999,0.8717616665099672,0.741077183078566,0.6058614463447717,0.44187555264713363,0.9999999999999998,0.5246607437334754,0.567630897702308,0.7785242683088288,0.7068251859655748,0.863705332189148,0.8275301617179235,0.5160410576003643,0.4268882536727827,1.0,0.5679043050349422,0.7443510515081825,0.7167611384848859,0.5675807837819294,0.620338555183868,0.6292887919079504,0.7726978383196133,0.8272255522255522,0.7834595377045012,0.4254756594367235,0.5617533197274649,0.4079226558738819,0.6428180056692366,0.46052138565112,0.9999999999999998,0.39063378615157873,1.0000000000000002,0.8544688236600001,0.5138007403224629,0.8758745114105021,0.9999999999999999,0.6281316570712188,0.45613057752707675,0.7943710559306534,1.0,0.7735967458413864,0.6637478789785786,0.7737936801079665,0.4251224761957098,1.0,0.8285500829339646,0.5510294255182244,0.5779779213938487,0.7809186749782725,0.8719456931956932,0.45992596522354096,0.6947201626480475,0.8748958448958447,0.7773377385142091,0.5612222117709889,1.0,0.9326988371106019,0.6048968255821923,0.9999999999999998,0.44386832975759377,0.8290562002100462,0.4854457449669745,0.8227381605945343,0.6497527003129068,0.3671434009187899,1.0,1.0,0.45948382092205825,0.43352432314261585,0.8087990292535747,1.0,0.7168679536669206,0.7343869269875942,0.42736987004698845,0.7990359683047232,0.7631288636448595,0.9101362312900774,1.0,0.38442204905656696,0.7996113644109407,0.7936037541124792,0.45903280897197796,0.6323431369140405,0.7178229196247228,0.9999999999999998,0.7907436309698619,1.0,0.9459465655117828,0.9190927189640424,0.5611783663664545,0.49328246893007266,0.766770562836776,0.7487176375549716,0.708348325498084,0.9999999999999998,1.0,0.5905160451399746,0.8186677825958013,0.7992201039508046,1.0,0.6103360887847309,0.3944620637232935,0.9999999999999998,0.9015475511386805,0.8352915319974143,0.7572684399647551,0.825823779395208,0.5707054832058305,0.4853806015733574,0.4368618531348803,0.8196169964518171,1.0000000000000002,0.6042138792593537,0.8303061607724922,1.0,1.0,0.806306094184005,0.40077161956919544,0.6038705862833049,1.0,1.0,0.7616468513404485,0.9430122655122654,0.4770714102356717,0.7278914722306523,0.41131421386902245,1.0,0.6731424406347007,0.411085138026234,1.0,1.0,0.42676308102320326,0.8147202206641566,0.5277974773759044,0.8597468804508783,0.7990597173724108,0.9999999999999998,1.0,0.7004234438143779,0.428718016057164,0.8813455988455987,1.0,0.7207070072827676,0.7538944547750881,1.0,0.49704283103159497,0.7196282966455609,0.8412847337847337,0.8354849515563801,0.7495182287410479,1.0,0.9999999999999998,0.9101362312900774,1.0,1.0,0.3915347816836924,0.9999999999999999,0.4538269881639307,0.6711183337945015,1.0000000000000002,1.0,1.0,1.0,0.6813428787786768,0.7758307563592441,1.0,1.0,0.8344122147693576,1.0,1.0,0.78120538343338,1.0000000000000002,0.7761770751321835,0.5016772331704608,0.6525721782092745,0.8087990292535747,0.7984729556158128,0.8048221619650191,0.9190189531592693,0.7966460889537812,1.0,1.0000000000000002,0.43975436520245303,0.7895055099060939,0.9536042240587697,0.6867925151692951,0.9396797646797646,0.5356223533866931,0.852302643849622,0.826802897956744,0.8106663178091751,0.5830897461733288,0.7508469373110785,0.5741657740204595,0.7136148365634749,1.0,1.0,0.818322187072187,0.713424521632351,0.5791524844491536,0.9999999999999999,1.0,1.0,0.7065693829692546,1.0,0.9999999999999998,0.9390563801278087,0.9999999999999999,0.8012943888756582,1.0,0.9254656959202415,0.7477758821644915,0.4441080481028286,1.0,1.0,1.0,0.42200386953752367,0.5043527401212696,0.9999999999999998,1.0,1.0,0.6320476313088672,1.0,1.0,1.0,1.0,1.0,1.0,0.4542146144286142,0.7236610916154933,1.0,0.6574733792036423,1.0,0.5081829276374836,1.0,1.0,0.44478906848569155,1.0,1.0,1.0,0.6563672839237753,1.0,1.0,0.8372613884579541,1.0,0.5764364958432115,0.8872913717211963,0.7852723506759288,0.9999999999999998,0.7830226364049894,1.0,1.0,0.835494256446724,1.0,0.8595135939434185,1.0,1.0,0.6599035103716577,1.0,0.7730907826580332,0.4380326022559358,0.40655755814935485,0.49040561821505374,0.9999999999999999,0.6253739603204094,0.8366754277468563,0.5580913417976872,0.7255412549488517,0.7004505853557454,1.0,1.0000000000000002,1.0,1.0,1.0,1.0
0.3,stde_auprc,0.0,0.0,0.0,0.0,0.0,0.0,0.0,0.0,0.0,0.0,0.0,0.0,0.0,0.0,0.0,0.0,0.0,0.0,0.0,0.0,0.0,0.0,0.0,0.0,0.0,0.0,0.0,0.0,0.0,0.0,0.0,0.0,0.0,0.0,0.0,0.0,0.0,0.0,0.0,0.0,0.0,0.0,0.0,0.0,0.0,0.0,0.0,0.0,0.0,0.0,0.0,0.0,0.0,0.0,0.0,0.0,0.0,0.0,0.0,0.0,0.0,0.0,0.0,0.0,0.0,0.0,0.0,0.0,0.0,0.0,0.0,0.0,0.0,0.0,0.0,0.0,0.0,0.0,0.0,0.0,0.0,0.0,0.0,0.0,0.0,0.0,0.0,0.0,0.0,0.0,0.0,0.0,0.0,0.0,0.0,0.0,0.0,0.0,0.0,0.0,0.0,0.0,0.0,0.0,0.0,0.0,0.0,0.0,0.0,0.0,0.0,0.0,0.0,0.0,0.0,0.0,0.0,0.0,0.0,0.0,0.0,0.0,0.0,0.0,0.0,0.0,0.0,0.0,0.0,0.0,0.0,0.0,0.0,0.0,0.0,0.0,0.0,0.0,0.0,0.0,0.0,0.0,0.0,0.0,0.0,0.0,0.0,0.0,0.0,0.0,0.0,0.0,0.0,0.0,0.0,0.0,0.0,0.0,0.0,0.0,0.0,0.0,0.0,0.0,0.0,0.0,0.0,0.0,0.0,0.0,0.0,0.0,0.0,0.0,0.0,0.0,0.0,0.0,0.0,0.0,0.0,0.0,0.0,0.0,0.0,0.0,0.0,0.0,0.0,0.0,0.0,0.0,0.0,0.0,0.0,0.0,0.0,0.0,0.0,0.0,0.0,0.0,0.0,0.0,0.0,0.0,0.0,0.0,0.0,0.0,0.0,0.0,0.0,0.0,0.0,0.0,0.0,0.0,0.0,0.0,0.0,0.0,0.0,0.0,0.0,0.0,0.0,0.0,0.0,0.0,0.0,0.0,0.0,0.0,0.0,0.0,0.0,0.0,0.0,0.0,0.0,0.0,0.0,0.0,0.0,0.0,0.0,0.0,0.0,0.0,0.0,0.0,0.0,0.0,0.0,0.0,0.0,0.0,0.0,0.0,0.0,0.0,0.0,0.0,0.0,0.0,0.0,0.0,0.0,0.0,0.0,0.0,0.0,0.0,0.0,0.0,0.0,0.0,0.0,0.0,0.0,0.0,0.0,0.0,0.0,0.0,0.0,0.0,0.0,0.0,0.0,0.0,0.0,0.0,0.0,0.0,0.0,0.0,0.0,0.0,0.0,0.0
0.3,mean_auprc_w,0.9888118451065468,0.9986137630582361,0.9983384859362474,0.9837772210202106,0.982951692010781,0.9975457442975061,0.9937532110715912,0.9938574617615445,0.9956588589542802,0.9985854838784793,0.9959552244332283,0.9712102424646418,0.9974502417821339,0.9927966045392435,0.9986453393500995,1.0,0.9906605202491581,0.9989770825038677,0.9994663842832512,0.9868355587291395,0.9983458383420384,0.9987381644843853,0.9886091105707996,0.9997225142775055,0.997257476141784,0.9973702887451237,0.9688408683013036,1.0,0.9985477645442313,0.9979350138641162,0.9951000713545517,0.981569854866561,0.9999999999999998,0.9933532364912698,0.99395947754949,0.9982785389354639,0.9971686155539018,0.999014338866353,0.9992109349554288,0.9902022154324227,0.9831073275911866,1.0,0.9949884758680679,0.9980753324381786,0.9975847824228298,0.9929894564645528,0.9951695287906861,0.9960094764990115,0.9986453393500995,0.9993700962266684,0.9983473514568998,0.9823636778641114,0.9946028241014075,0.9792642092937629,0.9972230165075523,0.9870612781376109,0.9999999999999998,0.9835143371049978,1.0,0.9992232139388084,0.9932448029712888,0.9995042158934091,0.9999999999999999,0.9959460614436755,0.9855739775167972,0.9986854486850659,1.0,0.9983643372255616,0.996590585681601,0.9980167868942351,0.9779878503170178,1.0,0.9990441715815697,0.9935312946901997,0.9952729951256403,0.998573090773723,0.9993040952730843,0.9882953534805824,0.9973069264363742,0.9995404095646394,0.9990626601960677,0.9941061445076729,1.0,0.999745851716107,0.9948214445252972,0.9999999999999998,0.987001766126864,0.9993759950590796,0.9914063284239177,0.9987853651745437,0.9964687367838505,0.9579464004663626,1.0,1.0,0.9872680070301952,0.985211496767727,0.9994007789958019,1.0,0.9974663313590821,0.9982266132012005,0.98292135206375,0.9983554573682637,0.9987481953050794,0.9997324605119056,1.0,0.9727287023983711,0.9989547343859716,0.9985386500443987,0.9886629961247876,0.9956295971553494,0.9979288490029034,1.0,0.9985235412868066,1.0,0.9997294024238601,0.9995559553590909,0.9941167135719435,0.9920218005717863,0.998265830036778,0.9981976182783898,0.997441943831357,0.9999999999999998,1.0,0.9943551205256174,0.9990287513366959,0.9989257432889433,1.0,0.9949707604563138,0.9746879814935443,1.0,0.9994586014750773,0.9988934114796936,0.9980577376106907,0.9993250952698411,0.994788866379271,0.991009100257034,0.9837406280111283,0.9991735717917085,1.0,0.9964238290680493,0.9989174917907662,1.0,1.0,0.9987174834148103,0.9824532644211829,0.9945198888459812,1.0000000000000002,1.0,0.9984322101029619,0.9998718045974156,0.988157671605592,0.9977254432547706,0.9748016956076226,1.0,0.9984575698145574,0.9842666347204522,1.0,1.0000000000000002,0.9836800402835146,0.9990167048606361,0.991674036082796,0.9991526390097047,0.9985210664789927,0.9999999999999998,1.0,0.9981587041279734,0.9868329888292104,0.9997163111872818,1.0000000000000002,0.9985637922949637,0.997094233591097,1.0,0.9920175498641141,0.9976203295038125,0.999341247198136,0.9993580214428417,0.998788582830233,1.0,1.0,0.9997324605119056,1.0,1.0,0.9605403263444419,0.9999999999999999,0.9860204833002616,0.997889094128656,1.0,1.0,1.0,1.0000000000000002,0.9975220555032894,0.9984360691242455,1.0,1.0,0.9993545645009717,1.0,1.0,0.9987266718147484,1.0,0.9988107806600759,0.9918486689716675,0.9969429011587091,0.9994007789958019,0.9992237416849304,0.9992485617335347,0.9995906256177732,0.9993022602229249,1.0,1.0,0.9860414398627474,0.9985656184169485,0.9998868232502971,0.9973919488594447,0.9998258871628205,0.9941709393084179,0.9988407862192589,0.9993688228555874,0.9992706265557799,0.9955692794138334,0.9986850263309112,0.9943464790923757,0.9979182913799707,1.0,1.0,0.9993841672637541,0.9966374319092396,0.9946947897869901,1.0,1.0,1.0,0.9965928224753842,1.0,0.9999999999999998,0.9998110664899733,1.0,0.9988347686503914,1.0,0.9998140146243648,0.9980410491962376,0.9868919069309886,1.0,1.0,1.0,0.9795351583574972,0.9927379646831002,0.9999999999999998,1.0,1.0,0.9964034125457404,1.0,1.0,1.0,1.0,1.0,1.0,0.9898525994538708,0.997473480748389,1.0,0.99773289442069,1.0,0.9893276777069101,1.0,1.0,0.9852076361540212,1.0,1.0,1.0,0.9967547142894214,1.0,1.0,0.9991303428729259,1.0,0.9950740326775414,0.9995083189853946,0.9986451341797725,0.9999999999999998,0.9991027819962962,1.0,1.0,0.9992519089806068,1.0,0.9993101029298941,1.0,1.0,0.9957153604483129,1.0,0.9984915878059148,0.9832349141217344,0.9737529842620936,0.9849849112248628,1.0,0.9934808627828795,0.9993618917911333,0.994101498199523,0.9964083849566886,0.9976492930931491,1.0,1.0,1.0,1.0,1.0,1.0
0.3,stde_auprc_w,0.0,0.0,0.0,0.0,0.0,0.0,0.0,0.0,0.0,0.0,0.0,0.0,0.0,0.0,0.0,0.0,0.0,0.0,0.0,0.0,0.0,0.0,0.0,0.0,0.0,0.0,0.0,0.0,0.0,0.0,0.0,0.0,0.0,0.0,0.0,0.0,0.0,0.0,0.0,0.0,0.0,0.0,0.0,0.0,0.0,0.0,0.0,0.0,0.0,0.0,0.0,0.0,0.0,0.0,0.0,0.0,0.0,0.0,0.0,0.0,0.0,0.0,0.0,0.0,0.0,0.0,0.0,0.0,0.0,0.0,0.0,0.0,0.0,0.0,0.0,0.0,0.0,0.0,0.0,0.0,0.0,0.0,0.0,0.0,0.0,0.0,0.0,0.0,0.0,0.0,0.0,0.0,0.0,0.0,0.0,0.0,0.0,0.0,0.0,0.0,0.0,0.0,0.0,0.0,0.0,0.0,0.0,0.0,0.0,0.0,0.0,0.0,0.0,0.0,0.0,0.0,0.0,0.0,0.0,0.0,0.0,0.0,0.0,0.0,0.0,0.0,0.0,0.0,0.0,0.0,0.0,0.0,0.0,0.0,0.0,0.0,0.0,0.0,0.0,0.0,0.0,0.0,0.0,0.0,0.0,0.0,0.0,0.0,0.0,0.0,0.0,0.0,0.0,0.0,0.0,0.0,0.0,0.0,0.0,0.0,0.0,0.0,0.0,0.0,0.0,0.0,0.0,0.0,0.0,0.0,0.0,0.0,0.0,0.0,0.0,0.0,0.0,0.0,0.0,0.0,0.0,0.0,0.0,0.0,0.0,0.0,0.0,0.0,0.0,0.0,0.0,0.0,0.0,0.0,0.0,0.0,0.0,0.0,0.0,0.0,0.0,0.0,0.0,0.0,0.0,0.0,0.0,0.0,0.0,0.0,0.0,0.0,0.0,0.0,0.0,0.0,0.0,0.0,0.0,0.0,0.0,0.0,0.0,0.0,0.0,0.0,0.0,0.0,0.0,0.0,0.0,0.0,0.0,0.0,0.0,0.0,0.0,0.0,0.0,0.0,0.0,0.0,0.0,0.0,0.0,0.0,0.0,0.0,0.0,0.0,0.0,0.0,0.0,0.0,0.0,0.0,0.0,0.0,0.0,0.0,0.0,0.0,0.0,0.0,0.0,0.0,0.0,0.0,0.0,0.0,0.0,0.0,0.0,0.0,0.0,0.0,0.0,0.0,0.0,0.0,0.0,0.0,0.0,0.0,0.0,0.0,0.0,0.0,0.0,0.0,0.0,0.0,0.0,0.0,0.0,0.0,0.0,0.0,0.0,0.0,0.0,0.0
0.3,mean_auprc_p,1.0,0.9999999999999999,0.9999999999999999,1.0,1.0,1.0,1.0,1.0,1.0,1.0,0.9999999999999999,0.9999999999999998,1.0,1.0,1.0000000000000002,1.0,0.9999999999999999,1.0,0.9999999999999998,1.0000000000000002,0.9999999999999998,1.0,1.0,1.0,1.0,1.0,1.0,1.0,1.0,1.0,1.0,1.0,0.9999999999999999,1.0,1.0,1.0000000000000002,0.9999999999999999,0.9999999999999999,1.0,0.9999999999999999,1.0,1.0,0.9999999999999998,0.9999999999999998,1.0,1.0,0.9999999999999998,1.0,1.0000000000000002,0.9999999999999998,1.0,1.0,1.0,0.9999999999999998,0.9999999999999998,1.0000000000000002,0.9999999999999999,1.0000000000000002,1.0000000000000002,1.0,1.0,1.0,0.9999999999999999,0.9999999999999998,1.0000000000000002,1.0,1.0,0.9999999999999998,0.9999999999999998,0.9999999999999999,0.9999999999999998,1.0,1.0,1.0,0.9999999999999999,1.0000000000000002,1.0000000000000002,1.0000000000000002,0.9999999999999999,1.0,1.0,0.9999999999999998,1.0,1.0,1.0,0.9999999999999998,1.0,0.9999999999999998,0.9999999999999998,1.0000000000000002,0.9999999999999999,1.0,1.0,1.0,1.0000000000000002,0.9999999999999999,1.0,1.0,0.9999999999999999,1.0000000000000002,1.0,1.0,1.0,0.9999999999999998,1.0,1.0,0.9999999999999998,0.9999999999999998,1.0,1.0,1.0,0.9999999999999998,1.0000000000000002,1.0,0.9999999999999998,0.9999999999999999,1.0,0.9999999999999998,1.0,1.0,1.0,0.9999999999999999,1.0,1.0,1.0,1.0000000000000002,1.0,1.0,1.0,1.0,0.9999999999999999,1.0000000000000002,1.0,0.9999999999999998,1.0,1.0,1.0,1.0,1.0000000000000002,1.0,0.9999999999999998,1.0,0.9999999999999998,0.9999999999999998,0.9999999999999999,1.0,1.0,1.0,0.9999999999999999,1.0,1.0,0.9999999999999999,1.0,1.0,1.0,1.0,1.0,1.0,1.0000000000000002,1.0000000000000002,1.0,0.9999999999999999,0.9999999999999998,0.9999999999999998,1.0,1.0000000000000002,1.0,1.0,1.0,1.0,1.0000000000000002,1.0,0.9999999999999998,1.0,1.0,0.9999999999999999,1.0,1.0,0.9999999999999998,0.9999999999999998,1.0,1.0,1.0,1.0,1.0,1.0000000000000002,1.0000000000000002,1.0,1.0,1.0,0.9999999999999998,0.9999999999999998,1.0,1.0,0.9999999999999998,1.0,1.0,1.0000000000000002,1.0,1.0,1.0,1.0,1.0,0.9999999999999998,0.9999999999999998,0.9999999999999998,0.9999999999999998,1.0,1.0000000000000002,1.0,0.9999999999999998,1.0,1.0,0.9999999999999998,1.0,1.0,0.9999999999999998,0.9999999999999998,1.0,0.9999999999999998,0.9999999999999998,0.9999999999999998,1.0,1.0,1.0,0.9999999999999999,0.9999999999999999,1.0,1.0,0.9999999999999998,0.9999999999999999,1.0,0.9999999999999998,0.9999999999999999,1.0,0.9999999999999998,1.0,1.0,1.0,1.0,1.0,1.0,1.0,0.9999999999999998,1.0,0.9999999999999998,1.0,1.0,1.0,1.0,1.0,1.0,1.0,1.0,1.0,0.9999999999999998,0.9999999999999999,0.9999999999999998,1.0000000000000002,1.0,1.0000000000000002,1.0,1.0,1.0000000000000002,1.0,1.0,1.0,1.0,1.0,1.0,1.0,1.0,1.0,1.0000000000000002,0.9999999999999998,0.9999999999999998,1.0,1.0,1.0,1.0,1.0,1.0000000000000002,1.0,1.0,1.0,1.0,0.9999999999999999,1.0,0.9999999999999998,0.9999999999999996,0.9999999999999998,1.0,0.9999999999999999,0.9999999999999998,1.0,0.9999999999999998,1.0,1.0,0.9999999999999998,1.0,1.0,1.0
0.3,stde_auprc_p,0.0,0.0,0.0,0.0,0.0,0.0,0.0,0.0,0.0,0.0,0.0,0.0,0.0,0.0,0.0,0.0,0.0,0.0,0.0,0.0,0.0,0.0,0.0,0.0,0.0,0.0,0.0,0.0,0.0,0.0,0.0,0.0,0.0,0.0,0.0,0.0,0.0,0.0,0.0,0.0,0.0,0.0,0.0,0.0,0.0,0.0,0.0,0.0,0.0,0.0,0.0,0.0,0.0,0.0,0.0,0.0,0.0,0.0,0.0,0.0,0.0,0.0,0.0,0.0,0.0,0.0,0.0,0.0,0.0,0.0,0.0,0.0,0.0,0.0,0.0,0.0,0.0,0.0,0.0,0.0,0.0,0.0,0.0,0.0,0.0,0.0,0.0,0.0,0.0,0.0,0.0,0.0,0.0,0.0,0.0,0.0,0.0,0.0,0.0,0.0,0.0,0.0,0.0,0.0,0.0,0.0,0.0,0.0,0.0,0.0,0.0,0.0,0.0,0.0,0.0,0.0,0.0,0.0,0.0,0.0,0.0,0.0,0.0,0.0,0.0,0.0,0.0,0.0,0.0,0.0,0.0,0.0,0.0,0.0,0.0,0.0,0.0,0.0,0.0,0.0,0.0,0.0,0.0,0.0,0.0,0.0,0.0,0.0,0.0,0.0,0.0,0.0,0.0,0.0,0.0,0.0,0.0,0.0,0.0,0.0,0.0,0.0,0.0,0.0,0.0,0.0,0.0,0.0,0.0,0.0,0.0,0.0,0.0,0.0,0.0,0.0,0.0,0.0,0.0,0.0,0.0,0.0,0.0,0.0,0.0,0.0,0.0,0.0,0.0,0.0,0.0,0.0,0.0,0.0,0.0,0.0,0.0,0.0,0.0,0.0,0.0,0.0,0.0,0.0,0.0,0.0,0.0,0.0,0.0,0.0,0.0,0.0,0.0,0.0,0.0,0.0,0.0,0.0,0.0,0.0,0.0,0.0,0.0,0.0,0.0,0.0,0.0,0.0,0.0,0.0,0.0,0.0,0.0,0.0,0.0,0.0,0.0,0.0,0.0,0.0,0.0,0.0,0.0,0.0,0.0,0.0,0.0,0.0,0.0,0.0,0.0,0.0,0.0,0.0,0.0,0.0,0.0,0.0,0.0,0.0,0.0,0.0,0.0,0.0,0.0,0.0,0.0,0.0,0.0,0.0,0.0,0.0,0.0,0.0,0.0,0.0,0.0,0.0,0.0,0.0,0.0,0.0,0.0,0.0,0.0,0.0,0.0,0.0,0.0,0.0,0.0,0.0,0.0,0.0,0.0,0.0,0.0,0.0,0.0,0.0,0.0,0.0
0.4,mean_auroc,0.9955555555555556,0.9995172191824911,0.999610409848839,0.9944399866265463,0.9947152268997307,0.999245422705658,0.9978128809531128,0.99806895418315,0.9980091391051663,0.9998009554140126,0.9983373237563181,0.9896051773148795,0.9998050340215633,0.9964188980385741,0.9998010741993236,1.0,0.9970514963261959,1.0,1.0,0.9958266626642653,0.9996470779867156,0.9998181912627915,0.9955382380823992,1.0,0.9987703555998672,0.9990524635946538,0.9855759531974984,1.0,0.999814782320485,0.9998007571229328,0.99876154812354,0.9950819124038783,1.0,0.9979013401767892,0.9982567762686796,0.999800796812749,0.9993051713267367,0.9998212616179948,0.9998011137629276,0.997864790349374,0.9930696260821513,0.9999999999999999,0.998642510647606,0.9994026284348865,0.999690645108068,0.9971466666666666,0.9988805538041869,0.9987781767404748,0.9998010741993235,0.9998929925400515,0.9998080982536941,0.9915389744486092,0.9981922124267788,0.9924267043897714,0.9998008761449622,0.9948235221617956,0.9998012323593719,0.9945935821136965,1.0,0.9998308457711443,0.9976618192187054,0.9998757208192484,1.0,0.998621490241602,0.994105150607071,0.9998009950248756,1.0,0.999497861582948,0.9990084403492224,0.999288800265869,0.9925555710890536,0.9999999999999999,0.9998293903548681,0.9975619000788797,0.9988368228647392,0.9997213930348259,1.0,0.9965187445800814,0.9996155926991087,0.9996156394963552,0.9998144466534128,0.9976362144892497,1.0,1.0,0.9981381141524911,1.0,0.9966515042138863,0.999816558640088,0.9981026562812063,0.9998007968127491,0.9985177799933533,0.9906391549508222,1.0,1.0,0.9951123881125884,0.9945642897957063,1.0,1.0,0.9995046128903586,0.9997914771003942,0.9924807756603143,0.9998069920352047,0.9998010741993235,0.9999999999999999,1.0,0.9899904845557019,0.9998219783441892,0.9998099650697699,0.9976116667641497,0.9986396285278967,0.9995378486055777,1.0,0.9996494023904383,1.0,1.0,1.0,0.9983252367959895,0.9975768500129522,0.9996846577706964,0.9991953653041519,0.9993283438879295,1.0,1.0,0.9981131678807564,0.9998009950248755,0.9998109452736319,1.0,0.9976933100120912,0.9936682630318658,1.0,0.9998441639395356,0.999808764940239,0.999256670804788,1.0,0.9985428910009917,0.9977360500732455,0.9939117567745103,0.9998479105245917,0.9998455564380903,0.9997689243027887,0.9998174334461927,1.0,1.0,0.9998008761449622,0.9949724318588276,0.9986229804589365,1.0,1.0,0.9996710127612418,1.0,0.9959520251428923,0.9998084203105123,0.9875714623527285,1.0,0.9999602385685884,0.9948173101839856,1.0,1.0,0.9953935509713598,0.9998009950248756,0.9965079972516242,0.9998268488217061,0.9996883278790711,1.0,1.0,0.9998009950248756,0.9969733037017752,1.0,1.0,0.9998362113341757,0.9989818026277861,1.0,0.9972932631158484,0.9987437686939182,0.9999867461895293,1.0,0.9998011137629276,1.0,1.0,1.0,1.0,0.9999999999999999,0.977814104062531,1.0,0.9944798688285661,0.9998009950248756,1.0,1.0,1.0,1.0,0.9996710127612418,0.9996651765514994,1.0,1.0,0.9999148138683023,1.0,1.0,0.9998009554140128,1.0,0.9998010741993236,0.9979093187817485,0.9994833414522535,1.0,0.9998864184910696,1.0,1.0,0.9999388528800295,1.0,1.0,0.9959319319319319,0.9997261501692889,1.0,0.9995728807767875,1.0,0.9989099368560984,0.9998271851113327,0.9999847132200073,0.9999290115569185,0.9989032901296112,0.9998324502062956,0.9987000894822123,0.9994978615829481,1.0,1.0,1.0,0.9996911872563274,0.9990870395898328,1.0,1.0,1.0,0.9998004788507582,0.9999999999999999,1.0,1.0,1.0,0.99980996506977,1.0,1.0,0.9996175298804781,0.9961070897534351,1.0,1.0,1.0,0.9924091999669066,0.9973824892970431,1.0,1.0,1.0,0.9996440673139896,1.0,1.0,1.0,1.0,1.0,1.0,0.9973232017960452,0.9998005982053839,1.0,0.9998208955223881,1.0,0.9967646633121334,1.0,1.0,0.9961679505602802,1.0,0.9999999999999999,1.0,0.9995402087452296,1.0,1.0,0.9998009554140126,1.0,0.9981257104162132,1.0,0.9996199301395399,1.0,0.999920477137177,1.0,1.0,0.9998362113341757,1.0,1.0,1.0,1.0,0.998835429560125,1.0,0.9993859125008299,0.9954768637712967,0.9915895372233401,0.9955329008341056,1.0,0.9988826629310921,1.0,0.9972800276314653,0.999800279608548,0.9998008761449622,1.0,1.0,1.0,1.0,1.0,1.0
0.4,stde_auroc,0.0,0.0,0.0,0.0,0.0,0.0,0.0,0.0,0.0,0.0,0.0,0.0,0.0,0.0,0.0,0.0,0.0,0.0,0.0,0.0,0.0,0.0,0.0,0.0,0.0,0.0,0.0,0.0,0.0,0.0,0.0,0.0,0.0,0.0,0.0,0.0,0.0,0.0,0.0,0.0,0.0,0.0,0.0,0.0,0.0,0.0,0.0,0.0,0.0,0.0,0.0,0.0,0.0,0.0,0.0,0.0,0.0,0.0,0.0,0.0,0.0,0.0,0.0,0.0,0.0,0.0,0.0,0.0,0.0,0.0,0.0,0.0,0.0,0.0,0.0,0.0,0.0,0.0,0.0,0.0,0.0,0.0,0.0,0.0,0.0,0.0,0.0,0.0,0.0,0.0,0.0,0.0,0.0,0.0,0.0,0.0,0.0,0.0,0.0,0.0,0.0,0.0,0.0,0.0,0.0,0.0,0.0,0.0,0.0,0.0,0.0,0.0,0.0,0.0,0.0,0.0,0.0,0.0,0.0,0.0,0.0,0.0,0.0,0.0,0.0,0.0,0.0,0.0,0.0,0.0,0.0,0.0,0.0,0.0,0.0,0.0,0.0,0.0,0.0,0.0,0.0,0.0,0.0,0.0,0.0,0.0,0.0,0.0,0.0,0.0,0.0,0.0,0.0,0.0,0.0,0.0,0.0,0.0,0.0,0.0,0.0,0.0,0.0,0.0,0.0,0.0,0.0,0.0,0.0,0.0,0.0,0.0,0.0,0.0,0.0,0.0,0.0,0.0,0.0,0.0,0.0,0.0,0.0,0.0,0.0,0.0,0.0,0.0,0.0,0.0,0.0,0.0,0.0,0.0,0.0,0.0,0.0,0.0,0.0,0.0,0.0,0.0,0.0,0.0,0.0,0.0,0.0,0.0,0.0,0.0,0.0,0.0,0.0,0.0,0.0,0.0,0.0,0.0,0.0,0.0,0.0,0.0,0.0,0.0,0.0,0.0,0.0,0.0,0.0,0.0,0.0,0.0,0.0,0.0,0.0,0.0,0.0,0.0,0.0,0.0,0.0,0.0,0.0,0.0,0.0,0.0,0.0,0.0,0.0,0.0,0.0,0.0,0.0,0.0,0.0,0.0,0.0,0.0,0.0,0.0,0.0,0.0,0.0,0.0,0.0,0.0,0.0,0.0,0.0,0.0,0.0,0.0,0.0,0.0,0.0,0.0,0.0,0.0,0.0,0.0,0.0,0.0,0.0,0.0,0.0,0.0,0.0,0.0,0.0,0.0,0.0,0.0,0.0,0.0,0.0,0.0,0.0,0.0,0.0,0.0,0.0,0.0
0.4,mean_auprc,0.46753968895104436,0.8248932663886017,0.8453023467918386,0.4844535240320205,0.4618012378156383,0.7819537076663294,0.6355306131617786,0.6302364201240648,0.6384899033307221,0.8806992659657411,0.6339961437295857,0.36465361696522025,0.9327984341113806,0.5309359265649048,0.8688065362665466,1.0,0.5559685418105257,1.0,0.9999999999999999,0.5095099993334666,0.8406463958227013,0.9178529867031012,0.4894778567158801,1.0,0.6966628405432337,0.7590214481838624,0.35142704586426987,0.9999999999999999,0.9500761697714803,0.8889588735052071,0.7027893026213441,0.5374045415386687,0.9999999999999998,0.624462988501232,0.6392995144219475,0.8868449924688314,0.8037789709028633,0.9368595520525166,0.8600916816747266,0.6524656728362674,0.4394465972945756,1.0,0.6920522029078418,0.7370011550278512,0.8739924180565889,0.5849530644501667,0.6990608177004027,0.7058876320300034,0.8688065362665466,0.9497530247530246,0.9105906142278244,0.39651667047331607,0.6461209144741495,0.4369272127448586,0.8793849311499735,0.48016993406226016,0.841780045351474,0.4373298223104949,1.0,0.9222684056139938,0.5647627650643338,0.9497205510992276,0.9999999999999999,0.7089287169337762,0.46974698033612927,0.8768987314285301,1.0,0.8092410808789776,0.7851748186251858,0.8036812822739597,0.4548073524593399,0.9999999999999999,0.923681722106092,0.5797601088703193,0.7147294105226245,0.8470682198778174,1.0000000000000002,0.5623734337210569,0.8582241494600253,0.7542064253828961,0.8783258408258406,0.6171186011656198,1.0,1.0,0.6496251779394984,1.0,0.5446585550338088,0.8675177386715847,0.6524428603689518,0.8864933441171832,0.6753882376359306,0.47856576347362434,1.0,1.0,0.5041757134420047,0.47048980721953504,1.0,1.0,0.8508590917005303,0.8698897511189592,0.42907181384364745,0.9179574422946897,0.8587641582417124,0.9999999999999998,1.0,0.4182952520593115,0.9071365092731394,0.8990157863353663,0.5938651067002833,0.7137354491263633,0.8151535411995621,0.9999999999999998,0.8702906422513638,1.0,0.9999999999999999,0.9999999999999999,0.6750715117347071,0.5897607924153764,0.8595558633645859,0.7597338950803105,0.7763925501968932,0.9999999999999998,1.0,0.6567441178803496,0.8681414214870097,0.892863643709232,1.0,0.5585151019674424,0.45293197798795015,1.0,0.9436909531218993,0.9123929403929403,0.7602229780381408,1.0,0.6877955789273194,0.631769377837819,0.4710171359428633,0.9287191326551189,0.8822751322751323,0.8798808307046697,0.9178322761904418,1.0,0.9999999999999998,0.8795496215320553,0.4850334715197733,0.7288002449427761,1.0,1.0,0.8620149925110508,1.0,0.5468222066765326,0.9085091081289711,0.40198597225831983,1.0,0.9866269841269841,0.4766132588131198,1.0,1.0,0.4958480316629723,0.8677320647618635,0.6009971037598035,0.9272658323489524,0.8503587323670782,0.9999999999999998,1.0,0.8677320647618634,0.5576623936065489,1.0,1.0,0.916954426772766,0.8020832843450065,1.0,0.5731283924762243,0.7257061153008111,0.9958333333333333,0.9999999999999999,0.8532289365766874,1.0,0.9999999999999998,1.0,1.0,1.0,0.35025973408507266,0.9999999999999999,0.4640411928219266,0.8677320647618635,1.0000000000000002,1.0,1.0,1.0,0.8435789154937382,0.8437083717170968,1.0,1.0,0.9650528043385186,1.0,1.0,0.8722743575408326,1.0000000000000002,0.8584589079364622,0.6277554927671251,0.8359660487477698,1.0,0.9481877249734392,1.0,0.9999999999999998,0.9756077256077256,1.0,1.0000000000000002,0.5246350049000075,0.8851615308452534,1.0,0.8602755092959374,0.9999999999999998,0.7134617024070163,0.9449498967332034,0.9945054945054945,0.9721956614813758,0.7218896880976241,0.9202944040099816,0.6897935058717973,0.7905380770430341,1.0,1.0,1.0,0.8809724882760155,0.7955761900364035,0.9999999999999999,1.0,1.0,0.9062349109666034,1.0,0.9999999999999998,0.9999999999999999,0.9999999999999999,0.8988671935094278,1.0,1.0,0.8220167930731668,0.5318223889040042,1.0,1.0,1.0,0.44405509021689127,0.5486801381583849,1.0,1.0,1.0,0.859770180679008,1.0,1.0,1.0,1.0,1.0,1.0,0.5526944011905008,0.9002547990928044,1.0,0.9093987314285302,1.0,0.5594871066541488,1.0,1.0,0.5350776120153939,1.0,1.0,1.0,0.8328030907690144,1.0,1.0,0.873843352414781,1.0,0.6336318646650646,1.0,0.8082462262648327,0.9999999999999998,0.9702489177489176,1.0,1.0,0.916954426772766,1.0,1.0,1.0,1.0,0.746222569350529,1.0,0.7807680561047995,0.5503293107976421,0.44849670622985377,0.5567836569171309,1.0,0.7959560238772413,0.9999999999999999,0.5756652567769468,0.9163225924750374,0.8796767509498025,1.0,1.0,1.0,1.0,1.0,1.0
0.4,stde_auprc,0.0,0.0,0.0,0.0,0.0,0.0,0.0,0.0,0.0,0.0,0.0,0.0,0.0,0.0,0.0,0.0,0.0,0.0,0.0,0.0,0.0,0.0,0.0,0.0,0.0,0.0,0.0,0.0,0.0,0.0,0.0,0.0,0.0,0.0,0.0,0.0,0.0,0.0,0.0,0.0,0.0,0.0,0.0,0.0,0.0,0.0,0.0,0.0,0.0,0.0,0.0,0.0,0.0,0.0,0.0,0.0,0.0,0.0,0.0,0.0,0.0,0.0,0.0,0.0,0.0,0.0,0.0,0.0,0.0,0.0,0.0,0.0,0.0,0.0,0.0,0.0,0.0,0.0,0.0,0.0,0.0,0.0,0.0,0.0,0.0,0.0,0.0,0.0,0.0,0.0,0.0,0.0,0.0,0.0,0.0,0.0,0.0,0.0,0.0,0.0,0.0,0.0,0.0,0.0,0.0,0.0,0.0,0.0,0.0,0.0,0.0,0.0,0.0,0.0,0.0,0.0,0.0,0.0,0.0,0.0,0.0,0.0,0.0,0.0,0.0,0.0,0.0,0.0,0.0,0.0,0.0,0.0,0.0,0.0,0.0,0.0,0.0,0.0,0.0,0.0,0.0,0.0,0.0,0.0,0.0,0.0,0.0,0.0,0.0,0.0,0.0,0.0,0.0,0.0,0.0,0.0,0.0,0.0,0.0,0.0,0.0,0.0,0.0,0.0,0.0,0.0,0.0,0.0,0.0,0.0,0.0,0.0,0.0,0.0,0.0,0.0,0.0,0.0,0.0,0.0,0.0,0.0,0.0,0.0,0.0,0.0,0.0,0.0,0.0,0.0,0.0,0.0,0.0,0.0,0.0,0.0,0.0,0.0,0.0,0.0,0.0,0.0,0.0,0.0,0.0,0.0,0.0,0.0,0.0,0.0,0.0,0.0,0.0,0.0,0.0,0.0,0.0,0.0,0.0,0.0,0.0,0.0,0.0,0.0,0.0,0.0,0.0,0.0,0.0,0.0,0.0,0.0,0.0,0.0,0.0,0.0,0.0,0.0,0.0,0.0,0.0,0.0,0.0,0.0,0.0,0.0,0.0,0.0,0.0,0.0,0.0,0.0,0.0,0.0,0.0,0.0,0.0,0.0,0.0,0.0,0.0,0.0,0.0,0.0,0.0,0.0,0.0,0.0,0.0,0.0,0.0,0.0,0.0,0.0,0.0,0.0,0.0,0.0,0.0,0.0,0.0,0.0,0.0,0.0,0.0,0.0,0.0,0.0,0.0,0.0,0.0,0.0,0.0,0.0,0.0,0.0,0.0,0.0,0.0,0.0,0.0,0.0
0.4,mean_auprc_w,0.9882242509364355,0.9988193740631942,0.9990712157686186,0.9853506400130195,0.9869586003392171,0.9983800597239709,0.9954136005314579,0.9959792059022925,0.9958885170024021,0.9993423627378517,0.9958885130470314,0.9722153355178702,0.9993561197111758,0.991649494333996,0.9993726535192179,1.0,0.9938633861257509,1.0000000000000002,1.0,0.9903617849158063,0.999077676310858,0.9995676178441926,0.9902323607690883,1.0,0.9973204355273696,0.9979083329243055,0.965528176639816,1.0,0.9995490223260903,0.9992346315292155,0.9968914922347669,0.9894495221711553,0.9999999999999998,0.9956395370638749,0.9960405768134498,0.9992470954120056,0.9984139925085006,0.9995933647752382,0.9993533849487437,0.9947661530740881,0.9835446345835416,1.0,0.9972048877766115,0.9977867731419076,0.9990599365253152,0.993288336030292,0.9971103157590018,0.997101813011137,0.9993726535192179,0.9998562160544795,0.9994273247095806,0.9802924242554774,0.9962409408768172,0.9832671220494162,0.9992582631560025,0.987942879988312,0.9993789985361046,0.9870830790839809,1.0,0.9996506890187088,0.9942164262236095,0.9998245966852866,0.9999999999999999,0.9972524211204321,0.9866168288857131,0.9993514407823705,1.0,0.998842131405838,0.9981676730293637,0.9984500911937165,0.9821625570254504,0.9999999999999999,0.9996405789343112,0.9937942407363922,0.9975588403281923,0.9991869527268331,1.0,0.9922040634671189,0.9989783666390529,0.9988888030765781,0.9995530189005422,0.9953582546333813,1.0,1.0,0.9957884614071655,1.0,0.9918120818032317,0.99957421111458,0.9957131579678611,0.9992450636545382,0.9970561374000527,0.9790297540336386,1.0,1.0,0.9897438924125108,0.987178302576784,1.0,1.0,0.9988640997841337,0.9992662641528265,0.9837034423347152,0.9994002412938124,0.999307137380631,1.0,1.0,0.9781440802134006,0.9995928289745631,0.9994675879183209,0.9939388784988183,0.9972981394377877,0.9987815637289605,1.0,0.9992278418486547,1.0,0.9999999999999998,0.9999999999999999,0.996466919886487,0.9946554388944239,0.9991210304706335,0.9983043523158005,0.9983743220964458,0.9999999999999998,1.0,0.9959007485764306,0.9992871057111976,0.9994840900841877,1.0,0.9940209998926476,0.9828792574496676,1.0,0.9997179473652318,0.9994769628284532,0.9982951406747458,1.0,0.9969614440901928,0.9953276517288079,0.9867675803698635,0.9997303770300062,0.9997452668842657,0.9992079478114487,0.9995493486887791,1.0,0.9999999999999998,0.9992590873415272,0.9871928250670975,0.9971047741747012,1.0000000000000002,1.0,0.9992345659210337,1.0,0.9912657174556991,0.9994346763302167,0.9741885265319847,1.0,0.9999572619859463,0.9883425148361665,1.0,1.0,0.988394969546349,0.9992852923932716,0.9937396118558015,0.9996260236594718,0.9990985158475298,0.9999999999999998,1.0,0.9992852923932716,0.9923279602527599,1.0,1.0000000000000002,0.999680697463212,0.9977886697714445,1.0,0.9941248189705439,0.9976870025881207,0.9999867488239581,0.9999999999999999,0.9993169853372506,1.0,1.0,1.0,1.0,1.0,0.9530903837833336,0.9999999999999999,0.9861464567552638,0.9992852923932716,1.0,1.0,1.0,1.0000000000000002,0.9990569784819243,0.9990961329479815,1.0,1.0,0.9998939435400218,1.0,1.0,0.9992777173474976,1.0,0.999305862946648,0.995699280996564,0.998918282046292,1.0,0.9998407221308849,1.0,0.9999999999999998,0.9999315028808942,1.0,1.0,0.9905494350471759,0.9993455729607512,1.0,0.9990649071374554,1.0,0.9975122613443149,0.9996389441416161,0.999984716257317,0.9999160220068931,0.997623386275771,0.9996590673000584,0.9969090566817741,0.9987027386877352,1.0,1.0,1.0,0.9990543690802144,0.9981990960963598,1.0,1.0,1.0,0.9991914166000218,1.0,0.9999999999999998,0.9999999999999999,0.9999999999999999,0.9994668843305109,1.0,1.0,0.9987811458166599,0.9910081531969721,1.0,1.0,1.0,0.9816502584346176,0.9935715813668751,1.0,1.0,1.0,0.9989909286220902,1.0,1.0,1.0,1.0,1.0,1.0,0.9936959082852609,0.9992127826032445,1.0,0.9995828133147107,1.0,0.9918761261487821,1.0,1.0,0.9903232407140162,1.0,1.0,1.0,0.9988749488847606,1.0,1.0,0.999284923962868,1.0,0.9960953626196696,1.0000000000000002,0.99883136684761,0.9999999999999998,0.9999040293666114,1.0,1.0,0.999680697463212,1.0,1.0000000000000002,1.0,1.0,0.99747077020141,1.0,0.9985557683832921,0.9903256041232282,0.9806939881044423,0.9879035040380448,0.9999999999999998,0.9974215333072861,0.9999999999999999,0.9944046831269658,0.9991737442310819,0.9992597377323351,1.0,1.0,1.0,1.0,1.0,1.0
0.4,stde_auprc_w,0.0,0.0,0.0,0.0,0.0,0.0,0.0,0.0,0.0,0.0,0.0,0.0,0.0,0.0,0.0,0.0,0.0,0.0,0.0,0.0,0.0,0.0,0.0,0.0,0.0,0.0,0.0,0.0,0.0,0.0,0.0,0.0,0.0,0.0,0.0,0.0,0.0,0.0,0.0,0.0,0.0,0.0,0.0,0.0,0.0,0.0,0.0,0.0,0.0,0.0,0.0,0.0,0.0,0.0,0.0,0.0,0.0,0.0,0.0,0.0,0.0,0.0,0.0,0.0,0.0,0.0,0.0,0.0,0.0,0.0,0.0,0.0,0.0,0.0,0.0,0.0,0.0,0.0,0.0,0.0,0.0,0.0,0.0,0.0,0.0,0.0,0.0,0.0,0.0,0.0,0.0,0.0,0.0,0.0,0.0,0.0,0.0,0.0,0.0,0.0,0.0,0.0,0.0,0.0,0.0,0.0,0.0,0.0,0.0,0.0,0.0,0.0,0.0,0.0,0.0,0.0,0.0,0.0,0.0,0.0,0.0,0.0,0.0,0.0,0.0,0.0,0.0,0.0,0.0,0.0,0.0,0.0,0.0,0.0,0.0,0.0,0.0,0.0,0.0,0.0,0.0,0.0,0.0,0.0,0.0,0.0,0.0,0.0,0.0,0.0,0.0,0.0,0.0,0.0,0.0,0.0,0.0,0.0,0.0,0.0,0.0,0.0,0.0,0.0,0.0,0.0,0.0,0.0,0.0,0.0,0.0,0.0,0.0,0.0,0.0,0.0,0.0,0.0,0.0,0.0,0.0,0.0,0.0,0.0,0.0,0.0,0.0,0.0,0.0,0.0,0.0,0.0,0.0,0.0,0.0,0.0,0.0,0.0,0.0,0.0,0.0,0.0,0.0,0.0,0.0,0.0,0.0,0.0,0.0,0.0,0.0,0.0,0.0,0.0,0.0,0.0,0.0,0.0,0.0,0.0,0.0,0.0,0.0,0.0,0.0,0.0,0.0,0.0,0.0,0.0,0.0,0.0,0.0,0.0,0.0,0.0,0.0,0.0,0.0,0.0,0.0,0.0,0.0,0.0,0.0,0.0,0.0,0.0,0.0,0.0,0.0,0.0,0.0,0.0,0.0,0.0,0.0,0.0,0.0,0.0,0.0,0.0,0.0,0.0,0.0,0.0,0.0,0.0,0.0,0.0,0.0,0.0,0.0,0.0,0.0,0.0,0.0,0.0,0.0,0.0,0.0,0.0,0.0,0.0,0.0,0.0,0.0,0.0,0.0,0.0,0.0,0.0,0.0,0.0,0.0,0.0,0.0,0.0,0.0,0.0,0.0,0.0
0.4,mean_auprc_p,1.0,0.9999999999999999,0.9999999999999999,1.0,1.0000000000000002,0.9999999999999999,1.0,1.0,1.0,1.0,0.9999999999999999,0.9999999999999999,1.0,0.9999999999999999,1.0,1.0,0.9999999999999999,1.0,1.0,1.0000000000000002,0.9999999999999998,0.9999999999999998,1.0,1.0,0.9999999999999999,1.0,1.0,1.0,1.0,1.0,1.0,1.0,0.9999999999999999,1.0,1.0,1.0,0.9999999999999999,0.9999999999999999,1.0,1.0,1.0,1.0,0.9999999999999998,0.9999999999999998,1.0,1.0,0.9999999999999999,1.0,1.0,0.9999999999999998,0.9999999999999996,1.0,1.0,0.9999999999999998,0.9999999999999998,1.0,0.9999999999999999,1.0,1.0,1.0,1.0,1.0,0.9999999999999999,0.9999999999999998,1.0,1.0,1.0,0.9999999999999998,0.9999999999999998,1.0,0.9999999999999998,0.9999999999999999,1.0000000000000002,1.0,0.9999999999999999,1.0000000000000002,1.0000000000000002,0.9999999999999999,0.9999999999999999,1.0,1.0,0.9999999999999998,1.0,1.0,1.0,1.0,1.0,0.9999999999999998,0.9999999999999999,1.0000000000000002,1.0,0.9999999999999999,1.0,1.0,1.0,0.9999999999999999,1.0,1.0,0.9999999999999999,1.0000000000000002,0.9999999999999999,1.0,1.0,0.9999999999999998,1.0,1.0,0.9999999999999998,0.9999999999999998,1.0,1.0,1.0,0.9999999999999998,1.0,1.0,0.9999999999999999,0.9999999999999998,1.0,0.9999999999999998,0.9999999999999999,1.0,1.0,0.9999999999999999,1.0,1.0,1.0,1.0,1.0,1.0,1.0,0.9999999999999998,1.0,1.0000000000000002,1.0,0.9999999999999998,1.0,1.0,1.0,1.0,1.0000000000000002,1.0,0.9999999999999998,1.0,0.9999999999999998,0.9999999999999998,1.0,1.0,1.0,1.0,0.9999999999999998,1.0,1.0000000000000002,0.9999999999999998,0.9999999999999999,1.0,1.0,1.0,1.0,1.0,1.0000000000000002,1.0000000000000002,1.0,1.0,0.9999999999999998,0.9999999999999998,1.0,1.0000000000000002,1.0,1.0,1.0,1.0,1.0,1.0,0.9999999999999999,0.9999999999999999,1.0,0.9999999999999999,1.0,1.0,0.9999999999999998,0.9999999999999998,1.0,1.0,0.9999999999999999,0.9999999999999999,1.0,1.0000000000000002,1.0000000000000002,1.0,1.0,1.0,0.9999999999999998,0.9999999999999998,1.0,1.0,0.9999999999999998,1.0,1.0,1.0000000000000002,1.0000000000000002,1.0,1.0,1.0,1.0,0.9999999999999998,0.9999999999999998,0.9999999999999998,0.9999999999999998,1.0,1.0000000000000002,1.0,0.9999999999999998,1.0,1.0,0.9999999999999998,1.0,1.0,0.9999999999999998,0.9999999999999998,1.0,0.9999999999999998,0.9999999999999998,0.9999999999999998,1.0,1.0,1.0,1.0,0.9999999999999998,1.0,1.0,0.9999999999999998,1.0,1.0,0.9999999999999998,0.9999999999999999,0.9999999999999999,0.9999999999999998,1.0,1.0,1.0,1.0,1.0,1.0,1.0,1.0,1.0,0.9999999999999998,1.0,1.0,0.9999999999999999,1.0,1.0,1.0,1.0,1.0,1.0,0.9999999999999998,0.9999999999999999,0.9999999999999998,1.0000000000000002,1.0,1.0,1.0,1.0,1.0,1.0,1.0,1.0,1.0,1.0,1.0,1.0000000000000004,1.0,1.0,1.0000000000000002,0.9999999999999998,0.9999999999999998,1.0,1.0,1.0,1.0,1.0,1.0,1.0,1.0,1.0,1.0,0.9999999999999998,1.0,0.9999999999999999,0.9999999999999998,1.0,1.0000000000000002,0.9999999999999999,0.9999999999999998,0.9999999999999998,0.9999999999999999,1.0,1.0,0.9999999999999998,1.0,1.0,1.0
0.4,stde_auprc_p,0.0,0.0,0.0,0.0,0.0,0.0,0.0,0.0,0.0,0.0,0.0,0.0,0.0,0.0,0.0,0.0,0.0,0.0,0.0,0.0,0.0,0.0,0.0,0.0,0.0,0.0,0.0,0.0,0.0,0.0,0.0,0.0,0.0,0.0,0.0,0.0,0.0,0.0,0.0,0.0,0.0,0.0,0.0,0.0,0.0,0.0,0.0,0.0,0.0,0.0,0.0,0.0,0.0,0.0,0.0,0.0,0.0,0.0,0.0,0.0,0.0,0.0,0.0,0.0,0.0,0.0,0.0,0.0,0.0,0.0,0.0,0.0,0.0,0.0,0.0,0.0,0.0,0.0,0.0,0.0,0.0,0.0,0.0,0.0,0.0,0.0,0.0,0.0,0.0,0.0,0.0,0.0,0.0,0.0,0.0,0.0,0.0,0.0,0.0,0.0,0.0,0.0,0.0,0.0,0.0,0.0,0.0,0.0,0.0,0.0,0.0,0.0,0.0,0.0,0.0,0.0,0.0,0.0,0.0,0.0,0.0,0.0,0.0,0.0,0.0,0.0,0.0,0.0,0.0,0.0,0.0,0.0,0.0,0.0,0.0,0.0,0.0,0.0,0.0,0.0,0.0,0.0,0.0,0.0,0.0,0.0,0.0,0.0,0.0,0.0,0.0,0.0,0.0,0.0,0.0,0.0,0.0,0.0,0.0,0.0,0.0,0.0,0.0,0.0,0.0,0.0,0.0,0.0,0.0,0.0,0.0,0.0,0.0,0.0,0.0,0.0,0.0,0.0,0.0,0.0,0.0,0.0,0.0,0.0,0.0,0.0,0.0,0.0,0.0,0.0,0.0,0.0,0.0,0.0,0.0,0.0,0.0,0.0,0.0,0.0,0.0,0.0,0.0,0.0,0.0,0.0,0.0,0.0,0.0,0.0,0.0,0.0,0.0,0.0,0.0,0.0,0.0,0.0,0.0,0.0,0.0,0.0,0.0,0.0,0.0,0.0,0.0,0.0,0.0,0.0,0.0,0.0,0.0,0.0,0.0,0.0,0.0,0.0,0.0,0.0,0.0,0.0,0.0,0.0,0.0,0.0,0.0,0.0,0.0,0.0,0.0,0.0,0.0,0.0,0.0,0.0,0.0,0.0,0.0,0.0,0.0,0.0,0.0,0.0,0.0,0.0,0.0,0.0,0.0,0.0,0.0,0.0,0.0,0.0,0.0,0.0,0.0,0.0,0.0,0.0,0.0,0.0,0.0,0.0,0.0,0.0,0.0,0.0,0.0,0.0,0.0,0.0,0.0,0.0,0.0,0.0,0.0,0.0,0.0,0.0,0.0,0.0
0.5,mean_auroc,0.9978488888888888,0.999455913681855,0.9996017522899243,0.9975025075225677,0.9977188312249209,0.9993877957800621,0.998806560332729,0.9992545810980549,0.9984306026929306,0.9996587807097361,0.9992563302619168,0.9949321962812806,0.9993468639722369,0.9978231626401992,0.9999447428331454,1.0,0.9982918650731082,1.0,1.0,0.9977611566940164,0.9994660923388776,0.9996017522899243,0.9977560729537212,1.0,0.998963110667996,0.9993392180331139,0.9918366130540833,1.0,0.9994735918582207,0.9995402087452296,0.9992487116578821,0.9973353393513875,1.0,0.9984773310521814,0.9992604505382277,0.9996494023904383,0.9992344017396451,0.9997043942143761,0.9996724226683513,0.9987910625603381,0.996352261663553,1.0,0.9988033506182687,0.9996017522899243,0.9992919210251333,0.9983288888888888,0.9992408353384716,0.9993454518252542,0.9999889485666291,1.0,0.9994907222886498,0.9963553501259119,0.9986852454012936,0.9966418790184346,0.9998008761449622,0.9977160332157327,1.0,0.9980545409653223,1.0,1.0,0.9990818363273453,1.0,1.0,0.999310745120801,0.9974887097454945,0.9996616915422886,1.0,0.9994372586705452,0.9992744685482116,0.9995746095048188,0.9961845845565963,1.0,0.9996208674552624,0.9983199647602364,0.9992489199069459,0.9996119402985074,1.0,0.9982906410512975,0.9993664398189015,1.0,0.9998409542743538,0.9988073137034797,1.0,1.0,0.9991904844141266,1.0,0.9981170147072893,1.0,0.9981814932778321,0.9996573705179284,0.9993818544366899,0.994478875988767,1.0,1.0,0.9973539878907394,0.9975103334149618,1.0,1.0,0.9994274097044404,0.9996019108280254,0.9967535941156804,0.9994660112973995,0.9998342284994364,1.0,1.0,0.9934045423175859,0.9996649004125914,0.9996018315747561,0.9981770681016163,0.9991777310213065,0.9994422310756972,1.0,0.9995617529880478,1.0,1.0,1.0,0.9992180741332268,0.9984781106985579,0.9995850760140742,0.999302649930265,0.9994021522518932,1.0,1.0,0.9984600506659098,0.9996019900497513,0.9996019900497513,1.0,0.9992428422177093,0.9963983106596848,1.0,0.999748930791474,0.9996175298804781,0.9994252609315372,1.0,0.9990689013035381,0.9983711853468147,0.9968953762541228,0.9996139267162714,1.0,0.9995617529880478,0.9996514638518224,1.0,1.0,0.9996363825255832,0.9970873498222727,0.9992273974330674,1.0,1.0,0.9995411493775215,1.0,0.9977545486758386,0.9994482504942755,0.9926648212803643,1.0,1.0,0.9972908666870834,1.0,1.0,0.9979856414364726,0.9996119402985074,0.9978082573036346,0.9995065191418627,0.9996017522899243,1.0,1.0,0.9996119402985074,0.9980240461954752,1.0,1.0,1.0,0.9990887365983838,1.0,0.9983864694690591,0.9994350282485875,1.0,1.0,0.9997543170012635,1.0,0.9999999999999999,1.0,1.0,1.0,0.9861252093386659,1.0,0.9970996538531609,0.9996019900497513,1.0,1.0,1.0,1.0,0.9994372586705452,0.9994479937740937,1.0,1.0,1.0,1.0,1.0,0.9996113891416439,1.0,0.9996131998320184,0.9989130675894501,0.999475960615857,1.0,1.0,1.0,1.0,1.0000000000000002,1.0,1.0,0.9978098098098098,0.9996099714532298,1.0,0.9994589823172642,1.0,0.9992755068128947,0.9996344300432038,1.0,0.9998154300479882,0.9993020937188435,0.9996125411020588,0.9992321458801906,0.9994892040240333,1.0,1.0,1.0,0.9994531440997465,0.9992321458801905,1.0,1.0,1.0,0.9994014365522745,1.0,1.0,1.0,1.0,0.9996470779867157,1.0,1.0,0.9994342629482071,0.9977533046845639,1.0,1.0,1.0,0.9965576948078809,0.9982808722078038,1.0,1.0,1.0,0.9994233890486631,1.0,1.0,1.0,1.0,1.0,1.0,0.9983270011225284,0.9994217347956131,0.9999999999999999,0.99963184079602,1.0,0.9979608864822525,1.0,1.0,0.997930850353758,1.0,1.0,1.0,0.9993792818060601,1.0,1.0,0.9998483469821049,1.0,0.9985005683329706,1.0,0.9994841909036614,1.0,1.0,1.0,1.0,1.0,1.0,1.0,1.0,1.0,0.9992679842949359,1.0,0.999452300338578,0.9974887097454944,0.99562441314554,0.9976984862527032,1.0,0.9985699753185244,1.0,0.9981866850876435,0.9994218620247443,0.9996017522899243,1.0,1.0,1.0,1.0,1.0,1.0
0.5,stde_auroc,0.0,0.0,0.0,0.0,0.0,0.0,0.0,0.0,0.0,0.0,0.0,0.0,0.0,0.0,0.0,0.0,0.0,0.0,0.0,0.0,0.0,0.0,0.0,0.0,0.0,0.0,0.0,0.0,0.0,0.0,0.0,0.0,0.0,0.0,0.0,0.0,0.0,0.0,0.0,0.0,0.0,0.0,0.0,0.0,0.0,0.0,0.0,0.0,0.0,0.0,0.0,0.0,0.0,0.0,0.0,0.0,0.0,0.0,0.0,0.0,0.0,0.0,0.0,0.0,0.0,0.0,0.0,0.0,0.0,0.0,0.0,0.0,0.0,0.0,0.0,0.0,0.0,0.0,0.0,0.0,0.0,0.0,0.0,0.0,0.0,0.0,0.0,0.0,0.0,0.0,0.0,0.0,0.0,0.0,0.0,0.0,0.0,0.0,0.0,0.0,0.0,0.0,0.0,0.0,0.0,0.0,0.0,0.0,0.0,0.0,0.0,0.0,0.0,0.0,0.0,0.0,0.0,0.0,0.0,0.0,0.0,0.0,0.0,0.0,0.0,0.0,0.0,0.0,0.0,0.0,0.0,0.0,0.0,0.0,0.0,0.0,0.0,0.0,0.0,0.0,0.0,0.0,0.0,0.0,0.0,0.0,0.0,0.0,0.0,0.0,0.0,0.0,0.0,0.0,0.0,0.0,0.0,0.0,0.0,0.0,0.0,0.0,0.0,0.0,0.0,0.0,0.0,0.0,0.0,0.0,0.0,0.0,0.0,0.0,0.0,0.0,0.0,0.0,0.0,0.0,0.0,0.0,0.0,0.0,0.0,0.0,0.0,0.0,0.0,0.0,0.0,0.0,0.0,0.0,0.0,0.0,0.0,0.0,0.0,0.0,0.0,0.0,0.0,0.0,0.0,0.0,0.0,0.0,0.0,0.0,0.0,0.0,0.0,0.0,0.0,0.0,0.0,0.0,0.0,0.0,0.0,0.0,0.0,0.0,0.0,0.0,0.0,0.0,0.0,0.0,0.0,0.0,0.0,0.0,0.0,0.0,0.0,0.0,0.0,0.0,0.0,0.0,0.0,0.0,0.0,0.0,0.0,0.0,0.0,0.0,0.0,0.0,0.0,0.0,0.0,0.0,0.0,0.0,0.0,0.0,0.0,0.0,0.0,0.0,0.0,0.0,0.0,0.0,0.0,0.0,0.0,0.0,0.0,0.0,0.0,0.0,0.0,0.0,0.0,0.0,0.0,0.0,0.0,0.0,0.0,0.0,0.0,0.0,0.0,0.0,0.0,0.0,0.0,0.0,0.0,0.0,0.0,0.0,0.0,0.0,0.0,0.0
0.5,mean_auprc,0.6305572150814064,0.7795115622022868,0.8565716163115309,0.6523240041919733,0.6314590035781772,0.7755141063723217,0.7426960391445845,0.7734097538046555,0.6554800117875436,0.8618135068806184,0.7688673745055027,0.5266916017519333,0.8129924747020056,0.6093947643990866,0.9846178286129268,1.0,0.6416597268847706,1.0,0.9999999999999999,0.6296748044233057,0.7582315327594424,0.7998185174884889,0.6129778359432745,0.9999999999999999,0.7086682277735203,0.784989503427862,0.475416631759708,0.9999999999999999,0.8468395262267496,0.8027290936142468,0.7632439861311477,0.6369474646248601,0.9999999999999998,0.6548317988289731,0.7684641443698818,0.8671925596576289,0.7459617219703336,0.9055593272206502,0.8512463148458413,0.7555542163148158,0.5770931106056953,1.0,0.686221611129894,0.7986123323692602,0.7529937091253879,0.6959085936452195,0.7481644212318563,0.7758333379635867,0.9970760233918128,0.9999999999999998,0.7956814575101292,0.5790590914655291,0.6902336611085211,0.610260012982914,0.9122834818746113,0.6488763579313477,0.9999999999999998,0.6654464908613092,1.0000000000000002,1.0000000000000002,0.7377357683938631,1.0,0.9999999999999999,0.7833118029908824,0.649537462016222,0.8592520083116059,1.0,0.7528396643446215,0.7670394902665512,0.8268637494107275,0.5943135189289787,1.0,0.8032894912137456,0.6564500953048997,0.7447675562636149,0.7892520083116058,1.0000000000000002,0.6956198283757832,0.7597565994202335,1.0,0.9151207126207125,0.7214583838047085,1.0,1.0,0.7638601867052883,1.0,0.6584660387930099,0.9999999999999998,0.6255692667772139,0.8643078115554895,0.7837157978109165,0.5839068672453716,1.0,1.0,0.6080037945559704,0.6306212714688786,1.0,1.0,0.7913590309648041,0.7872103322774437,0.5960852299070325,0.8100131015546647,0.9186440931216473,0.9999999999999998,1.0,0.4944481003991172,0.8504885573933969,0.7934561744194448,0.6440199372259031,0.7450127664966021,0.7674537610383215,0.9999999999999998,0.8015893966370747,1.0,1.0,0.9999999999999998,0.7646385677235186,0.6691601247888743,0.8560541342478682,0.7575119555579769,0.7599439586333665,1.0,1.0,0.6720876999278146,0.7815896706492683,0.7809186749782726,1.0,0.7616785724367957,0.5698163434185166,0.9999999999999998,0.9236721618818805,0.8284605796779712,0.7653219977143139,0.9999999999999999,0.7429218817730663,0.6577524789985688,0.6046140671913882,0.7688933736693707,1.0000000000000002,0.8015893966370747,0.855681751365474,1.0,0.9999999999999998,0.8496701151661734,0.5972638021481748,0.7736056960329251,1.0,1.0,0.7865105941910122,0.9999999999999999,0.6401093380096945,0.775766294796542,0.505558957904617,1.0,1.0,0.6006729972564023,1.0,1.0,0.6660001265959399,0.7892520083116058,0.6289501319619526,0.7795931848709008,0.7987572599054921,0.9999999999999998,1.0,0.7892520083116058,0.6288449232612152,0.9999999999999999,1.0000000000000002,1.0,0.7713874496418828,1.0,0.6598110205310237,0.7936124495874348,1.0,0.9999999999999998,0.8663242108060902,1.0,0.9999999999999998,0.9999999999999998,1.0,1.0,0.43870537577729407,0.9999999999999999,0.6144492300443193,0.7809186749782725,1.0000000000000002,1.0,1.0,1.0000000000000002,0.7528396643446215,0.75090830043621,1.0,1.0,1.0,1.0,1.0,0.7951468402139518,1.0000000000000002,0.7761770751321835,0.7149520784992204,0.7907043894895829,1.0,1.0,1.0,0.9999999999999998,0.9999999999999998,1.0,1.0000000000000002,0.6361191924058114,0.8111381005718232,1.0,0.7899985692994989,0.9999999999999998,0.7515129677149088,0.8562708978178759,0.9999999999999998,0.8701265004836434,0.7577598144068018,0.7829446977442741,0.757950747412405,0.7726400330580336,1.0,1.0,1.0,0.8029280853255013,0.7698909326146223,0.9999999999999999,1.0,1.0,0.789569347587954,1.0,0.9999999999999998,0.9999999999999998,0.9999999999999999,0.8445777800865051,1.0,1.0,0.763882332466893,0.6303287471605787,1.0,1.0,1.0,0.6223179192396278,0.6259965530254459,0.9999999999999998,1.0,1.0,0.7799961751355772,1.0,1.0,1.0,1.0,1.0,1.0,0.6387276579522597,0.8004600961477033,0.9999999999999998,0.8225853416449392,1.0,0.6439958284171273,1.0,1.0,0.6549595220495813,1.0,1.0,1.0,0.7828271315067847,1.0,1.0,0.9417194821330164,1.0,0.6481093807955726,1.0,0.7646364914371284,0.9999999999999998,1.0,1.0,1.0,1.0,1.0,1.0,1.0,1.0,0.7787291169856364,1.0,0.7657008423514261,0.6354003961441499,0.5826708232182218,0.6888611139170617,0.9999999999999999,0.7359020210586279,0.9999999999999998,0.6188209827159645,0.8184458420852575,0.800165127400316,1.0,1.0,0.9999999999999998,1.0,1.0,1.0
0.5,stde_auprc,0.0,0.0,0.0,0.0,0.0,0.0,0.0,0.0,0.0,0.0,0.0,0.0,0.0,0.0,0.0,0.0,0.0,0.0,0.0,0.0,0.0,0.0,0.0,0.0,0.0,0.0,0.0,0.0,0.0,0.0,0.0,0.0,0.0,0.0,0.0,0.0,0.0,0.0,0.0,0.0,0.0,0.0,0.0,0.0,0.0,0.0,0.0,0.0,0.0,0.0,0.0,0.0,0.0,0.0,0.0,0.0,0.0,0.0,0.0,0.0,0.0,0.0,0.0,0.0,0.0,0.0,0.0,0.0,0.0,0.0,0.0,0.0,0.0,0.0,0.0,0.0,0.0,0.0,0.0,0.0,0.0,0.0,0.0,0.0,0.0,0.0,0.0,0.0,0.0,0.0,0.0,0.0,0.0,0.0,0.0,0.0,0.0,0.0,0.0,0.0,0.0,0.0,0.0,0.0,0.0,0.0,0.0,0.0,0.0,0.0,0.0,0.0,0.0,0.0,0.0,0.0,0.0,0.0,0.0,0.0,0.0,0.0,0.0,0.0,0.0,0.0,0.0,0.0,0.0,0.0,0.0,0.0,0.0,0.0,0.0,0.0,0.0,0.0,0.0,0.0,0.0,0.0,0.0,0.0,0.0,0.0,0.0,0.0,0.0,0.0,0.0,0.0,0.0,0.0,0.0,0.0,0.0,0.0,0.0,0.0,0.0,0.0,0.0,0.0,0.0,0.0,0.0,0.0,0.0,0.0,0.0,0.0,0.0,0.0,0.0,0.0,0.0,0.0,0.0,0.0,0.0,0.0,0.0,0.0,0.0,0.0,0.0,0.0,0.0,0.0,0.0,0.0,0.0,0.0,0.0,0.0,0.0,0.0,0.0,0.0,0.0,0.0,0.0,0.0,0.0,0.0,0.0,0.0,0.0,0.0,0.0,0.0,0.0,0.0,0.0,0.0,0.0,0.0,0.0,0.0,0.0,0.0,0.0,0.0,0.0,0.0,0.0,0.0,0.0,0.0,0.0,0.0,0.0,0.0,0.0,0.0,0.0,0.0,0.0,0.0,0.0,0.0,0.0,0.0,0.0,0.0,0.0,0.0,0.0,0.0,0.0,0.0,0.0,0.0,0.0,0.0,0.0,0.0,0.0,0.0,0.0,0.0,0.0,0.0,0.0,0.0,0.0,0.0,0.0,0.0,0.0,0.0,0.0,0.0,0.0,0.0,0.0,0.0,0.0,0.0,0.0,0.0,0.0,0.0,0.0,0.0,0.0,0.0,0.0,0.0,0.0,0.0,0.0,0.0,0.0,0.0,0.0,0.0,0.0,0.0,0.0,0.0
0.5,mean_auprc_w,0.9941119364923735,0.9982256140562804,0.9991852034512029,0.9924206853779866,0.9908652834460959,0.9980938622628187,0.9971421435505561,0.9977910440830979,0.9958428910135992,0.9992794410326805,0.9977982488083296,0.9840916642643004,0.9976042167890329,0.9914706822021364,0.9999405182339972,1.0000000000000002,0.9946396574591863,1.0000000000000002,0.9999999999999999,0.9933987233821535,0.998317780982788,0.9985256883994102,0.9910513005018647,1.0,0.9970226364390594,0.9980414998252741,0.9748694042237721,1.0,0.9981500415438259,0.9984030416985957,0.9972774542666423,0.9898342200078016,0.9999999999999998,0.9955048107503969,0.9975670602073107,0.9991973987984468,0.9974245970240314,0.9993766300272537,0.9993616992853614,0.9964182255628147,0.987849120779934,1.0,0.9966035553913648,0.9985186323852322,0.9976806159621393,0.9957433283280683,0.9975146608278698,0.997530531281774,0.9999889507646071,1.0,0.9983034080983515,0.9880685975739335,0.9964620506505534,0.9912281909686129,0.9995385088915527,0.9937494261193587,0.9999999999999998,0.9947697573677233,1.0,1.0000000000000002,0.9970576242496485,1.0,1.0,0.9979706630443101,0.9931223589050211,0.9992984924502227,1.0,0.9981907005497676,0.9975564184606528,0.9983968006909928,0.9879275179082203,1.0,0.9988506293103936,0.9952734821173884,0.9975146745700472,0.9987697414507004,1.0000000000000002,0.995400516634717,0.9976304380612205,1.0,0.9997106658339998,0.9967225557887502,1.0,1.0,0.9970531594975657,1.0,0.9945219879108325,1.0,0.9947065738434298,0.9991791214257744,0.9981371280846317,0.9852949628006274,1.0,1.0,0.9902696070938909,0.992031549258141,1.0,1.0,0.9980169247600531,0.9985541085459371,0.9888263091415304,0.998365637943433,0.9996695937007165,1.0,1.0,0.9804023349204657,0.9993018460728289,0.9985378885705635,0.9945967240722998,0.9971197117466117,0.9981814223901431,1.0,0.9984426002532373,1.0,1.0,0.9999999999999999,0.9972826806312924,0.9955706056191816,0.9991485027929516,0.9980571801998352,0.9976896908472029,1.0,1.0,0.9957296049420972,0.9985763466228094,0.998573090773723,1.0,0.9972556043402575,0.9874575618962069,1.0,0.9996085617065907,0.9988221182999129,0.9980692321388808,0.9999999999999999,0.9971573766653825,0.9954288416620021,0.9910291042337632,0.99883297454306,1.0,0.9984426002532373,0.9991530575931149,1.0,0.9999999999999998,0.9991133148778901,0.9909705325576532,0.9972614868587644,1.0000000000000002,1.0,0.9984483118419409,0.9999999999999999,0.9924817838384434,0.998192347576013,0.9814475735872145,1.0,1.0,0.9911947243167227,1.0,1.0,0.9937737999146972,0.9987697414507003,0.9934209789542957,0.9984044498094891,0.9985194187953046,0.9999999999999998,1.0,0.9987697414507004,0.9936975093764493,1.0,1.0000000000000004,1.0,0.9967965394735703,1.0,0.9955418912447275,0.9981219157305747,1.0,0.9999999999999998,0.9994483536602066,1.0,1.0,1.0,1.0,1.0,0.9635523947552977,1.0,0.9924101233525535,0.998573090773723,1.0,1.0,1.0,1.0000000000000002,0.9981907005497676,0.9982563692136343,1.0,1.0,1.0,1.0,1.0,0.9987506812784348,1.0,0.9988107806600759,0.9962061105938754,0.9982643529187242,1.0,1.0,1.0,0.9999999999999998,1.0,1.0,1.0,0.9910746917732586,0.9987005665290809,1.0,0.9982009731957682,1.0,0.9974332689862354,0.9988805238368804,1.0,0.9995527805564722,0.9974925741831381,0.998789741526471,0.9975498461488277,0.9983585129607021,1.0000000000000002,1.0,1.0,0.9981514655387758,0.9976484247366777,0.9999999999999999,1.0,1.0,0.997590592538951,1.0,0.9999999999999998,0.9999999999999998,1.0,0.9991490952295756,1.0,1.0,0.9981417794138401,0.9931037937593545,1.0,1.0,1.0,0.9905774843724386,0.9947654709178826,0.9999999999999998,1.0,1.0,0.9981035137328349,1.0,1.0,1.0,1.0,1.0,1.0,0.9951626860483832,0.9983386553978533,0.9999999999999998,0.999066868695763,1.0,0.9936300245460432,1.0,1.0,0.9933617393682495,1.0,1.0,1.0,0.9984306020417164,1.0,1.0,0.9997327710874437,1.0,0.9959226236939884,1.0000000000000002,0.9983646652717642,0.9999999999999998,1.0,1.0,1.0,1.0,1.0,1.0000000000000002,1.0,1.0,0.9973270286811167,1.0,0.9982384520429843,0.9903698396993036,0.9858566506527966,0.9932253956362842,1.0,0.9961081515094895,0.9999999999999998,0.9945886191319436,0.997925254005106,0.9985318628366924,1.0,1.0,0.9999999999999998,1.0,1.0,1.0
0.5,stde_auprc_w,0.0,0.0,0.0,0.0,0.0,0.0,0.0,0.0,0.0,0.0,0.0,0.0,0.0,0.0,0.0,0.0,0.0,0.0,0.0,0.0,0.0,0.0,0.0,0.0,0.0,0.0,0.0,0.0,0.0,0.0,0.0,0.0,0.0,0.0,0.0,0.0,0.0,0.0,0.0,0.0,0.0,0.0,0.0,0.0,0.0,0.0,0.0,0.0,0.0,0.0,0.0,0.0,0.0,0.0,0.0,0.0,0.0,0.0,0.0,0.0,0.0,0.0,0.0,0.0,0.0,0.0,0.0,0.0,0.0,0.0,0.0,0.0,0.0,0.0,0.0,0.0,0.0,0.0,0.0,0.0,0.0,0.0,0.0,0.0,0.0,0.0,0.0,0.0,0.0,0.0,0.0,0.0,0.0,0.0,0.0,0.0,0.0,0.0,0.0,0.0,0.0,0.0,0.0,0.0,0.0,0.0,0.0,0.0,0.0,0.0,0.0,0.0,0.0,0.0,0.0,0.0,0.0,0.0,0.0,0.0,0.0,0.0,0.0,0.0,0.0,0.0,0.0,0.0,0.0,0.0,0.0,0.0,0.0,0.0,0.0,0.0,0.0,0.0,0.0,0.0,0.0,0.0,0.0,0.0,0.0,0.0,0.0,0.0,0.0,0.0,0.0,0.0,0.0,0.0,0.0,0.0,0.0,0.0,0.0,0.0,0.0,0.0,0.0,0.0,0.0,0.0,0.0,0.0,0.0,0.0,0.0,0.0,0.0,0.0,0.0,0.0,0.0,0.0,0.0,0.0,0.0,0.0,0.0,0.0,0.0,0.0,0.0,0.0,0.0,0.0,0.0,0.0,0.0,0.0,0.0,0.0,0.0,0.0,0.0,0.0,0.0,0.0,0.0,0.0,0.0,0.0,0.0,0.0,0.0,0.0,0.0,0.0,0.0,0.0,0.0,0.0,0.0,0.0,0.0,0.0,0.0,0.0,0.0,0.0,0.0,0.0,0.0,0.0,0.0,0.0,0.0,0.0,0.0,0.0,0.0,0.0,0.0,0.0,0.0,0.0,0.0,0.0,0.0,0.0,0.0,0.0,0.0,0.0,0.0,0.0,0.0,0.0,0.0,0.0,0.0,0.0,0.0,0.0,0.0,0.0,0.0,0.0,0.0,0.0,0.0,0.0,0.0,0.0,0.0,0.0,0.0,0.0,0.0,0.0,0.0,0.0,0.0,0.0,0.0,0.0,0.0,0.0,0.0,0.0,0.0,0.0,0.0,0.0,0.0,0.0,0.0,0.0,0.0,0.0,0.0,0.0,0.0,0.0,0.0,0.0,0.0,0.0
0.5,mean_auprc_p,1.0,0.9999999999999999,0.9999999999999998,1.0,1.0,1.0,1.0,1.0,1.0,1.0,1.0,0.9999999999999998,1.0,1.0,1.0,1.0,0.9999999999999999,1.0,0.9999999999999999,1.0000000000000002,0.9999999999999998,0.9999999999999999,1.0,0.9999999999999999,0.9999999999999999,1.0,1.0,1.0,1.0,0.9999999999999999,1.0,1.0,0.9999999999999999,1.0,1.0,1.0000000000000002,0.9999999999999999,0.9999999999999999,1.0,1.0,1.0,1.0,0.9999999999999998,0.9999999999999998,1.0,1.0000000000000002,0.9999999999999998,1.0,1.0,0.9999999999999998,1.0,1.0,1.0,0.9999999999999998,0.9999999999999998,1.0000000000000002,0.9999999999999999,1.0000000000000002,1.0000000000000002,1.0,1.0,1.0,1.0,1.0,1.0000000000000002,1.0000000000000002,1.0,0.9999999999999998,0.9999999999999998,0.9999999999999999,0.9999999999999998,1.0,1.0000000000000002,1.0,0.9999999999999999,1.0000000000000002,1.0000000000000002,1.0000000000000002,0.9999999999999999,1.0,1.0,0.9999999999999998,1.0,1.0,1.0,1.0,1.0,0.9999999999999998,0.9999999999999998,1.0000000000000002,1.0,0.9999999999999999,1.0,1.0,1.0000000000000002,0.9999999999999999,1.0,1.0,0.9999999999999999,1.0000000000000002,1.0,0.9999999999999999,1.0,0.9999999999999998,1.0,1.0,0.9999999999999998,0.9999999999999998,1.0,1.0,1.0,0.9999999999999998,1.0,1.0,0.9999999999999998,0.9999999999999999,1.0,0.9999999999999998,0.9999999999999999,1.0,1.0,0.9999999999999999,1.0,1.0,1.0,1.0000000000000002,1.0,1.0,1.0,1.0,0.9999999999999999,1.0000000000000002,1.0,0.9999999999999998,1.0,1.0,1.0,1.0,1.0,1.0,0.9999999999999998,1.0,0.9999999999999998,0.9999999999999998,0.9999999999999998,1.0,1.0,1.0,0.9999999999999998,1.0,1.0,1.0,0.9999999999999999,1.0,1.0,1.0,1.0,1.0,1.0000000000000002,1.0000000000000002,1.0,1.0,0.9999999999999998,0.9999999999999998,1.0,1.0000000000000002,1.0,1.0,1.0000000000000002,1.0,1.0,1.0,0.9999999999999998,1.0,1.0,0.9999999999999998,1.0,1.0,0.9999999999999998,0.9999999999999998,1.0,1.0,0.9999999999999999,1.0,1.0,1.0000000000000002,1.0000000000000002,1.0,1.0,1.0,0.9999999999999998,0.9999999999999998,1.0,1.0,0.9999999999999998,1.0,1.0,1.0000000000000002,1.0,1.0,1.0,0.9999999999999998,1.0,0.9999999999999998,0.9999999999999998,0.9999999999999998,0.9999999999999998,1.0,1.0,1.0,0.9999999999999998,1.0,1.0,0.9999999999999998,1.0,1.0,0.9999999999999998,0.9999999999999998,1.0,0.9999999999999998,0.9999999999999998,0.9999999999999998,1.0,1.0,1.0,0.9999999999999999,0.9999999999999998,1.0,1.0,0.9999999999999998,1.0,1.0,0.9999999999999998,0.9999999999999998,1.0,0.9999999999999998,1.0,1.0,1.0,1.0000000000000002,1.0,1.0,1.0,0.9999999999999998,1.0,0.9999999999999998,1.0,1.0,0.9999999999999999,1.0,1.0,1.0,1.0,1.0,1.0,0.9999999999999998,1.0,0.9999999999999998,1.0000000000000002,1.0,1.0,1.0,1.0,1.0000000000000002,1.0,1.0,1.0,1.0,1.0,1.0,1.0,1.0,1.0,1.0,0.9999999999999998,0.9999999999999998,1.0,1.0,1.0,1.0,1.0,1.0,1.0,1.0,1.0,1.0,0.9999999999999999,1.0,0.9999999999999999,1.0,1.0,1.0,0.9999999999999999,0.9999999999999998,1.0,0.9999999999999998,1.0,1.0,0.9999999999999998,1.0,1.0,1.0
0.5,stde_auprc_p,0.0,0.0,0.0,0.0,0.0,0.0,0.0,0.0,0.0,0.0,0.0,0.0,0.0,0.0,0.0,0.0,0.0,0.0,0.0,0.0,0.0,0.0,0.0,0.0,0.0,0.0,0.0,0.0,0.0,0.0,0.0,0.0,0.0,0.0,0.0,0.0,0.0,0.0,0.0,0.0,0.0,0.0,0.0,0.0,0.0,0.0,0.0,0.0,0.0,0.0,0.0,0.0,0.0,0.0,0.0,0.0,0.0,0.0,0.0,0.0,0.0,0.0,0.0,0.0,0.0,0.0,0.0,0.0,0.0,0.0,0.0,0.0,0.0,0.0,0.0,0.0,0.0,0.0,0.0,0.0,0.0,0.0,0.0,0.0,0.0,0.0,0.0,0.0,0.0,0.0,0.0,0.0,0.0,0.0,0.0,0.0,0.0,0.0,0.0,0.0,0.0,0.0,0.0,0.0,0.0,0.0,0.0,0.0,0.0,0.0,0.0,0.0,0.0,0.0,0.0,0.0,0.0,0.0,0.0,0.0,0.0,0.0,0.0,0.0,0.0,0.0,0.0,0.0,0.0,0.0,0.0,0.0,0.0,0.0,0.0,0.0,0.0,0.0,0.0,0.0,0.0,0.0,0.0,0.0,0.0,0.0,0.0,0.0,0.0,0.0,0.0,0.0,0.0,0.0,0.0,0.0,0.0,0.0,0.0,0.0,0.0,0.0,0.0,0.0,0.0,0.0,0.0,0.0,0.0,0.0,0.0,0.0,0.0,0.0,0.0,0.0,0.0,0.0,0.0,0.0,0.0,0.0,0.0,0.0,0.0,0.0,0.0,0.0,0.0,0.0,0.0,0.0,0.0,0.0,0.0,0.0,0.0,0.0,0.0,0.0,0.0,0.0,0.0,0.0,0.0,0.0,0.0,0.0,0.0,0.0,0.0,0.0,0.0,0.0,0.0,0.0,0.0,0.0,0.0,0.0,0.0,0.0,0.0,0.0,0.0,0.0,0.0,0.0,0.0,0.0,0.0,0.0,0.0,0.0,0.0,0.0,0.0,0.0,0.0,0.0,0.0,0.0,0.0,0.0,0.0,0.0,0.0,0.0,0.0,0.0,0.0,0.0,0.0,0.0,0.0,0.0,0.0,0.0,0.0,0.0,0.0,0.0,0.0,0.0,0.0,0.0,0.0,0.0,0.0,0.0,0.0,0.0,0.0,0.0,0.0,0.0,0.0,0.0,0.0,0.0,0.0,0.0,0.0,0.0,0.0,0.0,0.0,0.0,0.0,0.0,0.0,0.0,0.0,0.0,0.0,0.0,0.0,0.0,0.0,0.0,0.0,0.0
0.7,mean_auroc,0.9939466666666666,0.99845203610894,0.9980260765674511,0.9940722166499498,0.993922118306674,0.9978288106153363,0.9965118780540274,0.9969889771913556,0.997171757503161,0.998151728844404,0.9973276258192459,0.9905022368237104,0.9979089898812656,0.9966143135009361,0.9985191079282982,0.9994039340353665,0.9968097295365436,0.9985522622284111,0.9986058554072894,0.9943090854512707,0.9982625377807539,0.9984070091596973,0.9954164745992676,0.9990369328604624,0.9973745430375539,0.9983792140434868,0.9886730427127846,0.9994041708043695,0.9980454660661715,0.9980382239796466,0.9970241938323923,0.9933132731527916,0.9990061617968595,0.9965383518676931,0.9968715883878996,0.9982470119521912,0.9979734163696489,0.9981713688610241,0.9989002761008938,0.9963862337684928,0.9929084545956898,1.0,0.9966480950113875,0.9978615829480719,0.9985150965187264,0.9963777777777778,0.9969118725632744,0.9973880410931577,0.9986406736953782,0.9991133667604257,0.9981547909009049,0.9916522628549973,0.9965252914177045,0.993098965800692,0.9981992277457448,0.9954051056093915,0.9990061617968593,0.995253420517143,0.9990071485305798,0.9990149253731343,0.996310236669518,0.9990181944720621,0.9988480635551142,0.9966565092263415,0.9929620563035496,0.9982786069651741,0.9990512752625541,0.998225200422489,0.9968016155166992,0.9973878364905284,0.991807050654737,1.0,0.9983792083712466,0.9951596545683641,0.9970953805250913,0.9980298507462686,0.9988059701492538,0.9952596557934761,0.9974230473532845,0.998807157057654,0.9984227965540093,0.9967025731802088,1.0,0.9988066825775657,0.9965082894395993,1.0,0.9945597815215217,0.9988076311605724,0.9962736379594883,0.9981513944223106,0.9971884346959123,0.9900446747439077,1.0,1.0,0.9945231015729713,0.9949687214764353,0.9990067540723082,1.0,0.9968925717667949,0.9979147710039429,0.9927917084587095,0.9981085219450055,0.9984527993280727,0.9984560352207412,1.0,0.9901290336072945,0.9983768613734894,0.9987511990299168,0.9959008403033671,0.9973457641055405,0.9977370517928286,0.9990063593004769,0.99800796812749,1.0,0.9990043807248108,0.9982905131779859,0.9976653135467268,0.9959524220706328,0.9980415587864303,0.9983294251076679,0.9979481274818063,0.9990203594854759,0.9990181944720621,0.9969095897322696,0.9989950248756219,0.9983383084577115,1.0,0.9966661579818518,0.9927571507512565,0.9994038155802861,0.9986753934860526,0.998414342629482,0.997892623415636,0.9986512195814521,0.9965597716994365,0.9961123574787178,0.9930681841754078,0.9984557068650849,0.9992057188244639,0.9977928286852591,0.9984979751709487,1.0,0.9992911019111893,0.998389694041868,0.9939112624947126,0.9969201013318196,0.9986257368037619,0.9992234622747138,0.9982858033348917,0.9990069513406157,0.9945153984809503,0.9969960304688337,0.9903719983493529,0.9990071485305798,0.9990192180251822,0.9939142657463466,1.0,0.998807868070733,0.9944807345668552,0.9982686567164181,0.996534089426581,0.9985022423077587,0.9981213097155126,0.9996030170702661,1.0,0.997950248756219,0.995666849539254,0.9986295928500496,0.9986185708286366,0.9986077963404931,0.9974242860995137,0.9996031746031746,0.9964208003531897,0.9975473579262213,0.9990059642147118,0.9990061617968595,0.9986194955309093,0.9990055688146382,0.9990216460804695,0.999006359300477,1.0,1.0,0.9864518256893366,0.9990069513406157,0.9932228092548734,0.9983781094527364,0.9996028594122319,1.0,0.999642857142857,0.9990053709966182,0.9977230620054369,0.9981810942392267,0.9999999999999999,0.9996030958523517,0.9989351733537779,0.9998014691284496,0.9992058765137979,0.9982465119805884,0.9994042891183479,0.99854121079504,0.9967392027683504,0.9976455131895547,0.9990067540723082,0.998594428826987,0.9988783825993128,0.9988235932890521,0.9990369328604622,1.0,0.9992057188244639,0.9958958958958959,0.9979170815906526,0.9987178098024343,0.997743386770694,0.999006359300477,0.9967630442007311,0.9978198737121967,0.9988229179405651,0.9988925802879292,0.9969425058158857,0.9983349739250633,0.9970736898111199,0.9978702405069866,0.9992052453804888,1.0,0.999006556725611,0.9980120179626077,0.9970676437156883,0.9990069513406156,1.0,0.999206034140532,0.9980894338436237,1.0,0.9999999999999999,0.9990061617968595,0.9996425024826217,0.9986516569236059,1.0,0.9990067540723083,0.9978725099601593,0.9947304782601591,0.9990067540723083,1.0,1.0,0.9924357928825539,0.9967780217830128,0.9996313729938183,1.0,0.9999999999999999,0.9976508442723313,1.0,1.0,1.0,1.0,1.0,0.9988469184890656,0.9953641740782315,0.9982984380192756,0.9994045256053989,0.9983880597014926,1.0,0.9959004878547164,1.0,1.0,0.9948879832269312,1.0,1.0,1.0,0.9973408739099116,1.0,1.0,0.9988626023657871,1.0,0.9970857820019832,0.9986075193952657,0.9981267985448754,0.999603017070266,0.9983565275016568,1.0,1.0,0.9986077963404933,1.0,0.9982649249607674,1.0,1.0,0.99691111554757,0.9996030958523516,0.9977926043948748,0.9934861210765487,0.9909027498323273,0.994102564102564,0.9988045427375971,0.9967814021746381,0.9990061617968595,0.9960009930057853,0.9980185634848056,0.9976191712984607,1.0,0.9996028594122319,0.9996030170702659,0.9996277546158427,1.0,0.9999999999999999
0.7,stde_auroc,0.0,0.0,0.0,0.0,0.0,0.0,0.0,0.0,0.0,0.0,0.0,0.0,0.0,0.0,0.0,0.0,0.0,0.0,0.0,0.0,0.0,0.0,0.0,0.0,0.0,0.0,0.0,0.0,0.0,0.0,0.0,0.0,0.0,0.0,0.0,0.0,0.0,0.0,0.0,0.0,0.0,0.0,0.0,0.0,0.0,0.0,0.0,0.0,0.0,0.0,0.0,0.0,0.0,0.0,0.0,0.0,0.0,0.0,0.0,0.0,0.0,0.0,0.0,0.0,0.0,0.0,0.0,0.0,0.0,0.0,0.0,0.0,0.0,0.0,0.0,0.0,0.0,0.0,0.0,0.0,0.0,0.0,0.0,0.0,0.0,0.0,0.0,0.0,0.0,0.0,0.0,0.0,0.0,0.0,0.0,0.0,0.0,0.0,0.0,0.0,0.0,0.0,0.0,0.0,0.0,0.0,0.0,0.0,0.0,0.0,0.0,0.0,0.0,0.0,0.0,0.0,0.0,0.0,0.0,0.0,0.0,0.0,0.0,0.0,0.0,0.0,0.0,0.0,0.0,0.0,0.0,0.0,0.0,0.0,0.0,0.0,0.0,0.0,0.0,0.0,0.0,0.0,0.0,0.0,0.0,0.0,0.0,0.0,0.0,0.0,0.0,0.0,0.0,0.0,0.0,0.0,0.0,0.0,0.0,0.0,0.0,0.0,0.0,0.0,0.0,0.0,0.0,0.0,0.0,0.0,0.0,0.0,0.0,0.0,0.0,0.0,0.0,0.0,0.0,0.0,0.0,0.0,0.0,0.0,0.0,0.0,0.0,0.0,0.0,0.0,0.0,0.0,0.0,0.0,0.0,0.0,0.0,0.0,0.0,0.0,0.0,0.0,0.0,0.0,0.0,0.0,0.0,0.0,0.0,0.0,0.0,0.0,0.0,0.0,0.0,0.0,0.0,0.0,0.0,0.0,0.0,0.0,0.0,0.0,0.0,0.0,0.0,0.0,0.0,0.0,0.0,0.0,0.0,0.0,0.0,0.0,0.0,0.0,0.0,0.0,0.0,0.0,0.0,0.0,0.0,0.0,0.0,0.0,0.0,0.0,0.0,0.0,0.0,0.0,0.0,0.0,0.0,0.0,0.0,0.0,0.0,0.0,0.0,0.0,0.0,0.0,0.0,0.0,0.0,0.0,0.0,0.0,0.0,0.0,0.0,0.0,0.0,0.0,0.0,0.0,0.0,0.0,0.0,0.0,0.0,0.0,0.0,0.0,0.0,0.0,0.0,0.0,0.0,0.0,0.0,0.0,0.0,0.0,0.0,0.0,0.0,0.0
0.7,mean_auprc,0.39288636041213953,0.6162646234713289,0.49719184363039803,0.46178247739822,0.4175463443532844,0.5186051650955386,0.4878506822429583,0.4868609104208517,0.5168906759382347,0.4923023425361584,0.5085664816296519,0.38236703621711343,0.6207714374206086,0.5294378596279399,0.5121320284749077,0.6455357142857143,0.497444007860918,0.5168621021752893,0.5950853826651227,0.4182041172048928,0.5151676974985192,0.5518673223871551,0.46109172257637665,0.5414168096860404,0.5082249905838878,0.6210544483912669,0.3977493908577495,0.6090018315018316,0.6457723352895207,0.5253488726791324,0.48755624541804476,0.4361494072031548,0.5516820011650838,0.4597163923072848,0.47548271273697684,0.5432606301055896,0.567339913403528,0.5760515687151254,0.5665576759623936,0.5208633614265046,0.42428902944899777,1.0,0.440198849810196,0.4809688700643642,0.6206222986407096,0.511035860779392,0.45952326395672366,0.5056441199094586,0.531448821451121,0.6080834763527072,0.5489681248479632,0.3883639624148579,0.45347203470332664,0.4376972572470797,0.5200557417418377,0.49185317110552496,0.5574958145446868,0.4554788777248566,0.4728635561968896,0.6230650857140796,0.4449104865242622,0.5893927253302252,0.4552314352314352,0.45702029483768725,0.40790109232031124,0.4979079358758998,0.47108971275637945,0.520487190264672,0.4684224314079286,0.4977566573641249,0.4200339994616379,1.0,0.5316426177957791,0.41311396752909246,0.4665594079611277,0.46755378725309493,0.5873245266085824,0.4622397389143527,0.47820260876306,0.5228088990472891,0.4733804676899306,0.49658807777671254,1.0,0.5708040893462888,0.4748019131313029,0.9999999999999998,0.4180568170379974,0.4981969586339674,0.46278940965813287,0.5338026238054807,0.4729500861884709,0.444232168696631,1.0,1.0,0.45504977541973146,0.47954980103418626,0.5011837909565182,1.0,0.46392791847076537,0.4660523321771242,0.4187598845073079,0.5785566164584061,0.49937446635432003,0.43557068939898186,1.0,0.39962965695862573,0.503586734841579,0.5915169233794075,0.4603508524125397,0.5103232065056086,0.4866513615605297,0.5378606436298745,0.5121477147594627,1.0,0.6682680242462851,0.5551165731933247,0.5560603594576257,0.4395696513069617,0.5071986140123221,0.563369561326329,0.5222356975844901,0.5625999209645826,0.5908808205683205,0.5073641864389256,0.633498668728932,0.506645373833539,1.0,0.46423906995784797,0.4206193387432589,0.6606227106227106,0.5903935388357922,0.5946907866814988,0.5115405308467869,0.47938980861636765,0.4485658002108442,0.4597864498556274,0.4203442832099115,0.4901481191625935,0.515382148715482,0.4902948906580878,0.575874284348549,1.0,0.49170274170274164,0.54475768946404,0.44046728875502994,0.5096408479457251,0.4483235561021939,0.5758297258297258,0.5287168406938111,0.4825521700521701,0.4484495394891689,0.42871464183436714,0.4428429129928051,0.46209500376167045,0.564086780952106,0.4188410682198924,1.0,0.47744596090184327,0.4438986198845491,0.49753955126649974,0.5365021439841651,0.5640945665837088,0.5087253130762446,0.6202947845804989,1.0,0.46402783500949635,0.45744947164572003,0.40909894843718375,0.5451993068659735,0.5128407503367913,0.5954175852427204,0.5628571428571428,0.4732568994335384,0.5108150677758827,0.5618645587298838,0.5516820011650838,0.5157234327072917,0.5941719276494363,0.5404247461939771,0.5339327904373153,1.0,1.0,0.4510683080775627,0.4900613275613276,0.4076802651726057,0.5233159808960138,0.6727272727272728,1.0,0.5961904761904762,0.6394060515437328,0.4638390981967868,0.5057325992017547,1.0,0.6,0.5344136464547786,0.7770833333333333,0.49006132756132753,0.5038847131152864,0.5847883597883597,0.5132238885370756,0.48124515245424226,0.4973005891617422,0.5011837909565182,0.4706105991654422,0.5217608230876696,0.6139964981542522,0.5403430468475717,1.0,0.5233075566408899,0.5028464135634929,0.49437077678342084,0.4417362865892278,0.5144253116647302,0.5383634088385221,0.44984039928575936,0.5396451144179856,0.4982593816572145,0.5274913161191357,0.463477588504567,0.4972205903785779,0.4898539473124963,0.4839359044480144,0.5812169312169313,1.0,0.5182420044552397,0.5627348524264898,0.49530352998394733,0.48255217005217005,1.0,0.4836322407750979,0.5894156922885883,1.0,0.9999999999999998,0.5569071175274183,0.7695238095238095,0.5739084632980372,1.0,0.5011837909565182,0.49796900924599025,0.4402254330234504,0.5136921159648432,1.0,1.0,0.44555644605663347,0.48346929549271767,0.6480725623582766,1.0,1.0,0.5041860046956225,1.0,1.0,1.0,1.0,1.0,0.5347345464992523,0.4068126830489316,0.5888610868311088,0.535204081632653,0.5234461177010905,1.0,0.49261000731454735,1.0,1.0,0.4642765053604442,1.0,1.0,1.0,0.45507785865226646,1.0,1.0,0.6100161898481227,1.0,0.48680559386824895,0.5338159942816806,0.5003798888053201,0.6253968253968254,0.4488505426262863,1.0,1.0,0.5151464156859349,1.0,0.4853192847839391,1.0,1.0,0.5036505353679094,0.6,0.48231047896208745,0.4328020905142479,0.4194214509730362,0.4877747176959461,0.6664434924050309,0.5615914305431283,0.5552064372553094,0.4395214950204483,0.6253284220202139,0.455807015945046,1.0,0.6946849446849448,0.6242630385487529,0.68125,1.0,1.0
0.7,stde_auprc,0.0,0.0,0.0,0.0,0.0,0.0,0.0,0.0,0.0,0.0,0.0,0.0,0.0,0.0,0.0,0.0,0.0,0.0,0.0,0.0,0.0,0.0,0.0,0.0,0.0,0.0,0.0,0.0,0.0,0.0,0.0,0.0,0.0,0.0,0.0,0.0,0.0,0.0,0.0,0.0,0.0,0.0,0.0,0.0,0.0,0.0,0.0,0.0,0.0,0.0,0.0,0.0,0.0,0.0,0.0,0.0,0.0,0.0,0.0,0.0,0.0,0.0,0.0,0.0,0.0,0.0,0.0,0.0,0.0,0.0,0.0,0.0,0.0,0.0,0.0,0.0,0.0,0.0,0.0,0.0,0.0,0.0,0.0,0.0,0.0,0.0,0.0,0.0,0.0,0.0,0.0,0.0,0.0,0.0,0.0,0.0,0.0,0.0,0.0,0.0,0.0,0.0,0.0,0.0,0.0,0.0,0.0,0.0,0.0,0.0,0.0,0.0,0.0,0.0,0.0,0.0,0.0,0.0,0.0,0.0,0.0,0.0,0.0,0.0,0.0,0.0,0.0,0.0,0.0,0.0,0.0,0.0,0.0,0.0,0.0,0.0,0.0,0.0,0.0,0.0,0.0,0.0,0.0,0.0,0.0,0.0,0.0,0.0,0.0,0.0,0.0,0.0,0.0,0.0,0.0,0.0,0.0,0.0,0.0,0.0,0.0,0.0,0.0,0.0,0.0,0.0,0.0,0.0,0.0,0.0,0.0,0.0,0.0,0.0,0.0,0.0,0.0,0.0,0.0,0.0,0.0,0.0,0.0,0.0,0.0,0.0,0.0,0.0,0.0,0.0,0.0,0.0,0.0,0.0,0.0,0.0,0.0,0.0,0.0,0.0,0.0,0.0,0.0,0.0,0.0,0.0,0.0,0.0,0.0,0.0,0.0,0.0,0.0,0.0,0.0,0.0,0.0,0.0,0.0,0.0,0.0,0.0,0.0,0.0,0.0,0.0,0.0,0.0,0.0,0.0,0.0,0.0,0.0,0.0,0.0,0.0,0.0,0.0,0.0,0.0,0.0,0.0,0.0,0.0,0.0,0.0,0.0,0.0,0.0,0.0,0.0,0.0,0.0,0.0,0.0,0.0,0.0,0.0,0.0,0.0,0.0,0.0,0.0,0.0,0.0,0.0,0.0,0.0,0.0,0.0,0.0,0.0,0.0,0.0,0.0,0.0,0.0,0.0,0.0,0.0,0.0,0.0,0.0,0.0,0.0,0.0,0.0,0.0,0.0,0.0,0.0,0.0,0.0,0.0,0.0,0.0,0.0,0.0,0.0,0.0,0.0,0.0
0.7,mean_auprc_w,0.9837544244302726,0.9964774326018558,0.9929876002534787,0.9817060417074653,0.9817501702089793,0.9934585261550668,0.9906309667437491,0.990119820501851,0.9920027188930262,0.9940206350647147,0.9918292089913208,0.9724786323583675,0.9931934663862554,0.9914249148080281,0.9952727264826131,0.9982268433636122,0.9904594299967896,0.9954881059835144,0.994923737797621,0.9819503158295106,0.9945338871163998,0.9942136738656983,0.9875525456348874,0.9971588182302308,0.9939231892585262,0.9955239873565919,0.9669342951521993,0.998307298286434,0.9926240450864716,0.9928882378188708,0.9899803352909385,0.979539032504249,0.9968072934206657,0.9886757693620013,0.9896905745633149,0.9939452805551072,0.9943728971611487,0.9942873794693224,0.9964672452961321,0.9889424598598988,0.9801872535972855,1.0,0.9891668446331637,0.9936011575120753,0.9958222814892953,0.9894745772827471,0.9902129289780706,0.9914684596565613,0.9956466862386046,0.998044071995877,0.9941202962118022,0.9767180581592518,0.9902582051219345,0.9818372720714287,0.9947308891301505,0.9877080818117087,0.9968442914033636,0.9869957377880146,0.9973008897098282,0.9966726654129233,0.9880977693517765,0.9969329420639133,0.9969933972626605,0.9901536150465319,0.9803367635437406,0.9943804143562572,0.9974987273260321,0.9945100800858098,0.9912836075752504,0.9915562127883689,0.9764047752922077,1.0,0.9954547752411036,0.9872933740027421,0.9916290399340396,0.9937066858134592,0.9958115190712171,0.9868076305495844,0.9915075960089654,0.9960808206942078,0.9951127915801347,0.9918868356278272,1.0,0.9960999489057808,0.989900824474901,0.9999999999999998,0.984169928401067,0.9962839481738135,0.9891501122311663,0.9938942663325432,0.9914378490817133,0.9704205517767419,1.0,1.0,0.9866100071008335,0.9869007572970535,0.9970172860666794,1.0,0.9918276301350768,0.9940503945118602,0.9817311323015561,0.9940563809529219,0.9950494769519065,0.9953592251997049,1.0,0.9716701180679048,0.995348140217919,0.9958597177431858,0.988376524750247,0.9912762168932368,0.9934515339533598,0.996880279149192,0.9936880360224902,1.0,0.9965093235608387,0.9951567552970608,0.9919261760480597,0.989001032990452,0.9938041034372301,0.9947864527824193,0.9928688034298316,0.9970488199149569,0.9969439520962573,0.9903207901206116,0.9974012938571143,0.9945257274779791,1.0,0.9882428048352051,0.9794549626817328,0.9981861239549917,0.9954347970969599,0.994561182980197,0.9939845220715717,0.995872796350906,0.9897677992714715,0.9888935839449111,0.9817357835386836,0.995589780385214,0.9977727113160912,0.9934253085299957,0.995638600702228,1.0,0.998309291608965,0.9951661314712799,0.9852556610583841,0.9903272338141769,0.9959384362345223,0.9978982761369611,0.9947579522249781,0.9971065587380902,0.9853318907717062,0.9900499808775356,0.9764033719934451,0.9972048211069509,0.9969183019376258,0.9837667370151387,1.0,0.9963269640418602,0.9832732676417641,0.994915752163107,0.99130983361477,0.9950911044174843,0.9936638006645637,0.9989723440926932,1.0,0.9944884049178391,0.987775510286594,0.996151165188199,0.9955380333043755,0.9952628438991009,0.9935037405527555,0.999095065872112,0.9895500876962005,0.9932823773357948,0.9967247246250407,0.9968072934206657,0.9959679649911595,0.9966553662729981,0.9970744662853901,0.9968600558287788,1.0,1.0,0.967185022268484,0.9971423403556163,0.9785759546364583,0.9959158315679195,0.9989100095899589,1.0,0.9992928894205719,0.996840390695019,0.9929730323902428,0.994390173987364,1.0,0.9990422104151422,0.9967062600099517,0.9994727144511291,0.9978493536545026,0.9941440273972987,0.9983467992450559,0.9956502981506602,0.9907352733723569,0.9935188010943414,0.9970172860666793,0.996098683675575,0.9965982672874455,0.9960383655517492,0.9972494257362652,1.0,0.9978088808569071,0.9873371764917807,0.9938643078677003,0.9965315405324271,0.9938373354163975,0.9968840880251792,0.991794896714346,0.9936051309391203,0.9966273654653661,0.9966621429833356,0.9922535968135826,0.9950589010211031,0.9919721947838391,0.99427656325108,0.9976141171709363,1.0,0.9969355030210653,0.9937212834725199,0.9924749095655001,0.9971065587380902,1.0,0.99809859029294,0.9936046814981969,1.0,0.9999999999999998,0.9968376205315224,0.9993122600089309,0.9953812095375396,1.0,0.9970172860666794,0.9930985398998252,0.9844764415692426,0.9970800990523963,1.0,1.0,0.9816547370258941,0.990720392452758,0.999179454705724,1.0,1.0,0.9934278228440736,1.0,1.0,1.0,1.0,1.0,0.9964686375946851,0.9871130963716351,0.9942598536647219,0.9984739198251289,0.9955759529901758,1.0,0.98590791122255,1.0,1.0,0.9827523372233558,1.0,1.0,1.0,0.9915821724316651,1.0,1.0,0.9962463871685299,1.0,0.9914465367220102,0.9954534307060205,0.9943457984048043,0.9989855633841768,0.9950152899995879,1.0,1.0,0.9952788345154904,1.0,0.9946959712961831,1.0,1.0,0.9889999005359092,0.9990422104151422,0.9939845607561762,0.9815494323599514,0.9731107750132291,0.9811770860834268,0.9958154241986379,0.9882730091622187,0.9968266102494902,0.9881491178977494,0.9925952943052376,0.9914588266469183,1.0,0.9990288346044519,0.9989817879425387,0.9991737021081473,1.0,1.0
0.7,stde_auprc_w,0.0,0.0,0.0,0.0,0.0,0.0,0.0,0.0,0.0,0.0,0.0,0.0,0.0,0.0,0.0,0.0,0.0,0.0,0.0,0.0,0.0,0.0,0.0,0.0,0.0,0.0,0.0,0.0,0.0,0.0,0.0,0.0,0.0,0.0,0.0,0.0,0.0,0.0,0.0,0.0,0.0,0.0,0.0,0.0,0.0,0.0,0.0,0.0,0.0,0.0,0.0,0.0,0.0,0.0,0.0,0.0,0.0,0.0,0.0,0.0,0.0,0.0,0.0,0.0,0.0,0.0,0.0,0.0,0.0,0.0,0.0,0.0,0.0,0.0,0.0,0.0,0.0,0.0,0.0,0.0,0.0,0.0,0.0,0.0,0.0,0.0,0.0,0.0,0.0,0.0,0.0,0.0,0.0,0.0,0.0,0.0,0.0,0.0,0.0,0.0,0.0,0.0,0.0,0.0,0.0,0.0,0.0,0.0,0.0,0.0,0.0,0.0,0.0,0.0,0.0,0.0,0.0,0.0,0.0,0.0,0.0,0.0,0.0,0.0,0.0,0.0,0.0,0.0,0.0,0.0,0.0,0.0,0.0,0.0,0.0,0.0,0.0,0.0,0.0,0.0,0.0,0.0,0.0,0.0,0.0,0.0,0.0,0.0,0.0,0.0,0.0,0.0,0.0,0.0,0.0,0.0,0.0,0.0,0.0,0.0,0.0,0.0,0.0,0.0,0.0,0.0,0.0,0.0,0.0,0.0,0.0,0.0,0.0,0.0,0.0,0.0,0.0,0.0,0.0,0.0,0.0,0.0,0.0,0.0,0.0,0.0,0.0,0.0,0.0,0.0,0.0,0.0,0.0,0.0,0.0,0.0,0.0,0.0,0.0,0.0,0.0,0.0,0.0,0.0,0.0,0.0,0.0,0.0,0.0,0.0,0.0,0.0,0.0,0.0,0.0,0.0,0.0,0.0,0.0,0.0,0.0,0.0,0.0,0.0,0.0,0.0,0.0,0.0,0.0,0.0,0.0,0.0,0.0,0.0,0.0,0.0,0.0,0.0,0.0,0.0,0.0,0.0,0.0,0.0,0.0,0.0,0.0,0.0,0.0,0.0,0.0,0.0,0.0,0.0,0.0,0.0,0.0,0.0,0.0,0.0,0.0,0.0,0.0,0.0,0.0,0.0,0.0,0.0,0.0,0.0,0.0,0.0,0.0,0.0,0.0,0.0,0.0,0.0,0.0,0.0,0.0,0.0,0.0,0.0,0.0,0.0,0.0,0.0,0.0,0.0,0.0,0.0,0.0,0.0,0.0,0.0,0.0,0.0,0.0,0.0,0.0,0.0
0.7,mean_auprc_p,1.0,0.9999999999999999,0.9999999999999998,1.0,1.0000000000000002,0.9999999999999999,1.0,1.0,1.0,1.0000000000000002,0.9999999999999998,1.0,1.0,1.0,1.0,1.0,0.9999999999999999,1.0,1.0,1.0,0.9999999999999998,1.0,1.0,0.9999999999999998,1.0,1.0,0.9999999999999999,0.9999999999999999,1.0,0.9999999999999999,1.0,1.0,0.9999999999999999,1.0,1.0,1.0000000000000002,1.0,0.9999999999999999,1.0,0.9999999999999999,1.0,1.0,0.9999999999999998,0.9999999999999999,0.9999999999999998,1.0,0.9999999999999999,1.0,1.0,0.9999999999999998,0.9999999999999998,1.0,1.0,0.9999999999999998,0.9999999999999998,1.0,0.9999999999999999,1.0000000000000002,1.0,1.0,1.0,1.0,1.0,0.9999999999999998,1.0000000000000002,1.0,1.0,0.9999999999999998,0.9999999999999998,0.9999999999999999,0.9999999999999998,1.0,1.0,1.0,0.9999999999999999,1.0000000000000002,1.0000000000000002,1.0000000000000002,1.0,1.0,1.0,0.9999999999999998,1.0,1.0,0.9999999999999996,0.9999999999999998,1.0,0.9999999999999998,0.9999999999999998,1.0000000000000002,0.9999999999999999,0.9999999999999999,1.0,1.0,1.0000000000000002,0.9999999999999999,1.0,1.0,0.9999999999999999,1.0000000000000002,1.0,0.9999999999999998,1.0,0.9999999999999998,1.0,1.0,1.0,0.9999999999999998,1.0,0.9999999999999999,1.0000000000000002,0.9999999999999998,1.0,1.0,0.9999999999999999,1.0,1.0,0.9999999999999998,0.9999999999999998,1.0,1.0,0.9999999999999999,1.0,0.9999999999999998,1.0,1.0,1.0,1.0,1.0,1.0,1.0,1.0000000000000002,1.0,0.9999999999999998,1.0,1.0,1.0,1.0,1.0,1.0,0.9999999999999999,1.0,0.9999999999999998,0.9999999999999999,0.9999999999999998,0.9999999999999999,1.0,1.0,0.9999999999999998,1.0,1.0000000000000002,1.0,1.0,1.0,1.0,1.0,1.0,1.0,1.0,1.0,1.0,1.0,0.9999999999999998,0.9999999999999998,1.0,1.0000000000000002,1.0,1.0,1.0,1.0,1.0000000000000002,1.0,0.9999999999999998,1.0,1.0,0.9999999999999999,1.0,1.0,0.9999999999999998,0.9999999999999998,1.0,1.0,0.9999999999999999,1.0,1.0,1.0000000000000002,1.0000000000000002,1.0,1.0,1.0,0.9999999999999998,0.9999999999999998,1.0,1.0,0.9999999999999998,1.0,1.0,1.0000000000000002,1.0000000000000002,1.0,1.0,1.0,1.0,0.9999999999999998,0.9999999999999998,0.9999999999999998,0.9999999999999998,1.0,1.0000000000000002,1.0,0.9999999999999998,1.0,1.0,0.9999999999999998,1.0,0.9999999999999999,0.9999999999999998,0.9999999999999998,1.0,0.9999999999999998,0.9999999999999998,0.9999999999999998,1.0,1.0,1.0,1.0,0.9999999999999999,1.0,1.0,1.0,0.9999999999999999,1.0,0.9999999999999998,0.9999999999999999,0.9999999999999999,0.9999999999999998,1.0,1.0,1.0,1.0,1.0,1.0,1.0,0.9999999999999998,1.0,0.9999999999999998,1.0,1.0,1.0,1.0,1.0,1.0,1.0,1.0,1.0,0.9999999999999998,1.0,0.9999999999999998,1.0,1.0,1.0,1.0,1.0,1.0000000000000002,1.0,1.0,1.0,1.0,1.0,1.0,1.0000000000000002,1.0,0.9999999999999998,1.0000000000000002,0.9999999999999998,0.9999999999999998,1.0,1.0,1.0,1.0,1.0,1.0,1.0,1.0,1.0,1.0,0.9999999999999999,1.0000000000000002,0.9999999999999998,0.9999999999999998,1.0,1.0000000000000002,0.9999999999999999,0.9999999999999998,1.0,0.9999999999999998,1.0,1.0,0.9999999999999998,1.0,1.0,1.0
0.7,stde_auprc_p,0.0,0.0,0.0,0.0,0.0,0.0,0.0,0.0,0.0,0.0,0.0,0.0,0.0,0.0,0.0,0.0,0.0,0.0,0.0,0.0,0.0,0.0,0.0,0.0,0.0,0.0,0.0,0.0,0.0,0.0,0.0,0.0,0.0,0.0,0.0,0.0,0.0,0.0,0.0,0.0,0.0,0.0,0.0,0.0,0.0,0.0,0.0,0.0,0.0,0.0,0.0,0.0,0.0,0.0,0.0,0.0,0.0,0.0,0.0,0.0,0.0,0.0,0.0,0.0,0.0,0.0,0.0,0.0,0.0,0.0,0.0,0.0,0.0,0.0,0.0,0.0,0.0,0.0,0.0,0.0,0.0,0.0,0.0,0.0,0.0,0.0,0.0,0.0,0.0,0.0,0.0,0.0,0.0,0.0,0.0,0.0,0.0,0.0,0.0,0.0,0.0,0.0,0.0,0.0,0.0,0.0,0.0,0.0,0.0,0.0,0.0,0.0,0.0,0.0,0.0,0.0,0.0,0.0,0.0,0.0,0.0,0.0,0.0,0.0,0.0,0.0,0.0,0.0,0.0,0.0,0.0,0.0,0.0,0.0,0.0,0.0,0.0,0.0,0.0,0.0,0.0,0.0,0.0,0.0,0.0,0.0,0.0,0.0,0.0,0.0,0.0,0.0,0.0,0.0,0.0,0.0,0.0,0.0,0.0,0.0,0.0,0.0,0.0,0.0,0.0,0.0,0.0,0.0,0.0,0.0,0.0,0.0,0.0,0.0,0.0,0.0,0.0,0.0,0.0,0.0,0.0,0.0,0.0,0.0,0.0,0.0,0.0,0.0,0.0,0.0,0.0,0.0,0.0,0.0,0.0,0.0,0.0,0.0,0.0,0.0,0.0,0.0,0.0,0.0,0.0,0.0,0.0,0.0,0.0,0.0,0.0,0.0,0.0,0.0,0.0,0.0,0.0,0.0,0.0,0.0,0.0,0.0,0.0,0.0,0.0,0.0,0.0,0.0,0.0,0.0,0.0,0.0,0.0,0.0,0.0,0.0,0.0,0.0,0.0,0.0,0.0,0.0,0.0,0.0,0.0,0.0,0.0,0.0,0.0,0.0,0.0,0.0,0.0,0.0,0.0,0.0,0.0,0.0,0.0,0.0,0.0,0.0,0.0,0.0,0.0,0.0,0.0,0.0,0.0,0.0,0.0,0.0,0.0,0.0,0.0,0.0,0.0,0.0,0.0,0.0,0.0,0.0,0.0,0.0,0.0,0.0,0.0,0.0,0.0,0.0,0.0,0.0,0.0,0.0,0.0,0.0,0.0,0.0,0.0,0.0,0.0,0.0
0.9,mean_auroc,0.9928044444444445,0.99302649930265,0.9930306650736758,0.992407221664995,0.9927992021798708,0.9930237193541958,0.9928700943483204,0.9930153661943725,0.9928517557285774,0.9930334394904459,0.9930167597765363,0.9921885921990772,0.9928057553956835,0.9927287269818764,0.9937338372786951,0.9998013113451223,0.992694438312678,0.9998231770660655,0.9930292770364468,0.9929957974784871,0.993439270265868,0.9930306650736758,0.9924332692625482,1.0,0.9932269857095379,0.9932238679433473,0.9898490656005282,1.0,0.9928057553956834,0.9930264993026499,0.9930153661943724,0.9927816783684387,0.9994320924553481,0.9928656971770745,0.9928158052284972,0.9928286852589642,0.9930195452732349,0.9930223285486444,0.9992980485750386,0.992998599719944,0.9920993079493724,1.0,0.9932189868368567,0.9935154883728983,0.9930223285486444,0.9933466666666666,0.993019545273235,0.993018152802713,0.9937227858453241,0.9998624189800661,0.9930251096054206,0.9922284153217713,0.9928921079507437,0.9922291678614441,0.9930306650736759,0.992420157451201,0.9994036970781157,0.9922011357734583,1.0,0.9994228855721393,0.9926432848588537,0.9994407436866176,1.0,0.9930167597765363,0.9924309571040673,0.9930348258706467,1.0,0.99333367963569,0.9928595612953154,0.9928215353938186,0.9922293676312969,1.0,0.9930523961176827,0.9928086296444266,0.9930741110003323,0.9963283582089553,0.9930348258706468,0.9926038956707358,0.9930237193541958,0.9996288933068257,0.9998144466534129,0.9928384854503066,1.0,1.0,0.9928168983680166,1.0,0.9928203031910731,0.9998012718600954,0.9928100659077291,0.9930278884462151,0.9930209371884346,0.9916550950059226,1.0,0.9998013113451222,0.9926088832057187,0.9928538035129901,1.0,1.0,0.9928265373084396,0.9948722323324234,0.9922835172183216,0.9934377291969582,0.9996021483986474,0.9998012718600953,1.0,0.9918909592822637,0.9992250822041175,0.9930320525582321,0.9926692792107777,0.9928776995816102,0.9927091633466135,0.9994038155802862,0.996597609561753,1.0,0.9930306650736758,0.9930292770364468,0.9930125773607507,0.9929248337794664,0.993029277036447,0.99302649930265,0.9928258270227182,1.0,0.9994034599323921,0.9928836471045799,0.9992537313432837,0.9931940298507462,1.0,0.9928158052284972,0.9927801752493225,0.9998012718600954,0.9992035045798487,0.9935059760956175,0.9930264993026499,0.9998012323593719,0.9930167597765363,0.9930083899320816,0.9924908209620877,0.9994618372408629,0.999801429706116,0.9930278884462151,0.9930292770364468,1.0,1.0,0.9935674337263865,0.9926497324814296,0.9930097862991811,1.0,1.0,0.9938531331705712,1.0,0.9926666563958773,0.99302649930265,0.9901795774158101,1.0,0.9994831013916501,0.9922024075949963,1.0,0.9998013113451223,0.9933175676716635,0.9961194029850746,0.9922680188211556,0.9933163645178604,0.9930306650736759,1.0,1.0,0.9992139303482588,0.9928214760607385,0.9996425024826217,0.9996021483986474,0.9994033412887828,0.9930027988804478,1.0,0.9928205775072793,0.9930209371884346,0.9998011928429423,0.999801232359372,0.9994033412887828,1.0,1.0,1.0,1.0,1.0,0.9877086582152017,0.9998013902681232,0.9922353798506103,0.9943681592039801,1.0,1.0,1.0,0.9998010741993236,0.9930306650736759,0.9933216295947731,1.0,1.0,0.9996024647187438,1.0,1.0,0.9930334394904459,1.0,0.9985964679618946,0.9928406645815311,0.9931210604785734,1.0,0.9995314762756623,0.9998012323593719,0.9930320525582321,0.9996942644001467,1.0,1.0,0.9926606606606606,0.9932865299077209,0.9998013508144618,0.9930237193541958,0.9996636908401614,0.9930209371884346,0.9930209371884346,0.9994649627002568,0.9997160462276741,0.9930209371884346,0.9993193289630762,0.9929804832039469,0.9938444756116565,1.0,1.0,1.0,0.9928458381049191,0.9930167597765363,1.0,1.0,1.0,0.9930167597765364,1.0,1.0,0.9998012323593719,0.9999999999999999,0.9930320525582321,1.0,1.0,0.9930278884462151,0.9926512638682374,1.0,1.0,1.0,0.991968939474524,0.9930125773607507,1.0,1.0,1.0,0.9939277883766622,1.0,1.0,1.0,1.0,1.0,0.9998011928429424,0.9930111821086263,0.9930541708208708,1.0,0.9949651741293533,1.0,0.9929971988795518,1.0,1.0,0.9931290097136171,1.0,1.0,1.0,0.9930264993026499,1.0,1.0,0.9930429178040643,1.0,0.9930167597765364,0.9930375969763279,0.9964074348904132,1.0,0.9994035785288271,1.0,1.0,0.9993214469558707,1.0,0.9992374510974074,1.0,1.0,0.9930125773607507,1.0,0.9935022903804023,0.9922691652949535,0.9921797451374916,0.992786530738338,0.993057152052968,0.9929957974784871,1.0,0.993011182108626,0.9930097862991811,0.9992035045798486,1.0,1.0,1.0,1.0,1.0,1.0
0.9,stde_auroc,0.0,0.0,0.0,0.0,0.0,0.0,0.0,0.0,0.0,0.0,0.0,0.0,0.0,0.0,0.0,0.0,0.0,0.0,0.0,0.0,0.0,0.0,0.0,0.0,0.0,0.0,0.0,0.0,0.0,0.0,0.0,0.0,0.0,0.0,0.0,0.0,0.0,0.0,0.0,0.0,0.0,0.0,0.0,0.0,0.0,0.0,0.0,0.0,0.0,0.0,0.0,0.0,0.0,0.0,0.0,0.0,0.0,0.0,0.0,0.0,0.0,0.0,0.0,0.0,0.0,0.0,0.0,0.0,0.0,0.0,0.0,0.0,0.0,0.0,0.0,0.0,0.0,0.0,0.0,0.0,0.0,0.0,0.0,0.0,0.0,0.0,0.0,0.0,0.0,0.0,0.0,0.0,0.0,0.0,0.0,0.0,0.0,0.0,0.0,0.0,0.0,0.0,0.0,0.0,0.0,0.0,0.0,0.0,0.0,0.0,0.0,0.0,0.0,0.0,0.0,0.0,0.0,0.0,0.0,0.0,0.0,0.0,0.0,0.0,0.0,0.0,0.0,0.0,0.0,0.0,0.0,0.0,0.0,0.0,0.0,0.0,0.0,0.0,0.0,0.0,0.0,0.0,0.0,0.0,0.0,0.0,0.0,0.0,0.0,0.0,0.0,0.0,0.0,0.0,0.0,0.0,0.0,0.0,0.0,0.0,0.0,0.0,0.0,0.0,0.0,0.0,0.0,0.0,0.0,0.0,0.0,0.0,0.0,0.0,0.0,0.0,0.0,0.0,0.0,0.0,0.0,0.0,0.0,0.0,0.0,0.0,0.0,0.0,0.0,0.0,0.0,0.0,0.0,0.0,0.0,0.0,0.0,0.0,0.0,0.0,0.0,0.0,0.0,0.0,0.0,0.0,0.0,0.0,0.0,0.0,0.0,0.0,0.0,0.0,0.0,0.0,0.0,0.0,0.0,0.0,0.0,0.0,0.0,0.0,0.0,0.0,0.0,0.0,0.0,0.0,0.0,0.0,0.0,0.0,0.0,0.0,0.0,0.0,0.0,0.0,0.0,0.0,0.0,0.0,0.0,0.0,0.0,0.0,0.0,0.0,0.0,0.0,0.0,0.0,0.0,0.0,0.0,0.0,0.0,0.0,0.0,0.0,0.0,0.0,0.0,0.0,0.0,0.0,0.0,0.0,0.0,0.0,0.0,0.0,0.0,0.0,0.0,0.0,0.0,0.0,0.0,0.0,0.0,0.0,0.0,0.0,0.0,0.0,0.0,0.0,0.0,0.0,0.0,0.0,0.0,0.0,0.0,0.0,0.0,0.0,0.0,0.0
0.9,mean_auprc,0.35777757027816615,0.2607192897051259,0.24132945306916812,0.4092211513143788,0.3837779026540321,0.27411494805759484,0.33118328150844156,0.3091371863732023,0.3172116484149428,0.22716352536613613,0.303593601526299,0.4392218646132562,0.3556783034394477,0.35019242878285617,0.23252956944944847,0.8565781440781441,0.32081731824788806,0.9058401816335252,0.25935673862485464,0.37701756445152523,0.25123767414958575,0.25122142841642053,0.3512494407545725,0.9999999999999998,0.29144473937291254,0.31060443493195766,0.42280070419269244,0.9999999999999999,0.3516980899881412,0.26256943050941,0.30981532324059746,0.41872245744849923,0.6761358039719384,0.30979572480302225,0.3040635863776219,0.25375520074072916,0.29719668817714334,0.2948700824662018,0.672403927544157,0.37235356325950586,0.3988115260439257,1.0,0.29692340933373823,0.265396476342316,0.28404099602054167,0.3819208651332805,0.29298020871715047,0.2971879814819428,0.2297517916716707,0.9259435009435006,0.27102983178570494,0.40679161582407286,0.30575625878870005,0.41099981350369547,0.24048428039922015,0.3766392458075137,0.6673122745601738,0.365545547220192,1.0000000000000002,0.7303884585430723,0.30550094945809503,0.7305221972622321,0.9999999999999999,0.3028881674263402,0.39534701592734717,0.2180461124088537,1.0,0.28266295298587646,0.29868821668337375,0.2862127170330443,0.431259732381701,0.9999999999999999,0.22617052556361253,0.32961450143885374,0.2882888801159088,0.43841927785980034,0.22416723211210438,0.36597818550969924,0.27587813916546744,0.7858374414256767,0.877118067118067,0.3203648968811738,1.0,1.0,0.31977562470227733,1.0,0.36404265389714646,0.8268028979567441,0.3244591052445103,0.25764742522973816,0.2854235499142231,0.4837783598448898,1.0,0.8297440984940985,0.3812609685287067,0.3972209579835957,1.0,1.0,0.29048717384949296,0.3439441637875896,0.40157831544376044,0.332846782464682,0.7669178158729243,0.8268028979567441,1.0,0.44670955600907875,0.6585702081922442,0.23490364481678058,0.3349345904729273,0.29927513188978294,0.2462126633521297,0.6470753605368991,0.4989631386090255,1.0,0.25244537287040897,0.26035999111621266,0.319504101536108,0.3217548937672182,0.24688410606719402,0.2606799062310038,0.26172439078516013,0.9999999999999999,0.6906246987661461,0.32756745279713134,0.6802338146030097,0.22749797557183282,1.0,0.3077364159716488,0.42305906960050077,0.8334526584526584,0.6886929709894355,0.3138945378586832,0.2614279772763796,0.8347523508237794,0.30312096067932665,0.33494995755696677,0.40157332715237454,0.7161551865544763,0.786904761904762,0.25487548641831104,0.2481775513011634,1.0,0.9999999999999998,0.2633189454786335,0.3902715440101215,0.33492342260711916,1.0,1.0,0.2808281363092999,0.9999999999999999,0.3836203822453236,0.26122027755084,0.42663374129937826,1.0,0.757645051027404,0.36406928724626103,1.0,0.818856375106375,0.41019238420930165,0.41928125828758706,0.3449643186626518,0.2564840634804403,0.2427605556996711,0.9999999999999998,1.0,0.6639750311159653,0.3488152028000694,0.746024531024531,0.7746127329460663,0.6886341781511149,0.3649066887770635,1.0,0.3246757716450861,0.2854235499142231,0.8412847337847337,0.8347523508237794,0.6886341781511149,1.0,0.9999999999999998,0.9999999999999998,1.0,1.0,0.46036155956486535,0.8146789321789321,0.3834193619695449,0.35845037583943296,1.0,1.0,1.0,0.8626603497217533,0.24276055569967112,0.24291406284909084,1.0,1.0,0.7313244295387152,1.0,1.0,0.2255201070560512,1.0000000000000002,0.6178456672495947,0.31521786263234003,0.2984373245811339,1.0,0.7626128948082729,0.8347523508237794,0.2426215621384022,0.8407852830929752,1.0,1.0000000000000002,0.3757653556413703,0.25535347722708934,0.8094877344877343,0.2734644146201762,0.7966460889537812,0.2854235499142231,0.29473893595678474,0.6720295729911114,0.8510523206951778,0.2854235499142231,0.7217549321893251,0.30232062123753756,0.2769375846194602,1.0,1.0,1.0,0.28771247224286023,0.30393795414337893,0.9999999999999999,1.0,1.0,0.3075619327189829,1.0,0.9999999999999998,0.835293476364905,0.9999999999999999,0.23391134815752168,1.0,1.0,0.25487548641831104,0.37154910495280097,1.0,1.0,1.0,0.41914252989966194,0.3205051228196299,0.9999999999999998,1.0,1.0,0.3284061277836816,1.0,1.0,1.0,1.0,1.0,0.8430836755836756,0.32512783283579194,0.3007206844980782,0.9999999999999998,0.3955182233036218,1.0,0.3776417968605489,1.0,1.0,0.4003381179020579,1.0,1.0,1.0,0.2606799062310038,1.0,1.0,0.228783679339557,1.0,0.30312096067932665,0.2093849710698374,0.4624404234482948,0.9999999999999998,0.6676450510274039,1.0,1.0,0.7305628051302792,1.0,0.6642774121876289,1.0,1.0,0.32295292243049756,1.0,0.27157966913839765,0.3916928965722191,0.450566767114776,0.44190764239203384,0.29632227769826086,0.3846927853766554,1.0,0.32745234595829714,0.3421357374846793,0.6888533884375094,1.0,1.0,0.9999999999999998,1.0,1.0,1.0
0.9,stde_auprc,0.0,0.0,0.0,0.0,0.0,0.0,0.0,0.0,0.0,0.0,0.0,0.0,0.0,0.0,0.0,0.0,0.0,0.0,0.0,0.0,0.0,0.0,0.0,0.0,0.0,0.0,0.0,0.0,0.0,0.0,0.0,0.0,0.0,0.0,0.0,0.0,0.0,0.0,0.0,0.0,0.0,0.0,0.0,0.0,0.0,0.0,0.0,0.0,0.0,0.0,0.0,0.0,0.0,0.0,0.0,0.0,0.0,0.0,0.0,0.0,0.0,0.0,0.0,0.0,0.0,0.0,0.0,0.0,0.0,0.0,0.0,0.0,0.0,0.0,0.0,0.0,0.0,0.0,0.0,0.0,0.0,0.0,0.0,0.0,0.0,0.0,0.0,0.0,0.0,0.0,0.0,0.0,0.0,0.0,0.0,0.0,0.0,0.0,0.0,0.0,0.0,0.0,0.0,0.0,0.0,0.0,0.0,0.0,0.0,0.0,0.0,0.0,0.0,0.0,0.0,0.0,0.0,0.0,0.0,0.0,0.0,0.0,0.0,0.0,0.0,0.0,0.0,0.0,0.0,0.0,0.0,0.0,0.0,0.0,0.0,0.0,0.0,0.0,0.0,0.0,0.0,0.0,0.0,0.0,0.0,0.0,0.0,0.0,0.0,0.0,0.0,0.0,0.0,0.0,0.0,0.0,0.0,0.0,0.0,0.0,0.0,0.0,0.0,0.0,0.0,0.0,0.0,0.0,0.0,0.0,0.0,0.0,0.0,0.0,0.0,0.0,0.0,0.0,0.0,0.0,0.0,0.0,0.0,0.0,0.0,0.0,0.0,0.0,0.0,0.0,0.0,0.0,0.0,0.0,0.0,0.0,0.0,0.0,0.0,0.0,0.0,0.0,0.0,0.0,0.0,0.0,0.0,0.0,0.0,0.0,0.0,0.0,0.0,0.0,0.0,0.0,0.0,0.0,0.0,0.0,0.0,0.0,0.0,0.0,0.0,0.0,0.0,0.0,0.0,0.0,0.0,0.0,0.0,0.0,0.0,0.0,0.0,0.0,0.0,0.0,0.0,0.0,0.0,0.0,0.0,0.0,0.0,0.0,0.0,0.0,0.0,0.0,0.0,0.0,0.0,0.0,0.0,0.0,0.0,0.0,0.0,0.0,0.0,0.0,0.0,0.0,0.0,0.0,0.0,0.0,0.0,0.0,0.0,0.0,0.0,0.0,0.0,0.0,0.0,0.0,0.0,0.0,0.0,0.0,0.0,0.0,0.0,0.0,0.0,0.0,0.0,0.0,0.0,0.0,0.0,0.0,0.0,0.0,0.0,0.0,0.0,0.0
0.9,mean_auprc_w,0.9715624082974519,0.9749298140428171,0.9756184450015744,0.9693959631280973,0.9710564172033208,0.9745523391459932,0.9726515022006137,0.9735441982781917,0.9775938377408844,0.976125904947313,0.9736962359324117,0.9733935113905084,0.9729195300778445,0.9718428817536795,0.9854833102509544,0.9995796815492698,0.9724210633423178,0.9996080489252357,0.9761373584688743,0.9718855193078975,0.9838033136153151,0.9806924224947784,0.9705129399025567,1.0,0.9791643926496962,0.9792597435562326,0.9622187999813104,1.0,0.974334858923324,0.9749833293029732,0.9735637906574417,0.9702947635433862,0.9984723918512866,0.9731425283845156,0.9728748799776642,0.9749715182566732,0.9741706788684037,0.9751142330591619,0.9982189840604201,0.9722001527364023,0.9690595989777108,1.0,0.9789556087911488,0.9818940494608461,0.9744814423942367,0.977967831114068,0.9740419591193308,0.9738328224848516,0.9852892776620482,0.999783383850714,0.974914915979255,0.9686919800448497,0.9778445922669337,0.9683552914242538,0.9755987878816667,0.9698346297713597,0.998366606111201,0.9746577939512987,1.0,0.9982735385830498,0.9723862141485007,0.9986219127727219,1.0,0.9736762580748466,0.9696653295792744,0.9763455035410146,1.0,0.9815965246684645,0.9734076931981104,0.9742120146370692,0.968397877672152,1.0,0.9763301117366435,0.9721481570526441,0.9790577841367942,0.9934964478560133,0.9765479587503629,0.9706634734985433,0.9746105286864555,0.9990796126366058,0.9995503365965147,0.9727694625645129,1.0,1.0,0.9725463499661724,1.0,0.9717151417002243,0.9993688228555874,0.9722742748616393,0.9752684838704697,0.9741646351474079,0.9698910486016363,1.0,0.999431954748504,0.970436799225359,0.9711596553928661,1.0,1.0,0.9737082743397768,0.9903793745853535,0.9693012628603085,0.9804453094643524,0.9986139740017704,0.9993688228555871,1.0,0.9666476915778457,0.9974874370000981,0.9758876710293589,0.9718617051889387,0.9734880378394131,0.974449589719252,0.9981349031390159,0.9937607701373157,1.0,0.9761119155977478,0.9758138305893456,0.9732449403841328,0.9730000874475786,0.9753456466811152,0.9749268294368026,0.9740416196523496,0.9999999999999999,0.9980787237217887,0.9728521063159676,0.9976160504987686,0.9817205165467942,1.0,0.9730500914128831,0.9704550776926889,0.9993932570937415,0.997077625898519,0.983660626206959,0.9749488591889753,0.9993556561801462,0.9736827781780797,0.9728502931490767,0.9744598446931546,0.9984065507024752,0.9994415533617957,0.975161240893461,0.9753841204015279,1.0,0.9999999999999998,0.9839382870318368,0.9704785354145267,0.9731267599653596,1.0000000000000002,1.0,0.985898127723081,0.9999999999999999,0.9707119402747839,0.9749560918290751,0.9635262354266394,1.0,0.9989173287744034,0.9700589676296519,1.0,0.999385671855704,0.977131733983372,0.9930924158389247,0.9709195333761136,0.9813672596058209,0.9756632237172407,0.9999999999999998,1.0,0.9973496919199213,0.9719598313756614,0.9992346424702574,0.9986653878313082,0.9979572974517139,0.972736843373178,1.0,0.9724798259035283,0.9741646351474079,0.999341247198136,0.9993556561801462,0.9979572974517139,1.0,1.0,1.0,1.0,1.0,0.9554719561194334,0.9995178984888691,0.9689568414410411,0.9892692218162249,1.0,1.0,1.0,0.9993241297456865,0.9756632237172407,0.9812714784993593,1.0,1.0,0.9987108614170118,1.0,1.0,0.9760751387390273,1.0,0.9972781414280076,0.9729120613643647,0.9802858065163563,1.0,0.9990890417314462,0.9993556561801462,0.9767270645809558,0.999465136135429,1.0,1.0,0.970984988597436,0.9805740895576711,0.9994025841443687,0.9745334482439623,0.9993022602229249,0.9741646351474078,0.9744913795719565,0.9985216616626856,0.9994928419287393,0.9741646351474079,0.998394581606796,0.9736580248999177,0.9857665341652018,1.0,1.0,1.0,0.9736731389578914,0.9737124948776417,1.0,1.0,1.0,0.9738804181680965,1.0,0.9999999999999998,0.9993574621991197,1.0,0.9758592275341396,1.0,1.0,0.975161240893461,0.9710239362050727,1.0,1.0,1.0,0.9686612809744537,0.9732735852597603,0.9999999999999998,1.0,1.0,0.9863867524257619,1.0,1.0,1.0,1.0,1.0,0.9993477789778026,0.9731196011698771,0.9793444100936115,0.9999999999999998,0.9913528722621672,1.0,0.9721988764382661,1.0,1.0,0.9767244991864209,1.0,1.0,1.0,0.9749268294368028,1.0,1.0,0.9765501940976582,1.0,0.9736827781780797,0.9772008597920562,0.9936866621670384,0.9999999999999998,0.9980293130381561,1.0,1.0,0.9986014702866051,1.0,0.9978544748632218,1.0,1.0,0.9733643250713592,1.0,0.9816352949058893,0.9695023758961947,0.9675981107334392,0.9703577145457497,0.9793502980394403,0.9722141247097829,1.0,0.9731876605973284,0.9736439414113305,0.9970732647481594,1.0,1.0,0.9999999999999998,1.0,1.0,1.0
0.9,stde_auprc_w,0.0,0.0,0.0,0.0,0.0,0.0,0.0,0.0,0.0,0.0,0.0,0.0,0.0,0.0,0.0,0.0,0.0,0.0,0.0,0.0,0.0,0.0,0.0,0.0,0.0,0.0,0.0,0.0,0.0,0.0,0.0,0.0,0.0,0.0,0.0,0.0,0.0,0.0,0.0,0.0,0.0,0.0,0.0,0.0,0.0,0.0,0.0,0.0,0.0,0.0,0.0,0.0,0.0,0.0,0.0,0.0,0.0,0.0,0.0,0.0,0.0,0.0,0.0,0.0,0.0,0.0,0.0,0.0,0.0,0.0,0.0,0.0,0.0,0.0,0.0,0.0,0.0,0.0,0.0,0.0,0.0,0.0,0.0,0.0,0.0,0.0,0.0,0.0,0.0,0.0,0.0,0.0,0.0,0.0,0.0,0.0,0.0,0.0,0.0,0.0,0.0,0.0,0.0,0.0,0.0,0.0,0.0,0.0,0.0,0.0,0.0,0.0,0.0,0.0,0.0,0.0,0.0,0.0,0.0,0.0,0.0,0.0,0.0,0.0,0.0,0.0,0.0,0.0,0.0,0.0,0.0,0.0,0.0,0.0,0.0,0.0,0.0,0.0,0.0,0.0,0.0,0.0,0.0,0.0,0.0,0.0,0.0,0.0,0.0,0.0,0.0,0.0,0.0,0.0,0.0,0.0,0.0,0.0,0.0,0.0,0.0,0.0,0.0,0.0,0.0,0.0,0.0,0.0,0.0,0.0,0.0,0.0,0.0,0.0,0.0,0.0,0.0,0.0,0.0,0.0,0.0,0.0,0.0,0.0,0.0,0.0,0.0,0.0,0.0,0.0,0.0,0.0,0.0,0.0,0.0,0.0,0.0,0.0,0.0,0.0,0.0,0.0,0.0,0.0,0.0,0.0,0.0,0.0,0.0,0.0,0.0,0.0,0.0,0.0,0.0,0.0,0.0,0.0,0.0,0.0,0.0,0.0,0.0,0.0,0.0,0.0,0.0,0.0,0.0,0.0,0.0,0.0,0.0,0.0,0.0,0.0,0.0,0.0,0.0,0.0,0.0,0.0,0.0,0.0,0.0,0.0,0.0,0.0,0.0,0.0,0.0,0.0,0.0,0.0,0.0,0.0,0.0,0.0,0.0,0.0,0.0,0.0,0.0,0.0,0.0,0.0,0.0,0.0,0.0,0.0,0.0,0.0,0.0,0.0,0.0,0.0,0.0,0.0,0.0,0.0,0.0,0.0,0.0,0.0,0.0,0.0,0.0,0.0,0.0,0.0,0.0,0.0,0.0,0.0,0.0,0.0,0.0,0.0,0.0,0.0,0.0,0.0
0.9,mean_auprc_p,1.0,0.9999999999999999,0.9999999999999998,1.0,1.0000000000000002,1.0,1.0,1.0,1.0,1.0000000000000002,0.9999999999999998,1.0,1.0,1.0,1.0,1.0,0.9999999999999999,1.0000000000000002,1.0,1.0000000000000002,0.9999999999999998,0.9999999999999999,1.0,0.9999999999999998,0.9999999999999999,1.0,0.9999999999999999,1.0,1.0,0.9999999999999999,1.0,1.0,0.9999999999999999,1.0,1.0,1.0,1.0,1.0,1.0,1.0,1.0,1.0,0.9999999999999998,0.9999999999999998,1.0,1.0000000000000002,0.9999999999999999,1.0,1.0,0.9999999999999998,0.9999999999999998,1.0,1.0,0.9999999999999998,0.9999999999999998,1.0,0.9999999999999998,1.0000000000000002,1.0000000000000002,1.0,1.0,1.0,1.0,1.0,1.0000000000000002,1.0000000000000002,1.0,0.9999999999999998,0.9999999999999998,0.9999999999999999,1.0,0.9999999999999999,1.0000000000000002,1.0,0.9999999999999999,1.0000000000000002,1.0,1.0,0.9999999999999999,1.0,1.0,1.0,1.0,1.0,1.0,1.0,1.0,0.9999999999999998,0.9999999999999999,1.0000000000000002,1.0,0.9999999999999998,1.0,1.0,1.0,1.0,1.0,1.0,1.0,1.0000000000000002,1.0,1.0,1.0,0.9999999999999998,1.0,1.0,0.9999999999999998,0.9999999999999998,1.0,0.9999999999999998,1.0000000000000002,0.9999999999999998,1.0000000000000002,1.0,0.9999999999999998,1.0,1.0,0.9999999999999998,0.9999999999999999,1.0,0.9999999999999998,0.9999999999999999,1.0,1.0,1.0,1.0,1.0,1.0,1.0,1.0,0.9999999999999999,1.0,1.0,0.9999999999999998,1.0,1.0,1.0,1.0,1.0,1.0000000000000002,0.9999999999999998,1.0,0.9999999999999998,0.9999999999999999,0.9999999999999999,0.9999999999999998,1.0,1.0,0.9999999999999998,1.0,1.0000000000000002,1.0,0.9999999999999999,1.0,1.0,1.0,1.0,1.0,1.0000000000000002,1.0,1.0,1.0,0.9999999999999999,0.9999999999999998,1.0,1.0000000000000002,1.0,1.0,1.0,1.0,1.0000000000000002,1.0,0.9999999999999999,1.0,1.0,0.9999999999999998,1.0,1.0,0.9999999999999998,0.9999999999999998,1.0,1.0,0.9999999999999999,1.0,1.0,1.0000000000000002,1.0,1.0,1.0,1.0,0.9999999999999999,0.9999999999999998,1.0,1.0,0.9999999999999998,1.0,1.0,1.0000000000000002,1.0,1.0,1.0,1.0,1.0,0.9999999999999998,0.9999999999999998,0.9999999999999998,0.9999999999999998,1.0,1.0,1.0,0.9999999999999998,1.0,0.9999999999999999,0.9999999999999998,1.0,0.9999999999999999,0.9999999999999998,0.9999999999999998,1.0,1.0,0.9999999999999998,0.9999999999999998,1.0,1.0,1.0,0.9999999999999999,0.9999999999999998,1.0,1.0,0.9999999999999998,0.9999999999999999,1.0,0.9999999999999998,0.9999999999999999,0.9999999999999999,0.9999999999999998,1.0,1.0,1.0000000000000002,1.0,1.0,1.0,1.0,0.9999999999999998,1.0,0.9999999999999998,1.0,1.0,1.0,1.0,1.0,1.0,1.0,1.0,1.0,0.9999999999999998,1.0,0.9999999999999998,1.0000000000000002,1.0,1.0,1.0,1.0,1.0,1.0,1.0,1.0,1.0,1.0,1.0,1.0,1.0,1.0,1.0,0.9999999999999998,0.9999999999999998,1.0,1.0,1.0,1.0,1.0,1.0000000000000002,1.0,1.0,1.0,1.0,0.9999999999999999,1.0,1.0,0.9999999999999998,1.0,0.9999999999999999,0.9999999999999999,1.0,0.9999999999999999,1.0,1.0,1.0,0.9999999999999998,1.0,1.0,1.0
0.9,stde_auprc_p,0.0,0.0,0.0,0.0,0.0,0.0,0.0,0.0,0.0,0.0,0.0,0.0,0.0,0.0,0.0,0.0,0.0,0.0,0.0,0.0,0.0,0.0,0.0,0.0,0.0,0.0,0.0,0.0,0.0,0.0,0.0,0.0,0.0,0.0,0.0,0.0,0.0,0.0,0.0,0.0,0.0,0.0,0.0,0.0,0.0,0.0,0.0,0.0,0.0,0.0,0.0,0.0,0.0,0.0,0.0,0.0,0.0,0.0,0.0,0.0,0.0,0.0,0.0,0.0,0.0,0.0,0.0,0.0,0.0,0.0,0.0,0.0,0.0,0.0,0.0,0.0,0.0,0.0,0.0,0.0,0.0,0.0,0.0,0.0,0.0,0.0,0.0,0.0,0.0,0.0,0.0,0.0,0.0,0.0,0.0,0.0,0.0,0.0,0.0,0.0,0.0,0.0,0.0,0.0,0.0,0.0,0.0,0.0,0.0,0.0,0.0,0.0,0.0,0.0,0.0,0.0,0.0,0.0,0.0,0.0,0.0,0.0,0.0,0.0,0.0,0.0,0.0,0.0,0.0,0.0,0.0,0.0,0.0,0.0,0.0,0.0,0.0,0.0,0.0,0.0,0.0,0.0,0.0,0.0,0.0,0.0,0.0,0.0,0.0,0.0,0.0,0.0,0.0,0.0,0.0,0.0,0.0,0.0,0.0,0.0,0.0,0.0,0.0,0.0,0.0,0.0,0.0,0.0,0.0,0.0,0.0,0.0,0.0,0.0,0.0,0.0,0.0,0.0,0.0,0.0,0.0,0.0,0.0,0.0,0.0,0.0,0.0,0.0,0.0,0.0,0.0,0.0,0.0,0.0,0.0,0.0,0.0,0.0,0.0,0.0,0.0,0.0,0.0,0.0,0.0,0.0,0.0,0.0,0.0,0.0,0.0,0.0,0.0,0.0,0.0,0.0,0.0,0.0,0.0,0.0,0.0,0.0,0.0,0.0,0.0,0.0,0.0,0.0,0.0,0.0,0.0,0.0,0.0,0.0,0.0,0.0,0.0,0.0,0.0,0.0,0.0,0.0,0.0,0.0,0.0,0.0,0.0,0.0,0.0,0.0,0.0,0.0,0.0,0.0,0.0,0.0,0.0,0.0,0.0,0.0,0.0,0.0,0.0,0.0,0.0,0.0,0.0,0.0,0.0,0.0,0.0,0.0,0.0,0.0,0.0,0.0,0.0,0.0,0.0,0.0,0.0,0.0,0.0,0.0,0.0,0.0,0.0,0.0,0.0,0.0,0.0,0.0,0.0,0.0,0.0,0.0,0.0,0.0,0.0,0.0,0.0,0.0
