gene_id,gene_name
ENSG00000239945,RP11-34P13.8
ENSG00000223764,RP11-54O7.3
ENSG00000187634,SAMD11
ENSG00000187642,PERM1
ENSG00000188290,HES4
ENSG00000187608,ISG15
ENSG00000273443,RP11-54O7.18
ENSG00000237330,RNF223
ENSG00000223823,LINC01342
ENSG00000205231,TTLL10-AS1
ENSG00000186891,TNFRSF18
ENSG00000186827,TNFRSF4
ENSG00000169962,TAS1R3
ENSG00000235098,ANKRD65
ENSG00000189409,MMP23B
ENSG00000269737,RP11-345P4.7
ENSG00000169885,CALML6
ENSG00000271806,RP5-892K4.1
ENSG00000234396,RP11-181G12.4
ENSG00000149527,PLCH2
ENSG00000272449,RP3-395M20.12
ENSG00000238164,RP3-395M20.8
ENSG00000157873,TNFRSF14
ENSG00000215912,TTC34
ENSG00000078900,TP73
ENSG00000235169,SMIM1
ENSG00000272153,RP1-286D6.5
ENSG00000116254,CHD5
ENSG00000225077,LINC00337
ENSG00000158292,GPR153
ENSG00000069812,HES2
ENSG00000187017,ESPN
ENSG00000173662,TAS1R1
ENSG00000270171,RP11-338N10.1
ENSG00000049249,TNFRSF9
ENSG00000232912,RP5-1115A15.1
ENSG00000228423,RP4-633I8.4
ENSG00000074800,ENO1
ENSG00000131686,CA6
ENSG00000180758,GPR157
ENSG00000228526,MIR34AHG
ENSG00000234546,RP3-510D11.2
ENSG00000049239,H6PD
ENSG00000179840,PIK3CD-AS1
ENSG00000280113,AL357140.1
ENSG00000142657,PGD
ENSG00000175262,C1orf127
ENSG00000277726,RP4-635E18.9
ENSG00000009724,MASP2
ENSG00000271895,RP4-635E18.8
ENSG00000116649,SRM
ENSG00000162490,DRAXIN
ENSG00000177000,MTHFR
ENSG00000162493,PDPN
ENSG00000175147,TMEM51-AS1
ENSG00000233485,RP3-467K16.2
ENSG00000228140,RP3-467K16.4
ENSG00000142634,EFHD2
ENSG00000142615,CELA2A
ENSG00000215704,CELA2B
ENSG00000271742,RP4-680D5.9
ENSG00000224621,RP11-276H7.3
ENSG00000261135,RP4-798A10.7
ENSG00000271732,RP5-1182A14.5
ENSG00000280226,AC004824.2
ENSG00000230424,RP1-43E13.2
ENSG00000188257,PLA2G2A
ENSG00000117215,PLA2G2D
ENSG00000187980,PLA2G2C
ENSG00000117242,PINK1-AS
ENSG00000236936,RP3-329E20.2
ENSG00000142789,CELA3A
ENSG00000070831,CDC42
ENSG00000162552,WNT4
ENSG00000173369,C1QB
ENSG00000249087,ZNF436-AS1
ENSG00000235052,RP1-150O5.3
ENSG00000117318,ID3
ENSG00000197880,MDS2
ENSG00000117305,HMGCL
ENSG00000179163,FUCA1
ENSG00000188822,CNR2
ENSG00000142677,IL22RA1
ENSG00000230023,RP11-10N16.2
ENSG00000020633,RUNX3
ENSG00000233755,RP4-799D16.1
ENSG00000231953,RP4-706G24.1
ENSG00000117614,SYF2
ENSG00000117616,RSRP1
ENSG00000233478,RP1-187B23.1
ENSG00000182749,PAQR7
ENSG00000117632,STMN1
ENSG00000158008,EXTL1
ENSG00000158022,TRIM63
ENSG00000142669,SH3BGRL3
ENSG00000169442,CD52
ENSG00000176083,ZNF683
ENSG00000198830,HMGN2
ENSG00000117713,ARID1A
ENSG00000226698,RP1-50O24.6
ENSG00000090273,NUDC
ENSG00000142765,SYTL1
ENSG00000000938,FGR
ENSG00000126709,IFI6
ENSG00000130775,THEMIS2
ENSG00000227050,RP11-460I13.2
ENSG00000169403,PTAFR
ENSG00000271398,RP5-1092A3.5
ENSG00000130766,SESN2
ENSG00000116329,OPRD1
ENSG00000233427,RP1-212P9.3
ENSG00000162511,LAPTM5
ENSG00000121769,FABP3
ENSG00000223907,LINC01226
ENSG00000235790,RP11-73M7.6
ENSG00000134668,SPOCD1
ENSG00000224066,RP4-622L5.7
ENSG00000222046,DCDC2B
ENSG00000183615,FAM167B
ENSG00000182866,LCK
ENSG00000175130,MARCKSL1
ENSG00000162526,TSSK3
ENSG00000160058,BSDC1
ENSG00000224409,RP11-114B7.6
ENSG00000121900,TMEM54
ENSG00000255811,RP1-34M23.5
ENSG00000271741,RP11-244H3.4
ENSG00000126067,PSMB2
ENSG00000092853,CLSPN
ENSG00000232335,RP11-435D7.3
ENSG00000116871,MAP7D1
ENSG00000214193,SH3D21
ENSG00000119535,CSF3R
ENSG00000233621,LINC01137
ENSG00000134690,CDCA8
ENSG00000158315,RHBDL2
ENSG00000127603,MACF1
ENSG00000226438,RP11-420K8.1
ENSG00000183682,BMP8A
ENSG00000168389,MFSD2A
ENSG00000131236,CAP1
ENSG00000049089,COL9A2
ENSG00000179862,CITED4
ENSG00000229528,RP5-1066H13.4
ENSG00000171790,SLFNL1
ENSG00000044012,GUCA2B
ENSG00000197273,GUCA2A
ENSG00000066185,ZMYND12
ENSG00000127125,PPCS
ENSG00000186409,CCDC30
ENSG00000065978,YBX1
ENSG00000164007,CLDN19
ENSG00000117394,SLC2A1
ENSG00000227533,SLC2A1-AS1
ENSG00000186973,FAM183A
ENSG00000243710,CFAP57
ENSG00000179178,TMEM125
ENSG00000253313,C1orf210
ENSG00000117399,CDC20
ENSG00000229444,RP11-184I16.4
ENSG00000117410,ATP6V0B
ENSG00000196517,SLC6A9
ENSG00000198520,C1orf228
ENSG00000142945,KIF2C
ENSG00000222009,BTBD19
ENSG00000070759,TESK2
ENSG00000117450,PRDX1
ENSG00000226957,RP4-533D7.4
ENSG00000117480,FAAH
ENSG00000269956,MKNK1-AS1
ENSG00000186118,TEX38
ENSG00000162366,PDZK1IP1
ENSG00000123473,STIL
ENSG00000123080,CDKN2C
ENSG00000203356,LINC01562
ENSG00000261664,TTC39A-AS1
ENSG00000169213,RAB3B
ENSG00000223390,RP11-91A18.4
ENSG00000228369,TXNDC12-AS1
ENSG00000116157,GPX7
ENSG00000182183,FAM159A
ENSG00000226754,RP5-1024G6.5
ENSG00000230138,RP11-117D22.2
ENSG00000116209,TMEM59
ENSG00000225632,RP5-997D24.3
ENSG00000143001,TMEM61
ENSG00000162399,BSND
ENSG00000162407,PLPP3
ENSG00000177606,JUN
ENSG00000232453,RP4-794H19.1
ENSG00000237352,LINC01358
ENSG00000132849,INADL
ENSG00000132855,ANGPTL3
ENSG00000228734,RP11-335E6.3
ENSG00000079739,PGM1
ENSG00000118473,SGIP1
ENSG00000203963,C1orf141
ENSG00000116717,GADD45A
ENSG00000237919,RP11-181B18.1
ENSG00000229051,RP5-952N6.1
ENSG00000235782,RP3-333A15.1
ENSG00000259030,FPGT-TNNI3K
ENSG00000137968,SLC44A5
ENSG00000178193,RP4-682C21.5
ENSG00000057468,MSH4
ENSG00000233099,RP11-375A5.1
ENSG00000235927,NEXN-AS1
ENSG00000137960,GIPC2
ENSG00000137959,IFI44L
ENSG00000137941,TTLL7
ENSG00000137976,DNASE2B
ENSG00000171502,COL24A1
ENSG00000016490,CLCA1
ENSG00000267272,LINC01140
ENSG00000143013,LMO4
ENSG00000117226,GBP3
ENSG00000117228,GBP1
ENSG00000162645,GBP2
ENSG00000231999,FLJ27354
ENSG00000189195,BTBD8
ENSG00000069712,KIAA1107
ENSG00000198691,ABCA4
ENSG00000117525,F3
ENSG00000235501,RP4-639F20.1
ENSG00000156869,FRRS1
ENSG00000122477,LRRC39
ENSG00000181656,GPR88
ENSG00000170989,S1PR1
ENSG00000260879,RP11-483I13.5
ENSG00000238122,RP11-483I13.2
ENSG00000143107,FNDC7
ENSG00000203897,SPATA42
ENSG00000273382,RP5-1065J22.8
ENSG00000270066,SCARNA2
ENSG00000179902,C1orf194
ENSG00000221986,MYBPHL
ENSG00000156097,GPR61
ENSG00000213366,GSTM2
ENSG00000134202,GSTM3
ENSG00000198758,EPS8L3
ENSG00000261055,RP11-195M16.3
ENSG00000143125,PROK1
ENSG00000143119,CD53
ENSG00000232811,RP11-96K19.2
ENSG00000064886,CHI3L2
ENSG00000143110,C1orf162
ENSG00000121933,TMIGD3
ENSG00000282608,ADORA3
ENSG00000197852,FAM212B
ENSG00000116489,CAPZA1
ENSG00000155366,RHOC
ENSG00000215866,LINC01356
ENSG00000134242,PTPN22
ENSG00000235527,HIPK1-AS1
ENSG00000116774,OLFML3
ENSG00000233154,RP4-655J12.4
ENSG00000224950,RP5-1086K13.1
ENSG00000116824,CD2
ENSG00000134256,CD101
ENSG00000236866,AL157902.3
ENSG00000183508,FAM46C
ENSG00000155761,SPAG17
ENSG00000092621,PHGDH
ENSG00000198019,FCGR1B
ENSG00000233029,RP11-439A17.9
ENSG00000230806,SRGAP2-AS1
ENSG00000263590,RP11-403I13.7
ENSG00000234571,RP5-998N21.4
ENSG00000277199,CH17-125A10.2
ENSG00000236140,RP11-89F3.2
ENSG00000174827,PDZK1
ENSG00000117281,CD160
ENSG00000198483,ANKRD35
ENSG00000121851,POLR3GL
ENSG00000265972,TXNIP
ENSG00000168509,HFE2
ENSG00000276509,CH17-353B19.1
ENSG00000131781,FMO5
ENSG00000227733,RP4-565E6.1
ENSG00000234283,RP11-495P10.6
ENSG00000231551,RP11-495P10.1
ENSG00000280649,AC245100.1
ENSG00000236334,PPIAL4G
ENSG00000178104,PDE4DIP
ENSG00000274265,CH17-189H20.1
ENSG00000150337,FCGR1A
ENSG00000233030,RP11-196G18.3
ENSG00000184260,HIST2H2AC
ENSG00000014914,MTMR11
ENSG00000023902,PLEKHO1
ENSG00000143401,ANP32E
ENSG00000276110,RP4-790G17.7
ENSG00000143369,ECM1
ENSG00000143382,ADAMTSL4
ENSG00000163131,CTSS
ENSG00000143387,CTSK
ENSG00000143409,FAM63A
ENSG00000163141,BNIPL
ENSG00000143443,C1orf56
ENSG00000197622,CDC42SE1
ENSG00000213190,MLLT11
ENSG00000143458,GABPB2
ENSG00000163155,LYSMD1
ENSG00000224645,RP11-126K1.8
ENSG00000250734,RP11-404E16.1
ENSG00000159409,CELF3
ENSG00000178796,RIIAD1
ENSG00000225556,C2CD4D
ENSG00000197747,S100A10
ENSG00000163191,S100A11
ENSG00000163216,SPRR2D
ENSG00000244094,SPRR2F
ENSG00000203783,PRR9
ENSG00000203782,LOR
ENSG00000163218,PGLYRP4
ENSG00000163220,S100A9
ENSG00000143546,S100A8
ENSG00000184330,S100A7A
ENSG00000143556,S100A7
ENSG00000197956,S100A6
ENSG00000196420,S100A5
ENSG00000196154,S100A4
ENSG00000188015,S100A3
ENSG00000189171,S100A13
ENSG00000160678,S100A1
ENSG00000279767,AL513523.2
ENSG00000282386,RP11-422P24.12
ENSG00000160712,IL6R
ENSG00000169291,SHE
ENSG00000143603,KCNN3
ENSG00000163346,PBXIP1
ENSG00000173207,CKS1B
ENSG00000163357,DCST1
ENSG00000169231,THBS3
ENSG00000236263,RP11-263K19.6
ENSG00000132718,SYT11
ENSG00000143622,RIT1
ENSG00000116584,ARHGEF2
ENSG00000132698,RAB25
ENSG00000160789,LMNA
ENSG00000183856,IQGAP3
ENSG00000143320,CRABP2
ENSG00000027869,SH2D2A
ENSG00000198400,NTRK1
ENSG00000027644,INSRR
ENSG00000160838,LRRC71
ENSG00000229961,RP11-71G12.1
ENSG00000132704,FCRL2
ENSG00000176320,RP11-404O13.5
ENSG00000163563,MNDA
ENSG00000163565,IFI16
ENSG00000213088,ACKR1
ENSG00000188004,C1orf204
ENSG00000243284,VSIG8
ENSG00000132681,ATP1A4
ENSG00000143318,CASQ1
ENSG00000258465,RP11-574F21.3
ENSG00000162739,SLAMF6
ENSG00000066294,CD84
ENSG00000117090,SLAMF1
ENSG00000228863,RP11-404F10.2
ENSG00000117091,CD48
ENSG00000122224,LY9
ENSG00000122223,CD244
ENSG00000179914,ITLN1
ENSG00000232188,RP11-312J18.6
ENSG00000158764,ITLN2
ENSG00000186517,ARHGAP30
ENSG00000143217,PVRL4
ENSG00000228917,RP11-544M22.8
ENSG00000162755,KLHDC9
ENSG00000158793,NIT1
ENSG00000158859,ADAMTS4
ENSG00000158869,FCER1G
ENSG00000188931,CFAP126
ENSG00000143226,FCGR2A
ENSG00000173110,HSPA6
ENSG00000203747,FCGR3A
ENSG00000072694,FCGR2B
ENSG00000132185,FCRLA
ENSG00000198929,NOS1AP
ENSG00000227094,RP11-565P22.2
ENSG00000185860,CCDC190
ENSG00000185630,PBX1
ENSG00000233693,RP11-506O24.1
ENSG00000234142,RP11-276E17.2
ENSG00000143194,MAEL
ENSG00000143162,CREG1
ENSG00000198771,RCSD1
ENSG00000197965,MPZL1
ENSG00000143158,MPC2
ENSG00000143184,XCL1
ENSG00000235736,RP1-10C16.1
ENSG00000225826,LINC00626
ENSG00000143153,ATP1B1
ENSG00000010932,FMO1
ENSG00000117586,TNFSF4
ENSG00000224977,RP11-160H22.3
ENSG00000152061,RABGAP1L
ENSG00000203737,GPR52
ENSG00000116161,CACYBP
ENSG00000236021,RP11-195C7.1
ENSG00000116194,ANGPTL1
ENSG00000186283,TOR3A
ENSG00000143322,ABL2
ENSG00000229407,RP11-12M5.3
ENSG00000169905,TOR1AIP2
ENSG00000116260,QSOX1
ENSG00000153029,MR1
ENSG00000162783,IER5
ENSG00000198216,CACNA1E
ENSG00000121446,RGSL1
ENSG00000135828,RNASEL
ENSG00000143333,RGS16
ENSG00000135824,RGS8
ENSG00000116701,NCF2
ENSG00000162704,ARPC5
ENSG00000143344,RGL1
ENSG00000198756,COLGALT2
ENSG00000135842,FAM129A
ENSG00000261024,GS1-279B7.1
ENSG00000116703,PDC
ENSG00000273198,GS1-304P7.3
ENSG00000150681,RGS18
ENSG00000232498,RP5-1011O1.2
ENSG00000090104,RGS1
ENSG00000116741,RGS2
ENSG00000234871,LINC01032
ENSG00000227240,RP11-563D10.1
ENSG00000227421,RP11-476B1.1
ENSG00000162687,KCNT2
ENSG00000000971,CFH
ENSG00000116785,CFHR3
ENSG00000134389,CFHR5
ENSG00000143278,F13B
ENSG00000066279,ASPM
ENSG00000134376,CRB1
ENSG00000081237,PTPRC
ENSG00000203721,LINC00862
ENSG00000118193,KIF14
ENSG00000081248,CACNA1S
ENSG00000232237,ASCL5
ENSG00000118194,TNNT2
ENSG00000159173,TNNI1
ENSG00000174307,PHLDA3
ENSG00000163431,LMOD1
ENSG00000234678,RP11-465N4.4
ENSG00000163435,ELF3
ENSG00000143851,PTPN7
ENSG00000117139,KDM5B
ENSG00000260021,RP11-480I12.10
ENSG00000143847,PPFIA4
ENSG00000122180,MYOG
ENSG00000133063,CHIT1
ENSG00000231507,LINC01353
ENSG00000159388,BTG2
ENSG00000122176,FMOD
ENSG00000058668,ATP2B4
ENSG00000122188,LAX1
ENSG00000257315,ZBED6
ENSG00000261065,RP11-74C13.4
ENSG00000143839,REN
ENSG00000170498,KISS1
ENSG00000174567,GOLT1A
ENSG00000226330,RP11-739N20.2
ENSG00000198625,MDM4
ENSG00000240710,RP11-430C7.4
ENSG00000240219,RP11-430C7.5
ENSG00000163531,NFASC
ENSG00000184144,CNTN2
ENSG00000186007,LEMD1
ENSG00000117266,CDK18
ENSG00000158715,SLC45A3
ENSG00000069275,NUCKS1
ENSG00000276600,RAB7B
ENSG00000196188,CTSE
ENSG00000263961,C1orf186
ENSG00000226780,RP11-38J22.3
ENSG00000261000,RP11-534L20.5
ENSG00000162889,MAPKAPK2
ENSG00000142224,IL19
ENSG00000162891,IL20
ENSG00000162892,IL24
ENSG00000162894,FCMR
ENSG00000196352,CD55
ENSG00000203710,CR1
ENSG00000236911,RP11-78B10.2
ENSG00000117335,CD46
ENSG00000203709,C1orf132
ENSG00000076356,PLXNA2
ENSG00000009790,TRAF3IP3
ENSG00000143473,KCNH1
ENSG00000153363,LINC00467
ENSG00000229258,RP11-552D8.1
ENSG00000226251,RP11-15I11.3
ENSG00000117691,NENF
ENSG00000162772,ATF3
ENSG00000237980,RP11-338C15.3
ENSG00000123685,BATF3
ENSG00000143494,VASH2
ENSG00000117707,PROX1
ENSG00000152104,PTPN14
ENSG00000117724,CENPF
ENSG00000228063,LYPLAL1-AS1
ENSG00000117791,MARC2
ENSG00000186205,MARC1
ENSG00000272823,RP11-295M18.6
ENSG00000238078,LINC01352
ENSG00000136630,HLX
ENSG00000234754,C1orf140
ENSG00000143498,TAF1A
ENSG00000197520,FAM177B
ENSG00000242861,RP11-285F7.2
ENSG00000243709,LEFTY1
ENSG00000143768,LEFTY2
ENSG00000185155,MIXL1
ENSG00000143772,ITPKB
ENSG00000228548,ITPKB-AS1
ENSG00000185888,PRSS38
ENSG00000143816,WNT9A
ENSG00000270104,RP11-245P10.6
ENSG00000237481,RP4-803J11.2
ENSG00000177614,PGBD5
ENSG00000135773,CAPN9
ENSG00000182118,FAM89A
ENSG00000119283,TRIM67
ENSG00000143674,KIAA1804
ENSG00000183780,SLC35F3
ENSG00000168264,IRF2BP2
ENSG00000228044,RP4-781K5.4
ENSG00000230628,RP4-781K5.6
ENSG00000237520,RP11-443B7.2
ENSG00000280587,LINC01348
ENSG00000054267,ARID4B
ENSG00000086619,ERO1B
ENSG00000215808,LINC01139
ENSG00000259776,RP11-544D21.2
ENSG00000117009,KMO
ENSG00000054282,SDCCAG8
ENSG00000117020,AKT3
ENSG00000179456,ZBTB18
ENSG00000185420,SMYD3
ENSG00000235096,RP11-83A16.1
ENSG00000235749,RP11-634B7.4
ENSG00000196071,OR2L13
ENSG00000203663,OR2L2
ENSG00000196944,OR2T4
ENSG00000233296,AC092159.2
ENSG00000272342,RP13-539J13.1
ENSG00000235078,AC142528.1
ENSG00000151360,ALLC
ENSG00000231532,LINC01249
ENSG00000205837,LINC00487
ENSG00000134321,RSAD2
ENSG00000231083,AC011747.6
ENSG00000235092,ID2-AS1
ENSG00000115738,ID2
ENSG00000143797,MBOAT2
ENSG00000151693,ASAP2
ENSG00000134330,IAH1
ENSG00000151694,ADAM17
ENSG00000240687,RP11-521D12.1
ENSG00000134317,GRHL1
ENSG00000171848,RRM2
ENSG00000115758,ODC1
ENSG00000243819,RN7SL832P
ENSG00000224184,MIR3681HG
ENSG00000223850,MYCNUT
ENSG00000197872,FAM49A
ENSG00000236204,LINC01376
ENSG00000219626,FAM228B
ENSG00000157856,DRC1
ENSG00000115155,OTOF
ENSG00000171303,KCNK3
ENSG00000115163,CENPA
ENSG00000084764,MAPRE3
ENSG00000231636,AGBL5-AS1
ENSG00000143994,ABHD1
ENSG00000163792,TCF23
ENSG00000163793,DNAJC5G
ENSG00000157992,KRTCAP3
ENSG00000075426,FOSL2
ENSG00000270210,RP11-373D23.3
ENSG00000163803,PLB1
ENSG00000213639,PPP1CB
ENSG00000163811,WDR43
ENSG00000233862,AC016907.3
ENSG00000119801,YPEL5
ENSG00000213626,LBH
ENSG00000158125,XDH
ENSG00000091106,NLRC4
ENSG00000152689,RASGRP3
ENSG00000237133,AC020594.5
ENSG00000228262,LINC01320
ENSG00000150938,CRIM1
ENSG00000115828,QPCT
ENSG00000163171,CDC42EP3
ENSG00000235848,RMDN2-AS1
ENSG00000138061,CYP1B1
ENSG00000232973,CYP1B1-AS1
ENSG00000214694,ARHGEF33
ENSG00000011566,MAP4K3
ENSG00000231312,AC007246.3
ENSG00000152154,TMEM178A
ENSG00000183023,SLC8A1
ENSG00000234362,AC104654.2
ENSG00000205086,C2orf91
ENSG00000162878,PKDCC
ENSG00000162881,OXER1
ENSG00000162882,HAAO
ENSG00000231826,AC016735.2
ENSG00000230587,AC093609.1
ENSG00000152518,ZFP36L2
ENSG00000152527,PLEKHH2
ENSG00000138079,SLC3A1
ENSG00000236502,SIX3-AS1
ENSG00000225156,AC012354.6
ENSG00000116016,EPAS1
ENSG00000187600,TMEM247
ENSG00000260977,RP11-333I13.1
ENSG00000222005,LINC01118
ENSG00000273269,RP11-761B3.1
ENSG00000143933,CALM2
ENSG00000236824,BCYRN1
ENSG00000230773,AC079807.4
ENSG00000282828,RP11-443F4.1
ENSG00000272156,RP11-477N3.1
ENSG00000234943,AC092839.4
ENSG00000214595,EML6
ENSG00000115310,RTN4
ENSG00000272180,RP11-481J13.1
ENSG00000222030,AC007131.1
ENSG00000270820,RP11-355B11.2
ENSG00000226622,AC092155.4
ENSG00000231609,AC009501.4
ENSG00000169764,UGP2
ENSG00000225889,AC074289.1
ENSG00000119862,LGALSL
ENSG00000260101,RP11-568N6.1
ENSG00000234572,AC007880.1
ENSG00000143995,MEIS1
ENSG00000230749,MEIS1-AS2
ENSG00000232046,AC007392.3
ENSG00000236780,AC078941.1
ENSG00000115956,PLEK
ENSG00000163219,ARHGAP25
ENSG00000163217,BMP10
ENSG00000183607,GKN2
ENSG00000115977,AAK1
ENSG00000231024,AC092431.3
ENSG00000059728,MXD1
ENSG00000116039,ATP6V1B1
ENSG00000124357,NAGK
ENSG00000272735,RP11-467P9.1
ENSG00000187833,C2orf78
ENSG00000235499,AC073046.25
ENSG00000144045,DQX1
ENSG00000159374,M1AP
ENSG00000159399,HK2
ENSG00000270571,RP11-355F16.1
ENSG00000115363,EVA1A
ENSG00000176204,LRRTM4
ENSG00000066032,CTNNA2
ENSG00000034510,TMSB10
ENSG00000042493,CAPG
ENSG00000118640,VAMP8
ENSG00000168899,VAMP5
ENSG00000115525,ST3GAL5
ENSG00000232504,ST3GAL5-AS1
ENSG00000272564,RP11-548P2.2
ENSG00000068615,REEP1
ENSG00000273445,RP11-1399P15.1
ENSG00000172086,KRCC1
ENSG00000211592,IGKC
ENSG00000233757,AC092835.2
ENSG00000274286,ADRA2B
ENSG00000158158,CNNM4
ENSG00000273265,RP11-353K11.1
ENSG00000168754,FAM178B
ENSG00000168658,VWA3B
ENSG00000196872,KIAA1211L
ENSG00000185674,LYG2
ENSG00000230393,AC092667.2
ENSG00000196460,RFX8
ENSG00000281162,LINC01127
ENSG00000115590,IL1R2
ENSG00000224850,AC108051.3
ENSG00000224509,AC010884.1
ENSG00000233339,AC018878.3
ENSG00000232001,AC108868.6
ENSG00000144057,ST6GAL2
ENSG00000198203,SULT1C2
ENSG00000198075,SULT1C4
ENSG00000169756,LIMS1
ENSG00000282033,RP11-506F3.1
ENSG00000015568,RGPD5
ENSG00000256977,LIMS3
ENSG00000144061,NPHP1
ENSG00000261760,RP11-1223D19.1
ENSG00000153094,BCL2L11
ENSG00000225744,AC017002.4
ENSG00000188177,ZC3H6
ENSG00000169629,RGPD8
ENSG00000228251,AC012442.6
ENSG00000144136,SLC20A1
ENSG00000125538,IL1B
ENSG00000136689,IL1RN
ENSG00000234997,AC016745.3
ENSG00000272563,RP11-480C16.1
ENSG00000227359,AC017074.2
ENSG00000244063,AC024704.2
ENSG00000228857,AC104653.1
ENSG00000259094,RP11-77A13.1
ENSG00000229867,STEAP3-AS1
ENSG00000155368,DBI
ENSG00000080293,SCTR
ENSG00000074047,GLI2
ENSG00000265451,RP11-204L24.2
ENSG00000224655,AC018737.3
ENSG00000136732,GYPC
ENSG00000186684,CYP27C1
ENSG00000115718,PROC
ENSG00000272789,RP11-286H15.1
ENSG00000152076,CCDC74B
ENSG00000178171,AMER3
ENSG00000183840,GPR39
ENSG00000226806,AC011893.3
ENSG00000121966,CXCR4
ENSG00000144229,THSD7B
ENSG00000150540,HNMT
ENSG00000115919,KYNU
ENSG00000169554,ZEB2
ENSG00000226674,TEX41
ENSG00000168280,KIF5C
ENSG00000231969,AC144449.1
ENSG00000123610,TNFAIP6
ENSG00000183091,NEB
ENSG00000162989,KCNJ3
ENSG00000226383,AC093375.1
ENSG00000153234,NR4A2
ENSG00000136541,ERMN
ENSG00000115165,CYTIP
ENSG00000271320,RP11-1152H14.1
ENSG00000153237,CCDC148
ENSG00000123636,BAZ2B
ENSG00000224152,AC009506.1
ENSG00000115271,GCA
ENSG00000184611,KCNH7
ENSG00000115339,GALNT3
ENSG00000169432,SCN9A
ENSG00000235335,AC016723.4
ENSG00000152253,SPC25
ENSG00000073734,ABCB11
ENSG00000073737,DHRS9
ENSG00000235321,AC007556.3
ENSG00000154479,CCDC173
ENSG00000231898,AC012594.1
ENSG00000213981,AC007277.3
ENSG00000222033,LINC01124
ENSG00000128683,GAD1
ENSG00000071967,CYBRD1
ENSG00000115844,DLX2
ENSG00000232788,AC078883.3
ENSG00000224638,AC106900.6
ENSG00000271151,RP11-394I13.2
ENSG00000231453,LINC01305
ENSG00000115935,WIPF1
ENSG00000128645,HOXD1
ENSG00000116044,NFE2L2
ENSG00000237655,AC073834.3
ENSG00000128655,PDE11A
ENSG00000229941,AC012499.1
ENSG00000271011,RP11-171I2.5
ENSG00000163492,CCDC141
ENSG00000115232,ITGA4
ENSG00000162992,NEUROD1
ENSG00000162998,FRZB
ENSG00000188738,FSIP2
ENSG00000231646,FSIP2-AS1
ENSG00000237877,LINC01473
ENSG00000144369,FAM171B
ENSG00000003436,TFPI
ENSG00000138449,SLC40A1
ENSG00000235852,AC005540.3
ENSG00000138378,STAT4
ENSG00000128641,MYO1B
ENSG00000173559,NABP1
ENSG00000235056,AC010983.1
ENSG00000223466,AC064834.2
ENSG00000272211,RP11-347P5.1
ENSG00000138411,HECW2
ENSG00000229056,AC020571.3
ENSG00000187944,C2orf66
ENSG00000065413,ANKRD44
ENSG00000225979,AC010746.3
ENSG00000144381,HSPD1
ENSG00000270757,HSPE1-MOB4
ENSG00000115896,PLCL1
ENSG00000163535,SGOL2
ENSG00000232719,RP11-13J8.1
ENSG00000003402,CFLAR
ENSG00000226312,CFLAR-AS1
ENSG00000155749,ALS2CR12
ENSG00000155754,ALS2CR11
ENSG00000138395,CDK15
ENSG00000273209,RP11-107N15.1
ENSG00000155760,FZD7
ENSG00000182329,KIAA2012
ENSG00000222035,AC079354.3
ENSG00000272966,RP11-686O6.1
ENSG00000138380,CARF
ENSG00000178562,CD28
ENSG00000204186,ZDBF2
ENSG00000260171,RP11-95H11.1
ENSG00000144410,CPO
ENSG00000118263,KLF7
ENSG00000234902,AC007879.2
ENSG00000224137,AC079767.4
ENSG00000144407,PTH2R
ENSG00000144406,UNC80
ENSG00000229127,AC007038.7
ENSG00000030419,IKZF2
ENSG00000144451,SPAG16
ENSG00000115414,FN1
ENSG00000163449,TMEM169
ENSG00000241520,AC098820.4
ENSG00000115457,IGFBP2
ENSG00000115461,IGFBP5
ENSG00000118245,TNP1
ENSG00000259855,RP11-574O16.1
ENSG00000079308,TNS1
ENSG00000180871,CXCR2
ENSG00000179921,GPBAR1
ENSG00000127831,VIL1
ENSG00000144580,RQCD1
ENSG00000115596,WNT6
ENSG00000135925,WNT10A
ENSG00000171450,CDK5R2
ENSG00000163497,FEV
ENSG00000163499,CRYBA2
ENSG00000135924,DNAJB2
ENSG00000230432,AC114803.3
ENSG00000144591,GMPPA
ENSG00000072182,ASIC4
ENSG00000114923,SLC4A3
ENSG00000163082,SGPP2
ENSG00000152049,KCNE4
ENSG00000144460,NYAP2
ENSG00000232023,AC009410.1
ENSG00000226125,AC098823.3
ENSG00000232520,AC012507.3
ENSG00000115053,NCL
ENSG00000187514,PTMA
ENSG00000196811,CHRNG
ENSG00000115474,KCNJ13
ENSG00000072080,SPP2
ENSG00000232893,IQCA1-AS1
ENSG00000124835,AC105760.3
ENSG00000163359,COL6A3
ENSG00000234949,AC104667.3
ENSG00000132329,RAMP1
ENSG00000168427,KLHL30
ENSG00000280260,AC017028.10
ENSG00000063660,GPC1
ENSG00000178623,GPR35
ENSG00000185176,AQP12B
ENSG00000219159,AC011298.2
ENSG00000172482,AGXT
ENSG00000091181,IL5RA
ENSG00000223727,AC026188.1
ENSG00000231249,ITPR1-AS1
ENSG00000150995,ITPR1
ENSG00000235947,EGOT
ENSG00000235978,AC018816.3
ENSG00000134107,BHLHE40
ENSG00000233912,AC026202.3
ENSG00000268509,RP11-572B2.1
ENSG00000196277,GRM7
ENSG00000071282,LMCD1
ENSG00000196220,SRGAP3
ENSG00000206573,THUMPD3-AS1
ENSG00000269886,RP11-266J6.2
ENSG00000163703,CRELD1
ENSG00000206567,AC022007.5
ENSG00000163705,FANCD2OS
ENSG00000157017,GHRL
ENSG00000132164,SLC6A11
ENSG00000157150,TIMP4
ENSG00000132170,PPARG
ENSG00000163520,FBLN2
ENSG00000224514,LINC00620
ENSG00000251576,LINC01267
ENSG00000144596,GRIP2
ENSG00000154783,FGD5
ENSG00000249786,EAF1-AS1
ENSG00000206561,COLQ
ENSG00000206560,ANKRD28
ENSG00000233153,UBE2E2-AS1
ENSG00000224074,LINC00691
ENSG00000077092,RARB
ENSG00000163491,NEK10
ENSG00000225548,AC098973.2
ENSG00000144642,RBMS3
ENSG00000163513,TGFBR2
ENSG00000144645,OSBPL10
ENSG00000091317,CMTM6
ENSG00000183813,CCR4
ENSG00000236452,AC123023.1
ENSG00000172995,ARPP21
ENSG00000163673,DCLK3
ENSG00000279727,RP11-640L9.1
ENSG00000168016,TRANK1
ENSG00000271993,RP11-285J16.1
ENSG00000271653,RP11-259K5.1
ENSG00000060971,ACAA1
ENSG00000172940,SLC22A13
ENSG00000168356,SCN11A
ENSG00000144655,CSRNP1
ENSG00000168334,XIRP1
ENSG00000168314,MOBP
ENSG00000114784,EIF1B
ENSG00000177842,ZNF620
ENSG00000168036,CTNNB1
ENSG00000157093,LYZL4
ENSG00000280571,RP4-613B23.5
ENSG00000225611,RP11-70C1.1
ENSG00000234617,SNRK-AS1
ENSG00000225873,LINC00694
ENSG00000163815,CLEC3B
ENSG00000163814,CDCP1
ENSG00000249992,TMEM158
ENSG00000163817,SLC6A20
ENSG00000173585,CCR9
ENSG00000163823,CCR1
ENSG00000223552,RP11-24F11.2
ENSG00000121797,CCRL2
ENSG00000178038,ALS2CL
ENSG00000160801,PTH1R
ENSG00000260236,RP11-708J19.1
ENSG00000164047,CAMP
ENSG00000145040,UCN2
ENSG00000221883,ARIH2OS
ENSG00000235236,RP13-131K19.1
ENSG00000272434,RP13-131K19.6
ENSG00000226913,BSN-AS2
ENSG00000187492,CDHR4
ENSG00000182179,UBA7
ENSG00000228008,CTD-2330K9.3
ENSG00000281691,RBM5-AS1
ENSG00000235016,SEMA3F-AS1
ENSG00000001617,SEMA3F
ENSG00000114353,GNAI2
ENSG00000230454,U73166.2
ENSG00000012171,SEMA3B
ENSG00000186792,HYAL3
ENSG00000114735,HEMK1
ENSG00000114737,CISH
ENSG00000145050,MANF
ENSG00000184345,IQCF2
ENSG00000023330,ALAS1
ENSG00000055955,ITIH4
ENSG00000272305,RP11-894J14.5
ENSG00000163931,TKT
ENSG00000157388,CACNA1D
ENSG00000186451,SPATA12
ENSG00000163666,HESX1
ENSG00000163687,DNASE1L3
ENSG00000273493,RP11-80H18.4
ENSG00000168297,PXK
ENSG00000272182,RP11-802O23.3
ENSG00000168309,FAM107A
ENSG00000163632,C3orf49
ENSG00000243410,RP11-245J9.4
ENSG00000144746,ARL6IP5
ENSG00000163380,LMOD3
ENSG00000114541,FRMD4B
ENSG00000270562,RP11-154H23.3
ENSG00000241163,LINC00877
ENSG00000172969,FRG2C
ENSG00000169855,ROBO1
ENSG00000175161,CADM2
ENSG00000184500,PROS1
ENSG00000064225,ST3GAL6
ENSG00000144810,COL8A1
ENSG00000168386,FILIP1L
ENSG00000154175,ABI3BP
ENSG00000081148,IMPG2
ENSG00000144815,NXPE3
ENSG00000144802,NFKBIZ
ENSG00000170017,ALCAM
ENSG00000114423,CBLB
ENSG00000239828,RP11-446H18.5
ENSG00000273125,RP11-115H18.1
ENSG00000241469,LINC00635
ENSG00000196776,CD47
ENSG00000144821,MYH15
ENSG00000228980,LINC01205
ENSG00000206532,RP11-553A10.1
ENSG00000239482,RP11-90K6.1
ENSG00000243081,RP11-231E6.1
ENSG00000186265,BTLA
ENSG00000091986,CCDC80
ENSG00000206531,CD200R1L
ENSG00000273394,RP11-255E6.6
ENSG00000241490,RP11-553L6.2
ENSG00000259976,RP11-553L6.5
ENSG00000181722,ZBTB20
ENSG00000242767,ZBTB20-AS4
ENSG00000185565,LSAMP
ENSG00000240922,LSAMP-AS1
ENSG00000243276,RP11-384F7.1
ENSG00000144837,PLA1A
ENSG00000121577,POPDC2
ENSG00000138495,COX17
ENSG00000282950,RP11-174O3.6
ENSG00000163430,FSTL1
ENSG00000186103,ARGFX
ENSG00000180353,HCLS1
ENSG00000163406,SLC15A2
ENSG00000114013,CD86
ENSG00000121552,CSTA
ENSG00000065534,MYLK
ENSG00000221955,SLC12A8
ENSG00000248787,RP11-666A20.4
ENSG00000144908,ALDH1L1
ENSG00000159650,UROC1
ENSG00000163870,TPRA1
ENSG00000114626,ABTB1
ENSG00000074416,MGLL
ENSG00000179348,GATA2
ENSG00000184897,H1FX
ENSG00000172771,EFCAB12
ENSG00000129071,MBD4
ENSG00000172752,COL6A5
ENSG00000014257,ACPP
ENSG00000170819,BFSP2
ENSG00000249993,BFSP2-AS1
ENSG00000272832,RP11-91K8.5
ENSG00000091513,TF
ENSG00000174640,SLCO2A1
ENSG00000243832,RP11-202A13.1
ENSG00000154928,EPHB1
ENSG00000261758,RP11-102M11.2
ENSG00000273486,RP11-731C17.2
ENSG00000066405,CLDN18
ENSG00000272609,RP11-461M2.2
ENSG00000183770,FOXL2
ENSG00000206262,C3orf72
ENSG00000114113,RBP2
ENSG00000158258,CLSTN2
ENSG00000177311,ZBTB38
ENSG00000114124,GRK7
ENSG00000243733,RP11-80H8.3
ENSG00000174963,ZIC4
ENSG00000242440,RP11-501O2.5
ENSG00000047457,CP
ENSG00000169908,TM4SF1
ENSG00000240541,TM4SF1-AS1
ENSG00000206199,ANKUB1
ENSG00000070087,PFN2
ENSG00000243944,RP11-167H9.4
ENSG00000244541,LINC01213
ENSG00000174944,P2RY14
ENSG00000198829,SUCNR1
ENSG00000239941,RP11-246A10.1
ENSG00000221962,TMEM14EP
ENSG00000241220,RP11-292E2.1
ENSG00000114790,ARHGEF26
ENSG00000196549,MME
ENSG00000169282,KCNAB1
ENSG00000240875,LINC00886
ENSG00000241544,RP11-6F2.5
ENSG00000163660,CCNL1
ENSG00000163661,PTX3
ENSG00000242536,RP11-290K4.2
ENSG00000243150,RP11-538P18.2
ENSG00000272247,RP11-379F4.9
ENSG00000113810,SMC4
ENSG00000244128,LINC01322
ENSG00000174776,WDR49
ENSG00000173905,GOLIM4
ENSG00000269889,RP11-816J6.3
ENSG00000269984,RP11-362K14.5
ENSG00000270135,RP11-362K14.7
ENSG00000187033,SAMD7
ENSG00000240373,SEC62-AS1
ENSG00000136603,SKIL
ENSG00000163584,RPL22L1
ENSG00000075651,PLD1
ENSG00000075420,FNDC3B
ENSG00000121858,TNFSF10
ENSG00000228221,LINC00578
ENSG00000172667,ZMAT3
ENSG00000242522,KLHL6-AS1
ENSG00000114796,KLHL24
ENSG00000238020,HTR3E-AS1
ENSG00000175182,FAM131A
ENSG00000272970,RP11-329B9.4
ENSG00000073803,MAP3K13
ENSG00000163898,LIPH
ENSG00000058866,DGKG
ENSG00000263826,RP11-573D15.9
ENSG00000156976,EIF4A2
ENSG00000127241,MASP1
ENSG00000136514,RTP4
ENSG00000113916,BCL6
ENSG00000224855,OPA1-AS1
ENSG00000114315,HES1
ENSG00000238097,RP11-513G11.3
ENSG00000178772,CPN2
ENSG00000172061,LRRC15
ENSG00000185112,FAM43A
ENSG00000230401,AC090505.4
ENSG00000114331,ACAP2
ENSG00000223711,AC091633.3
ENSG00000189058,APOD
ENSG00000176945,MUC20
ENSG00000145113,MUC4
ENSG00000223783,AC124944.5
ENSG00000226155,AC124944.3
ENSG00000072274,TFRC
ENSG00000163961,RNF168
ENSG00000232065,LINC01063
ENSG00000225578,NCBP2-AS1
ENSG00000161267,BDH1
ENSG00000236833,AC024560.2
ENSG00000133256,PDE6B
ENSG00000272927,RP11-1191J2.5
ENSG00000272588,RP11-440L14.4
ENSG00000127415,IDUA
ENSG00000280927,CTBP1-AS
ENSG00000272783,RP13-1016M1.2
ENSG00000244459,RP11-1398P2.1
ENSG00000068078,FGFR3
ENSG00000243449,C4orf48
ENSG00000130997,POLN
ENSG00000175920,DOK7
ENSG00000163956,LRPAP1
ENSG00000270090,RP11-529E10.7
ENSG00000248516,RP11-265O12.1
ENSG00000163132,MSX1
ENSG00000170891,CYTL1
ENSG00000072840,EVC
ENSG00000074211,PPP2R2C
ENSG00000246526,RP11-539L10.2
ENSG00000163993,S100P
ENSG00000245468,RP11-367J11.3
ENSG00000178597,PSAPL1
ENSG00000163995,ABLIM2
ENSG00000125089,SH3TC1
ENSG00000248986,RP11-774O3.1
ENSG00000251615,RP11-774O3.3
ENSG00000205959,RP11-689P11.2
ENSG00000109625,CPZ
ENSG00000109684,CLNK
ENSG00000251210,RP11-168E17.1
ENSG00000248360,LINC00504
ENSG00000247624,CPEB2-AS1
ENSG00000249252,RP11-665G4.1
ENSG00000273133,RP11-799M12.2
ENSG00000137440,FGFBP1
ENSG00000137441,FGFBP2
ENSG00000263327,TAPT1-AS1
ENSG00000248138,RP11-446J8.1
ENSG00000047662,FAM184B
ENSG00000145147,SLIT2
ENSG00000185774,KCNIP4
ENSG00000272995,RP11-362J17.1
ENSG00000251292,ERVH-1
ENSG00000109610,SOD3
ENSG00000181982,CCDC149
ENSG00000153012,LGI2
ENSG00000271172,RP11-660M5.1
ENSG00000109689,STIM2
ENSG00000047365,ARAP2
ENSG00000154274,C4orf19
ENSG00000248227,RP11-83C7.1
ENSG00000174125,TLR1
ENSG00000121895,TMEM156
ENSG00000134962,KLB
ENSG00000163683,SMIM14
ENSG00000168421,RHOH
ENSG00000249241,AC195454.1
ENSG00000174343,CHRNA9
ENSG00000124406,ATP8A1
ENSG00000260519,RP11-109E24.2
ENSG00000251350,LVCAT1
ENSG00000151834,GABRA2
ENSG00000145246,ATP10D
ENSG00000250302,LINC01618
ENSG00000248115,RP11-752D24.2
ENSG00000072201,LNX1
ENSG00000134853,PDGFRA
ENSG00000251264,RP11-545H22.1
ENSG00000157404,KIT
ENSG00000270147,RP11-646I6.6
ENSG00000163453,IGFBP7
ENSG00000249892,RP11-525J21.1
ENSG00000205682,RP11-798L4.1
ENSG00000250125,RP11-707A18.1
ENSG00000249413,RP11-25H12.1
ENSG00000035720,STAP1
ENSG00000187054,TMPRSS11A
ENSG00000198092,TMPRSS11F
ENSG00000185873,TMPRSS11B
ENSG00000213759,UGT2B11
ENSG00000250696,RP11-704M14.1
ENSG00000178522,AMBN
ENSG00000132464,ENAM
ENSG00000132465,JCHAIN
ENSG00000080493,SLC4A4
ENSG00000169429,CXCL8
ENSG00000109321,AREG
ENSG00000260265,RP11-44F21.5
ENSG00000250735,RP11-567N4.3
ENSG00000174792,C4orf26
ENSG00000229717,RP11-556N4.1
ENSG00000169245,CXCL10
ENSG00000138764,CCNG2
ENSG00000138772,ANXA3
ENSG00000251442,LINC01094
ENSG00000138756,BMP2K
ENSG00000248408,RP11-452C8.1
ENSG00000163297,ANTXR2
ENSG00000197826,C4orf22
ENSG00000249242,TMEM150C
ENSG00000145287,PLAC8
ENSG00000173083,HPSE
ENSG00000138678,GPAT3
ENSG00000163623,NKX6-1
ENSG00000273389,RP13-514E23.2
ENSG00000163629,PTPN13
ENSG00000145283,SLC10A6
ENSG00000198189,HSD17B11
ENSG00000152583,SPARCL1
ENSG00000152591,DSPP
ENSG00000118777,ABCG2
ENSG00000138642,HERC6
ENSG00000138646,HERC5
ENSG00000145335,SNCA
ENSG00000163106,HPGDS
ENSG00000260641,RP11-1299A16.3
ENSG00000172955,ADH6
ENSG00000196616,ADH1B
ENSG00000070190,DAPP1
ENSG00000138814,PPP3CA
ENSG00000109323,MANBA
ENSG00000138778,CENPE
ENSG00000168772,CXXC4
ENSG00000248242,RP11-556I14.2
ENSG00000248373,RP11-556I14.1
ENSG00000168743,NPNT
ENSG00000246774,AC004051.2
ENSG00000138792,ENPEP
ENSG00000073331,ALPK1
ENSG00000145362,ANK2
ENSG00000145349,CAMK2D
ENSG00000250791,RP11-55L3.1
ENSG00000236922,LINC01378
ENSG00000150961,SEC24D
ENSG00000172403,SYNPO2
ENSG00000172399,MYOZ2
ENSG00000145390,USP53
ENSG00000145384,FABP2
ENSG00000250938,RP11-679C8.2
ENSG00000050730,TNIP3
ENSG00000164111,ANXA5
ENSG00000145386,CCNA2
ENSG00000138688,KIAA1109
ENSG00000227145,IL21-AS1
ENSG00000181004,BBS12
ENSG00000251526,RP11-381N20.1
ENSG00000249464,LINC01091
ENSG00000196159,FAT4
ENSG00000250945,RP11-810P8.1
ENSG00000142731,PLK4
ENSG00000273077,RP11-130C6.1
ENSG00000248187,RP11-184M15.1
ENSG00000077684,JADE1
ENSG00000138650,PCDH10
ENSG00000151012,SLC7A11
ENSG00000249381,LINC00500
ENSG00000250977,RP11-173E2.2
ENSG00000250501,RP11-98O2.1
ENSG00000137463,MGARP
ENSG00000273247,RP11-83A24.2
ENSG00000261268,RP11-308D13.3
ENSG00000197465,GYPE
ENSG00000250361,GYPB
ENSG00000170180,GYPA
ENSG00000251298,RP11-425A23.1
ENSG00000250252,RP11-342A1.1
ENSG00000249690,RP11-1336O20.2
ENSG00000181541,MAB21L2
ENSG00000145425,RPS3A
ENSG00000251611,RP11-610P16.1
ENSG00000245954,RP11-18H21.1
ENSG00000270883,RP11-461L13.5
ENSG00000170006,TMEM154
ENSG00000109654,TRIM2
ENSG00000145428,RNF175
ENSG00000256043,CTSO
ENSG00000109738,GLRB
ENSG00000248429,RP11-597D13.9
ENSG00000052795,FNIP2
ENSG00000164123,C4orf45
ENSG00000249419,RP11-497K21.1
ENSG00000248431,AC005150.1
ENSG00000164128,NPY1R
ENSG00000109472,CPE
ENSG00000248601,RP11-310I9.1
ENSG00000181381,DDX60L
ENSG00000129116,PALLD
ENSG00000109572,CLCN3
ENSG00000251061,RP11-789C1.2
ENSG00000174473,GALNTL6
ENSG00000164104,HMGB2
ENSG00000164106,SCRG1
ENSG00000164120,HPGD
ENSG00000251584,RP11-440I14.3
ENSG00000168594,ADAM29
ENSG00000150628,SPATA4
ENSG00000249008,RP11-487E13.1
ENSG00000248197,LINC00290
ENSG00000177822,AC108142.1
ENSG00000248694,RP11-18D7.2
ENSG00000251128,WWC2-AS1
ENSG00000173320,STOX2
ENSG00000164303,ENPP6
ENSG00000180712,RP11-290F5.2
ENSG00000168310,IRF2
ENSG00000271646,RP11-326I11.3
ENSG00000271538,RP11-326I11.4
ENSG00000151725,CENPU
ENSG00000151726,ACSL1
ENSG00000251139,RP11-701P16.2
ENSG00000251230,MIR3945HG
ENSG00000250410,RP11-714G18.1
ENSG00000249679,RP11-279O9.4
ENSG00000154553,PDLIM3
ENSG00000164342,TLR3
ENSG00000179046,TRIML2
ENSG00000184108,TRIML1
ENSG00000247130,RP11-366H4.3
ENSG00000248370,RP11-366H4.1
ENSG00000245685,AF146191.4
ENSG00000109536,FRG1
ENSG00000205097,FRG2
ENSG00000249430,CTD-2231H16.1
ENSG00000248925,CTD-2083E4.6
ENSG00000171368,TPPP
ENSG00000249201,CTD-3080P12.3
ENSG00000174358,SLC6A19
ENSG00000250584,LINC01511
ENSG00000142319,SLC6A3
ENSG00000260763,RP11-445O3.3
ENSG00000215218,UBE2QL1
ENSG00000250060,RP11-332J15.2
ENSG00000223597,CTD-2296D1.5
ENSG00000078295,ADCY2
ENSG00000272049,RP11-480D4.6
ENSG00000247516,MIR4458HG
ENSG00000271715,CTD-2256P15.5
ENSG00000249166,RP11-1C1.6
ENSG00000249396,RP11-1C1.4
ENSG00000250576,CTD-2154B17.1
ENSG00000154153,FAM134B
ENSG00000271892,CTD-2228A4.1
ENSG00000249937,RP11-454P21.1
ENSG00000251629,RP11-774D14.1
ENSG00000245662,RP11-184E9.1
ENSG00000273294,C1QTNF3-AMACR
ENSG00000245711,NADK2-AS1
ENSG00000079215,SLC1A3
ENSG00000272103,CTD-2653M23.3
ENSG00000168621,GDNF
ENSG00000113594,LIFR
ENSG00000249740,OSMR-AS1
ENSG00000145623,OSMR
ENSG00000164327,RICTOR
ENSG00000082074,FYB
ENSG00000153071,DAB2
ENSG00000198865,CCDC152
ENSG00000250722,SEPP1
ENSG00000272234,CTD-2325A15.5
ENSG00000251131,CTD-2035E11.3
ENSG00000177721,ANXA2R
ENSG00000272144,CTD-2035E11.5
ENSG00000164588,HCN1
ENSG00000151883,PARP8
ENSG00000251573,CTD-2089N3.2
ENSG00000016082,ISL1
ENSG00000248898,CTD-2288O8.1
ENSG00000134363,FST
ENSG00000250447,CTD-2081C10.1
ENSG00000164287,CDC20B
ENSG00000067113,PLPP1
ENSG00000152670,DDX4
ENSG00000134352,IL6ST
ENSG00000262211,CTD-2031P19.5
ENSG00000164512,ANKRD55
ENSG00000169067,ACTBL2
ENSG00000145632,PLK2
ENSG00000175857,GAPT
ENSG00000248733,CTD-2176I21.2
ENSG00000113448,PDE4D
ENSG00000152931,PART1
ENSG00000134061,CD180
ENSG00000145675,PIK3R1
ENSG00000134057,CCNB1
ENSG00000164326,CARTPT
ENSG00000131711,MAP1B
ENSG00000178175,ZNF366
ENSG00000249085,CTD-2631K10.1
ENSG00000157111,TMEM171
ENSG00000214944,ARHGEF28
ENSG00000049860,HEXB
ENSG00000198780,FAM169A
ENSG00000249856,CTD-2503O16.4
ENSG00000122012,SV2C
ENSG00000250348,RP11-466P24.6
ENSG00000145703,IQGAP2
ENSG00000164220,F2RL2
ENSG00000171643,S100Z
ENSG00000145708,CRHBP
ENSG00000113273,ARSB
ENSG00000164309,CMYA5
ENSG00000249655,CTC-325J23.2
ENSG00000113319,RASGRF2
ENSG00000131730,CKMT2
ENSG00000172497,ACOT12
ENSG00000281327,LINC01338
ENSG00000250874,CTC-480C2.1
ENSG00000249153,CTD-2036A18.2
ENSG00000250544,CTC-493L21.1
ENSG00000245526,LINC00461
ENSG00000081189,MEF2C
ENSG00000113369,ARRDC3
ENSG00000251361,CTD-2091N23.1
ENSG00000237187,NR2F1-AS1
ENSG00000164292,RHOBTB3
ENSG00000173221,GLRX
ENSG00000251314,CTD-2337A12.1
ENSG00000250955,AC008592.7
ENSG00000248734,CTD-2260A17.1
ENSG00000272109,CTD-2260A17.3
ENSG00000164308,ERAP2
ENSG00000145721,LIX1
ENSG00000174136,RGMB
ENSG00000113532,ST8SIA4
ENSG00000205359,SLCO6A1
ENSG00000249017,RP11-58B2.1
ENSG00000198961,PJA2
ENSG00000250882,CTC-459M5.1
ENSG00000171444,MCC
ENSG00000080709,KCNN2
ENSG00000152503,TRIM36
ENSG00000249249,AC010226.4
ENSG00000092421,SEMA6A
ENSG00000249167,CTB-118N6.2
ENSG00000145779,TNFAIP8
ENSG00000133835,HSD17B4
ENSG00000164334,FAM170A
ENSG00000184838,PRR16
ENSG00000168938,PPIC
ENSG00000253807,LINC01170
ENSG00000155324,GRAMD3
ENSG00000250602,RP11-517I3.1
ENSG00000164904,ALDH7A1
ENSG00000251072,RP11-434D11.4
ENSG00000138829,FBN2
ENSG00000186367,KIAA1024L
ENSG00000217128,FNIP1
ENSG00000234758,AC034228.4
ENSG00000231585,AC034228.2
ENSG00000164400,CSF2
ENSG00000131435,PDLIM4
ENSG00000125347,IRF1
ENSG00000223442,TH2LCRR
ENSG00000072364,AFF4
ENSG00000053108,FSTL4
ENSG00000249478,CTB-49A3.5
ENSG00000248559,RP11-215P8.3
ENSG00000069011,PITX1
ENSG00000270021,CTC-203F4.2
ENSG00000249639,CTB-138E5.1
ENSG00000152377,SPOCK1
ENSG00000078795,PKD2L2
ENSG00000061492,WNT8A
ENSG00000120738,EGR1
ENSG00000184584,TMEM173
ENSG00000271792,CTB-35F21.5
ENSG00000170458,CD14
ENSG00000255408,PCDHA3
ENSG00000251664,PCDHA12
ENSG00000272108,AC005754.8
ENSG00000272070,AC005618.6
ENSG00000204956,PCDHGA1
ENSG00000254245,PCDHGA3
ENSG00000253485,PCDHGA5
ENSG00000253731,PCDHGA6
ENSG00000253537,PCDHGA7
ENSG00000253767,PCDHGA8
ENSG00000276547,PCDHGB5
ENSG00000253305,PCDHGB6
ENSG00000253846,PCDHGA10
ENSG00000253159,PCDHGA12
ENSG00000120318,ARAP3
ENSG00000113555,PCDH12
ENSG00000236714,AC005592.1
ENSG00000250842,CTC-806A22.1
ENSG00000156463,SH3RF2
ENSG00000091010,POU4F3
ENSG00000176049,JAKMIP2
ENSG00000164266,SPINK1
ENSG00000164265,SCGB3A2
ENSG00000133710,SPINK5
ENSG00000178172,SPINK6
ENSG00000247199,RP11-373N22.3
ENSG00000169252,ADRB2
ENSG00000173210,ABLIM3
ENSG00000249669,CARMN
ENSG00000132915,PDE6A
ENSG00000155850,SLC26A2
ENSG00000182578,CSF1R
ENSG00000011083,SLC6A7
ENSG00000070808,CAMK2A
ENSG00000183876,ARSI
ENSG00000019582,CD74
ENSG00000254333,CTC-367J11.1
ENSG00000171992,SYNPO
ENSG00000164591,MYOZ3
ENSG00000256235,SMIM3
ENSG00000186335,SLC36A2
ENSG00000113140,SPARC
ENSG00000272112,CTB-113P19.5
ENSG00000113196,HAND1
ENSG00000170271,FAXDC2
ENSG00000135077,HAVCR2
ENSG00000113263,ITK
ENSG00000170613,FAM71B
ENSG00000055163,CYFIP2
ENSG00000248544,CTB-47B11.3
ENSG00000135074,ADAM19
ENSG00000247699,CTB-127C13.1
ENSG00000135083,CCNJL
ENSG00000164611,PTTG1
ENSG00000280776,LINC01202
ENSG00000113327,GABRG2
ENSG00000250061,RP11-541P9.3
ENSG00000072571,HMMR
ENSG00000241956,CTC-340A15.2
ENSG00000254297,CTC-286N12.1
ENSG00000253978,CTB-178M22.2
ENSG00000043462,LCP2
ENSG00000250274,CTB-114C7.4
ENSG00000145936,KCNMB1
ENSG00000094755,GABRP
ENSG00000181163,NPM1
ENSG00000214357,NEURL1B
ENSG00000120129,DUSP1
ENSG00000113732,ATP6V0E1
ENSG00000164463,CREBRF
ENSG00000253686,LINC01484
ENSG00000113742,CPEB4
ENSG00000170091,HMP19
ENSG00000182230,FAM153B
ENSG00000160883,HK3
ENSG00000196570,PFN3
ENSG00000146094,DOK3
ENSG00000175309,PHYKPL
ENSG00000178187,ZNF454
ENSG00000113262,GRM6
ENSG00000234284,ZNF879
ENSG00000169045,HNRNPH1
ENSG00000213316,LTC4S
ENSG00000161011,SQSTM1
ENSG00000113269,RNF130
ENSG00000250509,CTC-573N18.1
ENSG00000113303,BTNL8
ENSG00000165810,BTNL9
ENSG00000238035,AC138035.2
ENSG00000112679,DUSP22
ENSG00000271727,RP11-532F6.4
ENSG00000272485,RP11-284J1.1
ENSG00000272465,RP1-136B1.1
ENSG00000021355,SERPINB1
ENSG00000170542,SERPINB9
ENSG00000228170,RP1-40E16.11
ENSG00000137267,TUBB2A
ENSG00000137285,TUBB2B
ENSG00000230648,RP3-406P24.3
ENSG00000145975,FAM217A
ENSG00000260239,RP11-274H24.1
ENSG00000124782,RREB1
ENSG00000238221,RP11-69L16.4
ENSG00000261189,RP3-512B11.3
ENSG00000230939,RP11-314C16.1
ENSG00000181355,OFCC1
ENSG00000137203,TFAP2A
ENSG00000229950,TFAP2A-AS1
ENSG00000229401,MIR5689HG
ENSG00000111846,GCNT2
ENSG00000237685,RP11-360O19.4
ENSG00000272097,RP11-421M1.8
ENSG00000124827,GCM2
ENSG00000244476,ERVFRD-1
ENSG00000111863,ADTRP
ENSG00000112137,PHACTR1
ENSG00000180537,RNF182
ENSG00000237346,RP3-448I9.2
ENSG00000007944,MYLIP
ENSG00000124788,ATXN1
ENSG00000124795,DEK
ENSG00000228412,RP4-625H18.2
ENSG00000227803,RP11-239H6.2
ENSG00000124766,SOX4
ENSG00000272168,CASC15
ENSG00000172179,PRL
ENSG00000137261,KIAA0319
ENSG00000111913,FAM65B
ENSG00000272053,RP11-367G6.3
ENSG00000079691,LRRC16A
ENSG00000164508,HIST1H2AA
ENSG00000112343,TRIM38
ENSG00000187837,HIST1H1C
ENSG00000197061,HIST1H4C
ENSG00000180573,HIST1H2AC
ENSG00000158373,HIST1H2BD
ENSG00000274290,HIST1H2BE
ENSG00000282988,RP1-34B20.21
ENSG00000276966,HIST1H4E
ENSG00000273802,HIST1H2BG
ENSG00000158406,HIST1H4H
ENSG00000275846,RP11-457M11.7
ENSG00000272312,RP11-239L20.6
ENSG00000124635,HIST1H2BJ
ENSG00000271755,RP1-153G14.4
ENSG00000278828,HIST1H3H
ENSG00000198704,GPX6
ENSG00000204709,LINC01556
ENSG00000243729,OR5V1
ENSG00000204655,MOG
ENSG00000204642,HLA-F
ENSG00000206503,HLA-A
ENSG00000204625,HCG9
ENSG00000204616,TRIM31
ENSG00000204592,HLA-E
ENSG00000235781,XXbac-BPG249D20.9
ENSG00000146112,PPP1R18
ENSG00000196230,TUBB
ENSG00000137331,IER3
ENSG00000168631,DPCR1
ENSG00000204544,MUC21
ENSG00000228789,HCG22
ENSG00000204539,CDSN
ENSG00000271821,XXbac-BPG299F13.14
ENSG00000204525,HLA-C
ENSG00000234745,HLA-B
ENSG00000254870,ATP6V1G2-DDX39B
ENSG00000226979,LTA
ENSG00000232810,TNF
ENSG00000227507,LTB
ENSG00000204482,LST1
ENSG00000204472,AIF1
ENSG00000204428,LY6G5C
ENSG00000213722,DDAH2
ENSG00000213719,CLIC1
ENSG00000204396,VWA7
ENSG00000204389,HSPA1A
ENSG00000204388,HSPA1B
ENSG00000204387,C6orf48
ENSG00000204386,NEU1
ENSG00000204385,SLC44A4
ENSG00000166278,C2
ENSG00000213676,ATF6B
ENSG00000213654,GPSM3
ENSG00000204287,HLA-DRA
ENSG00000196126,HLA-DRB1
ENSG00000196735,HLA-DQA1
ENSG00000204264,PSMB8
ENSG00000204261,PSMB8-AS1
ENSG00000240065,PSMB9
ENSG00000168394,TAP1
ENSG00000242574,HLA-DMB
ENSG00000204252,HLA-DOA
ENSG00000231389,HLA-DPA1
ENSG00000223865,HLA-DPB1
ENSG00000235863,B3GALT4
ENSG00000231925,TAPBP
ENSG00000030110,BAK1
ENSG00000161896,IP6K3
ENSG00000124493,GRM4
ENSG00000186577,C6orf1
ENSG00000146197,SCUBE3
ENSG00000023892,DEF6
ENSG00000180316,PNPLA1
ENSG00000010030,ETV7
ENSG00000112081,SRSF3
ENSG00000124762,CDKN1A
ENSG00000255587,RAB44
ENSG00000124772,CPNE5
ENSG00000164530,PI16
ENSG00000146192,FGD2
ENSG00000137193,PIM1
ENSG00000172738,TMEM217
ENSG00000112139,MDGA1
ENSG00000124780,KCNK17
ENSG00000164627,KIF6
ENSG00000146122,DAAM2
ENSG00000235033,RP11-61I13.3
ENSG00000124701,APOBEC2
ENSG00000112559,MDFI
ENSG00000112561,TFEB
ENSG00000096088,PGC
ENSG00000278224,PRICKLE4
ENSG00000112576,CCND3
ENSG00000171611,PTCRA
ENSG00000171467,ZNF318
ENSG00000272114,RP1-261G23.7
ENSG00000237686,RP5-1120P11.1
ENSG00000181577,C6orf223
ENSG00000262179,RP1-302G2.5
ENSG00000096384,HSP90AB1
ENSG00000272442,RP11-444E17.6
ENSG00000146221,TCTE1
ENSG00000124813,RUNX2
ENSG00000112796,ENPP5
ENSG00000172348,RCAN2
ENSG00000146233,CYP39A1
ENSG00000153291,SLC25A27
ENSG00000236164,RP11-268F1.3
ENSG00000112818,MEP1A
ENSG00000153292,ADGRF1
ENSG00000153294,ADGRF4
ENSG00000124818,OPN5
ENSG00000124490,CRISP2
ENSG00000096006,CRISP3
ENSG00000233470,RP11-524K22.1
ENSG00000170927,PKHD1
ENSG00000170915,PAQR8
ENSG00000096093,EFHC1
ENSG00000243955,GSTA1
ENSG00000137270,GCM1
ENSG00000271367,RP3-483K16.4
ENSG00000236740,RP11-411K7.1
ENSG00000124749,COL21A1
ENSG00000151914,DST
ENSG00000226803,RP11-203B9.4
ENSG00000272541,XXbac-BPGBPG55C20.1
ENSG00000271761,XXbac-BPGBPG55C20.3
ENSG00000146166,LGSN
ENSG00000188107,EYS
ENSG00000227706,RP11-301G19.1
ENSG00000230910,RP3-525N10.2
ENSG00000237643,RP11-462G2.1
ENSG00000223765,LINC01626
ENSG00000079841,RIMS1
ENSG00000203907,OOEP
ENSG00000164430,MB21D1
ENSG00000223821,RP11-505P4.6
ENSG00000229862,RP11-505P4.7
ENSG00000272243,RP11-554D15.3
ENSG00000238156,RP11-415D17.4
ENSG00000135338,LCA5
ENSG00000112773,FAM46A
ENSG00000146250,PRSS35
ENSG00000228290,TBX18-AS1
ENSG00000135346,CGA
ENSG00000213204,RP3-382I10.7
ENSG00000271931,RP11-63L7.5
ENSG00000146278,PNRC1
ENSG00000260271,RP1-45N11.1
ENSG00000235099,RP1-23E21.2
ENSG00000184486,POU3F2
ENSG00000132424,PNISR
ENSG00000152034,MCHR2
ENSG00000203809,LINC00577
ENSG00000231628,RP3-355L5.4
ENSG00000057657,PRDM1
ENSG00000112297,AIM1
ENSG00000235142,RP1-60O19.1
ENSG00000272398,CD24
ENSG00000272476,RP1-191J18.66
ENSG00000271734,RP1-111B22.3
ENSG00000135535,CD164
ENSG00000135596,MICAL1
ENSG00000272356,RP5-1112D6.8
ENSG00000112761,WISP3
ENSG00000237234,RP1-142L7.5
ENSG00000277443,MARCKS
ENSG00000111816,FRK
ENSG00000111817,DSE
ENSG00000189241,TSPYL1
ENSG00000188820,FAM26F
ENSG00000234117,RP11-259P20.1
ENSG00000173626,TRAPPC3L
ENSG00000196376,SLC35F1
ENSG00000198523,PLN
ENSG00000164434,FABP7
ENSG00000172594,SMPDL3A
ENSG00000236548,RNF217-AS1
ENSG00000237742,RP11-624M8.1
ENSG00000224506,RP1-293L8.2
ENSG00000135547,HEY2
ENSG00000255330,RP3-403A15.5
ENSG00000196569,LAMA2
ENSG00000233351,RP1-69D17.3
ENSG00000236673,RP11-69I8.2
ENSG00000112299,VNN1
ENSG00000093134,VNN3
ENSG00000112303,VNN2
ENSG00000112319,EYA4
ENSG00000146411,SLC2A12
ENSG00000118515,SGK1
ENSG00000236700,LINC01010
ENSG00000232310,RP11-557H15.4
ENSG00000227723,CTA-31J9.2
ENSG00000118514,ALDH8A1
ENSG00000118513,MYB
ENSG00000236703,MYB-AS1
ENSG00000234084,RP3-388E23.2
ENSG00000234263,RP3-325F22.3
ENSG00000164485,IL22RA2
ENSG00000027697,IFNGR1
ENSG00000164440,TXLNB
ENSG00000164442,CITED2
ENSG00000238099,LINC01625
ENSG00000010818,HIVEP2
ENSG00000135604,STX11
ENSG00000152818,UTRN
ENSG00000118492,ADGB
ENSG00000233452,STXBP5-AS1
ENSG00000228408,RP1-111D6.3
ENSG00000273132,RP11-350J20.12
ENSG00000131015,ULBP2
ENSG00000198729,PPP1R14C
ENSG00000131016,AKAP12
ENSG00000131018,SYNE1
ENSG00000213121,RP11-306O13.1
ENSG00000074706,IPCEF1
ENSG00000164674,SYTL3
ENSG00000164691,TAGAP
ENSG00000175003,SLC22A1
ENSG00000071242,RPS6KA2
ENSG00000026297,RNASET2
ENSG00000234647,RP11-503C24.4
ENSG00000227704,RP1-266L20.4
ENSG00000231690,LINC00574
ENSG00000198719,DLL1
ENSG00000271234,RP5-894D12.4
ENSG00000008018,PSMB1
ENSG00000197461,PDGFA
ENSG00000273151,RP11-449P15.2
ENSG00000105963,ADAP1
ENSG00000073067,CYP2W1
ENSG00000225146,AC073957.15
ENSG00000225981,AC102953.4
ENSG00000225968,ELFN1
ENSG00000176349,AC110781.3
ENSG00000188365,AC092171.2
ENSG00000075624,ACTB
ENSG00000272719,CTB-161C1.1
ENSG00000157999,ANKRD61
ENSG00000231704,AC004895.4
ENSG00000272894,RP5-1159O4.1
ENSG00000233108,AC006042.7
ENSG00000225606,AC005281.2
ENSG00000136267,DGKB
ENSG00000106546,AHR
ENSG00000048052,HDAC9
ENSG00000105855,ITGB8
ENSG00000136244,IL6
ENSG00000105928,DFNA5
ENSG00000086300,SNX10
ENSG00000225792,AC004540.4
ENSG00000214870,AC004540.5
ENSG00000005020,SKAP2
ENSG00000233429,HOTAIRM1
ENSG00000253508,RP1-170O19.14
ENSG00000106031,HOXA13
ENSG00000243766,HOTTIP
ENSG00000106052,TAX1BP1
ENSG00000234336,JAZF1-AS1
ENSG00000146592,CREB5
ENSG00000106066,CPVL
ENSG00000235669,AC004593.3
ENSG00000176532,PRR15
ENSG00000180354,MTURN
ENSG00000281039,RP4-777O23.3
ENSG00000263683,RP4-777O23.1
ENSG00000106113,CRHR2
ENSG00000241644,INMT
ENSG00000240583,AQP1
ENSG00000228878,SEPT7-AS1
ENSG00000227191,TRGC2
ENSG00000211689,TRGC1
ENSG00000211695,TRGV9
ENSG00000225992,TRGVA
ENSG00000272908,RP11-121A8.1
ENSG00000211697,TRGV5
ENSG00000078053,AMPH
ENSG00000106536,POU6F2
ENSG00000227172,AC011290.4
ENSG00000122641,INHBA
ENSG00000136197,C7orf25
ENSG00000002746,HECW1
ENSG00000235314,LINC00957
ENSG00000164708,PGAM2
ENSG00000015520,NPC1L1
ENSG00000136286,MYO1G
ENSG00000183696,UPP1
ENSG00000179869,ABCA13
ENSG00000188730,VWC2
ENSG00000228005,AC020743.2
ENSG00000132437,DDC
ENSG00000129103,SUMF2
ENSG00000164776,PHKG1
ENSG00000152926,ZNF117
ENSG00000213462,ERV3-1
ENSG00000169902,TPST1
ENSG00000229180,GS1-124K5.11
ENSG00000243335,KCTD7
ENSG00000155428,TRIM74
ENSG00000225969,ABHD11-AS1
ENSG00000189143,CLDN4
ENSG00000175877,WBSCR28
ENSG00000261467,RP11-731K22.1
ENSG00000106665,CLIP2
ENSG00000158517,NCF1
ENSG00000196275,GTF2IRD2
ENSG00000263081,AC004878.8
ENSG00000127946,HIP1
ENSG00000135205,CCDC146
ENSG00000127947,PTPN12
ENSG00000127955,GNAI1
ENSG00000135218,CD36
ENSG00000186472,PCLO
ENSG00000170381,SEMA3E
ENSG00000075213,SEMA3A
ENSG00000153993,SEMA3D
ENSG00000198822,GRM3
ENSG00000231255,AC005009.1
ENSG00000085563,ABCB1
ENSG00000105784,RUNDC3B
ENSG00000058091,CDK14
ENSG00000223969,AC002456.2
ENSG00000177409,SAMD9L
ENSG00000188175,HEPACAM2
ENSG00000004948,CALCR
ENSG00000105825,TFPI2
ENSG00000236861,AC006378.2
ENSG00000236453,AC003092.1
ENSG00000105852,PON3
ENSG00000005981,ASB4
ENSG00000004799,PDK4
ENSG00000231170,AC002451.3
ENSG00000158560,DYNC1I1
ENSG00000164713,BRI3
ENSG00000272950,RP11-307C18.1
ENSG00000130429,ARPC1B
ENSG00000106258,CYP3A5
ENSG00000160868,CYP3A4
ENSG00000237640,RP4-604G5.1
ENSG00000239521,GATS
ENSG00000085514,PILRA
ENSG00000185955,C7orf61
ENSG00000166925,TSC22D4
ENSG00000146830,GIGYF1
ENSG00000205277,MUC12
ENSG00000227053,RP11-395B7.4
ENSG00000169876,MUC17
ENSG00000169871,TRIM56
ENSG00000106366,SERPINE1
ENSG00000128564,VGF
ENSG00000106436,MYL10
ENSG00000261535,CTA-305I2.1
ENSG00000239480,RP11-514P8.2
ENSG00000160991,ORAI2
ENSG00000168255,POLR2J3
ENSG00000105808,RASA4
ENSG00000205236,RP11-514P8.6
ENSG00000279168,AC105052.2
ENSG00000128606,LRRC17
ENSG00000170615,SLC26A5
ENSG00000189056,RELN
ENSG00000005483,KMT2E
ENSG00000105851,PIK3CG
ENSG00000105856,HBP1
ENSG00000233705,SLC26A4-AS1
ENSG00000273055,CTB-13F3.1
ENSG00000135241,PNPLA8
ENSG00000226965,AC003088.1
ENSG00000223646,AC002463.3
ENSG00000164603,C7orf60
ENSG00000164604,GPR85
ENSG00000225535,LINC01393
ENSG00000135269,TES
ENSG00000105971,CAV2
ENSG00000105974,CAV1
ENSG00000077063,CTTNBP2
ENSG00000106013,ANKRD7
ENSG00000008311,AASS
ENSG00000230316,FEZF1-AS1
ENSG00000275356,C7orf77
ENSG00000224899,RP11-3B12.5
ENSG00000237764,RP11-3B12.2
ENSG00000273270,RP11-212P7.2
ENSG00000271553,RP11-274B21.10
ENSG00000271344,RP11-274B21.9
ENSG00000128617,OPN1SW
ENSG00000128596,CCDC136
ENSG00000186591,UBE2H
ENSG00000244036,RP11-306G20.1
ENSG00000165120,SSMEM1
ENSG00000213265,TSGA13
ENSG00000226380,AC058791.1
ENSG00000271204,RP11-138A9.1
ENSG00000273319,RP11-138A9.2
ENSG00000231721,LINC-PINT
ENSG00000221866,PLXNA4
ENSG00000155530,LRGUK
ENSG00000085662,AKR1B1
ENSG00000172331,BPGM
ENSG00000273219,RP11-644N4.1
ENSG00000157680,DGKI
ENSG00000182158,CREB3L2
ENSG00000157703,SVOPL
ENSG00000105939,ZC3HAV1
ENSG00000064393,HIPK2
ENSG00000146966,DENND2A
ENSG00000228775,WEE2-AS1
ENSG00000211751,TRBC1
ENSG00000275896,PRSS2
ENSG00000211772,TRBC2
ENSG00000237254,TRBV30
ENSG00000106123,EPHB6
ENSG00000231840,AC073342.12
ENSG00000178826,TMEM139
ENSG00000159784,FAM131B
ENSG00000232533,AC093673.5
ENSG00000159840,ZYX
ENSG00000185899,TAS2R60
ENSG00000170379,TCAF2
ENSG00000174469,CNTNAP2
ENSG00000281189,GHET1
ENSG00000204947,ZNF425
ENSG00000181444,ZNF467
ENSG00000197558,SSPO
ENSG00000106479,ZNF862
ENSG00000273293,RP11-445N20.3
ENSG00000240449,RP4-584D14.5
ENSG00000242258,LINC00996
ENSG00000171115,GIMAP8
ENSG00000179144,GIMAP7
ENSG00000106560,GIMAP2
ENSG00000106565,TMEM176B
ENSG00000002933,TMEM176A
ENSG00000055118,KCNH2
ENSG00000272661,RP4-548D19.3
ENSG00000187260,WDR86
ENSG00000239911,PRKAG2-AS1
ENSG00000261455,LINC01003
ENSG00000130226,DPP6
ENSG00000214106,PAXIP1-AS2
ENSG00000273183,RP11-5C23.2
ENSG00000227365,AC008060.5
ENSG00000228569,AC073133.2
ENSG00000235029,MNX1-AS2
ENSG00000269446,RP4-639J15.3
ENSG00000222012,AC005481.5
ENSG00000233038,AC011899.9
ENSG00000272839,RP11-452C13.1
ENSG00000106018,VIPR2
ENSG00000226179,LINC00685
ENSG00000205755,CRLF2
ENSG00000198223,CSF2RA
ENSG00000185291,IL3RA
ENSG00000182162,P2RY8
ENSG00000002586,CD99
ENSG00000006756,ARSD
ENSG00000205662,RP11-706O15.7
ENSG00000205642,VCX3B
ENSG00000196664,TLR7
ENSG00000205542,TMSB4X
ENSG00000187268,FAM9C
ENSG00000212663,RP1-122K4.3
ENSG00000102048,ASB9
ENSG00000102010,BMX
ENSG00000147003,TMEM27
ENSG00000182287,AP1S2
ENSG00000238178,RP11-431J24.2
ENSG00000131831,RAI2
ENSG00000177324,BEND2
ENSG00000008086,CDKL5
ENSG00000173698,ADGRG2
ENSG00000102174,PHEX
ENSG00000165186,PTCHD1
ENSG00000123131,PRDX4
ENSG00000233785,RP13-314C10.5
ENSG00000130066,SAT1
ENSG00000130741,EIF2S3
ENSG00000102230,PCYT1B
ENSG00000004848,ARX
ENSG00000099399,MAGEB2
ENSG00000120280,CXorf21
ENSG00000198947,DMD
ENSG00000047597,XK
ENSG00000165168,CYBB
ENSG00000165169,DYNLT3
ENSG00000101955,SRPX
ENSG00000165175,MID1IP1
ENSG00000235304,LINC01281
ENSG00000236393,RP11-320G24.1
ENSG00000223714,RP5-1172N10.2
ENSG00000171659,GPR34
ENSG00000171657,GPR82
ENSG00000069535,MAOB
ENSG00000147113,CXorf36
ENSG00000102265,TIMP1
ENSG00000126759,CFP
ENSG00000267064,UXT-AS1
ENSG00000232828,AF196970.3
ENSG00000187682,ERAS
ENSG00000102096,PIM2
ENSG00000102007,PLP2
ENSG00000102003,SYP
ENSG00000224659,GAGE12J
ENSG00000158352,SHROOM4
ENSG00000226530,RP11-348F1.2
ENSG00000179222,MAGED1
ENSG00000204363,SPANXN5
ENSG00000268350,FAM156A
ENSG00000102316,MAGED2
ENSG00000067445,TRO
ENSG00000158578,ALAS2
ENSG00000158639,PAGE5
ENSG00000204272,LINC01420
ENSG00000147065,MSN
ENSG00000274536,RP6-159A1.4
ENSG00000155659,VSIG4
ENSG00000089472,HEPH
ENSG00000169083,AR
ENSG00000089289,IGBP1
ENSG00000184481,FOXO4
ENSG00000147168,IL2RG
ENSG00000147174,ACRC
ENSG00000281852,LINC00891
ENSG00000242732,RGAG4
ENSG00000198034,RPS4X
ENSG00000125931,CITED1
ENSG00000229807,XIST
ENSG00000230590,FTX
ENSG00000050030,KIAA2022
ENSG00000226784,PGAM4
ENSG00000173198,CYSLTR1
ENSG00000147145,LPAR4
ENSG00000131171,SH3BGRL
ENSG00000072133,RPS6KA6
ENSG00000184788,SATL1
ENSG00000102271,KLHL4
ENSG00000153779,TGIF2LX
ENSG00000204086,RPA4
ENSG00000007952,NOX1
ENSG00000126950,TMEM35
ENSG00000010671,BTK
ENSG00000102401,ARMCX3
ENSG00000166432,ZMAT1
ENSG00000147206,NXF3
ENSG00000204065,TCEAL5
ENSG00000133134,BEX2
ENSG00000185222,WBP5
ENSG00000172476,RAB40A
ENSG00000123570,RAB9B
ENSG00000123569,H2BFWT
ENSG00000269226,RP11-722G7.1
ENSG00000080572,PIH1D3
ENSG00000147234,FRMPD3
ENSG00000157514,TSC22D3
ENSG00000068366,ACSL4
ENSG00000243978,RGAG1
ENSG00000230392,RP5-1139I1.1
ENSG00000258545,RHOXF1-AS1
ENSG00000203989,RHOXF2BB
ENSG00000228139,LINC01402
ENSG00000125355,TMEM255A
ENSG00000101892,ATP1B4
ENSG00000005893,LAMP2
ENSG00000282419,TEX13D
ENSG00000009694,TENM1
ENSG00000225689,RP1-30E17.2
ENSG00000122122,SASH3
ENSG00000085185,BCORL1
ENSG00000134594,RAB33A
ENSG00000165694,FRMD7
ENSG00000232160,RAP2C-AS1
ENSG00000183434,TFDP3
ENSG00000227060,LINC00629
ENSG00000229015,RP11-265D19.6
ENSG00000178947,SMIM10L2A
ENSG00000268940,CT45A1
ENSG00000269096,CT45A3
ENSG00000022267,FHL1
ENSG00000129675,ARHGEF6
ENSG00000232611,RP11-1114A5.4
ENSG00000134595,SOX3
ENSG00000196406,SPANXD
ENSG00000046774,MAGEC2
ENSG00000010404,IDS
ENSG00000238039,AF011889.2
ENSG00000241769,LINC00893
ENSG00000267978,MAGEA9B
ENSG00000185247,MAGEA11
ENSG00000224871,XX-FW81066F1.2
ENSG00000214915,XX-FW80269A6.1
ENSG00000166049,PASD1
ENSG00000229967,RP11-366F6.2
ENSG00000102287,GABRE
ENSG00000268089,GABRQ
ENSG00000268606,MAGEA2
ENSG00000198883,PNMA5
ENSG00000273877,RP11-635O16.2
ENSG00000214897,U82695.5
ENSG00000130829,DUSP9
ENSG00000089820,ARHGAP4
ENSG00000102032,RENBP
ENSG00000007350,TKTL1
ENSG00000231830,XX-FW83128A1.2
ENSG00000196924,FLNA
ENSG00000147403,RPL10
ENSG00000280195,XX-FW83563B9.5
ENSG00000197180,CH17-340M24.3
ENSG00000071553,ATP6AP1
ENSG00000160211,G6PD
ENSG00000160219,GAB3
ENSG00000203870,SMIM9
ENSG00000155962,CLIC2
ENSG00000224533,TMLHE-AS1
ENSG00000124334,IL9R
ENSG00000253896,AC144568.2
ENSG00000282021,CTD-2336O2.3
ENSG00000036448,MYOM2
ENSG00000253444,AC133633.2
ENSG00000091879,ANGPT2
ENSG00000173281,PPP1R3B
ENSG00000171060,C8orf74
ENSG00000253695,RP11-177H2.2
ENSG00000154319,FAM167A
ENSG00000255394,C8orf49
ENSG00000255046,RP11-297N6.4
ENSG00000164733,CTSB
ENSG00000250305,KIAA1456
ENSG00000185053,SGCZ
ENSG00000104723,TUSC3
ENSG00000003989,SLC7A2
ENSG00000129422,MTUS1
ENSG00000104763,ASAH1
ENSG00000147443,DOK2
ENSG00000158856,DMTN
ENSG00000168490,PHYHIP
ENSG00000179388,EGR3
ENSG00000134020,PEBP4
ENSG00000173530,TNFRSF10D
ENSG00000134013,LOXL2
ENSG00000147454,SLC25A37
ENSG00000167034,NKX3-1
ENSG00000159167,STC1
ENSG00000042980,ADAM28
ENSG00000104722,NEFM
ENSG00000221818,EBF2
ENSG00000104765,BNIP3L
ENSG00000240694,PNMA2
ENSG00000092964,DPYSL2
ENSG00000015592,STMN4
ENSG00000120899,PTK2B
ENSG00000120903,CHRNA2
ENSG00000120885,CLU
ENSG00000168081,PNOC
ENSG00000254034,RP11-662B19.2
ENSG00000253490,AC145110.1
ENSG00000271869,RP11-51J9.5
ENSG00000133874,RNF122
ENSG00000133878,DUSP26
ENSG00000254194,RP1-273G13.3
ENSG00000253108,RP1-84O15.2
ENSG00000183154,RP11-863K10.7
ENSG00000156675,RAB11FIP1
ENSG00000188778,ADRB3
ENSG00000196166,C8orf86
ENSG00000147526,TACC1
ENSG00000169499,PLEKHA2
ENSG00000169495,HTRA4
ENSG00000176907,C8orf4
ENSG00000165061,ZMAT4
ENSG00000104332,SFRP1
ENSG00000104368,PLAT
ENSG00000253408,RP11-231D20.2
ENSG00000254165,RP11-503E24.2
ENSG00000147434,CHRNA6
ENSG00000221869,CEBPD
ENSG00000168333,C8orf22
ENSG00000253474,RP11-10H3.1
ENSG00000272076,RP11-11C20.3
ENSG00000168300,PCMTD1
ENSG00000272024,RP11-546K22.3
ENSG00000206579,XKR4
ENSG00000253614,RP11-513O17.3
ENSG00000253376,RP11-44D19.1
ENSG00000137575,SDCBP
ENSG00000198846,TOX
ENSG00000228862,RP11-91I20.3
ENSG00000254432,RP11-33I11.2
ENSG00000254777,AC022182.1
ENSG00000254802,AC022182.3
ENSG00000198363,ASPH
ENSG00000246145,RRS1-AS1
ENSG00000147576,ADHFE1
ENSG00000169085,C8orf46
ENSG00000278888,AC090154.1
ENSG00000182674,KCNB2
ENSG00000274443,C8orf89
ENSG00000147604,RPL7
ENSG00000121039,RDH10
ENSG00000104343,UBE2W
ENSG00000154589,LY96
ENSG00000254288,RP11-6I2.3
ENSG00000249395,CASC9
ENSG00000164749,HNF4G
ENSG00000104435,STMN2
ENSG00000164683,HEY1
ENSG00000272138,LINC01607
ENSG00000205189,ZBTB10
ENSG00000076641,PAG1
ENSG00000253214,RP11-1149M10.2
ENSG00000164687,FABP5
ENSG00000254689,RP11-354A14.1
ENSG00000184672,RALYL
ENSG00000260493,RP11-219B4.7
ENSG00000104267,CA2
ENSG00000170289,CNGB3
ENSG00000253171,CTB-118P15.2
ENSG00000271156,RP11-642C5.1
ENSG00000104327,CALB1
ENSG00000123119,NECAB1
ENSG00000155099,TMEM55A
ENSG00000079102,RUNX1T1
ENSG00000253848,RP11-10N23.5
ENSG00000264448,RP3-388N13.5
ENSG00000261437,RP11-22C11.2
ENSG00000164938,TP53INP1
ENSG00000253872,RP11-90D11.1
ENSG00000169439,SDC2
ENSG00000104324,CPQ
ENSG00000104341,LAPTM4B
ENSG00000132561,MATN2
ENSG00000164920,OSR2
ENSG00000229625,RP11-44N12.2
ENSG00000156509,FBXO43
ENSG00000248599,FLJ42969
ENSG00000271882,KB-1410C5.5
ENSG00000104490,NCALD
ENSG00000246263,UBR5-AS1
ENSG00000272037,KB-431C1.5
ENSG00000155090,KLF10
ENSG00000253669,KB-1732A1.1
ENSG00000254281,KB-1507C5.4
ENSG00000164929,BAALC
ENSG00000164930,FZD6
ENSG00000164934,DCAF13
ENSG00000147647,DPYS
ENSG00000147650,LRP12
ENSG00000253582,RP11-649G15.2
ENSG00000104408,EIF3E
ENSG00000164841,TMEM74
ENSG00000164796,CSMD3
ENSG00000225885,AC023590.1
ENSG00000254343,RP11-760H22.2
ENSG00000187955,COL14A1
ENSG00000253619,RP11-369K17.1
ENSG00000253819,LINC01151
ENSG00000147689,FAM83A
ENSG00000156802,ATAD2
ENSG00000156804,FBXO32
ENSG00000253227,RP11-383J24.1
ENSG00000253513,RP11-6D1.3
ENSG00000104549,SQLE
ENSG00000173334,TRIB1
ENSG00000253111,RP11-136O12.2
ENSG00000244791,RP11-65D17.1
ENSG00000168672,FAM84B
ENSG00000246228,CASC8
ENSG00000136997,MYC
ENSG00000165071,TMEM71
ENSG00000155926,SLA
ENSG00000104419,NDRG1
ENSG00000253988,RP11-489O18.1
ENSG00000147724,FAM135B
ENSG00000254258,RP11-398H6.1
ENSG00000105339,DENND3
ENSG00000254291,RP11-10J21.6
ENSG00000204882,GPR20
ENSG00000271959,CTD-3064M3.7
ENSG00000261693,RP13-467H17.1
ENSG00000198576,ARC
ENSG00000160932,LY6E
ENSG00000254859,RP11-661A12.5
ENSG00000254812,RP11-661A12.12
ENSG00000254548,RP11-429J17.5
ENSG00000254973,RP11-429J17.7
ENSG00000214733,RP11-429J17.8
ENSG00000261150,EPPK1
ENSG00000178685,PARP10
ENSG00000265393,CTD-2517M22.17
ENSG00000227155,RP11-165F24.3
ENSG00000173253,DMRT2
ENSG00000254017,IGHEP2
ENSG00000225489,RP11-390F4.3
ENSG00000273056,RP11-77E14.2
ENSG00000231902,RP11-29B9.2
ENSG00000044459,CNTLN
ENSG00000273226,RP11-513M16.8
ENSG00000137154,RPS6
ENSG00000233906,RP11-315I14.2
ENSG00000237414,RP11-321L2.2
ENSG00000107201,DDX58
ENSG00000086061,DNAJA1
ENSG00000086062,B4GALT1
ENSG00000122711,SPINK4
ENSG00000260947,RP11-384P7.7
ENSG00000010438,PRSS3
ENSG00000228352,RP11-537H15.3
ENSG00000122733,PHF24
ENSG00000005238,FAM214B
ENSG00000215187,FAM166B
ENSG00000137101,CD72
ENSG00000227933,RP11-331F9.4
ENSG00000137076,TLN1
ENSG00000137098,SPAG8
ENSG00000204930,FAM221B
ENSG00000122707,RECK
ENSG00000122705,CLTA
ENSG00000196092,PAX5
ENSG00000276500,BMS1P14
ENSG00000277260,FAM74A7
ENSG00000229311,RP11-475I24.8
ENSG00000274516,FAM74A6
ENSG00000231248,RP11-160N1.9
ENSG00000235659,RP11-374M1.5
ENSG00000231212,RP11-111F5.3
ENSG00000226007,RP11-211N8.2
ENSG00000278849,RP11-327I22.5
ENSG00000274349,ZNF658
ENSG00000276348,RP11-395E19.2
ENSG00000233178,RP11-88I18.2
ENSG00000236733,RP11-203L2.4
ENSG00000278910,BANCR
ENSG00000165072,MAMDC2
ENSG00000235523,RP11-63P12.7
ENSG00000165092,ALDH1A1
ENSG00000135046,ANXA1
ENSG00000119121,TRPM6
ENSG00000135002,RFK
ENSG00000156049,GNA14
ENSG00000106829,TLE4
ENSG00000267559,RP11-383M4.6
ENSG00000229109,RP11-439K3.1
ENSG00000148057,IDNK
ENSG00000227463,RP11-158D2.2
ENSG00000197506,SLC28A3
ENSG00000180447,GAS1
ENSG00000135047,CTSL
ENSG00000156345,CDK20
ENSG00000130045,NXNL2
ENSG00000123975,CKS2
ENSG00000130222,GADD45G
ENSG00000165025,SYK
ENSG00000230537,RP11-305L7.1
ENSG00000233081,RP11-440G5.2
ENSG00000279007,AL136097.1
ENSG00000106809,OGN
ENSG00000127084,FGD3
ENSG00000157303,SUSD3
ENSG00000223446,RP11-274J16.5
ENSG00000131669,NINJ1
ENSG00000227603,RP11-165J3.6
ENSG00000231990,RP11-53B5.1
ENSG00000131668,BARX1
ENSG00000235601,BARX1-AS1
ENSG00000269946,RP11-2B6.3
ENSG00000165140,FBP1
ENSG00000271384,RP11-435O5.7
ENSG00000188152,NUTM2G
ENSG00000203279,RP11-498P14.5
ENSG00000136929,HEMGN
ENSG00000267026,RP11-92C4.3
ENSG00000204291,COL15A1
ENSG00000270412,RP11-92C4.6
ENSG00000271086,NAMA
ENSG00000198785,GRIN3A
ENSG00000165028,NIPSNAP3B
ENSG00000165029,ABCA1
ENSG00000226334,RP11-217B7.2
ENSG00000070214,SLC44A1
ENSG00000228317,RP11-235C23.5
ENSG00000186051,TAL2
ENSG00000234323,RP11-308N19.1
ENSG00000234229,LINC01505
ENSG00000136826,KLF4
ENSG00000260230,FRRS1L
ENSG00000165124,SVEP1
ENSG00000173258,ZNF483
ENSG00000225684,FAM225B
ENSG00000136867,SLC31A2
ENSG00000227482,RP11-18B16.2
ENSG00000196739,COL27A1
ENSG00000229314,ORM1
ENSG00000228278,ORM2
ENSG00000106948,AKNA
ENSG00000235119,RP11-9M16.2
ENSG00000181634,TNFSF15
ENSG00000041982,TNC
ENSG00000182752,PAPPA
ENSG00000136869,TLR4
ENSG00000228512,RP11-281A20.2
ENSG00000106780,MEGF9
ENSG00000226752,PSMD5-AS1
ENSG00000119403,PHF19
ENSG00000056558,TRAF1
ENSG00000119397,CNTRL
ENSG00000148180,GSN
ENSG00000235865,GSN-AS1
ENSG00000148175,STOM
ENSG00000185681,MORN5
ENSG00000095303,PTGS1
ENSG00000233616,RP11-542K23.10
ENSG00000229245,RP11-542K23.7
ENSG00000188394,GPR21
ENSG00000044574,HSPA5
ENSG00000167094,TTC16
ENSG00000095370,SH2D3C
ENSG00000106991,ENG
ENSG00000167103,PIP5KL1
ENSG00000197694,SPTAN1
ENSG00000234705,HMGA1P4
ENSG00000119335,SET
ENSG00000160446,ZDHHC12
ENSG00000095321,CRAT
ENSG00000188483,IER5L
ENSG00000268050,RP11-247A12.8
ENSG00000179082,C9orf106
ENSG00000230676,RP11-65J3.3
ENSG00000261334,RP11-65J3.14
ENSG00000239353,RP11-492E3.51
ENSG00000227619,RP11-492E3.2
ENSG00000179058,C9orf50
ENSG00000236024,PRRX2-AS1
ENSG00000148344,PTGES
ENSG00000136878,USP20
ENSG00000187239,FNBP1
ENSG00000270755,RP11-138E2.1
ENSG00000148357,HMCN2
ENSG00000050555,LAMC3
ENSG00000246851,RP11-544A12.8
ENSG00000230289,RP11-334J6.6
ENSG00000196358,NTNG2
ENSG00000125492,BARHL1
ENSG00000165695,AK8
ENSG00000171102,OBP2B
ENSG00000160323,ADAMTS13
ENSG00000160326,SLC2A6
ENSG00000123453,SARDH
ENSG00000273473,LL09NC01-139C3.1
ENSG00000228877,RP11-473E2.4
ENSG00000085265,FCN1
ENSG00000122136,OBP2A
ENSG00000122133,PAEP
ENSG00000237886,NALT1
ENSG00000213213,CCDC183
ENSG00000169583,CLIC3
ENSG00000180539,C9orf139
ENSG00000180549,FUT7
ENSG00000236394,RP11-229P13.15
ENSG00000198569,SLC34A3
ENSG00000188229,TUBB4B
ENSG00000197768,C9orf173
ENSG00000188747,NOXA1
ENSG00000188833,ENTPD8
ENSG00000177947,ODF3
ENSG00000254559,RP11-304M2.5
ENSG00000185201,IFITM2
ENSG00000142089,IFITM3
ENSG00000255237,RP13-317D12.3
ENSG00000185507,IRF7
ENSG00000099834,CDHR5
ENSG00000255108,AP006621.8
ENSG00000254872,RP13-870H17.3
ENSG00000184545,DUSP8
ENSG00000233930,KRTAP5-AS1
ENSG00000244242,IFITM10
ENSG00000149043,SYT8
ENSG00000130598,TNNI2
ENSG00000130592,LSP1
ENSG00000130595,TNNT3
ENSG00000167244,IGF2
ENSG00000110665,C11orf21
ENSG00000064201,TSPAN32
ENSG00000070985,TRPM5
ENSG00000053918,KCNQ1
ENSG00000269821,KCNQ1OT1
ENSG00000229414,KCNQ1-AS1
ENSG00000237941,KCNQ1DN
ENSG00000129757,CDKN1C
ENSG00000110628,SLC22A18
ENSG00000181649,PHLDA2
ENSG00000236301,MRGPRG-AS1
ENSG00000177105,RHOG
ENSG00000180785,OR51E1
ENSG00000167332,OR51E2
ENSG00000244734,HBB
ENSG00000223609,HBD
ENSG00000213934,HBG1
ENSG00000196565,HBG2
ENSG00000213931,HBE1
ENSG00000183251,OR51B4
ENSG00000175518,UBQLNL
ENSG00000239920,AC015691.13
ENSG00000121236,TRIM6
ENSG00000132256,TRIM5
ENSG00000132274,TRIM22
ENSG00000166311,SMPD1
ENSG00000254400,RP11-732A19.8
ENSG00000166340,TPP1
ENSG00000166387,PPFIBP2
ENSG00000254860,TMEM9B-AS1
ENSG00000133789,SWAP70
ENSG00000254554,RP11-351I24.1
ENSG00000148926,ADM
ENSG00000255823,MTRNR2L8
ENSG00000177112,MRVI1-AS1
ENSG00000133800,LYVE1
ENSG00000247271,ZBED5-AS1
ENSG00000050165,DKK3
ENSG00000254486,RP13-631K18.2
ENSG00000110693,SOX6
ENSG00000070081,NUCB2
ENSG00000006611,USH1C
ENSG00000188162,OTOG
ENSG00000129159,KCNC1
ENSG00000134333,LDHA
ENSG00000166796,LDHC
ENSG00000129170,CSRP3
ENSG00000270607,RP11-359E10.1
ENSG00000148935,GAS2
ENSG00000198168,SVIP
ENSG00000246225,RP11-17A1.3
ENSG00000255418,RP11-266A24.1
ENSG00000255243,CTD-2507G9.1
ENSG00000148942,SLC5A12
ENSG00000245573,BDNF-AS
ENSG00000255029,CTD-3012A18.1
ENSG00000066382,MPPED2
ENSG00000228061,Z83001.1
ENSG00000135378,PRRG4
ENSG00000280798,LINC00294
ENSG00000255202,RP4-541C22.5
ENSG00000085063,CD59
ENSG00000135363,LMO2
ENSG00000121691,CAT
ENSG00000135373,EHF
ENSG00000026508,CD44
ENSG00000110436,SLC1A2
ENSG00000149090,PAMR1
ENSG00000175097,RAG2
ENSG00000187479,C11orf96
ENSG00000085117,CD82
ENSG00000255092,RP11-58K22.4
ENSG00000019505,SYT13
ENSG00000205106,DKFZp779M0652
ENSG00000255447,CTD-2210P24.6
ENSG00000255007,CTD-2589M5.4
ENSG00000110492,MDK
ENSG00000134571,MYBPC3
ENSG00000066336,SPI1
ENSG00000165917,RAPSN
ENSG00000196666,FAM180B
ENSG00000172247,C1QTNF4
ENSG00000165923,AGBL2
ENSG00000183908,LRRC55
ENSG00000109991,P2RX3
ENSG00000156575,PRG3
ENSG00000186652,PRG2
ENSG00000214872,SMTNL1
ENSG00000149131,SERPING1
ENSG00000166793,YPEL4
ENSG00000110031,LPXN
ENSG00000149124,GLYAT
ENSG00000245571,AP001258.4
ENSG00000166801,FAM111A
ENSG00000134827,TCN1
ENSG00000149516,MS4A3
ENSG00000149534,MS4A2
ENSG00000214787,MS4A4E
ENSG00000110079,MS4A4A
ENSG00000183134,PTGDR2
ENSG00000110446,SLC15A3
ENSG00000229859,PGA3
ENSG00000229183,PGA4
ENSG00000256713,PGA5
ENSG00000149476,TKFC
ENSG00000162148,PPP1R32
ENSG00000149485,FADS1
ENSG00000167996,FTH1
ENSG00000124935,SCGB1D2
ENSG00000255118,RP11-703H8.7
ENSG00000256690,RP11-727F15.9
ENSG00000168003,SLC3A2
ENSG00000257002,AP000438.2
ENSG00000184999,SLC22A10
ENSG00000196600,SLC22A25
ENSG00000168004,HRASLS5
ENSG00000133317,LGALS12
ENSG00000133321,RARRES3
ENSG00000133328,HRASLS2
ENSG00000176485,PLA2G16
ENSG00000110011,DNAJC4
ENSG00000182450,KCNK4
ENSG00000126432,PRDX5
ENSG00000236935,AP003774.1
ENSG00000168065,SLC22A11
ENSG00000110046,ATG2A
ENSG00000068971,PPP2R5B
ENSG00000149735,GPHA2
ENSG00000168060,NAALADL1
ENSG00000149809,TM7SF2
ENSG00000254614,AP003068.23
ENSG00000173825,TIGD3
ENSG00000255478,RP11-867O8.5
ENSG00000162241,SLC25A45
ENSG00000245532,NEAT1
ENSG00000173727,CMB9-22P13.1
ENSG00000251562,MALAT1
ENSG00000279576,AP000769.1
ENSG00000172818,OVOL1
ENSG00000255120,OVOL1-AS1
ENSG00000255404,RP11-770G2.5
ENSG00000172638,EFEMP2
ENSG00000172543,CTSW
ENSG00000175294,CATSPER1
ENSG00000174807,CD248
ENSG00000182791,CCDC87
ENSG00000173992,CCS
ENSG00000173227,SYT12
ENSG00000175482,POLD4
ENSG00000175463,TBC1D10C
ENSG00000172725,CORO1B
ENSG00000175544,CABP4
ENSG00000084207,GSTP1
ENSG00000132746,ALDH3B2
ENSG00000006534,ALDH3B1
ENSG00000255306,RP5-901A4.1
ENSG00000255236,CTD-2655K5.1
ENSG00000069482,GAL
ENSG00000250508,RP11-757G1.6
ENSG00000259799,RP11-554A11.9
ENSG00000172927,MYEOV
ENSG00000162344,FGF19
ENSG00000226627,SHANK2-AS1
ENSG00000204571,KRTAP5-11
ENSG00000110203,FOLR3
ENSG00000204971,RP11-807H22.7
ENSG00000110195,FOLR1
ENSG00000227467,LINC01537
ENSG00000186642,PDE2A
ENSG00000256007,ARAP1-AS1
ENSG00000168010,ATG16L2
ENSG00000256568,RP11-800A3.3
ENSG00000175591,P2RY2
ENSG00000171631,P2RY6
ENSG00000257038,RP11-800A3.7
ENSG00000110237,ARHGEF17
ENSG00000021300,PLEKHB1
ENSG00000175567,UCP2
ENSG00000175538,KCNE3
ENSG00000254928,RP11-702H23.6
ENSG00000054938,CHRDL2
ENSG00000137491,SLCO2B1
ENSG00000261594,TPBGL
ENSG00000149273,RPS3
ENSG00000255326,CTD-2530H12.4
ENSG00000166391,MOGAT2
ENSG00000236304,AP001189.4
ENSG00000178301,AQP11
ENSG00000254459,RP11-91P24.7
ENSG00000254649,RP11-452H21.2
ENSG00000255084,RP11-843A23.1
ENSG00000150687,PRSS23
ENSG00000269895,AP000654.4
ENSG00000246523,RP11-736K20.6
ENSG00000109861,CTSC
ENSG00000255082,GRM5-AS1
ENSG00000077616,NAALAD2
ENSG00000181333,HEPHL1
ENSG00000134627,PIWIL4
ENSG00000255666,RP11-867G2.6
ENSG00000256469,RP11-856F16.2
ENSG00000149212,SESN3
ENSG00000184384,MAML2
ENSG00000149972,CNTN5
ENSG00000165895,ARHGAP42
ENSG00000137691,C11orf70
ENSG00000023445,BIRC3
ENSG00000255337,RP11-315O6.1
ENSG00000149968,MMP3
ENSG00000170962,PDGFD
ENSG00000196954,CASP4
ENSG00000137752,CASP1
ENSG00000204397,CARD16
ENSG00000110675,ELMOD1
ENSG00000196167,COLCA1
ENSG00000109846,CRYAB
ENSG00000150782,IL18
ENSG00000268472,RP11-356J5.13
ENSG00000254968,RP11-65M17.3
ENSG00000170209,ANKK1
ENSG00000109906,ZBTB16
ENSG00000166741,NNMT
ENSG00000110245,APOC3
ENSG00000224077,AP000936.4
ENSG00000137726,FXYD6
ENSG00000137747,TMPRSS13
ENSG00000110324,IL10RA
ENSG00000177098,SCN4B
ENSG00000160593,JAML
ENSG00000160588,MPZL3
ENSG00000149573,MPZL2
ENSG00000167286,CD3D
ENSG00000160654,CD3G
ENSG00000118058,KMT2A
ENSG00000110375,UPK2
ENSG00000254428,RP11-110I1.11
ENSG00000160703,NLRX1
ENSG00000172367,PDZD3
ENSG00000110395,CBL
ENSG00000154096,THY1
ENSG00000110400,PVRL1
ENSG00000137699,TRIM29
ENSG00000137709,POU2F3
ENSG00000255219,RP11-716H6.2
ENSG00000154127,UBASH3B
ENSG00000109944,C11orf63
ENSG00000109971,HSPA8
ENSG00000110002,VWA5A
ENSG00000197849,OR8G1
ENSG00000197125,OR8B8
ENSG00000149564,ESAM
ENSG00000245498,RP11-677M14.7
ENSG00000149557,FEZ1
ENSG00000255537,AP000708.1
ENSG00000196844,PATE2
ENSG00000149571,KIRREL3
ENSG00000134954,ETS1
ENSG00000245008,RP11-744N12.3
ENSG00000120471,TP53AIP1
ENSG00000281097,LINC01395
ENSG00000151715,TMEM45B
ENSG00000084234,APLP2
ENSG00000134917,ADAMTS8
ENSG00000182667,NTM
ENSG00000204241,RP11-713P17.3
ENSG00000149328,GLB1L2
ENSG00000109956,B3GAT1
ENSG00000185736,ADARB2
ENSG00000273001,RP11-118K6.3
ENSG00000227338,RP11-195B3.1
ENSG00000067082,KLF6
ENSG00000198610,AKR1C4
ENSG00000224034,RP11-445P17.8
ENSG00000242147,RP13-463N16.6
ENSG00000226647,RP11-336A10.2
ENSG00000134460,IL2RA
ENSG00000212743,RP11-563J2.3
ENSG00000234248,RP11-799O21.2
ENSG00000123243,ITIH5
ENSG00000048740,CELF2
ENSG00000230322,RP3-323N1.2
ENSG00000228302,RP11-186N15.3
ENSG00000183049,CAMK1D
ENSG00000123240,OPTN
ENSG00000165623,UCMA
ENSG00000065809,FAM107B
ENSG00000232739,RP11-25G10.2
ENSG00000107611,CUBN
ENSG00000026025,VIM
ENSG00000260589,STAM-AS1
ENSG00000233968,RP11-354E11.2
ENSG00000148450,MSRB2
ENSG00000165312,OTUD1
ENSG00000077420,APBB1IP
ENSG00000236894,RP11-128B16.3
ENSG00000231976,LINC00202-2
ENSG00000232224,LINC00202-1
ENSG00000262412,RP11-85G18.6
ENSG00000254635,WAC-AS1
ENSG00000204365,C10orf126
ENSG00000151033,LYZL2
ENSG00000148516,ZEB1
ENSG00000230534,RP11-297A16.2
ENSG00000095794,CREM
ENSG00000273312,RP11-425A6.5
ENSG00000280719,PCAT5
ENSG00000227313,RP11-309N24.1
ENSG00000148513,ANKRD30A
ENSG00000236514,RP11-162G10.5
ENSG00000273008,RP11-351D16.3
ENSG00000150201,FXYD4
ENSG00000230555,RP11-517P14.2
ENSG00000223910,ZNF32-AS3
ENSG00000107551,RASSF4
ENSG00000165507,C10orf10
ENSG00000012779,ALOX5
ENSG00000266412,NCOA4
ENSG00000204179,PTPN20
ENSG00000128815,WDFY4
ENSG00000243251,PGBD3
ENSG00000178645,C10orf53
ENSG00000223502,RP11-96B5.3
ENSG00000165449,SLC16A9
ENSG00000170312,CDK1
ENSG00000150347,ARID5B
ENSG00000122877,EGR2
ENSG00000171988,JMJD1C
ENSG00000272767,JMJD1C-AS1
ENSG00000224714,RP11-179K3.2
ENSG00000233590,RP11-153K11.3
ENSG00000165732,DDX21
ENSG00000122862,SRGN
ENSG00000148734,NPFFR1
ENSG00000180644,PRF1
ENSG00000107731,UNC5B
ENSG00000237512,UNC5B-AS1
ENSG00000107738,C10orf54
ENSG00000197746,PSAP
ENSG00000122863,CHST3
ENSG00000107742,SPOCK2
ENSG00000168209,DDIT4
ENSG00000269926,RP11-442H21.2
ENSG00000138308,PLA2G12B
ENSG00000156042,CFAP70
ENSG00000233144,RP11-537A6.9
ENSG00000177791,MYOZ1
ENSG00000271848,RP11-464F9.21
ENSG00000214655,ZSWIM8
ENSG00000122861,PLAU
ENSG00000035403,VCL
ENSG00000079393,DUSP13
ENSG00000226051,ZNF503-AS1
ENSG00000165655,ZNF503
ENSG00000272692,RP11-399K21.14
ENSG00000236842,RP11-399K21.10
ENSG00000148655,C10orf11
ENSG00000228748,RP13-39P12.3
ENSG00000224596,ZMIZ1-AS1
ENSG00000188199,NUTM2B
ENSG00000178217,SH2D4B
ENSG00000271933,RP11-338I21.1
ENSG00000229404,LINC00858
ENSG00000122367,LDB3
ENSG00000173269,MMRN2
ENSG00000173267,SNCG
ENSG00000148671,ADIRF
ENSG00000152766,ANKRD22
ENSG00000107796,ACTA2
ENSG00000026103,FAS
ENSG00000119922,IFIT2
ENSG00000119917,IFIT3
ENSG00000204010,IFIT1B
ENSG00000148680,HTR7
ENSG00000152804,HHEX
ENSG00000186188,FFAR4
ENSG00000119969,HELLS
ENSG00000108242,CYP2C18
ENSG00000138185,ENTPD1
ENSG00000095585,BLNK
ENSG00000241935,HOGA1
ENSG00000120057,SFRP5
ENSG00000095713,CRTAC1
ENSG00000119943,PYROXD2
ENSG00000172987,HPSE2
ENSG00000119946,CNNM1
ENSG00000227695,DNMBP-AS1
ENSG00000107593,PKD2L1
ENSG00000119906,SLF2
ENSG00000237579,LINC01514
ENSG00000229649,RP11-107I14.4
ENSG00000234699,RP11-225H22.4
ENSG00000185933,CALHM1
ENSG00000183128,CALHM3
ENSG00000231233,CFAP58-AS1
ENSG00000229981,LINC01435
ENSG00000148700,ADD3
ENSG00000138166,DUSP5
ENSG00000232470,RP11-313D6.3
ENSG00000108061,SHOC2
ENSG00000197142,ACSL5
ENSG00000232934,RP11-324O2.3
ENSG00000043591,ADRB1
ENSG00000099204,ABLIM1
ENSG00000236799,RP11-383C6.2
ENSG00000225302,RP11-539I5.1
ENSG00000188316,ENO4
ENSG00000229847,EMX2OS
ENSG00000231104,RP11-354M20.3
ENSG00000119979,FAM45A
ENSG00000203805,PLPP4
ENSG00000271670,RP11-95I16.4
ENSG00000066468,FGFR2
ENSG00000226864,ATE1-AS1
ENSG00000276742,RP11-500G22.4
ENSG00000138162,TACC2
ENSG00000138152,BTBD16
ENSG00000188620,HMX3
ENSG00000230131,RP11-282I1.1
ENSG00000182022,CHST15
ENSG00000233334,FAM53B-AS1
ENSG00000236991,EDRF1-AS1
ENSG00000154493,C10orf90
ENSG00000186766,FOXI2
ENSG00000132334,PTPRE
ENSG00000148773,MKI67
ENSG00000280953,LINC01163
ENSG00000176769,TCERG1L
ENSG00000283095,ABC11-4932300O16.1
ENSG00000226900,RP11-432J24.5
ENSG00000171811,CFAP46
ENSG00000171798,KNDC1
ENSG00000166917,MIR202HG
ENSG00000273980,RP13-49I15.6
ENSG00000151651,ADAM8
ENSG00000165828,PRAP1
ENSG00000130643,CALY
ENSG00000256948,RP11-598F7.3
ENSG00000249695,RP11-598F7.4
ENSG00000010379,SLC6A13
ENSG00000171823,FBXL14
ENSG00000151062,CACNA2D4
ENSG00000256706,RP5-1096D14.3
ENSG00000203593,RP5-1096D14.6
ENSG00000256271,CACNA1C-AS2
ENSG00000011105,TSPAN9
ENSG00000118972,FGF23
ENSG00000111254,AKAP3
ENSG00000256790,RP11-429A20.3
ENSG00000256417,RP11-1038A11.3
ENSG00000256146,RP11-319E16.2
ENSG00000110799,VWF
ENSG00000010278,CD9
ENSG00000111319,SCNN1A
ENSG00000139192,TAPBPL
ENSG00000276718,RP1-102E24.10
ENSG00000111640,GAPDH
ENSG00000010295,IFFO1
ENSG00000245667,RP5-940J5.8
ENSG00000184574,LPAR5
ENSG00000111644,ACRBP
ENSG00000269892,RP4-761J14.10
ENSG00000010610,CD4
ENSG00000275703,U47924.32
ENSG00000111679,PTPN6
ENSG00000257084,U47924.27
ENSG00000139178,C1RL
ENSG00000276144,ABC12-49244600F4.4
ENSG00000111704,NANOG
ENSG00000059804,SLC2A3
ENSG00000171860,C3AR1
ENSG00000111729,CLEC4A
ENSG00000205846,CLEC6A
ENSG00000166527,CLEC4D
ENSG00000166523,CLEC4E
ENSG00000249790,RP11-20D14.6
ENSG00000166535,A2ML1
ENSG00000245105,A2M-AS1
ENSG00000175899,A2M
ENSG00000111796,KLRB1
ENSG00000110848,CD69
ENSG00000110852,CLEC2B
ENSG00000231560,AC091814.3
ENSG00000173391,OLR1
ENSG00000165685,TMEM52B
ENSG00000139112,GABARAPL1
ENSG00000205810,KLRC3
ENSG00000134545,KLRC1
ENSG00000121381,TAS2R9
ENSG00000226761,TAS2R46
ENSG00000247157,LINC01252
ENSG00000275963,RP11-180M15.6
ENSG00000111276,CDKN1B
ENSG00000111305,GSG1
ENSG00000134531,EMP1
ENSG00000214772,RP11-174G6.1
ENSG00000111339,ART4
ENSG00000111341,MGP
ENSG00000139055,ERP27
ENSG00000111348,ARHGDIB
ENSG00000139053,PDE6H
ENSG00000151491,EPS8
ENSG00000111404,RERGL
ENSG00000139151,PLCZ1
ENSG00000084453,SLCO1A2
ENSG00000121351,IAPP
ENSG00000111716,LDHB
ENSG00000134532,SOX5
ENSG00000226397,C12orf77
ENSG00000118308,LRMP
ENSG00000276842,RP11-713N11.6
ENSG00000274987,RP11-295I5.3
ENSG00000278743,RP11-707G18.1
ENSG00000246695,RASSF8-AS1
ENSG00000123095,BHLHE41
ENSG00000123096,SSPN
ENSG00000123104,ITPR2
ENSG00000247903,RP11-421F16.3
ENSG00000211455,STK38L
ENSG00000248100,RP11-709A23.1
ENSG00000256747,RP11-860B13.1
ENSG00000087494,PTHLH
ENSG00000257258,RP11-946L16.1
ENSG00000275278,RP11-946L16.2
ENSG00000275476,RP11-996F15.4
ENSG00000256232,RP11-771K4.1
ENSG00000276900,RP11-467L13.7
ENSG00000174718,KIAA1551
ENSG00000276136,RP11-50I19.2
ENSG00000139132,FGD4
ENSG00000110975,SYT10
ENSG00000245482,RP11-847H18.2
ENSG00000257239,RP11-630C16.2
ENSG00000139174,PRICKLE1
ENSG00000257225,RP11-328C8.4
ENSG00000257849,RP11-547C5.1
ENSG00000257373,RP11-547C5.2
ENSG00000173157,ADAMTS20
ENSG00000257657,RP11-352M15.1
ENSG00000134294,SLC38A2
ENSG00000257261,RP11-96H19.1
ENSG00000257496,RP11-474P2.4
ENSG00000275481,RP11-474P2.6
ENSG00000139211,AMIGO2
ENSG00000179715,PCED1B
ENSG00000205537,RP11-89H19.1
ENSG00000139219,COL2A1
ENSG00000274124,RP11-474C8.8
ENSG00000269514,RP11-370I10.12
ENSG00000275228,RP11-370I10.10
ENSG00000187166,H1FNT
ENSG00000273765,RP11-370I10.11
ENSG00000177627,C12orf54
ENSG00000197376,OR8S1
ENSG00000167531,LALBA
ENSG00000257660,RP11-579D7.4
ENSG00000172602,RND1
ENSG00000123416,TUBA1B
ENSG00000167552,TUBA1A
ENSG00000167553,TUBA1C
ENSG00000178401,DNAJC22
ENSG00000135519,KCNH3
ENSG00000257964,RP11-133N21.10
ENSG00000135472,FAIM2
ENSG00000257771,RP11-70F11.8
ENSG00000167580,AQP2
ENSG00000086159,AQP6
ENSG00000050405,LIMA1
ENSG00000185432,METTL7A
ENSG00000274797,RP11-407N8.5
ENSG00000183283,DAZAP2
ENSG00000110934,BIN2
ENSG00000139610,CELA1
ENSG00000050438,SLC4A8
ENSG00000260122,RP11-923I11.3
ENSG00000167612,ANKRD33
ENSG00000139567,ACVRL1
ENSG00000123358,NR4A1
ENSG00000259884,RP11-1100L3.8
ENSG00000135480,KRT7
ENSG00000170442,KRT86
ENSG00000205426,KRT81
ENSG00000185640,KRT79
ENSG00000170421,KRT8
ENSG00000111057,KRT18
ENSG00000167779,IGFBP6
ENSG00000167780,SOAT2
ENSG00000139631,CSAD
ENSG00000139626,ITGB7
ENSG00000123349,PFDN5
ENSG00000257605,RP11-680A11.5
ENSG00000135409,AMHR2
ENSG00000257550,RP11-793H13.3
ENSG00000012822,CALCOCO1
ENSG00000260030,RP11-686F15.2
ENSG00000123364,HOXC13
ENSG00000248265,FLJ12825
ENSG00000250432,RP11-834C11.5
ENSG00000283073,RP11-834C11.15
ENSG00000260470,RP11-834C11.11
ENSG00000257596,RP11-968A15.2
ENSG00000258137,RP11-753H16.3
ENSG00000139572,GPR84
ENSG00000123338,NCKAP1L
ENSG00000123360,PDE1B
ENSG00000172551,MUCL1
ENSG00000185821,OR6C76
ENSG00000179695,OR6C2
ENSG00000135404,CD63
ENSG00000123342,MMP19
ENSG00000111540,RAB5B
ENSG00000092841,MYL6
ENSG00000170581,STAT2
ENSG00000175336,APOF
ENSG00000166863,TAC3
ENSG00000123384,LRP1
ENSG00000185482,STAC3
ENSG00000258001,RP11-756H6.1
ENSG00000139269,INHBE
ENSG00000123329,ARHGAP9
ENSG00000175197,DDIT3
ENSG00000178498,DTX3
ENSG00000135506,OS9
ENSG00000257953,RP11-620J15.1
ENSG00000245651,RP11-620J15.2
ENSG00000257698,RP11-620J15.3
ENSG00000139263,LRIG3
ENSG00000198673,FAM19A2
ENSG00000249753,RP11-415I12.3
ENSG00000185306,C12orf56
ENSG00000256670,RP11-338E21.1
ENSG00000135677,GNS
ENSG00000215159,RP11-629N8.3
ENSG00000174099,MSRB3
ENSG00000250748,RP11-230G5.2
ENSG00000149948,HMGA2
ENSG00000256248,RP11-123O10.4
ENSG00000251301,RP11-81H14.2
ENSG00000247363,RP11-637A17.2
ENSG00000274979,RP11-1143G9.5
ENSG00000090382,LYZ
ENSG00000257764,RP11-1143G9.4
ENSG00000247131,RP11-588G21.2
ENSG00000257454,CTD-2021H9.2
ENSG00000139287,TPH2
ENSG00000258123,RP11-314D7.2
ENSG00000257183,RP11-274M17.3
ENSG00000139278,GLIPR1
ENSG00000139289,PHLDA1
ENSG00000257839,RP11-290L1.2
ENSG00000067798,NAV3
ENSG00000258084,RP11-754N21.1
ENSG00000257474,RP11-359M6.1
ENSG00000058272,PPP1R12A
ENSG00000257431,RP11-263K4.3
ENSG00000179104,TMTC2
ENSG00000133636,NTS
ENSG00000259075,POC1B-GALNT4
ENSG00000271614,LINC00936
ENSG00000139329,LUM
ENSG00000011465,DCN
ENSG00000277738,RP11-693J15.6
ENSG00000133639,BTG1
ENSG00000245904,RP11-796E2.4
ENSG00000257127,CLLU1
ENSG00000205056,RP11-693J15.5
ENSG00000187510,PLEKHG7
ENSG00000257345,RP11-511B23.1
ENSG00000257322,RP11-511B23.2
ENSG00000257746,RP11-202G11.2
ENSG00000257252,RP11-486A14.2
ENSG00000120833,SOCS2
ENSG00000258274,RP11-887P2.5
ENSG00000139344,AMDHD1
ENSG00000084110,HAL
ENSG00000257878,RP11-256L6.3
ENSG00000257715,RP11-256L6.2
ENSG00000245017,RP11-181C3.1
ENSG00000179520,SLC17A8
ENSG00000274560,RP11-285E23.2
ENSG00000183395,PMCH
ENSG00000017427,IGF1
ENSG00000139352,ASCL1
ENSG00000166598,HSP90B1
ENSG00000120820,GLT8D2
ENSG00000257732,RP11-818F20.5
ENSG00000257886,RP11-61E11.1
ENSG00000136026,CKAP4
ENSG00000277715,RP11-651L5.3
ENSG00000166046,TCP11L2
ENSG00000110876,SELPLG
ENSG00000256262,USP30-AS1
ENSG00000277299,RP11-837J7.4
ENSG00000111229,ARPC3
ENSG00000122986,HVCN1
ENSG00000257595,RP3-473L9.4
ENSG00000111344,RASAL1
ENSG00000139410,SDSL
ENSG00000257935,LHX5-AS1
ENSG00000135111,TBX3
ENSG00000275898,RP11-497G19.7
ENSG00000274554,RP11-240G22.5
ENSG00000088992,TESC
ENSG00000274859,RP11-136L23.2
ENSG00000135090,TAOK3
ENSG00000270482,RP11-131L12.2
ENSG00000139767,SRRM4
ENSG00000152137,HSPB8
ENSG00000183273,CCDC60
ENSG00000224982,TMEM233
ENSG00000255692,RP1-127H14.3
ENSG00000170890,PLA2G1B
ENSG00000257218,GATC
ENSG00000088986,DYNLL1
ENSG00000135100,HNF1A
ENSG00000135114,OASL
ENSG00000089041,P2RX7
ENSG00000135124,P2RX4
ENSG00000258435,RP11-711D18.2
ENSG00000139714,MORN3
ENSG00000272849,RP11-347I19.8
ENSG00000158113,LRRC43
ENSG00000182782,HCAR2
ENSG00000251497,RP11-197N18.7
ENSG00000255839,RP11-338K17.8
ENSG00000270028,RP11-380L11.4
ENSG00000250091,DNAH10OS
ENSG00000150991,UBC
ENSG00000280634,THRIL
ENSG00000249267,LINC00939
ENSG00000256128,LINC00944
ENSG00000256193,LINC00507
ENSG00000249196,RP11-669N7.2
ENSG00000111452,ADGRD1
ENSG00000256204,RP11-243M5.1
ENSG00000230294,RP13-507P19.2
ENSG00000256955,RP11-417L19.2
ENSG00000276693,RP13-977J11.9
ENSG00000256576,RP13-977J11.2
ENSG00000182870,GALNT9
ENSG00000277011,RP13-895J2.6
ENSG00000274373,RP13-714J12.1
ENSG00000256632,RP13-672B3.2
ENSG00000250790,RP11-46H11.3
ENSG00000231358,RP11-442J17.3
ENSG00000198033,TUBA3C
ENSG00000165475,CRYL1
ENSG00000224429,LINC00539
ENSG00000276476,LINC00540
ENSG00000232977,LINC00327
ENSG00000127863,TNFRSF19
ENSG00000260509,RP11-271M24.2
ENSG00000132932,ATP8A2
ENSG00000132975,GPR12
ENSG00000230641,USP12-AS2
ENSG00000275294,RP11-428O18.6
ENSG00000165556,CDX2
ENSG00000102755,FLT1
ENSG00000139508,SLC46A3
ENSG00000236463,LINC00427
ENSG00000132965,ALOX5AP
ENSG00000224743,TEX26-AS1
ENSG00000236094,LINC00545
ENSG00000073910,FRY
ENSG00000139597,N4BP2L1
ENSG00000244754,N4BP2L2
ENSG00000172915,NBEA
ENSG00000120693,SMAD9
ENSG00000133107,TRPC4
ENSG00000274317,RP11-93G5.1
ENSG00000223685,LINC00571
ENSG00000236354,LINC00437
ENSG00000188811,NHLRC3
ENSG00000278772,LINC00548
ENSG00000120690,ELF1
ENSG00000102760,RGCC
ENSG00000133106,EPSTI1
ENSG00000120675,DNAJC15
ENSG00000151773,CCDC122
ENSG00000227258,SMIM2-AS1
ENSG00000151778,SERP2
ENSG00000237361,TUSC8
ENSG00000102804,TSC22D1
ENSG00000278156,TSC22D1-AS1
ENSG00000170919,TPT1-AS1
ENSG00000228886,RP11-290D2.3
ENSG00000251015,SLC25A30-AS1
ENSG00000102445,KIAA0226L
ENSG00000228573,RP11-279N8.1
ENSG00000136156,ITM2B
ENSG00000139679,LPAR6
ENSG00000233610,LINC00462
ENSG00000152207,CYSLTR2
ENSG00000102531,FNDC3A
ENSG00000136169,SETDB2
ENSG00000152213,ARL11
ENSG00000237152,DLEU7-AS1
ENSG00000150510,FAM124A
ENSG00000253309,SERPINE3
ENSG00000102786,INTS6
ENSG00000236778,INTS6-AS1
ENSG00000123171,CCDC70
ENSG00000136108,CKAP2
ENSG00000136110,LECT1
ENSG00000136099,PCDH8
ENSG00000118946,PCDH17
ENSG00000184226,PCDH9
ENSG00000188243,COMMD6
ENSG00000178734,LMO7DN
ENSG00000271776,RP11-52L5.6
ENSG00000184564,SLITRK6
ENSG00000165300,SLITRK5
ENSG00000229557,LINC00379
ENSG00000125285,SOX21
ENSG00000247400,DNAJC3-AS1
ENSG00000102580,DNAJC3
ENSG00000185352,HS6ST3
ENSG00000272329,RP11-65L19.4
ENSG00000152767,FARP1
ENSG00000231194,FARP1-AS1
ENSG00000224418,STK24-AS1
ENSG00000088386,SLC15A1
ENSG00000169508,GPR183
ENSG00000280710,RP11-214F16.8
ENSG00000203441,LINC00449
ENSG00000234650,PCCA-AS1
ENSG00000276957,RP11-29B2.6
ENSG00000151287,TEX30
ENSG00000233532,LINC00460
ENSG00000125266,EFNB2
ENSG00000134884,ARGLU1
ENSG00000041515,MYO16
ENSG00000275216,RP11-54H7.4
ENSG00000223617,LINC00370
ENSG00000255874,LINC00346
ENSG00000088448,ANKRD10
ENSG00000225760,LINC00431
ENSG00000126217,MCF2L
ENSG00000231882,F10-AS1
ENSG00000225083,GRTP1-AS1
ENSG00000184497,TMEM255B
ENSG00000260910,LINC00565
ENSG00000258314,CTD-2314B22.1
ENSG00000129566,TEP1
ENSG00000169413,RNASE6
ENSG00000169397,RNASE3
ENSG00000258918,RP11-219E7.4
ENSG00000169385,RNASE2
ENSG00000165794,SLC39A2
ENSG00000165799,RNASE7
ENSG00000092200,RPGRIP1
ENSG00000211821,TRDV2
ENSG00000211829,TRDC
ENSG00000277734,TRAC
ENSG00000259003,AE000662.92
ENSG00000100439,ABHD4
ENSG00000197324,LRP10
ENSG00000092067,CEBPE
ENSG00000092068,SLC7A8
ENSG00000235194,PPP1R3E
ENSG00000166091,CMTM5
ENSG00000197616,MYH6
ENSG00000092051,JPH4
ENSG00000100867,DHRS2
ENSG00000092010,PSME1
ENSG00000259321,RP11-468E2.5
ENSG00000259529,RP11-468E2.4
ENSG00000213928,IRF9
ENSG00000100918,REC8
ENSG00000276698,RP11-468E2.10
ENSG00000139908,TSSK4
ENSG00000136305,CIDEB
ENSG00000129467,ADCY4
ENSG00000258744,RP11-80A15.1
ENSG00000100453,GZMB
ENSG00000258548,LINC00645
ENSG00000257831,RP11-596D21.1
ENSG00000257155,CTD-2213F21.3
ENSG00000151322,NPAS3
ENSG00000100906,NFKBIA
ENSG00000258844,RP11-259K15.2
ENSG00000136327,NKX2-8
ENSG00000129514,FOXA1
ENSG00000139865,TTC6
ENSG00000258526,RP11-111A21.1
ENSG00000258480,RP11-662J14.2
ENSG00000179454,KLHL28
ENSG00000258700,LINC00871
ENSG00000139915,MDGA2
ENSG00000258400,RP11-831F12.2
ENSG00000012983,MAP4K5
ENSG00000198513,ATL1
ENSG00000258843,RP11-286O18.1
ENSG00000100504,PYGL
ENSG00000131969,ABHD12B
ENSG00000277050,RP11-102G14.1
ENSG00000186469,GNG2
ENSG00000258757,RP11-841O20.2
ENSG00000258698,RP11-589M4.3
ENSG00000020577,SAMD4A
ENSG00000131981,LGALS3
ENSG00000258413,RP11-665C16.6
ENSG00000258791,LINC00520
ENSG00000275569,RP11-930O11.3
ENSG00000259133,RP11-1085N6.3
ENSG00000248550,OTX2-AS1
ENSG00000259008,RP11-932A10.1
ENSG00000100557,C14orf105
ENSG00000259039,RP11-409I10.2
ENSG00000139971,C14orf37
ENSG00000196860,TOMM20L
ENSG00000258553,RP11-16B13.1
ENSG00000254718,CTD-2184C24.2
ENSG00000258777,HIF1A-AS1
ENSG00000258667,HIF1A-AS2
ENSG00000261242,CTD-2302E22.4
ENSG00000258809,CTD-2555O16.1
ENSG00000089775,ZBTB25
ENSG00000126804,ZBTB1
ENSG00000126803,HSPA2
ENSG00000176153,GPX2
ENSG00000272158,RP11-840I19.5
ENSG00000072415,MPP5
ENSG00000100554,ATP6V1D
ENSG00000198133,TMEM229B
ENSG00000258837,CTD-2566J3.1
ENSG00000185650,ZFP36L1
ENSG00000276063,RP11-817G13.3
ENSG00000267909,CCDC177
ENSG00000100652,SLC10A1
ENSG00000198732,SMOC1
ENSG00000258422,RP11-486O13.2
ENSG00000259158,ADAM20P1
ENSG00000134007,ADAM20
ENSG00000258689,LINC01269
ENSG00000275630,RP6-65G23.5
ENSG00000182732,RGS6
ENSG00000280188,AC005477.1
ENSG00000258376,RP4-647C14.2
ENSG00000133961,NUMB
ENSG00000258660,RP4-693M11.3
ENSG00000156030,ELMSAN1
ENSG00000259065,RP5-1021I20.1
ENSG00000258891,RP5-1021I20.5
ENSG00000156050,FAM161B
ENSG00000270000,RP3-449M8.9
ENSG00000119655,NPC2
ENSG00000273565,CTD-3075F15.1
ENSG00000170345,FOS
ENSG00000259687,LINC01220
ENSG00000071246,VASH1
ENSG00000100565,LRRC74A
ENSG00000273729,RP11-7F17.8
ENSG00000246548,RP11-7F17.5
ENSG00000063761,ADCK1
ENSG00000258743,RP11-406A9.2
ENSG00000185070,FLRT2
ENSG00000258807,RP11-1152H15.1
ENSG00000140030,GPR65
ENSG00000258867,LINC01146
ENSG00000258983,RP11-507K2.2
ENSG00000258699,RP11-356K23.2
ENSG00000258730,ITPK1-AS1
ENSG00000119632,IFI27L2
ENSG00000119698,PPP4R4
ENSG00000235706,DICER1-AS1
ENSG00000100721,TCL1A
ENSG00000257275,RP11-164H13.1
ENSG00000258702,RP11-433J8.1
ENSG00000258979,RP11-433J8.2
ENSG00000246223,LINC01550
ENSG00000258749,RP11-688G15.3
ENSG00000247970,RP11-543C4.1
ENSG00000182218,HHIPL1
ENSG00000140107,SLC25A47
ENSG00000258521,RP11-638I2.9
ENSG00000185559,DLK1
ENSG00000259004,RP11-8L8.2
ENSG00000259088,CTD-2017C7.2
ENSG00000272444,RP11-1017G21.6
ENSG00000080824,HSP90AA1
ENSG00000259515,RP11-365N19.2
ENSG00000185215,TNFAIP2
ENSG00000259775,RP11-45P15.4
ENSG00000166165,CKB
ENSG00000258735,LINC00637
ENSG00000184601,C14orf180
ENSG00000258811,CTD-3051D23.1
ENSG00000166428,PLD4
ENSG00000183484,GPR132
ENSG00000211956,IGHV4-34
ENSG00000260986,RP11-854K16.3
ENSG00000247765,RP11-32B5.7
ENSG00000277865,GOLGA6L22
ENSG00000273976,GOLGA6L1
ENSG00000185823,NPAP1
ENSG00000182256,GABRG3
ENSG00000261480,RP11-578F21.6
ENSG00000104059,FAM189A1
ENSG00000259523,RP11-680F8.3
ENSG00000166664,CHRFAM7A
ENSG00000260693,AC026150.8
ENSG00000178115,GOLGA8Q
ENSG00000247728,RP11-932O9.7
ENSG00000259448,RP11-16E12.1
ENSG00000262728,RP11-1000B6.8
ENSG00000232653,GOLGA8N
ENSG00000244952,RP11-1000B6.5
ENSG00000166922,SCG5
ENSG00000276702,RP11-3D4.4
ENSG00000184984,CHRM5
ENSG00000140199,SLC12A6
ENSG00000259468,RP11-1084A12.2
ENSG00000159251,ACTC1
ENSG00000259460,RP11-128A17.1
ENSG00000175779,C15orf53
ENSG00000137801,THBS1
ENSG00000275636,RP11-521C20.5
ENSG00000104081,BMF
ENSG00000137843,PAK6
ENSG00000137841,PLCB2
ENSG00000259198,RP11-133K1.6
ENSG00000166143,PPP1R14D
ENSG00000166145,SPINT1
ENSG00000187446,CHP1
ENSG00000137804,NUSAP1
ENSG00000260926,RP11-380D11.2
ENSG00000168970,JMJD7-PLA2G4B
ENSG00000246740,PLA2G4E-AS1
ENSG00000092529,CAPN3
ENSG00000261822,RP11-265N6.2
ENSG00000166947,EPB42
ENSG00000104055,TGM5
ENSG00000166963,MAP1A
ENSG00000242866,STRC
ENSG00000229474,PATL2
ENSG00000166710,B2M
ENSG00000167014,C15orf43
ENSG00000140274,DUOXA2
ENSG00000140254,DUOXA1
ENSG00000259519,RP11-519G16.2
ENSG00000137860,SLC28A2
ENSG00000185634,SHC4
ENSG00000259602,RP11-138E16.1
ENSG00000138593,SECISBP2L
ENSG00000104043,ATP8B4
ENSG00000259188,CTD-2647E9.3
ENSG00000140287,HDC
ENSG00000244879,GABPB1-AS1
ENSG00000273674,CTD-2378E12.1
ENSG00000137869,CYP19A1
ENSG00000259306,RP11-108K3.2
ENSG00000259668,RP11-707P17.2
ENSG00000104112,SCG3
ENSG00000128872,TMOD2
ENSG00000259201,RP11-56B16.5
ENSG00000069966,GNB5
ENSG00000259709,CTD-2184D3.7
ENSG00000260916,CCPG1
ENSG00000166450,PRTG
ENSG00000263155,MYZAP
ENSG00000166035,LIPC
ENSG00000259250,RP11-50C13.1
ENSG00000157456,CCNB2
ENSG00000182718,ANXA2
ENSG00000259697,RP11-299H22.1
ENSG00000140416,TPM1
ENSG00000259627,RP11-244F12.2
ENSG00000259672,RP11-69G7.1
ENSG00000103642,LACTB
ENSG00000259268,AC007950.1
ENSG00000035664,DAPK2
ENSG00000166794,PPIB
ENSG00000166803,KIAA0101
ENSG00000180304,OAZ2
ENSG00000140451,PIF1
ENSG00000275332,CTD-2017F17.1
ENSG00000103710,RASL12
ENSG00000278737,RP11-325L12.7
ENSG00000174498,IGDCC3
ENSG00000259347,RP11-798K3.2
ENSG00000245719,RP11-34F13.2
ENSG00000255346,NOX5
ENSG00000212766,EWSAT1
ENSG00000259641,PCAT29
ENSG00000166173,LARP6
ENSG00000260672,RP11-1006G14.1
ENSG00000175202,HIGD2B
ENSG00000260898,ADPGK-AS1
ENSG00000167178,ISLR2
ENSG00000137868,STRA6
ENSG00000140459,CYP11A1
ENSG00000261821,CTD-2311M21.3
ENSG00000138623,SEMA7A
ENSG00000275527,CTD-3154N5.2
ENSG00000260919,CTD-3154N5.1
ENSG00000140465,CYP1A1
ENSG00000169410,PTPN9
ENSG00000275454,CTD-2026K11.4
ENSG00000246877,DNM1P35
ENSG00000169752,NRG4
ENSG00000169758,TMEM266
ENSG00000259422,RP11-593F23.1
ENSG00000159556,ISL2
ENSG00000259666,LINGO1-AS1
ENSG00000259792,RP11-114H24.6
ENSG00000183476,SH2D7
ENSG00000259474,RP11-650L12.1
ENSG00000041357,PSMA4
ENSG00000080644,CHRNA3
ENSG00000177699,RP11-16K12.1
ENSG00000140379,BCL2A1
ENSG00000258010,RP11-210M15.1
ENSG00000136379,ABHD17C
ENSG00000172349,IL16
ENSG00000172345,STARD5
ENSG00000259518,LINC01583
ENSG00000259462,CPEB1-AS1
ENSG00000259442,RP11-752G15.8
ENSG00000136404,TM6SF1
ENSG00000256278,RP11-182J1.5
ENSG00000170776,AKAP13
ENSG00000259367,RP11-815J21.4
ENSG00000259762,RP11-158M2.4
ENSG00000140538,NTRK3
ENSG00000172183,ISG20
ENSG00000157766,ACAN
ENSG00000140545,MFGE8
ENSG00000242498,ARPIN
ENSG00000182054,IDH2
ENSG00000182768,NGRN
ENSG00000275345,RP11-697E2.11
ENSG00000259314,CTD-3065B20.3
ENSG00000140564,FURIN
ENSG00000182511,FES
ENSG00000259661,AC068831.15
ENSG00000198901,PRC1
ENSG00000185518,SV2B
ENSG00000258551,CRAT37
ENSG00000140557,ST8SIA2
ENSG00000173575,CHD2
ENSG00000182175,RGMA
ENSG00000259123,RP11-76E17.2
ENSG00000258476,RP11-76E17.3
ENSG00000247809,NR2F2-AS1
ENSG00000278146,RP11-327J17.8
ENSG00000185551,NR2F2
ENSG00000140450,ARRDC4
ENSG00000278090,RP11-6O2.2
ENSG00000254744,CTD-3076O17.1
ENSG00000154227,CERS3
ENSG00000259376,RP11-505E24.3
ENSG00000259755,RP11-505E24.2
ENSG00000259182,RP11-424I19.2
ENSG00000259553,AC140725.4
ENSG00000130656,HBZ
ENSG00000188536,HBA2
ENSG00000206172,HBA1
ENSG00000167930,FAM234A
ENSG00000269881,AC004754.3
ENSG00000257108,NHLRC4
ENSG00000262528,LA16c-349E10.1
ENSG00000260022,LA16c-306A4.1
ENSG00000260710,RP11-616M22.7
ENSG00000261505,LA16c-358B7.3
ENSG00000260051,LA16c-390E6.4
ENSG00000063854,HAGH
ENSG00000259947,XX-DJ76P10__A.2
ENSG00000162040,HS3ST6
ENSG00000198736,MSRB1
ENSG00000140986,RPL3L
ENSG00000255198,SNHG9
ENSG00000196408,NOXO1
ENSG00000183971,NPW
ENSG00000260095,RP11-715J22.3
ENSG00000260176,CTD-3126B10.4
ENSG00000005001,PRSS22
ENSG00000262482,LA16c-321D4.2
ENSG00000270168,LA16c-380H5.3
ENSG00000213937,CLDN9
ENSG00000184697,CLDN6
ENSG00000006327,TNFRSF12A
ENSG00000162069,CCDC64B
ENSG00000008516,MMP25
ENSG00000008517,IL32
ENSG00000261889,RP11-473M20.16
ENSG00000262521,AJ003147.8
ENSG00000168124,OR1F1
ENSG00000281005,LINC00921
ENSG00000262899,LA16c-360H6.3
ENSG00000232196,MTRNR2L4
ENSG00000261938,RP11-461A8.1
ENSG00000213918,DNASE1
ENSG00000276754,RP11-461A8.5
ENSG00000168140,VASN
ENSG00000267077,RP11-127I20.5
ENSG00000067836,ROGDI
ENSG00000267072,RP11-165E7.1
ENSG00000153446,C16orf89
ENSG00000078328,RBFOX1
ENSG00000183044,ABAT
ENSG00000153048,CARHSP1
ENSG00000259939,RP11-77H9.5
ENSG00000166669,ATF7IP2
ENSG00000260756,RP11-609N14.1
ENSG00000262151,RP11-876N24.2
ENSG00000263033,RP11-396B14.2
ENSG00000185338,SOCS1
ENSG00000277369,RP11-486I11.2
ENSG00000259876,CTD-3037G24.4
ENSG00000103381,CPPED1
ENSG00000237515,SHISA9
ENSG00000262732,CTD-2135D7.2
ENSG00000262097,CTD-2135D7.5
ENSG00000069764,PLA2G10
ENSG00000275910,RP11-680G24.6
ENSG00000166780,C16orf45
ENSG00000133392,MYH11
ENSG00000170540,ARL6IP1
ENSG00000205730,ITPRIPL2
ENSG00000261759,RP11-626G11.3
ENSG00000183549,ACSM5
ENSG00000005187,ACSM3
ENSG00000166743,ACSM1
ENSG00000175311,ANKS4B
ENSG00000103316,CRYM
ENSG00000197006,METTL9
ENSG00000140749,IGSF6
ENSG00000260790,RP11-21M24.2
ENSG00000166851,PLK1
ENSG00000261266,CTD-2196E14.5
ENSG00000134398,ERN2
ENSG00000166501,PRKCB
ENSG00000006116,CACNG3
ENSG00000259888,CTD-2540M10.1
ENSG00000262155,RP11-266L9.5
ENSG00000260034,LCMT1-AS2
ENSG00000103375,AQP8
ENSG00000236481,AC002331.1
ENSG00000103522,IL21R
ENSG00000184730,APOBR
ENSG00000197272,IL27
ENSG00000176046,NUPR1
ENSG00000255524,NPIPB8
ENSG00000260796,RP11-1348G14.5
ENSG00000260517,RP11-426C22.5
ENSG00000103485,QPRT
ENSG00000185905,C16orf54
ENSG00000260719,AC009133.17
ENSG00000167371,PRRT2
ENSG00000013364,MVP
ENSG00000174939,ASPHD1
ENSG00000149932,TMEM219
ENSG00000090238,YPEL3
ENSG00000102879,CORO1A
ENSG00000261416,RP11-455F5.5
ENSG00000005844,ITGAL
ENSG00000260487,RP11-297C4.3
ENSG00000196118,CCDC189
ENSG00000175938,ORAI3
ENSG00000099377,HSD3B7
ENSG00000260911,RP11-196G11.2
ENSG00000261385,RP11-388M20.2
ENSG00000052344,PRSS8
ENSG00000103490,PYCARD
ENSG00000177238,TRIM72
ENSG00000169900,PYDC1
ENSG00000169896,ITGAM
ENSG00000140678,ITGAX
ENSG00000156885,COX6A2
ENSG00000176723,ZNF843
ENSG00000261474,RP11-452L6.1
ENSG00000169877,AHSP
ENSG00000276867,CTD-2358C21.5
ENSG00000259303,IGHV2OR16-5
ENSG00000261512,RP11-46D6.1
ENSG00000091651,ORC6
ENSG00000260281,ITFG1-AS1
ENSG00000260086,RP11-42I10.1
ENSG00000167208,SNX20
ENSG00000167207,NOD2
ENSG00000261644,RP11-327F22.2
ENSG00000249231,CASC16
ENSG00000261630,RP11-357N13.3
ENSG00000275147,RP11-324D17.3
ENSG00000159387,IRX6
ENSG00000087245,MMP2
ENSG00000087253,LPCAT2
ENSG00000261997,RP11-212I21.4
ENSG00000103546,SLC6A2
ENSG00000274031,RP11-413H22.3
ENSG00000125148,MT2A
ENSG00000169715,MT1E
ENSG00000205364,MT1M
ENSG00000198417,MT1F
ENSG00000125144,MT1G
ENSG00000051108,HERPUD1
ENSG00000140853,NLRC5
ENSG00000102962,CCL22
ENSG00000159618,ADGRG5
ENSG00000205336,ADGRG1
ENSG00000182885,ADGRG3
ENSG00000260467,RP11-405F3.4
ENSG00000159625,DRC7
ENSG00000187185,CTD-2600O9.1
ENSG00000070729,CNGB1
ENSG00000103034,NDRG4
ENSG00000261653,RP11-21L1.1
ENSG00000260755,RP11-403P17.3
ENSG00000261519,RP11-403P17.4
ENSG00000140932,CMTM2
ENSG00000166592,RRAD
ENSG00000172824,CES4A
ENSG00000159708,LRRC36
ENSG00000159713,TPPP3
ENSG00000159723,AGRP
ENSG00000261386,CTD-2012K14.6
ENSG00000038358,EDC4
ENSG00000167261,DPEP2
ENSG00000263201,CTC-479C5.6
ENSG00000103066,PLA2G15
ENSG00000260441,RP11-96D1.7
ENSG00000103056,SMPD3
ENSG00000275383,RP11-615I2.6
ENSG00000260111,RP11-529K1.4
ENSG00000157368,IL34
ENSG00000157423,HYDIN
ENSG00000180917,CMTR2
ENSG00000247324,RP11-510M2.2
ENSG00000198650,TAT
ENSG00000040199,PHLPP2
ENSG00000277481,PKD1L3
ENSG00000257017,HP
ENSG00000261673,RP11-328J14.1
ENSG00000260664,AC004158.3
ENSG00000140836,ZFHX3
ENSG00000271009,RP11-346C20.3
ENSG00000261170,RP11-252A24.5
ENSG00000273659,RP11-58C22.2
ENSG00000261063,RP11-538I12.2
ENSG00000178573,MAF
ENSG00000278058,RP11-70D24.2
ENSG00000168589,DYNLRB2
ENSG00000260737,LINC01227
ENSG00000260213,RP11-303E16.3
ENSG00000260495,RP11-55K13.1
ENSG00000261218,RP11-960L18.1
ENSG00000197943,PLCG2
ENSG00000086696,HSD17B2
ENSG00000261235,RP11-510J16.5
ENSG00000140961,OSGIN1
ENSG00000154099,DNAAF1
ENSG00000250685,RP11-486L19.2
ENSG00000103175,WFDC1
ENSG00000103187,COTL1
ENSG00000103196,CRISPLD2
ENSG00000135709,KIAA0513
ENSG00000153789,FAM92B
ENSG00000278214,RP11-442O1.4
ENSG00000275088,RP11-442O1.3
ENSG00000270159,RP11-568J23.6
ENSG00000268388,FENDRR
ENSG00000103241,FOXF1
ENSG00000270020,RP11-463O9.9
ENSG00000261363,RP11-134D3.2
ENSG00000140941,MAP1LC3B
ENSG00000124391,IL17C
ENSG00000051523,CYBA
ENSG00000259813,RP5-1142A6.5
ENSG00000224888,RP5-1142A6.2
ENSG00000129993,CBFA2T3
ENSG00000180422,LINC00304
ENSG00000129910,CDH15
ENSG00000268218,AC137932.4
ENSG00000261118,RP11-104N10.1
ENSG00000075399,VPS9D1
ENSG00000258947,TUBB3
ENSG00000261317,RP11-566K11.5
ENSG00000260507,RP11-356C4.3
ENSG00000241525,AC108004.3
ENSG00000183688,FAM101B
ENSG00000262777,RP11-818O24.3
ENSG00000167703,SLC43A2
ENSG00000185561,TLCD2
ENSG00000186594,MIR22HG
ENSG00000167711,SERPINF2
ENSG00000132386,SERPINF1
ENSG00000262445,CTD-2545H1.2
ENSG00000263050,RP11-667K14.3
ENSG00000274758,RP1-59D14.10
ENSG00000263345,RP1-59D14.5
ENSG00000272770,RP11-74E22.5
ENSG00000277200,RP11-74E22.8
ENSG00000180090,OR3A1
ENSG00000108381,ASPA
ENSG00000262304,RP11-235E17.2
ENSG00000213977,TAX1BP3
ENSG00000262692,CTD-3195I5.3
ENSG00000108405,P2RX1
ENSG00000167740,CYB5D2
ENSG00000263165,RP11-810M2.2
ENSG00000182557,SPNS3
ENSG00000183018,SPNS2
ENSG00000167741,GGT6
ENSG00000188176,SMTNL2
ENSG00000161905,ALOX15
ENSG00000141497,ZMYND15
ENSG00000142484,TM4SF5
ENSG00000262165,RP11-81A22.5
ENSG00000108556,CHRNE
ENSG00000234203,RP5-1050D4.2
ENSG00000227495,AC109333.10
ENSG00000132517,SLC52A1
ENSG00000161929,SCIMP
ENSG00000179314,WSCD1
ENSG00000129221,AIPL1
ENSG00000282936,CTC-281F24.5
ENSG00000177294,FBXO39
ENSG00000108839,ALOX12
ENSG00000132514,CLEC10A
ENSG00000161944,ASGR2
ENSG00000181885,CLDN7
ENSG00000072818,ACAP1
ENSG00000129226,CD68
ENSG00000129214,SHBG
ENSG00000141504,SAT2
ENSG00000129244,ATP1B2
ENSG00000183914,DNAH2
ENSG00000132510,KDM6B
ENSG00000167874,TMEM88
ENSG00000132518,GUCY2D
ENSG00000179593,ALOX15B
ENSG00000179111,HES7
ENSG00000220205,VAMP2
ENSG00000184650,ODF4
ENSG00000189051,RNF222
ENSG00000166596,CFAP52
ENSG00000007237,GAS7
ENSG00000007174,DNAH9
ENSG00000265494,RP11-131K5.2
ENSG00000109099,PMP22
ENSG00000125409,TEKT3
ENSG00000239704,CDRT4
ENSG00000251537,RP11-385D13.1
ENSG00000170315,UBB
ENSG00000181350,LRRC75A
ENSG00000170160,CCDC144A
ENSG00000260328,RP11-416I2.1
ENSG00000225442,MPRIP-AS1
ENSG00000108551,RASD1
ENSG00000237328,RAI1-AS1
ENSG00000197815,RP1-253P7.4
ENSG00000091536,MYO15A
ENSG00000171931,FBXW10
ENSG00000154025,SLC5A10
ENSG00000154016,GRAP
ENSG00000189152,GRAPL
ENSG00000262319,CTC-457L16.2
ENSG00000166482,MFAP4
ENSG00000072210,ALDH3A2
ENSG00000261033,RP11-209D14.2
ENSG00000263494,AC004702.2
ENSG00000034152,MAP2K3
ENSG00000265265,RP11-822E23.7
ENSG00000276399,FLJ36000
ENSG00000261020,RP11-744K17.1
ENSG00000109046,WSB1
ENSG00000168961,LGALS9
ENSG00000266527,RP11-138P22.1
ENSG00000232859,LYRM9
ENSG00000266830,CTD-2008P7.8
ENSG00000260777,CTD-2008P7.1
ENSG00000109072,VTN
ENSG00000109101,FOXN1
ENSG00000267729,AC010761.14
ENSG00000265073,AC010761.6
ENSG00000264066,RP11-20B24.2
ENSG00000179761,PIPOX
ENSG00000063015,SEZ6
ENSG00000167549,CORO6
ENSG00000263657,RP11-82O19.1
ENSG00000263477,RP11-338L22.2
ENSG00000264125,RP11-354P11.4
ENSG00000266120,RP11-354P11.2
ENSG00000108582,CPD
ENSG00000184060,ADAP2
ENSG00000265743,RP11-848P1.3
ENSG00000126861,OMG
ENSG00000185862,EVI2B
ENSG00000126860,EVI2A
ENSG00000228768,AC003101.1
ENSG00000274341,RP11-227G15.10
ENSG00000278668,RP11-227G15.11
ENSG00000266385,RP11-227G15.8
ENSG00000266718,RP11-466A19.1
ENSG00000264458,RP11-220C2.1
ENSG00000108691,CCL2
ENSG00000166750,SLFN5
ENSG00000154760,SLFN13
ENSG00000271447,MMP28
ENSG00000270379,HEATR9
ENSG00000270240,AC015849.2
ENSG00000271503,CCL5
ENSG00000275152,CCL16
ENSG00000277632,CCL3
ENSG00000275302,CCL4
ENSG00000274767,AC131056.3
ENSG00000276085,CCL3L3
ENSG00000276070,CCL4L2
ENSG00000274933,TBC1D3I
ENSG00000275613,CTD-3194G12.2
ENSG00000277268,RP11-445F12.1
ENSG00000273706,LHX1
ENSG00000276707,RP11-445F12.2
ENSG00000275066,SYNRG
ENSG00000277688,RP11-697E22.1
ENSG00000277363,SRCIN1
ENSG00000275665,CTB-58E17.9
ENSG00000279119,AC006449.2
ENSG00000277791,PSMB3
ENSG00000263466,RP1-56K13.2
ENSG00000263874,LINC00672
ENSG00000141748,ARL5C
ENSG00000141750,STAC2
ENSG00000108306,FBXL20
ENSG00000171532,NEUROD2
ENSG00000131771,PPP1R1B
ENSG00000141744,PNMT
ENSG00000161405,IKZF3
ENSG00000073605,GSDMB
ENSG00000264968,RP11-387H17.4
ENSG00000265666,RARA-AS1
ENSG00000131747,TOP2A
ENSG00000141753,IGFBP4
ENSG00000266088,RP5-1028K7.2
ENSG00000126353,CCR7
ENSG00000198083,KRTAP9-9
ENSG00000131738,KRT33B
ENSG00000171345,KRT19
ENSG00000186847,KRT14
ENSG00000128422,KRT17
ENSG00000173812,EIF1
ENSG00000184502,GAST
ENSG00000173805,HAP1
ENSG00000161594,KLHL10
ENSG00000108771,DHX58
ENSG00000267758,RP11-358B23.5
ENSG00000177469,PTRF
ENSG00000184451,CCR10
ENSG00000267042,CTD-3193K9.4
ENSG00000108828,VAT1
ENSG00000188554,NBR1
ENSG00000184988,TMEM106A
ENSG00000188825,LINC00910
ENSG00000167941,SOST
ENSG00000161649,CD300LG
ENSG00000267394,CTB-175E5.7
ENSG00000260793,RP5-882C2.2
ENSG00000004939,SLC4A1
ENSG00000267750,RUNDC3A-AS1
ENSG00000030582,GRN
ENSG00000131095,GFAP
ENSG00000186185,KIF18B
ENSG00000276728,AC142472.6
ENSG00000224505,AC002117.1
ENSG00000267288,RP13-890H12.2
ENSG00000267121,CTD-2020K17.1
ENSG00000184922,FMNL1
ENSG00000131484,RP11-798G7.5
ENSG00000264589,MAPT-AS1
ENSG00000198336,MYL4
ENSG00000253347,CTD-2026D20.2
ENSG00000189120,SP6
ENSG00000266821,RP11-6N17.2
ENSG00000141293,SKAP1
ENSG00000264451,RP11-433M22.2
ENSG00000173917,HOXB2
ENSG00000230148,HOXB-AS1
ENSG00000120093,HOXB3
ENSG00000233101,HOXB-AS3
ENSG00000182742,HOXB4
ENSG00000120075,HOXB5
ENSG00000108511,HOXB6
ENSG00000170689,HOXB9
ENSG00000242207,HOXB-AS4
ENSG00000244649,CTD-2377D24.6
ENSG00000170703,TTLL6
ENSG00000159224,GIP
ENSG00000167080,B4GALNT2
ENSG00000167083,GNGT2
ENSG00000173868,PHOSPHO1
ENSG00000248714,RP11-1079K10.3
ENSG00000064300,NGFR
ENSG00000182575,NXPH3
ENSG00000176358,TAC4
ENSG00000248954,RP11-304F15.4
ENSG00000108813,DLX4
ENSG00000005884,ITGA3
ENSG00000108823,SGCA
ENSG00000108821,COL1A1
ENSG00000249406,RP11-893F2.5
ENSG00000049283,EPN3
ENSG00000006283,CACNA1G
ENSG00000262967,RP11-294J22.6
ENSG00000173714,WFIKKN2
ENSG00000251665,RP11-700H6.2
ENSG00000239672,NME1
ENSG00000249383,RP11-1018N14.1
ENSG00000153930,ANKFN1
ENSG00000274213,RP11-670E13.6
ENSG00000121064,SCPEP1
ENSG00000263004,RP11-166P13.3
ENSG00000121053,EPX
ENSG00000278627,RP11-506H21.5
ENSG00000265148,BZRAP1-AS1
ENSG00000265206,RP5-1171I10.5
ENSG00000108375,RNF43
ENSG00000264672,SEPT4-AS1
ENSG00000224738,AC099850.1
ENSG00000175155,YPEL2
ENSG00000265313,LINC01476
ENSG00000062716,VMP1
ENSG00000267416,CTD-2319I12.2
ENSG00000167434,CA4
ENSG00000141371,C17orf64
ENSG00000267667,RP11-136H19.1
ENSG00000121068,TBX2
ENSG00000277463,CTD-3035K23.6
ENSG00000011028,MRC2
ENSG00000265971,RP11-269G24.6
ENSG00000159640,ACE
ENSG00000264813,CTD-2501B8.1
ENSG00000173826,KCNH6
ENSG00000136490,LIMD2
ENSG00000136487,GH2
ENSG00000259384,GH1
ENSG00000264954,PRR29-AS1
ENSG00000261371,PECAM1
ENSG00000271605,MILR1
ENSG00000265912,RP11-583F2.2
ENSG00000266598,RP11-583F2.5
ENSG00000263470,RP11-160O5.1
ENSG00000265664,RP11-74H8.1
ENSG00000171634,BPTF
ENSG00000182481,KPNA2
ENSG00000265055,AC145343.2
ENSG00000274561,RP11-147L13.12
ENSG00000278740,RP11-147L13.14
ENSG00000267731,RP11-147L13.8
ENSG00000274712,RP11-147L13.15
ENSG00000141337,ARSG
ENSG00000070540,WIPI1
ENSG00000108950,FAM20A
ENSG00000154258,ABCA9
ENSG00000154262,ABCA6
ENSG00000154265,ABCA5
ENSG00000108984,MAP2K6
ENSG00000227517,LINC01483
ENSG00000180616,SSTR2
ENSG00000171595,DNAI2
ENSG00000167851,CD300A
ENSG00000172794,RAB37
ENSG00000186074,CD300LF
ENSG00000167861,HID1
ENSG00000189159,HN1
ENSG00000265342,RP11-16C1.1
ENSG00000266714,MYO15B
ENSG00000204323,SMIM5
ENSG00000132471,WBP2
ENSG00000267065,CTD-2246P4.1
ENSG00000267535,LINC00868
ENSG00000267665,RP11-13K12.2
ENSG00000267506,RP11-13K12.1
ENSG00000187997,C17orf99
ENSG00000183077,AFMID
ENSG00000089685,BIRC5
ENSG00000267737,AC061992.2
ENSG00000184557,SOCS3
ENSG00000035862,TIMP2
ENSG00000108679,LGALS3BP
ENSG00000265096,C1QTNF1-AS1
ENSG00000167281,RBFOX3
ENSG00000267719,HP09025
ENSG00000262768,RP11-353N14.1
ENSG00000262580,RP11-334C17.5
ENSG00000173821,RNF213
ENSG00000226137,BAIAP2-AS1
ENSG00000262223,RP11-1055B8.3
ENSG00000184009,ACTG1
ENSG00000182612,TSPAN10
ENSG00000215644,GCGR
ENSG00000182676,PPP1R27
ENSG00000185624,P4HB
ENSG00000263859,RP11-498C9.16
ENSG00000187531,SIRT7
ENSG00000141526,SLC16A3
ENSG00000265692,RP13-516M14.4
ENSG00000173762,CD7
ENSG00000181408,UTS2R
ENSG00000262663,RP11-497H17.1
ENSG00000274370,AC144831.3
ENSG00000261888,AC144831.1
ENSG00000262952,AC139099.6
ENSG00000266456,RP11-806L2.2
ENSG00000264080,CTD-2015H3.1
ENSG00000272625,RP11-737O24.5
ENSG00000101605,MYOM1
ENSG00000101608,MYL12A
ENSG00000266835,GAPLINC
ENSG00000177337,DLGAP1-AS1
ENSG00000264707,L3MBTL4-AS1
ENSG00000101745,ANKRD12
ENSG00000260913,LINC01254
ENSG00000154856,APCDD1
ENSG00000273141,RP11-820I16.4
ENSG00000181626,ANKRD62
ENSG00000266969,RP11-773H22.4
ENSG00000265787,CYP4F35P
ENSG00000265656,RP11-13N13.6
ENSG00000264012,RP11-627G18.2
ENSG00000134489,HRH4
ENSG00000264695,RP11-178F10.2
ENSG00000134762,DSC3
ENSG00000134755,DSC2
ENSG00000265888,DSCAS
ENSG00000134765,DSC1
ENSG00000266729,DSG1-AS1
ENSG00000101695,RNF125
ENSG00000263393,RP11-53I6.4
ENSG00000274400,RP11-294N21.3
ENSG00000186812,ZNF397
ENSG00000186496,ZNF396
ENSG00000267627,RP11-905K4.1
ENSG00000260552,RP11-49I11.1
ENSG00000134775,FHOD3
ENSG00000101489,CELF4
ENSG00000267313,KC6
ENSG00000132872,SYT4
ENSG00000152217,SETBP1
ENSG00000197046,SIGLEC15
ENSG00000141622,RNF165
ENSG00000267724,RP11-49K24.8
ENSG00000267764,RP11-484L8.1
ENSG00000215472,RPL17-C18orf32
ENSG00000265496,MIR1539
ENSG00000101670,LIPG
ENSG00000267322,SNHG22
ENSG00000172361,CFAP53
ENSG00000267699,RP11-729L2.2
ENSG00000187323,DCC
ENSG00000196628,TCF4
ENSG00000267172,RP11-397A16.3
ENSG00000198796,ALPK2
ENSG00000267257,RP11-1151B14.4
ENSG00000141682,PMAIP1
ENSG00000141655,TNFRSF11A
ENSG00000267390,RP11-635N19.1
ENSG00000206073,SERPINB4
ENSG00000166401,SERPINB8
ENSG00000150656,CNDP1
ENSG00000264278,RP11-162A12.2
ENSG00000266844,RP11-862L9.3
ENSG00000197971,MBP
ENSG00000278075,RP11-248M19.1
ENSG00000267251,AC139100.3
ENSG00000101255,TRIB3
ENSG00000101276,SLC52A3
ENSG00000101282,RSPO4
ENSG00000215595,C20orf202
ENSG00000101298,SNPH
ENSG00000196209,SIRPB2
ENSG00000125900,SIRPD
ENSG00000101307,SIRPB1
ENSG00000088881,EBF4
ENSG00000088882,CPXM1
ENSG00000258713,C20orf141
ENSG00000125787,GNRH2
ENSG00000101200,AVP
ENSG00000277287,RP4-794I6.4
ENSG00000088854,C20orf194
ENSG00000205300,RP11-352D3.2
ENSG00000088826,SMOX
ENSG00000230176,LINC01433
ENSG00000238282,RP5-1164C1.2
ENSG00000278595,RP5-1068H6.6
ENSG00000101265,RASSF2
ENSG00000132646,PCNA
ENSG00000266908,RP5-1022P6.7
ENSG00000235820,RP5-1022P6.5
ENSG00000089199,CHGB
ENSG00000233048,RP5-1069C8.2
ENSG00000172296,SPTLC3
ENSG00000275728,RP4-777L9.3
ENSG00000185052,SLC24A3
ENSG00000268628,RP1-122P22.4
ENSG00000232712,KIZ-AS1
ENSG00000125816,NKX2-4
ENSG00000125810,CD93
ENSG00000233746,LINC00656
ENSG00000101435,CST9L
ENSG00000101439,CST3
ENSG00000170373,CST1
ENSG00000077984,CST7
ENSG00000180424,DEFB123
ENSG00000233354,LINC00028
ENSG00000278276,RP3-324O17.8
ENSG00000125968,ID1
ENSG00000131055,COX4I2
ENSG00000088325,TPX2
ENSG00000149599,DUSP15
ENSG00000101331,CCM2L
ENSG00000226239,RP1-310O13.7
ENSG00000101336,HCK
ENSG00000233293,RP11-410N8.3
ENSG00000204393,RP11-410N8.4
ENSG00000125999,BPIFB1
ENSG00000182584,ACTL10
ENSG00000101440,ASIP
ENSG00000078804,TP53INP2
ENSG00000078814,MYH7B
ENSG00000101000,PROCR
ENSG00000126005,MMP24-AS1
ENSG00000230155,RP3-477O4.14
ENSG00000234139,RP4-550H1.4
ENSG00000232406,RP11-234K24.3
ENSG00000101335,MYL9
ENSG00000101082,SLA2
ENSG00000101353,MROH8
ENSG00000204117,RP4-640H8.2
ENSG00000132821,VSTM2L
ENSG00000149633,KIAA1755
ENSG00000101425,BPI
ENSG00000101438,SLC32A1
ENSG00000229976,RP5-1031J8.1
ENSG00000204103,MAFB
ENSG00000229771,RP4-644L1.2
ENSG00000226648,PLCG1-AS1
ENSG00000277611,RP1-138B7.6
ENSG00000101049,SGK2
ENSG00000124196,GTSF1L
ENSG00000233277,RP5-1030M6.3
ENSG00000101074,R3HDML
ENSG00000101076,HNF4A
ENSG00000168734,PKIG
ENSG00000101109,STK4
ENSG00000168703,WFDC12
ENSG00000124107,SLPI
ENSG00000124145,SDC4
ENSG00000277022,RP3-453C12.15
ENSG00000101443,WFDC2
ENSG00000168612,ZSWIM1
ENSG00000064601,CTSA
ENSG00000100985,MMP9
ENSG00000273828,RP11-394O2.3
ENSG00000197496,SLC2A10
ENSG00000267882,RP4-569M23.5
ENSG00000196562,SULF2
ENSG00000124212,PTGIS
ENSG00000124216,SNAI1
ENSG00000234698,RP11-112L6.2
ENSG00000172216,CEBPB
ENSG00000224397,LINC01272
ENSG00000196396,PTPN1
ENSG00000234693,RP4-530I15.6
ENSG00000054793,ATP9A
ENSG00000227964,LINC01429
ENSG00000231703,RP4-669H2.1
ENSG00000235415,AC005808.3
ENSG00000224008,LINC01441
ENSG00000124098,FAM210B
ENSG00000087586,AURKA
ENSG00000124103,FAM209A
ENSG00000087510,TFAP2C
ENSG00000101144,BMP7
ENSG00000054796,SPO11
ENSG00000124253,PCK1
ENSG00000124225,PMEPA1
ENSG00000278709,NKILA
ENSG00000254995,STX16-NPEPL1
ENSG00000101160,CTSZ
ENSG00000101162,TUBB1
ENSG00000176659,C20orf197
ENSG00000228340,MIR646HG
ENSG00000225106,RP11-429E11.2
ENSG00000277496,RP11-93B14.9
ENSG00000276317,RP11-93B14.10
ENSG00000228705,LINC00659
ENSG00000229873,OGFR-AS1
ENSG00000092758,COL9A3
ENSG00000101197,BIRC7
ENSG00000101210,EEF1A2
ENSG00000130589,HELZ2
ENSG00000273154,RP4-583P15.15
ENSG00000280213,UCKL1-AS1
ENSG00000125510,OPRL1
ENSG00000149656,LINC00266-1
ENSG00000105549,THEG
ENSG00000129946,SHC2
ENSG00000181781,ODF3L2
ENSG00000172270,BSG
ENSG00000267666,AC004156.3
ENSG00000185198,PRSS57
ENSG00000267530,AC006273.5
ENSG00000172232,AZU1
ENSG00000196415,PRTN3
ENSG00000197561,ELANE
ENSG00000197766,CFD
ENSG00000064666,CNN2
ENSG00000099817,POLR2E
ENSG00000099625,C19orf26
ENSG00000267778,AC004221.2
ENSG00000167470,MIDN
ENSG00000267372,AC005330.2
ENSG00000280486,LLNLR-307A6.1
ENSG00000115255,REEP6
ENSG00000180846,CSNK1G2-AS1
ENSG00000099875,MKNK2
ENSG00000099840,IZUMO4
ENSG00000267122,AC004490.1
ENSG00000188305,C19orf35
ENSG00000099860,GADD45B
ENSG00000172000,ZNF556
ENSG00000104953,TLE6
ENSG00000065717,TLE2
ENSG00000267551,AC005264.2
ENSG00000267448,AC010649.1
ENSG00000095932,SMIM24
ENSG00000267205,AC005954.4
ENSG00000167654,ATCAY
ENSG00000060566,CREB3L3
ENSG00000105246,EBI3
ENSG00000267011,CTB-50L17.16
ENSG00000167680,SEMA6B
ENSG00000176840,MIR7-3HG
ENSG00000105426,PTPRS
ENSG00000174898,CATSPERD
ENSG00000267709,AC024592.9
ENSG00000267314,AC104532.2
ENSG00000205744,DENND1C
ENSG00000125657,TNFSF9
ENSG00000125726,CD70
ENSG00000125735,TNFSF14
ENSG00000125730,C3
ENSG00000174837,ADGRE1
ENSG00000171105,INSR
ENSG00000263264,CTB-133G6.1
ENSG00000267852,CTB-133G6.2
ENSG00000174788,PCP2
ENSG00000104918,RETN
ENSG00000183019,MCEMP1
ENSG00000104921,FCER2
ENSG00000182566,CLEC4G
ENSG00000090659,CD209
ENSG00000104938,CLEC4M
ENSG00000268120,CTD-3193O13.11
ENSG00000268149,CTD-3193O13.13
ENSG00000260500,CTD-3193O13.1
ENSG00000142449,FBN3
ENSG00000167772,ANGPTL4
ENSG00000099785,MARCH2
ENSG00000268931,RP11-886P16.6
ENSG00000133246,PRAM1
ENSG00000142347,MYO1F
ENSG00000181143,MUC16
ENSG00000266950,CTD-2623N2.5
ENSG00000105088,OLFM2
ENSG00000267534,S1PR2
ENSG00000090339,ICAM1
ENSG00000105371,ICAM4
ENSG00000214212,C19orf38
ENSG00000161888,SPC24
ENSG00000267082,CTC-510F12.2
ENSG00000130173,ANGPTL8
ENSG00000130167,TSPAN16
ENSG00000105514,RAB3D
ENSG00000183401,CCDC159
ENSG00000130176,CNN1
ENSG00000102575,ACP5
ENSG00000197054,ZNF763
ENSG00000223547,ZNF844
ENSG00000257591,ZNF625
ENSG00000234773,CTD-2666L21.1
ENSG00000171223,JUNB
ENSG00000167815,PRDX2
ENSG00000132026,RTBDN
ENSG00000105610,KLF1
ENSG00000179218,CALR
ENSG00000267458,CTC-425F1.4
ENSG00000267610,AC007787.2
ENSG00000104903,LYL1
ENSG00000160888,IER2
ENSG00000141837,CACNA1A
ENSG00000132003,ZSWIM4
ENSG00000267519,CTD-3252C9.4
ENSG00000132000,PODNL1
ENSG00000171136,RLN3
ENSG00000141858,SAMD1
ENSG00000267169,CTB-55O6.12
ENSG00000267723,CTD-2189E23.1
ENSG00000267147,CTC-548K16.1
ENSG00000123146,ADGRE5
ENSG00000132002,DNAJB1
ENSG00000131355,ADGRE3
ENSG00000127507,ADGRE2
ENSG00000273218,LLNLR-246C6.1
ENSG00000161031,PGLYRP2
ENSG00000186529,CYP4F3
ENSG00000186204,CYP4F12
ENSG00000267453,AC004791.2
ENSG00000167460,TPM4
ENSG00000269243,CTD-2231E14.8
ENSG00000196684,HSH2D
ENSG00000141977,CIB3
ENSG00000267033,CTD-2562J15.4
ENSG00000267275,CTD-2562J15.6
ENSG00000127528,KLF2
ENSG00000267703,CTD-2013N17.4
ENSG00000279529,CTD-3222D19.8
ENSG00000188039,NWD1
ENSG00000268289,CTD-2528A14.3
ENSG00000269480,CTD-3032J10.3
ENSG00000130303,BST2
ENSG00000282851,BISPR
ENSG00000269053,CTD-2521M24.8
ENSG00000269161,CTD-3131K8.3
ENSG00000268112,CTD-3149D2.4
ENSG00000248099,INSL3
ENSG00000269145,AC007192.6
ENSG00000216490,IFI30
ENSG00000130518,KIAA1683
ENSG00000130522,JUND
ENSG00000130513,GDF15
ENSG00000175489,LRRC25
ENSG00000269694,AC005197.2
ENSG00000269019,AC005932.1
ENSG00000213996,TM6SF2
ENSG00000064547,LPAR2
ENSG00000089639,GMIP
ENSG00000105750,ZNF85
ENSG00000196705,ZNF431
ENSG00000172687,ZNF738
ENSG00000268658,LINC00664
ENSG00000229676,ZNF492
ENSG00000269107,RP11-15H20.7
ENSG00000269289,CTB-92J24.3
ENSG00000267238,AC093074.1
ENSG00000267423,AC005616.2
ENSG00000266976,AC079466.1
ENSG00000198597,ZNF536
ENSG00000173809,TDRD12
ENSG00000166359,WDR88
ENSG00000245848,CEBPA
ENSG00000267580,CTD-2540B15.11
ENSG00000266985,CTD-2329C7.2
ENSG00000124302,CHST8
ENSG00000270876,ZNF30-AS1
ENSG00000269303,CTD-2527I21.7
ENSG00000271032,CTD-2527I21.14
ENSG00000105707,HPN
ENSG00000153902,LGI4
ENSG00000105697,HAMP
ENSG00000233214,AC002511.2
ENSG00000126262,FFAR2
ENSG00000189001,SBSN
ENSG00000226510,UPK1A-AS1
ENSG00000267120,AD000671.6
ENSG00000126264,HCST
ENSG00000011600,TYROBP
ENSG00000232677,LINC00665
ENSG00000181007,ZFP82
ENSG00000171827,ZNF570
ENSG00000180458,CTD-3064H18.4
ENSG00000167641,PPP1R14A
ENSG00000167644,C19orf33
ENSG00000099337,KCNK6
ENSG00000099338,CATSPERG
ENSG00000179168,GGN
ENSG00000188766,SPRED3
ENSG00000171777,RASGRP4
ENSG00000267291,CTB-186G2.1
ENSG00000268756,AC104534.2
ENSG00000269172,CTC-218B8.3
ENSG00000179751,SYCN
ENSG00000182393,IFNL1
ENSG00000130755,GMFG
ENSG00000128016,ZFP36
ENSG00000269792,CTB-60E11.9
ENSG00000105205,CLC
ENSG00000275395,FCGBP
ENSG00000128000,ZNF780B
ENSG00000174521,TTC9B
ENSG00000105219,CNTD2
ENSG00000105223,PLD3
ENSG00000160396,HIPK4
ENSG00000105227,PRX
ENSG00000197019,SERTAD1
ENSG00000268366,CTC-492K19.4
ENSG00000090013,BLVRB
ENSG00000261857,MIA
ENSG00000167578,RAB4B
ENSG00000282951,CTC-490E21.14
ENSG00000268797,CTC-490E21.12
ENSG00000269843,CTC-490E21.10
ENSG00000167601,AXL
ENSG00000105329,TGFB1
ENSG00000177191,B3GNT8
ENSG00000267107,PCAT19
ENSG00000270164,LINC01480
ENSG00000268027,AC006129.2
ENSG00000105404,RABAC1
ENSG00000105409,ATP1A3
ENSG00000105737,GRIK5
ENSG00000079385,CEACAM1
ENSG00000231924,PSG1
ENSG00000243130,PSG11
ENSG00000183668,PSG9
ENSG00000124466,LYPD3
ENSG00000226763,SRRM5
ENSG00000011422,PLAUR
ENSG00000124449,IRGC
ENSG00000273777,CEACAM20
ENSG00000216588,IGSF23
ENSG00000069399,BCL3
ENSG00000130203,APOE
ENSG00000130208,APOC1
ENSG00000224916,APOC4-APOC2
ENSG00000267467,APOC4
ENSG00000104856,RELB
ENSG00000267348,CTB-179K24.3
ENSG00000007255,TRAPPC6A
ENSG00000266958,AC006126.3
ENSG00000104879,CKM
ENSG00000125740,FOSB
ENSG00000125744,RTN2
ENSG00000010310,GIPR
ENSG00000170608,FOXA3
ENSG00000204869,IGFL4
ENSG00000267922,AC007193.6
ENSG00000204866,IGFL2
ENSG00000269729,AC006262.4
ENSG00000268621,AC006262.5
ENSG00000124440,HIF3A
ENSG00000268810,AC007193.9
ENSG00000269151,AC007193.8
ENSG00000204851,PNMAL2
ENSG00000160013,PTGIR
ENSG00000167414,GNG8
ENSG00000197380,DACT3
ENSG00000105419,MEIS3
ENSG00000118160,SLC8A2
ENSG00000118156,ZNF541
ENSG00000105398,SULT2A1
ENSG00000268001,CARD8-AS1
ENSG00000142227,EMP3
ENSG00000105523,FAM83E
ENSG00000063180,CA11
ENSG00000142233,NTN5
ENSG00000176920,FUT2
ENSG00000174951,FUT1
ENSG00000087076,HSD17B14
ENSG00000105559,PLEKHA4
ENSG00000087074,PPP1R15A
ENSG00000267898,CTD-2639E6.9
ENSG00000087086,FTL
ENSG00000130528,HRC
ENSG00000130529,TRPM4
ENSG00000063127,SLC6A16
ENSG00000104894,CD37
ENSG00000142538,PTH2
ENSG00000090554,FLT3LG
ENSG00000104870,FCGRT
ENSG00000010361,FUZ
ENSG00000269194,AC006942.4
ENSG00000169136,ATF5
ENSG00000105357,MYH14
ENSG00000131398,KCNC3
ENSG00000131400,NAPSA
ENSG00000086967,MYBPC2
ENSG00000268518,CTD-2545M3.8
ENSG00000268375,CTD-2568A17.8
ENSG00000167749,KLK4
ENSG00000167757,KLK11
ENSG00000168995,SIGLEC7
ENSG00000142549,IGLON5
ENSG00000267905,CTD-2616J11.16
ENSG00000267984,CTD-2616J11.9
ENSG00000105374,NKG7
ENSG00000142512,SIGLEC10
ENSG00000254760,CTD-2616J11.3
ENSG00000213822,CEACAM18
ENSG00000105492,SIGLEC6
ENSG00000105501,SIGLEC5
ENSG00000254415,SIGLEC14
ENSG00000105509,HAS1
ENSG00000171051,FPR1
ENSG00000268015,CTD-2525I3.3
ENSG00000269535,CTD-2525I3.6
ENSG00000167554,ZNF610
ENSG00000258405,ZNF578
ENSG00000167766,ZNF83
ENSG00000197928,ZNF677
ENSG00000163098,BIRC8
ENSG00000142405,NLRP12
ENSG00000179820,MYADM
ENSG00000126583,PRKCG
ENSG00000142408,CACNG8
ENSG00000248385,TARM1
ENSG00000167608,TMC4
ENSG00000125505,MBOAT7
ENSG00000223660,AC012314.20
ENSG00000131042,LILRB2
ENSG00000167617,CDC42EP5
ENSG00000239998,LILRA2
ENSG00000104974,LILRA1
ENSG00000104972,LILRB1
ENSG00000268734,CTB-61M7.2
ENSG00000088053,GP6
ENSG00000105048,TNNT1
ENSG00000129991,TNNI3
ENSG00000080031,PTPRH
ENSG00000180061,TMEM150B
ENSG00000095752,IL11
ENSG00000108106,UBE2S
ENSG00000267117,AC010525.4
ENSG00000268307,CTD-2619J13.13
ENSG00000269600,AC016629.3
ENSG00000099715,PCDH11Y
ENSG00000254488,RP11-65G9.1
ENSG00000225255,LINC01297
ENSG00000237689,AC007064.24
ENSG00000177663,IL17RA
ENSG00000185837,CECR5-AS1
ENSG00000093072,CECR1
ENSG00000070010,UFD1L
ENSG00000093009,CDC45
ENSG00000281548,LINC00895
ENSG00000093010,COMT
ENSG00000183597,TANGO2
ENSG00000268292,AC006547.15
ENSG00000099901,RANBP1
ENSG00000235578,XXbac-B33L19.4
ENSG00000099937,SERPIND1
ENSG00000099957,P2RX6
ENSG00000187905,LRRC74B
ENSG00000206140,TMEM191C
ENSG00000183246,RIMBP3C
ENSG00000128228,SDF2L1
ENSG00000100027,YPEL1
ENSG00000100030,MAPK1
ENSG00000222037,IGLC6
ENSG00000280623,PCAT14
ENSG00000159496,RGL4
ENSG00000169314,C22orf15
ENSG00000279467,KB-1125A3.12
ENSG00000133433,GSTT2B
ENSG00000272787,KB-226F1.2
ENSG00000099998,GGT5
ENSG00000178803,ADORA2A-AS1
ENSG00000100024,UPB1
ENSG00000184571,PIWIL3
ENSG00000167037,SGSM1
ENSG00000279085,CTA-243E7.4
ENSG00000203280,CTA-221G9.12
ENSG00000272798,CTA-390C10.9
ENSG00000100077,ADRBK2
ENSG00000237387,CTA-407F11.7
ENSG00000206028,CTA-373H7.7
ENSG00000235271,LINC01422
ENSG00000279440,CTA-992D9.11
ENSG00000232396,RP1-76B20.11
ENSG00000232530,RP1-102K2.6
ENSG00000268812,RP1-102K2.8
ENSG00000099985,OSM
ENSG00000239282,GATSL3
ENSG00000187860,CCDC157
ENSG00000185339,TCN2
ENSG00000167065,DUSP18
ENSG00000198832,SELM
ENSG00000100100,PIK3IP1
ENSG00000228839,PIK3IP1-AS1
ENSG00000240591,RP11-247I13.11
ENSG00000205853,RFPL3S
ENSG00000184459,BPIFC
ENSG00000185666,SYN3
ENSG00000236054,LL22NC03-104C7.1
ENSG00000175329,ISX
ENSG00000273176,RP3-510H16.3
ENSG00000100292,HMOX1
ENSG00000100302,RASD2
ENSG00000198125,MB
ENSG00000221963,APOL6
ENSG00000279927,CTA-212A2.4
ENSG00000128284,APOL3
ENSG00000100336,APOL4
ENSG00000100342,APOL1
ENSG00000100345,MYH9
ENSG00000223695,RP4-633O19__A.1
ENSG00000100362,PVALB
ENSG00000100365,NCF4
ENSG00000187045,TMPRSS6
ENSG00000278195,SSTR3
ENSG00000128340,RAC2
ENSG00000100055,CYTH4
ENSG00000100079,LGALS2
ENSG00000100097,LGALS1
ENSG00000189060,H1F0
ENSG00000273214,RP5-1039K5.18
ENSG00000272720,CTA-228A9.3
ENSG00000279080,CTA-228A9.4
ENSG00000225450,RP3-508I15.14
ENSG00000128383,APOBEC3A
ENSG00000244509,APOBEC3C
ENSG00000243811,APOBEC3D
ENSG00000100298,APOBEC3H
ENSG00000279833,RP4-742C19.13
ENSG00000224794,RP3-333H23.8
ENSG00000100316,RPL3
ENSG00000128272,ATF4
ENSG00000100351,GRAP2
ENSG00000133477,FAM83F
ENSG00000100354,TNRC6B
ENSG00000272834,RP5-1042K10.13
ENSG00000167077,MEI1
ENSG00000184068,RP5-821D11.7
ENSG00000234965,SHISA8
ENSG00000235568,NFAM1
ENSG00000138964,PARVG
ENSG00000280011,RP4-671O14.7
ENSG00000056487,PHF21B
ENSG00000100364,KIAA0930
ENSG00000273287,CTA-268H5.14
ENSG00000100373,UPK3A
ENSG00000100376,FAM118A
ENSG00000077942,FBLN1
ENSG00000188064,WNT7B
ENSG00000186951,PPARA
ENSG00000075218,GTSE1
ENSG00000234869,RP3-439F8.1
ENSG00000205634,LINC00898
ENSG00000260613,RP3-522J7.6
ENSG00000279494,RP11-494O16.4
ENSG00000278869,CITF22-49E9.3
ENSG00000100427,MLC1
ENSG00000273188,RP3-402G11.25
ENSG00000177989,ODF3B
ENSG00000272666,CTA-384D8.35
ENSG00000273272,CTA-384D8.34
ENSG00000130487,KLHDC7B
ENSG00000217442,SYCE3
ENSG00000100299,ARSA
ENSG00000279669,RP11-717F1.1
ENSG00000280191,CH507-42P11.5
ENSG00000278996,CH507-513H4.1
ENSG00000280441,CH507-528H12.1
ENSG00000279851,CH507-216K13.2
ENSG00000155307,SAMSN1
ENSG00000232884,AF127936.3
ENSG00000226751,AF127936.5
ENSG00000281903,AF127936.7
ENSG00000235277,AF127577.8
ENSG00000215386,MIR99AHG
ENSG00000230233,AF240627.2
ENSG00000233236,AP001171.1
ENSG00000142192,APP
ENSG00000236532,AL035610.2
ENSG00000156265,MAP3K7CL
ENSG00000224649,AF124730.4
ENSG00000171189,GRIK1
ENSG00000174680,GRIK1-AS1
ENSG00000156299,TIAM1
ENSG00000170262,MRAP
ENSG00000238197,PAXBP1-AS1
ENSG00000205930,C21orf62-AS1
ENSG00000223799,IL10RB-AS1
ENSG00000243646,IL10RB
ENSG00000272659,AP000295.10
ENSG00000231355,AP000302.58
ENSG00000177692,DNAJC28
ENSG00000159140,SON
ENSG00000237945,LINC00649
ENSG00000159216,RUNX1
ENSG00000231106,LINC01436
ENSG00000233393,AP000688.29
ENSG00000159231,CBR3
ENSG00000142197,DOPEY2
ENSG00000230479,AP000695.6
ENSG00000233818,AP000695.4
ENSG00000159261,CLDN14
ENSG00000157542,KCNJ6
ENSG00000198054,DSCR8
ENSG00000157551,KCNJ15
ENSG00000157557,ETS2
ENSG00000205622,AF064858.6
ENSG00000171587,DSCAM
ENSG00000184012,TMPRSS2
ENSG00000236384,LINC00479
ENSG00000160179,ABCG1
ENSG00000160180,TFF3
ENSG00000160182,TFF1
ENSG00000160185,UBASH3A
ENSG00000225431,AP001626.1
ENSG00000235023,AP001626.2
ENSG00000283051,KB-51A8.1
ENSG00000237989,AP001046.5
ENSG00000225637,AP001046.6
ENSG00000188660,LINC00319
ENSG00000160213,CSTB
ENSG00000215458,AATBC
ENSG00000225331,AP001055.6
ENSG00000160223,ICOSLG
ENSG00000275799,AP001059.7
ENSG00000142182,DNMT3L
ENSG00000232010,AP001059.5
ENSG00000142185,TRPM2
ENSG00000205445,KRTAP10-2
ENSG00000160255,ITGB2
ENSG00000227039,ITGB2-AS1
ENSG00000182586,LINC00334
ENSG00000184274,LINC00315
ENSG00000182871,COL18A1
ENSG00000224574,COL18A1-AS2
ENSG00000183535,COL18A1-AS1
ENSG00000183570,PCBP3
ENSG00000274248,AJ011932.1
ENSG00000142156,COL6A1
ENSG00000237338,FTCD-AS1
ENSG00000160298,C21orf58
ENSG00000160307,S100B
ENSG00000198888,MT-ND1
ENSG00000198763,MT-ND2
ENSG00000198804,MT-CO1
ENSG00000198712,MT-CO2
ENSG00000198899,MT-ATP6
ENSG00000198938,MT-CO3
ENSG00000198840,MT-ND3
ENSG00000212907,MT-ND4L
ENSG00000198886,MT-ND4
ENSG00000198786,MT-ND5
ENSG00000198695,MT-ND6
ENSG00000198727,MT-CYB
ENSG00000273554,AC136616.1
ENSG00000278633,AC023491.2
