index,locus,growth
1,b0002,0.4279905842071474
2,b0003,0.4518752824220515
3,b0004,0.5737234652897304
4,b0005,0.35161744022503516
5,b0006,0.0468406014333224
6,b0007,0.28616397195593074
7,b0008,0.3126465530717524
8,b0009,0.43802014892685054
9,b0010,0.5743825387708213
10,b0011,0.5284015852047556
11,b0012,0.43029259896729777
12,b0013,0.44772778150884257
13,b0014,0.49788399302962416
14,b0015,0.6035003017501509
17,b4412,0.45506257110352677
19,b0019,0.2518257365902795
20,b0020,0.6512536633018561
23,b0023,0.5485463521667581
24,b0024,0.36616623947272064
25,b0025,0.25163563160543534
26,b0026,0.437636761487965
27,b0027,0.2586652871184687
28,b0028,0.5227391531625719
29,b0029,0.5714285714285714
30,b0030,0.5732301519059902
31,b0031,0.4755111745126011
32,b0032,0.4659832246039143
33,b0033,0.44994375703037115
34,b0034,0.4465282429113641
35,b0035,0.5640157924421884
36,b0036,0.42194092827004215
37,b0037,0.38842493688094776
38,b0038,0.4697040864255519
39,b0039,0.6205398696866274
40,b0040,0.36350418029807346
41,b0041,0.41657987919183503
42,b0042,0.4439511653718091
43,b0043,0.4859086491739553
44,b0044,0.5281225244256668
45,b0045,0.37002775208140615
46,b0046,0.4276245456489203
47,b0047,0.39385584875935414
48,b0048,0.42069835927639887
49,b0049,0.40992006558721056
50,b0050,0.5616399887672002
51,b0051,0.5402485143165856
52,b0052,0.44414834554741284
53,b0053,0.35580857498665713
54,b0054,0.04466678577809541
55,b0055,0.42372881355932196
56,b0056,0.6702412868632708
57,b0057,0.4812319538017324
58,b0058,0.6607201850016517
59,b0059,0.39207998431680063
60,b0060,0.36536353671903543
61,b0061,0.47585058291696414
62,b0062,0.6581112207963147
63,b0063,0.5053057099545225
64,b0064,0.14552863275849523
65,b0065,0.13354700854700854
66,b0066,0.5606952621250351
67,b0067,0.2101281781886951
68,b0068,0.42544139544777704
70,b0069,0.4045307443365696
73,b0070,0.5059448520111307
74,b0071,0.46674445740956827
75,b0072,0.4349717268377555
76,b0073,0.4981320049813201
77,b0074,0.6495615459564793
78,b0075,0.5026388539834129
79,b0076,0.3968253968253968
81,b0077,0.4610419548178884
82,b0078,0.4934616333580064
83,b0080,0.4289084280506112
84,b0081,0.3771450122572129
85,b0082,0.46663555762949144
86,b0083,0.3866976024748646
87,b0084,0.1972386587771203
89,b0085,0.630119722747322
90,b0086,0.4679457182966776
91,b0087,0.24533856722276745
92,b0088,0.4526935264825714
93,b0089,0.19916351324437365
94,b0090,0.5243838489774515
95,b0091,0.4586104104563174
96,b0092,0.47080979284369123
97,b0093,0.06617257808364214
98,b0094,0.4977600796416128
99,b0095,0.36140224069389226
100,b0096,0.07503564192991671
101,b0097,0.17702248185519562
102,b0098,0.28534741047224993
103,b0099,0.5667327854916407
104,b0101,0.42078687144961074
105,b0102,0.25480952987641736
106,b0103,0.5032712632108707
108,b0104,0.468384074941452
109,b0106,0.4094165813715456
110,b0107,0.5020080321285141
111,b0108,0.5126890540886953
112,b0109,0.4191993292810732
113,b0110,0.4681647940074906
114,b0111,0.6361323155216285
115,b0112,0.13016596160104132
116,b0113,0.4158868787689749
117,b0114,0.6101281269066504
118,b0115,0.5271481286241434
119,b0116,0.5151983513652757
120,b0117,0.499001996007984
121,b0118,0.43715846994535523
122,b0119,0.5033979360684622
123,b0120,0.3658982802780827
124,b0121,0.4733727810650888
125,b0122,0.4083299305839118
126,b0123,0.5
127,b0124,0.42835724994645535
128,b0125,0.2667377967457989
129,b0126,0.3716781267422412
130,b0127,0.45433893684688775
131,b0128,0.33178500331785
132,b0129,0.4709206498704968
133,b0130,0.4008016032064128
134,b0131,0.561955605507165
136,b0133,0.4437541601952519
137,b0134,0.43122035360068994
138,b0135,0.23046784973496195
139,b0136,0.0904649900488511
140,b0137,0.42562247286656735
141,b0138,0.38872691933916426
142,b0139,0.48157958102576454
143,b0140,0.37814331631688414
144,b0141,0.4341219882787064
145,b0142,0.531632110579479
146,b0143,0.5592841163310962
148,b0145,0.6521030322791
149,b0146,0.4093327875562833
150,b0147,0.4158868787689749
151,b0148,0.4850836769342711
152,b0149,0.2656042496679947
153,b0150,0.09404241312832087
154,b0151,0.49751243781094534
155,b0152,0.6002400960384154
156,b0153,0.42616663115278075
157,b0154,0.46739892498247254
159,b0155,0.3965107057890563
161,b0156,0.5063291139240506
162,b0157,0.26727248429774153
163,b0158,0.5979073243647235
164,b0159,0.6961364427427775
165,b0160,0.18513375914097935
166,b0161,0.4404316229905307
167,b0162,0.5035246727089627
168,b0163,0.45829514207149397
169,b0164,0.5603810591202018
170,b0166,0.46926325668700136
171,b0167,0.5387931034482759
172,b0168,0.6335128286347799
174,b0169,0.29739776951672864
175,b0170,0.4777830864787387
176,b0171,0.49407114624505927
177,b0172,0.47927150730889045
178,b0173,0.49103854652590223
180,b0174,0.18533963488091929
180,b0174,0.4859086491739553
181,b0175,0.3615328994938539
182,b0176,0.11613727425817316
183,b0177,0.4777830864787387
184,b0178,0.634719136781974
185,b0179,0.5336179295624333
186,b0180,0.2883090673201672
187,b0181,0.5247966413014957
188,b0182,0.648508430609598
189,b0183,0.6633499170812603
190,b0184,0.3816065636328945
191,b0185,0.5366246310705661
192,b0186,0.562271577171774
193,b0187,0.5099439061703213
194,b0188,0.354295837023915
195,b0189,0.5212405525149857
196,b4406,0.5296610169491526
197,b0190,1.0070493454179255
198,b0191,0.46307015512850197
199,b0192,0.5112474437627812
200,b0193,0.5112474437627812
201,b0194,0.4646840148698885
202,b0195,0.5737234652897304
203,b0196,0.43365134431916735
204,b0197,0.7656967840735068
205,b0198,0.1383891502906172
206,b0199,0.4135649296939619
207,b0200,0.3714710252600297
214,b0207,0.3268507926131721
215,b0208,0.33484011384563866
216,b0209,0.5227391531625719
217,b0210,0.2179788996425146
218,b0211,0.29801817910892564
219,b0212,0.2458210422812193
221,b0213,0.40774719673802245
222,b0214,0.4168403501458941
223,b0215,0.47675804529201427
225,b0217,0.4668534080298786
227,b0218,0.40642145905303806
228,b4503,0.42589437819420783
229,b0219,0.4586104104563173
230,b0220,0.4131377814501136
231,b0221,0.1758860258552458
232,b0222,0.41788549937317176
233,b0223,0.45248868778280543
234,b0224,0.3860258637328701
235,b0225,0.3432887058015791
236,b0226,0.4586104104563174
237,b0227,0.6103143118706134
238,b0228,0.4421843908910016
239,b0229,0.1551229349259288
240,b0230,0.49103854652590223
241,b0231,0.31451486082717406
242,b0232,0.2966918854769322
243,b0233,0.226808800181447
244,b0234,0.0626330953275711
245,b0235,0.38752179810114323
246,b0236,0.36954915003695493
247,b0237,0.38138825324180015
248,b0238,0.32970656116056707
249,b0239,0.2995805871779509
250,b0240,0.2687088539567379
253,b0241,0.4443457009553433
254,b0242,0.37467216185837393
255,b0243,0.31746031746031744
258,b0245,0.3588087549336204
259,b0246,0.44238000442380004
260,b4504,0.3615982643283312
261,b0247,0.315357931251971
262,b0248,0.34417484081913613
263,b0249,0.4384042086804033
264,b0250,0.281135788585887
265,b0251,0.29398794649419374
268,b0252,0.42194092827004215
269,b0253,0.3750937734433608
270,b0254,0.4231908590774439
274,b0258,0.5865102639296187
276,b0260,0.21901007446342532
277,b0261,0.38402457757296465
278,b0262,0.4077471967380224
279,b0263,0.35765379113018597
283,b4505,0.29612081729345574
284,b0266,0.25786487880350695
285,b0267,0.3572066440435792
286,b0268,0.3413551800648575
287,b0269,0.5455537370430987
288,b0270,0.18857250612860646
289,b0271,0.3954913980620921
290,b0272,0.3803727653100038
291,b0273,0.35816618911174786
296,b0276,0.35454706612302783
297,b0277,0.4563084645220169
298,b0278,0.4036326942482341
299,b0279,0.6199628022318661
301,b0280,0.5234231876472129
302,b0281,0.49079754601226994
303,b0282,0.415973377703827
304,b0283,0.4437541601952519
305,b0284,0.47326076668244205
306,b0285,0.4640371229698375
307,b0286,0.406421459053038
308,b0287,0.505561172901921
309,b0288,0.46696240952603313
310,b0289,0.25179403248143023
311,b0290,0.36094567767550984
312,b0291,0.4844961240310077
313,b0292,0.22779043280182235
314,b0293,0.32631750693424705
315,b0294,0.5166623611469905
316,b0295,0.32097576632964214
318,b0296,0.3711263685284839
321,b0297,0.2823662289990117
324,b0300,0.4374453193350832
326,b0301,0.45095828635851176
327,b0303,0.3641660597232338
328,b0304,0.6722689075630252
329,b0305,0.16294606485253382
330,b0306,0.6351222610352493
331,b0307,0.5717552887364208
332,b0308,0.4816955684007707
333,b0310,0.5846243788365975
334,b0311,0.4839099927413501
335,b0312,0.3692080487354624
336,b0313,0.2873150409423933
337,b0314,0.18417902200939312
339,b0315,0.26068821689259647
340,b0316,0.44493882091212456
341,b0317,0.5474952094169176
342,b0318,0.5254860746190226
343,b0319,0.44238000442380004
344,b0320,0.47258979206049145
345,b0321,0.5411255411255411
347,b0323,0.3663674665689687
348,b0324,0.22434099831744253
349,b0325,0.549299642955232
350,b0326,0.3716090672612412
351,b0327,0.2475860361475613
352,b0328,0.24567006510256725
353,b0329,0.6851661527920521
354,b0330,0.6851661527920521
356,b0333,0.4644681839294008
357,b0334,0.30450669914738127
358,b0335,0.5330490405117271
359,b0336,0.4985044865403788
360,b0337,0.5856515373352855
362,b0339,0.47314880529926656
363,b0340,0.5730659025787965
364,b0341,0.33288948069241014
365,b0342,0.35211267605633806
367,b0344,0.46511627906976744
368,b0345,0.4009623095429029
369,b0346,0.4782400765184122
370,b0347,0.550357732526142
371,b0348,0.425531914893617
372,b0349,0.5069708491761723
373,b0350,0.37714501225721286
374,b0351,0.4977600796416128
375,b0352,0.44782803403493054
376,b0353,0.42265426880811496
377,b0354,0.46072333563695
378,b0355,0.4926108374384236
379,b0356,0.5392289026691831
380,b0357,0.4839099927413501
381,b0358,0.27514100976750583
382,b4579,0.4169272461955389
382,b4579,0.45578851412944393
385,b0363,0.23137436372049977
387,b0364,0.48473097430925843
389,b0366,0.5040322580645161
390,b0367,0.3522367030644593
391,b0368,0.48100048100048104
392,b0369,0.3667705849990831
393,b4580,0.16142050040355124
397,b0375,0.5390835579514824
398,b0376,0.25660764690787785
399,b0377,0.3975352812562115
400,b0378,0.6341154090044389
401,b0379,0.44355732978487467
402,b0380,0.4347826086956522
403,b0381,0.43205875999135884
404,b0382,0.5353319057815846
405,b0383,0.47915668423574503
406,b0384,0.3381805884342239
407,b0385,0.5807200929152149
408,b0386,0.47158688988446124
409,b0387,0.5420054200542005
410,b0388,0.25650891368475054
411,b0389,0.48181161165984104
412,b0390,0.5897965202005309
413,b0391,0.5561735261401557
414,b0392,0.45034902049088044
416,b0393,0.5910165484633569
417,b0394,0.5458515283842795
418,b0396,0.436109899694723
419,b0397,0.38782237735117314
420,b0398,0.6279434850863422
421,b0399,0.5012531328320802
422,b0400,0.5775339301183945
423,b0401,0.5512679162072767
424,b0402,0.25510204081632654
425,b0403,0.6337135614702155
426,b0404,0.5411255411255411
427,b0405,0.3869969040247679
428,b0406,0.5414185165132648
429,b0407,0.4566210045662101
430,b0408,0.2813335208890139
431,b0409,0.515331100231899
432,b0410,0.5366246310705661
433,b0411,0.29590176061547563
434,b0412,0.36516341062625524
435,b0413,0.39658933174697597
436,b0414,0.6518904823989571
436,b0414,0.6182380216383307
438,b0416,0.46360686138154844
439,b0417,0.4997501249375311
440,b0418,0.33687047330301495
441,b0419,0.5103342689461597
442,b0420,0.48768593026091195
443,b0421,0.27921262041044254
444,b0422,0.39054872095293885
445,b0423,0.4563084645220169
446,b0424,0.44257579110422657
447,b0425,0.5003752814610959
448,b0426,0.4689331770222743
449,b0427,0.324254215304799
450,b0428,0.22977941176470587
451,b0429,0.14522218995062447
452,b0430,0.2043527127822622
453,b0431,0.24965672200724007
454,b0432,0.5271481286241434
455,b0433,0.14926487051272483
456,b0434,0.44150110375275947
457,b0435,0.3124511795032026
458,b0436,0.29455081001472755
459,b0437,0.39888312724371766
460,b0438,0.5595970900951315
461,b0439,0.5099439061703213
462,b0440,0.5333333333333333
464,b0442,0.4640371229698375
465,b0443,0.2681684097613301
466,b0444,0.30088761847449974
468,b0446,0.5555555555555556
469,b0447,0.47192071731949037
470,b0448,0.214799699280421
471,b0449,0.3078343851008158
472,b0450,0.495785820525533
473,b0451,0.33585222502099077
474,b0452,0.4689331770222743
475,b0453,0.34299434059338024
476,b0454,0.4329941545789132
478,b0456,0.36616623947272064
479,b0457,0.14882059677059306
480,b0458,0.4344992396263307
481,b0459,0.4072490327835472
482,b0460,0.5186721991701245
483,b0461,0.34518467380048323
484,b0462,0.3079765937788728
485,b0463,0.3221649484536082
486,b0464,0.5122950819672131
488,b0466,0.6540222367560498
489,b0467,0.757862826828344
490,b0468,0.4597701149425288
491,b0469,0.2667377967457989
492,b0470,0.4534119247336205
493,b0471,0.5212405525149857
494,b0472,0.3824091778202677
495,b0473,0.4351610095735422
496,b0474,0.584966364434045
497,b0475,0.45987583352494826
498,b0476,0.49751243781094523
499,b0477,0.09268699601445916
500,b0478,0.13808340237503453
501,b0479,0.34542314335060453
502,b0480,0.5141388174807199
503,b0481,0.41459369817578773
505,b0482,0.30726686126901215
506,b0483,0.4859086491739553
507,b0484,0.5189413596263622
508,b0485,0.22353861629596514
509,b0486,0.4440497335701599
510,b0487,0.4184975936388366
511,b0488,0.19516003122560502
512,b0489,0.2767783005812344
513,b0490,0.5267316302343956
515,b0492,0.4279905842071474
516,b0493,0.4191993292810732
517,b0494,0.35868005738880915
518,b0495,0.4286326618088298
519,b0496,0.25090954710826746
520,b0497,0.40298206729800523
521,b0498,0.41536863966770515
522,b0499,0.5891016200294551
523,b0501,0.23145469274389538
526,b0503,0.08926977325477593
527,b0504,0.3770739064856712
528,b0505,0.5189413596263622
529,b0506,0.33222591362126247
531,b0507,0.3923876790268786
532,b0508,0.43687199650502406
533,b0509,0.4269854824935952
534,b0511,0.27628125431689454
535,b0512,0.3441156228492773
536,b0513,0.1854255516410161
537,b0514,0.34476814342354767
538,b0515,0.4028197381671702
539,b0516,0.35790980672870437
540,b0517,0.5074854097944684
541,b0518,0.3641660597232338
542,b4572,0.400962309542903
543,b0520,0.41211621677313004
544,b0521,0.5086469989827059
545,b0522,0.3808073115003808
546,b0523,0.5074854097944684
547,b0524,0.38395085429065084
548,b0525,0.4117768169652049
549,b0526,0.3348401138456387
550,b0527,0.27303754266211605
551,b0528,0.3472825143254037
552,b0529,0.5742176284811944
553,b0530,0.18135654697134568
554,b0531,0.28604118993135014
555,b0532,0.09200055200331203
556,b0533,0.45882083046570316
557,b0534,0.332944897619444
558,b0535,0.5437737901033171
560,b0537,0.379794910748196
562,b0539,0.6688963210702341
563,b4508,0.562429696287964
564,b0542,0.5707762557077626
567,b0543,0.47744091668656
569,b0544,0.46565774155995343
570,b0545,0.4493372275893057
571,b0546,0.4684937924572499
573,b0547,0.4640371229698375
574,b0548,0.2746875429199286
575,b0549,0.6170934896636842
576,b0550,0.23291021311284502
577,b4509,0.4463289444320464
578,b0551,0.613308800981294
579,b0553,0.3739016638624042
581,b0554,0.29286864841118754
582,b0555,0.07357268981753974
583,b0556,0.5514199062586159
584,b4510,0.513347022587269
585,b0557,0.3692080487354624
586,b0558,0.47585058291696414
587,b0559,0.5401026194977046
589,b0560,0.6349206349206349
591,b0561,0.4956629491945477
592,b0562,0.5425935973955507
593,b0563,0.4558924093913836
594,b0564,0.6523157208088716
595,b0565,0.5420054200542006
596,b0566,0.5941770647653001
597,b0567,0.53475935828877
598,b0568,0.24263011039670027
599,b0569,0.5534034311012729
600,b0570,0.4406256884776383
601,b0571,0.44722719141323797
602,b0572,0.2660989888238425
603,b0573,0.6323110970597533
604,b0574,0.48473097430925843
605,b0575,0.17516202487300755
606,b0576,0.2762049440684988
607,b0577,0.35644270183567994
608,b0578,0.5104645227156712
609,b0579,0.3922337713277113
610,b0580,0.4253509145044662
611,b0581,0.7541478129713424
613,b4415,0.3103180760279286
615,b0583,0.3711263685284839
616,b0584,0.13701445502500512
617,b0585,0.7451564828614009
618,b4511,0.809061488673139
619,b0586,0.22348865795060902
620,b0587,0.5360493165371214
621,b0588,0.545404963185165
622,b0589,0.3255208333333333
623,b0590,0.33681374200067365
624,b0591,0.46479200557750405
625,b0592,0.5802146794313896
626,b0593,0.6875214850464078
627,b0594,0.47225501770956324
628,b0595,0.5635390250774865
629,b0596,0.5145356315924878
630,b0597,0.5028916268544129
631,b0598,0.47675804529201427
632,b4512,0.5499037668408029
633,b0599,0.5993407252022775
634,b0600,0.7147962830593281
635,b0601,0.5117707267144319
636,b0602,0.8463817181548878
637,b0603,0.6499837504062399
638,b0604,0.5157297576070139
639,b0605,0.5247966413014957
639,b0605,0.3739715781600598
640,b0606,0.5082592121982211
641,b0607,0.37057624606262735
642,b0608,0.6031363088057902
644,b0610,0.5489980785067252
645,b0611,0.4670714619336758
646,b0612,0.47517224994060353
647,b0613,0.6555227794165847
648,b0614,0.3870718018192375
649,b0615,0.5329070077271516
650,b0616,0.3709886848451122
651,b0617,0.3893322951138797
652,b0618,0.5107252298263534
653,b0619,0.39070130884938464
654,b0620,0.321078824851501
655,b0621,0.18127435874195594
656,b0622,0.4194630872483221
657,b0623,0.5552470849528041
658,b0624,0.3332777870354941
659,b4581,0.6990562740300594
659,b4581,0.48042277203939465
660,b0627,0.37216226274655745
661,b0628,0.43112739814615225
662,b0629,0.48309178743961356
663,b0630,0.7485029940119762
664,b0631,0.4087471898630696
665,b0632,0.47472110135295514
666,b0633,0.4971414367387522
667,b0634,0.22062879205736347
668,b0635,0.23312740412635505
669,b0636,0.3749531308586427
670,b0637,0.3983270264887473
671,b0638,0.4841442749939482
672,b0639,0.4187604690117253
673,b0640,0.6176652254478072
674,b0641,0.5312084993359893
675,b0642,0.513874614594039
676,b0643,0.36094567767550984
677,b0644,0.44682752457551383
678,b0645,0.40858018386108275
679,b0646,0.5124263387138099
680,b0647,0.1635189273158368
681,b0648,0.4789272030651341
682,b0649,0.486973459946433
683,b0650,0.42689434364994666
684,b0651,0.3052969012364524
685,b0652,0.3390405153415833
686,b0653,0.3074558032282859
687,b0654,0.3541703559412077
689,b0655,0.4104247896572953
691,b0657,0.33394556687259974
692,b0658,0.30849915162733305
693,b0659,0.561955605507165
694,b0660,0.36258158085569253
695,b0661,0.5094243504839531
696,b0662,0.4761904761904763
704,b0674,0.5051780752715332
705,b0675,0.4532064355313845
706,b0676,0.6642311524410495
707,b0677,0.42238648363252373
708,b0678,0.2920134326179004
709,b0679,0.6357279084551812
709,b0679,0.3343922420999833
710,b0680,0.47225501770956324
712,b0681,0.31476235442241113
713,b0682,0.5589714924538848
714,b0683,0.5649717514124294
716,b0684,0.5649717514124294
717,b0685,0.41946308724832215
718,b0686,0.39706174310105224
719,b0687,0.33140016570008285
720,b0688,0.5608524957936063
721,b0689,0.6038647342995169
722,b0691,0.4370629370629371
724,b0692,0.3866976024748647
725,b0693,0.4157139887757223
727,b0694,0.4440497335701599
728,b0695,0.34916201117318435
729,b0696,0.3669724770642202
730,b0697,0.1551229349259288
731,b0698,0.16315875346712352
732,b4513,0.7446016381236039
733,b0699,0.7049700387733522
734,b0700,0.585308750365818
735,b0702,0.23812358614120727
736,b0703,0.6169031462060457
737,b0704,0.30950170225936247
738,b4514,0.744047619047619
739,b0705,0.5906674542232723
740,b0706,0.6609385327164574
741,b0707,0.5035246727089627
742,b0708,0.6550933508024893
743,b0709,0.2535818435400025
744,b0710,0.46349942062572425
745,b0711,0.5474952094169176
746,b0712,0.5686664771111742
747,b0713,0.6090133982947625
748,b0714,0.49887752556747317
750,b0716,0.5369127516778524
751,b0717,0.28506271379703535
752,b0718,0.0384105705890261
753,b0719,0.4537205081669692
754,b0720,0.60790273556231
757,b0721,0.6565988181221273
758,b0722,0.5480953685941353
759,b0723,0.4214075010535187
760,b0724,0.2957704821058858
761,b0726,0.19495077492933033
762,b0727,0.3215951117543014
763,b0728,0.3751641343087601
764,b0729,0.4554771122751082
766,b0730,0.5037783375314862
767,b0731,0.3014772384684956
768,b0732,0.38314176245210724
769,b0733,0.13104442405975625
770,b0734,0.20032051282051283
771,b4515,0.36596523330283626
772,b0735,0.46805523051720105
773,b0736,0.36476381542950936
774,b0737,0.2089864158829676
775,b0738,0.2594706798131811
776,b0739,0.43859649122807015
777,b0740,0.46349942062572425
778,b0741,0.3234152652005175
779,b0742,0.5303632988597189
787,b0750,0.4038772213247173
788,b0751,0.2115506663845991
789,b0752,0.6944444444444444
790,b0753,0.378931413414172
791,b0754,0.4971414367387522
792,b0755,0.474158368895211
793,b0756,0.27016074564365794
794,b0757,0.36277888626881916
795,b0758,0.47927150730889045
796,b0759,0.4690431519699812
797,b0760,0.5633802816901409
798,b0761,0.5326231691078562
799,b0762,0.341705108491372
800,b0763,0.45934772622875514
801,b0764,0.16630633627141195
802,b0765,0.3543586109142452
803,b0766,0.4723665564478035
804,b0767,0.38580246913580246
806,b0769,0.6091989034419738
807,b0770,0.22353861629596514
808,b0771,0.34002040122407345
809,b0772,0.2603827626611118
810,b0773,0.4160599126274183
811,b0774,0.5430355688297583
813,b0776,0.5
814,b0777,0.5122950819672131
815,b0778,0.7521624670928921
816,b0779,0.5158627805003869
817,b0780,0.16100466913540493
818,b0781,0.38001140034201025
819,b0782,0.4417936823503424
820,b0783,0.449842555105713
821,b0784,0.43112739814615214
822,b0785,0.7217610970768675
823,b0786,0.5178663904712584
824,b0787,0.21727322107550245
825,b0788,0.36146755828664373
826,b0789,0.5264543300868649
827,b0790,0.3051571559353067
828,b0791,0.405104314360948
829,b0792,0.3677822728944464
830,b0793,0.26670222696359513
831,b0794,0.49321824907521583
832,b0795,0.39769337840524954
833,b0796,0.5141388174807199
834,b0797,0.1770694997786631
835,b0798,0.396039603960396
836,b0799,0.5841121495327103
837,b0800,0.39635354736424894
838,b0801,0.5113781641523907
841,b0802,0.3290556103981573
842,b0803,0.4739336492890995
843,b0804,0.3958044725905402
844,b0805,0.2406449284081338
845,b0806,0.3455425017277125
846,b0807,0.35335689045936397
847,b0808,0.13052274358807023
848,b0809,0.4249893752656184
849,b0810,0.26972353337828725
850,b0811,0.5468963631391851
851,b0812,0.4894762604013705
852,b0813,0.48983590497183443
854,b0814,0.3980891719745223
855,b0815,0.2776620852422602
858,b0817,0.4783544606553456
859,b0818,0.17193947730398898
860,b0819,0.16784155756965424
861,b0820,0.3713330857779429
862,b0821,0.22647491790284227
863,b0822,0.25335697998479856
864,b0823,0.4841442749939482
865,b0824,0.4420866489832007
866,b0825,0.35771776068681815
867,b0826,0.2410219329959027
868,b0827,0.2658513890735079
869,b0828,0.4849660523763336
871,b0830,0.335345405767941
872,b0831,0.17326518236160446
873,b0832,0.19862945674843582
874,b0833,0.16357242168970312
875,b0834,0.30835646006783846
876,b0835,0.23889154323936934
877,b0836,0.6688963210702341
878,b0837,0.13063357282821686
879,b0838,0.66711140760507
880,b0839,0.3591954022988506
881,b0840,0.34782608695652173
882,b0841,0.33350008337502085
883,b0842,0.3372681281618887
884,b0843,0.4887585532746824
885,b0844,0.5360493165371214
886,b0845,0.36764705882352944
887,b0846,0.2817695125387433
889,b0847,0.23062730627306272
890,b0848,0.3477051460361613
891,b0849,0.41867280720117234
892,b0850,0.4141644232760405
893,b0851,0.41893590280687054
894,b0852,0.5390835579514824
895,b0853,0.4476275738585497
896,b0854,0.5431830526887561
897,b0855,0.3283533081595797
898,b0856,0.18878610534264675
899,b0857,0.18767007600638078
900,b0858,0.4316857327865314
901,b0859,0.4687133817670495
902,b0860,0.5129520389843549
903,b0861,0.285591889190347
904,b0862,0.15517107611141284
905,b0863,0.4750593824228029
906,b0864,0.47314880529926656
907,b0865,0.5798782255726298
908,b0866,0.5986231667165519
909,b0867,0.31791448100460973
910,b0868,0.42625745950554134
911,b0869,0.8703220191470844
912,b0870,0.6381620931716655
913,b0871,0.6275494195167869
914,b0872,0.3732039559619332
915,b0873,0.5884083553986467
916,b0874,0.1731451822353043
917,b0875,0.3738317757009346
918,b0876,0.5465974309920744
919,b0877,0.41008816895632555
920,b0878,0.7057163020465773
921,b0879,0.3930817610062893
922,b0880,0.5932957579353307
924,b0881,0.37126415444588823
925,b0882,0.4476275738585497
927,b0884,0.5659309564233164
928,b0885,0.4481290611696169
929,b0886,0.27074590496818735
930,b0887,0.4763038818766373
931,b0888,0.449842555105713
932,b0889,0.382262996941896
932,b0889,0.5594405594405594
933,b0890,0.07304068366079908
934,b0891,0.34644032565390614
934,b0891,0.4362050163576881
935,b0892,0.3708511032820323
935,b0892,0.522466039707419
935,b0892,0.4092490280335584
936,b0893,0.6167129201356769
937,b0894,0.3743215422047539
938,b0895,0.5866823115283074
939,b0896,0.3274394237066143
940,b0897,0.327653997378768
941,b0898,0.22094564737074682
942,b0899,0.3998400639744102
943,b0900,0.46696240952603313
944,b0901,0.559753708368318
945,b0902,0.7552870090634441
946,b0903,0.541858574911948
947,b0904,0.42078687144961074
949,b0906,0.17741506253880954
950,b0907,0.3421142661648991
951,b0908,0.3895597974289053
952,b0909,0.5817335660267597
953,b0910,0.48840048840048833
954,b0911,0.20197939810139365
955,b0912,0.5549389567147613
956,b0913,0.10950503723171263
957,b0914,0.34094783498124787
958,b0915,0.5044136191677175
959,b0916,0.6414368184733803
960,b0917,0.5119017148707448
961,b0918,0.6373486297004461
962,b0919,0.5793742757821553
963,b0920,0.5941770647653001
964,b0921,0.16350555918901244
965,b0922,0.5790387955993052
966,b0923,0.5790387955993052
967,b0924,0.43715846994535523
968,b0925,0.4930966469428008
969,b0926,0.42707666026051677
970,b0927,0.6550933508024893
971,b0928,0.5614823133071308
972,b0929,0.2794857462269424
973,b0930,0.15422578655151142
974,b0931,0.19193857965451055
975,b0932,0.48995590396864286
976,b0933,0.4723665564478035
977,b0934,0.48579062424095215
978,b0935,0.5129520389843549
979,b0936,0.3578457684737878
980,b0937,0.5868544600938966
981,b0938,0.3922337713277113
982,b0939,0.39769337840524954
983,b0940,0.177038151721696
984,b0941,0.19833399444664818
985,b0942,0.6253908692933083
986,b0943,0.509683995922528
987,b0944,0.4909180166912126
988,b0945,0.4918839153959665
989,b0946,0.3369839932603201
990,b0947,0.5389382915656157
991,b0948,0.4228329809725158
993,b0950,0.4485310607759588
994,b0951,0.46360686138154844
995,b0952,0.4154549231408392
996,b0953,0.3706449221645663
997,b0954,0.4475274110539271
999,b0956,0.5058168942842691
1000,b0957,0.46360686138154844
1001,b0958,0.3222687721559781
1002,b0959,0.49689440993788814
1003,b0960,0.046691880282018955
1004,b0961,0.3741814780168382
1005,b0962,0.6251953735542357
1007,b0964,0.30234315948601664
1008,b0965,0.429000429000429
1011,b0968,0.29459419649432905
1012,b0969,0.2720718269623181
1013,b0970,0.5196154845414394
1015,b0972,0.5742176284811944
1016,b0973,0.5517241379310345
1017,b0974,0.3392705682782019
1018,b0975,0.5617977528089888
1019,b0976,0.36101083032490977
1020,b0977,0.5129520389843549
1021,b0978,0.17738359201773835
1022,b0979,0.3683241252302026
1024,b0980,0.3873716831299632
1025,b0981,0.5150656708730363
1026,b0982,0.5005005005005005
1027,b0983,0.4111842105263158
1028,b0984,0.3459010722933241
1029,b0985,0.311429461227032
1030,b0986,0.49224710804824023
1031,b0987,0.5425935973955507
1035,b0990,0.4639294827186268
1037,b0991,0.3103180760279286
1038,b4517,0.39001560062402496
1039,b0992,0.28810141169691733
1040,b0993,0.1877581674802854
1041,b0994,0.45095828635851176
1042,b0995,0.693000693000693
1043,b0996,0.6029544769369912
1044,b0997,0.576036866359447
1045,b0998,0.3716781267422412
1046,b0999,0.4709206498704968
1047,b1000,0.6203473945409429
1048,b1001,0.6563833278634723
1049,b1002,0.31109037175299425
1050,b1003,0.572737686139748
1051,b1004,0.6064281382656155
1052,b4518,0.4104247896572953
1053,b1006,0.38804811796662786
1054,b1007,0.4065040650406504
1055,b1008,0.48887802493277926
1057,b1010,0.6934812760055478
1058,b1011,0.48649963512527356
1059,b1012,0.5310674455655868
1060,b1013,0.4348771472059143
1061,b1014,0.36476381542950936
1064,b4490,0.10466272437071536
1065,b1018,0.3327233405423391
1066,b1019,0.2787068004459309
1067,b1020,0.317309217832778
1068,b1021,0.14829094683769556
1069,b1022,0.21019442984760903
1070,b1023,0.34560221185415585
1071,b1024,0.42069835927639887
1075,b1028,0.5068423720223011
1076,b1029,0.5552470849528041
1078,b1033,0.4258037044922291
1079,b1034,0.24838549428713363
1080,b1035,0.4924895345973898
1081,b1036,0.4814636494944632
1082,b1037,0.5343307507347048
1083,b1038,0.6029544769369912
1084,b1039,0.4123711340206186
1085,b1040,0.4962779156327544
1086,b1041,0.39169604386995693
1087,b1042,0.2846164792941511
1088,b1043,0.36330608537693
1089,b1044,0.3484927687750479
1090,b1045,0.5062009617818274
1091,b1046,0.49962528103922055
1092,b1047,0.5547850208044383
1093,b1048,0.413992962119644
1094,b1049,0.20376974019358124
1095,b1050,0.3067955207853965
1096,b1051,0.4720320981826764
1097,b1053,0.3478865889719951
1098,b1054,0.6207324643078833
1099,b1055,0.34764470710933426
1100,b1056,0.5085176709890669
1101,b1057,0.370919881305638
1102,b1058,0.34405642525374164
1103,b1059,0.20126798832645665
1104,b1060,0.3215951117543014
1105,b1061,0.4281738385784629
1106,b1062,0.37397157816005977
1107,b1063,0.36812074360390207
1108,b1064,0.26236389872753507
1110,b1066,0.486854917234664
1111,b1067,0.20072260136491368
1112,b1068,0.28810141169691733
1113,b1069,0.2678093197643278
1114,b1070,0.4346881112801565
1115,b1071,0.5460005460005459
1116,b1072,0.2518574486840448
1117,b1073,0.5910165484633569
1118,b1074,0.513874614594039
1119,b1075,0.2482005460412013
1120,b1076,0.1926596666987766
1121,b1077,0.2182929491377429
1122,b1078,0.4194630872483221
1123,b1079,0.2846164792941512
1124,b1080,0.3356267830172848
1125,b1081,0.3755868544600939
1126,b1082,0.24685262898049865
1127,b1083,0.38204393505253104
1129,b1084,0.5209690023443605
1130,b1085,0.39039625219597895
1131,b1086,0.18355359765051393
1132,b1087,0.451773209848656
1134,b1088,0.2597065316192702
1135,b1089,0.5310674455655868
1136,b1090,0.3411222923418046
1137,b1091,0.16519368960105724
1138,b1092,0.5046681806712087
1140,b1094,0.43459365493263796
1141,b1095,0.2925687536571094
1142,b1096,0.3429355281207133
1143,b1097,0.12363231748779131
1144,b1098,0.40983606557377045
1145,b1099,0.5252100840336135
1146,b1100,0.45945325063174824
1147,b1101,0.18026137899954936
1148,b1102,0.12790177143953443
1149,b1103,0.33217073575817974
1150,b1104,0.09833325138895718
1151,b1105,0.4410143329658214
1152,b1106,0.38402457757296465
1153,b1107,0.3397893306150187
1154,b1108,0.3976143141153081
1155,b1109,0.36277888626881916
1156,b1110,0.25803122177783516
1157,b1111,0.4811161895597787
1158,b1112,0.4276245456489203
1160,b1113,0.36258158085569253
1161,b1114,0.17239893112662702
1162,b1115,0.2179361447096001
1163,b1116,0.09515200532851231
1164,b1117,0.5292405398253507
1165,b1118,0.12585740356176453
1166,b1119,0.40485829959514175
1167,b1120,0.36549707602339176
1168,b1121,0.26441036488630354
1169,b1122,0.48355899419729204
1170,b1123,0.3644979041370512
1171,b1124,0.13954786491766674
1172,b1125,0.08675284115554784
1173,b1126,0.14296947601687038
1174,b1127,0.4518752824220515
1175,b1128,0.46696240952603313
1176,b1129,0.1809299800977022
1177,b1130,0.4446420631391729
1178,b1131,0.30165912518853694
1179,b1132,0.5922416345869115
1180,b1133,0.3266906239790918
1181,b1134,0.5954153021732659
1182,b1135,0.42653017701002344
1183,b1136,0.3757279729475859
1185,b1137,0.43802014892685054
1186,b1138,0.41955108034403193
1187,b1139,0.4180602006688963
1188,b1140,0.2656042496679947
1189,b1141,0.3354579000335458
1190,b1142,0.38782237735117314
1191,b1143,0.4214075010535187
1192,b1144,0.3425244048638465
1193,b1145,0.31756113051762463
1194,b1146,0.7407407407407407
1195,b1147,0.44454323182929545
1196,b1148,0.2602811035918793
1197,b1149,0.32005120819331095
1200,b1150,0.6391818472355385
1201,b1151,0.3042750646584512
1202,b1152,0.6125574272588056
1203,b1153,0.4439511653718091
1204,b1154,0.3286230693394676
1205,b1155,0.5050505050505051
1206,b1156,0.4782400765184122
1207,b1157,0.29590176061547563
1208,b1158,0.18019641409135959
1209,b1159,0.5732301519059902
1210,b4519,0.4001600640256103
1211,b1160,0.3993610223642173
1214,b1161,0.46221400508435406
1215,b1162,0.16805310478111082
1216,b1163,0.47258979206049156
1217,b1164,0.40477636106051407
1218,b1165,0.5633802816901409
1219,b1166,0.5108556832694764
1220,b1167,0.48995590396864286
1221,b1168,0.19694731659281142
1222,b4520,0.4484304932735425
1223,b4491,0.3992015968063872
1224,b1171,0.44612982377871957
1225,b1172,0.42616663115278075
1228,b4521,0.2799160251924423
1228,b4521,0.4402377283733216
1229,b1174,0.3820439350525311
1230,b1175,0.3382949932341001
1231,b1176,0.41025641025641024
1232,b1177,0.3297065611605671
1233,b1178,0.3258390355164549
1235,b1179,0.29832935560859186
1236,b1180,0.39769337840524954
1237,b1181,0.34094783498124787
1238,b1182,0.3940110323089046
1239,b1183,0.30061626333984665
1240,b1184,0.587026709715292
1241,b1185,0.2896032435563278
1242,b1186,0.16535758577924764
1243,b1187,0.3127932436659368
1244,b1188,0.47881254488867614
1245,b1189,0.44923629829290207
1246,b1190,0.3980099502487562
1248,b1191,0.06086982986882552
1249,b1192,0.3361344537815126
1250,b1193,0.4123711340206186
1251,b1194,0.6136851795029149
1252,b1195,0.23060071486221612
1253,b1196,0.3622532149972831
1254,b1197,0.5730659025787965
1255,b1198,0.4873294346978557
1256,b1199,0.46576618537494174
1257,b1200,0.47483380816714155
1258,b1201,0.2527486414760521
1259,b1202,0.5957700327673517
1260,b1203,0.3269576589831617
1261,b1204,0.4621072088724585
1262,b1205,0.5483959418700302
1263,b1206,0.3417634996582365
1265,b1208,0.7487832272557094
1266,b1209,0.4801920768307323
1267,b1210,0.2204342554833021
1268,b1211,0.38752179810114323
1269,b1212,0.37593984962406013
1270,b1213,0.24804663276696023
1271,b1214,0.5662514156285391
1272,b1215,0.32456994482310936
1277,b4423,0.24636610002463666
1279,b1216,0.1495774437214868
1280,b1217,0.4699248120300752
1281,b1218,0.3683919690550746
1282,b1219,0.34674063800277394
1283,b1220,0.48227634434530986
1284,b1221,0.47585058291696414
1285,b1222,0.4870920603994155
1286,b1223,0.14071624569056496
1288,b1224,0.5357621216180016
1289,b1225,0.39161934599569215
1290,b1226,0.41675349031048137
1291,b1227,0.22802417056207955
1294,b1229,0.3889537145079735
1297,b1232,0.4176237210273544
1298,b1233,0.33551417547391377
1299,b1234,0.6453694740238787
1300,b1235,0.37091988130563797
1301,b1236,0.22675736961451246
1302,b1237,0.2648305084745763
1303,b1238,0.3281378178835111
1304,b4573,0.34002040122407345
1305,b1241,0.493583415597236
1307,b1242,0.2672367717797969
1309,b1243,0.41288191577208916
1310,b1244,0.13751375137513752
1311,b1245,0.19657951641438964
1312,b1246,0.4537205081669692
1313,b1247,0.37700282752120645
1314,b1248,0.5189413596263622
1315,b1249,0.16290624745458987
1317,b1250,0.29184298847220197
1318,b1251,0.40883074407195424
1319,b1252,0.2343841556310793
1320,b1253,0.3858769052672198
1321,b1254,0.35990642432967423
1322,b1255,0.3257328990228013
1323,b1256,0.40551500405515
1324,b1257,0.4151961801951422
1325,b1258,0.6035003017501509
1326,b1259,0.4286326618088298
1327,b1260,0.4538234626730202
1328,b1261,0.4151961801951422
1329,b1262,0.6404098623118796
1330,b1263,0.44772778150884257
1331,b1264,0.41884816753926696
1333,b1266,0.3872966692486445
1334,b1267,0.5339028296849974
1335,b1268,0.12099213551119177
1336,b1269,0.34794711203897005
1337,b1270,0.346860908775581
1338,b1271,0.4322455154527771
1339,b1272,0.1538816649996153
1340,b1273,0.4327131112072696
1341,b1274,0.351493848857645
1342,b1275,0.41101520756267984
1344,b4523,0.43859649122807015
1346,b1276,0.3794346423828496
1347,b1277,0.4964010920824026
1348,b1278,0.3683919690550746
1349,b1279,0.2166612501354133
1350,b1280,0.559753708368318
1351,b1281,0.3889537145079736
1352,b1282,0.4346881112801565
1353,b1283,0.4670714619336758
1354,b1284,0.3342245989304813
1357,b1285,0.5337603416066187
1359,b1286,0.3797228023542814
1361,b1288,0.4143360265175057
1362,b1289,0.35625222657641603
1363,b1290,0.5659309564233164
1364,b1291,0.3380662609871535
1365,b1292,0.0929195316855603
1366,b1293,0.2600780234070221
1367,b1294,0.5427408412483039
1368,b1295,0.35486160397445
1369,b1296,0.24411082631514702
1371,b1297,0.4815795810257645
1372,b1298,0.4633920296570899
1374,b1300,0.42069835927639887
1375,b1301,0.4699248120300752
1376,b1302,0.3738317757009346
1377,b1303,0.38109756097560976
1378,b1304,0.5082592121982211
1379,b1305,0.3749531308586427
1380,b1306,0.5064573309698658
1381,b1307,0.4629629629629629
1382,b1308,0.5405405405405405
1383,b1309,0.5105948429920858
1384,b1310,0.2069108214359611
1385,b1311,0.09956192751891677
1386,b1312,0.1796460971885386
1387,b1313,0.326211058554885
1388,b1314,0.6491398896462187
1389,b1315,0.3802281368821293
1390,b1316,0.39161934599569226
1391,b1317,0.3253090435914119
1392,b1318,0.5202913631633714
1393,b4524,0.38662284941040015
1394,b1319,0.4520795660036167
1395,b1320,0.35479865176512326
1396,b1321,0.30576364470264483
1397,b1322,0.47846889952153115
1398,b1323,0.33140016570008285
1400,b1325,0.2828054298642534
1401,b1326,0.4909180166912126
1402,b4525,0.5465974309920744
1404,b1327,0.36757948906451016
1405,b1328,0.4177109440267335
1406,b1329,0.5063291139240506
1409,b1332,0.49468216670789017
1410,b1333,0.3372112628561794
1411,b1334,0.44004400440044006
1413,b1336,0.44296788482834987
1414,b1337,0.5073566717402334
1415,b1338,0.4407227853680035
1416,b1339,0.37686074995289237
1418,b1340,0.38321517532094274
1419,b1341,0.4467277194549922
1421,b1342,0.4329941545789132
1424,b1343,0.4001600640256102
1425,b1344,0.5847953216374269
1426,b1345,0.27483853236223715
1427,b1346,0.3377807802736025
1428,b1347,0.39769337840524954
1430,b1348,0.32102728731942215
1431,b1349,0.333889816360601
1432,b1350,0.2661343978709248
1433,b1351,0.5090353779587681
1434,b4526,0.6080875646093038
1435,b1352,0.5757052389176741
1437,b1353,0.3836562440053712
1438,b4527,0.47675804529201427
1439,b1355,0.310896937665164
1439,b1355,0.3777148253068933
1440,b1356,0.33255736614566017
1442,b1358,0.5908419497784343
1443,b1359,0.37523452157598497
1444,b1360,0.19180972475304497
1445,b1361,0.17625804177315588
1446,b1362,0.4479283314669653
1447,b4528,0.5825808330905914
1448,b1363,0.06360716216645995
1449,b1365,0.39424403705893946
1450,b1366,0.5082592121982211
1451,b1368,0.47114252061248524
1454,b1372,0.4286326618088298
1455,b1373,0.3883495145631068
1456,b1374,0.31436655139893116
1457,b1375,0.6872852233676976
1460,b1376,0.4396570674873599
1461,b1377,0.3039975680194558
1463,b1378,0.5701254275940707
1464,b4529,0.39888312724371755
1465,b1379,0.3305785123966942
1466,b1380,0.5073566717402334
1467,b1381,0.45116174148432214
1468,b1382,0.2965159377316531
1469,b1383,0.3312903760145768
1470,b1384,0.4377325454147516
1471,b1385,0.507227998985544
1472,b1386,0.30684258975145745
1473,b1387,0.5091649694501018
1474,b1388,0.4393673110720563
1475,b1389,0.35536602700781805
1476,b1390,0.5561735261401557
1477,b1391,0.3795066413662239
1478,b1392,0.5268703898840885
1479,b1393,0.5186721991701245
1480,b1394,0.42808219178082185
1481,b1395,0.45610034207525657
1482,b1396,0.4128819157720892
1483,b1397,0.41928721174004197
1485,b1399,0.4211412929037692
1486,b1400,0.33217073575817974
1488,b4492,0.3618599601954044
1492,b1406,0.46750818139317435
1493,b1407,0.4816955684007707
1494,b1408,0.17105713308244955
1495,b1409,0.21614611477358694
1496,b1410,0.5760368663594471
1497,b1411,0.3343922420999833
1498,b1412,0.39393342525113256
1500,b1414,0.4428697962798937
1501,b1415,0.36569756811117204
1502,b4493,0.3807348181991243
1503,b1418,0.3414717432132491
1505,b1419,0.378000378000378
1507,b4428,0.29078220412910727
1510,b1421,0.6191950464396285
1511,b1422,0.3052503052503053
1512,b1423,0.42471862391165854
1513,b1424,0.4393673110720563
1514,b1426,0.2294367328209246
1516,b1428,0.35423308537017356
1517,b1429,0.20633446817290826
1518,b1430,0.38138825324180015
1519,b1431,0.20714655618850333
1520,b4578,0.44772778150884257
1521,b1432,0.373134328358209
1523,b1434,0.49043648847474247
1524,b1435,0.4070832485243232
1525,b1436,0.34572169403630076
1526,b4532,0.32046146450889285
1527,b1438,0.4785833931562574
1528,b1439,0.2238889510802642
1529,b1440,0.2635046113306983
1530,b1441,0.5005005005005004
1532,b1443,0.16196954972465177
1533,b1444,0.3508771929824561
1535,b1445,0.3832886163280951
1536,b1446,0.6112469437652811
1537,b1447,0.4448398576512455
1538,b1448,0.26798874447273213
1540,b1450,0.4668534080298786
1541,b1451,0.29855202268995373
1542,b1452,0.3459010722933241
1543,b1453,0.23618327822390175
1544,b1454,0.3274394237066143
1545,b1455,0.41407867494824013
1546,b1456,0.40791352233326533
1547,b1457,0.4432624113475177
1549,b1459,0.4839099927413501
1550,b1460,0.4249893752656184
1551,b1461,0.5558643690939411
1552,b1462,0.3818980332251289
1553,b1463,0.3634381246592768
1554,b1464,0.36133694670280037
1555,b1465,0.24527839097375523
1556,b1466,0.44150110375275947
1557,b1467,0.48204386599180526
1558,b1468,0.4697040864255519
1559,b1469,0.16134236850596967
1560,b1470,0.3931590328287793
1561,b1471,0.3808798324128737
1562,b1472,0.354924578527063
1563,b1473,0.26133542401672544
1564,b1474,0.461361014994233
1565,b1475,0.4600874166091558
1566,b1476,0.17817371937639195
1568,b1478,0.4433606739082244
1569,b1479,0.34118048447628796
1570,b1480,0.6151953245155336
1571,b1481,0.33858134416793634
1572,b1482,0.4763038818766373
1573,b1483,0.41823504809703055
1574,b1484,0.4135649296939619
1575,b1485,0.327653997378768
1576,b1486,0.19519812609798945
1577,b1487,0.666000666000666
1579,b1489,0.48828125
1580,b1490,0.46587467971115776
1582,b1491,0.4475274110539271
1583,b1492,0.3228410008071025
1584,b1493,0.3947108742845865
1585,b1494,0.5950609937518596
1586,b1495,0.49333991119881593
1587,b1496,0.2550369803621525
1589,b1497,0.3660992128866923
1590,b1498,0.31318509238960224
1591,b1499,0.5847953216374269
1593,b1501,0.6167129201356768
1594,b1502,0.27882336539802033
1595,b1503,0.3359650596337981
1596,b1504,0.41744938426215816
1597,b1505,0.378000378000378
1598,b1506,0.46674445740956827
1599,b1507,0.3898635477582845
1601,b4696,0.2944640753828033
1601,b4696,0.41459369817578773
1602,b1511,0.7087172218284904
1603,b1512,0.26260504201680673
1604,b1513,0.37530493525989866
1605,b1514,0.24527839097375523
1606,b1515,0.23239600278875203
1607,b1516,0.5124263387138099
1608,b1517,0.49962528103922055
1609,b1518,0.3869969040247678
1610,b1519,0.35498757543485976
1611,b1520,0.4065040650406504
1612,b1521,0.4060089321965083
1613,b1522,0.2813335208890139
1615,b1524,0.36376864314296103
1616,b1525,0.5544774050457444
1617,b1526,0.5574136008918618
1618,b1527,0.33366700033366703
1619,b1528,0.2768166089965398
1621,b1530,0.46317739694302923
1622,b1531,0.4684937924572499
1623,b1532,0.44822949350067237
1624,b1533,0.29308323563892147
1625,b1534,0.2753303964757709
1629,b1535,0.37119524870081666
1630,b1536,0.48030739673390976
1631,b1537,0.2940311673037342
1632,b1538,0.4763038818766373
1633,b1539,0.4100881689563256
1634,b1540,0.4079967360261118
1635,b1541,0.43802014892685054
1636,b1542,0.43103448275862066
1637,b1543,0.2958579881656805
1639,b1544,0.7007708479327259
1640,b1545,0.39824771007566706
1641,b1546,0.44622936189201257
1642,b1547,0.5230125523012552
1643,b1548,0.4948045522018803
1644,b4533,0.326743996079072
1645,b1549,0.33921302578018997
1646,b1550,0.37369207772795215
1647,b1551,0.41450777202072536
1650,b1552,0.3644979041370512
1653,b1554,0.33961623365596877
1654,b1555,0.46587467971115776
1655,b1556,0.5169294391315585
1657,b1557,0.44464206313917304
1658,b1558,0.545404963185165
1660,b1559,0.2454590083456063
1662,b1561,0.3032600454890068
1663,b1562,0.2570033410434336
1665,b1564,0.37907505686125853
1666,b1565,0.43177892918825567
1667,b1566,0.3683241252302026
1668,b1567,0.4679457182966776
1669,b1568,0.24239486122894197
1670,b1569,0.3416467372736591
1671,b1570,0.4781257470714798
1672,b1571,0.38102495713469225
1673,b1572,0.48297512678097076
1674,b1573,0.4367765887748417
1676,b1575,0.2198768689533861
1677,b1576,0.41511000415110005
1678,b1577,0.3811701924909472
1680,b1579,0.40609137055837563
1681,b4534,0.3827018752391887
1682,b1580,0.3675119441381845
1683,b1581,0.5307855626326964
1684,b1582,0.5241090146750524
1685,b1583,0.5822416302765648
1686,b1584,0.42680324370465217
1688,b1586,0.4328067517853278
1689,b1587,0.5572582892170521
1690,b1588,0.38066235249333846
1691,b1589,0.4258037044922291
1692,b1590,0.1373532037634778
1693,b1591,0.43020004302000436
1694,b1592,0.2127885945313331
1695,b1593,0.3684598378776713
1696,b1594,0.4095842719639566
1697,b1595,0.3081189339084887
1698,b1596,0.1845188670541563
1699,b1597,0.40241448692152915
1702,b1599,0.29873039581777444
1703,b1600,0.41928721174004197
1705,b1601,0.3910833007430582
1706,b1602,0.4046125834513454
1707,b1603,0.3175107159866646
1708,b1604,0.31431714600031435
1709,b1605,0.23293733985557888
1710,b1606,0.3191319610659008
1711,b1607,0.3656975681111721
1712,b1608,0.4404316229905307
1713,b1609,0.15273004963726614
1714,b1610,0.33322225924691773
1715,b1611,0.28312570781426954
1716,b1612,0.5457025920873124
1717,b1613,0.4282655246252677
1718,b1614,0.3503240497460151
1719,b1615,0.29895366218236175
1720,b1616,0.23004370830457785
1721,b1617,0.4409171075837743
1722,b1618,0.31133250311332505
1723,b1619,0.4070832485243232
1724,b1620,0.3215434083601286
1725,b1621,0.24863252113376427
1726,b1622,0.22487069934787496
1727,b1623,0.3965107057890563
1728,b1624,0.44863167339614174
1729,b4409,0.39944078290393453
1730,b1625,0.44454323182929534
1731,b1626,0.392695857058708
1732,b1627,0.17985611510791366
1733,b1628,0.31451486082717406
1734,b1629,0.6097560975609756
1735,b1630,0.28901734104046245
1736,b1631,0.2526209422761147
1737,b1632,0.2018774603815484
1738,b1633,0.4120313143798929
1739,b1634,0.3417634996582365
1740,b1635,0.3762935089369709
1741,b1636,0.4480286738351254
1742,b1637,0.42256496936403976
1743,b1638,0.30303030303030304
1744,b1639,0.25510204081632654
1745,b1640,0.4025764895330113
1746,b1641,0.7833920877399139
1747,b1642,0.15685044310250176
1748,b1643,0.2470660901791229
1749,b1644,0.27781636338380333
1750,b1645,0.19489378288832584
1751,b1646,0.3731343283582089
1752,b1647,0.14608136732159815
1753,b1648,0.47427080863172866
1754,b1649,0.4991265285749938
1755,b1650,0.3943217665615142
1756,b1651,0.48181161165984104
1757,b1652,0.3855050115651503
1758,b1653,0.39840637450199207
1759,b1654,0.4263483265828182
1760,b1655,0.4087471898630697
1761,b1656,0.37181632273656817
1762,b1657,0.21637996321540628
1764,b1658,0.38782237735117314
1765,b1659,0.6675567423230975
1766,b1660,0.14644504649630227
1767,b1661,0.41245617653124356
1768,b1662,0.4589261128958237
1768,b1662,0.5793742757821553
1769,b1663,0.10355182768975872
1770,b1664,0.4223864836325238
1773,b1667,0.43084877208099964
1774,b1668,0.44513687959047404
1775,b1669,0.9857072449482505
1776,b1670,0.15404760070861895
1777,b1671,0.49236829148202865
1778,b1672,0.33156498673740054
1779,b1673,0.5008765339343851
1780,b1674,0.44365572315882873
1781,b1675,0.4282655246252677
1783,b1676,0.517196793379881
1784,b1677,0.44474093840338
1785,b1678,0.49615480029769293
1786,b1679,0.5080010160020321
1787,b1680,0.39856516540454356
1789,b1682,0.4795013186286263
1790,b1683,0.508130081300813
1791,b1684,0.30432136335970783
1793,b1685,0.510073960724305
1794,b1686,0.42337002540220153
1795,b1687,0.45620437956204374
1798,b1689,0.4072490327835472
1799,b1690,0.2336175680411167
1800,b1691,0.24987506246876562
1801,b1692,0.48602673147023084
1802,b1693,0.8267879288962381
1803,b1694,0.40233353450010056
1804,b1695,0.5117707267144319
1805,b1696,0.6731740154830024
1806,b1697,0.5425935973955507
1807,b1698,0.38505968425105885
1808,b1699,0.32200933827080985
1809,b1700,0.5303632988597189
1811,b1702,0.28145229383619474
1812,b1703,0.5398110661268556
1813,b1704,0.3824091778202677
1814,b1705,0.4154549231408392
1815,b1706,0.3386386725364036
1816,b1707,0.6383657835939993
1817,b1708,0.5291005291005291
1818,b1709,0.6443298969072164
1819,b1710,0.4621072088724585
1820,b1711,0.3069367710251688
1821,b1712,0.5130836326321191
1822,b1713,0.0747049155834454
1823,b1714,0.45024763619990993
1824,b1715,0.2777392028884877
1825,b1716,0.40192926045016075
1826,b1717,0.4684937924572499
1827,b1718,0.3655638822884299
1828,b1719,0.6798096532970768
1829,b4494,0.6303183107469272
1831,b1722,1.0995052226498077
1832,b1723,0.3919263178522438
1833,b1724,0.4285408185129634
1834,b1725,0.2986857825567503
1835,b1726,0.22180326050792948
1836,b1727,0.6176652254478073
1837,b1728,0.28192839018889204
1838,b1729,0.27828022818978715
1839,b1730,0.4123711340206186
1840,b1731,0.43112739814615225
1841,b1732,0.5090353779587681
1842,b1733,0.2398656752218757
1843,b1734,0.3552397868561279
1844,b1735,0.21929824561403508
1845,b1736,0.6153846153846154
1846,b1737,0.23193784065870343
1847,b1738,0.6361323155216285
1848,b1739,0.2233638597274961
1849,b1740,0.5762028233938347
1850,b1741,0.41736227045075125
1851,b1742,0.4024954719259409
1852,b1743,0.43094160741219567
1853,b1744,0.3832886163280951
1854,b1745,0.26874496103198064
1855,b1746,0.449842555105713
1856,b1747,0.530082162735224
1857,b1748,0.3908540160250147
1858,b1749,0.5227391531625719
1859,b1750,0.3777148253068933
1860,b1751,0.31094527363184077
1861,b1752,0.2696871628910464
1862,b1753,0.5720823798627003
1863,b1754,0.4493372275893057
1864,b1755,0.20249063480814014
1865,b1756,0.5735589331803843
1866,b1757,0.5331911490269261
1867,b1758,0.23792529145848207
1868,b1759,0.43459365493263796
1869,b1760,0.3450655624568668
1870,b1761,0.45413260672116257
1871,b1762,0.27300027300027296
1872,b1763,0.5145356315924878
1873,b1764,0.36469730123997085
1874,b1765,0.41580041580041577
1875,b1766,0.4927322000492732
1876,b1767,0.41476565740356697
1877,b1768,0.36330608537693
1878,b1769,0.1621796951021732
1879,b1770,0.40322580645161293
1880,b1771,0.5649717514124294
1881,b1772,0.4160599126274183
1882,b1773,0.44414834554741284
1883,b1774,0.37871615224389316
1884,b1775,0.3827018752391887
1885,b1776,0.3253619651862697
1886,b1777,0.40485829959514175
1887,b1778,0.5020080321285141
1888,b1779,0.3660322108345534
1889,b1780,0.4034698406294129
1890,b1781,0.33961623365596877
1891,b1782,0.20292207792207792
1892,b1783,0.39393342525113256
1893,b1784,0.5446623093681917
1894,b1785,0.2775464890369137
1895,b1786,0.20094443886265448
1896,b1787,0.3596475454055026
1898,b1789,0.20544427324088343
1899,b1790,0.4175365344467641
1900,b1791,0.35823034210997673
1901,b1792,0.4337453914552158
1902,b1793,0.45599635202918387
1903,b1794,0.41186161449752884
1906,b1795,0.42016806722689076
1907,b1796,0.4780114722753347
1908,b1797,0.4577706569008927
1909,b1798,0.15435671837616732
1910,b1799,0.415282392026578
1911,b1800,0.3900916715428125
1912,b1801,0.2362390739428301
1914,b1803,0.33664366268305
1915,b1804,0.3562522265764161
1916,b1805,0.3937783028155149
1917,b1806,0.06638343069569835
1918,b1807,0.4068348250610252
1919,b1808,0.7054673721340388
1920,b1809,0.5788712011577424
1921,b1810,0.39292730844793716
1922,b1811,0.40526849037487334
1923,b1812,0.46168051708217905
1924,b1813,0.562271577171774
1925,b1814,0.4349717268377555
1926,b1815,0.2834467120181406
1927,b1816,0.12862563508907326
1929,b1817,0.5031446540880503
1930,b1818,0.3425244048638465
1930,b1818,0.6140620202640467
1931,b1819,0.24832381425378694
1932,b1820,0.2677376171352075
1933,b1821,0.23468669326449196
1934,b1822,0.4574565416285453
1935,b1823,0.4702562896778744
1936,b1824,0.43687199650502406
1937,b1825,0.6058770069675855
1938,b1826,0.4072490327835472
1939,b4536,0.27544415369783776
1940,b1827,0.34812880765883375
1941,b1828,0.37965072133637057
1942,b1829,0.5227391531625718
1943,b1830,0.2521432173474533
1944,b1831,0.5683432793407218
1945,b1832,0.36791758646063283
1946,b1833,0.34141345168999654
1947,b1834,0.22768670309653918
1948,b1835,0.4764173415912339
1949,b1836,0.37530493525989866
1950,b1837,0.3403096818104475
1951,b1838,0.4669624095260332
1954,b1839,0.5252100840336135
1955,b1840,0.30821390044691016
1956,b1841,0.3810975609756098
1957,b1842,0.5610098176718092
1958,b1843,0.3862495171881035
1959,b1844,0.5305039787798409
1960,b1845,0.4325259515570934
1961,b1846,0.6315124723713293
1962,b1847,0.42292239374074864
1963,b1848,0.5333333333333333
1964,b1849,0.3946329913180742
1965,b1850,0.5239717055279015
1966,b1851,0.7412898443291327
1967,b1852,0.6918021445866482
1968,b1853,0.3947108742845865
1969,b1854,0.6058770069675855
1970,b1855,0.7207207207207208
1971,b1856,0.16587874263913083
1972,b1857,0.4083299305839118
1973,b1858,0.3432887058015791
1974,b1859,0.6823609689525759
1975,b1860,0.46609182008855743
1976,b1861,0.3984857541342897
1978,b1862,0.42789901583226364
1979,b1863,0.2676659528907923
1980,b1864,0.4939491232403062
1981,b1865,0.4618937644341801
1982,b1866,0.5420054200542005
1983,b1867,0.5054334091483447
1984,b1868,0.12729124236252545
1985,b1869,0.3518648838845883
1986,b1870,0.4148516905206389
1987,b1871,0.5820721769499418
1988,b1872,0.5462988254575253
1989,b1873,0.36663611365719523
1991,b1874,0.4084133142740453
1992,b1875,0.4640371229698375
1993,b1876,0.5610098176718092
1995,b1877,0.38752179810114323
1996,b1878,0.2073183373069348
1997,b1879,0.39323633503735744
1998,b1880,0.4177109440267335
1999,b1881,0.31756113051762463
2000,b1882,0.4534119247336205
2001,b1883,0.4208754208754209
2002,b1884,0.3090712409210323
2003,b1885,0.45903144365389037
2004,b1886,0.35823034210997673
2005,b1887,0.19579050416054822
2006,b1888,0.4020908725371934
2007,b1889,0.23892008123282765
2008,b1890,0.1654396558855158
2010,b1891,0.39100684261974583
2011,b1892,0.5866823115283074
2014,b1895,0.49468216670789017
2015,b1896,0.4678362573099415
2016,b1897,0.254841997961264
2017,b4460,0.3180155827635554
2018,b1900,0.3762227238525207
2019,b1901,0.45075501464953804
2020,b1902,0.29855202268995373
2021,b4537,0.5901445854234287
2023,b1904,0.5293806246691372
2024,b1905,0.19851116625310175
2024,b1905,0.3773584905660377
2025,b1906,0.6600660066006601
2026,b1907,0.2849002849002849
2027,b1908,0.2671653753673524
2032,b1912,0.10449866764198756
2033,b1913,0.4798464491362764
2034,b1914,0.4859086491739553
2036,b1915,0.5094243504839531
2037,b1916,0.36982248520710065
2039,b1917,0.45126353790613716
2040,b1918,0.12410797393732546
2041,b1919,0.42992261392949266
2042,b1920,0.33852403520649965
2043,b1921,0.5125576627370579
2044,b1922,0.30261764260856405
2046,b1923,0.5524861878453039
2047,b1924,0.3923876790268786
2048,b1925,0.30261764260856405
2049,b1926,0.7304601899196493
2050,b1927,0.4209640075773522
2051,b1928,0.39254170755642787
2052,b1929,0.19565642731363725
2053,b1930,0.4839099927413501
2054,b1931,0.43850032887524665
2055,b1932,0.47047753469771814
2056,b4495,0.47755491881566375
2058,b1937,0.37986704653371317
2059,b1938,0.32441200324412
2060,b1939,0.5023863350916855
2061,b1940,0.36744442403086536
2062,b1941,0.4146796599626788
2063,b1942,0.40950040950040945
2064,b1943,0.4915212582944212
2065,b1944,0.22254367419606097
2066,b1945,0.40176777822418647
2067,b1946,0.3095496053242532
2068,b1947,0.20535989321285553
2069,b1948,0.4163197335553705
2070,b1949,0.2227667631989307
2071,b1950,0.2527486414760521
2072,b1951,0.42671218263281424
2073,b1952,0.3189284005740711
2074,b1953,0.4208754208754209
2076,b1955,0.3872966692486445
2077,b1956,0.07905138339920949
2078,b1957,0.28510334996436204
2079,b1958,0.3834355828220859
2080,b1959,0.21528525296017226
2081,b1960,0.40791352233326533
2082,b1961,0.5824111822947
2083,b1962,0.31094527363184077
2084,b1963,0.39769337840524954
2086,b4496,0.6426735218508998
2087,b1967,0.35192679922576103
2088,b1968,0.49176297024834026
2089,b1969,0.47846889952153115
2090,b1970,0.5730659025787965
2091,b1971,0.37126415444588823
2092,b1972,0.4230118443316413
2093,b1973,0.42589437819420783
2094,b1974,0.4909180166912126
2096,b1976,0.4708097928436911
2098,b1978,0.24891101431238333
2099,b4497,0.2410800385728062
2100,b1981,0.30707815138952865
2101,b1982,0.3827018752391887
2102,b1983,0.394088669950739
2104,b1985,0.48983590497183443
2106,b1987,0.39856516540454356
2107,b1988,0.5707762557077626
2109,b1990,0.156335495974361
2110,b1991,0.3236769703835572
2111,b1992,0.43421623968736434
2112,b1993,0.831255195344971
2117,b4582,0.4240882103477523
2117,b4582,0.27517886626307103
2120,b1999,0.22864982279638735
2122,b2000,0.5182689816014512
2123,b2001,0.48042277203939465
2124,b2002,0.3808073115003808
2125,b2003,0.449438202247191
2126,b2004,0.48875855327468226
2127,b2005,0.2720718269623181
2128,b2006,0.48828125
2130,b4538,0.354924578527063
2131,b2007,0.41744938426215816
2133,b2008,0.26343519494204426
2134,b2009,0.6631299734748011
2135,b2010,0.1152671315774307
2136,b2011,0.5039052658100277
2137,b2012,0.3566969859104691
2138,b2013,0.332667997338656
2139,b2014,0.38167938931297707
2141,b2015,0.422029964127453
2142,b2016,0.5803830528148578
2143,b4539,0.2546148949713558
2144,b2017,0.35650623885918004
2146,b2019,0.39292730844793716
2147,b2020,0.353544281421248
2148,b2021,0.4316857327865314
2149,b2022,0.536480686695279
2150,b2023,0.4697040864255519
2151,b2024,0.42973785990545765
2152,b2025,0.36650174088326914
2153,b2026,0.4163197335553705
2154,b2027,0.46554934823091254
2155,b2028,0.3778575477045154
2156,b2029,0.42616663115278075
2157,b4571,0.4515692029803567
2159,b2032,0.49224710804824023
2160,b2033,0.5200208008320333
2161,b2034,0.3750234389649353
2162,b2035,0.0670465973851827
2163,b2036,0.4998750312421895
2164,b2037,0.48768593026091195
2165,b2038,0.27408524050979854
2165,b2038,0.3923876790268786
2166,b2039,0.4222081486172683
2168,b2041,0.47973135044375154
2169,b2042,0.4903162539838196
2170,b2043,0.658544616397761
2171,b2044,0.5249343832020998
2172,b2045,0.5664117813650523
2173,b2046,0.12335019119279636
2174,b2047,0.31630555116242287
2175,b2048,0.5320563979781856
2176,b2049,0.5151983513652757
2177,b2050,0.639386189258312
2178,b2051,0.526592943654555
2179,b2052,0.5567928730512249
2180,b2053,0.5286809410520751
2181,b2054,0.8032128514056224
2182,b2055,0.47664442326024786
2183,b2056,0.19864918553833927
2184,b2057,0.46274872744099954
2185,b2058,0.42771599657827203
2186,b2059,0.44702726866338843
2187,b2060,0.3241491085899514
2188,b2061,0.4084967320261437
2189,b2062,0.24319066147859922
2190,b2063,0.2457606291472106
2191,b2064,0.3931590328287793
2192,b2065,0.3178639542275906
2193,b2066,0.38321517532094274
2194,b2067,0.3902439024390244
2195,b2068,0.6293266205160478
2196,b2069,0.49055678194751046
2197,b2070,0.10883169178864886
2198,b2071,0.25559105431309903
2199,b2072,0.537345513164965
2200,b2073,0.46317739694302923
2205,b2074,0.35778175313059035
2206,b2075,0.17559262510974538
2207,b2076,0.18912529550827425
2208,b2077,0.16754628466113763
2209,b2078,0.36284470246734396
2210,b2079,0.4744958481613286
2211,b2080,0.3531073446327684
2212,b2081,0.4420866489832007
2214,b2082,0.3910833007430582
2216,b2085,0.4075810067250866
2217,b2086,0.40916530278232405
2218,b4498,0.49236829148202854
2221,b2091,0.42471862391165854
2222,b2092,0.07730364873222016
2223,b2093,0.45808520384791573
2225,b2095,0.2581977794990963
2226,b2096,0.5243838489774515
2227,b2097,0.43639537420903335
2228,b2098,0.3269042170644001
2229,b2099,0.4617871161394598
2230,b2100,0.38528221922558276
2231,b2101,0.510986203372509
2232,b2102,0.1971608832807571
2233,b2103,0.45475216007276037
2234,b2104,0.4377325454147516
2235,b2105,0.4148516905206389
2236,b2106,0.21220159151193632
2237,b2107,0.4043671653861707
2238,b2108,0.3911597887737141
2240,b2110,0.2807411566535654
2241,b2111,0.31240237425804435
2242,b2112,0.22381378692927484
2243,b2113,0.5635390250774867
2244,b2114,0.338123415046492
2246,b4499,0.5115089514066496
2247,b2118,0.5017561465127948
2248,b4541,0.44150110375275947
2249,b2119,0.5805515239477503
2250,b2120,0.6865774116031582
2251,b2121,0.39643211100099107
2252,b2122,0.5563282336578582
2253,b2123,0.45300113250283125
2254,b2124,0.38557933294775404
2255,b2125,0.41050903119868637
2256,b2126,0.15062509414068384
2257,b2127,0.45787545787545786
2258,b4542,0.2147535702781059
2259,b2128,0.19256691700365877
2260,b2129,0.460617227084293
2261,b2130,0.11916820592265982
2262,b2131,0.3865481252415926
2263,b2132,0.3213883978788366
2264,b2133,0.6499837504062399
2265,b2134,0.37341299477221807
2266,b2135,0.337609723160027
2267,b2136,0.35161744022503516
2268,b2137,0.4076640847941296
2269,b2139,0.4440497335701599
2271,b2140,0.4427717511622758
2272,b2141,0.4022526146419952
2273,b2142,0.16202203499675955
2274,b2143,0.3743916136278547
2275,b2144,0.38454143433955007
2276,b2145,0.21108179419525067
2277,b2146,0.5198856251624643
2278,b2147,0.6455777921239509
2279,b2148,0.25265285497726125
2280,b2149,0.6169031462060457
2281,b2150,0.3726476616359232
2282,b2151,0.3531073446327684
2283,b2152,0.35460992907801414
2284,b2153,0.4930966469428008
2285,b2154,0.4112687641373638
2286,b2155,0.322061191626409
2287,b2156,0.21150592216582065
2288,b2157,0.32180209171359614
2290,b2159,0.11347517730496454
2291,b2160,0.4133939644481191
2292,b2161,0.04716536175832469
2293,b2162,0.4142502071251035
2294,b2163,0.44603033006244425
2295,b2164,0.3813155386081983
2296,b2165,0.47675804529201427
2297,b2166,0.48030739673390976
2298,b2167,0.34036759700476515
2299,b2168,0.47359696897939846
2300,b2169,0.42480883602378927
2300,b2169,0.451773209848656
2301,b2170,0.522056904202558
2302,b4502,0.47472110135295514
2303,b2171,0.5868544600938967
2304,b2172,0.4567252797442339
2305,b2173,0.40144520272982737
2306,b2174,0.45024763619990993
2308,b2176,0.3489183531053734
2309,b2177,0.21570319240724767
2310,b2178,0.2219509488403063
2311,b2179,0.3198976327575176
2312,b2180,0.5016302984700276
2313,b2181,0.46232085067036516
2314,b2182,0.3719546215361726
2315,b2183,0.5285412262156448
2316,b2184,0.48065368901706323
2317,b2185,0.4546487838145033
2318,b2186,0.42337002540220153
2319,b2187,0.4
2320,b2188,0.5790387955993052
2321,b2189,0.12523481527864747
2322,b2190,0.34904013961605584
2324,b2193,0.4663091629750525
2325,b2194,0.4951720722951226
2326,b2195,0.5583472920156337
2327,b2196,0.505561172901921
2328,b2197,0.42544139544777704
2329,b2198,0.5136106831022085
2330,b2199,0.35530289571860013
2331,b2200,0.3849855630413859
2332,b2201,0.6453694740238787
2333,b2202,0.5672149744753262
2335,b2204,0.2782415136338342
2336,b2205,0.34704147145583897
2337,b2206,0.34036759700476515
2338,b2207,0.5643340857787811
2339,b2208,0.43985045084671204
2341,b2209,0.5947071067499257
2342,b2210,0.3508156463778284
2343,b2211,0.14571948998178505
2344,b2212,0.3847633705271258
2345,b2213,0.5782017924255566
2346,b2214,0.6673340006673341
2347,b2215,0.4432624113475177
2349,b2216,0.27812543457099154
2350,b2217,0.6191950464396285
2352,b2219,0.48602673147023084
2353,b2220,0.6468305304010349
2354,b2221,0.48007681228996635
2355,b2222,0.5018820577164366
2356,b2223,0.26119890296460757
2357,b2224,0.44873233116446043
2358,b2225,0.2796420581655481
2359,b2226,0.1769598301185631
2360,b4500,0.14917580368464234
2361,b2229,0.21130480718436345
2362,b2230,0.21496130696474633
2363,b2231,0.42744176106005555
2364,b2232,0.5065856129685917
2365,b2233,0.29877502240812664
2367,b2234,0.42744176106005555
2369,b2235,0.2926972047416947
2369,b2235,0.3959611958028113
2370,b2236,0.477326968973747
2371,b2237,0.4100041000410004
2372,b2238,0.3907776475185619
2373,b2239,0.3941663381947182
2374,b2240,0.18226556092226376
2375,b2241,0.46232085067036516
2376,b2242,0.43308791684711995
2377,b2243,0.5113781641523907
2378,b2244,0.4424778761061947
2380,b2245,0.41937513105472846
2381,b2246,0.23402761525860052
2382,b2247,0.6439150032195751
2383,b2248,0.2905709719599012
2384,b2249,0.44994375703037115
2386,b2251,0.41025641025641024
2387,b2252,0.1786511835640911
2388,b2253,0.43440486533449174
2389,b2254,0.371126368528484
2390,b2255,0.6441223832528179
2391,b2256,0.3854307188282906
2392,b2257,0.2628466289919832
2393,b4544,0.22341376228775692
2394,b2258,0.371126368528484
2395,b2259,0.4785833931562574
2396,b2260,0.39370078740157477
2397,b2261,0.37133308577794283
2398,b2262,0.3803727653100038
2399,b2263,0.2671296914652064
2400,b2264,0.4785833931562574
2401,b2265,0.45766590389016015
2402,b2266,0.5398110661268556
2403,b2267,0.8635578583765113
2404,b2268,0.3980891719745223
2405,b2269,0.4572473708276177
2406,b2270,0.48828125
2407,b2271,0.37023324694557574
2408,b2272,0.43177892918825567
2409,b2273,0.4608294930875576
2410,b2274,0.4551661356395084
2411,b2275,0.3755163349605708
2412,b2276,0.1847063169560399
2413,b2277,0.11367511651699443
2413,b2277,0.4903162539838195
2414,b2278,0.6963788300835655
2415,b2279,0.6000600060006
2416,b2280,0.29612081729345574
2417,b2281,0.45808520384791573
2418,b2282,0.23356300362022653
2419,b2283,0.36317414200108955
2420,b2284,0.541858574911948
2421,b2285,0.44682752457551383
2422,b2286,0.44150110375275947
2423,b2287,0.2989983555090447
2425,b2289,0.3722315280104225
2426,b2290,0.5169294391315585
2427,b2291,0.3234675723758693
2428,b2292,0.25497195308516063
2429,b2293,0.6387735547748323
2430,b2294,0.42607584149978694
2431,b2295,0.37678975131876413
2432,b2296,0.4474272930648769
2433,b2297,0.42274360600295924
2434,b2298,0.22232103156958646
2435,b2299,0.8956560680698611
2436,b2300,0.39840637450199207
2437,b2301,0.3750937734433608
2438,b2302,0.4057618178129438
2439,b2303,0.43149946062567424
2440,b2304,0.36737692872887584
2441,b2305,0.4646840148698885
2442,b2306,0.3823360734085261
2443,b2307,0.30197795560924057
2444,b2308,0.42526047203912404
2445,b2309,0.40933278755628333
2446,b2310,0.38248231019315354
2447,b2311,0.45766590389016026
2448,b2312,0.8764241893076249
2448,b2312,0.474158368895211
2449,b2313,0.1654259718775848
2451,b2315,0.47114252061248524
2452,b2316,0.4084133142740453
2453,b2317,0.18052170773535517
2454,b2318,0.3863241259416651
2455,b2319,0.4581901489117984
2456,b2320,0.3930045195519748
2457,b2321,0.6942034015966678
2458,b2322,0.41160732661041366
2459,b2323,0.4296455424274973
2460,b2324,0.3514320857494289
2461,b2325,0.4844961240310077
2462,b2326,0.44513687959047404
2463,b2327,0.2586987453110852
2464,b2328,0.3693444136657433
2465,b2329,0.48721071863580995
2466,b2330,0.5115089514066496
2467,b2331,0.343112026076514
2468,b2332,0.28826751225136926
2469,b2333,0.48840048840048833
2470,b2334,0.40192926045016075
2471,b2335,0.37257824143070045
2472,b2336,0.13935340022296544
2473,b4661,0.30225177572918244
2474,b2339,0.27851274195794457
2475,b2340,0.24968789013732834
2476,b2341,0.43582479843103067
2477,b2342,0.43112739814615225
2478,b2343,0.5340453938584779
2479,b2344,0.38918077446974125
2480,b2345,0.42069835927639887
2481,b2346,0.28797696184305255
2482,b2347,0.36812074360390207
2484,b2349,0.13486176668914363
2485,b2350,0.5374899220639613
2486,b2351,0.4689331770222743
2487,b2352,0.4798464491362765
2489,b2353,0.45095828635851176
2490,b2354,0.3772873042822109
2491,b2355,0.5777007510109764
2492,b2356,0.3574620196604111
2493,b2357,0.5832604257801107
2494,b2358,0.49236829148202865
2495,b2359,0.469593801361822
2496,b2360,0.4443457009553432
2497,b2361,0.6345177664974619
2498,b2362,0.4137360364087712
2500,b4545,0.4084967320261438
2501,b4501,0.43094160741219567
2504,b2365,0.3763643206624012
2504,b2365,0.19033117624666923
2505,b2366,0.6125574272588055
2506,b2367,0.24860161591050342
2507,b2368,0.20018016214593135
2509,b2369,0.4484304932735426
2510,b2370,0.5050505050505051
2511,b2371,0.4682744088035589
2512,b2372,0.3941663381947182
2513,b2373,0.8206811653672549
2514,b2374,0.4176237210273544
2515,b2375,0.3901677721420211
2516,b2376,0.4799616030717543
2517,b2377,0.39039625219597895
2518,b2378,0.44267374944665777
2520,b2379,0.43601482450403317
2521,b2380,0.28893383415197915
2522,b2381,0.44923629829290207
2523,b2382,0.40428542551041036
2524,b2383,0.3901677721420211
2525,b2384,0.46641791044776115
2526,b2385,0.6523157208088716
2527,b2386,0.2669514148424987
2528,b2387,0.31109037175299425
2529,b2388,0.5966587112171838
2530,b2389,0.5161290322580645
2531,b2390,0.390625
2532,b2392,0.16440608302507195
2534,b2393,0.41407867494824013
2536,b2395,0.1599488163787588
2539,b2398,0.5577244841048522
2540,b2399,0.34106412005457026
2541,b2400,0.4374453193350832
2546,b2405,0.5256241787122208
2547,b2406,0.28583678719451194
2548,b2407,0.40666937779585205
2549,b2408,0.4111842105263158
2550,b2409,0.26171159382360637
2551,b2410,0.35192679922576103
2552,b4546,0.44257579110422657
2553,b2411,0.5614823133071308
2554,b2412,0.4480286738351254
2555,b2413,0.3580379520229144
2556,b2414,0.45537340619307837
2557,b2415,0.3611412062116287
2558,b2416,0.3861003861003861
2559,b2417,0.4334633723450368
2560,b2418,0.4649000464900047
2561,b2419,0.37986704653371317
2562,b2420,0.4475274110539271
2563,b2421,0.41990342221289106
2564,b2422,0.5263157894736842
2565,b2423,0.48614487117160915
2566,b2424,0.3794346423828496
2567,b2425,0.43131334914815617
2568,b2426,0.5858230814294084
2569,b2427,0.21461530207103768
2570,b2428,0.45987583352494826
2571,b2429,0.2638522427440633
2572,b2430,0.36350418029807346
2573,b2431,0.4781257470714798
2574,b2432,0.5564830272676683
2575,b2433,0.4138216428719222
2576,b2434,0.4789272030651341
2577,b2435,0.45882083046570316
2578,b2436,0.5140066820868672
2579,b2437,0.44994375703037115
2580,b2438,0.4798464491362765
2581,b2439,0.4644681839294008
2582,b2440,0.34885749171463454
2583,b2441,0.4744958481613286
2593,b2451,0.40338846308995563
2594,b2452,0.16052652700858816
2595,b2453,0.49043648847474247
2596,b2454,0.45075501464953804
2597,b2455,0.47147571900047147
2598,b2456,0.4746084480303749
2599,b2457,0.5086469989827059
2600,b2458,0.6602839220864972
2601,b2459,0.5670541536716757
2602,b2460,0.424899086466964
2603,b2461,0.46125461254612543
2604,b2462,0.43112739814615214
2605,b2463,0.3596475454055026
2607,b2465,0.48626306831996113
2608,b2466,0.46253469010175763
2609,b2467,0.56274620146314
2610,b2468,0.5186721991701245
2611,b2469,0.3890293717175647
2612,b2470,0.5563282336578582
2614,b2471,0.4892367906066536
2615,b2472,0.4649000464900047
2616,b4547,0.4275331338178709
2617,b2473,0.5108556832694764
2618,b2474,0.6142506142506142
2619,b2475,0.23665838362323985
2621,b2477,0.46641791044776115
2622,b2478,0.3824091778202677
2623,b2479,0.3834355828220859
2624,b2480,0.49079754601226994
2625,b2481,0.37900322152738297
2626,b2482,0.15760441292356187
2627,b2483,0.2039775624681285
2628,b2484,0.4993757802746567
2629,b2485,0.3791469194312796
2630,b2486,0.12896569512509673
2632,b2488,0.43544524276072283
2633,b2489,0.6695681285570807
2634,b2490,0.47427080863172866
2635,b2491,0.4071661237785016
2636,b2492,0.33984706881903143
2637,b2493,0.36218761318362913
2638,b2494,0.4710315591144606
2639,b2495,0.5307855626326964
2640,b2496,0.5353319057815846
2641,b2497,0.46051116739580933
2642,b2498,0.2844950213371266
2643,b2499,0.4289084280506112
2644,b2500,0.328515111695138
2645,b2501,0.6236357966947303
2646,b2502,0.3635041802980734
2647,b2503,0.27129679869777534
2648,b2504,0.4074149521287431
2649,b2505,0.5254860746190226
2650,b2506,0.419639110365086
2651,b2507,0.2945074363127669
2652,b2508,0.3954132068011072
2653,b2509,0.5051780752715332
2654,b2510,0.4122861265718409
2655,b2511,0.3951788184153329
2656,b2512,0.18578727357176034
2657,b2513,0.4587155963302753
2658,b2514,0.5236973029588897
2660,b2515,0.47596382674916704
2661,b2516,0.27797081306462823
2662,b2517,0.5148005148005148
2663,b2518,0.5892751915144372
2664,b2519,0.10234367004400777
2665,b2520,0.41823504809703055
2666,b2521,0.3596475454055026
2670,b2522,0.5465974309920744
2671,b2523,0.5128205128205129
2672,b2524,0.449842555105713
2673,b2525,0.4171011470281543
2674,b2526,0.34764470710933426
2675,b2527,0.4081632653061224
2676,b2528,0.6209251785159888
2677,b2529,0.6357279084551812
2678,b2530,0.4937052579609973
2679,b2531,0.3309066843150232
2680,b2532,0.29027576197387517
2681,b2533,0.49431537320810676
2682,b2534,0.028142061124556764
2683,b2535,0.507227998985544
2684,b2536,0.2198768689533861
2685,b2537,0.4371584699453552
2687,b2538,0.5747126436781609
2688,b2539,0.48887802493277926
2688,b2539,0.415973377703827
2689,b2540,0.4558924093913836
2691,b2542,0.5263157894736842
2692,b2543,0.3849114703618168
2694,b2545,0.46242774566474
2695,b2546,0.32273680813296757
2696,b2547,0.5295207836907598
2697,b2548,0.6193868070610096
2698,b2549,0.3816065636328945
2699,b2550,0.3327787021630616
2700,b2551,0.5427408412483039
2701,b2552,0.4911591355599214
2702,b2553,0.44622936189201245
2703,b2554,0.5396654074473827
2704,b2555,0.32727867779414166
2705,b2556,0.4906771344455349
2707,b2557,0.4141644232760406
2708,b2558,0.46663555762949144
2709,b2559,0.5580357142857143
2710,b2560,0.41588687876897484
2711,b2561,0.47528517110266155
2712,b2562,0.46382189239332106
2715,b2563,0.27262813522355506
2716,b2564,0.449842555105713
2718,b2566,0.42265426880811496
2719,b2567,0.14138272303124558
2720,b2568,0.46221400508435406
2721,b2569,0.5633802816901409
2722,b2570,0.35211267605633806
2723,b2571,0.35561877667140823
2724,b2572,0.2862458852154
2725,b2573,0.33664366268304996
2727,b2574,0.4259850905218317
2728,b2575,0.5006257822277848
2729,b2576,0.508646998982706
2730,b2577,0.45934772622875514
2731,b2578,0.3287851389117212
2732,b2579,0.2881844380403458
2733,b2580,0.25480952987641736
2734,b2581,0.27498968788670425
2735,b2582,0.1864454181038501
2736,b2583,0.5103342689461597
2737,b2584,0.4992511233150274
2739,b2585,0.5361930294906166
2740,b2586,0.3102699348433137
2741,b2587,0.2357656489449487
2747,b2592,0.5011275369581559
2749,b2593,0.3708511032820322
2750,b2594,0.5112474437627812
2751,b2595,0.335795836131632
2752,b2597,0.40072129833700665
2755,b2599,0.5785363031530228
2756,b2600,0.5920663114268798
2757,b2601,0.25
2758,b2602,0.33692722371967654
2759,b2603,0.2670940170940171
2761,b2605,0.32268473701193934
2762,b2606,0.32154340836012857
2763,b2607,0.41025641025641024
2764,b2608,0.3317299718029524
2765,b2609,0.4654410053525715
2766,b2610,0.5065856129685917
2767,b2611,0.27476301689792554
2768,b4461,0.2463357556349304
2769,b2614,0.45392646391284613
2771,b2616,0.4010427110487267
2772,b2617,0.4927322000492732
2773,b2618,0.390625
2774,b2619,0.22922636103151864
2775,b2620,0.49504950495049505
2777,b2622,0.2800728189329226
2778,b2623,0.3588731383455948
2779,b2624,0.4060913705583756
2780,b2625,0.33467202141900937
2781,b2626,0.5925925925925926
2782,b2627,0.3765769158350593
2783,b2628,0.24381323905888092
2784,b2629,0.4025764895330113
2785,b2630,0.42780748663101603
2786,b2631,0.41744938426215816
2787,b2632,0.48007681228996635
2788,b2633,0.34429333792391115
2789,b2634,0.2596391016487083
2792,b2637,0.2390057361376673
2793,b2638,0.4371584699453552
2794,b2641,0.27344818156959255
2794,b2641,0.42571306939123027
2795,b2642,0.3474031613687685
2797,b2643,0.5058168942842691
2798,b2644,0.4377325454147516
2799,b4548,0.4826254826254826
2800,b2645,0.43187216583891164
2801,b2646,0.3590019745108598
2803,b2647,0.3343922420999833
2804,b2648,0.38752179810114323
2805,b2649,0.4546487838145033
2806,b2650,0.5866823115283074
2808,b4462,0.39729837107667854
2808,b4462,0.39888312724371766
2809,b2659,0.44257579110422657
2810,b2660,0.4926108374384236
2811,b2661,0.5701254275940707
2812,b2662,0.625
2813,b2663,0.30202355783751134
2814,b2664,0.25078369905956116
2815,b2665,0.42589437819420783
2816,b2666,0.4555808656036446
2817,b2667,0.5002501250625313
2818,b2668,0.48030739673390976
2819,b2669,0.5211047420531527
2820,b2670,0.3981684252438782
2821,b2671,0.4364906154517678
2822,b2672,0.4148516905206389
2823,b2673,0.47675804529201427
2824,b2674,0.47014574518100616
2825,b2675,0.5264543300868649
2826,b2676,0.48426150121065376
2829,b2679,0.517464424320828
2830,b2681,0.05718697280759443
2831,b2682,0.380517503805175
2832,b2683,0.41623309053069724
2833,b2684,0.47755491881566375
2834,b2685,0.5346164127238706
2835,b2686,0.11814744801512286
2836,b2687,0.46019328117809477
2838,b2688,0.3281378178835111
2839,b2689,0.5122950819672131
2840,b2690,0.45610034207525657
2846,b2696,0.5585032113934655
2847,b2697,0.49321824907521583
2848,b2698,0.3325020781379883
2849,b2699,0.5508124483613329
2850,b2700,0.36310820624546114
2853,b2703,0.26560424966799473
2853,b2703,0.26652452025586354
2854,b2704,0.49333991119881593
2855,b2705,0.4284490145672666
2856,b2706,0.41347942939838744
2857,b2707,0.19502681618722575
2858,b2708,0.4503490204908804
2859,b2709,0.3866976024748646
2860,b2710,0.41305245766212306
2861,b2711,0.4539264639128461
2862,b2712,0.36569756811117204
2863,b2713,0.45423574835339536
2864,b2714,0.47225501770956313
2865,b2715,0.2789789370902497
2866,b2716,0.5119017148707448
2867,b2717,0.4433606739082243
2868,b2718,0.5219206680584552
2869,b2719,0.5868544600938966
2870,b2720,0.4880429477794045
2871,b2721,0.5023863350916855
2872,b2722,0.3425244048638465
2873,b2723,0.42964554242749736
2874,b2724,0.3436426116838488
2875,b2725,0.5064573309698658
2876,b2726,0.5047955577990914
2877,b2727,0.6722689075630252
2878,b2728,0.4137360364087712
2879,b2729,0.5950609937518596
2880,b2730,0.526592943654555
2881,b2731,0.40306328093510685
2882,b2732,0.5193456245131135
2883,b2733,0.5241090146750524
2884,b2734,0.4239983040067839
2884,b2734,0.49176297024834026
2885,b2735,0.38402457757296465
2886,b2736,0.5945303210463734
2887,b2737,0.4567252797442339
2888,b2738,0.5827505827505828
2889,b2739,0.4740459824602987
2890,b2740,0.1498576352465158
2891,b2741,0.526592943654555
2892,b2742,0.3519887363604364
2893,b2743,0.6939625260235948
2894,b2744,0.49468216670789017
2895,b2745,0.5306447333510215
2896,b2746,0.4690431519699813
2897,b2747,0.4577706569008927
2899,b2749,0.10071507704703393
2900,b2750,0.3591309032142216
2901,b2751,0.528680941052075
2902,b2752,0.43393360815795184
2903,b2753,0.36376864314296103
2904,b2754,0.4351610095735422
2905,b2755,0.47258979206049145
2906,b2756,0.4437541601952519
2907,b2757,0.44130626654898497
2908,b2758,0.4640371229698375
2909,b2759,0.508001016002032
2910,b2760,0.39100684261974583
2911,b2761,0.4224757076468103
2913,b2762,0.5714285714285714
2914,b2763,0.43440486533449174
2915,b2764,0.3780718336483932
2916,b2765,0.38262865888655057
2917,b2766,0.4659832246039143
2918,b2767,0.4440497335701599
2919,b2768,0.4098360655737705
2920,b2769,0.5768676088837612
2921,b2770,0.5046681806712087
2923,b4463,0.32894736842105265
2924,b2774,0.6205398696866274
2925,b2775,0.17727353306151392
2926,b2776,0.4684937924572499
2927,b2777,0.45300113250283125
2930,b2779,0.5336179295624333
2931,b2780,0.5896226415094339
2932,b2781,0.3606853020739405
2933,b2782,0.3850596842510589
2934,b2783,0.578368999421631
2935,b2784,0.6110601894286588
2936,b2785,0.585308750365818
2937,b2786,0.11611030478955006
2938,b2787,0.4875670404680643
2939,b2788,0.41536863966770515
2940,b2789,0.1906032593157343
2941,b2790,0.4633920296570899
2942,b2791,0.3681885125184094
2943,b2792,0.5686664771111742
2945,b2793,0.42634832658281807
2946,b2794,0.4484304932735426
2947,b2795,0.5561735261401557
2948,b2796,0.24378352023403216
2949,b2797,0.43421623968736434
2950,b2798,0.5524861878453039
2951,b2799,0.6516780710329098
2952,b2800,0.2780094523213789
2953,b2801,0.44732721986132856
2954,b2802,0.4566210045662101
2955,b2803,0.45506257110352677
2956,b2804,0.38580246913580246
2957,b2805,0.4948045522018803
2958,b2806,0.34518467380048323
2959,b2807,0.4399472063352398
2960,b2808,0.433557337957945
2962,b2809,0.36710719530102787
2964,b2811,0.41442188147534187
2965,b2812,0.4146796599626788
2966,b2813,0.5543237250554324
2970,b2817,0.4384042086804033
2971,b2818,0.5271481286241434
2972,b2819,0.5148005148005148
2973,b2820,0.254841997961264
2974,b2821,0.30998140111593303
2975,b2822,0.56657223796034
2976,b2823,0.26755852842809363
2977,b2824,0.39533504645186796
2978,b2825,0.3620564808110065
2979,b2826,0.09148712318741138
2980,b2827,0.3692762186115214
2981,b2828,0.2616088947024199
2983,b2830,0.3660322108345534
2985,b2831,0.47744091668656
2986,b2832,0.3566333808844508
2987,b2833,0.4801920768307323
2988,b2834,0.6230529595015576
2989,b2835,0.436109899694723
2990,b2836,0.7473841554559043
2993,b2837,0.5220569042025581
2994,b2838,0.061743640405038276
2995,b2839,0.5616399887672002
2996,b2840,0.4644681839294008
2997,b2841,0.36245016310257333
2998,b2842,0.4068348250610252
2999,b2843,0.41981528127623846
3000,b2844,0.5257623554153522
3001,b2845,0.12224938875305624
3002,b2846,0.4733727810650888
3003,b2847,0.04286418483036499
3004,b2848,0.26546323334218214
3006,b2849,0.5861664712778429
3007,b2850,0.3673094582185491
3008,b2851,0.5230125523012552
3009,b2852,0.5904930617065249
3010,b2853,0.37037037037037035
3011,b2854,0.42372881355932196
3012,b2855,0.39138943248532293
3014,b2858,0.3866976024748646
3015,b2859,0.4117768169652049
3018,b2862,0.587026709715292
3019,b2863,0.24491795248591722
3020,b2864,0.46685340802987857
3021,b2865,0.25422651582560063
3022,b2866,0.4798464491362764
3023,b2867,0.4344992396263307
3024,b2868,0.3326126725428239
3025,b2869,0.4567252797442339
3026,b2870,0.4579803068468056
3027,b2871,0.5023863350916855
3028,b2872,0.33675702980299715
3029,b2873,0.44903457566232596
3030,b2874,0.5477951246233909
3031,b2875,0.3837298541826554
3032,b2876,0.5054334091483447
3033,b2877,0.34370166695308474
3035,b2879,0.5279831045406548
3036,b2880,0.4846135207172279
3037,b2881,0.3596475454055026
3038,b2882,0.34656038814763473
3039,b2883,0.5083884087442806
3040,b4464,0.14938751120406335
3041,b2886,0.31525851197982346
3042,b2887,0.3304146704113663
3043,b2888,0.23038820412394884
3046,b2889,0.4082465809348847
3047,b2890,0.40040040040040037
3048,b2891,0.6075334143377886
3049,b2892,0.2023677021147425
3050,b2893,0.43563493792202135
3051,b2894,0.4034698406294129
3052,b2895,0.41511000415110005
3053,b2896,0.6439150032195751
3054,b2897,0.6093845216331505
3055,b2898,0.8009611533840609
3056,b2899,0.22241992882562275
3057,b2900,0.5957700327673517
3058,b2901,0.48887802493277926
3059,b2902,0.6226650062266501
3060,b2903,0.3924646781789639
3061,b2904,0.6184291898577613
3062,b2905,0.3805899143672693
3065,b2907,0.6453694740238787
3066,b2908,0.36982248520710065
3067,b2909,0.5934718100890207
3068,b2910,0.34281796366129585
3070,b2912,0.4224757076468103
3073,b2913,0.7079646017699115
3074,b2914,0.31791448100460973
3075,b2915,0.3506926179203928
3076,b2916,0.4224757076468103
3077,b2917,0.5288207297726071
3078,b2918,0.5654509471303365
3079,b2919,0.4548555833522856
3080,b2920,0.547945205479452
3081,b2921,0.3526714865103156
3082,b2922,0.5065856129685917
3083,b2923,0.274310794129749
3084,b2924,0.6775067750677507
3085,b2925,0.5149330587023686
3086,b2926,0.6129328838492185
3087,b2927,0.3940886699507389
3088,b2928,0.4918839153959665
3089,b2929,0.3095496053242532
3090,b2930,0.5387931034482758
3091,b4465,0.4970178926441352
3092,b2933,0.3460806367883717
3093,b2934,0.4604051565377532
3094,b2935,0.3829950210647262
3095,b2936,0.45433893684688775
3096,b2937,0.464792005577504
3097,b2938,0.6209251785159888
3098,b2939,0.4069175991861648
3100,b2940,0.42973785990545765
3101,b2941,0.41649312786339027
3102,b2942,0.5330490405117271
3103,b2943,0.16424406668309108
3104,b2944,0.4001600640256103
3105,b2945,0.3415883859948762
3106,b2946,0.4501462975467027
3107,b2947,0.4934616333580064
3108,b2948,0.4816955684007707
3109,b2949,0.6261740763932373
3110,b2950,0.33607797008906065
3111,b2951,0.39323633503735744
3112,b2952,0.5041593143433325
3113,b2953,0.4276245456489203
3114,b2954,0.4410143329658214
3115,b2955,0.2730748225013654
3116,b2956,0.3930817610062893
3117,b2957,0.43917435221783047
3118,b2958,0.3644979041370512
3119,b2959,0.4581901489117984
3120,b2960,0.6267627702914447
3121,b2961,0.1479946721918011
3122,b2962,0.469593801361822
3123,b2963,0.7039774727208729
3124,b2964,0.37271710771524413
3125,b2965,0.6644518272425249
3127,b2966,0.4916420845624386
3129,b2968,0.5083884087442806
3132,b2970,0.41186161449752884
3133,b2971,0.16260162601626016
3134,b2972,0.3018867924528302
3136,b2975,0.18254837531945967
3137,b2976,0.42372881355932207
3138,b2977,0.46264168401572975
3139,b4467,0.46072333563695
3140,b4468,0.5430355688297583
3141,b2979,0.405926527298559
3142,b2980,0.44081992506061274
3143,b2981,0.44189129474149363
3145,b2983,0.39714058776806993
3146,b2984,0.5236973029588897
3147,b2985,0.5730659025787965
3148,b2986,0.5356186395286556
3149,b2987,0.37643515904385466
3150,b2988,0.34704147145583897
3151,b2989,0.6837606837606838
3152,b2990,0.413992962119644
3153,b2991,0.36845983787767134
3154,b2992,0.3959611958028113
3155,b2993,0.404122044857547
3156,b2994,0.5649717514124294
3157,b2995,0.31655587211142766
3158,b2996,0.499001996007984
3159,b2997,0.5439216752787599
3160,b2998,0.5221932114882506
3161,b4658,0.4347826086956522
3163,b3001,0.5050505050505051
3164,b3002,0.6772773450728073
3165,b3003,0.4328067517853278
3166,b3005,0.1517565824417634
3167,b3006,0.4504504504504505
3168,b3008,0.48721071863580995
3169,b3009,0.2000400080016003
3170,b3010,0.18443378827001108
3171,b3011,0.5491488193300385
3172,b3012,0.5574136008918618
3173,b3013,0.1936858415649816
3174,b3014,0.5190760446405399
3175,b4469,0.4077471967380224
3176,b3017,0.43687199650502406
3177,b3018,0.6080875646093038
3178,b3019,0.46479200557750405
3179,b3020,0.4146796599626788
3180,b3021,0.5246589716684155
3181,b3022,0.04223775633038373
3182,b3023,0.43290043290043295
3183,b3024,0.5309264666843643
3184,b3025,0.4930966469428008
3185,b3026,0.5204267499349466
3186,b3027,0.18819986826009225
3187,b3028,0.6064281382656155
3188,b3029,0.5060728744939271
3189,b3030,0.47281323877068554
3190,b3031,0.5580357142857143
3191,b3032,0.5395198273536552
3192,b3033,0.4814636494944632
3193,b3034,0.4424778761061947
3194,b3035,0.3111871790882216
3196,b3038,0.4406256884776383
3198,b3040,0.5353319057815846
3200,b3041,0.45034902049088044
3201,b3042,0.4127966976264189
3202,b3043,0.5204267499349466
3203,b3046,0.3424657534246575
3206,b3047,0.35180299032541773
3207,b3048,0.38380349261178276
3208,b3049,0.574052812858783
3209,b3050,0.17308524448290782
3210,b3051,0.39666798889329635
3215,b3052,0.47528517110266155
3216,b3053,0.3995205753096284
3217,b3054,0.3870718018192375
3218,b3055,0.6075334143377886
3219,b3056,0.41657987919183503
3220,b3057,0.1803263907672888
3221,b3058,0.5313496280552603
3222,b3059,0.42122999157540025
3223,b3060,0.4521817770743839
3224,b3061,0.6983240223463687
3225,b3062,0.4393673110720563
3226,b3063,0.24125452352231608
3227,b3064,0.4454342984409799
3228,b3065,0.4739336492890995
3229,b3066,0.46554934823091243
3230,b3067,0.3993610223642173
3231,b3068,0.5158627805003869
3233,b3070,0.43029259896729777
3234,b3071,0.42078687144961074
3235,b3072,0.6474587245063127
3236,b3073,0.5777007510109764
3237,b3074,0.585480093676815
3238,b3075,0.3930045195519748
3239,b3076,0.54421768707483
3240,b3077,0.5246589716684155
3241,b3078,0.19164430816404754
3242,b3079,0.41511000415110005
3243,b3080,0.3080714725816389
3244,b3081,0.49975012493753124
3245,b3082,0.43878894251864853
3246,b3083,0.39054872095293885
3247,b3084,0.33755274261603374
3248,b3085,0.2662052442433116
3249,b3086,0.29214139643587494
3250,b3087,0.425531914893617
3251,b3088,0.2720348204570185
3252,b3089,0.48065368901706323
3254,b3091,0.418322526668061
3255,b3092,0.536480686695279
3256,b3093,0.23523876734885907
3257,b3094,0.1948178453146308
3259,b3095,0.3252561392096276
3260,b3096,0.5105948429920858
3261,b3097,0.3454828122300916
3262,b3098,0.5165289256198348
3263,b3099,0.48875855327468226
3264,b3100,0.5317734645041212
3265,b3101,0.3917727717923604
3266,b3102,0.5091649694501018
3267,b3103,0.5595970900951315
3268,b3104,0.3931590328287793
3269,b3105,0.33433634236041454
3270,b3106,0.3945551390806865
3271,b3107,0.25207965717166625
3272,b4470,0.3861003861003861
3273,b3110,0.4290924694271616
3274,b4471,0.4663091629750525
3276,b3114,0.4367765887748416
3277,b3115,0.6949270326615705
3278,b3116,0.14823599169878446
3279,b3117,0.4535147392290249
3280,b3118,0.38647342995169076
3281,b3119,0.38087983241287376
3282,b3120,0.2586987453110852
3283,b3121,0.4107619634421853
3285,b3124,0.4234596654668643
3286,b3125,0.28860028860028863
3287,b3126,0.326743996079072
3288,b3127,0.4455335263978614
3289,b3128,0.42043304603741855
3290,b3129,0.4916420845624386
3292,b3131,0.16385384237260364
3293,b3132,0.3364737550471063
3294,b3133,0.41580041580041577
3295,b3134,0.07223606746848703
3296,b3135,0.33467202141900937
3297,b3136,0.6116207951070336
3298,b3137,0.36133694670280037
3299,b3138,0.4097520999795124
3300,b3139,0.22187708009762594
3301,b3140,0.18532246108228317
3302,b3141,0.5277044854881267
3303,b3142,0.30175015087507545
3304,b3143,0.2516039753428104
3305,b3144,0.19069412662090007
3306,b3145,0.16291951775822744
3307,b3146,0.36218761318362913
3308,b3147,0.561324726354196
3309,b3148,0.4241781548250265
3310,b3149,0.36496350364963503
3311,b3150,0.38692203520990515
3312,b3151,0.16603021749958494
3313,b3152,0.6891798759476223
3314,b3153,0.39146604032100213
3315,b3154,0.5851375073142188
3316,b3155,0.37835792659856227
3317,b3156,0.38380349261178276
3318,b3157,0.5095541401273885
3319,b3158,0.5485463521667581
3320,b3159,0.5068423720223011
3321,b3160,0.4764173415912339
3322,b3161,0.2201430930104568
3323,b3162,0.14623089858887184
3323,b3162,0.43459365493263796
3325,b3163,0.37271710771524413
3326,b3164,0.4103405826836274
3328,b3165,0.4251700680272109
3329,b3166,0.3707823507601038
3330,b3167,0.4084133142740453
3331,b3168,0.2695054574855141
3332,b3169,0.43734966105401263
3333,b3170,0.38857586943850786
3335,b3172,0.5986231667165519
3336,b3173,0.43149946062567424
3338,b3175,0.3740415186085656
3339,b3176,0.2772387025228722
3340,b3177,0.3528581510232886
3341,b3178,0.11618450098756827
3342,b3179,0.5561735261401557
3343,b3180,0.47114252061248524
3344,b3181,0.44772778150884257
3345,b3182,0.3620564808110065
3346,b3183,0.3717472118959107
3347,b3184,0.2429838415745353
3348,b3185,0.39001560062402496
3349,b3186,0.3747423646243208
3350,b3187,0.3522987493394399
3351,b3188,0.23744509082274723
3352,b3189,0.25211143325349805
3353,b3190,0.4484304932735426
3354,b3191,0.33795201081446435
3355,b3192,0.6482982171799028
3356,b3193,0.49677098857426727
3357,b3194,0.20399836801305593
3358,b3195,0.47675804529201427
3359,b3196,0.3832886163280951
3360,b3197,0.37327360955580435
3361,b3198,0.3671745915182669
3362,b3199,0.32185387833923396
3363,b3200,0.387747188832881
3364,b3201,0.4894762604013705
3365,b3202,0.4855547462976451
3366,b3203,0.4114379757251594
3368,b3205,0.4811161895597787
3369,b3206,0.4215851602023609
3370,b3207,0.36383481899217757
3371,b3208,0.5158627805003869
3372,b3209,0.4166666666666667
3374,b3210,0.23247704289201443
3375,b3211,0.6211180124223603
3376,b3212,0.5729017473503294
3377,b3213,0.3556187766714083
3378,b3214,0.07080397918363011
3379,b3215,0.308546744831842
3380,b3216,0.6013229104028864
3381,b4569,0.5668934240362812
3383,b3219,0.4075810067250866
3384,b3220,0.3961180431768667
3385,b3221,0.4702562896778744
3386,b3222,0.5403944879762226
3387,b3223,0.38819875776397517
3388,b3224,0.38044512079132586
3389,b3225,0.3669724770642202
3390,b3226,0.5047955577990914
3391,b3227,0.25329280648429586
3392,b3228,0.38993955936829794
3393,b3229,0.4106776180698152
3394,b3230,0.22797218739313804
3395,b3231,0.4103405826836274
3396,b3232,0.4875670404680643
3397,b3233,0.42662116040955633
3398,b3234,0.4645760743321719
3399,b3235,0.1928082521931939
3400,b3236,0.3454828122300916
3401,b3237,0.4581901489117984
3402,b3238,0.37327360955580435
3403,b3239,0.5374899220639613
3404,b3240,0.24968789013732834
3405,b3241,0.29686804215526197
3406,b3242,0.19644435713584124
3407,b3243,0.3737619136609979
3408,b3244,0.38872691933916426
3410,b3247,0.3301964668978042
3411,b3248,0.3954913980620921
3412,b3249,0.3838771593090211
3413,b3250,0.29364263691087944
3414,b3251,0.37140204271123495
3415,b3252,0.23301875801001984
3416,b3253,0.461361014994233
3419,b3255,0.4405286343612336
3420,b3256,0.48274197441467537
3420,b3256,0.3367003367003367
3421,b3257,0.38520801232665636
3422,b3258,0.14598540145985403
3423,b3259,0.4357298474945534
3424,b3260,0.3534817956875221
3425,b3261,0.22383883603805263
3426,b3262,0.7285974499089253
3427,b3263,0.3947108742845865
3428,b3264,0.40950040950040945
3429,b3265,0.335401643468053
3430,b3266,0.5021340697966357
3431,b3267,0.41972717733473236
3432,b3268,0.4565167769915544
3433,b3269,0.5104645227156713
3434,b3270,0.3949447077409163
3435,b3271,0.4329941545789132
3443,b3279,0.41152263374485604
3444,b3280,0.47619047619047616
3445,b3281,0.3858769052672198
3446,b3282,0.4365858982754858
3448,b3284,0.5059448520111308
3449,b4473,0.4084133142740453
3450,b3287,0.44257579110422657
3451,b3288,0.2787456445993031
3452,b3289,0.4200798151648813
3453,b3290,0.44964028776978415
3454,b3291,0.4122861265718409
3455,b4550,0.5544774050457444
3456,b3292,0.3832886163280951
3457,b3293,0.4322455154527772
3458,b3294,0.12040214315814823
3459,b3295,0.5032712632108707
3460,b3296,0.11784809380708267
3461,b3297,0.4526935264825714
3462,b3298,0.4045307443365696
3463,b3299,0.6918021445866482
3464,b3300,0.3411222923418045
3465,b3301,0.3999200159968006
3466,b3302,0.36697247706422015
3467,b3303,0.4924895345973898
3468,b3304,0.3922337713277113
3469,b3305,0.3700962250185048
3470,b3306,0.4027386226339106
3471,b3307,0.4463289444320464
3472,b3308,0.4272591326639607
3473,b3309,0.4811161895597787
3474,b3310,0.4694835680751174
3475,b3311,0.42625745950554134
3476,b3312,0.4012841091492777
3477,b3313,0.2667377967457989
3478,b3314,0.4075810067250866
3479,b3315,0.3645643456069996
3480,b3316,0.3049245311785333
3481,b3317,0.3247807729782397
3482,b3318,0.46750818139317435
3483,b3319,0.2706726214643389
3484,b3320,0.4325259515570934
3485,b3321,0.48181161165984104
3486,b3322,0.4973887092762994
3487,b3323,0.3277076847452073
3488,b3324,0.39393342525113256
3489,b3325,0.3726476616359232
3490,b3326,0.485201358563804
3491,b3327,0.3756574004507889
3492,b3328,0.5279831045406547
3493,b3329,0.44612982377871957
3494,b3330,0.4127966976264189
3495,b3331,0.25252525252525254
3496,b3332,0.14780873549626783
3497,b3333,0.1652755970580944
3498,b3334,0.33938571186153066
3499,b3335,0.15274171376202839
3500,b3336,0.5506607929515418
3501,b3337,0.3621220351258374
3502,b3338,0.3021148036253776
3503,b3339,0.43327556325823224
3504,b3340,0.41101520756267984
3505,b3341,0.138811771238201
3506,b3342,0.3891050583657587
3507,b3343,0.4699248120300752
3508,b3344,0.4981320049813201
3509,b3345,0.45433893684688775
3510,b3346,0.4276245456489203
3511,b3347,0.4202563563773902
3512,b3348,0.5329070077271516
3513,b3349,0.43907793633369924
3514,b4551,0.5041593143433325
3515,b3350,0.25903380391141045
3516,b3351,0.46360686138154844
3517,b3352,0.3902439024390244
3518,b3353,0.5109862033725089
3519,b3354,0.40675208460443363
3520,b3355,0.43318171973142733
3521,b3356,0.4245383145828911
3522,b3357,0.3580379520229144
3523,b3358,0.3104625892579944
3524,b3359,0.42616663115278075
3526,b3360,0.4494382022471911
3527,b3361,0.3719546215361726
3528,b3362,0.3782863627766219
3529,b3363,0.4365858982754858
3530,b3364,0.3471619510501649
3531,b3365,0.39824771007566706
3532,b3366,0.4078303425774878
3533,b3367,0.4289084280506112
3534,b3368,0.5259006047856956
3535,b3369,0.6273525721455457
3536,b3370,0.3306331625061994
3537,b3371,0.4346881112801565
3538,b4474,0.5915409642117716
3539,b3374,0.48042277203939465
3541,b3376,0.4433606739082243
3542,b3377,0.42480883602378927
3543,b3378,0.43630017452006986
3544,b3379,0.43094160741219567
3545,b3380,0.5154639175257733
3546,b3381,0.5177323323841573
3549,b3384,0.40741495212874307
3550,b3385,0.4259850905218317
3551,b3386,0.4021717273275689
3552,b3387,0.37140204271123495
3553,b3388,0.3089757454039858
3554,b3389,0.4684937924572499
3556,b3391,0.277623542476402
3557,b3392,0.19109497420217847
3558,b3393,0.1984126984126984
3559,b3394,0.2397506593143131
3560,b3395,0.5899705014749264
3561,b3396,0.27427317608337903
3562,b3397,0.4098360655737705
3563,b3398,0.20224491859642027
3564,b3399,0.3294350189425136
3565,b3400,0.396039603960396
3566,b3401,0.5643340857787811
3567,b3402,0.5614823133071308
3568,b3403,0.30353619669145543
3569,b3404,0.39207998431680063
3570,b3405,0.1820498816675769
3571,b3406,0.4107619634421853
3572,b3407,0.5638567803777841
3573,b3408,0.49285362247412523
3574,b3409,0.45402951191827473
3575,b3410,0.5099439061703213
3576,b3411,0.4016064257028112
3577,b3412,0.3727865796831314
3577,b3412,0.33823778116015557
3578,b3413,0.48935649620748717
3579,b3414,0.48297512678097076
3580,b3415,0.35593521978999826
3581,b3416,0.3294350189425136
3582,b3417,0.5169294391315585
3583,b3418,0.5589714924538849
3584,b4475,0.3957261574990107
3585,b3421,0.44682752457551383
3586,b3422,0.3862495171881035
3587,b3423,0.4379242391066345
3588,b3424,0.42238648363252373
3589,b3425,0.3506311360448807
3590,b3426,0.5112474437627812
3591,b3427,0.40799673602611186
3592,b3428,0.6222775357809583
3593,b3429,0.6213109661385523
3594,b3430,0.5254860746190226
3595,b3431,0.4995004995004996
3596,b3432,0.5309264666843642
3599,b3433,0.3683241252302026
3600,b3434,0.3695491500369549
3601,b4476,0.3884249368809478
3602,b3437,0.44004400440044006
3604,b3439,0.5270092226613966
3605,b3440,0.3999200159968006
3607,b3441,0.5120327700972863
3608,b3442,0.4329004329004329
3609,b3443,0.49838026414154
3613,b3446,0.2159827213822894
3614,b3447,0.34441191665231613
3615,b3448,0.30220610456331215
3616,b3449,0.47370914258645197
3617,b3450,0.5361930294906166
3618,b3451,0.2920134326179004
3619,b3452,0.23660238968413583
3620,b3453,0.42653017701002344
3621,b3454,0.5065856129685916
3622,b3455,0.5541701302299806
3623,b3456,0.3043676761527926
3624,b3457,0.14269406392694065
3625,b3458,0.4658746797111577
3626,b3459,0.21489201676157735
3627,b3460,0.3716781267422412
3628,b3461,0.4977600796416128
3629,b3462,0.3921568627450981
3630,b3463,0.5089058524173028
3631,b3464,0.49321824907521583
3632,b3465,0.5042864346949066
3633,b3466,0.31746031746031744
3634,b3467,0.23030861354214646
3635,b3468,0.29244041526538966
3636,b3469,0.556792873051225
3637,b3470,0.3675794890645102
3638,b3471,0.26367831245880025
3639,b3472,0.4778972520908004
3641,b3474,0.3829216925138809
3642,b3475,0.5309264666843643
3643,b3476,0.44832997085855186
3644,b3477,0.17796760989499913
3645,b3478,0.41937513105472846
3646,b3479,0.4609356994699239
3647,b3480,0.5768676088837612
3648,b3481,0.3114294612270321
3649,b3482,0.4454342984409799
3650,b3483,0.26907036189963673
3651,b4552,0.6596306068601583
3652,b3484,0.4148516905206389
3653,b3485,0.4264392324093817
3654,b3486,0.19122287025528253
3655,b3487,0.16500288755053213
3657,b3488,0.40273862263391064
3658,b4660,0.5002501250625313
3658,b4660,0.34435261707988984
3660,b3492,0.47653085537288536
3661,b3493,0.16160310277957338
3662,b3494,0.46360686138154844
3663,b3495,0.24084778420038536
3666,b3496,0.17373175816539263
3667,b3497,0.4699248120300752
3668,b3498,0.5049229992426155
3669,b3499,0.36199095022624433
3670,b3500,0.5535566011624689
3674,b3501,0.5592841163310962
3675,b3502,0.30576364470264483
3676,b3503,0.30726686126901215
3677,b3504,0.11270780501549732
3680,b3507,0.4148516905206389
3681,b3508,0.31240237425804435
3682,b3509,0.4520795660036167
3683,b3510,0.33800912624640866
3684,b3511,0.22828444241524942
3686,b3512,0.5445140212360469
3688,b3513,0.44159858688452197
3689,b3514,0.4079967360261118
3690,b3515,0.3707823507601038
3692,b3516,0.3370975897522333
3693,b3517,0.3291639236339697
3694,b3518,0.4518752824220515
3695,b3519,0.5306447333510215
3696,b3520,0.3168065895770632
3697,b3521,0.51440329218107
3698,b3522,0.1905850962454736
3699,b3523,0.5988023952095809
3700,b3524,0.25422651582560063
3701,b3525,0.671366230278617
3702,b3526,0.3930045195519748
3703,b3527,0.31274433150899145
3704,b3528,0.25650891368475054
3707,b3531,0.3381805884342239
3708,b3532,0.5396654074473827
3709,b3533,0.1759169671914856
3711,b3535,0.37230081906180196
3712,b3536,0.37907505686125853
3713,b3537,0.5141388174807199
3714,b3538,0.2664180098574664
3715,b4453,0.35298270384751146
3717,b3539,0.26409613099168094
3719,b3541,0.45126353790613716
3720,b3542,0.13293452974410103
3721,b3543,0.42707666026051677
3722,b3544,0.45714285714285713
3723,b3545,0.4491354143274197
3724,b3546,0.36304229442730074
3725,b3547,0.532197977647685
3726,b3548,0.4481290611696169
3727,b3549,0.48887802493277926
3728,b3550,0.397377309755613
3730,b3552,0.3993610223642173
3732,b3554,0.46168051708217916
3733,b3555,0.3739016638624042
3734,b3556,0.510073960724305
3737,b4455,0.4016870857601928
3741,b3559,0.5920663114268798
3742,b3560,0.43215211754537597
3743,b4553,0.37907505686125853
3744,b3561,0.3144654088050315
3745,b3562,0.35211267605633806
3746,b3563,0.41788549937317176
3747,b3564,0.31710797526557793
3749,b3565,0.3725088470851183
3750,b3566,0.2620888481195125
3751,b3567,0.3822629969418961
3752,b3568,0.2594706798131811
3753,b3569,0.32185387833923396
3754,b3570,0.33495226930162453
3756,b3571,0.5268703898840885
3757,b3572,0.31157501168406293
3758,b3573,0.3376667229444538
3759,b3574,0.4611482591653217
3760,b3575,0.5554012774229381
3761,b3576,0.37608123354644607
3762,b3577,0.27831895352073477
3763,b3578,0.3718854592785422
3764,b3579,0.36042530185619026
3765,b3580,0.3627130939426913
3766,b3581,0.35913090321422153
3767,b3582,0.544069640914037
3768,b3583,0.41050903119868637
3771,b3584,0.26755852842809363
3772,b3585,0.3081664098613251
3773,b3586,0.48935649620748717
3774,b3587,0.48899755501222497
3776,b3589,0.45075501464953793
3777,b3590,0.42983021706425956
3778,b3591,0.4290924694271616
3779,b3592,0.2836879432624113
3780,b3593,0.5148005148005148
3781,b3594,0.34602076124567477
3782,b3595,0.4801920768307323
3783,b3596,0.29027576197387517
3788,b3597,0.08356662349057786
3789,b3598,0.1171303074670571
3790,b3599,0.2308935580697299
3791,b3600,0.3096454559529339
3792,b3601,0.4839099927413501
3793,b4554,0.36771465342893916
3794,b3602,0.37126415444588823
3795,b3603,0.21150592216582065
3796,b3604,0.3397893306150187
3797,b3605,0.5023863350916855
3798,b3606,0.350140056022409
3799,b3607,0.3456022118541558
3800,b3608,0.45055192610948414
3801,b3609,0.41050903119868637
3802,b3610,0.39285012767629157
3803,b3611,0.3732736095558044
3804,b3612,0.37369207772795215
3806,b3614,0.5817335660267597
3807,b3615,0.40933278755628333
3808,b3616,0.4384042086804034
3809,b3617,0.370919881305638
3810,b3618,0.5757052389176741
3811,b3619,0.30129557095510695
3812,b3620,0.40290088638195
3813,b3621,0.5278437582475588
3814,b3622,0.3827018752391887
3817,b3623,0.44130626654898497
3818,b3624,0.48531909730647893
3819,b3625,0.7933359777865927
3820,b3626,0.3795066413662239
3821,b3627,0.4694835680751174
3822,b3628,0.42973785990545765
3823,b3629,0.34873583260680036
3824,b3630,0.25176233635448136
3825,b3631,0.4780114722753346
3826,b3632,0.3941663381947182
3828,b3633,0.6234413965087281
3829,b3634,0.312256049960968
3830,b3635,0.40807998367680065
3831,b3636,0.20281918669506133
3832,b3637,0.40666937779585194
3833,b3638,0.3313452617627568
3834,b3639,0.5083884087442806
3835,b3640,0.4501462975467027
3836,b3641,0.13717421124828533
3837,b3642,0.4346881112801564
3838,b3643,0.5412719891745602
3839,b3644,0.6033182503770739
3840,b3645,0.3102218085931441
3841,b3646,0.15761683347781544
3842,b3647,0.09748488984207448
3843,b3648,0.4756242568370987
3844,b3649,0.44454323182929534
3845,b3650,0.3893322951138797
3846,b3651,0.3472222222222222
3847,b3652,0.36529680365296807
3848,b3653,0.2201915666629968
3849,b3654,0.3136270973812137
3850,b3655,0.16982253545045425
3851,b3656,0.7064641469445426
3855,b3659,0.24512807942149772
3856,b3660,0.11297520194317348
3858,b3661,0.39525691699604737
3859,b4555,0.6759040216289287
3861,b3663,0.5186721991701245
3862,b3664,0.20441537203597712
3863,b3665,0.3993610223642173
3865,b3666,0.4068348250610252
3866,b3667,0.5468963631391851
3867,b3668,0.6476683937823834
3868,b3669,0.41893590280687054
3869,b3670,0.3448275862068965
3870,b3671,0.44612982377871957
3871,b3672,0.3064194882794546
3875,b3673,0.25933609958506226
3876,b3674,0.5379236148466918
3877,b3675,0.33692722371967654
3878,b3676,0.4431641923332595
3879,b3677,0.37921880925293894
3880,b3678,0.41623309053069724
3881,b3679,0.15605493133583023
3882,b3680,0.371126368528484
3883,b4556,0.4954173891503592
3884,b3682,0.46718056528848395
3885,b3683,0.19370460048426152
3886,b3684,0.4621072088724585
3887,b3685,0.20224491859642027
3888,b3686,0.31402103940964043
3889,b3687,0.33738191632928477
3890,b3688,0.43215211754537597
3891,b3689,0.44822949350067237
3892,b3690,0.5065856129685916
3893,b3691,0.3164556962025316
3894,b4478,0.4510599909788002
3895,b4477,0.46232085067036516
3896,b3693,0.28348688873139616
3897,b4479,0.28137310073157007
3898,b3696,0.4366812227074236
3899,b3697,0.5175983436853002
3900,b3698,0.5017561465127948
3901,b3699,0.25046963055729493
3901,b3699,0.5986231667165519
3902,b3700,0.32304958811177514
3903,b3701,0.4005607850991388
3904,b3702,0.38424591738712777
3906,b3703,0.3250975292587776
3907,b3704,0.40741495212874307
3908,b4557,0.3739715781600598
3909,b3705,0.32273680813296757
3910,b3706,0.42808219178082185
3911,b3707,0.3431708991077557
3912,b3708,0.44052863436123346
3913,b3709,0.2369949046095509
3914,b3710,0.2720718269623181
3915,b3711,0.6391818472355385
3916,b3712,0.35797386790764274
3917,b3713,0.4020100502512563
3918,b3714,0.29472443265546716
3919,b3715,0.4699248120300752
3920,b3716,0.1628266710087112
3921,b3717,0.41580041580041577
3922,b3718,0.6309148264984227
3923,b3719,0.5211047420531527
3924,b3720,0.06754474839581223
3925,b3721,0.530082162735224
3926,b3722,0.22917382834880257
3927,b3723,0.946073793755913
3928,b3724,0.5236973029588897
3929,b3725,0.5592841163310962
3930,b3726,0.18263172313030773
3931,b3727,0.3440564252537416
3932,b3728,0.3102218085931441
3933,b3729,0.47904191616766467
3934,b3730,0.4225649693640397
3935,b3731,0.29078220412910727
3936,b3732,0.5737234652897304
3937,b3733,0.22383883603805263
3938,b3734,0.44326241134751776
3939,b3735,0.33123550844650546
3940,b3736,0.3832886163280951
3941,b3737,0.5455537370430987
3942,b3738,0.1098357954857488
3943,b3739,0.39131285462727444
3944,b3740,0.4049402713099818
3945,b3741,0.39824771007566706
3946,b3742,0.6345177664974619
3947,b3743,0.4870920603994155
3948,b3744,0.3586157432311278
3949,b3745,0.3221130616846513
3950,b3746,0.5357621216180016
3951,b3747,0.2290688351849731
3952,b3748,0.31938677738741617
3953,b3749,0.6075334143377886
3954,b3750,0.6110601894286587
3955,b3751,0.45197740112994345
3957,b3752,0.39169604386995693
3958,b3753,0.499001996007984
3959,b3754,0.45808520384791573
3960,b3755,0.5698005698005698
3967,b4480,0.5931198102016607
3969,b3765,0.41657987919183503
3970,b3766,0.6946856547412297
3972,b4488,0.3799392097264438
3973,b3769,0.4338394793926248
3974,b3770,0.3897116134060795
3975,b3771,0.3766478342749529
3976,b3772,0.37299515106303616
3977,b3773,0.34644032565390614
3978,b3774,0.436109899694723
3979,b3775,0.4493372275893057
3980,b3777,0.7459903021260723
3980,b3777,0.4783544606553456
3981,b3778,0.4652244708071645
3982,b3779,0.35688793718772305
3983,b3780,0.4045307443365696
3984,b3781,0.3944773175542406
3985,b3782,0.3286770747740345
3986,b3783,0.5546311702717693
3987,b3784,0.46360686138154844
3988,b3785,0.47619047619047616
3989,b3786,0.33772374197906113
3990,b3787,0.38986354775828463
3991,b3788,0.4885197850512946
3992,b3789,0.49079754601226994
3993,b3790,0.7401924500370096
3994,b3791,0.47539814594723084
3995,b3792,0.2109927207511341
3996,b4481,0.35505059470974615
3997,b3793,0.26979630379063807
3998,b3794,0.5865102639296187
3999,b3795,0.1643925694558606
4004,b3800,0.5392289026691831
4005,b3801,0.3849114703618168
4007,b3802,0.4859086491739553
4008,b3803,0.34806822137138876
4009,b3804,0.5033979360684622
4011,b3806,0.689655172413793
4012,b3807,0.3716781267422412
4013,b3808,0.5918910920390648
4014,b4558,0.3146138115463269
4015,b3809,0.42671218263281413
4016,b3810,0.4463289444320464
4017,b3811,0.4484304932735426
4018,b3812,0.7911392405063291
4019,b3813,0.27693159789531985
4020,b4482,0.29931158335827596
4022,b3816,0.2552322613578356
4023,b3817,0.25769875016106175
4024,b3818,0.17924359204158452
4025,b3819,0.0602990834539315
4026,b3820,0.42372881355932207
4027,b3821,0.16980811682798438
4028,b3822,0.38409832917226805
4029,b3823,0.3800836183960471
4030,b3824,0.2302820955670697
4031,b3825,0.5030181086519114
4032,b3826,0.49875311720698257
4033,b3827,0.293513354857646
4034,b3828,0.3269042170644001
4035,b3829,0.5296610169491526
4036,b3830,0.5595970900951315
4037,b3831,0.42689434364994666
4038,b3832,0.26226068712300027
4039,b3833,0.4681647940074906
4040,b3834,0.4269854824935953
4042,b3835,0.5367686527106817
4043,b3836,0.4114379757251594
4044,b3838,0.5154639175257733
4045,b3839,0.354421407052986
4047,b3842,0.45506257110352677
4048,b3843,0.4230118443316413
4049,b3844,0.43734966105401263
4050,b3845,0.39984006397441024
4051,b3846,0.44513687959047404
4052,b3847,0.32992411745298583
4053,b3848,0.25533001404315075
4054,b3849,0.13359161044686393
4055,b3850,0.5790387955993052
4058,b3853,0.4709206498704968
4061,b3856,0.3221130616846513
4062,b3857,0.44772778150884257
4063,b3858,0.43140638481449534
4064,b3859,0.3747423646243208
4065,b3860,0.41657987919183503
4066,b3861,0.11646188784720199
4067,b3862,0.3816065636328945
4068,b3863,0.404122044857547
4072,b3866,0.39184952978056425
4073,b3867,0.3897116134060795
4075,b3868,0.11480397221743872
4076,b3869,0.4602991944764097
4077,b3870,0.44150110375275947
4078,b3871,0.37299515106303616
4079,b3872,0.39753528125621146
4080,b3873,0.33478406427854035
4081,b3874,0.10474494605635278
4082,b3875,0.3729256013425322
4083,b3876,0.4202563563773902
4084,b3877,0.16232448664881097
4085,b3878,0.48661800486618
4086,b3879,0.3911597887737141
4087,b3880,0.5361930294906166
4088,b3881,0.53475935828877
4089,b3882,0.45808520384791573
4090,b3883,0.36798528058877644
4091,b3884,0.2599428125812321
4092,b3885,0.2233638597274961
4093,b3886,0.2615404733882568
4094,b3887,0.41902367483762837
4095,b3888,0.2144542140253056
4097,b3890,0.29931158335827596
4098,b3891,0.4222081486172683
4099,b3892,0.24009603841536614
4100,b3893,0.4739336492890995
4101,b3894,0.5668934240362812
4102,b3895,0.42480883602378927
4103,b3896,0.40983606557377045
4104,b3897,0.4856726566294317
4105,b3898,0.48227634434530986
4106,b3899,0.3920031360250882
4107,b3900,0.5357621216180016
4108,b3901,0.4577706569008927
4109,b3902,0.3805899143672693
4110,b3903,0.4316857327865314
4111,b3904,0.4239983040067839
4112,b3905,0.44682752457551383
4113,b3906,0.4446420631391729
4114,b3907,0.15842839036755388
4115,b3908,0.4362050163576881
4116,b3909,0.4854368932038835
4117,b3910,0.39292730844793716
4118,b3911,0.3954913980620921
4119,b3912,0.30959752321981426
4120,b4484,0.40666937779585205
4122,b3915,0.3692762186115214
4123,b3916,0.4532064355313845
4124,b3917,0.4388852315119596
4125,b3918,0.35020136578532657
4126,b3919,0.4608294930875576
4127,b3920,0.44702726866338843
4128,b3921,0.4379242391066345
4129,b3922,0.4906771344455348
4130,b3923,0.5376344086021505
4132,b3925,0.5130836326321191
4133,b3926,0.436109899694723
4134,b3927,0.4476275738585497
4135,b3928,0.4264392324093817
4136,b3929,0.4926108374384236
4137,b3930,0.48181161165984104
4138,b3931,0.7087172218284904
4139,b3932,0.4011231448054553
4140,b3933,0.35192679922576103
4141,b3934,0.4130524576621231
4142,b3935,0.48484848484848486
4143,b3936,0.5281225244256668
4144,b3937,0.16890465332319904
4145,b3938,0.38153376573826786
4146,b3939,0.47927150730889045
4147,b3940,0.6875214850464078
4148,b3941,0.36656891495601174
4149,b3942,0.7616146230007615
4150,b3943,0.41459369817578773
4151,b3944,0.4644681839294009
4152,b3945,0.6605019815059445
4153,b3946,0.4514672686230249
4154,b3947,0.32430679422733905
4155,b3949,0.42211903756859437
4156,b3950,0.553250345781466
4157,b3951,0.68259385665529
4158,b3952,0.44052863436123346
4159,b3953,0.4772130756382724
4160,b3954,0.4154549231408392
4161,b3955,0.32232070910556004
4162,b3956,0.44662795891022783
4163,b3957,0.45136538027533285
4164,b3958,0.5395198273536552
4165,b3959,0.6287331027978623
4166,b3960,0.47014574518100616
4168,b3961,0.43994720633523976
4169,b3962,0.4365858982754858
4170,b3963,0.3866976024748646
4171,b3964,0.44257579110422657
4172,b3965,0.43630017452006986
4173,b3966,0.19579050416054822
4174,b3967,0.5834305717619603
4179,b3972,0.46425255338904364
4180,b3973,0.39161934599569215
4181,b3974,0.5313496280552603
4186,b3980,0.4659832246039143
4187,b3981,0.42616663115278075
4188,b3982,0.46242774566474
4189,b3983,0.4548555833522856
4190,b3984,0.20290149132596125
4191,b3985,0.25046963055729493
4192,b3986,0.40072129833700665
4193,b3987,0.3494060097833683
4194,b3988,0.3729256013425322
4195,b3989,0.4231013327691982
4197,b3990,0.423998304006784
4198,b3991,0.4739336492890995
4199,b4407,0.5208333333333334
4200,b3992,0.44159858688452197
4201,b3993,0.4846135207172279
4202,b3994,0.4847309743092583
4203,b3995,0.5235602094240838
4204,b3996,0.3735524841240195
4205,b3997,0.469593801361822
4206,b3998,0.5471956224350205
4207,b3999,0.47114252061248535
4208,b4000,0.5272871078302135
4209,b4001,0.4084133142740453
4211,b4003,0.7399186089530151
4212,b4004,0.4850836769342711
4213,b4005,0.44873233116446043
4214,b4006,0.42069835927639887
4219,b4011,0.5021340697966358
4220,b4012,0.46019328117809477
4221,b4013,0.514668039114771
4222,b4014,0.3675119441381845
4223,b4015,0.35530289571860013
4224,b4016,0.28645087367516475
4226,b4017,0.4813477737665464
4227,b4018,0.33590863285186423
4228,b4019,0.5957700327673517
4229,b4020,0.2748007694421544
4230,b4021,0.48042277203939465
4231,b4022,0.6150061500615006
4232,b4023,0.412796697626419
4233,b4024,0.4346881112801565
4234,b4025,0.4251700680272108
4235,b4026,0.5343307507347047
4237,b4028,0.29429075927015896
4238,b4029,0.5660911406736485
4240,b4030,0.5445140212360469
4241,b4031,0.4259850905218317
4243,b4032,0.31441597233139446
4244,b4033,0.4526935264825713
4245,b4034,0.48007681228996635
4246,b4035,0.5343307507347047
4247,b4036,0.6997900629811058
4248,b4037,0.4493372275893057
4249,b4038,0.40899795501022496
4250,b4039,0.2319647413593134
4251,b4040,0.4035512510088782
4252,b4041,0.6574621959237344
4253,b4042,0.49019607843137253
4254,b4043,0.5104645227156712
4254,b4043,0.30670142616163165
4255,b4044,0.37579857196542654
4256,b4045,0.5839416058394161
4257,b4046,0.4050222762251923
4258,b4047,0.48828125
4259,b4048,0.49055678194751046
4261,b4050,0.4084133142740453
4263,b4051,0.6951685783802573
4264,b4052,0.5324813631522897
4265,b4053,0.4687133817670495
4266,b4054,0.5486968449931413
4268,b4055,0.5605381165919283
4269,b4056,0.5002501250625312
4270,b4057,0.4998750312421895
4271,b4058,0.15678896205707119
4272,b4059,0.4388852315119596
4273,b4060,0.31128404669260695
4274,b4061,0.7039774727208729
4275,b4062,0.6430868167202571
4276,b4063,0.5878894767783657
4276,b4063,0.26599281819390874
4278,b4064,0.2764722145424385
4279,b4065,0.41493775933609955
4280,b4066,0.37814331631688414
4281,b4067,0.3017956843217142
4282,b4068,0.3924646781789639
4283,b4069,0.44603033006244425
4285,b4070,0.6381620931716655
4286,b4071,0.45024763619990993
4287,b4072,0.38380349261178276
4288,b4073,0.4921259842519685
4289,b4074,0.18360414945377765
4290,b4075,0.3860258637328701
4291,b4076,0.47258979206049156
4292,b4077,0.3860258637328701
4293,b4078,0.3738317757009346
4294,b4079,0.37742970371768264
4295,b4080,0.5606952621250351
4296,b4081,0.07756447547023464
4297,b4082,0.23132084200786487
4299,b4083,0.45279601539506453
4300,b4084,0.5165289256198348
4301,b4085,0.3931590328287793
4302,b4086,0.5246589716684155
4303,b4087,0.580046403712297
4305,b4089,0.3747423646243208
4306,b4090,0.4956629491945477
4308,b4092,0.41588687876897484
4309,b4093,0.4777830864787387
4310,b4094,0.4697040864255519
4311,b4095,0.4272591326639607
4312,b4096,0.33664366268305
4313,b4097,0.3878975950349107
4315,b4099,0.47080979284369123
4316,b4100,0.5223295899712719
4317,b4101,0.5461496450027308
4318,b4102,0.4101722723543889
4319,b4583,0.22753128555176338
4320,b4105,0.4684937924572499
4321,b4106,0.47314880529926656
4322,b4107,0.5274261603375527
4323,b4108,0.3980099502487562
4324,b4109,0.4733727810650888
4325,b4110,0.5200208008320333
4326,b4111,0.6058770069675855
4328,b4112,0.5602240896358543
4329,b4113,0.42052144659377627
4330,b4114,0.24189646831156264
4331,b4115,0.4567252797442339
4332,b4116,0.3849114703618168
4333,b4117,0.3601008282319049
4334,b4118,0.49615480029769293
4335,b4119,0.5288207297726071
4336,b4120,0.3079765937788728
4337,b4121,0.3406574689150059
4338,b4122,0.4740459824602986
4339,b4123,0.07783009689847065
4340,b4124,0.5074854097944684
4341,b4125,0.5760368663594471
4342,b4126,0.4651162790697674
4343,b4127,0.5137426149499101
4344,b4128,0.4903162539838196
4345,b4559,0.28776978417266186
4346,b4129,0.4100881689563256
4347,b4130,0.18608113137327875
4348,b4131,0.3681885125184094
4349,b4132,0.518000518000518
4350,b4133,0.5113781641523907
4353,b4135,0.22849308808408544
4354,b4136,0.3911597887737141
4355,b4137,0.5053057099545225
4356,b4138,0.16437905810799705
4358,b4139,0.3389256058295204
4359,b4140,0.5307855626326964
4360,b4141,0.12401562596887208
4361,b4142,0.5247966413014957
4362,b4143,0.5372011818426001
4363,b4144,0.3951788184153329
4364,b4145,0.36616623947272064
4365,b4146,0.517196793379881
4367,b4410,0.3965107057890563
4368,b4411,0.41245617653124356
4369,b4148,0.5205622071837585
4370,b4149,0.42185192997257964
4371,b4150,0.4764173415912339
4372,b4151,0.44832997085855186
4373,b4152,0.47014574518100616
4374,b4153,0.38001140034201025
4375,b4154,0.5622715771717739
4376,b4155,0.4624277456647399
4377,b4156,0.2389771776795316
4378,b4157,0.48402710551790906
4379,b4158,0.3469210754553339
4380,b4159,0.25409731927328166
4381,b4160,0.8628127696289905
4383,b4162,0.244081034903588
4388,b4166,0.49850448654037893
4389,b4167,0.48426150121065376
4390,b4168,0.5389382915656157
4391,b4169,0.3055300947143294
4392,b4170,0.4662004662004662
4393,b4171,0.530082162735224
4394,b4172,0.6321112515802781
4395,b4173,0.4911591355599214
4396,b4174,0.13228388120907467
4397,b4175,0.3945551390806865
4398,b4176,0.34638032559750603
4399,b4177,0.5686664771111744
4400,b4178,0.21349274124679765
4401,b4179,0.22192632046160674
4402,b4180,0.4249893752656184
4403,b4181,0.46609182008855743
4404,b4182,0.45024763619990993
4405,b4183,0.5059448520111308
4406,b4184,0.5376344086021506
4407,b4185,0.34287673581347505
4408,b4186,0.5390835579514824
4409,b4187,0.3829950210647262
4410,b4188,0.37105751391465674
4411,b4189,0.33025099075297226
4412,b4190,0.4756242568370987
4413,b4191,0.24648755237860487
4414,b4192,0.4154549231408392
4415,b4193,0.16446015952635476
4416,b4194,0.5011275369581558
4417,b4195,0.62402496099844
4418,b4196,0.5617977528089888
4419,b4197,0.46554934823091254
4420,b4198,0.5150656708730363
4421,b4199,0.17251789873199344
4422,b4200,0.437636761487965
4423,b4201,0.6770480704129994
4424,b4202,0.6178560395427866
4425,b4203,0.5208333333333334
4426,b4204,0.3803727653100038
4427,b4205,0.5509641873278237
4429,b4207,0.5803830528148578
4430,b4208,0.3427592116538132
4431,b4209,0.47326076668244205
4432,b4210,0.18908953389429894
4433,b4211,0.47846889952153115
4434,b4212,0.16215339711366952
4435,b4213,0.39100684261974583
4436,b4214,0.46040515653775327
4437,b4215,0.3427004797806717
4438,b4216,0.396904147648343
4439,b4217,0.3675119441381845
4440,b4218,0.30238887208950704
4441,b4219,0.3983270264887472
4442,b4220,0.400962309542903
4443,b4221,0.4992511233150274
4444,b4222,0.403469840629413
4445,b4224,0.36737692872887584
4446,b4225,0.4702562896778744
4447,b4226,0.48673643222195184
4448,b4227,0.3800836183960471
4449,b4485,0.3980891719745223
4450,b4230,0.3350644999162339
4451,b4231,0.27427317608337903
4452,b4232,0.2736352442194555
4453,b4233,0.253324889170361
4454,b4234,0.4302000430200043
4455,b4235,0.38692203520990515
4456,b4236,0.42265426880811496
4457,b4237,0.4873294346978557
4458,b4238,0.390625
4459,b4239,0.5437737901033171
4460,b4240,0.11946004061641383
4461,b4241,0.43177892918825567
4463,b4242,0.23651844843897826
4464,b4243,0.4579803068468056
4465,b4244,0.1741098633237573
4466,b4245,0.4548555833522856
4467,b4246,0.3436426116838488
4468,b4248,0.35580857498665713
4469,b4249,0.4645760743321719
4470,b4251,0.32970656116056707
4471,b4252,0.47359696897939857
4472,b4253,0.38409832917226805
4473,b4254,0.3893322951138797
4474,b4255,0.3543586109142452
4475,b4256,0.30557677616501144
4476,b4257,0.47370914258645186
4477,b4258,0.4276245456489203
4478,b4259,0.22241992882562275
4479,b4260,0.37460198539052253
4482,b4261,0.11359763716914686
4483,b4262,0.04864523033516564
4484,b4263,0.29420417769932333
4486,b4265,0.3776435045317221
4487,b4266,0.39254170755642787
4488,b4267,0.3635041802980734
4489,b4268,0.415282392026578
4490,b4269,0.48100048100048104
4492,b4271,0.3808073115003808
4495,b4575,0.39769337840524954
4496,b4277,0.4248990864669641
4498,b4279,0.36948087936449286
4499,b4280,0.5268703898840885
4501,b4281,0.31080031080031084
4502,b4282,0.3457814661134163
4503,b4623,0.5194805194805194
4506,b4286,0.4554771122751082
4507,b4287,0.4119464469618949
4508,b4288,0.4891171435558816
4509,b4289,0.2601118480946807
4510,b4290,0.22160664819944598
4511,b4291,0.5253480430785396
4512,b4292,0.5770340450086555
4513,b4293,0.45578851412944393
4518,b4296,0.28968713789107764
4519,b4297,0.5162622612287042
4520,b4298,0.4127966976264189
4521,b4299,0.45095828635851176
4522,b4300,0.41339396444811904
4524,b4302,0.35473572188719404
4526,b4303,0.38409832917226805
4527,b4304,0.23291021311284502
4528,b4565,0.3315100281783524
4529,b4305,0.3404255319148936
4531,b4306,0.4203446826397646
4532,b4307,0.4992511233150274
4533,b4566,0.4175365344467641
4535,b4308,0.42544139544777704
4537,b4309,0.3341129301703976
4538,b4310,0.6110601894286588
4539,b4311,0.16274717226788185
4540,b4312,0.3797228023542814
4541,b4313,0.5241090146750524
4542,b4314,0.3835091083413231
4543,b4315,0.31210986267166047
4544,b4316,0.5451076587626056
4545,b4317,0.3827751196172249
4546,b4318,0.4832085044696786
4547,b4319,0.6067961165048543
4548,b4320,0.2031488065007618
4549,b4321,0.4384042086804033
4550,b4322,0.28304557033682426
4551,b4323,0.49103854652590223
4552,b4324,0.3506926179203928
4553,b4325,0.5154639175257733
4557,b4326,0.3813155386081983
4558,b4327,0.43535045711798004
4559,b4328,0.6077180188392586
4560,b4329,0.17371666811430556
4561,b4330,0.2586987453110852
4562,b4331,0.3937783028155148
4563,b4332,0.3572066440435792
4564,b4333,0.30726686126901215
4566,b4334,0.5465974309920744
4567,b4335,0.462000462000462
4568,b4336,0.2284148012791229
4569,b4337,0.14363688595231255
4571,b4584,0.5755395683453238
4572,b4340,0.3588731383455948
4573,b4341,0.4765308553728855
4574,b4342,0.34946706272933775
4576,b4345,0.425531914893617
4577,b4346,0.46168051708217905
4578,b4347,0.38513383400731754
4580,b4348,0.3858769052672198
4581,b4349,0.319744204636291
4582,b4350,0.20527558246946528
4583,b4351,0.2405002405002405
4584,b4352,0.40774719673802245
4585,b4353,0.36784991723376864
4586,b4354,0.24458847988259755
4587,b4355,0.5200208008320333
4588,b4356,0.242600679281902
4589,b4357,0.4789272030651341
4590,b4358,0.3895597974289053
4591,b4359,0.15166451808599377
4592,b4360,0.4161464835622139
4593,b4361,0.24298384157453523
4594,b4362,0.549299642955232
4595,b4363,0.38248231019315365
4596,b4364,0.18756447528838038
4597,b4365,0.4650081376424087
4599,b4367,0.6709158000670916
4600,b4567,0.35676061362825545
4604,b4371,0.4419889502762431
4605,b4372,0.3892565200467108
4606,b4373,0.34088972217487645
4607,b4374,0.4585052728106373
4608,b4375,0.5406866720735334
4609,b4376,0.4463289444320464
4611,b4377,0.5303632988597189
4612,b4378,0.4003202562049639
4613,b4379,0.4535147392290249
4614,b4380,0.3662332906061161
4615,b4381,0.3583587170757929
4616,b4382,0.3144159723313944
4617,b4383,0.3003453972067878
4618,b4384,0.3902439024390244
4619,b4385,0.28046557285093254
4621,b4387,0.4068348250610252
4622,b4388,0.4404316229905307
4623,b4389,0.41675349031048137
4625,b4391,0.4727014890096904
4626,b4392,0.2349624060150376
4627,b4393,0.3663003663003663
4628,b4394,0.3785011355034065
4629,b4395,0.3241491085899514
4630,b4396,0.331619963521804
4631,b4397,0.43149946062567424
4632,b4398,0.44622936189201257
4633,b4399,0.28058361391694725
4634,b4400,0.28042624789680315
4635,b4401,0.32981530343007914
4636,b4402,0.5577244841048522
4638,b4403,0.3478865889719951
