,diff_p1k,diff_sra,weighted_p1k,weighted_sra,comb_p1k,comb_sra
0,0.27338782924613986,0.21138211382113822,0.27338782924613986,0.21138211382113822,0.303654809925437,0.21138211382113822
1,0.27551942186088524,0.44761904761904764,0.27551942186088524,0.44761904761904764,0.28248301095153583,0.44761904761904764
2,0.2797140303842717,0.7211948790896159,0.2797140303842717,0.7211948790896159,0.2857207531452734,0.7211948790896159
3,0.2427802251590798,1.0,0.2427802251590798,1.0,0.2427802251590798,1.0
4,0.29940627650551316,0.18803418803418803,0.29940627650551316,0.18803418803418803,0.29940627650551316,0.18803418803418803
5,0.29419354838709677,0.45098039215686275,0.29419354838709677,0.45098039215686275,0.29419354838709677,0.45098039215686275
6,0.2781516375056079,1.0,0.2781516375056079,1.0,0.2781516375056079,1.0
7,0.2807486631016043,0.3076923076923077,0.2807486631016043,0.3076923076923077,0.3859159908887016,0.13333333333333333
8,0.30080270384452895,0.5055643879173292,0.30080270384452895,0.5055643879173292,0.30080270384452895,0.5055643879173292
9,0.29940627650551316,0.4166666666666667,0.29940627650551316,0.4166666666666667,0.3567934102441577,0.4166666666666667
10,0.25546058879392214,0.3333333333333333,0.25546058879392214,0.3333333333333333,0.25546058879392214,0.3333333333333333
11,0.2781516375056079,0.4909090909090909,0.2781516375056079,0.4909090909090909,0.3171964362523055,0.4909090909090909
12,0.22862923621648965,1.0,0.22862923621648965,1.0,0.24075681156182605,1.0
13,0.23964497041420119,0.4716981132075472,0.23964497041420119,0.4716981132075472,0.27730514252253385,0.4716981132075472
14,0.49709639953542395,1.0,0.49709639953542395,1.0,0.3132924335378323,1.0
15,0.28023203926818385,1.0,0.28023203926818385,1.0,0.2878469354556148,1.0
16,0.28023203926818385,1.0,0.28023203926818385,1.0,0.3037389381897228,1.0
17,0.4976798143851508,1.0,0.4976798143851508,1.0,0.3488132094943241,1.0
18,0.27231329690346084,1.0,0.27231329690346084,1.0,0.27231329690346084,1.0
19,0.2898172323759791,1.0,0.2898172323759791,1.0,0.2898172323759791,1.0
20,0.28634167764602547,0.36363636363636365,0.28634167764602547,0.36363636363636365,0.31383892666520435,0.36363636363636365
21,0.29399048854301774,0.3076923076923077,0.29399048854301774,0.3076923076923077,0.3598164061151949,0.3076923076923077
22,0.3029513888888889,0.15151515151515152,0.3029513888888889,0.15151515151515152,0.3404176904176904,0.15151515151515152
23,0.30583333333333335,0.16216216216216217,0.30583333333333335,0.16216216216216217,0.3447081876131657,0.16216216216216217
24,0.32983274990276157,0.44,0.32983274990276157,0.44,0.4172745358090186,0.44
25,0.3031066330814442,0.2777777777777778,0.3031066330814442,0.2777777777777778,0.35661513268795453,0.2777777777777778
26,0.31247443762781185,0.3076923076923077,0.31247443762781185,0.3076923076923077,0.3669873746600089,0.3076923076923077
27,0.2965811965811966,0.44,0.2965811965811966,0.44,0.3255857679269594,0.44
28,0.26905417814508725,0.44,0.26905417814508725,0.44,0.29271193728175393,0.44
29,0.27338782924613986,0.44,0.27338782924613986,0.44,0.29795199295309405,0.44
30,0.284326710816777,1.0,0.284326710816777,1.0,0.36388648804379137,0.18803418803418803
31,0.2765765765765766,0.48148148148148145,0.2765765765765766,0.48148148148148145,0.28417894369190244,0.48148148148148145
32,0.2776280323450135,0.4716981132075472,0.2776280323450135,0.4716981132075472,0.3025030525030525,0.4716981132075472
33,0.27551942186088524,0.48148148148148145,0.27551942186088524,0.48148148148148145,0.3105177000204624,0.48148148148148145
34,0.2739229024943311,0.48148148148148145,0.2739229024943311,0.48148148148148145,0.2717738258093935,0.48148148148148145
35,0.29846938775510207,0.4909090909090909,0.29846938775510207,0.4909090909090909,0.29799914857386123,0.4909090909090909
36,0.2898172323759791,1.0,0.2898172323759791,1.0,0.28932461873638343,1.0
37,0.30356394129979036,0.17543859649122806,0.30356394129979036,0.17543859649122806,0.32381077710726347,0.17543859649122806
38,0.2970550576184379,0.37777777777777777,0.2970550576184379,0.37777777777777777,0.28600091199270405,0.37777777777777777
39,0.2989384288747346,0.2518518518518518,0.2989384288747346,0.2518518518518518,0.3034013605442177,0.2518518518518518
40,0.3031066330814442,0.37777777777777777,0.3031066330814442,0.37777777777777777,0.2840501792114695,0.37777777777777777
41,0.30356394129979036,0.2777777777777778,0.30356394129979036,0.2777777777777778,0.28456375838926173,0.2777777777777778
42,0.3021885521885522,0.37777777777777777,0.3021885521885522,0.37777777777777777,0.3005840071877808,0.37777777777777777
43,0.30628381190178944,0.3006535947712418,0.30628381190178944,0.3006535947712418,0.28761651131824234,0.3006535947712418
44,0.307181403071814,0.29333333333333333,0.307181403071814,0.29333333333333333,0.2886232846392209,0.29333333333333333
45,0.30447511501463825,0.42857142857142855,0.30447511501463825,0.42857142857142855,0.285586791610888,0.42857142857142855
46,0.29562982005141386,0.2608695652173913,0.29562982005141386,0.2608695652173913,0.2834972045498361,0.2608695652173913
47,0.2822902796271638,1.0,0.2822902796271638,1.0,0.2822902796271638,1.0
48,0.30402010050251255,0.4909090909090909,0.30402010050251255,0.4909090909090909,0.30402010050251255,0.4909090909090909
49,0.2970550576184379,0.17543859649122806,0.2970550576184379,0.17543859649122806,0.2970550576184379,0.17543859649122806
50,0.31460907320499315,0.4716981132075472,0.31460907320499315,0.4716981132075472,0.2920642157022371,0.4716981132075472
51,0.29360967184801384,0.3076923076923077,0.29360967184801384,0.3076923076923077,0.2845214418382945,0.3076923076923077
52,0.2965811965811966,0.31446540880503143,0.2965811965811966,0.31446540880503143,0.35031062446563244,0.2695035460992908
53,0.2848324514991182,0.24242424242424243,0.2848324514991182,0.24242424242424243,0.33736693347829005,0.2493827160493827
54,0.28634167764602547,0.14814814814814814,0.28634167764602547,0.14814814814814814,0.35108038234951344,0.2807017543859649
55,0.2838196286472148,0.18803418803418803,0.2838196286472148,0.18803418803418803,0.33066604258032567,0.11989459815546771
56,0.278673835125448,0.17647058823529413,0.278673835125448,0.17647058823529413,0.3455931919490251,0.17647058823529413
57,0.27338782924613986,0.2222222222222222,0.27338782924613986,0.2222222222222222,0.27338782924613986,0.2222222222222222
58,0.27014652014652013,0.2608695652173913,0.27014652014652013,0.2608695652173913,0.27014652014652013,0.2608695652173913
59,0.2696011004126548,1.0,0.2696011004126548,1.0,0.2696011004126548,1.0
60,0.23227752639517343,0.24242424242424243,0.23227752639517343,0.24242424242424243,0.33316428948758586,0.24242424242424243
61,0.3053817271589487,0.4750733137829912,0.3053817271589487,0.4750733137829912,0.3113291703835861,0.4750733137829912
62,0.2674043337943753,0.391304347826087,0.2674043337943753,0.391304347826087,0.2914211661676165,0.3
63,0.287341217696014,0.4444444444444444,0.287341217696014,0.4444444444444444,0.308198218771409,0.4444444444444444
64,0.3031066330814442,0.5902439024390245,0.3031066330814442,0.5902439024390245,0.3031066330814442,0.5902439024390245
65,0.2965811965811966,0.5354449472096531,0.2965811965811966,0.5354449472096531,0.2965811965811966,0.5354449472096531
66,0.2817777777777778,0.3,0.2817777777777778,0.3,0.2974183049654748,0.2636300897170462
67,0.3021885521885522,0.19999999999999998,0.3021885521885522,0.19999999999999998,0.3021885521885522,0.19999999999999998
68,0.283311199645861,0.17752234993614302,0.283311199645861,0.17752234993614302,0.32995702885205647,0.17752234993614302
69,0.2640632264063226,0.17752234993614302,0.2640632264063226,0.17752234993614302,0.2752546105147261,0.17752234993614302
70,0.26685133887349954,0.17752234993614302,0.26685133887349954,0.17752234993614302,0.28220149848557313,0.17752234993614302
71,0.28023203926818385,0.17752234993614302,0.28023203926818385,0.17752234993614302,0.29385529364623075,0.17752234993614302
72,0.29987293519695046,0.4166666666666667,0.29987293519695046,0.4166666666666667,0.28916807504089376,0.3
73,0.29610611895592637,0.3076923076923077,0.29610611895592637,0.3076923076923077,0.29610611895592637,0.3076923076923077
74,0.2838196286472148,1.0,0.2838196286472148,1.0,0.28810471046134273,0.18803418803418803
75,0.3017277707543194,0.4909090909090909,0.3017277707543194,0.4909090909090909,0.33232452922474937,0.1929824561403509
76,0.29648671808054844,1.0,0.29648671808054844,1.0,0.3440372140937113,1.0
77,0.29419354838709677,0.2857142857142857,0.29419354838709677,0.2857142857142857,0.3103366835489542,0.2857142857142857
78,0.2898172323759791,0.4284532671629446,0.2898172323759791,0.4284532671629446,0.2898172323759791,0.4284532671629446
79,0.284326710816777,0.4909090909090909,0.284326710816777,0.4909090909090909,0.284326710816777,0.4909090909090909
80,0.287341217696014,0.21138211382113822,0.287341217696014,0.21138211382113822,0.287341217696014,0.21138211382113822
81,0.2922611327280588,0.3488372093023256,0.2922611327280588,0.3488372093023256,0.2922611327280588,0.3488372093023256
82,0.3422621594636999,0.18803418803418803,0.3422621594636999,0.18803418803418803,0.3778639326842997,0.18803418803418803
83,0.33603199239341697,0.18803418803418803,0.33603199239341697,0.18803418803418803,0.40078047893615915,0.18803418803418803
84,0.34739803094233473,0.36363636363636365,0.34739803094233473,0.36363636363636365,0.40521817363922624,0.36363636363636365
85,0.3167467340918669,0.125,0.3167467340918669,0.125,0.3654852743324593,0.125
86,0.30402010050251255,0.13333333333333333,0.30402010050251255,0.13333333333333333,0.3031066330814442,0.13333333333333333
87,0.27530516431924884,0.48148148148148145,0.27530516431924884,0.48148148148148145,0.36484365447462846,0.16216216216216217
88,0.29987293519695046,0.2,0.29987293519695046,0.2,0.29799914857386123,0.2
89,0.2848324514991182,0.4909090909090909,0.2848324514991182,0.4909090909090909,0.28280141843971635,0.4909090909090909
90,0.2706904435299497,1.0,0.2706904435299497,1.0,0.26850574712643677,1.0
91,0.28023203926818385,0.4909090909090909,0.28023203926818385,0.4909090909090909,0.28023203926818385,0.4909090909090909
92,0.3085129646985317,1.0,0.3085129646985317,1.0,0.3029361382502299,0.18803418803418803
93,0.2674043337943753,0.1981981981981982,0.2674043337943753,0.1981981981981982,0.2642219087917254,0.1981981981981982
94,0.28023203926818385,0.4909090909090909,0.28023203926818385,0.4909090909090909,0.28023203926818385,0.4909090909090909
95,0.2660980606473269,0.29333333333333333,0.2660980606473269,0.29333333333333333,0.2784745752807601,0.29333333333333333
96,0.30673316708229426,0.45098039215686275,0.30673316708229426,0.45098039215686275,0.32135406151154183,0.45098039215686275
97,0.2987622705932565,0.14814814814814814,0.2987622705932565,0.14814814814814814,0.2760201742320037,0.06666666666666667
98,0.26386946386946386,0.3170731707317073,0.26386946386946386,0.3170731707317073,0.3106414685362054,0.13333333333333333
99,0.3085194375516956,0.48148148148148145,0.3085194375516956,0.48148148148148145,0.3325995540879971,0.48148148148148145
100,0.2898172323759791,0.391304347826087,0.2898172323759791,0.391304347826087,0.2898172323759791,0.391304347826087
101,0.30080270384452895,0.23255813953488372,0.30080270384452895,0.23255813953488372,0.30080270384452895,0.23255813953488372
102,0.25310410697230185,1.0,0.25310410697230185,1.0,0.25310410697230185,1.0
103,0.29177489177489174,1.0,0.29177489177489174,1.0,0.29177489177489174,1.0
104,0.29208002645502645,0.1714285714285714,0.29208002645502645,0.1714285714285714,0.2880660569339814,0.1714285714285714
105,0.29981292791658265,0.2986111111111111,0.29981292791658265,0.2986111111111111,0.2960921465560687,0.2986111111111111
106,0.24951830443159925,1.0,0.24951830443159925,1.0,0.311111727504003,1.0
107,0.26816942517514925,0.36363636363636365,0.26816942517514925,0.36363636363636365,0.25719918939071645,0.17543859649122806
108,0.2706904435299497,0.3333333333333333,0.2706904435299497,0.3333333333333333,0.2706904435299497,0.3333333333333333
109,0.283311199645861,0.4716981132075472,0.283311199645861,0.4716981132075472,0.283311199645861,0.4716981132075472
110,0.285336856010568,0.4909090909090909,0.285336856010568,0.4909090909090909,0.3217401285583104,0.4909090909090909
111,0.27445652173913043,1.0,0.27445652173913043,1.0,0.2917997459030894,1.0
112,0.278673835125448,0.3076923076923077,0.278673835125448,0.3076923076923077,0.30744408397517325,0.3076923076923077
113,0.24586977648202138,1.0,0.24586977648202138,1.0,0.2736383442265795,1.0
114,0.24215686274509804,0.31446540880503143,0.24215686274509804,0.31446540880503143,0.24215686274509804,0.31446540880503143
115,0.29940627650551316,1.0,0.29940627650551316,1.0,0.28996933858957513,1.0
116,0.3003384094754653,1.0,0.3003384094754653,1.0,0.2900830056793359,1.0
117,0.3017277707543194,0.8901960784313725,0.3017277707543194,0.8901960784313725,0.2924281984334204,0.8901960784313725
118,0.2927461139896373,0.48148148148148145,0.2927461139896373,0.48148148148148145,0.2820169567157519,0.48148148148148145
119,0.2345309381237525,0.48148148148148145,0.2345309381237525,0.48148148148148145,0.2735191637630662,0.48148148148148145
120,0.2589453860640301,0.48148148148148145,0.2589453860640301,0.48148148148148145,0.29459965880806555,0.48148148148148145
121,0.3258559622195986,0.48148148148148145,0.3258559622195986,0.48148148148148145,0.37301074275864193,0.48148148148148145
122,0.3188755020080321,1.0,0.3188755020080321,1.0,0.38455284552845526,1.0
123,0.31803542673107893,0.18803418803418803,0.31803542673107893,0.18803418803418803,0.38052547832498934,0.18803418803418803
124,0.3258559622195986,0.022988505747126436,0.3258559622195986,0.022988505747126436,0.3246031746031746,0.022988505747126436
125,0.31072749691738594,0.022988505747126436,0.31072749691738594,0.022988505747126436,0.3076285240464345,0.022988505747126436
126,0.3266588142913231,0.44,0.3266588142913231,0.44,0.36474723803146974,0.44
127,0.49942196531791905,0.44,0.49942196531791905,0.44,0.32301587301587303,0.44
128,0.31761386537686415,0.44,0.31761386537686415,0.44,0.30673316708229426,0.44
129,0.31290849673202614,0.44,0.31290849673202614,0.44,0.3017277707543194,0.44
130,0.30492898913951544,0.44,0.30492898913951544,0.44,0.29409228115567054,0.44
131,0.30447511501463825,0.44,0.30447511501463825,0.44,0.29360967184801384,0.44
132,0.2975277067348679,1.0,0.2975277067348679,1.0,0.32538026944806603,1.0
133,0.32432229481114366,1.0,0.32432229481114366,1.0,0.3130813429182448,1.0
134,0.29846938775510207,0.48148148148148145,0.29846938775510207,0.48148148148148145,0.29846938775510207,0.48148148148148145
135,0.3102880658436214,1.0,0.3102880658436214,1.0,0.32151996354330986,1.0
136,0.3192940232651424,1.0,0.3192940232651424,1.0,0.30673316708229426,1.0
137,0.322606277314263,1.0,0.322606277314263,1.0,0.3102880658436214,1.0
138,0.30673316708229426,1.0,0.30673316708229426,1.0,0.30492898913951544,1.0
139,0.29940627650551316,0.3055555555555555,0.29940627650551316,0.3055555555555555,0.3587003454231434,0.3055555555555555
140,0.29781771501925547,0.4166666666666667,0.29781771501925547,0.4166666666666667,0.35063844086021506,0.4166666666666667
141,0.3118001722652885,0.2608695652173913,0.3118001722652885,0.2608695652173913,0.3013224027716781,0.2608695652173913
142,0.2629370629370629,0.4909090909090909,0.2629370629370629,0.4909090909090909,0.33811766464827686,0.2857142857142857
143,0.29987293519695046,0.48148148148148145,0.29987293519695046,0.48148148148148145,0.29987293519695046,0.48148148148148145
144,0.2898172323759791,1.0,0.2898172323759791,1.0,0.2898172323759791,1.0
145,0.284326710816777,1.0,0.284326710816777,1.0,0.284326710816777,1.0
146,0.26648096564531104,0.2222222222222222,0.26648096564531104,0.2222222222222222,0.2742077100210394,0.2962962962962963
147,0.2898172323759791,0.4909090909090909,0.2898172323759791,0.4909090909090909,0.2898172323759791,0.4909090909090909
148,0.2965811965811966,0.48148148148148145,0.2965811965811966,0.48148148148148145,0.28833551769331583,0.48148148148148145
149,0.3053817271589487,1.0,0.3053817271589487,1.0,0.3053817271589487,1.0
150,0.2706904435299497,0.48148148148148145,0.2706904435299497,0.48148148148148145,0.2729194573854768,0.48148148148148145
151,0.30402010050251255,0.46969696969696967,0.30402010050251255,0.46969696969696967,0.30402010050251255,0.46969696969696967
152,0.3047858942065491,0.2222222222222222,0.3047858942065491,0.2222222222222222,0.3356899327297991,0.5925925925925926
153,0.29562982005141386,0.3055555555555555,0.29562982005141386,0.3055555555555555,0.3300341195668299,0.3055555555555555
154,0.28833551769331583,0.4716981132075472,0.28833551769331583,0.4716981132075472,0.30482654600301656,0.4716981132075472
155,0.2927461139896373,0.2222222222222222,0.2927461139896373,0.2222222222222222,0.2927461139896373,0.2222222222222222
156,0.29562982005141386,0.14814814814814814,0.29562982005141386,0.14814814814814814,0.29562982005141386,0.14814814814814814
157,0.28023203926818385,0.3488372093023256,0.28023203926818385,0.3488372093023256,0.28023203926818385,0.3488372093023256
158,0.29610611895592637,0.48148148148148145,0.29610611895592637,0.48148148148148145,0.29610611895592637,0.48148148148148145
159,0.2893785983720469,0.18803418803418803,0.2893785983720469,0.18803418803418803,0.37974677974677973,0.18803418803418803
160,0.27611222148197495,0.11764705882352942,0.27611222148197495,0.11764705882352942,0.3577418164202173,0.11764705882352942
161,0.2855551398761275,0.16216216216216217,0.2855551398761275,0.16216216216216217,0.33134838626397717,0.16216216216216217
162,0.27100728506030325,0.14814814814814814,0.27100728506030325,0.14814814814814814,0.33961355713332303,0.14814814814814814
163,0.2666891638545182,0.17543859649122806,0.2666891638545182,0.17543859649122806,0.35790854847458614,0.17543859649122806
164,0.2657407407407408,0.06451612903225806,0.2657407407407408,0.06451612903225806,0.2657407407407408,0.06451612903225806
165,0.3021885521885522,1.0,0.3021885521885522,1.0,0.3021885521885522,1.0
166,0.2965811965811966,1.0,0.2965811965811966,1.0,0.2965811965811966,1.0
167,0.30071791945989634,1.0,0.30071791945989634,1.0,0.37909972684540844,1.0
168,0.2817777777777778,0.3076923076923077,0.2817777777777778,0.3076923076923077,0.2817777777777778,0.3076923076923077
169,0.26795580110497236,0.3333333333333333,0.26795580110497236,0.3333333333333333,0.26795580110497236,0.3333333333333333
170,0.3076285240464345,0.10101010101010101,0.3076285240464345,0.10101010101010101,0.33822975517890774,0.38730158730158726
171,0.2975277067348679,0.18803418803418803,0.2975277067348679,0.18803418803418803,0.3306172606106437,0.4789833822091887
172,0.30425621576064055,0.21138211382113822,0.30425621576064055,0.21138211382113822,0.3108287461108331,0.1714285714285714
173,0.2706904435299497,0.11764705882352942,0.2706904435299497,0.11764705882352942,0.2706904435299497,0.11764705882352942
174,0.27530910767425293,0.3129251700680272,0.27530910767425293,0.3129251700680272,0.3031164880257526,0.3129251700680272
175,0.26905417814508725,0.48148148148148145,0.26905417814508725,0.48148148148148145,0.26964139252458835,0.4166666666666667
176,0.28023203926818385,0.18803418803418803,0.28023203926818385,0.18803418803418803,0.28023203926818385,0.18803418803418803
177,0.29419354838709677,0.29333333333333333,0.29419354838709677,0.29333333333333333,0.29419354838709677,0.29333333333333333
178,0.2817777777777778,0.3076923076923077,0.2817777777777778,0.3076923076923077,0.30232583450332495,0.3076923076923077
179,0.19344262295081968,0.3076923076923077,0.19344262295081968,0.3076923076923077,0.3581327913720256,0.13333333333333333
180,0.307181403071814,1.0,0.307181403071814,1.0,0.307181403071814,1.0
181,0.29987293519695046,1.0,0.29987293519695046,1.0,0.29987293519695046,1.0
182,0.30807453416149067,1.0,0.30807453416149067,1.0,0.30356394129979036,1.0
183,0.29371231696813094,0.44,0.29371231696813094,0.44,0.32865471018528836,0.44
184,0.32745789267528397,1.0,0.32745789267528397,1.0,0.3532027089903324,1.0
185,0.32301587301587303,0.4909090909090909,0.32301587301587303,0.4909090909090909,0.33988073506145794,0.4909090909090909
186,0.49942196531791905,1.0,0.49942196531791905,1.0,0.49942196531791905,1.0
187,0.29940627650551316,0.391304347826087,0.29940627650551316,0.391304347826087,0.3172250859106529,0.391304347826087
188,0.29467353951890035,0.48148148148148145,0.29467353951890035,0.48148148148148145,0.33009226119462337,0.48148148148148145
189,0.2765765765765766,0.44,0.2765765765765766,0.44,0.2765765765765766,0.44
190,0.2848324514991182,0.44,0.2848324514991182,0.44,0.2848324514991182,0.44
191,0.3205435651478817,0.44,0.3205435651478817,0.44,0.3205435651478817,0.44
192,0.3286494925839188,1.0,0.3286494925839188,1.0,0.3286494925839188,1.0
193,0.2728512960436562,1.0,0.2728512960436562,1.0,0.29520946898296735,1.0
194,0.2807486631016043,1.0,0.2807486631016043,1.0,0.2776280323450135,1.0
195,0.28833551769331583,0.1714285714285714,0.28833551769331583,0.1714285714285714,0.28304405874499333,0.1714285714285714
196,0.29322984044846917,0.4909090909090909,0.29322984044846917,0.4909090909090909,0.29322984044846917,0.4909090909090909
197,0.23061430010070494,1.0,0.23061430010070494,1.0,0.23061430010070494,1.0
198,0.262977607994698,0.48148148148148145,0.262977607994698,0.48148148148148145,0.26820425935034886,0.48148148148148145
199,0.26847208998906874,0.48148148148148145,0.26847208998906874,0.48148148148148145,0.2664618535586277,0.48148148148148145
200,0.2660225442834138,1.0,0.2660225442834138,1.0,0.26929030721600383,1.0
201,0.26117050764235367,1.0,0.26117050764235367,1.0,0.2628696448487569,1.0
202,0.26180458158017766,0.2857142857142857,0.26180458158017766,0.2857142857142857,0.26180458158017766,0.2857142857142857
203,0.28709819462791725,1.0,0.28709819462791725,1.0,0.3255893994149028,0.44
204,0.29940627650551316,0.4909090909090909,0.29940627650551316,0.4909090909090909,0.35162873717090587,0.4909090909090909
205,0.22796352583586624,0.17752234993614302,0.22796352583586624,0.17752234993614302,0.2569246913580247,0.17752234993614302
206,0.1988114532685035,0.17752234993614302,0.1988114532685035,0.17752234993614302,0.24084565964440455,0.17752234993614302
207,0.2077371489136195,0.0967741935483871,0.2077371489136195,0.0967741935483871,0.2522870764076794,0.0967741935483871
208,0.2170301142263759,0.0967741935483871,0.2170301142263759,0.0967741935483871,0.2844911625761483,0.0967741935483871
209,0.2434017595307918,0.17752234993614302,0.2434017595307918,0.17752234993614302,0.2793426025687069,0.17752234993614302
210,0.2427802251590798,0.17752234993614302,0.2427802251590798,0.17752234993614302,0.27123335063137866,0.17752234993614302
211,0.22796352583586624,0.17752234993614302,0.22796352583586624,0.17752234993614302,0.23637601304923003,0.17752234993614302
212,0.24027572624322993,0.0967741935483871,0.24027572624322993,0.0967741935483871,0.24027572624322993,0.0967741935483871
213,0.23517688091679123,0.0967741935483871,0.23517688091679123,0.0967741935483871,0.26293995859213254,0.0967741935483871
214,0.2010752688172043,0.17752234993614302,0.2010752688172043,0.17752234993614302,0.2282412309836912,0.17752234993614302
215,0.20553780617678383,0.14285714285714285,0.20553780617678383,0.14285714285714285,0.2354951934471721,0.14285714285714285
216,0.2142110762800418,0.17752234993614302,0.2142110762800418,0.17752234993614302,0.23303791526243922,0.17752234993614302
217,0.22050489438433796,0.17752234993614302,0.22050489438433796,0.17752234993614302,0.2393033887650723,0.17752234993614302
218,0.2170301142263759,0.17752234993614302,0.2170301142263759,0.17752234993614302,0.24067661704281992,0.17752234993614302
219,0.30984750984750986,0.48148148148148145,0.30984750984750986,0.48148148148148145,0.3539407864818937,0.2777777777777778
220,0.25952045133991536,0.125,0.25952045133991536,0.125,0.2684851057807967,0.2967032967032967
221,0.2542857142857143,0.16216216216216217,0.2542857142857143,0.16216216216216217,0.25437425098442046,0.4602150537634409
222,0.3270588235294118,1.0,0.3270588235294118,1.0,0.3270588235294118,1.0
223,0.4959254947613504,1.0,0.4959254947613504,1.0,0.3163430420711974,1.0
224,0.4959254947613504,1.0,0.4959254947613504,1.0,0.3163430420711974,1.0
225,0.492379835873388,1.0,0.492379835873388,1.0,0.31377343113284434,1.0
226,0.4935672514619883,1.0,0.4935672514619883,1.0,0.3146341463414634,1.0
227,0.4959254947613504,1.0,0.4959254947613504,1.0,0.3163430420711974,1.0
228,0.2274909963985594,1.0,0.2274909963985594,1.0,0.2151468622934971,1.0
229,0.26629680998613037,1.0,0.26629680998613037,1.0,0.2657407407407408,0.4166666666666667
230,0.2878390201224847,1.0,0.2878390201224847,1.0,0.2878390201224847,1.0
231,0.3010827288972984,0.29333333333333333,0.3010827288972984,0.29333333333333333,0.36045829450943856,0.24242424242424243
232,0.2878390201224847,0.4909090909090909,0.2878390201224847,0.4909090909090909,0.3162381326070566,0.4909090909090909
233,0.28932461873638343,0.17543859649122806,0.28932461873638343,0.17543859649122806,0.28932461873638343,0.17543859649122806
234,0.2728512960436562,0.14814814814814814,0.2728512960436562,0.14814814814814814,0.2728512960436562,0.14814814814814814
235,0.29562982005141386,1.0,0.29562982005141386,1.0,0.29562982005141386,1.0
236,0.2970550576184379,0.48148148148148145,0.2970550576184379,0.48148148148148145,0.29030856149500217,0.48148148148148145
237,0.30807453416149067,0.23255813953488372,0.30807453416149067,0.23255813953488372,0.30807453416149067,0.23255813953488372
238,0.30356394129979036,1.0,0.30356394129979036,1.0,0.30356394129979036,1.0
239,0.2714351215038973,0.46153846153846156,0.2714351215038973,0.46153846153846156,0.3629500861139279,0.46153846153846156
240,0.2922611327280588,0.4716981132075472,0.2922611327280588,0.4716981132075472,0.4077239741240015,0.21138211382113822
241,0.2817777777777778,0.48148148148148145,0.2817777777777778,0.48148148148148145,0.38908115509786817,0.2222222222222222
242,0.2817777777777778,0.48148148148148145,0.2817777777777778,0.48148148148148145,0.3756131416298547,0.2222222222222222
243,0.29177489177489174,0.37777777777777777,0.29177489177489174,0.37777777777777777,0.3112545831340667,0.3444444444444445
244,0.2922611327280588,0.2777777777777778,0.2922611327280588,0.2777777777777778,0.32042648709315374,0.2777777777777778
245,0.29562982005141386,0.31446540880503143,0.29562982005141386,0.31446540880503143,0.29562982005141386,0.31446540880503143
246,0.31925782046847423,0.391304347826087,0.31925782046847423,0.391304347826087,0.4122214244012428,0.19999999999999998
247,0.30080270384452895,0.44,0.30080270384452895,0.44,0.30080270384452895,0.44
248,0.29799914857386123,0.3076923076923077,0.29799914857386123,0.3076923076923077,0.29799914857386123,0.27272727272727276
249,0.2822902796271638,0.24242424242424243,0.2822902796271638,0.24242424242424243,0.2822902796271638,0.24242424242424243
250,0.2640632264063226,0.40425531914893614,0.2640632264063226,0.40425531914893614,0.2640632264063226,0.40425531914893614
251,0.2696011004126548,1.0,0.2696011004126548,1.0,0.402659069325736,1.0
252,0.31992629175727766,0.2518518518518518,0.31992629175727766,0.2518518518518518,0.3581059772289909,0.2518518518518518
253,0.32602681870974554,0.17543859649122806,0.32602681870974554,0.17543859649122806,0.3325548254294989,0.17543859649122806
254,0.3012987012987013,1.0,0.3012987012987013,1.0,0.29813169286853497,1.0
255,0.32137161084529503,1.0,0.32137161084529503,1.0,0.3188054882970137,1.0
256,0.29846938775510207,0.44,0.29846938775510207,0.44,0.29846938775510207,0.44
257,0.3089632383312681,0.44,0.3089632383312681,0.44,0.3089632383312681,0.44
258,0.32745789267528397,1.0,0.32745789267528397,1.0,0.3250493096646943,1.0
259,0.4988425925925926,0.44,0.4988425925925926,0.44,0.4988425925925926,0.44
260,0.285336856010568,1.0,0.285336856010568,1.0,0.285336856010568,1.0
261,0.2771030139451192,0.29907773386034253,0.2771030139451192,0.29907773386034253,0.3488014679589258,0.29907773386034253
262,0.22995461422087746,0.37777777777777777,0.22995461422087746,0.37777777777777777,0.3369878326343785,0.37777777777777777
263,0.22862923621648965,0.4166666666666667,0.22862923621648965,0.4166666666666667,0.3273579024915469,0.4166666666666667
264,0.23710317460317462,0.24324324324324326,0.23710317460317462,0.24324324324324326,0.34922684959736894,0.24324324324324326
265,0.23582089552238805,0.2,0.23582089552238805,0.2,0.34377124983000135,0.2
266,0.26685133887349954,0.08333333333333333,0.26685133887349954,0.08333333333333333,0.3795819776415133,0.43584229390681006
267,0.2781516375056079,0.044444444444444446,0.2781516375056079,0.044444444444444446,0.4032526115859449,0.36062861869313484
268,0.2739229024943311,0.08333333333333333,0.2739229024943311,0.08333333333333333,0.4126894296673584,0.43584229390681006
269,0.27231329690346084,0.022988505747126436,0.27231329690346084,0.022988505747126436,0.38778695269714253,0.3136200716845878
270,0.3310077519379845,1.0,0.3310077519379845,1.0,0.3250493096646943,1.0
271,0.285336856010568,1.0,0.285336856010568,1.0,0.3475349969567864,1.0
272,0.23323323323323322,0.0967741935483871,0.23323323323323322,0.0967741935483871,0.2645255239433322,0.0967741935483871
273,0.24215686274509804,0.0967741935483871,0.24215686274509804,0.0967741935483871,0.2577363600159299,0.0967741935483871
274,0.23964497041420119,0.36363636363636365,0.23964497041420119,0.36363636363636365,0.23964497041420119,0.36363636363636365
275,0.29940627650551316,1.0,0.29940627650551316,1.0,0.29940627650551316,1.0
276,0.2797140303842717,0.48148148148148145,0.2797140303842717,0.48148148148148145,0.2797140303842717,0.48148148148148145
277,0.29177489177489174,1.0,0.29177489177489174,1.0,0.3274531976378942,0.44
278,0.29846938775510207,0.2,0.29846938775510207,0.2,0.3160191827720935,0.2
279,0.29419354838709677,0.06451612903225806,0.29419354838709677,0.06451612903225806,0.33388756203293696,0.2619047619047619
280,0.2898172323759791,0.16216216216216217,0.2898172323759791,0.16216216216216217,0.3448945717224559,0.06666666666666667
281,0.284326710816777,0.17543859649122806,0.284326710816777,0.17543859649122806,0.32868702618117923,0.4087301587301588
282,0.2868421052631579,1.0,0.2868421052631579,1.0,0.34020816444892604,0.18803418803418803
283,0.29322984044846917,0.48148148148148145,0.29322984044846917,0.48148148148148145,0.3409198942825091,0.16216216216216217
284,0.22119341563786007,0.2631578947368421,0.22119341563786007,0.2631578947368421,0.2958647655394077,0.08333333333333333
285,0.2577903682719547,0.29333333333333333,0.2577903682719547,0.29333333333333333,0.3241303421133504,0.29333333333333333
286,0.24648229015041243,0.2777777777777778,0.24648229015041243,0.2777777777777778,0.2948260269408349,0.2777777777777778
287,0.29987293519695046,0.48148148148148145,0.29987293519695046,0.48148148148148145,0.29987293519695046,0.48148148148148145
288,0.2771030139451192,0.31446540880503143,0.2771030139451192,0.31446540880503143,0.28899666862629825,0.2695035460992908
289,0.2635009310986965,0.2179310344827586,0.2635009310986965,0.2179310344827586,0.2635009310986965,0.2179310344827586
290,0.260093896713615,0.44,0.260093896713615,0.44,0.260093896713615,0.44
291,0.2566287878787879,0.44,0.2566287878787879,0.44,0.2566287878787879,0.44
292,0.2623716153127918,0.44,0.2623716153127918,0.44,0.2623716153127918,0.44
293,0.2771030139451192,0.44,0.2771030139451192,0.44,0.2771030139451192,0.44
294,0.2749886928991407,0.18560606060606064,0.2749886928991407,0.18560606060606064,0.37345880510797863,0.18560606060606064
295,0.2954723954723955,0.4909090909090909,0.2954723954723955,0.4909090909090909,0.3388778226420577,0.4909090909090909
296,0.2672214516874711,1.0,0.2672214516874711,1.0,0.2944112737544941,1.0
297,0.2877422001087839,0.3488372093023256,0.2877422001087839,0.3488372093023256,0.32810270842232514,0.3488372093023256
298,0.2149191444966093,0.31446540880503143,0.2149191444966093,0.31446540880503143,0.2149191444966093,0.31446540880503143
299,0.18555555555555556,0.17752234993614302,0.18555555555555556,0.17752234993614302,0.23962023542406444,0.17752234993614302
300,0.25587044534412956,0.31446540880503143,0.25587044534412956,0.31446540880503143,0.27170634920634923,0.2695035460992908
301,0.27338782924613986,0.40425531914893614,0.27338782924613986,0.40425531914893614,0.336957533596189,0.21138211382113822
302,0.2771030139451192,0.6690307328605201,0.2771030139451192,0.6690307328605201,0.28895006414037844,0.6690307328605201
303,0.2781516375056079,0.14814814814814814,0.2781516375056079,0.14814814814814814,0.36878690284487387,0.044444444444444446
304,0.31418526086926607,0.48148148148148145,0.31418526086926607,0.48148148148148145,0.30706160863791215,0.48148148148148145
305,0.29128738621586475,0.3,0.29128738621586475,0.3,0.28932461873638343,0.3
306,0.2848324514991182,1.0,0.2848324514991182,1.0,0.2848324514991182,1.0
307,0.27231329690346084,1.0,0.27231329690346084,1.0,0.27231329690346084,1.0
308,0.2989384288747346,1.0,0.2989384288747346,1.0,0.31040673211781206,1.0
309,0.3003384094754653,0.46153846153846156,0.3003384094754653,0.46153846153846156,0.3086701208981002,0.46153846153846156
310,0.29799914857386123,0.1981981981981982,0.29799914857386123,0.1981981981981982,0.30673313105042627,0.1981981981981982
311,0.30402010050251255,0.2631578947368421,0.30402010050251255,0.2631578947368421,0.30402010050251255,0.2631578947368421
312,0.29987293519695046,0.3170731707317073,0.29987293519695046,0.3170731707317073,0.29987293519695046,0.3170731707317073
313,0.2807486631016043,1.0,0.2807486631016043,1.0,0.2807486631016043,1.0
314,0.26180458158017766,1.0,0.26180458158017766,1.0,0.26180458158017766,1.0
315,0.23710317460317462,0.48148148148148145,0.23710317460317462,0.48148148148148145,0.23710317460317462,0.48148148148148145
316,0.2657407407407408,0.2222222222222222,0.2657407407407408,0.2222222222222222,0.26103286384976526,0.2222222222222222
317,0.28136200716845877,0.45098039215686275,0.28136200716845877,0.45098039215686275,0.28136200716845877,0.3488372093023256
318,0.29799914857386123,1.0,0.29799914857386123,1.0,0.29799914857386123,1.0
319,0.29562982005141386,1.0,0.29562982005141386,1.0,0.29562982005141386,1.0
320,0.25310410697230185,1.0,0.25310410697230185,1.0,0.2963452146144454,0.44
321,0.28833551769331583,0.48148148148148145,0.28833551769331583,0.48148148148148145,0.3014711181115332,0.48148148148148145
322,0.29457364341085274,1.0,0.29457364341085274,1.0,0.29264069264069265,1.0
323,0.28520971302428255,0.48148148148148145,0.28520971302428255,0.48148148148148145,0.2831779849090102,0.48148148148148145
324,0.2979086641058472,0.48148148148148145,0.2979086641058472,0.48148148148148145,0.296010296010296,0.48148148148148145
325,0.2606657290201594,1.0,0.2606657290201594,1.0,0.2763838773740595,1.0
326,0.2868421052631579,0.4909090909090909,0.2868421052631579,0.4909090909090909,0.3260465614024847,0.1929824561403509
327,0.29322984044846917,0.31446540880503143,0.29322984044846917,0.31446540880503143,0.3531016731016731,0.16666666666666666
328,0.3012658227848101,0.2518518518518518,0.3012658227848101,0.2518518518518518,0.3768772392113353,0.3333333333333333
329,0.2951522951522952,0.3006535947712418,0.2951522951522952,0.3006535947712418,0.3379176676763808,0.1372549019607843
330,0.2922611327280588,0.3006535947712418,0.2922611327280588,0.3006535947712418,0.2922611327280588,0.3006535947712418
331,0.30080270384452895,0.31446540880503143,0.30080270384452895,0.31446540880503143,0.30080270384452895,0.31446540880503143
332,0.23582089552238805,0.3076923076923077,0.23582089552238805,0.3076923076923077,0.33685911432459653,0.022988505747126436
333,0.2623716153127918,1.0,0.2623716153127918,1.0,0.2751196172248804,1.0
334,0.2646239554317549,0.48148148148148145,0.2646239554317549,0.48148148148148145,0.2646239554317549,0.48148148148148145
335,0.29923273657289,0.31446540880503143,0.29923273657289,0.31446540880503143,0.3111528822055138,0.2695035460992908
336,0.29419354838709677,0.44,0.29419354838709677,0.44,0.3153099623687859,0.44
337,0.283311199645861,0.3333333333333333,0.283311199645861,0.3333333333333333,0.276797829036635,0.14814814814814814
338,0.1988114532685035,0.3170731707317073,0.1988114532685035,0.3170731707317073,0.19580990386359512,0.3170731707317073
339,0.22662601626016263,0.45098039215686275,0.22662601626016263,0.45098039215686275,0.218499703666074,0.45098039215686275
340,0.23774145616641904,0.48148148148148145,0.23774145616641904,0.48148148148148145,0.23069600169240534,0.48148148148148145
341,0.2589453860640301,0.44,0.2589453860640301,0.44,0.2589453860640301,0.44
342,0.24153166421207659,0.044444444444444446,0.24153166421207659,0.044444444444444446,0.24789537490433522,0.044444444444444446
343,0.2218798151001541,0.24242424242424243,0.2218798151001541,0.24242424242424243,0.23221300742034046,0.24242424242424243
344,0.260093896713615,0.3333333333333333,0.260093896713615,0.3333333333333333,0.260093896713615,0.3333333333333333
345,0.2868421052631579,0.2608695652173913,0.2868421052631579,0.2608695652173913,0.2784580498866213,0.2608695652173913
346,0.2771030139451192,0.32098765432098764,0.2771030139451192,0.32098765432098764,0.2839075108628181,0.32098765432098764
347,0.2739229024943311,0.38827838827838823,0.2739229024943311,0.38827838827838823,0.2739229024943311,0.38827838827838823
348,0.2894736842105263,0.28205128205128205,0.2894736842105263,0.28205128205128205,0.3069295900178253,0.10101010101010101
349,0.3021885521885522,0.24324324324324326,0.3021885521885522,0.24324324324324326,0.3021885521885522,0.24324324324324326
350,0.29940627650551316,0.2222222222222222,0.29940627650551316,0.2222222222222222,0.29940627650551316,0.2222222222222222
351,0.29574394491501566,0.6462585034013606,0.29574394491501566,0.6462585034013606,0.35217438930879613,0.6462585034013606
352,0.2922611327280588,0.13333333333333333,0.2922611327280588,0.13333333333333333,0.30111262488646684,0.20229885057471264
353,0.24463937621832357,0.0967741935483871,0.24463937621832357,0.0967741935483871,0.3284290122243622,0.3590733590733591
354,0.2950537634408602,0.24242424242424243,0.2950537634408602,0.24242424242424243,0.2965722801788376,0.24853801169590642
355,0.3226445685462079,0.2631578947368421,0.3226445685462079,0.2631578947368421,0.32451033294519704,0.2631578947368421
356,0.30080270384452895,1.0,0.30080270384452895,1.0,0.2924255319148936,1.0
357,0.49942196531791905,1.0,0.49942196531791905,1.0,0.31719128329297824,1.0
358,0.3192940232651424,1.0,0.3192940232651424,1.0,0.30303030303030304,1.0
359,0.3286494925839188,1.0,0.3286494925839188,1.0,0.30973084886128366,1.0
360,0.32983274990276157,1.0,0.32983274990276157,1.0,0.3111658456486043,1.0
361,0.23964497041420119,0.2518518518518518,0.23964497041420119,0.2518518518518518,0.23980099502487562,0.2518518518518518
362,0.28335178462621113,0.4924924924924925,0.28335178462621113,0.4924924924924925,0.28335178462621113,0.4924924924924925
363,0.30080270384452895,0.10101010101010101,0.30080270384452895,0.10101010101010101,0.3217777777777778,0.10101010101010101
364,0.2975277067348679,0.391304347826087,0.2975277067348679,0.391304347826087,0.2975277067348679,0.391304347826087
365,0.2797140303842717,0.36363636363636365,0.2797140303842717,0.36363636363636365,0.2797140303842717,0.36363636363636365
366,0.2507204610951009,1.0,0.2507204610951009,1.0,0.29422144964180363,0.18803418803418803
367,0.23517688091679123,1.0,0.23517688091679123,1.0,0.27349431170344846,0.18803418803418803
368,0.3116031160311603,1.0,0.3116031160311603,1.0,0.3034134007585335,0.18803418803418803
369,0.25721040189125294,0.48148148148148145,0.25721040189125294,0.48148148148148145,0.35934114559492203,0.16216216216216217
370,0.2623716153127918,0.48148148148148145,0.2623716153127918,0.48148148148148145,0.30603661132396764,0.16216216216216217
371,0.26685133887349954,0.48148148148148145,0.26685133887349954,0.48148148148148145,0.3697756206610043,0.16216216216216217
372,0.4988425925925926,1.0,0.4988425925925926,1.0,0.4988425925925926,1.0
373,0.307181403071814,0.48148148148148145,0.307181403071814,0.48148148148148145,0.35266735799055193,0.48148148148148145
374,0.24243232036016824,0.2631578947368421,0.24243232036016824,0.2631578947368421,0.33214410916894743,0.2631578947368421
375,0.2252803261977574,0.3076923076923077,0.2252803261977574,0.3076923076923077,0.29114053467876083,0.022988505747126436
376,0.29987293519695046,1.0,0.29987293519695046,1.0,0.296010296010296,0.4166666666666667
377,0.32825322391559203,1.0,0.32825322391559203,1.0,0.32423882957690786,0.4166666666666667
378,0.49474912485414235,1.0,0.49474912485414235,1.0,0.3258559622195986,0.4166666666666667
379,0.49533799533799533,1.0,0.49533799533799533,1.0,0.32625786163522014,0.4166666666666667
380,0.49533799533799533,1.0,0.49533799533799533,1.0,0.32625786163522014,0.4166666666666667
381,0.49533799533799533,1.0,0.49533799533799533,1.0,0.32858273950910527,0.4166666666666667
382,0.49474912485414235,1.0,0.49474912485414235,1.0,0.3258559622195986,0.4166666666666667
383,0.2817777777777778,0.08888888888888889,0.2817777777777778,0.08888888888888889,0.34049870806884597,0.08888888888888889
384,0.278673835125448,0.36363636363636365,0.278673835125448,0.36363636363636365,0.281721408675988,0.36363636363636365
385,0.24,0.17752234993614302,0.24,0.17752234993614302,0.2525083612040134,0.17752234993614302
386,0.3270588235294118,1.0,0.3270588235294118,1.0,0.32301587301587303,1.0
387,0.31072749691738594,1.0,0.31072749691738594,1.0,0.39128173116937165,1.0
388,0.22796352583586624,1.0,0.22796352583586624,1.0,0.23307436182019978,1.0
389,0.307181403071814,0.4716981132075472,0.307181403071814,0.4716981132075472,0.307181403071814,0.4716981132075472
390,0.30156713257094453,0.4909090909090909,0.30156713257094453,0.4909090909090909,0.3088954056695992,0.2857142857142857
391,0.2922611327280588,1.0,0.2922611327280588,1.0,0.2922611327280588,1.0
392,0.25836869401225837,0.4716981132075472,0.25836869401225837,0.4716981132075472,0.24901960784313726,0.4716981132075472
393,0.27123287671232876,0.32,0.27123287671232876,0.32,0.29092404152533663,0.32
394,0.28883071553228623,0.19999999999999998,0.28883071553228623,0.19999999999999998,0.28883071553228623,0.19999999999999998
395,0.2868421052631579,0.08333333333333333,0.2868421052631579,0.08333333333333333,0.2868421052631579,0.08333333333333333
396,0.29371231696813094,0.044444444444444446,0.29371231696813094,0.044444444444444446,0.285336856010568,0.044444444444444446
397,0.3017277707543194,0.4466338259441707,0.3017277707543194,0.4466338259441707,0.29371231696813094,0.4466338259441707
398,0.30447511501463825,0.42758620689655175,0.30447511501463825,0.42758620689655175,0.2965811965811966,0.42758620689655175
399,0.2927461139896373,0.4716981132075472,0.2927461139896373,0.4716981132075472,0.3725139664804469,0.4716981132075472
400,0.29467353951890035,0.3587509077705156,0.29467353951890035,0.3587509077705156,0.29467353951890035,0.3587509077705156
401,0.2965811965811966,0.48148148148148145,0.2965811965811966,0.48148148148148145,0.2924281984334204,0.48148148148148145
402,0.30402010050251255,0.4909090909090909,0.30402010050251255,0.4909090909090909,0.30402010050251255,0.4909090909090909
403,0.31072749691738594,0.4909090909090909,0.31072749691738594,0.4909090909090909,0.31072749691738594,0.4909090909090909
404,0.2657407407407408,0.11764705882352942,0.2657407407407408,0.11764705882352942,0.36677043078012717,0.11764705882352942
405,0.21319518875788976,0.17752234993614302,0.21319518875788976,0.17752234993614302,0.23488456776636804,0.17752234993614302
406,0.28833551769331583,0.29333333333333333,0.28833551769331583,0.29333333333333333,0.28833551769331583,0.29333333333333333
407,0.29799914857386123,1.0,0.29799914857386123,1.0,0.29799914857386123,1.0
408,0.29419354838709677,0.3488372093023256,0.29419354838709677,0.3488372093023256,0.29419354838709677,0.3488372093023256
409,0.260093896713615,0.3006535947712418,0.260093896713615,0.3006535947712418,0.2626038958955104,0.3006535947712418
410,0.24830917874396133,1.0,0.24830917874396133,1.0,0.2779570315574093,1.0
411,0.3021885521885522,0.48148148148148145,0.3021885521885522,0.48148148148148145,0.3021885521885522,0.48148148148148145
412,0.3003384094754653,0.19999999999999998,0.3003384094754653,0.19999999999999998,0.3003384094754653,0.19999999999999998
413,0.28634167764602547,0.4166666666666667,0.28634167764602547,0.4166666666666667,0.28634167764602547,0.4166666666666667
414,0.24215686274509804,0.3333333333333333,0.24215686274509804,0.3333333333333333,0.24215686274509804,0.3333333333333333
415,0.28280141843971635,0.15151515151515152,0.28280141843971635,0.15151515151515152,0.28280141843971635,0.15151515151515152
416,0.2739229024943311,0.17543859649122806,0.2739229024943311,0.17543859649122806,0.2706904435299497,0.17543859649122806
417,0.3003384094754653,1.0,0.3003384094754653,1.0,0.3003384094754653,1.0
418,0.2907986111111111,0.18095238095238098,0.2907986111111111,0.18095238095238098,0.344022325558165,0.393939393939394
419,0.3359256900622037,0.31446540880503143,0.3359256900622037,0.31446540880503143,0.3396868008948546,0.31446540880503143
420,0.3031066330814442,0.2608695652173913,0.3031066330814442,0.2608695652173913,0.3031066330814442,0.2608695652173913
421,0.25546058879392214,0.19999999999999998,0.25546058879392214,0.19999999999999998,0.24806201550387597,0.19999999999999998
422,0.2536957558416786,0.3,0.2536957558416786,0.3,0.24648229015041243,0.17647058823529413
423,0.30447511501463825,1.0,0.30447511501463825,1.0,0.30447511501463825,1.0
424,0.2989384288747346,0.45098039215686275,0.2989384288747346,0.45098039215686275,0.2989384288747346,0.45098039215686275
425,0.2590056723390057,0.48148148148148145,0.2590056723390057,0.48148148148148145,0.3277788947773735,0.06451612903225806
426,0.25729768513273665,0.28205128205128205,0.25729768513273665,0.28205128205128205,0.27063832721380426,0.42424242424242425
427,0.25696316262353996,0.3333333333333333,0.25696316262353996,0.3333333333333333,0.2899139888295915,0.4687719298245614
428,0.24597364568081992,0.3488372093023256,0.24597364568081992,0.3488372093023256,0.279857129767795,0.35185185185185186
429,0.29897774516996817,0.391304347826087,0.29897774516996817,0.391304347826087,0.3061771561771562,0.391304347826087
430,0.2706904435299497,0.08333333333333333,0.2706904435299497,0.08333333333333333,0.2670375521557719,0.08333333333333333
431,0.2965811965811966,0.48148148148148145,0.2965811965811966,0.48148148148148145,0.29553264604810997,0.48148148148148145
432,0.2838196286472148,0.2518518518518518,0.2838196286472148,0.2518518518518518,0.3125148335729095,0.2518518518518518
433,0.31203931203931207,0.5200945626477541,0.31203931203931207,0.5200945626477541,0.3066666666666667,0.5200945626477541
434,0.26498709419420513,0.4909090909090909,0.26498709419420513,0.4909090909090909,0.28382092699273315,0.4909090909090909
435,0.17573696145124718,0.46153846153846156,0.17573696145124718,0.46153846153846156,0.2039355699029012,0.46153846153846156
436,0.19188596491228072,0.42857142857142855,0.19188596491228072,0.42857142857142855,0.20791777081827675,0.42857142857142855
437,0.2319277108433735,0.4716981132075472,0.2319277108433735,0.4716981132075472,0.2601196876391559,0.4716981132075472
438,0.25191570881226055,0.4909090909090909,0.25191570881226055,0.4909090909090909,0.289742233506118,0.4909090909090909
439,0.24770198355104014,0.4909090909090909,0.24770198355104014,0.4909090909090909,0.2636171008350991,0.4909090909090909
440,0.2878390201224847,0.5012919896640827,0.2878390201224847,0.5012919896640827,0.2848324514991182,0.5012919896640827
441,0.2970550576184379,0.2222222222222222,0.2970550576184379,0.2222222222222222,0.2970550576184379,0.2222222222222222
442,0.2657407407407408,1.0,0.2657407407407408,1.0,0.2657407407407408,1.0
443,0.23710317460317462,0.14814814814814814,0.23710317460317462,0.14814814814814814,0.33522190166565985,0.12903225806451613
444,0.24525547445255472,0.125,0.24525547445255472,0.125,0.2784336678804587,0.07692307692307693
445,0.24090462143559488,0.391304347826087,0.24090462143559488,0.391304347826087,0.28577209547734234,0.25
446,0.24891461649782923,0.40425531914893614,0.24891461649782923,0.40425531914893614,0.2898653219359203,0.2601626016260163
447,0.25251076040172166,0.17647058823529413,0.25251076040172166,0.17647058823529413,0.274816652881169,0.07142857142857142
448,0.2548739895387542,0.17647058823529413,0.2548739895387542,0.17647058823529413,0.24644084437898872,0.07142857142857142
449,0.2975277067348679,0.45098039215686275,0.2975277067348679,0.45098039215686275,0.2975277067348679,0.45098039215686275
450,0.2657407407407408,1.0,0.2657407407407408,1.0,0.2657407407407408,1.0
451,0.26629680998613037,0.0967741935483871,0.26629680998613037,0.0967741935483871,0.26629680998613037,0.0967741935483871
452,0.30356394129979036,0.391304347826087,0.30356394129979036,0.391304347826087,0.30080270384452895,0.391304347826087
453,0.29846938775510207,0.40425531914893614,0.29846938775510207,0.40425531914893614,0.30982005141388175,0.40425531914893614
454,0.29562982005141386,0.391304347826087,0.29562982005141386,0.391304347826087,0.2927461139896373,0.391304347826087
455,0.29128738621586475,0.40425531914893614,0.29128738621586475,0.40425531914893614,0.28833551769331583,0.40425531914893614
456,0.29610611895592637,0.37777777777777777,0.29610611895592637,0.37777777777777777,0.29322984044846917,0.37777777777777777
457,0.30628381190178944,1.0,0.30628381190178944,1.0,0.30628381190178944,1.0
458,0.27604871447902574,0.19999999999999998,0.27604871447902574,0.19999999999999998,0.3911710811261036,0.4593088071348941
459,0.3026481715006305,0.31446540880503143,0.3026481715006305,0.31446540880503143,0.34995450409463147,0.31446540880503143
460,0.29322984044846917,0.2777777777777778,0.29322984044846917,0.2777777777777778,0.29322984044846917,0.2777777777777778
461,0.2606657290201594,0.4716981132075472,0.2606657290201594,0.4716981132075472,0.2707894878851654,0.4716981132075472
462,0.2696011004126548,0.31446540880503143,0.2696011004126548,0.31446540880503143,0.3345986140473134,0.14814814814814814
463,0.36998220084576755,0.11764705882352942,0.36998220084576755,0.11764705882352942,0.36998220084576755,0.11764705882352942
464,0.31072749691738594,1.0,0.31072749691738594,1.0,0.31072749691738594,1.0
465,0.25836869401225837,0.4909090909090909,0.25836869401225837,0.4909090909090909,0.3092635759302426,0.17543859649122806
466,0.23517688091679123,0.45098039215686275,0.23517688091679123,0.45098039215686275,0.2699456505419932,0.1372549019607843
467,0.23837784371909002,0.46153846153846156,0.23837784371909002,0.46153846153846156,0.2669640447649413,0.13333333333333333
468,0.2606657290201594,0.48148148148148145,0.2606657290201594,0.48148148148148145,0.2911917310627291,0.16216216216216217
469,0.2674043337943753,0.48148148148148145,0.2674043337943753,0.48148148148148145,0.2788436870075133,0.16216216216216217
470,0.2706904435299497,0.4909090909090909,0.2706904435299497,0.4909090909090909,0.3146081329320854,0.17543859649122806
471,0.2619718309859155,0.2631578947368421,0.2619718309859155,0.2631578947368421,0.28597784387258074,0.2631578947368421
472,1.0,1.0,1.0,1.0,1.0,1.0
473,0.4988425925925926,1.0,0.4988425925925926,1.0,0.4988425925925926,1.0
474,0.2728512960436562,0.48148148148148145,0.2728512960436562,0.48148148148148145,0.2728512960436562,0.48148148148148145
475,0.2951522951522952,0.3076923076923077,0.2951522951522952,0.3076923076923077,0.3658156366817784,0.3076923076923077
476,0.283311199645861,0.4716981132075472,0.283311199645861,0.4716981132075472,0.283311199645861,0.4716981132075472
477,0.27231329690346084,1.0,0.27231329690346084,1.0,0.27231329690346084,1.0
478,0.32301587301587303,1.0,0.32301587301587303,1.0,0.32301587301587303,1.0
479,0.3026481715006305,1.0,0.3026481715006305,1.0,0.3026481715006305,1.0
480,0.3133414932680539,0.48148148148148145,0.3133414932680539,0.48148148148148145,0.3330842673308427,0.48148148148148145
481,0.24525547445255472,0.48148148148148145,0.24525547445255472,0.48148148148148145,0.23901234567901233,0.48148148148148145
482,0.24830917874396133,1.0,0.24830917874396133,1.0,0.24830917874396133,1.0
483,0.3021885521885522,1.0,0.3021885521885522,1.0,0.2996748900363358,0.18803418803418803
484,0.2661103384330088,0.2777777777777778,0.2661103384330088,0.2777777777777778,0.3721406082460849,0.26164874551971323
485,0.21842650103519667,0.2518518518518518,0.21842650103519667,0.2518518518518518,0.27606036585012916,0.2905982905982906
486,0.27231329690346084,0.31446540880503143,0.27231329690346084,0.31446540880503143,0.30446892941573794,0.31446540880503143
487,0.2989384288747346,1.0,0.2989384288747346,1.0,0.30820504239178936,1.0
488,0.3286494925839188,0.44,0.3286494925839188,0.44,0.3154906731549067,0.44
489,0.321784149741139,1.0,0.321784149741139,1.0,0.5231573739212679,1.0
490,1.0,1.0,1.0,1.0,0.31719128329297824,1.0
491,0.49942196531791905,1.0,0.49942196531791905,1.0,0.31676767676767675,1.0
492,1.0,1.0,1.0,1.0,0.31719128329297824,1.0
493,0.32625786163522014,1.0,0.32625786163522014,1.0,0.3480931426475981,1.0
494,0.4988425925925926,1.0,0.4988425925925926,1.0,0.3163430420711974,1.0
495,0.49942196531791905,1.0,0.49942196531791905,1.0,0.31676767676767675,1.0
496,0.3012658227848101,1.0,0.3012658227848101,1.0,0.29457142857142854,1.0
497,0.4988425925925926,1.0,0.4988425925925926,1.0,0.3163430420711974,1.0
498,0.25191570881226055,0.48148148148148145,0.25191570881226055,0.48148148148148145,0.37341915085817523,0.48148148148148145
499,0.27338782924613986,0.4716981132075472,0.27338782924613986,0.4716981132075472,0.4067468947851723,0.4716981132075472
500,0.28932461873638343,0.44,0.28932461873638343,0.44,0.28932461873638343,0.44
501,0.2142110762800418,0.28205128205128205,0.2142110762800418,0.28205128205128205,0.32532553298895645,0.28205128205128205
502,0.2868421052631579,0.4909090909090909,0.2868421052631579,0.4909090909090909,0.2868421052631579,0.4909090909090909
503,0.2483098177542622,0.48148148148148145,0.2483098177542622,0.48148148148148145,0.3141262246525404,0.16216216216216217
504,0.2581654281263566,0.48148148148148145,0.2581654281263566,0.48148148148148145,0.3203049662385515,0.16216216216216217
505,0.276797829036635,0.48148148148148145,0.276797829036635,0.48148148148148145,0.3609520805949007,0.16216216216216217
506,0.252044252044252,0.4909090909090909,0.252044252044252,0.4909090909090909,0.32227942661013526,0.17543859649122806
507,0.24988873363349373,0.4716981132075472,0.24988873363349373,0.4716981132075472,0.3029375032038288,0.14814814814814814
508,0.29610611895592637,1.0,0.29610611895592637,1.0,0.29610611895592637,1.0
509,0.24463937621832357,0.8901960784313725,0.24463937621832357,0.8901960784313725,0.27660249477251425,0.8901960784313725
510,0.27999969683878645,1.0,0.27999969683878645,1.0,0.3013574660633484,0.18803418803418803
511,0.2817777777777778,1.0,0.2817777777777778,1.0,0.2817777777777778,1.0
512,0.29399048854301774,1.0,0.29399048854301774,1.0,0.43989533798015334,1.0
513,0.304517614173552,1.0,0.304517614173552,1.0,0.45451758400097625,1.0
514,0.26555246053853293,1.0,0.26555246053853293,1.0,0.3126829632115754,1.0
515,0.26720141193825403,0.48148148148148145,0.26720141193825403,0.48148148148148145,0.3142421384995642,0.48148148148148145
516,0.2566287878787879,0.48148148148148145,0.2566287878787879,0.48148148148148145,0.3711974676811509,0.16216216216216217
517,0.3051715309779826,1.0,0.3051715309779826,1.0,0.31210518524499714,0.18803418803418803
518,0.24648229015041243,0.3333333333333333,0.24648229015041243,0.3333333333333333,0.24757560815253124,0.3333333333333333
519,0.3026481715006305,0.4716981132075472,0.3026481715006305,0.4716981132075472,0.3026481715006305,0.4716981132075472
520,0.30984754841367945,0.4909090909090909,0.30984754841367945,0.4909090909090909,0.30984754841367945,0.4909090909090909
521,0.260205054840248,0.32,0.260205054840248,0.32,0.31659333537978784,0.32
522,0.31500332409493964,0.46176046176046176,0.31500332409493964,0.46176046176046176,0.3904199122571403,0.46176046176046176
523,0.29457364341085274,0.48148148148148145,0.29457364341085274,0.48148148148148145,0.34108562003298853,0.16216216216216217
524,0.29931972789115646,1.0,0.29931972789115646,1.0,0.3894203357617992,0.18803418803418803
525,0.2950537634408602,1.0,0.2950537634408602,1.0,0.43383698615702576,0.18803418803418803
526,0.29457364341085274,1.0,0.29457364341085274,1.0,0.37341265922780686,0.18803418803418803
527,0.2826666666666667,0.48148148148148145,0.2826666666666667,0.48148148148148145,0.34896903820816866,0.16216216216216217
528,0.29743589743589743,0.48148148148148145,0.29743589743589743,0.48148148148148145,0.3888166232550461,0.16216216216216217
529,0.2739229024943311,0.48148148148148145,0.2739229024943311,0.48148148148148145,0.2739229024943311,0.48148148148148145
530,0.2758180367118915,0.3076923076923077,0.2758180367118915,0.3076923076923077,0.27605633802816903,0.3076923076923077
531,0.21772939346811818,0.3076923076923077,0.21772939346811818,0.3076923076923077,0.39588872947553,0.13333333333333333
532,0.19421713038734315,0.3076923076923077,0.19421713038734315,0.3076923076923077,0.3573012146955809,0.022988505747126436
533,0.27014652014652013,0.2608695652173913,0.27014652014652013,0.2608695652173913,0.3217237535078615,0.2608695652173913
534,0.2776280323450135,0.3076923076923077,0.2776280323450135,0.3076923076923077,0.39023453766776567,0.13333333333333333
535,0.29322984044846917,0.3076923076923077,0.29322984044846917,0.3076923076923077,0.40260311380643327,0.13333333333333333
536,0.2965811965811966,0.3076923076923077,0.2965811965811966,0.3076923076923077,0.4152719483008676,0.13333333333333333
537,0.26629680998613037,0.3076923076923077,0.26629680998613037,0.3076923076923077,0.35268646517939906,0.13333333333333333
538,0.25721040189125294,0.3076923076923077,0.25721040189125294,0.3076923076923077,0.31871519024794365,0.13333333333333333
539,0.27919463087248325,0.48148148148148145,0.27919463087248325,0.48148148148148145,0.3865819432366195,0.16216216216216217
540,0.2440214738897023,0.3076923076923077,0.2440214738897023,0.3076923076923077,0.3021974930045741,0.13333333333333333
541,0.23517688091679123,0.28205128205128205,0.23517688091679123,0.28205128205128205,0.23099820819605807,0.28205128205128205
542,0.29987293519695046,0.4909090909090909,0.29987293519695046,0.4909090909090909,0.29987293519695046,0.4909090909090909
543,0.29940627650551316,1.0,0.29940627650551316,1.0,0.3484396740210694,0.44
544,0.3137254901960784,1.0,0.3137254901960784,1.0,0.3072136197136197,1.0
545,0.27251943301326015,1.0,0.27251943301326015,1.0,0.2659281563947439,1.0
546,0.24732600732600732,1.0,0.24732600732600732,1.0,0.2395653296779705,0.44
547,0.30402010050251255,0.3,0.30402010050251255,0.3,0.30402010050251255,0.3
548,0.29781771501925547,0.32098765432098764,0.29781771501925547,0.32098765432098764,0.38486887204496933,0.1981981981981982
549,0.21350078492935634,0.37777777777777777,0.21350078492935634,0.37777777777777777,0.2657521449467758,0.5807453416149069
550,0.22796352583586624,0.37777777777777777,0.22796352583586624,0.37777777777777777,0.2745681152865202,0.5807453416149069
551,0.24648229015041243,0.4909090909090909,0.24648229015041243,0.4909090909090909,0.250652790936542,0.24426450742240216
552,0.24525547445255472,0.4909090909090909,0.24525547445255472,0.4909090909090909,0.26591806917165767,0.24426450742240216
553,0.29610611895592637,1.0,0.29610611895592637,1.0,0.29610611895592637,1.0
554,0.3003384094754653,1.0,0.3003384094754653,1.0,0.2989384288747346,1.0
555,0.2548739895387542,1.0,0.2548739895387542,1.0,0.25310410697230185,1.0
556,0.2677746999076639,0.48148148148148145,0.2677746999076639,0.48148148148148145,0.2718405569828612,0.48148148148148145
557,0.2817777777777778,0.125,0.2817777777777778,0.125,0.2817777777777778,0.125
558,0.2765765765765766,0.11764705882352942,0.2765765765765766,0.11764705882352942,0.2987872397119552,0.07142857142857142
559,0.3486701208981002,0.3170731707317073,0.3486701208981002,0.3170731707317073,0.3360991166426777,0.3170731707317073
560,0.30356394129979036,0.4716981132075472,0.30356394129979036,0.4716981132075472,0.30356394129979036,0.4716981132075472
561,0.2440214738897023,0.3,0.2440214738897023,0.3,0.31107322441747115,0.546583850931677
562,0.24090462143559488,0.17543859649122806,0.24090462143559488,0.17543859649122806,0.3572115505554491,0.08333333333333333
563,0.29734361610968296,1.0,0.29734361610968296,1.0,0.3029294935451837,0.44
564,0.32785602503912364,1.0,0.32785602503912364,1.0,0.3668451661196522,1.0
565,0.2542857142857143,1.0,0.2542857142857143,1.0,0.324422973698336,1.0
566,0.23774145616641904,0.3076923076923077,0.23774145616641904,0.3076923076923077,0.23774145616641904,0.3076923076923077
567,0.2749886928991407,1.0,0.2749886928991407,1.0,0.41270639309854995,1.0
568,0.307181403071814,0.4716981132075472,0.307181403071814,0.4716981132075472,0.29232111692844676,0.4716981132075472
569,0.25836869401225837,0.4716981132075472,0.25836869401225837,0.4716981132075472,0.2531400966183575,0.2695035460992908
570,0.2514450867052023,0.14814814814814814,0.2514450867052023,0.14814814814814814,0.26840525411103133,0.27777777777777773
571,0.287341217696014,1.0,0.287341217696014,1.0,0.287341217696014,1.0
572,0.3012658227848101,0.4716981132075472,0.3012658227848101,0.4716981132075472,0.3012658227848101,0.4716981132075472
573,0.3021885521885522,0.4909090909090909,0.3021885521885522,0.4909090909090909,0.3021885521885522,0.4909090909090909
574,0.2635882635882636,0.3006535947712418,0.2635882635882636,0.3006535947712418,0.3799590606543435,0.1372549019607843
575,0.29467353951890035,1.0,0.29467353951890035,1.0,0.29467353951890035,1.0
576,0.28280141843971635,0.31446540880503143,0.28280141843971635,0.31446540880503143,0.2994088314267019,0.31446540880503143
577,0.2771030139451192,0.2695035460992908,0.2771030139451192,0.2695035460992908,0.2771030139451192,0.2695035460992908
578,0.2513189448441247,0.0967741935483871,0.2513189448441247,0.0967741935483871,0.27555182060848876,0.0967741935483871
579,0.23646299056135123,0.4166666666666667,0.23646299056135123,0.4166666666666667,0.3530478218976621,0.17204301075268816
580,0.2776280323450135,0.48148148148148145,0.2776280323450135,0.48148148148148145,0.2776280323450135,0.48148148148148145
581,0.284326710816777,0.022988505747126436,0.284326710816777,0.022988505747126436,0.3540608477073763,0.19444444444444445
582,0.2580952380952381,0.17543859649122806,0.2580952380952381,0.17543859649122806,0.29772844074416693,0.17543859649122806
583,0.24027572624322993,0.29333333333333333,0.24027572624322993,0.29333333333333333,0.24027572624322993,0.29333333333333333
584,0.25952045133991536,0.0967741935483871,0.25952045133991536,0.0967741935483871,0.33042029380236293,0.08
585,0.2513189448441247,0.047619047619047616,0.2513189448441247,0.047619047619047616,0.3238944322370712,0.06060606060606061
586,0.24215686274509804,0.06896551724137931,0.24215686274509804,0.06896551724137931,0.30931213664660184,0.08695652173913043
587,0.2427802251590798,0.0967741935483871,0.2427802251590798,0.0967741935483871,0.3043543543543544,0.08
588,0.24463937621832357,0.06896551724137931,0.24463937621832357,0.06896551724137931,0.31365270035805515,0.08695652173913043
589,0.24648229015041243,0.08888888888888889,0.24648229015041243,0.08888888888888889,0.3162138188608777,0.1111111111111111
590,0.29128738621586475,1.0,0.29128738621586475,1.0,0.29128738621586475,1.0
591,0.28023203926818385,0.48148148148148145,0.28023203926818385,0.48148148148148145,0.3168933537282787,0.48148148148148145
592,0.3076285240464345,0.48148148148148145,0.3076285240464345,0.48148148148148145,0.3021097046413502,0.48148148148148145
593,0.3026481715006305,1.0,0.3026481715006305,1.0,0.3026481715006305,1.0
594,0.31247443762781185,0.48148148148148145,0.31247443762781185,0.48148148148148145,0.35723203138933474,0.48148148148148145
595,0.31506293138449043,1.0,0.31506293138449043,1.0,0.31506293138449043,1.0
596,0.24027572624322993,0.11764705882352942,0.24027572624322993,0.11764705882352942,0.2644131231087753,0.09706959706959706
597,0.29419354838709677,0.2857142857142857,0.29419354838709677,0.2857142857142857,0.29419354838709677,0.2857142857142857
598,0.2922611327280588,0.4166666666666667,0.2922611327280588,0.4166666666666667,0.2922611327280588,0.4166666666666667
599,0.28023203926818385,0.48148148148148145,0.28023203926818385,0.48148148148148145,0.2892469268409118,0.4166666666666667
600,0.3003384094754653,0.4909090909090909,0.3003384094754653,0.4909090909090909,0.3003384094754653,0.4909090909090909
601,0.2696011004126548,0.31446540880503143,0.2696011004126548,0.31446540880503143,0.343297070099945,0.14814814814814814
602,0.30356394129979036,0.48148148148148145,0.30356394129979036,0.48148148148148145,0.2979086641058472,0.48148148148148145
603,0.22862923621648965,0.4716981132075472,0.22862923621648965,0.4716981132075472,0.2784399609796435,0.14814814814814814
604,0.29940627650551316,1.0,0.29940627650551316,1.0,0.31040564373897706,0.44
605,0.29940627650551316,1.0,0.29940627650551316,1.0,0.3291850248640849,1.0
606,0.31290849673202614,1.0,0.31290849673202614,1.0,0.3017277707543194,1.0
607,0.260093896713615,1.0,0.260093896713615,1.0,0.3837469586374696,1.0
608,0.2536957558416786,1.0,0.2536957558416786,1.0,0.3053436986536528,1.0
609,0.29799914857386123,0.40425531914893614,0.29799914857386123,0.40425531914893614,0.28697571743929357,0.2380952380952381
610,0.2898172323759791,0.3076923076923077,0.2898172323759791,0.3076923076923077,0.3992250826023913,0.13333333333333333
611,0.2776280323450135,0.3076923076923077,0.2776280323450135,0.3076923076923077,0.3403758820652554,0.13333333333333333
612,0.27338782924613986,0.3076923076923077,0.27338782924613986,0.3076923076923077,0.33426531255567893,0.13333333333333333
613,0.26123595505617975,0.3076923076923077,0.26123595505617975,0.3076923076923077,0.3238636363636364,0.13333333333333333
614,0.24709302325581395,0.3076923076923077,0.24709302325581395,0.3076923076923077,0.3072048808890914,0.13333333333333333
615,0.30492898913951544,0.4716981132075472,0.30492898913951544,0.4716981132075472,0.30272108843537415,0.4716981132075472
616,0.26666666666666666,0.24324324324324326,0.26666666666666666,0.24324324324324326,0.30121729605433384,0.12903225806451613
617,0.30356394129979036,0.40425531914893614,0.30356394129979036,0.40425531914893614,0.30356394129979036,0.40425531914893614
618,0.29610611895592637,0.48148148148148145,0.29610611895592637,0.48148148148148145,0.29610611895592637,0.48148148148148145
619,0.29562982005141386,1.0,0.29562982005141386,1.0,0.29562982005141386,1.0
620,0.2907986111111111,1.0,0.2907986111111111,1.0,0.2907986111111111,1.0
621,0.2728512960436562,0.36363636363636365,0.2728512960436562,0.36363636363636365,0.335450604791579,0.36363636363636365
622,0.27551942186088524,0.022988505747126436,0.27551942186088524,0.022988505747126436,0.31113047899190177,0.27177177177177175
623,0.2860927152317881,1.0,0.2860927152317881,1.0,0.33589725328205494,0.44
624,0.29987293519695046,0.3076923076923077,0.29987293519695046,0.3076923076923077,0.29987293519695046,0.3076923076923077
625,0.2614010343206394,1.0,0.2614010343206394,1.0,0.3105017978284358,0.44
626,0.285336856010568,1.0,0.285336856010568,1.0,0.285336856010568,1.0
627,0.3142043142043142,1.0,0.3142043142043142,1.0,0.3142043142043142,1.0
628,0.2696011004126548,0.5722222222222223,0.2696011004126548,0.5722222222222223,0.43316935812685564,0.5722222222222223
629,0.28520971302428255,1.0,0.28520971302428255,1.0,0.28703836278075273,0.44
630,0.3017277707543194,0.4909090909090909,0.3017277707543194,0.4909090909090909,0.3017277707543194,0.4909090909090909
631,0.26685133887349954,0.4166666666666667,0.26685133887349954,0.4166666666666667,0.34164466920198505,0.4285714285714286
632,0.2427802251590798,0.3111111111111111,0.2427802251590798,0.3111111111111111,0.35676401403590624,0.3111111111111111
633,0.2548739895387542,0.18560606060606064,0.2548739895387542,0.18560606060606064,0.3811504806509174,0.18560606060606064
634,0.25721040189125294,0.32857142857142857,0.25721040189125294,0.32857142857142857,0.3813361765972403,0.32857142857142857
635,0.29562982005141386,0.48148148148148145,0.29562982005141386,0.48148148148148145,0.283311199645861,0.48148148148148145
636,0.28280141843971635,0.48148148148148145,0.28280141843971635,0.48148148148148145,0.28280141843971635,0.48148148148148145
637,0.27604871447902574,1.0,0.27604871447902574,1.0,0.2811919472113647,0.44
638,0.307181403071814,1.0,0.307181403071814,1.0,0.3205224900256873,1.0
639,0.29610611895592637,1.0,0.29610611895592637,1.0,0.325980655149685,1.0
640,0.29610611895592637,0.13333333333333333,0.29610611895592637,0.13333333333333333,0.38766043970008895,0.13333333333333333
641,0.25012025012025013,0.16216216216216217,0.25012025012025013,0.16216216216216217,0.2947180662528731,0.5333333333333333
642,0.31290849673202614,0.37777777777777777,0.31290849673202614,0.37777777777777777,0.31290849673202614,0.37777777777777777
643,0.23646299056135123,0.46153846153846156,0.23646299056135123,0.46153846153846156,0.23646299056135123,0.46153846153846156
644,0.19586250394197413,0.44,0.19586250394197413,0.44,0.2284006902260757,0.12345679012345678
645,0.2640632264063226,0.32098765432098764,0.2640632264063226,0.32098765432098764,0.28095004766951165,0.2777777777777778
646,0.2577903682719547,1.0,0.2577903682719547,1.0,0.30601483836777954,0.44
647,0.30673316708229426,0.16216216216216217,0.30673316708229426,0.16216216216216217,0.30673316708229426,0.16216216216216217
648,0.307181403071814,0.3076923076923077,0.307181403071814,0.3076923076923077,0.307181403071814,0.3076923076923077
649,0.2927461139896373,1.0,0.2927461139896373,1.0,0.2927461139896373,1.0
650,0.4965116279069767,1.0,0.4965116279069767,1.0,0.4965116279069767,1.0
651,0.24629649883942786,0.3076923076923077,0.24629649883942786,0.3076923076923077,0.32710185637719297,0.13333333333333333
652,0.25266465560583207,0.31446540880503143,0.25266465560583207,0.31446540880503143,0.34418604651162793,0.14814814814814814
653,0.28634167764602547,0.4909090909090909,0.28634167764602547,0.4909090909090909,0.29746020844326443,0.17543859649122806
654,0.2817777777777778,0.4909090909090909,0.2817777777777778,0.4909090909090909,0.3683954109696684,0.17543859649122806
655,0.260093896713615,0.32098765432098764,0.260093896713615,0.32098765432098764,0.4418960265315399,0.23146223146223147
656,0.27551942186088524,1.0,0.27551942186088524,1.0,0.27544351073762835,1.0
657,0.29799914857386123,0.48148148148148145,0.29799914857386123,0.48148148148148145,0.29799914857386123,0.48148148148148145
658,0.35850357292980245,0.2777777777777778,0.35850357292980245,0.2777777777777778,0.32006944444444446,0.2777777777777778
659,0.30447511501463825,0.48148148148148145,0.30447511501463825,0.48148148148148145,0.30447511501463825,0.48148148148148145
660,0.3085194375516956,0.3055555555555555,0.3085194375516956,0.3055555555555555,0.3254449254449255,0.3055555555555555
661,0.28126390743213175,0.24324324324324326,0.28126390743213175,0.24324324324324326,0.27002560163850486,0.10526315789473684
662,0.2536957558416786,0.11904761904761905,0.2536957558416786,0.11904761904761905,0.2536957558416786,0.11904761904761905
663,0.22256410256410256,0.31446540880503143,0.22256410256410256,0.31446540880503143,0.3127400752004924,0.14814814814814814
664,0.26180458158017766,0.48148148148148145,0.26180458158017766,0.48148148148148145,0.25889046941678523,0.48148148148148145
665,0.31673829413942406,0.43800322061191627,0.31673829413942406,0.43800322061191627,0.3857235397452789,0.43800322061191627
666,0.2623716153127918,1.0,0.2623716153127918,1.0,0.2623716153127918,1.0
667,0.2728512960436562,0.2857142857142857,0.2728512960436562,0.2857142857142857,0.2728512960436562,0.2857142857142857
668,0.23582089552238805,0.48148148148148145,0.23582089552238805,0.48148148148148145,0.2640697766200963,0.48148148148148145
669,0.23582089552238805,0.44,0.23582089552238805,0.44,0.23582089552238805,0.44
670,0.25546058879392214,0.48148148148148145,0.25546058879392214,0.48148148148148145,0.2656862745098039,0.48148148148148145
671,0.278673835125448,1.0,0.278673835125448,1.0,0.278673835125448,1.0
672,0.2345309381237525,0.10101010101010101,0.2345309381237525,0.10101010101010101,0.2345309381237525,0.10101010101010101
673,0.2345309381237525,1.0,0.2345309381237525,1.0,0.23196820189712478,1.0
674,0.23582089552238805,0.48148148148148145,0.23582089552238805,0.48148148148148145,0.22664624808575803,0.48148148148148145
675,0.24951830443159925,1.0,0.24951830443159925,1.0,0.24,1.0
676,0.25836869401225837,0.4716981132075472,0.25836869401225837,0.4716981132075472,0.2492753623188406,0.4716981132075472
677,0.2577903682719547,1.0,0.2577903682719547,1.0,0.24770198355104014,1.0
678,0.26629680998613037,1.0,0.26629680998613037,1.0,0.2566287878787879,1.0
679,0.2635009310986965,0.4909090909090909,0.2635009310986965,0.4909090909090909,0.2536957558416786,0.4909090909090909
680,0.2696011004126548,1.0,0.2696011004126548,1.0,0.2679057160834422,1.0
681,0.27551942186088524,0.13333333333333333,0.27551942186088524,0.13333333333333333,0.27551942186088524,0.13333333333333333
682,0.27231329690346084,0.48148148148148145,0.27231329690346084,0.48148148148148145,0.2692664809656453,0.48148148148148145
683,0.28932461873638343,0.11764705882352942,0.28932461873638343,0.11764705882352942,0.2972901520158625,0.11764705882352942
684,0.23323323323323322,0.2222222222222222,0.23323323323323322,0.2222222222222222,0.23323323323323322,0.2222222222222222
685,0.25310410697230185,0.31446540880503143,0.25310410697230185,0.31446540880503143,0.25310410697230185,0.31446540880503143
686,0.24891461649782923,0.4909090909090909,0.24891461649782923,0.4909090909090909,0.24891461649782923,0.4909090909090909
687,0.21278825995807127,0.18803418803418803,0.21278825995807127,0.18803418803418803,0.21278825995807127,0.18803418803418803
688,0.22256410256410256,0.48148148148148145,0.22256410256410256,0.48148148148148145,0.22256410256410256,0.48148148148148145
689,0.23582089552238805,0.19999999999999998,0.23582089552238805,0.19999999999999998,0.23582089552238805,0.19999999999999998
690,0.2542857142857143,0.4716981132075472,0.2542857142857143,0.4716981132075472,0.29123999068340445,0.4716981132075472
691,0.2765765765765766,0.17543859649122806,0.2765765765765766,0.17543859649122806,0.2765765765765766,0.17543859649122806
692,0.2975277067348679,0.16216216216216217,0.2975277067348679,0.16216216216216217,0.2975277067348679,0.16216216216216217
693,0.285336856010568,0.1414141414141414,0.285336856010568,0.1414141414141414,0.2844324809331539,0.1414141414141414
694,0.3163430420711974,1.0,0.3163430420711974,1.0,0.3163430420711974,1.0
695,0.30807453416149067,1.0,0.30807453416149067,1.0,0.30807453416149067,1.0
696,0.3017277707543194,1.0,0.3017277707543194,1.0,0.3017277707543194,1.0
697,0.4776839565741858,1.0,0.4776839565741858,1.0,0.4776839565741858,1.0
698,0.30628381190178944,1.0,0.30628381190178944,1.0,0.30628381190178944,1.0
699,0.2898172323759791,1.0,0.2898172323759791,1.0,0.2898172323759791,1.0
700,0.3219077568134172,0.44,0.3219077568134172,0.44,0.3090395225424315,0.36363636363636365
701,0.29559631566373795,0.3488372093023256,0.29559631566373795,0.3488372093023256,0.29786178729472307,0.24324324324324326
702,0.22050489438433796,0.17647058823529413,0.22050489438433796,0.17647058823529413,0.3324362107302468,0.17647058823529413
703,0.23582089552238805,1.0,0.23582089552238805,1.0,0.23582089552238805,1.0
704,0.2198142414860681,0.28205128205128205,0.2198142414860681,0.28205128205128205,0.32387980729684246,0.28205128205128205
705,0.22862923621648965,0.24324324324324326,0.22862923621648965,0.24324324324324326,0.3436381549845177,0.24324324324324326
706,0.24153166421207659,0.14814814814814814,0.24153166421207659,0.14814814814814814,0.35485454074813655,0.14814814814814814
707,0.23710317460317462,0.13333333333333333,0.23710317460317462,0.13333333333333333,0.35463262657133315,0.13333333333333333
708,0.24153166421207659,0.31446540880503143,0.24153166421207659,0.31446540880503143,0.35892954428793217,0.14814814814814814
709,0.30583333333333335,1.0,0.30583333333333335,1.0,0.30583333333333335,1.0
710,0.3021885521885522,1.0,0.3021885521885522,1.0,0.3021885521885522,1.0
711,0.2629370629370629,0.4716981132075472,0.2629370629370629,0.4716981132075472,0.3610079292842325,0.20370370370370372
712,0.25310410697230185,1.0,0.25310410697230185,1.0,0.33558802308802305,0.18803418803418803
713,0.24153166421207659,0.48148148148148145,0.24153166421207659,0.48148148148148145,0.3082841099686429,0.16216216216216217
714,0.23774145616641904,0.48148148148148145,0.23774145616641904,0.48148148148148145,0.30979273174018146,0.16216216216216217
715,0.30984754841367945,0.48148148148148145,0.30984754841367945,0.48148148148148145,0.32027553159628636,0.48148148148148145
716,0.2989384288747346,0.19999999999999998,0.2989384288747346,0.19999999999999998,0.32586291838848164,0.19999999999999998
717,0.29846938775510207,0.2695035460992908,0.29846938775510207,0.2695035460992908,0.29846938775510207,0.2695035460992908
718,0.2657407407407408,0.2695035460992908,0.2657407407407408,0.2695035460992908,0.2657407407407408,0.2695035460992908
719,0.2507204610951009,0.2631578947368421,0.2507204610951009,0.2631578947368421,0.3674439461883408,0.2631578947368421
720,0.26905417814508725,0.2631578947368421,0.26905417814508725,0.2631578947368421,0.42488752331833646,0.2631578947368421
721,0.18715393133997785,1.0,0.18715393133997785,1.0,0.31165948557252904,0.18803418803418803
722,0.18794914317302377,0.48148148148148145,0.18794914317302377,0.48148148148148145,0.3222287257920476,0.16216216216216217
723,0.180695847362514,0.4716981132075472,0.180695847362514,0.4716981132075472,0.2809443778361412,0.337037037037037
724,0.2651831247102457,0.44,0.2651831247102457,0.44,0.28552445919350217,0.44
725,0.29371231696813094,0.0967741935483871,0.29371231696813094,0.0967741935483871,0.29371231696813094,0.0967741935483871
726,0.19805194805194803,0.17752234993614302,0.19805194805194803,0.17752234993614302,0.2842746690485436,0.17752234993614302
727,0.24090462143559488,0.2222222222222222,0.24090462143559488,0.2222222222222222,0.24840114722968823,0.2222222222222222
728,0.4982618771726535,0.44,0.4982618771726535,0.44,0.4982618771726535,0.44
729,0.2858399296394019,1.0,0.2858399296394019,1.0,0.2858399296394019,1.0
730,0.287598944591029,1.0,0.287598944591029,1.0,0.4370030454614356,1.0
731,0.29447322970639034,1.0,0.29447322970639034,1.0,0.36288744722479666,1.0
732,0.24090462143559488,0.2518518518518518,0.24090462143559488,0.2518518518518518,0.31928683306937516,0.2518518518518518
733,0.2345309381237525,0.2857142857142857,0.2345309381237525,0.2857142857142857,0.3086589232176951,0.2857142857142857
734,0.23285984848484845,0.3111111111111111,0.23285984848484845,0.3111111111111111,0.30901273689888975,0.2617283950617284
735,0.3153767223688068,0.48148148148148145,0.3153767223688068,0.48148148148148145,0.3029275861296658,0.2222222222222222
736,0.28883071553228623,0.4909090909090909,0.28883071553228623,0.4909090909090909,0.28883071553228623,0.4909090909090909
737,0.2589453860640301,0.40425531914893614,0.2589453860640301,0.40425531914893614,0.2589453860640301,0.40425531914893614
738,0.2994322789943228,0.18803418803418803,0.2994322789943228,0.18803418803418803,0.2970723761353337,0.18803418803418803
739,0.30356394129979036,0.31446540880503143,0.30356394129979036,0.31446540880503143,0.30356394129979036,0.31446540880503143
740,0.3017277707543194,0.48148148148148145,0.3017277707543194,0.48148148148148145,0.2977262977262977,0.48148148148148145
741,0.2965811965811966,1.0,0.2965811965811966,1.0,0.2965811965811966,1.0
742,0.29987293519695046,0.36363636363636365,0.29987293519695046,0.36363636363636365,0.29987293519695046,0.36363636363636365
743,0.31546754237569247,0.46153846153846156,0.31546754237569247,0.46153846153846156,0.29491895523641554,0.2333333333333333
744,0.34843299885930823,0.48148148148148145,0.34843299885930823,0.48148148148148145,0.32524478501489995,0.2222222222222222
745,0.28724375789371415,0.48148148148148145,0.28724375789371415,0.48148148148148145,0.2744438605710282,0.2222222222222222
746,0.3020740740740741,0.48148148148148145,0.3020740740740741,0.48148148148148145,0.31468381603997303,0.2222222222222222
747,0.2819848416143033,0.45098039215686275,0.2819848416143033,0.45098039215686275,0.28111147745173465,0.23931623931623933
748,0.2474674539755891,0.37777777777777777,0.2474674539755891,0.37777777777777777,0.2575459517093677,0.2828282828282828
749,0.27251143917810583,0.45098039215686275,0.27251143917810583,0.45098039215686275,0.30141712390952513,0.23931623931623933
750,0.2536293690139844,0.45098039215686275,0.2536293690139844,0.45098039215686275,0.2804198693016193,0.23931623931623933
751,0.2608841547746988,0.46153846153846156,0.2608841547746988,0.46153846153846156,0.28939158945403837,0.2333333333333333
752,0.2262944404676688,0.28205128205128205,0.2262944404676688,0.28205128205128205,0.25460785259780233,0.2716049382716049
753,0.23458646616541354,0.3170731707317073,0.23458646616541354,0.3170731707317073,0.2279811597195591,0.15238095238095237
754,0.2542857142857143,0.044444444444444446,0.2542857142857143,0.044444444444444446,0.27811175337186894,0.18888888888888888
755,0.33217458478176903,0.48148148148148145,0.33217458478176903,0.48148148148148145,0.31845597104945716,0.48148148148148145
756,0.33022533022533024,0.48148148148148145,0.33022533022533024,0.48148148148148145,0.32745789267528397,0.48148148148148145
757,0.3290347792106291,0.48148148148148145,0.3290347792106291,0.48148148148148145,0.326241134751773,0.48148148148148145
758,0.3124231242312423,0.48148148148148145,0.3124231242312423,0.48148148148148145,0.3093465674110835,0.48148148148148145
759,0.3021885521885522,0.2777777777777778,0.3021885521885522,0.2777777777777778,0.31056545463325125,0.2777777777777778
760,0.29128738621586475,0.36363636363636365,0.29128738621586475,0.36363636363636365,0.306928634544415,0.36363636363636365
761,0.30673316708229426,0.23255813953488372,0.30673316708229426,0.23255813953488372,0.31542477919289513,0.23255813953488372
762,0.28634167764602547,0.14814814814814814,0.28634167764602547,0.14814814814814814,0.38954383598735065,0.14814814814814814
763,0.2781516375056079,0.3,0.2781516375056079,0.3,0.42738391167021933,0.3
764,0.35840428886786496,0.28205128205128205,0.35840428886786496,0.28205128205128205,0.3504465051023324,0.2716049382716049
765,0.37787154242850446,0.28205128205128205,0.37787154242850446,0.28205128205128205,0.38746711994454314,0.2716049382716049
766,0.3602262977262978,0.2631578947368421,0.3602262977262978,0.2631578947368421,0.395561111373178,0.25641025641025644
767,0.3133414932680539,1.0,0.3133414932680539,1.0,0.3133414932680539,1.0
768,0.28280141843971635,0.48148148148148145,0.28280141843971635,0.48148148148148145,0.28280141843971635,0.48148148148148145
769,0.2776280323450135,1.0,0.2776280323450135,1.0,0.2776280323450135,1.0
770,0.25836869401225837,1.0,0.25836869401225837,1.0,0.25836869401225837,1.0
771,0.2674043337943753,1.0,0.2674043337943753,1.0,0.2674043337943753,1.0
772,0.285336856010568,1.0,0.285336856010568,1.0,0.285336856010568,1.0
773,0.2858399296394019,1.0,0.2858399296394019,1.0,0.2858399296394019,1.0
774,0.28833551769331583,0.48148148148148145,0.28833551769331583,0.48148148148148145,0.28833551769331583,0.48148148148148145
775,0.3246445497630332,1.0,0.3246445497630332,1.0,0.3246445497630332,1.0
776,0.48998822143698467,1.0,0.48998822143698467,1.0,0.48998822143698467,1.0
777,0.278673835125448,0.4909090909090909,0.278673835125448,0.4909090909090909,0.278673835125448,0.4909090909090909
778,0.285336856010568,0.4909090909090909,0.285336856010568,0.4909090909090909,0.285336856010568,0.4909090909090909
779,0.28023203926818385,0.2222222222222222,0.28023203926818385,0.2222222222222222,0.28023203926818385,0.2222222222222222
780,0.27123287671232876,1.0,0.27123287671232876,1.0,0.27123287671232876,1.0
781,0.27231329690346084,0.32098765432098764,0.27231329690346084,0.32098765432098764,0.27231329690346084,0.32098765432098764
782,0.27014652014652013,0.48148148148148145,0.27014652014652013,0.48148148148148145,0.27014652014652013,0.48148148148148145
783,0.29419354838709677,0.2518518518518518,0.29419354838709677,0.2518518518518518,0.37464507902731065,0.2518518518518518
784,0.2907986111111111,0.2222222222222222,0.2907986111111111,0.2222222222222222,0.38267712085893907,0.2222222222222222
785,0.2807486631016043,0.15151515151515152,0.2807486631016043,0.15151515151515152,0.36159040833261796,0.15151515151515152
786,0.2507204610951009,0.29333333333333333,0.2507204610951009,0.29333333333333333,0.3044253614468057,0.29333333333333333
787,0.26795580110497236,0.37777777777777777,0.26795580110497236,0.37777777777777777,0.33995639857014215,0.37777777777777777
788,0.2776280323450135,0.10101010101010101,0.2776280323450135,0.10101010101010101,0.35351575177662137,0.10101010101010101
789,0.2838196286472148,0.15151515151515152,0.2838196286472148,0.15151515151515152,0.3658062188879831,0.15151515151515152
790,0.2878390201224847,0.125,0.2878390201224847,0.125,0.3737316083206494,0.125
791,0.28634167764602547,0.125,0.28634167764602547,0.125,0.37169775948442335,0.125
792,0.283311199645861,0.2631578947368421,0.283311199645861,0.2631578947368421,0.3660853258321613,0.2631578947368421
793,0.283311199645861,0.42857142857142855,0.283311199645861,0.42857142857142855,0.3533314278545158,0.42857142857142855
794,0.278673835125448,0.42857142857142855,0.278673835125448,0.42857142857142855,0.35712142640892175,0.42857142857142855
795,0.27785295444294095,0.2608695652173913,0.27785295444294095,0.2608695652173913,0.4055446145913469,0.19999999999999998
796,0.29419354838709677,0.4716981132075472,0.29419354838709677,0.4716981132075472,0.309492910358087,0.4716981132075472
797,0.2975277067348679,1.0,0.2975277067348679,1.0,0.333116036505867,1.0
798,0.2868421052631579,0.3006535947712418,0.2868421052631579,0.3006535947712418,0.2868421052631579,0.3006535947712418
799,0.2542857142857143,0.19999999999999998,0.2542857142857143,0.19999999999999998,0.2670568309877611,0.19999999999999998
800,0.27231329690346084,0.41307189542483663,0.27231329690346084,0.41307189542483663,0.27231329690346084,0.41307189542483663
801,0.22729578893962454,0.31446540880503143,0.22729578893962454,0.31446540880503143,0.22729578893962454,0.31446540880503143
802,0.33426050545835206,0.3916666666666666,0.33426050545835206,0.3916666666666666,0.33426050545835206,0.3916666666666666
803,0.2771030139451192,0.4909090909090909,0.2771030139451192,0.4909090909090909,0.2951346244685876,0.4909090909090909
804,0.27551942186088524,0.4909090909090909,0.27551942186088524,0.4909090909090909,0.28853612897629405,0.4909090909090909
805,0.28280141843971635,0.4909090909090909,0.28280141843971635,0.4909090909090909,0.29820471925735087,0.2857142857142857
806,0.2817777777777778,0.36363636363636365,0.2817777777777778,0.36363636363636365,0.30361750112764996,0.36363636363636365
807,0.2536957558416786,0.3006535947712418,0.2536957558416786,0.3006535947712418,0.30227177670833266,0.2518518518518518
808,0.2771030139451192,0.4909090909090909,0.2771030139451192,0.4909090909090909,0.3099176512710347,0.4909090909090909
809,0.2975277067348679,0.48148148148148145,0.2975277067348679,0.48148148148148145,0.2975277067348679,0.48148148148148145
810,0.3089632383312681,0.18803418803418803,0.3089632383312681,0.18803418803418803,0.30807453416149067,0.18803418803418803
811,0.30356394129979036,0.4909090909090909,0.30356394129979036,0.4909090909090909,0.30356394129979036,0.4909090909090909
812,0.2848324514991182,0.3135483870967742,0.2848324514991182,0.3135483870967742,0.2848324514991182,0.3135483870967742
813,0.2975277067348679,0.4909090909090909,0.2975277067348679,0.4909090909090909,0.2975277067348679,0.4909090909090909
814,0.3490680454487425,0.2828282828282828,0.3490680454487425,0.2828282828282828,0.3519035164196454,0.2828282828282828
815,0.2827222333533694,0.2518518518518518,0.2827222333533694,0.2518518518518518,0.29911412193850967,0.2518518518518518
816,0.25568175358413775,0.29333333333333333,0.25568175358413775,0.29333333333333333,0.26511337470241575,0.29333333333333333
817,0.2345309381237525,0.18803418803418803,0.2345309381237525,0.18803418803418803,0.31684014617361395,0.047619047619047616
818,1.0,1.0,1.0,1.0,1.0,1.0
819,0.29799914857386123,0.08,0.29799914857386123,0.08,0.287598944591029,0.08
820,0.30984754841367945,0.48148148148148145,0.30984754841367945,0.48148148148148145,0.357056911879247,0.48148148148148145
821,0.2868421052631579,1.0,0.2868421052631579,1.0,0.36512100028862005,1.0
822,0.2771030139451192,1.0,0.2771030139451192,1.0,0.30453216374269004,1.0
823,0.24213172448466566,0.48148148148148145,0.24213172448466566,0.48148148148148145,0.33559530575888097,0.48148148148148145
824,0.28023203926818385,0.48148148148148145,0.28023203926818385,0.48148148148148145,0.3074970652622228,0.48148148148148145
825,0.24586977648202138,0.46153846153846156,0.24586977648202138,0.46153846153846156,0.31044993776153396,0.2130952380952381
826,0.2548739895387542,0.3076923076923077,0.2548739895387542,0.3076923076923077,0.35697724622878546,0.2608695652173913
827,0.2765765765765766,0.31446540880503143,0.2765765765765766,0.31446540880503143,0.37728461448048894,0.31446540880503143
828,0.2951522951522952,0.11764705882352942,0.2951522951522952,0.11764705882352942,0.2951522951522952,0.11764705882352942
829,0.3076285240464345,1.0,0.3076285240464345,1.0,0.318509708535284,0.18803418803418803
830,0.49942196531791905,1.0,0.49942196531791905,1.0,0.3329910141206675,0.18803418803418803
831,0.30447511501463825,0.2695035460992908,0.30447511501463825,0.2695035460992908,0.30447511501463825,0.2695035460992908
832,0.30402010050251255,1.0,0.30402010050251255,1.0,0.30402010050251255,1.0
833,0.29128738621586475,0.2631578947368421,0.29128738621586475,0.2631578947368421,0.29128738621586475,0.2631578947368421
834,0.29558208346087134,0.37467700258397935,0.29558208346087134,0.37467700258397935,0.3176552447046917,0.2186379928315412
835,0.2797140303842717,0.06451612903225806,0.2797140303842717,0.06451612903225806,0.2914860536537395,0.06451612903225806
836,0.2951522951522952,0.022988505747126436,0.2951522951522952,0.022988505747126436,0.33117325048084034,0.25925925925925924
837,0.29610611895592637,0.48148148148148145,0.29610611895592637,0.48148148148148145,0.2901960784313726,0.48148148148148145
838,0.2771030139451192,0.4716981132075472,0.2771030139451192,0.4716981132075472,0.2765765765765766,0.4716981132075472
839,0.2922611327280588,0.36363636363636365,0.2922611327280588,0.36363636363636365,0.29177489177489174,0.36363636363636365
840,0.27551942186088524,0.4716981132075472,0.27551942186088524,0.4716981132075472,0.2749886928991407,0.4716981132075472
841,0.28126390743213175,0.46153846153846156,0.28126390743213175,0.46153846153846156,0.2807486631016043,0.46153846153846156
842,0.2717738258093935,0.46153846153846156,0.2717738258093935,0.46153846153846156,0.27123287671232876,0.46153846153846156
843,0.2868421052631579,1.0,0.2868421052631579,1.0,0.42042569119698087,0.18803418803418803
844,0.2797140303842717,1.0,0.2797140303842717,1.0,0.43010346957715373,0.18803418803418803
845,0.285336856010568,1.0,0.285336856010568,1.0,0.285336856010568,1.0
846,0.2865961199294533,0.2222222222222222,0.2865961199294533,0.2222222222222222,0.2966646574241511,0.2222222222222222
847,0.29371231696813094,0.42857142857142855,0.29371231696813094,0.42857142857142855,0.292916123424598,0.42857142857142855
848,0.29030856149500217,1.0,0.29030856149500217,1.0,0.2967155914590207,0.44
849,0.29467353951890035,1.0,0.29467353951890035,1.0,0.29467353951890035,1.0
850,0.29799914857386123,0.4716981132075472,0.29799914857386123,0.4716981132075472,0.29799914857386123,0.4716981132075472
851,0.32785602503912364,1.0,0.32785602503912364,1.0,0.32785602503912364,1.0
852,0.2772895305851991,0.16666666666666666,0.2772895305851991,0.16666666666666666,0.2731935504664033,0.16666666666666666
853,0.2292929292929293,0.3076923076923077,0.2292929292929293,0.3076923076923077,0.28570257419249057,0.13333333333333333
854,0.23632518578919803,0.3076923076923077,0.23632518578919803,0.3076923076923077,0.35054146489904997,0.13333333333333333
855,0.27919463087248325,1.0,0.27919463087248325,1.0,0.27919463087248325,1.0
856,0.31842347560070094,0.48148148148148145,0.31842347560070094,0.48148148148148145,0.368574013126239,0.48148148148148145
857,0.3003384094754653,0.2777777777777778,0.3003384094754653,0.2777777777777778,0.3003384094754653,0.2777777777777778
858,0.278673835125448,1.0,0.278673835125448,1.0,0.27551942186088524,1.0
859,0.3111658456486043,0.18803418803418803,0.3111658456486043,0.18803418803418803,0.3111658456486043,0.18803418803418803
860,0.28634167764602547,0.21904761904761905,0.28634167764602547,0.21904761904761905,0.28634167764602547,0.21904761904761905
861,0.4627791563275434,0.48148148148148145,0.4627791563275434,0.48148148148148145,0.4383916990920882,0.48148148148148145
862,0.3290448343079922,0.48148148148148145,0.3290448343079922,0.48148148148148145,0.33396567299006324,0.48148148148148145
863,1.0,0.48148148148148145,1.0,0.48148148148148145,0.4789410348977136,0.48148148148148145
864,0.4982618771726535,0.48148148148148145,0.4982618771726535,0.48148148148148145,0.31803542673107893,0.48148148148148145
865,1.0,0.48148148148148145,1.0,0.48148148148148145,0.4789410348977136,0.48148148148148145
866,0.3254531126871552,0.48148148148148145,0.3254531126871552,0.48148148148148145,0.3441175894936684,0.48148148148148145
867,0.2975277067348679,0.48148148148148145,0.2975277067348679,0.48148148148148145,0.28112449799196787,0.48148148148148145
868,0.3254531126871552,0.48148148148148145,0.3254531126871552,0.48148148148148145,0.32742254320552716,0.48148148148148145
869,0.3294392523364486,0.48148148148148145,0.3294392523364486,0.48148148148148145,0.3158749492488835,0.48148148148148145
870,0.33217458478176903,0.48148148148148145,0.33217458478176903,0.48148148148148145,0.31803542673107893,0.48148148148148145
871,0.3238321456848773,0.48148148148148145,0.3238321456848773,0.48148148148148145,0.34394878149524993,0.48148148148148145
872,0.2198142414860681,1.0,0.2198142414860681,1.0,0.24312492292514487,1.0
873,0.2614010343206394,0.18803418803418803,0.2614010343206394,0.18803418803418803,0.31967346376827455,0.36161616161616167
874,0.26850574712643677,1.0,0.26850574712643677,1.0,0.3026279803646564,1.0
875,0.2696011004126548,0.4909090909090909,0.2696011004126548,0.4909090909090909,0.26899766899766897,0.4909090909090909
876,0.3034134007585335,0.2518518518518518,0.3034134007585335,0.2518518518518518,0.33946977126310096,0.13203463203463203
877,0.307181403071814,0.32098765432098764,0.307181403071814,0.32098765432098764,0.33451388888888894,0.1981981981981982
878,0.2776280323450135,1.0,0.2776280323450135,1.0,0.2968788997744623,1.0
879,0.2878390201224847,0.19999999999999998,0.2878390201224847,0.19999999999999998,0.32977053418902075,0.19999999999999998
880,0.2696011004126548,0.3488372093023256,0.2696011004126548,0.3488372093023256,0.30999713065640455,0.3488372093023256
881,0.30356394129979036,0.11764705882352942,0.30356394129979036,0.11764705882352942,0.30356394129979036,0.11764705882352942
882,0.25869537520703273,0.46153846153846156,0.25869537520703273,0.46153846153846156,0.26785612495012256,0.46153846153846156
883,0.2975277067348679,0.44,0.2975277067348679,0.44,0.2975277067348679,0.44
884,0.2674043337943753,0.36363636363636365,0.2674043337943753,0.36363636363636365,0.2674043337943753,0.36363636363636365
885,0.2868421052631579,0.2222222222222222,0.2868421052631579,0.2222222222222222,0.2868421052631579,0.2222222222222222
886,0.2838196286472148,0.18803418803418803,0.2838196286472148,0.18803418803418803,0.2817777777777778,0.18803418803418803
887,0.26795580110497236,0.06451612903225806,0.26795580110497236,0.06451612903225806,0.2657407407407408,0.06451612903225806
888,0.25836869401225837,0.022988505747126436,0.25836869401225837,0.022988505747126436,0.25604551920341395,0.022988505747126436
889,0.2623716153127918,0.28205128205128205,0.2623716153127918,0.28205128205128205,0.2623716153127918,0.28205128205128205
890,0.2868421052631579,0.3076923076923077,0.2868421052631579,0.3076923076923077,0.2868421052631579,0.3076923076923077
891,0.29987293519695046,0.48148148148148145,0.29987293519695046,0.48148148148148145,0.2949547218628719,0.48148148148148145
892,0.36013645224171537,0.18803418803418803,0.36013645224171537,0.18803418803418803,0.3456297313456138,0.18803418803418803
893,0.31926015279453157,0.18803418803418803,0.31926015279453157,0.18803418803418803,0.3141104294478528,0.18803418803418803
894,0.34503916449086164,0.18803418803418803,0.34503916449086164,0.18803418803418803,0.364847563783734,0.18803418803418803
895,0.3653539309544531,0.18803418803418803,0.3653539309544531,0.18803418803418803,0.3482514062117878,0.18803418803418803
896,0.2898172323759791,0.28205128205128205,0.2898172323759791,0.28205128205128205,0.3180223285486444,0.28205128205128205
897,0.28932461873638343,0.24242424242424243,0.28932461873638343,0.24242424242424243,0.33709552588271124,0.19907407407407407
898,0.27604871447902574,0.3076923076923077,0.27604871447902574,0.3076923076923077,0.28086215759712124,0.3076923076923077
899,0.28932461873638343,0.42857142857142855,0.28932461873638343,0.42857142857142855,0.3059709354225231,0.42857142857142855
900,0.31203931203931207,0.2777777777777778,0.31203931203931207,0.2777777777777778,0.31203931203931207,0.2777777777777778
901,0.30356394129979036,0.40425531914893614,0.30356394129979036,0.40425531914893614,0.30356394129979036,0.40425531914893614
902,0.28833551769331583,0.44,0.28833551769331583,0.44,0.28833551769331583,0.44
903,0.3163430420711974,1.0,0.3163430420711974,1.0,0.3163430420711974,1.0
904,0.19031903190319033,0.13333333333333333,0.19031903190319033,0.13333333333333333,0.24011095709143349,0.13333333333333333
905,0.25227817745803355,0.48148148148148145,0.25227817745803355,0.48148148148148145,0.28172736884319516,0.2777777777777778
906,0.30583333333333335,0.337037037037037,0.30583333333333335,0.337037037037037,0.30583333333333335,0.337037037037037
907,0.27954545454545454,0.23255813953488372,0.27954545454545454,0.23255813953488372,0.2874260815437286,0.16216216216216217
908,0.29322984044846917,0.5130434782608696,0.29322984044846917,0.5130434782608696,0.29322984044846917,0.5130434782608696
909,0.24586977648202138,1.0,0.24586977648202138,1.0,0.2531266560678325,1.0
910,0.25836869401225837,0.48148148148148145,0.25836869401225837,0.48148148148148145,0.26800330227621183,0.48148148148148145
911,0.29987293519695046,1.0,0.29987293519695046,1.0,0.29987293519695046,1.0
912,0.24215686274509804,0.3076923076923077,0.24215686274509804,0.3076923076923077,0.32240312220811584,0.022988505747126436
913,0.25310410697230185,0.48148148148148145,0.25310410697230185,0.48148148148148145,0.28305857957490926,0.06451612903225806
914,0.25310410697230185,0.48148148148148145,0.25310410697230185,0.48148148148148145,0.29233758005142146,0.06451612903225806
915,0.25604551920341395,0.4909090909090909,0.25604551920341395,0.4909090909090909,0.30876795162509446,0.08333333333333333
916,0.2878390201224847,0.48148148148148145,0.2878390201224847,0.48148148148148145,0.28431372549019607,0.48148148148148145
917,0.2589453860640301,0.48148148148148145,0.2589453860640301,0.48148148148148145,0.2589453860640301,0.48148148148148145
918,0.20846560846560847,0.07407407407407407,0.20846560846560847,0.07407407407407407,0.2624716881325419,0.07407407407407407
919,0.20627325890483786,0.07407407407407407,0.20627325890483786,0.07407407407407407,0.26688809815404174,0.07407407407407407
920,0.23901234567901233,0.24324324324324326,0.23901234567901233,0.24324324324324326,0.27118293948347794,0.37777777777777777
921,0.23127199597787831,1.0,0.23127199597787831,1.0,0.27227655620621055,0.18803418803418803
922,0.23901234567901233,0.4716981132075472,0.23901234567901233,0.4716981132075472,0.26665578842117516,0.1851851851851852
923,0.2838196286472148,0.3129251700680272,0.2838196286472148,0.3129251700680272,0.2828828828828829,0.3129251700680272
924,0.2822902796271638,1.0,0.2822902796271638,1.0,0.2822902796271638,1.0
925,0.2822902796271638,0.16216216216216217,0.2822902796271638,0.16216216216216217,0.4169918212425261,0.5091954022988506
926,0.307181403071814,0.2222222222222222,0.307181403071814,0.2222222222222222,0.307181403071814,0.2222222222222222
927,0.30492898913951544,1.0,0.30492898913951544,1.0,0.30492898913951544,1.0
928,0.3026481715006305,1.0,0.3026481715006305,1.0,0.3492560567110696,1.0
929,0.28932461873638343,0.48148148148148145,0.28932461873638343,0.48148148148148145,0.28932461873638343,0.48148148148148145
930,0.2807486631016043,0.4909090909090909,0.2807486631016043,0.4909090909090909,0.4501973883996356,0.4909090909090909
931,0.26629680998613037,1.0,0.26629680998613037,1.0,0.4049234292257049,1.0
932,0.31072749691738594,0.45098039215686275,0.31072749691738594,0.45098039215686275,0.4790760653126244,0.45098039215686275
933,0.2807486631016043,0.24324324324324326,0.2807486631016043,0.24324324324324326,0.3810861423220973,0.24324324324324326
934,0.2898172323759791,0.42857142857142855,0.2898172323759791,0.42857142857142855,0.2827445325642874,0.42857142857142855
935,0.2975277067348679,0.48148148148148145,0.2975277067348679,0.48148148148148145,0.2927461139896373,0.48148148148148145
936,0.31377343113284434,0.48148148148148145,0.31377343113284434,0.48148148148148145,0.3094059405940594,0.48148148148148145
937,0.29610611895592637,1.0,0.29610611895592637,1.0,0.4052146760343482,1.0
938,0.30447511501463825,0.44,0.30447511501463825,0.44,0.2927461139896373,0.44
939,0.31719128329297824,0.48148148148148145,0.31719128329297824,0.48148148148148145,0.3142043142043142,0.48148148148148145
940,0.3310077519379845,0.48148148148148145,0.3310077519379845,0.48148148148148145,0.32825322391559203,0.48148148148148145
941,0.3209580838323353,0.48148148148148145,0.3209580838323353,0.48148148148148145,0.31803542673107893,0.48148148148148145
942,0.33061699650756693,0.48148148148148145,0.33061699650756693,0.48148148148148145,0.32785602503912364,0.48148148148148145
943,0.3270588235294118,0.48148148148148145,0.3270588235294118,0.48148148148148145,0.32423882957690786,0.48148148148148145
944,0.32983274990276157,0.48148148148148145,0.32983274990276157,0.48148148148148145,0.3270588235294118,0.48148148148148145
945,0.215962441314554,0.40425531914893614,0.215962441314554,0.40425531914893614,0.22851807812490377,0.40425531914893614
946,0.32745789267528397,1.0,0.32745789267528397,1.0,0.32745789267528397,1.0
947,0.3076285240464345,0.2518518518518518,0.3076285240464345,0.2518518518518518,0.3076285240464345,0.2518518518518518
948,0.29177489177489174,0.4909090909090909,0.29177489177489174,0.4909090909090909,0.29177489177489174,0.4909090909090909
949,0.28883071553228623,0.22764227642276424,0.28883071553228623,0.22764227642276424,0.2826666666666667,0.22764227642276424
950,0.26795580110497236,0.45098039215686275,0.26795580110497236,0.45098039215686275,0.26795580110497236,0.45098039215686275
951,0.2868421052631579,0.18803418803418803,0.2868421052631579,0.18803418803418803,0.2868421052631579,0.18803418803418803
952,0.2838196286472148,0.37777777777777777,0.2838196286472148,0.37777777777777777,0.2838196286472148,0.37777777777777777
953,0.2749886928991407,0.391304347826087,0.2749886928991407,0.391304347826087,0.2984846648078555,0.391304347826087
954,0.27231329690346084,0.3,0.27231329690346084,0.3,0.2968752660706684,0.3
955,0.26795580110497236,0.3,0.26795580110497236,0.3,0.31988379356800406,0.3
956,0.2651831247102457,0.48148148148148145,0.2651831247102457,0.48148148148148145,0.2657210401891253,0.48148148148148145
957,0.28126390743213175,0.10101010101010101,0.28126390743213175,0.10101010101010101,0.34003688791474085,0.12474747474747476
958,0.29610611895592637,0.10101010101010101,0.29610611895592637,0.10101010101010101,0.29610611895592637,0.10101010101010101
959,0.2817777777777778,0.46153846153846156,0.2817777777777778,0.46153846153846156,0.2817777777777778,0.46153846153846156
960,0.33599817268158977,1.0,0.33599817268158977,1.0,0.3905426204276779,0.44
961,0.3116830065359477,1.0,0.3116830065359477,1.0,0.33263256826276216,1.0
962,0.2975277067348679,0.48148148148148145,0.2975277067348679,0.48148148148148145,0.3216680936073059,0.48148148148148145
963,0.33658508360816985,0.4909090909090909,0.33658508360816985,0.4909090909090909,0.3749624162908296,0.4909090909090909
964,0.3012658227848101,0.48148148148148145,0.3012658227848101,0.48148148148148145,0.29896907216494845,0.48148148148148145
965,0.26814609338881185,0.21138211382113822,0.26814609338881185,0.21138211382113822,0.2909781136629967,0.24761904761904763
966,0.2797140303842717,0.3333333333333333,0.2797140303842717,0.3333333333333333,0.2797140303842717,0.3333333333333333
967,0.2440214738897023,0.40425531914893614,0.2440214738897023,0.40425531914893614,0.3333759931744254,0.40425531914893614
968,0.26629680998613037,1.0,0.26629680998613037,1.0,0.36315556988169,1.0
969,0.29610611895592637,1.0,0.29610611895592637,1.0,0.3590275078809863,1.0
970,0.28163992869875226,1.0,0.28163992869875226,1.0,0.4077557146723752,1.0
971,0.2817777777777778,0.4909090909090909,0.2817777777777778,0.4909090909090909,0.33100233100233095,0.4909090909090909
972,0.30807453416149067,0.2857142857142857,0.30807453416149067,0.2857142857142857,0.30807453416149067,0.2857142857142857
973,0.35066309633553305,0.48148148148148145,0.35066309633553305,0.48148148148148145,0.3661151370129698,0.48148148148148145
974,0.28833551769331583,0.2222222222222222,0.28833551769331583,0.2222222222222222,0.3064587718167891,0.14814814814814814
975,0.2646239554317549,1.0,0.2646239554317549,1.0,0.3059043918684521,0.44
976,0.29799914857386123,0.14814814814814814,0.29799914857386123,0.14814814814814814,0.29799914857386123,0.14814814814814814
977,0.3012658227848101,1.0,0.3012658227848101,1.0,0.3012658227848101,1.0
978,0.30673316708229426,0.4716981132075472,0.30673316708229426,0.4716981132075472,0.30673316708229426,0.4716981132075472
979,0.2817777777777778,0.48148148148148145,0.2817777777777778,0.48148148148148145,0.2818369634200683,0.48148148148148145
980,0.2922611327280588,0.48148148148148145,0.2922611327280588,0.48148148148148145,0.2759562841530055,0.48148148148148145
981,0.29322984044846917,1.0,0.29322984044846917,1.0,0.29322984044846917,1.0
982,0.2807486631016043,0.48148148148148145,0.2807486631016043,0.48148148148148145,0.27338782924613986,0.48148148148148145
983,0.2608286252354049,0.46153846153846156,0.2608286252354049,0.46153846153846156,0.3023769331764626,0.46153846153846156
984,0.2865961199294533,0.48148148148148145,0.2865961199294533,0.48148148148148145,0.2929542354545882,0.48148148148148145
985,0.3094059405940594,0.48148148148148145,0.3094059405940594,0.48148148148148145,0.3057644110275689,0.48148148148148145
986,0.322606277314263,1.0,0.322606277314263,1.0,0.322606277314263,1.0
987,0.3270588235294118,1.0,0.3270588235294118,1.0,0.3270588235294118,1.0
988,0.2438423645320197,0.3333333333333333,0.2438423645320197,0.3333333333333333,0.25711686233242353,0.3333333333333333
989,0.31072749691738594,1.0,0.31072749691738594,1.0,0.31072749691738594,1.0
990,0.29987293519695046,1.0,0.29987293519695046,1.0,0.29987293519695046,1.0
991,0.2970550576184379,1.0,0.2970550576184379,1.0,0.2970550576184379,1.0
992,0.4887839433293979,1.0,0.4887839433293979,1.0,0.4887839433293979,1.0
993,0.28023203926818385,0.45098039215686275,0.28023203926818385,0.45098039215686275,0.28023203926818385,0.45098039215686275
994,0.3111658456486043,0.4909090909090909,0.3111658456486043,0.4909090909090909,0.3756346472764383,0.4909090909090909
995,0.3012658227848101,0.4909090909090909,0.3012658227848101,0.4909090909090909,0.34538221085535664,0.4909090909090909
996,0.30356394129979036,0.3006535947712418,0.30356394129979036,0.3006535947712418,0.30356394129979036,0.3006535947712418
997,0.2557504873294347,0.28205128205128205,0.2557504873294347,0.28205128205128205,0.3699419523792284,0.10101010101010101
998,0.24586977648202138,0.28205128205128205,0.24586977648202138,0.28205128205128205,0.3594426198851503,0.10101010101010101
999,0.24153166421207659,0.28205128205128205,0.24153166421207659,0.28205128205128205,0.31817241883665454,0.28205128205128205
1000,0.3021885521885522,0.2857142857142857,0.3021885521885522,0.2857142857142857,0.3021885521885522,0.2857142857142857
1001,0.29940627650551316,0.4166666666666667,0.29940627650551316,0.4166666666666667,0.29940627650551316,0.4166666666666667
1002,0.2619718309859155,0.46153846153846156,0.2619718309859155,0.46153846153846156,0.2981086075220089,0.17554858934169282
1003,0.284326710816777,0.2518518518518518,0.284326710816777,0.2518518518518518,0.32094454789985516,0.2518518518518518
1004,0.2970550576184379,0.2695035460992908,0.2970550576184379,0.2695035460992908,0.30225532306156494,0.21138211382113822
1005,0.30118443316412863,1.0,0.30118443316412863,1.0,0.29648671808054844,1.0
1006,0.3221957040572792,1.0,0.3221957040572792,1.0,0.31803542673107893,1.0
1007,0.3238321456848773,0.48148148148148145,0.3238321456848773,0.48148148148148145,0.35802117457152355,0.48148148148148145
1008,0.3154034229828851,1.0,0.3154034229828851,1.0,0.3110561056105611,1.0
1009,0.29371231696813094,1.0,0.29371231696813094,1.0,0.3380639356870257,0.44
1010,0.2536957558416786,0.48148148148148145,0.2536957558416786,0.48148148148148145,0.24842309558466766,0.4166666666666667
1011,0.29030856149500217,0.24324324324324326,0.29030856149500217,0.24324324324324326,0.39707088808579755,0.503225806451613
1012,0.2858399296394019,0.16216216216216217,0.2858399296394019,0.16216216216216217,0.4227989059650951,0.2111111111111111
1013,0.25913542580905813,0.2695035460992908,0.25913542580905813,0.2695035460992908,0.33465047361355293,0.2380952380952381
1014,0.4965116279069767,1.0,0.4965116279069767,1.0,0.4965116279069767,1.0
1015,0.4965116279069767,0.48148148148148145,0.4965116279069767,0.48148148148148145,0.3254531126871552,0.48148148148148145
1016,0.4941588785046729,0.48148148148148145,0.4941588785046729,0.48148148148148145,0.3238321456848773,0.48148148148148145
1017,0.28883071553228623,0.21138211382113822,0.28883071553228623,0.21138211382113822,0.28883071553228623,0.21138211382113822
1018,0.29610611895592637,0.4716981132075472,0.29610611895592637,0.4716981132075472,0.3364698873293732,0.14814814814814814
1019,0.2951522951522952,0.19999999999999998,0.2951522951522952,0.19999999999999998,0.2922611327280588,0.19999999999999998
1020,0.2566287878787879,0.044444444444444446,0.2566287878787879,0.044444444444444446,0.2761074068085187,0.21018062397372742
1021,0.2646239554317549,0.2631578947368421,0.2646239554317549,0.2631578947368421,0.3059513384835925,0.2631578947368421
1022,0.30402010050251255,0.44,0.30402010050251255,0.44,0.30402010050251255,0.44
1023,0.2922611327280588,1.0,0.2922611327280588,1.0,0.33734167067500404,1.0
1024,0.2142110762800418,0.3333333333333333,0.2142110762800418,0.3333333333333333,0.20793920284582423,0.3333333333333333
1025,0.3648795648795649,0.18803418803418803,0.3648795648795649,0.18803418803418803,0.3547470005216484,0.18803418803418803
1026,0.27231329690346084,0.44,0.27231329690346084,0.44,0.27231329690346084,0.44
1027,0.2898172323759791,0.4909090909090909,0.2898172323759791,0.4909090909090909,0.3019701294217214,0.1929824561403509
1028,0.24709302325581395,0.4716981132075472,0.24709302325581395,0.4716981132075472,0.2916492560937005,0.4716981132075472
1029,0.25251076040172166,0.14814814814814814,0.25251076040172166,0.14814814814814814,0.29514956748102333,0.14814814814814814
1030,0.25251076040172166,0.21138211382113822,0.25251076040172166,0.21138211382113822,0.2910077837776892,0.21138211382113822
1031,0.2513189448441247,0.2222222222222222,0.2513189448441247,0.2222222222222222,0.25184736711376055,0.2222222222222222
1032,0.2589453860640301,0.19999999999999998,0.2589453860640301,0.19999999999999998,0.26631939325437776,0.19999999999999998
1033,0.33061699650756693,0.48148148148148145,0.33061699650756693,0.48148148148148145,0.31884057971014496,0.48148148148148145
1034,0.2989570946269187,0.24426450742240216,0.2989570946269187,0.24426450742240216,0.3523436613324254,0.24426450742240216
1035,0.285336856010568,0.19999999999999998,0.285336856010568,0.19999999999999998,0.285336856010568,0.19999999999999998
1036,0.24525547445255472,0.3488372093023256,0.24525547445255472,0.3488372093023256,0.2493162213338944,0.3488372093023256
1037,0.22729578893962454,0.391304347826087,0.22729578893962454,0.391304347826087,0.22427035330261136,0.391304347826087
1038,0.22862923621648965,0.36363636363636365,0.22862923621648965,0.36363636363636365,0.22460438999489538,0.36363636363636365
1039,0.20553780617678383,0.3170731707317073,0.20553780617678383,0.3170731707317073,0.22110177404295053,0.3170731707317073
1040,0.25323741007194245,0.24160401002506263,0.25323741007194245,0.24160401002506263,0.36266287609571196,0.24160401002506263
1041,0.19421713038734315,0.3076923076923077,0.19421713038734315,0.3076923076923077,0.19421713038734315,0.3076923076923077
1042,0.25836869401225837,0.0967741935483871,0.25836869401225837,0.0967741935483871,0.2720988688730624,0.0967741935483871
1043,0.2577903682719547,0.044444444444444446,0.2577903682719547,0.044444444444444446,0.29722010726356046,0.18458781362007168
1044,0.3017277707543194,0.4909090909090909,0.3017277707543194,0.4909090909090909,0.33261506394005974,0.4909090909090909
1045,0.2507204610951009,0.40425531914893614,0.2507204610951009,0.40425531914893614,0.2707404817085156,0.40425531914893614
1046,0.24027572624322993,0.4716981132075472,0.24027572624322993,0.4716981132075472,0.3345800945939786,0.14814814814814814
1047,0.3026481715006305,0.3006535947712418,0.3026481715006305,0.3006535947712418,0.3026481715006305,0.3006535947712418
1048,0.30807453416149067,1.0,0.30807453416149067,1.0,0.34008214618356164,1.0
1049,0.29419354838709677,0.3111111111111111,0.29419354838709677,0.3111111111111111,0.2882172579938677,0.3111111111111111
1050,0.30402010050251255,0.17965367965367965,0.30402010050251255,0.17965367965367965,0.30402010050251255,0.17965367965367965
1051,0.30290700113259783,0.10101010101010101,0.30290700113259783,0.10101010101010101,0.30290700113259783,0.10101010101010101
1052,0.30080270384452895,0.2518518518518518,0.30080270384452895,0.2518518518518518,0.4019781583977089,0.09999999999999999
1053,0.30356394129979036,0.48148148148148145,0.30356394129979036,0.48148148148148145,0.30356394129979036,0.48148148148148145
1054,0.2577903682719547,0.4166666666666667,0.2577903682719547,0.4166666666666667,0.2577903682719547,0.4166666666666667
1055,0.25191570881226055,0.31446540880503143,0.25191570881226055,0.31446540880503143,0.25191570881226055,0.31446540880503143
1056,0.30413943355119827,0.48148148148148145,0.30413943355119827,0.48148148148148145,0.35509259259259257,0.48148148148148145
1057,0.285336856010568,1.0,0.285336856010568,1.0,0.285336856010568,1.0
1058,0.3003384094754653,0.3076923076923077,0.3003384094754653,0.3076923076923077,0.3003384094754653,0.3076923076923077
1059,1.0,0.44,1.0,0.44,1.0,0.44
1060,1.0,0.44,1.0,0.44,1.0,0.44
1061,0.49709639953542395,0.44,0.49709639953542395,0.44,0.49709639953542395,0.44
1062,0.24951830443159925,0.17647058823529413,0.24951830443159925,0.17647058823529413,0.25987006496751625,0.17647058823529413
1063,0.2542857142857143,0.48148148148148145,0.2542857142857143,0.48148148148148145,0.31084103176554617,0.16216216216216217
1064,0.24648229015041243,0.36363636363636365,0.24648229015041243,0.36363636363636365,0.2543410471032332,0.2280701754385965
1065,0.2657407407407408,0.3170731707317073,0.2657407407407408,0.3170731707317073,0.3614583746742337,0.3170731707317073
1066,0.24648229015041243,0.35238095238095235,0.24648229015041243,0.35238095238095235,0.3389384757151601,0.35238095238095235
1067,0.26685133887349954,0.28205128205128205,0.26685133887349954,0.28205128205128205,0.30433130292472166,0.28205128205128205
1068,0.3021885521885522,1.0,0.3021885521885522,1.0,0.3068468468468468,1.0
1069,0.30156713257094453,0.44,0.30156713257094453,0.44,0.35143005518945364,0.44
1070,0.31247443762781185,0.44,0.31247443762781185,0.44,0.3316381633514714,0.44
1071,0.31981108625403926,0.37777777777777777,0.31981108625403926,0.37777777777777777,0.34877047868226696,0.37777777777777777
1072,0.32137161084529503,0.3488372093023256,0.32137161084529503,0.3488372093023256,0.36388625217528875,0.3488372093023256
1073,0.3003384094754653,0.3076923076923077,0.3003384094754653,0.3076923076923077,0.32339013692438856,0.3076923076923077
1074,0.2922611327280588,0.2857142857142857,0.2922611327280588,0.2857142857142857,0.3039551897576589,0.2857142857142857
1075,0.3076285240464345,0.3006535947712418,0.3076285240464345,0.3006535947712418,0.31809330285327236,0.3006535947712418
1076,0.32137161084529503,0.29333333333333333,0.32137161084529503,0.29333333333333333,0.308144416456759,0.29333333333333333
1077,0.26610936955764547,0.2857142857142857,0.26610936955764547,0.2857142857142857,0.27106517763845356,0.2857142857142857
1078,0.3003384094754653,0.44,0.3003384094754653,0.44,0.47424882287267606,0.44
1079,0.4976798143851508,0.48148148148148145,0.4976798143851508,0.48148148148148145,0.32625786163522014,0.48148148148148145
1080,0.2640632264063226,0.391304347826087,0.2640632264063226,0.391304347826087,0.25084418716835505,0.3
1081,0.2623716153127918,0.31446540880503143,0.2623716153127918,0.31446540880503143,0.31005206009222075,0.31446540880503143
1082,0.3094059405940594,0.21138211382113822,0.3094059405940594,0.21138211382113822,0.3094059405940594,0.21138211382113822
1083,0.3003384094754653,1.0,0.3003384094754653,1.0,0.3003384094754653,1.0
1084,0.29562982005141386,1.0,0.29562982005141386,1.0,0.29562982005141386,1.0
1085,0.3026481715006305,0.2777777777777778,0.3026481715006305,0.2777777777777778,0.29696191698759095,0.2777777777777778
1086,0.2951522951522952,0.19999999999999998,0.2951522951522952,0.19999999999999998,0.2951522951522952,0.19999999999999998
1087,0.30492898913951544,0.44,0.30492898913951544,0.44,0.30492898913951544,0.44
1088,0.3116031160311603,0.2695035460992908,0.3116031160311603,0.2695035460992908,0.3116031160311603,0.2695035460992908
1089,0.30673316708229426,0.5625,0.30673316708229426,0.5625,0.30673316708229426,0.5625
1090,0.3003384094754653,0.24060150375939848,0.3003384094754653,0.24060150375939848,0.3003384094754653,0.24060150375939848
1091,0.30492898913951544,0.19999999999999998,0.30492898913951544,0.19999999999999998,0.34200396481706025,0.19999999999999998
1092,0.30583333333333335,0.24242424242424243,0.30583333333333335,0.24242424242424243,0.34046650176866405,0.24242424242424243
1093,0.3021885521885522,0.21138211382113822,0.3021885521885522,0.21138211382113822,0.3021885521885522,0.21138211382113822
1094,0.30634071810542396,0.08333333333333333,0.30634071810542396,0.08333333333333333,0.34413634413634414,0.38344226579520696
1095,0.31273991077912644,0.19999999999999998,0.31273991077912644,0.19999999999999998,0.36878591894137563,0.39969834087481143
1096,0.2657407407407408,0.32051282051282054,0.2657407407407408,0.32051282051282054,0.26227959339320883,0.32051282051282054
1097,0.29419354838709677,0.44,0.29419354838709677,0.44,0.3824561403508772,0.44
1098,0.2717738258093935,1.0,0.2717738258093935,1.0,0.3512508451656524,1.0
1099,0.24770198355104014,0.48148148148148145,0.24770198355104014,0.48148148148148145,0.3121893491124261,0.48148148148148145
1100,0.2817777777777778,0.1414141414141414,0.2817777777777778,0.1414141414141414,0.36861147485329065,0.4646464646464647
1101,0.31193415637860084,1.0,0.31193415637860084,1.0,0.3006369426751592,1.0
1102,0.3111658456486043,1.0,0.3111658456486043,1.0,0.30072003388394747,1.0
1103,0.3017277707543194,0.4909090909090909,0.3017277707543194,0.4909090909090909,0.3017277707543194,0.4909090909090909
1104,0.25546058879392214,0.4716981132075472,0.25546058879392214,0.4716981132075472,0.25546058879392214,0.4716981132075472
1105,0.2781516375056079,0.3525641025641026,0.2781516375056079,0.3525641025641026,0.2771030139451192,0.3525641025641026
1106,0.27604871447902574,0.4761904761904762,0.27604871447902574,0.4761904761904762,0.2749886928991407,0.4761904761904762
1107,0.29799914857386123,0.2777777777777778,0.29799914857386123,0.2777777777777778,0.29799914857386123,0.2777777777777778
1108,1.0,1.0,1.0,1.0,0.31803542673107893,1.0
1109,0.28932461873638343,1.0,0.28932461873638343,1.0,0.29436563769397356,1.0
1110,0.24648229015041243,0.3076923076923077,0.24648229015041243,0.3076923076923077,0.25066347312471815,0.3076923076923077
1111,0.3053817271589487,0.48148148148148145,0.3053817271589487,0.48148148148148145,0.3053817271589487,0.48148148148148145
1112,0.2657407407407408,0.5866666666666667,0.2657407407407408,0.5866666666666667,0.26062322946175637,0.5866666666666667
1113,0.24463937621832357,0.23255813953488372,0.24463937621832357,0.23255813953488372,0.26375742901166627,0.23255813953488372
1114,0.287341217696014,1.0,0.287341217696014,1.0,0.287341217696014,1.0
1115,0.27604871447902574,1.0,0.27604871447902574,1.0,0.2887795956148862,0.4166666666666667
1116,0.29128738621586475,1.0,0.29128738621586475,1.0,0.38420771881262344,0.18803418803418803
1117,0.22460438999489538,0.4166666666666667,0.22460438999489538,0.4166666666666667,0.2539810929679996,0.4166666666666667
1118,0.25952045133991536,1.0,0.25952045133991536,1.0,0.2935624538063562,1.0
1119,0.25191570881226055,1.0,0.25191570881226055,1.0,0.28474977939616686,1.0
1120,0.28280141843971635,1.0,0.28280141843971635,1.0,0.337616885405652,1.0
1121,0.4959254947613504,0.44,0.4959254947613504,0.44,0.3205435651478817,0.44
1122,0.3116031160311603,0.44,0.3116031160311603,0.44,0.3390674938898289,0.44
1123,0.3254531126871552,0.44,0.3254531126871552,0.44,0.31506293138449043,0.44
1124,0.3146341463414634,0.44,0.3146341463414634,0.44,0.30356394129979036,0.44
1125,0.30080270384452895,0.44,0.30080270384452895,0.44,0.30080270384452895,0.44
1126,0.3003384094754653,0.42857142857142855,0.3003384094754653,0.42857142857142855,0.3003384094754653,0.42857142857142855
1127,0.30402010050251255,0.17543859649122806,0.30402010050251255,0.17543859649122806,0.30402010050251255,0.17543859649122806
1128,0.285336856010568,0.18803418803418803,0.285336856010568,0.18803418803418803,0.3013265181939881,0.18803418803418803
1129,0.2765765765765766,0.3170731707317073,0.2765765765765766,0.3170731707317073,0.2765765765765766,0.3170731707317073
1130,0.3001966041108132,0.21138211382113822,0.3001966041108132,0.21138211382113822,0.3084942084942085,0.21138211382113822
1131,0.29467353951890035,0.32098765432098764,0.29467353951890035,0.32098765432098764,0.35583164098275794,0.32098765432098764
1132,0.23901234567901233,0.13333333333333333,0.23901234567901233,0.13333333333333333,0.27787882819359816,0.13333333333333333
1133,0.2319277108433735,0.1468599033816425,0.2319277108433735,0.1468599033816425,0.265958332177435,0.1468599033816425
1134,0.3076285240464345,1.0,0.3076285240464345,1.0,0.3076285240464345,1.0
1135,0.25952045133991536,0.6589147286821705,0.25952045133991536,0.6589147286821705,0.3369725272413648,0.6589147286821705
1136,0.2696011004126548,0.14814814814814814,0.2696011004126548,0.14814814814814814,0.3527632597754549,0.14814814814814814
1137,0.25952045133991536,0.08333333333333333,0.25952045133991536,0.08333333333333333,0.28759764357823164,0.08333333333333333
1138,0.2858399296394019,1.0,0.2858399296394019,1.0,0.3416524376649208,1.0
1139,0.26629680998613037,0.14814814814814814,0.26629680998613037,0.14814814814814814,0.3117833273277675,0.14814814814814814
1140,0.29799914857386123,0.17543859649122806,0.29799914857386123,0.17543859649122806,0.34152485819152484,0.48409306742640074
1141,0.284326710816777,0.3,0.284326710816777,0.3,0.3114249900175388,0.41904761904761906
1142,0.28023203926818385,0.3,0.28023203926818385,0.3,0.30150452998811134,0.5714285714285714
1143,0.2951522951522952,0.31446540880503143,0.2951522951522952,0.31446540880503143,0.2951522951522952,0.2814814814814815
1144,0.284326710816777,0.3076923076923077,0.284326710816777,0.3076923076923077,0.284326710816777,0.27272727272727276
1145,0.28280141843971635,0.19607843137254902,0.28280141843971635,0.19607843137254902,0.3036501422274336,0.19607843137254902
1146,0.29322984044846917,0.44,0.29322984044846917,0.44,0.304699055637729,0.44
1147,0.283311199645861,0.44,0.283311199645861,0.44,0.3236948236948237,0.44
1148,0.25012025012025013,0.46153846153846156,0.25012025012025013,0.46153846153846156,0.25012025012025013,0.46153846153846156
1149,0.29846938775510207,0.48148148148148145,0.29846938775510207,0.48148148148148145,0.32676945720423983,0.48148148148148145
1150,0.284326710816777,0.4909090909090909,0.284326710816777,0.4909090909090909,0.3292032985756151,0.4909090909090909
1151,0.2657407407407408,0.48148148148148145,0.2657407407407408,0.48148148148148145,0.32167284907107413,0.48148148148148145
1152,0.2536957558416786,0.31446540880503143,0.2536957558416786,0.31446540880503143,0.2926313410184378,0.31446540880503143
1153,0.24951830443159925,0.32,0.24951830443159925,0.32,0.27728196291247653,0.32
1154,0.28883071553228623,1.0,0.28883071553228623,1.0,0.29389981147320227,0.44
1155,0.29371231696813094,1.0,0.29371231696813094,1.0,0.29972295129775445,0.44
1156,0.28112449799196787,1.0,0.28112449799196787,1.0,0.2992313204351508,0.44
1157,0.27231329690346084,1.0,0.27231329690346084,1.0,0.27782418768165124,0.44
1158,0.2817777777777778,1.0,0.2817777777777778,1.0,0.27717391304347827,1.0
1159,0.27919463087248325,0.4909090909090909,0.27919463087248325,0.4909090909090909,0.27014652014652013,0.4909090909090909
1160,0.2566287878787879,0.28205128205128205,0.2566287878787879,0.28205128205128205,0.2566287878787879,0.28205128205128205
1161,0.30492898913951544,0.46153846153846156,0.30492898913951544,0.46153846153846156,0.30492898913951544,0.46153846153846156
1162,0.22460438999489538,0.45098039215686275,0.22460438999489538,0.45098039215686275,0.25666819969930055,0.45098039215686275
1163,0.2536957558416786,0.48148148148148145,0.2536957558416786,0.48148148148148145,0.26642734459851986,0.48148148148148145
1164,0.27445652173913043,0.48148148148148145,0.27445652173913043,0.48148148148148145,0.2760839996018976,0.48148148148148145
1165,0.26905417814508725,0.4716981132075472,0.26905417814508725,0.4716981132075472,0.2780365348973011,0.4716981132075472
1166,0.2651831247102457,0.48148148148148145,0.2651831247102457,0.48148148148148145,0.2573558078202041,0.48148148148148145
1167,0.28280141843971635,0.48148148148148145,0.28280141843971635,0.48148148148148145,0.2800361336946703,0.48148148148148145
1168,0.3033869805428777,0.2518518518518518,0.3033869805428777,0.2518518518518518,0.3099378881987577,0.2518518518518518
1169,0.2614010343206394,0.3333333333333333,0.2614010343206394,0.3333333333333333,0.25920612147297944,0.2222222222222222
1170,0.2970550576184379,0.3076923076923077,0.2970550576184379,0.3076923076923077,0.36325220033829303,0.04597701149425287
1171,0.3089632383312681,0.44,0.3089632383312681,0.44,0.3089632383312681,0.44
1172,0.31247443762781185,0.44,0.31247443762781185,0.44,0.31247443762781185,0.44
1173,0.21278825995807127,0.3076923076923077,0.21278825995807127,0.3076923076923077,0.3236250269338505,0.13333333333333333
1174,0.27271310581268504,0.31446540880503143,0.27271310581268504,0.31446540880503143,0.35632226579116294,0.14814814814814814
1175,0.20182501341921633,0.17543859649122806,0.20182501341921633,0.17543859649122806,0.2432588113810821,0.23076923076923075
1176,0.29419354838709677,0.37777777777777777,0.29419354838709677,0.37777777777777777,0.29419354838709677,0.37777777777777777
1177,0.209915611814346,0.31446540880503143,0.209915611814346,0.31446540880503143,0.3136844626595565,0.31446540880503143
1178,0.2629370629370629,0.5757575757575758,0.2629370629370629,0.5757575757575758,0.3300593785586465,0.3567251461988304
1179,0.26180458158017766,0.8901960784313725,0.26180458158017766,0.8901960784313725,0.33826025131211795,0.5481481481481482
1180,0.25191570881226055,0.8133333333333332,0.25191570881226055,0.8133333333333332,0.31188906569674923,0.494949494949495
1181,0.23061430010070494,0.6347826086956522,0.23061430010070494,0.6347826086956522,0.28090256223472704,0.4166666666666667
1182,0.26905417814508725,0.06666666666666667,0.26905417814508725,0.06666666666666667,0.32392719345509047,0.027777777777777776
1183,0.2811467444120505,0.24242424242424243,0.2811467444120505,0.24242424242424243,0.33739571567286925,0.15384615384615385
1184,0.2970550576184379,0.46153846153846156,0.2970550576184379,0.46153846153846156,0.32726971710022557,0.46153846153846156
1185,0.29322984044846917,0.31446540880503143,0.29322984044846917,0.31446540880503143,0.29322984044846917,0.31446540880503143
1186,0.2696011004126548,0.4909090909090909,0.2696011004126548,0.4909090909090909,0.26718664477285164,0.4909090909090909
1187,0.284326710816777,0.3076923076923077,0.284326710816777,0.3076923076923077,0.2886321781349405,0.3076923076923077
1188,0.2717738258093935,0.48148148148148145,0.2717738258093935,0.48148148148148145,0.38500951544429807,0.48148148148148145
1189,0.27604871447902574,1.0,0.27604871447902574,1.0,0.3692278719397364,1.0
1190,0.29419354838709677,1.0,0.29419354838709677,1.0,0.36454389418950983,1.0
1191,0.2817777777777778,0.4909090909090909,0.2817777777777778,0.4909090909090909,0.3411932129173508,0.2695035460992908
1192,0.2951522951522952,0.48148148148148145,0.2951522951522952,0.48148148148148145,0.2951522951522952,0.48148148148148145
1193,0.31247443762781185,1.0,0.31247443762781185,1.0,0.3878463052146445,1.0
1194,0.4988425925925926,1.0,0.4988425925925926,1.0,0.4888089528377298,1.0
1195,0.3310077519379845,1.0,0.3310077519379845,1.0,0.4416940489229646,1.0
1196,0.3290448343079922,1.0,0.3290448343079922,1.0,0.40808080808080804,1.0
1197,0.32423882957690786,1.0,0.32423882957690786,1.0,0.36250219645053594,1.0
1198,0.4976798143851508,1.0,0.4976798143851508,1.0,0.45464743589743595,1.0
1199,0.32745789267528397,1.0,0.32745789267528397,1.0,0.39076104118735056,1.0
1200,0.3163430420711974,1.0,0.3163430420711974,1.0,0.33730621940980116,1.0
1201,0.22995461422087746,0.48148148148148145,0.22995461422087746,0.48148148148148145,0.2888888888888889,0.16216216216216217
1202,0.4976798143851508,1.0,0.4976798143851508,1.0,0.4976798143851508,1.0
1203,0.2970550576184379,0.48148148148148145,0.2970550576184379,0.48148148148148145,0.2970550576184379,0.48148148148148145
1204,0.2706904435299497,0.2631578947368421,0.2706904435299497,0.2631578947368421,0.3205551883674818,0.2631578947368421
1205,0.28126390743213175,0.2518518518518518,0.28126390743213175,0.2518518518518518,0.2750455373406193,0.2518518518518518
1206,0.23517688091679123,0.4909090909090909,0.23517688091679123,0.4909090909090909,0.275459683151065,0.4909090909090909
1207,0.27551942186088524,1.0,0.27551942186088524,1.0,0.28135412501666,1.0
1208,0.37436054839369753,0.4909090909090909,0.37436054839369753,0.4909090909090909,0.37222222222222223,0.4909090909090909
1209,0.29371231696813094,0.4038461538461539,0.29371231696813094,0.4038461538461539,0.2894003599001567,0.4038461538461539
1210,0.29419354838709677,0.2608695652173913,0.29419354838709677,0.2608695652173913,0.29419354838709677,0.2608695652173913
1211,0.24586977648202138,0.14814814814814814,0.24586977648202138,0.14814814814814814,0.29883803974174594,0.4287106655527708
1212,0.285336856010568,1.0,0.285336856010568,1.0,0.31313443898115356,0.18803418803418803
1213,0.30336575302092544,0.15151515151515152,0.30336575302092544,0.15151515151515152,0.33007769145394006,0.09876543209876543
1214,0.28023203926818385,0.24242424242424243,0.28023203926818385,0.24242424242424243,0.3064518601407177,0.24242424242424243
1215,0.2989384288747346,0.16216216216216217,0.2989384288747346,0.16216216216216217,0.34630626968803985,0.16216216216216217
1216,0.29846938775510207,0.2333333333333333,0.29846938775510207,0.2333333333333333,0.362428870919437,0.2333333333333333
1217,0.2922611327280588,0.4166666666666667,0.2922611327280588,0.4166666666666667,0.32970526849630366,0.4166666666666667
1218,0.22796352583586624,0.48148148148148145,0.22796352583586624,0.48148148148148145,0.2500067324834246,0.48148148148148145
1219,0.2434017595307918,0.2857142857142857,0.2434017595307918,0.2857142857142857,0.2434017595307918,0.2857142857142857
1220,0.24027572624322993,1.0,0.24027572624322993,1.0,0.260645325203252,1.0
1221,0.24215686274509804,0.4909090909090909,0.24215686274509804,0.4909090909090909,0.25763332480264584,0.4909090909090909
1222,0.23710317460317462,0.44,0.23710317460317462,0.44,0.23710317460317462,0.44
1223,0.24586977648202138,0.44,0.24586977648202138,0.44,0.24586977648202138,0.44
1224,0.260093896713615,0.44,0.260093896713615,0.44,0.260093896713615,0.44
1225,0.23710317460317462,0.44,0.23710317460317462,0.44,0.23710317460317462,0.44
1226,0.2717738258093935,0.2777777777777778,0.2717738258093935,0.2777777777777778,0.2717738258093935,0.2777777777777778
1227,0.28634167764602547,0.48148148148148145,0.28634167764602547,0.48148148148148145,0.27919463087248325,0.48148148148148145
1228,0.2822902796271638,0.44,0.2822902796271638,0.44,0.2822902796271638,0.44
1229,0.2838196286472148,1.0,0.2838196286472148,1.0,0.3033794162826421,1.0
1230,0.3026481715006305,0.44,0.3026481715006305,0.44,0.3026481715006305,0.44
1231,0.30402010050251255,1.0,0.30402010050251255,1.0,0.30402010050251255,1.0
1232,0.2951522951522952,0.44,0.2951522951522952,0.44,0.2951522951522952,0.44
1233,0.24951830443159925,1.0,0.24951830443159925,1.0,0.24951830443159925,1.0
1234,0.287341217696014,0.1851851851851852,0.287341217696014,0.1851851851851852,0.3131059034673493,0.1851851851851852
1235,0.29562982005141386,0.11764705882352942,0.29562982005141386,0.11764705882352942,0.2882172579938677,0.11764705882352942
1236,0.2646239554317549,1.0,0.2646239554317549,1.0,0.2646239554317549,1.0
1237,0.260093896713615,1.0,0.260093896713615,1.0,0.260093896713615,1.0
1238,0.29371231696813094,1.0,0.29371231696813094,1.0,0.3182030692087565,1.0
1239,0.2694717157550257,1.0,0.2694717157550257,1.0,0.2908953652382939,1.0
1240,0.3205435651478817,1.0,0.3205435651478817,1.0,0.3205435651478817,1.0
1241,0.2771030139451192,0.48148148148148145,0.2771030139451192,0.48148148148148145,0.2765765765765766,0.48148148148148145
1242,0.16896551724137931,1.0,0.16896551724137931,1.0,0.20593937052140934,1.0
1243,0.2797140303842717,0.46153846153846156,0.2797140303842717,0.46153846153846156,0.401529499196893,0.46153846153846156
1244,0.2776280323450135,0.5087719298245614,0.2776280323450135,0.5087719298245614,0.35929073481274454,0.5087719298245614
1245,0.32785602503912364,1.0,0.32785602503912364,1.0,0.32785602503912364,1.0
1246,0.32301587301587303,0.44,0.32301587301587303,0.44,0.35855487389229723,0.44
1247,0.29371231696813094,0.44,0.29371231696813094,0.44,0.3077354167696847,0.44
1248,0.3246445497630332,0.44,0.3246445497630332,0.44,0.38561183388769593,0.44
1249,0.30447511501463825,0.44,0.30447511501463825,0.44,0.3178650425718874,0.44
1250,0.30080270384452895,0.4909090909090909,0.30080270384452895,0.4909090909090909,0.30080270384452895,0.4909090909090909
1251,0.2507204610951009,0.24324324324324326,0.2507204610951009,0.24324324324324326,0.3715968992248062,0.24324324324324326
1252,0.2781516375056079,0.24324324324324326,0.2781516375056079,0.24324324324324326,0.3882758620689655,0.24324324324324326
1253,0.28008948545861295,1.0,0.28008948545861295,1.0,0.2964598364598365,1.0
1254,0.25836869401225837,0.48148148148148145,0.25836869401225837,0.48148148148148145,0.25836869401225837,0.48148148148148145
1255,0.2951522951522952,0.48148148148148145,0.2951522951522952,0.48148148148148145,0.2927042376583661,0.48148148148148145
1256,0.3310077519379845,1.0,0.3310077519379845,1.0,0.38220998339015644,1.0
1257,0.3286494925839188,0.36363636363636365,0.3286494925839188,0.36363636363636365,0.3102880658436214,0.36363636363636365
1258,0.2927461139896373,0.31446540880503143,0.2927461139896373,0.31446540880503143,0.42448251570064605,0.29894179894179895
1259,0.28833551769331583,1.0,0.28833551769331583,1.0,0.4251275912941514,0.18803418803418803
1260,0.26795580110497236,1.0,0.26795580110497236,1.0,0.3660237777884836,0.18803418803418803
1261,0.2577903682719547,1.0,0.2577903682719547,1.0,0.34799439243883684,0.18803418803418803
1262,0.2965811965811966,0.15801776531089293,0.2965811965811966,0.15801776531089293,0.2965811965811966,0.15801776531089293
1263,0.2927461139896373,0.25641025641025644,0.2927461139896373,0.25641025641025644,0.2927461139896373,0.25641025641025644
1264,0.2951522951522952,0.4581453634085213,0.2951522951522952,0.4581453634085213,0.2951522951522952,0.4581453634085213
1265,0.29177489177489174,0.3247863247863248,0.29177489177489174,0.3247863247863248,0.29177489177489174,0.3247863247863248
1266,0.29030856149500217,0.3247863247863248,0.29030856149500217,0.3247863247863248,0.29030856149500217,0.3247863247863248
1267,0.28112449799196787,0.16216216216216217,0.28112449799196787,0.16216216216216217,0.3040990755276469,0.4040747028862479
1268,0.2817777777777778,0.11764705882352942,0.2817777777777778,0.11764705882352942,0.31440039486305515,0.36507936507936506
1269,0.28634167764602547,0.418859649122807,0.28634167764602547,0.418859649122807,0.28634167764602547,0.418859649122807
1270,0.2797140303842717,0.345679012345679,0.2797140303842717,0.345679012345679,0.2797140303842717,0.345679012345679
1271,0.2797140303842717,0.022988505747126436,0.2797140303842717,0.022988505747126436,0.31204481792717087,0.022988505747126436
1272,0.278673835125448,0.2222222222222222,0.278673835125448,0.2222222222222222,0.30433484458041077,0.2222222222222222
1273,0.24584989886308153,0.18803418803418803,0.24584989886308153,0.18803418803418803,0.295122470713525,0.2727272727272727
1274,0.2989384288747346,1.0,0.2989384288747346,1.0,0.2989384288747346,1.0
1275,0.22729578893962454,0.48148148148148145,0.22729578893962454,0.48148148148148145,0.30535463130399837,0.4166666666666667
1276,0.24648229015041243,1.0,0.24648229015041243,1.0,0.3238223117377196,0.44
1277,0.2623716153127918,0.36363636363636365,0.2623716153127918,0.36363636363636365,0.35225391559623365,0.2631578947368421
1278,0.2589453860640301,0.2,0.2589453860640301,0.2,0.35424613964668344,0.24904214559386972
1279,0.28634167764602547,0.391304347826087,0.28634167764602547,0.391304347826087,0.415622032288699,0.2833333333333333
1280,0.2730593607305936,1.0,0.2730593607305936,1.0,0.26740947075208915,0.44
1281,0.26367461430575034,1.0,0.26367461430575034,1.0,0.25803357314148684,0.44
1282,0.26367461430575034,1.0,0.26367461430575034,1.0,0.25962910128388017,0.44
1283,0.26850574712643677,0.45098039215686275,0.26850574712643677,0.45098039215686275,0.27871338154745173,0.45098039215686275
1284,0.2922611327280588,0.17543859649122806,0.2922611327280588,0.17543859649122806,0.2922611327280588,0.17543859649122806
1285,0.2696011004126548,0.2888888888888889,0.2696011004126548,0.2888888888888889,0.26400759734093066,0.2888888888888889
1286,0.29322984044846917,0.11764705882352942,0.29322984044846917,0.11764705882352942,0.29322984044846917,0.11764705882352942
1287,0.29987293519695046,0.21138211382113822,0.29987293519695046,0.21138211382113822,0.3157880551962053,0.21138211382113822
1288,0.2868525896414343,0.28205128205128205,0.2868525896414343,0.28205128205128205,0.29610656678325853,0.10101010101010101
1289,0.29030856149500217,0.3463463463463463,0.29030856149500217,0.3463463463463463,0.29030856149500217,0.3463463463463463
1290,0.2970550576184379,0.17543859649122806,0.2970550576184379,0.17543859649122806,0.2970550576184379,0.17543859649122806
1291,0.3012658227848101,0.2857142857142857,0.3012658227848101,0.2857142857142857,0.3012658227848101,0.2857142857142857
1292,0.29419354838709677,0.2777777777777778,0.29419354838709677,0.2777777777777778,0.29419354838709677,0.2777777777777778
1293,0.3021885521885522,0.2777777777777778,0.3021885521885522,0.2777777777777778,0.3021885521885522,0.2777777777777778
1294,0.29846938775510207,0.2777777777777778,0.29846938775510207,0.2777777777777778,0.29846938775510207,0.2777777777777778
1295,0.29987293519695046,0.2777777777777778,0.29987293519695046,0.2777777777777778,0.29987293519695046,0.2777777777777778
1296,0.2878390201224847,0.2518518518518518,0.2878390201224847,0.2518518518518518,0.2878390201224847,0.2518518518518518
1297,0.3021885521885522,0.44,0.3021885521885522,0.44,0.3021885521885522,0.44
1298,0.3003384094754653,0.29333333333333333,0.3003384094754653,0.29333333333333333,0.3003384094754653,0.29333333333333333
1299,0.28883071553228623,0.14814814814814814,0.28883071553228623,0.14814814814814814,0.28883071553228623,0.14814814814814814
1300,0.2965811965811966,0.2518518518518518,0.2965811965811966,0.2518518518518518,0.28697571743929357,0.2518518518518518
1301,0.2907986111111111,0.40425531914893614,0.2907986111111111,0.40425531914893614,0.2907986111111111,0.40425531914893614
1302,0.29177489177489174,0.44,0.29177489177489174,0.44,0.29177489177489174,0.44
1303,0.2951522951522952,0.2777777777777778,0.2951522951522952,0.2777777777777778,0.2951522951522952,0.2777777777777778
1304,0.29177489177489174,0.48148148148148145,0.29177489177489174,0.48148148148148145,0.28444444444444444,0.48148148148148145
1305,0.2797140303842717,1.0,0.2797140303842717,1.0,0.2797140303842717,1.0
1306,0.30030897207367796,1.0,0.30030897207367796,1.0,0.2928601875532822,0.44
1307,0.30583333333333335,0.32098765432098764,0.30583333333333335,0.32098765432098764,0.30583333333333335,0.32098765432098764
1308,0.29177489177489174,0.46153846153846156,0.29177489177489174,0.46153846153846156,0.32885535517114467,0.46153846153846156
1309,0.2606657290201594,0.48148148148148145,0.2606657290201594,0.48148148148148145,0.35005628517823645,0.2777777777777778
1310,0.2674043337943753,0.2857142857142857,0.2674043337943753,0.2857142857142857,0.2629370629370629,0.2857142857142857
1311,0.30583333333333335,0.3170731707317073,0.30583333333333335,0.3170731707317073,0.30583333333333335,0.3170731707317073
1312,0.3089632383312681,0.2695035460992908,0.3089632383312681,0.2695035460992908,0.3089632383312681,0.2695035460992908
1313,0.3053817271589487,0.29333333333333333,0.3053817271589487,0.29333333333333333,0.3053817271589487,0.29333333333333333
1314,0.2518722574720949,0.48834853090172237,0.2518722574720949,0.48834853090172237,0.27485919098822326,0.48834853090172237
1315,0.22354074750240885,0.48834853090172237,0.22354074750240885,0.48834853090172237,0.24185958968567667,0.48834853090172237
1316,0.3021885521885522,0.4909090909090909,0.3021885521885522,0.4909090909090909,0.3021885521885522,0.4909090909090909
1317,0.29030856149500217,1.0,0.29030856149500217,1.0,0.29030856149500217,1.0
1318,0.29940627650551316,1.0,0.29940627650551316,1.0,0.29940627650551316,1.0
1319,0.30356394129979036,0.48148148148148145,0.30356394129979036,0.48148148148148145,0.3273936548584436,0.48148148148148145
1320,0.2970550576184379,0.2777777777777778,0.2970550576184379,0.2777777777777778,0.33666739146191205,0.2777777777777778
1321,0.29562982005141386,0.604040404040404,0.29562982005141386,0.604040404040404,0.32107814620903624,0.604040404040404
1322,0.28115468409586053,0.21138211382113822,0.28115468409586053,0.21138211382113822,0.35891391653570803,0.24761904761904763
1323,1.0,1.0,1.0,1.0,1.0,1.0
1324,0.32785602503912364,0.48148148148148145,0.32785602503912364,0.48148148148148145,0.35197675625194563,0.48148148148148145
1325,0.4982618771726535,1.0,0.4982618771726535,1.0,0.4982618771726535,1.0
1326,0.3142043142043142,0.48148148148148145,0.3142043142043142,0.48148148148148145,0.3380996431875248,0.48148148148148145
1327,0.29467353951890035,0.44,0.29467353951890035,0.44,0.29467353951890035,0.44
1328,0.31290849673202614,0.44,0.31290849673202614,0.44,0.31290849673202614,0.44
1329,0.3246445497630332,0.44,0.3246445497630332,0.44,0.3246445497630332,0.44
1330,0.28126390743213175,0.44,0.28126390743213175,0.44,0.28126390743213175,0.44
1331,0.28163992869875226,0.604040404040404,0.28163992869875226,0.604040404040404,0.28114717343387835,0.604040404040404
1332,0.3583323583323583,0.125,0.3583323583323583,0.125,0.32651185186806453,0.125
1333,0.3115770326224839,0.0967741935483871,0.3115770326224839,0.0967741935483871,0.2868686868686869,0.0967741935483871
1334,0.31856118791602667,0.07407407407407407,0.31856118791602667,0.07407407407407407,0.29162414098115264,0.07407407407407407
1335,0.49942196531791905,0.48148148148148145,0.49942196531791905,0.48148148148148145,0.3201280512204882,0.48148148148148145
1336,0.33178294573643413,1.0,0.33178294573643413,1.0,0.31884057971014496,1.0
1337,0.4982618771726535,1.0,0.4982618771726535,1.0,0.3192940232651424,1.0
1338,0.27014652014652013,1.0,0.27014652014652013,1.0,0.2663021701759148,1.0
1339,0.26905417814508725,0.21138211382113822,0.26905417814508725,0.21138211382113822,0.31461251167133525,0.21138211382113822
1340,0.30628381190178944,1.0,0.30628381190178944,1.0,0.30628381190178944,1.0
1341,0.2878390201224847,0.3006535947712418,0.2878390201224847,0.3006535947712418,0.2878390201224847,0.3006535947712418
1342,0.26401228116017766,0.3333333333333333,0.26401228116017766,0.3333333333333333,0.31761043101252673,0.23423423423423426
1343,0.2170301142263759,1.0,0.2170301142263759,1.0,0.2170301142263759,1.0
1344,0.2807486631016043,1.0,0.2807486631016043,1.0,0.2807486631016043,1.0
1345,0.284326710816777,0.13333333333333333,0.284326710816777,0.13333333333333333,0.332695056076351,0.5173237753882916
1346,0.29030856149500217,0.4909090909090909,0.29030856149500217,0.4909090909090909,0.30780765544844696,0.4909090909090909
1347,0.2696011004126548,0.391304347826087,0.2696011004126548,0.391304347826087,0.3047245963912631,0.391304347826087
1348,0.2765765765765766,0.14814814814814814,0.2765765765765766,0.14814814814814814,0.3695849822105202,0.14814814814814814
1349,0.25310410697230185,0.3,0.25310410697230185,0.3,0.27814678959717126,0.3
1350,0.32781217750258,1.0,0.32781217750258,1.0,0.31729055258467026,0.44
1351,0.24830917874396133,1.0,0.24830917874396133,1.0,0.2478134110787172,0.4166666666666667
1352,0.26795580110497236,0.48148148148148145,0.26795580110497236,0.48148148148148145,0.2675925925925926,0.391304347826087
1353,0.24586977648202138,0.4909090909090909,0.24586977648202138,0.4909090909090909,0.24535679374389052,0.4909090909090909
1354,0.23517688091679123,0.09700176366843033,0.23517688091679123,0.09700176366843033,0.2779504399909501,0.1717171717171717
1355,0.25604551920341395,1.0,0.25604551920341395,1.0,0.25604551920341395,1.0
1356,0.21207349081364832,0.46153846153846156,0.21207349081364832,0.46153846153846156,0.21207349081364832,0.46153846153846156
1357,0.31203931203931207,1.0,0.31203931203931207,1.0,0.31203931203931207,1.0
1358,0.3017277707543194,1.0,0.3017277707543194,1.0,0.3017277707543194,1.0
1359,0.321784149741139,1.0,0.321784149741139,1.0,0.321784149741139,1.0
1360,0.29467353951890035,0.09700176366843033,0.29467353951890035,0.09700176366843033,0.35251140431122874,0.09700176366843033
1361,0.28280141843971635,0.48148148148148145,0.28280141843971635,0.48148148148148145,0.30720275531596286,0.48148148148148145
1362,0.25251076040172166,1.0,0.25251076040172166,1.0,0.2684411173494143,1.0
1363,0.2566287878787879,1.0,0.2566287878787879,1.0,0.2689018532836625,1.0
1364,0.25191570881226055,0.31446540880503143,0.25191570881226055,0.31446540880503143,0.2693187874228032,0.31446540880503143
1365,0.25721040189125294,0.24324324324324326,0.25721040189125294,0.24324324324324326,0.34469024739317117,0.0967741935483871
1366,0.2820169567157519,0.391304347826087,0.2820169567157519,0.391304347826087,0.4044246935847942,0.391304347826087
1367,0.276268115942029,0.3006535947712418,0.276268115942029,0.3006535947712418,0.3331062419305476,0.3006535947712418
1368,0.3012658227848101,0.2857142857142857,0.3012658227848101,0.2857142857142857,0.3012658227848101,0.2857142857142857
1369,0.28280141843971635,0.3333333333333333,0.28280141843971635,0.3333333333333333,0.28280141843971635,0.3333333333333333
1370,0.28833551769331583,1.0,0.28833551769331583,1.0,0.28833551769331583,1.0
1371,0.30402010050251255,1.0,0.30402010050251255,1.0,0.30402010050251255,1.0
1372,0.2989384288747346,1.0,0.2989384288747346,1.0,0.2989384288747346,1.0
1373,0.28634167764602547,1.0,0.28634167764602547,1.0,0.28634167764602547,1.0
1374,0.2858399296394019,1.0,0.2858399296394019,1.0,0.2858399296394019,1.0
1375,0.2806076854334227,0.4909090909090909,0.2806076854334227,0.4909090909090909,0.29877899877899877,0.2857142857142857
1376,0.29846938775510207,0.48148148148148145,0.29846938775510207,0.48148148148148145,0.3595959595959595,0.48148148148148145
1377,0.29987293519695046,0.48148148148148145,0.29987293519695046,0.48148148148148145,0.29987293519695046,0.48148148148148145
1378,0.2807486631016043,1.0,0.2807486631016043,1.0,0.3100590245417832,0.48148148148148145
1379,0.2717738258093935,1.0,0.2717738258093935,1.0,0.28900093370681607,0.48148148148148145
1380,0.260093896713615,0.32098765432098764,0.260093896713615,0.32098765432098764,0.2728439180785676,0.32098765432098764
1381,0.25952045133991536,0.2,0.25952045133991536,0.2,0.3281823614786989,0.0392156862745098
1382,0.23710317460317462,0.2,0.23710317460317462,0.2,0.2997103322026598,0.2
1383,0.29399048854301774,0.3333333333333333,0.29399048854301774,0.3333333333333333,0.28150134048257375,0.2222222222222222
1384,0.29940627650551316,1.0,0.29940627650551316,1.0,0.33042450686301245,1.0
1385,0.27551942186088524,0.2777777777777778,0.27551942186088524,0.2777777777777778,0.30021345452041587,0.2777777777777778
1386,0.2817777777777778,0.24242424242424243,0.2817777777777778,0.24242424242424243,0.32551457132918954,0.253411306042885
1387,0.3111658456486043,1.0,0.3111658456486043,1.0,0.3157953157953158,1.0
1388,0.21772939346811818,0.3,0.21772939346811818,0.3,0.3014995546600085,0.3
1389,0.21632865314612584,0.3170731707317073,0.21632865314612584,0.3170731707317073,0.29768867322181075,0.3170731707317073
1390,0.20627325890483786,0.08333333333333333,0.20627325890483786,0.08333333333333333,0.3148017639961132,0.08333333333333333
1391,0.2017259978425027,0.23255813953488372,0.2017259978425027,0.23255813953488372,0.27660946334689024,0.23255813953488372
1392,0.20693333333333333,0.18095238095238098,0.20693333333333333,0.18095238095238098,0.27495726495726497,0.18095238095238098
1393,0.2868421052631579,0.32098765432098764,0.2868421052631579,0.32098765432098764,0.299304620906236,0.32098765432098764
1394,0.29562982005141386,0.31446540880503143,0.29562982005141386,0.31446540880503143,0.2974446857833662,0.2695035460992908
1395,0.30402010050251255,0.2695035460992908,0.30402010050251255,0.2695035460992908,0.2966085333676556,0.2695035460992908
1396,0.30492898913951544,0.4909090909090909,0.30492898913951544,0.4909090909090909,0.30492898913951544,0.4909090909090909
1397,0.2965811965811966,0.3488372093023256,0.2965811965811966,0.3488372093023256,0.2965811965811966,0.3488372093023256
1398,0.2965811965811966,1.0,0.2965811965811966,1.0,0.2965811965811966,1.0
1399,0.2204968944099379,0.3333333333333333,0.2204968944099379,0.3333333333333333,0.33626212703642683,0.2222222222222222
1400,0.2542857142857143,1.0,0.2542857142857143,1.0,0.2542857142857143,1.0
1401,0.24709302325581395,0.45098039215686275,0.24709302325581395,0.45098039215686275,0.35609723652123865,0.1568627450980392
1402,0.24027572624322993,0.28205128205128205,0.24027572624322993,0.28205128205128205,0.35453911150727274,0.4008620689655172
1403,0.24529506882448057,0.3488372093023256,0.24529506882448057,0.3488372093023256,0.2574186368143427,0.2795698924731183
1404,0.3092814023068709,0.45098039215686275,0.3092814023068709,0.45098039215686275,0.31152460984393754,0.23931623931623933
1405,0.32666087571984687,0.48148148148148145,0.32666087571984687,0.48148148148148145,0.32194221713122056,0.2222222222222222
1406,0.29899378324681153,0.48148148148148145,0.29899378324681153,0.48148148148148145,0.28420193691082046,0.2222222222222222
1407,0.23523523523523523,0.2857142857142857,0.23523523523523523,0.2857142857142857,0.2293577981651376,0.27906976744186046
1408,0.24891461649782923,0.40425531914893614,0.24891461649782923,0.40425531914893614,0.2536535906579959,0.40425531914893614
1409,0.3146341463414634,1.0,0.3146341463414634,1.0,0.3146341463414634,1.0
1410,0.3209580838323353,0.44,0.3209580838323353,0.44,0.3209580838323353,0.44
1411,0.32745789267528397,0.44,0.32745789267528397,0.44,0.32745789267528397,0.44
1412,0.3159173754556501,0.44,0.3159173754556501,0.44,0.3159173754556501,0.44
1413,0.2706904435299497,0.44,0.2706904435299497,0.44,0.2706904435299497,0.44
1414,0.2751377018043685,1.0,0.2751377018043685,1.0,0.26592782040352375,0.44
1415,0.2822902796271638,1.0,0.2822902796271638,1.0,0.3522473939746403,1.0
1416,0.2765765765765766,1.0,0.2765765765765766,1.0,0.3340202422840645,1.0
1417,0.31845597104945716,1.0,0.31845597104945716,1.0,0.4065781111025899,1.0
1418,0.33139759969028265,1.0,0.33139759969028265,1.0,0.37262497694152374,1.0
1419,0.3310077519379845,1.0,0.3310077519379845,1.0,0.3201280512204882,1.0
1420,0.33178654292343385,1.0,0.33178654292343385,1.0,0.3209580838323353,1.0
1421,0.33178654292343385,1.0,0.33178654292343385,1.0,0.3209580838323353,1.0
1422,0.33178654292343385,1.0,0.33178654292343385,1.0,0.3209580838323353,1.0
1423,0.33178654292343385,1.0,0.33178654292343385,1.0,0.3209580838323353,1.0
1424,0.33022533022533024,1.0,0.33022533022533024,1.0,0.3192940232651424,1.0
1425,0.3294392523364486,1.0,0.3294392523364486,1.0,0.3835563980316694,1.0
1426,0.2319277108433735,1.0,0.2319277108433735,1.0,0.26520328460951603,0.10101010101010101
1427,0.3026481715006305,1.0,0.3026481715006305,1.0,0.2829094154395359,1.0
1428,0.30583333333333335,1.0,0.30583333333333335,1.0,0.31920245118214663,1.0
1429,0.29610611895592637,0.125,0.29610611895592637,0.125,0.3272884750717263,0.125
1430,0.26795580110497236,0.3488372093023256,0.26795580110497236,0.3488372093023256,0.2874732764302133,0.3488372093023256
1431,0.23388305847076463,0.48148148148148145,0.23388305847076463,0.48148148148148145,0.24091598422808613,0.48148148148148145
1432,0.23710317460317462,1.0,0.23710317460317462,1.0,0.22961622719491967,1.0
1433,0.2965811965811966,0.2222222222222222,0.2965811965811966,0.2222222222222222,0.28883071553228623,0.13846153846153847
1434,0.30673316708229426,1.0,0.30673316708229426,1.0,0.30673316708229426,1.0
1435,0.35560053981106615,1.0,0.35560053981106615,1.0,0.34051729803314085,0.44
1436,0.39530516431924884,1.0,0.39530516431924884,1.0,0.38354480752503006,0.44
1437,0.3003384094754653,1.0,0.3003384094754653,1.0,0.3003384094754653,1.0
1438,0.2797140303842717,0.022988505747126436,0.2797140303842717,0.022988505747126436,0.2951029280143204,0.022988505747126436
1439,0.1988114532685035,0.14814814814814814,0.1988114532685035,0.14814814814814814,0.27248757037362,0.14814814814814814
1440,0.31841522797698096,1.0,0.31841522797698096,1.0,0.31860696517412934,0.44
1441,0.31192129629629634,0.37777777777777777,0.31192129629629634,0.37777777777777777,0.3307815144328967,0.37777777777777777
1442,0.23127199597787831,0.3170731707317073,0.23127199597787831,0.3170731707317073,0.2601056061116728,0.5462962962962963
1443,0.2218798151001541,0.40425531914893614,0.2218798151001541,0.40425531914893614,0.24325409403063916,0.4444444444444444
1444,0.20693333333333333,0.13333333333333333,0.20693333333333333,0.13333333333333333,0.22459700861476664,0.27177177177177175
1445,0.20397208803005906,0.13333333333333333,0.20397208803005906,0.13333333333333333,0.22112221626677597,0.27177177177177175
1446,0.29322984044846917,0.36363636363636365,0.29322984044846917,0.36363636363636365,0.2855502484681816,0.36363636363636365
1447,0.29610611895592637,1.0,0.29610611895592637,1.0,0.2981873991161917,1.0
1448,0.2858399296394019,0.2608695652173913,0.2858399296394019,0.2608695652173913,0.2858399296394019,0.2608695652173913
1449,0.2822902796271638,0.2695035460992908,0.2822902796271638,0.2695035460992908,0.2822902796271638,0.2695035460992908
1450,0.29940627650551316,0.16666666666666666,0.29940627650551316,0.16666666666666666,0.3357408279688072,0.16666666666666666
1451,0.29610611895592637,0.022988505747126436,0.29610611895592637,0.022988505747126436,0.32378947669881364,0.022988505747126436
1452,0.3342386384211479,0.18803418803418803,0.3342386384211479,0.18803418803418803,0.33736455842335283,0.18803418803418803
1453,0.2965811965811966,0.44,0.2965811965811966,0.44,0.29322984044846917,0.44
1454,0.3146341463414634,0.44,0.3146341463414634,0.44,0.37548266736083996,0.44
1455,0.3290448343079922,0.44,0.3290448343079922,0.44,0.36594460971215487,0.44
1456,0.32785602503912364,0.44,0.32785602503912364,0.44,0.3170731707317073,0.44
1457,0.3089632383312681,0.44,0.3089632383312681,0.44,0.29677419354838713,0.44
1458,0.3146341463414634,0.44,0.3146341463414634,0.44,0.3020304568527919,0.44
1459,0.39312267657992567,0.44,0.39312267657992567,0.44,0.38102313457152165,0.44
1460,0.2817777777777778,0.2518518518518518,0.2817777777777778,0.2518518518518518,0.4064581421574785,0.23931623931623933
1461,0.3266588142913231,0.48148148148148145,0.3266588142913231,0.48148148148148145,0.4267595733626723,0.48148148148148145
1462,0.2781516375056079,0.24324324324324326,0.2781516375056079,0.24324324324324326,0.35236059044048734,0.24324324324324326
1463,0.278673835125448,0.32,0.278673835125448,0.32,0.2891324200913242,0.32
1464,0.2939157234709602,0.32679738562091504,0.2939157234709602,0.32679738562091504,0.3028821733700174,0.32679738562091504
1465,0.29371231696813094,0.16216216216216217,0.29371231696813094,0.16216216216216217,0.29371231696813094,0.16216216216216217
1466,0.2795207587463099,0.13333333333333333,0.2795207587463099,0.13333333333333333,0.2782624019737422,0.13333333333333333
1467,0.34003239272760455,0.13333333333333333,0.34003239272760455,0.13333333333333333,0.322096563723358,0.13333333333333333
1468,0.350452096894529,0.16216216216216217,0.350452096894529,0.16216216216216217,0.3344356261022927,0.16216216216216217
1469,0.29082469285299833,0.16216216216216217,0.29082469285299833,0.16216216216216217,0.2826130232070826,0.16216216216216217
1470,0.31118629824968763,0.37543859649122807,0.31118629824968763,0.37543859649122807,0.3701688886698375,0.37543859649122807
1471,0.3089632383312681,0.29333333333333333,0.3089632383312681,0.29333333333333333,0.3385931432586136,0.16161616161616163
1472,0.24891461649782923,0.4716981132075472,0.24891461649782923,0.4716981132075472,0.27600318069859003,0.4716981132075472
1473,0.22995461422087746,0.24324324324324326,0.22995461422087746,0.24324324324324326,0.22256410256410256,0.24324324324324326
1474,0.2507204610951009,0.3,0.2507204610951009,0.3,0.3855425446919005,0.3
1475,0.23901234567901233,0.45098039215686275,0.23901234567901233,0.45098039215686275,0.35951362200190373,0.45098039215686275
1476,0.24709302325581395,0.3170731707317073,0.24709302325581395,0.3170731707317073,0.27669498584041313,0.15151515151515152
1477,0.23258145363408522,1.0,0.23258145363408522,1.0,0.23379275140377742,0.44
1478,0.23388305847076463,0.48148148148148145,0.23388305847076463,0.48148148148148145,0.23379275140377742,0.48148148148148145
1479,0.25721040189125294,1.0,0.25721040189125294,1.0,0.3494215360153978,1.0
1480,0.3012658227848101,0.49743589743589745,0.3012658227848101,0.49743589743589745,0.3012658227848101,0.49743589743589745
1481,0.2589453860640301,0.3076923076923077,0.2589453860640301,0.3076923076923077,0.2589453860640301,0.3076923076923077
1482,0.30080270384452895,0.2777777777777778,0.30080270384452895,0.2777777777777778,0.30080270384452895,0.2777777777777778
1483,0.2951522951522952,1.0,0.2951522951522952,1.0,0.28280141843971635,1.0
1484,0.287341217696014,1.0,0.287341217696014,1.0,0.4096198722672562,1.0
1485,0.2589453860640301,1.0,0.2589453860640301,1.0,0.3641748046643638,1.0
1486,0.30447511501463825,0.44,0.30447511501463825,0.44,0.35417135991589693,0.44
1487,0.2319277108433735,0.48148148148148145,0.2319277108433735,0.48148148148148145,0.2319277108433735,0.48148148148148145
1488,0.2898172323759791,0.17752234993614302,0.2898172323759791,0.17752234993614302,0.30621771699655365,0.17752234993614302
1489,0.29940627650551316,0.17752234993614302,0.29940627650551316,0.17752234993614302,0.3004908835904629,0.17752234993614302
1490,0.2907986111111111,0.17752234993614302,0.2907986111111111,0.17752234993614302,0.28924260512004246,0.17752234993614302
1491,0.28833551769331583,0.17752234993614302,0.28833551769331583,0.17752234993614302,0.28449768141212745,0.17752234993614302
1492,0.25251076040172166,0.17752234993614302,0.25251076040172166,0.17752234993614302,0.28039325964282397,0.17752234993614302
1493,0.29128738621586475,1.0,0.29128738621586475,1.0,0.33356195701874713,1.0
1494,0.29030856149500217,1.0,0.29030856149500217,1.0,0.3809240965362011,1.0
1495,0.3401112269725408,1.0,0.3401112269725408,1.0,0.3262237550674653,1.0
1496,0.26850574712643677,0.48148148148148145,0.26850574712643677,0.48148148148148145,0.38221579031998715,0.2777777777777778
1497,0.2797140303842717,0.29907773386034253,0.2797140303842717,0.29907773386034253,0.36785474230129517,0.08266237251744497
1498,0.285336856010568,0.25133689839572193,0.285336856010568,0.25133689839572193,0.3692378318460212,0.05411255411255411
1499,0.25604551920341395,1.0,0.25604551920341395,1.0,0.25604551920341395,1.0
1500,0.2935064935064935,0.29354838709677417,0.2935064935064935,0.29354838709677417,0.2899711435676741,0.29354838709677417
1501,0.2951522951522952,0.14814814814814814,0.2951522951522952,0.14814814814814814,0.2951522951522952,0.14814814814814814
1502,0.3294392523364486,0.44,0.3294392523364486,0.44,0.31761386537686415,0.44
1503,0.23517688091679123,0.06666666666666667,0.23517688091679123,0.06666666666666667,0.24456052558418565,0.2708333333333333
1504,0.29371231696813094,0.32098765432098764,0.29371231696813094,0.32098765432098764,0.29371231696813094,0.32098765432098764
1505,0.27604871447902574,0.2777777777777778,0.27604871447902574,0.2777777777777778,0.27604871447902574,0.2777777777777778
1506,0.26685133887349954,0.2695035460992908,0.26685133887349954,0.2695035460992908,0.26685133887349954,0.2695035460992908
1507,0.2865961199294533,0.10101010101010101,0.2865961199294533,0.10101010101010101,0.2840501792114695,0.024691358024691357
1508,0.3021885521885522,0.05128205128205129,0.3021885521885522,0.05128205128205129,0.3021885521885522,0.05128205128205129
1509,0.29610611895592637,1.0,0.29610611895592637,1.0,0.29610611895592637,1.0
1510,0.315344341522352,1.0,0.315344341522352,1.0,0.3030929866036249,0.44
1511,0.30583333333333335,0.48148148148148145,0.30583333333333335,0.48148148148148145,0.30583333333333335,0.48148148148148145
1512,0.29562982005141386,0.4716981132075472,0.29562982005141386,0.4716981132075472,0.39595440045500635,0.4716981132075472
1513,0.2922611327280588,1.0,0.2922611327280588,1.0,0.2922611327280588,1.0
