


======
mazF
=====


before pretrain
--------------------
label        0	       1	       2	       3	       4	       5	       6	       7	       8	       9	      10	      11	      12	      13	      14	      15	      16	      17	      18	      19	      20	      21	      22	      23	      24	      25	      26	      27	      28	      29	      30	      31	      32	      33	      34	      35	      36	      37	      38	      39	      40	      41	      42	      43	      44	      45	      46	      47	      48	      49	      50	      51	      52	      53	      54	      55	      56	      57	      58	      59	      60	      61	      62	      63	      64	      65	      66	      67	      68	      69	      70	      71	      72	      73	      74	      75	      76	      77	      78	      79	      80	      81	      82	      83	      84	      85	      86	      87	      88	      89	      90	      91	      92	      93	      94	      95	      96	      97	      98	      99	     100	     101	     102	     103	     104	     105	     106	     107	     108	     109	     110	     111	     112	     113	     114	     115	     116	     117	     118	     119	     120	     121	     122	     123	     124	     125	     126	     127	     128	     129	     130	     131	     132	     133	     134	     135	     136	     137	     138	     139	     140	     141	     142	     143	     144	     145	     146	     147	     148	     149	     150	     151	     152	     153	     154	     155	     156	     157	     158	     159	     160	     161	     162	     163	     164	     165	     166	     167	     168	     169	     170	     171	     172	     173	     174	     175	     176	     177	     178	     179	     180	     181	     182	     183	     184	     185	     186	     187	     188	     189	     190	     191	     192	     193	     194	     195	     196	     197	     198	     199	     200	     201	     202	     203	     204	     205	     206	     207	     208	     209	     210	     211	     212	     213	     214	     215	     216	     217	     218	     219	     220	     221	     222	     223	     224	     225	     226	     227	     228	     229	     230	     231	     232	     233	     234	     235	     236	     237	     238	     239	     240	
   acc    0.00%	   0.00%	  71.43%	  71.43%	  57.14%	  28.57%	  71.43%	   0.00%	  42.86%	  42.86%	  28.57%	   0.00%	   0.00%	  42.86%	   0.00%	  85.71%	  71.43%	   0.00%	  42.86%	   0.00%	  14.29%	  28.57%	   0.00%	  71.43%	   0.00%	  71.43%	  28.57%	  28.57%	  57.14%	   0.00%	  28.57%	  42.86%	   0.00%	  57.14%	  71.43%	  71.43%	  57.14%	   0.00%	   0.00%	   0.00%	   0.00%	  28.57%	  42.86%	  14.29%	  71.43%	   0.00%	  14.29%	  71.43%	   0.00%	  28.57%	  42.86%	  71.43%	  71.43%	   0.00%	  28.57%	   0.00%	   0.00%	  28.57%	   0.00%	   0.00%	  57.14%	   0.00%	  28.57%	  28.57%	  28.57%	   0.00%	  28.57%	  71.43%	   0.00%	   0.00%	   0.00%	  28.57%	  57.14%	   0.00%	   0.00%	   0.00%	  28.57%	   0.00%	  57.14%	  28.57%	   0.00%	  71.43%	  28.57%	  28.57%	  28.57%	   0.00%	  42.86%	  42.86%	   0.00%	  28.57%	   0.00%	  28.57%	  14.29%	  14.29%	   0.00%	  42.86%	  42.86%	  71.43%	   0.00%	   0.00%	  14.29%	  28.57%	   0.00%	  28.57%	  71.43%	  57.14%	   0.00%	  42.86%	  57.14%	  14.29%	  57.14%	  28.57%	  28.57%	  57.14%	  71.43%	  28.57%	  28.57%	  71.43%	  42.86%	  28.57%	  57.14%	  57.14%	  14.29%	   0.00%	   0.00%	  71.43%	  71.43%	  71.43%	   0.00%	  71.43%	  71.43%	  28.57%	  57.14%	  71.43%	  71.43%	  28.57%	  28.57%	   0.00%	   0.00%	  71.43%	   0.00%	  42.86%	   0.00%	  28.57%	  42.86%	  71.43%	  28.57%	   0.00%	  71.43%	  71.43%	  28.57%	   0.00%	  42.86%	   0.00%	  85.71%	   0.00%	  28.57%	  28.57%	   0.00%	  28.57%	   0.00%	  57.14%	   0.00%	   0.00%	  28.57%	  71.43%	   0.00%	  28.57%	  28.57%	   0.00%	  28.57%	  57.14%	  28.57%	  42.86%	   0.00%	   0.00%	   0.00%	  28.57%	  71.43%	  71.43%	  28.57%	   0.00%	  71.43%	   0.00%	  28.57%	   0.00%	   0.00%	  57.14%	   0.00%	  71.43%	   0.00%	  28.57%	   0.00%	  28.57%	   0.00%	   0.00%	  71.43%	   0.00%	   0.00%	  71.43%	  57.14%	  71.43%	   0.00%	   0.00%	  71.43%	   0.00%	  28.57%	  28.57%	   0.00%	  71.43%	  28.57%	  57.14%	  28.57%	  42.86%	  28.57%	  57.14%	  28.57%	  57.14%	  71.43%	   0.00%	   0.00%	   0.00%	  71.43%	   0.00%	   0.00%	  28.57%	   0.00%	   0.00%	   0.00%	   0.00%	  57.14%	  57.14%	   0.00%	   0.00%	  71.43%	  28.57%	   0.00%	  42.86%	  71.43%	  42.86%	   0.00%	
    f1   0.0000	  0.0000	  0.4167	  0.4167	  0.3636	  0.2222	  0.4167	  0.0000	  0.3000	  0.3000	  0.2222	  0.0000	  0.0000	  0.3000	  0.0000	  0.4615	  0.4167	  0.0000	  0.3000	  0.0000	  0.1250	  0.2222	  0.0000	  0.4167	  0.0000	  0.4167	  0.2222	  0.2222	  0.3636	  0.0000	  0.2222	  0.3000	  0.0000	  0.3636	  0.4167	  0.4167	  0.3636	  0.0000	  0.0000	  0.0000	  0.0000	  0.2222	  0.3000	  0.0833	  0.4167	  0.0000	  0.1250	  0.4167	  0.0000	  0.2222	  0.3000	  0.4167	  0.4167	  0.0000	  0.2222	  0.0000	  0.0000	  0.2222	  0.0000	  0.0000	  0.3636	  0.0000	  0.2222	  0.2222	  0.2222	  0.0000	  0.2222	  0.4167	  0.0000	  0.0000	  0.0000	  0.2222	  0.3636	  0.0000	  0.0000	  0.0000	  0.2222	  0.0000	  0.3636	  0.2222	  0.0000	  0.4167	  0.2222	  0.2222	  0.2222	  0.0000	  0.3000	  0.3000	  0.0000	  0.2222	  0.0000	  0.1481	  0.1250	  0.1250	  0.0000	  0.3000	  0.3000	  0.4167	  0.0000	  0.0000	  0.1250	  0.2222	  0.0000	  0.2222	  0.4167	  0.3636	  0.0000	  0.3000	  0.3636	  0.1250	  0.3636	  0.2222	  0.2222	  0.3636	  0.4167	  0.2222	  0.2222	  0.4167	  0.3000	  0.2222	  0.3636	  0.3636	  0.1250	  0.0000	  0.0000	  0.4167	  0.4167	  0.4167	  0.0000	  0.4167	  0.4167	  0.2222	  0.3636	  0.4167	  0.4167	  0.2222	  0.2222	  0.0000	  0.0000	  0.4167	  0.0000	  0.3000	  0.0000	  0.2222	  0.3000	  0.4167	  0.2222	  0.0000	  0.4167	  0.4167	  0.1481	  0.0000	  0.3000	  0.0000	  0.4615	  0.0000	  0.2222	  0.2222	  0.0000	  0.2222	  0.0000	  0.3636	  0.0000	  0.0000	  0.2222	  0.4167	  0.0000	  0.2222	  0.2222	  0.0000	  0.2222	  0.3636	  0.2222	  0.3000	  0.0000	  0.0000	  0.0000	  0.2222	  0.4167	  0.4167	  0.2222	  0.0000	  0.4167	  0.0000	  0.2222	  0.0000	  0.0000	  0.3636	  0.0000	  0.4167	  0.0000	  0.2222	  0.0000	  0.2222	  0.0000	  0.0000	  0.4167	  0.0000	  0.0000	  0.4167	  0.3636	  0.4167	  0.0000	  0.0000	  0.4167	  0.0000	  0.2222	  0.2222	  0.0000	  0.4167	  0.2222	  0.3636	  0.2222	  0.3000	  0.2222	  0.3636	  0.2222	  0.3636	  0.4167	  0.0000	  0.0000	  0.0000	  0.4167	  0.0000	  0.0000	  0.2222	  0.0000	  0.0000	  0.0000	  0.0000	  0.3636	  0.3636	  0.0000	  0.0000	  0.4167	  0.2222	  0.0000	  0.2000	  0.4167	  0.3000	  0.0000	
pred 0       -1	      -1	       1	       0	       0	       0	       1	      -1	       1	       0	       0	      -1	      -1	       1	      -1	       0	       1	      -1	       1	      -1	       1	       0	      -1	       1	      -1	       1	       0	       0	       1	      -1	       0	       0	      -1	       0	       1	       1	       0	      -1	      -1	      -1	      -1	       1	       1	       1	       0	       1	       1	       1	      -1	       0	       1	       1	       1	      -1	       0	      -1	      -1	       0	      -1	      -1	       1	      -1	       0	      -1	       0	      -1	       0	       1	      -1	      -1	      -1	       0	       0	      -1	      -1	      -1	       1	      -1	       1	       0	      -1	       0	       0	       0	       0	      -1	       0	       0	      -1	       1	      -1	      -1	       1	       1	       1	      -1	      -1	       1	      -1	      -1	       1	       0	      -1	       1	       1	       1	      -1	       0	       0	       1	       1	       0	       0	       1	       1	       0	       0	       1	       0	       0	       1	       1	       1	      -1	      -1	       1	       1	       1	      -1	       1	       1	       0	       0	       0	       1	       0	       0	      -1	      -1	       1	      -1	       1	      -1	       0	       1	       1	       0	      -1	       1	       0	      -1	       1	       1	      -1	       0	       1	       0	       1	      -1	       0	      -1	       1	      -1	      -1	       0	       1	      -1	       0	       0	      -1	       0	       1	       0	       0	      -1	      -1	      -1	       1	       1	       1	       0	      -1	       1	      -1	       0	      -1	      -1	       1	      -1	       1	      -1	       0	       1	       0	      -1	      -1	       0	      -1	      -1	       1	       0	       1	      -1	      -1	       1	      -1	       0	       0	      -1	       1	       0	       1	       0	       1	       0	       1	       0	       1	       0	      -1	      -1	      -1	       1	      -1	      -1	       0	      -1	      -1	      -1	      -1	       1	       1	      -1	      -1	       1	       0	      -1	       1	       0	       0	      -1	
test 0        1	       1	       1	       1	       1	       1	       1	       1	       1	       1	       1	       1	       0	       1	       1	       1	       1	       1	       1	       1	       1	       1	       1	       1	       1	       1	       1	       1	       1	       1	       1	       1	       1	       1	       1	       1	       1	       0	       0	       1	       1	       1	       1	       0	       0	       0	       0	       1	       1	       1	       1	       1	       1	       1	       1	       1	       1	       1	       1	       1	       1	       1	       1	       0	       1	       1	       1	       1	       1	       0	       1	       1	       1	       1	       1	       1	       1	       1	       1	       1	       1	       1	       1	       1	       1	       1	       1	       1	       0	       1	       1	       1	       1	       1	       0	       0	       0	       1	       1	       1	       1	       1	       1	       1	       1	       1	       1	       1	       1	       1	       1	       1	       1	       1	       1	       1	       1	       1	       1	       1	       1	       1	       1	       1	       1	       1	       1	       1	       1	       1	       1	       1	       1	       1	       1	       1	       1	       1	       1	       1	       1	       1	       1	       1	       1	       1	       1	       1	       1	       0	       1	       0	       1	       1	       1	       0	       1	       1	       1	       1	       1	       1	       1	       1	       1	       1	       1	       1	       1	       1	       1	       1	       1	       1	       1	       1	       1	       1	       1	       1	       1	       1	       1	       1	       1	       1	       1	       1	       1	       1	       1	       1	       0	       1	       1	       0	       1	       1	       1	       1	       1	       1	       1	       1	       1	       1	       1	       1	       1	       1	       1	       1	       1	       1	       1	       1	       1	       1	       1	       1	       1	       1	       1	       1	       1	       1	       1	       1	       1	       1	       1	       1	       1	       1	       1	       1	       1	       1	       1	       1	       1	
pred 1       -1	      -1	       1	       0	       0	       0	       1	      -1	       1	       0	       0	      -1	      -1	       1	      -1	       0	       1	      -1	       1	      -1	       1	       0	      -1	       1	      -1	       1	       0	       0	       1	      -1	       0	       0	      -1	       0	       1	       1	       0	      -1	      -1	      -1	      -1	       1	       1	       1	       0	       1	       1	       1	      -1	       0	       1	       1	       1	      -1	       0	      -1	      -1	       0	      -1	      -1	       1	      -1	       0	      -1	       0	      -1	       0	       1	      -1	      -1	      -1	       0	       0	      -1	      -1	      -1	       1	      -1	       1	       0	      -1	       0	       0	       0	       0	      -1	       0	       0	      -1	       1	      -1	      -1	       1	       1	       1	      -1	      -1	       1	      -1	      -1	       1	       0	      -1	       1	       1	       1	      -1	       0	       0	       1	       1	       0	       0	       1	       1	       0	       0	       1	       0	       0	       1	       1	       1	      -1	      -1	       1	       1	       1	      -1	       1	       1	       0	       0	       0	       1	       0	       0	      -1	      -1	       1	      -1	       1	      -1	       0	       1	       1	       0	      -1	       1	       0	      -1	       1	       1	      -1	       0	       1	       0	       1	      -1	       0	      -1	       1	      -1	      -1	       0	       1	      -1	       0	       0	      -1	       0	       1	       0	       0	      -1	      -1	      -1	       1	       1	       1	       0	      -1	       1	      -1	       0	      -1	      -1	       1	      -1	       1	      -1	       0	       1	       0	      -1	      -1	       0	      -1	      -1	       1	       0	       1	      -1	      -1	       1	      -1	       0	       0	      -1	       1	       0	       1	       0	       1	       0	       1	       0	       1	       0	      -1	      -1	      -1	       1	      -1	      -1	       0	      -1	      -1	      -1	      -1	       1	       1	      -1	      -1	       1	       0	      -1	       1	       0	       0	      -1	
test 1        1	       1	       1	       1	       1	       1	       1	       1	       1	       1	       1	       1	       0	       1	       1	       0	       1	       1	       1	       1	       0	       1	       1	       1	       1	       1	       1	       1	       1	       1	       1	       1	       1	       1	       1	       1	       1	       1	       1	       1	       1	       1	       1	       1	       0	       0	       1	       1	       1	       1	       1	       1	       1	       1	       1	       1	       1	       1	       1	       1	       1	       1	       1	       0	       1	       1	       1	       1	       1	       0	       1	       1	       1	       1	       1	       1	       1	       1	       1	       1	       1	       1	       1	       1	       1	       1	       1	       1	       0	       1	       1	       0	       0	       0	       0	       0	       0	       1	       1	       1	       0	       1	       1	       1	       1	       1	       1	       1	       1	       0	       1	       1	       1	       1	       1	       1	       1	       1	       1	       1	       1	       1	       0	       1	       1	       1	       1	       1	       1	       1	       1	       1	       1	       0	       1	       1	       1	       1	       1	       1	       1	       1	       1	       1	       1	       1	       1	       1	       1	       0	       0	       0	       1	       1	       0	       0	       1	       1	       1	       1	       1	       1	       0	       1	       1	       1	       1	       1	       1	       1	       1	       1	       1	       1	       1	       1	       1	       0	       1	       1	       1	       1	       1	       1	       1	       1	       1	       1	       1	       1	       1	       1	       0	       1	       1	       0	       1	       1	       0	       1	       1	       1	       1	       1	       1	       1	       1	       1	       1	       1	       1	       1	       1	       1	       1	       1	       1	       1	       1	       0	       1	       1	       1	       1	       1	       1	       1	       0	       1	       1	       1	       1	       1	       1	       1	       1	       1	       1	       1	       1	       1	
pred 2       -1	      -1	       1	       0	       0	       0	       1	      -1	       1	       0	       0	      -1	      -1	       1	      -1	       0	       1	      -1	       1	      -1	       1	       0	      -1	       1	      -1	       1	       0	       0	       1	      -1	       0	       0	      -1	       0	       1	       1	       0	      -1	      -1	      -1	      -1	       1	       1	       1	       0	       1	       1	       1	      -1	       0	       1	       1	       1	      -1	       0	      -1	      -1	       0	      -1	      -1	       1	      -1	       0	      -1	       0	      -1	       0	       1	      -1	      -1	      -1	       0	       0	      -1	      -1	      -1	       1	      -1	       1	       0	      -1	       0	       0	       0	       0	      -1	       0	       0	      -1	       1	      -1	      -1	       1	       1	       1	      -1	      -1	       1	      -1	      -1	       1	       0	      -1	       1	       1	       1	      -1	       0	       0	       1	       1	       0	       0	       1	       1	       0	       0	       1	       0	       0	       1	       1	       1	      -1	      -1	       1	       1	       1	      -1	       1	       1	       0	       0	       0	       1	       0	       0	      -1	      -1	       1	      -1	       1	      -1	       0	       1	       1	       0	      -1	       1	       0	      -1	       1	       1	      -1	       0	       1	       0	       1	      -1	       0	      -1	       1	      -1	      -1	       0	       1	      -1	       0	       0	      -1	       0	       1	       0	       0	      -1	      -1	      -1	       1	       1	       1	       0	      -1	       1	      -1	       0	      -1	      -1	       1	      -1	       1	      -1	       0	       1	       0	      -1	      -1	       0	      -1	      -1	       1	       0	       1	      -1	      -1	       1	      -1	       0	       0	      -1	       1	       0	       1	       0	       1	       0	       1	       0	       1	       0	      -1	      -1	      -1	       1	      -1	      -1	       0	      -1	      -1	      -1	      -1	       1	       1	      -1	      -1	       1	       0	      -1	       1	       0	       0	      -1	
test 2        1	       0	       1	       0	       1	       1	       1	       1	       1	       1	       1	       0	       0	       0	       0	       0	       1	       0	       1	       0	       0	       1	       1	       1	       1	       1	       1	       1	       1	       1	       1	       0	       1	       0	       1	       1	       0	       0	       0	       0	       0	       0	       0	       0	      -1	       0	       0	       1	       1	       1	       0	       1	       1	       1	       1	       1	       1	       1	       0	       1	       0	       0	       1	      -1	       1	       1	       1	       1	       1	       0	       0	       1	       0	       1	       1	       1	       0	       1	       1	       1	       0	       0	       1	       1	       1	       1	       1	       1	       0	       0	       1	       0	       0	       0	       0	      -1	      -1	       1	       1	       0	       0	       1	       1	       0	       1	       1	       0	       1	       0	       0	       1	       1	       1	       0	       1	       1	       1	       1	       1	       1	       1	       1	       0	       1	       1	       1	       1	       1	       1	       1	       1	       1	       0	       1	       1	       1	       1	       0	       1	       1	       1	       0	       1	       1	       0	       1	       1	       1	       1	       0	      -1	      -1	       0	       0	       0	       0	       1	       0	       1	       1	       1	       0	       0	       1	       1	       1	       1	       1	       1	       1	       1	       0	       1	       0	       0	       0	       1	       0	       1	       1	       1	       1	       1	       1	       1	       1	       0	       1	       1	       1	       0	       1	       0	       1	       1	       0	       0	       1	       0	       1	       0	       1	       0	       0	       1	       1	       1	       1	       0	       1	       1	       1	       1	       0	       1	       1	       1	       1	       0	       0	       1	       0	       1	       1	       1	       1	       1	       0	       0	       1	       1	       0	       1	       0	       1	       1	       1	      -1	       0	       0	       1	
pred 3       -1	      -1	       1	       0	       0	       0	       1	      -1	       1	       0	       0	      -1	      -1	       1	      -1	       0	       1	      -1	       1	      -1	       1	       0	      -1	       1	      -1	       1	       0	       0	       1	      -1	       0	       0	      -1	       0	       1	       1	       0	      -1	      -1	      -1	      -1	       1	       1	       1	       0	       1	       1	       1	      -1	       0	       1	       1	       1	      -1	       0	      -1	      -1	       0	      -1	      -1	       1	      -1	       0	      -1	       0	      -1	       0	       1	      -1	      -1	      -1	       0	       0	      -1	      -1	      -1	       1	      -1	       1	       0	      -1	       0	       0	       0	       0	      -1	       0	       0	      -1	       1	      -1	      -1	       1	       1	       1	      -1	      -1	       1	      -1	      -1	       1	       0	      -1	       1	       1	       1	      -1	       0	       0	       1	       1	       0	       0	       1	       1	       0	       0	       1	       0	       0	       1	       1	       1	      -1	      -1	       1	       1	       1	      -1	       1	       1	       0	       0	       0	       1	       0	       0	      -1	      -1	       1	      -1	       1	      -1	       0	       1	       1	       0	      -1	       1	       0	      -1	       1	       1	      -1	       0	       1	       0	       1	      -1	       0	      -1	       1	      -1	      -1	       0	       1	      -1	       0	       0	      -1	       0	       1	       0	       0	      -1	      -1	      -1	       1	       1	       1	       0	      -1	       1	      -1	       0	      -1	      -1	       1	      -1	       1	      -1	       0	       1	       0	      -1	      -1	       0	      -1	      -1	       1	       0	       1	      -1	      -1	       1	      -1	       0	       0	      -1	       1	       0	       1	       0	       1	       0	       1	       0	       1	       0	      -1	      -1	      -1	       1	      -1	      -1	       0	      -1	      -1	      -1	      -1	       1	       1	      -1	      -1	       1	       0	      -1	       1	       0	       0	      -1	
test 3        1	       1	       1	       0	       0	       1	       1	       0	       0	       0	       1	       1	       1	       0	       1	       0	       1	       0	       0	       0	       0	       1	       1	       1	       1	       1	       1	       1	       0	       1	       1	       1	       1	       1	       1	       1	       1	       0	       0	       0	       0	       0	       0	       0	      -1	      -1	       0	       1	       1	       1	       0	       1	       1	       0	       1	       1	       0	       1	       0	       1	       1	       1	       1	      -1	       1	       1	       1	       1	       1	       0	       1	       1	       1	       0	       1	       1	       0	       1	       0	       1	       0	       0	       1	       1	       1	       1	       1	       1	       0	       0	       1	      -1	       0	       0	       0	      -1	      -1	       1	       1	       1	       0	       1	       1	       0	       1	       0	       0	       0	       0	       0	       0	       1	       1	       1	       1	       1	       1	       1	       1	       1	       0	       0	       0	       0	       1	       1	       1	       1	       1	       1	       1	       1	       1	       0	       1	       1	       1	       0	       1	       1	       1	       1	       1	       1	       1	       1	       1	       1	       1	      -1	       0	      -1	       0	       0	       0	       0	       1	       0	       1	       1	       0	       1	       1	       1	       1	       1	       1	       1	       1	       0	       1	       1	       1	       1	       0	       1	       0	       0	       1	       1	       1	       1	       1	       1	       1	       0	       0	       1	       1	       1	       0	       1	       0	       1	       1	       0	       0	       1	       0	       1	       1	       1	       0	       1	       1	       1	       1	       1	       0	       1	       1	       0	       1	       1	       1	       0	       1	       0	       0	       0	       0	       1	       1	       1	       1	       1	       1	       0	       0	       1	       0	       1	       1	       0	       1	       1	       1	       0	       0	       1	       1	
pred 4       -1	      -1	       1	       0	       0	       0	       1	      -1	       1	       0	       0	      -1	      -1	       1	      -1	       0	       1	      -1	       1	      -1	       1	       0	      -1	       1	      -1	       1	       0	       0	       1	      -1	       0	       0	      -1	       0	       1	       1	       0	      -1	      -1	      -1	      -1	       1	       1	       1	       0	       1	       1	       1	      -1	       0	       1	       1	       1	      -1	       0	      -1	      -1	       0	      -1	      -1	       1	      -1	       0	      -1	       0	      -1	       0	       1	      -1	      -1	      -1	       0	       0	      -1	      -1	      -1	       1	      -1	       1	       0	      -1	       0	       0	       0	       0	      -1	       0	       0	      -1	       1	      -1	      -1	       1	       1	       1	      -1	      -1	       1	      -1	      -1	       1	       0	      -1	       1	       1	       1	      -1	       0	       0	       1	       1	       0	       0	       1	       1	       0	       0	       1	       0	       0	       1	       1	       1	      -1	      -1	       1	       1	       1	      -1	       1	       1	       0	       0	       0	       1	       0	       0	      -1	      -1	       1	      -1	       1	      -1	       0	       1	       1	       0	      -1	       1	       0	      -1	       1	       1	      -1	       0	       1	       0	       1	      -1	       0	      -1	       1	      -1	      -1	       0	       1	      -1	       0	       0	      -1	       0	       1	       0	       0	      -1	      -1	      -1	       1	       1	       1	       0	      -1	       1	      -1	       0	      -1	      -1	       1	      -1	       1	      -1	       0	       1	       0	      -1	      -1	       0	      -1	      -1	       1	       0	       1	      -1	      -1	       1	      -1	       0	       0	      -1	       1	       0	       1	       0	       1	       0	       1	       0	       1	       0	      -1	      -1	      -1	       1	      -1	      -1	       0	      -1	      -1	      -1	      -1	       1	       1	      -1	      -1	       1	       0	      -1	       1	       0	       0	      -1	
test 4        1	       0	       1	       0	       0	       1	       1	       1	       0	       1	       1	       1	       0	       1	       0	       0	       1	       0	       0	       1	       0	       1	       1	       1	       1	       1	       1	       1	       1	       1	       1	       1	       1	       0	       1	       1	       0	       0	       1	       0	       1	       0	       1	      -1	       0	       0	       0	       1	       1	       1	       1	       1	       1	       1	       1	       1	       1	       1	       0	       1	       1	       0	       1	       0	       1	       1	       1	       1	       1	       0	       0	       1	       0	       0	       1	       1	       0	       1	       1	       1	       1	       0	       1	       1	       1	       1	       0	       0	       0	       0	       1	      -1	       0	       0	      -1	      -1	      -1	       1	       1	       1	       0	       1	       1	       0	       1	       1	       1	       1	       1	       0	       1	       1	       1	       1	       1	       1	       1	       1	       0	       1	       1	       1	       0	       0	       1	       1	       1	       1	       1	       1	       1	       1	       0	       0	       1	       1	       1	       0	       1	       1	       1	       0	       1	       1	       0	       1	       1	       1	       1	      -1	      -1	      -1	       1	       0	       0	       0	       1	       0	       1	       1	       1	       1	       0	       0	       1	       1	       1	       1	       1	       1	       1	       1	       1	       1	       0	       1	       1	       1	       1	       1	       1	       1	       1	       1	       1	       1	       0	       0	       1	       1	       0	       1	       0	       1	       1	       0	       0	       1	       0	       1	       0	       1	       0	       0	       1	       1	       1	       1	       0	       1	       1	       1	       1	       0	       1	       1	       1	       1	       0	       0	       1	       1	       1	       1	       1	       1	       1	       1	       0	       1	       1	       1	       1	       1	       1	       1	       1	       1	       0	       1	       1	
pred 5       -1	      -1	       1	       0	       0	       0	       1	      -1	       1	       0	       0	      -1	      -1	       1	      -1	       0	       1	      -1	       1	      -1	       1	       0	      -1	       1	      -1	       1	       0	       0	       1	      -1	       0	       0	      -1	       0	       1	       1	       0	      -1	      -1	      -1	      -1	       1	       1	       1	       0	       1	       1	       1	      -1	       0	       1	       1	       1	      -1	       0	      -1	      -1	       0	      -1	      -1	       1	      -1	       0	      -1	       0	      -1	       0	       1	      -1	      -1	      -1	       0	       0	      -1	      -1	      -1	       1	      -1	       1	       0	      -1	       0	       0	       0	       0	      -1	       0	       0	      -1	       1	      -1	      -1	       1	       1	       1	      -1	      -1	       1	      -1	      -1	       1	       0	      -1	       1	       1	       1	      -1	       0	       0	       1	       1	       0	       0	       1	       1	       0	       0	       1	       0	       0	       1	       1	       1	      -1	      -1	       1	       1	       1	      -1	       1	       1	       0	       0	       0	       1	       0	       0	      -1	      -1	       1	      -1	       1	      -1	       0	       1	       1	       0	      -1	       1	       0	      -1	       1	       1	      -1	       0	       1	       0	       1	      -1	       0	      -1	       1	      -1	      -1	       0	       1	      -1	       0	       0	      -1	       0	       1	       0	       0	      -1	      -1	      -1	       1	       1	       1	       0	      -1	       1	      -1	       0	      -1	      -1	       1	      -1	       1	      -1	       0	       1	       0	      -1	      -1	       0	      -1	      -1	       1	       0	       1	      -1	      -1	       1	      -1	       0	       0	      -1	       1	       0	       1	       0	       1	       0	       1	       0	       1	       0	      -1	      -1	      -1	       1	      -1	      -1	       0	      -1	      -1	      -1	      -1	       1	       1	      -1	      -1	       1	       0	      -1	       1	       0	       0	      -1	
test 5        0	       0	       0	       0	       0	       0	       0	       0	       0	       0	       0	       0	       0	       0	       0	       0	       0	       0	       0	       0	       0	       0	       0	       0	       0	       0	       0	       0	       0	       0	       0	       0	       0	       0	       0	       0	       0	       0	       0	       0	       0	       0	       0	       0	       0	       0	       0	       0	       0	       0	       0	       0	       0	       0	       0	       0	       0	       0	       0	       0	       0	       0	       0	       0	       0	       0	       0	       0	       0	       0	       0	       0	       0	       0	       0	       0	       0	       0	       0	       0	       0	       0	       0	       0	       0	       0	       0	       0	       0	       0	       0	       0	       0	       0	       0	       0	       0	       0	       0	       0	       0	       0	       0	       0	       0	       0	       0	       0	       0	       0	       0	       0	       0	       0	       0	       0	       0	       0	       0	       0	       0	       0	       0	       0	       0	       0	       0	       0	       0	       0	       0	       0	       0	       0	       0	       0	       0	       0	       0	       0	       0	       0	       0	       0	       0	       0	       0	       0	       0	       0	       0	       0	       0	       0	       0	       0	       0	       0	       0	       0	       0	       0	       0	       0	       0	       0	       0	       0	       0	       0	       0	       0	       0	       0	       0	       0	       0	       0	       0	       0	       0	       0	       0	       0	       0	       0	       0	       0	       0	       0	       0	       0	       0	       0	       0	       0	       0	       0	       0	       0	       0	       0	       0	       0	       0	       0	       0	       0	       0	       0	       0	       0	       0	       0	       0	       0	       0	       0	       0	       0	       0	       0	       0	       0	       0	       0	       0	       0	       0	       0	       0	       0	       0	       0	       0	       0	       0	       0	       0	       0	       0	
pred 6       -1	      -1	       1	       0	       0	       0	       1	      -1	       1	       0	       0	      -1	      -1	       1	      -1	       0	       1	      -1	       1	      -1	       1	       0	      -1	       1	      -1	       1	       0	       0	       1	      -1	       0	       0	      -1	       0	       1	       1	       0	      -1	      -1	      -1	      -1	       1	       1	       1	       0	       1	       1	       1	      -1	       0	       1	       1	       1	      -1	       0	      -1	      -1	       0	      -1	      -1	       1	      -1	       0	      -1	       0	      -1	       0	       1	      -1	      -1	      -1	       0	       0	      -1	      -1	      -1	       1	      -1	       1	       0	      -1	       0	       0	       0	       0	      -1	       0	       0	      -1	       1	      -1	      -1	       1	       1	       1	      -1	      -1	       1	      -1	      -1	       1	       0	      -1	       1	       1	       1	      -1	       0	       0	       1	       1	       0	       0	       1	       1	       0	       0	       1	       0	       0	       1	       1	       1	      -1	      -1	       1	       1	       1	      -1	       1	       1	       0	       0	       0	       1	       0	       0	      -1	      -1	       1	      -1	       1	      -1	       0	       1	       1	       0	      -1	       1	       0	      -1	       1	       1	      -1	       0	       1	       0	       1	      -1	       0	      -1	       1	      -1	      -1	       0	       1	      -1	       0	       0	      -1	       0	       1	       0	       0	      -1	      -1	      -1	       1	       1	       1	       0	      -1	       1	      -1	       0	      -1	      -1	       1	      -1	       1	      -1	       0	       1	       0	      -1	      -1	       0	      -1	      -1	       1	       0	       1	      -1	      -1	       1	      -1	       0	       0	      -1	       1	       0	       1	       0	       1	       0	       1	       0	       1	       0	      -1	      -1	      -1	       1	      -1	      -1	       0	      -1	      -1	      -1	      -1	       1	       1	      -1	      -1	       1	       0	      -1	       1	       0	       0	      -1	
test 6        0	       0	       0	       0	       0	       0	       0	       0	       0	       0	       0	       0	       0	       0	       0	       0	       0	       0	       0	       0	       0	       0	       0	       0	       0	       0	       0	       0	       0	       0	       0	       0	       0	       0	       0	       0	       0	       0	       0	       0	       0	       0	       0	       0	       0	       0	       0	       0	       0	       0	       0	       0	       0	       0	       0	       0	       0	       0	       0	       0	       0	       0	       0	       0	       0	       0	       0	       0	       0	       0	       0	       0	       0	       0	       0	       0	       0	       0	       0	       0	       0	       0	       0	       0	       0	       0	       0	       0	       0	       0	       0	       0	       0	       0	       0	       0	       0	       0	       0	       0	       0	       0	       0	       0	       0	       0	       0	       0	       0	       0	       0	       0	       0	       0	       0	       0	       0	       0	       0	       0	       0	       0	       0	       0	       0	       0	       0	       0	       0	       0	       0	       0	       0	       0	       0	       0	       0	       0	       0	       0	       0	       0	       0	       0	       0	       0	       0	       0	       0	       0	       0	       0	       0	       0	       0	       0	       0	       0	       0	       0	       0	       0	       0	       0	       0	       0	       0	       0	       0	       0	       0	       0	       0	       0	       0	       0	       0	       0	       0	       0	       0	       0	       0	       0	       0	       0	       0	       0	       0	       0	       0	       0	       0	       0	       0	       0	       0	       0	       0	       0	       0	       0	       0	       0	       0	       0	       0	       0	       0	       0	       0	       0	       0	       0	       0	       0	       0	       0	       0	       0	       0	       0	       0	       0	       0	       0	       0	       0	       0	       0	       0	       0	       0	       0	       0	       0	       0	       0	       0	       0	       0	
------
confusion matrix:
[[ 12   4   7]
 [299 198 264]
 [312 302 289]]
macro f1: 0.2484245955507229
micro f1: 0.2957913455838767
weighted f1: 0.05368586629629135
class -1 f1: 0.03715170278637771
class  0 f1: 0.3130434782608696
class  1 f1: 0.3950786056049214
average label-wise acc: 29.58%


after pretrain
--------------------
label        0	       1	       2	       3	       4	       5	       6	       7	       8	       9	      10	      11	      12	      13	      14	      15	      16	      17	      18	      19	      20	      21	      22	      23	      24	      25	      26	      27	      28	      29	      30	      31	      32	      33	      34	      35	      36	      37	      38	      39	      40	      41	      42	      43	      44	      45	      46	      47	      48	      49	      50	      51	      52	      53	      54	      55	      56	      57	      58	      59	      60	      61	      62	      63	      64	      65	      66	      67	      68	      69	      70	      71	      72	      73	      74	      75	      76	      77	      78	      79	      80	      81	      82	      83	      84	      85	      86	      87	      88	      89	      90	      91	      92	      93	      94	      95	      96	      97	      98	      99	     100	     101	     102	     103	     104	     105	     106	     107	     108	     109	     110	     111	     112	     113	     114	     115	     116	     117	     118	     119	     120	     121	     122	     123	     124	     125	     126	     127	     128	     129	     130	     131	     132	     133	     134	     135	     136	     137	     138	     139	     140	     141	     142	     143	     144	     145	     146	     147	     148	     149	     150	     151	     152	     153	     154	     155	     156	     157	     158	     159	     160	     161	     162	     163	     164	     165	     166	     167	     168	     169	     170	     171	     172	     173	     174	     175	     176	     177	     178	     179	     180	     181	     182	     183	     184	     185	     186	     187	     188	     189	     190	     191	     192	     193	     194	     195	     196	     197	     198	     199	     200	     201	     202	     203	     204	     205	     206	     207	     208	     209	     210	     211	     212	     213	     214	     215	     216	     217	     218	     219	     220	     221	     222	     223	     224	     225	     226	     227	     228	     229	     230	     231	     232	     233	     234	     235	     236	     237	     238	     239	     240	
   acc   28.57%	  57.14%	  28.57%	  71.43%	  57.14%	  28.57%	  28.57%	  42.86%	  57.14%	  42.86%	  28.57%	  42.86%	  85.71%	  57.14%	  57.14%	  85.71%	  28.57%	  71.43%	  57.14%	  57.14%	  85.71%	  28.57%	  28.57%	  28.57%	  28.57%	  28.57%	  28.57%	  28.57%	  42.86%	  28.57%	  28.57%	  42.86%	  28.57%	  57.14%	  28.57%	  28.57%	  57.14%	  85.71%	  71.43%	  71.43%	  57.14%	  71.43%	  57.14%	  71.43%	  71.43%	  85.71%	  85.71%	  28.57%	  28.57%	  28.57%	  57.14%	  71.43%	  28.57%	  42.86%	  28.57%	  28.57%	  42.86%	  28.57%	  71.43%	  28.57%	  42.86%	  57.14%	  28.57%	  71.43%	  28.57%	  28.57%	  28.57%	  28.57%	  28.57%	 100.00%	  57.14%	  28.57%	  57.14%	  57.14%	  28.57%	  28.57%	  71.43%	  28.57%	  42.86%	  28.57%	  57.14%	  71.43%	  28.57%	  28.57%	  28.57%	  28.57%	  42.86%	  42.86%	 100.00%	  71.43%	  28.57%	  57.14%	  85.71%	  85.71%	  85.71%	  57.14%	  57.14%	  28.57%	  28.57%	  42.86%	  85.71%	  28.57%	  28.57%	  71.43%	  28.57%	  42.86%	  57.14%	  42.86%	  57.14%	  85.71%	  42.86%	  28.57%	  28.57%	  42.86%	  28.57%	  28.57%	  28.57%	  28.57%	  42.86%	  28.57%	  42.86%	  42.86%	  85.71%	  57.14%	  28.57%	  28.57%	  28.57%	  28.57%	  28.57%	  28.57%	  28.57%	  28.57%	  57.14%	  71.43%	  28.57%	  28.57%	  28.57%	  71.43%	  28.57%	  28.57%	  28.57%	  57.14%	  28.57%	  28.57%	  57.14%	  28.57%	  28.57%	  28.57%	  28.57%	  71.43%	  57.14%	  57.14%	  57.14%	  71.43%	  85.71%	 100.00%	  28.57%	  71.43%	  28.57%	  28.57%	  42.86%	  42.86%	  71.43%	  42.86%	  28.57%	  28.57%	  28.57%	  28.57%	  28.57%	  42.86%	  28.57%	  42.86%	  28.57%	  42.86%	  71.43%	  42.86%	  42.86%	  71.43%	  28.57%	  28.57%	  28.57%	  28.57%	  28.57%	  28.57%	  28.57%	  42.86%	  71.43%	  42.86%	  28.57%	  28.57%	  71.43%	  28.57%	 100.00%	  28.57%	  28.57%	 100.00%	  71.43%	  28.57%	  85.71%	  28.57%	  57.14%	  28.57%	  71.43%	  57.14%	  28.57%	  28.57%	  28.57%	  28.57%	  71.43%	  28.57%	  28.57%	  42.86%	  28.57%	  57.14%	  28.57%	  42.86%	  28.57%	  42.86%	  71.43%	  85.71%	  42.86%	  42.86%	  28.57%	  28.57%	  28.57%	  28.57%	  28.57%	  28.57%	  28.57%	  28.57%	  42.86%	  42.86%	  28.57%	  57.14%	  28.57%	  28.57%	  28.57%	  42.86%	  71.43%	  42.86%	  28.57%	
    f1   0.2222	  0.3636	  0.2222	  0.4167	  0.3636	  0.2222	  0.2222	  0.3000	  0.3636	  0.3000	  0.2222	  0.3000	  0.4615	  0.3636	  0.3636	  0.4615	  0.2222	  0.4167	  0.3636	  0.3636	  0.4615	  0.2222	  0.2222	  0.2222	  0.2222	  0.2222	  0.2222	  0.2222	  0.3000	  0.2222	  0.2222	  0.3000	  0.2222	  0.3636	  0.2222	  0.2222	  0.3636	  0.4615	  0.4167	  0.4167	  0.3636	  0.4167	  0.3636	  0.2778	  0.4167	  0.4615	  0.4615	  0.2222	  0.2222	  0.2222	  0.3636	  0.4167	  0.2222	  0.3000	  0.2222	  0.2222	  0.3000	  0.2222	  0.4167	  0.2222	  0.3000	  0.3636	  0.2222	  0.4167	  0.2222	  0.2222	  0.2222	  0.2222	  0.2222	  1.0000	  0.3636	  0.2222	  0.3636	  0.3636	  0.2222	  0.2222	  0.4167	  0.2222	  0.3000	  0.2222	  0.3636	  0.4167	  0.2222	  0.2222	  0.2222	  0.2222	  0.3000	  0.3000	  1.0000	  0.4167	  0.2222	  0.2424	  0.4615	  0.4615	  0.4615	  0.3636	  0.3636	  0.2222	  0.2222	  0.3000	  0.4615	  0.2222	  0.2222	  0.4167	  0.2222	  0.3000	  0.3636	  0.3000	  0.3636	  0.4615	  0.3000	  0.2222	  0.2222	  0.3000	  0.2222	  0.2222	  0.2222	  0.2222	  0.3000	  0.2222	  0.3000	  0.3000	  0.4615	  0.3636	  0.2222	  0.2222	  0.2222	  0.2222	  0.2222	  0.2222	  0.2222	  0.2222	  0.3636	  0.4167	  0.2222	  0.2222	  0.2222	  0.4167	  0.2222	  0.2222	  0.2222	  0.3636	  0.2222	  0.2222	  0.3636	  0.2222	  0.2222	  0.2222	  0.2222	  0.4167	  0.2424	  0.3636	  0.3636	  0.4167	  0.4615	  1.0000	  0.2222	  0.4167	  0.2222	  0.2222	  0.3000	  0.3000	  0.4167	  0.3000	  0.2222	  0.2222	  0.2222	  0.2222	  0.2222	  0.3000	  0.2222	  0.3000	  0.2222	  0.3000	  0.4167	  0.3000	  0.3000	  0.4167	  0.2222	  0.2222	  0.2222	  0.2222	  0.2222	  0.2222	  0.2222	  0.3000	  0.4167	  0.3000	  0.2222	  0.2222	  0.4167	  0.2222	  1.0000	  0.2222	  0.2222	  1.0000	  0.4167	  0.2222	  0.4615	  0.2222	  0.3636	  0.2222	  0.4167	  0.3636	  0.2222	  0.2222	  0.2222	  0.2222	  0.4167	  0.2222	  0.2222	  0.3000	  0.2222	  0.3636	  0.2222	  0.3000	  0.2222	  0.3000	  0.4167	  0.4615	  0.3000	  0.3000	  0.2222	  0.2222	  0.2222	  0.2222	  0.2222	  0.2222	  0.2222	  0.2222	  0.3000	  0.3000	  0.2222	  0.3636	  0.2222	  0.2222	  0.2222	  0.2000	  0.4167	  0.3000	  0.2222	
pred 0        0	       0	       0	       0	       0	       0	       0	       0	       0	       0	       0	       0	       0	       0	       0	       0	       0	       0	       0	       0	       0	       0	       0	       0	       0	       0	       0	       0	       0	       0	       0	       0	       0	       0	       0	       0	       0	       0	       0	       0	       0	       0	       0	       0	       0	       0	       0	       0	       0	       0	       0	       1	       0	       0	       0	       0	       0	       0	       0	       0	       0	       0	       0	       0	       0	       0	       0	       0	       0	       0	       0	       0	       0	       0	       0	       0	       0	       0	       0	       0	       0	       0	       0	       0	       0	       0	       0	       0	       0	       0	       0	       0	       0	       0	       0	       0	       0	       0	       0	       0	       0	       0	       0	       0	       0	       0	       0	       0	       0	       0	       0	       0	       0	       0	       0	       0	       0	       0	       0	       0	       0	       0	       0	       0	       0	       0	       0	       0	       0	       0	       0	       0	       0	       0	       0	       0	       0	       0	       0	       0	       0	       0	       0	       0	       0	       0	       0	       0	       0	       0	       0	       0	       0	       0	       0	       0	       0	       0	       0	       0	       0	       0	       0	       0	       0	       0	       0	       0	       0	       0	       0	       0	       0	       0	       0	       0	       0	       0	       0	       0	       0	       0	       0	       0	       0	       0	       0	       0	       0	       0	       0	       0	       0	       0	       0	       0	       0	       0	       0	       0	       0	       0	       0	       0	       0	       0	       0	       0	       0	       0	       0	       0	       0	       0	       0	       0	       0	       0	       0	       0	       0	       0	       0	       0	       0	       0	       0	       1	       1	       0	       0	       0	       0	       0	       0	       0	       0	       0	       0	       0	       0	
test 0        1	       1	       1	       1	       1	       1	       1	       1	       1	       1	       1	       1	       0	       1	       1	       1	       1	       1	       1	       1	       1	       1	       1	       1	       1	       1	       1	       1	       1	       1	       1	       1	       1	       1	       1	       1	       1	       0	       0	       1	       1	       1	       1	       0	       0	       0	       0	       1	       1	       1	       1	       1	       1	       1	       1	       1	       1	       1	       1	       1	       1	       1	       1	       0	       1	       1	       1	       1	       1	       0	       1	       1	       1	       1	       1	       1	       1	       1	       1	       1	       1	       1	       1	       1	       1	       1	       1	       1	       0	       1	       1	       1	       1	       1	       0	       0	       0	       1	       1	       1	       1	       1	       1	       1	       1	       1	       1	       1	       1	       1	       1	       1	       1	       1	       1	       1	       1	       1	       1	       1	       1	       1	       1	       1	       1	       1	       1	       1	       1	       1	       1	       1	       1	       1	       1	       1	       1	       1	       1	       1	       1	       1	       1	       1	       1	       1	       1	       1	       1	       0	       1	       0	       1	       1	       1	       0	       1	       1	       1	       1	       1	       1	       1	       1	       1	       1	       1	       1	       1	       1	       1	       1	       1	       1	       1	       1	       1	       1	       1	       1	       1	       1	       1	       1	       1	       1	       1	       1	       1	       1	       1	       1	       0	       1	       1	       0	       1	       1	       1	       1	       1	       1	       1	       1	       1	       1	       1	       1	       1	       1	       1	       1	       1	       1	       1	       1	       1	       1	       1	       1	       1	       1	       1	       1	       1	       1	       1	       1	       1	       1	       1	       1	       1	       1	       1	       1	       1	       1	       1	       1	       1	
pred 1        0	       0	       0	       0	       0	       0	       0	       0	       0	       0	       0	       0	       0	       0	       0	       0	       0	       0	       0	       0	       0	       0	       0	       0	       0	       0	       0	       0	       0	       0	       0	       0	       0	       0	       0	       0	       0	       0	       0	       0	       0	       0	       0	       0	       0	       0	       0	       0	       0	       0	       0	       1	       0	       0	       0	       0	       0	       0	       0	       0	       0	       0	       0	       0	       0	       0	       0	       0	       0	       0	       0	       0	       0	       0	       0	       0	       0	       0	       0	       0	       0	       0	       0	       0	       0	       0	       0	       0	       0	       0	       0	       0	       0	       0	       0	       0	       0	       0	       0	       0	       0	       0	       0	       0	       0	       0	       0	       0	       0	       0	       0	       0	       0	       0	       0	       0	       0	       0	       0	       0	       0	       0	       0	       0	       0	       0	       0	       0	       0	       0	       0	       0	       0	       0	       0	       0	       0	       0	       0	       0	       0	       0	       0	       0	       0	       0	       0	       0	       0	       0	       0	       0	       0	       0	       0	       0	       0	       0	       0	       0	       0	       0	       0	       0	       0	       0	       0	       0	       0	       0	       0	       0	       0	       0	       0	       0	       0	       0	       0	       0	       0	       0	       0	       0	       0	       0	       0	       0	       0	       0	       0	       0	       0	       0	       0	       0	       0	       0	       0	       0	       0	       0	       0	       0	       0	       0	       0	       0	       0	       0	       0	       0	       0	       0	       0	       0	       0	       0	       0	       0	       0	       0	       0	       0	       0	       0	       0	       1	       1	       0	       0	       0	       0	       0	       0	       0	       0	       0	       0	       0	       0	
test 1        1	       1	       1	       1	       1	       1	       1	       1	       1	       1	       1	       1	       0	       1	       1	       0	       1	       1	       1	       1	       0	       1	       1	       1	       1	       1	       1	       1	       1	       1	       1	       1	       1	       1	       1	       1	       1	       1	       1	       1	       1	       1	       1	       1	       0	       0	       1	       1	       1	       1	       1	       1	       1	       1	       1	       1	       1	       1	       1	       1	       1	       1	       1	       0	       1	       1	       1	       1	       1	       0	       1	       1	       1	       1	       1	       1	       1	       1	       1	       1	       1	       1	       1	       1	       1	       1	       1	       1	       0	       1	       1	       0	       0	       0	       0	       0	       0	       1	       1	       1	       0	       1	       1	       1	       1	       1	       1	       1	       1	       0	       1	       1	       1	       1	       1	       1	       1	       1	       1	       1	       1	       1	       0	       1	       1	       1	       1	       1	       1	       1	       1	       1	       1	       0	       1	       1	       1	       1	       1	       1	       1	       1	       1	       1	       1	       1	       1	       1	       1	       0	       0	       0	       1	       1	       0	       0	       1	       1	       1	       1	       1	       1	       0	       1	       1	       1	       1	       1	       1	       1	       1	       1	       1	       1	       1	       1	       1	       0	       1	       1	       1	       1	       1	       1	       1	       1	       1	       1	       1	       1	       1	       1	       0	       1	       1	       0	       1	       1	       0	       1	       1	       1	       1	       1	       1	       1	       1	       1	       1	       1	       1	       1	       1	       1	       1	       1	       1	       1	       1	       0	       1	       1	       1	       1	       1	       1	       1	       0	       1	       1	       1	       1	       1	       1	       1	       1	       1	       1	       1	       1	       1	
pred 2        0	       0	       0	       0	       0	       0	       0	       0	       0	       0	       0	       0	       0	       0	       0	       0	       0	       0	       0	       0	       0	       0	       0	       0	       0	       0	       0	       0	       0	       0	       0	       0	       0	       0	       0	       0	       0	       0	       0	       0	       0	       0	       0	       0	       0	       0	       0	       0	       0	       0	       0	       1	       0	       0	       0	       0	       0	       0	       0	       0	       0	       0	       0	       0	       0	       0	       0	       0	       0	       0	       0	       0	       0	       0	       0	       0	       0	       0	       0	       0	       0	       0	       0	       0	       0	       0	       0	       0	       0	       0	       0	       0	       0	       0	       0	       0	       0	       0	       0	       0	       0	       0	       0	       0	       0	       0	       0	       0	       0	       0	       0	       0	       0	       0	       0	       0	       0	       0	       0	       0	       0	       0	       0	       0	       0	       0	       0	       0	       0	       0	       0	       0	       0	       0	       0	       0	       0	       0	       0	       0	       0	       0	       0	       0	       0	       0	       0	       0	       0	       0	       0	       0	       0	       0	       0	       0	       0	       0	       0	       0	       0	       0	       0	       0	       0	       0	       0	       0	       0	       0	       0	       0	       0	       0	       0	       0	       0	       0	       0	       0	       0	       0	       0	       0	       0	       0	       0	       0	       0	       0	       0	       0	       0	       0	       0	       0	       0	       0	       0	       0	       0	       0	       0	       0	       0	       0	       0	       0	       0	       0	       0	       0	       0	       0	       0	       0	       0	       0	       0	       0	       0	       0	       0	       0	       0	       0	       0	       1	       1	       0	       0	       0	       0	       0	       0	       0	       0	       0	       0	       0	       0	
test 2        1	       0	       1	       0	       1	       1	       1	       1	       1	       1	       1	       0	       0	       0	       0	       0	       1	       0	       1	       0	       0	       1	       1	       1	       1	       1	       1	       1	       1	       1	       1	       0	       1	       0	       1	       1	       0	       0	       0	       0	       0	       0	       0	       0	      -1	       0	       0	       1	       1	       1	       0	       1	       1	       1	       1	       1	       1	       1	       0	       1	       0	       0	       1	      -1	       1	       1	       1	       1	       1	       0	       0	       1	       0	       1	       1	       1	       0	       1	       1	       1	       0	       0	       1	       1	       1	       1	       1	       1	       0	       0	       1	       0	       0	       0	       0	      -1	      -1	       1	       1	       0	       0	       1	       1	       0	       1	       1	       0	       1	       0	       0	       1	       1	       1	       0	       1	       1	       1	       1	       1	       1	       1	       1	       0	       1	       1	       1	       1	       1	       1	       1	       1	       1	       0	       1	       1	       1	       1	       0	       1	       1	       1	       0	       1	       1	       0	       1	       1	       1	       1	       0	      -1	      -1	       0	       0	       0	       0	       1	       0	       1	       1	       1	       0	       0	       1	       1	       1	       1	       1	       1	       1	       1	       0	       1	       0	       0	       0	       1	       0	       1	       1	       1	       1	       1	       1	       1	       1	       0	       1	       1	       1	       0	       1	       0	       1	       1	       0	       0	       1	       0	       1	       0	       1	       0	       0	       1	       1	       1	       1	       0	       1	       1	       1	       1	       0	       1	       1	       1	       1	       0	       0	       1	       0	       1	       1	       1	       1	       1	       0	       0	       1	       1	       0	       1	       0	       1	       1	       1	      -1	       0	       0	       1	
pred 3        0	       0	       0	       0	       0	       0	       0	       0	       0	       0	       0	       0	       0	       0	       0	       0	       0	       0	       0	       0	       0	       0	       0	       0	       0	       0	       0	       0	       0	       0	       0	       0	       0	       0	       0	       0	       0	       0	       0	       0	       0	       0	       0	       0	       0	       0	       0	       0	       0	       0	       0	       1	       0	       0	       0	       0	       0	       0	       0	       0	       0	       0	       0	       0	       0	       0	       0	       0	       0	       0	       0	       0	       0	       0	       0	       0	       0	       0	       0	       0	       0	       0	       0	       0	       0	       0	       0	       0	       0	       0	       0	       0	       0	       0	       0	       0	       0	       0	       0	       0	       0	       0	       0	       0	       0	       0	       0	       0	       0	       0	       0	       0	       0	       0	       0	       0	       0	       0	       0	       0	       0	       0	       0	       0	       0	       0	       0	       0	       0	       0	       0	       0	       0	       0	       0	       0	       0	       0	       0	       0	       0	       0	       0	       0	       0	       0	       0	       0	       0	       0	       0	       0	       0	       0	       0	       0	       0	       0	       0	       0	       0	       0	       0	       0	       0	       0	       0	       0	       0	       0	       0	       0	       0	       0	       0	       0	       0	       0	       0	       0	       0	       0	       0	       0	       0	       0	       0	       0	       0	       0	       0	       0	       0	       0	       0	       0	       0	       0	       0	       0	       0	       0	       0	       0	       0	       0	       0	       0	       0	       0	       0	       0	       0	       0	       0	       0	       0	       0	       0	       0	       0	       0	       0	       0	       0	       0	       0	       1	       1	       0	       0	       0	       0	       0	       0	       0	       0	       0	       0	       0	       0	
test 3        1	       1	       1	       0	       0	       1	       1	       0	       0	       0	       1	       1	       1	       0	       1	       0	       1	       0	       0	       0	       0	       1	       1	       1	       1	       1	       1	       1	       0	       1	       1	       1	       1	       1	       1	       1	       1	       0	       0	       0	       0	       0	       0	       0	      -1	      -1	       0	       1	       1	       1	       0	       1	       1	       0	       1	       1	       0	       1	       0	       1	       1	       1	       1	      -1	       1	       1	       1	       1	       1	       0	       1	       1	       1	       0	       1	       1	       0	       1	       0	       1	       0	       0	       1	       1	       1	       1	       1	       1	       0	       0	       1	      -1	       0	       0	       0	      -1	      -1	       1	       1	       1	       0	       1	       1	       0	       1	       0	       0	       0	       0	       0	       0	       1	       1	       1	       1	       1	       1	       1	       1	       1	       0	       0	       0	       0	       1	       1	       1	       1	       1	       1	       1	       1	       1	       0	       1	       1	       1	       0	       1	       1	       1	       1	       1	       1	       1	       1	       1	       1	       1	      -1	       0	      -1	       0	       0	       0	       0	       1	       0	       1	       1	       0	       1	       1	       1	       1	       1	       1	       1	       1	       0	       1	       1	       1	       1	       0	       1	       0	       0	       1	       1	       1	       1	       1	       1	       1	       0	       0	       1	       1	       1	       0	       1	       0	       1	       1	       0	       0	       1	       0	       1	       1	       1	       0	       1	       1	       1	       1	       1	       0	       1	       1	       0	       1	       1	       1	       0	       1	       0	       0	       0	       0	       1	       1	       1	       1	       1	       1	       0	       0	       1	       0	       1	       1	       0	       1	       1	       1	       0	       0	       1	       1	
pred 4        0	       0	       0	       0	       0	       0	       0	       0	       0	       0	       0	       0	       0	       0	       0	       0	       0	       0	       0	       0	       0	       0	       0	       0	       0	       0	       0	       0	       0	       0	       0	       0	       0	       0	       0	       0	       0	       0	       0	       0	       0	       0	       0	       0	       0	       0	       0	       0	       0	       0	       0	       1	       0	       0	       0	       0	       0	       0	       0	       0	       0	       0	       0	       0	       0	       0	       0	       0	       0	       0	       0	       0	       0	       0	       0	       0	       0	       0	       0	       0	       0	       0	       0	       0	       0	       0	       0	       0	       0	       0	       0	       0	       0	       0	       0	       0	       0	       0	       0	       0	       0	       0	       0	       0	       0	       0	       0	       0	       0	       0	       0	       0	       0	       0	       0	       0	       0	       0	       0	       0	       0	       0	       0	       0	       0	       0	       0	       0	       0	       0	       0	       0	       0	       0	       0	       0	       0	       0	       0	       0	       0	       0	       0	       0	       0	       0	       0	       0	       0	       0	       0	       0	       0	       0	       0	       0	       0	       0	       0	       0	       0	       0	       0	       0	       0	       0	       0	       0	       0	       0	       0	       0	       0	       0	       0	       0	       0	       0	       0	       0	       0	       0	       0	       0	       0	       0	       0	       0	       0	       0	       0	       0	       0	       0	       0	       0	       0	       0	       0	       0	       0	       0	       0	       0	       0	       0	       0	       0	       0	       0	       0	       0	       0	       0	       0	       0	       0	       0	       0	       0	       0	       0	       0	       0	       0	       0	       0	       1	       1	       0	       0	       0	       0	       0	       0	       0	       0	       0	       0	       0	       0	
test 4        1	       0	       1	       0	       0	       1	       1	       1	       0	       1	       1	       1	       0	       1	       0	       0	       1	       0	       0	       1	       0	       1	       1	       1	       1	       1	       1	       1	       1	       1	       1	       1	       1	       0	       1	       1	       0	       0	       1	       0	       1	       0	       1	      -1	       0	       0	       0	       1	       1	       1	       1	       1	       1	       1	       1	       1	       1	       1	       0	       1	       1	       0	       1	       0	       1	       1	       1	       1	       1	       0	       0	       1	       0	       0	       1	       1	       0	       1	       1	       1	       1	       0	       1	       1	       1	       1	       0	       0	       0	       0	       1	      -1	       0	       0	      -1	      -1	      -1	       1	       1	       1	       0	       1	       1	       0	       1	       1	       1	       1	       1	       0	       1	       1	       1	       1	       1	       1	       1	       1	       0	       1	       1	       1	       0	       0	       1	       1	       1	       1	       1	       1	       1	       1	       0	       0	       1	       1	       1	       0	       1	       1	       1	       0	       1	       1	       0	       1	       1	       1	       1	      -1	      -1	      -1	       1	       0	       0	       0	       1	       0	       1	       1	       1	       1	       0	       0	       1	       1	       1	       1	       1	       1	       1	       1	       1	       1	       0	       1	       1	       1	       1	       1	       1	       1	       1	       1	       1	       1	       0	       0	       1	       1	       0	       1	       0	       1	       1	       0	       0	       1	       0	       1	       0	       1	       0	       0	       1	       1	       1	       1	       0	       1	       1	       1	       1	       0	       1	       1	       1	       1	       0	       0	       1	       1	       1	       1	       1	       1	       1	       1	       0	       1	       1	       1	       1	       1	       1	       1	       1	       1	       0	       1	       1	
pred 5        0	       0	       0	       0	       0	       0	       0	       0	       0	       0	       0	       0	       0	       0	       0	       0	       0	       0	       0	       0	       0	       0	       0	       0	       0	       0	       0	       0	       0	       0	       0	       0	       0	       0	       0	       0	       0	       0	       0	       0	       0	       0	       0	       0	       0	       0	       0	       0	       0	       0	       0	       1	       0	       0	       0	       0	       0	       0	       0	       0	       0	       0	       0	       0	       0	       0	       0	       0	       0	       0	       0	       0	       0	       0	       0	       0	       0	       0	       0	       0	       0	       0	       0	       0	       0	       0	       0	       0	       0	       0	       0	       0	       0	       0	       0	       0	       0	       0	       0	       0	       0	       0	       0	       0	       0	       0	       0	       0	       0	       0	       0	       0	       0	       0	       0	       0	       0	       0	       0	       0	       0	       0	       0	       0	       0	       0	       0	       0	       0	       0	       0	       0	       0	       0	       0	       0	       0	       0	       0	       0	       0	       0	       0	       0	       0	       0	       0	       0	       0	       0	       0	       0	       0	       0	       0	       0	       0	       0	       0	       0	       0	       0	       0	       0	       0	       0	       0	       0	       0	       0	       0	       0	       0	       0	       0	       0	       0	       0	       0	       0	       0	       0	       0	       0	       0	       0	       0	       0	       0	       0	       0	       0	       0	       0	       0	       0	       0	       0	       0	       0	       0	       0	       0	       0	       0	       0	       0	       0	       0	       0	       0	       0	       0	       0	       0	       0	       0	       0	       0	       0	       0	       0	       0	       0	       0	       0	       0	       1	       1	       0	       0	       0	       0	       0	       0	       0	       0	       0	       0	       0	       0	
test 5        0	       0	       0	       0	       0	       0	       0	       0	       0	       0	       0	       0	       0	       0	       0	       0	       0	       0	       0	       0	       0	       0	       0	       0	       0	       0	       0	       0	       0	       0	       0	       0	       0	       0	       0	       0	       0	       0	       0	       0	       0	       0	       0	       0	       0	       0	       0	       0	       0	       0	       0	       0	       0	       0	       0	       0	       0	       0	       0	       0	       0	       0	       0	       0	       0	       0	       0	       0	       0	       0	       0	       0	       0	       0	       0	       0	       0	       0	       0	       0	       0	       0	       0	       0	       0	       0	       0	       0	       0	       0	       0	       0	       0	       0	       0	       0	       0	       0	       0	       0	       0	       0	       0	       0	       0	       0	       0	       0	       0	       0	       0	       0	       0	       0	       0	       0	       0	       0	       0	       0	       0	       0	       0	       0	       0	       0	       0	       0	       0	       0	       0	       0	       0	       0	       0	       0	       0	       0	       0	       0	       0	       0	       0	       0	       0	       0	       0	       0	       0	       0	       0	       0	       0	       0	       0	       0	       0	       0	       0	       0	       0	       0	       0	       0	       0	       0	       0	       0	       0	       0	       0	       0	       0	       0	       0	       0	       0	       0	       0	       0	       0	       0	       0	       0	       0	       0	       0	       0	       0	       0	       0	       0	       0	       0	       0	       0	       0	       0	       0	       0	       0	       0	       0	       0	       0	       0	       0	       0	       0	       0	       0	       0	       0	       0	       0	       0	       0	       0	       0	       0	       0	       0	       0	       0	       0	       0	       0	       0	       0	       0	       0	       0	       0	       0	       0	       0	       0	       0	       0	       0	       0	
pred 6        0	       0	       0	       0	       0	       0	       0	       0	       0	       0	       0	       0	       0	       0	       0	       0	       0	       0	       0	       0	       0	       0	       0	       0	       0	       0	       0	       0	       0	       0	       0	       0	       0	       0	       0	       0	       0	       0	       0	       0	       0	       0	       0	       0	       0	       0	       0	       0	       0	       0	       0	       1	       0	       0	       0	       0	       0	       0	       0	       0	       0	       0	       0	       0	       0	       0	       0	       0	       0	       0	       0	       0	       0	       0	       0	       0	       0	       0	       0	       0	       0	       0	       0	       0	       0	       0	       0	       0	       0	       0	       0	       0	       0	       0	       0	       0	       0	       0	       0	       0	       0	       0	       0	       0	       0	       0	       0	       0	       0	       0	       0	       0	       0	       0	       0	       0	       0	       0	       0	       0	       0	       0	       0	       0	       0	       0	       0	       0	       0	       0	       0	       0	       0	       0	       0	       0	       0	       0	       0	       0	       0	       0	       0	       0	       0	       0	       0	       0	       0	       0	       0	       0	       0	       0	       0	       0	       0	       0	       0	       0	       0	       0	       0	       0	       0	       0	       0	       0	       0	       0	       0	       0	       0	       0	       0	       0	       0	       0	       0	       0	       0	       0	       0	       0	       0	       0	       0	       0	       0	       0	       0	       0	       0	       0	       0	       0	       0	       0	       0	       0	       0	       0	       0	       0	       0	       0	       0	       0	       0	       0	       0	       0	       0	       0	       0	       0	       0	       0	       0	       0	       0	       0	       0	       0	       0	       0	       0	       1	       1	       0	       0	       0	       0	       0	       0	       0	       0	       0	       0	       0	       0	
test 6        0	       0	       0	       0	       0	       0	       0	       0	       0	       0	       0	       0	       0	       0	       0	       0	       0	       0	       0	       0	       0	       0	       0	       0	       0	       0	       0	       0	       0	       0	       0	       0	       0	       0	       0	       0	       0	       0	       0	       0	       0	       0	       0	       0	       0	       0	       0	       0	       0	       0	       0	       0	       0	       0	       0	       0	       0	       0	       0	       0	       0	       0	       0	       0	       0	       0	       0	       0	       0	       0	       0	       0	       0	       0	       0	       0	       0	       0	       0	       0	       0	       0	       0	       0	       0	       0	       0	       0	       0	       0	       0	       0	       0	       0	       0	       0	       0	       0	       0	       0	       0	       0	       0	       0	       0	       0	       0	       0	       0	       0	       0	       0	       0	       0	       0	       0	       0	       0	       0	       0	       0	       0	       0	       0	       0	       0	       0	       0	       0	       0	       0	       0	       0	       0	       0	       0	       0	       0	       0	       0	       0	       0	       0	       0	       0	       0	       0	       0	       0	       0	       0	       0	       0	       0	       0	       0	       0	       0	       0	       0	       0	       0	       0	       0	       0	       0	       0	       0	       0	       0	       0	       0	       0	       0	       0	       0	       0	       0	       0	       0	       0	       0	       0	       0	       0	       0	       0	       0	       0	       0	       0	       0	       0	       0	       0	       0	       0	       0	       0	       0	       0	       0	       0	       0	       0	       0	       0	       0	       0	       0	       0	       0	       0	       0	       0	       0	       0	       0	       0	       0	       0	       0	       0	       0	       0	       0	       0	       0	       0	       0	       0	       0	       0	       0	       0	       0	       0	       0	       0	       0	       0	
------
confusion matrix:
[[  0  23   0]
 [  0 749  12]
 [  0 894   9]]
macro f1: 0.212234476140533
micro f1: 0.44931831653823356
weighted f1: 0.018140437081456184
class -1 f1: 0.0
class  0 f1: 0.6172229089410796
class  1 f1: 0.01948051948051948
average label-wise acc: 44.93%


ABL loop 1
--------------------
label        0	       1	       2	       3	       4	       5	       6	       7	       8	       9	      10	      11	      12	      13	      14	      15	      16	      17	      18	      19	      20	      21	      22	      23	      24	      25	      26	      27	      28	      29	      30	      31	      32	      33	      34	      35	      36	      37	      38	      39	      40	      41	      42	      43	      44	      45	      46	      47	      48	      49	      50	      51	      52	      53	      54	      55	      56	      57	      58	      59	      60	      61	      62	      63	      64	      65	      66	      67	      68	      69	      70	      71	      72	      73	      74	      75	      76	      77	      78	      79	      80	      81	      82	      83	      84	      85	      86	      87	      88	      89	      90	      91	      92	      93	      94	      95	      96	      97	      98	      99	     100	     101	     102	     103	     104	     105	     106	     107	     108	     109	     110	     111	     112	     113	     114	     115	     116	     117	     118	     119	     120	     121	     122	     123	     124	     125	     126	     127	     128	     129	     130	     131	     132	     133	     134	     135	     136	     137	     138	     139	     140	     141	     142	     143	     144	     145	     146	     147	     148	     149	     150	     151	     152	     153	     154	     155	     156	     157	     158	     159	     160	     161	     162	     163	     164	     165	     166	     167	     168	     169	     170	     171	     172	     173	     174	     175	     176	     177	     178	     179	     180	     181	     182	     183	     184	     185	     186	     187	     188	     189	     190	     191	     192	     193	     194	     195	     196	     197	     198	     199	     200	     201	     202	     203	     204	     205	     206	     207	     208	     209	     210	     211	     212	     213	     214	     215	     216	     217	     218	     219	     220	     221	     222	     223	     224	     225	     226	     227	     228	     229	     230	     231	     232	     233	     234	     235	     236	     237	     238	     239	     240	
   acc   28.57%	   0.00%	  28.57%	  71.43%	  57.14%	  28.57%	  28.57%	   0.00%	  57.14%	  42.86%	  28.57%	  57.14%	  85.71%	  42.86%	  57.14%	  85.71%	  28.57%	   0.00%	   0.00%	   0.00%	   0.00%	  28.57%	  71.43%	  71.43%	  28.57%	   0.00%	  71.43%	  28.57%	  42.86%	  28.57%	  28.57%	   0.00%	  28.57%	  57.14%	  28.57%	  28.57%	  57.14%	  85.71%	  71.43%	  71.43%	  57.14%	   0.00%	  57.14%	  71.43%	  71.43%	   0.00%	  85.71%	  28.57%	  28.57%	   0.00%	  57.14%	   0.00%	  28.57%	  42.86%	  28.57%	  28.57%	  42.86%	   0.00%	   0.00%	  28.57%	  57.14%	  57.14%	   0.00%	   0.00%	  28.57%	  28.57%	  28.57%	  28.57%	  28.57%	   0.00%	  57.14%	  71.43%	  57.14%	  57.14%	  28.57%	  28.57%	  28.57%	  28.57%	  57.14%	  28.57%	  57.14%	  28.57%	  28.57%	  28.57%	  71.43%	  28.57%	  57.14%	  42.86%	 100.00%	  71.43%	  28.57%	  57.14%	  85.71%	  14.29%	  14.29%	  57.14%	  57.14%	  71.43%	  28.57%	  42.86%	  85.71%	  28.57%	   0.00%	   0.00%	  71.43%	  42.86%	  57.14%	  42.86%	  57.14%	  14.29%	  42.86%	  28.57%	  28.57%	  42.86%	  28.57%	  28.57%	  28.57%	   0.00%	  57.14%	  28.57%	  42.86%	  42.86%	  85.71%	   0.00%	   0.00%	  71.43%	  28.57%	  28.57%	  28.57%	  28.57%	  28.57%	  28.57%	  57.14%	  71.43%	  28.57%	  71.43%	  28.57%	  71.43%	  28.57%	  71.43%	  28.57%	  57.14%	  28.57%	  28.57%	  57.14%	  28.57%	  71.43%	  28.57%	  28.57%	  71.43%	  28.57%	  57.14%	  57.14%	  28.57%	   0.00%	 100.00%	  28.57%	   0.00%	  28.57%	  71.43%	  42.86%	   0.00%	  71.43%	  42.86%	  28.57%	   0.00%	  28.57%	   0.00%	  28.57%	   0.00%	  28.57%	  57.14%	  28.57%	  42.86%	  28.57%	  42.86%	   0.00%	  28.57%	  71.43%	  28.57%	  28.57%	  28.57%	  28.57%	  28.57%	   0.00%	  42.86%	  71.43%	  57.14%	  28.57%	  28.57%	   0.00%	  28.57%	 100.00%	  28.57%	  28.57%	 100.00%	  71.43%	  28.57%	  85.71%	   0.00%	  57.14%	  28.57%	  71.43%	  57.14%	  28.57%	  71.43%	  71.43%	  28.57%	  71.43%	  28.57%	   0.00%	  42.86%	  28.57%	  57.14%	   0.00%	  42.86%	   0.00%	  42.86%	  71.43%	  85.71%	  42.86%	  57.14%	  28.57%	   0.00%	  28.57%	  28.57%	  28.57%	  71.43%	   0.00%	  28.57%	  42.86%	   0.00%	   0.00%	  42.86%	  28.57%	  28.57%	  28.57%	  14.29%	   0.00%	   0.00%	  28.57%	
    f1   0.2222	  0.0000	  0.2222	  0.4167	  0.3636	  0.2222	  0.2222	  0.0000	  0.3636	  0.3000	  0.2222	  0.3636	  0.4615	  0.3000	  0.3636	  0.4615	  0.2222	  0.0000	  0.0000	  0.0000	  0.0000	  0.2222	  0.4167	  0.4167	  0.2222	  0.0000	  0.4167	  0.2222	  0.3000	  0.2222	  0.2222	  0.0000	  0.2222	  0.3636	  0.2222	  0.2222	  0.3636	  0.4615	  0.4167	  0.4167	  0.3636	  0.0000	  0.3636	  0.2778	  0.4167	  0.0000	  0.4615	  0.2222	  0.2222	  0.0000	  0.3636	  0.0000	  0.2222	  0.3000	  0.2222	  0.2222	  0.3000	  0.0000	  0.0000	  0.2222	  0.3636	  0.3636	  0.0000	  0.0000	  0.2222	  0.2222	  0.2222	  0.2222	  0.2222	  0.0000	  0.3636	  0.4167	  0.3636	  0.3636	  0.2222	  0.2222	  0.2222	  0.2222	  0.3636	  0.2222	  0.3636	  0.2222	  0.2222	  0.2222	  0.4167	  0.2222	  0.3636	  0.3000	  1.0000	  0.4167	  0.2222	  0.2424	  0.4615	  0.1250	  0.1250	  0.3636	  0.3636	  0.4167	  0.2222	  0.3000	  0.4615	  0.2222	  0.0000	  0.0000	  0.4167	  0.3000	  0.3636	  0.3000	  0.3636	  0.1250	  0.3000	  0.2222	  0.2222	  0.3000	  0.2222	  0.2222	  0.2222	  0.0000	  0.3636	  0.2222	  0.3000	  0.3000	  0.4615	  0.0000	  0.0000	  0.4167	  0.2222	  0.2222	  0.2222	  0.2222	  0.2222	  0.2222	  0.3636	  0.4167	  0.2222	  0.4167	  0.2222	  0.4167	  0.2222	  0.4167	  0.2222	  0.3636	  0.2222	  0.2222	  0.3636	  0.2222	  0.4167	  0.2222	  0.2222	  0.4167	  0.1481	  0.3636	  0.3636	  0.2222	  0.0000	  1.0000	  0.2222	  0.0000	  0.2222	  0.4167	  0.3000	  0.0000	  0.4167	  0.3000	  0.2222	  0.0000	  0.2222	  0.0000	  0.2222	  0.0000	  0.2222	  0.3636	  0.2222	  0.3000	  0.2222	  0.3000	  0.0000	  0.2222	  0.4167	  0.2222	  0.2222	  0.2222	  0.2222	  0.2222	  0.0000	  0.3000	  0.4167	  0.3636	  0.2222	  0.2222	  0.0000	  0.2222	  1.0000	  0.2222	  0.2222	  1.0000	  0.4167	  0.2222	  0.4615	  0.0000	  0.3636	  0.2222	  0.4167	  0.3636	  0.2222	  0.4167	  0.4167	  0.2222	  0.4167	  0.2222	  0.0000	  0.3000	  0.2222	  0.3636	  0.0000	  0.3000	  0.0000	  0.3000	  0.4167	  0.4615	  0.3000	  0.3636	  0.2222	  0.0000	  0.2222	  0.2222	  0.2222	  0.4167	  0.0000	  0.2222	  0.3000	  0.0000	  0.0000	  0.3000	  0.2222	  0.2222	  0.2222	  0.0833	  0.0000	  0.0000	  0.2222	
pred 0        0	      -1	       0	       0	       0	       0	       0	      -1	       0	       0	       0	       1	       0	       1	       0	       0	       0	      -1	      -1	      -1	      -1	       0	       1	       1	       0	      -1	       1	       0	       0	       0	       0	      -1	       0	       0	       0	       0	       0	       0	       0	       0	       0	      -1	       0	       0	       0	       1	       0	       0	       0	      -1	       0	      -1	       0	       0	       0	       0	       0	      -1	      -1	       0	       1	       0	      -1	       1	       0	       0	       0	       0	       0	       1	       0	       1	       0	       0	       0	       0	       1	       0	       1	       0	       0	       1	       0	       0	       1	       0	       1	       0	       0	       0	       0	       0	       0	       1	      -1	       0	       0	       1	       0	       0	       0	       0	      -1	      -1	       1	       0	       0	       0	       0	       1	       0	       0	       0	       0	       0	       0	       0	      -1	       1	       0	       0	       0	       0	      -1	      -1	       1	       0	       0	       0	       0	       0	       0	       0	       0	       0	       1	       0	       0	       0	       1	       0	       0	       0	       0	       0	       0	       1	       0	       0	       0	      -1	       0	       0	       1	      -1	       0	       0	      -1	       0	       1	       0	      -1	       0	       0	       0	      -1	       0	      -1	       0	      -1	       0	       1	       0	       0	       1	       0	      -1	       1	       1	       0	       0	       0	       0	       0	      -1	       0	       0	       1	       0	       0	      -1	       0	       0	       0	       0	       0	       0	       0	       0	      -1	       0	       0	       0	       0	       0	       1	       1	       0	       0	       0	      -1	       0	       0	       0	      -1	       0	      -1	       0	       0	       0	       0	       1	       0	      -1	       0	       0	       0	       0	      -1	       0	       0	      -1	      -1	       1	       0	       0	       0	      -1	      -1	      -1	       0	
test 0        1	       1	       1	       1	       1	       1	       1	       1	       1	       1	       1	       1	       0	       1	       1	       1	       1	       1	       1	       1	       1	       1	       1	       1	       1	       1	       1	       1	       1	       1	       1	       1	       1	       1	       1	       1	       1	       0	       0	       1	       1	       1	       1	       0	       0	       0	       0	       1	       1	       1	       1	       1	       1	       1	       1	       1	       1	       1	       1	       1	       1	       1	       1	       0	       1	       1	       1	       1	       1	       0	       1	       1	       1	       1	       1	       1	       1	       1	       1	       1	       1	       1	       1	       1	       1	       1	       1	       1	       0	       1	       1	       1	       1	       1	       0	       0	       0	       1	       1	       1	       1	       1	       1	       1	       1	       1	       1	       1	       1	       1	       1	       1	       1	       1	       1	       1	       1	       1	       1	       1	       1	       1	       1	       1	       1	       1	       1	       1	       1	       1	       1	       1	       1	       1	       1	       1	       1	       1	       1	       1	       1	       1	       1	       1	       1	       1	       1	       1	       1	       0	       1	       0	       1	       1	       1	       0	       1	       1	       1	       1	       1	       1	       1	       1	       1	       1	       1	       1	       1	       1	       1	       1	       1	       1	       1	       1	       1	       1	       1	       1	       1	       1	       1	       1	       1	       1	       1	       1	       1	       1	       1	       1	       0	       1	       1	       0	       1	       1	       1	       1	       1	       1	       1	       1	       1	       1	       1	       1	       1	       1	       1	       1	       1	       1	       1	       1	       1	       1	       1	       1	       1	       1	       1	       1	       1	       1	       1	       1	       1	       1	       1	       1	       1	       1	       1	       1	       1	       1	       1	       1	       1	
pred 1        0	      -1	       0	       0	       0	       0	       0	      -1	       0	       0	       0	       1	       0	       1	       0	       0	       0	      -1	      -1	      -1	      -1	       0	       1	       1	       0	      -1	       1	       0	       0	       0	       0	      -1	       0	       0	       0	       0	       0	       0	       0	       0	       0	      -1	       0	       0	       0	       1	       0	       0	       0	      -1	       0	      -1	       0	       0	       0	       0	       0	      -1	      -1	       0	       1	       0	      -1	       1	       0	       0	       0	       0	       0	       1	       0	       1	       0	       0	       0	       0	       1	       0	       1	       0	       0	       1	       0	       0	       1	       0	       1	       0	       0	       0	       0	       0	       0	       1	      -1	       0	       0	       1	       0	       0	       0	       0	      -1	      -1	       1	       0	       0	       0	       0	       1	       0	       0	       0	       0	       0	       0	       0	      -1	       1	       0	       0	       0	       0	      -1	      -1	       1	       0	       0	       0	       0	       0	       0	       0	       0	       0	       1	       0	       0	       0	       1	       0	       0	       0	       0	       0	       0	       1	       0	       0	       0	      -1	       0	       0	       1	      -1	       0	       0	      -1	       0	       1	       0	      -1	       0	       0	       0	      -1	       0	      -1	       0	      -1	       0	       1	       0	       0	       1	       0	      -1	       1	       1	       0	       0	       0	       0	       0	      -1	       0	       0	       1	       0	       0	      -1	       0	       0	       0	       0	       0	       0	       0	       0	      -1	       0	       0	       0	       0	       0	       1	       1	       0	       0	       0	      -1	       0	       0	       0	      -1	       0	      -1	       0	       0	       0	       0	       1	       0	      -1	       0	       0	       0	       0	      -1	       0	       0	      -1	      -1	       1	       0	       0	       0	      -1	      -1	      -1	       0	
test 1        1	       1	       1	       1	       1	       1	       1	       1	       1	       1	       1	       1	       0	       1	       1	       0	       1	       1	       1	       1	       0	       1	       1	       1	       1	       1	       1	       1	       1	       1	       1	       1	       1	       1	       1	       1	       1	       1	       1	       1	       1	       1	       1	       1	       0	       0	       1	       1	       1	       1	       1	       1	       1	       1	       1	       1	       1	       1	       1	       1	       1	       1	       1	       0	       1	       1	       1	       1	       1	       0	       1	       1	       1	       1	       1	       1	       1	       1	       1	       1	       1	       1	       1	       1	       1	       1	       1	       1	       0	       1	       1	       0	       0	       0	       0	       0	       0	       1	       1	       1	       0	       1	       1	       1	       1	       1	       1	       1	       1	       0	       1	       1	       1	       1	       1	       1	       1	       1	       1	       1	       1	       1	       0	       1	       1	       1	       1	       1	       1	       1	       1	       1	       1	       0	       1	       1	       1	       1	       1	       1	       1	       1	       1	       1	       1	       1	       1	       1	       1	       0	       0	       0	       1	       1	       0	       0	       1	       1	       1	       1	       1	       1	       0	       1	       1	       1	       1	       1	       1	       1	       1	       1	       1	       1	       1	       1	       1	       0	       1	       1	       1	       1	       1	       1	       1	       1	       1	       1	       1	       1	       1	       1	       0	       1	       1	       0	       1	       1	       0	       1	       1	       1	       1	       1	       1	       1	       1	       1	       1	       1	       1	       1	       1	       1	       1	       1	       1	       1	       1	       0	       1	       1	       1	       1	       1	       1	       1	       0	       1	       1	       1	       1	       1	       1	       1	       1	       1	       1	       1	       1	       1	
pred 2        0	      -1	       0	       0	       0	       0	       0	      -1	       0	       0	       0	       1	       0	       1	       0	       0	       0	      -1	      -1	      -1	      -1	       0	       1	       1	       0	      -1	       1	       0	       0	       0	       0	      -1	       0	       0	       0	       0	       0	       0	       0	       0	       0	      -1	       0	       0	       0	       1	       0	       0	       0	      -1	       0	      -1	       0	       0	       0	       0	       0	      -1	      -1	       0	       1	       0	      -1	       1	       0	       0	       0	       0	       0	       1	       0	       1	       0	       0	       0	       0	       1	       0	       1	       0	       0	       1	       0	       0	       1	       0	       1	       0	       0	       0	       0	       0	       0	       1	      -1	       0	       0	       1	       0	       0	       0	       0	      -1	      -1	       1	       0	       0	       0	       0	       1	       0	       0	       0	       0	       0	       0	       0	      -1	       1	       0	       0	       0	       0	      -1	      -1	       1	       0	       0	       0	       0	       0	       0	       0	       0	       0	       1	       0	       0	       0	       1	       0	       0	       0	       0	       0	       0	       1	       0	       0	       0	      -1	       0	       0	       1	      -1	       0	       0	      -1	       0	       1	       0	      -1	       0	       0	       0	      -1	       0	      -1	       0	      -1	       0	       1	       0	       0	       1	       0	      -1	       1	       1	       0	       0	       0	       0	       0	      -1	       0	       0	       1	       0	       0	      -1	       0	       0	       0	       0	       0	       0	       0	       0	      -1	       0	       0	       0	       0	       0	       1	       1	       0	       0	       0	      -1	       0	       0	       0	      -1	       0	      -1	       0	       0	       0	       0	       1	       0	      -1	       0	       0	       0	       0	      -1	       0	       0	      -1	      -1	       1	       0	       0	       0	      -1	      -1	      -1	       0	
test 2        1	       0	       1	       0	       1	       1	       1	       1	       1	       1	       1	       0	       0	       0	       0	       0	       1	       0	       1	       0	       0	       1	       1	       1	       1	       1	       1	       1	       1	       1	       1	       0	       1	       0	       1	       1	       0	       0	       0	       0	       0	       0	       0	       0	      -1	       0	       0	       1	       1	       1	       0	       1	       1	       1	       1	       1	       1	       1	       0	       1	       0	       0	       1	      -1	       1	       1	       1	       1	       1	       0	       0	       1	       0	       1	       1	       1	       0	       1	       1	       1	       0	       0	       1	       1	       1	       1	       1	       1	       0	       0	       1	       0	       0	       0	       0	      -1	      -1	       1	       1	       0	       0	       1	       1	       0	       1	       1	       0	       1	       0	       0	       1	       1	       1	       0	       1	       1	       1	       1	       1	       1	       1	       1	       0	       1	       1	       1	       1	       1	       1	       1	       1	       1	       0	       1	       1	       1	       1	       0	       1	       1	       1	       0	       1	       1	       0	       1	       1	       1	       1	       0	      -1	      -1	       0	       0	       0	       0	       1	       0	       1	       1	       1	       0	       0	       1	       1	       1	       1	       1	       1	       1	       1	       0	       1	       0	       0	       0	       1	       0	       1	       1	       1	       1	       1	       1	       1	       1	       0	       1	       1	       1	       0	       1	       0	       1	       1	       0	       0	       1	       0	       1	       0	       1	       0	       0	       1	       1	       1	       1	       0	       1	       1	       1	       1	       0	       1	       1	       1	       1	       0	       0	       1	       0	       1	       1	       1	       1	       1	       0	       0	       1	       1	       0	       1	       0	       1	       1	       1	      -1	       0	       0	       1	
pred 3        0	      -1	       0	       0	       0	       0	       0	      -1	       0	       0	       0	       1	       0	       1	       0	       0	       0	      -1	      -1	      -1	      -1	       0	       1	       1	       0	      -1	       1	       0	       0	       0	       0	      -1	       0	       0	       0	       0	       0	       0	       0	       0	       0	      -1	       0	       0	       0	       1	       0	       0	       0	      -1	       0	      -1	       0	       0	       0	       0	       0	      -1	      -1	       0	       1	       0	      -1	       1	       0	       0	       0	       0	       0	       1	       0	       1	       0	       0	       0	       0	       1	       0	       1	       0	       0	       1	       0	       0	       1	       0	       1	       0	       0	       0	       0	       0	       0	       1	      -1	       0	       0	       1	       0	       0	       0	       0	      -1	      -1	       1	       0	       0	       0	       0	       1	       0	       0	       0	       0	       0	       0	       0	      -1	       1	       0	       0	       0	       0	      -1	      -1	       1	       0	       0	       0	       0	       0	       0	       0	       0	       0	       1	       0	       0	       0	       1	       0	       0	       0	       0	       0	       0	       1	       0	       0	       0	      -1	       0	       0	       1	      -1	       0	       0	      -1	       0	       1	       0	      -1	       0	       0	       0	      -1	       0	      -1	       0	      -1	       0	       1	       0	       0	       1	       0	      -1	       1	       1	       0	       0	       0	       0	       0	      -1	       0	       0	       1	       0	       0	      -1	       0	       0	       0	       0	       0	       0	       0	       0	      -1	       0	       0	       0	       0	       0	       1	       1	       0	       0	       0	      -1	       0	       0	       0	      -1	       0	      -1	       0	       0	       0	       0	       1	       0	      -1	       0	       0	       0	       0	      -1	       0	       0	      -1	      -1	       1	       0	       0	       0	      -1	      -1	      -1	       0	
test 3        1	       1	       1	       0	       0	       1	       1	       0	       0	       0	       1	       1	       1	       0	       1	       0	       1	       0	       0	       0	       0	       1	       1	       1	       1	       1	       1	       1	       0	       1	       1	       1	       1	       1	       1	       1	       1	       0	       0	       0	       0	       0	       0	       0	      -1	      -1	       0	       1	       1	       1	       0	       1	       1	       0	       1	       1	       0	       1	       0	       1	       1	       1	       1	      -1	       1	       1	       1	       1	       1	       0	       1	       1	       1	       0	       1	       1	       0	       1	       0	       1	       0	       0	       1	       1	       1	       1	       1	       1	       0	       0	       1	      -1	       0	       0	       0	      -1	      -1	       1	       1	       1	       0	       1	       1	       0	       1	       0	       0	       0	       0	       0	       0	       1	       1	       1	       1	       1	       1	       1	       1	       1	       0	       0	       0	       0	       1	       1	       1	       1	       1	       1	       1	       1	       1	       0	       1	       1	       1	       0	       1	       1	       1	       1	       1	       1	       1	       1	       1	       1	       1	      -1	       0	      -1	       0	       0	       0	       0	       1	       0	       1	       1	       0	       1	       1	       1	       1	       1	       1	       1	       1	       0	       1	       1	       1	       1	       0	       1	       0	       0	       1	       1	       1	       1	       1	       1	       1	       0	       0	       1	       1	       1	       0	       1	       0	       1	       1	       0	       0	       1	       0	       1	       1	       1	       0	       1	       1	       1	       1	       1	       0	       1	       1	       0	       1	       1	       1	       0	       1	       0	       0	       0	       0	       1	       1	       1	       1	       1	       1	       0	       0	       1	       0	       1	       1	       0	       1	       1	       1	       0	       0	       1	       1	
pred 4        0	      -1	       0	       0	       0	       0	       0	      -1	       0	       0	       0	       1	       0	       1	       0	       0	       0	      -1	      -1	      -1	      -1	       0	       1	       1	       0	      -1	       1	       0	       0	       0	       0	      -1	       0	       0	       0	       0	       0	       0	       0	       0	       0	      -1	       0	       0	       0	       1	       0	       0	       0	      -1	       0	      -1	       0	       0	       0	       0	       0	      -1	      -1	       0	       1	       0	      -1	       1	       0	       0	       0	       0	       0	       1	       0	       1	       0	       0	       0	       0	       1	       0	       1	       0	       0	       1	       0	       0	       1	       0	       1	       0	       0	       0	       0	       0	       0	       1	      -1	       0	       0	       1	       0	       0	       0	       0	      -1	      -1	       1	       0	       0	       0	       0	       1	       0	       0	       0	       0	       0	       0	       0	      -1	       1	       0	       0	       0	       0	      -1	      -1	       1	       0	       0	       0	       0	       0	       0	       0	       0	       0	       1	       0	       0	       0	       1	       0	       0	       0	       0	       0	       0	       1	       0	       0	       0	      -1	       0	       0	       1	      -1	       0	       0	      -1	       0	       1	       0	      -1	       0	       0	       0	      -1	       0	      -1	       0	      -1	       0	       1	       0	       0	       1	       0	      -1	       1	       1	       0	       0	       0	       0	       0	      -1	       0	       0	       1	       0	       0	      -1	       0	       0	       0	       0	       0	       0	       0	       0	      -1	       0	       0	       0	       0	       0	       1	       1	       0	       0	       0	      -1	       0	       0	       0	      -1	       0	      -1	       0	       0	       0	       0	       1	       0	      -1	       0	       0	       0	       0	      -1	       0	       0	      -1	      -1	       1	       0	       0	       0	      -1	      -1	      -1	       0	
test 4        1	       0	       1	       0	       0	       1	       1	       1	       0	       1	       1	       1	       0	       1	       0	       0	       1	       0	       0	       1	       0	       1	       1	       1	       1	       1	       1	       1	       1	       1	       1	       1	       1	       0	       1	       1	       0	       0	       1	       0	       1	       0	       1	      -1	       0	       0	       0	       1	       1	       1	       1	       1	       1	       1	       1	       1	       1	       1	       0	       1	       1	       0	       1	       0	       1	       1	       1	       1	       1	       0	       0	       1	       0	       0	       1	       1	       0	       1	       1	       1	       1	       0	       1	       1	       1	       1	       0	       0	       0	       0	       1	      -1	       0	       0	      -1	      -1	      -1	       1	       1	       1	       0	       1	       1	       0	       1	       1	       1	       1	       1	       0	       1	       1	       1	       1	       1	       1	       1	       1	       0	       1	       1	       1	       0	       0	       1	       1	       1	       1	       1	       1	       1	       1	       0	       0	       1	       1	       1	       0	       1	       1	       1	       0	       1	       1	       0	       1	       1	       1	       1	      -1	      -1	      -1	       1	       0	       0	       0	       1	       0	       1	       1	       1	       1	       0	       0	       1	       1	       1	       1	       1	       1	       1	       1	       1	       1	       0	       1	       1	       1	       1	       1	       1	       1	       1	       1	       1	       1	       0	       0	       1	       1	       0	       1	       0	       1	       1	       0	       0	       1	       0	       1	       0	       1	       0	       0	       1	       1	       1	       1	       0	       1	       1	       1	       1	       0	       1	       1	       1	       1	       0	       0	       1	       1	       1	       1	       1	       1	       1	       1	       0	       1	       1	       1	       1	       1	       1	       1	       1	       1	       0	       1	       1	
pred 5        0	      -1	       0	       0	       0	       0	       0	      -1	       0	       0	       0	       1	       0	       1	       0	       0	       0	      -1	      -1	      -1	      -1	       0	       1	       1	       0	      -1	       1	       0	       0	       0	       0	      -1	       0	       0	       0	       0	       0	       0	       0	       0	       0	      -1	       0	       0	       0	       1	       0	       0	       0	      -1	       0	      -1	       0	       0	       0	       0	       0	      -1	      -1	       0	       1	       0	      -1	       1	       0	       0	       0	       0	       0	       1	       0	       1	       0	       0	       0	       0	       1	       0	       1	       0	       0	       1	       0	       0	       1	       0	       1	       0	       0	       0	       0	       0	       0	       1	      -1	       0	       0	       1	       0	       0	       0	       0	      -1	      -1	       1	       0	       0	       0	       0	       1	       0	       0	       0	       0	       0	       0	       0	      -1	       1	       0	       0	       0	       0	      -1	      -1	       1	       0	       0	       0	       0	       0	       0	       0	       0	       0	       1	       0	       0	       0	       1	       0	       0	       0	       0	       0	       0	       1	       0	       0	       0	      -1	       0	       0	       1	      -1	       0	       0	      -1	       0	       1	       0	      -1	       0	       0	       0	      -1	       0	      -1	       0	      -1	       0	       1	       0	       0	       1	       0	      -1	       1	       1	       0	       0	       0	       0	       0	      -1	       0	       0	       1	       0	       0	      -1	       0	       0	       0	       0	       0	       0	       0	       0	      -1	       0	       0	       0	       0	       0	       1	       1	       0	       0	       0	      -1	       0	       0	       0	      -1	       0	      -1	       0	       0	       0	       0	       1	       0	      -1	       0	       0	       0	       0	      -1	       0	       0	      -1	      -1	       1	       0	       0	       0	      -1	      -1	      -1	       0	
test 5        0	       0	       0	       0	       0	       0	       0	       0	       0	       0	       0	       0	       0	       0	       0	       0	       0	       0	       0	       0	       0	       0	       0	       0	       0	       0	       0	       0	       0	       0	       0	       0	       0	       0	       0	       0	       0	       0	       0	       0	       0	       0	       0	       0	       0	       0	       0	       0	       0	       0	       0	       0	       0	       0	       0	       0	       0	       0	       0	       0	       0	       0	       0	       0	       0	       0	       0	       0	       0	       0	       0	       0	       0	       0	       0	       0	       0	       0	       0	       0	       0	       0	       0	       0	       0	       0	       0	       0	       0	       0	       0	       0	       0	       0	       0	       0	       0	       0	       0	       0	       0	       0	       0	       0	       0	       0	       0	       0	       0	       0	       0	       0	       0	       0	       0	       0	       0	       0	       0	       0	       0	       0	       0	       0	       0	       0	       0	       0	       0	       0	       0	       0	       0	       0	       0	       0	       0	       0	       0	       0	       0	       0	       0	       0	       0	       0	       0	       0	       0	       0	       0	       0	       0	       0	       0	       0	       0	       0	       0	       0	       0	       0	       0	       0	       0	       0	       0	       0	       0	       0	       0	       0	       0	       0	       0	       0	       0	       0	       0	       0	       0	       0	       0	       0	       0	       0	       0	       0	       0	       0	       0	       0	       0	       0	       0	       0	       0	       0	       0	       0	       0	       0	       0	       0	       0	       0	       0	       0	       0	       0	       0	       0	       0	       0	       0	       0	       0	       0	       0	       0	       0	       0	       0	       0	       0	       0	       0	       0	       0	       0	       0	       0	       0	       0	       0	       0	       0	       0	       0	       0	       0	
pred 6        0	      -1	       0	       0	       0	       0	       0	      -1	       0	       0	       0	       1	       0	       1	       0	       0	       0	      -1	      -1	      -1	      -1	       0	       1	       1	       0	      -1	       1	       0	       0	       0	       0	      -1	       0	       0	       0	       0	       0	       0	       0	       0	       0	      -1	       0	       0	       0	       1	       0	       0	       0	      -1	       0	      -1	       0	       0	       0	       0	       0	      -1	      -1	       0	       1	       0	      -1	       1	       0	       0	       0	       0	       0	       1	       0	       1	       0	       0	       0	       0	       1	       0	       1	       0	       0	       1	       0	       0	       1	       0	       1	       0	       0	       0	       0	       0	       0	       1	      -1	       0	       0	       1	       0	       0	       0	       0	      -1	      -1	       1	       0	       0	       0	       0	       1	       0	       0	       0	       0	       0	       0	       0	      -1	       1	       0	       0	       0	       0	      -1	      -1	       1	       0	       0	       0	       0	       0	       0	       0	       0	       0	       1	       0	       0	       0	       1	       0	       0	       0	       0	       0	       0	       1	       0	       0	       0	      -1	       0	       0	       1	      -1	       0	       0	      -1	       0	       1	       0	      -1	       0	       0	       0	      -1	       0	      -1	       0	      -1	       0	       1	       0	       0	       1	       0	      -1	       1	       1	       0	       0	       0	       0	       0	      -1	       0	       0	       1	       0	       0	      -1	       0	       0	       0	       0	       0	       0	       0	       0	      -1	       0	       0	       0	       0	       0	       1	       1	       0	       0	       0	      -1	       0	       0	       0	      -1	       0	      -1	       0	       0	       0	       0	       1	       0	      -1	       0	       0	       0	       0	      -1	       0	       0	      -1	      -1	       1	       0	       0	       0	      -1	      -1	      -1	       0	
test 6        0	       0	       0	       0	       0	       0	       0	       0	       0	       0	       0	       0	       0	       0	       0	       0	       0	       0	       0	       0	       0	       0	       0	       0	       0	       0	       0	       0	       0	       0	       0	       0	       0	       0	       0	       0	       0	       0	       0	       0	       0	       0	       0	       0	       0	       0	       0	       0	       0	       0	       0	       0	       0	       0	       0	       0	       0	       0	       0	       0	       0	       0	       0	       0	       0	       0	       0	       0	       0	       0	       0	       0	       0	       0	       0	       0	       0	       0	       0	       0	       0	       0	       0	       0	       0	       0	       0	       0	       0	       0	       0	       0	       0	       0	       0	       0	       0	       0	       0	       0	       0	       0	       0	       0	       0	       0	       0	       0	       0	       0	       0	       0	       0	       0	       0	       0	       0	       0	       0	       0	       0	       0	       0	       0	       0	       0	       0	       0	       0	       0	       0	       0	       0	       0	       0	       0	       0	       0	       0	       0	       0	       0	       0	       0	       0	       0	       0	       0	       0	       0	       0	       0	       0	       0	       0	       0	       0	       0	       0	       0	       0	       0	       0	       0	       0	       0	       0	       0	       0	       0	       0	       0	       0	       0	       0	       0	       0	       0	       0	       0	       0	       0	       0	       0	       0	       0	       0	       0	       0	       0	       0	       0	       0	       0	       0	       0	       0	       0	       0	       0	       0	       0	       0	       0	       0	       0	       0	       0	       0	       0	       0	       0	       0	       0	       0	       0	       0	       0	       0	       0	       0	       0	       0	       0	       0	       0	       0	       0	       0	       0	       0	       0	       0	       0	       0	       0	       0	       0	       0	       0	       0	
------
confusion matrix:
[[  4  16   3]
 [136 508 117]
 [147 631 125]]
macro f1: 0.25794929506783304
micro f1: 0.3775933609958506
weighted f1: 0.04488023743033409
class -1 f1: 0.025806451612903226
class  0 f1: 0.5302713987473904
class  1 f1: 0.21777003484320556
average label-wise acc: 37.76%


ABL loop 2
--------------------
label        0	       1	       2	       3	       4	       5	       6	       7	       8	       9	      10	      11	      12	      13	      14	      15	      16	      17	      18	      19	      20	      21	      22	      23	      24	      25	      26	      27	      28	      29	      30	      31	      32	      33	      34	      35	      36	      37	      38	      39	      40	      41	      42	      43	      44	      45	      46	      47	      48	      49	      50	      51	      52	      53	      54	      55	      56	      57	      58	      59	      60	      61	      62	      63	      64	      65	      66	      67	      68	      69	      70	      71	      72	      73	      74	      75	      76	      77	      78	      79	      80	      81	      82	      83	      84	      85	      86	      87	      88	      89	      90	      91	      92	      93	      94	      95	      96	      97	      98	      99	     100	     101	     102	     103	     104	     105	     106	     107	     108	     109	     110	     111	     112	     113	     114	     115	     116	     117	     118	     119	     120	     121	     122	     123	     124	     125	     126	     127	     128	     129	     130	     131	     132	     133	     134	     135	     136	     137	     138	     139	     140	     141	     142	     143	     144	     145	     146	     147	     148	     149	     150	     151	     152	     153	     154	     155	     156	     157	     158	     159	     160	     161	     162	     163	     164	     165	     166	     167	     168	     169	     170	     171	     172	     173	     174	     175	     176	     177	     178	     179	     180	     181	     182	     183	     184	     185	     186	     187	     188	     189	     190	     191	     192	     193	     194	     195	     196	     197	     198	     199	     200	     201	     202	     203	     204	     205	     206	     207	     208	     209	     210	     211	     212	     213	     214	     215	     216	     217	     218	     219	     220	     221	     222	     223	     224	     225	     226	     227	     228	     229	     230	     231	     232	     233	     234	     235	     236	     237	     238	     239	     240	
   acc   28.57%	   0.00%	  28.57%	  71.43%	  57.14%	  28.57%	  28.57%	   0.00%	  57.14%	  42.86%	  28.57%	  57.14%	  85.71%	  42.86%	  57.14%	  85.71%	  28.57%	   0.00%	   0.00%	   0.00%	   0.00%	  28.57%	  71.43%	  71.43%	  28.57%	   0.00%	  71.43%	  28.57%	  42.86%	  28.57%	  28.57%	   0.00%	  28.57%	  57.14%	  28.57%	  28.57%	  57.14%	  85.71%	  71.43%	  71.43%	  57.14%	   0.00%	  57.14%	  71.43%	  71.43%	   0.00%	  85.71%	  28.57%	  28.57%	   0.00%	  57.14%	   0.00%	  28.57%	  42.86%	  28.57%	  28.57%	  42.86%	   0.00%	   0.00%	  28.57%	  57.14%	  57.14%	   0.00%	   0.00%	  28.57%	  28.57%	  28.57%	  28.57%	  28.57%	   0.00%	  57.14%	  71.43%	  57.14%	  57.14%	  28.57%	  28.57%	  28.57%	  28.57%	  57.14%	  28.57%	  57.14%	  28.57%	  28.57%	  28.57%	  71.43%	  28.57%	  57.14%	  42.86%	 100.00%	  71.43%	  28.57%	  57.14%	  85.71%	  14.29%	  14.29%	  57.14%	  57.14%	  71.43%	  28.57%	  42.86%	  85.71%	  28.57%	   0.00%	   0.00%	  71.43%	  42.86%	  57.14%	  42.86%	  57.14%	  14.29%	  42.86%	  28.57%	  28.57%	  42.86%	  28.57%	  28.57%	  28.57%	   0.00%	  57.14%	  28.57%	  42.86%	  42.86%	  85.71%	   0.00%	   0.00%	  71.43%	  28.57%	  28.57%	  28.57%	  28.57%	  28.57%	  28.57%	  57.14%	  71.43%	  28.57%	  71.43%	  28.57%	  71.43%	  28.57%	  71.43%	  28.57%	  57.14%	  28.57%	  28.57%	  57.14%	  28.57%	  71.43%	  28.57%	  28.57%	  71.43%	  28.57%	  57.14%	  57.14%	  28.57%	   0.00%	 100.00%	  28.57%	   0.00%	  28.57%	  71.43%	  42.86%	   0.00%	  71.43%	  42.86%	  28.57%	   0.00%	  28.57%	   0.00%	  28.57%	   0.00%	  28.57%	  57.14%	  28.57%	  42.86%	  28.57%	  42.86%	   0.00%	  28.57%	  71.43%	  28.57%	  28.57%	  28.57%	  28.57%	  28.57%	   0.00%	  42.86%	  71.43%	  57.14%	  28.57%	  28.57%	   0.00%	  28.57%	 100.00%	  28.57%	  28.57%	 100.00%	  71.43%	  28.57%	  85.71%	   0.00%	  57.14%	  28.57%	  71.43%	  57.14%	  28.57%	  71.43%	  71.43%	  28.57%	  71.43%	  28.57%	   0.00%	  42.86%	  28.57%	  57.14%	   0.00%	  42.86%	   0.00%	  42.86%	  71.43%	  85.71%	  42.86%	  57.14%	  28.57%	   0.00%	  28.57%	  28.57%	  28.57%	  71.43%	   0.00%	  28.57%	  42.86%	   0.00%	   0.00%	  42.86%	  28.57%	  28.57%	  28.57%	  14.29%	   0.00%	   0.00%	  28.57%	
    f1   0.2222	  0.0000	  0.2222	  0.4167	  0.3636	  0.2222	  0.2222	  0.0000	  0.3636	  0.3000	  0.2222	  0.3636	  0.4615	  0.3000	  0.3636	  0.4615	  0.2222	  0.0000	  0.0000	  0.0000	  0.0000	  0.2222	  0.4167	  0.4167	  0.2222	  0.0000	  0.4167	  0.2222	  0.3000	  0.2222	  0.2222	  0.0000	  0.2222	  0.3636	  0.2222	  0.2222	  0.3636	  0.4615	  0.4167	  0.4167	  0.3636	  0.0000	  0.3636	  0.2778	  0.4167	  0.0000	  0.4615	  0.2222	  0.2222	  0.0000	  0.3636	  0.0000	  0.2222	  0.3000	  0.2222	  0.2222	  0.3000	  0.0000	  0.0000	  0.2222	  0.3636	  0.3636	  0.0000	  0.0000	  0.2222	  0.2222	  0.2222	  0.2222	  0.2222	  0.0000	  0.3636	  0.4167	  0.3636	  0.3636	  0.2222	  0.2222	  0.2222	  0.2222	  0.3636	  0.2222	  0.3636	  0.2222	  0.2222	  0.2222	  0.4167	  0.2222	  0.3636	  0.3000	  1.0000	  0.4167	  0.2222	  0.2424	  0.4615	  0.1250	  0.1250	  0.3636	  0.3636	  0.4167	  0.2222	  0.3000	  0.4615	  0.2222	  0.0000	  0.0000	  0.4167	  0.3000	  0.3636	  0.3000	  0.3636	  0.1250	  0.3000	  0.2222	  0.2222	  0.3000	  0.2222	  0.2222	  0.2222	  0.0000	  0.3636	  0.2222	  0.3000	  0.3000	  0.4615	  0.0000	  0.0000	  0.4167	  0.2222	  0.2222	  0.2222	  0.2222	  0.2222	  0.2222	  0.3636	  0.4167	  0.2222	  0.4167	  0.2222	  0.4167	  0.2222	  0.4167	  0.2222	  0.3636	  0.2222	  0.2222	  0.3636	  0.2222	  0.4167	  0.2222	  0.2222	  0.4167	  0.1481	  0.3636	  0.3636	  0.2222	  0.0000	  1.0000	  0.2222	  0.0000	  0.2222	  0.4167	  0.3000	  0.0000	  0.4167	  0.3000	  0.2222	  0.0000	  0.2222	  0.0000	  0.2222	  0.0000	  0.2222	  0.3636	  0.2222	  0.3000	  0.2222	  0.3000	  0.0000	  0.2222	  0.4167	  0.2222	  0.2222	  0.2222	  0.2222	  0.2222	  0.0000	  0.3000	  0.4167	  0.3636	  0.2222	  0.2222	  0.0000	  0.2222	  1.0000	  0.2222	  0.2222	  1.0000	  0.4167	  0.2222	  0.4615	  0.0000	  0.3636	  0.2222	  0.4167	  0.3636	  0.2222	  0.4167	  0.4167	  0.2222	  0.4167	  0.2222	  0.0000	  0.3000	  0.2222	  0.3636	  0.0000	  0.3000	  0.0000	  0.3000	  0.4167	  0.4615	  0.3000	  0.3636	  0.2222	  0.0000	  0.2222	  0.2222	  0.2222	  0.4167	  0.0000	  0.2222	  0.3000	  0.0000	  0.0000	  0.3000	  0.2222	  0.2222	  0.2222	  0.0833	  0.0000	  0.0000	  0.2222	
pred 0        0	      -1	       0	       0	       0	       0	       0	      -1	       0	       0	       0	       1	       0	       1	       0	       0	       0	      -1	      -1	      -1	      -1	       0	       1	       1	       0	      -1	       1	       0	       0	       0	       0	      -1	       0	       0	       0	       0	       0	       0	       0	       0	       0	      -1	       0	       0	       0	       1	       0	       0	       0	      -1	       0	      -1	       0	       0	       0	       0	       0	      -1	      -1	       0	       1	       0	      -1	       1	       0	       0	       0	       0	       0	       1	       0	       1	       0	       0	       0	       0	       1	       0	       1	       0	       0	       1	       0	       0	       1	       0	       1	       0	       0	       0	       0	       0	       0	       1	      -1	       0	       0	       1	       0	       0	       0	       0	      -1	      -1	       1	       0	       0	       0	       0	       1	       0	       0	       0	       0	       0	       0	       0	      -1	       1	       0	       0	       0	       0	      -1	      -1	       1	       0	       0	       0	       0	       0	       0	       0	       0	       0	       1	       0	       0	       0	       1	       0	       0	       0	       0	       0	       0	       1	       0	       0	       0	      -1	       0	       0	       1	      -1	       0	       0	      -1	       0	       1	       0	      -1	       0	       0	       0	      -1	       0	      -1	       0	      -1	       0	       1	       0	       0	       1	       0	      -1	       1	       1	       0	       0	       0	       0	       0	      -1	       0	       0	       1	       0	       0	      -1	       0	       0	       0	       0	       0	       0	       0	       0	      -1	       0	       0	       0	       0	       0	       1	       1	       0	       0	       0	      -1	       0	       0	       0	      -1	       0	      -1	       0	       0	       0	       0	       1	       0	      -1	       0	       0	       0	       0	      -1	       0	       0	      -1	      -1	       1	       0	       0	       0	      -1	      -1	      -1	       0	
test 0        1	       1	       1	       1	       1	       1	       1	       1	       1	       1	       1	       1	       0	       1	       1	       1	       1	       1	       1	       1	       1	       1	       1	       1	       1	       1	       1	       1	       1	       1	       1	       1	       1	       1	       1	       1	       1	       0	       0	       1	       1	       1	       1	       0	       0	       0	       0	       1	       1	       1	       1	       1	       1	       1	       1	       1	       1	       1	       1	       1	       1	       1	       1	       0	       1	       1	       1	       1	       1	       0	       1	       1	       1	       1	       1	       1	       1	       1	       1	       1	       1	       1	       1	       1	       1	       1	       1	       1	       0	       1	       1	       1	       1	       1	       0	       0	       0	       1	       1	       1	       1	       1	       1	       1	       1	       1	       1	       1	       1	       1	       1	       1	       1	       1	       1	       1	       1	       1	       1	       1	       1	       1	       1	       1	       1	       1	       1	       1	       1	       1	       1	       1	       1	       1	       1	       1	       1	       1	       1	       1	       1	       1	       1	       1	       1	       1	       1	       1	       1	       0	       1	       0	       1	       1	       1	       0	       1	       1	       1	       1	       1	       1	       1	       1	       1	       1	       1	       1	       1	       1	       1	       1	       1	       1	       1	       1	       1	       1	       1	       1	       1	       1	       1	       1	       1	       1	       1	       1	       1	       1	       1	       1	       0	       1	       1	       0	       1	       1	       1	       1	       1	       1	       1	       1	       1	       1	       1	       1	       1	       1	       1	       1	       1	       1	       1	       1	       1	       1	       1	       1	       1	       1	       1	       1	       1	       1	       1	       1	       1	       1	       1	       1	       1	       1	       1	       1	       1	       1	       1	       1	       1	
pred 1        0	      -1	       0	       0	       0	       0	       0	      -1	       0	       0	       0	       1	       0	       1	       0	       0	       0	      -1	      -1	      -1	      -1	       0	       1	       1	       0	      -1	       1	       0	       0	       0	       0	      -1	       0	       0	       0	       0	       0	       0	       0	       0	       0	      -1	       0	       0	       0	       1	       0	       0	       0	      -1	       0	      -1	       0	       0	       0	       0	       0	      -1	      -1	       0	       1	       0	      -1	       1	       0	       0	       0	       0	       0	       1	       0	       1	       0	       0	       0	       0	       1	       0	       1	       0	       0	       1	       0	       0	       1	       0	       1	       0	       0	       0	       0	       0	       0	       1	      -1	       0	       0	       1	       0	       0	       0	       0	      -1	      -1	       1	       0	       0	       0	       0	       1	       0	       0	       0	       0	       0	       0	       0	      -1	       1	       0	       0	       0	       0	      -1	      -1	       1	       0	       0	       0	       0	       0	       0	       0	       0	       0	       1	       0	       0	       0	       1	       0	       0	       0	       0	       0	       0	       1	       0	       0	       0	      -1	       0	       0	       1	      -1	       0	       0	      -1	       0	       1	       0	      -1	       0	       0	       0	      -1	       0	      -1	       0	      -1	       0	       1	       0	       0	       1	       0	      -1	       1	       1	       0	       0	       0	       0	       0	      -1	       0	       0	       1	       0	       0	      -1	       0	       0	       0	       0	       0	       0	       0	       0	      -1	       0	       0	       0	       0	       0	       1	       1	       0	       0	       0	      -1	       0	       0	       0	      -1	       0	      -1	       0	       0	       0	       0	       1	       0	      -1	       0	       0	       0	       0	      -1	       0	       0	      -1	      -1	       1	       0	       0	       0	      -1	      -1	      -1	       0	
test 1        1	       1	       1	       1	       1	       1	       1	       1	       1	       1	       1	       1	       0	       1	       1	       0	       1	       1	       1	       1	       0	       1	       1	       1	       1	       1	       1	       1	       1	       1	       1	       1	       1	       1	       1	       1	       1	       1	       1	       1	       1	       1	       1	       1	       0	       0	       1	       1	       1	       1	       1	       1	       1	       1	       1	       1	       1	       1	       1	       1	       1	       1	       1	       0	       1	       1	       1	       1	       1	       0	       1	       1	       1	       1	       1	       1	       1	       1	       1	       1	       1	       1	       1	       1	       1	       1	       1	       1	       0	       1	       1	       0	       0	       0	       0	       0	       0	       1	       1	       1	       0	       1	       1	       1	       1	       1	       1	       1	       1	       0	       1	       1	       1	       1	       1	       1	       1	       1	       1	       1	       1	       1	       0	       1	       1	       1	       1	       1	       1	       1	       1	       1	       1	       0	       1	       1	       1	       1	       1	       1	       1	       1	       1	       1	       1	       1	       1	       1	       1	       0	       0	       0	       1	       1	       0	       0	       1	       1	       1	       1	       1	       1	       0	       1	       1	       1	       1	       1	       1	       1	       1	       1	       1	       1	       1	       1	       1	       0	       1	       1	       1	       1	       1	       1	       1	       1	       1	       1	       1	       1	       1	       1	       0	       1	       1	       0	       1	       1	       0	       1	       1	       1	       1	       1	       1	       1	       1	       1	       1	       1	       1	       1	       1	       1	       1	       1	       1	       1	       1	       0	       1	       1	       1	       1	       1	       1	       1	       0	       1	       1	       1	       1	       1	       1	       1	       1	       1	       1	       1	       1	       1	
pred 2        0	      -1	       0	       0	       0	       0	       0	      -1	       0	       0	       0	       1	       0	       1	       0	       0	       0	      -1	      -1	      -1	      -1	       0	       1	       1	       0	      -1	       1	       0	       0	       0	       0	      -1	       0	       0	       0	       0	       0	       0	       0	       0	       0	      -1	       0	       0	       0	       1	       0	       0	       0	      -1	       0	      -1	       0	       0	       0	       0	       0	      -1	      -1	       0	       1	       0	      -1	       1	       0	       0	       0	       0	       0	       1	       0	       1	       0	       0	       0	       0	       1	       0	       1	       0	       0	       1	       0	       0	       1	       0	       1	       0	       0	       0	       0	       0	       0	       1	      -1	       0	       0	       1	       0	       0	       0	       0	      -1	      -1	       1	       0	       0	       0	       0	       1	       0	       0	       0	       0	       0	       0	       0	      -1	       1	       0	       0	       0	       0	      -1	      -1	       1	       0	       0	       0	       0	       0	       0	       0	       0	       0	       1	       0	       0	       0	       1	       0	       0	       0	       0	       0	       0	       1	       0	       0	       0	      -1	       0	       0	       1	      -1	       0	       0	      -1	       0	       1	       0	      -1	       0	       0	       0	      -1	       0	      -1	       0	      -1	       0	       1	       0	       0	       1	       0	      -1	       1	       1	       0	       0	       0	       0	       0	      -1	       0	       0	       1	       0	       0	      -1	       0	       0	       0	       0	       0	       0	       0	       0	      -1	       0	       0	       0	       0	       0	       1	       1	       0	       0	       0	      -1	       0	       0	       0	      -1	       0	      -1	       0	       0	       0	       0	       1	       0	      -1	       0	       0	       0	       0	      -1	       0	       0	      -1	      -1	       1	       0	       0	       0	      -1	      -1	      -1	       0	
test 2        1	       0	       1	       0	       1	       1	       1	       1	       1	       1	       1	       0	       0	       0	       0	       0	       1	       0	       1	       0	       0	       1	       1	       1	       1	       1	       1	       1	       1	       1	       1	       0	       1	       0	       1	       1	       0	       0	       0	       0	       0	       0	       0	       0	      -1	       0	       0	       1	       1	       1	       0	       1	       1	       1	       1	       1	       1	       1	       0	       1	       0	       0	       1	      -1	       1	       1	       1	       1	       1	       0	       0	       1	       0	       1	       1	       1	       0	       1	       1	       1	       0	       0	       1	       1	       1	       1	       1	       1	       0	       0	       1	       0	       0	       0	       0	      -1	      -1	       1	       1	       0	       0	       1	       1	       0	       1	       1	       0	       1	       0	       0	       1	       1	       1	       0	       1	       1	       1	       1	       1	       1	       1	       1	       0	       1	       1	       1	       1	       1	       1	       1	       1	       1	       0	       1	       1	       1	       1	       0	       1	       1	       1	       0	       1	       1	       0	       1	       1	       1	       1	       0	      -1	      -1	       0	       0	       0	       0	       1	       0	       1	       1	       1	       0	       0	       1	       1	       1	       1	       1	       1	       1	       1	       0	       1	       0	       0	       0	       1	       0	       1	       1	       1	       1	       1	       1	       1	       1	       0	       1	       1	       1	       0	       1	       0	       1	       1	       0	       0	       1	       0	       1	       0	       1	       0	       0	       1	       1	       1	       1	       0	       1	       1	       1	       1	       0	       1	       1	       1	       1	       0	       0	       1	       0	       1	       1	       1	       1	       1	       0	       0	       1	       1	       0	       1	       0	       1	       1	       1	      -1	       0	       0	       1	
pred 3        0	      -1	       0	       0	       0	       0	       0	      -1	       0	       0	       0	       1	       0	       1	       0	       0	       0	      -1	      -1	      -1	      -1	       0	       1	       1	       0	      -1	       1	       0	       0	       0	       0	      -1	       0	       0	       0	       0	       0	       0	       0	       0	       0	      -1	       0	       0	       0	       1	       0	       0	       0	      -1	       0	      -1	       0	       0	       0	       0	       0	      -1	      -1	       0	       1	       0	      -1	       1	       0	       0	       0	       0	       0	       1	       0	       1	       0	       0	       0	       0	       1	       0	       1	       0	       0	       1	       0	       0	       1	       0	       1	       0	       0	       0	       0	       0	       0	       1	      -1	       0	       0	       1	       0	       0	       0	       0	      -1	      -1	       1	       0	       0	       0	       0	       1	       0	       0	       0	       0	       0	       0	       0	      -1	       1	       0	       0	       0	       0	      -1	      -1	       1	       0	       0	       0	       0	       0	       0	       0	       0	       0	       1	       0	       0	       0	       1	       0	       0	       0	       0	       0	       0	       1	       0	       0	       0	      -1	       0	       0	       1	      -1	       0	       0	      -1	       0	       1	       0	      -1	       0	       0	       0	      -1	       0	      -1	       0	      -1	       0	       1	       0	       0	       1	       0	      -1	       1	       1	       0	       0	       0	       0	       0	      -1	       0	       0	       1	       0	       0	      -1	       0	       0	       0	       0	       0	       0	       0	       0	      -1	       0	       0	       0	       0	       0	       1	       1	       0	       0	       0	      -1	       0	       0	       0	      -1	       0	      -1	       0	       0	       0	       0	       1	       0	      -1	       0	       0	       0	       0	      -1	       0	       0	      -1	      -1	       1	       0	       0	       0	      -1	      -1	      -1	       0	
test 3        1	       1	       1	       0	       0	       1	       1	       0	       0	       0	       1	       1	       1	       0	       1	       0	       1	       0	       0	       0	       0	       1	       1	       1	       1	       1	       1	       1	       0	       1	       1	       1	       1	       1	       1	       1	       1	       0	       0	       0	       0	       0	       0	       0	      -1	      -1	       0	       1	       1	       1	       0	       1	       1	       0	       1	       1	       0	       1	       0	       1	       1	       1	       1	      -1	       1	       1	       1	       1	       1	       0	       1	       1	       1	       0	       1	       1	       0	       1	       0	       1	       0	       0	       1	       1	       1	       1	       1	       1	       0	       0	       1	      -1	       0	       0	       0	      -1	      -1	       1	       1	       1	       0	       1	       1	       0	       1	       0	       0	       0	       0	       0	       0	       1	       1	       1	       1	       1	       1	       1	       1	       1	       0	       0	       0	       0	       1	       1	       1	       1	       1	       1	       1	       1	       1	       0	       1	       1	       1	       0	       1	       1	       1	       1	       1	       1	       1	       1	       1	       1	       1	      -1	       0	      -1	       0	       0	       0	       0	       1	       0	       1	       1	       0	       1	       1	       1	       1	       1	       1	       1	       1	       0	       1	       1	       1	       1	       0	       1	       0	       0	       1	       1	       1	       1	       1	       1	       1	       0	       0	       1	       1	       1	       0	       1	       0	       1	       1	       0	       0	       1	       0	       1	       1	       1	       0	       1	       1	       1	       1	       1	       0	       1	       1	       0	       1	       1	       1	       0	       1	       0	       0	       0	       0	       1	       1	       1	       1	       1	       1	       0	       0	       1	       0	       1	       1	       0	       1	       1	       1	       0	       0	       1	       1	
pred 4        0	      -1	       0	       0	       0	       0	       0	      -1	       0	       0	       0	       1	       0	       1	       0	       0	       0	      -1	      -1	      -1	      -1	       0	       1	       1	       0	      -1	       1	       0	       0	       0	       0	      -1	       0	       0	       0	       0	       0	       0	       0	       0	       0	      -1	       0	       0	       0	       1	       0	       0	       0	      -1	       0	      -1	       0	       0	       0	       0	       0	      -1	      -1	       0	       1	       0	      -1	       1	       0	       0	       0	       0	       0	       1	       0	       1	       0	       0	       0	       0	       1	       0	       1	       0	       0	       1	       0	       0	       1	       0	       1	       0	       0	       0	       0	       0	       0	       1	      -1	       0	       0	       1	       0	       0	       0	       0	      -1	      -1	       1	       0	       0	       0	       0	       1	       0	       0	       0	       0	       0	       0	       0	      -1	       1	       0	       0	       0	       0	      -1	      -1	       1	       0	       0	       0	       0	       0	       0	       0	       0	       0	       1	       0	       0	       0	       1	       0	       0	       0	       0	       0	       0	       1	       0	       0	       0	      -1	       0	       0	       1	      -1	       0	       0	      -1	       0	       1	       0	      -1	       0	       0	       0	      -1	       0	      -1	       0	      -1	       0	       1	       0	       0	       1	       0	      -1	       1	       1	       0	       0	       0	       0	       0	      -1	       0	       0	       1	       0	       0	      -1	       0	       0	       0	       0	       0	       0	       0	       0	      -1	       0	       0	       0	       0	       0	       1	       1	       0	       0	       0	      -1	       0	       0	       0	      -1	       0	      -1	       0	       0	       0	       0	       1	       0	      -1	       0	       0	       0	       0	      -1	       0	       0	      -1	      -1	       1	       0	       0	       0	      -1	      -1	      -1	       0	
test 4        1	       0	       1	       0	       0	       1	       1	       1	       0	       1	       1	       1	       0	       1	       0	       0	       1	       0	       0	       1	       0	       1	       1	       1	       1	       1	       1	       1	       1	       1	       1	       1	       1	       0	       1	       1	       0	       0	       1	       0	       1	       0	       1	      -1	       0	       0	       0	       1	       1	       1	       1	       1	       1	       1	       1	       1	       1	       1	       0	       1	       1	       0	       1	       0	       1	       1	       1	       1	       1	       0	       0	       1	       0	       0	       1	       1	       0	       1	       1	       1	       1	       0	       1	       1	       1	       1	       0	       0	       0	       0	       1	      -1	       0	       0	      -1	      -1	      -1	       1	       1	       1	       0	       1	       1	       0	       1	       1	       1	       1	       1	       0	       1	       1	       1	       1	       1	       1	       1	       1	       0	       1	       1	       1	       0	       0	       1	       1	       1	       1	       1	       1	       1	       1	       0	       0	       1	       1	       1	       0	       1	       1	       1	       0	       1	       1	       0	       1	       1	       1	       1	      -1	      -1	      -1	       1	       0	       0	       0	       1	       0	       1	       1	       1	       1	       0	       0	       1	       1	       1	       1	       1	       1	       1	       1	       1	       1	       0	       1	       1	       1	       1	       1	       1	       1	       1	       1	       1	       1	       0	       0	       1	       1	       0	       1	       0	       1	       1	       0	       0	       1	       0	       1	       0	       1	       0	       0	       1	       1	       1	       1	       0	       1	       1	       1	       1	       0	       1	       1	       1	       1	       0	       0	       1	       1	       1	       1	       1	       1	       1	       1	       0	       1	       1	       1	       1	       1	       1	       1	       1	       1	       0	       1	       1	
pred 5        0	      -1	       0	       0	       0	       0	       0	      -1	       0	       0	       0	       1	       0	       1	       0	       0	       0	      -1	      -1	      -1	      -1	       0	       1	       1	       0	      -1	       1	       0	       0	       0	       0	      -1	       0	       0	       0	       0	       0	       0	       0	       0	       0	      -1	       0	       0	       0	       1	       0	       0	       0	      -1	       0	      -1	       0	       0	       0	       0	       0	      -1	      -1	       0	       1	       0	      -1	       1	       0	       0	       0	       0	       0	       1	       0	       1	       0	       0	       0	       0	       1	       0	       1	       0	       0	       1	       0	       0	       1	       0	       1	       0	       0	       0	       0	       0	       0	       1	      -1	       0	       0	       1	       0	       0	       0	       0	      -1	      -1	       1	       0	       0	       0	       0	       1	       0	       0	       0	       0	       0	       0	       0	      -1	       1	       0	       0	       0	       0	      -1	      -1	       1	       0	       0	       0	       0	       0	       0	       0	       0	       0	       1	       0	       0	       0	       1	       0	       0	       0	       0	       0	       0	       1	       0	       0	       0	      -1	       0	       0	       1	      -1	       0	       0	      -1	       0	       1	       0	      -1	       0	       0	       0	      -1	       0	      -1	       0	      -1	       0	       1	       0	       0	       1	       0	      -1	       1	       1	       0	       0	       0	       0	       0	      -1	       0	       0	       1	       0	       0	      -1	       0	       0	       0	       0	       0	       0	       0	       0	      -1	       0	       0	       0	       0	       0	       1	       1	       0	       0	       0	      -1	       0	       0	       0	      -1	       0	      -1	       0	       0	       0	       0	       1	       0	      -1	       0	       0	       0	       0	      -1	       0	       0	      -1	      -1	       1	       0	       0	       0	      -1	      -1	      -1	       0	
test 5        0	       0	       0	       0	       0	       0	       0	       0	       0	       0	       0	       0	       0	       0	       0	       0	       0	       0	       0	       0	       0	       0	       0	       0	       0	       0	       0	       0	       0	       0	       0	       0	       0	       0	       0	       0	       0	       0	       0	       0	       0	       0	       0	       0	       0	       0	       0	       0	       0	       0	       0	       0	       0	       0	       0	       0	       0	       0	       0	       0	       0	       0	       0	       0	       0	       0	       0	       0	       0	       0	       0	       0	       0	       0	       0	       0	       0	       0	       0	       0	       0	       0	       0	       0	       0	       0	       0	       0	       0	       0	       0	       0	       0	       0	       0	       0	       0	       0	       0	       0	       0	       0	       0	       0	       0	       0	       0	       0	       0	       0	       0	       0	       0	       0	       0	       0	       0	       0	       0	       0	       0	       0	       0	       0	       0	       0	       0	       0	       0	       0	       0	       0	       0	       0	       0	       0	       0	       0	       0	       0	       0	       0	       0	       0	       0	       0	       0	       0	       0	       0	       0	       0	       0	       0	       0	       0	       0	       0	       0	       0	       0	       0	       0	       0	       0	       0	       0	       0	       0	       0	       0	       0	       0	       0	       0	       0	       0	       0	       0	       0	       0	       0	       0	       0	       0	       0	       0	       0	       0	       0	       0	       0	       0	       0	       0	       0	       0	       0	       0	       0	       0	       0	       0	       0	       0	       0	       0	       0	       0	       0	       0	       0	       0	       0	       0	       0	       0	       0	       0	       0	       0	       0	       0	       0	       0	       0	       0	       0	       0	       0	       0	       0	       0	       0	       0	       0	       0	       0	       0	       0	       0	
pred 6        0	      -1	       0	       0	       0	       0	       0	      -1	       0	       0	       0	       1	       0	       1	       0	       0	       0	      -1	      -1	      -1	      -1	       0	       1	       1	       0	      -1	       1	       0	       0	       0	       0	      -1	       0	       0	       0	       0	       0	       0	       0	       0	       0	      -1	       0	       0	       0	       1	       0	       0	       0	      -1	       0	      -1	       0	       0	       0	       0	       0	      -1	      -1	       0	       1	       0	      -1	       1	       0	       0	       0	       0	       0	       1	       0	       1	       0	       0	       0	       0	       1	       0	       1	       0	       0	       1	       0	       0	       1	       0	       1	       0	       0	       0	       0	       0	       0	       1	      -1	       0	       0	       1	       0	       0	       0	       0	      -1	      -1	       1	       0	       0	       0	       0	       1	       0	       0	       0	       0	       0	       0	       0	      -1	       1	       0	       0	       0	       0	      -1	      -1	       1	       0	       0	       0	       0	       0	       0	       0	       0	       0	       1	       0	       0	       0	       1	       0	       0	       0	       0	       0	       0	       1	       0	       0	       0	      -1	       0	       0	       1	      -1	       0	       0	      -1	       0	       1	       0	      -1	       0	       0	       0	      -1	       0	      -1	       0	      -1	       0	       1	       0	       0	       1	       0	      -1	       1	       1	       0	       0	       0	       0	       0	      -1	       0	       0	       1	       0	       0	      -1	       0	       0	       0	       0	       0	       0	       0	       0	      -1	       0	       0	       0	       0	       0	       1	       1	       0	       0	       0	      -1	       0	       0	       0	      -1	       0	      -1	       0	       0	       0	       0	       1	       0	      -1	       0	       0	       0	       0	      -1	       0	       0	      -1	      -1	       1	       0	       0	       0	      -1	      -1	      -1	       0	
test 6        0	       0	       0	       0	       0	       0	       0	       0	       0	       0	       0	       0	       0	       0	       0	       0	       0	       0	       0	       0	       0	       0	       0	       0	       0	       0	       0	       0	       0	       0	       0	       0	       0	       0	       0	       0	       0	       0	       0	       0	       0	       0	       0	       0	       0	       0	       0	       0	       0	       0	       0	       0	       0	       0	       0	       0	       0	       0	       0	       0	       0	       0	       0	       0	       0	       0	       0	       0	       0	       0	       0	       0	       0	       0	       0	       0	       0	       0	       0	       0	       0	       0	       0	       0	       0	       0	       0	       0	       0	       0	       0	       0	       0	       0	       0	       0	       0	       0	       0	       0	       0	       0	       0	       0	       0	       0	       0	       0	       0	       0	       0	       0	       0	       0	       0	       0	       0	       0	       0	       0	       0	       0	       0	       0	       0	       0	       0	       0	       0	       0	       0	       0	       0	       0	       0	       0	       0	       0	       0	       0	       0	       0	       0	       0	       0	       0	       0	       0	       0	       0	       0	       0	       0	       0	       0	       0	       0	       0	       0	       0	       0	       0	       0	       0	       0	       0	       0	       0	       0	       0	       0	       0	       0	       0	       0	       0	       0	       0	       0	       0	       0	       0	       0	       0	       0	       0	       0	       0	       0	       0	       0	       0	       0	       0	       0	       0	       0	       0	       0	       0	       0	       0	       0	       0	       0	       0	       0	       0	       0	       0	       0	       0	       0	       0	       0	       0	       0	       0	       0	       0	       0	       0	       0	       0	       0	       0	       0	       0	       0	       0	       0	       0	       0	       0	       0	       0	       0	       0	       0	       0	       0	
------
confusion matrix:
[[  4  16   3]
 [136 508 117]
 [147 631 125]]
macro f1: 0.25794929506783304
micro f1: 0.3775933609958506
weighted f1: 0.04488023743033409
class -1 f1: 0.025806451612903226
class  0 f1: 0.5302713987473904
class  1 f1: 0.21777003484320556
average label-wise acc: 37.76%



======
ryhB
=====


before pretrain
--------------------
label        0	       1	       2	       3	       4	       5	       6	       7	       8	       9	      10	      11	      12	      13	      14	      15	      16	      17	      18	      19	      20	      21	      22	      23	      24	      25	      26	      27	      28	      29	      30	      31	      32	      33	      34	      35	      36	      37	      38	      39	      40	      41	      42	      43	      44	      45	      46	      47	      48	      49	      50	      51	      52	      53	      54	      55	      56	      57	      58	      59	      60	      61	      62	      63	      64	      65	      66	      67	      68	      69	      70	      71	      72	      73	      74	      75	      76	      77	      78	      79	      80	      81	      82	      83	      84	      85	      86	      87	      88	      89	      90	      91	      92	      93	      94	      95	      96	      97	      98	      99	     100	     101	     102	     103	     104	     105	     106	     107	     108	     109	     110	     111	     112	     113	     114	     115	     116	     117	     118	     119	     120	     121	     122	     123	     124	     125	     126	     127	     128	     129	     130	     131	     132	     133	     134	     135	     136	     137	     138	     139	     140	     141	     142	     143	     144	     145	     146	     147	     148	     149	     150	     151	     152	     153	     154	     155	     156	     157	     158	     159	     160	     161	     162	     163	     164	     165	     166	     167	     168	     169	     170	     171	     172	     173	     174	     175	     176	     177	     178	     179	     180	     181	     182	     183	     184	     185	     186	     187	     188	     189	     190	     191	     192	     193	     194	     195	     196	     197	     198	     199	     200	     201	     202	     203	     204	     205	     206	     207	     208	     209	     210	     211	     212	     213	     214	     215	     216	     217	     218	     219	     220	     221	     222	     223	     224	     225	     226	     227	     228	     229	     230	     231	     232	     233	     234	     235	     236	     237	     238	     239	     240	
   acc    0.00%	   0.00%	   0.00%	 100.00%	 100.00%	   0.00%	  14.29%	 100.00%	  42.86%	  71.43%	   0.00%	  85.71%	   0.00%	  14.29%	   0.00%	  14.29%	  14.29%	  28.57%	  85.71%	  85.71%	  85.71%	   0.00%	   0.00%	   0.00%	 100.00%	   0.00%	   0.00%	  85.71%	   0.00%	   0.00%	   0.00%	   0.00%	  14.29%	 100.00%	   0.00%	   0.00%	  85.71%	   0.00%	 100.00%	   0.00%	  85.71%	  14.29%	 100.00%	   0.00%	   0.00%	  14.29%	  14.29%	 100.00%	   0.00%	  14.29%	  14.29%	   0.00%	  57.14%	  28.57%	   0.00%	   0.00%	   0.00%	   0.00%	  85.71%	  14.29%	  14.29%	  85.71%	   0.00%	  28.57%	  71.43%	  85.71%	  85.71%	  14.29%	   0.00%	  57.14%	   0.00%	  28.57%	  14.29%	   0.00%	   0.00%	   0.00%	   0.00%	  85.71%	  14.29%	   0.00%	   0.00%	  85.71%	   0.00%	   0.00%	   0.00%	   0.00%	   0.00%	   0.00%	  85.71%	  71.43%	  85.71%	  28.57%	  85.71%	   0.00%	  42.86%	  14.29%	  14.29%	  28.57%	   0.00%	  28.57%	   0.00%	   0.00%	   0.00%	  14.29%	  71.43%	   0.00%	 100.00%	   0.00%	   0.00%	  85.71%	 100.00%	  28.57%	   0.00%	   0.00%	 100.00%	  85.71%	 100.00%	   0.00%	   0.00%	   0.00%	  28.57%	   0.00%	  42.86%	  57.14%	  71.43%	 100.00%	   0.00%	  71.43%	  85.71%	  14.29%	   0.00%	 100.00%	   0.00%	  85.71%	 100.00%	 100.00%	 100.00%	   0.00%	  85.71%	  71.43%	   0.00%	   0.00%	  14.29%	   0.00%	  14.29%	  14.29%	   0.00%	   0.00%	   0.00%	   0.00%	  57.14%	  71.43%	   0.00%	   0.00%	   0.00%	 100.00%	   0.00%	   0.00%	   0.00%	  42.86%	 100.00%	   0.00%	  57.14%	  14.29%	   0.00%	   0.00%	 100.00%	   0.00%	  14.29%	   0.00%	  85.71%	  71.43%	  85.71%	   0.00%	   0.00%	  57.14%	  14.29%	  28.57%	  14.29%	 100.00%	   0.00%	  42.86%	   0.00%	  28.57%	   0.00%	  28.57%	  85.71%	  14.29%	  57.14%	   0.00%	  42.86%	   0.00%	   0.00%	   0.00%	   0.00%	   0.00%	  85.71%	   0.00%	   0.00%	 100.00%	   0.00%	  28.57%	  85.71%	 100.00%	   0.00%	  14.29%	   0.00%	   0.00%	   0.00%	  14.29%	   0.00%	   0.00%	   0.00%	  14.29%	 100.00%	 100.00%	  14.29%	   0.00%	   0.00%	 100.00%	  14.29%	  57.14%	 100.00%	   0.00%	  85.71%	  85.71%	  14.29%	  85.71%	  71.43%	   0.00%	   0.00%	   0.00%	 100.00%	   0.00%	   0.00%	  57.14%	   0.00%	  14.29%	   0.00%	   0.00%	 100.00%	
    f1   0.0000	  0.0000	  0.0000	  1.0000	  1.0000	  0.0000	  0.1250	  1.0000	  0.3000	  0.4167	  0.0000	  0.4615	  0.0000	  0.1250	  0.0000	  0.0833	  0.0833	  0.2222	  0.4615	  0.4615	  0.4615	  0.0000	  0.0000	  0.0000	  1.0000	  0.0000	  0.0000	  0.4615	  0.0000	  0.0000	  0.0000	  0.0000	  0.1250	  1.0000	  0.0000	  0.0000	  0.4615	  0.0000	  1.0000	  0.0000	  0.4615	  0.1250	  1.0000	  0.0000	  0.0000	  0.1250	  0.1250	  1.0000	  0.0000	  0.1250	  0.1250	  0.0000	  0.3636	  0.2222	  0.0000	  0.0000	  0.0000	  0.0000	  0.4615	  0.1250	  0.0833	  0.4615	  0.0000	  0.2222	  0.4167	  0.4615	  0.4615	  0.1250	  0.0000	  0.3636	  0.0000	  0.2222	  0.1250	  0.0000	  0.0000	  0.0000	  0.0000	  0.4615	  0.1250	  0.0000	  0.0000	  0.4615	  0.0000	  0.0000	  0.0000	  0.0000	  0.0000	  0.0000	  0.4615	  0.4167	  0.4615	  0.2222	  0.4615	  0.0000	  0.3000	  0.1250	  0.1250	  0.2222	  0.0000	  0.1481	  0.0000	  0.0000	  0.0000	  0.1250	  0.4167	  0.0000	  1.0000	  0.0000	  0.0000	  0.4615	  1.0000	  0.2222	  0.0000	  0.0000	  1.0000	  0.4615	  1.0000	  0.0000	  0.0000	  0.0000	  0.2222	  0.0000	  0.3000	  0.3636	  0.4167	  1.0000	  0.0000	  0.4167	  0.4615	  0.1250	  0.0000	  1.0000	  0.0000	  0.4615	  1.0000	  1.0000	  1.0000	  0.0000	  0.4615	  0.4167	  0.0000	  0.0000	  0.1250	  0.0000	  0.1250	  0.1250	  0.0000	  0.0000	  0.0000	  0.0000	  0.3636	  0.4167	  0.0000	  0.0000	  0.0000	  1.0000	  0.0000	  0.0000	  0.0000	  0.3000	  1.0000	  0.0000	  0.3636	  0.1250	  0.0000	  0.0000	  1.0000	  0.0000	  0.1250	  0.0000	  0.4615	  0.4167	  0.4615	  0.0000	  0.0000	  0.3636	  0.1250	  0.2222	  0.0833	  1.0000	  0.0000	  0.3000	  0.0000	  0.2222	  0.0000	  0.2222	  0.4615	  0.1250	  0.3636	  0.0000	  0.3000	  0.0000	  0.0000	  0.0000	  0.0000	  0.0000	  0.4615	  0.0000	  0.0000	  1.0000	  0.0000	  0.2222	  0.4615	  1.0000	  0.0000	  0.1250	  0.0000	  0.0000	  0.0000	  0.1250	  0.0000	  0.0000	  0.0000	  0.1250	  1.0000	  1.0000	  0.1250	  0.0000	  0.0000	  1.0000	  0.1250	  0.3636	  1.0000	  0.0000	  0.4615	  0.4615	  0.1250	  0.4615	  0.4167	  0.0000	  0.0000	  0.0000	  1.0000	  0.0000	  0.0000	  0.3636	  0.0000	  0.1250	  0.0000	  0.0000	  1.0000	
pred 0        1	      -1	      -1	       0	       0	      -1	      -1	       0	       1	       0	       1	       0	       1	       1	       1	      -1	       1	       1	       0	       0	       0	      -1	       1	      -1	       0	      -1	      -1	       0	       1	      -1	      -1	      -1	      -1	       0	       1	      -1	       0	       1	       0	      -1	       0	      -1	       0	       1	       1	      -1	      -1	       0	      -1	       1	       1	      -1	       0	       1	      -1	      -1	       1	      -1	       0	       1	      -1	       0	      -1	       1	       0	       0	       0	       1	      -1	       0	      -1	       1	       1	       1	       1	      -1	      -1	       0	       1	      -1	      -1	       0	      -1	       1	       1	      -1	      -1	      -1	       0	       0	       0	       1	       0	      -1	       1	       1	       1	       1	      -1	      -1	      -1	      -1	      -1	      -1	       0	      -1	       0	       1	      -1	       0	       0	       1	      -1	       1	       0	       0	       0	       1	       1	       1	      -1	       1	      -1	       0	       0	       0	       1	       0	       0	      -1	      -1	       0	       1	       0	       0	       0	       0	       1	       0	       0	      -1	      -1	      -1	      -1	       1	       1	      -1	       1	       1	      -1	       0	       0	      -1	       1	      -1	       0	       1	      -1	       1	       1	       0	      -1	       0	       1	       1	      -1	       0	      -1	      -1	      -1	       0	       0	       0	      -1	      -1	       0	       1	       1	       1	       0	      -1	       1	      -1	       1	       1	      -1	       0	      -1	       0	      -1	       1	      -1	       1	      -1	      -1	       1	       0	      -1	      -1	       0	      -1	       1	       0	       0	      -1	       1	       1	       1	       1	       1	       1	       1	      -1	       1	       0	       0	      -1	       1	      -1	       0	       1	       0	       0	       1	       0	       0	       1	       0	       0	       1	      -1	      -1	       0	      -1	      -1	       1	       1	       1	       1	      -1	       0	
test 0        0	       0	       0	       0	       0	       0	       0	       0	       1	       1	       0	       0	       0	       0	      -1	       0	      -1	       0	       0	       0	       0	       0	       0	       0	       0	       0	       1	       0	       0	       0	       0	       0	       0	       0	       0	       0	       0	       0	       0	       0	       0	       0	       0	       0	       0	       0	       0	       0	       0	       0	       0	       0	       1	       0	       0	       0	       0	       0	       0	       0	       1	       0	       1	       0	      -1	       0	       0	       0	       0	       1	       0	       0	       0	       0	       0	       0	       0	       0	       0	       0	       0	       0	       0	       0	       0	       0	       1	       0	       0	       0	       0	       0	       0	       0	       1	       0	       0	       0	       0	      -1	       0	       0	       0	       0	      -1	       0	       0	       0	       0	       0	       0	       0	       0	       0	       0	       0	       0	       0	       0	       0	      -1	       0	      -1	      -1	      -1	       0	      -1	       1	       0	       0	       0	       0	       0	       0	       0	       0	       0	      -1	       0	       1	       1	       0	       0	       0	       0	       0	       0	       0	       0	       0	       1	       0	       0	       0	       0	       0	       0	       0	       0	       1	       0	       1	       1	       0	       0	       0	       0	       0	       0	       0	       0	       0	       0	       0	       0	       1	       0	       0	      -1	       0	       0	       1	       1	       1	       0	      -1	       0	       0	       1	       0	       1	       0	       0	       0	       0	       0	       0	       0	       0	       0	       1	       0	       0	       0	       0	       0	       0	       0	       0	       0	       0	       0	       0	       0	       0	       0	       0	       0	       0	       0	       0	       1	       0	       0	       0	       0	       0	       0	       0	       0	       0	       0	       0	       0	       1	       1	       0	       0	      -1	       0	       0	
pred 1        1	      -1	      -1	       0	       0	      -1	      -1	       0	       1	       0	       1	       0	       1	       1	       1	      -1	       1	       1	       0	       0	       0	      -1	       1	      -1	       0	      -1	      -1	       0	       1	      -1	      -1	      -1	      -1	       0	       1	      -1	       0	       1	       0	      -1	       0	      -1	       0	       1	       1	      -1	      -1	       0	      -1	       1	       1	      -1	       0	       1	      -1	      -1	       1	      -1	       0	       1	      -1	       0	      -1	       1	       0	       0	       0	       1	      -1	       0	      -1	       1	       1	       1	       1	      -1	      -1	       0	       1	      -1	      -1	       0	      -1	       1	       1	      -1	      -1	      -1	       0	       0	       0	       1	       0	      -1	       1	       1	       1	       1	      -1	      -1	      -1	      -1	      -1	      -1	       0	      -1	       0	       1	      -1	       0	       0	       1	      -1	       1	       0	       0	       0	       1	       1	       1	      -1	       1	      -1	       0	       0	       0	       1	       0	       0	      -1	      -1	       0	       1	       0	       0	       0	       0	       1	       0	       0	      -1	      -1	      -1	      -1	       1	       1	      -1	       1	       1	      -1	       0	       0	      -1	       1	      -1	       0	       1	      -1	       1	       1	       0	      -1	       0	       1	       1	      -1	       0	      -1	      -1	      -1	       0	       0	       0	      -1	      -1	       0	       1	       1	       1	       0	      -1	       1	      -1	       1	       1	      -1	       0	      -1	       0	      -1	       1	      -1	       1	      -1	      -1	       1	       0	      -1	      -1	       0	      -1	       1	       0	       0	      -1	       1	       1	       1	       1	       1	       1	       1	      -1	       1	       0	       0	      -1	       1	      -1	       0	       1	       0	       0	       1	       0	       0	       1	       0	       0	       1	      -1	      -1	       0	      -1	      -1	       1	       1	       1	       1	      -1	       0	
test 1        0	       0	       1	       0	       0	       0	      -1	       0	       1	       0	       0	       1	       0	       1	      -1	      -1	      -1	       0	      -1	       0	       1	       0	       0	       0	       0	       1	       1	       0	       0	       0	       0	       0	      -1	       0	       0	       0	       0	       0	       0	       0	      -1	      -1	       0	      -1	      -1	      -1	      -1	       0	       0	       1	       1	       1	       1	       1	       1	       1	       0	       1	       1	       0	      -1	       1	       1	       1	      -1	       1	       1	       1	       0	       1	       1	       1	       1	       0	       0	       1	       0	       1	       1	       1	       0	       1	       0	       0	      -1	       0	       1	       0	       1	       1	      -1	       1	       1	       1	       1	       1	       1	       1	       1	      -1	       0	       0	       0	      -1	      -1	       0	       0	       0	       1	       0	       0	       1	       0	       0	       0	      -1	       0	       0	      -1	      -1	      -1	       0	      -1	      -1	      -1	       0	      -1	       0	       1	      -1	       0	       0	       0	       1	       0	       0	       0	      -1	       0	       0	       0	       1	      -1	       0	       0	       0	       0	      -1	       0	       1	       1	       1	       0	       0	       0	       0	      -1	       0	       0	       1	       0	       1	       1	       1	       0	       0	       0	       0	      -1	       0	      -1	       1	      -1	       0	       1	       1	       1	       1	       1	       0	       0	       1	       0	       0	      -1	      -1	      -1	      -1	       1	       0	       1	       0	       0	       0	       1	       0	       1	       1	       0	       0	       1	       1	      -1	       0	       1	       1	       0	       0	       0	       1	       0	       0	       0	       0	       0	       0	      -1	       0	       0	       0	       1	       1	       0	       0	       0	       1	       1	       1	       1	      -1	       1	       1	       0	       1	       1	       1	       0	       1	      -1	       1	       0	
pred 2        1	      -1	      -1	       0	       0	      -1	      -1	       0	       1	       0	       1	       0	       1	       1	       1	      -1	       1	       1	       0	       0	       0	      -1	       1	      -1	       0	      -1	      -1	       0	       1	      -1	      -1	      -1	      -1	       0	       1	      -1	       0	       1	       0	      -1	       0	      -1	       0	       1	       1	      -1	      -1	       0	      -1	       1	       1	      -1	       0	       1	      -1	      -1	       1	      -1	       0	       1	      -1	       0	      -1	       1	       0	       0	       0	       1	      -1	       0	      -1	       1	       1	       1	       1	      -1	      -1	       0	       1	      -1	      -1	       0	      -1	       1	       1	      -1	      -1	      -1	       0	       0	       0	       1	       0	      -1	       1	       1	       1	       1	      -1	      -1	      -1	      -1	      -1	      -1	       0	      -1	       0	       1	      -1	       0	       0	       1	      -1	       1	       0	       0	       0	       1	       1	       1	      -1	       1	      -1	       0	       0	       0	       1	       0	       0	      -1	      -1	       0	       1	       0	       0	       0	       0	       1	       0	       0	      -1	      -1	      -1	      -1	       1	       1	      -1	       1	       1	      -1	       0	       0	      -1	       1	      -1	       0	       1	      -1	       1	       1	       0	      -1	       0	       1	       1	      -1	       0	      -1	      -1	      -1	       0	       0	       0	      -1	      -1	       0	       1	       1	       1	       0	      -1	       1	      -1	       1	       1	      -1	       0	      -1	       0	      -1	       1	      -1	       1	      -1	      -1	       1	       0	      -1	      -1	       0	      -1	       1	       0	       0	      -1	       1	       1	       1	       1	       1	       1	       1	      -1	       1	       0	       0	      -1	       1	      -1	       0	       1	       0	       0	       1	       0	       0	       1	       0	       0	       1	      -1	      -1	       0	      -1	      -1	       1	       1	       1	       1	      -1	       0	
test 2        0	       0	       1	       0	       0	       0	       0	       0	       1	       1	       0	       0	       0	       0	      -1	       0	      -1	       1	       0	       0	       0	       0	       0	       0	       0	       0	       1	      -1	       0	       0	       0	       0	       0	       0	       0	       0	       0	       0	       0	       0	       0	       0	       0	       0	       0	       0	       0	       0	       0	       0	       0	       0	       1	       1	       0	       0	       0	       1	       0	       1	       1	       0	       1	       1	       0	       0	       0	       0	       0	       1	       0	       1	       0	       0	       0	       0	       0	       0	       0	       0	       0	       0	       0	       0	       0	       0	       1	       0	       0	       1	       0	       1	       0	       0	       1	       0	       0	       1	       0	       0	       0	       0	       0	       0	       0	       0	       0	       0	       1	       1	       0	       1	       0	       0	       0	       0	       0	       0	       0	       0	       0	       0	      -1	      -1	       0	       0	       0	       1	       0	       0	       0	       0	       0	       0	       0	       0	       0	      -1	       0	       1	       1	       0	       0	       0	       0	       0	       0	       0	       0	       0	       1	       1	       0	       0	       0	       0	       0	       0	       0	       1	       0	       1	       1	       0	       0	       0	       0	       0	       0	       0	       0	       1	       0	       0	       0	       1	       0	       0	       0	       0	       0	       1	       1	       1	       0	       0	       0	       0	       1	       0	       1	       0	       0	       0	       0	       0	       0	       0	       0	       0	       1	       1	       0	       0	       0	       0	       0	       0	       0	       0	       0	       0	       0	       1	       0	       0	       0	       0	       0	       0	       0	       1	       0	       0	      -1	       0	       0	       0	       0	       0	       1	       0	       0	       0	       1	       1	       0	       0	       0	       0	       0	
pred 3        1	      -1	      -1	       0	       0	      -1	      -1	       0	       1	       0	       1	       0	       1	       1	       1	      -1	       1	       1	       0	       0	       0	      -1	       1	      -1	       0	      -1	      -1	       0	       1	      -1	      -1	      -1	      -1	       0	       1	      -1	       0	       1	       0	      -1	       0	      -1	       0	       1	       1	      -1	      -1	       0	      -1	       1	       1	      -1	       0	       1	      -1	      -1	       1	      -1	       0	       1	      -1	       0	      -1	       1	       0	       0	       0	       1	      -1	       0	      -1	       1	       1	       1	       1	      -1	      -1	       0	       1	      -1	      -1	       0	      -1	       1	       1	      -1	      -1	      -1	       0	       0	       0	       1	       0	      -1	       1	       1	       1	       1	      -1	      -1	      -1	      -1	      -1	      -1	       0	      -1	       0	       1	      -1	       0	       0	       1	      -1	       1	       0	       0	       0	       1	       1	       1	      -1	       1	      -1	       0	       0	       0	       1	       0	       0	      -1	      -1	       0	       1	       0	       0	       0	       0	       1	       0	       0	      -1	      -1	      -1	      -1	       1	       1	      -1	       1	       1	      -1	       0	       0	      -1	       1	      -1	       0	       1	      -1	       1	       1	       0	      -1	       0	       1	       1	      -1	       0	      -1	      -1	      -1	       0	       0	       0	      -1	      -1	       0	       1	       1	       1	       0	      -1	       1	      -1	       1	       1	      -1	       0	      -1	       0	      -1	       1	      -1	       1	      -1	      -1	       1	       0	      -1	      -1	       0	      -1	       1	       0	       0	      -1	       1	       1	       1	       1	       1	       1	       1	      -1	       1	       0	       0	      -1	       1	      -1	       0	       1	       0	       0	       1	       0	       0	       1	       0	       0	       1	      -1	      -1	       0	      -1	      -1	       1	       1	       1	       1	      -1	       0	
test 3        0	       0	       0	       0	       0	       0	       0	       0	       0	       0	       0	       0	       0	       0	       0	       0	       0	       0	       0	       0	       0	       0	       0	       0	       0	       0	       0	       0	       0	       0	       0	       0	       0	       0	       0	       0	       0	       0	       0	       0	       0	       0	       0	       0	       0	       0	       0	       0	       0	       0	       0	       0	       0	       0	       0	       0	       0	       0	       0	       0	       0	       0	       0	       0	       0	       0	       0	       0	       0	       0	       0	       0	       0	       0	       0	       0	       0	       0	       0	       0	       0	       0	       0	       0	       0	       0	       0	       0	       0	       0	       0	       0	       0	       0	       0	       0	       0	       0	       0	       0	       0	       0	       0	       0	       0	       0	       0	       0	       0	       0	       0	       0	       0	       0	       0	       0	       0	       0	       0	       0	       0	       0	       0	       0	       0	       0	       0	       0	       0	       0	       0	       0	       0	       0	       0	       0	       0	       0	       0	       0	       0	       0	       0	       0	       0	       0	       0	       0	       0	       0	       0	       0	       0	       0	       0	       0	       0	       0	       0	       0	       0	       0	       0	       0	       0	       0	       0	       0	       0	       0	       0	       0	       0	       0	       0	       0	       0	       0	       0	       0	       0	       0	       0	       0	       0	       0	       0	       0	       0	       0	       0	       0	       0	       0	       0	       0	       0	       0	       0	       0	       0	       0	       0	       0	       0	       0	       0	       0	       0	       0	       0	       0	       0	       0	       0	       0	       0	       0	       0	       0	       0	       0	       0	       0	       0	       0	       0	       0	       0	       0	       0	       0	       0	       0	       0	       0	       0	       0	       0	       0	       0	
pred 4        1	      -1	      -1	       0	       0	      -1	      -1	       0	       1	       0	       1	       0	       1	       1	       1	      -1	       1	       1	       0	       0	       0	      -1	       1	      -1	       0	      -1	      -1	       0	       1	      -1	      -1	      -1	      -1	       0	       1	      -1	       0	       1	       0	      -1	       0	      -1	       0	       1	       1	      -1	      -1	       0	      -1	       1	       1	      -1	       0	       1	      -1	      -1	       1	      -1	       0	       1	      -1	       0	      -1	       1	       0	       0	       0	       1	      -1	       0	      -1	       1	       1	       1	       1	      -1	      -1	       0	       1	      -1	      -1	       0	      -1	       1	       1	      -1	      -1	      -1	       0	       0	       0	       1	       0	      -1	       1	       1	       1	       1	      -1	      -1	      -1	      -1	      -1	      -1	       0	      -1	       0	       1	      -1	       0	       0	       1	      -1	       1	       0	       0	       0	       1	       1	       1	      -1	       1	      -1	       0	       0	       0	       1	       0	       0	      -1	      -1	       0	       1	       0	       0	       0	       0	       1	       0	       0	      -1	      -1	      -1	      -1	       1	       1	      -1	       1	       1	      -1	       0	       0	      -1	       1	      -1	       0	       1	      -1	       1	       1	       0	      -1	       0	       1	       1	      -1	       0	      -1	      -1	      -1	       0	       0	       0	      -1	      -1	       0	       1	       1	       1	       0	      -1	       1	      -1	       1	       1	      -1	       0	      -1	       0	      -1	       1	      -1	       1	      -1	      -1	       1	       0	      -1	      -1	       0	      -1	       1	       0	       0	      -1	       1	       1	       1	       1	       1	       1	       1	      -1	       1	       0	       0	      -1	       1	      -1	       0	       1	       0	       0	       1	       0	       0	       1	       0	       0	       1	      -1	      -1	       0	      -1	      -1	       1	       1	       1	       1	      -1	       0	
test 4        0	       0	       0	       0	       0	       0	       0	       0	       0	       0	       0	       0	       0	       0	       0	       0	       0	       0	       0	       0	       0	       0	       0	       0	       0	       0	       0	       0	       0	       0	       0	       0	       0	       0	       0	       0	       0	       0	       0	       0	       0	       0	       0	       0	       0	       0	       0	       0	       0	       0	       0	       0	       0	       0	       0	       0	       0	       0	       0	       0	       0	       0	       0	       0	       0	       0	       0	       0	       0	       0	       0	       0	       0	       0	       0	       0	       0	       0	       0	       0	       0	       0	       0	       0	       0	       0	       0	       0	       0	       0	       0	       0	       0	       0	       0	       0	       0	       0	       0	       0	       0	       0	       0	       0	       0	       0	       0	       0	       0	       0	       0	       0	       0	       0	       0	       0	       0	       0	       0	       0	       0	       0	       0	       0	       0	       0	       0	       0	       0	       0	       0	       0	       0	       0	       0	       0	       0	       0	       0	       0	       0	       0	       0	       0	       0	       0	       0	       0	       0	       0	       0	       0	       0	       0	       0	       0	       0	       0	       0	       0	       0	       0	       0	       0	       0	       0	       0	       0	       0	       0	       0	       0	       0	       0	       0	       0	       0	       0	       0	       0	       0	       0	       0	       0	       0	       0	       0	       0	       0	       0	       0	       0	       0	       0	       0	       0	       0	       0	       0	       0	       0	       0	       0	       0	       0	       0	       0	       0	       0	       0	       0	       0	       0	       0	       0	       0	       0	       0	       0	       0	       0	       0	       0	       0	       0	       0	       0	       0	       0	       0	       0	       0	       0	       0	       0	       0	       0	       0	       0	       0	       0	
pred 5        1	      -1	      -1	       0	       0	      -1	      -1	       0	       1	       0	       1	       0	       1	       1	       1	      -1	       1	       1	       0	       0	       0	      -1	       1	      -1	       0	      -1	      -1	       0	       1	      -1	      -1	      -1	      -1	       0	       1	      -1	       0	       1	       0	      -1	       0	      -1	       0	       1	       1	      -1	      -1	       0	      -1	       1	       1	      -1	       0	       1	      -1	      -1	       1	      -1	       0	       1	      -1	       0	      -1	       1	       0	       0	       0	       1	      -1	       0	      -1	       1	       1	       1	       1	      -1	      -1	       0	       1	      -1	      -1	       0	      -1	       1	       1	      -1	      -1	      -1	       0	       0	       0	       1	       0	      -1	       1	       1	       1	       1	      -1	      -1	      -1	      -1	      -1	      -1	       0	      -1	       0	       1	      -1	       0	       0	       1	      -1	       1	       0	       0	       0	       1	       1	       1	      -1	       1	      -1	       0	       0	       0	       1	       0	       0	      -1	      -1	       0	       1	       0	       0	       0	       0	       1	       0	       0	      -1	      -1	      -1	      -1	       1	       1	      -1	       1	       1	      -1	       0	       0	      -1	       1	      -1	       0	       1	      -1	       1	       1	       0	      -1	       0	       1	       1	      -1	       0	      -1	      -1	      -1	       0	       0	       0	      -1	      -1	       0	       1	       1	       1	       0	      -1	       1	      -1	       1	       1	      -1	       0	      -1	       0	      -1	       1	      -1	       1	      -1	      -1	       1	       0	      -1	      -1	       0	      -1	       1	       0	       0	      -1	       1	       1	       1	       1	       1	       1	       1	      -1	       1	       0	       0	      -1	       1	      -1	       0	       1	       0	       0	       1	       0	       0	       1	       0	       0	       1	      -1	      -1	       0	      -1	      -1	       1	       1	       1	       1	      -1	       0	
test 5        0	       0	       0	       0	       0	       0	       0	       0	       0	       0	       0	       0	       0	       0	       0	       0	       0	       0	       0	       0	       0	       0	       0	       0	       0	       0	       0	       0	       0	       0	       0	       0	       0	       0	       0	       0	       0	       0	       0	       0	       0	       0	       0	       0	       0	       0	       0	       0	       0	       0	       0	       0	       0	       0	       0	       0	       0	       0	       0	       0	       0	       0	       0	       0	       0	       0	       0	       0	       0	       0	       0	       0	       0	       0	       0	       0	       0	       0	       0	       0	       0	       0	       0	       0	       0	       0	       0	       0	       0	       0	       0	       0	       0	       0	       0	       0	       0	       0	       0	       0	       0	       0	       0	       0	       0	       0	       0	       0	       0	       0	       0	       0	       0	       0	       0	       0	       0	       0	       0	       0	       0	       0	       0	       0	       0	       0	       0	       0	       0	       0	       0	       0	       0	       0	       0	       0	       0	       0	       0	       0	       0	       0	       0	       0	       0	       0	       0	       0	       0	       0	       0	       0	       0	       0	       0	       0	       0	       0	       0	       0	       0	       0	       0	       0	       0	       0	       0	       0	       0	       0	       0	       0	       0	       0	       0	       0	       0	       0	       0	       0	       0	       0	       0	       0	       0	       0	       0	       0	       0	       0	       0	       0	       0	       0	       0	       0	       0	       0	       0	       0	       0	       0	       0	       0	       0	       0	       0	       0	       0	       0	       0	       0	       0	       0	       0	       0	       0	       0	       0	       0	       0	       0	       0	       0	       0	       0	       0	       0	       0	       0	       0	       0	       0	       0	       0	       0	       0	       0	       0	       0	       0	
pred 6        1	      -1	      -1	       0	       0	      -1	      -1	       0	       1	       0	       1	       0	       1	       1	       1	      -1	       1	       1	       0	       0	       0	      -1	       1	      -1	       0	      -1	      -1	       0	       1	      -1	      -1	      -1	      -1	       0	       1	      -1	       0	       1	       0	      -1	       0	      -1	       0	       1	       1	      -1	      -1	       0	      -1	       1	       1	      -1	       0	       1	      -1	      -1	       1	      -1	       0	       1	      -1	       0	      -1	       1	       0	       0	       0	       1	      -1	       0	      -1	       1	       1	       1	       1	      -1	      -1	       0	       1	      -1	      -1	       0	      -1	       1	       1	      -1	      -1	      -1	       0	       0	       0	       1	       0	      -1	       1	       1	       1	       1	      -1	      -1	      -1	      -1	      -1	      -1	       0	      -1	       0	       1	      -1	       0	       0	       1	      -1	       1	       0	       0	       0	       1	       1	       1	      -1	       1	      -1	       0	       0	       0	       1	       0	       0	      -1	      -1	       0	       1	       0	       0	       0	       0	       1	       0	       0	      -1	      -1	      -1	      -1	       1	       1	      -1	       1	       1	      -1	       0	       0	      -1	       1	      -1	       0	       1	      -1	       1	       1	       0	      -1	       0	       1	       1	      -1	       0	      -1	      -1	      -1	       0	       0	       0	      -1	      -1	       0	       1	       1	       1	       0	      -1	       1	      -1	       1	       1	      -1	       0	      -1	       0	      -1	       1	      -1	       1	      -1	      -1	       1	       0	      -1	      -1	       0	      -1	       1	       0	       0	      -1	       1	       1	       1	       1	       1	       1	       1	      -1	       1	       0	       0	      -1	       1	      -1	       0	       1	       0	       0	       1	       0	       0	       1	       0	       0	       1	      -1	      -1	       0	      -1	      -1	       1	       1	       1	       1	      -1	       0	
test 6        0	       0	       0	       0	       0	       0	       0	       0	       0	       0	       0	       0	       0	       0	       0	       1	       1	       1	       0	       1	       0	       0	       0	       0	       0	       0	       0	       0	       0	       0	       0	       0	       0	       0	       0	       0	       1	       0	       0	       0	       0	       0	       0	       0	       0	       0	       0	       0	       0	       0	       0	       0	       0	       0	       0	       0	       0	       0	       0	       0	       0	       0	       0	       0	       0	       0	       0	       0	       0	       0	       0	       0	       0	       0	       0	       0	       0	       0	       0	       0	       0	       0	       0	       0	       0	       0	       0	       0	       0	       0	       0	       0	       0	       0	       0	       0	       0	       0	       0	       1	       0	       0	       0	       0	       0	       0	       0	       0	       0	       0	       0	       0	       0	       0	       0	       0	       0	       0	       0	       0	       0	       0	       0	       0	       0	       0	       0	       0	       0	       0	       0	       0	       0	       0	       0	       0	       0	       0	       1	       0	       0	       0	       0	       0	       1	       1	       0	       0	       0	       0	       0	       0	       0	       0	       0	       0	       0	       0	       0	       0	       0	       0	       0	       0	       0	       0	       0	       1	       0	       0	       0	       0	       0	       0	       0	       0	       0	       1	       0	       0	       0	       0	       0	       0	       0	       0	       0	       0	       0	       0	       0	       0	       0	       0	       0	       0	       0	       0	       0	       0	       0	       0	       0	       0	       0	       0	       0	       0	       0	       0	       0	       0	       0	       0	       0	       0	       0	       0	       0	       0	       0	       0	       0	       0	       0	       0	       0	       0	       1	       0	       0	       0	       0	       0	       0	       1	       0	       0	       0	       0	       0	
------
confusion matrix:
[[ 22  19  23]
 [520 459 477]
 [ 53  54  60]]
macro f1: 0.23120011733326926
micro f1: 0.3206876111440427
weighted f1: 0.10532777011394501
class -1 f1: 0.06676783004552352
class  0 f1: 0.46177062374245476
class  1 f1: 0.16506189821182943
average label-wise acc: 32.07%


after pretrain
--------------------
label        0	       1	       2	       3	       4	       5	       6	       7	       8	       9	      10	      11	      12	      13	      14	      15	      16	      17	      18	      19	      20	      21	      22	      23	      24	      25	      26	      27	      28	      29	      30	      31	      32	      33	      34	      35	      36	      37	      38	      39	      40	      41	      42	      43	      44	      45	      46	      47	      48	      49	      50	      51	      52	      53	      54	      55	      56	      57	      58	      59	      60	      61	      62	      63	      64	      65	      66	      67	      68	      69	      70	      71	      72	      73	      74	      75	      76	      77	      78	      79	      80	      81	      82	      83	      84	      85	      86	      87	      88	      89	      90	      91	      92	      93	      94	      95	      96	      97	      98	      99	     100	     101	     102	     103	     104	     105	     106	     107	     108	     109	     110	     111	     112	     113	     114	     115	     116	     117	     118	     119	     120	     121	     122	     123	     124	     125	     126	     127	     128	     129	     130	     131	     132	     133	     134	     135	     136	     137	     138	     139	     140	     141	     142	     143	     144	     145	     146	     147	     148	     149	     150	     151	     152	     153	     154	     155	     156	     157	     158	     159	     160	     161	     162	     163	     164	     165	     166	     167	     168	     169	     170	     171	     172	     173	     174	     175	     176	     177	     178	     179	     180	     181	     182	     183	     184	     185	     186	     187	     188	     189	     190	     191	     192	     193	     194	     195	     196	     197	     198	     199	     200	     201	     202	     203	     204	     205	     206	     207	     208	     209	     210	     211	     212	     213	     214	     215	     216	     217	     218	     219	     220	     221	     222	     223	     224	     225	     226	     227	     228	     229	     230	     231	     232	     233	     234	     235	     236	     237	     238	     239	     240	
   acc  100.00%	 100.00%	  71.43%	 100.00%	 100.00%	 100.00%	  85.71%	 100.00%	  57.14%	  71.43%	 100.00%	  85.71%	 100.00%	  85.71%	  57.14%	  71.43%	  42.86%	  71.43%	  85.71%	  85.71%	  85.71%	 100.00%	 100.00%	 100.00%	 100.00%	  85.71%	  57.14%	  85.71%	 100.00%	 100.00%	 100.00%	   0.00%	  85.71%	 100.00%	 100.00%	 100.00%	  85.71%	 100.00%	 100.00%	 100.00%	  85.71%	  85.71%	 100.00%	  85.71%	  85.71%	  85.71%	  85.71%	   0.00%	 100.00%	  85.71%	  85.71%	  85.71%	  57.14%	  71.43%	  85.71%	  85.71%	 100.00%	  71.43%	  85.71%	  85.71%	  57.14%	  85.71%	  57.14%	  71.43%	  71.43%	  85.71%	  85.71%	  85.71%	 100.00%	  57.14%	  85.71%	  71.43%	  85.71%	 100.00%	 100.00%	  85.71%	 100.00%	  85.71%	  85.71%	  85.71%	 100.00%	  85.71%	 100.00%	 100.00%	  85.71%	 100.00%	  57.14%	 100.00%	  85.71%	  71.43%	  85.71%	  71.43%	  85.71%	  85.71%	  57.14%	  85.71%	  85.71%	  71.43%	  85.71%	  57.14%	 100.00%	 100.00%	 100.00%	  85.71%	  71.43%	 100.00%	 100.00%	 100.00%	  71.43%	  85.71%	 100.00%	  71.43%	 100.00%	 100.00%	 100.00%	  85.71%	 100.00%	 100.00%	  85.71%	  85.71%	  71.43%	 100.00%	   0.00%	  57.14%	  71.43%	 100.00%	  71.43%	  71.43%	  85.71%	  85.71%	 100.00%	 100.00%	 100.00%	  85.71%	 100.00%	 100.00%	 100.00%	  57.14%	  85.71%	  71.43%	  71.43%	  85.71%	  85.71%	 100.00%	   0.00%	  85.71%	   0.00%	  85.71%	 100.00%	  85.71%	  57.14%	  71.43%	 100.00%	 100.00%	 100.00%	 100.00%	  85.71%	 100.00%	 100.00%	  57.14%	 100.00%	  57.14%	  57.14%	  85.71%	 100.00%	 100.00%	 100.00%	  85.71%	  85.71%	 100.00%	  85.71%	  71.43%	  85.71%	 100.00%	  85.71%	  57.14%	  85.71%	   0.00%	  71.43%	 100.00%	 100.00%	  57.14%	  71.43%	   0.00%	  85.71%	  71.43%	  14.29%	  85.71%	  57.14%	 100.00%	  57.14%	 100.00%	 100.00%	 100.00%	  85.71%	 100.00%	  85.71%	  85.71%	 100.00%	   0.00%	  57.14%	  71.43%	  85.71%	 100.00%	  85.71%	  85.71%	 100.00%	 100.00%	 100.00%	  85.71%	 100.00%	 100.00%	 100.00%	  85.71%	   0.00%	 100.00%	  85.71%	 100.00%	 100.00%	 100.00%	  85.71%	  57.14%	 100.00%	 100.00%	  85.71%	  85.71%	  85.71%	  85.71%	  71.43%	  85.71%	  71.43%	  85.71%	 100.00%	  85.71%	  57.14%	  42.86%	 100.00%	  85.71%	  71.43%	  85.71%	 100.00%	
    f1   1.0000	  1.0000	  0.4167	  1.0000	  1.0000	  1.0000	  0.4615	  1.0000	  0.3636	  0.4167	  1.0000	  0.4615	  1.0000	  0.4615	  0.3636	  0.2778	  0.2000	  0.4167	  0.4615	  0.4615	  0.4615	  1.0000	  1.0000	  1.0000	  1.0000	  0.4615	  0.3636	  0.4615	  1.0000	  1.0000	  1.0000	  0.0000	  0.4615	  1.0000	  1.0000	  1.0000	  0.4615	  1.0000	  1.0000	  1.0000	  0.4615	  0.4615	  1.0000	  0.4615	  0.4615	  0.4615	  0.4615	  0.0000	  1.0000	  0.4615	  0.4615	  0.4615	  0.3636	  0.4167	  0.4615	  0.4615	  1.0000	  0.4167	  0.4615	  0.4615	  0.2424	  0.4615	  0.3636	  0.4167	  0.4167	  0.4615	  0.4615	  0.4615	  1.0000	  0.3636	  0.4615	  0.4167	  0.4615	  1.0000	  1.0000	  0.4615	  1.0000	  0.4615	  0.4615	  0.4615	  1.0000	  0.4615	  1.0000	  1.0000	  0.4615	  1.0000	  0.3636	  1.0000	  0.4615	  0.4167	  0.4615	  0.4167	  0.4615	  0.4615	  0.3636	  0.4615	  0.4615	  0.4167	  0.4615	  0.2424	  1.0000	  1.0000	  1.0000	  0.4615	  0.4167	  1.0000	  1.0000	  1.0000	  0.4167	  0.4615	  1.0000	  0.4167	  1.0000	  1.0000	  1.0000	  0.4615	  1.0000	  1.0000	  0.4615	  0.4615	  0.4167	  1.0000	  0.0000	  0.3636	  0.4167	  1.0000	  0.4167	  0.4167	  0.4615	  0.4615	  1.0000	  1.0000	  1.0000	  0.4615	  1.0000	  1.0000	  1.0000	  0.3636	  0.4615	  0.4167	  0.4167	  0.4615	  0.4615	  1.0000	  0.0000	  0.4615	  0.0000	  0.4615	  1.0000	  0.4615	  0.3636	  0.4167	  1.0000	  1.0000	  1.0000	  1.0000	  0.4615	  1.0000	  1.0000	  0.3636	  1.0000	  0.3636	  0.3636	  0.4615	  1.0000	  1.0000	  1.0000	  0.4615	  0.4615	  1.0000	  0.4615	  0.4167	  0.4615	  1.0000	  0.4615	  0.3636	  0.4615	  0.0000	  0.2778	  1.0000	  1.0000	  0.3636	  0.4167	  0.0000	  0.4615	  0.4167	  0.1250	  0.4615	  0.3636	  1.0000	  0.3636	  1.0000	  1.0000	  1.0000	  0.4615	  1.0000	  0.4615	  0.4615	  1.0000	  0.0000	  0.3636	  0.4167	  0.4615	  1.0000	  0.4615	  0.4615	  1.0000	  1.0000	  1.0000	  0.4615	  1.0000	  1.0000	  1.0000	  0.4615	  0.0000	  1.0000	  0.4615	  1.0000	  1.0000	  1.0000	  0.4615	  0.3636	  1.0000	  1.0000	  0.4615	  0.4615	  0.4615	  0.4615	  0.4167	  0.4615	  0.4167	  0.4615	  1.0000	  0.4615	  0.3636	  0.3000	  1.0000	  0.4615	  0.4167	  0.4615	  1.0000	
pred 0        0	       0	       0	       0	       0	       0	       0	       0	       0	       0	       0	       0	       0	       0	       0	       0	       0	       0	       0	       0	       0	       0	       0	       0	       0	       0	       0	       0	       0	       0	       0	      -1	       0	       0	       0	       0	       0	       0	       0	       0	       0	       0	       0	       0	       0	       0	       0	      -1	       0	       0	       0	       0	       0	       0	       0	       0	       0	       0	       0	       0	       0	       0	       0	       0	       0	       0	       0	       0	       0	       0	       0	       0	       0	       0	       0	       0	       0	       0	       0	       0	       0	       0	       0	       0	       0	       0	       0	       0	       0	       0	       0	       0	       0	       0	       0	       0	       0	       0	       0	       0	       0	       0	       0	       0	       0	       0	       0	       0	       0	       0	       0	       0	       0	       0	       0	       0	       0	       0	       0	       0	       0	       0	       1	       0	       0	       0	       0	       0	       0	       0	       0	       0	       0	       0	       0	       0	       0	       0	       0	       0	       0	       0	       0	       0	      -1	       0	      -1	       0	       0	       0	       0	       0	       0	       0	       0	       0	       0	       0	       0	       0	       0	       0	       0	       0	       0	       0	       0	       0	       0	       0	       0	       0	       0	       0	       0	       0	       0	      -1	       0	       0	       0	       0	       0	      -1	       0	       0	      -1	       0	       0	       0	       0	       0	       0	       0	       0	       0	       0	       0	       0	       1	       0	       0	       0	       0	       0	       0	       0	       0	       0	       0	       0	       0	       0	       0	      -1	       0	       0	       0	       0	       0	       0	       0	       0	       0	       0	       0	       0	       0	       0	       0	       0	       0	       0	       0	       0	       0	       0	       0	       0	       0	       0	
test 0        0	       0	       0	       0	       0	       0	       0	       0	       1	       1	       0	       0	       0	       0	      -1	       0	      -1	       0	       0	       0	       0	       0	       0	       0	       0	       0	       1	       0	       0	       0	       0	       0	       0	       0	       0	       0	       0	       0	       0	       0	       0	       0	       0	       0	       0	       0	       0	       0	       0	       0	       0	       0	       1	       0	       0	       0	       0	       0	       0	       0	       1	       0	       1	       0	      -1	       0	       0	       0	       0	       1	       0	       0	       0	       0	       0	       0	       0	       0	       0	       0	       0	       0	       0	       0	       0	       0	       1	       0	       0	       0	       0	       0	       0	       0	       1	       0	       0	       0	       0	      -1	       0	       0	       0	       0	      -1	       0	       0	       0	       0	       0	       0	       0	       0	       0	       0	       0	       0	       0	       0	       0	      -1	       0	      -1	      -1	      -1	       0	      -1	       1	       0	       0	       0	       0	       0	       0	       0	       0	       0	      -1	       0	       1	       1	       0	       0	       0	       0	       0	       0	       0	       0	       0	       1	       0	       0	       0	       0	       0	       0	       0	       0	       1	       0	       1	       1	       0	       0	       0	       0	       0	       0	       0	       0	       0	       0	       0	       0	       1	       0	       0	      -1	       0	       0	       1	       1	       1	       0	      -1	       0	       0	       1	       0	       1	       0	       0	       0	       0	       0	       0	       0	       0	       0	       1	       0	       0	       0	       0	       0	       0	       0	       0	       0	       0	       0	       0	       0	       0	       0	       0	       0	       0	       0	       0	       1	       0	       0	       0	       0	       0	       0	       0	       0	       0	       0	       0	       0	       1	       1	       0	       0	      -1	       0	       0	
pred 1        0	       0	       0	       0	       0	       0	       0	       0	       0	       0	       0	       0	       0	       0	       0	       0	       0	       0	       0	       0	       0	       0	       0	       0	       0	       0	       0	       0	       0	       0	       0	      -1	       0	       0	       0	       0	       0	       0	       0	       0	       0	       0	       0	       0	       0	       0	       0	      -1	       0	       0	       0	       0	       0	       0	       0	       0	       0	       0	       0	       0	       0	       0	       0	       0	       0	       0	       0	       0	       0	       0	       0	       0	       0	       0	       0	       0	       0	       0	       0	       0	       0	       0	       0	       0	       0	       0	       0	       0	       0	       0	       0	       0	       0	       0	       0	       0	       0	       0	       0	       0	       0	       0	       0	       0	       0	       0	       0	       0	       0	       0	       0	       0	       0	       0	       0	       0	       0	       0	       0	       0	       0	       0	       1	       0	       0	       0	       0	       0	       0	       0	       0	       0	       0	       0	       0	       0	       0	       0	       0	       0	       0	       0	       0	       0	      -1	       0	      -1	       0	       0	       0	       0	       0	       0	       0	       0	       0	       0	       0	       0	       0	       0	       0	       0	       0	       0	       0	       0	       0	       0	       0	       0	       0	       0	       0	       0	       0	       0	      -1	       0	       0	       0	       0	       0	      -1	       0	       0	      -1	       0	       0	       0	       0	       0	       0	       0	       0	       0	       0	       0	       0	       1	       0	       0	       0	       0	       0	       0	       0	       0	       0	       0	       0	       0	       0	       0	      -1	       0	       0	       0	       0	       0	       0	       0	       0	       0	       0	       0	       0	       0	       0	       0	       0	       0	       0	       0	       0	       0	       0	       0	       0	       0	       0	
test 1        0	       0	       1	       0	       0	       0	      -1	       0	       1	       0	       0	       1	       0	       1	      -1	      -1	      -1	       0	      -1	       0	       1	       0	       0	       0	       0	       1	       1	       0	       0	       0	       0	       0	      -1	       0	       0	       0	       0	       0	       0	       0	      -1	      -1	       0	      -1	      -1	      -1	      -1	       0	       0	       1	       1	       1	       1	       1	       1	       1	       0	       1	       1	       0	      -1	       1	       1	       1	      -1	       1	       1	       1	       0	       1	       1	       1	       1	       0	       0	       1	       0	       1	       1	       1	       0	       1	       0	       0	      -1	       0	       1	       0	       1	       1	      -1	       1	       1	       1	       1	       1	       1	       1	       1	      -1	       0	       0	       0	      -1	      -1	       0	       0	       0	       1	       0	       0	       1	       0	       0	       0	      -1	       0	       0	      -1	      -1	      -1	       0	      -1	      -1	      -1	       0	      -1	       0	       1	      -1	       0	       0	       0	       1	       0	       0	       0	      -1	       0	       0	       0	       1	      -1	       0	       0	       0	       0	      -1	       0	       1	       1	       1	       0	       0	       0	       0	      -1	       0	       0	       1	       0	       1	       1	       1	       0	       0	       0	       0	      -1	       0	      -1	       1	      -1	       0	       1	       1	       1	       1	       1	       0	       0	       1	       0	       0	      -1	      -1	      -1	      -1	       1	       0	       1	       0	       0	       0	       1	       0	       1	       1	       0	       0	       1	       1	      -1	       0	       1	       1	       0	       0	       0	       1	       0	       0	       0	       0	       0	       0	      -1	       0	       0	       0	       1	       1	       0	       0	       0	       1	       1	       1	       1	      -1	       1	       1	       0	       1	       1	       1	       0	       1	      -1	       1	       0	
pred 2        0	       0	       0	       0	       0	       0	       0	       0	       0	       0	       0	       0	       0	       0	       0	       0	       0	       0	       0	       0	       0	       0	       0	       0	       0	       0	       0	       0	       0	       0	       0	      -1	       0	       0	       0	       0	       0	       0	       0	       0	       0	       0	       0	       0	       0	       0	       0	      -1	       0	       0	       0	       0	       0	       0	       0	       0	       0	       0	       0	       0	       0	       0	       0	       0	       0	       0	       0	       0	       0	       0	       0	       0	       0	       0	       0	       0	       0	       0	       0	       0	       0	       0	       0	       0	       0	       0	       0	       0	       0	       0	       0	       0	       0	       0	       0	       0	       0	       0	       0	       0	       0	       0	       0	       0	       0	       0	       0	       0	       0	       0	       0	       0	       0	       0	       0	       0	       0	       0	       0	       0	       0	       0	       1	       0	       0	       0	       0	       0	       0	       0	       0	       0	       0	       0	       0	       0	       0	       0	       0	       0	       0	       0	       0	       0	      -1	       0	      -1	       0	       0	       0	       0	       0	       0	       0	       0	       0	       0	       0	       0	       0	       0	       0	       0	       0	       0	       0	       0	       0	       0	       0	       0	       0	       0	       0	       0	       0	       0	      -1	       0	       0	       0	       0	       0	      -1	       0	       0	      -1	       0	       0	       0	       0	       0	       0	       0	       0	       0	       0	       0	       0	       1	       0	       0	       0	       0	       0	       0	       0	       0	       0	       0	       0	       0	       0	       0	      -1	       0	       0	       0	       0	       0	       0	       0	       0	       0	       0	       0	       0	       0	       0	       0	       0	       0	       0	       0	       0	       0	       0	       0	       0	       0	       0	
test 2        0	       0	       1	       0	       0	       0	       0	       0	       1	       1	       0	       0	       0	       0	      -1	       0	      -1	       1	       0	       0	       0	       0	       0	       0	       0	       0	       1	      -1	       0	       0	       0	       0	       0	       0	       0	       0	       0	       0	       0	       0	       0	       0	       0	       0	       0	       0	       0	       0	       0	       0	       0	       0	       1	       1	       0	       0	       0	       1	       0	       1	       1	       0	       1	       1	       0	       0	       0	       0	       0	       1	       0	       1	       0	       0	       0	       0	       0	       0	       0	       0	       0	       0	       0	       0	       0	       0	       1	       0	       0	       1	       0	       1	       0	       0	       1	       0	       0	       1	       0	       0	       0	       0	       0	       0	       0	       0	       0	       0	       1	       1	       0	       1	       0	       0	       0	       0	       0	       0	       0	       0	       0	       0	      -1	      -1	       0	       0	       0	       1	       0	       0	       0	       0	       0	       0	       0	       0	       0	      -1	       0	       1	       1	       0	       0	       0	       0	       0	       0	       0	       0	       0	       1	       1	       0	       0	       0	       0	       0	       0	       0	       1	       0	       1	       1	       0	       0	       0	       0	       0	       0	       0	       0	       1	       0	       0	       0	       1	       0	       0	       0	       0	       0	       1	       1	       1	       0	       0	       0	       0	       1	       0	       1	       0	       0	       0	       0	       0	       0	       0	       0	       0	       1	       1	       0	       0	       0	       0	       0	       0	       0	       0	       0	       0	       0	       1	       0	       0	       0	       0	       0	       0	       0	       1	       0	       0	      -1	       0	       0	       0	       0	       0	       1	       0	       0	       0	       1	       1	       0	       0	       0	       0	       0	
pred 3        0	       0	       0	       0	       0	       0	       0	       0	       0	       0	       0	       0	       0	       0	       0	       0	       0	       0	       0	       0	       0	       0	       0	       0	       0	       0	       0	       0	       0	       0	       0	      -1	       0	       0	       0	       0	       0	       0	       0	       0	       0	       0	       0	       0	       0	       0	       0	      -1	       0	       0	       0	       0	       0	       0	       0	       0	       0	       0	       0	       0	       0	       0	       0	       0	       0	       0	       0	       0	       0	       0	       0	       0	       0	       0	       0	       0	       0	       0	       0	       0	       0	       0	       0	       0	       0	       0	       0	       0	       0	       0	       0	       0	       0	       0	       0	       0	       0	       0	       0	       0	       0	       0	       0	       0	       0	       0	       0	       0	       0	       0	       0	       0	       0	       0	       0	       0	       0	       0	       0	       0	       0	       0	       1	       0	       0	       0	       0	       0	       0	       0	       0	       0	       0	       0	       0	       0	       0	       0	       0	       0	       0	       0	       0	       0	      -1	       0	      -1	       0	       0	       0	       0	       0	       0	       0	       0	       0	       0	       0	       0	       0	       0	       0	       0	       0	       0	       0	       0	       0	       0	       0	       0	       0	       0	       0	       0	       0	       0	      -1	       0	       0	       0	       0	       0	      -1	       0	       0	      -1	       0	       0	       0	       0	       0	       0	       0	       0	       0	       0	       0	       0	       1	       0	       0	       0	       0	       0	       0	       0	       0	       0	       0	       0	       0	       0	       0	      -1	       0	       0	       0	       0	       0	       0	       0	       0	       0	       0	       0	       0	       0	       0	       0	       0	       0	       0	       0	       0	       0	       0	       0	       0	       0	       0	
test 3        0	       0	       0	       0	       0	       0	       0	       0	       0	       0	       0	       0	       0	       0	       0	       0	       0	       0	       0	       0	       0	       0	       0	       0	       0	       0	       0	       0	       0	       0	       0	       0	       0	       0	       0	       0	       0	       0	       0	       0	       0	       0	       0	       0	       0	       0	       0	       0	       0	       0	       0	       0	       0	       0	       0	       0	       0	       0	       0	       0	       0	       0	       0	       0	       0	       0	       0	       0	       0	       0	       0	       0	       0	       0	       0	       0	       0	       0	       0	       0	       0	       0	       0	       0	       0	       0	       0	       0	       0	       0	       0	       0	       0	       0	       0	       0	       0	       0	       0	       0	       0	       0	       0	       0	       0	       0	       0	       0	       0	       0	       0	       0	       0	       0	       0	       0	       0	       0	       0	       0	       0	       0	       0	       0	       0	       0	       0	       0	       0	       0	       0	       0	       0	       0	       0	       0	       0	       0	       0	       0	       0	       0	       0	       0	       0	       0	       0	       0	       0	       0	       0	       0	       0	       0	       0	       0	       0	       0	       0	       0	       0	       0	       0	       0	       0	       0	       0	       0	       0	       0	       0	       0	       0	       0	       0	       0	       0	       0	       0	       0	       0	       0	       0	       0	       0	       0	       0	       0	       0	       0	       0	       0	       0	       0	       0	       0	       0	       0	       0	       0	       0	       0	       0	       0	       0	       0	       0	       0	       0	       0	       0	       0	       0	       0	       0	       0	       0	       0	       0	       0	       0	       0	       0	       0	       0	       0	       0	       0	       0	       0	       0	       0	       0	       0	       0	       0	       0	       0	       0	       0	       0	
pred 4        0	       0	       0	       0	       0	       0	       0	       0	       0	       0	       0	       0	       0	       0	       0	       0	       0	       0	       0	       0	       0	       0	       0	       0	       0	       0	       0	       0	       0	       0	       0	      -1	       0	       0	       0	       0	       0	       0	       0	       0	       0	       0	       0	       0	       0	       0	       0	      -1	       0	       0	       0	       0	       0	       0	       0	       0	       0	       0	       0	       0	       0	       0	       0	       0	       0	       0	       0	       0	       0	       0	       0	       0	       0	       0	       0	       0	       0	       0	       0	       0	       0	       0	       0	       0	       0	       0	       0	       0	       0	       0	       0	       0	       0	       0	       0	       0	       0	       0	       0	       0	       0	       0	       0	       0	       0	       0	       0	       0	       0	       0	       0	       0	       0	       0	       0	       0	       0	       0	       0	       0	       0	       0	       1	       0	       0	       0	       0	       0	       0	       0	       0	       0	       0	       0	       0	       0	       0	       0	       0	       0	       0	       0	       0	       0	      -1	       0	      -1	       0	       0	       0	       0	       0	       0	       0	       0	       0	       0	       0	       0	       0	       0	       0	       0	       0	       0	       0	       0	       0	       0	       0	       0	       0	       0	       0	       0	       0	       0	      -1	       0	       0	       0	       0	       0	      -1	       0	       0	      -1	       0	       0	       0	       0	       0	       0	       0	       0	       0	       0	       0	       0	       1	       0	       0	       0	       0	       0	       0	       0	       0	       0	       0	       0	       0	       0	       0	      -1	       0	       0	       0	       0	       0	       0	       0	       0	       0	       0	       0	       0	       0	       0	       0	       0	       0	       0	       0	       0	       0	       0	       0	       0	       0	       0	
test 4        0	       0	       0	       0	       0	       0	       0	       0	       0	       0	       0	       0	       0	       0	       0	       0	       0	       0	       0	       0	       0	       0	       0	       0	       0	       0	       0	       0	       0	       0	       0	       0	       0	       0	       0	       0	       0	       0	       0	       0	       0	       0	       0	       0	       0	       0	       0	       0	       0	       0	       0	       0	       0	       0	       0	       0	       0	       0	       0	       0	       0	       0	       0	       0	       0	       0	       0	       0	       0	       0	       0	       0	       0	       0	       0	       0	       0	       0	       0	       0	       0	       0	       0	       0	       0	       0	       0	       0	       0	       0	       0	       0	       0	       0	       0	       0	       0	       0	       0	       0	       0	       0	       0	       0	       0	       0	       0	       0	       0	       0	       0	       0	       0	       0	       0	       0	       0	       0	       0	       0	       0	       0	       0	       0	       0	       0	       0	       0	       0	       0	       0	       0	       0	       0	       0	       0	       0	       0	       0	       0	       0	       0	       0	       0	       0	       0	       0	       0	       0	       0	       0	       0	       0	       0	       0	       0	       0	       0	       0	       0	       0	       0	       0	       0	       0	       0	       0	       0	       0	       0	       0	       0	       0	       0	       0	       0	       0	       0	       0	       0	       0	       0	       0	       0	       0	       0	       0	       0	       0	       0	       0	       0	       0	       0	       0	       0	       0	       0	       0	       0	       0	       0	       0	       0	       0	       0	       0	       0	       0	       0	       0	       0	       0	       0	       0	       0	       0	       0	       0	       0	       0	       0	       0	       0	       0	       0	       0	       0	       0	       0	       0	       0	       0	       0	       0	       0	       0	       0	       0	       0	       0	
pred 5        0	       0	       0	       0	       0	       0	       0	       0	       0	       0	       0	       0	       0	       0	       0	       0	       0	       0	       0	       0	       0	       0	       0	       0	       0	       0	       0	       0	       0	       0	       0	      -1	       0	       0	       0	       0	       0	       0	       0	       0	       0	       0	       0	       0	       0	       0	       0	      -1	       0	       0	       0	       0	       0	       0	       0	       0	       0	       0	       0	       0	       0	       0	       0	       0	       0	       0	       0	       0	       0	       0	       0	       0	       0	       0	       0	       0	       0	       0	       0	       0	       0	       0	       0	       0	       0	       0	       0	       0	       0	       0	       0	       0	       0	       0	       0	       0	       0	       0	       0	       0	       0	       0	       0	       0	       0	       0	       0	       0	       0	       0	       0	       0	       0	       0	       0	       0	       0	       0	       0	       0	       0	       0	       1	       0	       0	       0	       0	       0	       0	       0	       0	       0	       0	       0	       0	       0	       0	       0	       0	       0	       0	       0	       0	       0	      -1	       0	      -1	       0	       0	       0	       0	       0	       0	       0	       0	       0	       0	       0	       0	       0	       0	       0	       0	       0	       0	       0	       0	       0	       0	       0	       0	       0	       0	       0	       0	       0	       0	      -1	       0	       0	       0	       0	       0	      -1	       0	       0	      -1	       0	       0	       0	       0	       0	       0	       0	       0	       0	       0	       0	       0	       1	       0	       0	       0	       0	       0	       0	       0	       0	       0	       0	       0	       0	       0	       0	      -1	       0	       0	       0	       0	       0	       0	       0	       0	       0	       0	       0	       0	       0	       0	       0	       0	       0	       0	       0	       0	       0	       0	       0	       0	       0	       0	
test 5        0	       0	       0	       0	       0	       0	       0	       0	       0	       0	       0	       0	       0	       0	       0	       0	       0	       0	       0	       0	       0	       0	       0	       0	       0	       0	       0	       0	       0	       0	       0	       0	       0	       0	       0	       0	       0	       0	       0	       0	       0	       0	       0	       0	       0	       0	       0	       0	       0	       0	       0	       0	       0	       0	       0	       0	       0	       0	       0	       0	       0	       0	       0	       0	       0	       0	       0	       0	       0	       0	       0	       0	       0	       0	       0	       0	       0	       0	       0	       0	       0	       0	       0	       0	       0	       0	       0	       0	       0	       0	       0	       0	       0	       0	       0	       0	       0	       0	       0	       0	       0	       0	       0	       0	       0	       0	       0	       0	       0	       0	       0	       0	       0	       0	       0	       0	       0	       0	       0	       0	       0	       0	       0	       0	       0	       0	       0	       0	       0	       0	       0	       0	       0	       0	       0	       0	       0	       0	       0	       0	       0	       0	       0	       0	       0	       0	       0	       0	       0	       0	       0	       0	       0	       0	       0	       0	       0	       0	       0	       0	       0	       0	       0	       0	       0	       0	       0	       0	       0	       0	       0	       0	       0	       0	       0	       0	       0	       0	       0	       0	       0	       0	       0	       0	       0	       0	       0	       0	       0	       0	       0	       0	       0	       0	       0	       0	       0	       0	       0	       0	       0	       0	       0	       0	       0	       0	       0	       0	       0	       0	       0	       0	       0	       0	       0	       0	       0	       0	       0	       0	       0	       0	       0	       0	       0	       0	       0	       0	       0	       0	       0	       0	       0	       0	       0	       0	       0	       0	       0	       0	       0	
pred 6        0	       0	       0	       0	       0	       0	       0	       0	       0	       0	       0	       0	       0	       0	       0	       0	       0	       0	       0	       0	       0	       0	       0	       0	       0	       0	       0	       0	       0	       0	       0	      -1	       0	       0	       0	       0	       0	       0	       0	       0	       0	       0	       0	       0	       0	       0	       0	      -1	       0	       0	       0	       0	       0	       0	       0	       0	       0	       0	       0	       0	       0	       0	       0	       0	       0	       0	       0	       0	       0	       0	       0	       0	       0	       0	       0	       0	       0	       0	       0	       0	       0	       0	       0	       0	       0	       0	       0	       0	       0	       0	       0	       0	       0	       0	       0	       0	       0	       0	       0	       0	       0	       0	       0	       0	       0	       0	       0	       0	       0	       0	       0	       0	       0	       0	       0	       0	       0	       0	       0	       0	       0	       0	       1	       0	       0	       0	       0	       0	       0	       0	       0	       0	       0	       0	       0	       0	       0	       0	       0	       0	       0	       0	       0	       0	      -1	       0	      -1	       0	       0	       0	       0	       0	       0	       0	       0	       0	       0	       0	       0	       0	       0	       0	       0	       0	       0	       0	       0	       0	       0	       0	       0	       0	       0	       0	       0	       0	       0	      -1	       0	       0	       0	       0	       0	      -1	       0	       0	      -1	       0	       0	       0	       0	       0	       0	       0	       0	       0	       0	       0	       0	       1	       0	       0	       0	       0	       0	       0	       0	       0	       0	       0	       0	       0	       0	       0	      -1	       0	       0	       0	       0	       0	       0	       0	       0	       0	       0	       0	       0	       0	       0	       0	       0	       0	       0	       0	       0	       0	       0	       0	       0	       0	       0	
test 6        0	       0	       0	       0	       0	       0	       0	       0	       0	       0	       0	       0	       0	       0	       0	       1	       1	       1	       0	       1	       0	       0	       0	       0	       0	       0	       0	       0	       0	       0	       0	       0	       0	       0	       0	       0	       1	       0	       0	       0	       0	       0	       0	       0	       0	       0	       0	       0	       0	       0	       0	       0	       0	       0	       0	       0	       0	       0	       0	       0	       0	       0	       0	       0	       0	       0	       0	       0	       0	       0	       0	       0	       0	       0	       0	       0	       0	       0	       0	       0	       0	       0	       0	       0	       0	       0	       0	       0	       0	       0	       0	       0	       0	       0	       0	       0	       0	       0	       0	       1	       0	       0	       0	       0	       0	       0	       0	       0	       0	       0	       0	       0	       0	       0	       0	       0	       0	       0	       0	       0	       0	       0	       0	       0	       0	       0	       0	       0	       0	       0	       0	       0	       0	       0	       0	       0	       0	       0	       1	       0	       0	       0	       0	       0	       1	       1	       0	       0	       0	       0	       0	       0	       0	       0	       0	       0	       0	       0	       0	       0	       0	       0	       0	       0	       0	       0	       0	       1	       0	       0	       0	       0	       0	       0	       0	       0	       0	       1	       0	       0	       0	       0	       0	       0	       0	       0	       0	       0	       0	       0	       0	       0	       0	       0	       0	       0	       0	       0	       0	       0	       0	       0	       0	       0	       0	       0	       0	       0	       0	       0	       0	       0	       0	       0	       0	       0	       0	       0	       0	       0	       0	       0	       0	       0	       0	       0	       0	       0	       1	       0	       0	       0	       0	       0	       0	       1	       0	       0	       0	       0	       0	
------
confusion matrix:
[[   1   60    3]
 [  50 1395   11]
 [   5  162    0]]
macro f1: 0.3081914162779767
micro f1: 0.8275044457617071
weighted f1: 0.0396406315267086
class -1 f1: 0.016666666666666666
class  0 f1: 0.9079075821672633
class  1 f1: 0.0
average label-wise acc: 82.75%


ABL loop 1
--------------------
label        0	       1	       2	       3	       4	       5	       6	       7	       8	       9	      10	      11	      12	      13	      14	      15	      16	      17	      18	      19	      20	      21	      22	      23	      24	      25	      26	      27	      28	      29	      30	      31	      32	      33	      34	      35	      36	      37	      38	      39	      40	      41	      42	      43	      44	      45	      46	      47	      48	      49	      50	      51	      52	      53	      54	      55	      56	      57	      58	      59	      60	      61	      62	      63	      64	      65	      66	      67	      68	      69	      70	      71	      72	      73	      74	      75	      76	      77	      78	      79	      80	      81	      82	      83	      84	      85	      86	      87	      88	      89	      90	      91	      92	      93	      94	      95	      96	      97	      98	      99	     100	     101	     102	     103	     104	     105	     106	     107	     108	     109	     110	     111	     112	     113	     114	     115	     116	     117	     118	     119	     120	     121	     122	     123	     124	     125	     126	     127	     128	     129	     130	     131	     132	     133	     134	     135	     136	     137	     138	     139	     140	     141	     142	     143	     144	     145	     146	     147	     148	     149	     150	     151	     152	     153	     154	     155	     156	     157	     158	     159	     160	     161	     162	     163	     164	     165	     166	     167	     168	     169	     170	     171	     172	     173	     174	     175	     176	     177	     178	     179	     180	     181	     182	     183	     184	     185	     186	     187	     188	     189	     190	     191	     192	     193	     194	     195	     196	     197	     198	     199	     200	     201	     202	     203	     204	     205	     206	     207	     208	     209	     210	     211	     212	     213	     214	     215	     216	     217	     218	     219	     220	     221	     222	     223	     224	     225	     226	     227	     228	     229	     230	     231	     232	     233	     234	     235	     236	     237	     238	     239	     240	
   acc    0.00%	   0.00%	  71.43%	 100.00%	   0.00%	   0.00%	  14.29%	 100.00%	  42.86%	  28.57%	   0.00%	  85.71%	 100.00%	  14.29%	  57.14%	  71.43%	  42.86%	  28.57%	  14.29%	  85.71%	  14.29%	 100.00%	   0.00%	   0.00%	   0.00%	  14.29%	  42.86%	  85.71%	 100.00%	 100.00%	   0.00%	   0.00%	   0.00%	 100.00%	 100.00%	   0.00%	  85.71%	   0.00%	 100.00%	   0.00%	   0.00%	  14.29%	   0.00%	  14.29%	  14.29%	  14.29%	  14.29%	 100.00%	   0.00%	  14.29%	  85.71%	  85.71%	  42.86%	  28.57%	  14.29%	  85.71%	   0.00%	  28.57%	  85.71%	  14.29%	  28.57%	  14.29%	  42.86%	  71.43%	   0.00%	  14.29%	   0.00%	  14.29%	 100.00%	  57.14%	  85.71%	  28.57%	  14.29%	   0.00%	   0.00%	  14.29%	 100.00%	  85.71%	  85.71%	  14.29%	   0.00%	   0.00%	   0.00%	 100.00%	  85.71%	 100.00%	  57.14%	   0.00%	  85.71%	  28.57%	   0.00%	  71.43%	   0.00%	   0.00%	  57.14%	   0.00%	  14.29%	  28.57%	  85.71%	  57.14%	 100.00%	   0.00%	   0.00%	   0.00%	   0.00%	 100.00%	   0.00%	   0.00%	  28.57%	  14.29%	   0.00%	  28.57%	 100.00%	   0.00%	   0.00%	   0.00%	   0.00%	   0.00%	  85.71%	  85.71%	  71.43%	   0.00%	   0.00%	  57.14%	   0.00%	   0.00%	   0.00%	   0.00%	  14.29%	  85.71%	 100.00%	   0.00%	   0.00%	  85.71%	   0.00%	   0.00%	   0.00%	  42.86%	  85.71%	  28.57%	  28.57%	  14.29%	   0.00%	   0.00%	  14.29%	  85.71%	   0.00%	  85.71%	   0.00%	  14.29%	  57.14%	  71.43%	 100.00%	 100.00%	 100.00%	 100.00%	  85.71%	   0.00%	   0.00%	  57.14%	 100.00%	  42.86%	  57.14%	  85.71%	 100.00%	   0.00%	   0.00%	  85.71%	  85.71%	   0.00%	  85.71%	  71.43%	  14.29%	 100.00%	  85.71%	  57.14%	  14.29%	  71.43%	  14.29%	   0.00%	 100.00%	   0.00%	   0.00%	   0.00%	   0.00%	  71.43%	  14.29%	   0.00%	  42.86%	 100.00%	   0.00%	   0.00%	 100.00%	 100.00%	  85.71%	 100.00%	   0.00%	  14.29%	   0.00%	   0.00%	  42.86%	  71.43%	   0.00%	 100.00%	  14.29%	  14.29%	   0.00%	   0.00%	   0.00%	  85.71%	 100.00%	   0.00%	 100.00%	  85.71%	   0.00%	   0.00%	  85.71%	 100.00%	 100.00%	 100.00%	   0.00%	  42.86%	 100.00%	 100.00%	  85.71%	  14.29%	  85.71%	   0.00%	  71.43%	  85.71%	  28.57%	  14.29%	 100.00%	  14.29%	  57.14%	  57.14%	 100.00%	   0.00%	   0.00%	  14.29%	   0.00%	
    f1   0.0000	  0.0000	  0.4167	  1.0000	  0.0000	  0.0000	  0.1250	  1.0000	  0.3000	  0.2222	  0.0000	  0.4615	  1.0000	  0.1250	  0.3636	  0.2778	  0.2000	  0.2222	  0.1250	  0.4615	  0.1250	  1.0000	  0.0000	  0.0000	  0.0000	  0.1250	  0.3000	  0.4615	  1.0000	  1.0000	  0.0000	  0.0000	  0.0000	  1.0000	  1.0000	  0.0000	  0.4615	  0.0000	  1.0000	  0.0000	  0.0000	  0.1250	  0.0000	  0.1250	  0.1250	  0.1250	  0.1250	  1.0000	  0.0000	  0.1250	  0.4615	  0.4615	  0.3000	  0.2222	  0.1250	  0.4615	  0.0000	  0.2222	  0.4615	  0.1250	  0.1481	  0.1250	  0.3000	  0.4167	  0.0000	  0.1250	  0.0000	  0.1250	  1.0000	  0.3636	  0.4615	  0.2222	  0.1250	  0.0000	  0.0000	  0.1250	  1.0000	  0.4615	  0.4615	  0.1250	  0.0000	  0.0000	  0.0000	  1.0000	  0.4615	  1.0000	  0.3636	  0.0000	  0.4615	  0.2222	  0.0000	  0.4167	  0.0000	  0.0000	  0.3636	  0.0000	  0.1250	  0.2222	  0.4615	  0.2424	  1.0000	  0.0000	  0.0000	  0.0000	  0.0000	  1.0000	  0.0000	  0.0000	  0.2222	  0.1250	  0.0000	  0.2222	  1.0000	  0.0000	  0.0000	  0.0000	  0.0000	  0.0000	  0.4615	  0.4615	  0.4167	  0.0000	  0.0000	  0.3636	  0.0000	  0.0000	  0.0000	  0.0000	  0.1250	  0.4615	  1.0000	  0.0000	  0.0000	  0.4615	  0.0000	  0.0000	  0.0000	  0.3000	  0.4615	  0.2222	  0.2222	  0.1250	  0.0000	  0.0000	  0.1250	  0.4615	  0.0000	  0.4615	  0.0000	  0.1250	  0.3636	  0.4167	  1.0000	  1.0000	  1.0000	  1.0000	  0.4615	  0.0000	  0.0000	  0.3636	  1.0000	  0.3000	  0.3636	  0.4615	  1.0000	  0.0000	  0.0000	  0.4615	  0.4615	  0.0000	  0.4615	  0.4167	  0.1250	  1.0000	  0.4615	  0.3636	  0.1250	  0.4167	  0.0833	  0.0000	  1.0000	  0.0000	  0.0000	  0.0000	  0.0000	  0.4167	  0.1250	  0.0000	  0.3000	  1.0000	  0.0000	  0.0000	  1.0000	  1.0000	  0.4615	  1.0000	  0.0000	  0.1250	  0.0000	  0.0000	  0.3000	  0.4167	  0.0000	  1.0000	  0.1250	  0.1250	  0.0000	  0.0000	  0.0000	  0.4615	  1.0000	  0.0000	  1.0000	  0.4615	  0.0000	  0.0000	  0.4615	  1.0000	  1.0000	  1.0000	  0.0000	  0.3000	  1.0000	  1.0000	  0.4615	  0.1250	  0.4615	  0.0000	  0.4167	  0.4615	  0.2222	  0.1250	  1.0000	  0.1250	  0.3636	  0.3636	  1.0000	  0.0000	  0.0000	  0.1250	  0.0000	
pred 0        1	      -1	       0	       0	       1	       1	      -1	       0	       1	       1	       1	       0	       0	       1	       0	       0	      -1	       1	      -1	       0	       1	       0	       1	       1	       1	       1	       1	       0	       0	       0	       1	      -1	       1	       0	       0	       1	       0	      -1	       0	      -1	       1	      -1	      -1	      -1	      -1	      -1	      -1	       0	       1	       1	       0	       0	       1	       1	       1	       0	      -1	       1	       0	       1	       1	       1	       1	       0	       1	       1	      -1	       1	       0	       0	       0	       1	       1	       1	       1	       1	       0	       0	       0	       1	       1	      -1	      -1	       0	       0	       0	       0	       1	       0	       1	       1	       0	      -1	      -1	       0	      -1	       1	       1	       0	       0	       0	      -1	      -1	       1	       1	       0	       1	       1	       1	       1	       1	       1	       0	       1	       1	       1	       1	      -1	       0	       0	       0	       1	       1	       0	       1	       1	       1	      -1	       1	       0	       0	       1	       1	       0	       1	      -1	       1	      -1	       0	       1	       1	       1	       1	       1	       1	       0	       1	       0	      -1	       1	       0	       0	       0	       0	       0	       0	       0	       1	       1	       0	       0	       1	       0	       0	       0	       1	       1	       0	       0	       1	       0	       0	      -1	       0	       0	       0	       1	       0	       1	       1	       0	      -1	      -1	      -1	       1	       0	      -1	       1	       1	       0	      -1	       1	       0	       0	       0	       0	      -1	       1	       1	       1	       1	       0	       1	       0	       1	       1	       1	       1	       1	       0	       0	      -1	       0	       0	      -1	       1	       0	       0	       0	       0	      -1	       1	       0	       0	       0	       1	       0	      -1	       0	       0	       1	       1	       0	       1	       0	       1	       0	      -1	       1	       1	       1	
test 0        0	       0	       0	       0	       0	       0	       0	       0	       1	       1	       0	       0	       0	       0	      -1	       0	      -1	       0	       0	       0	       0	       0	       0	       0	       0	       0	       1	       0	       0	       0	       0	       0	       0	       0	       0	       0	       0	       0	       0	       0	       0	       0	       0	       0	       0	       0	       0	       0	       0	       0	       0	       0	       1	       0	       0	       0	       0	       0	       0	       0	       1	       0	       1	       0	      -1	       0	       0	       0	       0	       1	       0	       0	       0	       0	       0	       0	       0	       0	       0	       0	       0	       0	       0	       0	       0	       0	       1	       0	       0	       0	       0	       0	       0	       0	       1	       0	       0	       0	       0	      -1	       0	       0	       0	       0	      -1	       0	       0	       0	       0	       0	       0	       0	       0	       0	       0	       0	       0	       0	       0	       0	      -1	       0	      -1	      -1	      -1	       0	      -1	       1	       0	       0	       0	       0	       0	       0	       0	       0	       0	      -1	       0	       1	       1	       0	       0	       0	       0	       0	       0	       0	       0	       0	       1	       0	       0	       0	       0	       0	       0	       0	       0	       1	       0	       1	       1	       0	       0	       0	       0	       0	       0	       0	       0	       0	       0	       0	       0	       1	       0	       0	      -1	       0	       0	       1	       1	       1	       0	      -1	       0	       0	       1	       0	       1	       0	       0	       0	       0	       0	       0	       0	       0	       0	       1	       0	       0	       0	       0	       0	       0	       0	       0	       0	       0	       0	       0	       0	       0	       0	       0	       0	       0	       0	       0	       1	       0	       0	       0	       0	       0	       0	       0	       0	       0	       0	       0	       0	       1	       1	       0	       0	      -1	       0	       0	
pred 1        1	      -1	       0	       0	       1	       1	      -1	       0	       1	       1	       1	       0	       0	       1	       0	       0	      -1	       1	      -1	       0	       1	       0	       1	       1	       1	       1	       1	       0	       0	       0	       1	      -1	       1	       0	       0	       1	       0	      -1	       0	      -1	       1	      -1	      -1	      -1	      -1	      -1	      -1	       0	       1	       1	       0	       0	       1	       1	       1	       0	      -1	       1	       0	       1	       1	       1	       1	       0	       1	       1	      -1	       1	       0	       0	       0	       1	       1	       1	       1	       1	       0	       0	       0	       1	       1	      -1	      -1	       0	       0	       0	       0	       1	       0	       1	       1	       0	      -1	      -1	       0	      -1	       1	       1	       0	       0	       0	      -1	      -1	       1	       1	       0	       1	       1	       1	       1	       1	       1	       0	       1	       1	       1	       1	      -1	       0	       0	       0	       1	       1	       0	       1	       1	       1	      -1	       1	       0	       0	       1	       1	       0	       1	      -1	       1	      -1	       0	       1	       1	       1	       1	       1	       1	       0	       1	       0	      -1	       1	       0	       0	       0	       0	       0	       0	       0	       1	       1	       0	       0	       1	       0	       0	       0	       1	       1	       0	       0	       1	       0	       0	      -1	       0	       0	       0	       1	       0	       1	       1	       0	      -1	      -1	      -1	       1	       0	      -1	       1	       1	       0	      -1	       1	       0	       0	       0	       0	      -1	       1	       1	       1	       1	       0	       1	       0	       1	       1	       1	       1	       1	       0	       0	      -1	       0	       0	      -1	       1	       0	       0	       0	       0	      -1	       1	       0	       0	       0	       1	       0	      -1	       0	       0	       1	       1	       0	       1	       0	       1	       0	      -1	       1	       1	       1	
test 1        0	       0	       1	       0	       0	       0	      -1	       0	       1	       0	       0	       1	       0	       1	      -1	      -1	      -1	       0	      -1	       0	       1	       0	       0	       0	       0	       1	       1	       0	       0	       0	       0	       0	      -1	       0	       0	       0	       0	       0	       0	       0	      -1	      -1	       0	      -1	      -1	      -1	      -1	       0	       0	       1	       1	       1	       1	       1	       1	       1	       0	       1	       1	       0	      -1	       1	       1	       1	      -1	       1	       1	       1	       0	       1	       1	       1	       1	       0	       0	       1	       0	       1	       1	       1	       0	       1	       0	       0	      -1	       0	       1	       0	       1	       1	      -1	       1	       1	       1	       1	       1	       1	       1	       1	      -1	       0	       0	       0	      -1	      -1	       0	       0	       0	       1	       0	       0	       1	       0	       0	       0	      -1	       0	       0	      -1	      -1	      -1	       0	      -1	      -1	      -1	       0	      -1	       0	       1	      -1	       0	       0	       0	       1	       0	       0	       0	      -1	       0	       0	       0	       1	      -1	       0	       0	       0	       0	      -1	       0	       1	       1	       1	       0	       0	       0	       0	      -1	       0	       0	       1	       0	       1	       1	       1	       0	       0	       0	       0	      -1	       0	      -1	       1	      -1	       0	       1	       1	       1	       1	       1	       0	       0	       1	       0	       0	      -1	      -1	      -1	      -1	       1	       0	       1	       0	       0	       0	       1	       0	       1	       1	       0	       0	       1	       1	      -1	       0	       1	       1	       0	       0	       0	       1	       0	       0	       0	       0	       0	       0	      -1	       0	       0	       0	       1	       1	       0	       0	       0	       1	       1	       1	       1	      -1	       1	       1	       0	       1	       1	       1	       0	       1	      -1	       1	       0	
pred 2        1	      -1	       0	       0	       1	       1	      -1	       0	       1	       1	       1	       0	       0	       1	       0	       0	      -1	       1	      -1	       0	       1	       0	       1	       1	       1	       1	       1	       0	       0	       0	       1	      -1	       1	       0	       0	       1	       0	      -1	       0	      -1	       1	      -1	      -1	      -1	      -1	      -1	      -1	       0	       1	       1	       0	       0	       1	       1	       1	       0	      -1	       1	       0	       1	       1	       1	       1	       0	       1	       1	      -1	       1	       0	       0	       0	       1	       1	       1	       1	       1	       0	       0	       0	       1	       1	      -1	      -1	       0	       0	       0	       0	       1	       0	       1	       1	       0	      -1	      -1	       0	      -1	       1	       1	       0	       0	       0	      -1	      -1	       1	       1	       0	       1	       1	       1	       1	       1	       1	       0	       1	       1	       1	       1	      -1	       0	       0	       0	       1	       1	       0	       1	       1	       1	      -1	       1	       0	       0	       1	       1	       0	       1	      -1	       1	      -1	       0	       1	       1	       1	       1	       1	       1	       0	       1	       0	      -1	       1	       0	       0	       0	       0	       0	       0	       0	       1	       1	       0	       0	       1	       0	       0	       0	       1	       1	       0	       0	       1	       0	       0	      -1	       0	       0	       0	       1	       0	       1	       1	       0	      -1	      -1	      -1	       1	       0	      -1	       1	       1	       0	      -1	       1	       0	       0	       0	       0	      -1	       1	       1	       1	       1	       0	       1	       0	       1	       1	       1	       1	       1	       0	       0	      -1	       0	       0	      -1	       1	       0	       0	       0	       0	      -1	       1	       0	       0	       0	       1	       0	      -1	       0	       0	       1	       1	       0	       1	       0	       1	       0	      -1	       1	       1	       1	
test 2        0	       0	       1	       0	       0	       0	       0	       0	       1	       1	       0	       0	       0	       0	      -1	       0	      -1	       1	       0	       0	       0	       0	       0	       0	       0	       0	       1	      -1	       0	       0	       0	       0	       0	       0	       0	       0	       0	       0	       0	       0	       0	       0	       0	       0	       0	       0	       0	       0	       0	       0	       0	       0	       1	       1	       0	       0	       0	       1	       0	       1	       1	       0	       1	       1	       0	       0	       0	       0	       0	       1	       0	       1	       0	       0	       0	       0	       0	       0	       0	       0	       0	       0	       0	       0	       0	       0	       1	       0	       0	       1	       0	       1	       0	       0	       1	       0	       0	       1	       0	       0	       0	       0	       0	       0	       0	       0	       0	       0	       1	       1	       0	       1	       0	       0	       0	       0	       0	       0	       0	       0	       0	       0	      -1	      -1	       0	       0	       0	       1	       0	       0	       0	       0	       0	       0	       0	       0	       0	      -1	       0	       1	       1	       0	       0	       0	       0	       0	       0	       0	       0	       0	       1	       1	       0	       0	       0	       0	       0	       0	       0	       1	       0	       1	       1	       0	       0	       0	       0	       0	       0	       0	       0	       1	       0	       0	       0	       1	       0	       0	       0	       0	       0	       1	       1	       1	       0	       0	       0	       0	       1	       0	       1	       0	       0	       0	       0	       0	       0	       0	       0	       0	       1	       1	       0	       0	       0	       0	       0	       0	       0	       0	       0	       0	       0	       1	       0	       0	       0	       0	       0	       0	       0	       1	       0	       0	      -1	       0	       0	       0	       0	       0	       1	       0	       0	       0	       1	       1	       0	       0	       0	       0	       0	
pred 3        1	      -1	       0	       0	       1	       1	      -1	       0	       1	       1	       1	       0	       0	       1	       0	       0	      -1	       1	      -1	       0	       1	       0	       1	       1	       1	       1	       1	       0	       0	       0	       1	      -1	       1	       0	       0	       1	       0	      -1	       0	      -1	       1	      -1	      -1	      -1	      -1	      -1	      -1	       0	       1	       1	       0	       0	       1	       1	       1	       0	      -1	       1	       0	       1	       1	       1	       1	       0	       1	       1	      -1	       1	       0	       0	       0	       1	       1	       1	       1	       1	       0	       0	       0	       1	       1	      -1	      -1	       0	       0	       0	       0	       1	       0	       1	       1	       0	      -1	      -1	       0	      -1	       1	       1	       0	       0	       0	      -1	      -1	       1	       1	       0	       1	       1	       1	       1	       1	       1	       0	       1	       1	       1	       1	      -1	       0	       0	       0	       1	       1	       0	       1	       1	       1	      -1	       1	       0	       0	       1	       1	       0	       1	      -1	       1	      -1	       0	       1	       1	       1	       1	       1	       1	       0	       1	       0	      -1	       1	       0	       0	       0	       0	       0	       0	       0	       1	       1	       0	       0	       1	       0	       0	       0	       1	       1	       0	       0	       1	       0	       0	      -1	       0	       0	       0	       1	       0	       1	       1	       0	      -1	      -1	      -1	       1	       0	      -1	       1	       1	       0	      -1	       1	       0	       0	       0	       0	      -1	       1	       1	       1	       1	       0	       1	       0	       1	       1	       1	       1	       1	       0	       0	      -1	       0	       0	      -1	       1	       0	       0	       0	       0	      -1	       1	       0	       0	       0	       1	       0	      -1	       0	       0	       1	       1	       0	       1	       0	       1	       0	      -1	       1	       1	       1	
test 3        0	       0	       0	       0	       0	       0	       0	       0	       0	       0	       0	       0	       0	       0	       0	       0	       0	       0	       0	       0	       0	       0	       0	       0	       0	       0	       0	       0	       0	       0	       0	       0	       0	       0	       0	       0	       0	       0	       0	       0	       0	       0	       0	       0	       0	       0	       0	       0	       0	       0	       0	       0	       0	       0	       0	       0	       0	       0	       0	       0	       0	       0	       0	       0	       0	       0	       0	       0	       0	       0	       0	       0	       0	       0	       0	       0	       0	       0	       0	       0	       0	       0	       0	       0	       0	       0	       0	       0	       0	       0	       0	       0	       0	       0	       0	       0	       0	       0	       0	       0	       0	       0	       0	       0	       0	       0	       0	       0	       0	       0	       0	       0	       0	       0	       0	       0	       0	       0	       0	       0	       0	       0	       0	       0	       0	       0	       0	       0	       0	       0	       0	       0	       0	       0	       0	       0	       0	       0	       0	       0	       0	       0	       0	       0	       0	       0	       0	       0	       0	       0	       0	       0	       0	       0	       0	       0	       0	       0	       0	       0	       0	       0	       0	       0	       0	       0	       0	       0	       0	       0	       0	       0	       0	       0	       0	       0	       0	       0	       0	       0	       0	       0	       0	       0	       0	       0	       0	       0	       0	       0	       0	       0	       0	       0	       0	       0	       0	       0	       0	       0	       0	       0	       0	       0	       0	       0	       0	       0	       0	       0	       0	       0	       0	       0	       0	       0	       0	       0	       0	       0	       0	       0	       0	       0	       0	       0	       0	       0	       0	       0	       0	       0	       0	       0	       0	       0	       0	       0	       0	       0	       0	
pred 4        1	      -1	       0	       0	       1	       1	      -1	       0	       1	       1	       1	       0	       0	       1	       0	       0	      -1	       1	      -1	       0	       1	       0	       1	       1	       1	       1	       1	       0	       0	       0	       1	      -1	       1	       0	       0	       1	       0	      -1	       0	      -1	       1	      -1	      -1	      -1	      -1	      -1	      -1	       0	       1	       1	       0	       0	       1	       1	       1	       0	      -1	       1	       0	       1	       1	       1	       1	       0	       1	       1	      -1	       1	       0	       0	       0	       1	       1	       1	       1	       1	       0	       0	       0	       1	       1	      -1	      -1	       0	       0	       0	       0	       1	       0	       1	       1	       0	      -1	      -1	       0	      -1	       1	       1	       0	       0	       0	      -1	      -1	       1	       1	       0	       1	       1	       1	       1	       1	       1	       0	       1	       1	       1	       1	      -1	       0	       0	       0	       1	       1	       0	       1	       1	       1	      -1	       1	       0	       0	       1	       1	       0	       1	      -1	       1	      -1	       0	       1	       1	       1	       1	       1	       1	       0	       1	       0	      -1	       1	       0	       0	       0	       0	       0	       0	       0	       1	       1	       0	       0	       1	       0	       0	       0	       1	       1	       0	       0	       1	       0	       0	      -1	       0	       0	       0	       1	       0	       1	       1	       0	      -1	      -1	      -1	       1	       0	      -1	       1	       1	       0	      -1	       1	       0	       0	       0	       0	      -1	       1	       1	       1	       1	       0	       1	       0	       1	       1	       1	       1	       1	       0	       0	      -1	       0	       0	      -1	       1	       0	       0	       0	       0	      -1	       1	       0	       0	       0	       1	       0	      -1	       0	       0	       1	       1	       0	       1	       0	       1	       0	      -1	       1	       1	       1	
test 4        0	       0	       0	       0	       0	       0	       0	       0	       0	       0	       0	       0	       0	       0	       0	       0	       0	       0	       0	       0	       0	       0	       0	       0	       0	       0	       0	       0	       0	       0	       0	       0	       0	       0	       0	       0	       0	       0	       0	       0	       0	       0	       0	       0	       0	       0	       0	       0	       0	       0	       0	       0	       0	       0	       0	       0	       0	       0	       0	       0	       0	       0	       0	       0	       0	       0	       0	       0	       0	       0	       0	       0	       0	       0	       0	       0	       0	       0	       0	       0	       0	       0	       0	       0	       0	       0	       0	       0	       0	       0	       0	       0	       0	       0	       0	       0	       0	       0	       0	       0	       0	       0	       0	       0	       0	       0	       0	       0	       0	       0	       0	       0	       0	       0	       0	       0	       0	       0	       0	       0	       0	       0	       0	       0	       0	       0	       0	       0	       0	       0	       0	       0	       0	       0	       0	       0	       0	       0	       0	       0	       0	       0	       0	       0	       0	       0	       0	       0	       0	       0	       0	       0	       0	       0	       0	       0	       0	       0	       0	       0	       0	       0	       0	       0	       0	       0	       0	       0	       0	       0	       0	       0	       0	       0	       0	       0	       0	       0	       0	       0	       0	       0	       0	       0	       0	       0	       0	       0	       0	       0	       0	       0	       0	       0	       0	       0	       0	       0	       0	       0	       0	       0	       0	       0	       0	       0	       0	       0	       0	       0	       0	       0	       0	       0	       0	       0	       0	       0	       0	       0	       0	       0	       0	       0	       0	       0	       0	       0	       0	       0	       0	       0	       0	       0	       0	       0	       0	       0	       0	       0	       0	
pred 5        1	      -1	       0	       0	       1	       1	      -1	       0	       1	       1	       1	       0	       0	       1	       0	       0	      -1	       1	      -1	       0	       1	       0	       1	       1	       1	       1	       1	       0	       0	       0	       1	      -1	       1	       0	       0	       1	       0	      -1	       0	      -1	       1	      -1	      -1	      -1	      -1	      -1	      -1	       0	       1	       1	       0	       0	       1	       1	       1	       0	      -1	       1	       0	       1	       1	       1	       1	       0	       1	       1	      -1	       1	       0	       0	       0	       1	       1	       1	       1	       1	       0	       0	       0	       1	       1	      -1	      -1	       0	       0	       0	       0	       1	       0	       1	       1	       0	      -1	      -1	       0	      -1	       1	       1	       0	       0	       0	      -1	      -1	       1	       1	       0	       1	       1	       1	       1	       1	       1	       0	       1	       1	       1	       1	      -1	       0	       0	       0	       1	       1	       0	       1	       1	       1	      -1	       1	       0	       0	       1	       1	       0	       1	      -1	       1	      -1	       0	       1	       1	       1	       1	       1	       1	       0	       1	       0	      -1	       1	       0	       0	       0	       0	       0	       0	       0	       1	       1	       0	       0	       1	       0	       0	       0	       1	       1	       0	       0	       1	       0	       0	      -1	       0	       0	       0	       1	       0	       1	       1	       0	      -1	      -1	      -1	       1	       0	      -1	       1	       1	       0	      -1	       1	       0	       0	       0	       0	      -1	       1	       1	       1	       1	       0	       1	       0	       1	       1	       1	       1	       1	       0	       0	      -1	       0	       0	      -1	       1	       0	       0	       0	       0	      -1	       1	       0	       0	       0	       1	       0	      -1	       0	       0	       1	       1	       0	       1	       0	       1	       0	      -1	       1	       1	       1	
test 5        0	       0	       0	       0	       0	       0	       0	       0	       0	       0	       0	       0	       0	       0	       0	       0	       0	       0	       0	       0	       0	       0	       0	       0	       0	       0	       0	       0	       0	       0	       0	       0	       0	       0	       0	       0	       0	       0	       0	       0	       0	       0	       0	       0	       0	       0	       0	       0	       0	       0	       0	       0	       0	       0	       0	       0	       0	       0	       0	       0	       0	       0	       0	       0	       0	       0	       0	       0	       0	       0	       0	       0	       0	       0	       0	       0	       0	       0	       0	       0	       0	       0	       0	       0	       0	       0	       0	       0	       0	       0	       0	       0	       0	       0	       0	       0	       0	       0	       0	       0	       0	       0	       0	       0	       0	       0	       0	       0	       0	       0	       0	       0	       0	       0	       0	       0	       0	       0	       0	       0	       0	       0	       0	       0	       0	       0	       0	       0	       0	       0	       0	       0	       0	       0	       0	       0	       0	       0	       0	       0	       0	       0	       0	       0	       0	       0	       0	       0	       0	       0	       0	       0	       0	       0	       0	       0	       0	       0	       0	       0	       0	       0	       0	       0	       0	       0	       0	       0	       0	       0	       0	       0	       0	       0	       0	       0	       0	       0	       0	       0	       0	       0	       0	       0	       0	       0	       0	       0	       0	       0	       0	       0	       0	       0	       0	       0	       0	       0	       0	       0	       0	       0	       0	       0	       0	       0	       0	       0	       0	       0	       0	       0	       0	       0	       0	       0	       0	       0	       0	       0	       0	       0	       0	       0	       0	       0	       0	       0	       0	       0	       0	       0	       0	       0	       0	       0	       0	       0	       0	       0	       0	
pred 6        1	      -1	       0	       0	       1	       1	      -1	       0	       1	       1	       1	       0	       0	       1	       0	       0	      -1	       1	      -1	       0	       1	       0	       1	       1	       1	       1	       1	       0	       0	       0	       1	      -1	       1	       0	       0	       1	       0	      -1	       0	      -1	       1	      -1	      -1	      -1	      -1	      -1	      -1	       0	       1	       1	       0	       0	       1	       1	       1	       0	      -1	       1	       0	       1	       1	       1	       1	       0	       1	       1	      -1	       1	       0	       0	       0	       1	       1	       1	       1	       1	       0	       0	       0	       1	       1	      -1	      -1	       0	       0	       0	       0	       1	       0	       1	       1	       0	      -1	      -1	       0	      -1	       1	       1	       0	       0	       0	      -1	      -1	       1	       1	       0	       1	       1	       1	       1	       1	       1	       0	       1	       1	       1	       1	      -1	       0	       0	       0	       1	       1	       0	       1	       1	       1	      -1	       1	       0	       0	       1	       1	       0	       1	      -1	       1	      -1	       0	       1	       1	       1	       1	       1	       1	       0	       1	       0	      -1	       1	       0	       0	       0	       0	       0	       0	       0	       1	       1	       0	       0	       1	       0	       0	       0	       1	       1	       0	       0	       1	       0	       0	      -1	       0	       0	       0	       1	       0	       1	       1	       0	      -1	      -1	      -1	       1	       0	      -1	       1	       1	       0	      -1	       1	       0	       0	       0	       0	      -1	       1	       1	       1	       1	       0	       1	       0	       1	       1	       1	       1	       1	       0	       0	      -1	       0	       0	      -1	       1	       0	       0	       0	       0	      -1	       1	       0	       0	       0	       1	       0	      -1	       0	       0	       1	       1	       0	       1	       0	       1	       0	      -1	       1	       1	       1	
test 6        0	       0	       0	       0	       0	       0	       0	       0	       0	       0	       0	       0	       0	       0	       0	       1	       1	       1	       0	       1	       0	       0	       0	       0	       0	       0	       0	       0	       0	       0	       0	       0	       0	       0	       0	       0	       1	       0	       0	       0	       0	       0	       0	       0	       0	       0	       0	       0	       0	       0	       0	       0	       0	       0	       0	       0	       0	       0	       0	       0	       0	       0	       0	       0	       0	       0	       0	       0	       0	       0	       0	       0	       0	       0	       0	       0	       0	       0	       0	       0	       0	       0	       0	       0	       0	       0	       0	       0	       0	       0	       0	       0	       0	       0	       0	       0	       0	       0	       0	       1	       0	       0	       0	       0	       0	       0	       0	       0	       0	       0	       0	       0	       0	       0	       0	       0	       0	       0	       0	       0	       0	       0	       0	       0	       0	       0	       0	       0	       0	       0	       0	       0	       0	       0	       0	       0	       0	       0	       1	       0	       0	       0	       0	       0	       1	       1	       0	       0	       0	       0	       0	       0	       0	       0	       0	       0	       0	       0	       0	       0	       0	       0	       0	       0	       0	       0	       0	       1	       0	       0	       0	       0	       0	       0	       0	       0	       0	       1	       0	       0	       0	       0	       0	       0	       0	       0	       0	       0	       0	       0	       0	       0	       0	       0	       0	       0	       0	       0	       0	       0	       0	       0	       0	       0	       0	       0	       0	       0	       0	       0	       0	       0	       0	       0	       0	       0	       0	       0	       0	       0	       0	       0	       0	       0	       0	       0	       0	       0	       1	       0	       0	       0	       0	       0	       0	       1	       0	       0	       0	       0	       0	
------
confusion matrix:
[[ 15  25  24]
 [236 583 637]
 [ 22  64  81]]
macro f1: 0.2717236413741997
micro f1: 0.4024896265560166
weighted f1: 0.12710627913475037
class -1 f1: 0.08902077151335312
class  0 f1: 0.5479323308270677
class  1 f1: 0.1782178217821782
average label-wise acc: 40.25%


ABL loop 2
--------------------
label        0	       1	       2	       3	       4	       5	       6	       7	       8	       9	      10	      11	      12	      13	      14	      15	      16	      17	      18	      19	      20	      21	      22	      23	      24	      25	      26	      27	      28	      29	      30	      31	      32	      33	      34	      35	      36	      37	      38	      39	      40	      41	      42	      43	      44	      45	      46	      47	      48	      49	      50	      51	      52	      53	      54	      55	      56	      57	      58	      59	      60	      61	      62	      63	      64	      65	      66	      67	      68	      69	      70	      71	      72	      73	      74	      75	      76	      77	      78	      79	      80	      81	      82	      83	      84	      85	      86	      87	      88	      89	      90	      91	      92	      93	      94	      95	      96	      97	      98	      99	     100	     101	     102	     103	     104	     105	     106	     107	     108	     109	     110	     111	     112	     113	     114	     115	     116	     117	     118	     119	     120	     121	     122	     123	     124	     125	     126	     127	     128	     129	     130	     131	     132	     133	     134	     135	     136	     137	     138	     139	     140	     141	     142	     143	     144	     145	     146	     147	     148	     149	     150	     151	     152	     153	     154	     155	     156	     157	     158	     159	     160	     161	     162	     163	     164	     165	     166	     167	     168	     169	     170	     171	     172	     173	     174	     175	     176	     177	     178	     179	     180	     181	     182	     183	     184	     185	     186	     187	     188	     189	     190	     191	     192	     193	     194	     195	     196	     197	     198	     199	     200	     201	     202	     203	     204	     205	     206	     207	     208	     209	     210	     211	     212	     213	     214	     215	     216	     217	     218	     219	     220	     221	     222	     223	     224	     225	     226	     227	     228	     229	     230	     231	     232	     233	     234	     235	     236	     237	     238	     239	     240	
   acc  100.00%	   0.00%	  71.43%	 100.00%	   0.00%	 100.00%	  14.29%	 100.00%	  42.86%	  28.57%	   0.00%	  85.71%	 100.00%	  14.29%	  57.14%	  71.43%	  42.86%	  71.43%	  14.29%	  85.71%	  85.71%	 100.00%	 100.00%	   0.00%	 100.00%	  85.71%	  42.86%	  85.71%	 100.00%	 100.00%	   0.00%	   0.00%	   0.00%	 100.00%	 100.00%	   0.00%	  85.71%	   0.00%	   0.00%	   0.00%	  85.71%	  14.29%	   0.00%	  14.29%	  14.29%	  85.71%	  14.29%	 100.00%	 100.00%	  14.29%	  85.71%	  14.29%	  57.14%	  28.57%	  14.29%	  85.71%	   0.00%	  28.57%	  85.71%	  14.29%	  28.57%	  14.29%	  42.86%	  71.43%	   0.00%	   0.00%	   0.00%	  14.29%	 100.00%	  57.14%	  85.71%	  28.57%	  85.71%	 100.00%	   0.00%	  14.29%	 100.00%	  85.71%	  85.71%	  14.29%	   0.00%	   0.00%	 100.00%	 100.00%	  14.29%	 100.00%	  57.14%	   0.00%	  85.71%	  28.57%	  85.71%	  71.43%	   0.00%	   0.00%	  57.14%	   0.00%	  14.29%	  28.57%	  85.71%	  57.14%	   0.00%	   0.00%	 100.00%	   0.00%	   0.00%	 100.00%	   0.00%	   0.00%	  71.43%	  85.71%	   0.00%	  71.43%	 100.00%	 100.00%	   0.00%	   0.00%	   0.00%	   0.00%	  85.71%	  85.71%	  71.43%	   0.00%	  57.14%	  57.14%	   0.00%	   0.00%	   0.00%	   0.00%	  14.29%	  85.71%	 100.00%	   0.00%	   0.00%	   0.00%	   0.00%	   0.00%	   0.00%	  57.14%	  85.71%	  28.57%	  28.57%	  14.29%	   0.00%	   0.00%	  14.29%	  85.71%	   0.00%	   0.00%	   0.00%	  14.29%	  57.14%	  71.43%	 100.00%	 100.00%	 100.00%	 100.00%	  85.71%	   0.00%	   0.00%	  57.14%	 100.00%	  42.86%	  57.14%	  85.71%	 100.00%	   0.00%	   0.00%	  85.71%	  85.71%	   0.00%	  85.71%	  71.43%	   0.00%	 100.00%	  85.71%	   0.00%	  14.29%	  71.43%	  71.43%	   0.00%	 100.00%	  42.86%	   0.00%	   0.00%	   0.00%	  71.43%	  14.29%	   0.00%	  57.14%	 100.00%	   0.00%	 100.00%	 100.00%	 100.00%	  85.71%	 100.00%	   0.00%	   0.00%	   0.00%	   0.00%	  42.86%	  28.57%	  85.71%	 100.00%	  14.29%	  14.29%	 100.00%	 100.00%	   0.00%	  85.71%	 100.00%	   0.00%	 100.00%	  85.71%	   0.00%	   0.00%	  85.71%	   0.00%	 100.00%	 100.00%	   0.00%	  42.86%	 100.00%	 100.00%	  85.71%	  14.29%	  85.71%	  85.71%	  28.57%	  85.71%	  28.57%	  14.29%	 100.00%	  14.29%	  57.14%	  57.14%	 100.00%	   0.00%	   0.00%	  14.29%	 100.00%	
    f1   1.0000	  0.0000	  0.4167	  1.0000	  0.0000	  1.0000	  0.1250	  1.0000	  0.3000	  0.2222	  0.0000	  0.4615	  1.0000	  0.1250	  0.3636	  0.2778	  0.2000	  0.4167	  0.1250	  0.4615	  0.4615	  1.0000	  1.0000	  0.0000	  1.0000	  0.4615	  0.3000	  0.4615	  1.0000	  1.0000	  0.0000	  0.0000	  0.0000	  1.0000	  1.0000	  0.0000	  0.4615	  0.0000	  0.0000	  0.0000	  0.4615	  0.1250	  0.0000	  0.1250	  0.1250	  0.4615	  0.1250	  1.0000	  1.0000	  0.1250	  0.4615	  0.1250	  0.3636	  0.2222	  0.1250	  0.4615	  0.0000	  0.2222	  0.4615	  0.1250	  0.1481	  0.1250	  0.3000	  0.4167	  0.0000	  0.0000	  0.0000	  0.1250	  1.0000	  0.3636	  0.4615	  0.2222	  0.4615	  1.0000	  0.0000	  0.1250	  1.0000	  0.4615	  0.4615	  0.1250	  0.0000	  0.0000	  1.0000	  1.0000	  0.1250	  1.0000	  0.3636	  0.0000	  0.4615	  0.2222	  0.4615	  0.4167	  0.0000	  0.0000	  0.3636	  0.0000	  0.1250	  0.2222	  0.4615	  0.2424	  0.0000	  0.0000	  1.0000	  0.0000	  0.0000	  1.0000	  0.0000	  0.0000	  0.4167	  0.4615	  0.0000	  0.4167	  1.0000	  1.0000	  0.0000	  0.0000	  0.0000	  0.0000	  0.4615	  0.4615	  0.4167	  0.0000	  0.3636	  0.3636	  0.0000	  0.0000	  0.0000	  0.0000	  0.1250	  0.4615	  1.0000	  0.0000	  0.0000	  0.0000	  0.0000	  0.0000	  0.0000	  0.3636	  0.4615	  0.2222	  0.2222	  0.1250	  0.0000	  0.0000	  0.1250	  0.4615	  0.0000	  0.0000	  0.0000	  0.1250	  0.3636	  0.4167	  1.0000	  1.0000	  1.0000	  1.0000	  0.4615	  0.0000	  0.0000	  0.3636	  1.0000	  0.3000	  0.3636	  0.4615	  1.0000	  0.0000	  0.0000	  0.4615	  0.4615	  0.0000	  0.4615	  0.4167	  0.0000	  1.0000	  0.4615	  0.0000	  0.1250	  0.4167	  0.2778	  0.0000	  1.0000	  0.3000	  0.0000	  0.0000	  0.0000	  0.4167	  0.1250	  0.0000	  0.3636	  1.0000	  0.0000	  1.0000	  1.0000	  1.0000	  0.4615	  1.0000	  0.0000	  0.0000	  0.0000	  0.0000	  0.3000	  0.2222	  0.4615	  1.0000	  0.1250	  0.1250	  1.0000	  1.0000	  0.0000	  0.4615	  1.0000	  0.0000	  1.0000	  0.4615	  0.0000	  0.0000	  0.4615	  0.0000	  1.0000	  1.0000	  0.0000	  0.3000	  1.0000	  1.0000	  0.4615	  0.1250	  0.4615	  0.4615	  0.2222	  0.4615	  0.2222	  0.1250	  1.0000	  0.1250	  0.3636	  0.3636	  1.0000	  0.0000	  0.0000	  0.1250	  1.0000	
pred 0        0	      -1	       0	       0	       1	       0	      -1	       0	       1	       1	       1	       0	       0	       1	       0	       0	      -1	       0	      -1	       0	       0	       0	       0	       1	       0	       0	       1	       0	       0	       0	       1	      -1	       1	       0	       0	       1	       0	      -1	       1	      -1	       0	      -1	      -1	      -1	      -1	       0	      -1	       0	       0	       1	       0	       1	       0	       1	       1	       0	      -1	       1	       0	       1	       1	       1	       1	       0	       1	      -1	      -1	       1	       0	       0	       0	       1	       0	       0	       1	       1	       0	       0	       0	       1	       1	      -1	       0	       0	      -1	       0	       0	       1	       0	       1	       0	       0	      -1	      -1	       0	      -1	       1	       1	       0	       0	       1	      -1	       0	       1	       1	       0	       1	       1	       0	       0	       1	       0	       0	       0	       1	       1	       1	      -1	       0	       0	       0	       1	       0	       0	       1	      -1	       1	      -1	       1	       0	       0	       1	       1	      -1	       1	      -1	       1	       0	       0	       1	       1	       1	       1	       1	       1	       0	       1	       1	      -1	       1	       0	       0	       0	       0	       0	       0	       0	       1	       1	       0	       0	       1	       0	       0	       0	      -1	       1	       0	       0	       1	       0	       0	       1	       0	       0	      -1	       1	       0	       0	       1	       0	       1	      -1	      -1	       1	       0	      -1	       1	       0	       0	      -1	       0	       0	       0	       0	       0	      -1	      -1	       1	       1	       1	       1	       0	       0	       1	       1	       0	       0	       1	       0	       0	      -1	       0	       0	      -1	       1	       0	       1	       0	       0	      -1	       1	       0	       0	       0	       1	       0	       0	       1	       0	       1	       1	       0	       1	       0	       1	       0	      -1	       1	       1	       0	
test 0        0	       0	       0	       0	       0	       0	       0	       0	       1	       1	       0	       0	       0	       0	      -1	       0	      -1	       0	       0	       0	       0	       0	       0	       0	       0	       0	       1	       0	       0	       0	       0	       0	       0	       0	       0	       0	       0	       0	       0	       0	       0	       0	       0	       0	       0	       0	       0	       0	       0	       0	       0	       0	       1	       0	       0	       0	       0	       0	       0	       0	       1	       0	       1	       0	      -1	       0	       0	       0	       0	       1	       0	       0	       0	       0	       0	       0	       0	       0	       0	       0	       0	       0	       0	       0	       0	       0	       1	       0	       0	       0	       0	       0	       0	       0	       1	       0	       0	       0	       0	      -1	       0	       0	       0	       0	      -1	       0	       0	       0	       0	       0	       0	       0	       0	       0	       0	       0	       0	       0	       0	       0	      -1	       0	      -1	      -1	      -1	       0	      -1	       1	       0	       0	       0	       0	       0	       0	       0	       0	       0	      -1	       0	       1	       1	       0	       0	       0	       0	       0	       0	       0	       0	       0	       1	       0	       0	       0	       0	       0	       0	       0	       0	       1	       0	       1	       1	       0	       0	       0	       0	       0	       0	       0	       0	       0	       0	       0	       0	       1	       0	       0	      -1	       0	       0	       1	       1	       1	       0	      -1	       0	       0	       1	       0	       1	       0	       0	       0	       0	       0	       0	       0	       0	       0	       1	       0	       0	       0	       0	       0	       0	       0	       0	       0	       0	       0	       0	       0	       0	       0	       0	       0	       0	       0	       0	       1	       0	       0	       0	       0	       0	       0	       0	       0	       0	       0	       0	       0	       1	       1	       0	       0	      -1	       0	       0	
pred 1        0	      -1	       0	       0	       1	       0	      -1	       0	       1	       1	       1	       0	       0	       1	       0	       0	      -1	       0	      -1	       0	       0	       0	       0	       1	       0	       0	       1	       0	       0	       0	       1	      -1	       1	       0	       0	       1	       0	      -1	       1	      -1	       0	      -1	      -1	      -1	      -1	       0	      -1	       0	       0	       1	       0	       1	       0	       1	       1	       0	      -1	       1	       0	       1	       1	       1	       1	       0	       1	      -1	      -1	       1	       0	       0	       0	       1	       0	       0	       1	       1	       0	       0	       0	       1	       1	      -1	       0	       0	      -1	       0	       0	       1	       0	       1	       0	       0	      -1	      -1	       0	      -1	       1	       1	       0	       0	       1	      -1	       0	       1	       1	       0	       1	       1	       0	       0	       1	       0	       0	       0	       1	       1	       1	      -1	       0	       0	       0	       1	       0	       0	       1	      -1	       1	      -1	       1	       0	       0	       1	       1	      -1	       1	      -1	       1	       0	       0	       1	       1	       1	       1	       1	       1	       0	       1	       1	      -1	       1	       0	       0	       0	       0	       0	       0	       0	       1	       1	       0	       0	       1	       0	       0	       0	      -1	       1	       0	       0	       1	       0	       0	       1	       0	       0	      -1	       1	       0	       0	       1	       0	       1	      -1	      -1	       1	       0	      -1	       1	       0	       0	      -1	       0	       0	       0	       0	       0	      -1	      -1	       1	       1	       1	       1	       0	       0	       1	       1	       0	       0	       1	       0	       0	      -1	       0	       0	      -1	       1	       0	       1	       0	       0	      -1	       1	       0	       0	       0	       1	       0	       0	       1	       0	       1	       1	       0	       1	       0	       1	       0	      -1	       1	       1	       0	
test 1        0	       0	       1	       0	       0	       0	      -1	       0	       1	       0	       0	       1	       0	       1	      -1	      -1	      -1	       0	      -1	       0	       1	       0	       0	       0	       0	       1	       1	       0	       0	       0	       0	       0	      -1	       0	       0	       0	       0	       0	       0	       0	      -1	      -1	       0	      -1	      -1	      -1	      -1	       0	       0	       1	       1	       1	       1	       1	       1	       1	       0	       1	       1	       0	      -1	       1	       1	       1	      -1	       1	       1	       1	       0	       1	       1	       1	       1	       0	       0	       1	       0	       1	       1	       1	       0	       1	       0	       0	      -1	       0	       1	       0	       1	       1	      -1	       1	       1	       1	       1	       1	       1	       1	       1	      -1	       0	       0	       0	      -1	      -1	       0	       0	       0	       1	       0	       0	       1	       0	       0	       0	      -1	       0	       0	      -1	      -1	      -1	       0	      -1	      -1	      -1	       0	      -1	       0	       1	      -1	       0	       0	       0	       1	       0	       0	       0	      -1	       0	       0	       0	       1	      -1	       0	       0	       0	       0	      -1	       0	       1	       1	       1	       0	       0	       0	       0	      -1	       0	       0	       1	       0	       1	       1	       1	       0	       0	       0	       0	      -1	       0	      -1	       1	      -1	       0	       1	       1	       1	       1	       1	       0	       0	       1	       0	       0	      -1	      -1	      -1	      -1	       1	       0	       1	       0	       0	       0	       1	       0	       1	       1	       0	       0	       1	       1	      -1	       0	       1	       1	       0	       0	       0	       1	       0	       0	       0	       0	       0	       0	      -1	       0	       0	       0	       1	       1	       0	       0	       0	       1	       1	       1	       1	      -1	       1	       1	       0	       1	       1	       1	       0	       1	      -1	       1	       0	
pred 2        0	      -1	       0	       0	       1	       0	      -1	       0	       1	       1	       1	       0	       0	       1	       0	       0	      -1	       0	      -1	       0	       0	       0	       0	       1	       0	       0	       1	       0	       0	       0	       1	      -1	       1	       0	       0	       1	       0	      -1	       1	      -1	       0	      -1	      -1	      -1	      -1	       0	      -1	       0	       0	       1	       0	       1	       0	       1	       1	       0	      -1	       1	       0	       1	       1	       1	       1	       0	       1	      -1	      -1	       1	       0	       0	       0	       1	       0	       0	       1	       1	       0	       0	       0	       1	       1	      -1	       0	       0	      -1	       0	       0	       1	       0	       1	       0	       0	      -1	      -1	       0	      -1	       1	       1	       0	       0	       1	      -1	       0	       1	       1	       0	       1	       1	       0	       0	       1	       0	       0	       0	       1	       1	       1	      -1	       0	       0	       0	       1	       0	       0	       1	      -1	       1	      -1	       1	       0	       0	       1	       1	      -1	       1	      -1	       1	       0	       0	       1	       1	       1	       1	       1	       1	       0	       1	       1	      -1	       1	       0	       0	       0	       0	       0	       0	       0	       1	       1	       0	       0	       1	       0	       0	       0	      -1	       1	       0	       0	       1	       0	       0	       1	       0	       0	      -1	       1	       0	       0	       1	       0	       1	      -1	      -1	       1	       0	      -1	       1	       0	       0	      -1	       0	       0	       0	       0	       0	      -1	      -1	       1	       1	       1	       1	       0	       0	       1	       1	       0	       0	       1	       0	       0	      -1	       0	       0	      -1	       1	       0	       1	       0	       0	      -1	       1	       0	       0	       0	       1	       0	       0	       1	       0	       1	       1	       0	       1	       0	       1	       0	      -1	       1	       1	       0	
test 2        0	       0	       1	       0	       0	       0	       0	       0	       1	       1	       0	       0	       0	       0	      -1	       0	      -1	       1	       0	       0	       0	       0	       0	       0	       0	       0	       1	      -1	       0	       0	       0	       0	       0	       0	       0	       0	       0	       0	       0	       0	       0	       0	       0	       0	       0	       0	       0	       0	       0	       0	       0	       0	       1	       1	       0	       0	       0	       1	       0	       1	       1	       0	       1	       1	       0	       0	       0	       0	       0	       1	       0	       1	       0	       0	       0	       0	       0	       0	       0	       0	       0	       0	       0	       0	       0	       0	       1	       0	       0	       1	       0	       1	       0	       0	       1	       0	       0	       1	       0	       0	       0	       0	       0	       0	       0	       0	       0	       0	       1	       1	       0	       1	       0	       0	       0	       0	       0	       0	       0	       0	       0	       0	      -1	      -1	       0	       0	       0	       1	       0	       0	       0	       0	       0	       0	       0	       0	       0	      -1	       0	       1	       1	       0	       0	       0	       0	       0	       0	       0	       0	       0	       1	       1	       0	       0	       0	       0	       0	       0	       0	       1	       0	       1	       1	       0	       0	       0	       0	       0	       0	       0	       0	       1	       0	       0	       0	       1	       0	       0	       0	       0	       0	       1	       1	       1	       0	       0	       0	       0	       1	       0	       1	       0	       0	       0	       0	       0	       0	       0	       0	       0	       1	       1	       0	       0	       0	       0	       0	       0	       0	       0	       0	       0	       0	       1	       0	       0	       0	       0	       0	       0	       0	       1	       0	       0	      -1	       0	       0	       0	       0	       0	       1	       0	       0	       0	       1	       1	       0	       0	       0	       0	       0	
pred 3        0	      -1	       0	       0	       1	       0	      -1	       0	       1	       1	       1	       0	       0	       1	       0	       0	      -1	       0	      -1	       0	       0	       0	       0	       1	       0	       0	       1	       0	       0	       0	       1	      -1	       1	       0	       0	       1	       0	      -1	       1	      -1	       0	      -1	      -1	      -1	      -1	       0	      -1	       0	       0	       1	       0	       1	       0	       1	       1	       0	      -1	       1	       0	       1	       1	       1	       1	       0	       1	      -1	      -1	       1	       0	       0	       0	       1	       0	       0	       1	       1	       0	       0	       0	       1	       1	      -1	       0	       0	      -1	       0	       0	       1	       0	       1	       0	       0	      -1	      -1	       0	      -1	       1	       1	       0	       0	       1	      -1	       0	       1	       1	       0	       1	       1	       0	       0	       1	       0	       0	       0	       1	       1	       1	      -1	       0	       0	       0	       1	       0	       0	       1	      -1	       1	      -1	       1	       0	       0	       1	       1	      -1	       1	      -1	       1	       0	       0	       1	       1	       1	       1	       1	       1	       0	       1	       1	      -1	       1	       0	       0	       0	       0	       0	       0	       0	       1	       1	       0	       0	       1	       0	       0	       0	      -1	       1	       0	       0	       1	       0	       0	       1	       0	       0	      -1	       1	       0	       0	       1	       0	       1	      -1	      -1	       1	       0	      -1	       1	       0	       0	      -1	       0	       0	       0	       0	       0	      -1	      -1	       1	       1	       1	       1	       0	       0	       1	       1	       0	       0	       1	       0	       0	      -1	       0	       0	      -1	       1	       0	       1	       0	       0	      -1	       1	       0	       0	       0	       1	       0	       0	       1	       0	       1	       1	       0	       1	       0	       1	       0	      -1	       1	       1	       0	
test 3        0	       0	       0	       0	       0	       0	       0	       0	       0	       0	       0	       0	       0	       0	       0	       0	       0	       0	       0	       0	       0	       0	       0	       0	       0	       0	       0	       0	       0	       0	       0	       0	       0	       0	       0	       0	       0	       0	       0	       0	       0	       0	       0	       0	       0	       0	       0	       0	       0	       0	       0	       0	       0	       0	       0	       0	       0	       0	       0	       0	       0	       0	       0	       0	       0	       0	       0	       0	       0	       0	       0	       0	       0	       0	       0	       0	       0	       0	       0	       0	       0	       0	       0	       0	       0	       0	       0	       0	       0	       0	       0	       0	       0	       0	       0	       0	       0	       0	       0	       0	       0	       0	       0	       0	       0	       0	       0	       0	       0	       0	       0	       0	       0	       0	       0	       0	       0	       0	       0	       0	       0	       0	       0	       0	       0	       0	       0	       0	       0	       0	       0	       0	       0	       0	       0	       0	       0	       0	       0	       0	       0	       0	       0	       0	       0	       0	       0	       0	       0	       0	       0	       0	       0	       0	       0	       0	       0	       0	       0	       0	       0	       0	       0	       0	       0	       0	       0	       0	       0	       0	       0	       0	       0	       0	       0	       0	       0	       0	       0	       0	       0	       0	       0	       0	       0	       0	       0	       0	       0	       0	       0	       0	       0	       0	       0	       0	       0	       0	       0	       0	       0	       0	       0	       0	       0	       0	       0	       0	       0	       0	       0	       0	       0	       0	       0	       0	       0	       0	       0	       0	       0	       0	       0	       0	       0	       0	       0	       0	       0	       0	       0	       0	       0	       0	       0	       0	       0	       0	       0	       0	       0	
pred 4        0	      -1	       0	       0	       1	       0	      -1	       0	       1	       1	       1	       0	       0	       1	       0	       0	      -1	       0	      -1	       0	       0	       0	       0	       1	       0	       0	       1	       0	       0	       0	       1	      -1	       1	       0	       0	       1	       0	      -1	       1	      -1	       0	      -1	      -1	      -1	      -1	       0	      -1	       0	       0	       1	       0	       1	       0	       1	       1	       0	      -1	       1	       0	       1	       1	       1	       1	       0	       1	      -1	      -1	       1	       0	       0	       0	       1	       0	       0	       1	       1	       0	       0	       0	       1	       1	      -1	       0	       0	      -1	       0	       0	       1	       0	       1	       0	       0	      -1	      -1	       0	      -1	       1	       1	       0	       0	       1	      -1	       0	       1	       1	       0	       1	       1	       0	       0	       1	       0	       0	       0	       1	       1	       1	      -1	       0	       0	       0	       1	       0	       0	       1	      -1	       1	      -1	       1	       0	       0	       1	       1	      -1	       1	      -1	       1	       0	       0	       1	       1	       1	       1	       1	       1	       0	       1	       1	      -1	       1	       0	       0	       0	       0	       0	       0	       0	       1	       1	       0	       0	       1	       0	       0	       0	      -1	       1	       0	       0	       1	       0	       0	       1	       0	       0	      -1	       1	       0	       0	       1	       0	       1	      -1	      -1	       1	       0	      -1	       1	       0	       0	      -1	       0	       0	       0	       0	       0	      -1	      -1	       1	       1	       1	       1	       0	       0	       1	       1	       0	       0	       1	       0	       0	      -1	       0	       0	      -1	       1	       0	       1	       0	       0	      -1	       1	       0	       0	       0	       1	       0	       0	       1	       0	       1	       1	       0	       1	       0	       1	       0	      -1	       1	       1	       0	
test 4        0	       0	       0	       0	       0	       0	       0	       0	       0	       0	       0	       0	       0	       0	       0	       0	       0	       0	       0	       0	       0	       0	       0	       0	       0	       0	       0	       0	       0	       0	       0	       0	       0	       0	       0	       0	       0	       0	       0	       0	       0	       0	       0	       0	       0	       0	       0	       0	       0	       0	       0	       0	       0	       0	       0	       0	       0	       0	       0	       0	       0	       0	       0	       0	       0	       0	       0	       0	       0	       0	       0	       0	       0	       0	       0	       0	       0	       0	       0	       0	       0	       0	       0	       0	       0	       0	       0	       0	       0	       0	       0	       0	       0	       0	       0	       0	       0	       0	       0	       0	       0	       0	       0	       0	       0	       0	       0	       0	       0	       0	       0	       0	       0	       0	       0	       0	       0	       0	       0	       0	       0	       0	       0	       0	       0	       0	       0	       0	       0	       0	       0	       0	       0	       0	       0	       0	       0	       0	       0	       0	       0	       0	       0	       0	       0	       0	       0	       0	       0	       0	       0	       0	       0	       0	       0	       0	       0	       0	       0	       0	       0	       0	       0	       0	       0	       0	       0	       0	       0	       0	       0	       0	       0	       0	       0	       0	       0	       0	       0	       0	       0	       0	       0	       0	       0	       0	       0	       0	       0	       0	       0	       0	       0	       0	       0	       0	       0	       0	       0	       0	       0	       0	       0	       0	       0	       0	       0	       0	       0	       0	       0	       0	       0	       0	       0	       0	       0	       0	       0	       0	       0	       0	       0	       0	       0	       0	       0	       0	       0	       0	       0	       0	       0	       0	       0	       0	       0	       0	       0	       0	       0	
pred 5        0	      -1	       0	       0	       1	       0	      -1	       0	       1	       1	       1	       0	       0	       1	       0	       0	      -1	       0	      -1	       0	       0	       0	       0	       1	       0	       0	       1	       0	       0	       0	       1	      -1	       1	       0	       0	       1	       0	      -1	       1	      -1	       0	      -1	      -1	      -1	      -1	       0	      -1	       0	       0	       1	       0	       1	       0	       1	       1	       0	      -1	       1	       0	       1	       1	       1	       1	       0	       1	      -1	      -1	       1	       0	       0	       0	       1	       0	       0	       1	       1	       0	       0	       0	       1	       1	      -1	       0	       0	      -1	       0	       0	       1	       0	       1	       0	       0	      -1	      -1	       0	      -1	       1	       1	       0	       0	       1	      -1	       0	       1	       1	       0	       1	       1	       0	       0	       1	       0	       0	       0	       1	       1	       1	      -1	       0	       0	       0	       1	       0	       0	       1	      -1	       1	      -1	       1	       0	       0	       1	       1	      -1	       1	      -1	       1	       0	       0	       1	       1	       1	       1	       1	       1	       0	       1	       1	      -1	       1	       0	       0	       0	       0	       0	       0	       0	       1	       1	       0	       0	       1	       0	       0	       0	      -1	       1	       0	       0	       1	       0	       0	       1	       0	       0	      -1	       1	       0	       0	       1	       0	       1	      -1	      -1	       1	       0	      -1	       1	       0	       0	      -1	       0	       0	       0	       0	       0	      -1	      -1	       1	       1	       1	       1	       0	       0	       1	       1	       0	       0	       1	       0	       0	      -1	       0	       0	      -1	       1	       0	       1	       0	       0	      -1	       1	       0	       0	       0	       1	       0	       0	       1	       0	       1	       1	       0	       1	       0	       1	       0	      -1	       1	       1	       0	
test 5        0	       0	       0	       0	       0	       0	       0	       0	       0	       0	       0	       0	       0	       0	       0	       0	       0	       0	       0	       0	       0	       0	       0	       0	       0	       0	       0	       0	       0	       0	       0	       0	       0	       0	       0	       0	       0	       0	       0	       0	       0	       0	       0	       0	       0	       0	       0	       0	       0	       0	       0	       0	       0	       0	       0	       0	       0	       0	       0	       0	       0	       0	       0	       0	       0	       0	       0	       0	       0	       0	       0	       0	       0	       0	       0	       0	       0	       0	       0	       0	       0	       0	       0	       0	       0	       0	       0	       0	       0	       0	       0	       0	       0	       0	       0	       0	       0	       0	       0	       0	       0	       0	       0	       0	       0	       0	       0	       0	       0	       0	       0	       0	       0	       0	       0	       0	       0	       0	       0	       0	       0	       0	       0	       0	       0	       0	       0	       0	       0	       0	       0	       0	       0	       0	       0	       0	       0	       0	       0	       0	       0	       0	       0	       0	       0	       0	       0	       0	       0	       0	       0	       0	       0	       0	       0	       0	       0	       0	       0	       0	       0	       0	       0	       0	       0	       0	       0	       0	       0	       0	       0	       0	       0	       0	       0	       0	       0	       0	       0	       0	       0	       0	       0	       0	       0	       0	       0	       0	       0	       0	       0	       0	       0	       0	       0	       0	       0	       0	       0	       0	       0	       0	       0	       0	       0	       0	       0	       0	       0	       0	       0	       0	       0	       0	       0	       0	       0	       0	       0	       0	       0	       0	       0	       0	       0	       0	       0	       0	       0	       0	       0	       0	       0	       0	       0	       0	       0	       0	       0	       0	       0	
pred 6        0	      -1	       0	       0	       1	       0	      -1	       0	       1	       1	       1	       0	       0	       1	       0	       0	      -1	       0	      -1	       0	       0	       0	       0	       1	       0	       0	       1	       0	       0	       0	       1	      -1	       1	       0	       0	       1	       0	      -1	       1	      -1	       0	      -1	      -1	      -1	      -1	       0	      -1	       0	       0	       1	       0	       1	       0	       1	       1	       0	      -1	       1	       0	       1	       1	       1	       1	       0	       1	      -1	      -1	       1	       0	       0	       0	       1	       0	       0	       1	       1	       0	       0	       0	       1	       1	      -1	       0	       0	      -1	       0	       0	       1	       0	       1	       0	       0	      -1	      -1	       0	      -1	       1	       1	       0	       0	       1	      -1	       0	       1	       1	       0	       1	       1	       0	       0	       1	       0	       0	       0	       1	       1	       1	      -1	       0	       0	       0	       1	       0	       0	       1	      -1	       1	      -1	       1	       0	       0	       1	       1	      -1	       1	      -1	       1	       0	       0	       1	       1	       1	       1	       1	       1	       0	       1	       1	      -1	       1	       0	       0	       0	       0	       0	       0	       0	       1	       1	       0	       0	       1	       0	       0	       0	      -1	       1	       0	       0	       1	       0	       0	       1	       0	       0	      -1	       1	       0	       0	       1	       0	       1	      -1	      -1	       1	       0	      -1	       1	       0	       0	      -1	       0	       0	       0	       0	       0	      -1	      -1	       1	       1	       1	       1	       0	       0	       1	       1	       0	       0	       1	       0	       0	      -1	       0	       0	      -1	       1	       0	       1	       0	       0	      -1	       1	       0	       0	       0	       1	       0	       0	       1	       0	       1	       1	       0	       1	       0	       1	       0	      -1	       1	       1	       0	
test 6        0	       0	       0	       0	       0	       0	       0	       0	       0	       0	       0	       0	       0	       0	       0	       1	       1	       1	       0	       1	       0	       0	       0	       0	       0	       0	       0	       0	       0	       0	       0	       0	       0	       0	       0	       0	       1	       0	       0	       0	       0	       0	       0	       0	       0	       0	       0	       0	       0	       0	       0	       0	       0	       0	       0	       0	       0	       0	       0	       0	       0	       0	       0	       0	       0	       0	       0	       0	       0	       0	       0	       0	       0	       0	       0	       0	       0	       0	       0	       0	       0	       0	       0	       0	       0	       0	       0	       0	       0	       0	       0	       0	       0	       0	       0	       0	       0	       0	       0	       1	       0	       0	       0	       0	       0	       0	       0	       0	       0	       0	       0	       0	       0	       0	       0	       0	       0	       0	       0	       0	       0	       0	       0	       0	       0	       0	       0	       0	       0	       0	       0	       0	       0	       0	       0	       0	       0	       0	       1	       0	       0	       0	       0	       0	       1	       1	       0	       0	       0	       0	       0	       0	       0	       0	       0	       0	       0	       0	       0	       0	       0	       0	       0	       0	       0	       0	       0	       1	       0	       0	       0	       0	       0	       0	       0	       0	       0	       1	       0	       0	       0	       0	       0	       0	       0	       0	       0	       0	       0	       0	       0	       0	       0	       0	       0	       0	       0	       0	       0	       0	       0	       0	       0	       0	       0	       0	       0	       0	       0	       0	       0	       0	       0	       0	       0	       0	       0	       0	       0	       0	       0	       0	       0	       0	       0	       0	       0	       0	       1	       0	       0	       0	       0	       0	       0	       1	       0	       0	       0	       0	       0	
------
confusion matrix:
[[ 11  34  19]
 [238 705 513]
 [ 24  73  70]]
macro f1: 0.28967654572927654
micro f1: 0.46591582691167754
weighted f1: 0.11377500742673874
class -1 f1: 0.06528189910979229
class  0 f1: 0.6216931216931217
class  1 f1: 0.18205461638491546
average label-wise acc: 46.59%



======
cyaR
=====


before pretrain
--------------------
label        0	       1	       2	       3	       4	       5	       6	       7	       8	       9	      10	      11	      12	      13	      14	      15	      16	      17	      18	      19	      20	      21	      22	      23	      24	      25	      26	      27	      28	      29	      30	      31	      32	      33	      34	      35	      36	      37	      38	      39	      40	      41	      42	      43	      44	      45	      46	      47	      48	      49	      50	      51	      52	      53	      54	      55	      56	      57	      58	      59	      60	      61	      62	      63	      64	      65	      66	      67	      68	      69	      70	      71	      72	      73	      74	      75	      76	      77	      78	      79	      80	      81	      82	      83	      84	      85	      86	      87	      88	      89	      90	      91	      92	      93	      94	      95	      96	      97	      98	      99	     100	     101	     102	     103	     104	     105	     106	     107	     108	     109	     110	     111	     112	     113	     114	     115	     116	     117	     118	     119	     120	     121	     122	     123	     124	     125	     126	     127	     128	     129	     130	     131	     132	     133	     134	     135	     136	     137	     138	     139	     140	     141	     142	     143	     144	     145	     146	     147	     148	     149	     150	     151	     152	     153	     154	     155	     156	     157	     158	     159	     160	     161	     162	     163	     164	     165	     166	     167	     168	     169	     170	     171	     172	     173	     174	     175	     176	     177	     178	     179	     180	     181	     182	     183	     184	     185	     186	     187	     188	     189	     190	     191	     192	     193	     194	     195	     196	     197	     198	     199	     200	     201	     202	     203	     204	     205	     206	     207	     208	     209	     210	     211	     212	     213	     214	     215	     216	     217	     218	     219	     220	     221	     222	     223	     224	     225	     226	     227	     228	     229	     230	     231	     232	     233	     234	     235	     236	     237	     238	     239	     240	
   acc   66.67%	  50.00%	  83.33%	  50.00%	  66.67%	  16.67%	  33.33%	  16.67%	  33.33%	  66.67%	  33.33%	  16.67%	  16.67%	  33.33%	   0.00%	  16.67%	  50.00%	  16.67%	  50.00%	   0.00%	  33.33%	  50.00%	  33.33%	  50.00%	  50.00%	  16.67%	  50.00%	   0.00%	  50.00%	  16.67%	  50.00%	  16.67%	   0.00%	  33.33%	   0.00%	  16.67%	  16.67%	  16.67%	  50.00%	  16.67%	  50.00%	 100.00%	   0.00%	 100.00%	   0.00%	 100.00%	   0.00%	  50.00%	  50.00%	   0.00%	  50.00%	  66.67%	  66.67%	  50.00%	  50.00%	  83.33%	  16.67%	  66.67%	  66.67%	  16.67%	   0.00%	  50.00%	  83.33%	  33.33%	  50.00%	  33.33%	  66.67%	  66.67%	  16.67%	  16.67%	  16.67%	   0.00%	  33.33%	  16.67%	  33.33%	  33.33%	  33.33%	  66.67%	  66.67%	  33.33%	   0.00%	  33.33%	  16.67%	  50.00%	   0.00%	  33.33%	   0.00%	  33.33%	  66.67%	  66.67%	  50.00%	  16.67%	  33.33%	   0.00%	  66.67%	  83.33%	   0.00%	  83.33%	  50.00%	  50.00%	   0.00%	  33.33%	  16.67%	   0.00%	  50.00%	  50.00%	  50.00%	  16.67%	  16.67%	  16.67%	  16.67%	  33.33%	  33.33%	  50.00%	  16.67%	   0.00%	  33.33%	  33.33%	   0.00%	  50.00%	  50.00%	  50.00%	   0.00%	  16.67%	  50.00%	  50.00%	  33.33%	 100.00%	  16.67%	  50.00%	  33.33%	  33.33%	  33.33%	  50.00%	  16.67%	  50.00%	  50.00%	   0.00%	  50.00%	  50.00%	  50.00%	  16.67%	  50.00%	  16.67%	  83.33%	  33.33%	  50.00%	  50.00%	  50.00%	  66.67%	   0.00%	  66.67%	  66.67%	  16.67%	   0.00%	  33.33%	   0.00%	  83.33%	  50.00%	  50.00%	  33.33%	  16.67%	  83.33%	  83.33%	  50.00%	  33.33%	  33.33%	  16.67%	  50.00%	  16.67%	  50.00%	  50.00%	  50.00%	   0.00%	  50.00%	  33.33%	  66.67%	   0.00%	  50.00%	  50.00%	  16.67%	  16.67%	  16.67%	  16.67%	  50.00%	  16.67%	  50.00%	   0.00%	  33.33%	  50.00%	  50.00%	  33.33%	  66.67%	   0.00%	  50.00%	  16.67%	  33.33%	  33.33%	   0.00%	  50.00%	   0.00%	 100.00%	  16.67%	   0.00%	  16.67%	  33.33%	  16.67%	   0.00%	  50.00%	  50.00%	  16.67%	  50.00%	  50.00%	  16.67%	  50.00%	  33.33%	   0.00%	  16.67%	  50.00%	   0.00%	  16.67%	  50.00%	  83.33%	   0.00%	  16.67%	  50.00%	  16.67%	 100.00%	  33.33%	   0.00%	  33.33%	   0.00%	  16.67%	  66.67%	  66.67%	  50.00%	  33.33%	  16.67%	  16.67%	   0.00%	  33.33%	
    f1   0.2667	  0.3333	  0.4545	  0.2222	  0.2667	  0.0952	  0.1667	  0.0952	  0.1667	  0.4000	  0.1667	  0.0952	  0.0952	  0.1667	  0.0000	  0.0952	  0.3333	  0.0952	  0.3333	  0.0000	  0.1667	  0.2222	  0.1667	  0.2222	  0.2222	  0.0952	  0.3333	  0.0000	  0.3333	  0.0952	  0.2222	  0.0952	  0.0000	  0.1667	  0.0000	  0.0952	  0.0952	  0.0952	  0.2222	  0.0952	  0.3333	  1.0000	  0.0000	  1.0000	  0.0000	  1.0000	  0.0000	  0.3333	  0.3333	  0.0000	  0.3333	  0.4000	  0.2667	  0.2222	  0.2222	  0.4545	  0.0952	  0.2667	  0.2667	  0.0952	  0.0000	  0.2222	  0.4545	  0.1667	  0.3333	  0.1667	  0.4000	  0.4000	  0.0952	  0.0952	  0.0952	  0.0000	  0.1667	  0.0952	  0.1667	  0.2500	  0.2500	  0.4000	  0.2667	  0.2500	  0.0000	  0.1667	  0.0952	  0.2222	  0.0000	  0.2500	  0.0000	  0.1667	  0.2667	  0.2667	  0.3333	  0.0952	  0.2500	  0.0000	  0.4000	  0.4545	  0.0000	  0.4545	  0.2222	  0.3333	  0.0000	  0.1667	  0.0952	  0.0000	  0.3333	  0.3333	  0.2222	  0.0952	  0.0952	  0.0952	  0.0952	  0.1667	  0.1667	  0.2222	  0.0952	  0.0000	  0.1667	  0.1667	  0.0000	  0.3333	  0.3333	  0.2222	  0.0000	  0.0952	  0.3333	  0.2222	  0.1667	  1.0000	  0.0952	  0.3333	  0.1667	  0.2500	  0.1667	  0.2222	  0.0952	  0.3333	  0.2222	  0.0000	  0.3333	  0.2222	  0.2222	  0.0952	  0.2222	  0.0952	  0.4545	  0.1667	  0.2222	  0.3333	  0.2222	  0.4000	  0.0000	  0.4000	  0.4000	  0.0952	  0.0000	  0.2500	  0.0000	  0.4545	  0.3333	  0.3333	  0.1667	  0.1429	  0.4545	  0.4545	  0.3333	  0.1667	  0.1667	  0.0952	  0.2222	  0.1429	  0.3333	  0.3333	  0.2222	  0.0000	  0.2222	  0.1667	  0.4000	  0.0000	  0.3333	  0.2222	  0.0952	  0.0952	  0.0952	  0.0952	  0.3333	  0.0952	  0.3333	  0.0000	  0.1667	  0.3333	  0.2222	  0.1667	  0.4000	  0.0000	  0.2222	  0.0952	  0.1667	  0.1667	  0.0000	  0.3333	  0.0000	  1.0000	  0.1429	  0.0000	  0.0952	  0.1667	  0.0952	  0.0000	  0.2222	  0.2222	  0.0952	  0.2222	  0.2222	  0.0952	  0.2222	  0.1667	  0.0000	  0.0952	  0.2222	  0.0000	  0.0952	  0.3333	  0.4545	  0.0000	  0.0952	  0.3333	  0.0952	  1.0000	  0.2500	  0.0000	  0.1667	  0.0000	  0.0952	  0.4000	  0.2667	  0.3333	  0.1667	  0.1429	  0.0952	  0.0000	  0.1667	
pred 0        1	       1	       1	       1	       1	      -1	       0	      -1	      -1	       1	       0	       0	      -1	      -1	       0	      -1	      -1	       0	      -1	       0	       0	       1	       0	       1	       0	      -1	       1	       0	       0	      -1	       1	      -1	       0	      -1	       0	       0	      -1	      -1	       1	       0	       1	      -1	       0	      -1	       1	      -1	       1	       1	      -1	       0	      -1	       1	       1	       1	       1	       1	       1	       1	       1	      -1	       0	       1	       1	       0	      -1	       0	       0	       1	      -1	      -1	       0	       0	       0	       1	      -1	       0	       0	       0	       1	       0	      -1	       1	      -1	       1	       0	       1	       1	       0	       0	       1	      -1	       0	       0	      -1	       1	       1	      -1	       1	       1	      -1	      -1	      -1	      -1	       0	      -1	      -1	       1	       0	      -1	       0	      -1	      -1	      -1	       1	       0	       0	      -1	       1	       0	       1	      -1	       1	       0	       0	       1	      -1	      -1	      -1	       0	       1	      -1	       0	       0	       0	       0	       1	       1	       0	       0	      -1	      -1	      -1	       1	      -1	       1	       1	       1	      -1	       1	       1	      -1	       1	       0	       0	      -1	       0	       0	       0	       1	       1	       0	       0	       1	       1	       1	      -1	       0	      -1	       1	       0	      -1	       1	      -1	      -1	       0	      -1	       0	      -1	      -1	       0	       0	       0	      -1	       0	       1	       1	      -1	       0	       1	       1	       1	       0	       0	       0	       1	      -1	       0	       0	      -1	       0	       0	       1	      -1	      -1	       0	      -1	      -1	      -1	       1	       1	      -1	       0	       1	      -1	       1	      -1	       0	      -1	       1	      -1	      -1	       1	       0	       0	       0	       0	      -1	       0	       1	       0	       0	      -1	      -1	       1	       1	      -1	       0	       0	      -1	       0	       1	
test 0       -1	       0	      -1	      -1	      -1	      -1	      -1	      -1	      -1	      -1	      -1	      -1	      -1	      -1	      -1	      -1	      -1	      -1	      -1	      -1	      -1	      -1	      -1	      -1	      -1	      -1	      -1	      -1	       0	      -1	      -1	      -1	      -1	      -1	      -1	      -1	      -1	      -1	      -1	      -1	      -1	      -1	      -1	      -1	      -1	      -1	      -1	      -1	      -1	      -1	      -1	       0	      -1	      -1	      -1	       0	      -1	      -1	      -1	      -1	      -1	      -1	       0	      -1	      -1	      -1	       0	       0	      -1	      -1	      -1	      -1	      -1	      -1	      -1	       0	       0	       0	      -1	       0	       0	      -1	      -1	      -1	      -1	       0	      -1	      -1	       0	      -1	      -1	      -1	       0	       0	       0	       0	       0	      -1	      -1	      -1	       0	      -1	      -1	      -1	      -1	      -1	      -1	      -1	      -1	      -1	      -1	      -1	      -1	      -1	      -1	      -1	      -1	      -1	      -1	      -1	      -1	      -1	      -1	      -1	      -1	      -1	      -1	      -1	      -1	      -1	      -1	       0	      -1	      -1	      -1	      -1	      -1	      -1	       0	      -1	      -1	      -1	      -1	      -1	       0	      -1	      -1	      -1	      -1	      -1	       0	       0	       0	      -1	       0	       0	      -1	      -1	      -1	      -1	      -1	       0	       0	       0	      -1	      -1	      -1	      -1	      -1	       0	      -1	      -1	      -1	       0	       0	      -1	       0	       0	      -1	      -1	      -1	      -1	      -1	      -1	      -1	      -1	      -1	      -1	      -1	      -1	      -1	      -1	       0	      -1	      -1	      -1	      -1	      -1	       0	       0	       1	       1	      -1	       0	      -1	      -1	      -1	       0	      -1	      -1	      -1	      -1	      -1	      -1	      -1	      -1	      -1	      -1	      -1	       0	      -1	      -1	       0	      -1	      -1	       0	      -1	       0	       0	      -1	      -1	       0	      -1	       0	      -1	      -1	      -1	       0	      -1	      -1	      -1	
pred 1        1	       1	       1	       1	       1	      -1	       0	      -1	      -1	       1	       0	       0	      -1	      -1	       0	      -1	      -1	       0	      -1	       0	       0	       1	       0	       1	       0	      -1	       1	       0	       0	      -1	       1	      -1	       0	      -1	       0	       0	      -1	      -1	       1	       0	       1	      -1	       0	      -1	       1	      -1	       1	       1	      -1	       0	      -1	       1	       1	       1	       1	       1	       1	       1	       1	      -1	       0	       1	       1	       0	      -1	       0	       0	       1	      -1	      -1	       0	       0	       0	       1	      -1	       0	       0	       0	       1	       0	      -1	       1	      -1	       1	       0	       1	       1	       0	       0	       1	      -1	       0	       0	      -1	       1	       1	      -1	       1	       1	      -1	      -1	      -1	      -1	       0	      -1	      -1	       1	       0	      -1	       0	      -1	      -1	      -1	       1	       0	       0	      -1	       1	       0	       1	      -1	       1	       0	       0	       1	      -1	      -1	      -1	       0	       1	      -1	       0	       0	       0	       0	       1	       1	       0	       0	      -1	      -1	      -1	       1	      -1	       1	       1	       1	      -1	       1	       1	      -1	       1	       0	       0	      -1	       0	       0	       0	       1	       1	       0	       0	       1	       1	       1	      -1	       0	      -1	       1	       0	      -1	       1	      -1	      -1	       0	      -1	       0	      -1	      -1	       0	       0	       0	      -1	       0	       1	       1	      -1	       0	       1	       1	       1	       0	       0	       0	       1	      -1	       0	       0	      -1	       0	       0	       1	      -1	      -1	       0	      -1	      -1	      -1	       1	       1	      -1	       0	       1	      -1	       1	      -1	       0	      -1	       1	      -1	      -1	       1	       0	       0	       0	       0	      -1	       0	       1	       0	       0	      -1	      -1	       1	       1	      -1	       0	       0	      -1	       0	       1	
test 1        0	       0	       1	       0	       1	       1	      -1	       0	      -1	      -1	       0	      -1	       0	       0	      -1	       0	      -1	       0	      -1	      -1	       0	       0	       0	       0	       0	       0	      -1	      -1	       0	       0	       0	       0	      -1	       0	      -1	       0	       0	       0	       0	      -1	      -1	      -1	      -1	      -1	      -1	      -1	      -1	      -1	      -1	       1	      -1	       0	       0	       0	       0	       1	       0	       1	       1	       0	      -1	       0	       1	       0	      -1	       0	       0	       0	       0	       0	       0	       1	       0	       0	       0	       0	       0	       0	       1	       1	       0	       0	       0	       0	      -1	       0	      -1	       0	       0	       1	      -1	      -1	       0	       0	       0	       1	       0	       1	       0	      -1	       1	      -1	       0	      -1	      -1	      -1	      -1	      -1	       0	      -1	       1	      -1	      -1	       0	       0	      -1	       0	       0	      -1	      -1	      -1	       0	      -1	      -1	      -1	      -1	      -1	      -1	       1	      -1	       0	       0	       0	       0	       0	      -1	       0	      -1	       0	      -1	      -1	       0	       0	       0	       1	      -1	       0	      -1	       0	      -1	       0	       0	       0	      -1	       0	       0	      -1	       0	      -1	      -1	       0	       1	       1	       1	      -1	       0	       0	       0	       0	       1	      -1	      -1	      -1	       0	       0	      -1	       0	       0	      -1	       0	       0	      -1	       0	      -1	      -1	      -1	      -1	      -1	       0	      -1	       0	      -1	       0	      -1	       0	       0	       0	       0	       0	       0	       1	       1	       1	       1	       0	      -1	       0	       0	       0	       0	       0	       0	       0	       1	       0	      -1	      -1	       0	       0	       0	       0	      -1	       0	      -1	       1	       0	       0	       0	       0	      -1	       0	       1	       0	       1	       1	      -1	       0	       1	       1	       1	       0	
pred 2        1	       1	       1	       1	       1	      -1	       0	      -1	      -1	       1	       0	       0	      -1	      -1	       0	      -1	      -1	       0	      -1	       0	       0	       1	       0	       1	       0	      -1	       1	       0	       0	      -1	       1	      -1	       0	      -1	       0	       0	      -1	      -1	       1	       0	       1	      -1	       0	      -1	       1	      -1	       1	       1	      -1	       0	      -1	       1	       1	       1	       1	       1	       1	       1	       1	      -1	       0	       1	       1	       0	      -1	       0	       0	       1	      -1	      -1	       0	       0	       0	       1	      -1	       0	       0	       0	       1	       0	      -1	       1	      -1	       1	       0	       1	       1	       0	       0	       1	      -1	       0	       0	      -1	       1	       1	      -1	       1	       1	      -1	      -1	      -1	      -1	       0	      -1	      -1	       1	       0	      -1	       0	      -1	      -1	      -1	       1	       0	       0	      -1	       1	       0	       1	      -1	       1	       0	       0	       1	      -1	      -1	      -1	       0	       1	      -1	       0	       0	       0	       0	       1	       1	       0	       0	      -1	      -1	      -1	       1	      -1	       1	       1	       1	      -1	       1	       1	      -1	       1	       0	       0	      -1	       0	       0	       0	       1	       1	       0	       0	       1	       1	       1	      -1	       0	      -1	       1	       0	      -1	       1	      -1	      -1	       0	      -1	       0	      -1	      -1	       0	       0	       0	      -1	       0	       1	       1	      -1	       0	       1	       1	       1	       0	       0	       0	       1	      -1	       0	       0	      -1	       0	       0	       1	      -1	      -1	       0	      -1	      -1	      -1	       1	       1	      -1	       0	       1	      -1	       1	      -1	       0	      -1	       1	      -1	      -1	       1	       0	       0	       0	       0	      -1	       0	       1	       0	       0	      -1	      -1	       1	       1	      -1	       0	       0	      -1	       0	       1	
test 2        1	       1	       1	       1	       1	       1	       0	       1	       1	       1	       1	       1	       1	       1	       1	       1	       1	       1	       1	       1	       1	       1	       1	       1	       1	       1	       1	       1	       1	       1	       1	       1	       1	       1	       1	       1	       1	       1	       1	       1	       1	      -1	      -1	      -1	      -1	      -1	      -1	       1	       1	       1	       1	       1	       1	       1	       1	       1	       0	       1	       1	       1	       1	       1	       1	       1	       1	       1	       1	       1	       1	       1	       1	       1	       1	       1	       1	       1	       1	       1	       1	       1	       1	       1	       1	       1	       1	       1	      -1	       1	       1	       1	       1	       1	       1	       1	       1	       1	       1	       1	       1	       1	       1	       1	       1	       1	       1	       1	       1	       1	       1	       1	       1	       1	       1	       1	       1	       1	       1	       1	       1	       1	       1	       1	       1	       1	       1	       1	       1	      -1	       1	       1	       1	       1	       1	       1	       1	       1	       1	       1	       1	       0	       0	       1	       1	       1	       1	       1	       1	       1	       1	       1	       1	       1	       1	       1	       1	       1	       1	       0	       1	       1	       1	       1	       1	       1	       1	       1	       1	       1	       1	       1	       1	       1	       0	       1	       1	       1	       1	       1	       1	       1	       1	       1	       1	       1	       1	       0	       1	       1	       1	       1	       1	       1	       1	       1	       1	       1	       1	       1	       1	       1	       1	       1	       1	       1	       1	       1	       1	       1	       1	       1	       1	       1	       1	       1	       1	       1	       1	       1	       1	       1	       1	       1	       1	       1	       1	       1	       1	       0	       1	       1	       1	       1	       1	       1	       1	       1	       1	       1	       1	       1	       1	
pred 3        1	       1	       1	       1	       1	      -1	       0	      -1	      -1	       1	       0	       0	      -1	      -1	       0	      -1	      -1	       0	      -1	       0	       0	       1	       0	       1	       0	      -1	       1	       0	       0	      -1	       1	      -1	       0	      -1	       0	       0	      -1	      -1	       1	       0	       1	      -1	       0	      -1	       1	      -1	       1	       1	      -1	       0	      -1	       1	       1	       1	       1	       1	       1	       1	       1	      -1	       0	       1	       1	       0	      -1	       0	       0	       1	      -1	      -1	       0	       0	       0	       1	      -1	       0	       0	       0	       1	       0	      -1	       1	      -1	       1	       0	       1	       1	       0	       0	       1	      -1	       0	       0	      -1	       1	       1	      -1	       1	       1	      -1	      -1	      -1	      -1	       0	      -1	      -1	       1	       0	      -1	       0	      -1	      -1	      -1	       1	       0	       0	      -1	       1	       0	       1	      -1	       1	       0	       0	       1	      -1	      -1	      -1	       0	       1	      -1	       0	       0	       0	       0	       1	       1	       0	       0	      -1	      -1	      -1	       1	      -1	       1	       1	       1	      -1	       1	       1	      -1	       1	       0	       0	      -1	       0	       0	       0	       1	       1	       0	       0	       1	       1	       1	      -1	       0	      -1	       1	       0	      -1	       1	      -1	      -1	       0	      -1	       0	      -1	      -1	       0	       0	       0	      -1	       0	       1	       1	      -1	       0	       1	       1	       1	       0	       0	       0	       1	      -1	       0	       0	      -1	       0	       0	       1	      -1	      -1	       0	      -1	      -1	      -1	       1	       1	      -1	       0	       1	      -1	       1	      -1	       0	      -1	       1	      -1	      -1	       1	       0	       0	       0	       0	      -1	       0	       1	       0	       0	      -1	      -1	       1	       1	      -1	       0	       0	      -1	       0	       1	
test 3        1	       0	       1	      -1	       0	       0	      -1	       0	       0	       1	       0	      -1	       0	      -1	      -1	       0	      -1	      -1	      -1	      -1	       0	      -1	       0	       0	       0	       0	      -1	       1	       0	       0	       0	       0	      -1	      -1	      -1	      -1	       0	       0	       0	      -1	      -1	      -1	      -1	      -1	      -1	      -1	      -1	      -1	      -1	       1	      -1	       1	       1	      -1	       0	       1	       0	       0	       0	       0	      -1	       0	       1	       0	      -1	       0	       0	       1	       0	       0	      -1	       1	       0	       0	      -1	       1	       1	       0	       0	       1	       0	       0	       0	       0	      -1	       0	      -1	       0	      -1	       0	      -1	       0	       1	       1	       1	       1	       1	       1	       0	      -1	       1	       0	       0	      -1	      -1	      -1	       0	       0	       1	       0	       0	       0	       0	       0	      -1	      -1	      -1	      -1	      -1	      -1	      -1	       0	      -1	      -1	      -1	      -1	       0	      -1	       0	      -1	      -1	       1	       0	       0	      -1	      -1	       0	      -1	       0	      -1	      -1	       0	      -1	       0	       1	       0	       0	      -1	       0	       1	       1	       1	       0	       0	       1	       1	      -1	       0	      -1	      -1	       0	       1	       1	       1	      -1	      -1	       0	       0	       0	       1	      -1	      -1	      -1	       0	      -1	       0	       0	       0	      -1	       0	      -1	       0	       0	      -1	      -1	      -1	      -1	      -1	       0	      -1	       0	       0	       0	      -1	       0	       0	       0	       0	       0	       0	       1	       1	       1	       1	       1	       0	       0	       0	       0	       0	       0	       0	       0	       0	      -1	       0	      -1	       0	       0	       0	       0	      -1	       0	      -1	       0	       0	       0	       0	       0	      -1	       0	       1	       0	       0	       0	      -1	       0	       1	       0	       1	      -1	
pred 4        1	       1	       1	       1	       1	      -1	       0	      -1	      -1	       1	       0	       0	      -1	      -1	       0	      -1	      -1	       0	      -1	       0	       0	       1	       0	       1	       0	      -1	       1	       0	       0	      -1	       1	      -1	       0	      -1	       0	       0	      -1	      -1	       1	       0	       1	      -1	       0	      -1	       1	      -1	       1	       1	      -1	       0	      -1	       1	       1	       1	       1	       1	       1	       1	       1	      -1	       0	       1	       1	       0	      -1	       0	       0	       1	      -1	      -1	       0	       0	       0	       1	      -1	       0	       0	       0	       1	       0	      -1	       1	      -1	       1	       0	       1	       1	       0	       0	       1	      -1	       0	       0	      -1	       1	       1	      -1	       1	       1	      -1	      -1	      -1	      -1	       0	      -1	      -1	       1	       0	      -1	       0	      -1	      -1	      -1	       1	       0	       0	      -1	       1	       0	       1	      -1	       1	       0	       0	       1	      -1	      -1	      -1	       0	       1	      -1	       0	       0	       0	       0	       1	       1	       0	       0	      -1	      -1	      -1	       1	      -1	       1	       1	       1	      -1	       1	       1	      -1	       1	       0	       0	      -1	       0	       0	       0	       1	       1	       0	       0	       1	       1	       1	      -1	       0	      -1	       1	       0	      -1	       1	      -1	      -1	       0	      -1	       0	      -1	      -1	       0	       0	       0	      -1	       0	       1	       1	      -1	       0	       1	       1	       1	       0	       0	       0	       1	      -1	       0	       0	      -1	       0	       0	       1	      -1	      -1	       0	      -1	      -1	      -1	       1	       1	      -1	       0	       1	      -1	       1	      -1	       0	      -1	       1	      -1	      -1	       1	       0	       0	       0	       0	      -1	       0	       1	       0	       0	      -1	      -1	       1	       1	      -1	       0	       0	      -1	       0	       1	
test 4        1	       1	       1	       1	       1	       1	       0	       1	       1	       1	       1	       0	       1	       1	       1	       1	       1	       1	       1	       1	       1	       1	       1	       1	       0	       1	       1	       1	       1	       1	       1	       1	       1	       1	       1	       1	       1	       1	       1	       0	       1	      -1	      -1	      -1	      -1	      -1	      -1	       1	       1	       1	       1	       1	       1	       1	       1	       1	       0	       1	       1	       1	       1	       1	       1	       1	       1	       1	       0	       1	       1	       0	       1	       1	       1	       0	       0	       1	       1	       0	       1	       0	       1	       0	       1	       1	       1	       0	      -1	       1	       0	       1	       1	       1	       1	       1	       1	       1	       0	       1	       1	       1	       1	       1	       1	       1	       1	       1	       1	       1	       1	       1	       1	       1	       1	       1	       1	       1	       1	       0	       1	       1	       1	       1	      -1	      -1	       1	       0	       1	      -1	       1	       1	       1	       1	       1	       0	       1	       1	       1	       1	       1	       1	       1	       1	       1	       1	       1	       0	       1	       1	       1	       1	       1	       1	       0	       1	       1	       1	       1	       0	       1	       1	       1	       1	       1	       1	       1	       1	       1	       0	       1	       1	       1	       1	       1	       1	       0	       1	       0	       0	       1	       0	       1	       1	       1	       0	       1	       0	       1	       1	       0	       1	       1	       0	       0	       1	       1	       0	       1	       1	       0	       1	       1	       1	       1	       1	       1	       1	       1	       1	       1	       1	       1	       0	       1	       1	       1	       1	       1	       1	       1	       0	       0	       1	       0	       1	       1	       1	       1	       0	       0	       1	       1	       1	       0	       1	       1	       1	       1	       1	       1	       1	       0	
pred 5        1	       1	       1	       1	       1	      -1	       0	      -1	      -1	       1	       0	       0	      -1	      -1	       0	      -1	      -1	       0	      -1	       0	       0	       1	       0	       1	       0	      -1	       1	       0	       0	      -1	       1	      -1	       0	      -1	       0	       0	      -1	      -1	       1	       0	       1	      -1	       0	      -1	       1	      -1	       1	       1	      -1	       0	      -1	       1	       1	       1	       1	       1	       1	       1	       1	      -1	       0	       1	       1	       0	      -1	       0	       0	       1	      -1	      -1	       0	       0	       0	       1	      -1	       0	       0	       0	       1	       0	      -1	       1	      -1	       1	       0	       1	       1	       0	       0	       1	      -1	       0	       0	      -1	       1	       1	      -1	       1	       1	      -1	      -1	      -1	      -1	       0	      -1	      -1	       1	       0	      -1	       0	      -1	      -1	      -1	       1	       0	       0	      -1	       1	       0	       1	      -1	       1	       0	       0	       1	      -1	      -1	      -1	       0	       1	      -1	       0	       0	       0	       0	       1	       1	       0	       0	      -1	      -1	      -1	       1	      -1	       1	       1	       1	      -1	       1	       1	      -1	       1	       0	       0	      -1	       0	       0	       0	       1	       1	       0	       0	       1	       1	       1	      -1	       0	      -1	       1	       0	      -1	       1	      -1	      -1	       0	      -1	       0	      -1	      -1	       0	       0	       0	      -1	       0	       1	       1	      -1	       0	       1	       1	       1	       0	       0	       0	       1	      -1	       0	       0	      -1	       0	       0	       1	      -1	      -1	       0	      -1	      -1	      -1	       1	       1	      -1	       0	       1	      -1	       1	      -1	       0	      -1	       1	      -1	      -1	       1	       0	       0	       0	       0	      -1	       0	       1	       0	       0	      -1	      -1	       1	       1	      -1	       0	       0	      -1	       0	       1	
test 5        1	       1	       1	       1	       1	       1	       1	       1	       1	       1	       1	       1	       0	       1	       1	       1	       1	       1	       1	       1	       1	       1	       1	       1	       1	       1	       1	       1	       1	       1	       1	       1	       1	       1	       1	       1	       1	       0	       1	       1	       1	      -1	      -1	      -1	      -1	      -1	      -1	       1	       1	       1	       1	       1	       1	       1	       1	       1	       1	       1	       1	       1	       1	       1	       1	       1	       1	       1	       1	       1	       1	       1	       1	       1	       1	       0	       1	       1	       1	       1	       1	       1	       1	       1	       1	       1	       1	       1	      -1	       1	       0	       1	       1	       1	       1	       1	       1	       1	       1	       1	       1	       1	       1	       1	       1	       1	       1	       1	       1	       1	       1	       1	       1	       1	       1	       1	       1	       1	       1	       1	       1	       1	       1	       1	      -1	       0	       1	       1	       1	      -1	       1	       1	       1	       1	       1	       1	       1	       1	       1	       1	       1	       1	       1	       1	       1	       1	       1	       1	       1	       1	       1	       1	       1	       1	       1	       1	       1	       1	       1	       0	       1	       1	       1	       1	       1	       1	       1	       1	       1	       1	       1	       1	       1	       1	       1	       1	       1	       1	       1	       0	       1	       1	       1	       1	       1	       1	       1	       1	       1	       1	       1	       1	       1	       1	       1	       1	       1	       1	       1	       1	       0	       1	       1	       1	       1	       1	       1	       1	       1	       1	       1	       1	       1	       1	       1	       1	       1	       1	       1	       1	       1	       1	       1	       1	       0	       1	       1	       1	       1	       0	       1	       1	       1	       1	       1	       1	       1	       1	       1	       1	       1	       1	       1	
------
confusion matrix:
[[139 128 118]
 [114 132 101]
 [227 244 243]]
macro f1: 0.3482919520348164
micro f1: 0.355463347164592
weighted f1: 0.33541497588157654
class -1 f1: 0.3213872832369942
class  0 f1: 0.3102232667450059
class  1 f1: 0.413265306122449
average label-wise acc: 35.55%


after pretrain
--------------------
label        0	       1	       2	       3	       4	       5	       6	       7	       8	       9	      10	      11	      12	      13	      14	      15	      16	      17	      18	      19	      20	      21	      22	      23	      24	      25	      26	      27	      28	      29	      30	      31	      32	      33	      34	      35	      36	      37	      38	      39	      40	      41	      42	      43	      44	      45	      46	      47	      48	      49	      50	      51	      52	      53	      54	      55	      56	      57	      58	      59	      60	      61	      62	      63	      64	      65	      66	      67	      68	      69	      70	      71	      72	      73	      74	      75	      76	      77	      78	      79	      80	      81	      82	      83	      84	      85	      86	      87	      88	      89	      90	      91	      92	      93	      94	      95	      96	      97	      98	      99	     100	     101	     102	     103	     104	     105	     106	     107	     108	     109	     110	     111	     112	     113	     114	     115	     116	     117	     118	     119	     120	     121	     122	     123	     124	     125	     126	     127	     128	     129	     130	     131	     132	     133	     134	     135	     136	     137	     138	     139	     140	     141	     142	     143	     144	     145	     146	     147	     148	     149	     150	     151	     152	     153	     154	     155	     156	     157	     158	     159	     160	     161	     162	     163	     164	     165	     166	     167	     168	     169	     170	     171	     172	     173	     174	     175	     176	     177	     178	     179	     180	     181	     182	     183	     184	     185	     186	     187	     188	     189	     190	     191	     192	     193	     194	     195	     196	     197	     198	     199	     200	     201	     202	     203	     204	     205	     206	     207	     208	     209	     210	     211	     212	     213	     214	     215	     216	     217	     218	     219	     220	     221	     222	     223	     224	     225	     226	     227	     228	     229	     230	     231	     232	     233	     234	     235	     236	     237	     238	     239	     240	
   acc   16.67%	  50.00%	   0.00%	  16.67%	  16.67%	  16.67%	  33.33%	  33.33%	  16.67%	   0.00%	  33.33%	  16.67%	  50.00%	  16.67%	   0.00%	  33.33%	   0.00%	  16.67%	   0.00%	   0.00%	  33.33%	  16.67%	  33.33%	  33.33%	  50.00%	  33.33%	   0.00%	   0.00%	  50.00%	  33.33%	  33.33%	  33.33%	   0.00%	  16.67%	   0.00%	  16.67%	  33.33%	  16.67%	  33.33%	  16.67%	   0.00%	   0.00%	   0.00%	   0.00%	   0.00%	   0.00%	   0.00%	   0.00%	   0.00%	   0.00%	   0.00%	  66.67%	  66.67%	  16.67%	  33.33%	  16.67%	  66.67%	  16.67%	  16.67%	  33.33%	   0.00%	  33.33%	  16.67%	  33.33%	  50.00%	  33.33%	  66.67%	  33.33%	  33.33%	  50.00%	  16.67%	   0.00%	  33.33%	  66.67%	  33.33%	  33.33%	  33.33%	  66.67%	  16.67%	  33.33%	  50.00%	  50.00%	  33.33%	  33.33%	   0.00%	  66.67%	   0.00%	  33.33%	  66.67%	  16.67%	   0.00%	  16.67%	  33.33%	  33.33%	  33.33%	  16.67%	  50.00%	   0.00%	  33.33%	   0.00%	  16.67%	  16.67%	  33.33%	   0.00%	  50.00%	   0.00%	  16.67%	  16.67%	  16.67%	  16.67%	  16.67%	  16.67%	  16.67%	  33.33%	  16.67%	   0.00%	  16.67%	  33.33%	   0.00%	   0.00%	   0.00%	  33.33%	   0.00%	  16.67%	   0.00%	  16.67%	  33.33%	   0.00%	  16.67%	   0.00%	  16.67%	  33.33%	  33.33%	  50.00%	  16.67%	   0.00%	  33.33%	   0.00%	  50.00%	  33.33%	  33.33%	  33.33%	  16.67%	  33.33%	  16.67%	  33.33%	  33.33%	   0.00%	  33.33%	   0.00%	  33.33%	  33.33%	  66.67%	  16.67%	  33.33%	  33.33%	   0.00%	  83.33%	   0.00%	   0.00%	  33.33%	  16.67%	  16.67%	  16.67%	   0.00%	  16.67%	  33.33%	  50.00%	  33.33%	  16.67%	   0.00%	   0.00%	  16.67%	  50.00%	  50.00%	  16.67%	  66.67%	  83.33%	  50.00%	  50.00%	  16.67%	  16.67%	  33.33%	  16.67%	   0.00%	  33.33%	  50.00%	   0.00%	  50.00%	   0.00%	  33.33%	  33.33%	  66.67%	   0.00%	  33.33%	  50.00%	  33.33%	  33.33%	  83.33%	  50.00%	 100.00%	 100.00%	   0.00%	  16.67%	  16.67%	  16.67%	  33.33%	  50.00%	  33.33%	  33.33%	  33.33%	  50.00%	  33.33%	  16.67%	  16.67%	  16.67%	   0.00%	  33.33%	  33.33%	  66.67%	  50.00%	   0.00%	  83.33%	   0.00%	  16.67%	  50.00%	  33.33%	 100.00%	  66.67%	   0.00%	  33.33%	  16.67%	  50.00%	  33.33%	  16.67%	   0.00%	  33.33%	  16.67%	  16.67%	   0.00%	  33.33%	
    f1   0.0952	  0.3333	  0.0000	  0.0952	  0.0952	  0.0952	  0.1667	  0.1667	  0.0952	  0.0000	  0.1667	  0.0952	  0.2222	  0.0952	  0.0000	  0.1667	  0.0000	  0.0952	  0.0000	  0.0000	  0.1667	  0.0952	  0.1667	  0.1667	  0.2222	  0.1667	  0.0000	  0.0000	  0.3333	  0.1667	  0.1667	  0.1667	  0.0000	  0.0952	  0.0000	  0.0952	  0.1667	  0.0952	  0.1667	  0.0952	  0.0000	  0.0000	  0.0000	  0.0000	  0.0000	  0.0000	  0.0000	  0.0000	  0.0000	  0.0000	  0.0000	  0.4000	  0.2667	  0.0952	  0.1667	  0.1429	  0.2667	  0.0952	  0.0952	  0.1667	  0.0000	  0.1667	  0.1429	  0.1667	  0.3333	  0.1667	  0.4000	  0.2500	  0.1667	  0.2222	  0.0952	  0.0000	  0.1667	  0.2667	  0.1667	  0.2500	  0.2500	  0.4000	  0.0952	  0.2500	  0.3333	  0.2222	  0.1667	  0.1667	  0.0000	  0.4000	  0.0000	  0.1667	  0.2667	  0.0952	  0.0000	  0.0952	  0.2500	  0.2500	  0.2500	  0.1429	  0.3333	  0.0000	  0.1667	  0.0000	  0.1429	  0.0952	  0.1667	  0.0000	  0.3333	  0.0000	  0.0952	  0.0952	  0.0952	  0.0952	  0.0952	  0.0952	  0.0952	  0.1667	  0.0952	  0.0000	  0.0952	  0.1667	  0.0000	  0.0000	  0.0000	  0.1667	  0.0000	  0.0952	  0.0000	  0.0952	  0.1667	  0.0000	  0.0952	  0.0000	  0.0952	  0.2500	  0.1667	  0.2222	  0.0952	  0.0000	  0.1667	  0.0000	  0.3333	  0.1667	  0.1667	  0.1667	  0.0952	  0.1667	  0.1429	  0.1667	  0.1667	  0.0000	  0.1667	  0.0000	  0.2500	  0.2500	  0.4000	  0.0952	  0.2500	  0.2500	  0.0000	  0.4545	  0.0000	  0.0000	  0.1667	  0.1429	  0.1429	  0.1429	  0.0000	  0.0952	  0.1667	  0.2222	  0.1667	  0.1429	  0.0000	  0.0000	  0.0952	  0.3333	  0.2222	  0.0952	  0.4000	  0.4545	  0.3333	  0.2222	  0.0952	  0.0952	  0.1667	  0.0952	  0.0000	  0.1667	  0.3333	  0.0000	  0.2222	  0.0000	  0.1667	  0.1667	  0.4000	  0.0000	  0.1667	  0.2222	  0.1667	  0.1667	  0.4545	  0.3333	  1.0000	  1.0000	  0.0000	  0.1429	  0.0952	  0.0952	  0.1667	  0.3333	  0.1667	  0.1667	  0.1667	  0.2222	  0.1667	  0.0952	  0.0952	  0.0952	  0.0000	  0.1667	  0.1667	  0.4000	  0.2222	  0.0000	  0.4545	  0.0000	  0.0952	  0.3333	  0.1667	  1.0000	  0.4000	  0.0000	  0.1667	  0.1429	  0.2222	  0.2500	  0.0952	  0.0000	  0.1667	  0.1429	  0.0952	  0.0000	  0.1667	
pred 0        0	       0	       0	       0	       0	       0	       0	       0	       0	       0	       0	       0	       0	       0	       0	       0	       0	       0	       0	       0	       0	       0	       0	       0	       0	       0	       0	       0	       0	       0	       0	       0	       0	       0	       0	       0	       0	      -1	       0	       0	       0	       0	       0	       0	       0	       0	       0	       0	       0	       0	       0	       1	       1	       0	       0	       0	       0	       0	       0	       0	       0	       0	       0	       0	      -1	       0	       0	       0	       0	       0	       0	       0	       0	       0	       0	       0	       0	       0	       0	       0	       0	       0	       0	       0	       0	       0	       0	       0	       0	       0	       0	       0	       0	       0	       0	       0	       0	       0	       0	       0	       0	       0	       0	       0	      -1	       0	       0	       0	       0	       0	       0	       0	       0	       0	       0	       0	       0	       0	       0	       0	       0	       0	       0	       0	       0	       0	      -1	       1	       0	       0	       0	       0	       0	       0	       0	       0	       0	       0	       0	       1	       1	       0	       0	       0	       0	       0	       0	       0	       0	       0	       0	       0	       0	       0	       0	       0	       0	       0	       0	       0	       0	       0	       0	       0	       0	       0	       0	       0	       0	       0	       0	       0	       0	       0	       0	       0	       0	       0	      -1	       0	       0	       0	       0	       0	       0	       0	      -1	       0	       0	       0	       0	       0	       0	       0	       0	       0	       0	       0	       0	       1	       1	       1	       0	       0	       0	       0	       0	       0	       0	       0	       0	       0	       0	       0	       0	       0	       0	       0	       0	       0	       0	       0	       0	       0	       0	       0	       0	       0	       0	       0	       0	       0	       0	       0	       0	       0	       0	       0	      -1	       0	       0	
test 0       -1	       0	      -1	      -1	      -1	      -1	      -1	      -1	      -1	      -1	      -1	      -1	      -1	      -1	      -1	      -1	      -1	      -1	      -1	      -1	      -1	      -1	      -1	      -1	      -1	      -1	      -1	      -1	       0	      -1	      -1	      -1	      -1	      -1	      -1	      -1	      -1	      -1	      -1	      -1	      -1	      -1	      -1	      -1	      -1	      -1	      -1	      -1	      -1	      -1	      -1	       0	      -1	      -1	      -1	       0	      -1	      -1	      -1	      -1	      -1	      -1	       0	      -1	      -1	      -1	       0	       0	      -1	      -1	      -1	      -1	      -1	      -1	      -1	       0	       0	       0	      -1	       0	       0	      -1	      -1	      -1	      -1	       0	      -1	      -1	       0	      -1	      -1	      -1	       0	       0	       0	       0	       0	      -1	      -1	      -1	       0	      -1	      -1	      -1	      -1	      -1	      -1	      -1	      -1	      -1	      -1	      -1	      -1	      -1	      -1	      -1	      -1	      -1	      -1	      -1	      -1	      -1	      -1	      -1	      -1	      -1	      -1	      -1	      -1	      -1	      -1	       0	      -1	      -1	      -1	      -1	      -1	      -1	       0	      -1	      -1	      -1	      -1	      -1	       0	      -1	      -1	      -1	      -1	      -1	       0	       0	       0	      -1	       0	       0	      -1	      -1	      -1	      -1	      -1	       0	       0	       0	      -1	      -1	      -1	      -1	      -1	       0	      -1	      -1	      -1	       0	       0	      -1	       0	       0	      -1	      -1	      -1	      -1	      -1	      -1	      -1	      -1	      -1	      -1	      -1	      -1	      -1	      -1	       0	      -1	      -1	      -1	      -1	      -1	       0	       0	       1	       1	      -1	       0	      -1	      -1	      -1	       0	      -1	      -1	      -1	      -1	      -1	      -1	      -1	      -1	      -1	      -1	      -1	       0	      -1	      -1	       0	      -1	      -1	       0	      -1	       0	       0	      -1	      -1	       0	      -1	       0	      -1	      -1	      -1	       0	      -1	      -1	      -1	
pred 1        0	       0	       0	       0	       0	       0	       0	       0	       0	       0	       0	       0	       0	       0	       0	       0	       0	       0	       0	       0	       0	       0	       0	       0	       0	       0	       0	       0	       0	       0	       0	       0	       0	       0	       0	       0	       0	      -1	       0	       0	       0	       0	       0	       0	       0	       0	       0	       0	       0	       0	       0	       1	       1	       0	       0	       0	       0	       0	       0	       0	       0	       0	       0	       0	      -1	       0	       0	       0	       0	       0	       0	       0	       0	       0	       0	       0	       0	       0	       0	       0	       0	       0	       0	       0	       0	       0	       0	       0	       0	       0	       0	       0	       0	       0	       0	       0	       0	       0	       0	       0	       0	       0	       0	       0	      -1	       0	       0	       0	       0	       0	       0	       0	       0	       0	       0	       0	       0	       0	       0	       0	       0	       0	       0	       0	       0	       0	      -1	       1	       0	       0	       0	       0	       0	       0	       0	       0	       0	       0	       0	       1	       1	       0	       0	       0	       0	       0	       0	       0	       0	       0	       0	       0	       0	       0	       0	       0	       0	       0	       0	       0	       0	       0	       0	       0	       0	       0	       0	       0	       0	       0	       0	       0	       0	       0	       0	       0	       0	       0	      -1	       0	       0	       0	       0	       0	       0	       0	      -1	       0	       0	       0	       0	       0	       0	       0	       0	       0	       0	       0	       0	       1	       1	       1	       0	       0	       0	       0	       0	       0	       0	       0	       0	       0	       0	       0	       0	       0	       0	       0	       0	       0	       0	       0	       0	       0	       0	       0	       0	       0	       0	       0	       0	       0	       0	       0	       0	       0	       0	       0	      -1	       0	       0	
test 1        0	       0	       1	       0	       1	       1	      -1	       0	      -1	      -1	       0	      -1	       0	       0	      -1	       0	      -1	       0	      -1	      -1	       0	       0	       0	       0	       0	       0	      -1	      -1	       0	       0	       0	       0	      -1	       0	      -1	       0	       0	       0	       0	      -1	      -1	      -1	      -1	      -1	      -1	      -1	      -1	      -1	      -1	       1	      -1	       0	       0	       0	       0	       1	       0	       1	       1	       0	      -1	       0	       1	       0	      -1	       0	       0	       0	       0	       0	       0	       1	       0	       0	       0	       0	       0	       0	       1	       1	       0	       0	       0	       0	      -1	       0	      -1	       0	       0	       1	      -1	      -1	       0	       0	       0	       1	       0	       1	       0	      -1	       1	      -1	       0	      -1	      -1	      -1	      -1	      -1	       0	      -1	       1	      -1	      -1	       0	       0	      -1	       0	       0	      -1	      -1	      -1	       0	      -1	      -1	      -1	      -1	      -1	      -1	       1	      -1	       0	       0	       0	       0	       0	      -1	       0	      -1	       0	      -1	      -1	       0	       0	       0	       1	      -1	       0	      -1	       0	      -1	       0	       0	       0	      -1	       0	       0	      -1	       0	      -1	      -1	       0	       1	       1	       1	      -1	       0	       0	       0	       0	       1	      -1	      -1	      -1	       0	       0	      -1	       0	       0	      -1	       0	       0	      -1	       0	      -1	      -1	      -1	      -1	      -1	       0	      -1	       0	      -1	       0	      -1	       0	       0	       0	       0	       0	       0	       1	       1	       1	       1	       0	      -1	       0	       0	       0	       0	       0	       0	       0	       1	       0	      -1	      -1	       0	       0	       0	       0	      -1	       0	      -1	       1	       0	       0	       0	       0	      -1	       0	       1	       0	       1	       1	      -1	       0	       1	       1	       1	       0	
pred 2        0	       0	       0	       0	       0	       0	       0	       0	       0	       0	       0	       0	       0	       0	       0	       0	       0	       0	       0	       0	       0	       0	       0	       0	       0	       0	       0	       0	       0	       0	       0	       0	       0	       0	       0	       0	       0	      -1	       0	       0	       0	       0	       0	       0	       0	       0	       0	       0	       0	       0	       0	       1	       1	       0	       0	       0	       0	       0	       0	       0	       0	       0	       0	       0	      -1	       0	       0	       0	       0	       0	       0	       0	       0	       0	       0	       0	       0	       0	       0	       0	       0	       0	       0	       0	       0	       0	       0	       0	       0	       0	       0	       0	       0	       0	       0	       0	       0	       0	       0	       0	       0	       0	       0	       0	      -1	       0	       0	       0	       0	       0	       0	       0	       0	       0	       0	       0	       0	       0	       0	       0	       0	       0	       0	       0	       0	       0	      -1	       1	       0	       0	       0	       0	       0	       0	       0	       0	       0	       0	       0	       1	       1	       0	       0	       0	       0	       0	       0	       0	       0	       0	       0	       0	       0	       0	       0	       0	       0	       0	       0	       0	       0	       0	       0	       0	       0	       0	       0	       0	       0	       0	       0	       0	       0	       0	       0	       0	       0	       0	      -1	       0	       0	       0	       0	       0	       0	       0	      -1	       0	       0	       0	       0	       0	       0	       0	       0	       0	       0	       0	       0	       1	       1	       1	       0	       0	       0	       0	       0	       0	       0	       0	       0	       0	       0	       0	       0	       0	       0	       0	       0	       0	       0	       0	       0	       0	       0	       0	       0	       0	       0	       0	       0	       0	       0	       0	       0	       0	       0	       0	      -1	       0	       0	
test 2        1	       1	       1	       1	       1	       1	       0	       1	       1	       1	       1	       1	       1	       1	       1	       1	       1	       1	       1	       1	       1	       1	       1	       1	       1	       1	       1	       1	       1	       1	       1	       1	       1	       1	       1	       1	       1	       1	       1	       1	       1	      -1	      -1	      -1	      -1	      -1	      -1	       1	       1	       1	       1	       1	       1	       1	       1	       1	       0	       1	       1	       1	       1	       1	       1	       1	       1	       1	       1	       1	       1	       1	       1	       1	       1	       1	       1	       1	       1	       1	       1	       1	       1	       1	       1	       1	       1	       1	      -1	       1	       1	       1	       1	       1	       1	       1	       1	       1	       1	       1	       1	       1	       1	       1	       1	       1	       1	       1	       1	       1	       1	       1	       1	       1	       1	       1	       1	       1	       1	       1	       1	       1	       1	       1	       1	       1	       1	       1	       1	      -1	       1	       1	       1	       1	       1	       1	       1	       1	       1	       1	       1	       0	       0	       1	       1	       1	       1	       1	       1	       1	       1	       1	       1	       1	       1	       1	       1	       1	       1	       0	       1	       1	       1	       1	       1	       1	       1	       1	       1	       1	       1	       1	       1	       1	       0	       1	       1	       1	       1	       1	       1	       1	       1	       1	       1	       1	       1	       0	       1	       1	       1	       1	       1	       1	       1	       1	       1	       1	       1	       1	       1	       1	       1	       1	       1	       1	       1	       1	       1	       1	       1	       1	       1	       1	       1	       1	       1	       1	       1	       1	       1	       1	       1	       1	       1	       1	       1	       1	       1	       0	       1	       1	       1	       1	       1	       1	       1	       1	       1	       1	       1	       1	       1	
pred 3        0	       0	       0	       0	       0	       0	       0	       0	       0	       0	       0	       0	       0	       0	       0	       0	       0	       0	       0	       0	       0	       0	       0	       0	       0	       0	       0	       0	       0	       0	       0	       0	       0	       0	       0	       0	       0	      -1	       0	       0	       0	       0	       0	       0	       0	       0	       0	       0	       0	       0	       0	       1	       1	       0	       0	       0	       0	       0	       0	       0	       0	       0	       0	       0	      -1	       0	       0	       0	       0	       0	       0	       0	       0	       0	       0	       0	       0	       0	       0	       0	       0	       0	       0	       0	       0	       0	       0	       0	       0	       0	       0	       0	       0	       0	       0	       0	       0	       0	       0	       0	       0	       0	       0	       0	      -1	       0	       0	       0	       0	       0	       0	       0	       0	       0	       0	       0	       0	       0	       0	       0	       0	       0	       0	       0	       0	       0	      -1	       1	       0	       0	       0	       0	       0	       0	       0	       0	       0	       0	       0	       1	       1	       0	       0	       0	       0	       0	       0	       0	       0	       0	       0	       0	       0	       0	       0	       0	       0	       0	       0	       0	       0	       0	       0	       0	       0	       0	       0	       0	       0	       0	       0	       0	       0	       0	       0	       0	       0	       0	      -1	       0	       0	       0	       0	       0	       0	       0	      -1	       0	       0	       0	       0	       0	       0	       0	       0	       0	       0	       0	       0	       1	       1	       1	       0	       0	       0	       0	       0	       0	       0	       0	       0	       0	       0	       0	       0	       0	       0	       0	       0	       0	       0	       0	       0	       0	       0	       0	       0	       0	       0	       0	       0	       0	       0	       0	       0	       0	       0	       0	      -1	       0	       0	
test 3        1	       0	       1	      -1	       0	       0	      -1	       0	       0	       1	       0	      -1	       0	      -1	      -1	       0	      -1	      -1	      -1	      -1	       0	      -1	       0	       0	       0	       0	      -1	       1	       0	       0	       0	       0	      -1	      -1	      -1	      -1	       0	       0	       0	      -1	      -1	      -1	      -1	      -1	      -1	      -1	      -1	      -1	      -1	       1	      -1	       1	       1	      -1	       0	       1	       0	       0	       0	       0	      -1	       0	       1	       0	      -1	       0	       0	       1	       0	       0	      -1	       1	       0	       0	      -1	       1	       1	       0	       0	       1	       0	       0	       0	       0	      -1	       0	      -1	       0	      -1	       0	      -1	       0	       1	       1	       1	       1	       1	       1	       0	      -1	       1	       0	       0	      -1	      -1	      -1	       0	       0	       1	       0	       0	       0	       0	       0	      -1	      -1	      -1	      -1	      -1	      -1	      -1	       0	      -1	      -1	      -1	      -1	       0	      -1	       0	      -1	      -1	       1	       0	       0	      -1	      -1	       0	      -1	       0	      -1	      -1	       0	      -1	       0	       1	       0	       0	      -1	       0	       1	       1	       1	       0	       0	       1	       1	      -1	       0	      -1	      -1	       0	       1	       1	       1	      -1	      -1	       0	       0	       0	       1	      -1	      -1	      -1	       0	      -1	       0	       0	       0	      -1	       0	      -1	       0	       0	      -1	      -1	      -1	      -1	      -1	       0	      -1	       0	       0	       0	      -1	       0	       0	       0	       0	       0	       0	       1	       1	       1	       1	       1	       0	       0	       0	       0	       0	       0	       0	       0	       0	      -1	       0	      -1	       0	       0	       0	       0	      -1	       0	      -1	       0	       0	       0	       0	       0	      -1	       0	       1	       0	       0	       0	      -1	       0	       1	       0	       1	      -1	
pred 4        0	       0	       0	       0	       0	       0	       0	       0	       0	       0	       0	       0	       0	       0	       0	       0	       0	       0	       0	       0	       0	       0	       0	       0	       0	       0	       0	       0	       0	       0	       0	       0	       0	       0	       0	       0	       0	      -1	       0	       0	       0	       0	       0	       0	       0	       0	       0	       0	       0	       0	       0	       1	       1	       0	       0	       0	       0	       0	       0	       0	       0	       0	       0	       0	      -1	       0	       0	       0	       0	       0	       0	       0	       0	       0	       0	       0	       0	       0	       0	       0	       0	       0	       0	       0	       0	       0	       0	       0	       0	       0	       0	       0	       0	       0	       0	       0	       0	       0	       0	       0	       0	       0	       0	       0	      -1	       0	       0	       0	       0	       0	       0	       0	       0	       0	       0	       0	       0	       0	       0	       0	       0	       0	       0	       0	       0	       0	      -1	       1	       0	       0	       0	       0	       0	       0	       0	       0	       0	       0	       0	       1	       1	       0	       0	       0	       0	       0	       0	       0	       0	       0	       0	       0	       0	       0	       0	       0	       0	       0	       0	       0	       0	       0	       0	       0	       0	       0	       0	       0	       0	       0	       0	       0	       0	       0	       0	       0	       0	       0	      -1	       0	       0	       0	       0	       0	       0	       0	      -1	       0	       0	       0	       0	       0	       0	       0	       0	       0	       0	       0	       0	       1	       1	       1	       0	       0	       0	       0	       0	       0	       0	       0	       0	       0	       0	       0	       0	       0	       0	       0	       0	       0	       0	       0	       0	       0	       0	       0	       0	       0	       0	       0	       0	       0	       0	       0	       0	       0	       0	       0	      -1	       0	       0	
test 4        1	       1	       1	       1	       1	       1	       0	       1	       1	       1	       1	       0	       1	       1	       1	       1	       1	       1	       1	       1	       1	       1	       1	       1	       0	       1	       1	       1	       1	       1	       1	       1	       1	       1	       1	       1	       1	       1	       1	       0	       1	      -1	      -1	      -1	      -1	      -1	      -1	       1	       1	       1	       1	       1	       1	       1	       1	       1	       0	       1	       1	       1	       1	       1	       1	       1	       1	       1	       0	       1	       1	       0	       1	       1	       1	       0	       0	       1	       1	       0	       1	       0	       1	       0	       1	       1	       1	       0	      -1	       1	       0	       1	       1	       1	       1	       1	       1	       1	       0	       1	       1	       1	       1	       1	       1	       1	       1	       1	       1	       1	       1	       1	       1	       1	       1	       1	       1	       1	       1	       0	       1	       1	       1	       1	      -1	      -1	       1	       0	       1	      -1	       1	       1	       1	       1	       1	       0	       1	       1	       1	       1	       1	       1	       1	       1	       1	       1	       1	       0	       1	       1	       1	       1	       1	       1	       0	       1	       1	       1	       1	       0	       1	       1	       1	       1	       1	       1	       1	       1	       1	       0	       1	       1	       1	       1	       1	       1	       0	       1	       0	       0	       1	       0	       1	       1	       1	       0	       1	       0	       1	       1	       0	       1	       1	       0	       0	       1	       1	       0	       1	       1	       0	       1	       1	       1	       1	       1	       1	       1	       1	       1	       1	       1	       1	       0	       1	       1	       1	       1	       1	       1	       1	       0	       0	       1	       0	       1	       1	       1	       1	       0	       0	       1	       1	       1	       0	       1	       1	       1	       1	       1	       1	       1	       0	
pred 5        0	       0	       0	       0	       0	       0	       0	       0	       0	       0	       0	       0	       0	       0	       0	       0	       0	       0	       0	       0	       0	       0	       0	       0	       0	       0	       0	       0	       0	       0	       0	       0	       0	       0	       0	       0	       0	      -1	       0	       0	       0	       0	       0	       0	       0	       0	       0	       0	       0	       0	       0	       1	       1	       0	       0	       0	       0	       0	       0	       0	       0	       0	       0	       0	      -1	       0	       0	       0	       0	       0	       0	       0	       0	       0	       0	       0	       0	       0	       0	       0	       0	       0	       0	       0	       0	       0	       0	       0	       0	       0	       0	       0	       0	       0	       0	       0	       0	       0	       0	       0	       0	       0	       0	       0	      -1	       0	       0	       0	       0	       0	       0	       0	       0	       0	       0	       0	       0	       0	       0	       0	       0	       0	       0	       0	       0	       0	      -1	       1	       0	       0	       0	       0	       0	       0	       0	       0	       0	       0	       0	       1	       1	       0	       0	       0	       0	       0	       0	       0	       0	       0	       0	       0	       0	       0	       0	       0	       0	       0	       0	       0	       0	       0	       0	       0	       0	       0	       0	       0	       0	       0	       0	       0	       0	       0	       0	       0	       0	       0	      -1	       0	       0	       0	       0	       0	       0	       0	      -1	       0	       0	       0	       0	       0	       0	       0	       0	       0	       0	       0	       0	       1	       1	       1	       0	       0	       0	       0	       0	       0	       0	       0	       0	       0	       0	       0	       0	       0	       0	       0	       0	       0	       0	       0	       0	       0	       0	       0	       0	       0	       0	       0	       0	       0	       0	       0	       0	       0	       0	       0	      -1	       0	       0	
test 5        1	       1	       1	       1	       1	       1	       1	       1	       1	       1	       1	       1	       0	       1	       1	       1	       1	       1	       1	       1	       1	       1	       1	       1	       1	       1	       1	       1	       1	       1	       1	       1	       1	       1	       1	       1	       1	       0	       1	       1	       1	      -1	      -1	      -1	      -1	      -1	      -1	       1	       1	       1	       1	       1	       1	       1	       1	       1	       1	       1	       1	       1	       1	       1	       1	       1	       1	       1	       1	       1	       1	       1	       1	       1	       1	       0	       1	       1	       1	       1	       1	       1	       1	       1	       1	       1	       1	       1	      -1	       1	       0	       1	       1	       1	       1	       1	       1	       1	       1	       1	       1	       1	       1	       1	       1	       1	       1	       1	       1	       1	       1	       1	       1	       1	       1	       1	       1	       1	       1	       1	       1	       1	       1	       1	      -1	       0	       1	       1	       1	      -1	       1	       1	       1	       1	       1	       1	       1	       1	       1	       1	       1	       1	       1	       1	       1	       1	       1	       1	       1	       1	       1	       1	       1	       1	       1	       1	       1	       1	       1	       0	       1	       1	       1	       1	       1	       1	       1	       1	       1	       1	       1	       1	       1	       1	       1	       1	       1	       1	       1	       0	       1	       1	       1	       1	       1	       1	       1	       1	       1	       1	       1	       1	       1	       1	       1	       1	       1	       1	       1	       1	       0	       1	       1	       1	       1	       1	       1	       1	       1	       1	       1	       1	       1	       1	       1	       1	       1	       1	       1	       1	       1	       1	       1	       1	       0	       1	       1	       1	       1	       0	       1	       1	       1	       1	       1	       1	       1	       1	       1	       1	       1	       1	       1	
------
confusion matrix:
[[ 16 356  13]
 [  5 334   8]
 [ 21 666  27]]
macro f1: 0.17935218870818662
micro f1: 0.2607192254495159
weighted f1: 0.20702701807022095
class -1 f1: 0.07494145199063232
class  0 f1: 0.39224897240164414
class  1 f1: 0.07086614173228346
average label-wise acc: 26.07%


ABL loop 1
--------------------
label        0	       1	       2	       3	       4	       5	       6	       7	       8	       9	      10	      11	      12	      13	      14	      15	      16	      17	      18	      19	      20	      21	      22	      23	      24	      25	      26	      27	      28	      29	      30	      31	      32	      33	      34	      35	      36	      37	      38	      39	      40	      41	      42	      43	      44	      45	      46	      47	      48	      49	      50	      51	      52	      53	      54	      55	      56	      57	      58	      59	      60	      61	      62	      63	      64	      65	      66	      67	      68	      69	      70	      71	      72	      73	      74	      75	      76	      77	      78	      79	      80	      81	      82	      83	      84	      85	      86	      87	      88	      89	      90	      91	      92	      93	      94	      95	      96	      97	      98	      99	     100	     101	     102	     103	     104	     105	     106	     107	     108	     109	     110	     111	     112	     113	     114	     115	     116	     117	     118	     119	     120	     121	     122	     123	     124	     125	     126	     127	     128	     129	     130	     131	     132	     133	     134	     135	     136	     137	     138	     139	     140	     141	     142	     143	     144	     145	     146	     147	     148	     149	     150	     151	     152	     153	     154	     155	     156	     157	     158	     159	     160	     161	     162	     163	     164	     165	     166	     167	     168	     169	     170	     171	     172	     173	     174	     175	     176	     177	     178	     179	     180	     181	     182	     183	     184	     185	     186	     187	     188	     189	     190	     191	     192	     193	     194	     195	     196	     197	     198	     199	     200	     201	     202	     203	     204	     205	     206	     207	     208	     209	     210	     211	     212	     213	     214	     215	     216	     217	     218	     219	     220	     221	     222	     223	     224	     225	     226	     227	     228	     229	     230	     231	     232	     233	     234	     235	     236	     237	     238	     239	     240	
   acc   66.67%	   0.00%	   0.00%	  16.67%	  66.67%	  16.67%	  50.00%	  33.33%	  16.67%	  33.33%	  16.67%	  16.67%	  50.00%	  50.00%	  50.00%	  33.33%	  50.00%	  50.00%	  50.00%	   0.00%	  33.33%	  16.67%	  33.33%	  33.33%	  16.67%	  33.33%	  50.00%	   0.00%	   0.00%	  33.33%	  16.67%	  33.33%	  50.00%	  16.67%	   0.00%	  16.67%	  50.00%	  16.67%	  16.67%	  16.67%	  50.00%	 100.00%	   0.00%	 100.00%	 100.00%	   0.00%	   0.00%	   0.00%	  50.00%	  16.67%	  50.00%	  66.67%	  66.67%	  16.67%	  50.00%	  16.67%	  66.67%	  16.67%	  16.67%	  33.33%	  50.00%	  33.33%	  83.33%	  50.00%	  50.00%	  33.33%	  33.33%	  33.33%	  33.33%	  50.00%	  50.00%	   0.00%	  16.67%	  66.67%	  33.33%	   0.00%	  33.33%	  66.67%	  16.67%	   0.00%	  50.00%	  16.67%	  50.00%	  33.33%	   0.00%	  33.33%	   0.00%	  33.33%	  66.67%	  16.67%	  50.00%	  50.00%	  33.33%	  33.33%	  33.33%	  16.67%	   0.00%	  16.67%	  33.33%	   0.00%	  16.67%	  16.67%	  50.00%	   0.00%	  50.00%	   0.00%	  16.67%	  16.67%	  66.67%	  16.67%	  16.67%	  50.00%	  16.67%	  33.33%	  16.67%	   0.00%	  16.67%	  33.33%	   0.00%	   0.00%	   0.00%	  50.00%	  83.33%	  16.67%	  50.00%	  16.67%	  33.33%	   0.00%	  16.67%	   0.00%	  16.67%	  33.33%	  33.33%	  50.00%	  50.00%	  50.00%	  33.33%	   0.00%	  50.00%	  33.33%	  33.33%	  33.33%	  16.67%	  33.33%	   0.00%	  33.33%	  33.33%	  50.00%	  16.67%	   0.00%	  66.67%	  33.33%	  66.67%	  16.67%	  33.33%	  33.33%	   0.00%	   0.00%	   0.00%	  50.00%	  33.33%	  16.67%	  16.67%	  16.67%	   0.00%	  16.67%	  33.33%	  50.00%	  33.33%	   0.00%	   0.00%	   0.00%	  16.67%	  50.00%	  50.00%	  16.67%	   0.00%	   0.00%	  50.00%	  50.00%	  16.67%	  16.67%	  50.00%	  16.67%	   0.00%	  33.33%	  50.00%	  50.00%	  33.33%	   0.00%	  50.00%	  33.33%	  66.67%	   0.00%	  33.33%	  50.00%	  16.67%	  16.67%	  16.67%	  50.00%	 100.00%	   0.00%	  16.67%	  16.67%	  66.67%	  50.00%	  16.67%	  50.00%	  16.67%	  33.33%	  33.33%	  50.00%	  16.67%	  66.67%	  16.67%	  16.67%	   0.00%	  33.33%	  33.33%	  33.33%	  16.67%	   0.00%	  83.33%	   0.00%	  16.67%	  50.00%	  33.33%	   0.00%	   0.00%	   0.00%	  50.00%	  16.67%	  50.00%	  33.33%	  16.67%	   0.00%	  33.33%	   0.00%	  16.67%	   0.00%	  33.33%	
    f1   0.2667	  0.0000	  0.0000	  0.0952	  0.2667	  0.0952	  0.2222	  0.1667	  0.0952	  0.2500	  0.0952	  0.0952	  0.2222	  0.2222	  0.3333	  0.1667	  0.3333	  0.2222	  0.3333	  0.0000	  0.1667	  0.0952	  0.1667	  0.1667	  0.0952	  0.1667	  0.3333	  0.0000	  0.0000	  0.1667	  0.0952	  0.1667	  0.3333	  0.0952	  0.0000	  0.0952	  0.2222	  0.0952	  0.0952	  0.0952	  0.3333	  1.0000	  0.0000	  1.0000	  1.0000	  0.0000	  0.0000	  0.0000	  0.3333	  0.1429	  0.3333	  0.4000	  0.2667	  0.0952	  0.2222	  0.1429	  0.2667	  0.0952	  0.0952	  0.1667	  0.3333	  0.1667	  0.4545	  0.2222	  0.3333	  0.1667	  0.2500	  0.2500	  0.1667	  0.2222	  0.2222	  0.0000	  0.0952	  0.2667	  0.1667	  0.0000	  0.2500	  0.4000	  0.0952	  0.0000	  0.3333	  0.0952	  0.2222	  0.1667	  0.0000	  0.2500	  0.0000	  0.1667	  0.2667	  0.0952	  0.3333	  0.2222	  0.2500	  0.2500	  0.2500	  0.1429	  0.0000	  0.1429	  0.1667	  0.0000	  0.1429	  0.0952	  0.2222	  0.0000	  0.3333	  0.0000	  0.0952	  0.0952	  0.2667	  0.0952	  0.0952	  0.2222	  0.0952	  0.1667	  0.0952	  0.0000	  0.0952	  0.1667	  0.0000	  0.0000	  0.0000	  0.2222	  0.4545	  0.0952	  0.3333	  0.0952	  0.1667	  0.0000	  0.0952	  0.0000	  0.0952	  0.2500	  0.1667	  0.2222	  0.2222	  0.3333	  0.1667	  0.0000	  0.3333	  0.1667	  0.1667	  0.1667	  0.0952	  0.1667	  0.0000	  0.1667	  0.1667	  0.3333	  0.0952	  0.0000	  0.4000	  0.2500	  0.4000	  0.0952	  0.2500	  0.2500	  0.0000	  0.0000	  0.0000	  0.3333	  0.1667	  0.1429	  0.1429	  0.1429	  0.0000	  0.0952	  0.1667	  0.2222	  0.1667	  0.0000	  0.0000	  0.0000	  0.0952	  0.3333	  0.2222	  0.0952	  0.0000	  0.0000	  0.3333	  0.2222	  0.0952	  0.0952	  0.2222	  0.0952	  0.0000	  0.1667	  0.3333	  0.3333	  0.1667	  0.0000	  0.2222	  0.1667	  0.4000	  0.0000	  0.1667	  0.2222	  0.0952	  0.0952	  0.1429	  0.3333	  1.0000	  0.0000	  0.1429	  0.1429	  0.2667	  0.2222	  0.0952	  0.3333	  0.0952	  0.1667	  0.1667	  0.2222	  0.0952	  0.2667	  0.0952	  0.0952	  0.0000	  0.1667	  0.1667	  0.2500	  0.0952	  0.0000	  0.4545	  0.0000	  0.0952	  0.3333	  0.1667	  0.0000	  0.0000	  0.0000	  0.2222	  0.1429	  0.2222	  0.2500	  0.0952	  0.0000	  0.1667	  0.0000	  0.0952	  0.0000	  0.1667	
pred 0        1	      -1	       0	       0	       1	       0	      -1	       0	       0	      -1	      -1	       0	       0	       1	       1	       0	      -1	       1	      -1	       0	       0	       0	       0	       0	      -1	       0	      -1	       0	      -1	       0	      -1	       0	      -1	       0	       0	       0	       1	      -1	      -1	       0	       1	      -1	       0	      -1	      -1	       0	       0	       0	      -1	      -1	      -1	       1	       1	       0	       1	       0	       0	      -1	       0	       0	       1	       0	       1	       1	      -1	       0	       1	       0	       0	       0	       1	       0	      -1	       0	       1	      -1	       0	       0	       0	      -1	       0	      -1	       1	       0	       0	       1	       0	       0	       0	       0	      -1	       1	       0	       0	       0	       0	      -1	      -1	       0	       0	       0	       0	       1	       0	      -1	       0	       0	       0	       1	       0	       0	       1	       0	       0	       0	       0	       0	       0	       0	       0	       0	       1	      -1	       0	      -1	       0	      -1	       1	      -1	       0	       0	       0	       0	       0	       1	      -1	       0	       0	       0	       1	       1	       0	       0	       0	      -1	       0	       0	       1	      -1	       0	       1	       0	       0	       0	       0	       0	       0	       1	       0	       1	       0	       0	       0	       0	       0	       0	       0	       0	       0	      -1	       0	       0	       0	       0	       0	       0	      -1	      -1	      -1	       0	       0	       0	       1	       0	       0	       0	      -1	       1	       1	       0	       1	      -1	       0	       0	       0	       0	      -1	      -1	       1	       1	       1	       0	      -1	       0	       1	       1	      -1	       0	      -1	       0	       0	       0	      -1	       1	       0	       0	       0	       0	       0	       1	      -1	       0	       0	       0	       0	       0	       0	      -1	      -1	       0	       1	       0	       0	       0	       0	       0	       0	      -1	      -1	       0	       1	
test 0       -1	       0	      -1	      -1	      -1	      -1	      -1	      -1	      -1	      -1	      -1	      -1	      -1	      -1	      -1	      -1	      -1	      -1	      -1	      -1	      -1	      -1	      -1	      -1	      -1	      -1	      -1	      -1	       0	      -1	      -1	      -1	      -1	      -1	      -1	      -1	      -1	      -1	      -1	      -1	      -1	      -1	      -1	      -1	      -1	      -1	      -1	      -1	      -1	      -1	      -1	       0	      -1	      -1	      -1	       0	      -1	      -1	      -1	      -1	      -1	      -1	       0	      -1	      -1	      -1	       0	       0	      -1	      -1	      -1	      -1	      -1	      -1	      -1	       0	       0	       0	      -1	       0	       0	      -1	      -1	      -1	      -1	       0	      -1	      -1	       0	      -1	      -1	      -1	       0	       0	       0	       0	       0	      -1	      -1	      -1	       0	      -1	      -1	      -1	      -1	      -1	      -1	      -1	      -1	      -1	      -1	      -1	      -1	      -1	      -1	      -1	      -1	      -1	      -1	      -1	      -1	      -1	      -1	      -1	      -1	      -1	      -1	      -1	      -1	      -1	      -1	       0	      -1	      -1	      -1	      -1	      -1	      -1	       0	      -1	      -1	      -1	      -1	      -1	       0	      -1	      -1	      -1	      -1	      -1	       0	       0	       0	      -1	       0	       0	      -1	      -1	      -1	      -1	      -1	       0	       0	       0	      -1	      -1	      -1	      -1	      -1	       0	      -1	      -1	      -1	       0	       0	      -1	       0	       0	      -1	      -1	      -1	      -1	      -1	      -1	      -1	      -1	      -1	      -1	      -1	      -1	      -1	      -1	       0	      -1	      -1	      -1	      -1	      -1	       0	       0	       1	       1	      -1	       0	      -1	      -1	      -1	       0	      -1	      -1	      -1	      -1	      -1	      -1	      -1	      -1	      -1	      -1	      -1	       0	      -1	      -1	       0	      -1	      -1	       0	      -1	       0	       0	      -1	      -1	       0	      -1	       0	      -1	      -1	      -1	       0	      -1	      -1	      -1	
pred 1        1	      -1	       0	       0	       1	       0	      -1	       0	       0	      -1	      -1	       0	       0	       1	       1	       0	      -1	       1	      -1	       0	       0	       0	       0	       0	      -1	       0	      -1	       0	      -1	       0	      -1	       0	      -1	       0	       0	       0	       1	      -1	      -1	       0	       1	      -1	       0	      -1	      -1	       0	       0	       0	      -1	      -1	      -1	       1	       1	       0	       1	       0	       0	      -1	       0	       0	       1	       0	       1	       1	      -1	       0	       1	       0	       0	       0	       1	       0	      -1	       0	       1	      -1	       0	       0	       0	      -1	       0	      -1	       1	       0	       0	       1	       0	       0	       0	       0	      -1	       1	       0	       0	       0	       0	      -1	      -1	       0	       0	       0	       0	       1	       0	      -1	       0	       0	       0	       1	       0	       0	       1	       0	       0	       0	       0	       0	       0	       0	       0	       0	       1	      -1	       0	      -1	       0	      -1	       1	      -1	       0	       0	       0	       0	       0	       1	      -1	       0	       0	       0	       1	       1	       0	       0	       0	      -1	       0	       0	       1	      -1	       0	       1	       0	       0	       0	       0	       0	       0	       1	       0	       1	       0	       0	       0	       0	       0	       0	       0	       0	       0	      -1	       0	       0	       0	       0	       0	       0	      -1	      -1	      -1	       0	       0	       0	       1	       0	       0	       0	      -1	       1	       1	       0	       1	      -1	       0	       0	       0	       0	      -1	      -1	       1	       1	       1	       0	      -1	       0	       1	       1	      -1	       0	      -1	       0	       0	       0	      -1	       1	       0	       0	       0	       0	       0	       1	      -1	       0	       0	       0	       0	       0	       0	      -1	      -1	       0	       1	       0	       0	       0	       0	       0	       0	      -1	      -1	       0	       1	
test 1        0	       0	       1	       0	       1	       1	      -1	       0	      -1	      -1	       0	      -1	       0	       0	      -1	       0	      -1	       0	      -1	      -1	       0	       0	       0	       0	       0	       0	      -1	      -1	       0	       0	       0	       0	      -1	       0	      -1	       0	       0	       0	       0	      -1	      -1	      -1	      -1	      -1	      -1	      -1	      -1	      -1	      -1	       1	      -1	       0	       0	       0	       0	       1	       0	       1	       1	       0	      -1	       0	       1	       0	      -1	       0	       0	       0	       0	       0	       0	       1	       0	       0	       0	       0	       0	       0	       1	       1	       0	       0	       0	       0	      -1	       0	      -1	       0	       0	       1	      -1	      -1	       0	       0	       0	       1	       0	       1	       0	      -1	       1	      -1	       0	      -1	      -1	      -1	      -1	      -1	       0	      -1	       1	      -1	      -1	       0	       0	      -1	       0	       0	      -1	      -1	      -1	       0	      -1	      -1	      -1	      -1	      -1	      -1	       1	      -1	       0	       0	       0	       0	       0	      -1	       0	      -1	       0	      -1	      -1	       0	       0	       0	       1	      -1	       0	      -1	       0	      -1	       0	       0	       0	      -1	       0	       0	      -1	       0	      -1	      -1	       0	       1	       1	       1	      -1	       0	       0	       0	       0	       1	      -1	      -1	      -1	       0	       0	      -1	       0	       0	      -1	       0	       0	      -1	       0	      -1	      -1	      -1	      -1	      -1	       0	      -1	       0	      -1	       0	      -1	       0	       0	       0	       0	       0	       0	       1	       1	       1	       1	       0	      -1	       0	       0	       0	       0	       0	       0	       0	       1	       0	      -1	      -1	       0	       0	       0	       0	      -1	       0	      -1	       1	       0	       0	       0	       0	      -1	       0	       1	       0	       1	       1	      -1	       0	       1	       1	       1	       0	
pred 2        1	      -1	       0	       0	       1	       0	      -1	       0	       0	      -1	      -1	       0	       0	       1	       1	       0	      -1	       1	      -1	       0	       0	       0	       0	       0	      -1	       0	      -1	       0	      -1	       0	      -1	       0	      -1	       0	       0	       0	       1	      -1	      -1	       0	       1	      -1	       0	      -1	      -1	       0	       0	       0	      -1	      -1	      -1	       1	       1	       0	       1	       0	       0	      -1	       0	       0	       1	       0	       1	       1	      -1	       0	       1	       0	       0	       0	       1	       0	      -1	       0	       1	      -1	       0	       0	       0	      -1	       0	      -1	       1	       0	       0	       1	       0	       0	       0	       0	      -1	       1	       0	       0	       0	       0	      -1	      -1	       0	       0	       0	       0	       1	       0	      -1	       0	       0	       0	       1	       0	       0	       1	       0	       0	       0	       0	       0	       0	       0	       0	       0	       1	      -1	       0	      -1	       0	      -1	       1	      -1	       0	       0	       0	       0	       0	       1	      -1	       0	       0	       0	       1	       1	       0	       0	       0	      -1	       0	       0	       1	      -1	       0	       1	       0	       0	       0	       0	       0	       0	       1	       0	       1	       0	       0	       0	       0	       0	       0	       0	       0	       0	      -1	       0	       0	       0	       0	       0	       0	      -1	      -1	      -1	       0	       0	       0	       1	       0	       0	       0	      -1	       1	       1	       0	       1	      -1	       0	       0	       0	       0	      -1	      -1	       1	       1	       1	       0	      -1	       0	       1	       1	      -1	       0	      -1	       0	       0	       0	      -1	       1	       0	       0	       0	       0	       0	       1	      -1	       0	       0	       0	       0	       0	       0	      -1	      -1	       0	       1	       0	       0	       0	       0	       0	       0	      -1	      -1	       0	       1	
test 2        1	       1	       1	       1	       1	       1	       0	       1	       1	       1	       1	       1	       1	       1	       1	       1	       1	       1	       1	       1	       1	       1	       1	       1	       1	       1	       1	       1	       1	       1	       1	       1	       1	       1	       1	       1	       1	       1	       1	       1	       1	      -1	      -1	      -1	      -1	      -1	      -1	       1	       1	       1	       1	       1	       1	       1	       1	       1	       0	       1	       1	       1	       1	       1	       1	       1	       1	       1	       1	       1	       1	       1	       1	       1	       1	       1	       1	       1	       1	       1	       1	       1	       1	       1	       1	       1	       1	       1	      -1	       1	       1	       1	       1	       1	       1	       1	       1	       1	       1	       1	       1	       1	       1	       1	       1	       1	       1	       1	       1	       1	       1	       1	       1	       1	       1	       1	       1	       1	       1	       1	       1	       1	       1	       1	       1	       1	       1	       1	       1	      -1	       1	       1	       1	       1	       1	       1	       1	       1	       1	       1	       1	       0	       0	       1	       1	       1	       1	       1	       1	       1	       1	       1	       1	       1	       1	       1	       1	       1	       1	       0	       1	       1	       1	       1	       1	       1	       1	       1	       1	       1	       1	       1	       1	       1	       0	       1	       1	       1	       1	       1	       1	       1	       1	       1	       1	       1	       1	       0	       1	       1	       1	       1	       1	       1	       1	       1	       1	       1	       1	       1	       1	       1	       1	       1	       1	       1	       1	       1	       1	       1	       1	       1	       1	       1	       1	       1	       1	       1	       1	       1	       1	       1	       1	       1	       1	       1	       1	       1	       1	       0	       1	       1	       1	       1	       1	       1	       1	       1	       1	       1	       1	       1	       1	
pred 3        1	      -1	       0	       0	       1	       0	      -1	       0	       0	      -1	      -1	       0	       0	       1	       1	       0	      -1	       1	      -1	       0	       0	       0	       0	       0	      -1	       0	      -1	       0	      -1	       0	      -1	       0	      -1	       0	       0	       0	       1	      -1	      -1	       0	       1	      -1	       0	      -1	      -1	       0	       0	       0	      -1	      -1	      -1	       1	       1	       0	       1	       0	       0	      -1	       0	       0	       1	       0	       1	       1	      -1	       0	       1	       0	       0	       0	       1	       0	      -1	       0	       1	      -1	       0	       0	       0	      -1	       0	      -1	       1	       0	       0	       1	       0	       0	       0	       0	      -1	       1	       0	       0	       0	       0	      -1	      -1	       0	       0	       0	       0	       1	       0	      -1	       0	       0	       0	       1	       0	       0	       1	       0	       0	       0	       0	       0	       0	       0	       0	       0	       1	      -1	       0	      -1	       0	      -1	       1	      -1	       0	       0	       0	       0	       0	       1	      -1	       0	       0	       0	       1	       1	       0	       0	       0	      -1	       0	       0	       1	      -1	       0	       1	       0	       0	       0	       0	       0	       0	       1	       0	       1	       0	       0	       0	       0	       0	       0	       0	       0	       0	      -1	       0	       0	       0	       0	       0	       0	      -1	      -1	      -1	       0	       0	       0	       1	       0	       0	       0	      -1	       1	       1	       0	       1	      -1	       0	       0	       0	       0	      -1	      -1	       1	       1	       1	       0	      -1	       0	       1	       1	      -1	       0	      -1	       0	       0	       0	      -1	       1	       0	       0	       0	       0	       0	       1	      -1	       0	       0	       0	       0	       0	       0	      -1	      -1	       0	       1	       0	       0	       0	       0	       0	       0	      -1	      -1	       0	       1	
test 3        1	       0	       1	      -1	       0	       0	      -1	       0	       0	       1	       0	      -1	       0	      -1	      -1	       0	      -1	      -1	      -1	      -1	       0	      -1	       0	       0	       0	       0	      -1	       1	       0	       0	       0	       0	      -1	      -1	      -1	      -1	       0	       0	       0	      -1	      -1	      -1	      -1	      -1	      -1	      -1	      -1	      -1	      -1	       1	      -1	       1	       1	      -1	       0	       1	       0	       0	       0	       0	      -1	       0	       1	       0	      -1	       0	       0	       1	       0	       0	      -1	       1	       0	       0	      -1	       1	       1	       0	       0	       1	       0	       0	       0	       0	      -1	       0	      -1	       0	      -1	       0	      -1	       0	       1	       1	       1	       1	       1	       1	       0	      -1	       1	       0	       0	      -1	      -1	      -1	       0	       0	       1	       0	       0	       0	       0	       0	      -1	      -1	      -1	      -1	      -1	      -1	      -1	       0	      -1	      -1	      -1	      -1	       0	      -1	       0	      -1	      -1	       1	       0	       0	      -1	      -1	       0	      -1	       0	      -1	      -1	       0	      -1	       0	       1	       0	       0	      -1	       0	       1	       1	       1	       0	       0	       1	       1	      -1	       0	      -1	      -1	       0	       1	       1	       1	      -1	      -1	       0	       0	       0	       1	      -1	      -1	      -1	       0	      -1	       0	       0	       0	      -1	       0	      -1	       0	       0	      -1	      -1	      -1	      -1	      -1	       0	      -1	       0	       0	       0	      -1	       0	       0	       0	       0	       0	       0	       1	       1	       1	       1	       1	       0	       0	       0	       0	       0	       0	       0	       0	       0	      -1	       0	      -1	       0	       0	       0	       0	      -1	       0	      -1	       0	       0	       0	       0	       0	      -1	       0	       1	       0	       0	       0	      -1	       0	       1	       0	       1	      -1	
pred 4        1	      -1	       0	       0	       1	       0	      -1	       0	       0	      -1	      -1	       0	       0	       1	       1	       0	      -1	       1	      -1	       0	       0	       0	       0	       0	      -1	       0	      -1	       0	      -1	       0	      -1	       0	      -1	       0	       0	       0	       1	      -1	      -1	       0	       1	      -1	       0	      -1	      -1	       0	       0	       0	      -1	      -1	      -1	       1	       1	       0	       1	       0	       0	      -1	       0	       0	       1	       0	       1	       1	      -1	       0	       1	       0	       0	       0	       1	       0	      -1	       0	       1	      -1	       0	       0	       0	      -1	       0	      -1	       1	       0	       0	       1	       0	       0	       0	       0	      -1	       1	       0	       0	       0	       0	      -1	      -1	       0	       0	       0	       0	       1	       0	      -1	       0	       0	       0	       1	       0	       0	       1	       0	       0	       0	       0	       0	       0	       0	       0	       0	       1	      -1	       0	      -1	       0	      -1	       1	      -1	       0	       0	       0	       0	       0	       1	      -1	       0	       0	       0	       1	       1	       0	       0	       0	      -1	       0	       0	       1	      -1	       0	       1	       0	       0	       0	       0	       0	       0	       1	       0	       1	       0	       0	       0	       0	       0	       0	       0	       0	       0	      -1	       0	       0	       0	       0	       0	       0	      -1	      -1	      -1	       0	       0	       0	       1	       0	       0	       0	      -1	       1	       1	       0	       1	      -1	       0	       0	       0	       0	      -1	      -1	       1	       1	       1	       0	      -1	       0	       1	       1	      -1	       0	      -1	       0	       0	       0	      -1	       1	       0	       0	       0	       0	       0	       1	      -1	       0	       0	       0	       0	       0	       0	      -1	      -1	       0	       1	       0	       0	       0	       0	       0	       0	      -1	      -1	       0	       1	
test 4        1	       1	       1	       1	       1	       1	       0	       1	       1	       1	       1	       0	       1	       1	       1	       1	       1	       1	       1	       1	       1	       1	       1	       1	       0	       1	       1	       1	       1	       1	       1	       1	       1	       1	       1	       1	       1	       1	       1	       0	       1	      -1	      -1	      -1	      -1	      -1	      -1	       1	       1	       1	       1	       1	       1	       1	       1	       1	       0	       1	       1	       1	       1	       1	       1	       1	       1	       1	       0	       1	       1	       0	       1	       1	       1	       0	       0	       1	       1	       0	       1	       0	       1	       0	       1	       1	       1	       0	      -1	       1	       0	       1	       1	       1	       1	       1	       1	       1	       0	       1	       1	       1	       1	       1	       1	       1	       1	       1	       1	       1	       1	       1	       1	       1	       1	       1	       1	       1	       1	       0	       1	       1	       1	       1	      -1	      -1	       1	       0	       1	      -1	       1	       1	       1	       1	       1	       0	       1	       1	       1	       1	       1	       1	       1	       1	       1	       1	       1	       0	       1	       1	       1	       1	       1	       1	       0	       1	       1	       1	       1	       0	       1	       1	       1	       1	       1	       1	       1	       1	       1	       0	       1	       1	       1	       1	       1	       1	       0	       1	       0	       0	       1	       0	       1	       1	       1	       0	       1	       0	       1	       1	       0	       1	       1	       0	       0	       1	       1	       0	       1	       1	       0	       1	       1	       1	       1	       1	       1	       1	       1	       1	       1	       1	       1	       0	       1	       1	       1	       1	       1	       1	       1	       0	       0	       1	       0	       1	       1	       1	       1	       0	       0	       1	       1	       1	       0	       1	       1	       1	       1	       1	       1	       1	       0	
pred 5        1	      -1	       0	       0	       1	       0	      -1	       0	       0	      -1	      -1	       0	       0	       1	       1	       0	      -1	       1	      -1	       0	       0	       0	       0	       0	      -1	       0	      -1	       0	      -1	       0	      -1	       0	      -1	       0	       0	       0	       1	      -1	      -1	       0	       1	      -1	       0	      -1	      -1	       0	       0	       0	      -1	      -1	      -1	       1	       1	       0	       1	       0	       0	      -1	       0	       0	       1	       0	       1	       1	      -1	       0	       1	       0	       0	       0	       1	       0	      -1	       0	       1	      -1	       0	       0	       0	      -1	       0	      -1	       1	       0	       0	       1	       0	       0	       0	       0	      -1	       1	       0	       0	       0	       0	      -1	      -1	       0	       0	       0	       0	       1	       0	      -1	       0	       0	       0	       1	       0	       0	       1	       0	       0	       0	       0	       0	       0	       0	       0	       0	       1	      -1	       0	      -1	       0	      -1	       1	      -1	       0	       0	       0	       0	       0	       1	      -1	       0	       0	       0	       1	       1	       0	       0	       0	      -1	       0	       0	       1	      -1	       0	       1	       0	       0	       0	       0	       0	       0	       1	       0	       1	       0	       0	       0	       0	       0	       0	       0	       0	       0	      -1	       0	       0	       0	       0	       0	       0	      -1	      -1	      -1	       0	       0	       0	       1	       0	       0	       0	      -1	       1	       1	       0	       1	      -1	       0	       0	       0	       0	      -1	      -1	       1	       1	       1	       0	      -1	       0	       1	       1	      -1	       0	      -1	       0	       0	       0	      -1	       1	       0	       0	       0	       0	       0	       1	      -1	       0	       0	       0	       0	       0	       0	      -1	      -1	       0	       1	       0	       0	       0	       0	       0	       0	      -1	      -1	       0	       1	
test 5        1	       1	       1	       1	       1	       1	       1	       1	       1	       1	       1	       1	       0	       1	       1	       1	       1	       1	       1	       1	       1	       1	       1	       1	       1	       1	       1	       1	       1	       1	       1	       1	       1	       1	       1	       1	       1	       0	       1	       1	       1	      -1	      -1	      -1	      -1	      -1	      -1	       1	       1	       1	       1	       1	       1	       1	       1	       1	       1	       1	       1	       1	       1	       1	       1	       1	       1	       1	       1	       1	       1	       1	       1	       1	       1	       0	       1	       1	       1	       1	       1	       1	       1	       1	       1	       1	       1	       1	      -1	       1	       0	       1	       1	       1	       1	       1	       1	       1	       1	       1	       1	       1	       1	       1	       1	       1	       1	       1	       1	       1	       1	       1	       1	       1	       1	       1	       1	       1	       1	       1	       1	       1	       1	       1	      -1	       0	       1	       1	       1	      -1	       1	       1	       1	       1	       1	       1	       1	       1	       1	       1	       1	       1	       1	       1	       1	       1	       1	       1	       1	       1	       1	       1	       1	       1	       1	       1	       1	       1	       1	       0	       1	       1	       1	       1	       1	       1	       1	       1	       1	       1	       1	       1	       1	       1	       1	       1	       1	       1	       1	       0	       1	       1	       1	       1	       1	       1	       1	       1	       1	       1	       1	       1	       1	       1	       1	       1	       1	       1	       1	       1	       0	       1	       1	       1	       1	       1	       1	       1	       1	       1	       1	       1	       1	       1	       1	       1	       1	       1	       1	       1	       1	       1	       1	       1	       0	       1	       1	       1	       1	       0	       1	       1	       1	       1	       1	       1	       1	       1	       1	       1	       1	       1	       1	
------
confusion matrix:
[[ 91 229  65]
 [ 75 202  70]
 [152 433 129]]
macro f1: 0.28543424611407614
micro f1: 0.2918395573997234
weighted f1: 0.29118895530700684
class -1 f1: 0.25889046941678523
class  0 f1: 0.33360858794384807
class  1 f1: 0.26380368098159507
average label-wise acc: 29.18%


ABL loop 2
--------------------
label        0	       1	       2	       3	       4	       5	       6	       7	       8	       9	      10	      11	      12	      13	      14	      15	      16	      17	      18	      19	      20	      21	      22	      23	      24	      25	      26	      27	      28	      29	      30	      31	      32	      33	      34	      35	      36	      37	      38	      39	      40	      41	      42	      43	      44	      45	      46	      47	      48	      49	      50	      51	      52	      53	      54	      55	      56	      57	      58	      59	      60	      61	      62	      63	      64	      65	      66	      67	      68	      69	      70	      71	      72	      73	      74	      75	      76	      77	      78	      79	      80	      81	      82	      83	      84	      85	      86	      87	      88	      89	      90	      91	      92	      93	      94	      95	      96	      97	      98	      99	     100	     101	     102	     103	     104	     105	     106	     107	     108	     109	     110	     111	     112	     113	     114	     115	     116	     117	     118	     119	     120	     121	     122	     123	     124	     125	     126	     127	     128	     129	     130	     131	     132	     133	     134	     135	     136	     137	     138	     139	     140	     141	     142	     143	     144	     145	     146	     147	     148	     149	     150	     151	     152	     153	     154	     155	     156	     157	     158	     159	     160	     161	     162	     163	     164	     165	     166	     167	     168	     169	     170	     171	     172	     173	     174	     175	     176	     177	     178	     179	     180	     181	     182	     183	     184	     185	     186	     187	     188	     189	     190	     191	     192	     193	     194	     195	     196	     197	     198	     199	     200	     201	     202	     203	     204	     205	     206	     207	     208	     209	     210	     211	     212	     213	     214	     215	     216	     217	     218	     219	     220	     221	     222	     223	     224	     225	     226	     227	     228	     229	     230	     231	     232	     233	     234	     235	     236	     237	     238	     239	     240	
   acc   66.67%	   0.00%	   0.00%	  16.67%	  16.67%	  16.67%	  50.00%	  33.33%	  50.00%	  66.67%	  50.00%	  33.33%	  33.33%	  50.00%	  50.00%	  33.33%	  50.00%	  50.00%	  50.00%	   0.00%	  33.33%	  16.67%	  50.00%	  50.00%	  16.67%	  33.33%	  50.00%	   0.00%	   0.00%	  33.33%	  50.00%	  33.33%	  50.00%	  50.00%	   0.00%	  16.67%	  50.00%	  16.67%	  16.67%	  16.67%	  50.00%	 100.00%	   0.00%	 100.00%	 100.00%	   0.00%	   0.00%	   0.00%	  50.00%	  83.33%	  50.00%	  66.67%	  16.67%	  16.67%	  50.00%	  16.67%	  16.67%	  16.67%	  66.67%	  33.33%	  50.00%	  50.00%	  83.33%	  33.33%	  50.00%	  33.33%	  66.67%	  33.33%	  33.33%	  50.00%	  50.00%	  83.33%	  50.00%	  16.67%	  33.33%	   0.00%	  33.33%	  66.67%	  16.67%	  66.67%	  50.00%	  16.67%	  50.00%	  33.33%	   0.00%	  33.33%	   0.00%	  16.67%	  66.67%	  16.67%	  50.00%	  16.67%	   0.00%	  33.33%	  66.67%	   0.00%	   0.00%	  83.33%	  33.33%	   0.00%	  16.67%	  16.67%	  16.67%	  50.00%	  50.00%	   0.00%	  16.67%	  16.67%	  16.67%	  50.00%	  16.67%	  50.00%	  16.67%	  33.33%	  50.00%	   0.00%	  33.33%	  33.33%	   0.00%	   0.00%	  50.00%	  50.00%	  83.33%	  16.67%	  50.00%	  16.67%	  50.00%	 100.00%	  66.67%	   0.00%	  16.67%	  33.33%	  50.00%	  50.00%	  50.00%	  50.00%	  50.00%	  50.00%	  50.00%	  33.33%	  33.33%	  33.33%	  16.67%	  33.33%	  83.33%	  33.33%	  50.00%	  50.00%	  16.67%	   0.00%	  33.33%	  33.33%	  66.67%	  16.67%	  66.67%	  33.33%	   0.00%	  83.33%	  50.00%	   0.00%	  33.33%	  16.67%	  83.33%	   0.00%	   0.00%	  50.00%	  33.33%	  50.00%	  33.33%	  83.33%	  50.00%	   0.00%	  33.33%	  50.00%	  50.00%	  16.67%	   0.00%	   0.00%	  50.00%	  50.00%	  16.67%	  50.00%	  50.00%	  16.67%	  50.00%	  33.33%	  50.00%	  50.00%	  33.33%	   0.00%	  16.67%	  33.33%	  66.67%	   0.00%	  33.33%	  50.00%	  16.67%	  33.33%	  16.67%	  50.00%	 100.00%	   0.00%	  16.67%	  16.67%	  66.67%	  50.00%	  50.00%	  50.00%	  16.67%	  33.33%	  33.33%	  50.00%	  50.00%	  66.67%	  16.67%	  50.00%	  50.00%	  33.33%	  33.33%	  33.33%	  16.67%	  50.00%	  83.33%	   0.00%	  16.67%	   0.00%	  33.33%	   0.00%	  66.67%	  50.00%	  50.00%	  83.33%	  50.00%	   0.00%	  66.67%	  50.00%	  33.33%	   0.00%	  16.67%	  83.33%	  33.33%	
    f1   0.2667	  0.0000	  0.0000	  0.0952	  0.0952	  0.0952	  0.2222	  0.1667	  0.2222	  0.4000	  0.2222	  0.1667	  0.1667	  0.2222	  0.3333	  0.1667	  0.3333	  0.2222	  0.3333	  0.0000	  0.1667	  0.0952	  0.2222	  0.2222	  0.0952	  0.1667	  0.3333	  0.0000	  0.0000	  0.1667	  0.2222	  0.1667	  0.3333	  0.2222	  0.0000	  0.0952	  0.2222	  0.0952	  0.0952	  0.0952	  0.3333	  1.0000	  0.0000	  1.0000	  1.0000	  0.0000	  0.0000	  0.0000	  0.3333	  0.4545	  0.3333	  0.4000	  0.0952	  0.0952	  0.2222	  0.1429	  0.0952	  0.0952	  0.2667	  0.1667	  0.3333	  0.2222	  0.4545	  0.1667	  0.3333	  0.1667	  0.4000	  0.2500	  0.1667	  0.2222	  0.2222	  0.4545	  0.2222	  0.0952	  0.1667	  0.0000	  0.2500	  0.4000	  0.0952	  0.4000	  0.3333	  0.0952	  0.2222	  0.1667	  0.0000	  0.2500	  0.0000	  0.0952	  0.2667	  0.0952	  0.3333	  0.0952	  0.0000	  0.2500	  0.4000	  0.0000	  0.0000	  0.4545	  0.1667	  0.0000	  0.1429	  0.0952	  0.0952	  0.3333	  0.3333	  0.0000	  0.0952	  0.0952	  0.0952	  0.2222	  0.0952	  0.2222	  0.0952	  0.1667	  0.2222	  0.0000	  0.1667	  0.1667	  0.0000	  0.0000	  0.3333	  0.2222	  0.4545	  0.0952	  0.3333	  0.0952	  0.2222	  1.0000	  0.2667	  0.0000	  0.0952	  0.2500	  0.2222	  0.2222	  0.2222	  0.3333	  0.2222	  0.3333	  0.3333	  0.1667	  0.1667	  0.1667	  0.0952	  0.1667	  0.4545	  0.1667	  0.2222	  0.3333	  0.0952	  0.0000	  0.2500	  0.2500	  0.4000	  0.0952	  0.4000	  0.2500	  0.0000	  0.4545	  0.3333	  0.0000	  0.1667	  0.1429	  0.4545	  0.0000	  0.0000	  0.2222	  0.1667	  0.2222	  0.1667	  0.4545	  0.3333	  0.0000	  0.1667	  0.3333	  0.2222	  0.0952	  0.0000	  0.0000	  0.3333	  0.2222	  0.0952	  0.2222	  0.2222	  0.0952	  0.3333	  0.1667	  0.3333	  0.3333	  0.1667	  0.0000	  0.0952	  0.1667	  0.4000	  0.0000	  0.1667	  0.2222	  0.0952	  0.1667	  0.1429	  0.3333	  1.0000	  0.0000	  0.1429	  0.1429	  0.2667	  0.2222	  0.2222	  0.3333	  0.0952	  0.1667	  0.1667	  0.2222	  0.2222	  0.2667	  0.0952	  0.2222	  0.3333	  0.1667	  0.1667	  0.2500	  0.0952	  0.3333	  0.4545	  0.0000	  0.0952	  0.0000	  0.1667	  0.0000	  0.4000	  0.3333	  0.2222	  0.4545	  0.2222	  0.0000	  0.2667	  0.3333	  0.1667	  0.0000	  0.0952	  0.4545	  0.1667	
pred 0        1	      -1	       0	       0	       0	       0	      -1	       0	       1	       1	       1	       1	       1	       1	       1	       0	      -1	       1	      -1	       0	       0	       0	       1	       1	      -1	       0	       1	       0	      -1	       0	       1	       0	      -1	       1	       0	       0	       1	      -1	      -1	       0	       1	      -1	       1	      -1	      -1	       0	       0	       0	      -1	       1	      -1	       1	       0	       0	       1	       0	      -1	      -1	       1	       0	       1	       1	       1	       0	       1	       0	       0	       0	       0	       0	       1	       1	       1	       1	       1	      -1	       0	       0	       0	       1	       0	      -1	       1	       0	       0	       1	       0	      -1	       0	      -1	      -1	       0	      -1	       0	       1	      -1	      -1	       1	       0	       0	       0	       0	      -1	       1	      -1	       0	       0	       0	       0	       1	      -1	       1	       0	       0	       1	       0	      -1	       0	       0	       0	       1	       1	      -1	       0	      -1	       0	       1	      -1	       1	       0	       0	       0	       1	       0	       1	      -1	       1	       1	       0	       1	       1	       0	       0	       0	       1	       0	       1	       1	      -1	       0	       0	       0	       0	       0	       1	       0	       0	       0	       1	       0	       0	       0	       1	      -1	       0	       1	       0	       0	       0	       1	      -1	       0	       1	       0	       0	       0	      -1	      -1	      -1	       0	       0	       1	       1	       0	       1	       0	      -1	       1	       1	       0	      -1	      -1	       0	       0	       0	       0	      -1	       0	       1	       0	       1	       0	      -1	       0	       1	       1	       1	       0	      -1	       0	       0	       0	       1	       1	       0	       1	       1	       0	       0	       1	      -1	       1	       0	       0	       0	      -1	       0	      -1	       0	       1	       1	       1	       0	      -1	       1	       1	       0	      -1	      -1	       1	       1	
test 0       -1	       0	      -1	      -1	      -1	      -1	      -1	      -1	      -1	      -1	      -1	      -1	      -1	      -1	      -1	      -1	      -1	      -1	      -1	      -1	      -1	      -1	      -1	      -1	      -1	      -1	      -1	      -1	       0	      -1	      -1	      -1	      -1	      -1	      -1	      -1	      -1	      -1	      -1	      -1	      -1	      -1	      -1	      -1	      -1	      -1	      -1	      -1	      -1	      -1	      -1	       0	      -1	      -1	      -1	       0	      -1	      -1	      -1	      -1	      -1	      -1	       0	      -1	      -1	      -1	       0	       0	      -1	      -1	      -1	      -1	      -1	      -1	      -1	       0	       0	       0	      -1	       0	       0	      -1	      -1	      -1	      -1	       0	      -1	      -1	       0	      -1	      -1	      -1	       0	       0	       0	       0	       0	      -1	      -1	      -1	       0	      -1	      -1	      -1	      -1	      -1	      -1	      -1	      -1	      -1	      -1	      -1	      -1	      -1	      -1	      -1	      -1	      -1	      -1	      -1	      -1	      -1	      -1	      -1	      -1	      -1	      -1	      -1	      -1	      -1	      -1	       0	      -1	      -1	      -1	      -1	      -1	      -1	       0	      -1	      -1	      -1	      -1	      -1	       0	      -1	      -1	      -1	      -1	      -1	       0	       0	       0	      -1	       0	       0	      -1	      -1	      -1	      -1	      -1	       0	       0	       0	      -1	      -1	      -1	      -1	      -1	       0	      -1	      -1	      -1	       0	       0	      -1	       0	       0	      -1	      -1	      -1	      -1	      -1	      -1	      -1	      -1	      -1	      -1	      -1	      -1	      -1	      -1	       0	      -1	      -1	      -1	      -1	      -1	       0	       0	       1	       1	      -1	       0	      -1	      -1	      -1	       0	      -1	      -1	      -1	      -1	      -1	      -1	      -1	      -1	      -1	      -1	      -1	       0	      -1	      -1	       0	      -1	      -1	       0	      -1	       0	       0	      -1	      -1	       0	      -1	       0	      -1	      -1	      -1	       0	      -1	      -1	      -1	
pred 1        1	      -1	       0	       0	       0	       0	      -1	       0	       1	       1	       1	       1	       1	       1	       1	       0	      -1	       1	      -1	       0	       0	       0	       1	       1	      -1	       0	       1	       0	      -1	       0	       1	       0	      -1	       1	       0	       0	       1	      -1	      -1	       0	       1	      -1	       1	      -1	      -1	       0	       0	       0	      -1	       1	      -1	       1	       0	       0	       1	       0	      -1	      -1	       1	       0	       1	       1	       1	       0	       1	       0	       0	       0	       0	       0	       1	       1	       1	       1	       1	      -1	       0	       0	       0	       1	       0	      -1	       1	       0	       0	       1	       0	      -1	       0	      -1	      -1	       0	      -1	       0	       1	      -1	      -1	       1	       0	       0	       0	       0	      -1	       1	      -1	       0	       0	       0	       0	       1	      -1	       1	       0	       0	       1	       0	      -1	       0	       0	       0	       1	       1	      -1	       0	      -1	       0	       1	      -1	       1	       0	       0	       0	       1	       0	       1	      -1	       1	       1	       0	       1	       1	       0	       0	       0	       1	       0	       1	       1	      -1	       0	       0	       0	       0	       0	       1	       0	       0	       0	       1	       0	       0	       0	       1	      -1	       0	       1	       0	       0	       0	       1	      -1	       0	       1	       0	       0	       0	      -1	      -1	      -1	       0	       0	       1	       1	       0	       1	       0	      -1	       1	       1	       0	      -1	      -1	       0	       0	       0	       0	      -1	       0	       1	       0	       1	       0	      -1	       0	       1	       1	       1	       0	      -1	       0	       0	       0	       1	       1	       0	       1	       1	       0	       0	       1	      -1	       1	       0	       0	       0	      -1	       0	      -1	       0	       1	       1	       1	       0	      -1	       1	       1	       0	      -1	      -1	       1	       1	
test 1        0	       0	       1	       0	       1	       1	      -1	       0	      -1	      -1	       0	      -1	       0	       0	      -1	       0	      -1	       0	      -1	      -1	       0	       0	       0	       0	       0	       0	      -1	      -1	       0	       0	       0	       0	      -1	       0	      -1	       0	       0	       0	       0	      -1	      -1	      -1	      -1	      -1	      -1	      -1	      -1	      -1	      -1	       1	      -1	       0	       0	       0	       0	       1	       0	       1	       1	       0	      -1	       0	       1	       0	      -1	       0	       0	       0	       0	       0	       0	       1	       0	       0	       0	       0	       0	       0	       1	       1	       0	       0	       0	       0	      -1	       0	      -1	       0	       0	       1	      -1	      -1	       0	       0	       0	       1	       0	       1	       0	      -1	       1	      -1	       0	      -1	      -1	      -1	      -1	      -1	       0	      -1	       1	      -1	      -1	       0	       0	      -1	       0	       0	      -1	      -1	      -1	       0	      -1	      -1	      -1	      -1	      -1	      -1	       1	      -1	       0	       0	       0	       0	       0	      -1	       0	      -1	       0	      -1	      -1	       0	       0	       0	       1	      -1	       0	      -1	       0	      -1	       0	       0	       0	      -1	       0	       0	      -1	       0	      -1	      -1	       0	       1	       1	       1	      -1	       0	       0	       0	       0	       1	      -1	      -1	      -1	       0	       0	      -1	       0	       0	      -1	       0	       0	      -1	       0	      -1	      -1	      -1	      -1	      -1	       0	      -1	       0	      -1	       0	      -1	       0	       0	       0	       0	       0	       0	       1	       1	       1	       1	       0	      -1	       0	       0	       0	       0	       0	       0	       0	       1	       0	      -1	      -1	       0	       0	       0	       0	      -1	       0	      -1	       1	       0	       0	       0	       0	      -1	       0	       1	       0	       1	       1	      -1	       0	       1	       1	       1	       0	
pred 2        1	      -1	       0	       0	       0	       0	      -1	       0	       1	       1	       1	       1	       1	       1	       1	       0	      -1	       1	      -1	       0	       0	       0	       1	       1	      -1	       0	       1	       0	      -1	       0	       1	       0	      -1	       1	       0	       0	       1	      -1	      -1	       0	       1	      -1	       1	      -1	      -1	       0	       0	       0	      -1	       1	      -1	       1	       0	       0	       1	       0	      -1	      -1	       1	       0	       1	       1	       1	       0	       1	       0	       0	       0	       0	       0	       1	       1	       1	       1	       1	      -1	       0	       0	       0	       1	       0	      -1	       1	       0	       0	       1	       0	      -1	       0	      -1	      -1	       0	      -1	       0	       1	      -1	      -1	       1	       0	       0	       0	       0	      -1	       1	      -1	       0	       0	       0	       0	       1	      -1	       1	       0	       0	       1	       0	      -1	       0	       0	       0	       1	       1	      -1	       0	      -1	       0	       1	      -1	       1	       0	       0	       0	       1	       0	       1	      -1	       1	       1	       0	       1	       1	       0	       0	       0	       1	       0	       1	       1	      -1	       0	       0	       0	       0	       0	       1	       0	       0	       0	       1	       0	       0	       0	       1	      -1	       0	       1	       0	       0	       0	       1	      -1	       0	       1	       0	       0	       0	      -1	      -1	      -1	       0	       0	       1	       1	       0	       1	       0	      -1	       1	       1	       0	      -1	      -1	       0	       0	       0	       0	      -1	       0	       1	       0	       1	       0	      -1	       0	       1	       1	       1	       0	      -1	       0	       0	       0	       1	       1	       0	       1	       1	       0	       0	       1	      -1	       1	       0	       0	       0	      -1	       0	      -1	       0	       1	       1	       1	       0	      -1	       1	       1	       0	      -1	      -1	       1	       1	
test 2        1	       1	       1	       1	       1	       1	       0	       1	       1	       1	       1	       1	       1	       1	       1	       1	       1	       1	       1	       1	       1	       1	       1	       1	       1	       1	       1	       1	       1	       1	       1	       1	       1	       1	       1	       1	       1	       1	       1	       1	       1	      -1	      -1	      -1	      -1	      -1	      -1	       1	       1	       1	       1	       1	       1	       1	       1	       1	       0	       1	       1	       1	       1	       1	       1	       1	       1	       1	       1	       1	       1	       1	       1	       1	       1	       1	       1	       1	       1	       1	       1	       1	       1	       1	       1	       1	       1	       1	      -1	       1	       1	       1	       1	       1	       1	       1	       1	       1	       1	       1	       1	       1	       1	       1	       1	       1	       1	       1	       1	       1	       1	       1	       1	       1	       1	       1	       1	       1	       1	       1	       1	       1	       1	       1	       1	       1	       1	       1	       1	      -1	       1	       1	       1	       1	       1	       1	       1	       1	       1	       1	       1	       0	       0	       1	       1	       1	       1	       1	       1	       1	       1	       1	       1	       1	       1	       1	       1	       1	       1	       0	       1	       1	       1	       1	       1	       1	       1	       1	       1	       1	       1	       1	       1	       1	       0	       1	       1	       1	       1	       1	       1	       1	       1	       1	       1	       1	       1	       0	       1	       1	       1	       1	       1	       1	       1	       1	       1	       1	       1	       1	       1	       1	       1	       1	       1	       1	       1	       1	       1	       1	       1	       1	       1	       1	       1	       1	       1	       1	       1	       1	       1	       1	       1	       1	       1	       1	       1	       1	       1	       0	       1	       1	       1	       1	       1	       1	       1	       1	       1	       1	       1	       1	       1	
pred 3        1	      -1	       0	       0	       0	       0	      -1	       0	       1	       1	       1	       1	       1	       1	       1	       0	      -1	       1	      -1	       0	       0	       0	       1	       1	      -1	       0	       1	       0	      -1	       0	       1	       0	      -1	       1	       0	       0	       1	      -1	      -1	       0	       1	      -1	       1	      -1	      -1	       0	       0	       0	      -1	       1	      -1	       1	       0	       0	       1	       0	      -1	      -1	       1	       0	       1	       1	       1	       0	       1	       0	       0	       0	       0	       0	       1	       1	       1	       1	       1	      -1	       0	       0	       0	       1	       0	      -1	       1	       0	       0	       1	       0	      -1	       0	      -1	      -1	       0	      -1	       0	       1	      -1	      -1	       1	       0	       0	       0	       0	      -1	       1	      -1	       0	       0	       0	       0	       1	      -1	       1	       0	       0	       1	       0	      -1	       0	       0	       0	       1	       1	      -1	       0	      -1	       0	       1	      -1	       1	       0	       0	       0	       1	       0	       1	      -1	       1	       1	       0	       1	       1	       0	       0	       0	       1	       0	       1	       1	      -1	       0	       0	       0	       0	       0	       1	       0	       0	       0	       1	       0	       0	       0	       1	      -1	       0	       1	       0	       0	       0	       1	      -1	       0	       1	       0	       0	       0	      -1	      -1	      -1	       0	       0	       1	       1	       0	       1	       0	      -1	       1	       1	       0	      -1	      -1	       0	       0	       0	       0	      -1	       0	       1	       0	       1	       0	      -1	       0	       1	       1	       1	       0	      -1	       0	       0	       0	       1	       1	       0	       1	       1	       0	       0	       1	      -1	       1	       0	       0	       0	      -1	       0	      -1	       0	       1	       1	       1	       0	      -1	       1	       1	       0	      -1	      -1	       1	       1	
test 3        1	       0	       1	      -1	       0	       0	      -1	       0	       0	       1	       0	      -1	       0	      -1	      -1	       0	      -1	      -1	      -1	      -1	       0	      -1	       0	       0	       0	       0	      -1	       1	       0	       0	       0	       0	      -1	      -1	      -1	      -1	       0	       0	       0	      -1	      -1	      -1	      -1	      -1	      -1	      -1	      -1	      -1	      -1	       1	      -1	       1	       1	      -1	       0	       1	       0	       0	       0	       0	      -1	       0	       1	       0	      -1	       0	       0	       1	       0	       0	      -1	       1	       0	       0	      -1	       1	       1	       0	       0	       1	       0	       0	       0	       0	      -1	       0	      -1	       0	      -1	       0	      -1	       0	       1	       1	       1	       1	       1	       1	       0	      -1	       1	       0	       0	      -1	      -1	      -1	       0	       0	       1	       0	       0	       0	       0	       0	      -1	      -1	      -1	      -1	      -1	      -1	      -1	       0	      -1	      -1	      -1	      -1	       0	      -1	       0	      -1	      -1	       1	       0	       0	      -1	      -1	       0	      -1	       0	      -1	      -1	       0	      -1	       0	       1	       0	       0	      -1	       0	       1	       1	       1	       0	       0	       1	       1	      -1	       0	      -1	      -1	       0	       1	       1	       1	      -1	      -1	       0	       0	       0	       1	      -1	      -1	      -1	       0	      -1	       0	       0	       0	      -1	       0	      -1	       0	       0	      -1	      -1	      -1	      -1	      -1	       0	      -1	       0	       0	       0	      -1	       0	       0	       0	       0	       0	       0	       1	       1	       1	       1	       1	       0	       0	       0	       0	       0	       0	       0	       0	       0	      -1	       0	      -1	       0	       0	       0	       0	      -1	       0	      -1	       0	       0	       0	       0	       0	      -1	       0	       1	       0	       0	       0	      -1	       0	       1	       0	       1	      -1	
pred 4        1	      -1	       0	       0	       0	       0	      -1	       0	       1	       1	       1	       1	       1	       1	       1	       0	      -1	       1	      -1	       0	       0	       0	       1	       1	      -1	       0	       1	       0	      -1	       0	       1	       0	      -1	       1	       0	       0	       1	      -1	      -1	       0	       1	      -1	       1	      -1	      -1	       0	       0	       0	      -1	       1	      -1	       1	       0	       0	       1	       0	      -1	      -1	       1	       0	       1	       1	       1	       0	       1	       0	       0	       0	       0	       0	       1	       1	       1	       1	       1	      -1	       0	       0	       0	       1	       0	      -1	       1	       0	       0	       1	       0	      -1	       0	      -1	      -1	       0	      -1	       0	       1	      -1	      -1	       1	       0	       0	       0	       0	      -1	       1	      -1	       0	       0	       0	       0	       1	      -1	       1	       0	       0	       1	       0	      -1	       0	       0	       0	       1	       1	      -1	       0	      -1	       0	       1	      -1	       1	       0	       0	       0	       1	       0	       1	      -1	       1	       1	       0	       1	       1	       0	       0	       0	       1	       0	       1	       1	      -1	       0	       0	       0	       0	       0	       1	       0	       0	       0	       1	       0	       0	       0	       1	      -1	       0	       1	       0	       0	       0	       1	      -1	       0	       1	       0	       0	       0	      -1	      -1	      -1	       0	       0	       1	       1	       0	       1	       0	      -1	       1	       1	       0	      -1	      -1	       0	       0	       0	       0	      -1	       0	       1	       0	       1	       0	      -1	       0	       1	       1	       1	       0	      -1	       0	       0	       0	       1	       1	       0	       1	       1	       0	       0	       1	      -1	       1	       0	       0	       0	      -1	       0	      -1	       0	       1	       1	       1	       0	      -1	       1	       1	       0	      -1	      -1	       1	       1	
test 4        1	       1	       1	       1	       1	       1	       0	       1	       1	       1	       1	       0	       1	       1	       1	       1	       1	       1	       1	       1	       1	       1	       1	       1	       0	       1	       1	       1	       1	       1	       1	       1	       1	       1	       1	       1	       1	       1	       1	       0	       1	      -1	      -1	      -1	      -1	      -1	      -1	       1	       1	       1	       1	       1	       1	       1	       1	       1	       0	       1	       1	       1	       1	       1	       1	       1	       1	       1	       0	       1	       1	       0	       1	       1	       1	       0	       0	       1	       1	       0	       1	       0	       1	       0	       1	       1	       1	       0	      -1	       1	       0	       1	       1	       1	       1	       1	       1	       1	       0	       1	       1	       1	       1	       1	       1	       1	       1	       1	       1	       1	       1	       1	       1	       1	       1	       1	       1	       1	       1	       0	       1	       1	       1	       1	      -1	      -1	       1	       0	       1	      -1	       1	       1	       1	       1	       1	       0	       1	       1	       1	       1	       1	       1	       1	       1	       1	       1	       1	       0	       1	       1	       1	       1	       1	       1	       0	       1	       1	       1	       1	       0	       1	       1	       1	       1	       1	       1	       1	       1	       1	       0	       1	       1	       1	       1	       1	       1	       0	       1	       0	       0	       1	       0	       1	       1	       1	       0	       1	       0	       1	       1	       0	       1	       1	       0	       0	       1	       1	       0	       1	       1	       0	       1	       1	       1	       1	       1	       1	       1	       1	       1	       1	       1	       1	       0	       1	       1	       1	       1	       1	       1	       1	       0	       0	       1	       0	       1	       1	       1	       1	       0	       0	       1	       1	       1	       0	       1	       1	       1	       1	       1	       1	       1	       0	
pred 5        1	      -1	       0	       0	       0	       0	      -1	       0	       1	       1	       1	       1	       1	       1	       1	       0	      -1	       1	      -1	       0	       0	       0	       1	       1	      -1	       0	       1	       0	      -1	       0	       1	       0	      -1	       1	       0	       0	       1	      -1	      -1	       0	       1	      -1	       1	      -1	      -1	       0	       0	       0	      -1	       1	      -1	       1	       0	       0	       1	       0	      -1	      -1	       1	       0	       1	       1	       1	       0	       1	       0	       0	       0	       0	       0	       1	       1	       1	       1	       1	      -1	       0	       0	       0	       1	       0	      -1	       1	       0	       0	       1	       0	      -1	       0	      -1	      -1	       0	      -1	       0	       1	      -1	      -1	       1	       0	       0	       0	       0	      -1	       1	      -1	       0	       0	       0	       0	       1	      -1	       1	       0	       0	       1	       0	      -1	       0	       0	       0	       1	       1	      -1	       0	      -1	       0	       1	      -1	       1	       0	       0	       0	       1	       0	       1	      -1	       1	       1	       0	       1	       1	       0	       0	       0	       1	       0	       1	       1	      -1	       0	       0	       0	       0	       0	       1	       0	       0	       0	       1	       0	       0	       0	       1	      -1	       0	       1	       0	       0	       0	       1	      -1	       0	       1	       0	       0	       0	      -1	      -1	      -1	       0	       0	       1	       1	       0	       1	       0	      -1	       1	       1	       0	      -1	      -1	       0	       0	       0	       0	      -1	       0	       1	       0	       1	       0	      -1	       0	       1	       1	       1	       0	      -1	       0	       0	       0	       1	       1	       0	       1	       1	       0	       0	       1	      -1	       1	       0	       0	       0	      -1	       0	      -1	       0	       1	       1	       1	       0	      -1	       1	       1	       0	      -1	      -1	       1	       1	
test 5        1	       1	       1	       1	       1	       1	       1	       1	       1	       1	       1	       1	       0	       1	       1	       1	       1	       1	       1	       1	       1	       1	       1	       1	       1	       1	       1	       1	       1	       1	       1	       1	       1	       1	       1	       1	       1	       0	       1	       1	       1	      -1	      -1	      -1	      -1	      -1	      -1	       1	       1	       1	       1	       1	       1	       1	       1	       1	       1	       1	       1	       1	       1	       1	       1	       1	       1	       1	       1	       1	       1	       1	       1	       1	       1	       0	       1	       1	       1	       1	       1	       1	       1	       1	       1	       1	       1	       1	      -1	       1	       0	       1	       1	       1	       1	       1	       1	       1	       1	       1	       1	       1	       1	       1	       1	       1	       1	       1	       1	       1	       1	       1	       1	       1	       1	       1	       1	       1	       1	       1	       1	       1	       1	       1	      -1	       0	       1	       1	       1	      -1	       1	       1	       1	       1	       1	       1	       1	       1	       1	       1	       1	       1	       1	       1	       1	       1	       1	       1	       1	       1	       1	       1	       1	       1	       1	       1	       1	       1	       1	       0	       1	       1	       1	       1	       1	       1	       1	       1	       1	       1	       1	       1	       1	       1	       1	       1	       1	       1	       1	       0	       1	       1	       1	       1	       1	       1	       1	       1	       1	       1	       1	       1	       1	       1	       1	       1	       1	       1	       1	       1	       0	       1	       1	       1	       1	       1	       1	       1	       1	       1	       1	       1	       1	       1	       1	       1	       1	       1	       1	       1	       1	       1	       1	       1	       0	       1	       1	       1	       1	       0	       1	       1	       1	       1	       1	       1	       1	       1	       1	       1	       1	       1	       1	
------
confusion matrix:
[[ 89 166 130]
 [ 75 174  98]
 [136 320 258]]
macro f1: 0.3451449826880933
micro f1: 0.3603042876901798
weighted f1: 0.3304012417793274
class -1 f1: 0.25985401459854013
class  0 f1: 0.3455809334657398
class  1 f1: 0.43
average label-wise acc: 36.03%



======
gcvB
=====


before pretrain
--------------------
label        0	       1	       2	       3	       4	       5	       6	       7	       8	       9	      10	      11	      12	      13	      14	      15	      16	      17	      18	      19	      20	      21	      22	      23	      24	      25	      26	      27	      28	      29	      30	      31	      32	      33	      34	      35	      36	      37	      38	      39	      40	      41	      42	      43	      44	      45	      46	      47	      48	      49	      50	      51	      52	      53	      54	      55	      56	      57	      58	      59	      60	      61	      62	      63	      64	      65	      66	      67	      68	      69	      70	      71	      72	      73	      74	      75	      76	      77	      78	      79	      80	      81	      82	      83	      84	      85	      86	      87	      88	      89	      90	      91	      92	      93	      94	      95	      96	      97	      98	      99	     100	     101	     102	     103	     104	     105	     106	     107	     108	     109	     110	     111	     112	     113	     114	     115	     116	     117	     118	     119	     120	     121	     122	     123	     124	     125	     126	     127	     128	     129	     130	     131	     132	     133	     134	     135	     136	     137	     138	     139	     140	     141	     142	     143	     144	     145	     146	     147	     148	     149	     150	     151	     152	     153	     154	     155	     156	     157	     158	     159	     160	     161	     162	     163	     164	     165	     166	     167	     168	     169	     170	     171	     172	     173	     174	     175	     176	     177	     178	     179	     180	     181	     182	     183	     184	     185	     186	     187	     188	     189	     190	     191	     192	     193	     194	     195	     196	     197	     198	     199	     200	     201	     202	     203	     204	     205	     206	     207	     208	     209	     210	     211	     212	     213	     214	     215	     216	     217	     218	     219	     220	     221	     222	     223	     224	     225	     226	     227	     228	     229	     230	     231	     232	     233	     234	     235	     236	     237	     238	     239	     240	
   acc   66.67%	  33.33%	  16.67%	  50.00%	  50.00%	  33.33%	   0.00%	  66.67%	  16.67%	  33.33%	  16.67%	   0.00%	  33.33%	  66.67%	  16.67%	  33.33%	  66.67%	  16.67%	  66.67%	  66.67%	  50.00%	  50.00%	  16.67%	  33.33%	  16.67%	  50.00%	  33.33%	  33.33%	  83.33%	  16.67%	   0.00%	  33.33%	  66.67%	  50.00%	  16.67%	  33.33%	  33.33%	  33.33%	  33.33%	  66.67%	   0.00%	 100.00%	   0.00%	   0.00%	   0.00%	 100.00%	 100.00%	  33.33%	  66.67%	  33.33%	  50.00%	  83.33%	  16.67%	  33.33%	  33.33%	  16.67%	   0.00%	   0.00%	  16.67%	  16.67%	  33.33%	  66.67%	  33.33%	   0.00%	   0.00%	  33.33%	   0.00%	   0.00%	  66.67%	  33.33%	  66.67%	  66.67%	  33.33%	  16.67%	  33.33%	  50.00%	   0.00%	  83.33%	  16.67%	   0.00%	  16.67%	  66.67%	  33.33%	  33.33%	  33.33%	   0.00%	   0.00%	  16.67%	  16.67%	  33.33%	  33.33%	  50.00%	  16.67%	  16.67%	  16.67%	  50.00%	 100.00%	  66.67%	  16.67%	   0.00%	  66.67%	  66.67%	  33.33%	   0.00%	   0.00%	  33.33%	   0.00%	  16.67%	  66.67%	   0.00%	  33.33%	   0.00%	  66.67%	   0.00%	  50.00%	  33.33%	  16.67%	  33.33%	  16.67%	   0.00%	   0.00%	  66.67%	  50.00%	  16.67%	  33.33%	  33.33%	  33.33%	 100.00%	  33.33%	   0.00%	  50.00%	  66.67%	  83.33%	  33.33%	  33.33%	  33.33%	  33.33%	  66.67%	 100.00%	  33.33%	  33.33%	  16.67%	   0.00%	  33.33%	  83.33%	  33.33%	  33.33%	  33.33%	  33.33%	  16.67%	  66.67%	  16.67%	   0.00%	  50.00%	   0.00%	   0.00%	   0.00%	  16.67%	  16.67%	   0.00%	  50.00%	   0.00%	   0.00%	   0.00%	  33.33%	  33.33%	  50.00%	  33.33%	  33.33%	  33.33%	  33.33%	  33.33%	  16.67%	  16.67%	  66.67%	  33.33%	  83.33%	 100.00%	  33.33%	  16.67%	   0.00%	  33.33%	  50.00%	  33.33%	  66.67%	  33.33%	  33.33%	   0.00%	   0.00%	  66.67%	  66.67%	   0.00%	  33.33%	  66.67%	  33.33%	  16.67%	  50.00%	  50.00%	  33.33%	  66.67%	   0.00%	   0.00%	  16.67%	  66.67%	  33.33%	  33.33%	  33.33%	   0.00%	  33.33%	  33.33%	  66.67%	  66.67%	  33.33%	  16.67%	  33.33%	  16.67%	  66.67%	  66.67%	  16.67%	  16.67%	  33.33%	  33.33%	  66.67%	  50.00%	  66.67%	  33.33%	  50.00%	   0.00%	  66.67%	  33.33%	   0.00%	  16.67%	  16.67%	  33.33%	  33.33%	  33.33%	  66.67%	   0.00%	  33.33%	  16.67%	  33.33%	
    f1   0.2667	  0.2500	  0.0952	  0.2222	  0.2222	  0.1667	  0.0000	  0.4000	  0.0952	  0.1667	  0.0952	  0.0000	  0.1667	  0.4000	  0.0952	  0.2500	  0.4000	  0.0952	  0.4000	  0.4000	  0.2222	  0.2222	  0.0952	  0.1667	  0.0952	  0.3333	  0.1667	  0.1667	  0.4545	  0.0952	  0.0000	  0.1667	  0.4000	  0.2222	  0.0952	  0.2500	  0.1667	  0.1667	  0.1667	  0.4000	  0.0000	  1.0000	  0.0000	  0.0000	  0.0000	  1.0000	  1.0000	  0.2500	  0.4000	  0.1667	  0.2222	  0.4545	  0.0952	  0.2500	  0.1667	  0.0952	  0.0000	  0.0000	  0.0952	  0.0952	  0.2500	  0.4000	  0.2500	  0.0000	  0.0000	  0.1667	  0.0000	  0.0000	  0.4000	  0.1667	  0.4000	  0.4000	  0.1667	  0.0952	  0.1667	  0.2222	  0.0000	  0.4545	  0.0952	  0.0000	  0.0952	  0.4000	  0.1667	  0.1667	  0.2500	  0.0000	  0.0000	  0.0952	  0.0952	  0.1667	  0.1667	  0.2222	  0.1429	  0.1429	  0.0952	  0.3333	  1.0000	  0.4000	  0.0952	  0.0000	  0.4000	  0.4000	  0.1667	  0.0000	  0.0000	  0.2500	  0.0000	  0.0952	  0.4000	  0.0000	  0.1667	  0.0000	  0.4000	  0.0000	  0.2222	  0.2500	  0.0952	  0.1667	  0.0952	  0.0000	  0.0000	  0.4000	  0.2222	  0.0952	  0.2500	  0.1667	  0.2500	  1.0000	  0.2500	  0.0000	  0.2222	  0.4000	  0.4545	  0.1667	  0.2500	  0.1667	  0.1667	  0.4000	  1.0000	  0.1667	  0.1667	  0.0952	  0.0000	  0.1667	  0.4545	  0.1667	  0.1667	  0.1667	  0.1667	  0.0952	  0.4000	  0.1429	  0.0000	  0.2222	  0.0000	  0.0000	  0.0000	  0.1429	  0.0952	  0.0000	  0.2222	  0.0000	  0.0000	  0.0000	  0.2500	  0.2500	  0.2222	  0.1667	  0.1667	  0.1667	  0.2500	  0.2500	  0.0952	  0.0952	  0.4000	  0.2500	  0.4545	  1.0000	  0.2500	  0.0952	  0.0000	  0.2500	  0.2222	  0.2500	  0.4000	  0.2500	  0.2500	  0.0000	  0.0000	  0.4000	  0.4000	  0.0000	  0.2500	  0.4000	  0.1667	  0.0952	  0.2222	  0.2222	  0.2500	  0.4000	  0.0000	  0.0000	  0.0952	  0.2667	  0.2500	  0.1667	  0.1667	  0.0000	  0.1667	  0.1667	  0.4000	  0.4000	  0.1667	  0.0952	  0.1667	  0.0952	  0.4000	  0.4000	  0.0952	  0.0952	  0.2500	  0.2500	  0.4000	  0.2222	  0.4000	  0.2500	  0.2222	  0.0000	  0.4000	  0.2500	  0.0000	  0.0952	  0.0952	  0.2500	  0.1667	  0.1667	  0.4000	  0.0000	  0.1667	  0.0952	  0.2500	
pred 0        1	       1	      -1	      -1	       0	       0	       0	       0	      -1	      -1	      -1	       0	       0	      -1	       0	       1	      -1	      -1	      -1	      -1	      -1	      -1	      -1	       1	      -1	       0	       0	       0	       0	      -1	       0	       1	      -1	       0	       0	       1	       1	       1	       1	      -1	       0	      -1	       0	       1	       0	      -1	      -1	       1	      -1	      -1	      -1	       0	       1	       1	       0	      -1	      -1	       0	      -1	      -1	       1	      -1	       1	       0	       0	       1	       1	       1	      -1	       1	      -1	      -1	      -1	       1	       1	       0	       1	       0	       0	       1	       1	      -1	      -1	       0	       1	       1	       1	       1	       1	       1	       1	      -1	      -1	      -1	       0	      -1	       0	       1	       0	       0	      -1	      -1	       1	       0	       0	       1	       0	       0	      -1	       0	       1	       0	      -1	       0	      -1	       1	       0	       1	       0	       0	       0	      -1	      -1	       0	       1	       1	       1	      -1	       1	       0	      -1	       0	       0	       0	       0	       1	       0	      -1	       0	       0	       1	      -1	       0	       1	       1	       0	       1	      -1	       1	       0	       0	       1	       1	      -1	       1	      -1	       0	       1	      -1	       0	       0	      -1	      -1	       1	       1	       1	       0	       1	       1	       1	       1	       1	       0	      -1	       0	       1	       0	       0	       1	      -1	       0	       1	      -1	       1	      -1	       1	       1	       0	       1	      -1	      -1	       0	       1	      -1	       0	      -1	       0	       0	       1	       0	       1	      -1	      -1	      -1	       0	       0	       1	      -1	       1	       1	       0	       0	       1	      -1	       1	       0	      -1	       0	       0	      -1	       1	       1	       0	      -1	      -1	       1	       0	       1	       0	       1	       0	      -1	      -1	       1	       1	       1	       0	      -1	      -1	      -1	       1	
test 0        1	       1	       1	       1	       1	       1	       1	       1	       1	       1	       1	       1	       1	       1	       1	       1	       1	       1	       1	       1	       1	       1	       1	       1	       0	       0	       1	       1	       0	       1	       1	       1	       1	       1	       1	       1	       1	       1	       1	       1	       1	      -1	      -1	      -1	      -1	      -1	      -1	       1	       1	       1	       1	       0	       0	       1	       1	       1	       1	       1	       1	       1	       1	       1	       1	       1	       1	       1	       0	       0	       1	       1	       1	       1	       0	       0	       1	       1	       0	       0	       1	       0	       0	       1	       1	       1	       1	       0	      -1	       0	       0	       1	       1	       1	       0	       0	       1	       0	       0	       1	       1	       1	       1	       1	       1	       1	       1	       1	       1	       1	       1	       1	       1	       1	       1	       1	       1	       1	       1	       1	       1	       1	       1	       1	       1	       1	       1	       1	       1	      -1	       1	       1	       1	       1	       0	       1	       0	       1	       1	       1	       0	       1	       1	       1	       1	       1	       1	       1	       1	       1	       1	       0	       1	       0	       0	       1	       0	       1	       1	       0	       1	       1	       1	       1	       1	       0	       1	       1	       1	       1	       1	       1	       1	       1	       1	       1	       1	       1	       0	       0	       1	       1	       1	       1	       1	       1	       1	       1	       1	       1	       0	       1	       1	       1	       1	       1	       1	       1	       1	       1	       1	       1	       0	       0	       1	       0	       1	       1	       1	       0	       1	       1	       1	       1	       1	       1	       1	       1	       1	       1	       1	       1	       1	       1	       1	       1	       1	       1	       1	       0	       1	       1	       1	       1	       1	       1	       1	       1	       1	       0	       1	       1	       1	
pred 1        1	       1	      -1	      -1	       0	       0	       0	       0	      -1	      -1	      -1	       0	       0	      -1	       0	       1	      -1	      -1	      -1	      -1	      -1	      -1	      -1	       1	      -1	       0	       0	       0	       0	      -1	       0	       1	      -1	       0	       0	       1	       1	       1	       1	      -1	       0	      -1	       0	       1	       0	      -1	      -1	       1	      -1	      -1	      -1	       0	       1	       1	       0	      -1	      -1	       0	      -1	      -1	       1	      -1	       1	       0	       0	       1	       1	       1	      -1	       1	      -1	      -1	      -1	       1	       1	       0	       1	       0	       0	       1	       1	      -1	      -1	       0	       1	       1	       1	       1	       1	       1	       1	      -1	      -1	      -1	       0	      -1	       0	       1	       0	       0	      -1	      -1	       1	       0	       0	       1	       0	       0	      -1	       0	       1	       0	      -1	       0	      -1	       1	       0	       1	       0	       0	       0	      -1	      -1	       0	       1	       1	       1	      -1	       1	       0	      -1	       0	       0	       0	       0	       1	       0	      -1	       0	       0	       1	      -1	       0	       1	       1	       0	       1	      -1	       1	       0	       0	       1	       1	      -1	       1	      -1	       0	       1	      -1	       0	       0	      -1	      -1	       1	       1	       1	       0	       1	       1	       1	       1	       1	       0	      -1	       0	       1	       0	       0	       1	      -1	       0	       1	      -1	       1	      -1	       1	       1	       0	       1	      -1	      -1	       0	       1	      -1	       0	      -1	       0	       0	       1	       0	       1	      -1	      -1	      -1	       0	       0	       1	      -1	       1	       1	       0	       0	       1	      -1	       1	       0	      -1	       0	       0	      -1	       1	       1	       0	      -1	      -1	       1	       0	       1	       0	       1	       0	      -1	      -1	       1	       1	       1	       0	      -1	      -1	      -1	       1	
test 1        1	       1	       1	       1	       1	       1	       1	       1	       1	       1	       1	       1	       1	       1	       1	       1	       1	       1	       1	       1	       1	       1	       1	       1	       1	       0	       1	       1	       1	       1	       1	       1	       1	       1	       1	       1	       1	       1	       1	       1	       1	      -1	      -1	      -1	      -1	      -1	      -1	       1	       1	       1	       1	       1	       1	       1	       1	       1	       1	       1	       1	       1	       1	       1	       1	       1	       1	       1	       0	       0	       1	       1	       1	       1	       1	       1	       1	       1	       0	       0	       1	       0	       1	       1	       1	       1	       1	       0	      -1	       1	       1	       1	       1	       1	       0	       0	       1	       0	       0	       1	       1	       1	       1	       1	       1	       1	       1	       1	       1	       1	       1	       1	       1	       1	       1	       1	       1	       1	       1	       1	       1	       1	       1	       1	       1	       1	       1	       1	       1	      -1	       1	       1	       1	       1	       0	       1	       0	       1	       1	       1	       0	       1	       1	       1	       1	       1	       1	       1	       1	       1	       1	       1	       1	       1	       0	       1	       0	       0	       1	       1	       1	       1	       1	       1	       1	       0	       1	       1	       1	       1	       1	       1	       1	       1	       1	       1	       1	       1	       1	       0	       1	       1	       1	       1	       1	       1	       1	       1	       1	       1	       0	       1	       1	       1	       1	       1	       1	       1	       1	       1	       1	       1	       0	       0	       1	       1	       1	       1	       1	       1	       1	       1	       1	       1	       1	       1	       1	       1	       1	       1	       1	       1	       1	       1	       1	       1	       1	       1	       1	       0	       1	       1	       1	       1	       1	       1	       1	       1	       1	       0	       1	       1	       1	
pred 2        1	       1	      -1	      -1	       0	       0	       0	       0	      -1	      -1	      -1	       0	       0	      -1	       0	       1	      -1	      -1	      -1	      -1	      -1	      -1	      -1	       1	      -1	       0	       0	       0	       0	      -1	       0	       1	      -1	       0	       0	       1	       1	       1	       1	      -1	       0	      -1	       0	       1	       0	      -1	      -1	       1	      -1	      -1	      -1	       0	       1	       1	       0	      -1	      -1	       0	      -1	      -1	       1	      -1	       1	       0	       0	       1	       1	       1	      -1	       1	      -1	      -1	      -1	       1	       1	       0	       1	       0	       0	       1	       1	      -1	      -1	       0	       1	       1	       1	       1	       1	       1	       1	      -1	      -1	      -1	       0	      -1	       0	       1	       0	       0	      -1	      -1	       1	       0	       0	       1	       0	       0	      -1	       0	       1	       0	      -1	       0	      -1	       1	       0	       1	       0	       0	       0	      -1	      -1	       0	       1	       1	       1	      -1	       1	       0	      -1	       0	       0	       0	       0	       1	       0	      -1	       0	       0	       1	      -1	       0	       1	       1	       0	       1	      -1	       1	       0	       0	       1	       1	      -1	       1	      -1	       0	       1	      -1	       0	       0	      -1	      -1	       1	       1	       1	       0	       1	       1	       1	       1	       1	       0	      -1	       0	       1	       0	       0	       1	      -1	       0	       1	      -1	       1	      -1	       1	       1	       0	       1	      -1	      -1	       0	       1	      -1	       0	      -1	       0	       0	       1	       0	       1	      -1	      -1	      -1	       0	       0	       1	      -1	       1	       1	       0	       0	       1	      -1	       1	       0	      -1	       0	       0	      -1	       1	       1	       0	      -1	      -1	       1	       0	       1	       0	       1	       0	      -1	      -1	       1	       1	       1	       0	      -1	      -1	      -1	       1	
test 2        1	       0	       0	       0	       0	       0	      -1	       0	       0	      -1	       0	      -1	       0	      -1	       0	      -1	      -1	       0	      -1	      -1	       0	       0	       0	       0	       0	      -1	       0	      -1	       0	       0	      -1	       0	      -1	       0	       0	      -1	       0	       0	       0	      -1	      -1	      -1	      -1	      -1	      -1	      -1	      -1	      -1	      -1	      -1	      -1	       0	      -1	      -1	      -1	       0	       0	      -1	       0	       0	      -1	      -1	       0	      -1	      -1	       0	       0	       0	      -1	       0	      -1	      -1	       0	      -1	       0	       0	       0	       0	      -1	       0	       0	      -1	       0	       0	      -1	       0	      -1	      -1	       0	       0	       0	       0	       0	       0	      -1	      -1	       0	      -1	       0	      -1	      -1	      -1	       0	      -1	      -1	      -1	      -1	      -1	      -1	      -1	       0	      -1	      -1	      -1	       0	      -1	       0	       0	      -1	      -1	      -1	      -1	       0	       0	      -1	       0	      -1	      -1	      -1	      -1	       0	       0	       0	       0	      -1	       0	       0	      -1	       0	       0	       0	       0	      -1	       0	       1	      -1	      -1	       0	       0	      -1	       0	       0	       0	       0	       0	       0	      -1	       0	       0	      -1	       0	       0	       0	       0	      -1	      -1	       0	       0	       0	      -1	      -1	      -1	       0	       0	       0	      -1	       0	       0	      -1	       0	      -1	      -1	       0	      -1	      -1	      -1	      -1	      -1	      -1	      -1	      -1	      -1	       0	      -1	       0	       0	       0	       0	       0	       0	       0	       0	       1	      -1	       0	      -1	       0	       0	       0	       0	       0	       0	       0	       0	       0	       0	      -1	       0	       0	       0	       0	      -1	       0	      -1	      -1	       0	       0	       0	       0	      -1	      -1	       0	       0	       0	       0	       0	       0	       0	       0	       0	      -1	
pred 3        1	       1	      -1	      -1	       0	       0	       0	       0	      -1	      -1	      -1	       0	       0	      -1	       0	       1	      -1	      -1	      -1	      -1	      -1	      -1	      -1	       1	      -1	       0	       0	       0	       0	      -1	       0	       1	      -1	       0	       0	       1	       1	       1	       1	      -1	       0	      -1	       0	       1	       0	      -1	      -1	       1	      -1	      -1	      -1	       0	       1	       1	       0	      -1	      -1	       0	      -1	      -1	       1	      -1	       1	       0	       0	       1	       1	       1	      -1	       1	      -1	      -1	      -1	       1	       1	       0	       1	       0	       0	       1	       1	      -1	      -1	       0	       1	       1	       1	       1	       1	       1	       1	      -1	      -1	      -1	       0	      -1	       0	       1	       0	       0	      -1	      -1	       1	       0	       0	       1	       0	       0	      -1	       0	       1	       0	      -1	       0	      -1	       1	       0	       1	       0	       0	       0	      -1	      -1	       0	       1	       1	       1	      -1	       1	       0	      -1	       0	       0	       0	       0	       1	       0	      -1	       0	       0	       1	      -1	       0	       1	       1	       0	       1	      -1	       1	       0	       0	       1	       1	      -1	       1	      -1	       0	       1	      -1	       0	       0	      -1	      -1	       1	       1	       1	       0	       1	       1	       1	       1	       1	       0	      -1	       0	       1	       0	       0	       1	      -1	       0	       1	      -1	       1	      -1	       1	       1	       0	       1	      -1	      -1	       0	       1	      -1	       0	      -1	       0	       0	       1	       0	       1	      -1	      -1	      -1	       0	       0	       1	      -1	       1	       1	       0	       0	       1	      -1	       1	       0	      -1	       0	       0	      -1	       1	       1	       0	      -1	      -1	       1	       0	       1	       0	       1	       0	      -1	      -1	       1	       1	       1	       0	      -1	      -1	      -1	       1	
test 3       -1	       0	      -1	      -1	      -1	      -1	      -1	       0	      -1	      -1	      -1	      -1	       0	      -1	      -1	      -1	      -1	      -1	      -1	      -1	      -1	      -1	      -1	      -1	      -1	      -1	      -1	      -1	       0	      -1	      -1	      -1	      -1	      -1	      -1	      -1	      -1	      -1	      -1	      -1	      -1	      -1	      -1	      -1	      -1	      -1	      -1	      -1	      -1	      -1	      -1	       0	      -1	      -1	      -1	      -1	       0	      -1	      -1	      -1	      -1	      -1	       0	      -1	      -1	      -1	       0	       0	      -1	      -1	      -1	      -1	      -1	      -1	      -1	      -1	       0	      -1	      -1	       0	      -1	      -1	      -1	      -1	      -1	       0	      -1	      -1	      -1	      -1	      -1	      -1	      -1	      -1	      -1	      -1	       0	      -1	      -1	      -1	      -1	      -1	      -1	      -1	      -1	      -1	      -1	      -1	      -1	      -1	      -1	      -1	      -1	      -1	      -1	      -1	      -1	      -1	      -1	      -1	      -1	      -1	      -1	      -1	      -1	      -1	      -1	      -1	      -1	      -1	      -1	       0	      -1	      -1	      -1	      -1	      -1	      -1	       0	      -1	      -1	      -1	      -1	      -1	       0	      -1	      -1	      -1	      -1	      -1	       0	       0	       0	      -1	       0	       0	      -1	       0	      -1	      -1	      -1	       0	       0	       0	      -1	      -1	      -1	      -1	      -1	      -1	      -1	      -1	      -1	      -1	       0	      -1	       0	       0	      -1	      -1	      -1	      -1	      -1	      -1	      -1	      -1	      -1	      -1	      -1	      -1	      -1	      -1	       0	      -1	      -1	      -1	      -1	      -1	       0	       0	       0	       0	      -1	      -1	       0	      -1	      -1	       0	      -1	      -1	       0	       0	      -1	      -1	      -1	      -1	      -1	       0	      -1	      -1	       0	      -1	       0	      -1	      -1	       0	      -1	       0	       0	      -1	      -1	      -1	      -1	       0	      -1	      -1	       0	       0	      -1	      -1	      -1	
pred 4        1	       1	      -1	      -1	       0	       0	       0	       0	      -1	      -1	      -1	       0	       0	      -1	       0	       1	      -1	      -1	      -1	      -1	      -1	      -1	      -1	       1	      -1	       0	       0	       0	       0	      -1	       0	       1	      -1	       0	       0	       1	       1	       1	       1	      -1	       0	      -1	       0	       1	       0	      -1	      -1	       1	      -1	      -1	      -1	       0	       1	       1	       0	      -1	      -1	       0	      -1	      -1	       1	      -1	       1	       0	       0	       1	       1	       1	      -1	       1	      -1	      -1	      -1	       1	       1	       0	       1	       0	       0	       1	       1	      -1	      -1	       0	       1	       1	       1	       1	       1	       1	       1	      -1	      -1	      -1	       0	      -1	       0	       1	       0	       0	      -1	      -1	       1	       0	       0	       1	       0	       0	      -1	       0	       1	       0	      -1	       0	      -1	       1	       0	       1	       0	       0	       0	      -1	      -1	       0	       1	       1	       1	      -1	       1	       0	      -1	       0	       0	       0	       0	       1	       0	      -1	       0	       0	       1	      -1	       0	       1	       1	       0	       1	      -1	       1	       0	       0	       1	       1	      -1	       1	      -1	       0	       1	      -1	       0	       0	      -1	      -1	       1	       1	       1	       0	       1	       1	       1	       1	       1	       0	      -1	       0	       1	       0	       0	       1	      -1	       0	       1	      -1	       1	      -1	       1	       1	       0	       1	      -1	      -1	       0	       1	      -1	       0	      -1	       0	       0	       1	       0	       1	      -1	      -1	      -1	       0	       0	       1	      -1	       1	       1	       0	       0	       1	      -1	       1	       0	      -1	       0	       0	      -1	       1	       1	       0	      -1	      -1	       1	       0	       1	       0	       1	       0	      -1	      -1	       1	       1	       1	       0	      -1	      -1	      -1	       1	
test 4        0	       0	       0	      -1	       0	      -1	      -1	       0	       0	       0	       0	      -1	      -1	      -1	      -1	      -1	      -1	       0	      -1	      -1	      -1	      -1	       0	      -1	       0	      -1	      -1	       0	       0	       0	      -1	       0	      -1	       0	      -1	      -1	      -1	       0	      -1	      -1	      -1	      -1	      -1	      -1	      -1	      -1	      -1	      -1	      -1	       0	      -1	       0	      -1	      -1	       0	       0	       0	      -1	       0	       0	      -1	      -1	       0	      -1	      -1	       0	       0	       0	      -1	       0	      -1	      -1	      -1	       0	       0	       0	       0	       0	      -1	       0	       0	      -1	      -1	      -1	      -1	       0	      -1	      -1	       0	      -1	      -1	      -1	       0	       0	       0	       0	       0	       1	      -1	      -1	      -1	      -1	       0	      -1	      -1	      -1	      -1	      -1	      -1	      -1	      -1	      -1	      -1	      -1	      -1	      -1	      -1	      -1	      -1	      -1	      -1	      -1	      -1	      -1	      -1	      -1	      -1	      -1	      -1	      -1	      -1	       0	       0	      -1	      -1	      -1	      -1	      -1	       0	      -1	      -1	       0	      -1	       0	       1	       0	      -1	      -1	      -1	      -1	       0	       0	       0	      -1	       0	       0	      -1	       0	       0	      -1	       0	       0	       0	       0	      -1	      -1	       0	       0	      -1	      -1	      -1	      -1	      -1	       0	       0	      -1	       0	       0	      -1	       0	      -1	      -1	      -1	      -1	      -1	      -1	      -1	      -1	      -1	      -1	      -1	      -1	       0	      -1	      -1	       0	       0	       0	       0	       0	       0	       0	       0	      -1	       1	       0	       0	       0	      -1	       0	       0	       0	      -1	       0	       0	      -1	      -1	       0	      -1	       0	       0	      -1	       0	      -1	      -1	       0	       0	       0	       0	      -1	      -1	       0	       0	       0	      -1	      -1	       0	       0	      -1	       0	      -1	
pred 5        1	       1	      -1	      -1	       0	       0	       0	       0	      -1	      -1	      -1	       0	       0	      -1	       0	       1	      -1	      -1	      -1	      -1	      -1	      -1	      -1	       1	      -1	       0	       0	       0	       0	      -1	       0	       1	      -1	       0	       0	       1	       1	       1	       1	      -1	       0	      -1	       0	       1	       0	      -1	      -1	       1	      -1	      -1	      -1	       0	       1	       1	       0	      -1	      -1	       0	      -1	      -1	       1	      -1	       1	       0	       0	       1	       1	       1	      -1	       1	      -1	      -1	      -1	       1	       1	       0	       1	       0	       0	       1	       1	      -1	      -1	       0	       1	       1	       1	       1	       1	       1	       1	      -1	      -1	      -1	       0	      -1	       0	       1	       0	       0	      -1	      -1	       1	       0	       0	       1	       0	       0	      -1	       0	       1	       0	      -1	       0	      -1	       1	       0	       1	       0	       0	       0	      -1	      -1	       0	       1	       1	       1	      -1	       1	       0	      -1	       0	       0	       0	       0	       1	       0	      -1	       0	       0	       1	      -1	       0	       1	       1	       0	       1	      -1	       1	       0	       0	       1	       1	      -1	       1	      -1	       0	       1	      -1	       0	       0	      -1	      -1	       1	       1	       1	       0	       1	       1	       1	       1	       1	       0	      -1	       0	       1	       0	       0	       1	      -1	       0	       1	      -1	       1	      -1	       1	       1	       0	       1	      -1	      -1	       0	       1	      -1	       0	      -1	       0	       0	       1	       0	       1	      -1	      -1	      -1	       0	       0	       1	      -1	       1	       1	       0	       0	       1	      -1	       1	       0	      -1	       0	       0	      -1	       1	       1	       0	      -1	      -1	       1	       0	       1	       0	       1	       0	      -1	      -1	       1	       1	       1	       0	      -1	      -1	      -1	       1	
test 5        1	       0	       0	      -1	       0	       0	      -1	       0	       0	       0	       0	      -1	      -1	      -1	      -1	      -1	      -1	       0	      -1	      -1	      -1	      -1	       0	      -1	       0	       0	       0	       0	       0	       0	      -1	       0	      -1	       0	      -1	      -1	      -1	       0	       0	      -1	      -1	      -1	      -1	      -1	      -1	      -1	      -1	      -1	      -1	       0	       0	       0	      -1	      -1	       0	       0	       0	      -1	       0	       0	      -1	      -1	       0	      -1	      -1	       0	       0	       0	      -1	       0	      -1	      -1	       0	       0	       0	       0	       0	       0	       0	       0	       0	      -1	       0	       0	      -1	       0	      -1	       0	       0	      -1	       0	      -1	       0	       0	      -1	      -1	       0	       1	      -1	      -1	      -1	      -1	       0	      -1	      -1	      -1	      -1	       0	      -1	      -1	      -1	      -1	      -1	      -1	      -1	      -1	      -1	       0	       0	      -1	      -1	      -1	      -1	      -1	      -1	       0	      -1	      -1	      -1	      -1	      -1	       0	       0	       0	      -1	       0	       0	      -1	       0	       0	      -1	       0	      -1	       0	       1	       0	       0	       0	       0	      -1	       0	       0	       0	      -1	       0	       0	      -1	       0	       0	      -1	       0	       0	       0	       0	      -1	      -1	       0	       0	      -1	       0	      -1	      -1	       1	       0	       0	      -1	       0	       0	      -1	       0	      -1	      -1	      -1	      -1	      -1	      -1	      -1	      -1	      -1	      -1	      -1	      -1	       0	      -1	       0	       0	       0	       0	       0	       0	       0	       0	       0	      -1	       1	       0	       0	       0	       0	       0	       0	       0	      -1	       0	       0	      -1	      -1	       0	      -1	       0	       0	      -1	       0	       0	      -1	       0	       0	       0	       0	      -1	      -1	       0	       0	       0	       0	      -1	       0	       0	       0	       0	      -1	
------
confusion matrix:
[[195 188 183]
 [135 155 175]
 [132 143 140]]
macro f1: 0.3373437876002751
micro f1: 0.338865836791148
weighted f1: 0.33353862166404724
class -1 f1: 0.37937743190661477
class  0 f1: 0.32597266035751843
class  1 f1: 0.3066812705366922
average label-wise acc: 33.89%


after pretrain
--------------------
label        0	       1	       2	       3	       4	       5	       6	       7	       8	       9	      10	      11	      12	      13	      14	      15	      16	      17	      18	      19	      20	      21	      22	      23	      24	      25	      26	      27	      28	      29	      30	      31	      32	      33	      34	      35	      36	      37	      38	      39	      40	      41	      42	      43	      44	      45	      46	      47	      48	      49	      50	      51	      52	      53	      54	      55	      56	      57	      58	      59	      60	      61	      62	      63	      64	      65	      66	      67	      68	      69	      70	      71	      72	      73	      74	      75	      76	      77	      78	      79	      80	      81	      82	      83	      84	      85	      86	      87	      88	      89	      90	      91	      92	      93	      94	      95	      96	      97	      98	      99	     100	     101	     102	     103	     104	     105	     106	     107	     108	     109	     110	     111	     112	     113	     114	     115	     116	     117	     118	     119	     120	     121	     122	     123	     124	     125	     126	     127	     128	     129	     130	     131	     132	     133	     134	     135	     136	     137	     138	     139	     140	     141	     142	     143	     144	     145	     146	     147	     148	     149	     150	     151	     152	     153	     154	     155	     156	     157	     158	     159	     160	     161	     162	     163	     164	     165	     166	     167	     168	     169	     170	     171	     172	     173	     174	     175	     176	     177	     178	     179	     180	     181	     182	     183	     184	     185	     186	     187	     188	     189	     190	     191	     192	     193	     194	     195	     196	     197	     198	     199	     200	     201	     202	     203	     204	     205	     206	     207	     208	     209	     210	     211	     212	     213	     214	     215	     216	     217	     218	     219	     220	     221	     222	     223	     224	     225	     226	     227	     228	     229	     230	     231	     232	     233	     234	     235	     236	     237	     238	     239	     240	
   acc   16.67%	  66.67%	  50.00%	  16.67%	  50.00%	  33.33%	   0.00%	  66.67%	  33.33%	  33.33%	  50.00%	   0.00%	  33.33%	   0.00%	  16.67%	   0.00%	   0.00%	  50.00%	   0.00%	   0.00%	  16.67%	  16.67%	  50.00%	  16.67%	  16.67%	  50.00%	  33.33%	  33.33%	  83.33%	  50.00%	  33.33%	  50.00%	   0.00%	  50.00%	  16.67%	   0.00%	  33.33%	  50.00%	  33.33%	   0.00%	   0.00%	   0.00%	   0.00%	   0.00%	   0.00%	   0.00%	   0.00%	   0.00%	   0.00%	  33.33%	  16.67%	  16.67%	  16.67%	   0.00%	  33.33%	  50.00%	   0.00%	   0.00%	  50.00%	  50.00%	   0.00%	   0.00%	  66.67%	   0.00%	  33.33%	  50.00%	 100.00%	 100.00%	   0.00%	  50.00%	   0.00%	   0.00%	  50.00%	  50.00%	  50.00%	  50.00%	 100.00%	  83.33%	  16.67%	 100.00%	  66.67%	  66.67%	  33.33%	  33.33%	   0.00%	 100.00%	   0.00%	  33.33%	  66.67%	  16.67%	  33.33%	  16.67%	  83.33%	  83.33%	  16.67%	  50.00%	 100.00%	   0.00%	  16.67%	   0.00%	   0.00%	   0.00%	  50.00%	   0.00%	   0.00%	   0.00%	   0.00%	  16.67%	   0.00%	   0.00%	  16.67%	   0.00%	   0.00%	   0.00%	  16.67%	   0.00%	  16.67%	  33.33%	  16.67%	   0.00%	   0.00%	   0.00%	  16.67%	  16.67%	   0.00%	  33.33%	   0.00%	   0.00%	   0.00%	   0.00%	  16.67%	  66.67%	  83.33%	  33.33%	  33.33%	  33.33%	  33.33%	   0.00%	 100.00%	  33.33%	  33.33%	  50.00%	   0.00%	  50.00%	   0.00%	  33.33%	  16.67%	  33.33%	  33.33%	  16.67%	  66.67%	  83.33%	 100.00%	  16.67%	 100.00%	  83.33%	   0.00%	  83.33%	  50.00%	   0.00%	  50.00%	  66.67%	  66.67%	 100.00%	   0.00%	   0.00%	  50.00%	  50.00%	  16.67%	  16.67%	   0.00%	   0.00%	  16.67%	  50.00%	  66.67%	   0.00%	  16.67%	 100.00%	   0.00%	  50.00%	   0.00%	   0.00%	  16.67%	   0.00%	   0.00%	   0.00%	   0.00%	   0.00%	  33.33%	   0.00%	  66.67%	   0.00%	  66.67%	   0.00%	  33.33%	  50.00%	  50.00%	  50.00%	  33.33%	  33.33%	   0.00%	   0.00%	  33.33%	  16.67%	  33.33%	  33.33%	  50.00%	  83.33%	  33.33%	  50.00%	  66.67%	  66.67%	  33.33%	  50.00%	  50.00%	  16.67%	   0.00%	  66.67%	  16.67%	  50.00%	  66.67%	   0.00%	  66.67%	  16.67%	   0.00%	  66.67%	  50.00%	   0.00%	  33.33%	   0.00%	   0.00%	  33.33%	  50.00%	  66.67%	  33.33%	  16.67%	  66.67%	   0.00%	  33.33%	  50.00%	   0.00%	
    f1   0.0952	  0.4000	  0.2222	  0.0952	  0.2222	  0.1667	  0.0000	  0.4000	  0.1667	  0.1667	  0.2222	  0.0000	  0.1667	  0.0000	  0.0952	  0.0000	  0.0000	  0.2222	  0.0000	  0.0000	  0.0952	  0.0952	  0.2222	  0.0952	  0.0952	  0.3333	  0.1667	  0.1667	  0.4545	  0.2222	  0.2500	  0.2222	  0.0000	  0.2222	  0.0952	  0.0000	  0.1667	  0.2222	  0.1667	  0.0000	  0.0000	  0.0000	  0.0000	  0.0000	  0.0000	  0.0000	  0.0000	  0.0000	  0.0000	  0.1667	  0.0952	  0.1429	  0.0952	  0.0000	  0.1667	  0.2222	  0.0000	  0.0000	  0.2222	  0.2222	  0.0000	  0.0000	  0.4000	  0.0000	  0.2500	  0.2222	  1.0000	  1.0000	  0.0000	  0.2222	  0.0000	  0.0000	  0.2222	  0.2222	  0.2222	  0.2222	  1.0000	  0.4545	  0.0952	  1.0000	  0.2667	  0.4000	  0.1667	  0.1667	  0.0000	  1.0000	  0.0000	  0.1667	  0.2667	  0.0952	  0.1667	  0.0952	  0.4545	  0.4545	  0.0952	  0.3333	  1.0000	  0.0000	  0.0952	  0.0000	  0.0000	  0.0000	  0.2222	  0.0000	  0.0000	  0.0000	  0.0000	  0.0952	  0.0000	  0.0000	  0.0952	  0.0000	  0.0000	  0.0000	  0.0952	  0.0000	  0.0952	  0.1667	  0.0952	  0.0000	  0.0000	  0.0000	  0.0952	  0.0952	  0.0000	  0.1667	  0.0000	  0.0000	  0.0000	  0.0000	  0.0952	  0.4000	  0.4545	  0.1667	  0.2500	  0.1667	  0.1667	  0.0000	  1.0000	  0.1667	  0.1667	  0.2222	  0.0000	  0.2222	  0.0000	  0.1667	  0.0952	  0.1667	  0.1667	  0.0952	  0.4000	  0.4545	  1.0000	  0.0952	  1.0000	  0.4545	  0.0000	  0.4545	  0.2222	  0.0000	  0.2222	  0.4000	  0.4000	  1.0000	  0.0000	  0.0000	  0.2222	  0.2222	  0.0952	  0.0952	  0.0000	  0.0000	  0.0952	  0.2222	  0.4000	  0.0000	  0.1429	  1.0000	  0.0000	  0.2222	  0.0000	  0.0000	  0.0952	  0.0000	  0.0000	  0.0000	  0.0000	  0.0000	  0.2500	  0.0000	  0.4000	  0.0000	  0.4000	  0.0000	  0.1667	  0.2222	  0.2222	  0.2222	  0.2500	  0.2500	  0.0000	  0.0000	  0.1667	  0.0952	  0.2500	  0.1667	  0.2222	  0.4545	  0.1667	  0.2222	  0.4000	  0.4000	  0.1667	  0.2222	  0.2222	  0.0952	  0.0000	  0.4000	  0.0952	  0.2222	  0.4000	  0.0000	  0.4000	  0.0952	  0.0000	  0.4000	  0.2222	  0.0000	  0.2500	  0.0000	  0.0000	  0.1667	  0.2222	  0.4000	  0.1667	  0.0952	  0.4000	  0.0000	  0.1667	  0.2222	  0.0000	
pred 0        0	       0	       0	       0	       0	       0	       0	       0	       1	       1	       0	       0	       0	       0	       0	       0	       0	       0	       0	       0	       0	       0	       0	       0	      -1	       0	       0	       0	       0	       0	       1	       0	       0	       0	       0	       0	       1	       0	       0	       0	       0	       0	       0	       0	       0	       0	       0	       0	       0	       0	       0	       1	       0	       0	       0	       0	      -1	       0	       0	       0	       0	       0	       0	       0	       1	       0	       0	       0	       0	       0	       0	       0	       0	       0	       0	       0	       0	       0	       0	       0	       0	      -1	       0	       0	       0	       0	       0	       0	       0	       0	       0	       0	       0	       0	       0	       0	       0	       0	       0	       0	       0	       0	       0	       0	       0	       0	       0	       0	       0	       0	       0	       0	       0	       0	       0	       0	       0	       0	       0	       0	       0	       0	       0	       0	       0	       0	       0	       1	       0	       0	       0	       0	       0	       0	       0	       0	       0	       0	       0	       1	       1	       0	       0	       0	      -1	       0	       0	       0	       0	       0	       0	       0	       0	       0	       0	       0	       0	       0	       0	       0	       0	       0	       0	       0	       0	       0	       0	       0	       0	       0	       0	       0	       0	       0	       0	       0	       1	       0	       0	       0	       0	       0	       0	       0	       0	       0	       0	       0	       0	       0	      -1	       0	       0	       0	       0	       0	       0	       0	       1	       1	       1	       1	       0	       0	       0	       0	       0	       0	       0	       0	       0	       0	       1	       0	       0	       0	       0	       0	       0	       0	       0	       0	       0	       0	       0	       0	       0	       1	       1	       0	       0	       1	       0	       0	       0	       0	       0	      -1	       0	       0	       0	
test 0        1	       1	       1	       1	       1	       1	       1	       1	       1	       1	       1	       1	       1	       1	       1	       1	       1	       1	       1	       1	       1	       1	       1	       1	       0	       0	       1	       1	       0	       1	       1	       1	       1	       1	       1	       1	       1	       1	       1	       1	       1	      -1	      -1	      -1	      -1	      -1	      -1	       1	       1	       1	       1	       0	       0	       1	       1	       1	       1	       1	       1	       1	       1	       1	       1	       1	       1	       1	       0	       0	       1	       1	       1	       1	       0	       0	       1	       1	       0	       0	       1	       0	       0	       1	       1	       1	       1	       0	      -1	       0	       0	       1	       1	       1	       0	       0	       1	       0	       0	       1	       1	       1	       1	       1	       1	       1	       1	       1	       1	       1	       1	       1	       1	       1	       1	       1	       1	       1	       1	       1	       1	       1	       1	       1	       1	       1	       1	       1	       1	      -1	       1	       1	       1	       1	       0	       1	       0	       1	       1	       1	       0	       1	       1	       1	       1	       1	       1	       1	       1	       1	       1	       0	       1	       0	       0	       1	       0	       1	       1	       0	       1	       1	       1	       1	       1	       0	       1	       1	       1	       1	       1	       1	       1	       1	       1	       1	       1	       1	       0	       0	       1	       1	       1	       1	       1	       1	       1	       1	       1	       1	       0	       1	       1	       1	       1	       1	       1	       1	       1	       1	       1	       1	       0	       0	       1	       0	       1	       1	       1	       0	       1	       1	       1	       1	       1	       1	       1	       1	       1	       1	       1	       1	       1	       1	       1	       1	       1	       1	       1	       0	       1	       1	       1	       1	       1	       1	       1	       1	       1	       0	       1	       1	       1	
pred 1        0	       0	       0	       0	       0	       0	       0	       0	       1	       1	       0	       0	       0	       0	       0	       0	       0	       0	       0	       0	       0	       0	       0	       0	      -1	       0	       0	       0	       0	       0	       1	       0	       0	       0	       0	       0	       1	       0	       0	       0	       0	       0	       0	       0	       0	       0	       0	       0	       0	       0	       0	       1	       0	       0	       0	       0	      -1	       0	       0	       0	       0	       0	       0	       0	       1	       0	       0	       0	       0	       0	       0	       0	       0	       0	       0	       0	       0	       0	       0	       0	       0	      -1	       0	       0	       0	       0	       0	       0	       0	       0	       0	       0	       0	       0	       0	       0	       0	       0	       0	       0	       0	       0	       0	       0	       0	       0	       0	       0	       0	       0	       0	       0	       0	       0	       0	       0	       0	       0	       0	       0	       0	       0	       0	       0	       0	       0	       0	       1	       0	       0	       0	       0	       0	       0	       0	       0	       0	       0	       0	       1	       1	       0	       0	       0	      -1	       0	       0	       0	       0	       0	       0	       0	       0	       0	       0	       0	       0	       0	       0	       0	       0	       0	       0	       0	       0	       0	       0	       0	       0	       0	       0	       0	       0	       0	       0	       0	       1	       0	       0	       0	       0	       0	       0	       0	       0	       0	       0	       0	       0	       0	      -1	       0	       0	       0	       0	       0	       0	       0	       1	       1	       1	       1	       0	       0	       0	       0	       0	       0	       0	       0	       0	       0	       1	       0	       0	       0	       0	       0	       0	       0	       0	       0	       0	       0	       0	       0	       0	       1	       1	       0	       0	       1	       0	       0	       0	       0	       0	      -1	       0	       0	       0	
test 1        1	       1	       1	       1	       1	       1	       1	       1	       1	       1	       1	       1	       1	       1	       1	       1	       1	       1	       1	       1	       1	       1	       1	       1	       1	       0	       1	       1	       1	       1	       1	       1	       1	       1	       1	       1	       1	       1	       1	       1	       1	      -1	      -1	      -1	      -1	      -1	      -1	       1	       1	       1	       1	       1	       1	       1	       1	       1	       1	       1	       1	       1	       1	       1	       1	       1	       1	       1	       0	       0	       1	       1	       1	       1	       1	       1	       1	       1	       0	       0	       1	       0	       1	       1	       1	       1	       1	       0	      -1	       1	       1	       1	       1	       1	       0	       0	       1	       0	       0	       1	       1	       1	       1	       1	       1	       1	       1	       1	       1	       1	       1	       1	       1	       1	       1	       1	       1	       1	       1	       1	       1	       1	       1	       1	       1	       1	       1	       1	       1	      -1	       1	       1	       1	       1	       0	       1	       0	       1	       1	       1	       0	       1	       1	       1	       1	       1	       1	       1	       1	       1	       1	       1	       1	       1	       0	       1	       0	       0	       1	       1	       1	       1	       1	       1	       1	       0	       1	       1	       1	       1	       1	       1	       1	       1	       1	       1	       1	       1	       1	       0	       1	       1	       1	       1	       1	       1	       1	       1	       1	       1	       0	       1	       1	       1	       1	       1	       1	       1	       1	       1	       1	       1	       0	       0	       1	       1	       1	       1	       1	       1	       1	       1	       1	       1	       1	       1	       1	       1	       1	       1	       1	       1	       1	       1	       1	       1	       1	       1	       1	       0	       1	       1	       1	       1	       1	       1	       1	       1	       1	       0	       1	       1	       1	
pred 2        0	       0	       0	       0	       0	       0	       0	       0	       1	       1	       0	       0	       0	       0	       0	       0	       0	       0	       0	       0	       0	       0	       0	       0	      -1	       0	       0	       0	       0	       0	       1	       0	       0	       0	       0	       0	       1	       0	       0	       0	       0	       0	       0	       0	       0	       0	       0	       0	       0	       0	       0	       1	       0	       0	       0	       0	      -1	       0	       0	       0	       0	       0	       0	       0	       1	       0	       0	       0	       0	       0	       0	       0	       0	       0	       0	       0	       0	       0	       0	       0	       0	      -1	       0	       0	       0	       0	       0	       0	       0	       0	       0	       0	       0	       0	       0	       0	       0	       0	       0	       0	       0	       0	       0	       0	       0	       0	       0	       0	       0	       0	       0	       0	       0	       0	       0	       0	       0	       0	       0	       0	       0	       0	       0	       0	       0	       0	       0	       1	       0	       0	       0	       0	       0	       0	       0	       0	       0	       0	       0	       1	       1	       0	       0	       0	      -1	       0	       0	       0	       0	       0	       0	       0	       0	       0	       0	       0	       0	       0	       0	       0	       0	       0	       0	       0	       0	       0	       0	       0	       0	       0	       0	       0	       0	       0	       0	       0	       1	       0	       0	       0	       0	       0	       0	       0	       0	       0	       0	       0	       0	       0	      -1	       0	       0	       0	       0	       0	       0	       0	       1	       1	       1	       1	       0	       0	       0	       0	       0	       0	       0	       0	       0	       0	       1	       0	       0	       0	       0	       0	       0	       0	       0	       0	       0	       0	       0	       0	       0	       1	       1	       0	       0	       1	       0	       0	       0	       0	       0	      -1	       0	       0	       0	
test 2        1	       0	       0	       0	       0	       0	      -1	       0	       0	      -1	       0	      -1	       0	      -1	       0	      -1	      -1	       0	      -1	      -1	       0	       0	       0	       0	       0	      -1	       0	      -1	       0	       0	      -1	       0	      -1	       0	       0	      -1	       0	       0	       0	      -1	      -1	      -1	      -1	      -1	      -1	      -1	      -1	      -1	      -1	      -1	      -1	       0	      -1	      -1	      -1	       0	       0	      -1	       0	       0	      -1	      -1	       0	      -1	      -1	       0	       0	       0	      -1	       0	      -1	      -1	       0	      -1	       0	       0	       0	       0	      -1	       0	       0	      -1	       0	       0	      -1	       0	      -1	      -1	       0	       0	       0	       0	       0	       0	      -1	      -1	       0	      -1	       0	      -1	      -1	      -1	       0	      -1	      -1	      -1	      -1	      -1	      -1	      -1	       0	      -1	      -1	      -1	       0	      -1	       0	       0	      -1	      -1	      -1	      -1	       0	       0	      -1	       0	      -1	      -1	      -1	      -1	       0	       0	       0	       0	      -1	       0	       0	      -1	       0	       0	       0	       0	      -1	       0	       1	      -1	      -1	       0	       0	      -1	       0	       0	       0	       0	       0	       0	      -1	       0	       0	      -1	       0	       0	       0	       0	      -1	      -1	       0	       0	       0	      -1	      -1	      -1	       0	       0	       0	      -1	       0	       0	      -1	       0	      -1	      -1	       0	      -1	      -1	      -1	      -1	      -1	      -1	      -1	      -1	      -1	       0	      -1	       0	       0	       0	       0	       0	       0	       0	       0	       1	      -1	       0	      -1	       0	       0	       0	       0	       0	       0	       0	       0	       0	       0	      -1	       0	       0	       0	       0	      -1	       0	      -1	      -1	       0	       0	       0	       0	      -1	      -1	       0	       0	       0	       0	       0	       0	       0	       0	       0	      -1	
pred 3        0	       0	       0	       0	       0	       0	       0	       0	       1	       1	       0	       0	       0	       0	       0	       0	       0	       0	       0	       0	       0	       0	       0	       0	      -1	       0	       0	       0	       0	       0	       1	       0	       0	       0	       0	       0	       1	       0	       0	       0	       0	       0	       0	       0	       0	       0	       0	       0	       0	       0	       0	       1	       0	       0	       0	       0	      -1	       0	       0	       0	       0	       0	       0	       0	       1	       0	       0	       0	       0	       0	       0	       0	       0	       0	       0	       0	       0	       0	       0	       0	       0	      -1	       0	       0	       0	       0	       0	       0	       0	       0	       0	       0	       0	       0	       0	       0	       0	       0	       0	       0	       0	       0	       0	       0	       0	       0	       0	       0	       0	       0	       0	       0	       0	       0	       0	       0	       0	       0	       0	       0	       0	       0	       0	       0	       0	       0	       0	       1	       0	       0	       0	       0	       0	       0	       0	       0	       0	       0	       0	       1	       1	       0	       0	       0	      -1	       0	       0	       0	       0	       0	       0	       0	       0	       0	       0	       0	       0	       0	       0	       0	       0	       0	       0	       0	       0	       0	       0	       0	       0	       0	       0	       0	       0	       0	       0	       0	       1	       0	       0	       0	       0	       0	       0	       0	       0	       0	       0	       0	       0	       0	      -1	       0	       0	       0	       0	       0	       0	       0	       1	       1	       1	       1	       0	       0	       0	       0	       0	       0	       0	       0	       0	       0	       1	       0	       0	       0	       0	       0	       0	       0	       0	       0	       0	       0	       0	       0	       0	       1	       1	       0	       0	       1	       0	       0	       0	       0	       0	      -1	       0	       0	       0	
test 3       -1	       0	      -1	      -1	      -1	      -1	      -1	       0	      -1	      -1	      -1	      -1	       0	      -1	      -1	      -1	      -1	      -1	      -1	      -1	      -1	      -1	      -1	      -1	      -1	      -1	      -1	      -1	       0	      -1	      -1	      -1	      -1	      -1	      -1	      -1	      -1	      -1	      -1	      -1	      -1	      -1	      -1	      -1	      -1	      -1	      -1	      -1	      -1	      -1	      -1	       0	      -1	      -1	      -1	      -1	       0	      -1	      -1	      -1	      -1	      -1	       0	      -1	      -1	      -1	       0	       0	      -1	      -1	      -1	      -1	      -1	      -1	      -1	      -1	       0	      -1	      -1	       0	      -1	      -1	      -1	      -1	      -1	       0	      -1	      -1	      -1	      -1	      -1	      -1	      -1	      -1	      -1	      -1	       0	      -1	      -1	      -1	      -1	      -1	      -1	      -1	      -1	      -1	      -1	      -1	      -1	      -1	      -1	      -1	      -1	      -1	      -1	      -1	      -1	      -1	      -1	      -1	      -1	      -1	      -1	      -1	      -1	      -1	      -1	      -1	      -1	      -1	      -1	       0	      -1	      -1	      -1	      -1	      -1	      -1	       0	      -1	      -1	      -1	      -1	      -1	       0	      -1	      -1	      -1	      -1	      -1	       0	       0	       0	      -1	       0	       0	      -1	       0	      -1	      -1	      -1	       0	       0	       0	      -1	      -1	      -1	      -1	      -1	      -1	      -1	      -1	      -1	      -1	       0	      -1	       0	       0	      -1	      -1	      -1	      -1	      -1	      -1	      -1	      -1	      -1	      -1	      -1	      -1	      -1	      -1	       0	      -1	      -1	      -1	      -1	      -1	       0	       0	       0	       0	      -1	      -1	       0	      -1	      -1	       0	      -1	      -1	       0	       0	      -1	      -1	      -1	      -1	      -1	       0	      -1	      -1	       0	      -1	       0	      -1	      -1	       0	      -1	       0	       0	      -1	      -1	      -1	      -1	       0	      -1	      -1	       0	       0	      -1	      -1	      -1	
pred 4        0	       0	       0	       0	       0	       0	       0	       0	       1	       1	       0	       0	       0	       0	       0	       0	       0	       0	       0	       0	       0	       0	       0	       0	      -1	       0	       0	       0	       0	       0	       1	       0	       0	       0	       0	       0	       1	       0	       0	       0	       0	       0	       0	       0	       0	       0	       0	       0	       0	       0	       0	       1	       0	       0	       0	       0	      -1	       0	       0	       0	       0	       0	       0	       0	       1	       0	       0	       0	       0	       0	       0	       0	       0	       0	       0	       0	       0	       0	       0	       0	       0	      -1	       0	       0	       0	       0	       0	       0	       0	       0	       0	       0	       0	       0	       0	       0	       0	       0	       0	       0	       0	       0	       0	       0	       0	       0	       0	       0	       0	       0	       0	       0	       0	       0	       0	       0	       0	       0	       0	       0	       0	       0	       0	       0	       0	       0	       0	       1	       0	       0	       0	       0	       0	       0	       0	       0	       0	       0	       0	       1	       1	       0	       0	       0	      -1	       0	       0	       0	       0	       0	       0	       0	       0	       0	       0	       0	       0	       0	       0	       0	       0	       0	       0	       0	       0	       0	       0	       0	       0	       0	       0	       0	       0	       0	       0	       0	       1	       0	       0	       0	       0	       0	       0	       0	       0	       0	       0	       0	       0	       0	      -1	       0	       0	       0	       0	       0	       0	       0	       1	       1	       1	       1	       0	       0	       0	       0	       0	       0	       0	       0	       0	       0	       1	       0	       0	       0	       0	       0	       0	       0	       0	       0	       0	       0	       0	       0	       0	       1	       1	       0	       0	       1	       0	       0	       0	       0	       0	      -1	       0	       0	       0	
test 4        0	       0	       0	      -1	       0	      -1	      -1	       0	       0	       0	       0	      -1	      -1	      -1	      -1	      -1	      -1	       0	      -1	      -1	      -1	      -1	       0	      -1	       0	      -1	      -1	       0	       0	       0	      -1	       0	      -1	       0	      -1	      -1	      -1	       0	      -1	      -1	      -1	      -1	      -1	      -1	      -1	      -1	      -1	      -1	      -1	       0	      -1	       0	      -1	      -1	       0	       0	       0	      -1	       0	       0	      -1	      -1	       0	      -1	      -1	       0	       0	       0	      -1	       0	      -1	      -1	      -1	       0	       0	       0	       0	       0	      -1	       0	       0	      -1	      -1	      -1	      -1	       0	      -1	      -1	       0	      -1	      -1	      -1	       0	       0	       0	       0	       0	       1	      -1	      -1	      -1	      -1	       0	      -1	      -1	      -1	      -1	      -1	      -1	      -1	      -1	      -1	      -1	      -1	      -1	      -1	      -1	      -1	      -1	      -1	      -1	      -1	      -1	      -1	      -1	      -1	      -1	      -1	      -1	      -1	      -1	       0	       0	      -1	      -1	      -1	      -1	      -1	       0	      -1	      -1	       0	      -1	       0	       1	       0	      -1	      -1	      -1	      -1	       0	       0	       0	      -1	       0	       0	      -1	       0	       0	      -1	       0	       0	       0	       0	      -1	      -1	       0	       0	      -1	      -1	      -1	      -1	      -1	       0	       0	      -1	       0	       0	      -1	       0	      -1	      -1	      -1	      -1	      -1	      -1	      -1	      -1	      -1	      -1	      -1	      -1	       0	      -1	      -1	       0	       0	       0	       0	       0	       0	       0	       0	      -1	       1	       0	       0	       0	      -1	       0	       0	       0	      -1	       0	       0	      -1	      -1	       0	      -1	       0	       0	      -1	       0	      -1	      -1	       0	       0	       0	       0	      -1	      -1	       0	       0	       0	      -1	      -1	       0	       0	      -1	       0	      -1	
pred 5        0	       0	       0	       0	       0	       0	       0	       0	       1	       1	       0	       0	       0	       0	       0	       0	       0	       0	       0	       0	       0	       0	       0	       0	      -1	       0	       0	       0	       0	       0	       1	       0	       0	       0	       0	       0	       1	       0	       0	       0	       0	       0	       0	       0	       0	       0	       0	       0	       0	       0	       0	       1	       0	       0	       0	       0	      -1	       0	       0	       0	       0	       0	       0	       0	       1	       0	       0	       0	       0	       0	       0	       0	       0	       0	       0	       0	       0	       0	       0	       0	       0	      -1	       0	       0	       0	       0	       0	       0	       0	       0	       0	       0	       0	       0	       0	       0	       0	       0	       0	       0	       0	       0	       0	       0	       0	       0	       0	       0	       0	       0	       0	       0	       0	       0	       0	       0	       0	       0	       0	       0	       0	       0	       0	       0	       0	       0	       0	       1	       0	       0	       0	       0	       0	       0	       0	       0	       0	       0	       0	       1	       1	       0	       0	       0	      -1	       0	       0	       0	       0	       0	       0	       0	       0	       0	       0	       0	       0	       0	       0	       0	       0	       0	       0	       0	       0	       0	       0	       0	       0	       0	       0	       0	       0	       0	       0	       0	       1	       0	       0	       0	       0	       0	       0	       0	       0	       0	       0	       0	       0	       0	      -1	       0	       0	       0	       0	       0	       0	       0	       1	       1	       1	       1	       0	       0	       0	       0	       0	       0	       0	       0	       0	       0	       1	       0	       0	       0	       0	       0	       0	       0	       0	       0	       0	       0	       0	       0	       0	       1	       1	       0	       0	       1	       0	       0	       0	       0	       0	      -1	       0	       0	       0	
test 5        1	       0	       0	      -1	       0	       0	      -1	       0	       0	       0	       0	      -1	      -1	      -1	      -1	      -1	      -1	       0	      -1	      -1	      -1	      -1	       0	      -1	       0	       0	       0	       0	       0	       0	      -1	       0	      -1	       0	      -1	      -1	      -1	       0	       0	      -1	      -1	      -1	      -1	      -1	      -1	      -1	      -1	      -1	      -1	       0	       0	       0	      -1	      -1	       0	       0	       0	      -1	       0	       0	      -1	      -1	       0	      -1	      -1	       0	       0	       0	      -1	       0	      -1	      -1	       0	       0	       0	       0	       0	       0	       0	       0	       0	      -1	       0	       0	      -1	       0	      -1	       0	       0	      -1	       0	      -1	       0	       0	      -1	      -1	       0	       1	      -1	      -1	      -1	      -1	       0	      -1	      -1	      -1	      -1	       0	      -1	      -1	      -1	      -1	      -1	      -1	      -1	      -1	      -1	       0	       0	      -1	      -1	      -1	      -1	      -1	      -1	       0	      -1	      -1	      -1	      -1	      -1	       0	       0	       0	      -1	       0	       0	      -1	       0	       0	      -1	       0	      -1	       0	       1	       0	       0	       0	       0	      -1	       0	       0	       0	      -1	       0	       0	      -1	       0	       0	      -1	       0	       0	       0	       0	      -1	      -1	       0	       0	      -1	       0	      -1	      -1	       1	       0	       0	      -1	       0	       0	      -1	       0	      -1	      -1	      -1	      -1	      -1	      -1	      -1	      -1	      -1	      -1	      -1	      -1	       0	      -1	       0	       0	       0	       0	       0	       0	       0	       0	       0	      -1	       1	       0	       0	       0	       0	       0	       0	       0	      -1	       0	       0	      -1	      -1	       0	      -1	       0	       0	      -1	       0	       0	      -1	       0	       0	       0	       0	      -1	      -1	       0	       0	       0	       0	      -1	       0	       0	       0	       0	      -1	
------
confusion matrix:
[[  9 528  29]
 [ 15 397  53]
 [ 12 377  26]]
macro f1: 0.1928919659530988
micro f1: 0.2987551867219917
weighted f1: 0.19895042479038239
class -1 f1: 0.029900332225913623
class  0 f1: 0.4493491794001132
class  1 f1: 0.0994263862332696
average label-wise acc: 29.88%


ABL loop 1
--------------------
label        0	       1	       2	       3	       4	       5	       6	       7	       8	       9	      10	      11	      12	      13	      14	      15	      16	      17	      18	      19	      20	      21	      22	      23	      24	      25	      26	      27	      28	      29	      30	      31	      32	      33	      34	      35	      36	      37	      38	      39	      40	      41	      42	      43	      44	      45	      46	      47	      48	      49	      50	      51	      52	      53	      54	      55	      56	      57	      58	      59	      60	      61	      62	      63	      64	      65	      66	      67	      68	      69	      70	      71	      72	      73	      74	      75	      76	      77	      78	      79	      80	      81	      82	      83	      84	      85	      86	      87	      88	      89	      90	      91	      92	      93	      94	      95	      96	      97	      98	      99	     100	     101	     102	     103	     104	     105	     106	     107	     108	     109	     110	     111	     112	     113	     114	     115	     116	     117	     118	     119	     120	     121	     122	     123	     124	     125	     126	     127	     128	     129	     130	     131	     132	     133	     134	     135	     136	     137	     138	     139	     140	     141	     142	     143	     144	     145	     146	     147	     148	     149	     150	     151	     152	     153	     154	     155	     156	     157	     158	     159	     160	     161	     162	     163	     164	     165	     166	     167	     168	     169	     170	     171	     172	     173	     174	     175	     176	     177	     178	     179	     180	     181	     182	     183	     184	     185	     186	     187	     188	     189	     190	     191	     192	     193	     194	     195	     196	     197	     198	     199	     200	     201	     202	     203	     204	     205	     206	     207	     208	     209	     210	     211	     212	     213	     214	     215	     216	     217	     218	     219	     220	     221	     222	     223	     224	     225	     226	     227	     228	     229	     230	     231	     232	     233	     234	     235	     236	     237	     238	     239	     240	
   acc   16.67%	  66.67%	  50.00%	  16.67%	  50.00%	  33.33%	   0.00%	  33.33%	  33.33%	  33.33%	  16.67%	  66.67%	  33.33%	  66.67%	  16.67%	   0.00%	   0.00%	  33.33%	  33.33%	  33.33%	  50.00%	  16.67%	  50.00%	  50.00%	  16.67%	  50.00%	  33.33%	  33.33%	  83.33%	  50.00%	  33.33%	  50.00%	   0.00%	  50.00%	  16.67%	   0.00%	  33.33%	  16.67%	  33.33%	   0.00%	   0.00%	   0.00%	   0.00%	   0.00%	 100.00%	   0.00%	   0.00%	   0.00%	   0.00%	  33.33%	  16.67%	  16.67%	  16.67%	   0.00%	  33.33%	  50.00%	   0.00%	   0.00%	  50.00%	  50.00%	   0.00%	  66.67%	  33.33%	   0.00%	   0.00%	  16.67%	 100.00%	   0.00%	   0.00%	  50.00%	  66.67%	   0.00%	  16.67%	  50.00%	  50.00%	  50.00%	 100.00%	  83.33%	  33.33%	 100.00%	  66.67%	  66.67%	  33.33%	  33.33%	   0.00%	   0.00%	   0.00%	  33.33%	  66.67%	  33.33%	  33.33%	  16.67%	  83.33%	  83.33%	  16.67%	  50.00%	   0.00%	   0.00%	  16.67%	   0.00%	   0.00%	  33.33%	  50.00%	   0.00%	   0.00%	   0.00%	   0.00%	  16.67%	   0.00%	   0.00%	  33.33%	   0.00%	   0.00%	   0.00%	  16.67%	   0.00%	  16.67%	  33.33%	  16.67%	   0.00%	   0.00%	   0.00%	  50.00%	  16.67%	   0.00%	  33.33%	   0.00%	   0.00%	  33.33%	  66.67%	  16.67%	  66.67%	  16.67%	  33.33%	   0.00%	  33.33%	  33.33%	   0.00%	 100.00%	  33.33%	  33.33%	  50.00%	  33.33%	  50.00%	   0.00%	  33.33%	  50.00%	  33.33%	  33.33%	  16.67%	  66.67%	  83.33%	 100.00%	  16.67%	 100.00%	  83.33%	   0.00%	  83.33%	  16.67%	   0.00%	  50.00%	  66.67%	  66.67%	   0.00%	  66.67%	   0.00%	  50.00%	  16.67%	  16.67%	  33.33%	   0.00%	   0.00%	  50.00%	  50.00%	  66.67%	   0.00%	  16.67%	 100.00%	  33.33%	  33.33%	   0.00%	   0.00%	  16.67%	   0.00%	  33.33%	   0.00%	   0.00%	   0.00%	  66.67%	   0.00%	  66.67%	   0.00%	  66.67%	   0.00%	  33.33%	  50.00%	  50.00%	  16.67%	  33.33%	  33.33%	   0.00%	   0.00%	  33.33%	  16.67%	  33.33%	  33.33%	  50.00%	  83.33%	  33.33%	  50.00%	  66.67%	  66.67%	  33.33%	  16.67%	  16.67%	  16.67%	   0.00%	  66.67%	  16.67%	  50.00%	  33.33%	   0.00%	  66.67%	  16.67%	   0.00%	  66.67%	  16.67%	 100.00%	  33.33%	   0.00%	  33.33%	  33.33%	  33.33%	   0.00%	  33.33%	  16.67%	  66.67%	   0.00%	  33.33%	  33.33%	   0.00%	
    f1   0.0952	  0.4000	  0.2222	  0.0952	  0.2222	  0.1667	  0.0000	  0.2500	  0.1667	  0.1667	  0.0952	  0.4000	  0.1667	  0.4000	  0.0952	  0.0000	  0.0000	  0.1667	  0.2500	  0.2500	  0.2222	  0.0952	  0.2222	  0.2222	  0.0952	  0.3333	  0.1667	  0.1667	  0.4545	  0.2222	  0.2500	  0.2222	  0.0000	  0.2222	  0.0952	  0.0000	  0.1667	  0.0952	  0.1667	  0.0000	  0.0000	  0.0000	  0.0000	  0.0000	  1.0000	  0.0000	  0.0000	  0.0000	  0.0000	  0.1667	  0.0952	  0.1429	  0.0952	  0.0000	  0.1667	  0.2222	  0.0000	  0.0000	  0.2222	  0.2222	  0.0000	  0.4000	  0.2500	  0.0000	  0.0000	  0.0952	  1.0000	  0.0000	  0.0000	  0.2222	  0.4000	  0.0000	  0.0952	  0.2222	  0.2222	  0.2222	  1.0000	  0.4545	  0.1667	  1.0000	  0.2667	  0.4000	  0.1667	  0.1667	  0.0000	  0.0000	  0.0000	  0.1667	  0.2667	  0.1667	  0.1667	  0.0952	  0.4545	  0.4545	  0.0952	  0.3333	  0.0000	  0.0000	  0.0952	  0.0000	  0.0000	  0.2500	  0.2222	  0.0000	  0.0000	  0.0000	  0.0000	  0.0952	  0.0000	  0.0000	  0.1667	  0.0000	  0.0000	  0.0000	  0.0952	  0.0000	  0.0952	  0.1667	  0.0952	  0.0000	  0.0000	  0.0000	  0.2222	  0.0952	  0.0000	  0.1667	  0.0000	  0.0000	  0.2500	  0.4000	  0.0952	  0.4000	  0.1429	  0.1667	  0.0000	  0.1667	  0.1667	  0.0000	  1.0000	  0.1667	  0.1667	  0.2222	  0.2500	  0.2222	  0.0000	  0.1667	  0.2222	  0.1667	  0.1667	  0.0952	  0.4000	  0.4545	  1.0000	  0.0952	  1.0000	  0.4545	  0.0000	  0.4545	  0.0952	  0.0000	  0.2222	  0.4000	  0.4000	  0.0000	  0.4000	  0.0000	  0.2222	  0.0952	  0.0952	  0.1667	  0.0000	  0.0000	  0.2222	  0.2222	  0.4000	  0.0000	  0.1429	  1.0000	  0.2500	  0.1667	  0.0000	  0.0000	  0.0952	  0.0000	  0.2500	  0.0000	  0.0000	  0.0000	  0.4000	  0.0000	  0.4000	  0.0000	  0.4000	  0.0000	  0.1667	  0.2222	  0.2222	  0.0952	  0.2500	  0.2500	  0.0000	  0.0000	  0.1667	  0.0952	  0.2500	  0.1667	  0.2222	  0.4545	  0.1667	  0.2222	  0.4000	  0.4000	  0.1667	  0.0952	  0.0952	  0.0952	  0.0000	  0.4000	  0.0952	  0.2222	  0.2500	  0.0000	  0.4000	  0.0952	  0.0000	  0.4000	  0.0952	  1.0000	  0.2500	  0.0000	  0.2500	  0.1667	  0.1667	  0.0000	  0.1667	  0.0952	  0.4000	  0.0000	  0.1667	  0.1667	  0.0000	
pred 0        0	       0	       0	       0	       0	       1	       0	       1	       1	       1	      -1	      -1	       0	      -1	       0	       0	       0	       1	       1	       1	      -1	       0	       0	      -1	      -1	       0	       0	       0	       0	       0	       1	       0	       0	       0	       0	       0	       1	      -1	       0	       0	       0	       1	       0	       0	      -1	       0	       0	       0	       0	       0	       0	       1	       0	       0	       0	       0	      -1	       0	       0	       0	       0	      -1	       1	       0	       0	      -1	       0	      -1	       0	       0	      -1	       0	       1	       0	       0	       0	       0	       0	       1	       0	       0	      -1	       0	       0	       0	      -1	       0	       0	       0	       1	       0	       0	       0	       0	       0	       0	      -1	       0	       0	       0	       0	       1	       0	       0	       0	       0	       0	       0	       0	       0	       1	       0	       0	       0	       0	       0	       0	       0	       0	       0	       0	       0	      -1	       0	       0	       0	       0	       1	       1	      -1	       0	       0	      -1	       0	       1	       0	       0	       0	       0	       1	       1	       0	       1	       0	      -1	       0	      -1	       0	       1	       0	       0	       0	       0	       0	       0	       0	       0	       0	      -1	       0	       0	       0	       0	       1	      -1	       0	       0	      -1	       0	       1	       0	       0	       1	       0	       0	       0	       1	       0	       1	       1	       0	       0	       0	       0	       1	       0	       0	       0	      -1	       0	      -1	       0	       0	       0	       1	       0	       0	      -1	       1	       1	       1	       1	       0	       0	       0	       0	       0	       0	       1	       0	       0	       0	       1	      -1	      -1	       0	       0	       0	       0	       0	       1	       0	       0	       0	       0	       0	      -1	       0	       1	       0	       1	       1	       1	      -1	      -1	       0	       0	      -1	       0	       1	       0	
test 0        1	       1	       1	       1	       1	       1	       1	       1	       1	       1	       1	       1	       1	       1	       1	       1	       1	       1	       1	       1	       1	       1	       1	       1	       0	       0	       1	       1	       0	       1	       1	       1	       1	       1	       1	       1	       1	       1	       1	       1	       1	      -1	      -1	      -1	      -1	      -1	      -1	       1	       1	       1	       1	       0	       0	       1	       1	       1	       1	       1	       1	       1	       1	       1	       1	       1	       1	       1	       0	       0	       1	       1	       1	       1	       0	       0	       1	       1	       0	       0	       1	       0	       0	       1	       1	       1	       1	       0	      -1	       0	       0	       1	       1	       1	       0	       0	       1	       0	       0	       1	       1	       1	       1	       1	       1	       1	       1	       1	       1	       1	       1	       1	       1	       1	       1	       1	       1	       1	       1	       1	       1	       1	       1	       1	       1	       1	       1	       1	       1	      -1	       1	       1	       1	       1	       0	       1	       0	       1	       1	       1	       0	       1	       1	       1	       1	       1	       1	       1	       1	       1	       1	       0	       1	       0	       0	       1	       0	       1	       1	       0	       1	       1	       1	       1	       1	       0	       1	       1	       1	       1	       1	       1	       1	       1	       1	       1	       1	       1	       0	       0	       1	       1	       1	       1	       1	       1	       1	       1	       1	       1	       0	       1	       1	       1	       1	       1	       1	       1	       1	       1	       1	       1	       0	       0	       1	       0	       1	       1	       1	       0	       1	       1	       1	       1	       1	       1	       1	       1	       1	       1	       1	       1	       1	       1	       1	       1	       1	       1	       1	       0	       1	       1	       1	       1	       1	       1	       1	       1	       1	       0	       1	       1	       1	
pred 1        0	       0	       0	       0	       0	       1	       0	       1	       1	       1	      -1	      -1	       0	      -1	       0	       0	       0	       1	       1	       1	      -1	       0	       0	      -1	      -1	       0	       0	       0	       0	       0	       1	       0	       0	       0	       0	       0	       1	      -1	       0	       0	       0	       1	       0	       0	      -1	       0	       0	       0	       0	       0	       0	       1	       0	       0	       0	       0	      -1	       0	       0	       0	       0	      -1	       1	       0	       0	      -1	       0	      -1	       0	       0	      -1	       0	       1	       0	       0	       0	       0	       0	       1	       0	       0	      -1	       0	       0	       0	      -1	       0	       0	       0	       1	       0	       0	       0	       0	       0	       0	      -1	       0	       0	       0	       0	       1	       0	       0	       0	       0	       0	       0	       0	       0	       1	       0	       0	       0	       0	       0	       0	       0	       0	       0	       0	       0	      -1	       0	       0	       0	       0	       1	       1	      -1	       0	       0	      -1	       0	       1	       0	       0	       0	       0	       1	       1	       0	       1	       0	      -1	       0	      -1	       0	       1	       0	       0	       0	       0	       0	       0	       0	       0	       0	      -1	       0	       0	       0	       0	       1	      -1	       0	       0	      -1	       0	       1	       0	       0	       1	       0	       0	       0	       1	       0	       1	       1	       0	       0	       0	       0	       1	       0	       0	       0	      -1	       0	      -1	       0	       0	       0	       1	       0	       0	      -1	       1	       1	       1	       1	       0	       0	       0	       0	       0	       0	       1	       0	       0	       0	       1	      -1	      -1	       0	       0	       0	       0	       0	       1	       0	       0	       0	       0	       0	      -1	       0	       1	       0	       1	       1	       1	      -1	      -1	       0	       0	      -1	       0	       1	       0	
test 1        1	       1	       1	       1	       1	       1	       1	       1	       1	       1	       1	       1	       1	       1	       1	       1	       1	       1	       1	       1	       1	       1	       1	       1	       1	       0	       1	       1	       1	       1	       1	       1	       1	       1	       1	       1	       1	       1	       1	       1	       1	      -1	      -1	      -1	      -1	      -1	      -1	       1	       1	       1	       1	       1	       1	       1	       1	       1	       1	       1	       1	       1	       1	       1	       1	       1	       1	       1	       0	       0	       1	       1	       1	       1	       1	       1	       1	       1	       0	       0	       1	       0	       1	       1	       1	       1	       1	       0	      -1	       1	       1	       1	       1	       1	       0	       0	       1	       0	       0	       1	       1	       1	       1	       1	       1	       1	       1	       1	       1	       1	       1	       1	       1	       1	       1	       1	       1	       1	       1	       1	       1	       1	       1	       1	       1	       1	       1	       1	       1	      -1	       1	       1	       1	       1	       0	       1	       0	       1	       1	       1	       0	       1	       1	       1	       1	       1	       1	       1	       1	       1	       1	       1	       1	       1	       0	       1	       0	       0	       1	       1	       1	       1	       1	       1	       1	       0	       1	       1	       1	       1	       1	       1	       1	       1	       1	       1	       1	       1	       1	       0	       1	       1	       1	       1	       1	       1	       1	       1	       1	       1	       0	       1	       1	       1	       1	       1	       1	       1	       1	       1	       1	       1	       0	       0	       1	       1	       1	       1	       1	       1	       1	       1	       1	       1	       1	       1	       1	       1	       1	       1	       1	       1	       1	       1	       1	       1	       1	       1	       1	       0	       1	       1	       1	       1	       1	       1	       1	       1	       1	       0	       1	       1	       1	
pred 2        0	       0	       0	       0	       0	       1	       0	       1	       1	       1	      -1	      -1	       0	      -1	       0	       0	       0	       1	       1	       1	      -1	       0	       0	      -1	      -1	       0	       0	       0	       0	       0	       1	       0	       0	       0	       0	       0	       1	      -1	       0	       0	       0	       1	       0	       0	      -1	       0	       0	       0	       0	       0	       0	       1	       0	       0	       0	       0	      -1	       0	       0	       0	       0	      -1	       1	       0	       0	      -1	       0	      -1	       0	       0	      -1	       0	       1	       0	       0	       0	       0	       0	       1	       0	       0	      -1	       0	       0	       0	      -1	       0	       0	       0	       1	       0	       0	       0	       0	       0	       0	      -1	       0	       0	       0	       0	       1	       0	       0	       0	       0	       0	       0	       0	       0	       1	       0	       0	       0	       0	       0	       0	       0	       0	       0	       0	       0	      -1	       0	       0	       0	       0	       1	       1	      -1	       0	       0	      -1	       0	       1	       0	       0	       0	       0	       1	       1	       0	       1	       0	      -1	       0	      -1	       0	       1	       0	       0	       0	       0	       0	       0	       0	       0	       0	      -1	       0	       0	       0	       0	       1	      -1	       0	       0	      -1	       0	       1	       0	       0	       1	       0	       0	       0	       1	       0	       1	       1	       0	       0	       0	       0	       1	       0	       0	       0	      -1	       0	      -1	       0	       0	       0	       1	       0	       0	      -1	       1	       1	       1	       1	       0	       0	       0	       0	       0	       0	       1	       0	       0	       0	       1	      -1	      -1	       0	       0	       0	       0	       0	       1	       0	       0	       0	       0	       0	      -1	       0	       1	       0	       1	       1	       1	      -1	      -1	       0	       0	      -1	       0	       1	       0	
test 2        1	       0	       0	       0	       0	       0	      -1	       0	       0	      -1	       0	      -1	       0	      -1	       0	      -1	      -1	       0	      -1	      -1	       0	       0	       0	       0	       0	      -1	       0	      -1	       0	       0	      -1	       0	      -1	       0	       0	      -1	       0	       0	       0	      -1	      -1	      -1	      -1	      -1	      -1	      -1	      -1	      -1	      -1	      -1	      -1	       0	      -1	      -1	      -1	       0	       0	      -1	       0	       0	      -1	      -1	       0	      -1	      -1	       0	       0	       0	      -1	       0	      -1	      -1	       0	      -1	       0	       0	       0	       0	      -1	       0	       0	      -1	       0	       0	      -1	       0	      -1	      -1	       0	       0	       0	       0	       0	       0	      -1	      -1	       0	      -1	       0	      -1	      -1	      -1	       0	      -1	      -1	      -1	      -1	      -1	      -1	      -1	       0	      -1	      -1	      -1	       0	      -1	       0	       0	      -1	      -1	      -1	      -1	       0	       0	      -1	       0	      -1	      -1	      -1	      -1	       0	       0	       0	       0	      -1	       0	       0	      -1	       0	       0	       0	       0	      -1	       0	       1	      -1	      -1	       0	       0	      -1	       0	       0	       0	       0	       0	       0	      -1	       0	       0	      -1	       0	       0	       0	       0	      -1	      -1	       0	       0	       0	      -1	      -1	      -1	       0	       0	       0	      -1	       0	       0	      -1	       0	      -1	      -1	       0	      -1	      -1	      -1	      -1	      -1	      -1	      -1	      -1	      -1	       0	      -1	       0	       0	       0	       0	       0	       0	       0	       0	       1	      -1	       0	      -1	       0	       0	       0	       0	       0	       0	       0	       0	       0	       0	      -1	       0	       0	       0	       0	      -1	       0	      -1	      -1	       0	       0	       0	       0	      -1	      -1	       0	       0	       0	       0	       0	       0	       0	       0	       0	      -1	
pred 3        0	       0	       0	       0	       0	       1	       0	       1	       1	       1	      -1	      -1	       0	      -1	       0	       0	       0	       1	       1	       1	      -1	       0	       0	      -1	      -1	       0	       0	       0	       0	       0	       1	       0	       0	       0	       0	       0	       1	      -1	       0	       0	       0	       1	       0	       0	      -1	       0	       0	       0	       0	       0	       0	       1	       0	       0	       0	       0	      -1	       0	       0	       0	       0	      -1	       1	       0	       0	      -1	       0	      -1	       0	       0	      -1	       0	       1	       0	       0	       0	       0	       0	       1	       0	       0	      -1	       0	       0	       0	      -1	       0	       0	       0	       1	       0	       0	       0	       0	       0	       0	      -1	       0	       0	       0	       0	       1	       0	       0	       0	       0	       0	       0	       0	       0	       1	       0	       0	       0	       0	       0	       0	       0	       0	       0	       0	       0	      -1	       0	       0	       0	       0	       1	       1	      -1	       0	       0	      -1	       0	       1	       0	       0	       0	       0	       1	       1	       0	       1	       0	      -1	       0	      -1	       0	       1	       0	       0	       0	       0	       0	       0	       0	       0	       0	      -1	       0	       0	       0	       0	       1	      -1	       0	       0	      -1	       0	       1	       0	       0	       1	       0	       0	       0	       1	       0	       1	       1	       0	       0	       0	       0	       1	       0	       0	       0	      -1	       0	      -1	       0	       0	       0	       1	       0	       0	      -1	       1	       1	       1	       1	       0	       0	       0	       0	       0	       0	       1	       0	       0	       0	       1	      -1	      -1	       0	       0	       0	       0	       0	       1	       0	       0	       0	       0	       0	      -1	       0	       1	       0	       1	       1	       1	      -1	      -1	       0	       0	      -1	       0	       1	       0	
test 3       -1	       0	      -1	      -1	      -1	      -1	      -1	       0	      -1	      -1	      -1	      -1	       0	      -1	      -1	      -1	      -1	      -1	      -1	      -1	      -1	      -1	      -1	      -1	      -1	      -1	      -1	      -1	       0	      -1	      -1	      -1	      -1	      -1	      -1	      -1	      -1	      -1	      -1	      -1	      -1	      -1	      -1	      -1	      -1	      -1	      -1	      -1	      -1	      -1	      -1	       0	      -1	      -1	      -1	      -1	       0	      -1	      -1	      -1	      -1	      -1	       0	      -1	      -1	      -1	       0	       0	      -1	      -1	      -1	      -1	      -1	      -1	      -1	      -1	       0	      -1	      -1	       0	      -1	      -1	      -1	      -1	      -1	       0	      -1	      -1	      -1	      -1	      -1	      -1	      -1	      -1	      -1	      -1	       0	      -1	      -1	      -1	      -1	      -1	      -1	      -1	      -1	      -1	      -1	      -1	      -1	      -1	      -1	      -1	      -1	      -1	      -1	      -1	      -1	      -1	      -1	      -1	      -1	      -1	      -1	      -1	      -1	      -1	      -1	      -1	      -1	      -1	      -1	       0	      -1	      -1	      -1	      -1	      -1	      -1	       0	      -1	      -1	      -1	      -1	      -1	       0	      -1	      -1	      -1	      -1	      -1	       0	       0	       0	      -1	       0	       0	      -1	       0	      -1	      -1	      -1	       0	       0	       0	      -1	      -1	      -1	      -1	      -1	      -1	      -1	      -1	      -1	      -1	       0	      -1	       0	       0	      -1	      -1	      -1	      -1	      -1	      -1	      -1	      -1	      -1	      -1	      -1	      -1	      -1	      -1	       0	      -1	      -1	      -1	      -1	      -1	       0	       0	       0	       0	      -1	      -1	       0	      -1	      -1	       0	      -1	      -1	       0	       0	      -1	      -1	      -1	      -1	      -1	       0	      -1	      -1	       0	      -1	       0	      -1	      -1	       0	      -1	       0	       0	      -1	      -1	      -1	      -1	       0	      -1	      -1	       0	       0	      -1	      -1	      -1	
pred 4        0	       0	       0	       0	       0	       1	       0	       1	       1	       1	      -1	      -1	       0	      -1	       0	       0	       0	       1	       1	       1	      -1	       0	       0	      -1	      -1	       0	       0	       0	       0	       0	       1	       0	       0	       0	       0	       0	       1	      -1	       0	       0	       0	       1	       0	       0	      -1	       0	       0	       0	       0	       0	       0	       1	       0	       0	       0	       0	      -1	       0	       0	       0	       0	      -1	       1	       0	       0	      -1	       0	      -1	       0	       0	      -1	       0	       1	       0	       0	       0	       0	       0	       1	       0	       0	      -1	       0	       0	       0	      -1	       0	       0	       0	       1	       0	       0	       0	       0	       0	       0	      -1	       0	       0	       0	       0	       1	       0	       0	       0	       0	       0	       0	       0	       0	       1	       0	       0	       0	       0	       0	       0	       0	       0	       0	       0	       0	      -1	       0	       0	       0	       0	       1	       1	      -1	       0	       0	      -1	       0	       1	       0	       0	       0	       0	       1	       1	       0	       1	       0	      -1	       0	      -1	       0	       1	       0	       0	       0	       0	       0	       0	       0	       0	       0	      -1	       0	       0	       0	       0	       1	      -1	       0	       0	      -1	       0	       1	       0	       0	       1	       0	       0	       0	       1	       0	       1	       1	       0	       0	       0	       0	       1	       0	       0	       0	      -1	       0	      -1	       0	       0	       0	       1	       0	       0	      -1	       1	       1	       1	       1	       0	       0	       0	       0	       0	       0	       1	       0	       0	       0	       1	      -1	      -1	       0	       0	       0	       0	       0	       1	       0	       0	       0	       0	       0	      -1	       0	       1	       0	       1	       1	       1	      -1	      -1	       0	       0	      -1	       0	       1	       0	
test 4        0	       0	       0	      -1	       0	      -1	      -1	       0	       0	       0	       0	      -1	      -1	      -1	      -1	      -1	      -1	       0	      -1	      -1	      -1	      -1	       0	      -1	       0	      -1	      -1	       0	       0	       0	      -1	       0	      -1	       0	      -1	      -1	      -1	       0	      -1	      -1	      -1	      -1	      -1	      -1	      -1	      -1	      -1	      -1	      -1	       0	      -1	       0	      -1	      -1	       0	       0	       0	      -1	       0	       0	      -1	      -1	       0	      -1	      -1	       0	       0	       0	      -1	       0	      -1	      -1	      -1	       0	       0	       0	       0	       0	      -1	       0	       0	      -1	      -1	      -1	      -1	       0	      -1	      -1	       0	      -1	      -1	      -1	       0	       0	       0	       0	       0	       1	      -1	      -1	      -1	      -1	       0	      -1	      -1	      -1	      -1	      -1	      -1	      -1	      -1	      -1	      -1	      -1	      -1	      -1	      -1	      -1	      -1	      -1	      -1	      -1	      -1	      -1	      -1	      -1	      -1	      -1	      -1	      -1	      -1	       0	       0	      -1	      -1	      -1	      -1	      -1	       0	      -1	      -1	       0	      -1	       0	       1	       0	      -1	      -1	      -1	      -1	       0	       0	       0	      -1	       0	       0	      -1	       0	       0	      -1	       0	       0	       0	       0	      -1	      -1	       0	       0	      -1	      -1	      -1	      -1	      -1	       0	       0	      -1	       0	       0	      -1	       0	      -1	      -1	      -1	      -1	      -1	      -1	      -1	      -1	      -1	      -1	      -1	      -1	       0	      -1	      -1	       0	       0	       0	       0	       0	       0	       0	       0	      -1	       1	       0	       0	       0	      -1	       0	       0	       0	      -1	       0	       0	      -1	      -1	       0	      -1	       0	       0	      -1	       0	      -1	      -1	       0	       0	       0	       0	      -1	      -1	       0	       0	       0	      -1	      -1	       0	       0	      -1	       0	      -1	
pred 5        0	       0	       0	       0	       0	       1	       0	       1	       1	       1	      -1	      -1	       0	      -1	       0	       0	       0	       1	       1	       1	      -1	       0	       0	      -1	      -1	       0	       0	       0	       0	       0	       1	       0	       0	       0	       0	       0	       1	      -1	       0	       0	       0	       1	       0	       0	      -1	       0	       0	       0	       0	       0	       0	       1	       0	       0	       0	       0	      -1	       0	       0	       0	       0	      -1	       1	       0	       0	      -1	       0	      -1	       0	       0	      -1	       0	       1	       0	       0	       0	       0	       0	       1	       0	       0	      -1	       0	       0	       0	      -1	       0	       0	       0	       1	       0	       0	       0	       0	       0	       0	      -1	       0	       0	       0	       0	       1	       0	       0	       0	       0	       0	       0	       0	       0	       1	       0	       0	       0	       0	       0	       0	       0	       0	       0	       0	       0	      -1	       0	       0	       0	       0	       1	       1	      -1	       0	       0	      -1	       0	       1	       0	       0	       0	       0	       1	       1	       0	       1	       0	      -1	       0	      -1	       0	       1	       0	       0	       0	       0	       0	       0	       0	       0	       0	      -1	       0	       0	       0	       0	       1	      -1	       0	       0	      -1	       0	       1	       0	       0	       1	       0	       0	       0	       1	       0	       1	       1	       0	       0	       0	       0	       1	       0	       0	       0	      -1	       0	      -1	       0	       0	       0	       1	       0	       0	      -1	       1	       1	       1	       1	       0	       0	       0	       0	       0	       0	       1	       0	       0	       0	       1	      -1	      -1	       0	       0	       0	       0	       0	       1	       0	       0	       0	       0	       0	      -1	       0	       1	       0	       1	       1	       1	      -1	      -1	       0	       0	      -1	       0	       1	       0	
test 5        1	       0	       0	      -1	       0	       0	      -1	       0	       0	       0	       0	      -1	      -1	      -1	      -1	      -1	      -1	       0	      -1	      -1	      -1	      -1	       0	      -1	       0	       0	       0	       0	       0	       0	      -1	       0	      -1	       0	      -1	      -1	      -1	       0	       0	      -1	      -1	      -1	      -1	      -1	      -1	      -1	      -1	      -1	      -1	       0	       0	       0	      -1	      -1	       0	       0	       0	      -1	       0	       0	      -1	      -1	       0	      -1	      -1	       0	       0	       0	      -1	       0	      -1	      -1	       0	       0	       0	       0	       0	       0	       0	       0	       0	      -1	       0	       0	      -1	       0	      -1	       0	       0	      -1	       0	      -1	       0	       0	      -1	      -1	       0	       1	      -1	      -1	      -1	      -1	       0	      -1	      -1	      -1	      -1	       0	      -1	      -1	      -1	      -1	      -1	      -1	      -1	      -1	      -1	       0	       0	      -1	      -1	      -1	      -1	      -1	      -1	       0	      -1	      -1	      -1	      -1	      -1	       0	       0	       0	      -1	       0	       0	      -1	       0	       0	      -1	       0	      -1	       0	       1	       0	       0	       0	       0	      -1	       0	       0	       0	      -1	       0	       0	      -1	       0	       0	      -1	       0	       0	       0	       0	      -1	      -1	       0	       0	      -1	       0	      -1	      -1	       1	       0	       0	      -1	       0	       0	      -1	       0	      -1	      -1	      -1	      -1	      -1	      -1	      -1	      -1	      -1	      -1	      -1	      -1	       0	      -1	       0	       0	       0	       0	       0	       0	       0	       0	       0	      -1	       1	       0	       0	       0	       0	       0	       0	       0	      -1	       0	       0	      -1	      -1	       0	      -1	       0	       0	      -1	       0	       0	      -1	       0	       0	       0	       0	      -1	      -1	       0	       0	       0	       0	      -1	       0	       0	       0	       0	      -1	
------
confusion matrix:
[[ 67 404  95]
 [ 77 293  95]
 [ 54 287  74]]
macro f1: 0.2659257029224714
micro f1: 0.30013831258644535
weighted f1: 0.26945289969444275
class -1 f1: 0.17539267015706805
class  0 f1: 0.4044168391994479
class  1 f1: 0.21796759941089838
average label-wise acc: 30.01%


ABL loop 2
--------------------
label        0	       1	       2	       3	       4	       5	       6	       7	       8	       9	      10	      11	      12	      13	      14	      15	      16	      17	      18	      19	      20	      21	      22	      23	      24	      25	      26	      27	      28	      29	      30	      31	      32	      33	      34	      35	      36	      37	      38	      39	      40	      41	      42	      43	      44	      45	      46	      47	      48	      49	      50	      51	      52	      53	      54	      55	      56	      57	      58	      59	      60	      61	      62	      63	      64	      65	      66	      67	      68	      69	      70	      71	      72	      73	      74	      75	      76	      77	      78	      79	      80	      81	      82	      83	      84	      85	      86	      87	      88	      89	      90	      91	      92	      93	      94	      95	      96	      97	      98	      99	     100	     101	     102	     103	     104	     105	     106	     107	     108	     109	     110	     111	     112	     113	     114	     115	     116	     117	     118	     119	     120	     121	     122	     123	     124	     125	     126	     127	     128	     129	     130	     131	     132	     133	     134	     135	     136	     137	     138	     139	     140	     141	     142	     143	     144	     145	     146	     147	     148	     149	     150	     151	     152	     153	     154	     155	     156	     157	     158	     159	     160	     161	     162	     163	     164	     165	     166	     167	     168	     169	     170	     171	     172	     173	     174	     175	     176	     177	     178	     179	     180	     181	     182	     183	     184	     185	     186	     187	     188	     189	     190	     191	     192	     193	     194	     195	     196	     197	     198	     199	     200	     201	     202	     203	     204	     205	     206	     207	     208	     209	     210	     211	     212	     213	     214	     215	     216	     217	     218	     219	     220	     221	     222	     223	     224	     225	     226	     227	     228	     229	     230	     231	     232	     233	     234	     235	     236	     237	     238	     239	     240	
   acc   16.67%	  66.67%	  50.00%	  16.67%	  50.00%	  33.33%	   0.00%	  33.33%	  33.33%	  33.33%	  16.67%	  66.67%	  33.33%	  66.67%	  16.67%	   0.00%	   0.00%	  33.33%	  33.33%	  33.33%	  50.00%	  16.67%	  50.00%	  50.00%	  16.67%	  50.00%	  33.33%	  33.33%	  83.33%	  50.00%	  33.33%	  50.00%	   0.00%	  50.00%	  16.67%	   0.00%	  33.33%	  16.67%	  33.33%	   0.00%	   0.00%	   0.00%	   0.00%	   0.00%	 100.00%	   0.00%	   0.00%	   0.00%	   0.00%	  33.33%	  16.67%	  16.67%	  16.67%	   0.00%	  33.33%	  50.00%	   0.00%	   0.00%	  50.00%	  50.00%	   0.00%	  66.67%	  33.33%	   0.00%	   0.00%	  16.67%	 100.00%	   0.00%	   0.00%	  50.00%	  66.67%	   0.00%	  16.67%	  50.00%	  50.00%	  50.00%	 100.00%	  83.33%	  33.33%	 100.00%	  66.67%	  66.67%	  33.33%	  33.33%	   0.00%	   0.00%	   0.00%	  33.33%	  66.67%	  33.33%	  33.33%	  16.67%	  83.33%	  83.33%	  50.00%	  50.00%	   0.00%	   0.00%	  16.67%	   0.00%	   0.00%	  33.33%	  50.00%	   0.00%	   0.00%	   0.00%	   0.00%	  16.67%	   0.00%	   0.00%	  33.33%	   0.00%	   0.00%	   0.00%	  16.67%	   0.00%	  16.67%	  33.33%	  16.67%	   0.00%	   0.00%	   0.00%	  50.00%	  16.67%	   0.00%	  33.33%	   0.00%	   0.00%	  33.33%	  66.67%	  16.67%	  66.67%	  16.67%	  33.33%	   0.00%	  33.33%	  33.33%	   0.00%	 100.00%	  33.33%	  33.33%	  50.00%	  33.33%	  50.00%	   0.00%	  33.33%	  50.00%	  33.33%	  33.33%	  16.67%	  66.67%	  83.33%	 100.00%	  16.67%	 100.00%	  83.33%	   0.00%	  83.33%	  16.67%	   0.00%	  50.00%	  66.67%	  66.67%	   0.00%	  66.67%	   0.00%	  50.00%	  16.67%	  16.67%	  33.33%	   0.00%	   0.00%	  50.00%	  50.00%	  66.67%	   0.00%	  16.67%	 100.00%	  33.33%	  33.33%	   0.00%	   0.00%	  16.67%	   0.00%	  33.33%	   0.00%	   0.00%	   0.00%	  66.67%	   0.00%	  66.67%	   0.00%	  66.67%	   0.00%	  33.33%	  50.00%	  50.00%	  16.67%	  33.33%	  33.33%	   0.00%	   0.00%	  33.33%	  16.67%	  33.33%	  33.33%	  50.00%	  83.33%	  33.33%	  50.00%	  66.67%	  66.67%	  33.33%	  16.67%	  16.67%	  16.67%	   0.00%	  66.67%	  16.67%	  50.00%	  33.33%	   0.00%	  66.67%	  16.67%	   0.00%	  66.67%	  16.67%	 100.00%	  33.33%	   0.00%	  33.33%	  33.33%	  33.33%	   0.00%	  33.33%	  16.67%	  66.67%	   0.00%	  33.33%	  33.33%	   0.00%	
    f1   0.0952	  0.4000	  0.2222	  0.0952	  0.2222	  0.1667	  0.0000	  0.2500	  0.1667	  0.1667	  0.0952	  0.4000	  0.1667	  0.4000	  0.0952	  0.0000	  0.0000	  0.1667	  0.2500	  0.2500	  0.2222	  0.0952	  0.2222	  0.2222	  0.0952	  0.3333	  0.1667	  0.1667	  0.4545	  0.2222	  0.2500	  0.2222	  0.0000	  0.2222	  0.0952	  0.0000	  0.1667	  0.0952	  0.1667	  0.0000	  0.0000	  0.0000	  0.0000	  0.0000	  1.0000	  0.0000	  0.0000	  0.0000	  0.0000	  0.1667	  0.0952	  0.1429	  0.0952	  0.0000	  0.1667	  0.2222	  0.0000	  0.0000	  0.2222	  0.2222	  0.0000	  0.4000	  0.2500	  0.0000	  0.0000	  0.0952	  1.0000	  0.0000	  0.0000	  0.2222	  0.4000	  0.0000	  0.0952	  0.2222	  0.2222	  0.2222	  1.0000	  0.4545	  0.1667	  1.0000	  0.2667	  0.4000	  0.1667	  0.1667	  0.0000	  0.0000	  0.0000	  0.1667	  0.2667	  0.1667	  0.1667	  0.0952	  0.4545	  0.4545	  0.2222	  0.3333	  0.0000	  0.0000	  0.0952	  0.0000	  0.0000	  0.2500	  0.2222	  0.0000	  0.0000	  0.0000	  0.0000	  0.0952	  0.0000	  0.0000	  0.1667	  0.0000	  0.0000	  0.0000	  0.0952	  0.0000	  0.0952	  0.1667	  0.0952	  0.0000	  0.0000	  0.0000	  0.2222	  0.0952	  0.0000	  0.1667	  0.0000	  0.0000	  0.2500	  0.4000	  0.0952	  0.4000	  0.1429	  0.1667	  0.0000	  0.1667	  0.1667	  0.0000	  1.0000	  0.1667	  0.1667	  0.2222	  0.2500	  0.2222	  0.0000	  0.1667	  0.2222	  0.1667	  0.1667	  0.0952	  0.4000	  0.4545	  1.0000	  0.0952	  1.0000	  0.4545	  0.0000	  0.4545	  0.0952	  0.0000	  0.2222	  0.4000	  0.4000	  0.0000	  0.4000	  0.0000	  0.2222	  0.0952	  0.0952	  0.1667	  0.0000	  0.0000	  0.2222	  0.2222	  0.4000	  0.0000	  0.1429	  1.0000	  0.2500	  0.1667	  0.0000	  0.0000	  0.0952	  0.0000	  0.2500	  0.0000	  0.0000	  0.0000	  0.4000	  0.0000	  0.4000	  0.0000	  0.4000	  0.0000	  0.1667	  0.2222	  0.2222	  0.0952	  0.2500	  0.2500	  0.0000	  0.0000	  0.1667	  0.0952	  0.2500	  0.1667	  0.2222	  0.4545	  0.1667	  0.2222	  0.4000	  0.4000	  0.1667	  0.0952	  0.0952	  0.0952	  0.0000	  0.4000	  0.0952	  0.2222	  0.2500	  0.0000	  0.4000	  0.0952	  0.0000	  0.4000	  0.0952	  1.0000	  0.2500	  0.0000	  0.2500	  0.1667	  0.1667	  0.0000	  0.1667	  0.0952	  0.4000	  0.0000	  0.1667	  0.1667	  0.0000	
pred 0        0	       0	       0	       0	       0	       1	       0	       1	       1	       1	      -1	      -1	       0	      -1	       0	       0	       0	       1	       1	       1	      -1	       0	       0	      -1	      -1	       0	       0	       0	       0	       0	       1	       0	       0	       0	       0	       0	       1	      -1	       0	       0	       0	       1	       0	       0	      -1	       0	       0	       0	       0	       0	       0	       1	       0	       0	       0	       0	      -1	       0	       0	       0	       0	      -1	       1	       0	       0	      -1	       0	      -1	       0	       0	      -1	       0	       1	       0	       0	       0	       0	       0	       1	       0	       0	      -1	       0	       0	       0	      -1	       0	       0	       0	       1	       0	       0	       0	       0	      -1	       0	      -1	       0	       0	       0	       0	       1	       0	       0	       0	       0	       0	       0	       0	       0	       1	       0	       0	       0	       0	       0	       0	       0	       0	       0	       0	       0	      -1	       0	       0	       0	       0	       1	       1	      -1	       0	       0	      -1	       0	       1	       0	       0	       0	       0	       1	       1	       0	       1	       0	      -1	       0	      -1	       0	       1	       0	       0	       0	       0	       0	       0	       0	       0	       0	      -1	       0	       0	       0	       0	       1	      -1	       0	       0	      -1	       0	       1	       0	       0	       1	       0	       0	       0	       1	       0	       1	       1	       0	       0	       0	       0	       1	       0	       0	       0	      -1	       0	      -1	       0	       0	       0	       1	       0	       0	      -1	       1	       1	       1	       1	       0	       0	       0	       0	       0	       0	       1	       0	       0	       0	       1	      -1	      -1	       0	       0	       0	       0	       0	       1	       0	       0	       0	       0	       0	      -1	       0	       1	       0	       1	       1	       1	      -1	      -1	       0	       0	      -1	       0	       1	       0	
test 0        1	       1	       1	       1	       1	       1	       1	       1	       1	       1	       1	       1	       1	       1	       1	       1	       1	       1	       1	       1	       1	       1	       1	       1	       0	       0	       1	       1	       0	       1	       1	       1	       1	       1	       1	       1	       1	       1	       1	       1	       1	      -1	      -1	      -1	      -1	      -1	      -1	       1	       1	       1	       1	       0	       0	       1	       1	       1	       1	       1	       1	       1	       1	       1	       1	       1	       1	       1	       0	       0	       1	       1	       1	       1	       0	       0	       1	       1	       0	       0	       1	       0	       0	       1	       1	       1	       1	       0	      -1	       0	       0	       1	       1	       1	       0	       0	       1	       0	       0	       1	       1	       1	       1	       1	       1	       1	       1	       1	       1	       1	       1	       1	       1	       1	       1	       1	       1	       1	       1	       1	       1	       1	       1	       1	       1	       1	       1	       1	       1	      -1	       1	       1	       1	       1	       0	       1	       0	       1	       1	       1	       0	       1	       1	       1	       1	       1	       1	       1	       1	       1	       1	       0	       1	       0	       0	       1	       0	       1	       1	       0	       1	       1	       1	       1	       1	       0	       1	       1	       1	       1	       1	       1	       1	       1	       1	       1	       1	       1	       0	       0	       1	       1	       1	       1	       1	       1	       1	       1	       1	       1	       0	       1	       1	       1	       1	       1	       1	       1	       1	       1	       1	       1	       0	       0	       1	       0	       1	       1	       1	       0	       1	       1	       1	       1	       1	       1	       1	       1	       1	       1	       1	       1	       1	       1	       1	       1	       1	       1	       1	       0	       1	       1	       1	       1	       1	       1	       1	       1	       1	       0	       1	       1	       1	
pred 1        0	       0	       0	       0	       0	       1	       0	       1	       1	       1	      -1	      -1	       0	      -1	       0	       0	       0	       1	       1	       1	      -1	       0	       0	      -1	      -1	       0	       0	       0	       0	       0	       1	       0	       0	       0	       0	       0	       1	      -1	       0	       0	       0	       1	       0	       0	      -1	       0	       0	       0	       0	       0	       0	       1	       0	       0	       0	       0	      -1	       0	       0	       0	       0	      -1	       1	       0	       0	      -1	       0	      -1	       0	       0	      -1	       0	       1	       0	       0	       0	       0	       0	       1	       0	       0	      -1	       0	       0	       0	      -1	       0	       0	       0	       1	       0	       0	       0	       0	      -1	       0	      -1	       0	       0	       0	       0	       1	       0	       0	       0	       0	       0	       0	       0	       0	       1	       0	       0	       0	       0	       0	       0	       0	       0	       0	       0	       0	      -1	       0	       0	       0	       0	       1	       1	      -1	       0	       0	      -1	       0	       1	       0	       0	       0	       0	       1	       1	       0	       1	       0	      -1	       0	      -1	       0	       1	       0	       0	       0	       0	       0	       0	       0	       0	       0	      -1	       0	       0	       0	       0	       1	      -1	       0	       0	      -1	       0	       1	       0	       0	       1	       0	       0	       0	       1	       0	       1	       1	       0	       0	       0	       0	       1	       0	       0	       0	      -1	       0	      -1	       0	       0	       0	       1	       0	       0	      -1	       1	       1	       1	       1	       0	       0	       0	       0	       0	       0	       1	       0	       0	       0	       1	      -1	      -1	       0	       0	       0	       0	       0	       1	       0	       0	       0	       0	       0	      -1	       0	       1	       0	       1	       1	       1	      -1	      -1	       0	       0	      -1	       0	       1	       0	
test 1        1	       1	       1	       1	       1	       1	       1	       1	       1	       1	       1	       1	       1	       1	       1	       1	       1	       1	       1	       1	       1	       1	       1	       1	       1	       0	       1	       1	       1	       1	       1	       1	       1	       1	       1	       1	       1	       1	       1	       1	       1	      -1	      -1	      -1	      -1	      -1	      -1	       1	       1	       1	       1	       1	       1	       1	       1	       1	       1	       1	       1	       1	       1	       1	       1	       1	       1	       1	       0	       0	       1	       1	       1	       1	       1	       1	       1	       1	       0	       0	       1	       0	       1	       1	       1	       1	       1	       0	      -1	       1	       1	       1	       1	       1	       0	       0	       1	       0	       0	       1	       1	       1	       1	       1	       1	       1	       1	       1	       1	       1	       1	       1	       1	       1	       1	       1	       1	       1	       1	       1	       1	       1	       1	       1	       1	       1	       1	       1	       1	      -1	       1	       1	       1	       1	       0	       1	       0	       1	       1	       1	       0	       1	       1	       1	       1	       1	       1	       1	       1	       1	       1	       1	       1	       1	       0	       1	       0	       0	       1	       1	       1	       1	       1	       1	       1	       0	       1	       1	       1	       1	       1	       1	       1	       1	       1	       1	       1	       1	       1	       0	       1	       1	       1	       1	       1	       1	       1	       1	       1	       1	       0	       1	       1	       1	       1	       1	       1	       1	       1	       1	       1	       1	       0	       0	       1	       1	       1	       1	       1	       1	       1	       1	       1	       1	       1	       1	       1	       1	       1	       1	       1	       1	       1	       1	       1	       1	       1	       1	       1	       0	       1	       1	       1	       1	       1	       1	       1	       1	       1	       0	       1	       1	       1	
pred 2        0	       0	       0	       0	       0	       1	       0	       1	       1	       1	      -1	      -1	       0	      -1	       0	       0	       0	       1	       1	       1	      -1	       0	       0	      -1	      -1	       0	       0	       0	       0	       0	       1	       0	       0	       0	       0	       0	       1	      -1	       0	       0	       0	       1	       0	       0	      -1	       0	       0	       0	       0	       0	       0	       1	       0	       0	       0	       0	      -1	       0	       0	       0	       0	      -1	       1	       0	       0	      -1	       0	      -1	       0	       0	      -1	       0	       1	       0	       0	       0	       0	       0	       1	       0	       0	      -1	       0	       0	       0	      -1	       0	       0	       0	       1	       0	       0	       0	       0	      -1	       0	      -1	       0	       0	       0	       0	       1	       0	       0	       0	       0	       0	       0	       0	       0	       1	       0	       0	       0	       0	       0	       0	       0	       0	       0	       0	       0	      -1	       0	       0	       0	       0	       1	       1	      -1	       0	       0	      -1	       0	       1	       0	       0	       0	       0	       1	       1	       0	       1	       0	      -1	       0	      -1	       0	       1	       0	       0	       0	       0	       0	       0	       0	       0	       0	      -1	       0	       0	       0	       0	       1	      -1	       0	       0	      -1	       0	       1	       0	       0	       1	       0	       0	       0	       1	       0	       1	       1	       0	       0	       0	       0	       1	       0	       0	       0	      -1	       0	      -1	       0	       0	       0	       1	       0	       0	      -1	       1	       1	       1	       1	       0	       0	       0	       0	       0	       0	       1	       0	       0	       0	       1	      -1	      -1	       0	       0	       0	       0	       0	       1	       0	       0	       0	       0	       0	      -1	       0	       1	       0	       1	       1	       1	      -1	      -1	       0	       0	      -1	       0	       1	       0	
test 2        1	       0	       0	       0	       0	       0	      -1	       0	       0	      -1	       0	      -1	       0	      -1	       0	      -1	      -1	       0	      -1	      -1	       0	       0	       0	       0	       0	      -1	       0	      -1	       0	       0	      -1	       0	      -1	       0	       0	      -1	       0	       0	       0	      -1	      -1	      -1	      -1	      -1	      -1	      -1	      -1	      -1	      -1	      -1	      -1	       0	      -1	      -1	      -1	       0	       0	      -1	       0	       0	      -1	      -1	       0	      -1	      -1	       0	       0	       0	      -1	       0	      -1	      -1	       0	      -1	       0	       0	       0	       0	      -1	       0	       0	      -1	       0	       0	      -1	       0	      -1	      -1	       0	       0	       0	       0	       0	       0	      -1	      -1	       0	      -1	       0	      -1	      -1	      -1	       0	      -1	      -1	      -1	      -1	      -1	      -1	      -1	       0	      -1	      -1	      -1	       0	      -1	       0	       0	      -1	      -1	      -1	      -1	       0	       0	      -1	       0	      -1	      -1	      -1	      -1	       0	       0	       0	       0	      -1	       0	       0	      -1	       0	       0	       0	       0	      -1	       0	       1	      -1	      -1	       0	       0	      -1	       0	       0	       0	       0	       0	       0	      -1	       0	       0	      -1	       0	       0	       0	       0	      -1	      -1	       0	       0	       0	      -1	      -1	      -1	       0	       0	       0	      -1	       0	       0	      -1	       0	      -1	      -1	       0	      -1	      -1	      -1	      -1	      -1	      -1	      -1	      -1	      -1	       0	      -1	       0	       0	       0	       0	       0	       0	       0	       0	       1	      -1	       0	      -1	       0	       0	       0	       0	       0	       0	       0	       0	       0	       0	      -1	       0	       0	       0	       0	      -1	       0	      -1	      -1	       0	       0	       0	       0	      -1	      -1	       0	       0	       0	       0	       0	       0	       0	       0	       0	      -1	
pred 3        0	       0	       0	       0	       0	       1	       0	       1	       1	       1	      -1	      -1	       0	      -1	       0	       0	       0	       1	       1	       1	      -1	       0	       0	      -1	      -1	       0	       0	       0	       0	       0	       1	       0	       0	       0	       0	       0	       1	      -1	       0	       0	       0	       1	       0	       0	      -1	       0	       0	       0	       0	       0	       0	       1	       0	       0	       0	       0	      -1	       0	       0	       0	       0	      -1	       1	       0	       0	      -1	       0	      -1	       0	       0	      -1	       0	       1	       0	       0	       0	       0	       0	       1	       0	       0	      -1	       0	       0	       0	      -1	       0	       0	       0	       1	       0	       0	       0	       0	      -1	       0	      -1	       0	       0	       0	       0	       1	       0	       0	       0	       0	       0	       0	       0	       0	       1	       0	       0	       0	       0	       0	       0	       0	       0	       0	       0	       0	      -1	       0	       0	       0	       0	       1	       1	      -1	       0	       0	      -1	       0	       1	       0	       0	       0	       0	       1	       1	       0	       1	       0	      -1	       0	      -1	       0	       1	       0	       0	       0	       0	       0	       0	       0	       0	       0	      -1	       0	       0	       0	       0	       1	      -1	       0	       0	      -1	       0	       1	       0	       0	       1	       0	       0	       0	       1	       0	       1	       1	       0	       0	       0	       0	       1	       0	       0	       0	      -1	       0	      -1	       0	       0	       0	       1	       0	       0	      -1	       1	       1	       1	       1	       0	       0	       0	       0	       0	       0	       1	       0	       0	       0	       1	      -1	      -1	       0	       0	       0	       0	       0	       1	       0	       0	       0	       0	       0	      -1	       0	       1	       0	       1	       1	       1	      -1	      -1	       0	       0	      -1	       0	       1	       0	
test 3       -1	       0	      -1	      -1	      -1	      -1	      -1	       0	      -1	      -1	      -1	      -1	       0	      -1	      -1	      -1	      -1	      -1	      -1	      -1	      -1	      -1	      -1	      -1	      -1	      -1	      -1	      -1	       0	      -1	      -1	      -1	      -1	      -1	      -1	      -1	      -1	      -1	      -1	      -1	      -1	      -1	      -1	      -1	      -1	      -1	      -1	      -1	      -1	      -1	      -1	       0	      -1	      -1	      -1	      -1	       0	      -1	      -1	      -1	      -1	      -1	       0	      -1	      -1	      -1	       0	       0	      -1	      -1	      -1	      -1	      -1	      -1	      -1	      -1	       0	      -1	      -1	       0	      -1	      -1	      -1	      -1	      -1	       0	      -1	      -1	      -1	      -1	      -1	      -1	      -1	      -1	      -1	      -1	       0	      -1	      -1	      -1	      -1	      -1	      -1	      -1	      -1	      -1	      -1	      -1	      -1	      -1	      -1	      -1	      -1	      -1	      -1	      -1	      -1	      -1	      -1	      -1	      -1	      -1	      -1	      -1	      -1	      -1	      -1	      -1	      -1	      -1	      -1	       0	      -1	      -1	      -1	      -1	      -1	      -1	       0	      -1	      -1	      -1	      -1	      -1	       0	      -1	      -1	      -1	      -1	      -1	       0	       0	       0	      -1	       0	       0	      -1	       0	      -1	      -1	      -1	       0	       0	       0	      -1	      -1	      -1	      -1	      -1	      -1	      -1	      -1	      -1	      -1	       0	      -1	       0	       0	      -1	      -1	      -1	      -1	      -1	      -1	      -1	      -1	      -1	      -1	      -1	      -1	      -1	      -1	       0	      -1	      -1	      -1	      -1	      -1	       0	       0	       0	       0	      -1	      -1	       0	      -1	      -1	       0	      -1	      -1	       0	       0	      -1	      -1	      -1	      -1	      -1	       0	      -1	      -1	       0	      -1	       0	      -1	      -1	       0	      -1	       0	       0	      -1	      -1	      -1	      -1	       0	      -1	      -1	       0	       0	      -1	      -1	      -1	
pred 4        0	       0	       0	       0	       0	       1	       0	       1	       1	       1	      -1	      -1	       0	      -1	       0	       0	       0	       1	       1	       1	      -1	       0	       0	      -1	      -1	       0	       0	       0	       0	       0	       1	       0	       0	       0	       0	       0	       1	      -1	       0	       0	       0	       1	       0	       0	      -1	       0	       0	       0	       0	       0	       0	       1	       0	       0	       0	       0	      -1	       0	       0	       0	       0	      -1	       1	       0	       0	      -1	       0	      -1	       0	       0	      -1	       0	       1	       0	       0	       0	       0	       0	       1	       0	       0	      -1	       0	       0	       0	      -1	       0	       0	       0	       1	       0	       0	       0	       0	      -1	       0	      -1	       0	       0	       0	       0	       1	       0	       0	       0	       0	       0	       0	       0	       0	       1	       0	       0	       0	       0	       0	       0	       0	       0	       0	       0	       0	      -1	       0	       0	       0	       0	       1	       1	      -1	       0	       0	      -1	       0	       1	       0	       0	       0	       0	       1	       1	       0	       1	       0	      -1	       0	      -1	       0	       1	       0	       0	       0	       0	       0	       0	       0	       0	       0	      -1	       0	       0	       0	       0	       1	      -1	       0	       0	      -1	       0	       1	       0	       0	       1	       0	       0	       0	       1	       0	       1	       1	       0	       0	       0	       0	       1	       0	       0	       0	      -1	       0	      -1	       0	       0	       0	       1	       0	       0	      -1	       1	       1	       1	       1	       0	       0	       0	       0	       0	       0	       1	       0	       0	       0	       1	      -1	      -1	       0	       0	       0	       0	       0	       1	       0	       0	       0	       0	       0	      -1	       0	       1	       0	       1	       1	       1	      -1	      -1	       0	       0	      -1	       0	       1	       0	
test 4        0	       0	       0	      -1	       0	      -1	      -1	       0	       0	       0	       0	      -1	      -1	      -1	      -1	      -1	      -1	       0	      -1	      -1	      -1	      -1	       0	      -1	       0	      -1	      -1	       0	       0	       0	      -1	       0	      -1	       0	      -1	      -1	      -1	       0	      -1	      -1	      -1	      -1	      -1	      -1	      -1	      -1	      -1	      -1	      -1	       0	      -1	       0	      -1	      -1	       0	       0	       0	      -1	       0	       0	      -1	      -1	       0	      -1	      -1	       0	       0	       0	      -1	       0	      -1	      -1	      -1	       0	       0	       0	       0	       0	      -1	       0	       0	      -1	      -1	      -1	      -1	       0	      -1	      -1	       0	      -1	      -1	      -1	       0	       0	       0	       0	       0	       1	      -1	      -1	      -1	      -1	       0	      -1	      -1	      -1	      -1	      -1	      -1	      -1	      -1	      -1	      -1	      -1	      -1	      -1	      -1	      -1	      -1	      -1	      -1	      -1	      -1	      -1	      -1	      -1	      -1	      -1	      -1	      -1	      -1	       0	       0	      -1	      -1	      -1	      -1	      -1	       0	      -1	      -1	       0	      -1	       0	       1	       0	      -1	      -1	      -1	      -1	       0	       0	       0	      -1	       0	       0	      -1	       0	       0	      -1	       0	       0	       0	       0	      -1	      -1	       0	       0	      -1	      -1	      -1	      -1	      -1	       0	       0	      -1	       0	       0	      -1	       0	      -1	      -1	      -1	      -1	      -1	      -1	      -1	      -1	      -1	      -1	      -1	      -1	       0	      -1	      -1	       0	       0	       0	       0	       0	       0	       0	       0	      -1	       1	       0	       0	       0	      -1	       0	       0	       0	      -1	       0	       0	      -1	      -1	       0	      -1	       0	       0	      -1	       0	      -1	      -1	       0	       0	       0	       0	      -1	      -1	       0	       0	       0	      -1	      -1	       0	       0	      -1	       0	      -1	
pred 5        0	       0	       0	       0	       0	       1	       0	       1	       1	       1	      -1	      -1	       0	      -1	       0	       0	       0	       1	       1	       1	      -1	       0	       0	      -1	      -1	       0	       0	       0	       0	       0	       1	       0	       0	       0	       0	       0	       1	      -1	       0	       0	       0	       1	       0	       0	      -1	       0	       0	       0	       0	       0	       0	       1	       0	       0	       0	       0	      -1	       0	       0	       0	       0	      -1	       1	       0	       0	      -1	       0	      -1	       0	       0	      -1	       0	       1	       0	       0	       0	       0	       0	       1	       0	       0	      -1	       0	       0	       0	      -1	       0	       0	       0	       1	       0	       0	       0	       0	      -1	       0	      -1	       0	       0	       0	       0	       1	       0	       0	       0	       0	       0	       0	       0	       0	       1	       0	       0	       0	       0	       0	       0	       0	       0	       0	       0	       0	      -1	       0	       0	       0	       0	       1	       1	      -1	       0	       0	      -1	       0	       1	       0	       0	       0	       0	       1	       1	       0	       1	       0	      -1	       0	      -1	       0	       1	       0	       0	       0	       0	       0	       0	       0	       0	       0	      -1	       0	       0	       0	       0	       1	      -1	       0	       0	      -1	       0	       1	       0	       0	       1	       0	       0	       0	       1	       0	       1	       1	       0	       0	       0	       0	       1	       0	       0	       0	      -1	       0	      -1	       0	       0	       0	       1	       0	       0	      -1	       1	       1	       1	       1	       0	       0	       0	       0	       0	       0	       1	       0	       0	       0	       1	      -1	      -1	       0	       0	       0	       0	       0	       1	       0	       0	       0	       0	       0	      -1	       0	       1	       0	       1	       1	       1	      -1	      -1	       0	       0	      -1	       0	       1	       0	
test 5        1	       0	       0	      -1	       0	       0	      -1	       0	       0	       0	       0	      -1	      -1	      -1	      -1	      -1	      -1	       0	      -1	      -1	      -1	      -1	       0	      -1	       0	       0	       0	       0	       0	       0	      -1	       0	      -1	       0	      -1	      -1	      -1	       0	       0	      -1	      -1	      -1	      -1	      -1	      -1	      -1	      -1	      -1	      -1	       0	       0	       0	      -1	      -1	       0	       0	       0	      -1	       0	       0	      -1	      -1	       0	      -1	      -1	       0	       0	       0	      -1	       0	      -1	      -1	       0	       0	       0	       0	       0	       0	       0	       0	       0	      -1	       0	       0	      -1	       0	      -1	       0	       0	      -1	       0	      -1	       0	       0	      -1	      -1	       0	       1	      -1	      -1	      -1	      -1	       0	      -1	      -1	      -1	      -1	       0	      -1	      -1	      -1	      -1	      -1	      -1	      -1	      -1	      -1	       0	       0	      -1	      -1	      -1	      -1	      -1	      -1	       0	      -1	      -1	      -1	      -1	      -1	       0	       0	       0	      -1	       0	       0	      -1	       0	       0	      -1	       0	      -1	       0	       1	       0	       0	       0	       0	      -1	       0	       0	       0	      -1	       0	       0	      -1	       0	       0	      -1	       0	       0	       0	       0	      -1	      -1	       0	       0	      -1	       0	      -1	      -1	       1	       0	       0	      -1	       0	       0	      -1	       0	      -1	      -1	      -1	      -1	      -1	      -1	      -1	      -1	      -1	      -1	      -1	      -1	       0	      -1	       0	       0	       0	       0	       0	       0	       0	       0	       0	      -1	       1	       0	       0	       0	       0	       0	       0	       0	      -1	       0	       0	      -1	      -1	       0	      -1	       0	       0	      -1	       0	       0	      -1	       0	       0	       0	       0	      -1	      -1	       0	       0	       0	       0	      -1	       0	       0	       0	       0	      -1	
------
confusion matrix:
[[ 70 401  95]
 [ 78 292  95]
 [ 56 285  74]]
macro f1: 0.268166061980495
micro f1: 0.301521438450899
weighted f1: 0.27134767174720764
class -1 f1: 0.18181818181818182
class  0 f1: 0.4047124047124047
class  1 f1: 0.21796759941089838
average label-wise acc: 30.15%



======
micA
=====


before pretrain
--------------------
label        0	       1	       2	       3	       4	       5	       6	       7	       8	       9	      10	      11	      12	      13	      14	      15	      16	      17	      18	      19	      20	      21	      22	      23	      24	      25	      26	      27	      28	      29	      30	      31	      32	      33	      34	      35	      36	      37	      38	      39	      40	      41	      42	      43	      44	      45	      46	      47	      48	      49	      50	      51	      52	      53	      54	      55	      56	      57	      58	      59	      60	      61	      62	      63	      64	      65	      66	      67	      68	      69	      70	      71	      72	      73	      74	      75	      76	      77	      78	      79	      80	      81	      82	      83	      84	      85	      86	      87	      88	      89	      90	      91	      92	      93	      94	      95	      96	      97	      98	      99	     100	     101	     102	     103	     104	     105	     106	     107	     108	     109	     110	     111	     112	     113	     114	     115	     116	     117	     118	     119	     120	     121	     122	     123	     124	     125	     126	     127	     128	     129	     130	     131	     132	     133	     134	     135	     136	     137	     138	     139	     140	     141	     142	     143	     144	     145	     146	     147	     148	     149	     150	     151	     152	     153	     154	     155	     156	     157	     158	     159	     160	     161	     162	     163	     164	     165	     166	     167	     168	     169	     170	     171	     172	     173	     174	     175	     176	     177	     178	     179	     180	     181	     182	     183	     184	     185	     186	     187	     188	     189	     190	     191	     192	     193	     194	     195	     196	     197	     198	     199	     200	     201	     202	     203	     204	     205	     206	     207	     208	     209	     210	     211	     212	     213	     214	     215	     216	     217	     218	     219	     220	     221	     222	     223	     224	     225	     226	     227	     228	     229	     230	     231	     232	     233	     234	     235	     236	     237	     238	     239	     240	
   acc    0.00%	 100.00%	 100.00%	 100.00%	 100.00%	 100.00%	   0.00%	 100.00%	 100.00%	 100.00%	 100.00%	 100.00%	  33.33%	   0.00%	   0.00%	   0.00%	   0.00%	   0.00%	   0.00%	   0.00%	 100.00%	   0.00%	 100.00%	   0.00%	 100.00%	 100.00%	   0.00%	   0.00%	   0.00%	   0.00%	   0.00%	  33.33%	   0.00%	   0.00%	   0.00%	  33.33%	   0.00%	 100.00%	   0.00%	   0.00%	   0.00%	 100.00%	  33.33%	 100.00%	   0.00%	  33.33%	   0.00%	  66.67%	   0.00%	 100.00%	   0.00%	   0.00%	  33.33%	   0.00%	   0.00%	 100.00%	  66.67%	   0.00%	 100.00%	 100.00%	 100.00%	   0.00%	   0.00%	   0.00%	 100.00%	 100.00%	   0.00%	   0.00%	   0.00%	   0.00%	 100.00%	   0.00%	 100.00%	   0.00%	   0.00%	   0.00%	 100.00%	 100.00%	 100.00%	   0.00%	 100.00%	   0.00%	  33.33%	   0.00%	   0.00%	   0.00%	   0.00%	   0.00%	 100.00%	   0.00%	 100.00%	   0.00%	 100.00%	 100.00%	   0.00%	   0.00%	   0.00%	   0.00%	 100.00%	   0.00%	 100.00%	   0.00%	 100.00%	   0.00%	   0.00%	   0.00%	   0.00%	   0.00%	 100.00%	   0.00%	   0.00%	   0.00%	 100.00%	   0.00%	 100.00%	   0.00%	   0.00%	   0.00%	   0.00%	   0.00%	 100.00%	  66.67%	   0.00%	 100.00%	 100.00%	   0.00%	 100.00%	  66.67%	   0.00%	 100.00%	   0.00%	 100.00%	   0.00%	   0.00%	   0.00%	 100.00%	 100.00%	  66.67%	   0.00%	   0.00%	 100.00%	   0.00%	   0.00%	   0.00%	 100.00%	   0.00%	   0.00%	   0.00%	   0.00%	   0.00%	   0.00%	   0.00%	   0.00%	   0.00%	   0.00%	 100.00%	   0.00%	   0.00%	 100.00%	   0.00%	   0.00%	   0.00%	  66.67%	   0.00%	 100.00%	   0.00%	   0.00%	 100.00%	   0.00%	   0.00%	  33.33%	   0.00%	  66.67%	   0.00%	   0.00%	   0.00%	   0.00%	   0.00%	   0.00%	  33.33%	   0.00%	  33.33%	   0.00%	   0.00%	 100.00%	 100.00%	   0.00%	  33.33%	   0.00%	 100.00%	   0.00%	 100.00%	   0.00%	   0.00%	   0.00%	 100.00%	   0.00%	   0.00%	   0.00%	   0.00%	   0.00%	  33.33%	 100.00%	 100.00%	   0.00%	   0.00%	   0.00%	   0.00%	   0.00%	   0.00%	 100.00%	 100.00%	   0.00%	 100.00%	 100.00%	   0.00%	 100.00%	 100.00%	   0.00%	   0.00%	   0.00%	 100.00%	   0.00%	   0.00%	   0.00%	   0.00%	  66.67%	 100.00%	   0.00%	 100.00%	   0.00%	   0.00%	  66.67%	   0.00%	 100.00%	   0.00%	 100.00%	   0.00%	  66.67%	   0.00%	   0.00%	
    f1   0.0000	  1.0000	  1.0000	  1.0000	  1.0000	  1.0000	  0.0000	  1.0000	  1.0000	  1.0000	  1.0000	  1.0000	  0.2500	  0.0000	  0.0000	  0.0000	  0.0000	  0.0000	  0.0000	  0.0000	  1.0000	  0.0000	  1.0000	  0.0000	  1.0000	  1.0000	  0.0000	  0.0000	  0.0000	  0.0000	  0.0000	  0.2500	  0.0000	  0.0000	  0.0000	  0.2500	  0.0000	  1.0000	  0.0000	  0.0000	  0.0000	  1.0000	  0.2500	  1.0000	  0.0000	  0.2500	  0.0000	  0.4000	  0.0000	  1.0000	  0.0000	  0.0000	  0.2500	  0.0000	  0.0000	  1.0000	  0.4000	  0.0000	  1.0000	  1.0000	  1.0000	  0.0000	  0.0000	  0.0000	  1.0000	  1.0000	  0.0000	  0.0000	  0.0000	  0.0000	  1.0000	  0.0000	  1.0000	  0.0000	  0.0000	  0.0000	  1.0000	  1.0000	  1.0000	  0.0000	  1.0000	  0.0000	  0.2500	  0.0000	  0.0000	  0.0000	  0.0000	  0.0000	  1.0000	  0.0000	  1.0000	  0.0000	  1.0000	  1.0000	  0.0000	  0.0000	  0.0000	  0.0000	  1.0000	  0.0000	  1.0000	  0.0000	  1.0000	  0.0000	  0.0000	  0.0000	  0.0000	  0.0000	  1.0000	  0.0000	  0.0000	  0.0000	  1.0000	  0.0000	  1.0000	  0.0000	  0.0000	  0.0000	  0.0000	  0.0000	  1.0000	  0.4000	  0.0000	  1.0000	  1.0000	  0.0000	  1.0000	  0.4000	  0.0000	  1.0000	  0.0000	  1.0000	  0.0000	  0.0000	  0.0000	  1.0000	  1.0000	  0.4000	  0.0000	  0.0000	  1.0000	  0.0000	  0.0000	  0.0000	  1.0000	  0.0000	  0.0000	  0.0000	  0.0000	  0.0000	  0.0000	  0.0000	  0.0000	  0.0000	  0.0000	  1.0000	  0.0000	  0.0000	  1.0000	  0.0000	  0.0000	  0.0000	  0.4000	  0.0000	  1.0000	  0.0000	  0.0000	  1.0000	  0.0000	  0.0000	  0.1667	  0.0000	  0.4000	  0.0000	  0.0000	  0.0000	  0.0000	  0.0000	  0.0000	  0.2500	  0.0000	  0.2500	  0.0000	  0.0000	  1.0000	  1.0000	  0.0000	  0.2500	  0.0000	  1.0000	  0.0000	  1.0000	  0.0000	  0.0000	  0.0000	  1.0000	  0.0000	  0.0000	  0.0000	  0.0000	  0.0000	  0.2500	  1.0000	  1.0000	  0.0000	  0.0000	  0.0000	  0.0000	  0.0000	  0.0000	  1.0000	  1.0000	  0.0000	  1.0000	  1.0000	  0.0000	  1.0000	  1.0000	  0.0000	  0.0000	  0.0000	  1.0000	  0.0000	  0.0000	  0.0000	  0.0000	  0.4000	  1.0000	  0.0000	  1.0000	  0.0000	  0.0000	  0.4000	  0.0000	  1.0000	  0.0000	  1.0000	  0.0000	  0.4000	  0.0000	  0.0000	
pred 0        0	       1	       1	       1	       1	       1	       0	       1	       1	       1	       1	       1	       0	      -1	       1	      -1	       0	       0	       0	      -1	       1	       0	       1	       0	       1	       1	      -1	      -1	       0	      -1	       0	       1	       1	      -1	       1	      -1	      -1	       1	      -1	      -1	      -1	      -1	      -1	       0	       1	       0	       1	       1	       0	       1	       0	      -1	       0	      -1	       0	       1	       1	      -1	       1	       1	       1	       0	      -1	       0	       1	       1	      -1	      -1	      -1	      -1	       1	      -1	       1	       0	       0	       0	       1	       1	       1	      -1	       1	      -1	       0	       0	      -1	       0	       0	      -1	       1	       0	       1	      -1	       1	       1	       0	      -1	       0	       0	       1	       0	       1	       0	       1	       0	       0	       0	      -1	      -1	       1	      -1	      -1	      -1	       1	      -1	       1	      -1	      -1	      -1	       0	      -1	       1	       1	      -1	       1	       1	       0	       1	      -1	       0	       1	       0	       1	      -1	       0	      -1	       1	       1	       0	       0	      -1	       1	      -1	      -1	      -1	       1	       0	       0	       0	      -1	       0	       0	       0	      -1	       0	       1	       0	      -1	       1	       1	       0	      -1	      -1	       1	      -1	       1	      -1	      -1	       1	      -1	      -1	       0	      -1	       1	       0	      -1	      -1	      -1	      -1	       0	       0	      -1	      -1	       1	       0	       1	       1	      -1	       0	      -1	       1	       0	       1	      -1	      -1	       0	       1	      -1	      -1	      -1	      -1	      -1	       1	       1	       0	       0	       0	       0	       0	       0	       0	       1	       1	      -1	       0	       1	       0	       1	       1	       0	      -1	      -1	       1	      -1	      -1	       0	      -1	       1	       1	       0	      -1	       0	       0	       1	      -1	       1	       0	       1	       0	       0	       0	       0	
test 0        1	       1	       1	       1	       1	       1	       1	       1	       1	       1	       1	       1	       0	       1	       0	       0	       1	       1	      -1	       1	       1	       1	       1	       1	       1	       1	       1	       1	       1	       1	       1	       1	       0	       1	       0	       0	       0	       1	       1	       1	       1	      -1	       0	       0	       0	       0	       0	       1	       1	       1	       1	       1	       1	       1	       1	       1	       1	       1	       1	       1	       1	       1	       0	       1	       1	       1	       1	       1	       1	       1	       1	       1	       1	       1	       1	       1	       1	       1	       1	       1	       1	       1	       1	       1	       1	       1	       1	       1	       1	       1	       1	       1	       1	       1	       1	       1	       1	       1	       1	       1	       1	       1	       1	       1	       1	       1	       1	       1	       1	       1	       1	       1	       1	       1	       1	       1	       1	       1	       1	       1	       1	       1	       1	       1	       1	       1	       1	       0	       1	       1	       1	       1	       1	       1	       1	       1	       1	       0	       1	       1	       1	       1	       1	       1	       1	       1	       1	       1	       1	       1	       1	       1	       1	       1	       0	       0	       1	       0	       1	       1	       1	       1	       1	       1	       1	       1	       1	       1	       1	       1	       1	       1	       1	       1	       1	       1	       0	       0	       1	       1	       1	       1	       0	       1	       1	       1	       1	       1	       1	       1	       1	       1	       1	       1	       1	       1	       1	       1	       1	       1	       1	       1	       1	       0	       1	       1	       1	       1	       1	       1	       1	       1	       1	       0	       1	       1	       1	       1	       1	       1	       1	       1	       1	       1	       1	       1	       1	       1	       1	      -1	       1	       1	       1	       1	       1	       1	       1	       1	       1	       1	       1	
pred 1        0	       1	       1	       1	       1	       1	       0	       1	       1	       1	       1	       1	       0	      -1	       1	      -1	       0	       0	       0	      -1	       1	       0	       1	       0	       1	       1	      -1	      -1	       0	      -1	       0	       1	       1	      -1	       1	      -1	      -1	       1	      -1	      -1	      -1	      -1	      -1	       0	       1	       0	       1	       1	       0	       1	       0	      -1	       0	      -1	       0	       1	       1	      -1	       1	       1	       1	       0	      -1	       0	       1	       1	      -1	      -1	      -1	      -1	       1	      -1	       1	       0	       0	       0	       1	       1	       1	      -1	       1	      -1	       0	       0	      -1	       0	       0	      -1	       1	       0	       1	      -1	       1	       1	       0	      -1	       0	       0	       1	       0	       1	       0	       1	       0	       0	       0	      -1	      -1	       1	      -1	      -1	      -1	       1	      -1	       1	      -1	      -1	      -1	       0	      -1	       1	       1	      -1	       1	       1	       0	       1	      -1	       0	       1	       0	       1	      -1	       0	      -1	       1	       1	       0	       0	      -1	       1	      -1	      -1	      -1	       1	       0	       0	       0	      -1	       0	       0	       0	      -1	       0	       1	       0	      -1	       1	       1	       0	      -1	      -1	       1	      -1	       1	      -1	      -1	       1	      -1	      -1	       0	      -1	       1	       0	      -1	      -1	      -1	      -1	       0	       0	      -1	      -1	       1	       0	       1	       1	      -1	       0	      -1	       1	       0	       1	      -1	      -1	       0	       1	      -1	      -1	      -1	      -1	      -1	       1	       1	       0	       0	       0	       0	       0	       0	       0	       1	       1	      -1	       0	       1	       0	       1	       1	       0	      -1	      -1	       1	      -1	      -1	       0	      -1	       1	       1	       0	      -1	       0	       0	       1	      -1	       1	       0	       1	       0	       0	       0	       0	
test 1        1	       1	       1	       1	       1	       1	       1	       1	       1	       1	       1	       1	       1	       1	      -1	       0	       1	       1	      -1	       1	       1	       1	       1	       1	       1	       1	       1	       1	       1	       1	       1	       0	       0	       1	       0	       0	       0	       1	       1	       1	       1	      -1	       0	       0	      -1	      -1	      -1	       1	       1	       1	       1	       1	       1	       1	       1	       1	       1	       1	       1	       1	       1	       1	       0	       1	       1	       1	       1	       1	       1	       1	       1	       1	       1	       1	       1	       1	       1	       1	       1	       1	       1	       1	       1	       1	       1	       1	       1	       0	       1	       1	       1	       1	       1	       1	       1	       1	       1	       1	       1	       1	       1	       1	       1	       1	       1	       1	       1	       1	       1	       1	       1	       1	       1	       1	       1	       1	       1	       1	       1	       1	       1	       1	       1	       1	       1	       1	       1	      -1	       1	       1	       1	       1	       1	       1	       0	       1	       1	       0	       1	       1	       1	       1	       1	       0	       1	       1	       1	       1	       1	       1	       1	       1	       1	       1	       0	       0	       1	       0	       1	       1	       1	       1	       1	       0	       1	       1	       1	       1	       1	       1	       0	       1	       1	       1	       1	       1	       0	       0	       1	       1	       1	       1	       0	       1	       1	       1	       1	       1	       1	       1	       1	       1	       1	       1	       1	       1	       1	       1	       1	       1	       1	       0	       1	       0	       1	       1	       1	       1	       1	       1	       1	       1	       1	       0	       1	       1	       1	       1	       1	       1	       1	       1	       1	       1	       1	       1	       1	       1	       1	      -1	       1	       1	       1	       1	       1	       1	       1	       1	       0	       1	       1	
pred 2        0	       1	       1	       1	       1	       1	       0	       1	       1	       1	       1	       1	       0	      -1	       1	      -1	       0	       0	       0	      -1	       1	       0	       1	       0	       1	       1	      -1	      -1	       0	      -1	       0	       1	       1	      -1	       1	      -1	      -1	       1	      -1	      -1	      -1	      -1	      -1	       0	       1	       0	       1	       1	       0	       1	       0	      -1	       0	      -1	       0	       1	       1	      -1	       1	       1	       1	       0	      -1	       0	       1	       1	      -1	      -1	      -1	      -1	       1	      -1	       1	       0	       0	       0	       1	       1	       1	      -1	       1	      -1	       0	       0	      -1	       0	       0	      -1	       1	       0	       1	      -1	       1	       1	       0	      -1	       0	       0	       1	       0	       1	       0	       1	       0	       0	       0	      -1	      -1	       1	      -1	      -1	      -1	       1	      -1	       1	      -1	      -1	      -1	       0	      -1	       1	       1	      -1	       1	       1	       0	       1	      -1	       0	       1	       0	       1	      -1	       0	      -1	       1	       1	       0	       0	      -1	       1	      -1	      -1	      -1	       1	       0	       0	       0	      -1	       0	       0	       0	      -1	       0	       1	       0	      -1	       1	       1	       0	      -1	      -1	       1	      -1	       1	      -1	      -1	       1	      -1	      -1	       0	      -1	       1	       0	      -1	      -1	      -1	      -1	       0	       0	      -1	      -1	       1	       0	       1	       1	      -1	       0	      -1	       1	       0	       1	      -1	      -1	       0	       1	      -1	      -1	      -1	      -1	      -1	       1	       1	       0	       0	       0	       0	       0	       0	       0	       1	       1	      -1	       0	       1	       0	       1	       1	       0	      -1	      -1	       1	      -1	      -1	       0	      -1	       1	       1	       0	      -1	       0	       0	       1	      -1	       1	       0	       1	       0	       0	       0	       0	
test 2        1	       1	       1	       1	       1	       1	       1	       1	       1	       1	       1	       1	       1	       1	      -1	       0	       1	       1	      -1	       1	       1	       1	       1	       1	       1	       1	       1	       1	       1	       1	       1	       0	      -1	       1	       0	      -1	       0	       1	       1	       1	       1	      -1	      -1	       0	      -1	      -1	      -1	       0	       1	       1	       1	       1	       0	       1	       1	       1	       0	       1	       1	       1	       1	       1	       0	       1	       1	       1	       1	       1	       1	       1	       1	       1	       1	       1	       1	       1	       1	       1	       1	       1	       1	       1	       0	       1	       1	       1	       1	       0	       1	       1	       1	       1	       1	       1	       1	       1	       1	       1	       1	       1	       1	       1	       1	       1	       1	       1	       1	       1	       1	       1	       1	       1	       1	       1	       1	       1	       1	       1	       1	       1	       1	       0	       1	       1	       1	       1	       1	      -1	       1	       1	       1	       1	       0	       1	       0	       1	       1	      -1	       1	       1	       1	       1	       1	       1	       1	       1	       1	       1	       1	       1	       1	       1	       1	       1	       0	       0	       1	       0	       1	       1	       1	       1	       0	       0	       1	       1	       1	       1	       1	       1	      -1	       1	      -1	       1	       1	       0	       0	       0	       1	       0	       1	      -1	       0	       1	       1	       1	       1	       0	       1	       1	       1	       1	       0	       1	       1	       1	       1	       1	       1	       1	       0	       0	       1	       0	       1	       1	       1	       1	       1	       1	       1	       1	       1	       0	       1	       1	       1	       1	       1	       1	       1	       1	       1	       1	       1	       1	       0	       1	       1	      -1	       1	       1	       0	       0	       1	       1	       1	       1	       0	       1	       1	
------
confusion matrix:
[[ 11   7   8]
 [ 32  23  27]
 [200 201 214]]
macro f1: 0.24137320440583424
micro f1: 0.343015214384509
weighted f1: 0.1098506897687912
class -1 f1: 0.08178438661710037
class  0 f1: 0.14696485623003194
class  1 f1: 0.49537037037037035
average label-wise acc: 34.30%


after pretrain
--------------------
label        0	       1	       2	       3	       4	       5	       6	       7	       8	       9	      10	      11	      12	      13	      14	      15	      16	      17	      18	      19	      20	      21	      22	      23	      24	      25	      26	      27	      28	      29	      30	      31	      32	      33	      34	      35	      36	      37	      38	      39	      40	      41	      42	      43	      44	      45	      46	      47	      48	      49	      50	      51	      52	      53	      54	      55	      56	      57	      58	      59	      60	      61	      62	      63	      64	      65	      66	      67	      68	      69	      70	      71	      72	      73	      74	      75	      76	      77	      78	      79	      80	      81	      82	      83	      84	      85	      86	      87	      88	      89	      90	      91	      92	      93	      94	      95	      96	      97	      98	      99	     100	     101	     102	     103	     104	     105	     106	     107	     108	     109	     110	     111	     112	     113	     114	     115	     116	     117	     118	     119	     120	     121	     122	     123	     124	     125	     126	     127	     128	     129	     130	     131	     132	     133	     134	     135	     136	     137	     138	     139	     140	     141	     142	     143	     144	     145	     146	     147	     148	     149	     150	     151	     152	     153	     154	     155	     156	     157	     158	     159	     160	     161	     162	     163	     164	     165	     166	     167	     168	     169	     170	     171	     172	     173	     174	     175	     176	     177	     178	     179	     180	     181	     182	     183	     184	     185	     186	     187	     188	     189	     190	     191	     192	     193	     194	     195	     196	     197	     198	     199	     200	     201	     202	     203	     204	     205	     206	     207	     208	     209	     210	     211	     212	     213	     214	     215	     216	     217	     218	     219	     220	     221	     222	     223	     224	     225	     226	     227	     228	     229	     230	     231	     232	     233	     234	     235	     236	     237	     238	     239	     240	
   acc    0.00%	   0.00%	   0.00%	   0.00%	   0.00%	   0.00%	   0.00%	   0.00%	   0.00%	   0.00%	   0.00%	   0.00%	  33.33%	   0.00%	  33.33%	 100.00%	   0.00%	   0.00%	   0.00%	   0.00%	   0.00%	   0.00%	   0.00%	   0.00%	   0.00%	   0.00%	   0.00%	   0.00%	   0.00%	   0.00%	   0.00%	  66.67%	  66.67%	   0.00%	 100.00%	  66.67%	 100.00%	   0.00%	   0.00%	   0.00%	   0.00%	   0.00%	  66.67%	 100.00%	  33.33%	  33.33%	  33.33%	  33.33%	   0.00%	   0.00%	   0.00%	   0.00%	  33.33%	   0.00%	   0.00%	   0.00%	  33.33%	   0.00%	   0.00%	   0.00%	   0.00%	   0.00%	 100.00%	   0.00%	   0.00%	   0.00%	   0.00%	   0.00%	   0.00%	   0.00%	   0.00%	   0.00%	   0.00%	   0.00%	   0.00%	   0.00%	   0.00%	   0.00%	   0.00%	   0.00%	   0.00%	   0.00%	  33.33%	   0.00%	   0.00%	   0.00%	   0.00%	  66.67%	   0.00%	   0.00%	   0.00%	   0.00%	   0.00%	   0.00%	   0.00%	   0.00%	   0.00%	   0.00%	   0.00%	   0.00%	   0.00%	   0.00%	   0.00%	   0.00%	   0.00%	   0.00%	   0.00%	   0.00%	   0.00%	   0.00%	   0.00%	   0.00%	   0.00%	   0.00%	   0.00%	   0.00%	   0.00%	   0.00%	   0.00%	   0.00%	   0.00%	  33.33%	   0.00%	   0.00%	   0.00%	   0.00%	   0.00%	  33.33%	   0.00%	   0.00%	   0.00%	   0.00%	  33.33%	   0.00%	  66.67%	   0.00%	   0.00%	  66.67%	   0.00%	   0.00%	   0.00%	   0.00%	   0.00%	  33.33%	   0.00%	   0.00%	   0.00%	   0.00%	   0.00%	   0.00%	   0.00%	   0.00%	   0.00%	   0.00%	 100.00%	 100.00%	   0.00%	 100.00%	   0.00%	   0.00%	   0.00%	   0.00%	  33.33%	  66.67%	   0.00%	   0.00%	   0.00%	   0.00%	   0.00%	   0.00%	  33.33%	   0.00%	   0.00%	   0.00%	   0.00%	  33.33%	 100.00%	 100.00%	   0.00%	  33.33%	   0.00%	   0.00%	 100.00%	   0.00%	   0.00%	   0.00%	   0.00%	  33.33%	   0.00%	   0.00%	   0.00%	   0.00%	  33.33%	   0.00%	   0.00%	   0.00%	   0.00%	   0.00%	   0.00%	   0.00%	  33.33%	  66.67%	   0.00%	 100.00%	   0.00%	   0.00%	   0.00%	   0.00%	   0.00%	   0.00%	   0.00%	   0.00%	   0.00%	 100.00%	   0.00%	   0.00%	   0.00%	   0.00%	   0.00%	   0.00%	   0.00%	   0.00%	   0.00%	   0.00%	   0.00%	   0.00%	  33.33%	   0.00%	   0.00%	   0.00%	   0.00%	   0.00%	  33.33%	  33.33%	   0.00%	   0.00%	   0.00%	   0.00%	  66.67%	   0.00%	   0.00%	
    f1   0.0000	  0.0000	  0.0000	  0.0000	  0.0000	  0.0000	  0.0000	  0.0000	  0.0000	  0.0000	  0.0000	  0.0000	  0.2500	  0.0000	  0.2500	  1.0000	  0.0000	  0.0000	  0.0000	  0.0000	  0.0000	  0.0000	  0.0000	  0.0000	  0.0000	  0.0000	  0.0000	  0.0000	  0.0000	  0.0000	  0.0000	  0.4000	  0.4000	  0.0000	  1.0000	  0.4000	  1.0000	  0.0000	  0.0000	  0.0000	  0.0000	  0.0000	  0.4000	  1.0000	  0.2500	  0.2500	  0.2500	  0.2500	  0.0000	  0.0000	  0.0000	  0.0000	  0.2500	  0.0000	  0.0000	  0.0000	  0.2500	  0.0000	  0.0000	  0.0000	  0.0000	  0.0000	  1.0000	  0.0000	  0.0000	  0.0000	  0.0000	  0.0000	  0.0000	  0.0000	  0.0000	  0.0000	  0.0000	  0.0000	  0.0000	  0.0000	  0.0000	  0.0000	  0.0000	  0.0000	  0.0000	  0.0000	  0.2500	  0.0000	  0.0000	  0.0000	  0.0000	  0.4000	  0.0000	  0.0000	  0.0000	  0.0000	  0.0000	  0.0000	  0.0000	  0.0000	  0.0000	  0.0000	  0.0000	  0.0000	  0.0000	  0.0000	  0.0000	  0.0000	  0.0000	  0.0000	  0.0000	  0.0000	  0.0000	  0.0000	  0.0000	  0.0000	  0.0000	  0.0000	  0.0000	  0.0000	  0.0000	  0.0000	  0.0000	  0.0000	  0.0000	  0.2500	  0.0000	  0.0000	  0.0000	  0.0000	  0.0000	  0.2500	  0.0000	  0.0000	  0.0000	  0.0000	  0.2500	  0.0000	  0.4000	  0.0000	  0.0000	  0.4000	  0.0000	  0.0000	  0.0000	  0.0000	  0.0000	  0.2500	  0.0000	  0.0000	  0.0000	  0.0000	  0.0000	  0.0000	  0.0000	  0.0000	  0.0000	  0.0000	  1.0000	  1.0000	  0.0000	  1.0000	  0.0000	  0.0000	  0.0000	  0.0000	  0.2500	  0.4000	  0.0000	  0.0000	  0.0000	  0.0000	  0.0000	  0.0000	  0.1667	  0.0000	  0.0000	  0.0000	  0.0000	  0.2500	  1.0000	  1.0000	  0.0000	  0.2500	  0.0000	  0.0000	  1.0000	  0.0000	  0.0000	  0.0000	  0.0000	  0.2500	  0.0000	  0.0000	  0.0000	  0.0000	  0.2500	  0.0000	  0.0000	  0.0000	  0.0000	  0.0000	  0.0000	  0.0000	  0.2500	  0.4000	  0.0000	  1.0000	  0.0000	  0.0000	  0.0000	  0.0000	  0.0000	  0.0000	  0.0000	  0.0000	  0.0000	  1.0000	  0.0000	  0.0000	  0.0000	  0.0000	  0.0000	  0.0000	  0.0000	  0.0000	  0.0000	  0.0000	  0.0000	  0.0000	  0.2500	  0.0000	  0.0000	  0.0000	  0.0000	  0.0000	  0.2500	  0.2500	  0.0000	  0.0000	  0.0000	  0.0000	  0.4000	  0.0000	  0.0000	
pred 0        0	       0	       0	       0	       0	       0	       0	       0	       0	       0	       0	       0	       0	       0	       0	       0	       0	       0	       0	       0	       0	       0	       0	       0	       0	       0	       0	       0	       0	       0	       0	       0	       0	       0	       0	       0	       0	       0	       0	       0	       0	       0	       0	       0	       0	       0	       0	       0	       0	       0	       0	       0	       0	       0	       0	       0	       0	       0	       0	       0	       0	       0	       0	       0	       0	       0	       0	       0	       0	       0	       0	       0	       0	       0	       0	       0	       0	       0	       0	       0	       0	       0	       0	       0	       0	       0	       0	       0	       0	       0	       0	       0	       0	       0	       0	       0	       0	       0	       0	       0	       0	       0	       0	       0	       0	       0	       0	       0	       0	       0	       0	       0	       0	       0	       0	       0	       0	       0	       0	       0	       0	       0	       0	       0	       0	       0	       0	       0	       0	       0	       0	       0	       0	       0	       0	       0	       0	       0	       0	       0	       0	       0	       0	       0	       0	       0	       0	       0	       0	       0	       0	       0	       0	       0	       0	       0	       0	       0	       0	       0	       0	       0	       0	       0	       0	       0	       0	       0	       0	       0	       0	       0	       0	       0	       0	       0	       0	       0	       0	       0	       0	       0	       0	       0	       0	       0	       0	       0	       0	       0	       0	       0	       0	       0	       0	       0	       0	       0	       0	       0	       0	       0	       0	       0	       0	       0	       0	       0	       0	       0	       0	       0	       0	       0	       0	       0	       0	       0	       0	       0	       0	       0	       0	       0	       0	       0	       0	       0	       0	       0	       0	       0	       0	       0	       0	       0	       0	       0	       0	       0	       0	
test 0        1	       1	       1	       1	       1	       1	       1	       1	       1	       1	       1	       1	       0	       1	       0	       0	       1	       1	      -1	       1	       1	       1	       1	       1	       1	       1	       1	       1	       1	       1	       1	       1	       0	       1	       0	       0	       0	       1	       1	       1	       1	      -1	       0	       0	       0	       0	       0	       1	       1	       1	       1	       1	       1	       1	       1	       1	       1	       1	       1	       1	       1	       1	       0	       1	       1	       1	       1	       1	       1	       1	       1	       1	       1	       1	       1	       1	       1	       1	       1	       1	       1	       1	       1	       1	       1	       1	       1	       1	       1	       1	       1	       1	       1	       1	       1	       1	       1	       1	       1	       1	       1	       1	       1	       1	       1	       1	       1	       1	       1	       1	       1	       1	       1	       1	       1	       1	       1	       1	       1	       1	       1	       1	       1	       1	       1	       1	       1	       0	       1	       1	       1	       1	       1	       1	       1	       1	       1	       0	       1	       1	       1	       1	       1	       1	       1	       1	       1	       1	       1	       1	       1	       1	       1	       1	       0	       0	       1	       0	       1	       1	       1	       1	       1	       1	       1	       1	       1	       1	       1	       1	       1	       1	       1	       1	       1	       1	       0	       0	       1	       1	       1	       1	       0	       1	       1	       1	       1	       1	       1	       1	       1	       1	       1	       1	       1	       1	       1	       1	       1	       1	       1	       1	       1	       0	       1	       1	       1	       1	       1	       1	       1	       1	       1	       0	       1	       1	       1	       1	       1	       1	       1	       1	       1	       1	       1	       1	       1	       1	       1	      -1	       1	       1	       1	       1	       1	       1	       1	       1	       1	       1	       1	
pred 1        0	       0	       0	       0	       0	       0	       0	       0	       0	       0	       0	       0	       0	       0	       0	       0	       0	       0	       0	       0	       0	       0	       0	       0	       0	       0	       0	       0	       0	       0	       0	       0	       0	       0	       0	       0	       0	       0	       0	       0	       0	       0	       0	       0	       0	       0	       0	       0	       0	       0	       0	       0	       0	       0	       0	       0	       0	       0	       0	       0	       0	       0	       0	       0	       0	       0	       0	       0	       0	       0	       0	       0	       0	       0	       0	       0	       0	       0	       0	       0	       0	       0	       0	       0	       0	       0	       0	       0	       0	       0	       0	       0	       0	       0	       0	       0	       0	       0	       0	       0	       0	       0	       0	       0	       0	       0	       0	       0	       0	       0	       0	       0	       0	       0	       0	       0	       0	       0	       0	       0	       0	       0	       0	       0	       0	       0	       0	       0	       0	       0	       0	       0	       0	       0	       0	       0	       0	       0	       0	       0	       0	       0	       0	       0	       0	       0	       0	       0	       0	       0	       0	       0	       0	       0	       0	       0	       0	       0	       0	       0	       0	       0	       0	       0	       0	       0	       0	       0	       0	       0	       0	       0	       0	       0	       0	       0	       0	       0	       0	       0	       0	       0	       0	       0	       0	       0	       0	       0	       0	       0	       0	       0	       0	       0	       0	       0	       0	       0	       0	       0	       0	       0	       0	       0	       0	       0	       0	       0	       0	       0	       0	       0	       0	       0	       0	       0	       0	       0	       0	       0	       0	       0	       0	       0	       0	       0	       0	       0	       0	       0	       0	       0	       0	       0	       0	       0	       0	       0	       0	       0	       0	
test 1        1	       1	       1	       1	       1	       1	       1	       1	       1	       1	       1	       1	       1	       1	      -1	       0	       1	       1	      -1	       1	       1	       1	       1	       1	       1	       1	       1	       1	       1	       1	       1	       0	       0	       1	       0	       0	       0	       1	       1	       1	       1	      -1	       0	       0	      -1	      -1	      -1	       1	       1	       1	       1	       1	       1	       1	       1	       1	       1	       1	       1	       1	       1	       1	       0	       1	       1	       1	       1	       1	       1	       1	       1	       1	       1	       1	       1	       1	       1	       1	       1	       1	       1	       1	       1	       1	       1	       1	       1	       0	       1	       1	       1	       1	       1	       1	       1	       1	       1	       1	       1	       1	       1	       1	       1	       1	       1	       1	       1	       1	       1	       1	       1	       1	       1	       1	       1	       1	       1	       1	       1	       1	       1	       1	       1	       1	       1	       1	       1	      -1	       1	       1	       1	       1	       1	       1	       0	       1	       1	       0	       1	       1	       1	       1	       1	       0	       1	       1	       1	       1	       1	       1	       1	       1	       1	       1	       0	       0	       1	       0	       1	       1	       1	       1	       1	       0	       1	       1	       1	       1	       1	       1	       0	       1	       1	       1	       1	       1	       0	       0	       1	       1	       1	       1	       0	       1	       1	       1	       1	       1	       1	       1	       1	       1	       1	       1	       1	       1	       1	       1	       1	       1	       1	       0	       1	       0	       1	       1	       1	       1	       1	       1	       1	       1	       1	       0	       1	       1	       1	       1	       1	       1	       1	       1	       1	       1	       1	       1	       1	       1	       1	      -1	       1	       1	       1	       1	       1	       1	       1	       1	       0	       1	       1	
pred 2        0	       0	       0	       0	       0	       0	       0	       0	       0	       0	       0	       0	       0	       0	       0	       0	       0	       0	       0	       0	       0	       0	       0	       0	       0	       0	       0	       0	       0	       0	       0	       0	       0	       0	       0	       0	       0	       0	       0	       0	       0	       0	       0	       0	       0	       0	       0	       0	       0	       0	       0	       0	       0	       0	       0	       0	       0	       0	       0	       0	       0	       0	       0	       0	       0	       0	       0	       0	       0	       0	       0	       0	       0	       0	       0	       0	       0	       0	       0	       0	       0	       0	       0	       0	       0	       0	       0	       0	       0	       0	       0	       0	       0	       0	       0	       0	       0	       0	       0	       0	       0	       0	       0	       0	       0	       0	       0	       0	       0	       0	       0	       0	       0	       0	       0	       0	       0	       0	       0	       0	       0	       0	       0	       0	       0	       0	       0	       0	       0	       0	       0	       0	       0	       0	       0	       0	       0	       0	       0	       0	       0	       0	       0	       0	       0	       0	       0	       0	       0	       0	       0	       0	       0	       0	       0	       0	       0	       0	       0	       0	       0	       0	       0	       0	       0	       0	       0	       0	       0	       0	       0	       0	       0	       0	       0	       0	       0	       0	       0	       0	       0	       0	       0	       0	       0	       0	       0	       0	       0	       0	       0	       0	       0	       0	       0	       0	       0	       0	       0	       0	       0	       0	       0	       0	       0	       0	       0	       0	       0	       0	       0	       0	       0	       0	       0	       0	       0	       0	       0	       0	       0	       0	       0	       0	       0	       0	       0	       0	       0	       0	       0	       0	       0	       0	       0	       0	       0	       0	       0	       0	       0	
test 2        1	       1	       1	       1	       1	       1	       1	       1	       1	       1	       1	       1	       1	       1	      -1	       0	       1	       1	      -1	       1	       1	       1	       1	       1	       1	       1	       1	       1	       1	       1	       1	       0	      -1	       1	       0	      -1	       0	       1	       1	       1	       1	      -1	      -1	       0	      -1	      -1	      -1	       0	       1	       1	       1	       1	       0	       1	       1	       1	       0	       1	       1	       1	       1	       1	       0	       1	       1	       1	       1	       1	       1	       1	       1	       1	       1	       1	       1	       1	       1	       1	       1	       1	       1	       1	       0	       1	       1	       1	       1	       0	       1	       1	       1	       1	       1	       1	       1	       1	       1	       1	       1	       1	       1	       1	       1	       1	       1	       1	       1	       1	       1	       1	       1	       1	       1	       1	       1	       1	       1	       1	       1	       1	       1	       0	       1	       1	       1	       1	       1	      -1	       1	       1	       1	       1	       0	       1	       0	       1	       1	      -1	       1	       1	       1	       1	       1	       1	       1	       1	       1	       1	       1	       1	       1	       1	       1	       1	       0	       0	       1	       0	       1	       1	       1	       1	       0	       0	       1	       1	       1	       1	       1	       1	      -1	       1	      -1	       1	       1	       0	       0	       0	       1	       0	       1	      -1	       0	       1	       1	       1	       1	       0	       1	       1	       1	       1	       0	       1	       1	       1	       1	       1	       1	       1	       0	       0	       1	       0	       1	       1	       1	       1	       1	       1	       1	       1	       1	       0	       1	       1	       1	       1	       1	       1	       1	       1	       1	       1	       1	       1	       0	       1	       1	      -1	       1	       1	       0	       0	       1	       1	       1	       1	       0	       1	       1	
------
confusion matrix:
[[  0  26   0]
 [  0  82   0]
 [  0 615   0]]
macro f1: 0.06790890269151138
micro f1: 0.11341632088520055
weighted f1: 0.0475199855864048
class -1 f1: 0.0
class  0 f1: 0.20372670807453416
class  1 f1: 0.0
average label-wise acc: 11.34%


ABL loop 1
--------------------
label        0	       1	       2	       3	       4	       5	       6	       7	       8	       9	      10	      11	      12	      13	      14	      15	      16	      17	      18	      19	      20	      21	      22	      23	      24	      25	      26	      27	      28	      29	      30	      31	      32	      33	      34	      35	      36	      37	      38	      39	      40	      41	      42	      43	      44	      45	      46	      47	      48	      49	      50	      51	      52	      53	      54	      55	      56	      57	      58	      59	      60	      61	      62	      63	      64	      65	      66	      67	      68	      69	      70	      71	      72	      73	      74	      75	      76	      77	      78	      79	      80	      81	      82	      83	      84	      85	      86	      87	      88	      89	      90	      91	      92	      93	      94	      95	      96	      97	      98	      99	     100	     101	     102	     103	     104	     105	     106	     107	     108	     109	     110	     111	     112	     113	     114	     115	     116	     117	     118	     119	     120	     121	     122	     123	     124	     125	     126	     127	     128	     129	     130	     131	     132	     133	     134	     135	     136	     137	     138	     139	     140	     141	     142	     143	     144	     145	     146	     147	     148	     149	     150	     151	     152	     153	     154	     155	     156	     157	     158	     159	     160	     161	     162	     163	     164	     165	     166	     167	     168	     169	     170	     171	     172	     173	     174	     175	     176	     177	     178	     179	     180	     181	     182	     183	     184	     185	     186	     187	     188	     189	     190	     191	     192	     193	     194	     195	     196	     197	     198	     199	     200	     201	     202	     203	     204	     205	     206	     207	     208	     209	     210	     211	     212	     213	     214	     215	     216	     217	     218	     219	     220	     221	     222	     223	     224	     225	     226	     227	     228	     229	     230	     231	     232	     233	     234	     235	     236	     237	     238	     239	     240	
   acc    0.00%	   0.00%	   0.00%	   0.00%	   0.00%	 100.00%	   0.00%	   0.00%	   0.00%	   0.00%	   0.00%	   0.00%	  33.33%	   0.00%	  33.33%	 100.00%	   0.00%	   0.00%	 100.00%	   0.00%	   0.00%	   0.00%	   0.00%	 100.00%	   0.00%	   0.00%	   0.00%	   0.00%	   0.00%	   0.00%	   0.00%	  66.67%	  66.67%	   0.00%	 100.00%	   0.00%	 100.00%	 100.00%	   0.00%	   0.00%	   0.00%	   0.00%	  66.67%	 100.00%	  66.67%	  66.67%	  33.33%	   0.00%	   0.00%	 100.00%	   0.00%	 100.00%	  33.33%	   0.00%	   0.00%	   0.00%	  33.33%	   0.00%	   0.00%	 100.00%	   0.00%	   0.00%	 100.00%	 100.00%	   0.00%	   0.00%	   0.00%	   0.00%	   0.00%	   0.00%	   0.00%	 100.00%	 100.00%	   0.00%	 100.00%	   0.00%	 100.00%	   0.00%	   0.00%	   0.00%	   0.00%	   0.00%	  33.33%	   0.00%	 100.00%	   0.00%	   0.00%	  66.67%	   0.00%	 100.00%	 100.00%	 100.00%	   0.00%	   0.00%	   0.00%	   0.00%	   0.00%	 100.00%	   0.00%	   0.00%	   0.00%	   0.00%	   0.00%	   0.00%	   0.00%	   0.00%	 100.00%	   0.00%	   0.00%	   0.00%	   0.00%	   0.00%	   0.00%	   0.00%	   0.00%	   0.00%	   0.00%	   0.00%	   0.00%	   0.00%	   0.00%	   0.00%	 100.00%	   0.00%	   0.00%	   0.00%	   0.00%	  33.33%	   0.00%	   0.00%	   0.00%	   0.00%	  33.33%	   0.00%	  66.67%	   0.00%	   0.00%	  66.67%	   0.00%	   0.00%	 100.00%	   0.00%	   0.00%	  33.33%	   0.00%	 100.00%	 100.00%	   0.00%	 100.00%	   0.00%	   0.00%	   0.00%	   0.00%	   0.00%	 100.00%	 100.00%	   0.00%	 100.00%	   0.00%	   0.00%	   0.00%	   0.00%	  66.67%	   0.00%	   0.00%	   0.00%	   0.00%	   0.00%	   0.00%	 100.00%	  33.33%	   0.00%	   0.00%	   0.00%	   0.00%	  33.33%	   0.00%	   0.00%	   0.00%	  33.33%	   0.00%	   0.00%	   0.00%	 100.00%	   0.00%	   0.00%	   0.00%	   0.00%	   0.00%	   0.00%	   0.00%	   0.00%	  33.33%	   0.00%	   0.00%	   0.00%	   0.00%	   0.00%	   0.00%	 100.00%	   0.00%	  33.33%	   0.00%	 100.00%	 100.00%	   0.00%	   0.00%	   0.00%	   0.00%	   0.00%	   0.00%	   0.00%	   0.00%	 100.00%	   0.00%	   0.00%	   0.00%	   0.00%	   0.00%	   0.00%	   0.00%	   0.00%	   0.00%	   0.00%	 100.00%	   0.00%	  33.33%	   0.00%	   0.00%	   0.00%	   0.00%	 100.00%	  66.67%	  66.67%	 100.00%	 100.00%	   0.00%	   0.00%	  66.67%	   0.00%	 100.00%	
    f1   0.0000	  0.0000	  0.0000	  0.0000	  0.0000	  1.0000	  0.0000	  0.0000	  0.0000	  0.0000	  0.0000	  0.0000	  0.2500	  0.0000	  0.2500	  1.0000	  0.0000	  0.0000	  1.0000	  0.0000	  0.0000	  0.0000	  0.0000	  1.0000	  0.0000	  0.0000	  0.0000	  0.0000	  0.0000	  0.0000	  0.0000	  0.4000	  0.4000	  0.0000	  1.0000	  0.0000	  1.0000	  1.0000	  0.0000	  0.0000	  0.0000	  0.0000	  0.4000	  1.0000	  0.4000	  0.4000	  0.2500	  0.0000	  0.0000	  1.0000	  0.0000	  1.0000	  0.2500	  0.0000	  0.0000	  0.0000	  0.2500	  0.0000	  0.0000	  1.0000	  0.0000	  0.0000	  1.0000	  1.0000	  0.0000	  0.0000	  0.0000	  0.0000	  0.0000	  0.0000	  0.0000	  1.0000	  1.0000	  0.0000	  1.0000	  0.0000	  1.0000	  0.0000	  0.0000	  0.0000	  0.0000	  0.0000	  0.2500	  0.0000	  1.0000	  0.0000	  0.0000	  0.4000	  0.0000	  1.0000	  1.0000	  1.0000	  0.0000	  0.0000	  0.0000	  0.0000	  0.0000	  1.0000	  0.0000	  0.0000	  0.0000	  0.0000	  0.0000	  0.0000	  0.0000	  0.0000	  1.0000	  0.0000	  0.0000	  0.0000	  0.0000	  0.0000	  0.0000	  0.0000	  0.0000	  0.0000	  0.0000	  0.0000	  0.0000	  0.0000	  0.0000	  0.0000	  1.0000	  0.0000	  0.0000	  0.0000	  0.0000	  0.2500	  0.0000	  0.0000	  0.0000	  0.0000	  0.2500	  0.0000	  0.4000	  0.0000	  0.0000	  0.4000	  0.0000	  0.0000	  1.0000	  0.0000	  0.0000	  0.2500	  0.0000	  1.0000	  1.0000	  0.0000	  1.0000	  0.0000	  0.0000	  0.0000	  0.0000	  0.0000	  1.0000	  1.0000	  0.0000	  1.0000	  0.0000	  0.0000	  0.0000	  0.0000	  0.4000	  0.0000	  0.0000	  0.0000	  0.0000	  0.0000	  0.0000	  1.0000	  0.1667	  0.0000	  0.0000	  0.0000	  0.0000	  0.2500	  0.0000	  0.0000	  0.0000	  0.2500	  0.0000	  0.0000	  0.0000	  1.0000	  0.0000	  0.0000	  0.0000	  0.0000	  0.0000	  0.0000	  0.0000	  0.0000	  0.2500	  0.0000	  0.0000	  0.0000	  0.0000	  0.0000	  0.0000	  1.0000	  0.0000	  0.2500	  0.0000	  1.0000	  1.0000	  0.0000	  0.0000	  0.0000	  0.0000	  0.0000	  0.0000	  0.0000	  0.0000	  1.0000	  0.0000	  0.0000	  0.0000	  0.0000	  0.0000	  0.0000	  0.0000	  0.0000	  0.0000	  0.0000	  1.0000	  0.0000	  0.2500	  0.0000	  0.0000	  0.0000	  0.0000	  1.0000	  0.4000	  0.4000	  1.0000	  1.0000	  0.0000	  0.0000	  0.4000	  0.0000	  1.0000	
pred 0        0	       0	       0	       0	       0	       1	       0	       0	       0	       0	      -1	       0	       0	      -1	       0	       0	       0	      -1	      -1	       0	       0	       0	       0	       1	      -1	       0	       0	       0	       0	       0	       0	       0	       0	       0	       0	       1	       0	       1	       0	       0	       0	       0	       0	       0	      -1	      -1	       0	      -1	       0	       1	       0	       1	       0	       0	       0	       0	       0	       0	       0	       1	      -1	       0	       0	       1	       0	      -1	      -1	       0	       0	      -1	      -1	       1	       1	       0	       1	      -1	       1	       0	       0	       0	       0	      -1	       0	       0	       1	       0	       0	       0	       0	       1	       1	       1	       0	       0	       0	       0	       0	       1	       0	       0	       0	       0	       0	       0	       0	       0	       1	       0	      -1	       0	       0	      -1	       0	       0	       0	       0	       0	       0	       0	       0	       0	      -1	       1	       0	       0	       0	       0	       0	       0	       0	       0	       0	       0	      -1	       0	       0	       0	       0	      -1	       0	       1	      -1	       0	       0	       0	       1	       1	      -1	       1	       0	       0	       0	       0	       0	       0	       0	       0	       0	       0	       0	       0	       0	       1	      -1	       0	       0	       0	       0	       0	       1	       0	       0	       0	       0	       0	       0	       1	      -1	       0	       0	       0	       0	      -1	       1	       0	       0	       0	      -1	       0	       0	       0	       0	       0	       0	       0	       0	       0	       0	       0	       1	      -1	       1	       0	       0	       1	       0	      -1	       0	       0	       0	       0	       0	       0	       0	      -1	       0	       0	       0	       0	       0	       0	       0	       0	       0	       1	      -1	       0	      -1	       0	       0	       0	       1	       1	       1	       1	       1	       0	      -1	       0	       0	       1	
test 0        1	       1	       1	       1	       1	       1	       1	       1	       1	       1	       1	       1	       0	       1	       0	       0	       1	       1	      -1	       1	       1	       1	       1	       1	       1	       1	       1	       1	       1	       1	       1	       1	       0	       1	       0	       0	       0	       1	       1	       1	       1	      -1	       0	       0	       0	       0	       0	       1	       1	       1	       1	       1	       1	       1	       1	       1	       1	       1	       1	       1	       1	       1	       0	       1	       1	       1	       1	       1	       1	       1	       1	       1	       1	       1	       1	       1	       1	       1	       1	       1	       1	       1	       1	       1	       1	       1	       1	       1	       1	       1	       1	       1	       1	       1	       1	       1	       1	       1	       1	       1	       1	       1	       1	       1	       1	       1	       1	       1	       1	       1	       1	       1	       1	       1	       1	       1	       1	       1	       1	       1	       1	       1	       1	       1	       1	       1	       1	       0	       1	       1	       1	       1	       1	       1	       1	       1	       1	       0	       1	       1	       1	       1	       1	       1	       1	       1	       1	       1	       1	       1	       1	       1	       1	       1	       0	       0	       1	       0	       1	       1	       1	       1	       1	       1	       1	       1	       1	       1	       1	       1	       1	       1	       1	       1	       1	       1	       0	       0	       1	       1	       1	       1	       0	       1	       1	       1	       1	       1	       1	       1	       1	       1	       1	       1	       1	       1	       1	       1	       1	       1	       1	       1	       1	       0	       1	       1	       1	       1	       1	       1	       1	       1	       1	       0	       1	       1	       1	       1	       1	       1	       1	       1	       1	       1	       1	       1	       1	       1	       1	      -1	       1	       1	       1	       1	       1	       1	       1	       1	       1	       1	       1	
pred 1        0	       0	       0	       0	       0	       1	       0	       0	       0	       0	      -1	       0	       0	      -1	       0	       0	       0	      -1	      -1	       0	       0	       0	       0	       1	      -1	       0	       0	       0	       0	       0	       0	       0	       0	       0	       0	       1	       0	       1	       0	       0	       0	       0	       0	       0	      -1	      -1	       0	      -1	       0	       1	       0	       1	       0	       0	       0	       0	       0	       0	       0	       1	      -1	       0	       0	       1	       0	      -1	      -1	       0	       0	      -1	      -1	       1	       1	       0	       1	      -1	       1	       0	       0	       0	       0	      -1	       0	       0	       1	       0	       0	       0	       0	       1	       1	       1	       0	       0	       0	       0	       0	       1	       0	       0	       0	       0	       0	       0	       0	       0	       1	       0	      -1	       0	       0	      -1	       0	       0	       0	       0	       0	       0	       0	       0	       0	      -1	       1	       0	       0	       0	       0	       0	       0	       0	       0	       0	       0	      -1	       0	       0	       0	       0	      -1	       0	       1	      -1	       0	       0	       0	       1	       1	      -1	       1	       0	       0	       0	       0	       0	       0	       0	       0	       0	       0	       0	       0	       0	       1	      -1	       0	       0	       0	       0	       0	       1	       0	       0	       0	       0	       0	       0	       1	      -1	       0	       0	       0	       0	      -1	       1	       0	       0	       0	      -1	       0	       0	       0	       0	       0	       0	       0	       0	       0	       0	       0	       1	      -1	       1	       0	       0	       1	       0	      -1	       0	       0	       0	       0	       0	       0	       0	      -1	       0	       0	       0	       0	       0	       0	       0	       0	       0	       1	      -1	       0	      -1	       0	       0	       0	       1	       1	       1	       1	       1	       0	      -1	       0	       0	       1	
test 1        1	       1	       1	       1	       1	       1	       1	       1	       1	       1	       1	       1	       1	       1	      -1	       0	       1	       1	      -1	       1	       1	       1	       1	       1	       1	       1	       1	       1	       1	       1	       1	       0	       0	       1	       0	       0	       0	       1	       1	       1	       1	      -1	       0	       0	      -1	      -1	      -1	       1	       1	       1	       1	       1	       1	       1	       1	       1	       1	       1	       1	       1	       1	       1	       0	       1	       1	       1	       1	       1	       1	       1	       1	       1	       1	       1	       1	       1	       1	       1	       1	       1	       1	       1	       1	       1	       1	       1	       1	       0	       1	       1	       1	       1	       1	       1	       1	       1	       1	       1	       1	       1	       1	       1	       1	       1	       1	       1	       1	       1	       1	       1	       1	       1	       1	       1	       1	       1	       1	       1	       1	       1	       1	       1	       1	       1	       1	       1	       1	      -1	       1	       1	       1	       1	       1	       1	       0	       1	       1	       0	       1	       1	       1	       1	       1	       0	       1	       1	       1	       1	       1	       1	       1	       1	       1	       1	       0	       0	       1	       0	       1	       1	       1	       1	       1	       0	       1	       1	       1	       1	       1	       1	       0	       1	       1	       1	       1	       1	       0	       0	       1	       1	       1	       1	       0	       1	       1	       1	       1	       1	       1	       1	       1	       1	       1	       1	       1	       1	       1	       1	       1	       1	       1	       0	       1	       0	       1	       1	       1	       1	       1	       1	       1	       1	       1	       0	       1	       1	       1	       1	       1	       1	       1	       1	       1	       1	       1	       1	       1	       1	       1	      -1	       1	       1	       1	       1	       1	       1	       1	       1	       0	       1	       1	
pred 2        0	       0	       0	       0	       0	       1	       0	       0	       0	       0	      -1	       0	       0	      -1	       0	       0	       0	      -1	      -1	       0	       0	       0	       0	       1	      -1	       0	       0	       0	       0	       0	       0	       0	       0	       0	       0	       1	       0	       1	       0	       0	       0	       0	       0	       0	      -1	      -1	       0	      -1	       0	       1	       0	       1	       0	       0	       0	       0	       0	       0	       0	       1	      -1	       0	       0	       1	       0	      -1	      -1	       0	       0	      -1	      -1	       1	       1	       0	       1	      -1	       1	       0	       0	       0	       0	      -1	       0	       0	       1	       0	       0	       0	       0	       1	       1	       1	       0	       0	       0	       0	       0	       1	       0	       0	       0	       0	       0	       0	       0	       0	       1	       0	      -1	       0	       0	      -1	       0	       0	       0	       0	       0	       0	       0	       0	       0	      -1	       1	       0	       0	       0	       0	       0	       0	       0	       0	       0	       0	      -1	       0	       0	       0	       0	      -1	       0	       1	      -1	       0	       0	       0	       1	       1	      -1	       1	       0	       0	       0	       0	       0	       0	       0	       0	       0	       0	       0	       0	       0	       1	      -1	       0	       0	       0	       0	       0	       1	       0	       0	       0	       0	       0	       0	       1	      -1	       0	       0	       0	       0	      -1	       1	       0	       0	       0	      -1	       0	       0	       0	       0	       0	       0	       0	       0	       0	       0	       0	       1	      -1	       1	       0	       0	       1	       0	      -1	       0	       0	       0	       0	       0	       0	       0	      -1	       0	       0	       0	       0	       0	       0	       0	       0	       0	       1	      -1	       0	      -1	       0	       0	       0	       1	       1	       1	       1	       1	       0	      -1	       0	       0	       1	
test 2        1	       1	       1	       1	       1	       1	       1	       1	       1	       1	       1	       1	       1	       1	      -1	       0	       1	       1	      -1	       1	       1	       1	       1	       1	       1	       1	       1	       1	       1	       1	       1	       0	      -1	       1	       0	      -1	       0	       1	       1	       1	       1	      -1	      -1	       0	      -1	      -1	      -1	       0	       1	       1	       1	       1	       0	       1	       1	       1	       0	       1	       1	       1	       1	       1	       0	       1	       1	       1	       1	       1	       1	       1	       1	       1	       1	       1	       1	       1	       1	       1	       1	       1	       1	       1	       0	       1	       1	       1	       1	       0	       1	       1	       1	       1	       1	       1	       1	       1	       1	       1	       1	       1	       1	       1	       1	       1	       1	       1	       1	       1	       1	       1	       1	       1	       1	       1	       1	       1	       1	       1	       1	       1	       1	       0	       1	       1	       1	       1	       1	      -1	       1	       1	       1	       1	       0	       1	       0	       1	       1	      -1	       1	       1	       1	       1	       1	       1	       1	       1	       1	       1	       1	       1	       1	       1	       1	       1	       0	       0	       1	       0	       1	       1	       1	       1	       0	       0	       1	       1	       1	       1	       1	       1	      -1	       1	      -1	       1	       1	       0	       0	       0	       1	       0	       1	      -1	       0	       1	       1	       1	       1	       0	       1	       1	       1	       1	       0	       1	       1	       1	       1	       1	       1	       1	       0	       0	       1	       0	       1	       1	       1	       1	       1	       1	       1	       1	       1	       0	       1	       1	       1	       1	       1	       1	       1	       1	       1	       1	       1	       1	       0	       1	       1	      -1	       1	       1	       0	       0	       1	       1	       1	       1	       0	       1	       1	
------
confusion matrix:
[[  7  18   1]
 [ 14  58  10]
 [ 75 440 100]]
macro f1: 0.19473870837831184
micro f1: 0.22821576763485477
weighted f1: 0.1382325291633606
class -1 f1: 0.11475409836065574
class  0 f1: 0.1939799331103679
class  1 f1: 0.27548209366391185
average label-wise acc: 22.82%


ABL loop 2
--------------------
label        0	       1	       2	       3	       4	       5	       6	       7	       8	       9	      10	      11	      12	      13	      14	      15	      16	      17	      18	      19	      20	      21	      22	      23	      24	      25	      26	      27	      28	      29	      30	      31	      32	      33	      34	      35	      36	      37	      38	      39	      40	      41	      42	      43	      44	      45	      46	      47	      48	      49	      50	      51	      52	      53	      54	      55	      56	      57	      58	      59	      60	      61	      62	      63	      64	      65	      66	      67	      68	      69	      70	      71	      72	      73	      74	      75	      76	      77	      78	      79	      80	      81	      82	      83	      84	      85	      86	      87	      88	      89	      90	      91	      92	      93	      94	      95	      96	      97	      98	      99	     100	     101	     102	     103	     104	     105	     106	     107	     108	     109	     110	     111	     112	     113	     114	     115	     116	     117	     118	     119	     120	     121	     122	     123	     124	     125	     126	     127	     128	     129	     130	     131	     132	     133	     134	     135	     136	     137	     138	     139	     140	     141	     142	     143	     144	     145	     146	     147	     148	     149	     150	     151	     152	     153	     154	     155	     156	     157	     158	     159	     160	     161	     162	     163	     164	     165	     166	     167	     168	     169	     170	     171	     172	     173	     174	     175	     176	     177	     178	     179	     180	     181	     182	     183	     184	     185	     186	     187	     188	     189	     190	     191	     192	     193	     194	     195	     196	     197	     198	     199	     200	     201	     202	     203	     204	     205	     206	     207	     208	     209	     210	     211	     212	     213	     214	     215	     216	     217	     218	     219	     220	     221	     222	     223	     224	     225	     226	     227	     228	     229	     230	     231	     232	     233	     234	     235	     236	     237	     238	     239	     240	
   acc  100.00%	   0.00%	   0.00%	   0.00%	   0.00%	   0.00%	   0.00%	   0.00%	   0.00%	 100.00%	 100.00%	   0.00%	  33.33%	   0.00%	  66.67%	 100.00%	 100.00%	 100.00%	 100.00%	   0.00%	   0.00%	   0.00%	 100.00%	   0.00%	 100.00%	   0.00%	   0.00%	   0.00%	   0.00%	   0.00%	 100.00%	  66.67%	  66.67%	   0.00%	 100.00%	  66.67%	 100.00%	   0.00%	   0.00%	   0.00%	   0.00%	 100.00%	  66.67%	   0.00%	  66.67%	  33.33%	  33.33%	  33.33%	   0.00%	 100.00%	   0.00%	   0.00%	  33.33%	 100.00%	   0.00%	   0.00%	  33.33%	   0.00%	   0.00%	   0.00%	   0.00%	   0.00%	   0.00%	   0.00%	   0.00%	   0.00%	   0.00%	   0.00%	   0.00%	   0.00%	   0.00%	 100.00%	 100.00%	   0.00%	 100.00%	   0.00%	   0.00%	   0.00%	   0.00%	   0.00%	   0.00%	   0.00%	  33.33%	   0.00%	   0.00%	   0.00%	   0.00%	  66.67%	   0.00%	   0.00%	   0.00%	   0.00%	   0.00%	   0.00%	   0.00%	   0.00%	   0.00%	   0.00%	   0.00%	   0.00%	   0.00%	   0.00%	   0.00%	   0.00%	   0.00%	   0.00%	   0.00%	   0.00%	   0.00%	   0.00%	   0.00%	   0.00%	   0.00%	   0.00%	   0.00%	   0.00%	   0.00%	   0.00%	   0.00%	   0.00%	   0.00%	  66.67%	   0.00%	   0.00%	   0.00%	   0.00%	 100.00%	  66.67%	   0.00%	   0.00%	   0.00%	   0.00%	  33.33%	   0.00%	  66.67%	   0.00%	   0.00%	   0.00%	   0.00%	 100.00%	 100.00%	   0.00%	   0.00%	  33.33%	   0.00%	   0.00%	   0.00%	   0.00%	   0.00%	   0.00%	   0.00%	   0.00%	   0.00%	   0.00%	 100.00%	 100.00%	   0.00%	   0.00%	 100.00%	   0.00%	   0.00%	   0.00%	  66.67%	  66.67%	   0.00%	   0.00%	   0.00%	   0.00%	   0.00%	   0.00%	  33.33%	   0.00%	   0.00%	   0.00%	   0.00%	  33.33%	   0.00%	   0.00%	   0.00%	  33.33%	   0.00%	  66.67%	 100.00%	   0.00%	   0.00%	   0.00%	   0.00%	  66.67%	   0.00%	   0.00%	   0.00%	   0.00%	  33.33%	   0.00%	   0.00%	   0.00%	   0.00%	   0.00%	   0.00%	   0.00%	  66.67%	  66.67%	   0.00%	   0.00%	   0.00%	   0.00%	   0.00%	   0.00%	   0.00%	   0.00%	   0.00%	   0.00%	   0.00%	 100.00%	   0.00%	   0.00%	   0.00%	   0.00%	   0.00%	   0.00%	   0.00%	   0.00%	   0.00%	   0.00%	   0.00%	   0.00%	   0.00%	 100.00%	   0.00%	   0.00%	   0.00%	   0.00%	  33.33%	   0.00%	   0.00%	   0.00%	   0.00%	   0.00%	  33.33%	   0.00%	   0.00%	
    f1   1.0000	  0.0000	  0.0000	  0.0000	  0.0000	  0.0000	  0.0000	  0.0000	  0.0000	  1.0000	  1.0000	  0.0000	  0.2500	  0.0000	  0.4000	  1.0000	  1.0000	  1.0000	  1.0000	  0.0000	  0.0000	  0.0000	  1.0000	  0.0000	  1.0000	  0.0000	  0.0000	  0.0000	  0.0000	  0.0000	  1.0000	  0.4000	  0.4000	  0.0000	  1.0000	  0.4000	  1.0000	  0.0000	  0.0000	  0.0000	  0.0000	  1.0000	  0.4000	  0.0000	  0.4000	  0.2500	  0.2500	  0.2500	  0.0000	  1.0000	  0.0000	  0.0000	  0.2500	  1.0000	  0.0000	  0.0000	  0.2500	  0.0000	  0.0000	  0.0000	  0.0000	  0.0000	  0.0000	  0.0000	  0.0000	  0.0000	  0.0000	  0.0000	  0.0000	  0.0000	  0.0000	  1.0000	  1.0000	  0.0000	  1.0000	  0.0000	  0.0000	  0.0000	  0.0000	  0.0000	  0.0000	  0.0000	  0.2500	  0.0000	  0.0000	  0.0000	  0.0000	  0.4000	  0.0000	  0.0000	  0.0000	  0.0000	  0.0000	  0.0000	  0.0000	  0.0000	  0.0000	  0.0000	  0.0000	  0.0000	  0.0000	  0.0000	  0.0000	  0.0000	  0.0000	  0.0000	  0.0000	  0.0000	  0.0000	  0.0000	  0.0000	  0.0000	  0.0000	  0.0000	  0.0000	  0.0000	  0.0000	  0.0000	  0.0000	  0.0000	  0.0000	  0.4000	  0.0000	  0.0000	  0.0000	  0.0000	  1.0000	  0.4000	  0.0000	  0.0000	  0.0000	  0.0000	  0.2500	  0.0000	  0.4000	  0.0000	  0.0000	  0.0000	  0.0000	  1.0000	  1.0000	  0.0000	  0.0000	  0.2500	  0.0000	  0.0000	  0.0000	  0.0000	  0.0000	  0.0000	  0.0000	  0.0000	  0.0000	  0.0000	  1.0000	  1.0000	  0.0000	  0.0000	  1.0000	  0.0000	  0.0000	  0.0000	  0.4000	  0.4000	  0.0000	  0.0000	  0.0000	  0.0000	  0.0000	  0.0000	  0.1667	  0.0000	  0.0000	  0.0000	  0.0000	  0.2500	  0.0000	  0.0000	  0.0000	  0.2500	  0.0000	  0.4000	  1.0000	  0.0000	  0.0000	  0.0000	  0.0000	  0.4000	  0.0000	  0.0000	  0.0000	  0.0000	  0.2500	  0.0000	  0.0000	  0.0000	  0.0000	  0.0000	  0.0000	  0.0000	  0.4000	  0.4000	  0.0000	  0.0000	  0.0000	  0.0000	  0.0000	  0.0000	  0.0000	  0.0000	  0.0000	  0.0000	  0.0000	  1.0000	  0.0000	  0.0000	  0.0000	  0.0000	  0.0000	  0.0000	  0.0000	  0.0000	  0.0000	  0.0000	  0.0000	  0.0000	  0.0000	  1.0000	  0.0000	  0.0000	  0.0000	  0.0000	  0.2500	  0.0000	  0.0000	  0.0000	  0.0000	  0.0000	  0.2500	  0.0000	  0.0000	
pred 0        1	      -1	       0	       0	       0	       0	      -1	       0	       0	       1	       1	       0	       0	       0	      -1	       0	       1	       1	      -1	       0	       0	       0	       1	      -1	       1	      -1	      -1	       0	      -1	       0	       1	       0	       0	       0	       0	       0	       0	      -1	       0	       0	       0	      -1	       0	      -1	      -1	       0	       0	       0	       0	       1	       0	       0	       0	       1	       0	       0	       0	      -1	       0	       0	      -1	       0	       1	       0	      -1	      -1	      -1	       0	       0	       0	       0	       1	       1	       0	       1	      -1	       0	       0	       0	       0	       0	      -1	       0	       0	       0	      -1	      -1	       0	       0	       0	       0	       0	      -1	      -1	      -1	      -1	      -1	       0	       0	       0	       0	       0	      -1	       0	       0	       0	       0	       0	       0	       0	       0	       0	       0	       0	       0	       0	       0	       0	      -1	       0	       0	       1	       0	       0	       0	       0	       1	      -1	       0	       0	       0	       0	       0	      -1	       0	      -1	       0	       1	       0	       1	       1	       0	       0	       0	       0	       0	       0	       0	      -1	       0	       0	       0	       0	       0	       0	       0	       0	       1	       1	       0	       0	       0	       1	       0	       0	       0	       0	       0	       0	      -1	       0	       0	       0	       0	       0	       0	       1	      -1	       0	       0	       0	       1	       0	       0	       0	       0	      -1	       1	      -1	       0	      -1	       0	       0	       0	       0	       0	      -1	       0	       0	      -1	       1	       0	       0	      -1	      -1	      -1	      -1	       0	       0	       0	       0	      -1	       0	       0	       0	       0	       0	       0	       0	       0	      -1	       0	       0	       0	       0	       0	      -1	       1	      -1	       0	       0	      -1	       0	      -1	       0	       0	       0	      -1	       1	       0	       0	
test 0        1	       1	       1	       1	       1	       1	       1	       1	       1	       1	       1	       1	       0	       1	       0	       0	       1	       1	      -1	       1	       1	       1	       1	       1	       1	       1	       1	       1	       1	       1	       1	       1	       0	       1	       0	       0	       0	       1	       1	       1	       1	      -1	       0	       0	       0	       0	       0	       1	       1	       1	       1	       1	       1	       1	       1	       1	       1	       1	       1	       1	       1	       1	       0	       1	       1	       1	       1	       1	       1	       1	       1	       1	       1	       1	       1	       1	       1	       1	       1	       1	       1	       1	       1	       1	       1	       1	       1	       1	       1	       1	       1	       1	       1	       1	       1	       1	       1	       1	       1	       1	       1	       1	       1	       1	       1	       1	       1	       1	       1	       1	       1	       1	       1	       1	       1	       1	       1	       1	       1	       1	       1	       1	       1	       1	       1	       1	       1	       0	       1	       1	       1	       1	       1	       1	       1	       1	       1	       0	       1	       1	       1	       1	       1	       1	       1	       1	       1	       1	       1	       1	       1	       1	       1	       1	       0	       0	       1	       0	       1	       1	       1	       1	       1	       1	       1	       1	       1	       1	       1	       1	       1	       1	       1	       1	       1	       1	       0	       0	       1	       1	       1	       1	       0	       1	       1	       1	       1	       1	       1	       1	       1	       1	       1	       1	       1	       1	       1	       1	       1	       1	       1	       1	       1	       0	       1	       1	       1	       1	       1	       1	       1	       1	       1	       0	       1	       1	       1	       1	       1	       1	       1	       1	       1	       1	       1	       1	       1	       1	       1	      -1	       1	       1	       1	       1	       1	       1	       1	       1	       1	       1	       1	
pred 1        1	      -1	       0	       0	       0	       0	      -1	       0	       0	       1	       1	       0	       0	       0	      -1	       0	       1	       1	      -1	       0	       0	       0	       1	      -1	       1	      -1	      -1	       0	      -1	       0	       1	       0	       0	       0	       0	       0	       0	      -1	       0	       0	       0	      -1	       0	      -1	      -1	       0	       0	       0	       0	       1	       0	       0	       0	       1	       0	       0	       0	      -1	       0	       0	      -1	       0	       1	       0	      -1	      -1	      -1	       0	       0	       0	       0	       1	       1	       0	       1	      -1	       0	       0	       0	       0	       0	      -1	       0	       0	       0	      -1	      -1	       0	       0	       0	       0	       0	      -1	      -1	      -1	      -1	      -1	       0	       0	       0	       0	       0	      -1	       0	       0	       0	       0	       0	       0	       0	       0	       0	       0	       0	       0	       0	       0	       0	      -1	       0	       0	       1	       0	       0	       0	       0	       1	      -1	       0	       0	       0	       0	       0	      -1	       0	      -1	       0	       1	       0	       1	       1	       0	       0	       0	       0	       0	       0	       0	      -1	       0	       0	       0	       0	       0	       0	       0	       0	       1	       1	       0	       0	       0	       1	       0	       0	       0	       0	       0	       0	      -1	       0	       0	       0	       0	       0	       0	       1	      -1	       0	       0	       0	       1	       0	       0	       0	       0	      -1	       1	      -1	       0	      -1	       0	       0	       0	       0	       0	      -1	       0	       0	      -1	       1	       0	       0	      -1	      -1	      -1	      -1	       0	       0	       0	       0	      -1	       0	       0	       0	       0	       0	       0	       0	       0	      -1	       0	       0	       0	       0	       0	      -1	       1	      -1	       0	       0	      -1	       0	      -1	       0	       0	       0	      -1	       1	       0	       0	
test 1        1	       1	       1	       1	       1	       1	       1	       1	       1	       1	       1	       1	       1	       1	      -1	       0	       1	       1	      -1	       1	       1	       1	       1	       1	       1	       1	       1	       1	       1	       1	       1	       0	       0	       1	       0	       0	       0	       1	       1	       1	       1	      -1	       0	       0	      -1	      -1	      -1	       1	       1	       1	       1	       1	       1	       1	       1	       1	       1	       1	       1	       1	       1	       1	       0	       1	       1	       1	       1	       1	       1	       1	       1	       1	       1	       1	       1	       1	       1	       1	       1	       1	       1	       1	       1	       1	       1	       1	       1	       0	       1	       1	       1	       1	       1	       1	       1	       1	       1	       1	       1	       1	       1	       1	       1	       1	       1	       1	       1	       1	       1	       1	       1	       1	       1	       1	       1	       1	       1	       1	       1	       1	       1	       1	       1	       1	       1	       1	       1	      -1	       1	       1	       1	       1	       1	       1	       0	       1	       1	       0	       1	       1	       1	       1	       1	       0	       1	       1	       1	       1	       1	       1	       1	       1	       1	       1	       0	       0	       1	       0	       1	       1	       1	       1	       1	       0	       1	       1	       1	       1	       1	       1	       0	       1	       1	       1	       1	       1	       0	       0	       1	       1	       1	       1	       0	       1	       1	       1	       1	       1	       1	       1	       1	       1	       1	       1	       1	       1	       1	       1	       1	       1	       1	       0	       1	       0	       1	       1	       1	       1	       1	       1	       1	       1	       1	       0	       1	       1	       1	       1	       1	       1	       1	       1	       1	       1	       1	       1	       1	       1	       1	      -1	       1	       1	       1	       1	       1	       1	       1	       1	       0	       1	       1	
pred 2        1	      -1	       0	       0	       0	       0	      -1	       0	       0	       1	       1	       0	       0	       0	      -1	       0	       1	       1	      -1	       0	       0	       0	       1	      -1	       1	      -1	      -1	       0	      -1	       0	       1	       0	       0	       0	       0	       0	       0	      -1	       0	       0	       0	      -1	       0	      -1	      -1	       0	       0	       0	       0	       1	       0	       0	       0	       1	       0	       0	       0	      -1	       0	       0	      -1	       0	       1	       0	      -1	      -1	      -1	       0	       0	       0	       0	       1	       1	       0	       1	      -1	       0	       0	       0	       0	       0	      -1	       0	       0	       0	      -1	      -1	       0	       0	       0	       0	       0	      -1	      -1	      -1	      -1	      -1	       0	       0	       0	       0	       0	      -1	       0	       0	       0	       0	       0	       0	       0	       0	       0	       0	       0	       0	       0	       0	       0	      -1	       0	       0	       1	       0	       0	       0	       0	       1	      -1	       0	       0	       0	       0	       0	      -1	       0	      -1	       0	       1	       0	       1	       1	       0	       0	       0	       0	       0	       0	       0	      -1	       0	       0	       0	       0	       0	       0	       0	       0	       1	       1	       0	       0	       0	       1	       0	       0	       0	       0	       0	       0	      -1	       0	       0	       0	       0	       0	       0	       1	      -1	       0	       0	       0	       1	       0	       0	       0	       0	      -1	       1	      -1	       0	      -1	       0	       0	       0	       0	       0	      -1	       0	       0	      -1	       1	       0	       0	      -1	      -1	      -1	      -1	       0	       0	       0	       0	      -1	       0	       0	       0	       0	       0	       0	       0	       0	      -1	       0	       0	       0	       0	       0	      -1	       1	      -1	       0	       0	      -1	       0	      -1	       0	       0	       0	      -1	       1	       0	       0	
test 2        1	       1	       1	       1	       1	       1	       1	       1	       1	       1	       1	       1	       1	       1	      -1	       0	       1	       1	      -1	       1	       1	       1	       1	       1	       1	       1	       1	       1	       1	       1	       1	       0	      -1	       1	       0	      -1	       0	       1	       1	       1	       1	      -1	      -1	       0	      -1	      -1	      -1	       0	       1	       1	       1	       1	       0	       1	       1	       1	       0	       1	       1	       1	       1	       1	       0	       1	       1	       1	       1	       1	       1	       1	       1	       1	       1	       1	       1	       1	       1	       1	       1	       1	       1	       1	       0	       1	       1	       1	       1	       0	       1	       1	       1	       1	       1	       1	       1	       1	       1	       1	       1	       1	       1	       1	       1	       1	       1	       1	       1	       1	       1	       1	       1	       1	       1	       1	       1	       1	       1	       1	       1	       1	       1	       0	       1	       1	       1	       1	       1	      -1	       1	       1	       1	       1	       0	       1	       0	       1	       1	      -1	       1	       1	       1	       1	       1	       1	       1	       1	       1	       1	       1	       1	       1	       1	       1	       1	       0	       0	       1	       0	       1	       1	       1	       1	       0	       0	       1	       1	       1	       1	       1	       1	      -1	       1	      -1	       1	       1	       0	       0	       0	       1	       0	       1	      -1	       0	       1	       1	       1	       1	       0	       1	       1	       1	       1	       0	       1	       1	       1	       1	       1	       1	       1	       0	       0	       1	       0	       1	       1	       1	       1	       1	       1	       1	       1	       1	       0	       1	       1	       1	       1	       1	       1	       1	       1	       1	       1	       1	       1	       0	       1	       1	      -1	       1	       1	       0	       0	       1	       1	       1	       1	       0	       1	       1	
------
confusion matrix:
[[ 12  12   2]
 [ 14  51  17]
 [124 426  65]]
macro f1: 0.16699252774431475
micro f1: 0.17704011065006917
weighted f1: 0.14776644110679626
class -1 f1: 0.13636363636363635
class  0 f1: 0.1786339754816112
class  1 f1: 0.1859799713876967
average label-wise acc: 17.70%



======
dicF
=====


before pretrain
--------------------
label        0	       1	       2	       3	       4	       5	       6	       7	       8	       9	      10	      11	      12	      13	      14	      15	      16	      17	      18	      19	      20	      21	      22	      23	      24	      25	      26	      27	      28	      29	      30	      31	      32	      33	      34	      35	      36	      37	      38	      39	      40	      41	      42	      43	      44	      45	      46	      47	      48	      49	      50	      51	      52	      53	      54	      55	      56	      57	      58	      59	      60	      61	      62	      63	      64	      65	      66	      67	      68	      69	      70	      71	      72	      73	      74	      75	      76	      77	      78	      79	      80	      81	      82	      83	      84	      85	      86	      87	      88	      89	      90	      91	      92	      93	      94	      95	      96	      97	      98	      99	     100	     101	     102	     103	     104	     105	     106	     107	     108	     109	     110	     111	     112	     113	     114	     115	     116	     117	     118	     119	     120	     121	     122	     123	     124	     125	     126	     127	     128	     129	     130	     131	     132	     133	     134	     135	     136	     137	     138	     139	     140	     141	     142	     143	     144	     145	     146	     147	     148	     149	     150	     151	     152	     153	     154	     155	     156	     157	     158	     159	     160	     161	     162	     163	     164	     165	     166	     167	     168	     169	     170	     171	     172	     173	     174	     175	     176	     177	     178	     179	     180	     181	     182	     183	     184	     185	     186	     187	     188	     189	     190	     191	     192	     193	     194	     195	     196	     197	     198	     199	     200	     201	     202	     203	     204	     205	     206	     207	     208	     209	     210	     211	     212	     213	     214	     215	     216	     217	     218	     219	     220	     221	     222	     223	     224	     225	     226	     227	     228	     229	     230	     231	     232	     233	     234	     235	     236	     237	     238	     239	     240	
   acc    0.00%	   0.00%	  33.33%	  33.33%	   0.00%	  33.33%	   0.00%	   0.00%	  66.67%	  33.33%	  33.33%	  33.33%	   0.00%	  33.33%	   0.00%	   0.00%	   0.00%	   0.00%	   0.00%	   0.00%	  33.33%	  33.33%	 100.00%	   0.00%	 100.00%	  33.33%	   0.00%	   0.00%	   0.00%	   0.00%	   0.00%	  66.67%	   0.00%	 100.00%	  33.33%	  33.33%	   0.00%	  66.67%	   0.00%	   0.00%	  33.33%	  33.33%	  33.33%	   0.00%	 100.00%	  33.33%	  33.33%	 100.00%	  33.33%	 100.00%	 100.00%	   0.00%	   0.00%	   0.00%	   0.00%	  33.33%	   0.00%	 100.00%	   0.00%	 100.00%	  33.33%	   0.00%	  33.33%	 100.00%	  66.67%	   0.00%	   0.00%	 100.00%	   0.00%	  33.33%	   0.00%	   0.00%	   0.00%	   0.00%	 100.00%	   0.00%	 100.00%	   0.00%	   0.00%	  33.33%	   0.00%	 100.00%	   0.00%	 100.00%	 100.00%	 100.00%	   0.00%	   0.00%	   0.00%	   0.00%	   0.00%	  33.33%	  66.67%	 100.00%	 100.00%	   0.00%	   0.00%	  33.33%	   0.00%	   0.00%	  33.33%	  33.33%	   0.00%	   0.00%	   0.00%	   0.00%	  66.67%	   0.00%	 100.00%	 100.00%	  33.33%	   0.00%	 100.00%	 100.00%	  33.33%	   0.00%	   0.00%	   0.00%	 100.00%	 100.00%	   0.00%	  33.33%	   0.00%	  33.33%	  33.33%	  33.33%	 100.00%	  66.67%	   0.00%	 100.00%	   0.00%	  33.33%	   0.00%	  66.67%	   0.00%	   0.00%	   0.00%	  33.33%	  66.67%	  66.67%	 100.00%	  33.33%	   0.00%	   0.00%	   0.00%	  33.33%	  33.33%	   0.00%	   0.00%	   0.00%	   0.00%	  33.33%	 100.00%	  33.33%	  33.33%	  33.33%	   0.00%	  33.33%	   0.00%	   0.00%	   0.00%	   0.00%	   0.00%	 100.00%	  33.33%	   0.00%	 100.00%	  33.33%	  66.67%	   0.00%	   0.00%	 100.00%	 100.00%	   0.00%	   0.00%	  33.33%	  66.67%	   0.00%	   0.00%	  33.33%	  66.67%	 100.00%	 100.00%	   0.00%	 100.00%	   0.00%	  33.33%	  33.33%	   0.00%	  66.67%	  33.33%	  33.33%	   0.00%	  66.67%	   0.00%	   0.00%	   0.00%	  33.33%	 100.00%	  66.67%	   0.00%	   0.00%	  33.33%	   0.00%	 100.00%	   0.00%	   0.00%	 100.00%	  66.67%	   0.00%	   0.00%	  66.67%	   0.00%	   0.00%	   0.00%	   0.00%	 100.00%	  66.67%	   0.00%	 100.00%	   0.00%	  33.33%	  33.33%	  33.33%	  66.67%	  33.33%	   0.00%	  66.67%	  66.67%	   0.00%	   0.00%	  33.33%	   0.00%	   0.00%	   0.00%	 100.00%	 100.00%	  33.33%	   0.00%	   0.00%	   0.00%	
    f1   0.0000	  0.0000	  0.2500	  0.1667	  0.0000	  0.1667	  0.0000	  0.0000	  0.4000	  0.2500	  0.1667	  0.1667	  0.0000	  0.2500	  0.0000	  0.0000	  0.0000	  0.0000	  0.0000	  0.0000	  0.1667	  0.2500	  1.0000	  0.0000	  1.0000	  0.1667	  0.0000	  0.0000	  0.0000	  0.0000	  0.0000	  0.4000	  0.0000	  1.0000	  0.2500	  0.2500	  0.0000	  0.4000	  0.0000	  0.0000	  0.2500	  0.2500	  0.2500	  0.0000	  1.0000	  0.2500	  0.2500	  1.0000	  0.1667	  1.0000	  1.0000	  0.0000	  0.0000	  0.0000	  0.0000	  0.2500	  0.0000	  1.0000	  0.0000	  1.0000	  0.2500	  0.0000	  0.1667	  1.0000	  0.4000	  0.0000	  0.0000	  1.0000	  0.0000	  0.2500	  0.0000	  0.0000	  0.0000	  0.0000	  1.0000	  0.0000	  1.0000	  0.0000	  0.0000	  0.2500	  0.0000	  1.0000	  0.0000	  1.0000	  1.0000	  1.0000	  0.0000	  0.0000	  0.0000	  0.0000	  0.0000	  0.1667	  0.4000	  1.0000	  1.0000	  0.0000	  0.0000	  0.1667	  0.0000	  0.0000	  0.2500	  0.2500	  0.0000	  0.0000	  0.0000	  0.0000	  0.4000	  0.0000	  1.0000	  1.0000	  0.2500	  0.0000	  1.0000	  1.0000	  0.2500	  0.0000	  0.0000	  0.0000	  1.0000	  1.0000	  0.0000	  0.2500	  0.0000	  0.2500	  0.2500	  0.2500	  1.0000	  0.4000	  0.0000	  1.0000	  0.0000	  0.1667	  0.0000	  0.4000	  0.0000	  0.0000	  0.0000	  0.1667	  0.4000	  0.4000	  1.0000	  0.1667	  0.0000	  0.0000	  0.0000	  0.1667	  0.2500	  0.0000	  0.0000	  0.0000	  0.0000	  0.2500	  1.0000	  0.1667	  0.1667	  0.1667	  0.0000	  0.1667	  0.0000	  0.0000	  0.0000	  0.0000	  0.0000	  1.0000	  0.2500	  0.0000	  1.0000	  0.2500	  0.4000	  0.0000	  0.0000	  1.0000	  1.0000	  0.0000	  0.0000	  0.2500	  0.4000	  0.0000	  0.0000	  0.1667	  0.4000	  1.0000	  1.0000	  0.0000	  1.0000	  0.0000	  0.1667	  0.2500	  0.0000	  0.4000	  0.2500	  0.2500	  0.0000	  0.4000	  0.0000	  0.0000	  0.0000	  0.1667	  1.0000	  0.4000	  0.0000	  0.0000	  0.1667	  0.0000	  1.0000	  0.0000	  0.0000	  1.0000	  0.4000	  0.0000	  0.0000	  0.4000	  0.0000	  0.0000	  0.0000	  0.0000	  1.0000	  0.4000	  0.0000	  1.0000	  0.0000	  0.1667	  0.1667	  0.2500	  0.4000	  0.2500	  0.0000	  0.4000	  0.4000	  0.0000	  0.0000	  0.2500	  0.0000	  0.0000	  0.0000	  1.0000	  1.0000	  0.2500	  0.0000	  0.0000	  0.0000	
pred 0        1	       1	      -1	      -1	       1	      -1	       1	       1	       0	      -1	      -1	      -1	       1	      -1	      -1	       1	       1	       1	      -1	      -1	       1	       1	       0	      -1	       0	       0	      -1	       1	       1	       1	       1	       0	       1	       0	       1	       0	      -1	       0	      -1	       1	      -1	       0	       1	       1	       0	       1	       1	       0	       1	       0	       0	       1	      -1	      -1	       1	       1	       1	       0	      -1	       0	       1	       1	       0	       0	       0	       1	      -1	       0	       1	       0	      -1	      -1	       1	       1	       0	      -1	       0	      -1	      -1	       1	       1	       0	      -1	       0	       0	       0	      -1	      -1	      -1	      -1	       1	      -1	       0	       0	      -1	      -1	      -1	       1	       1	      -1	       1	       1	       1	       1	       1	      -1	       1	       1	       0	       0	      -1	       1	       0	       0	      -1	       1	       1	       1	       0	       0	       1	      -1	       0	       1	      -1	      -1	       0	       1	      -1	       0	      -1	       1	      -1	      -1	       1	      -1	       1	       0	       0	       0	       0	       0	      -1	       1	      -1	      -1	      -1	       0	       1	      -1	      -1	      -1	       0	      -1	       0	       0	       1	      -1	       0	      -1	      -1	       1	      -1	       0	       1	      -1	       0	      -1	       0	      -1	      -1	       0	       0	       1	       1	       0	       1	       0	       1	       0	       0	       0	       0	      -1	       0	      -1	       1	      -1	       1	       0	      -1	      -1	       1	       0	       0	      -1	       1	      -1	       0	       0	       1	      -1	      -1	       1	       0	      -1	       1	       0	       0	       1	       1	       0	      -1	       1	      -1	       1	       0	       0	      -1	       0	      -1	      -1	      -1	      -1	       1	       1	       1	      -1	       0	      -1	      -1	       1	       1	       0	      -1	       0	       0	      -1	       1	       1	       0	
test 0        0	       0	       0	       0	       0	       0	       0	       0	       0	       0	       1	      -1	       0	       0	       0	       0	       0	       0	       0	       0	       0	       0	       0	       0	       0	       1	       0	       0	       0	       0	       0	       0	       0	       0	       0	       0	       0	       0	       1	      -1	       0	       1	       0	       0	       0	       0	       0	       0	       1	       0	       0	       0	       0	       0	       0	       1	       0	       0	       0	       0	       0	       0	       1	       0	       0	       0	       0	       0	       0	       1	       1	       0	       0	       0	       0	       0	       0	       0	       0	       1	       0	       0	       0	       0	       0	       0	       0	       0	       0	       0	       0	       1	       0	       0	      -1	       1	       1	       0	       0	       0	       1	       1	       0	       0	       0	       0	       0	       0	       0	       0	      -1	       0	       0	       0	       0	       0	       0	       0	       0	       0	       0	       0	       1	       0	       0	       0	       0	       1	       0	       0	       0	       1	       0	       1	       0	       0	       0	       0	       0	       0	       0	       0	       0	       0	       0	       1	       0	       1	       0	       1	       0	       1	       0	       0	       1	       1	       0	       1	       1	       0	       0	       0	       0	       0	       0	       0	       0	       0	       0	       0	       0	       0	       0	       0	       0	      -1	       1	       1	       0	       1	       0	       0	       0	       0	       0	       0	       1	       0	       0	       0	       0	       0	       0	       0	       1	       1	       0	       1	       0	       1	       0	       0	       1	       0	       0	       0	       0	       0	       0	       0	       0	       0	       0	       0	       0	       0	       0	       0	       0	       0	       0	       0	      -1	       1	       1	       0	       0	       1	       0	       0	       0	       1	       0	       1	       0	       0	       0	       1	       0	       0	       1	
pred 1        1	       1	      -1	      -1	       1	      -1	       1	       1	       0	      -1	      -1	      -1	       1	      -1	      -1	       1	       1	       1	      -1	      -1	       1	       1	       0	      -1	       0	       0	      -1	       1	       1	       1	       1	       0	       1	       0	       1	       0	      -1	       0	      -1	       1	      -1	       0	       1	       1	       0	       1	       1	       0	       1	       0	       0	       1	      -1	      -1	       1	       1	       1	       0	      -1	       0	       1	       1	       0	       0	       0	       1	      -1	       0	       1	       0	      -1	      -1	       1	       1	       0	      -1	       0	      -1	      -1	       1	       1	       0	      -1	       0	       0	       0	      -1	      -1	      -1	      -1	       1	      -1	       0	       0	      -1	      -1	      -1	       1	       1	      -1	       1	       1	       1	       1	       1	      -1	       1	       1	       0	       0	      -1	       1	       0	       0	      -1	       1	       1	       1	       0	       0	       1	      -1	       0	       1	      -1	      -1	       0	       1	      -1	       0	      -1	       1	      -1	      -1	       1	      -1	       1	       0	       0	       0	       0	       0	      -1	       1	      -1	      -1	      -1	       0	       1	      -1	      -1	      -1	       0	      -1	       0	       0	       1	      -1	       0	      -1	      -1	       1	      -1	       0	       1	      -1	       0	      -1	       0	      -1	      -1	       0	       0	       1	       1	       0	       1	       0	       1	       0	       0	       0	       0	      -1	       0	      -1	       1	      -1	       1	       0	      -1	      -1	       1	       0	       0	      -1	       1	      -1	       0	       0	       1	      -1	      -1	       1	       0	      -1	       1	       0	       0	       1	       1	       0	      -1	       1	      -1	       1	       0	       0	      -1	       0	      -1	      -1	      -1	      -1	       1	       1	       1	      -1	       0	      -1	      -1	       1	       1	       0	      -1	       0	       0	      -1	       1	       1	       0	
test 1        0	       0	       0	       1	       0	       1	       0	       0	       0	       0	       0	       1	       0	       0	       0	       0	       0	       0	       0	       0	       1	       1	       0	       0	       0	       0	       0	       0	       0	       0	       0	       1	       0	       0	       1	       1	       1	       0	       0	       0	       0	       0	       0	       0	       0	       0	       0	       0	       0	       0	       0	       0	       0	       0	       0	       0	       0	       0	       0	       0	       1	       0	       0	       0	       1	       0	       0	       0	       0	       1	       1	       1	       0	       0	       0	       0	       0	       0	       0	       0	       0	       0	       1	       0	       0	       0	       0	       0	       0	       0	       0	       0	       0	       0	      -1	       1	       1	       1	       0	       0	       0	       0	       0	       0	       0	       0	       1	       0	       0	       0	       0	       0	       0	       0	       0	       0	       0	       0	       0	       0	       0	       0	       1	       1	       0	       0	       0	       1	       0	       0	       1	       0	       0	      -1	       0	       0	       0	       1	       0	       0	       0	       1	       0	       0	       0	       0	       0	       1	       0	       1	       0	       1	       0	       1	       0	       0	       0	       0	       1	       0	       0	       0	       0	       0	       1	       1	       0	       0	       0	       0	       0	       0	       0	       0	       0	       0	       1	       1	       0	       0	       1	       0	       0	       0	       0	       0	       0	       0	       0	       0	       0	       0	       0	       0	       1	       1	       0	       0	       0	       0	       0	       0	       0	       0	       0	       0	       0	       0	       0	       0	       0	       1	       0	       0	       1	       0	       0	       0	       0	       0	       0	       1	       1	       1	       1	       1	       0	      -1	       0	       0	       0	       0	       0	       1	       0	       0	       0	       1	       0	       0	       1	
pred 2        1	       1	      -1	      -1	       1	      -1	       1	       1	       0	      -1	      -1	      -1	       1	      -1	      -1	       1	       1	       1	      -1	      -1	       1	       1	       0	      -1	       0	       0	      -1	       1	       1	       1	       1	       0	       1	       0	       1	       0	      -1	       0	      -1	       1	      -1	       0	       1	       1	       0	       1	       1	       0	       1	       0	       0	       1	      -1	      -1	       1	       1	       1	       0	      -1	       0	       1	       1	       0	       0	       0	       1	      -1	       0	       1	       0	      -1	      -1	       1	       1	       0	      -1	       0	      -1	      -1	       1	       1	       0	      -1	       0	       0	       0	      -1	      -1	      -1	      -1	       1	      -1	       0	       0	      -1	      -1	      -1	       1	       1	      -1	       1	       1	       1	       1	       1	      -1	       1	       1	       0	       0	      -1	       1	       0	       0	      -1	       1	       1	       1	       0	       0	       1	      -1	       0	       1	      -1	      -1	       0	       1	      -1	       0	      -1	       1	      -1	      -1	       1	      -1	       1	       0	       0	       0	       0	       0	      -1	       1	      -1	      -1	      -1	       0	       1	      -1	      -1	      -1	       0	      -1	       0	       0	       1	      -1	       0	      -1	      -1	       1	      -1	       0	       1	      -1	       0	      -1	       0	      -1	      -1	       0	       0	       1	       1	       0	       1	       0	       1	       0	       0	       0	       0	      -1	       0	      -1	       1	      -1	       1	       0	      -1	      -1	       1	       0	       0	      -1	       1	      -1	       0	       0	       1	      -1	      -1	       1	       0	      -1	       1	       0	       0	       1	       1	       0	      -1	       1	      -1	       1	       0	       0	      -1	       0	      -1	      -1	      -1	      -1	       1	       1	       1	      -1	       0	      -1	      -1	       1	       1	       0	      -1	       0	       0	      -1	       1	       1	       0	
test 2       -1	      -1	      -1	      -1	       0	      -1	      -1	       0	      -1	      -1	      -1	       0	       0	      -1	       0	       0	       0	      -1	       0	       0	      -1	       0	       0	       0	       0	      -1	       0	       0	       0	       0	       0	       0	       0	       0	       0	       1	       0	      -1	       0	       0	      -1	       1	       1	       0	       0	       1	       1	       0	      -1	       0	       0	       0	       0	       0	       0	       0	       0	       0	       0	       0	       0	       0	      -1	       0	       0	       0	       0	       0	      -1	       0	       0	       0	       0	       0	       0	       0	       0	       0	       0	       0	       0	       0	       0	       0	       0	       0	       1	       0	       0	       0	       0	      -1	      -1	       0	      -1	       1	       1	      -1	       0	       0	       0	       0	       0	       0	       0	       0	       1	       0	       0	       0	       0	       0	       0	       0	      -1	      -1	      -1	       0	       0	       0	       0	      -1	      -1	       0	      -1	      -1	       0	      -1	       0	       0	       0	      -1	       0	      -1	      -1	       0	      -1	      -1	      -1	      -1	       0	      -1	       0	       0	       0	      -1	      -1	      -1	       0	       0	       0	      -1	       0	      -1	      -1	      -1	      -1	      -1	      -1	       0	       0	       0	       0	       0	       0	       0	       0	      -1	      -1	       0	       0	       0	       0	      -1	       0	      -1	       0	      -1	       0	      -1	       0	       0	       0	       0	       0	       0	      -1	      -1	       0	      -1	      -1	      -1	       0	      -1	      -1	       0	      -1	      -1	       0	       0	      -1	       0	      -1	       0	       0	       0	       0	       0	      -1	      -1	      -1	       0	       0	       0	       0	       0	       0	      -1	       0	       0	       0	      -1	       0	      -1	      -1	       0	       0	      -1	      -1	       0	       0	       0	       0	       1	       0	       0	       0	      -1	       0	       0	      -1	
------
confusion matrix:
[[ 36  26  23]
 [173 169 196]
 [ 40  33  27]]
macro f1: 0.2709638300482902
micro f1: 0.32088520055325037
weighted f1: 0.20813947916030884
class -1 f1: 0.2155688622754491
class  0 f1: 0.4412532637075718
class  1 f1: 0.15606936416184972
average label-wise acc: 32.09%


after pretrain
--------------------
label        0	       1	       2	       3	       4	       5	       6	       7	       8	       9	      10	      11	      12	      13	      14	      15	      16	      17	      18	      19	      20	      21	      22	      23	      24	      25	      26	      27	      28	      29	      30	      31	      32	      33	      34	      35	      36	      37	      38	      39	      40	      41	      42	      43	      44	      45	      46	      47	      48	      49	      50	      51	      52	      53	      54	      55	      56	      57	      58	      59	      60	      61	      62	      63	      64	      65	      66	      67	      68	      69	      70	      71	      72	      73	      74	      75	      76	      77	      78	      79	      80	      81	      82	      83	      84	      85	      86	      87	      88	      89	      90	      91	      92	      93	      94	      95	      96	      97	      98	      99	     100	     101	     102	     103	     104	     105	     106	     107	     108	     109	     110	     111	     112	     113	     114	     115	     116	     117	     118	     119	     120	     121	     122	     123	     124	     125	     126	     127	     128	     129	     130	     131	     132	     133	     134	     135	     136	     137	     138	     139	     140	     141	     142	     143	     144	     145	     146	     147	     148	     149	     150	     151	     152	     153	     154	     155	     156	     157	     158	     159	     160	     161	     162	     163	     164	     165	     166	     167	     168	     169	     170	     171	     172	     173	     174	     175	     176	     177	     178	     179	     180	     181	     182	     183	     184	     185	     186	     187	     188	     189	     190	     191	     192	     193	     194	     195	     196	     197	     198	     199	     200	     201	     202	     203	     204	     205	     206	     207	     208	     209	     210	     211	     212	     213	     214	     215	     216	     217	     218	     219	     220	     221	     222	     223	     224	     225	     226	     227	     228	     229	     230	     231	     232	     233	     234	     235	     236	     237	     238	     239	     240	
   acc   66.67%	  66.67%	  66.67%	  33.33%	 100.00%	  33.33%	  66.67%	 100.00%	  66.67%	  66.67%	  33.33%	  33.33%	 100.00%	  66.67%	 100.00%	 100.00%	 100.00%	  66.67%	 100.00%	 100.00%	  33.33%	  66.67%	 100.00%	 100.00%	 100.00%	  33.33%	 100.00%	 100.00%	 100.00%	 100.00%	 100.00%	   0.00%	 100.00%	 100.00%	  66.67%	  33.33%	  66.67%	  66.67%	  66.67%	  66.67%	  66.67%	  33.33%	  66.67%	 100.00%	 100.00%	  66.67%	  66.67%	 100.00%	  33.33%	 100.00%	 100.00%	 100.00%	 100.00%	 100.00%	 100.00%	  66.67%	 100.00%	 100.00%	 100.00%	 100.00%	  66.67%	 100.00%	  33.33%	 100.00%	  66.67%	 100.00%	 100.00%	 100.00%	  66.67%	  33.33%	  33.33%	  66.67%	 100.00%	 100.00%	 100.00%	 100.00%	 100.00%	 100.00%	 100.00%	  66.67%	 100.00%	 100.00%	  66.67%	 100.00%	 100.00%	 100.00%	  66.67%	 100.00%	 100.00%	 100.00%	 100.00%	  33.33%	  66.67%	 100.00%	   0.00%	   0.00%	   0.00%	  33.33%	 100.00%	 100.00%	  66.67%	  66.67%	 100.00%	 100.00%	 100.00%	 100.00%	  33.33%	 100.00%	 100.00%	 100.00%	  66.67%	 100.00%	 100.00%	 100.00%	  66.67%	  66.67%	  66.67%	 100.00%	 100.00%	 100.00%	 100.00%	  66.67%	   0.00%	  66.67%	  66.67%	  66.67%	 100.00%	   0.00%	 100.00%	 100.00%	  66.67%	  33.33%	 100.00%	   0.00%	  66.67%	 100.00%	  66.67%	  33.33%	  66.67%	  66.67%	 100.00%	  33.33%	 100.00%	 100.00%	 100.00%	  33.33%	  66.67%	   0.00%	 100.00%	  33.33%	 100.00%	   0.00%	 100.00%	  33.33%	  33.33%	  33.33%	  66.67%	  33.33%	   0.00%	 100.00%	 100.00%	 100.00%	 100.00%	 100.00%	  66.67%	  66.67%	 100.00%	  66.67%	  66.67%	 100.00%	 100.00%	 100.00%	 100.00%	  66.67%	 100.00%	  33.33%	  33.33%	  33.33%	 100.00%	  33.33%	  66.67%	 100.00%	 100.00%	 100.00%	 100.00%	 100.00%	  33.33%	  66.67%	 100.00%	  66.67%	  66.67%	  66.67%	 100.00%	  66.67%	   0.00%	  33.33%	  66.67%	  33.33%	 100.00%	  66.67%	  66.67%	 100.00%	  33.33%	 100.00%	 100.00%	 100.00%	 100.00%	 100.00%	  66.67%	  66.67%	  66.67%	  66.67%	 100.00%	 100.00%	  66.67%	 100.00%	 100.00%	  66.67%	 100.00%	 100.00%	 100.00%	  33.33%	  33.33%	   0.00%	   0.00%	  66.67%	 100.00%	   0.00%	  66.67%	 100.00%	 100.00%	  66.67%	 100.00%	   0.00%	 100.00%	 100.00%	 100.00%	   0.00%	   0.00%	 100.00%	   0.00%	
    f1   0.4000	  0.4000	  0.4000	  0.1667	  1.0000	  0.1667	  0.4000	  1.0000	  0.4000	  0.4000	  0.1667	  0.1667	  1.0000	  0.4000	  1.0000	  1.0000	  1.0000	  0.4000	  1.0000	  1.0000	  0.1667	  0.4000	  1.0000	  1.0000	  1.0000	  0.1667	  1.0000	  1.0000	  1.0000	  1.0000	  1.0000	  0.0000	  1.0000	  1.0000	  0.4000	  0.2500	  0.4000	  0.4000	  0.4000	  0.4000	  0.4000	  0.2500	  0.4000	  1.0000	  1.0000	  0.4000	  0.4000	  1.0000	  0.1667	  1.0000	  1.0000	  1.0000	  1.0000	  1.0000	  1.0000	  0.4000	  1.0000	  1.0000	  1.0000	  1.0000	  0.4000	  1.0000	  0.1667	  1.0000	  0.4000	  1.0000	  1.0000	  1.0000	  0.4000	  0.2500	  0.2500	  0.4000	  1.0000	  1.0000	  1.0000	  1.0000	  1.0000	  1.0000	  1.0000	  0.4000	  1.0000	  1.0000	  0.4000	  1.0000	  1.0000	  1.0000	  0.4000	  1.0000	  1.0000	  1.0000	  1.0000	  0.1667	  0.4000	  1.0000	  0.0000	  0.0000	  0.0000	  0.1667	  1.0000	  1.0000	  0.4000	  0.4000	  1.0000	  1.0000	  1.0000	  1.0000	  0.2500	  1.0000	  1.0000	  1.0000	  0.4000	  1.0000	  1.0000	  1.0000	  0.4000	  0.4000	  0.4000	  1.0000	  1.0000	  1.0000	  1.0000	  0.4000	  0.0000	  0.4000	  0.4000	  0.4000	  1.0000	  0.0000	  1.0000	  1.0000	  0.4000	  0.1667	  1.0000	  0.0000	  0.4000	  1.0000	  0.4000	  0.1667	  0.4000	  0.4000	  1.0000	  0.1667	  1.0000	  1.0000	  1.0000	  0.1667	  0.4000	  0.0000	  1.0000	  0.2500	  1.0000	  0.0000	  1.0000	  0.1667	  0.1667	  0.1667	  0.4000	  0.1667	  0.0000	  1.0000	  1.0000	  1.0000	  1.0000	  1.0000	  0.4000	  0.4000	  1.0000	  0.4000	  0.4000	  1.0000	  1.0000	  1.0000	  1.0000	  0.4000	  1.0000	  0.2500	  0.2500	  0.2500	  1.0000	  0.1667	  0.4000	  1.0000	  1.0000	  1.0000	  1.0000	  1.0000	  0.1667	  0.4000	  1.0000	  0.4000	  0.4000	  0.4000	  1.0000	  0.4000	  0.0000	  0.2500	  0.4000	  0.1667	  1.0000	  0.4000	  0.4000	  1.0000	  0.1667	  1.0000	  1.0000	  1.0000	  1.0000	  1.0000	  0.4000	  0.4000	  0.4000	  0.4000	  1.0000	  1.0000	  0.4000	  1.0000	  1.0000	  0.4000	  1.0000	  1.0000	  1.0000	  0.1667	  0.1667	  0.0000	  0.0000	  0.4000	  1.0000	  0.0000	  0.4000	  1.0000	  1.0000	  0.4000	  1.0000	  0.0000	  1.0000	  1.0000	  1.0000	  0.0000	  0.0000	  1.0000	  0.0000	
pred 0        0	       0	       0	       0	       0	       0	       0	       0	       0	       0	       0	       0	       0	       0	       0	       0	       0	       0	       0	       0	       0	       0	       0	       0	       0	       0	       0	       0	       0	       0	       0	      -1	       0	       0	       0	       0	       0	       0	       0	       0	       0	       0	       0	       0	       0	       0	       0	       0	       0	       0	       0	       0	       0	       0	       0	       0	       0	       0	       0	       0	       0	       0	       0	       0	       0	       0	       0	       0	       0	       0	       0	       0	       0	       0	       0	       0	       0	       0	       0	       0	       0	       0	       0	       0	       0	       0	       0	       0	       0	       0	       0	       0	       0	       0	       0	       0	       0	       0	       0	       0	       0	       0	       0	       0	       0	       0	       0	       0	       0	       0	       0	       0	       0	       0	       0	       0	       0	       0	       0	       0	       0	       0	       0	       0	       0	       0	       0	       0	       0	       0	       0	       0	       0	       0	       0	       0	       0	       0	       0	       0	       0	       0	       0	       0	       0	       0	       0	       0	       0	       0	       0	       0	       0	       0	       0	       0	       0	       0	       0	       0	       0	       0	       0	       0	       0	       0	       0	       0	       0	       0	       0	       0	       0	       0	       0	       0	       0	      -1	       0	       0	       0	       0	       0	       0	       0	       0	       0	       0	       0	       0	       0	       0	       0	       0	       0	       0	       0	       0	       0	       0	       0	       0	       0	       0	       0	       0	       0	       0	       0	       0	       0	       0	       0	       0	       0	       0	       0	       0	       0	       0	       0	       0	       0	       0	       0	       0	       0	       0	       0	       0	       0	       0	       0	       0	       0	       0	       0	       0	       1	       0	       0	
test 0        0	       0	       0	       0	       0	       0	       0	       0	       0	       0	       1	      -1	       0	       0	       0	       0	       0	       0	       0	       0	       0	       0	       0	       0	       0	       1	       0	       0	       0	       0	       0	       0	       0	       0	       0	       0	       0	       0	       1	      -1	       0	       1	       0	       0	       0	       0	       0	       0	       1	       0	       0	       0	       0	       0	       0	       1	       0	       0	       0	       0	       0	       0	       1	       0	       0	       0	       0	       0	       0	       1	       1	       0	       0	       0	       0	       0	       0	       0	       0	       1	       0	       0	       0	       0	       0	       0	       0	       0	       0	       0	       0	       1	       0	       0	      -1	       1	       1	       0	       0	       0	       1	       1	       0	       0	       0	       0	       0	       0	       0	       0	      -1	       0	       0	       0	       0	       0	       0	       0	       0	       0	       0	       0	       1	       0	       0	       0	       0	       1	       0	       0	       0	       1	       0	       1	       0	       0	       0	       0	       0	       0	       0	       0	       0	       0	       0	       1	       0	       1	       0	       1	       0	       1	       0	       0	       1	       1	       0	       1	       1	       0	       0	       0	       0	       0	       0	       0	       0	       0	       0	       0	       0	       0	       0	       0	       0	      -1	       1	       1	       0	       1	       0	       0	       0	       0	       0	       0	       1	       0	       0	       0	       0	       0	       0	       0	       1	       1	       0	       1	       0	       1	       0	       0	       1	       0	       0	       0	       0	       0	       0	       0	       0	       0	       0	       0	       0	       0	       0	       0	       0	       0	       0	       0	      -1	       1	       1	       0	       0	       1	       0	       0	       0	       1	       0	       1	       0	       0	       0	       1	       0	       0	       1	
pred 1        0	       0	       0	       0	       0	       0	       0	       0	       0	       0	       0	       0	       0	       0	       0	       0	       0	       0	       0	       0	       0	       0	       0	       0	       0	       0	       0	       0	       0	       0	       0	      -1	       0	       0	       0	       0	       0	       0	       0	       0	       0	       0	       0	       0	       0	       0	       0	       0	       0	       0	       0	       0	       0	       0	       0	       0	       0	       0	       0	       0	       0	       0	       0	       0	       0	       0	       0	       0	       0	       0	       0	       0	       0	       0	       0	       0	       0	       0	       0	       0	       0	       0	       0	       0	       0	       0	       0	       0	       0	       0	       0	       0	       0	       0	       0	       0	       0	       0	       0	       0	       0	       0	       0	       0	       0	       0	       0	       0	       0	       0	       0	       0	       0	       0	       0	       0	       0	       0	       0	       0	       0	       0	       0	       0	       0	       0	       0	       0	       0	       0	       0	       0	       0	       0	       0	       0	       0	       0	       0	       0	       0	       0	       0	       0	       0	       0	       0	       0	       0	       0	       0	       0	       0	       0	       0	       0	       0	       0	       0	       0	       0	       0	       0	       0	       0	       0	       0	       0	       0	       0	       0	       0	       0	       0	       0	       0	       0	      -1	       0	       0	       0	       0	       0	       0	       0	       0	       0	       0	       0	       0	       0	       0	       0	       0	       0	       0	       0	       0	       0	       0	       0	       0	       0	       0	       0	       0	       0	       0	       0	       0	       0	       0	       0	       0	       0	       0	       0	       0	       0	       0	       0	       0	       0	       0	       0	       0	       0	       0	       0	       0	       0	       0	       0	       0	       0	       0	       0	       0	       1	       0	       0	
test 1        0	       0	       0	       1	       0	       1	       0	       0	       0	       0	       0	       1	       0	       0	       0	       0	       0	       0	       0	       0	       1	       1	       0	       0	       0	       0	       0	       0	       0	       0	       0	       1	       0	       0	       1	       1	       1	       0	       0	       0	       0	       0	       0	       0	       0	       0	       0	       0	       0	       0	       0	       0	       0	       0	       0	       0	       0	       0	       0	       0	       1	       0	       0	       0	       1	       0	       0	       0	       0	       1	       1	       1	       0	       0	       0	       0	       0	       0	       0	       0	       0	       0	       1	       0	       0	       0	       0	       0	       0	       0	       0	       0	       0	       0	      -1	       1	       1	       1	       0	       0	       0	       0	       0	       0	       0	       0	       1	       0	       0	       0	       0	       0	       0	       0	       0	       0	       0	       0	       0	       0	       0	       0	       1	       1	       0	       0	       0	       1	       0	       0	       1	       0	       0	      -1	       0	       0	       0	       1	       0	       0	       0	       1	       0	       0	       0	       0	       0	       1	       0	       1	       0	       1	       0	       1	       0	       0	       0	       0	       1	       0	       0	       0	       0	       0	       1	       1	       0	       0	       0	       0	       0	       0	       0	       0	       0	       0	       1	       1	       0	       0	       1	       0	       0	       0	       0	       0	       0	       0	       0	       0	       0	       0	       0	       0	       1	       1	       0	       0	       0	       0	       0	       0	       0	       0	       0	       0	       0	       0	       0	       0	       0	       1	       0	       0	       1	       0	       0	       0	       0	       0	       0	       1	       1	       1	       1	       1	       0	      -1	       0	       0	       0	       0	       0	       1	       0	       0	       0	       1	       0	       0	       1	
pred 2        0	       0	       0	       0	       0	       0	       0	       0	       0	       0	       0	       0	       0	       0	       0	       0	       0	       0	       0	       0	       0	       0	       0	       0	       0	       0	       0	       0	       0	       0	       0	      -1	       0	       0	       0	       0	       0	       0	       0	       0	       0	       0	       0	       0	       0	       0	       0	       0	       0	       0	       0	       0	       0	       0	       0	       0	       0	       0	       0	       0	       0	       0	       0	       0	       0	       0	       0	       0	       0	       0	       0	       0	       0	       0	       0	       0	       0	       0	       0	       0	       0	       0	       0	       0	       0	       0	       0	       0	       0	       0	       0	       0	       0	       0	       0	       0	       0	       0	       0	       0	       0	       0	       0	       0	       0	       0	       0	       0	       0	       0	       0	       0	       0	       0	       0	       0	       0	       0	       0	       0	       0	       0	       0	       0	       0	       0	       0	       0	       0	       0	       0	       0	       0	       0	       0	       0	       0	       0	       0	       0	       0	       0	       0	       0	       0	       0	       0	       0	       0	       0	       0	       0	       0	       0	       0	       0	       0	       0	       0	       0	       0	       0	       0	       0	       0	       0	       0	       0	       0	       0	       0	       0	       0	       0	       0	       0	       0	      -1	       0	       0	       0	       0	       0	       0	       0	       0	       0	       0	       0	       0	       0	       0	       0	       0	       0	       0	       0	       0	       0	       0	       0	       0	       0	       0	       0	       0	       0	       0	       0	       0	       0	       0	       0	       0	       0	       0	       0	       0	       0	       0	       0	       0	       0	       0	       0	       0	       0	       0	       0	       0	       0	       0	       0	       0	       0	       0	       0	       0	       1	       0	       0	
test 2       -1	      -1	      -1	      -1	       0	      -1	      -1	       0	      -1	      -1	      -1	       0	       0	      -1	       0	       0	       0	      -1	       0	       0	      -1	       0	       0	       0	       0	      -1	       0	       0	       0	       0	       0	       0	       0	       0	       0	       1	       0	      -1	       0	       0	      -1	       1	       1	       0	       0	       1	       1	       0	      -1	       0	       0	       0	       0	       0	       0	       0	       0	       0	       0	       0	       0	       0	      -1	       0	       0	       0	       0	       0	      -1	       0	       0	       0	       0	       0	       0	       0	       0	       0	       0	       0	       0	       0	       0	       0	       0	       0	       1	       0	       0	       0	       0	      -1	      -1	       0	      -1	       1	       1	      -1	       0	       0	       0	       0	       0	       0	       0	       0	       1	       0	       0	       0	       0	       0	       0	       0	      -1	      -1	      -1	       0	       0	       0	       0	      -1	      -1	       0	      -1	      -1	       0	      -1	       0	       0	       0	      -1	       0	      -1	      -1	       0	      -1	      -1	      -1	      -1	       0	      -1	       0	       0	       0	      -1	      -1	      -1	       0	       0	       0	      -1	       0	      -1	      -1	      -1	      -1	      -1	      -1	       0	       0	       0	       0	       0	       0	       0	       0	      -1	      -1	       0	       0	       0	       0	      -1	       0	      -1	       0	      -1	       0	      -1	       0	       0	       0	       0	       0	       0	      -1	      -1	       0	      -1	      -1	      -1	       0	      -1	      -1	       0	      -1	      -1	       0	       0	      -1	       0	      -1	       0	       0	       0	       0	       0	      -1	      -1	      -1	       0	       0	       0	       0	       0	       0	      -1	       0	       0	       0	      -1	       0	      -1	      -1	       0	       0	      -1	      -1	       0	       0	       0	       0	       1	       0	       0	       0	      -1	       0	       0	      -1	
------
confusion matrix:
[[  1  84   0]
 [  2 533   3]
 [  3  97   0]]
macro f1: 0.29113857388617775
micro f1: 0.7385892116182573
weighted f1: 0.07793796062469482
class -1 f1: 0.02197802197802198
class  0 f1: 0.8514376996805112
class  1 f1: 0.0
average label-wise acc: 73.86%


ABL loop 1
--------------------
label        0	       1	       2	       3	       4	       5	       6	       7	       8	       9	      10	      11	      12	      13	      14	      15	      16	      17	      18	      19	      20	      21	      22	      23	      24	      25	      26	      27	      28	      29	      30	      31	      32	      33	      34	      35	      36	      37	      38	      39	      40	      41	      42	      43	      44	      45	      46	      47	      48	      49	      50	      51	      52	      53	      54	      55	      56	      57	      58	      59	      60	      61	      62	      63	      64	      65	      66	      67	      68	      69	      70	      71	      72	      73	      74	      75	      76	      77	      78	      79	      80	      81	      82	      83	      84	      85	      86	      87	      88	      89	      90	      91	      92	      93	      94	      95	      96	      97	      98	      99	     100	     101	     102	     103	     104	     105	     106	     107	     108	     109	     110	     111	     112	     113	     114	     115	     116	     117	     118	     119	     120	     121	     122	     123	     124	     125	     126	     127	     128	     129	     130	     131	     132	     133	     134	     135	     136	     137	     138	     139	     140	     141	     142	     143	     144	     145	     146	     147	     148	     149	     150	     151	     152	     153	     154	     155	     156	     157	     158	     159	     160	     161	     162	     163	     164	     165	     166	     167	     168	     169	     170	     171	     172	     173	     174	     175	     176	     177	     178	     179	     180	     181	     182	     183	     184	     185	     186	     187	     188	     189	     190	     191	     192	     193	     194	     195	     196	     197	     198	     199	     200	     201	     202	     203	     204	     205	     206	     207	     208	     209	     210	     211	     212	     213	     214	     215	     216	     217	     218	     219	     220	     221	     222	     223	     224	     225	     226	     227	     228	     229	     230	     231	     232	     233	     234	     235	     236	     237	     238	     239	     240	
   acc   66.67%	   0.00%	  66.67%	  33.33%	 100.00%	  33.33%	  66.67%	   0.00%	   0.00%	  66.67%	  33.33%	  33.33%	 100.00%	  66.67%	   0.00%	 100.00%	 100.00%	  33.33%	 100.00%	 100.00%	  33.33%	  66.67%	   0.00%	   0.00%	 100.00%	  33.33%	 100.00%	 100.00%	 100.00%	 100.00%	 100.00%	  66.67%	 100.00%	 100.00%	  66.67%	   0.00%	  33.33%	   0.00%	  66.67%	  66.67%	  66.67%	  33.33%	  66.67%	 100.00%	   0.00%	  66.67%	  66.67%	 100.00%	  33.33%	   0.00%	 100.00%	 100.00%	 100.00%	 100.00%	 100.00%	  66.67%	 100.00%	 100.00%	 100.00%	 100.00%	  66.67%	   0.00%	  33.33%	 100.00%	  66.67%	   0.00%	   0.00%	 100.00%	  66.67%	  33.33%	   0.00%	  33.33%	 100.00%	 100.00%	   0.00%	 100.00%	   0.00%	 100.00%	 100.00%	  66.67%	 100.00%	   0.00%	  33.33%	 100.00%	   0.00%	 100.00%	  66.67%	 100.00%	 100.00%	 100.00%	   0.00%	  33.33%	  33.33%	 100.00%	   0.00%	   0.00%	 100.00%	  33.33%	 100.00%	   0.00%	  33.33%	  66.67%	   0.00%	 100.00%	 100.00%	 100.00%	  33.33%	 100.00%	 100.00%	 100.00%	  66.67%	 100.00%	 100.00%	 100.00%	  66.67%	  66.67%	  66.67%	   0.00%	   0.00%	 100.00%	 100.00%	  66.67%	   0.00%	  66.67%	  66.67%	  66.67%	 100.00%	  66.67%	 100.00%	 100.00%	  66.67%	  33.33%	 100.00%	   0.00%	  66.67%	   0.00%	  66.67%	  33.33%	  66.67%	  33.33%	   0.00%	  33.33%	 100.00%	 100.00%	 100.00%	  33.33%	  66.67%	   0.00%	 100.00%	  33.33%	 100.00%	   0.00%	 100.00%	  33.33%	  33.33%	  33.33%	  66.67%	  33.33%	   0.00%	   0.00%	 100.00%	 100.00%	   0.00%	 100.00%	  66.67%	  66.67%	 100.00%	  66.67%	  66.67%	   0.00%	 100.00%	   0.00%	   0.00%	  66.67%	   0.00%	  66.67%	   0.00%	  33.33%	 100.00%	  33.33%	  66.67%	 100.00%	   0.00%	 100.00%	 100.00%	   0.00%	  33.33%	  66.67%	   0.00%	  66.67%	   0.00%	  66.67%	 100.00%	  66.67%	  33.33%	  33.33%	   0.00%	  33.33%	 100.00%	  66.67%	  33.33%	 100.00%	  33.33%	 100.00%	 100.00%	   0.00%	 100.00%	 100.00%	  66.67%	  33.33%	  33.33%	  66.67%	 100.00%	 100.00%	  66.67%	 100.00%	   0.00%	  33.33%	 100.00%	 100.00%	 100.00%	  33.33%	  33.33%	   0.00%	   0.00%	  66.67%	 100.00%	   0.00%	  66.67%	 100.00%	 100.00%	  33.33%	 100.00%	   0.00%	 100.00%	 100.00%	 100.00%	   0.00%	   0.00%	 100.00%	   0.00%	
    f1   0.4000	  0.0000	  0.4000	  0.1667	  1.0000	  0.1667	  0.4000	  0.0000	  0.0000	  0.4000	  0.1667	  0.1667	  1.0000	  0.4000	  0.0000	  1.0000	  1.0000	  0.2500	  1.0000	  1.0000	  0.1667	  0.4000	  0.0000	  0.0000	  1.0000	  0.1667	  1.0000	  1.0000	  1.0000	  1.0000	  1.0000	  0.4000	  1.0000	  1.0000	  0.4000	  0.0000	  0.2500	  0.0000	  0.4000	  0.4000	  0.4000	  0.2500	  0.4000	  1.0000	  0.0000	  0.4000	  0.4000	  1.0000	  0.1667	  0.0000	  1.0000	  1.0000	  1.0000	  1.0000	  1.0000	  0.4000	  1.0000	  1.0000	  1.0000	  1.0000	  0.4000	  0.0000	  0.1667	  1.0000	  0.4000	  0.0000	  0.0000	  1.0000	  0.4000	  0.2500	  0.0000	  0.2500	  1.0000	  1.0000	  0.0000	  1.0000	  0.0000	  1.0000	  1.0000	  0.4000	  1.0000	  0.0000	  0.2500	  1.0000	  0.0000	  1.0000	  0.4000	  1.0000	  1.0000	  1.0000	  0.0000	  0.1667	  0.2500	  1.0000	  0.0000	  0.0000	  1.0000	  0.1667	  1.0000	  0.0000	  0.2500	  0.4000	  0.0000	  1.0000	  1.0000	  1.0000	  0.2500	  1.0000	  1.0000	  1.0000	  0.4000	  1.0000	  1.0000	  1.0000	  0.4000	  0.4000	  0.4000	  0.0000	  0.0000	  1.0000	  1.0000	  0.4000	  0.0000	  0.4000	  0.4000	  0.4000	  1.0000	  0.4000	  1.0000	  1.0000	  0.4000	  0.1667	  1.0000	  0.0000	  0.4000	  0.0000	  0.4000	  0.1667	  0.4000	  0.2500	  0.0000	  0.1667	  1.0000	  1.0000	  1.0000	  0.1667	  0.4000	  0.0000	  1.0000	  0.2500	  1.0000	  0.0000	  1.0000	  0.1667	  0.1667	  0.1667	  0.4000	  0.1667	  0.0000	  0.0000	  1.0000	  1.0000	  0.0000	  1.0000	  0.4000	  0.4000	  1.0000	  0.4000	  0.4000	  0.0000	  1.0000	  0.0000	  0.0000	  0.4000	  0.0000	  0.4000	  0.0000	  0.2500	  1.0000	  0.1667	  0.4000	  1.0000	  0.0000	  1.0000	  1.0000	  0.0000	  0.1667	  0.4000	  0.0000	  0.4000	  0.0000	  0.4000	  1.0000	  0.4000	  0.2500	  0.2500	  0.0000	  0.1667	  1.0000	  0.4000	  0.2500	  1.0000	  0.1667	  1.0000	  1.0000	  0.0000	  1.0000	  1.0000	  0.4000	  0.2500	  0.2500	  0.4000	  1.0000	  1.0000	  0.4000	  1.0000	  0.0000	  0.2500	  1.0000	  1.0000	  1.0000	  0.1667	  0.1667	  0.0000	  0.0000	  0.4000	  1.0000	  0.0000	  0.4000	  1.0000	  1.0000	  0.2500	  1.0000	  0.0000	  1.0000	  1.0000	  1.0000	  0.0000	  0.0000	  1.0000	  0.0000	
pred 0        0	       1	       0	       0	       0	      -1	       0	      -1	       1	       0	       1	       0	       0	       0	       1	       0	       0	      -1	       0	       0	      -1	       0	      -1	      -1	       0	      -1	       0	       0	       0	       0	       0	       0	       0	       0	       0	      -1	       1	       1	       0	       0	       0	       0	       0	       0	       1	       0	       0	       0	       1	      -1	       0	       0	       0	       0	       0	       0	       0	       0	       0	       0	       0	      -1	      -1	       0	       0	      -1	      -1	       0	       0	       0	      -1	       1	       0	       0	       1	       0	       1	       0	       0	       0	       0	       1	       1	       0	       1	       0	       0	       0	       0	       0	      -1	       0	      -1	       0	       1	       0	       1	       0	       0	       1	       1	       0	      -1	       0	       0	       0	       0	       0	       0	       0	       0	       0	       0	       0	       0	       0	       0	       1	      -1	       0	       0	       0	       0	       0	       0	       0	       0	       1	       0	       0	       0	       0	       0	       0	       0	       1	       0	       0	       0	      -1	       1	       1	       0	       0	       0	       0	       0	       0	       0	       0	       0	       0	       0	       0	       0	       0	       0	       0	       0	       1	       0	       0	      -1	       0	       0	       0	       0	       0	       0	       1	       0	       1	      -1	       0	      -1	      -1	      -1	      -1	       0	       0	       0	       0	      -1	       0	       0	       1	       0	       0	      -1	       0	       1	       0	       0	       0	      -1	       0	       1	       0	       0	       0	      -1	       0	       0	       0	       0	      -1	       0	       0	       0	      -1	      -1	       0	       0	       0	       0	       0	       1	      -1	       0	       0	       0	      -1	       0	       0	       0	       0	       0	       0	       0	       0	       0	       1	       0	       0	       0	       0	       0	       0	       1	       0	       0	
test 0        0	       0	       0	       0	       0	       0	       0	       0	       0	       0	       1	      -1	       0	       0	       0	       0	       0	       0	       0	       0	       0	       0	       0	       0	       0	       1	       0	       0	       0	       0	       0	       0	       0	       0	       0	       0	       0	       0	       1	      -1	       0	       1	       0	       0	       0	       0	       0	       0	       1	       0	       0	       0	       0	       0	       0	       1	       0	       0	       0	       0	       0	       0	       1	       0	       0	       0	       0	       0	       0	       1	       1	       0	       0	       0	       0	       0	       0	       0	       0	       1	       0	       0	       0	       0	       0	       0	       0	       0	       0	       0	       0	       1	       0	       0	      -1	       1	       1	       0	       0	       0	       1	       1	       0	       0	       0	       0	       0	       0	       0	       0	      -1	       0	       0	       0	       0	       0	       0	       0	       0	       0	       0	       0	       1	       0	       0	       0	       0	       1	       0	       0	       0	       1	       0	       1	       0	       0	       0	       0	       0	       0	       0	       0	       0	       0	       0	       1	       0	       1	       0	       1	       0	       1	       0	       0	       1	       1	       0	       1	       1	       0	       0	       0	       0	       0	       0	       0	       0	       0	       0	       0	       0	       0	       0	       0	       0	      -1	       1	       1	       0	       1	       0	       0	       0	       0	       0	       0	       1	       0	       0	       0	       0	       0	       0	       0	       1	       1	       0	       1	       0	       1	       0	       0	       1	       0	       0	       0	       0	       0	       0	       0	       0	       0	       0	       0	       0	       0	       0	       0	       0	       0	       0	       0	      -1	       1	       1	       0	       0	       1	       0	       0	       0	       1	       0	       1	       0	       0	       0	       1	       0	       0	       1	
pred 1        0	       1	       0	       0	       0	      -1	       0	      -1	       1	       0	       1	       0	       0	       0	       1	       0	       0	      -1	       0	       0	      -1	       0	      -1	      -1	       0	      -1	       0	       0	       0	       0	       0	       0	       0	       0	       0	      -1	       1	       1	       0	       0	       0	       0	       0	       0	       1	       0	       0	       0	       1	      -1	       0	       0	       0	       0	       0	       0	       0	       0	       0	       0	       0	      -1	      -1	       0	       0	      -1	      -1	       0	       0	       0	      -1	       1	       0	       0	       1	       0	       1	       0	       0	       0	       0	       1	       1	       0	       1	       0	       0	       0	       0	       0	      -1	       0	      -1	       0	       1	       0	       1	       0	       0	       1	       1	       0	      -1	       0	       0	       0	       0	       0	       0	       0	       0	       0	       0	       0	       0	       0	       0	       1	      -1	       0	       0	       0	       0	       0	       0	       0	       0	       1	       0	       0	       0	       0	       0	       0	       0	       1	       0	       0	       0	      -1	       1	       1	       0	       0	       0	       0	       0	       0	       0	       0	       0	       0	       0	       0	       0	       0	       0	       0	       0	       1	       0	       0	      -1	       0	       0	       0	       0	       0	       0	       1	       0	       1	      -1	       0	      -1	      -1	      -1	      -1	       0	       0	       0	       0	      -1	       0	       0	       1	       0	       0	      -1	       0	       1	       0	       0	       0	      -1	       0	       1	       0	       0	       0	      -1	       0	       0	       0	       0	      -1	       0	       0	       0	      -1	      -1	       0	       0	       0	       0	       0	       1	      -1	       0	       0	       0	      -1	       0	       0	       0	       0	       0	       0	       0	       0	       0	       1	       0	       0	       0	       0	       0	       0	       1	       0	       0	
test 1        0	       0	       0	       1	       0	       1	       0	       0	       0	       0	       0	       1	       0	       0	       0	       0	       0	       0	       0	       0	       1	       1	       0	       0	       0	       0	       0	       0	       0	       0	       0	       1	       0	       0	       1	       1	       1	       0	       0	       0	       0	       0	       0	       0	       0	       0	       0	       0	       0	       0	       0	       0	       0	       0	       0	       0	       0	       0	       0	       0	       1	       0	       0	       0	       1	       0	       0	       0	       0	       1	       1	       1	       0	       0	       0	       0	       0	       0	       0	       0	       0	       0	       1	       0	       0	       0	       0	       0	       0	       0	       0	       0	       0	       0	      -1	       1	       1	       1	       0	       0	       0	       0	       0	       0	       0	       0	       1	       0	       0	       0	       0	       0	       0	       0	       0	       0	       0	       0	       0	       0	       0	       0	       1	       1	       0	       0	       0	       1	       0	       0	       1	       0	       0	      -1	       0	       0	       0	       1	       0	       0	       0	       1	       0	       0	       0	       0	       0	       1	       0	       1	       0	       1	       0	       1	       0	       0	       0	       0	       1	       0	       0	       0	       0	       0	       1	       1	       0	       0	       0	       0	       0	       0	       0	       0	       0	       0	       1	       1	       0	       0	       1	       0	       0	       0	       0	       0	       0	       0	       0	       0	       0	       0	       0	       0	       1	       1	       0	       0	       0	       0	       0	       0	       0	       0	       0	       0	       0	       0	       0	       0	       0	       1	       0	       0	       1	       0	       0	       0	       0	       0	       0	       1	       1	       1	       1	       1	       0	      -1	       0	       0	       0	       0	       0	       1	       0	       0	       0	       1	       0	       0	       1	
pred 2        0	       1	       0	       0	       0	      -1	       0	      -1	       1	       0	       1	       0	       0	       0	       1	       0	       0	      -1	       0	       0	      -1	       0	      -1	      -1	       0	      -1	       0	       0	       0	       0	       0	       0	       0	       0	       0	      -1	       1	       1	       0	       0	       0	       0	       0	       0	       1	       0	       0	       0	       1	      -1	       0	       0	       0	       0	       0	       0	       0	       0	       0	       0	       0	      -1	      -1	       0	       0	      -1	      -1	       0	       0	       0	      -1	       1	       0	       0	       1	       0	       1	       0	       0	       0	       0	       1	       1	       0	       1	       0	       0	       0	       0	       0	      -1	       0	      -1	       0	       1	       0	       1	       0	       0	       1	       1	       0	      -1	       0	       0	       0	       0	       0	       0	       0	       0	       0	       0	       0	       0	       0	       0	       1	      -1	       0	       0	       0	       0	       0	       0	       0	       0	       1	       0	       0	       0	       0	       0	       0	       0	       1	       0	       0	       0	      -1	       1	       1	       0	       0	       0	       0	       0	       0	       0	       0	       0	       0	       0	       0	       0	       0	       0	       0	       0	       1	       0	       0	      -1	       0	       0	       0	       0	       0	       0	       1	       0	       1	      -1	       0	      -1	      -1	      -1	      -1	       0	       0	       0	       0	      -1	       0	       0	       1	       0	       0	      -1	       0	       1	       0	       0	       0	      -1	       0	       1	       0	       0	       0	      -1	       0	       0	       0	       0	      -1	       0	       0	       0	      -1	      -1	       0	       0	       0	       0	       0	       1	      -1	       0	       0	       0	      -1	       0	       0	       0	       0	       0	       0	       0	       0	       0	       1	       0	       0	       0	       0	       0	       0	       1	       0	       0	
test 2       -1	      -1	      -1	      -1	       0	      -1	      -1	       0	      -1	      -1	      -1	       0	       0	      -1	       0	       0	       0	      -1	       0	       0	      -1	       0	       0	       0	       0	      -1	       0	       0	       0	       0	       0	       0	       0	       0	       0	       1	       0	      -1	       0	       0	      -1	       1	       1	       0	       0	       1	       1	       0	      -1	       0	       0	       0	       0	       0	       0	       0	       0	       0	       0	       0	       0	       0	      -1	       0	       0	       0	       0	       0	      -1	       0	       0	       0	       0	       0	       0	       0	       0	       0	       0	       0	       0	       0	       0	       0	       0	       0	       1	       0	       0	       0	       0	      -1	      -1	       0	      -1	       1	       1	      -1	       0	       0	       0	       0	       0	       0	       0	       0	       1	       0	       0	       0	       0	       0	       0	       0	      -1	      -1	      -1	       0	       0	       0	       0	      -1	      -1	       0	      -1	      -1	       0	      -1	       0	       0	       0	      -1	       0	      -1	      -1	       0	      -1	      -1	      -1	      -1	       0	      -1	       0	       0	       0	      -1	      -1	      -1	       0	       0	       0	      -1	       0	      -1	      -1	      -1	      -1	      -1	      -1	       0	       0	       0	       0	       0	       0	       0	       0	      -1	      -1	       0	       0	       0	       0	      -1	       0	      -1	       0	      -1	       0	      -1	       0	       0	       0	       0	       0	       0	      -1	      -1	       0	      -1	      -1	      -1	       0	      -1	      -1	       0	      -1	      -1	       0	       0	      -1	       0	      -1	       0	       0	       0	       0	       0	      -1	      -1	      -1	       0	       0	       0	       0	       0	       0	      -1	       0	       0	       0	      -1	       0	      -1	      -1	       0	       0	      -1	      -1	       0	       0	       0	       0	       1	       0	       0	       0	      -1	       0	       0	      -1	
------
confusion matrix:
[[ 16  57  12]
 [ 71 396  71]
 [ 15  72  13]]
macro f1: 0.34961240119069953
micro f1: 0.5878284923928078
weighted f1: 0.19999685883522034
class -1 f1: 0.1711229946524064
class  0 f1: 0.7450611476952023
class  1 f1: 0.1326530612244898
average label-wise acc: 58.78%


ABL loop 2
--------------------
label        0	       1	       2	       3	       4	       5	       6	       7	       8	       9	      10	      11	      12	      13	      14	      15	      16	      17	      18	      19	      20	      21	      22	      23	      24	      25	      26	      27	      28	      29	      30	      31	      32	      33	      34	      35	      36	      37	      38	      39	      40	      41	      42	      43	      44	      45	      46	      47	      48	      49	      50	      51	      52	      53	      54	      55	      56	      57	      58	      59	      60	      61	      62	      63	      64	      65	      66	      67	      68	      69	      70	      71	      72	      73	      74	      75	      76	      77	      78	      79	      80	      81	      82	      83	      84	      85	      86	      87	      88	      89	      90	      91	      92	      93	      94	      95	      96	      97	      98	      99	     100	     101	     102	     103	     104	     105	     106	     107	     108	     109	     110	     111	     112	     113	     114	     115	     116	     117	     118	     119	     120	     121	     122	     123	     124	     125	     126	     127	     128	     129	     130	     131	     132	     133	     134	     135	     136	     137	     138	     139	     140	     141	     142	     143	     144	     145	     146	     147	     148	     149	     150	     151	     152	     153	     154	     155	     156	     157	     158	     159	     160	     161	     162	     163	     164	     165	     166	     167	     168	     169	     170	     171	     172	     173	     174	     175	     176	     177	     178	     179	     180	     181	     182	     183	     184	     185	     186	     187	     188	     189	     190	     191	     192	     193	     194	     195	     196	     197	     198	     199	     200	     201	     202	     203	     204	     205	     206	     207	     208	     209	     210	     211	     212	     213	     214	     215	     216	     217	     218	     219	     220	     221	     222	     223	     224	     225	     226	     227	     228	     229	     230	     231	     232	     233	     234	     235	     236	     237	     238	     239	     240	
   acc   66.67%	   0.00%	  66.67%	  33.33%	 100.00%	  33.33%	  66.67%	   0.00%	   0.00%	  66.67%	  33.33%	  33.33%	 100.00%	  66.67%	   0.00%	 100.00%	 100.00%	  33.33%	 100.00%	 100.00%	  33.33%	  66.67%	   0.00%	   0.00%	 100.00%	  33.33%	 100.00%	 100.00%	 100.00%	 100.00%	 100.00%	  66.67%	 100.00%	 100.00%	  66.67%	   0.00%	  33.33%	   0.00%	  66.67%	  66.67%	  66.67%	  33.33%	  66.67%	 100.00%	   0.00%	  66.67%	  66.67%	 100.00%	  33.33%	   0.00%	 100.00%	 100.00%	 100.00%	 100.00%	 100.00%	  66.67%	 100.00%	 100.00%	 100.00%	 100.00%	  66.67%	   0.00%	  33.33%	 100.00%	  66.67%	   0.00%	   0.00%	 100.00%	  66.67%	  33.33%	   0.00%	  33.33%	 100.00%	 100.00%	   0.00%	 100.00%	   0.00%	 100.00%	 100.00%	  66.67%	 100.00%	   0.00%	  33.33%	 100.00%	   0.00%	 100.00%	  66.67%	 100.00%	 100.00%	 100.00%	   0.00%	  33.33%	  33.33%	 100.00%	   0.00%	   0.00%	 100.00%	  33.33%	 100.00%	   0.00%	  33.33%	  66.67%	   0.00%	 100.00%	 100.00%	 100.00%	  33.33%	 100.00%	 100.00%	 100.00%	  66.67%	 100.00%	 100.00%	 100.00%	  66.67%	  66.67%	  66.67%	   0.00%	   0.00%	 100.00%	 100.00%	  66.67%	   0.00%	  66.67%	  66.67%	  66.67%	 100.00%	  66.67%	 100.00%	 100.00%	  66.67%	  33.33%	 100.00%	   0.00%	  66.67%	   0.00%	  66.67%	  33.33%	  66.67%	  33.33%	   0.00%	  33.33%	 100.00%	 100.00%	 100.00%	  33.33%	  66.67%	   0.00%	 100.00%	  33.33%	 100.00%	   0.00%	 100.00%	  33.33%	  33.33%	  33.33%	  66.67%	  33.33%	   0.00%	   0.00%	 100.00%	 100.00%	   0.00%	 100.00%	  66.67%	  66.67%	 100.00%	  66.67%	  66.67%	   0.00%	 100.00%	   0.00%	   0.00%	  66.67%	   0.00%	  66.67%	   0.00%	  33.33%	 100.00%	  33.33%	  66.67%	 100.00%	   0.00%	 100.00%	 100.00%	   0.00%	  33.33%	  66.67%	   0.00%	  66.67%	   0.00%	  66.67%	 100.00%	  66.67%	  33.33%	  33.33%	   0.00%	  33.33%	 100.00%	  66.67%	  33.33%	 100.00%	  33.33%	 100.00%	 100.00%	   0.00%	 100.00%	 100.00%	  66.67%	  33.33%	  33.33%	  66.67%	 100.00%	 100.00%	  66.67%	 100.00%	   0.00%	   0.00%	 100.00%	 100.00%	 100.00%	  33.33%	  33.33%	   0.00%	   0.00%	  66.67%	 100.00%	   0.00%	  66.67%	 100.00%	 100.00%	  33.33%	 100.00%	   0.00%	 100.00%	 100.00%	 100.00%	   0.00%	   0.00%	 100.00%	   0.00%	
    f1   0.4000	  0.0000	  0.4000	  0.1667	  1.0000	  0.1667	  0.4000	  0.0000	  0.0000	  0.4000	  0.1667	  0.1667	  1.0000	  0.4000	  0.0000	  1.0000	  1.0000	  0.2500	  1.0000	  1.0000	  0.1667	  0.4000	  0.0000	  0.0000	  1.0000	  0.1667	  1.0000	  1.0000	  1.0000	  1.0000	  1.0000	  0.4000	  1.0000	  1.0000	  0.4000	  0.0000	  0.2500	  0.0000	  0.4000	  0.4000	  0.4000	  0.2500	  0.4000	  1.0000	  0.0000	  0.4000	  0.4000	  1.0000	  0.1667	  0.0000	  1.0000	  1.0000	  1.0000	  1.0000	  1.0000	  0.4000	  1.0000	  1.0000	  1.0000	  1.0000	  0.4000	  0.0000	  0.1667	  1.0000	  0.4000	  0.0000	  0.0000	  1.0000	  0.4000	  0.2500	  0.0000	  0.2500	  1.0000	  1.0000	  0.0000	  1.0000	  0.0000	  1.0000	  1.0000	  0.4000	  1.0000	  0.0000	  0.2500	  1.0000	  0.0000	  1.0000	  0.4000	  1.0000	  1.0000	  1.0000	  0.0000	  0.1667	  0.2500	  1.0000	  0.0000	  0.0000	  1.0000	  0.1667	  1.0000	  0.0000	  0.2500	  0.4000	  0.0000	  1.0000	  1.0000	  1.0000	  0.2500	  1.0000	  1.0000	  1.0000	  0.4000	  1.0000	  1.0000	  1.0000	  0.4000	  0.4000	  0.4000	  0.0000	  0.0000	  1.0000	  1.0000	  0.4000	  0.0000	  0.4000	  0.4000	  0.4000	  1.0000	  0.4000	  1.0000	  1.0000	  0.4000	  0.1667	  1.0000	  0.0000	  0.4000	  0.0000	  0.4000	  0.1667	  0.4000	  0.2500	  0.0000	  0.1667	  1.0000	  1.0000	  1.0000	  0.1667	  0.4000	  0.0000	  1.0000	  0.2500	  1.0000	  0.0000	  1.0000	  0.1667	  0.1667	  0.1667	  0.4000	  0.1667	  0.0000	  0.0000	  1.0000	  1.0000	  0.0000	  1.0000	  0.4000	  0.4000	  1.0000	  0.4000	  0.4000	  0.0000	  1.0000	  0.0000	  0.0000	  0.4000	  0.0000	  0.4000	  0.0000	  0.2500	  1.0000	  0.1667	  0.4000	  1.0000	  0.0000	  1.0000	  1.0000	  0.0000	  0.1667	  0.4000	  0.0000	  0.4000	  0.0000	  0.4000	  1.0000	  0.4000	  0.2500	  0.2500	  0.0000	  0.1667	  1.0000	  0.4000	  0.2500	  1.0000	  0.1667	  1.0000	  1.0000	  0.0000	  1.0000	  1.0000	  0.4000	  0.2500	  0.2500	  0.4000	  1.0000	  1.0000	  0.4000	  1.0000	  0.0000	  0.0000	  1.0000	  1.0000	  1.0000	  0.1667	  0.1667	  0.0000	  0.0000	  0.4000	  1.0000	  0.0000	  0.4000	  1.0000	  1.0000	  0.2500	  1.0000	  0.0000	  1.0000	  1.0000	  1.0000	  0.0000	  0.0000	  1.0000	  0.0000	
pred 0        0	       1	       0	       0	       0	      -1	       0	      -1	       1	       0	       1	       0	       0	       0	       1	       0	       0	      -1	       0	       0	      -1	       0	      -1	      -1	       0	      -1	       0	       0	       0	       0	       0	       0	       0	       0	       0	      -1	       1	       1	       0	       0	       0	       0	       0	       0	       1	       0	       0	       0	       1	      -1	       0	       0	       0	       0	       0	       0	       0	       0	       0	       0	       0	      -1	      -1	       0	       0	      -1	      -1	       0	       0	       0	      -1	       1	       0	       0	       1	       0	       1	       0	       0	       0	       0	       1	       1	       0	       1	       0	       0	       0	       0	       0	      -1	       0	      -1	       0	       1	       0	       1	       0	       0	       1	       1	       0	      -1	       0	       0	       0	       0	       0	       0	       0	       0	       0	       0	       0	       0	       0	       0	       1	      -1	       0	       0	       0	       0	       0	       0	       0	       0	       1	       0	       0	       0	       0	       0	       0	       0	       1	       0	       0	       0	      -1	       1	       1	       0	       0	       0	       0	       0	       0	       0	       0	       0	       0	       0	       0	       0	       0	       0	       0	       0	       1	       0	       0	      -1	       0	       0	       0	       0	       0	       0	       1	       0	       1	      -1	       0	      -1	      -1	      -1	      -1	       0	       0	       0	       0	      -1	       0	       0	       1	       0	       0	      -1	       0	       1	       0	       0	       0	      -1	       0	       1	       0	       0	       0	      -1	       0	       0	       0	       0	      -1	       0	       0	       0	      -1	      -1	       0	       0	       0	       0	       0	       1	       1	       0	       0	       0	      -1	       0	       0	       0	       0	       0	       0	       0	       0	       0	       1	       0	       0	       0	       0	       0	       0	       1	       0	       0	
test 0        0	       0	       0	       0	       0	       0	       0	       0	       0	       0	       1	      -1	       0	       0	       0	       0	       0	       0	       0	       0	       0	       0	       0	       0	       0	       1	       0	       0	       0	       0	       0	       0	       0	       0	       0	       0	       0	       0	       1	      -1	       0	       1	       0	       0	       0	       0	       0	       0	       1	       0	       0	       0	       0	       0	       0	       1	       0	       0	       0	       0	       0	       0	       1	       0	       0	       0	       0	       0	       0	       1	       1	       0	       0	       0	       0	       0	       0	       0	       0	       1	       0	       0	       0	       0	       0	       0	       0	       0	       0	       0	       0	       1	       0	       0	      -1	       1	       1	       0	       0	       0	       1	       1	       0	       0	       0	       0	       0	       0	       0	       0	      -1	       0	       0	       0	       0	       0	       0	       0	       0	       0	       0	       0	       1	       0	       0	       0	       0	       1	       0	       0	       0	       1	       0	       1	       0	       0	       0	       0	       0	       0	       0	       0	       0	       0	       0	       1	       0	       1	       0	       1	       0	       1	       0	       0	       1	       1	       0	       1	       1	       0	       0	       0	       0	       0	       0	       0	       0	       0	       0	       0	       0	       0	       0	       0	       0	      -1	       1	       1	       0	       1	       0	       0	       0	       0	       0	       0	       1	       0	       0	       0	       0	       0	       0	       0	       1	       1	       0	       1	       0	       1	       0	       0	       1	       0	       0	       0	       0	       0	       0	       0	       0	       0	       0	       0	       0	       0	       0	       0	       0	       0	       0	       0	      -1	       1	       1	       0	       0	       1	       0	       0	       0	       1	       0	       1	       0	       0	       0	       1	       0	       0	       1	
pred 1        0	       1	       0	       0	       0	      -1	       0	      -1	       1	       0	       1	       0	       0	       0	       1	       0	       0	      -1	       0	       0	      -1	       0	      -1	      -1	       0	      -1	       0	       0	       0	       0	       0	       0	       0	       0	       0	      -1	       1	       1	       0	       0	       0	       0	       0	       0	       1	       0	       0	       0	       1	      -1	       0	       0	       0	       0	       0	       0	       0	       0	       0	       0	       0	      -1	      -1	       0	       0	      -1	      -1	       0	       0	       0	      -1	       1	       0	       0	       1	       0	       1	       0	       0	       0	       0	       1	       1	       0	       1	       0	       0	       0	       0	       0	      -1	       0	      -1	       0	       1	       0	       1	       0	       0	       1	       1	       0	      -1	       0	       0	       0	       0	       0	       0	       0	       0	       0	       0	       0	       0	       0	       0	       1	      -1	       0	       0	       0	       0	       0	       0	       0	       0	       1	       0	       0	       0	       0	       0	       0	       0	       1	       0	       0	       0	      -1	       1	       1	       0	       0	       0	       0	       0	       0	       0	       0	       0	       0	       0	       0	       0	       0	       0	       0	       0	       1	       0	       0	      -1	       0	       0	       0	       0	       0	       0	       1	       0	       1	      -1	       0	      -1	      -1	      -1	      -1	       0	       0	       0	       0	      -1	       0	       0	       1	       0	       0	      -1	       0	       1	       0	       0	       0	      -1	       0	       1	       0	       0	       0	      -1	       0	       0	       0	       0	      -1	       0	       0	       0	      -1	      -1	       0	       0	       0	       0	       0	       1	       1	       0	       0	       0	      -1	       0	       0	       0	       0	       0	       0	       0	       0	       0	       1	       0	       0	       0	       0	       0	       0	       1	       0	       0	
test 1        0	       0	       0	       1	       0	       1	       0	       0	       0	       0	       0	       1	       0	       0	       0	       0	       0	       0	       0	       0	       1	       1	       0	       0	       0	       0	       0	       0	       0	       0	       0	       1	       0	       0	       1	       1	       1	       0	       0	       0	       0	       0	       0	       0	       0	       0	       0	       0	       0	       0	       0	       0	       0	       0	       0	       0	       0	       0	       0	       0	       1	       0	       0	       0	       1	       0	       0	       0	       0	       1	       1	       1	       0	       0	       0	       0	       0	       0	       0	       0	       0	       0	       1	       0	       0	       0	       0	       0	       0	       0	       0	       0	       0	       0	      -1	       1	       1	       1	       0	       0	       0	       0	       0	       0	       0	       0	       1	       0	       0	       0	       0	       0	       0	       0	       0	       0	       0	       0	       0	       0	       0	       0	       1	       1	       0	       0	       0	       1	       0	       0	       1	       0	       0	      -1	       0	       0	       0	       1	       0	       0	       0	       1	       0	       0	       0	       0	       0	       1	       0	       1	       0	       1	       0	       1	       0	       0	       0	       0	       1	       0	       0	       0	       0	       0	       1	       1	       0	       0	       0	       0	       0	       0	       0	       0	       0	       0	       1	       1	       0	       0	       1	       0	       0	       0	       0	       0	       0	       0	       0	       0	       0	       0	       0	       0	       1	       1	       0	       0	       0	       0	       0	       0	       0	       0	       0	       0	       0	       0	       0	       0	       0	       1	       0	       0	       1	       0	       0	       0	       0	       0	       0	       1	       1	       1	       1	       1	       0	      -1	       0	       0	       0	       0	       0	       1	       0	       0	       0	       1	       0	       0	       1	
pred 2        0	       1	       0	       0	       0	      -1	       0	      -1	       1	       0	       1	       0	       0	       0	       1	       0	       0	      -1	       0	       0	      -1	       0	      -1	      -1	       0	      -1	       0	       0	       0	       0	       0	       0	       0	       0	       0	      -1	       1	       1	       0	       0	       0	       0	       0	       0	       1	       0	       0	       0	       1	      -1	       0	       0	       0	       0	       0	       0	       0	       0	       0	       0	       0	      -1	      -1	       0	       0	      -1	      -1	       0	       0	       0	      -1	       1	       0	       0	       1	       0	       1	       0	       0	       0	       0	       1	       1	       0	       1	       0	       0	       0	       0	       0	      -1	       0	      -1	       0	       1	       0	       1	       0	       0	       1	       1	       0	      -1	       0	       0	       0	       0	       0	       0	       0	       0	       0	       0	       0	       0	       0	       0	       1	      -1	       0	       0	       0	       0	       0	       0	       0	       0	       1	       0	       0	       0	       0	       0	       0	       0	       1	       0	       0	       0	      -1	       1	       1	       0	       0	       0	       0	       0	       0	       0	       0	       0	       0	       0	       0	       0	       0	       0	       0	       0	       1	       0	       0	      -1	       0	       0	       0	       0	       0	       0	       1	       0	       1	      -1	       0	      -1	      -1	      -1	      -1	       0	       0	       0	       0	      -1	       0	       0	       1	       0	       0	      -1	       0	       1	       0	       0	       0	      -1	       0	       1	       0	       0	       0	      -1	       0	       0	       0	       0	      -1	       0	       0	       0	      -1	      -1	       0	       0	       0	       0	       0	       1	       1	       0	       0	       0	      -1	       0	       0	       0	       0	       0	       0	       0	       0	       0	       1	       0	       0	       0	       0	       0	       0	       1	       0	       0	
test 2       -1	      -1	      -1	      -1	       0	      -1	      -1	       0	      -1	      -1	      -1	       0	       0	      -1	       0	       0	       0	      -1	       0	       0	      -1	       0	       0	       0	       0	      -1	       0	       0	       0	       0	       0	       0	       0	       0	       0	       1	       0	      -1	       0	       0	      -1	       1	       1	       0	       0	       1	       1	       0	      -1	       0	       0	       0	       0	       0	       0	       0	       0	       0	       0	       0	       0	       0	      -1	       0	       0	       0	       0	       0	      -1	       0	       0	       0	       0	       0	       0	       0	       0	       0	       0	       0	       0	       0	       0	       0	       0	       0	       1	       0	       0	       0	       0	      -1	      -1	       0	      -1	       1	       1	      -1	       0	       0	       0	       0	       0	       0	       0	       0	       1	       0	       0	       0	       0	       0	       0	       0	      -1	      -1	      -1	       0	       0	       0	       0	      -1	      -1	       0	      -1	      -1	       0	      -1	       0	       0	       0	      -1	       0	      -1	      -1	       0	      -1	      -1	      -1	      -1	       0	      -1	       0	       0	       0	      -1	      -1	      -1	       0	       0	       0	      -1	       0	      -1	      -1	      -1	      -1	      -1	      -1	       0	       0	       0	       0	       0	       0	       0	       0	      -1	      -1	       0	       0	       0	       0	      -1	       0	      -1	       0	      -1	       0	      -1	       0	       0	       0	       0	       0	       0	      -1	      -1	       0	      -1	      -1	      -1	       0	      -1	      -1	       0	      -1	      -1	       0	       0	      -1	       0	      -1	       0	       0	       0	       0	       0	      -1	      -1	      -1	       0	       0	       0	       0	       0	       0	      -1	       0	       0	       0	      -1	       0	      -1	      -1	       0	       0	      -1	      -1	       0	       0	       0	       0	       1	       0	       0	       0	      -1	       0	       0	      -1	
------
confusion matrix:
[[ 15  57  13]
 [ 69 396  73]
 [ 15  72  13]]
macro f1: 0.3462526307625768
micro f1: 0.5864453665283541
weighted f1: 0.19512665271759033
class -1 f1: 0.16304347826086957
class  0 f1: 0.7450611476952023
class  1 f1: 0.1306532663316583
average label-wise acc: 58.64%



======
rydC
=====


before pretrain
--------------------
label        0	       1	       2	       3	       4	       5	       6	       7	       8	       9	      10	      11	      12	      13	      14	      15	      16	      17	      18	      19	      20	      21	      22	      23	      24	      25	      26	      27	      28	      29	      30	      31	      32	      33	      34	      35	      36	      37	      38	      39	      40	      41	      42	      43	      44	      45	      46	      47	      48	      49	      50	      51	      52	      53	      54	      55	      56	      57	      58	      59	      60	      61	      62	      63	      64	      65	      66	      67	      68	      69	      70	      71	      72	      73	      74	      75	      76	      77	      78	      79	      80	      81	      82	      83	      84	      85	      86	      87	      88	      89	      90	      91	      92	      93	      94	      95	      96	      97	      98	      99	     100	     101	     102	     103	     104	     105	     106	     107	     108	     109	     110	     111	     112	     113	     114	     115	     116	     117	     118	     119	     120	     121	     122	     123	     124	     125	     126	     127	     128	     129	     130	     131	     132	     133	     134	     135	     136	     137	     138	     139	     140	     141	     142	     143	     144	     145	     146	     147	     148	     149	     150	     151	     152	     153	     154	     155	     156	     157	     158	     159	     160	     161	     162	     163	     164	     165	     166	     167	     168	     169	     170	     171	     172	     173	     174	     175	     176	     177	     178	     179	     180	     181	     182	     183	     184	     185	     186	     187	     188	     189	     190	     191	     192	     193	     194	     195	     196	     197	     198	     199	     200	     201	     202	     203	     204	     205	     206	     207	     208	     209	     210	     211	     212	     213	     214	     215	     216	     217	     218	     219	     220	     221	     222	     223	     224	     225	     226	     227	     228	     229	     230	     231	     232	     233	     234	     235	     236	     237	     238	     239	     240	
   acc    0.00%	   0.00%	 100.00%	   0.00%	   0.00%	  66.67%	 100.00%	   0.00%	   0.00%	   0.00%	 100.00%	 100.00%	   0.00%	 100.00%	 100.00%	   0.00%	   0.00%	   0.00%	   0.00%	   0.00%	 100.00%	 100.00%	   0.00%	   0.00%	   0.00%	   0.00%	   0.00%	   0.00%	 100.00%	   0.00%	   0.00%	 100.00%	   0.00%	   0.00%	   0.00%	   0.00%	   0.00%	 100.00%	 100.00%	   0.00%	 100.00%	   0.00%	 100.00%	   0.00%	   0.00%	   0.00%	   0.00%	   0.00%	   0.00%	   0.00%	   0.00%	   0.00%	 100.00%	   0.00%	 100.00%	 100.00%	 100.00%	   0.00%	   0.00%	   0.00%	   0.00%	   0.00%	   0.00%	 100.00%	 100.00%	   0.00%	 100.00%	   0.00%	   0.00%	   0.00%	 100.00%	 100.00%	   0.00%	   0.00%	 100.00%	   0.00%	   0.00%	   0.00%	 100.00%	   0.00%	   0.00%	   0.00%	  66.67%	 100.00%	  66.67%	   0.00%	 100.00%	   0.00%	   0.00%	   0.00%	 100.00%	   0.00%	 100.00%	   0.00%	   0.00%	   0.00%	   0.00%	   0.00%	   0.00%	 100.00%	 100.00%	   0.00%	   0.00%	   0.00%	   0.00%	 100.00%	   0.00%	 100.00%	   0.00%	   0.00%	   0.00%	   0.00%	   0.00%	 100.00%	   0.00%	 100.00%	   0.00%	 100.00%	 100.00%	   0.00%	   0.00%	   0.00%	   0.00%	   0.00%	   0.00%	   0.00%	 100.00%	   0.00%	   0.00%	   0.00%	   0.00%	   0.00%	   0.00%	   0.00%	 100.00%	   0.00%	   0.00%	   0.00%	   0.00%	   0.00%	   0.00%	   0.00%	  33.33%	   0.00%	   0.00%	   0.00%	   0.00%	   0.00%	   0.00%	   0.00%	   0.00%	   0.00%	   0.00%	   0.00%	 100.00%	   0.00%	   0.00%	   0.00%	   0.00%	 100.00%	   0.00%	 100.00%	   0.00%	 100.00%	   0.00%	   0.00%	   0.00%	   0.00%	 100.00%	 100.00%	   0.00%	   0.00%	   0.00%	 100.00%	 100.00%	 100.00%	   0.00%	 100.00%	 100.00%	   0.00%	 100.00%	   0.00%	   0.00%	 100.00%	   0.00%	   0.00%	  66.67%	   0.00%	 100.00%	 100.00%	   0.00%	 100.00%	   0.00%	 100.00%	 100.00%	   0.00%	   0.00%	   0.00%	 100.00%	   0.00%	 100.00%	   0.00%	 100.00%	   0.00%	   0.00%	   0.00%	   0.00%	   0.00%	 100.00%	 100.00%	 100.00%	 100.00%	   0.00%	   0.00%	 100.00%	   0.00%	   0.00%	   0.00%	   0.00%	 100.00%	   0.00%	 100.00%	 100.00%	 100.00%	   0.00%	   0.00%	 100.00%	 100.00%	 100.00%	 100.00%	   0.00%	 100.00%	  66.67%	   0.00%	 100.00%	 100.00%	 100.00%	   0.00%	   0.00%	   0.00%	   0.00%	
    f1   0.0000	  0.0000	  1.0000	  0.0000	  0.0000	  0.4000	  1.0000	  0.0000	  0.0000	  0.0000	  1.0000	  1.0000	  0.0000	  1.0000	  1.0000	  0.0000	  0.0000	  0.0000	  0.0000	  0.0000	  1.0000	  1.0000	  0.0000	  0.0000	  0.0000	  0.0000	  0.0000	  0.0000	  1.0000	  0.0000	  0.0000	  1.0000	  0.0000	  0.0000	  0.0000	  0.0000	  0.0000	  1.0000	  1.0000	  0.0000	  1.0000	  0.0000	  1.0000	  0.0000	  0.0000	  0.0000	  0.0000	  0.0000	  0.0000	  0.0000	  0.0000	  0.0000	  1.0000	  0.0000	  1.0000	  1.0000	  1.0000	  0.0000	  0.0000	  0.0000	  0.0000	  0.0000	  0.0000	  1.0000	  1.0000	  0.0000	  1.0000	  0.0000	  0.0000	  0.0000	  1.0000	  1.0000	  0.0000	  0.0000	  1.0000	  0.0000	  0.0000	  0.0000	  1.0000	  0.0000	  0.0000	  0.0000	  0.4000	  1.0000	  0.4000	  0.0000	  1.0000	  0.0000	  0.0000	  0.0000	  1.0000	  0.0000	  1.0000	  0.0000	  0.0000	  0.0000	  0.0000	  0.0000	  0.0000	  1.0000	  1.0000	  0.0000	  0.0000	  0.0000	  0.0000	  1.0000	  0.0000	  1.0000	  0.0000	  0.0000	  0.0000	  0.0000	  0.0000	  1.0000	  0.0000	  1.0000	  0.0000	  1.0000	  1.0000	  0.0000	  0.0000	  0.0000	  0.0000	  0.0000	  0.0000	  0.0000	  1.0000	  0.0000	  0.0000	  0.0000	  0.0000	  0.0000	  0.0000	  0.0000	  1.0000	  0.0000	  0.0000	  0.0000	  0.0000	  0.0000	  0.0000	  0.0000	  0.2500	  0.0000	  0.0000	  0.0000	  0.0000	  0.0000	  0.0000	  0.0000	  0.0000	  0.0000	  0.0000	  0.0000	  1.0000	  0.0000	  0.0000	  0.0000	  0.0000	  1.0000	  0.0000	  1.0000	  0.0000	  1.0000	  0.0000	  0.0000	  0.0000	  0.0000	  1.0000	  1.0000	  0.0000	  0.0000	  0.0000	  1.0000	  1.0000	  1.0000	  0.0000	  1.0000	  1.0000	  0.0000	  1.0000	  0.0000	  0.0000	  1.0000	  0.0000	  0.0000	  0.4000	  0.0000	  1.0000	  1.0000	  0.0000	  1.0000	  0.0000	  1.0000	  1.0000	  0.0000	  0.0000	  0.0000	  1.0000	  0.0000	  1.0000	  0.0000	  1.0000	  0.0000	  0.0000	  0.0000	  0.0000	  0.0000	  1.0000	  1.0000	  1.0000	  1.0000	  0.0000	  0.0000	  1.0000	  0.0000	  0.0000	  0.0000	  0.0000	  1.0000	  0.0000	  1.0000	  1.0000	  1.0000	  0.0000	  0.0000	  1.0000	  1.0000	  1.0000	  1.0000	  0.0000	  1.0000	  0.4000	  0.0000	  1.0000	  1.0000	  1.0000	  0.0000	  0.0000	  0.0000	  0.0000	
pred 0        1	       1	       0	       1	      -1	       1	       0	       1	      -1	       1	       0	       0	       1	       0	       0	      -1	       1	       1	       1	      -1	       0	       0	       1	       1	      -1	      -1	      -1	       1	       0	       1	      -1	      -1	       1	      -1	      -1	       1	      -1	       0	       0	       0	       0	       1	       0	       1	       1	      -1	       1	       1	      -1	       1	      -1	       1	       0	       1	       0	       0	       0	       1	       1	       1	      -1	       1	      -1	       0	       0	       1	       0	       1	      -1	      -1	       0	       0	      -1	      -1	       0	       1	      -1	      -1	       0	      -1	      -1	       1	       0	       0	       0	       1	       0	      -1	       1	       1	       0	       1	       0	      -1	      -1	      -1	      -1	       1	      -1	       0	       0	       1	       1	       1	       1	       0	       1	       0	      -1	      -1	      -1	       1	      -1	       0	      -1	       0	       1	       0	       0	       1	       1	       1	      -1	       1	       1	      -1	       0	       1	      -1	       1	       1	       1	      -1	      -1	       0	       1	       1	       1	       1	      -1	       1	      -1	       1	      -1	      -1	       1	       0	      -1	      -1	      -1	      -1	       1	       1	      -1	       0	       1	       1	      -1	      -1	       0	       1	       0	       1	       0	      -1	       1	      -1	       1	       0	       0	      -1	      -1	       1	       0	       0	       0	       1	      -1	       0	      -1	       0	      -1	       1	      -1	      -1	      -1	      -1	       1	       0	       0	      -1	       0	       1	       0	       0	       1	       1	      -1	       0	      -1	       0	      -1	       0	       1	      -1	       1	      -1	       1	       0	       0	       1	       0	       1	      -1	      -1	      -1	      -1	      -1	       1	       0	      -1	       0	       0	       0	      -1	       1	       0	       0	       0	       0	      -1	       0	       0	      -1	       0	       0	       0	      -1	      -1	       1	      -1	
test 0        0	       0	       0	       0	       0	       1	       0	       0	       0	       0	       0	       0	       0	       0	       0	       0	       0	       0	       0	       0	       0	       0	       0	       0	       1	       0	       0	       0	       0	       0	       0	      -1	       0	       0	       0	       0	       0	       0	       0	       1	       0	       0	       0	       0	       0	       0	       0	      -1	       0	       0	       0	       0	       0	       0	       0	       0	       0	       0	       0	       0	       0	       0	       0	       0	       0	       0	       0	       0	       0	       0	       0	       0	       0	       0	       0	       0	       0	       0	       0	       0	       0	       0	      -1	       0	       0	       0	       0	       0	       0	       0	       0	       0	       0	       0	       0	       0	       0	       0	       0	       0	       0	       0	       0	       0	       0	       0	       0	       0	       0	       0	       0	       0	       0	       0	       0	       0	       0	       0	       0	       0	       0	       0	       1	       0	       0	       0	       0	       0	       0	       0	       0	       0	       0	       0	       0	       0	       0	       0	       0	       0	       0	       0	       0	       0	       0	       0	      -1	       0	       0	       0	       0	       0	       0	       0	       0	       0	       0	       0	       0	       0	       0	       0	       0	       0	       0	       0	       0	       0	       0	       0	       0	       0	       0	       0	       0	       0	       0	      -1	       0	       0	       0	       0	       0	      -1	       0	       0	      -1	       0	       0	       0	       0	       0	      -1	       0	       0	       0	       0	       0	       0	       0	       0	       0	       0	       0	       0	       0	       0	       0	       0	       0	       1	       0	       0	       0	      -1	       0	       0	       1	       0	       0	       0	       0	       0	       0	       1	       0	       0	       0	       0	       0	       0	       0	       0	       0	       0	       0	       0	       0	       1	       0	       0	
pred 1        1	       1	       0	       1	      -1	       1	       0	       1	      -1	       1	       0	       0	       1	       0	       0	      -1	       1	       1	       1	      -1	       0	       0	       1	       1	      -1	      -1	      -1	       1	       0	       1	      -1	      -1	       1	      -1	      -1	       1	      -1	       0	       0	       0	       0	       1	       0	       1	       1	      -1	       1	       1	      -1	       1	      -1	       1	       0	       1	       0	       0	       0	       1	       1	       1	      -1	       1	      -1	       0	       0	       1	       0	       1	      -1	      -1	       0	       0	      -1	      -1	       0	       1	      -1	      -1	       0	      -1	      -1	       1	       0	       0	       0	       1	       0	      -1	       1	       1	       0	       1	       0	      -1	      -1	      -1	      -1	       1	      -1	       0	       0	       1	       1	       1	       1	       0	       1	       0	      -1	      -1	      -1	       1	      -1	       0	      -1	       0	       1	       0	       0	       1	       1	       1	      -1	       1	       1	      -1	       0	       1	      -1	       1	       1	       1	      -1	      -1	       0	       1	       1	       1	       1	      -1	       1	      -1	       1	      -1	      -1	       1	       0	      -1	      -1	      -1	      -1	       1	       1	      -1	       0	       1	       1	      -1	      -1	       0	       1	       0	       1	       0	      -1	       1	      -1	       1	       0	       0	      -1	      -1	       1	       0	       0	       0	       1	      -1	       0	      -1	       0	      -1	       1	      -1	      -1	      -1	      -1	       1	       0	       0	      -1	       0	       1	       0	       0	       1	       1	      -1	       0	      -1	       0	      -1	       0	       1	      -1	       1	      -1	       1	       0	       0	       1	       0	       1	      -1	      -1	      -1	      -1	      -1	       1	       0	      -1	       0	       0	       0	      -1	       1	       0	       0	       0	       0	      -1	       0	       0	      -1	       0	       0	       0	      -1	      -1	       1	      -1	
test 1        0	       0	       0	       0	       0	       1	       0	       0	       0	       0	       0	       0	       0	       0	       0	       0	       0	       0	       0	       0	       0	       0	       0	       0	       1	       0	       0	       0	       0	       0	       0	      -1	       0	       0	       0	       0	       0	       0	       0	       1	       0	       0	       0	       0	       0	       0	       0	      -1	       0	       0	       0	       0	       0	       0	       0	       0	       0	       0	       0	       0	       0	       0	       0	       0	       0	       0	       0	       0	       0	       0	       0	       0	       0	       0	       0	       0	       0	       0	       0	       0	       0	       0	       0	       0	      -1	       0	       0	       0	       0	       0	       0	       0	       0	       0	       0	       0	       0	       0	       0	       0	       0	       0	       0	       0	       0	       0	       0	       0	       0	       0	       0	       0	       0	       0	       0	       0	       0	       0	       0	       0	       0	       0	       1	       0	       0	       0	       0	       0	       0	       0	       0	       0	       0	       0	       0	       0	       0	       0	       0	       0	       0	       0	       1	       0	       0	       0	      -1	       0	       0	       0	       0	       0	       0	       0	       0	       0	       0	       0	       0	       0	       0	       0	       0	       0	       0	       0	       0	       0	       0	       0	       0	       0	       0	       0	       0	       0	       0	      -1	       0	       0	       0	       0	       0	      -1	       0	       0	       0	       0	       0	       0	       0	       0	       0	       0	       0	       0	       0	       0	       0	       0	       0	       0	       0	       0	       0	       0	       0	       0	       0	       0	       1	       0	       0	       0	      -1	       0	       0	       1	       0	       0	       0	       0	       0	       0	       1	       0	       0	       0	       0	       0	       0	       0	       0	       0	       0	       0	       0	       0	       1	       0	       0	
pred 2        1	       1	       0	       1	      -1	       1	       0	       1	      -1	       1	       0	       0	       1	       0	       0	      -1	       1	       1	       1	      -1	       0	       0	       1	       1	      -1	      -1	      -1	       1	       0	       1	      -1	      -1	       1	      -1	      -1	       1	      -1	       0	       0	       0	       0	       1	       0	       1	       1	      -1	       1	       1	      -1	       1	      -1	       1	       0	       1	       0	       0	       0	       1	       1	       1	      -1	       1	      -1	       0	       0	       1	       0	       1	      -1	      -1	       0	       0	      -1	      -1	       0	       1	      -1	      -1	       0	      -1	      -1	       1	       0	       0	       0	       1	       0	      -1	       1	       1	       0	       1	       0	      -1	      -1	      -1	      -1	       1	      -1	       0	       0	       1	       1	       1	       1	       0	       1	       0	      -1	      -1	      -1	       1	      -1	       0	      -1	       0	       1	       0	       0	       1	       1	       1	      -1	       1	       1	      -1	       0	       1	      -1	       1	       1	       1	      -1	      -1	       0	       1	       1	       1	       1	      -1	       1	      -1	       1	      -1	      -1	       1	       0	      -1	      -1	      -1	      -1	       1	       1	      -1	       0	       1	       1	      -1	      -1	       0	       1	       0	       1	       0	      -1	       1	      -1	       1	       0	       0	      -1	      -1	       1	       0	       0	       0	       1	      -1	       0	      -1	       0	      -1	       1	      -1	      -1	      -1	      -1	       1	       0	       0	      -1	       0	       1	       0	       0	       1	       1	      -1	       0	      -1	       0	      -1	       0	       1	      -1	       1	      -1	       1	       0	       0	       1	       0	       1	      -1	      -1	      -1	      -1	      -1	       1	       0	      -1	       0	       0	       0	      -1	       1	       0	       0	       0	       0	      -1	       0	       0	      -1	       0	       0	       0	      -1	      -1	       1	      -1	
test 2        0	       0	       0	       0	       0	       0	       0	       0	       0	       0	       0	       0	       0	       0	       0	       0	       0	       0	       0	       0	       0	       0	       0	       0	       1	       0	       0	       0	       0	       0	       0	      -1	       0	       0	       0	       0	       0	       0	       0	       1	       0	       0	       0	       0	       0	       0	       0	      -1	       0	       0	       0	       0	       0	       0	       0	       0	       0	       0	       0	       0	       0	       0	       0	       0	       0	       0	       0	       0	       0	       0	       0	       0	       0	       0	       0	       0	       0	       0	       0	       0	       0	       0	       0	       0	       0	      -1	       0	       0	       0	       0	       0	       0	       0	       0	       0	       0	       0	       0	       0	       0	       0	       0	       0	       0	       0	       0	       0	       0	       0	       0	       0	       0	       0	       0	       0	       0	       0	       0	       0	       0	       0	       0	       1	       0	       0	       0	       0	       0	       0	       0	       0	       0	       0	       0	       0	       0	       0	       0	       0	       0	       0	       0	       0	       0	       0	       0	      -1	       0	       0	       0	       0	       0	       0	       0	       0	       0	       0	       0	       0	       0	       0	       0	       0	       0	       0	       0	       0	       0	       0	       0	       0	       0	       0	       0	       0	       0	       0	      -1	       0	       0	       0	       0	       0	      -1	       0	       0	      -1	       0	       0	       0	       0	       0	      -1	       0	       0	       0	       0	       0	       0	       0	       0	       0	       0	       0	       0	       0	       0	       0	       0	       0	       1	       0	       0	       0	      -1	       0	       0	       1	       0	       0	       0	       0	       0	       0	       1	       0	       0	       0	       0	       0	       0	       0	      -1	       0	       0	       0	       0	       0	       0	       0	       0	
------
confusion matrix:
[[ 14   6   6]
 [215 222 237]
 [ 14   3   6]]
macro f1: 0.21293820039876946
micro f1: 0.334716459197787
weighted f1: 0.07970771193504333
class -1 f1: 0.10408921933085502
class  0 f1: 0.49060773480662984
class  1 f1: 0.04411764705882353
average label-wise acc: 33.47%


after pretrain
--------------------
label        0	       1	       2	       3	       4	       5	       6	       7	       8	       9	      10	      11	      12	      13	      14	      15	      16	      17	      18	      19	      20	      21	      22	      23	      24	      25	      26	      27	      28	      29	      30	      31	      32	      33	      34	      35	      36	      37	      38	      39	      40	      41	      42	      43	      44	      45	      46	      47	      48	      49	      50	      51	      52	      53	      54	      55	      56	      57	      58	      59	      60	      61	      62	      63	      64	      65	      66	      67	      68	      69	      70	      71	      72	      73	      74	      75	      76	      77	      78	      79	      80	      81	      82	      83	      84	      85	      86	      87	      88	      89	      90	      91	      92	      93	      94	      95	      96	      97	      98	      99	     100	     101	     102	     103	     104	     105	     106	     107	     108	     109	     110	     111	     112	     113	     114	     115	     116	     117	     118	     119	     120	     121	     122	     123	     124	     125	     126	     127	     128	     129	     130	     131	     132	     133	     134	     135	     136	     137	     138	     139	     140	     141	     142	     143	     144	     145	     146	     147	     148	     149	     150	     151	     152	     153	     154	     155	     156	     157	     158	     159	     160	     161	     162	     163	     164	     165	     166	     167	     168	     169	     170	     171	     172	     173	     174	     175	     176	     177	     178	     179	     180	     181	     182	     183	     184	     185	     186	     187	     188	     189	     190	     191	     192	     193	     194	     195	     196	     197	     198	     199	     200	     201	     202	     203	     204	     205	     206	     207	     208	     209	     210	     211	     212	     213	     214	     215	     216	     217	     218	     219	     220	     221	     222	     223	     224	     225	     226	     227	     228	     229	     230	     231	     232	     233	     234	     235	     236	     237	     238	     239	     240	
   acc  100.00%	 100.00%	 100.00%	 100.00%	 100.00%	  33.33%	 100.00%	 100.00%	 100.00%	 100.00%	 100.00%	 100.00%	 100.00%	 100.00%	 100.00%	 100.00%	 100.00%	 100.00%	 100.00%	 100.00%	 100.00%	 100.00%	 100.00%	 100.00%	   0.00%	 100.00%	 100.00%	 100.00%	 100.00%	 100.00%	 100.00%	   0.00%	 100.00%	 100.00%	 100.00%	 100.00%	 100.00%	 100.00%	 100.00%	   0.00%	 100.00%	 100.00%	 100.00%	 100.00%	 100.00%	 100.00%	 100.00%	   0.00%	 100.00%	 100.00%	 100.00%	 100.00%	 100.00%	 100.00%	 100.00%	 100.00%	 100.00%	 100.00%	 100.00%	 100.00%	 100.00%	 100.00%	 100.00%	 100.00%	 100.00%	 100.00%	 100.00%	 100.00%	 100.00%	 100.00%	 100.00%	 100.00%	 100.00%	 100.00%	 100.00%	 100.00%	 100.00%	 100.00%	 100.00%	 100.00%	 100.00%	 100.00%	  66.67%	 100.00%	  66.67%	  66.67%	 100.00%	 100.00%	 100.00%	 100.00%	 100.00%	 100.00%	 100.00%	 100.00%	 100.00%	 100.00%	 100.00%	 100.00%	 100.00%	 100.00%	 100.00%	 100.00%	 100.00%	 100.00%	 100.00%	 100.00%	 100.00%	 100.00%	 100.00%	 100.00%	 100.00%	 100.00%	 100.00%	 100.00%	 100.00%	 100.00%	 100.00%	 100.00%	 100.00%	 100.00%	 100.00%	 100.00%	   0.00%	 100.00%	 100.00%	 100.00%	 100.00%	 100.00%	 100.00%	 100.00%	 100.00%	 100.00%	 100.00%	 100.00%	 100.00%	 100.00%	 100.00%	 100.00%	 100.00%	 100.00%	 100.00%	 100.00%	  66.67%	 100.00%	 100.00%	 100.00%	   0.00%	 100.00%	 100.00%	 100.00%	 100.00%	 100.00%	 100.00%	 100.00%	 100.00%	 100.00%	 100.00%	 100.00%	 100.00%	 100.00%	 100.00%	 100.00%	 100.00%	 100.00%	 100.00%	 100.00%	 100.00%	 100.00%	 100.00%	 100.00%	 100.00%	 100.00%	 100.00%	 100.00%	 100.00%	 100.00%	 100.00%	   0.00%	 100.00%	 100.00%	 100.00%	 100.00%	 100.00%	   0.00%	 100.00%	 100.00%	  33.33%	 100.00%	 100.00%	 100.00%	 100.00%	 100.00%	  33.33%	 100.00%	 100.00%	 100.00%	 100.00%	 100.00%	 100.00%	 100.00%	 100.00%	 100.00%	 100.00%	 100.00%	 100.00%	 100.00%	 100.00%	 100.00%	 100.00%	 100.00%	   0.00%	 100.00%	 100.00%	 100.00%	   0.00%	 100.00%	 100.00%	   0.00%	 100.00%	 100.00%	 100.00%	 100.00%	 100.00%	 100.00%	   0.00%	 100.00%	 100.00%	 100.00%	 100.00%	 100.00%	 100.00%	 100.00%	  66.67%	 100.00%	 100.00%	 100.00%	 100.00%	 100.00%	  33.33%	 100.00%	 100.00%	
    f1   1.0000	  1.0000	  1.0000	  1.0000	  1.0000	  0.2500	  1.0000	  1.0000	  1.0000	  1.0000	  1.0000	  1.0000	  1.0000	  1.0000	  1.0000	  1.0000	  1.0000	  1.0000	  1.0000	  1.0000	  1.0000	  1.0000	  1.0000	  1.0000	  0.0000	  1.0000	  1.0000	  1.0000	  1.0000	  1.0000	  1.0000	  0.0000	  1.0000	  1.0000	  1.0000	  1.0000	  1.0000	  1.0000	  1.0000	  0.0000	  1.0000	  1.0000	  1.0000	  1.0000	  1.0000	  1.0000	  1.0000	  0.0000	  1.0000	  1.0000	  1.0000	  1.0000	  1.0000	  1.0000	  1.0000	  1.0000	  1.0000	  1.0000	  1.0000	  1.0000	  1.0000	  1.0000	  1.0000	  1.0000	  1.0000	  1.0000	  1.0000	  1.0000	  1.0000	  1.0000	  1.0000	  1.0000	  1.0000	  1.0000	  1.0000	  1.0000	  1.0000	  1.0000	  1.0000	  1.0000	  1.0000	  1.0000	  0.4000	  1.0000	  0.4000	  0.4000	  1.0000	  1.0000	  1.0000	  1.0000	  1.0000	  1.0000	  1.0000	  1.0000	  1.0000	  1.0000	  1.0000	  1.0000	  1.0000	  1.0000	  1.0000	  1.0000	  1.0000	  1.0000	  1.0000	  1.0000	  1.0000	  1.0000	  1.0000	  1.0000	  1.0000	  1.0000	  1.0000	  1.0000	  1.0000	  1.0000	  1.0000	  1.0000	  1.0000	  1.0000	  1.0000	  1.0000	  0.0000	  1.0000	  1.0000	  1.0000	  1.0000	  1.0000	  1.0000	  1.0000	  1.0000	  1.0000	  1.0000	  1.0000	  1.0000	  1.0000	  1.0000	  1.0000	  1.0000	  1.0000	  1.0000	  1.0000	  0.4000	  1.0000	  1.0000	  1.0000	  0.0000	  1.0000	  1.0000	  1.0000	  1.0000	  1.0000	  1.0000	  1.0000	  1.0000	  1.0000	  1.0000	  1.0000	  1.0000	  1.0000	  1.0000	  1.0000	  1.0000	  1.0000	  1.0000	  1.0000	  1.0000	  1.0000	  1.0000	  1.0000	  1.0000	  1.0000	  1.0000	  1.0000	  1.0000	  1.0000	  1.0000	  0.0000	  1.0000	  1.0000	  1.0000	  1.0000	  1.0000	  0.0000	  1.0000	  1.0000	  0.2500	  1.0000	  1.0000	  1.0000	  1.0000	  1.0000	  0.2500	  1.0000	  1.0000	  1.0000	  1.0000	  1.0000	  1.0000	  1.0000	  1.0000	  1.0000	  1.0000	  1.0000	  1.0000	  1.0000	  1.0000	  1.0000	  1.0000	  1.0000	  0.0000	  1.0000	  1.0000	  1.0000	  0.0000	  1.0000	  1.0000	  0.0000	  1.0000	  1.0000	  1.0000	  1.0000	  1.0000	  1.0000	  0.0000	  1.0000	  1.0000	  1.0000	  1.0000	  1.0000	  1.0000	  1.0000	  0.4000	  1.0000	  1.0000	  1.0000	  1.0000	  1.0000	  0.2500	  1.0000	  1.0000	
pred 0        0	       0	       0	       0	       0	       0	       0	       0	       0	       0	       0	       0	       0	       0	       0	       0	       0	       0	       0	       0	       0	       0	       0	       0	       0	       0	       0	       0	       0	       0	       0	       0	       0	       0	       0	       0	       0	       0	       0	       0	       0	       0	       0	       0	       0	       0	       0	       0	       0	       0	       0	       0	       0	       0	       0	       0	       0	       0	       0	       0	       0	       0	       0	       0	       0	       0	       0	       0	       0	       0	       0	       0	       0	       0	       0	       0	       0	       0	       0	       0	       0	       0	       0	       0	       0	       0	       0	       0	       0	       0	       0	       0	       0	       0	       0	       0	       0	       0	       0	       0	       0	       0	       0	       0	       0	       0	       0	       0	       0	       0	       0	       0	       0	       0	       0	       0	       0	       0	       0	       0	       0	       0	       0	       0	       0	       0	       0	       0	       0	       0	       0	       0	       0	       0	       0	       0	       0	       0	       0	       0	       0	       0	       0	       0	       0	       0	       0	       0	       0	       0	       0	       0	       0	       0	       0	       0	       0	       0	       0	       0	       0	       0	       0	       0	       0	       0	       0	       0	       0	       0	       0	       0	       0	       0	       0	       0	       0	       0	       0	       0	       0	       0	       0	       0	       0	       0	       0	       0	       0	       0	       0	       0	       0	       0	       0	       0	       0	       0	       0	       0	       0	       0	       0	       0	       0	       0	       0	       0	       0	       0	       0	       0	       0	       0	       0	       0	       0	       0	       0	       0	       0	       0	       0	       0	       0	       0	       0	       0	       0	       0	       0	       0	       0	       0	       0	       0	       0	       0	       0	       0	       0	
test 0        0	       0	       0	       0	       0	       1	       0	       0	       0	       0	       0	       0	       0	       0	       0	       0	       0	       0	       0	       0	       0	       0	       0	       0	       1	       0	       0	       0	       0	       0	       0	      -1	       0	       0	       0	       0	       0	       0	       0	       1	       0	       0	       0	       0	       0	       0	       0	      -1	       0	       0	       0	       0	       0	       0	       0	       0	       0	       0	       0	       0	       0	       0	       0	       0	       0	       0	       0	       0	       0	       0	       0	       0	       0	       0	       0	       0	       0	       0	       0	       0	       0	       0	      -1	       0	       0	       0	       0	       0	       0	       0	       0	       0	       0	       0	       0	       0	       0	       0	       0	       0	       0	       0	       0	       0	       0	       0	       0	       0	       0	       0	       0	       0	       0	       0	       0	       0	       0	       0	       0	       0	       0	       0	       1	       0	       0	       0	       0	       0	       0	       0	       0	       0	       0	       0	       0	       0	       0	       0	       0	       0	       0	       0	       0	       0	       0	       0	      -1	       0	       0	       0	       0	       0	       0	       0	       0	       0	       0	       0	       0	       0	       0	       0	       0	       0	       0	       0	       0	       0	       0	       0	       0	       0	       0	       0	       0	       0	       0	      -1	       0	       0	       0	       0	       0	      -1	       0	       0	      -1	       0	       0	       0	       0	       0	      -1	       0	       0	       0	       0	       0	       0	       0	       0	       0	       0	       0	       0	       0	       0	       0	       0	       0	       1	       0	       0	       0	      -1	       0	       0	       1	       0	       0	       0	       0	       0	       0	       1	       0	       0	       0	       0	       0	       0	       0	       0	       0	       0	       0	       0	       0	       1	       0	       0	
pred 1        0	       0	       0	       0	       0	       0	       0	       0	       0	       0	       0	       0	       0	       0	       0	       0	       0	       0	       0	       0	       0	       0	       0	       0	       0	       0	       0	       0	       0	       0	       0	       0	       0	       0	       0	       0	       0	       0	       0	       0	       0	       0	       0	       0	       0	       0	       0	       0	       0	       0	       0	       0	       0	       0	       0	       0	       0	       0	       0	       0	       0	       0	       0	       0	       0	       0	       0	       0	       0	       0	       0	       0	       0	       0	       0	       0	       0	       0	       0	       0	       0	       0	       0	       0	       0	       0	       0	       0	       0	       0	       0	       0	       0	       0	       0	       0	       0	       0	       0	       0	       0	       0	       0	       0	       0	       0	       0	       0	       0	       0	       0	       0	       0	       0	       0	       0	       0	       0	       0	       0	       0	       0	       0	       0	       0	       0	       0	       0	       0	       0	       0	       0	       0	       0	       0	       0	       0	       0	       0	       0	       0	       0	       0	       0	       0	       0	       0	       0	       0	       0	       0	       0	       0	       0	       0	       0	       0	       0	       0	       0	       0	       0	       0	       0	       0	       0	       0	       0	       0	       0	       0	       0	       0	       0	       0	       0	       0	       0	       0	       0	       0	       0	       0	       0	       0	       0	       0	       0	       0	       0	       0	       0	       0	       0	       0	       0	       0	       0	       0	       0	       0	       0	       0	       0	       0	       0	       0	       0	       0	       0	       0	       0	       0	       0	       0	       0	       0	       0	       0	       0	       0	       0	       0	       0	       0	       0	       0	       0	       0	       0	       0	       0	       0	       0	       0	       0	       0	       0	       0	       0	       0	
test 1        0	       0	       0	       0	       0	       1	       0	       0	       0	       0	       0	       0	       0	       0	       0	       0	       0	       0	       0	       0	       0	       0	       0	       0	       1	       0	       0	       0	       0	       0	       0	      -1	       0	       0	       0	       0	       0	       0	       0	       1	       0	       0	       0	       0	       0	       0	       0	      -1	       0	       0	       0	       0	       0	       0	       0	       0	       0	       0	       0	       0	       0	       0	       0	       0	       0	       0	       0	       0	       0	       0	       0	       0	       0	       0	       0	       0	       0	       0	       0	       0	       0	       0	       0	       0	      -1	       0	       0	       0	       0	       0	       0	       0	       0	       0	       0	       0	       0	       0	       0	       0	       0	       0	       0	       0	       0	       0	       0	       0	       0	       0	       0	       0	       0	       0	       0	       0	       0	       0	       0	       0	       0	       0	       1	       0	       0	       0	       0	       0	       0	       0	       0	       0	       0	       0	       0	       0	       0	       0	       0	       0	       0	       0	       1	       0	       0	       0	      -1	       0	       0	       0	       0	       0	       0	       0	       0	       0	       0	       0	       0	       0	       0	       0	       0	       0	       0	       0	       0	       0	       0	       0	       0	       0	       0	       0	       0	       0	       0	      -1	       0	       0	       0	       0	       0	      -1	       0	       0	       0	       0	       0	       0	       0	       0	       0	       0	       0	       0	       0	       0	       0	       0	       0	       0	       0	       0	       0	       0	       0	       0	       0	       0	       1	       0	       0	       0	      -1	       0	       0	       1	       0	       0	       0	       0	       0	       0	       1	       0	       0	       0	       0	       0	       0	       0	       0	       0	       0	       0	       0	       0	       1	       0	       0	
pred 2        0	       0	       0	       0	       0	       0	       0	       0	       0	       0	       0	       0	       0	       0	       0	       0	       0	       0	       0	       0	       0	       0	       0	       0	       0	       0	       0	       0	       0	       0	       0	       0	       0	       0	       0	       0	       0	       0	       0	       0	       0	       0	       0	       0	       0	       0	       0	       0	       0	       0	       0	       0	       0	       0	       0	       0	       0	       0	       0	       0	       0	       0	       0	       0	       0	       0	       0	       0	       0	       0	       0	       0	       0	       0	       0	       0	       0	       0	       0	       0	       0	       0	       0	       0	       0	       0	       0	       0	       0	       0	       0	       0	       0	       0	       0	       0	       0	       0	       0	       0	       0	       0	       0	       0	       0	       0	       0	       0	       0	       0	       0	       0	       0	       0	       0	       0	       0	       0	       0	       0	       0	       0	       0	       0	       0	       0	       0	       0	       0	       0	       0	       0	       0	       0	       0	       0	       0	       0	       0	       0	       0	       0	       0	       0	       0	       0	       0	       0	       0	       0	       0	       0	       0	       0	       0	       0	       0	       0	       0	       0	       0	       0	       0	       0	       0	       0	       0	       0	       0	       0	       0	       0	       0	       0	       0	       0	       0	       0	       0	       0	       0	       0	       0	       0	       0	       0	       0	       0	       0	       0	       0	       0	       0	       0	       0	       0	       0	       0	       0	       0	       0	       0	       0	       0	       0	       0	       0	       0	       0	       0	       0	       0	       0	       0	       0	       0	       0	       0	       0	       0	       0	       0	       0	       0	       0	       0	       0	       0	       0	       0	       0	       0	       0	       0	       0	       0	       0	       0	       0	       0	       0	
test 2        0	       0	       0	       0	       0	       0	       0	       0	       0	       0	       0	       0	       0	       0	       0	       0	       0	       0	       0	       0	       0	       0	       0	       0	       1	       0	       0	       0	       0	       0	       0	      -1	       0	       0	       0	       0	       0	       0	       0	       1	       0	       0	       0	       0	       0	       0	       0	      -1	       0	       0	       0	       0	       0	       0	       0	       0	       0	       0	       0	       0	       0	       0	       0	       0	       0	       0	       0	       0	       0	       0	       0	       0	       0	       0	       0	       0	       0	       0	       0	       0	       0	       0	       0	       0	       0	      -1	       0	       0	       0	       0	       0	       0	       0	       0	       0	       0	       0	       0	       0	       0	       0	       0	       0	       0	       0	       0	       0	       0	       0	       0	       0	       0	       0	       0	       0	       0	       0	       0	       0	       0	       0	       0	       1	       0	       0	       0	       0	       0	       0	       0	       0	       0	       0	       0	       0	       0	       0	       0	       0	       0	       0	       0	       0	       0	       0	       0	      -1	       0	       0	       0	       0	       0	       0	       0	       0	       0	       0	       0	       0	       0	       0	       0	       0	       0	       0	       0	       0	       0	       0	       0	       0	       0	       0	       0	       0	       0	       0	      -1	       0	       0	       0	       0	       0	      -1	       0	       0	      -1	       0	       0	       0	       0	       0	      -1	       0	       0	       0	       0	       0	       0	       0	       0	       0	       0	       0	       0	       0	       0	       0	       0	       0	       1	       0	       0	       0	      -1	       0	       0	       1	       0	       0	       0	       0	       0	       0	       1	       0	       0	       0	       0	       0	       0	       0	      -1	       0	       0	       0	       0	       0	       0	       0	       0	
------
confusion matrix:
[[  0  26   0]
 [  0 674   0]
 [  0  23   0]]
macro f1: 0.32164161298019567
micro f1: 0.9322268326417704
weighted f1: 0.017161106690764427
class -1 f1: 0.0
class  0 f1: 0.964924838940587
class  1 f1: 0.0
average label-wise acc: 93.22%


ABL loop 1
--------------------
label        0	       1	       2	       3	       4	       5	       6	       7	       8	       9	      10	      11	      12	      13	      14	      15	      16	      17	      18	      19	      20	      21	      22	      23	      24	      25	      26	      27	      28	      29	      30	      31	      32	      33	      34	      35	      36	      37	      38	      39	      40	      41	      42	      43	      44	      45	      46	      47	      48	      49	      50	      51	      52	      53	      54	      55	      56	      57	      58	      59	      60	      61	      62	      63	      64	      65	      66	      67	      68	      69	      70	      71	      72	      73	      74	      75	      76	      77	      78	      79	      80	      81	      82	      83	      84	      85	      86	      87	      88	      89	      90	      91	      92	      93	      94	      95	      96	      97	      98	      99	     100	     101	     102	     103	     104	     105	     106	     107	     108	     109	     110	     111	     112	     113	     114	     115	     116	     117	     118	     119	     120	     121	     122	     123	     124	     125	     126	     127	     128	     129	     130	     131	     132	     133	     134	     135	     136	     137	     138	     139	     140	     141	     142	     143	     144	     145	     146	     147	     148	     149	     150	     151	     152	     153	     154	     155	     156	     157	     158	     159	     160	     161	     162	     163	     164	     165	     166	     167	     168	     169	     170	     171	     172	     173	     174	     175	     176	     177	     178	     179	     180	     181	     182	     183	     184	     185	     186	     187	     188	     189	     190	     191	     192	     193	     194	     195	     196	     197	     198	     199	     200	     201	     202	     203	     204	     205	     206	     207	     208	     209	     210	     211	     212	     213	     214	     215	     216	     217	     218	     219	     220	     221	     222	     223	     224	     225	     226	     227	     228	     229	     230	     231	     232	     233	     234	     235	     236	     237	     238	     239	     240	
   acc  100.00%	 100.00%	 100.00%	   0.00%	 100.00%	  33.33%	   0.00%	   0.00%	 100.00%	 100.00%	   0.00%	 100.00%	 100.00%	 100.00%	   0.00%	   0.00%	   0.00%	   0.00%	 100.00%	 100.00%	 100.00%	 100.00%	   0.00%	 100.00%	   0.00%	 100.00%	   0.00%	   0.00%	   0.00%	 100.00%	   0.00%	   0.00%	 100.00%	 100.00%	   0.00%	 100.00%	   0.00%	   0.00%	   0.00%	   0.00%	 100.00%	 100.00%	   0.00%	   0.00%	   0.00%	 100.00%	 100.00%	   0.00%	   0.00%	   0.00%	 100.00%	   0.00%	 100.00%	 100.00%	 100.00%	 100.00%	 100.00%	 100.00%	   0.00%	   0.00%	 100.00%	 100.00%	 100.00%	   0.00%	 100.00%	 100.00%	 100.00%	 100.00%	   0.00%	   0.00%	 100.00%	   0.00%	 100.00%	 100.00%	   0.00%	 100.00%	 100.00%	 100.00%	   0.00%	 100.00%	 100.00%	   0.00%	   0.00%	 100.00%	  33.33%	   0.00%	   0.00%	   0.00%	 100.00%	 100.00%	 100.00%	 100.00%	 100.00%	   0.00%	 100.00%	 100.00%	 100.00%	 100.00%	 100.00%	 100.00%	 100.00%	   0.00%	 100.00%	   0.00%	   0.00%	 100.00%	   0.00%	 100.00%	   0.00%	   0.00%	   0.00%	 100.00%	 100.00%	 100.00%	 100.00%	 100.00%	 100.00%	   0.00%	 100.00%	 100.00%	 100.00%	 100.00%	   0.00%	 100.00%	 100.00%	 100.00%	   0.00%	 100.00%	   0.00%	   0.00%	 100.00%	 100.00%	   0.00%	 100.00%	 100.00%	 100.00%	 100.00%	 100.00%	 100.00%	   0.00%	   0.00%	 100.00%	  33.33%	 100.00%	   0.00%	 100.00%	   0.00%	   0.00%	 100.00%	 100.00%	 100.00%	   0.00%	 100.00%	   0.00%	   0.00%	 100.00%	 100.00%	 100.00%	 100.00%	 100.00%	 100.00%	   0.00%	   0.00%	 100.00%	   0.00%	 100.00%	 100.00%	   0.00%	 100.00%	   0.00%	   0.00%	   0.00%	 100.00%	 100.00%	 100.00%	 100.00%	 100.00%	   0.00%	 100.00%	 100.00%	 100.00%	 100.00%	 100.00%	   0.00%	   0.00%	   0.00%	  33.33%	 100.00%	   0.00%	 100.00%	 100.00%	 100.00%	  33.33%	 100.00%	 100.00%	 100.00%	 100.00%	 100.00%	   0.00%	 100.00%	 100.00%	   0.00%	   0.00%	 100.00%	 100.00%	   0.00%	 100.00%	 100.00%	   0.00%	   0.00%	   0.00%	 100.00%	 100.00%	 100.00%	   0.00%	 100.00%	   0.00%	   0.00%	 100.00%	 100.00%	 100.00%	 100.00%	 100.00%	 100.00%	   0.00%	 100.00%	 100.00%	 100.00%	   0.00%	 100.00%	   0.00%	 100.00%	  66.67%	 100.00%	   0.00%	 100.00%	 100.00%	 100.00%	   0.00%	 100.00%	 100.00%	
    f1   1.0000	  1.0000	  1.0000	  0.0000	  1.0000	  0.2500	  0.0000	  0.0000	  1.0000	  1.0000	  0.0000	  1.0000	  1.0000	  1.0000	  0.0000	  0.0000	  0.0000	  0.0000	  1.0000	  1.0000	  1.0000	  1.0000	  0.0000	  1.0000	  0.0000	  1.0000	  0.0000	  0.0000	  0.0000	  1.0000	  0.0000	  0.0000	  1.0000	  1.0000	  0.0000	  1.0000	  0.0000	  0.0000	  0.0000	  0.0000	  1.0000	  1.0000	  0.0000	  0.0000	  0.0000	  1.0000	  1.0000	  0.0000	  0.0000	  0.0000	  1.0000	  0.0000	  1.0000	  1.0000	  1.0000	  1.0000	  1.0000	  1.0000	  0.0000	  0.0000	  1.0000	  1.0000	  1.0000	  0.0000	  1.0000	  1.0000	  1.0000	  1.0000	  0.0000	  0.0000	  1.0000	  0.0000	  1.0000	  1.0000	  0.0000	  1.0000	  1.0000	  1.0000	  0.0000	  1.0000	  1.0000	  0.0000	  0.0000	  1.0000	  0.2500	  0.0000	  0.0000	  0.0000	  1.0000	  1.0000	  1.0000	  1.0000	  1.0000	  0.0000	  1.0000	  1.0000	  1.0000	  1.0000	  1.0000	  1.0000	  1.0000	  0.0000	  1.0000	  0.0000	  0.0000	  1.0000	  0.0000	  1.0000	  0.0000	  0.0000	  0.0000	  1.0000	  1.0000	  1.0000	  1.0000	  1.0000	  1.0000	  0.0000	  1.0000	  1.0000	  1.0000	  1.0000	  0.0000	  1.0000	  1.0000	  1.0000	  0.0000	  1.0000	  0.0000	  0.0000	  1.0000	  1.0000	  0.0000	  1.0000	  1.0000	  1.0000	  1.0000	  1.0000	  1.0000	  0.0000	  0.0000	  1.0000	  0.2500	  1.0000	  0.0000	  1.0000	  0.0000	  0.0000	  1.0000	  1.0000	  1.0000	  0.0000	  1.0000	  0.0000	  0.0000	  1.0000	  1.0000	  1.0000	  1.0000	  1.0000	  1.0000	  0.0000	  0.0000	  1.0000	  0.0000	  1.0000	  1.0000	  0.0000	  1.0000	  0.0000	  0.0000	  0.0000	  1.0000	  1.0000	  1.0000	  1.0000	  1.0000	  0.0000	  1.0000	  1.0000	  1.0000	  1.0000	  1.0000	  0.0000	  0.0000	  0.0000	  0.2500	  1.0000	  0.0000	  1.0000	  1.0000	  1.0000	  0.2500	  1.0000	  1.0000	  1.0000	  1.0000	  1.0000	  0.0000	  1.0000	  1.0000	  0.0000	  0.0000	  1.0000	  1.0000	  0.0000	  1.0000	  1.0000	  0.0000	  0.0000	  0.0000	  1.0000	  1.0000	  1.0000	  0.0000	  1.0000	  0.0000	  0.0000	  1.0000	  1.0000	  1.0000	  1.0000	  1.0000	  1.0000	  0.0000	  1.0000	  1.0000	  1.0000	  0.0000	  1.0000	  0.0000	  1.0000	  0.4000	  1.0000	  0.0000	  1.0000	  1.0000	  1.0000	  0.0000	  1.0000	  1.0000	
pred 0        0	       0	       0	      -1	       0	       0	      -1	       1	       0	       0	       1	       0	       0	       0	      -1	      -1	       1	      -1	       0	       0	       0	       0	      -1	       0	       0	       0	       1	      -1	      -1	       0	       1	       0	       0	       0	       1	       0	      -1	       1	       1	       0	       0	       0	      -1	       1	      -1	       0	       0	       0	       1	       1	       0	       1	       0	       0	       0	       0	       0	       0	       1	      -1	       0	       0	       0	      -1	       0	       0	       0	       0	       1	      -1	       0	      -1	       0	       0	      -1	       0	       0	       0	      -1	       0	       0	       1	       1	       0	      -1	       1	       1	       1	       0	       0	       0	       0	       0	       1	       0	       0	       0	       0	       0	       0	       0	      -1	       0	      -1	       1	       0	      -1	       0	      -1	       1	       1	       0	       0	       0	       0	       0	       0	      -1	       0	       0	       0	       0	       0	       0	       0	       0	      -1	       0	       1	      -1	       0	       0	       1	       0	       0	       0	       0	       0	       0	       1	      -1	       0	       1	       0	      -1	       0	       1	      -1	       0	       0	       0	       1	       0	       1	      -1	       0	       0	       0	       0	       0	       0	      -1	       1	       0	      -1	       0	       0	      -1	       0	       1	       1	       1	       0	       0	       0	       0	       0	       0	       0	       0	       0	       0	       0	       0	      -1	       1	       0	       0	       1	       0	       0	       0	       0	       0	       0	       0	       0	       0	       1	       0	       0	      -1	       1	       0	       0	       1	       0	       0	       1	      -1	       0	       0	       0	       0	       0	       0	       1	       0	       0	       0	       0	       0	       0	       0	       0	       0	       0	       0	      -1	       0	      -1	       0	       0	       0	       1	       0	       0	       0	      -1	       0	       0	
test 0        0	       0	       0	       0	       0	       1	       0	       0	       0	       0	       0	       0	       0	       0	       0	       0	       0	       0	       0	       0	       0	       0	       0	       0	       1	       0	       0	       0	       0	       0	       0	      -1	       0	       0	       0	       0	       0	       0	       0	       1	       0	       0	       0	       0	       0	       0	       0	      -1	       0	       0	       0	       0	       0	       0	       0	       0	       0	       0	       0	       0	       0	       0	       0	       0	       0	       0	       0	       0	       0	       0	       0	       0	       0	       0	       0	       0	       0	       0	       0	       0	       0	       0	      -1	       0	       0	       0	       0	       0	       0	       0	       0	       0	       0	       0	       0	       0	       0	       0	       0	       0	       0	       0	       0	       0	       0	       0	       0	       0	       0	       0	       0	       0	       0	       0	       0	       0	       0	       0	       0	       0	       0	       0	       1	       0	       0	       0	       0	       0	       0	       0	       0	       0	       0	       0	       0	       0	       0	       0	       0	       0	       0	       0	       0	       0	       0	       0	      -1	       0	       0	       0	       0	       0	       0	       0	       0	       0	       0	       0	       0	       0	       0	       0	       0	       0	       0	       0	       0	       0	       0	       0	       0	       0	       0	       0	       0	       0	       0	      -1	       0	       0	       0	       0	       0	      -1	       0	       0	      -1	       0	       0	       0	       0	       0	      -1	       0	       0	       0	       0	       0	       0	       0	       0	       0	       0	       0	       0	       0	       0	       0	       0	       0	       1	       0	       0	       0	      -1	       0	       0	       1	       0	       0	       0	       0	       0	       0	       1	       0	       0	       0	       0	       0	       0	       0	       0	       0	       0	       0	       0	       0	       1	       0	       0	
pred 1        0	       0	       0	      -1	       0	       0	      -1	       1	       0	       0	       1	       0	       0	       0	      -1	      -1	       1	      -1	       0	       0	       0	       0	      -1	       0	       0	       0	       1	      -1	      -1	       0	       1	       0	       0	       0	       1	       0	      -1	       1	       1	       0	       0	       0	      -1	       1	      -1	       0	       0	       0	       1	       1	       0	       1	       0	       0	       0	       0	       0	       0	       1	      -1	       0	       0	       0	      -1	       0	       0	       0	       0	       1	      -1	       0	      -1	       0	       0	      -1	       0	       0	       0	      -1	       0	       0	       1	       1	       0	      -1	       1	       1	       1	       0	       0	       0	       0	       0	       1	       0	       0	       0	       0	       0	       0	       0	      -1	       0	      -1	       1	       0	      -1	       0	      -1	       1	       1	       0	       0	       0	       0	       0	       0	      -1	       0	       0	       0	       0	       0	       0	       0	       0	      -1	       0	       1	      -1	       0	       0	       1	       0	       0	       0	       0	       0	       0	       1	      -1	       0	       1	       0	      -1	       0	       1	      -1	       0	       0	       0	       1	       0	       1	      -1	       0	       0	       0	       0	       0	       0	      -1	       1	       0	      -1	       0	       0	      -1	       0	       1	       1	       1	       0	       0	       0	       0	       0	       0	       0	       0	       0	       0	       0	       0	      -1	       1	       0	       0	       1	       0	       0	       0	       0	       0	       0	       0	       0	       0	       1	       0	       0	      -1	       1	       0	       0	       1	       0	       0	       1	      -1	       0	       0	       0	       0	       0	       0	       1	       0	       0	       0	       0	       0	       0	       0	       0	       0	       0	       0	      -1	       0	      -1	       0	       0	       0	       1	       0	       0	       0	      -1	       0	       0	
test 1        0	       0	       0	       0	       0	       1	       0	       0	       0	       0	       0	       0	       0	       0	       0	       0	       0	       0	       0	       0	       0	       0	       0	       0	       1	       0	       0	       0	       0	       0	       0	      -1	       0	       0	       0	       0	       0	       0	       0	       1	       0	       0	       0	       0	       0	       0	       0	      -1	       0	       0	       0	       0	       0	       0	       0	       0	       0	       0	       0	       0	       0	       0	       0	       0	       0	       0	       0	       0	       0	       0	       0	       0	       0	       0	       0	       0	       0	       0	       0	       0	       0	       0	       0	       0	      -1	       0	       0	       0	       0	       0	       0	       0	       0	       0	       0	       0	       0	       0	       0	       0	       0	       0	       0	       0	       0	       0	       0	       0	       0	       0	       0	       0	       0	       0	       0	       0	       0	       0	       0	       0	       0	       0	       1	       0	       0	       0	       0	       0	       0	       0	       0	       0	       0	       0	       0	       0	       0	       0	       0	       0	       0	       0	       1	       0	       0	       0	      -1	       0	       0	       0	       0	       0	       0	       0	       0	       0	       0	       0	       0	       0	       0	       0	       0	       0	       0	       0	       0	       0	       0	       0	       0	       0	       0	       0	       0	       0	       0	      -1	       0	       0	       0	       0	       0	      -1	       0	       0	       0	       0	       0	       0	       0	       0	       0	       0	       0	       0	       0	       0	       0	       0	       0	       0	       0	       0	       0	       0	       0	       0	       0	       0	       1	       0	       0	       0	      -1	       0	       0	       1	       0	       0	       0	       0	       0	       0	       1	       0	       0	       0	       0	       0	       0	       0	       0	       0	       0	       0	       0	       0	       1	       0	       0	
pred 2        0	       0	       0	      -1	       0	       0	      -1	       1	       0	       0	       1	       0	       0	       0	      -1	      -1	       1	      -1	       0	       0	       0	       0	      -1	       0	       0	       0	       1	      -1	      -1	       0	       1	       0	       0	       0	       1	       0	      -1	       1	       1	       0	       0	       0	      -1	       1	      -1	       0	       0	       0	       1	       1	       0	       1	       0	       0	       0	       0	       0	       0	       1	      -1	       0	       0	       0	      -1	       0	       0	       0	       0	       1	      -1	       0	      -1	       0	       0	      -1	       0	       0	       0	      -1	       0	       0	       1	       1	       0	      -1	       1	       1	       1	       0	       0	       0	       0	       0	       1	       0	       0	       0	       0	       0	       0	       0	      -1	       0	      -1	       1	       0	      -1	       0	      -1	       1	       1	       0	       0	       0	       0	       0	       0	      -1	       0	       0	       0	       0	       0	       0	       0	       0	      -1	       0	       1	      -1	       0	       0	       1	       0	       0	       0	       0	       0	       0	       1	      -1	       0	       1	       0	      -1	       0	       1	      -1	       0	       0	       0	       1	       0	       1	      -1	       0	       0	       0	       0	       0	       0	      -1	       1	       0	      -1	       0	       0	      -1	       0	       1	       1	       1	       0	       0	       0	       0	       0	       0	       0	       0	       0	       0	       0	       0	      -1	       1	       0	       0	       1	       0	       0	       0	       0	       0	       0	       0	       0	       0	       1	       0	       0	      -1	       1	       0	       0	       1	       0	       0	       1	      -1	       0	       0	       0	       0	       0	       0	       1	       0	       0	       0	       0	       0	       0	       0	       0	       0	       0	       0	      -1	       0	      -1	       0	       0	       0	       1	       0	       0	       0	      -1	       0	       0	
test 2        0	       0	       0	       0	       0	       0	       0	       0	       0	       0	       0	       0	       0	       0	       0	       0	       0	       0	       0	       0	       0	       0	       0	       0	       1	       0	       0	       0	       0	       0	       0	      -1	       0	       0	       0	       0	       0	       0	       0	       1	       0	       0	       0	       0	       0	       0	       0	      -1	       0	       0	       0	       0	       0	       0	       0	       0	       0	       0	       0	       0	       0	       0	       0	       0	       0	       0	       0	       0	       0	       0	       0	       0	       0	       0	       0	       0	       0	       0	       0	       0	       0	       0	       0	       0	       0	      -1	       0	       0	       0	       0	       0	       0	       0	       0	       0	       0	       0	       0	       0	       0	       0	       0	       0	       0	       0	       0	       0	       0	       0	       0	       0	       0	       0	       0	       0	       0	       0	       0	       0	       0	       0	       0	       1	       0	       0	       0	       0	       0	       0	       0	       0	       0	       0	       0	       0	       0	       0	       0	       0	       0	       0	       0	       0	       0	       0	       0	      -1	       0	       0	       0	       0	       0	       0	       0	       0	       0	       0	       0	       0	       0	       0	       0	       0	       0	       0	       0	       0	       0	       0	       0	       0	       0	       0	       0	       0	       0	       0	      -1	       0	       0	       0	       0	       0	      -1	       0	       0	      -1	       0	       0	       0	       0	       0	      -1	       0	       0	       0	       0	       0	       0	       0	       0	       0	       0	       0	       0	       0	       0	       0	       0	       0	       1	       0	       0	       0	      -1	       0	       0	       1	       0	       0	       0	       0	       0	       0	       1	       0	       0	       0	       0	       0	       0	       0	      -1	       0	       0	       0	       0	       0	       0	       0	       0	
------
confusion matrix:
[[  1  20   5]
 [111 443 120]
 [  2  20   1]]
macro f1: 0.26449402845602227
micro f1: 0.6154910096818811
weighted f1: 0.02720114216208458
class -1 f1: 0.014285714285714285
class  0 f1: 0.7657735522904062
class  1 f1: 0.013422818791946308
average label-wise acc: 61.55%


ABL loop 2
--------------------
label        0	       1	       2	       3	       4	       5	       6	       7	       8	       9	      10	      11	      12	      13	      14	      15	      16	      17	      18	      19	      20	      21	      22	      23	      24	      25	      26	      27	      28	      29	      30	      31	      32	      33	      34	      35	      36	      37	      38	      39	      40	      41	      42	      43	      44	      45	      46	      47	      48	      49	      50	      51	      52	      53	      54	      55	      56	      57	      58	      59	      60	      61	      62	      63	      64	      65	      66	      67	      68	      69	      70	      71	      72	      73	      74	      75	      76	      77	      78	      79	      80	      81	      82	      83	      84	      85	      86	      87	      88	      89	      90	      91	      92	      93	      94	      95	      96	      97	      98	      99	     100	     101	     102	     103	     104	     105	     106	     107	     108	     109	     110	     111	     112	     113	     114	     115	     116	     117	     118	     119	     120	     121	     122	     123	     124	     125	     126	     127	     128	     129	     130	     131	     132	     133	     134	     135	     136	     137	     138	     139	     140	     141	     142	     143	     144	     145	     146	     147	     148	     149	     150	     151	     152	     153	     154	     155	     156	     157	     158	     159	     160	     161	     162	     163	     164	     165	     166	     167	     168	     169	     170	     171	     172	     173	     174	     175	     176	     177	     178	     179	     180	     181	     182	     183	     184	     185	     186	     187	     188	     189	     190	     191	     192	     193	     194	     195	     196	     197	     198	     199	     200	     201	     202	     203	     204	     205	     206	     207	     208	     209	     210	     211	     212	     213	     214	     215	     216	     217	     218	     219	     220	     221	     222	     223	     224	     225	     226	     227	     228	     229	     230	     231	     232	     233	     234	     235	     236	     237	     238	     239	     240	
   acc    0.00%	   0.00%	 100.00%	 100.00%	 100.00%	  33.33%	   0.00%	 100.00%	   0.00%	   0.00%	   0.00%	 100.00%	 100.00%	 100.00%	   0.00%	 100.00%	   0.00%	 100.00%	   0.00%	 100.00%	 100.00%	 100.00%	   0.00%	   0.00%	   0.00%	 100.00%	   0.00%	 100.00%	 100.00%	 100.00%	   0.00%	   0.00%	   0.00%	 100.00%	 100.00%	 100.00%	 100.00%	   0.00%	   0.00%	   0.00%	 100.00%	   0.00%	   0.00%	 100.00%	   0.00%	 100.00%	 100.00%	   0.00%	   0.00%	   0.00%	   0.00%	 100.00%	   0.00%	   0.00%	 100.00%	 100.00%	   0.00%	   0.00%	 100.00%	   0.00%	   0.00%	 100.00%	   0.00%	   0.00%	   0.00%	 100.00%	   0.00%	   0.00%	 100.00%	 100.00%	   0.00%	   0.00%	   0.00%	   0.00%	   0.00%	 100.00%	   0.00%	 100.00%	 100.00%	   0.00%	 100.00%	   0.00%	   0.00%	 100.00%	  66.67%	   0.00%	 100.00%	   0.00%	 100.00%	 100.00%	   0.00%	 100.00%	   0.00%	   0.00%	   0.00%	   0.00%	 100.00%	   0.00%	 100.00%	 100.00%	   0.00%	   0.00%	   0.00%	   0.00%	   0.00%	 100.00%	   0.00%	   0.00%	   0.00%	 100.00%	 100.00%	 100.00%	 100.00%	 100.00%	   0.00%	 100.00%	   0.00%	   0.00%	   0.00%	 100.00%	 100.00%	   0.00%	   0.00%	 100.00%	   0.00%	 100.00%	   0.00%	   0.00%	   0.00%	 100.00%	 100.00%	   0.00%	   0.00%	   0.00%	 100.00%	   0.00%	 100.00%	 100.00%	 100.00%	   0.00%	   0.00%	 100.00%	  33.33%	 100.00%	   0.00%	 100.00%	   0.00%	   0.00%	   0.00%	 100.00%	 100.00%	 100.00%	 100.00%	 100.00%	 100.00%	   0.00%	 100.00%	 100.00%	   0.00%	 100.00%	 100.00%	 100.00%	   0.00%	   0.00%	 100.00%	   0.00%	 100.00%	 100.00%	 100.00%	   0.00%	 100.00%	 100.00%	   0.00%	 100.00%	 100.00%	 100.00%	   0.00%	   0.00%	   0.00%	 100.00%	 100.00%	   0.00%	 100.00%	   0.00%	 100.00%	 100.00%	  66.67%	   0.00%	 100.00%	 100.00%	   0.00%	   0.00%	  33.33%	 100.00%	 100.00%	 100.00%	 100.00%	   0.00%	   0.00%	   0.00%	   0.00%	   0.00%	   0.00%	 100.00%	   0.00%	   0.00%	   0.00%	   0.00%	   0.00%	   0.00%	   0.00%	   0.00%	   0.00%	 100.00%	   0.00%	 100.00%	 100.00%	   0.00%	   0.00%	 100.00%	   0.00%	 100.00%	 100.00%	 100.00%	   0.00%	   0.00%	 100.00%	   0.00%	   0.00%	 100.00%	   0.00%	   0.00%	  33.33%	 100.00%	 100.00%	   0.00%	 100.00%	   0.00%	   0.00%	 100.00%	   0.00%	
    f1   0.0000	  0.0000	  1.0000	  1.0000	  1.0000	  0.2500	  0.0000	  1.0000	  0.0000	  0.0000	  0.0000	  1.0000	  1.0000	  1.0000	  0.0000	  1.0000	  0.0000	  1.0000	  0.0000	  1.0000	  1.0000	  1.0000	  0.0000	  0.0000	  0.0000	  1.0000	  0.0000	  1.0000	  1.0000	  1.0000	  0.0000	  0.0000	  0.0000	  1.0000	  1.0000	  1.0000	  1.0000	  0.0000	  0.0000	  0.0000	  1.0000	  0.0000	  0.0000	  1.0000	  0.0000	  1.0000	  1.0000	  0.0000	  0.0000	  0.0000	  0.0000	  1.0000	  0.0000	  0.0000	  1.0000	  1.0000	  0.0000	  0.0000	  1.0000	  0.0000	  0.0000	  1.0000	  0.0000	  0.0000	  0.0000	  1.0000	  0.0000	  0.0000	  1.0000	  1.0000	  0.0000	  0.0000	  0.0000	  0.0000	  0.0000	  1.0000	  0.0000	  1.0000	  1.0000	  0.0000	  1.0000	  0.0000	  0.0000	  1.0000	  0.4000	  0.0000	  1.0000	  0.0000	  1.0000	  1.0000	  0.0000	  1.0000	  0.0000	  0.0000	  0.0000	  0.0000	  1.0000	  0.0000	  1.0000	  1.0000	  0.0000	  0.0000	  0.0000	  0.0000	  0.0000	  1.0000	  0.0000	  0.0000	  0.0000	  1.0000	  1.0000	  1.0000	  1.0000	  1.0000	  0.0000	  1.0000	  0.0000	  0.0000	  0.0000	  1.0000	  1.0000	  0.0000	  0.0000	  1.0000	  0.0000	  1.0000	  0.0000	  0.0000	  0.0000	  1.0000	  1.0000	  0.0000	  0.0000	  0.0000	  1.0000	  0.0000	  1.0000	  1.0000	  1.0000	  0.0000	  0.0000	  1.0000	  0.2500	  1.0000	  0.0000	  1.0000	  0.0000	  0.0000	  0.0000	  1.0000	  1.0000	  1.0000	  1.0000	  1.0000	  1.0000	  0.0000	  1.0000	  1.0000	  0.0000	  1.0000	  1.0000	  1.0000	  0.0000	  0.0000	  1.0000	  0.0000	  1.0000	  1.0000	  1.0000	  0.0000	  1.0000	  1.0000	  0.0000	  1.0000	  1.0000	  1.0000	  0.0000	  0.0000	  0.0000	  1.0000	  1.0000	  0.0000	  1.0000	  0.0000	  1.0000	  1.0000	  0.4000	  0.0000	  1.0000	  1.0000	  0.0000	  0.0000	  0.2500	  1.0000	  1.0000	  1.0000	  1.0000	  0.0000	  0.0000	  0.0000	  0.0000	  0.0000	  0.0000	  1.0000	  0.0000	  0.0000	  0.0000	  0.0000	  0.0000	  0.0000	  0.0000	  0.0000	  0.0000	  1.0000	  0.0000	  1.0000	  1.0000	  0.0000	  0.0000	  1.0000	  0.0000	  1.0000	  1.0000	  1.0000	  0.0000	  0.0000	  1.0000	  0.0000	  0.0000	  1.0000	  0.0000	  0.0000	  0.2500	  1.0000	  1.0000	  0.0000	  1.0000	  0.0000	  0.0000	  1.0000	  0.0000	
pred 0        1	      -1	       0	       0	       0	       0	      -1	       0	       1	       1	       1	       0	       0	       0	      -1	       0	       1	       0	      -1	       0	       0	       0	       1	      -1	      -1	       0	       1	       0	       0	       0	       1	       0	      -1	       0	       0	       0	       0	      -1	      -1	       0	       0	      -1	      -1	       0	      -1	       0	       0	       0	      -1	       1	      -1	       0	      -1	      -1	       0	       0	      -1	       1	       0	      -1	       1	       0	       1	      -1	       1	       0	      -1	      -1	       0	       0	       1	       1	      -1	       1	       1	       0	       1	       0	       0	       1	       0	      -1	       1	       0	       0	       1	       0	      -1	       0	       0	      -1	       0	      -1	      -1	      -1	      -1	       0	       1	       0	       0	      -1	      -1	       1	      -1	      -1	       0	       1	       1	      -1	       0	       0	       0	       0	       0	       1	       0	      -1	      -1	      -1	       0	       0	       1	      -1	       0	      -1	       0	       1	      -1	      -1	       0	       0	       1	       1	      -1	       0	      -1	       0	       0	       0	       1	       1	       0	       1	       0	       1	       0	       0	      -1	      -1	       0	       0	       0	       0	       0	       0	       1	       0	       0	       1	       0	       0	       0	       1	      -1	       0	      -1	       0	       0	       0	       1	       0	       0	      -1	       0	       0	       0	      -1	       0	      -1	       0	       0	       1	       0	       0	       0	       0	      -1	       1	       0	       0	      -1	      -1	       0	       0	       0	       0	       0	      -1	      -1	      -1	       1	      -1	      -1	       0	       1	       1	       1	       1	      -1	      -1	       0	      -1	      -1	       0	       0	       0	       0	       0	      -1	       0	      -1	       0	       0	       0	       0	      -1	       0	      -1	      -1	       0	       1	       1	      -1	       0	       0	      -1	       0	      -1	      -1	       0	      -1	
test 0        0	       0	       0	       0	       0	       1	       0	       0	       0	       0	       0	       0	       0	       0	       0	       0	       0	       0	       0	       0	       0	       0	       0	       0	       1	       0	       0	       0	       0	       0	       0	      -1	       0	       0	       0	       0	       0	       0	       0	       1	       0	       0	       0	       0	       0	       0	       0	      -1	       0	       0	       0	       0	       0	       0	       0	       0	       0	       0	       0	       0	       0	       0	       0	       0	       0	       0	       0	       0	       0	       0	       0	       0	       0	       0	       0	       0	       0	       0	       0	       0	       0	       0	      -1	       0	       0	       0	       0	       0	       0	       0	       0	       0	       0	       0	       0	       0	       0	       0	       0	       0	       0	       0	       0	       0	       0	       0	       0	       0	       0	       0	       0	       0	       0	       0	       0	       0	       0	       0	       0	       0	       0	       0	       1	       0	       0	       0	       0	       0	       0	       0	       0	       0	       0	       0	       0	       0	       0	       0	       0	       0	       0	       0	       0	       0	       0	       0	      -1	       0	       0	       0	       0	       0	       0	       0	       0	       0	       0	       0	       0	       0	       0	       0	       0	       0	       0	       0	       0	       0	       0	       0	       0	       0	       0	       0	       0	       0	       0	      -1	       0	       0	       0	       0	       0	      -1	       0	       0	      -1	       0	       0	       0	       0	       0	      -1	       0	       0	       0	       0	       0	       0	       0	       0	       0	       0	       0	       0	       0	       0	       0	       0	       0	       1	       0	       0	       0	      -1	       0	       0	       1	       0	       0	       0	       0	       0	       0	       1	       0	       0	       0	       0	       0	       0	       0	       0	       0	       0	       0	       0	       0	       1	       0	       0	
pred 1        1	      -1	       0	       0	       0	       0	      -1	       0	       1	       1	       1	       0	       0	       0	      -1	       0	       1	       0	      -1	       0	       0	       0	       1	      -1	      -1	       0	       1	       0	       0	       0	       1	       0	      -1	       0	       0	       0	       0	      -1	      -1	       0	       0	      -1	      -1	       0	      -1	       0	       0	       0	      -1	       1	      -1	       0	      -1	      -1	       0	       0	      -1	       1	       0	      -1	       1	       0	       1	      -1	       1	       0	      -1	      -1	       0	       0	       1	       1	      -1	       1	       1	       0	       1	       0	       0	       1	       0	      -1	       1	       0	       0	       1	       0	      -1	       0	       0	      -1	       0	      -1	      -1	      -1	      -1	       0	       1	       0	       0	      -1	      -1	       1	      -1	      -1	       0	       1	       1	      -1	       0	       0	       0	       0	       0	       1	       0	      -1	      -1	      -1	       0	       0	       1	      -1	       0	      -1	       0	       1	      -1	      -1	       0	       0	       1	       1	      -1	       0	      -1	       0	       0	       0	       1	       1	       0	       1	       0	       1	       0	       0	      -1	      -1	       0	       0	       0	       0	       0	       0	       1	       0	       0	       1	       0	       0	       0	       1	      -1	       0	      -1	       0	       0	       0	       1	       0	       0	      -1	       0	       0	       0	      -1	       0	      -1	       0	       0	       1	       0	       0	       0	       0	      -1	       1	       0	       0	      -1	      -1	       0	       0	       0	       0	       0	      -1	      -1	      -1	       1	      -1	      -1	       0	       1	       1	       1	       1	      -1	      -1	       0	      -1	      -1	       0	       0	       0	       0	       0	      -1	       0	      -1	       0	       0	       0	       0	      -1	       0	      -1	      -1	       0	       1	       1	      -1	       0	       0	      -1	       0	      -1	      -1	       0	      -1	
test 1        0	       0	       0	       0	       0	       1	       0	       0	       0	       0	       0	       0	       0	       0	       0	       0	       0	       0	       0	       0	       0	       0	       0	       0	       1	       0	       0	       0	       0	       0	       0	      -1	       0	       0	       0	       0	       0	       0	       0	       1	       0	       0	       0	       0	       0	       0	       0	      -1	       0	       0	       0	       0	       0	       0	       0	       0	       0	       0	       0	       0	       0	       0	       0	       0	       0	       0	       0	       0	       0	       0	       0	       0	       0	       0	       0	       0	       0	       0	       0	       0	       0	       0	       0	       0	      -1	       0	       0	       0	       0	       0	       0	       0	       0	       0	       0	       0	       0	       0	       0	       0	       0	       0	       0	       0	       0	       0	       0	       0	       0	       0	       0	       0	       0	       0	       0	       0	       0	       0	       0	       0	       0	       0	       1	       0	       0	       0	       0	       0	       0	       0	       0	       0	       0	       0	       0	       0	       0	       0	       0	       0	       0	       0	       1	       0	       0	       0	      -1	       0	       0	       0	       0	       0	       0	       0	       0	       0	       0	       0	       0	       0	       0	       0	       0	       0	       0	       0	       0	       0	       0	       0	       0	       0	       0	       0	       0	       0	       0	      -1	       0	       0	       0	       0	       0	      -1	       0	       0	       0	       0	       0	       0	       0	       0	       0	       0	       0	       0	       0	       0	       0	       0	       0	       0	       0	       0	       0	       0	       0	       0	       0	       0	       1	       0	       0	       0	      -1	       0	       0	       1	       0	       0	       0	       0	       0	       0	       1	       0	       0	       0	       0	       0	       0	       0	       0	       0	       0	       0	       0	       0	       1	       0	       0	
pred 2        1	      -1	       0	       0	       0	       0	      -1	       0	       1	       1	       1	       0	       0	       0	      -1	       0	       1	       0	      -1	       0	       0	       0	       1	      -1	      -1	       0	       1	       0	       0	       0	       1	       0	      -1	       0	       0	       0	       0	      -1	      -1	       0	       0	      -1	      -1	       0	      -1	       0	       0	       0	      -1	       1	      -1	       0	      -1	      -1	       0	       0	      -1	       1	       0	      -1	       1	       0	       1	      -1	       1	       0	      -1	      -1	       0	       0	       1	       1	      -1	       1	       1	       0	       1	       0	       0	       1	       0	      -1	       1	       0	       0	       1	       0	      -1	       0	       0	      -1	       0	      -1	      -1	      -1	      -1	       0	       1	       0	       0	      -1	      -1	       1	      -1	      -1	       0	       1	       1	      -1	       0	       0	       0	       0	       0	       1	       0	      -1	      -1	      -1	       0	       0	       1	      -1	       0	      -1	       0	       1	      -1	      -1	       0	       0	       1	       1	      -1	       0	      -1	       0	       0	       0	       1	       1	       0	       1	       0	       1	       0	       0	      -1	      -1	       0	       0	       0	       0	       0	       0	       1	       0	       0	       1	       0	       0	       0	       1	      -1	       0	      -1	       0	       0	       0	       1	       0	       0	      -1	       0	       0	       0	      -1	       0	      -1	       0	       0	       1	       0	       0	       0	       0	      -1	       1	       0	       0	      -1	      -1	       0	       0	       0	       0	       0	      -1	      -1	      -1	       1	      -1	      -1	       0	       1	       1	       1	       1	      -1	      -1	       0	      -1	      -1	       0	       0	       0	       0	       0	      -1	       0	      -1	       0	       0	       0	       0	      -1	       0	      -1	      -1	       0	       1	       1	      -1	       0	       0	      -1	       0	      -1	      -1	       0	      -1	
test 2        0	       0	       0	       0	       0	       0	       0	       0	       0	       0	       0	       0	       0	       0	       0	       0	       0	       0	       0	       0	       0	       0	       0	       0	       1	       0	       0	       0	       0	       0	       0	      -1	       0	       0	       0	       0	       0	       0	       0	       1	       0	       0	       0	       0	       0	       0	       0	      -1	       0	       0	       0	       0	       0	       0	       0	       0	       0	       0	       0	       0	       0	       0	       0	       0	       0	       0	       0	       0	       0	       0	       0	       0	       0	       0	       0	       0	       0	       0	       0	       0	       0	       0	       0	       0	       0	      -1	       0	       0	       0	       0	       0	       0	       0	       0	       0	       0	       0	       0	       0	       0	       0	       0	       0	       0	       0	       0	       0	       0	       0	       0	       0	       0	       0	       0	       0	       0	       0	       0	       0	       0	       0	       0	       1	       0	       0	       0	       0	       0	       0	       0	       0	       0	       0	       0	       0	       0	       0	       0	       0	       0	       0	       0	       0	       0	       0	       0	      -1	       0	       0	       0	       0	       0	       0	       0	       0	       0	       0	       0	       0	       0	       0	       0	       0	       0	       0	       0	       0	       0	       0	       0	       0	       0	       0	       0	       0	       0	       0	      -1	       0	       0	       0	       0	       0	      -1	       0	       0	      -1	       0	       0	       0	       0	       0	      -1	       0	       0	       0	       0	       0	       0	       0	       0	       0	       0	       0	       0	       0	       0	       0	       0	       0	       1	       0	       0	       0	      -1	       0	       0	       1	       0	       0	       0	       0	       0	       0	       1	       0	       0	       0	       0	       0	       0	       0	      -1	       0	       0	       0	       0	       0	       0	       0	       0	
------
confusion matrix:
[[  3  21   2]
 [205 331 138]
 [  8  14   1]]
macro f1: 0.22450899063981103
micro f1: 0.4633471645919779
weighted f1: 0.029107317328453064
class -1 f1: 0.024793388429752067
class  0 f1: 0.6365384615384615
class  1 f1: 0.012195121951219513
average label-wise acc: 46.33%
