locus,concepts
b0001,"{'GO_0009088', 'GO_0031555', 'GO_0031556'}"
b0002,"{'GO_0016310', 'GO_0042802', 'GO_0051289', 'GO_0009089', 'GO_0046872', 'GO_0009086', 'GO_0016491', 'GO_0050661', 'GO_0005524', 'GO_0009085', 'GO_0009090', 'GO_0009088', 'GO_0004412', 'GO_0016301', 'GO_0004072', 'GO_0009067', 'GO_0070403'}"
b0003,"{'GO_0016310', 'GO_0004413', 'GO_0005737', 'GO_0005524', 'GO_0006566', 'GO_0009088', 'GO_0005829', 'GO_0016301'}"
b0004,"{'GO_0004795', 'GO_0030170', 'GO_0006520', 'GO_0016829', 'GO_0009088', 'GO_0005829'}"
b0006,"{'GO_0033194', 'GO_0003677', 'GO_0005737', 'GO_0005829', 'GO_0000217'}"
b0007,"{'GO_0005886', 'GO_0005283', 'GO_0006865', 'GO_0016020', 'GO_0015293', 'GO_0006814', 'GO_0055085', 'GO_0003333', 'GO_0035725'}"
b0008,"{'GO_0016020', 'GO_0005975', 'GO_0005737', 'GO_0009052', 'GO_0016740', 'GO_0016744', 'GO_0006098', 'GO_0004801', 'GO_0005829'}"
b0009,"{'GO_0042802', 'GO_0016740', 'GO_0005515', 'GO_0005524', 'GO_0006777', 'GO_0005829', 'GO_0032324', 'GO_0061598'}"
b0010,"{'GO_0005886', 'GO_1902600', 'GO_0016020', 'GO_0015293', 'GO_0015360', 'GO_0022857', 'GO_0035433', 'GO_0006811', 'GO_0071422'}"
b0014,"{'GO_0051082', 'GO_0009408', 'GO_0065003', 'GO_0005524', 'GO_0005829', 'GO_0034620', 'GO_1990169', 'GO_0044183', 'GO_0051085', 'GO_0005515', 'GO_0045892', 'GO_0016234', 'GO_0006260', 'GO_0005737', 'GO_0016989', 'GO_0005886', 'GO_0043335', 'GO_0140662', 'GO_0016020', 'GO_0032991', 'GO_0043531', 'GO_0006457', 'GO_0008270', 'GO_0051087'}"
b0015,"{'GO_0051082', 'GO_0009408', 'GO_0015035', 'GO_0065003', 'GO_0005524', 'GO_0005829', 'GO_0051085', 'GO_0005515', 'GO_0045892', 'GO_0006260', 'GO_0031072', 'GO_0005737', 'GO_0016032', 'GO_0046872', 'GO_0042026', 'GO_0003756', 'GO_0016989', 'GO_0043335', 'GO_0016020', 'GO_0032991', 'GO_0006457', 'GO_0008270', 'GO_0042803', 'GO_0051087'}"
b0016,"{'GO_0006310', 'GO_0003677', 'GO_0004803', 'GO_0032196', 'GO_0006313'}"
b0018,"{'GO_0005886', 'GO_0016020'}"
b0019,"{'GO_0005886', 'GO_0016020', 'GO_0010446', 'GO_0015385', 'GO_0006814', 'GO_0015297', 'GO_0051453', 'GO_0055085', 'GO_0009651', 'GO_0006885', 'GO_0015081', 'GO_1901612', 'GO_0035725'}"
b0020,"{'GO_0003700', 'GO_0003677', 'GO_0005737', 'GO_0001216', 'GO_0006355', 'GO_2000144'}"
b0021,"{'GO_0006310', 'GO_0003677', 'GO_0004803', 'GO_0032196', 'GO_0006313'}"
b0022,"{'GO_0032196', 'GO_0006310', 'GO_0006313'}"
b0023,"{'GO_0019843', 'GO_0022627', 'GO_0005737', 'GO_0003735', 'GO_0008073', 'GO_0003723', 'GO_0000028', 'GO_0070181', 'GO_0002181', 'GO_0006412', 'GO_0005829', 'GO_1990904', 'GO_0005840'}"
b0024,{'GO_0006974'}
b0025,"{'GO_0008531', 'GO_0016310', 'GO_0003919', 'GO_0005515', 'GO_0005524', 'GO_0016301', 'GO_0016779', 'GO_0009398', 'GO_0009231', 'GO_0006747'}"
b0026,"{'GO_0006418', 'GO_0005515', 'GO_0004812', 'GO_0005737', 'GO_0046872', 'GO_0005524', 'GO_0006428', 'GO_0106074', 'GO_0000049', 'GO_0008270', 'GO_0006412', 'GO_0005829', 'GO_0002161', 'GO_0046677', 'GO_0004822'}"
b0027,"{'GO_0005886', 'GO_0016020', 'GO_0004190', 'GO_0006508', 'GO_0004175'}"
b0028,"{'GO_0005515', 'GO_0006457', 'GO_0005829', 'GO_0003755', 'GO_0061077'}"
b0029,"{'GO_0019288', 'GO_0042380', 'GO_0051539', 'GO_0051538', 'GO_0046872', 'GO_0016114', 'GO_0016491', 'GO_0051745', 'GO_0050992', 'GO_0008299', 'GO_0005829'}"
b0030,"{'GO_0047724', 'GO_0016799', 'GO_0042454', 'GO_0050263', 'GO_0016798', 'GO_0047622', 'GO_0006206', 'GO_0006139', 'GO_0045437', 'GO_0006974', 'GO_0006144'}"
b0031,"{'GO_0051287', 'GO_0042802', 'GO_0005737', 'GO_0009089', 'GO_0016491', 'GO_0050661', 'GO_0005829', 'GO_0009085', 'GO_0016726', 'GO_0008839', 'GO_0019877', 'GO_0008652'}"
b0032,"{'GO_0044205', 'GO_0006541', 'GO_0016874', 'GO_0005515', 'GO_0005737', 'GO_0005951', 'GO_0005524', 'GO_0019856', 'GO_0004359', 'GO_0006207', 'GO_0005829', 'GO_0006526', 'GO_0004088', 'GO_0006221', 'GO_0046982'}"
b0033,"{'GO_0044205', 'GO_0016874', 'GO_0016597', 'GO_0005515', 'GO_0005951', 'GO_0046872', 'GO_0000166', 'GO_0005524', 'GO_0019856', 'GO_0004087', 'GO_0005829', 'GO_0006526', 'GO_0004088', 'GO_0006221', 'GO_0008652'}"
b0034,"{'GO_0003700', 'GO_0006351', 'GO_0009437', 'GO_0006355'}"
b0035,"{'GO_0009437', 'GO_0016740'}"
b0036,"{'GO_0008735', 'GO_0003824', 'GO_0042413', 'GO_0016829', 'GO_0120092', 'GO_0016836', 'GO_0009437', 'GO_0008809'}"
b0037,"{'GO_0016405', 'GO_0016874', 'GO_0051108', 'GO_0051109', 'GO_0005515', 'GO_0016878', 'GO_0016877', 'GO_0009437'}"
b0038,"{'GO_0008735', 'GO_0016740', 'GO_0005737', 'GO_0042413', 'GO_0016782', 'GO_0008410', 'GO_0009437'}"
b0039,"{'GO_0050660', 'GO_0003995', 'GO_0005737', 'GO_0016491', 'GO_0052890', 'GO_0009437'}"
b0040,"{'GO_0005886', 'GO_1902270', 'GO_0016020', 'GO_1900751', 'GO_0015297', 'GO_0015879', 'GO_1900749', 'GO_0044667', 'GO_1902603', 'GO_0009437', 'GO_0015226'}"
b0041,"{'GO_0005515', 'GO_0042413', 'GO_0009055', 'GO_0009437'}"
b0042,"{'GO_0050660', 'GO_0005515', 'GO_0042413', 'GO_0009055', 'GO_0009437'}"
b0043,"{'GO_0016491', 'GO_0009437', 'GO_0071949'}"
b0044,"{'GO_0005515', 'GO_0046872', 'GO_0051539', 'GO_0005506'}"
b0045,"{'GO_0005886', 'GO_0016020', 'GO_0006979', 'GO_0055085', 'GO_0022857'}"
b0046,"{'GO_0005886', 'GO_0003955', 'GO_0032414', 'GO_0005515', 'GO_0009055', 'GO_0016491', 'GO_0051453', 'GO_0051454', 'GO_0008753', 'GO_0006813', 'GO_0042803', 'GO_0050136', 'GO_1901381', 'GO_1903103', 'GO_0010181'}"
b0047,"{'GO_0071805', 'GO_0009636', 'GO_0015503', 'GO_0042542', 'GO_0005515', 'GO_0015643', 'GO_0006813', 'GO_1902600', 'GO_0019899', 'GO_0051595', 'GO_0015297', 'GO_0051453', 'GO_0000166', 'GO_0051454', 'GO_0005886', 'GO_0016020', 'GO_0006885', 'GO_1903103', 'GO_0042803'}"
b0048,"{'GO_0051871', 'GO_0004146', 'GO_0005515', 'GO_0016491', 'GO_0031427', 'GO_0050661', 'GO_0006730', 'GO_0070402', 'GO_0051870', 'GO_0070401', 'GO_0005542', 'GO_0005829', 'GO_0046656', 'GO_0009257', 'GO_0046654', 'GO_0046677', 'GO_0009410'}"
b0049,"{'GO_0110154', 'GO_0010165', 'GO_0015949', 'GO_0005737', 'GO_0008803', 'GO_0008796', 'GO_0016787'}"
b0051,"{'GO_0016433', 'GO_0006364', 'GO_0005737', 'GO_0003729', 'GO_0005829', 'GO_0046677', 'GO_0003723', 'GO_0000179', 'GO_0000028', 'GO_0052908', 'GO_0070475', 'GO_0043024', 'GO_0003690', 'GO_0008168', 'GO_0030490', 'GO_0000154', 'GO_0032259'}"
b0052,"{'GO_0051287', 'GO_0042802', 'GO_0050897', 'GO_0005737', 'GO_0046872', 'GO_0016491', 'GO_0050570', 'GO_0008615', 'GO_0000287', 'GO_0008270', 'GO_0042803', 'GO_0042823'}"
b0053,"{'GO_0051082', 'GO_0042277', 'GO_0050821', 'GO_0042597', 'GO_0060274', 'GO_0005515', 'GO_0030288', 'GO_0006457', 'GO_0036506', 'GO_0003755', 'GO_0043165', 'GO_0061077'}"
b0054,"{'GO_1990351', 'GO_0005515', 'GO_0009279', 'GO_0015920', 'GO_0043165'}"
b0055,"{'GO_0005886', 'GO_0016020', 'GO_0051087'}"
b0058,"{'GO_0006364', 'GO_0009982', 'GO_0001522', 'GO_0008033', 'GO_0006396', 'GO_0120159', 'GO_0003723', 'GO_0009451', 'GO_0031119', 'GO_0140098', 'GO_0031118', 'GO_0160151', 'GO_0016853', 'GO_0000455', 'GO_0160142', 'GO_0106029'}"
b0059,"{'GO_0016817', 'GO_0003677', 'GO_0001000', 'GO_0005515', 'GO_0005737', 'GO_0140658', 'GO_0004386', 'GO_0005524', 'GO_0016887', 'GO_0003676', 'GO_0006355', 'GO_0045893', 'GO_0006338', 'GO_0016787'}"
b0060,"{'GO_0003677', 'GO_0003887', 'GO_0006261', 'GO_0000166', 'GO_0045004', 'GO_0006281', 'GO_0009432', 'GO_0071897', 'GO_0008296', 'GO_0006974'}"
b0061,"{'GO_0042802', 'GO_0032991', 'GO_0003824', 'GO_0005996', 'GO_0019568', 'GO_0008742', 'GO_0019324', 'GO_0046872', 'GO_0008270', 'GO_0005829', 'GO_0019569', 'GO_0016853'}"
b0062,"{'GO_0005737', 'GO_0005996', 'GO_0008733', 'GO_0019568', 'GO_0005829', 'GO_0046872', 'GO_0030145', 'GO_0016853', 'GO_0019569'}"
b0063,"{'GO_0019569', 'GO_0016310', 'GO_0008741', 'GO_0005737', 'GO_0019568', 'GO_0016773', 'GO_0005524', 'GO_0019150', 'GO_0016301', 'GO_0019572', 'GO_0016052'}"
b0064,"{'GO_0003700', 'GO_0001217', 'GO_0042802', 'GO_0003677', 'GO_0005515', 'GO_0005737', 'GO_0019568', 'GO_0032993', 'GO_0045892', 'GO_0043565', 'GO_0000976', 'GO_0006355', 'GO_0005829'}"
b0065,"{'GO_0005886', 'GO_0010212', 'GO_0043093'}"
b0066,"{'GO_0005886', 'GO_0016020', 'GO_0071934', 'GO_0055052', 'GO_0042626', 'GO_0043190', 'GO_0005524', 'GO_0016887', 'GO_0048502', 'GO_0015234'}"
b0067,"{'GO_0005886', 'GO_0016020', 'GO_0071934', 'GO_0055052', 'GO_0015888', 'GO_0043190', 'GO_0055085', 'GO_0022857', 'GO_0015234'}"
b0068,"{'GO_0030975', 'GO_0016020', 'GO_0042597', 'GO_0071934', 'GO_0055052', 'GO_0030288', 'GO_0015888', 'GO_0055085', 'GO_0030976'}"
b0069,"{'GO_0003677', 'GO_0045892', 'GO_0055085', 'GO_0000976', 'GO_0045893'}"
b0070,"{'GO_0005886', 'GO_1902600', 'GO_0015767', 'GO_0016020', 'GO_0034219', 'GO_1904659', 'GO_0055085', 'GO_0005351', 'GO_0008643', 'GO_0036448'}"
b0071,"{'GO_0005515', 'GO_0009316', 'GO_0016829', 'GO_0003861', 'GO_0005829', 'GO_0009098'}"
b0072,"{'GO_0051539', 'GO_0005515', 'GO_0046872', 'GO_0009316', 'GO_0016829', 'GO_0019752', 'GO_0003861', 'GO_0005829', 'GO_0009098'}"
b0073,"{'GO_0051287', 'GO_0005737', 'GO_0046872', 'GO_0016491', 'GO_0030145', 'GO_0034198', 'GO_0000287', 'GO_0005829', 'GO_0009098', 'GO_0003862'}"
b0074,"{'GO_0016740', 'GO_0005737', 'GO_0046872', 'GO_0046912', 'GO_0003852', 'GO_0030145', 'GO_0005829', 'GO_0009098', 'GO_0003985'}"
b0075,{'GO_0009098'}
b0076,"{'GO_0003700', 'GO_0003677', 'GO_0032993', 'GO_0006355', 'GO_0043565'}"
b0077,"{'GO_0050660', 'GO_0016740', 'GO_0009097', 'GO_0003984', 'GO_0046872', 'GO_0030976', 'GO_0000287', 'GO_0005829', 'GO_0005948', 'GO_0008652', 'GO_0009082', 'GO_0009099'}"
b0078,"{'GO_0016740', 'GO_0009097', 'GO_0003984', 'GO_1990610', 'GO_0005829', 'GO_0005948', 'GO_0008652', 'GO_0009082', 'GO_0009099'}"
b0080,"{'GO_0042802', 'GO_0003677', 'GO_2000142', 'GO_0006355', 'GO_0009750', 'GO_0000987'}"
b0081,"{'GO_0003700', 'GO_0009295', 'GO_0003677', 'GO_0005737', 'GO_0045892', 'GO_0000976', 'GO_0006355', 'GO_0043565', 'GO_2000143'}"
b0082,"{'GO_0006364', 'GO_0005737', 'GO_0005829', 'GO_0070475', 'GO_0042803', 'GO_0032259', 'GO_0008168', 'GO_0071424'}"
b0083,"{'GO_0005886', 'GO_0043093', 'GO_0016020', 'GO_1990587', 'GO_0005515', 'GO_0051301', 'GO_1990588', 'GO_1990586', 'GO_0032153', 'GO_0000917'}"
b0086,"{'GO_0016874', 'GO_0008360', 'GO_0008766', 'GO_0005737', 'GO_0051301', 'GO_0005524', 'GO_0009058', 'GO_0047480', 'GO_0005829', 'GO_0016881', 'GO_0009252', 'GO_0071555'}"
b0087,"{'GO_0005886', 'GO_0016020', 'GO_0008360', 'GO_0016740', 'GO_0046872', 'GO_0016780', 'GO_0051301', 'GO_0008963', 'GO_0051992', 'GO_0009252', 'GO_0071555'}"
b0088,"{'GO_0016874', 'GO_0042802', 'GO_0008360', 'GO_0005515', 'GO_0005737', 'GO_0051301', 'GO_0008764', 'GO_0005524', 'GO_0009058', 'GO_0009252', 'GO_0016881', 'GO_0071555'}"
b0089,"{'GO_0005886', 'GO_0015836', 'GO_0043093', 'GO_0016757', 'GO_0016020', 'GO_0008360', 'GO_0015648', 'GO_0005515', 'GO_0051301', 'GO_1990586', 'GO_0032153', 'GO_0000917', 'GO_0009252', 'GO_0008955', 'GO_0071555'}"
b0090,"{'GO_0005886', 'GO_0016757', 'GO_0051991', 'GO_0008360', 'GO_0050511', 'GO_0005975', 'GO_0005515', 'GO_0016758', 'GO_0051301', 'GO_0009252', 'GO_0030259', 'GO_0071555', 'GO_1901137'}"
b0091,"{'GO_0016874', 'GO_0008360', 'GO_0005515', 'GO_0005737', 'GO_0051301', 'GO_0005524', 'GO_0009058', 'GO_0000287', 'GO_0042803', 'GO_0009252', 'GO_0016881', 'GO_0008763', 'GO_0071555'}"
b0092,"{'GO_0016874', 'GO_0008360', 'GO_0005737', 'GO_0003824', 'GO_0046872', 'GO_0005524', 'GO_0008716', 'GO_0042803', 'GO_0005829', 'GO_0009252', 'GO_0071555'}"
b0093,"{'GO_0005886', 'GO_0043093', 'GO_0042802', 'GO_1990587', 'GO_0005515', 'GO_0051301', 'GO_1990586', 'GO_0032153', 'GO_0000917', 'GO_0090529'}"
b0094,"{'GO_0005886', 'GO_0043093', 'GO_0042802', 'GO_0005515', 'GO_0051301', 'GO_0005524', 'GO_1990586', 'GO_0032153', 'GO_0009898', 'GO_0000917', 'GO_0005829'}"
b0095,"{'GO_0005886', 'GO_0043093', 'GO_0005525', 'GO_0042802', 'GO_0005515', 'GO_0005737', 'GO_0051301', 'GO_1990586', 'GO_0032153', 'GO_0051258', 'GO_0000917', 'GO_0090529', 'GO_0003924'}"
b0096,"{'GO_1901135', 'GO_0019637', 'GO_0005506', 'GO_0103117', 'GO_0005737', 'GO_0046872', 'GO_0008270', 'GO_0006796', 'GO_0019213', 'GO_0009245', 'GO_0016787'}"
b0097,"{'GO_0006417', 'GO_0045182', 'GO_0042597', 'GO_0005737', 'GO_0005829'}"
b0098,"{'GO_0042802', 'GO_0005524', 'GO_0043021', 'GO_0061077', 'GO_0006612', 'GO_0005515', 'GO_0043022', 'GO_0006605', 'GO_0008564', 'GO_0005737', 'GO_0046872', 'GO_0015031', 'GO_0009306', 'GO_0043952', 'GO_0065002', 'GO_0006886', 'GO_0005886', 'GO_0016020', 'GO_0008270', 'GO_0009898', 'GO_0017038', 'GO_0031522', 'GO_0070678'}"
b0099,"{'GO_0046067', 'GO_0006260', 'GO_0035539', 'GO_0044716', 'GO_0005515', 'GO_0046872', 'GO_0006281', 'GO_0006203', 'GO_0030145', 'GO_0044715', 'GO_0047693', 'GO_0000287', 'GO_0006289', 'GO_0016787', 'GO_0008413'}"
b0101,"{'GO_0005515', 'GO_0046872', 'GO_0008657', 'GO_0008270', 'GO_0006355'}"
b0102,"{'GO_0043093', 'GO_0042802', 'GO_0005515', 'GO_0005737', 'GO_0051301', 'GO_0032153', 'GO_0042803', 'GO_0000917', 'GO_0090529', 'GO_0005829'}"
b0103,"{'GO_0016310', 'GO_0005737', 'GO_0004140', 'GO_0005524', 'GO_0015937', 'GO_0016301'}"
b0104,"{'GO_0003920', 'GO_0006163', 'GO_0042802', 'GO_0005515', 'GO_0005737', 'GO_0016491', 'GO_0046872', 'GO_0032264', 'GO_1902560', 'GO_0015951', 'GO_0005829', 'GO_0009117'}"
b0106,"{'GO_0005886', 'GO_0009306', 'GO_0016020'}"
b0107,{'GO_0005524'}
b0108,"{'GO_0009289', 'GO_0016020'}"
b0109,"{'GO_0004514', 'GO_0016757', 'GO_0005737', 'GO_0019363', 'GO_0034628', 'GO_0005829', 'GO_0009435'}"
b0111,{'GO_0005886'}
b0112,"{'GO_0005886', 'GO_0006865', 'GO_0016020', 'GO_0015192', 'GO_0055085', 'GO_0005302', 'GO_0015827', 'GO_0015828', 'GO_0015823', 'GO_0015196'}"
b0113,"{'GO_0003700', 'GO_0003677', 'GO_0045892', 'GO_0045893', 'GO_0006355'}"
b0114,"{'GO_0004738', 'GO_0016020', 'GO_0042802', 'GO_0005515', 'GO_0036094', 'GO_0016491', 'GO_0046872', 'GO_0004739', 'GO_0045254', 'GO_0030976', 'GO_0000287', 'GO_0042803', 'GO_0005829', 'GO_0042867', 'GO_0060090'}"
b0115,"{'GO_0004738', 'GO_0006086', 'GO_0005515', 'GO_0005737', 'GO_0016746', 'GO_0031405', 'GO_0045254', 'GO_0006090', 'GO_0006096', 'GO_0004742', 'GO_0042867'}"
b0116,"{'GO_0006103', 'GO_0042802', 'GO_0016491', 'GO_0005829', 'GO_0006099', 'GO_0005960', 'GO_0005515', 'GO_0045254', 'GO_0019464', 'GO_0006090', 'GO_0006979', 'GO_0005737', 'GO_0015036', 'GO_0004148', 'GO_0042867', 'GO_0005886', 'GO_0050660', 'GO_0016020', 'GO_0006730', 'GO_0008270', 'GO_0045252'}"
b0118,"{'GO_0003994', 'GO_0006417', 'GO_0047456', 'GO_0051539', 'GO_0005515', 'GO_0046872', 'GO_0003729', 'GO_0003723', 'GO_0016829', 'GO_0003730', 'GO_0019629', 'GO_0005829', 'GO_0006097', 'GO_0006099'}"
b0119,{'GO_0005515'}
b0120,"{'GO_0004014', 'GO_0016831', 'GO_0097264', 'GO_0008295', 'GO_0000287', 'GO_0005829'}"
b0121,"{'GO_0010487', 'GO_0004766', 'GO_0016740', 'GO_0005737', 'GO_0003824', 'GO_0006596', 'GO_0008295', 'GO_0016768', 'GO_0042803', 'GO_0043918', 'GO_0005829'}"
b0123,"{'GO_0010273', 'GO_0042597', 'GO_0030288', 'GO_0016491', 'GO_0046872', 'GO_0046688', 'GO_0005507', 'GO_0016724', 'GO_0004322', 'GO_0016722', 'GO_0016682'}"
b0124,"{'GO_0008876', 'GO_0005886', 'GO_0016020', 'GO_0005515', 'GO_0030288', 'GO_0016491', 'GO_0016614', 'GO_0000287', 'GO_0048038', 'GO_0019595', 'GO_0070968', 'GO_0048039'}"
b0125,"{'GO_0016757', 'GO_0042802', 'GO_0051289', 'GO_0097216', 'GO_0005737', 'GO_0032991', 'GO_0046872', 'GO_0000166', 'GO_0032263', 'GO_0004422', 'GO_0000287', 'GO_0032264', 'GO_0052657', 'GO_0005829', 'GO_0006166'}"
b0126,"{'GO_0042802', 'GO_0051289', 'GO_0005515', 'GO_0015976', 'GO_0046872', 'GO_0016829', 'GO_0008270', 'GO_0004089', 'GO_0005829'}"
b0127,"{'GO_0005886', 'GO_0010165', 'GO_0005515', 'GO_0005524', 'GO_0016887'}"
b0128,"{'GO_0005886', 'GO_0016020', 'GO_0043190', 'GO_0055085', 'GO_0140359'}"
b0129,"{'GO_0016310', 'GO_0009401', 'GO_0016020', 'GO_0005737', 'GO_0016301'}"
b0130,"{'GO_0016810', 'GO_0005975'}"
b0131,"{'GO_0004068', 'GO_0006523', 'GO_0016831', 'GO_0005737', 'GO_0015940', 'GO_0005829', 'GO_0016540'}"
b0132,"{'GO_0004519', 'GO_0006310'}"
b0133,"{'GO_0016874', 'GO_0042802', 'GO_0005515', 'GO_0005737', 'GO_0004592', 'GO_0005524', 'GO_0015940', 'GO_0042803', 'GO_0005829'}"
b0134,"{'GO_0016020', 'GO_0042802', 'GO_0016740', 'GO_0005737', 'GO_0046872', 'GO_0015940', 'GO_0003864', 'GO_0000287', 'GO_0005829'}"
b0135,"{'GO_0043709', 'GO_0007155', 'GO_0006974', 'GO_0009289', 'GO_0046677'}"
b0136,"{'GO_0007155', 'GO_0009289', 'GO_0043709'}"
b0137,"{'GO_0007155', 'GO_0009289'}"
b0138,"{'GO_0007155', 'GO_0009289'}"
b0139,"{'GO_0015473', 'GO_0016020', 'GO_0005515', 'GO_0007155', 'GO_0055085', 'GO_0009297', 'GO_0009279'}"
b0140,"{'GO_0042597', 'GO_0030288', 'GO_0007155', 'GO_0071555', 'GO_0061077'}"
b0141,"{'GO_0007155', 'GO_0009289'}"
b0142,"{'GO_0003848', 'GO_0009396', 'GO_0016310', 'GO_0005524', 'GO_0000287', 'GO_0046656', 'GO_0016301', 'GO_0046654'}"
b0143,"{'GO_0005886', 'GO_0016740', 'GO_0005737', 'GO_0006276', 'GO_1990817', 'GO_0043633', 'GO_0006396', 'GO_0005524', 'GO_0003723', 'GO_0097748', 'GO_0009451', 'GO_0006397', 'GO_0071047', 'GO_0005829'}"
b0144,"{'GO_0046872', 'GO_0005524', 'GO_0006400', 'GO_0006424', 'GO_0002097', 'GO_0008270', 'GO_0004812'}"
b0145,"{'GO_0097216', 'GO_0005737', 'GO_0046872', 'GO_0010468', 'GO_0006302', 'GO_0008270', 'GO_0005829'}"
b0146,"{'GO_0005515', 'GO_0009891', 'GO_0003677'}"
b0148,"{'GO_0017111', 'GO_0003724', 'GO_0004386', 'GO_0005524', 'GO_0016887', 'GO_0003676', 'GO_0003727', 'GO_0016787'}"
b0149,"{'GO_0005886', 'GO_0051518', 'GO_0016757', 'GO_0016020', 'GO_0008360', 'GO_0009002', 'GO_0005515', 'GO_0030288', 'GO_0008658', 'GO_0004180', 'GO_0009274', 'GO_0071555', 'GO_0008233', 'GO_0006508', 'GO_0009252', 'GO_0008955', 'GO_0071433', 'GO_0046677'}"
b0150,"{'GO_0016020', 'GO_0005506', 'GO_0033214', 'GO_0005515', 'GO_0015344', 'GO_0046790', 'GO_0015343', 'GO_1902495', 'GO_0006826', 'GO_0015643', 'GO_0015891', 'GO_0006879', 'GO_0019904', 'GO_0038023', 'GO_0009279', 'GO_0044718'}"
b0151,"{'GO_0005886', 'GO_0098711', 'GO_0015344', 'GO_0055052', 'GO_0015091', 'GO_0005524', 'GO_0016887', 'GO_0006826', 'GO_0043190', 'GO_0015625', 'GO_0044718', 'GO_0015687'}"
b0152,"{'GO_0098711', 'GO_0042597', 'GO_0005515', 'GO_0030288', 'GO_0055052', 'GO_0006826', 'GO_0015687'}"
b0153,"{'GO_0005886', 'GO_0098711', 'GO_0016020', 'GO_0005515', 'GO_0015344', 'GO_0055052', 'GO_0043190', 'GO_0006826', 'GO_0022857', 'GO_0044718', 'GO_0015687'}"
b0155,"{'GO_0005886', 'GO_1902600', 'GO_0042802', 'GO_1902476', 'GO_0005247', 'GO_0006821', 'GO_0015297', 'GO_0055085', 'GO_1990451', 'GO_0006811', 'GO_0062158'}"
b0156,"{'GO_0051604', 'GO_0005506', 'GO_0051539', 'GO_0005515', 'GO_0046872', 'GO_0016226', 'GO_0051536', 'GO_0005829', 'GO_0051537', 'GO_0106035', 'GO_0009061', 'GO_0009060'}"
b0157,{'GO_0005886'}
b0158,"{'GO_1990191', 'GO_0015889', 'GO_0016020', 'GO_0042597', 'GO_0005515', 'GO_0030288', 'GO_0031419'}"
b0159,"{'GO_0008782', 'GO_0042802', 'GO_0019509', 'GO_0009164', 'GO_0005737', 'GO_0046124', 'GO_0016787', 'GO_0110052', 'GO_0042803', 'GO_0005829', 'GO_0009086', 'GO_0008930', 'GO_0019284'}"
b0160,"{'GO_0003697', 'GO_0043099', 'GO_0015949', 'GO_0042802', 'GO_0050897', 'GO_0008832', 'GO_0030145', 'GO_0006203', 'GO_0000287', 'GO_0016787', 'GO_0003924'}"
b0161,"{'GO_0005886', 'GO_0009408', 'GO_0042802', 'GO_0006979', 'GO_0005515', 'GO_0030288', 'GO_0009266', 'GO_0004252', 'GO_0006457', 'GO_0008236', 'GO_0008233', 'GO_0004175', 'GO_0006508', 'GO_0006515', 'GO_0061077'}"
b0162,"{'GO_0003700', 'GO_0045893'}"
b0164,"{'GO_0046872', 'GO_0008081', 'GO_0016787'}"
b0167,"{'GO_0006808', 'GO_0005515', 'GO_0008081', 'GO_0016779', 'GO_0008773', 'GO_0005829', 'GO_0016787'}"
b0168,"{'GO_0070006', 'GO_0046872', 'GO_0008198', 'GO_0004239', 'GO_0008235', 'GO_0006508', 'GO_0005829', 'GO_0004177', 'GO_0046914'}"
b0169,"{'GO_0015935', 'GO_0022627', 'GO_0005515', 'GO_0005737', 'GO_0003735', 'GO_0000028', 'GO_0008270', 'GO_0002181', 'GO_0006412', 'GO_1990904', 'GO_0005840'}"
b0170,"{'GO_0032045', 'GO_0016020', 'GO_0005085', 'GO_0005515', 'GO_0005737', 'GO_0006414', 'GO_0008270', 'GO_0006412', 'GO_0005829', 'GO_0003746'}"
b0171,"{'GO_0016310', 'GO_0042802', 'GO_0046940', 'GO_0005737', 'GO_0005524', 'GO_0009041', 'GO_0044210', 'GO_0033862', 'GO_0005829', 'GO_0016301', 'GO_0006221'}"
b0172,"{'GO_0043023', 'GO_0005515', 'GO_0005737', 'GO_0002184', 'GO_0006412', 'GO_0006415', 'GO_0005829'}"
b0173,"{'GO_0019288', 'GO_1990065', 'GO_0042802', 'GO_0051484', 'GO_0070402', 'GO_0046872', 'GO_0016491', 'GO_0030145', 'GO_0008299', 'GO_0030604'}"
b0175,"{'GO_0005886', 'GO_0016020', 'GO_0016024', 'GO_0016779', 'GO_0008654', 'GO_0016772', 'GO_0004605'}"
b0176,"{'GO_0005886', 'GO_0016020', 'GO_0008237', 'GO_0046872', 'GO_0004222', 'GO_0036460', 'GO_0006508', 'GO_0004175', 'GO_0045893', 'GO_0043856'}"
b0177,"{'GO_0016020', 'GO_0005515', 'GO_0071709', 'GO_0019867', 'GO_0007155', 'GO_0009279', 'GO_0051205', 'GO_0043165', 'GO_1990063'}"
b0178,"{'GO_0001530', 'GO_0051082', 'GO_0050821', 'GO_0043165', 'GO_0042597', 'GO_0042802', 'GO_0005515', 'GO_0030288', 'GO_0006457', 'GO_0022417', 'GO_0005829', 'GO_0032978', 'GO_0061077'}"
b0179,"{'GO_0042802', 'GO_0005515', 'GO_0005737', 'GO_0016746', 'GO_0103118', 'GO_0016410', 'GO_0005829', 'GO_0009245', 'GO_0016747', 'GO_0046677'}"
b0180,"{'GO_0042802', 'GO_0005737', 'GO_0006633', 'GO_0019171', 'GO_0016829', 'GO_0016836', 'GO_0009245'}"
b0181,"{'GO_0042802', 'GO_0005737', 'GO_0016746', 'GO_0008780', 'GO_0005829', 'GO_0009245', 'GO_0008610', 'GO_0016747'}"
b0182,"{'GO_0031234', 'GO_0016757', 'GO_0042802', 'GO_0019897', 'GO_0005515', 'GO_0005737', 'GO_0008915', 'GO_0009245', 'GO_0005543'}"
b0183,"{'GO_0006401', 'GO_0005737', 'GO_0046872', 'GO_0004519', 'GO_1990516', 'GO_0003723', 'GO_0030145', 'GO_0004523'}"
b0184,"{'GO_0006260', 'GO_0044776', 'GO_0003677', 'GO_0009360', 'GO_0005515', 'GO_0005737', 'GO_0003887', 'GO_0006261', 'GO_0071897', 'GO_0006272', 'GO_0003676', 'GO_0008408', 'GO_0005829', 'GO_0006273', 'GO_0030894'}"
b0185,"{'GO_0016743', 'GO_2001295', 'GO_0042759', 'GO_0042802', 'GO_0016740', 'GO_0005515', 'GO_0005737', 'GO_0006633', 'GO_0005524', 'GO_0009329', 'GO_0003989', 'GO_0005829', 'GO_0009317'}"
b0186,"{'GO_0016831', 'GO_0042802', 'GO_0005515', 'GO_0005737', 'GO_0006520', 'GO_0008923', 'GO_0006554'}"
b0187,{'GO_0046872'}
b0188,"{'GO_0016874', 'GO_0042802', 'GO_0005737', 'GO_0008033', 'GO_0005524', 'GO_0006400', 'GO_0016879', 'GO_0032267', 'GO_0005829', 'GO_0002136'}"
b0189,"{'GO_0005515', 'GO_0031554', 'GO_0031564'}"
b0191,"{'GO_0006417', 'GO_0005737', 'GO_0004045', 'GO_0003747', 'GO_0072344', 'GO_0043022', 'GO_0006415', 'GO_0016787'}"
b0192,"{'GO_0042802', 'GO_0005515', 'GO_0007155', 'GO_0010810', 'GO_0036460', 'GO_0009279', 'GO_1990169'}"
b0193,"{'GO_0005886', 'GO_0008234', 'GO_0006508'}"
b0194,"{'GO_0005515', 'GO_0005737', 'GO_0004827', 'GO_0005524', 'GO_0106074', 'GO_0043906', 'GO_0006412', 'GO_0005829', 'GO_0002161', 'GO_0006433', 'GO_0004812'}"
b0195,"{'GO_0089715', 'GO_0003723', 'GO_0030488', 'GO_0000049', 'GO_0032259', 'GO_0008168', 'GO_0008033'}"
b0196,"{'GO_0070299', 'GO_0005515', 'GO_0030288', 'GO_0031241', 'GO_0036460', 'GO_0106234', 'GO_0009279', 'GO_0035556', 'GO_0007165'}"
b0197,"{'GO_0005886', 'GO_0006865', 'GO_0016020', 'GO_0005515', 'GO_0030288', 'GO_0055052', 'GO_1990197', 'GO_1903692', 'GO_0048473', 'GO_0015821'}"
b0198,"{'GO_0005886', 'GO_0006865', 'GO_0016020', 'GO_1902475', 'GO_0005515', 'GO_0055052', 'GO_1990197', 'GO_0055085', 'GO_1903692', 'GO_0048473', 'GO_0015821', 'GO_0033232', 'GO_0015191'}"
b0199,"{'GO_0005886', 'GO_0006865', 'GO_0016020', 'GO_0009276', 'GO_1902475', 'GO_0005515', 'GO_0003824', 'GO_0055052', 'GO_0042626', 'GO_1990197', 'GO_0005524', 'GO_0016887', 'GO_1903692', 'GO_0048473', 'GO_0033232', 'GO_0015191'}"
b0208,"{'GO_0003700', 'GO_0010212', 'GO_0003677', 'GO_0006355'}"
b0209,"{'GO_0005737', 'GO_0003824'}"
b0210,{'GO_0008757'}
b0211,"{'GO_0005886', 'GO_0016020', 'GO_0008932', 'GO_0016829', 'GO_0000270', 'GO_0008933', 'GO_0071555'}"
b0212,"{'GO_0004416', 'GO_0009408', 'GO_0019243', 'GO_0046872', 'GO_0009636', 'GO_0008270', 'GO_0016787'}"
b0213,{'GO_0008757'}
b0214,"{'GO_0006401', 'GO_0005515', 'GO_0005737', 'GO_0043137', 'GO_0046872', 'GO_0004519', 'GO_0000287', 'GO_0003676', 'GO_0004523'}"
b0215,"{'GO_0006260', 'GO_0044776', 'GO_0003677', 'GO_0009360', 'GO_0005515', 'GO_0046872', 'GO_0003887', 'GO_0004527', 'GO_0006261', 'GO_0045004', 'GO_0071897', 'GO_0006272', 'GO_0030894', 'GO_0006273', 'GO_0006259'}"
b0217,{'GO_0005886'}
b0219,"{'GO_0050152', 'GO_0016787', 'GO_0106008'}"
b0220,"{'GO_0042597', 'GO_0060241', 'GO_0030288', 'GO_0042803', 'GO_0043086', 'GO_0061077'}"
b0221,"{'GO_0050660', 'GO_0004466', 'GO_0070991', 'GO_0003995', 'GO_0005737', 'GO_0016491', 'GO_0033539', 'GO_0009062', 'GO_0006631', 'GO_0006635'}"
b0222,"{'GO_0042802', 'GO_0051289', 'GO_1901135', 'GO_0005975', 'GO_0005737', 'GO_0032991', 'GO_0046872', 'GO_0097367', 'GO_0009244', 'GO_2001061', 'GO_0008270', 'GO_0005829', 'GO_0016853', 'GO_0009103', 'GO_0008968'}"
b0223,"{'GO_0005515', 'GO_0006541', 'GO_0016740'}"
b0225,"{'GO_0003677', 'GO_0005515', 'GO_0004519', 'GO_0045892', 'GO_0003723', 'GO_0004521', 'GO_0046677', 'GO_0006402', 'GO_0043022', 'GO_0006415', 'GO_0016892', 'GO_0110001', 'GO_0040008', 'GO_0044010'}"
b0226,"{'GO_2000143', 'GO_0003677', 'GO_0005515', 'GO_0045892', 'GO_0015643', 'GO_0042803', 'GO_0006355', 'GO_0043565', 'GO_0110001', 'GO_0040008', 'GO_0000987', 'GO_0044010'}"
b0227,"{'GO_0005886', 'GO_0008234', 'GO_0006508'}"
b0228,"{'GO_0003697', 'GO_0000405', 'GO_0003677', 'GO_0006310', 'GO_0032196', 'GO_0043565', 'GO_0032448', 'GO_0004803', 'GO_0000014', 'GO_0006313'}"
b0229,"{'GO_0005886', 'GO_0009306', 'GO_0016020'}"
b0231,"{'GO_0006260', 'GO_0003677', 'GO_0005515', 'GO_0003684', 'GO_0003887', 'GO_0005737', 'GO_0006261', 'GO_0046872', 'GO_0006281', 'GO_0009432', 'GO_0000287', 'GO_0000731', 'GO_0008296', 'GO_0042276', 'GO_0070987', 'GO_0006974'}"
b0232,"{'GO_0003677', 'GO_0005515', 'GO_0006281', 'GO_0009432', 'GO_0006355', 'GO_0110001', 'GO_0040008', 'GO_0006974'}"
b0233,"{'GO_0043023', 'GO_0017148', 'GO_0005515', 'GO_0004519', 'GO_0006281', 'GO_0003723', 'GO_0004521', 'GO_0009432', 'GO_0006355', 'GO_0110001', 'GO_0040008'}"
b0234,"{'GO_0016746', 'GO_0016747', 'GO_0006281', 'GO_0009432'}"
b0237,"{'GO_0016805', 'GO_0070573', 'GO_0005515', 'GO_0008237', 'GO_0046872', 'GO_0008270', 'GO_0042803', 'GO_0006508', 'GO_0005829', 'GO_0016787', 'GO_0043171'}"
b0238,"{'GO_0005886', 'GO_0016757', 'GO_0042802', 'GO_0051289', 'GO_0097216', 'GO_0032991', 'GO_0046872', 'GO_0032263', 'GO_0004422', 'GO_0032265', 'GO_0000287', 'GO_0032264', 'GO_0052657', 'GO_0000310', 'GO_0005829', 'GO_0006166'}"
b0239,"{'GO_0005515', 'GO_0106435', 'GO_0016787', 'GO_0016788', 'GO_0052689', 'GO_0043470'}"
b0241,"{'GO_0046930', 'GO_0015288', 'GO_0009279', 'GO_0006811', 'GO_0034220'}"
b0242,"{'GO_0016310', 'GO_0042802', 'GO_0006561', 'GO_1901973', 'GO_0005737', 'GO_0004349', 'GO_0005524', 'GO_0003723', 'GO_0055129', 'GO_0000287', 'GO_0042803', 'GO_0005829', 'GO_0016301', 'GO_0008652'}"
b0243,"{'GO_0042802', 'GO_0006561', 'GO_0005515', 'GO_0005737', 'GO_0016491', 'GO_0004350', 'GO_0050661', 'GO_0055129', 'GO_0005829', 'GO_0008652'}"
b0245,{'GO_0030308'}
b0246,{'GO_0051495'}
b0247,"{'GO_0008237', 'GO_0046872', 'GO_0006508', 'GO_0006974'}"
b0251,{'GO_0005886'}
b0253,{'GO_0005525'}
b0254,"{'GO_0003700', 'GO_0042802', 'GO_0003677', 'GO_0006355'}"
b0256,"{'GO_0006310', 'GO_0003677', 'GO_0032993', 'GO_0015074', 'GO_0032135', 'GO_0043565', 'GO_0004803', 'GO_0032196', 'GO_0006313'}"
b0258,"{'GO_0046872', 'GO_0006974'}"
b0259,"{'GO_0006310', 'GO_0003677', 'GO_0004803', 'GO_0032196', 'GO_0006313'}"
b0260,"{'GO_0005886', 'GO_0006865', 'GO_0016020', 'GO_0000100', 'GO_0009086', 'GO_0055085', 'GO_0015806'}"
b0261,"{'GO_0061627', 'GO_0003824', 'GO_0008898', 'GO_0009086', 'GO_0046872', 'GO_0008270', 'GO_0032259', 'GO_0008168', 'GO_0033477', 'GO_0006974'}"
b0262,"{'GO_0005886', 'GO_0032991', 'GO_0043190', 'GO_0005524', 'GO_0016887', 'GO_0006826', 'GO_0055085', 'GO_0034755', 'GO_0098655', 'GO_0015408', 'GO_0022857'}"
b0264,"{'GO_0006310', 'GO_0003677', 'GO_0004803', 'GO_0032196', 'GO_0006313'}"
b0265,"{'GO_0032196', 'GO_0006310', 'GO_0006313'}"
b0266,{'GO_0051495'}
b0267,"{'GO_0015074', 'GO_0003676', 'GO_0005829'}"
b0268,"{'GO_0061677', 'GO_0047440', 'GO_0042802', 'GO_0005737', 'GO_0016829', 'GO_0046176'}"
b0269,"{'GO_0016829', 'GO_0019752', 'GO_0050401', 'GO_0016836', 'GO_0046176'}"
b0270,"{'GO_0005886', 'GO_0016020', 'GO_0015293', 'GO_0006814', 'GO_0055085', 'GO_0008643'}"
b0271,"{'GO_0004553', 'GO_0009044', 'GO_0005975', 'GO_0016798', 'GO_0045493'}"
b0272,"{'GO_0003677', 'GO_0045892', 'GO_0000976', 'GO_0006355', 'GO_0044010'}"
b0273,"{'GO_0006591', 'GO_0019240', 'GO_0016740', 'GO_0005737', 'GO_0046872', 'GO_0004585', 'GO_0042450', 'GO_0016597', 'GO_0006526', 'GO_0006974'}"
b0274,"{'GO_0006310', 'GO_0003677', 'GO_0004803', 'GO_0032196', 'GO_0006313'}"
b0275,"{'GO_0032196', 'GO_0006310', 'GO_0006313'}"
b0276,{'GO_0010165'}
b0278,"{'GO_0006310', 'GO_0000150', 'GO_0003677'}"
b0281,"{'GO_0010165', 'GO_0006310', 'GO_0003677', 'GO_0046718', 'GO_0015074', 'GO_0044826', 'GO_0075713'}"
b0283,"{'GO_0005515', 'GO_0043546', 'GO_0042803'}"
b0284,"{'GO_0110095', 'GO_0042597', 'GO_0030151', 'GO_0005506', 'GO_0016903', 'GO_0005515', 'GO_0030288', 'GO_0016491', 'GO_0046872', 'GO_1990204', 'GO_0047770', 'GO_0009056', 'GO_0006974'}"
b0285,"{'GO_0110095', 'GO_0050660', 'GO_0042597', 'GO_0016903', 'GO_0051539', 'GO_0005515', 'GO_0030288', 'GO_0016491', 'GO_0046872', 'GO_1990204', 'GO_0071949', 'GO_0047770', 'GO_0009056'}"
b0286,"{'GO_0110095', 'GO_0042597', 'GO_0016903', 'GO_0005515', 'GO_0030288', 'GO_0016491', 'GO_0046872', 'GO_1990204', 'GO_0051537', 'GO_0047770', 'GO_0009056'}"
b0287,"{'GO_0005886', 'GO_0010447'}"
b0288,"{'GO_0046872', 'GO_0051536'}"
b0290,{'GO_0009289'}
b0291,{'GO_0005515'}
b0292,{'GO_0005515'}
b0293,{'GO_0009289'}
b0294,"{'GO_0005667', 'GO_0003677', 'GO_0005737', 'GO_1902021', 'GO_0006355'}"
b0296,"{'GO_0034224', 'GO_0005737', 'GO_0003735', 'GO_0022625', 'GO_0006412', 'GO_0002181', 'GO_1990904', 'GO_0005840'}"
b0298,"{'GO_0006310', 'GO_0003677', 'GO_0004803', 'GO_0032196', 'GO_0006313'}"
b0299,"{'GO_0006310', 'GO_0003677', 'GO_0015074', 'GO_0003676', 'GO_0032196'}"
b0301,"{'GO_0005886', 'GO_1901530'}"
b0303,"{'GO_0042597', 'GO_1901530'}"
b0304,"{'GO_0050660', 'GO_0016668', 'GO_0016491', 'GO_0008823', 'GO_1901530', 'GO_0042803', 'GO_0016651'}"
b0305,"{'GO_0003700', 'GO_0090347', 'GO_0003677', 'GO_0001216', 'GO_0006355', 'GO_0043565', 'GO_0045893'}"
b0306,"{'GO_0004459', 'GO_0005829'}"
b0307,"{'GO_0051539', 'GO_0046872', 'GO_1903457', 'GO_0004459', 'GO_0006089', 'GO_0051536'}"
b0308,"{'GO_0004459', 'GO_0005829'}"
b0310,{'GO_0005886'}
b0311,"{'GO_0005886', 'GO_0050660', 'GO_0006970', 'GO_0016020', 'GO_0019285', 'GO_0016491', 'GO_0008802', 'GO_0008812'}"
b0312,"{'GO_0006970', 'GO_0010165', 'GO_0042802', 'GO_0051289', 'GO_0032991', 'GO_0019285', 'GO_0016491', 'GO_0046872', 'GO_0004030', 'GO_0005829', 'GO_0008802'}"
b0313,"{'GO_0003700', 'GO_0006970', 'GO_0003677', 'GO_0045892', 'GO_0019285'}"
b0314,"{'GO_0005886', 'GO_0016020', 'GO_0015871', 'GO_0055085', 'GO_0071705', 'GO_0022857', 'GO_0015220', 'GO_0019285', 'GO_0006974'}"
b0315,"{'GO_0003677', 'GO_0046872', 'GO_0071111', 'GO_0042803', 'GO_0000976', 'GO_0006355', 'GO_0045893', 'GO_0016787'}"
b0316,"{'GO_0003700', 'GO_0005515', 'GO_0003677', 'GO_0006355'}"
b0317,{'GO_0005886'}
b0318,{'GO_0009314'}
b0320,"{'GO_0003824', 'GO_0005829'}"
b0321,{'GO_0005886'}
b0323,"{'GO_0016310', 'GO_0008804', 'GO_0006525', 'GO_0005829', 'GO_0016301'}"
b0324,{'GO_0016810'}
b0325,"{'GO_0016616', 'GO_0046872', 'GO_0016491', 'GO_0008106', 'GO_0008270'}"
b0328,"{'GO_0005886', 'GO_0006865', 'GO_0003333', 'GO_0016020'}"
b0329,"{'GO_0009314', 'GO_0042597'}"
b0330,"{'GO_0003700', 'GO_0003677', 'GO_0005737', 'GO_0045892', 'GO_0000156', 'GO_0005524', 'GO_0016887', 'GO_0019629', 'GO_0009314', 'GO_0006355', 'GO_0043565', 'GO_0045893', 'GO_0000160'}"
b0331,"{'GO_0046872', 'GO_0046421', 'GO_0016829', 'GO_0019629', 'GO_0000287', 'GO_0016833'}"
b0333,"{'GO_0019679', 'GO_0016740', 'GO_0005737', 'GO_0050440', 'GO_0046912', 'GO_0042803', 'GO_0004108', 'GO_0036440', 'GO_0006099'}"
b0334,"{'GO_0003994', 'GO_0019679', 'GO_0047547', 'GO_0016829', 'GO_0051537', 'GO_0006099'}"
b0335,"{'GO_0016874', 'GO_0005524', 'GO_0019629', 'GO_0050218', 'GO_0016877'}"
b0336,"{'GO_0005886', 'GO_1902600', 'GO_0016020', 'GO_0015856', 'GO_0015209', 'GO_0055085', 'GO_0015295', 'GO_0019858'}"
b0337,"{'GO_0016810', 'GO_0042802', 'GO_0046872', 'GO_0004131', 'GO_0008198', 'GO_0008270', 'GO_0006209', 'GO_0005829', 'GO_0016787', 'GO_0035888', 'GO_0019858'}"
b0338,"{'GO_0003700', 'GO_0006355', 'GO_0003677', 'GO_0005737'}"
b0339,"{'GO_0042802', 'GO_0009440', 'GO_0005737', 'GO_0015976', 'GO_0046872', 'GO_0016829', 'GO_0008270', 'GO_0004089'}"
b0340,"{'GO_0009440', 'GO_0003677', 'GO_0016829', 'GO_0009439', 'GO_0008824'}"
b0341,"{'GO_0005886', 'GO_0016020', 'GO_0009440', 'GO_0055085', 'GO_0022857'}"
b0342,"{'GO_0016407', 'GO_0042802', 'GO_0005737', 'GO_0016746', 'GO_0005989', 'GO_0008870', 'GO_0016747'}"
b0343,"{'GO_0005886', 'GO_1902600', 'GO_0015767', 'GO_0016020', 'GO_0034219', 'GO_0015293', 'GO_0005515', 'GO_0030395', 'GO_0055085', 'GO_0005351', 'GO_0015528', 'GO_0008643'}"
b0344,"{'GO_0042802', 'GO_0004565', 'GO_0005975', 'GO_0046872', 'GO_0016798', 'GO_0005990', 'GO_0031420', 'GO_0000287', 'GO_0030246', 'GO_0009341', 'GO_0009056'}"
b0345,"{'GO_0001217', 'GO_0042802', 'GO_0003677', 'GO_0045892', 'GO_0006355', 'GO_0005829', 'GO_0000987'}"
b0346,"{'GO_0009056', 'GO_0003677', 'GO_0006355'}"
b0347,"{'GO_0042802', 'GO_0008688', 'GO_0016491', 'GO_0019380', 'GO_0071949', 'GO_0019622', 'GO_0009056'}"
b0349,"{'GO_0052823', 'GO_0005737', 'GO_0009056', 'GO_0019380', 'GO_0019622', 'GO_0042803', 'GO_0016787', 'GO_0018771'}"
b0350,"{'GO_0042802', 'GO_0005737', 'GO_0008684', 'GO_0019380', 'GO_0016829', 'GO_0030145', 'GO_0009056'}"
b0351,"{'GO_0051287', 'GO_0005515', 'GO_0016491', 'GO_0008774', 'GO_0019380', 'GO_0009056'}"
b0352,"{'GO_0005515', 'GO_0003824', 'GO_0046872', 'GO_0016829', 'GO_0019380', 'GO_0030145', 'GO_0008701', 'GO_0009056'}"
b0353,"{'GO_0005886', 'GO_0016020', 'GO_0015540', 'GO_0015293', 'GO_0055085', 'GO_0022857', 'GO_0015731', 'GO_0042920'}"
b0354,{'GO_0005829'}
b0355,"{'GO_0016788', 'GO_0046294', 'GO_0052689', 'GO_0018738', 'GO_0046292'}"
b0356,"{'GO_0044281', 'GO_0051903', 'GO_0042802', 'GO_0016616', 'GO_0005737', 'GO_0046872', 'GO_0016491', 'GO_0106322', 'GO_0106321', 'GO_0008270', 'GO_0046294', 'GO_0080007', 'GO_0005829', 'GO_0004022'}"
b0357,"{'GO_0003677', 'GO_0005737', 'GO_0046872', 'GO_0045892', 'GO_0006355'}"
b0358,{'GO_0009279'}
b0360,"{'GO_0006310', 'GO_0003677', 'GO_0004803', 'GO_0032196', 'GO_0006313'}"
b0361,"{'GO_0006310', 'GO_0003677', 'GO_0015074', 'GO_0003676', 'GO_0032196'}"
b0363,"{'GO_0016757', 'GO_0006974', 'GO_0016874'}"
b0364,{'GO_0016787'}
b0365,"{'GO_0016020', 'GO_0042597', 'GO_0055052', 'GO_0030288', 'GO_0009970', 'GO_0043190', 'GO_0055085', 'GO_0010438', 'GO_0015734', 'GO_0022857'}"
b0366,"{'GO_0005886', 'GO_0016020', 'GO_0015411', 'GO_0055052', 'GO_0005524', 'GO_0016887', 'GO_0010438', 'GO_0015734'}"
b0367,"{'GO_0005886', 'GO_0016020', 'GO_0055052', 'GO_0055085', 'GO_0010438', 'GO_0015734'}"
b0368,"{'GO_0006790', 'GO_0031418', 'GO_1990205', 'GO_0000908', 'GO_0042802', 'GO_0051213', 'GO_0051289', 'GO_0005737', 'GO_0046872', 'GO_0008198', 'GO_0016491', 'GO_0019529'}"
b0369,"{'GO_0006783', 'GO_0033014', 'GO_0006782', 'GO_0046872', 'GO_0004655', 'GO_0016829', 'GO_0000287', 'GO_0008270', 'GO_0005829'}"
b0372,"{'GO_0006310', 'GO_0003677', 'GO_0015074', 'GO_0003676', 'GO_0032196'}"
b0373,"{'GO_0006310', 'GO_0003677', 'GO_0004803', 'GO_0032196', 'GO_0006313'}"
b0375,{'GO_0006979'}
b0376,"{'GO_0005886', 'GO_0008360', 'GO_0008658', 'GO_0004180', 'GO_0004175', 'GO_0006508', 'GO_0071555', 'GO_0009253'}"
b0377,"{'GO_0005886', 'GO_0015291', 'GO_0016020', 'GO_0042884', 'GO_0015031', 'GO_0005524', 'GO_0055085', 'GO_0015638', 'GO_0042803', 'GO_0042885', 'GO_0015833', 'GO_0046677', 'GO_1904680'}"
b0378,"{'GO_1901652', 'GO_0031240', 'GO_0005829'}"
b0379,"{'GO_0005886', 'GO_0016020'}"
b0380,{'GO_0005886'}
b0381,"{'GO_0010165', 'GO_0016874', 'GO_0008360', 'GO_0005737', 'GO_0003824', 'GO_0046872', 'GO_0005524', 'GO_0008716', 'GO_0005829', 'GO_0009252', 'GO_0071555'}"
b0382,"{'GO_0009267', 'GO_0042177', 'GO_0005515', 'GO_0005737', 'GO_0045893', 'GO_0016036', 'GO_0043856'}"
b0383,"{'GO_0042597', 'GO_0005515', 'GO_0030288', 'GO_0016791', 'GO_0004721', 'GO_0046872', 'GO_0030613', 'GO_0000287', 'GO_0006470', 'GO_0008270', 'GO_0033748', 'GO_0004035', 'GO_0016787'}"
b0385,"{'GO_0005886', 'GO_0005525', 'GO_0042802', 'GO_0016740', 'GO_0005515', 'GO_0046872', 'GO_2001008', 'GO_0052621'}"
b0386,"{'GO_0042802', 'GO_0006561', 'GO_0005737', 'GO_0004735', 'GO_0016491', 'GO_0055129', 'GO_0005829'}"
b0387,{'GO_0005515'}
b0388,"{'GO_0016310', 'GO_0005737', 'GO_0004765', 'GO_0046872', 'GO_0005524', 'GO_0009423', 'GO_0019752', 'GO_0009073', 'GO_0000287', 'GO_0016301', 'GO_0008652'}"
b0390,{'GO_0016855'}
b0391,"{'GO_0016757', 'GO_0047847', 'GO_0016154', 'GO_0047975', 'GO_0042803', 'GO_0009032', 'GO_0005829', 'GO_0004850', 'GO_0004731'}"
b0393,"{'GO_0003697', 'GO_0000018', 'GO_0009295', 'GO_0006310', 'GO_0005737', 'GO_0043590', 'GO_0005829', 'GO_0003690'}"
b0394,"{'GO_0019158', 'GO_0016310', 'GO_0046835', 'GO_0003824', 'GO_0005524', 'GO_0008865', 'GO_0005829', 'GO_0016301'}"
b0396,"{'GO_0005886', 'GO_0055085', 'GO_0016020', 'GO_0022857'}"
b0397,"{'GO_0006260', 'GO_0006310', 'GO_0005515', 'GO_0004527', 'GO_0004519', 'GO_0005524', 'GO_0006274', 'GO_0006281', 'GO_0006302', 'GO_0016887', 'GO_1990238', 'GO_0008296', 'GO_0004529', 'GO_1990391', 'GO_0000014'}"
b0398,"{'GO_0006260', 'GO_0006310', 'GO_0005515', 'GO_0004527', 'GO_1990391', 'GO_0004519', 'GO_0006274', 'GO_0006281', 'GO_0016787', 'GO_1990238', 'GO_0008408', 'GO_0004529', 'GO_0006259', 'GO_0000014'}"
b0399,"{'GO_0042802', 'GO_0003677', 'GO_0001108', 'GO_0005737', 'GO_0006817', 'GO_0000156', 'GO_2000142', 'GO_0006355', 'GO_0000160'}"
b0400,"{'GO_0000155', 'GO_0005886', 'GO_0016020', 'GO_0016310', 'GO_0005515', 'GO_0006817', 'GO_0004721', 'GO_0005524', 'GO_0004673', 'GO_0006355', 'GO_0005829', 'GO_0016301', 'GO_0000160', 'GO_0016036', 'GO_0007165', 'GO_0018106'}"
b0401,"{'GO_0005886', 'GO_0015820', 'GO_0006865', 'GO_0016020', 'GO_1902475', 'GO_0005515', 'GO_0015190', 'GO_0015818', 'GO_0015658', 'GO_0015188', 'GO_0005304', 'GO_0015829', 'GO_1903785', 'GO_0015803'}"
b0402,"{'GO_0005886', 'GO_0006865', 'GO_0016020', 'GO_0055085'}"
b0403,"{'GO_0004558', 'GO_0005975', 'GO_0005737', 'GO_0000023', 'GO_0016798', 'GO_0030980', 'GO_0042803'}"
b0404,"{'GO_0006633', 'GO_0008770', 'GO_0016787'}"
b0405,"{'GO_0008616', 'GO_0016740', 'GO_0005737', 'GO_0006400', 'GO_0002099', 'GO_0009314', 'GO_0051075', 'GO_0005829', 'GO_0016853'}"
b0406,"{'GO_0016757', 'GO_0008616', 'GO_0008479', 'GO_0046872', 'GO_0006400', 'GO_0101030', 'GO_0002099', 'GO_0008270', 'GO_0005829', 'GO_0008033'}"
b0407,"{'GO_0005886', 'GO_0016020', 'GO_0005515', 'GO_0015031', 'GO_0043952', 'GO_0031522', 'GO_0032978'}"
b0408,"{'GO_0005886', 'GO_0006605', 'GO_0016020', 'GO_0005515', 'GO_0015031', 'GO_0015450', 'GO_0043952', 'GO_0031522', 'GO_0065002', 'GO_0032978', 'GO_0006886'}"
b0409,"{'GO_0005886', 'GO_0006605', 'GO_0016020', 'GO_0015031', 'GO_0015450', 'GO_0043952', 'GO_0031522', 'GO_0065002', 'GO_0032978', 'GO_0006886'}"
b0410,"{'GO_0004518', 'GO_0004519', 'GO_0008270', 'GO_0003676', 'GO_0005829'}"
b0411,"{'GO_0046930', 'GO_0005337', 'GO_0046718', 'GO_0055085', 'GO_0015471', 'GO_0015288', 'GO_1901642', 'GO_0009279', 'GO_0006811', 'GO_0015858'}"
b0412,{'GO_0005886'}
b0413,"{'GO_0003677', 'GO_0046872', 'GO_0045892', 'GO_0005524', 'GO_0008270', 'GO_0003690'}"
b0414,"{'GO_0005515', 'GO_0046872', 'GO_0016491', 'GO_0050661', 'GO_0008703', 'GO_0008270', 'GO_0009231', 'GO_0016787', 'GO_0008835'}"
b0416,"{'GO_0005515', 'GO_0042254', 'GO_0003723', 'GO_0006353', 'GO_0031564', 'GO_0006355', 'GO_0005829', 'GO_0032784'}"
b0417,"{'GO_0009228', 'GO_0009030', 'GO_0009229', 'GO_0016310', 'GO_0046872', 'GO_0005524', 'GO_0000287', 'GO_0016301'}"
b0418,"{'GO_0005886', 'GO_0008962', 'GO_0042577', 'GO_0046872', 'GO_0046839', 'GO_0046474', 'GO_0006655', 'GO_0032026', 'GO_0006629', 'GO_0016787', 'GO_0009395'}"
b0419,"{'GO_1902767', 'GO_0016491', 'GO_0006772', 'GO_0005829'}"
b0420,"{'GO_0009228', 'GO_0019288', 'GO_1901135', 'GO_0019637', 'GO_0016740', 'GO_0006744', 'GO_0016114', 'GO_0046872', 'GO_0016744', 'GO_0030976', 'GO_0008661', 'GO_0008615', 'GO_0000287', 'GO_0042803', 'GO_0006796', 'GO_0008299', 'GO_0005829', 'GO_0052865'}"
b0421,"{'GO_0004659', 'GO_0005515', 'GO_0005737', 'GO_0016740', 'GO_0046872', 'GO_0005829', 'GO_0033384', 'GO_0045337', 'GO_0008299', 'GO_0004161', 'GO_0004337'}"
b0422,"{'GO_0005515', 'GO_0005737', 'GO_0004527', 'GO_0005829', 'GO_0009318', 'GO_0006298', 'GO_0008855', 'GO_0006308'}"
b0423,"{'GO_0005524', 'GO_0000049', 'GO_0016783', 'GO_0097163', 'GO_0005829', 'GO_0009589', 'GO_0052837', 'GO_0016740', 'GO_0005515', 'GO_0002937', 'GO_0009228', 'GO_0005737', 'GO_0019448', 'GO_0003723', 'GO_1990221', 'GO_0004810', 'GO_1990228', 'GO_0009229', 'GO_0034227', 'GO_0140741'}"
b0424,"{'GO_0009228', 'GO_0009408', 'GO_0042254', 'GO_0036524', 'GO_0030091', 'GO_0034599', 'GO_0006281', 'GO_0042026', 'GO_0042803', 'GO_0005829', 'GO_0016787'}"
b0425,"{'GO_0016616', 'GO_0005737', 'GO_0008677', 'GO_0016491', 'GO_0050661', 'GO_0015940'}"
b0426,"{'GO_0005525', 'GO_0042542', 'GO_0005515', 'GO_0000166', 'GO_0005524', 'GO_0000049', 'GO_0005829', 'GO_0006974'}"
b0427,"{'GO_0005886', 'GO_0055085', 'GO_0016020', 'GO_0022857'}"
b0428,"{'GO_0005886', 'GO_0006783', 'GO_0016020', 'GO_0016740', 'GO_0008495', 'GO_0048034'}"
b0429,"{'GO_0005886', 'GO_0016020', 'GO_0005515', 'GO_0009319', 'GO_0009055', 'GO_0015990', 'GO_0016491', 'GO_0015078', 'GO_0015453', 'GO_0019646', 'GO_0009486', 'GO_0009060'}"
b0430,"{'GO_0005886', 'GO_0016020', 'GO_0005515', 'GO_0009319', 'GO_0009055', 'GO_0015990', 'GO_0016491', 'GO_0004129', 'GO_0015078', 'GO_0015453', 'GO_0019646', 'GO_0009486', 'GO_0009060'}"
b0431,"{'GO_0005886', 'GO_1902600', 'GO_0016020', 'GO_0020037', 'GO_0005515', 'GO_0009319', 'GO_0009055', 'GO_0015990', 'GO_0046872', 'GO_0005507', 'GO_0004129', 'GO_0015078', 'GO_0015453', 'GO_0016682', 'GO_0019646', 'GO_0009486', 'GO_0048039', 'GO_0009060'}"
b0432,"{'GO_0005886', 'GO_0016020', 'GO_0009319', 'GO_0009055', 'GO_0015990', 'GO_0016491', 'GO_0005507', 'GO_0004129', 'GO_0015078', 'GO_0015453', 'GO_0016682', 'GO_0019646', 'GO_0009486', 'GO_0009060', 'GO_0022900'}"
b0433,"{'GO_0005886', 'GO_0016020', 'GO_0015293', 'GO_0009254', 'GO_0015835', 'GO_0055085', 'GO_0022857', 'GO_0015647', 'GO_0071555'}"
b0434,{'GO_0005886'}
b0435,"{'GO_0003677', 'GO_0045454', 'GO_0005515', 'GO_0016226', 'GO_0006351', 'GO_1990229', 'GO_0006879', 'GO_0005829'}"
b0436,"{'GO_0051083', 'GO_0043335', 'GO_0044183', 'GO_0009408', 'GO_0016020', 'GO_0042802', 'GO_0005515', 'GO_0005737', 'GO_0015031', 'GO_0051301', 'GO_1990169', 'GO_0006457', 'GO_0043022', 'GO_0005829', 'GO_0003755', 'GO_0061077'}"
b0437,"{'GO_0009408', 'GO_0010498', 'GO_0016020', 'GO_0042802', 'GO_0051117', 'GO_0005515', 'GO_0005737', 'GO_0043068', 'GO_0009266', 'GO_0004252', 'GO_0008236', 'GO_0009314', 'GO_0009368', 'GO_0006508', 'GO_0006515', 'GO_0005829', 'GO_0004176', 'GO_0009376'}"
b0438,"{'GO_0051082', 'GO_0042802', 'GO_0005524', 'GO_0030164', 'GO_0005829', 'GO_0002020', 'GO_0005515', 'GO_0046983', 'GO_0046872', 'GO_0009368', 'GO_0004176', 'GO_0009376', 'GO_0043335', 'GO_0140662', 'GO_0051301', 'GO_0097718', 'GO_0016887', 'GO_0006457', 'GO_0008270'}"
b0439,"{'GO_0009408', 'GO_0010165', 'GO_0003677', 'GO_0034605', 'GO_0005515', 'GO_0005737', 'GO_0005524', 'GO_0016887', 'GO_0004252', 'GO_0043565', 'GO_0008236', 'GO_0030163', 'GO_0008233', 'GO_0006508', 'GO_0006515', 'GO_0005829', 'GO_0004176'}"
b0440,"{'GO_0006270', 'GO_0036386', 'GO_1990178', 'GO_0042802', 'GO_0003677', 'GO_0030527', 'GO_0005515', 'GO_1990103', 'GO_0006281', 'GO_0030261', 'GO_0006351', 'GO_0005829'}"
b0441,"{'GO_0005886', 'GO_0042802', 'GO_0005515', 'GO_0003755', 'GO_0061077'}"
b0442,"{'GO_0030288', 'GO_0003677', 'GO_0006281'}"
b0443,"{'GO_0016790', 'GO_0006635', 'GO_0016787', 'GO_0047617'}"
b0444,"{'GO_0016874', 'GO_0008616', 'GO_0005515', 'GO_0046872', 'GO_0005524', 'GO_0008270', 'GO_0016879'}"
b0445,{'GO_0055085'}
b0446,"{'GO_0009228', 'GO_0002145', 'GO_0017110', 'GO_0046872', 'GO_0016791', 'GO_0000287', 'GO_0016818', 'GO_0016787', 'GO_0017001'}"
b0447,"{'GO_2000144', 'GO_0009093', 'GO_0003677', 'GO_0043565'}"
b0448,"{'GO_0005886', 'GO_0016020', 'GO_0008559', 'GO_0005524', 'GO_0016887', 'GO_0055085', 'GO_0046618', 'GO_0140359'}"
b0449,"{'GO_0005886', 'GO_0006869', 'GO_0016020', 'GO_0008559', 'GO_0005524', 'GO_0016887', 'GO_0055085', 'GO_0046618', 'GO_0140359'}"
b0450,"{'GO_0005886', 'GO_0042802', 'GO_0045848', 'GO_0006808', 'GO_0005515', 'GO_0005737', 'GO_0030234', 'GO_0005524'}"
b0451,"{'GO_0005886', 'GO_0016020', 'GO_0008519', 'GO_0042802', 'GO_0005515', 'GO_0015670', 'GO_0072488'}"
b0452,"{'GO_0042802', 'GO_0006637', 'GO_0009062', 'GO_0042803', 'GO_0047617', 'GO_0005829', 'GO_0006629', 'GO_0016787'}"
b0453,"{'GO_0005515', 'GO_0005886'}"
b0454,"{'GO_0003677', 'GO_0005515', 'GO_0003684', 'GO_0003824', 'GO_0006281', 'GO_0006974'}"
b0457,"{'GO_0005886', 'GO_0030288', 'GO_0071111', 'GO_0005829', 'GO_0016787'}"
b0458,{'GO_0005886'}
b0459,"{'GO_0016407', 'GO_0042802', 'GO_0008925', 'GO_0016746', 'GO_0032991', 'GO_0016747'}"
b0460,"{'GO_0005667', 'GO_0003677', 'GO_0005515', 'GO_0010468', 'GO_0006355', 'GO_0005829', 'GO_0097495'}"
b0461,"{'GO_0005737', 'GO_0044010', 'GO_0003677'}"
b0462,"{'GO_0042908', 'GO_0042802', 'GO_0098567', 'GO_0042930', 'GO_0009636', 'GO_0015721', 'GO_0015908', 'GO_0009410', 'GO_0140330', 'GO_0005515', 'GO_1990281', 'GO_0015567', 'GO_0042931', 'GO_0015895', 'GO_0055085', 'GO_0046677', 'GO_0005886', 'GO_0015562', 'GO_0016020', 'GO_0015125', 'GO_0042910'}"
b0463,"{'GO_0042908', 'GO_0042802', 'GO_0098567', 'GO_0009636', 'GO_0022857', 'GO_0015721', 'GO_0015908', 'GO_0009410', 'GO_0140330', 'GO_0005515', 'GO_1990281', 'GO_0015567', 'GO_0030288', 'GO_0015895', 'GO_0055085', 'GO_0046677', 'GO_0005886', 'GO_0016020', 'GO_0015125'}"
b0464,"{'GO_0003700', 'GO_0003677', 'GO_0005515', 'GO_0045892', 'GO_0015643', 'GO_0000976', 'GO_0043565', 'GO_0009410'}"
b0465,"{'GO_0005886', 'GO_0034220', 'GO_0016020', 'GO_0008381', 'GO_0055085', 'GO_0006813', 'GO_0022857', 'GO_0035864', 'GO_0009992'}"
b0466,{'GO_0036460'}
b0467,"{'GO_0006270', 'GO_0003677', 'GO_0005515', 'GO_0006261', 'GO_0031297', 'GO_1990159', 'GO_1990160', 'GO_1990077', 'GO_0006269', 'GO_0006268'}"
b0468,{'GO_0005886'}
b0469,"{'GO_0009116', 'GO_0016757', 'GO_0044209', 'GO_0005737', 'GO_0006168', 'GO_0000287', 'GO_0042803', 'GO_0005829', 'GO_0006166', 'GO_0003999'}"
b0470,"{'GO_0043846', 'GO_0006260', 'GO_0042802', 'GO_0003677', 'GO_0009360', 'GO_0005515', 'GO_0046872', 'GO_0003887', 'GO_0006261', 'GO_0075523', 'GO_0005524', 'GO_0016887', 'GO_0071897', 'GO_0030894'}"
b0471,"{'GO_0009295', 'GO_0003677', 'GO_0005515', 'GO_0005737', 'GO_0009314', 'GO_0043590', 'GO_0006950', 'GO_0005829'}"
b0472,"{'GO_0009411', 'GO_0003677', 'GO_0006310', 'GO_0005515', 'GO_0046872', 'GO_0006281', 'GO_0000731', 'GO_0000725'}"
b0473,"{'GO_0005886', 'GO_0043093', 'GO_0044183', 'GO_0009408', 'GO_0042802', 'GO_0051082', 'GO_0140662', 'GO_0005515', 'GO_0005737', 'GO_0005524', 'GO_0016887', 'GO_0006457', 'GO_0042803', 'GO_0005829', 'GO_0006974', 'GO_0051087'}"
b0474,"{'GO_0016310', 'GO_0046940', 'GO_0044209', 'GO_0004550', 'GO_0005515', 'GO_0005737', 'GO_0050145', 'GO_0005524', 'GO_0009165', 'GO_0000287', 'GO_0016208', 'GO_0006172', 'GO_0015951', 'GO_0005829', 'GO_0016301', 'GO_0006139', 'GO_0004017'}"
b0475,"{'GO_0009416', 'GO_0006783', 'GO_0004325', 'GO_0005737', 'GO_0046872', 'GO_0016829', 'GO_0046501'}"
b0476,"{'GO_0005515', 'GO_0005737', 'GO_0008126', 'GO_0042803', 'GO_0034338', 'GO_0052689', 'GO_0016787'}"
b0477,"{'GO_0016310', 'GO_0097216', 'GO_0005515', 'GO_0016772', 'GO_0005524', 'GO_0016301', 'GO_0032263', 'GO_0008906', 'GO_0106366', 'GO_0032264', 'GO_0006166'}"
b0478,"{'GO_0005886', 'GO_0008324', 'GO_1902600', 'GO_0016020', 'GO_0015297', 'GO_0000166', 'GO_0006813', 'GO_0006811'}"
b0479,"{'GO_0005886', 'GO_0055085', 'GO_0046677', 'GO_0022857', 'GO_0006974'}"
b0480,"{'GO_0008252', 'GO_0106411', 'GO_0042597', 'GO_0009166', 'GO_0030288', 'GO_0008253', 'GO_0046872', 'GO_0000166', 'GO_0008768', 'GO_0016788', 'GO_0016787'}"
b0481,"{'GO_0010165', 'GO_0005515', 'GO_0005737', 'GO_0106074', 'GO_0016829', 'GO_0043906', 'GO_0006412', 'GO_0043907', 'GO_0005829', 'GO_0002161'}"
b0483,{'GO_0003677'}
b0484,"{'GO_0005886', 'GO_0016020', 'GO_0006812', 'GO_0019829', 'GO_0035434', 'GO_0005737', 'GO_0046872', 'GO_0075523', 'GO_0098655', 'GO_0005524', 'GO_0016887', 'GO_0055085', 'GO_0140581', 'GO_0006825', 'GO_0015662'}"
b0485,"{'GO_0006541', 'GO_0032991', 'GO_0045926', 'GO_0004359', 'GO_0010447', 'GO_0016787'}"
b0486,"{'GO_0005886', 'GO_0006865', 'GO_0016020', 'GO_0009268', 'GO_0055085', 'GO_0022857', 'GO_1990169'}"
b0487,"{'GO_0003700', 'GO_0042802', 'GO_0003677', 'GO_0005737', 'GO_0046872', 'GO_0001216', 'GO_0032993', 'GO_0005507', 'GO_0006351', 'GO_0000976', 'GO_0045893', 'GO_0000987'}"
b0488,{'GO_0005886'}
b0489,"{'GO_0005886', 'GO_0016020', 'GO_0042802', 'GO_0005515', 'GO_0005829'}"
b0490,"{'GO_0005886', 'GO_0016020', 'GO_0005515', 'GO_0043190', 'GO_0005524', 'GO_0016887', 'GO_0006826', 'GO_0005315', 'GO_0006879', 'GO_0035435'}"
b0491,"{'GO_0005886', 'GO_0043190', 'GO_0006879', 'GO_0006826'}"
b0492,"{'GO_0051082', 'GO_0005515', 'GO_0034599', 'GO_0042026', 'GO_0036506', 'GO_0006950', 'GO_0005829', 'GO_0061077'}"
b0493,"{'GO_0016491', 'GO_0008106'}"
b0494,"{'GO_0042597', 'GO_0042802', 'GO_0052816', 'GO_0004622', 'GO_0030288', 'GO_0004064', 'GO_0016297', 'GO_0016788', 'GO_0008233', 'GO_0006508', 'GO_0047617', 'GO_0016298', 'GO_0006629'}"
b0495,"{'GO_0005524', 'GO_0016887'}"
b0496,"{'GO_0005886', 'GO_0016020'}"
b0497,{'GO_0010438'}
b0503,"{'GO_0016740', 'GO_0070329', 'GO_0002098', 'GO_0043828', 'GO_0016765'}"
b0504,"{'GO_0003700', 'GO_0003677', 'GO_0045893', 'GO_0043565', 'GO_0006355'}"
b0505,"{'GO_0006145', 'GO_0000256', 'GO_0050385', 'GO_0016829', 'GO_0004848', 'GO_0006144'}"
b0506,"{'GO_0003700', 'GO_0042802', 'GO_0003677', 'GO_0005515', 'GO_0045892', 'GO_0006355', 'GO_0005829', 'GO_0006974'}"
b0507,"{'GO_0009028', 'GO_0042802', 'GO_0046296', 'GO_0016829', 'GO_0030976', 'GO_0019752', 'GO_0071949', 'GO_0000287', 'GO_0009436'}"
b0508,"{'GO_0008903', 'GO_0046487', 'GO_0042803', 'GO_0016853'}"
b0509,"{'GO_0051287', 'GO_0009442', 'GO_0046296', 'GO_0016616', 'GO_0016491', 'GO_0050661', 'GO_0016054', 'GO_0008679', 'GO_0046487', 'GO_0006974', 'GO_0009436'}"
b0511,"{'GO_0005886', 'GO_0016020', 'GO_0015293', 'GO_0015720', 'GO_0055085', 'GO_0071705', 'GO_0022857', 'GO_0006144'}"
b0512,"{'GO_0009442', 'GO_0000256', 'GO_0050897', 'GO_0005737', 'GO_0046872', 'GO_0004038', 'GO_0008270', 'GO_0016787', 'GO_0006144'}"
b0513,"{'GO_0005886', 'GO_0016020', 'GO_0055085', 'GO_0022857', 'GO_0015205'}"
b0514,"{'GO_0043798', 'GO_0016310', 'GO_0046296', 'GO_0008887', 'GO_0031388', 'GO_0005524', 'GO_0016301', 'GO_0009436'}"
b0515,"{'GO_0005737', 'GO_0046872', 'GO_0071522', 'GO_0030145', 'GO_0016787', 'GO_0006144'}"
b0516,"{'GO_0009442', 'GO_0000256', 'GO_0005737', 'GO_0046872', 'GO_0030145', 'GO_0047652', 'GO_0008270', 'GO_0042803', 'GO_0016787', 'GO_0006144'}"
b0517,"{'GO_0009442', 'GO_0000256', 'GO_0005737', 'GO_0016491', 'GO_0009040', 'GO_0006144'}"
b0518,"{'GO_0005886', 'GO_0003824', 'GO_0071973'}"
b0521,"{'GO_0009442', 'GO_0016310', 'GO_0008804', 'GO_0005737', 'GO_0005524', 'GO_0006525', 'GO_0016301'}"
b0522,"{'GO_0016874', 'GO_0006164', 'GO_0034028', 'GO_0046872', 'GO_0005524', 'GO_0006189', 'GO_0005829', 'GO_0004638'}"
b0523,"{'GO_0034023', 'GO_0042802', 'GO_0006164', 'GO_0003824', 'GO_0005829', 'GO_0006189', 'GO_0016853'}"
b0525,"{'GO_0005515', 'GO_0005737', 'GO_0006457', 'GO_0000413', 'GO_0005829', 'GO_0003755', 'GO_0061077'}"
b0526,"{'GO_0016874', 'GO_0005737', 'GO_0046872', 'GO_0005524', 'GO_0008270', 'GO_0006412', 'GO_0005829', 'GO_0006423', 'GO_0004817', 'GO_0004812'}"
b0527,{'GO_0005886'}
b0528,"{'GO_0006412', 'GO_0003723', 'GO_0005829'}"
b0529,"{'GO_0006164', 'GO_0035999', 'GO_0016491', 'GO_0006730', 'GO_0004488', 'GO_0000105', 'GO_0042803', 'GO_0004477', 'GO_0005829', 'GO_0009086', 'GO_0016787'}"
b0530,"{'GO_0007155', 'GO_0009289'}"
b0531,"{'GO_0030288', 'GO_0042597', 'GO_0071555', 'GO_0061077'}"
b0532,"{'GO_0015473', 'GO_0016020', 'GO_0055085', 'GO_0009297', 'GO_0009279'}"
b0533,"{'GO_0009289', 'GO_0007155', 'GO_0005537'}"
b0534,"{'GO_0007155', 'GO_0009289'}"
b0535,"{'GO_0005737', 'GO_0000160', 'GO_0003677', 'GO_0006355'}"
b0537,"{'GO_0006310', 'GO_0003677', 'GO_0046718', 'GO_0015074', 'GO_0008979', 'GO_0044826', 'GO_0005829', 'GO_0075713'}"
b0540,"{'GO_0006310', 'GO_0003677', 'GO_0004803', 'GO_0032196', 'GO_0006313'}"
b0541,"{'GO_0006310', 'GO_0003677', 'GO_0015074', 'GO_0003676', 'GO_0032196'}"
b0543,"{'GO_0005886', 'GO_1990961', 'GO_0042908', 'GO_0006970', 'GO_0016020', 'GO_0031460', 'GO_0042802', 'GO_0071466', 'GO_1990207', 'GO_0015871', 'GO_0006805', 'GO_0015297', 'GO_0022857', 'GO_0015220', 'GO_0015199', 'GO_0042910', 'GO_0006974', 'GO_0009410'}"
b0544,"{'GO_0006310', 'GO_0000150', 'GO_0003677'}"
b0545,"{'GO_0030288', 'GO_0004857', 'GO_0042597'}"
b0546,"{'GO_0003700', 'GO_0003677', 'GO_0046677', 'GO_0006355', 'GO_0043565', 'GO_0006974'}"
b0547,"{'GO_0003697', 'GO_0000405', 'GO_0005515'}"
b0549,"{'GO_0046872', 'GO_0004518'}"
b0550,"{'GO_0006310', 'GO_0046872', 'GO_0004519', 'GO_0006281', 'GO_0000287', 'GO_0042803', 'GO_0000400', 'GO_0008821'}"
b0551,"{'GO_0031564', 'GO_0044010', 'GO_0003677', 'GO_0060567'}"
b0552,"{'GO_0006310', 'GO_0003677', 'GO_0004803', 'GO_0032196', 'GO_0006313'}"
b0553,"{'GO_0046930', 'GO_0015288', 'GO_0009279', 'GO_0006811', 'GO_0034220'}"
b0554,"{'GO_0005886', 'GO_0031640', 'GO_0044659', 'GO_0001907', 'GO_0140911'}"
b0555,"{'GO_0003796', 'GO_0031640', 'GO_0044659', 'GO_0009253', 'GO_0016798', 'GO_0042742', 'GO_0016998'}"
b0556,"{'GO_0031640', 'GO_0044659', 'GO_0008233', 'GO_0006508', 'GO_0042742'}"
b0557,"{'GO_0005886', 'GO_0071286'}"
b0564,"{'GO_0003700', 'GO_0010165', 'GO_0003677', 'GO_0006355', 'GO_0043565', 'GO_0045893', 'GO_0016036'}"
b0565,"{'GO_0004190', 'GO_0004252', 'GO_0006508', 'GO_0004175', 'GO_0009279'}"
b0566,"{'GO_0003700', 'GO_0016020', 'GO_0003677', 'GO_0009266', 'GO_0006355', 'GO_0043565'}"
b0567,"{'GO_0032940', 'GO_0009279'}"
b0568,"{'GO_0032940', 'GO_0046813', 'GO_0009279'}"
b0569,"{'GO_0005886', 'GO_0016757', 'GO_0005515', 'GO_0035438', 'GO_0045226'}"
b0570,"{'GO_0000155', 'GO_0005886', 'GO_0071280', 'GO_0016020', 'GO_0016310', 'GO_0030288', 'GO_0046872', 'GO_0005524', 'GO_0004673', 'GO_0071292', 'GO_0005829', 'GO_0016301', 'GO_0000160', 'GO_0007165', 'GO_0018106'}"
b0571,"{'GO_0042802', 'GO_0003677', 'GO_0005737', 'GO_0046688', 'GO_0006355', 'GO_0000160'}"
b0572,"{'GO_0060003', 'GO_0042802', 'GO_0046930', 'GO_0009636', 'GO_0006811', 'GO_0005515', 'GO_0009279', 'GO_0070207', 'GO_0010273', 'GO_0006878', 'GO_0035434', 'GO_0055085', 'GO_1902601', 'GO_0010272', 'GO_0015288', 'GO_0019992', 'GO_0005375', 'GO_0015562', 'GO_0016020', 'GO_0046688', 'GO_0005507'}"
b0573,"{'GO_0060003', 'GO_0010273', 'GO_0042597', 'GO_0006878', 'GO_0035434', 'GO_0005515', 'GO_0030288', 'GO_0016531', 'GO_0046872', 'GO_0046688', 'GO_0005507', 'GO_0016530', 'GO_0009636', 'GO_1902601', 'GO_0010272', 'GO_0010043', 'GO_0046914'}"
b0574,"{'GO_0060003', 'GO_0009636', 'GO_0022857', 'GO_0005515', 'GO_0006825', 'GO_0015679', 'GO_0046914', 'GO_0010273', 'GO_0006878', 'GO_0035434', 'GO_0030288', 'GO_0046872', 'GO_0055085', 'GO_1902601', 'GO_0010272', 'GO_0005375', 'GO_0016020', 'GO_0046688', 'GO_0005507'}"
b0575,"{'GO_0042908', 'GO_0060003', 'GO_0006812', 'GO_0009636', 'GO_0005515', 'GO_0006825', 'GO_0015679', 'GO_0010273', 'GO_0006878', 'GO_0035434', 'GO_0015673', 'GO_0055085', 'GO_1902601', 'GO_0010272', 'GO_0005375', 'GO_0015080', 'GO_0005886', 'GO_0008324', 'GO_0016020', 'GO_0046688', 'GO_0005507'}"
b0576,"{'GO_0005886', 'GO_0006865', 'GO_0016020', 'GO_0055085', 'GO_0015823'}"
b0577,"{'GO_0005886', 'GO_0006970', 'GO_0016020', 'GO_0042802', 'GO_0008381', 'GO_0055085', 'GO_0071470', 'GO_0034220'}"
b0578,"{'GO_0046256', 'GO_0016020', 'GO_0042802', 'GO_0003955', 'GO_0016491', 'GO_0042803', 'GO_0005829', 'GO_0004155', 'GO_0010181'}"
b0580,{'GO_0005886'}
b0581,"{'GO_0016874', 'GO_0005524', 'GO_0016879', 'GO_0042803', 'GO_0004357', 'GO_0042398'}"
b0582,"{'GO_0006310', 'GO_0003677', 'GO_0004803', 'GO_0032196', 'GO_0006313'}"
b0583,"{'GO_0016020', 'GO_0009366', 'GO_0016740', 'GO_0008897', 'GO_0046872', 'GO_0000287', 'GO_0009239'}"
b0584,"{'GO_1903981', 'GO_0030313', 'GO_0016020', 'GO_0042914', 'GO_0033214', 'GO_0005515', 'GO_0015685', 'GO_0042912', 'GO_0015620', 'GO_0015343', 'GO_1902495', 'GO_0006826', 'GO_0015891', 'GO_0006879', 'GO_0019904', 'GO_0038023', 'GO_0009279', 'GO_0022834'}"
b0585,"{'GO_0005506', 'GO_0033214', 'GO_0005737', 'GO_0046214', 'GO_0006826', 'GO_0008849', 'GO_0016787'}"
b0586,"{'GO_0005886', 'GO_0016874', 'GO_0047527', 'GO_0009366', 'GO_0005737', 'GO_0003824', 'GO_0016740', 'GO_0043041', 'GO_0005524', 'GO_0044550', 'GO_0016779', 'GO_0009058', 'GO_0005829', 'GO_0031177', 'GO_0009239'}"
b0587,"{'GO_0005886', 'GO_0016020', 'GO_0015685', 'GO_0015620', 'GO_0006826'}"
b0588,"{'GO_0005886', 'GO_0016020', 'GO_0015685', 'GO_0055052', 'GO_0015620', 'GO_0005524', 'GO_0016887', 'GO_0006826', 'GO_0043190', 'GO_0033212'}"
b0589,"{'GO_0005886', 'GO_0016020', 'GO_0015685', 'GO_0055052', 'GO_0015620', 'GO_0055085', 'GO_0006826', 'GO_0022857', 'GO_0033212'}"
b0590,"{'GO_0005886', 'GO_0016020', 'GO_0015685', 'GO_0055052', 'GO_0015620', 'GO_0043190', 'GO_0055085', 'GO_0006826', 'GO_0022857', 'GO_0033212'}"
b0591,"{'GO_0005886', 'GO_0042930', 'GO_0046677', 'GO_0015891', 'GO_0042931', 'GO_0006974'}"
b0592,"{'GO_0016020', 'GO_0042597', 'GO_0015685', 'GO_0030288', 'GO_0055052', 'GO_0006826', 'GO_0033212', 'GO_0006974'}"
b0593,"{'GO_0008909', 'GO_0046872', 'GO_0009058', 'GO_0000287', 'GO_0016853', 'GO_0009239'}"
b0594,"{'GO_0016874', 'GO_0016020', 'GO_0019290', 'GO_0047527', 'GO_0005515', 'GO_0016746', 'GO_0005524', 'GO_0008668', 'GO_0005829', 'GO_0016877', 'GO_0009239'}"
b0595,"{'GO_0005886', 'GO_0016874', 'GO_0042802', 'GO_0047527', 'GO_0005515', 'GO_0005737', 'GO_0046872', 'GO_0000287', 'GO_0005829', 'GO_0016765', 'GO_0031177', 'GO_0016787', 'GO_0009239', 'GO_0008908'}"
b0597,"{'GO_0016790', 'GO_0042802', 'GO_0005515', 'GO_0005737', 'GO_0016788', 'GO_0005829', 'GO_0016787', 'GO_0009239', 'GO_0016289'}"
b0598,"{'GO_0005477', 'GO_0005886', 'GO_0016020', 'GO_0009267', 'GO_0015031', 'GO_0006849', 'GO_0015833'}"
b0599,"{'GO_0042802', 'GO_0016616', 'GO_0005515', 'GO_0046872', 'GO_0016491', 'GO_0047545', 'GO_0016614'}"
b0600,"{'GO_0005515', 'GO_0003824', 'GO_0005737', 'GO_0030170', 'GO_0008483', 'GO_0009058', 'GO_0042803', 'GO_0010326'}"
b0601,{'GO_0005515'}
b0602,{'GO_0003824'}
b0603,"{'GO_0003700', 'GO_0003677', 'GO_0006355'}"
b0604,"{'GO_0042597', 'GO_0030288', 'GO_0042803', 'GO_0003756', 'GO_0061077'}"
b0605,"{'GO_0016684', 'GO_0019290', 'GO_0016020', 'GO_0042802', 'GO_0033194', 'GO_0006979', 'GO_0005515', 'GO_0005737', 'GO_0042744', 'GO_0102039', 'GO_0009970', 'GO_0051920', 'GO_0009321', 'GO_0098869', 'GO_0004601', 'GO_0005829', 'GO_0032843', 'GO_0033195'}"
b0606,"{'GO_0051287', 'GO_0050660', 'GO_0016668', 'GO_0000302', 'GO_0006979', 'GO_0042744', 'GO_0016491', 'GO_0009321', 'GO_0071949', 'GO_0098869', 'GO_0005829', 'GO_0008785'}"
b0607,"{'GO_0070733', 'GO_0005515', 'GO_0005737', 'GO_1902021', 'GO_0006950', 'GO_0042803', 'GO_0004672', 'GO_0046940', 'GO_0004017'}"
b0608,"{'GO_0046872', 'GO_0016491', 'GO_0008270', 'GO_0016616'}"
b0610,"{'GO_0005515', 'GO_0070063', 'GO_0032784', 'GO_0003677'}"
b0611,"{'GO_0006401', 'GO_0042597', 'GO_0005737', 'GO_0030288', 'GO_0004519', 'GO_0003723', 'GO_0016829', 'GO_0033897', 'GO_0008847'}"
b0612,"{'GO_0005886', 'GO_0016020', 'GO_0015297', 'GO_0055085', 'GO_0022857'}"
b0613,"{'GO_0016310', 'GO_0016740', 'GO_0051191', 'GO_0005524', 'GO_0046917'}"
b0614,"{'GO_0016779', 'GO_0051191', 'GO_0050519'}"
b0615,"{'GO_0016740', 'GO_0005737', 'GO_0009346', 'GO_0016829', 'GO_0008814', 'GO_0006084', 'GO_0008815', 'GO_0006101'}"
b0616,"{'GO_0005737', 'GO_0008816', 'GO_0046872', 'GO_0009346', 'GO_0016829', 'GO_0006084', 'GO_0008815', 'GO_0006101'}"
b0617,"{'GO_0051192', 'GO_0005737', 'GO_0009346', 'GO_0006084', 'GO_0006101'}"
b0618,"{'GO_0016874', 'GO_0005515', 'GO_0008771', 'GO_0005524', 'GO_0009058', 'GO_0016747'}"
b0619,"{'GO_0000155', 'GO_0005886', 'GO_0016310', 'GO_0005515', 'GO_0030288', 'GO_0005524', 'GO_0004673', 'GO_0006355', 'GO_0005829', 'GO_0016301', 'GO_0000160', 'GO_0018106'}"
b0620,"{'GO_0003700', 'GO_0003677', 'GO_0005515', 'GO_0005737', 'GO_0000156', 'GO_0006355', 'GO_0000160'}"
b0621,"{'GO_0005886', 'GO_0016020', 'GO_0015293', 'GO_0015297', 'GO_0055085', 'GO_0015556', 'GO_0015741', 'GO_0005469', 'GO_0015740', 'GO_0019664', 'GO_0071422'}"
b0622,"{'GO_0016746', 'GO_0009245', 'GO_0016416', 'GO_0009279'}"
b0623,"{'GO_0003697', 'GO_0008143', 'GO_0003677', 'GO_0005737', 'GO_0003723', 'GO_0060567', 'GO_0031564', 'GO_0003676', 'GO_0001072', 'GO_0005829', 'GO_0042803'}"
b0624,"{'GO_0005886', 'GO_1903425', 'GO_0016020', 'GO_0046872', 'GO_0062054', 'GO_0140114', 'GO_1903424', 'GO_0034220'}"
b0627,"{'GO_0005886', 'GO_0033281', 'GO_0016020', 'GO_0015031', 'GO_0043953', 'GO_0065002', 'GO_0008320'}"
b0628,"{'GO_0051539', 'GO_0016740', 'GO_0005515', 'GO_0005737', 'GO_0046872', 'GO_0005829', 'GO_0016992', 'GO_0042803', 'GO_0009249', 'GO_0009107'}"
b0629,"{'GO_0003700', 'GO_0003677', 'GO_0006355'}"
b0630,"{'GO_0016740', 'GO_0005515', 'GO_0003824', 'GO_0005737', 'GO_0010629', 'GO_0016746', 'GO_0036211', 'GO_0033819', 'GO_0009106', 'GO_0009249', 'GO_0009107'}"
b0631,"{'GO_0005515', 'GO_0034605', 'GO_0005829'}"
b0632,"{'GO_0005886', 'GO_0008800', 'GO_0008360', 'GO_0005515', 'GO_0030288', 'GO_0008658', 'GO_0051301', 'GO_0004180', 'GO_0008233', 'GO_0006508', 'GO_0042803', 'GO_0009252', 'GO_0000270', 'GO_0009002', 'GO_0071555'}"
b0633,"{'GO_0005886', 'GO_0043093', 'GO_0008932', 'GO_0042834', 'GO_0016829', 'GO_0009279', 'GO_0000270', 'GO_0071555'}"
b0634,"{'GO_0005886', 'GO_0015836', 'GO_0016757', 'GO_0016020', 'GO_0008360', 'GO_0005515', 'GO_0051301', 'GO_0009252', 'GO_0008955', 'GO_0071555'}"
b0636,"{'GO_0006364', 'GO_0005515', 'GO_0005737', 'GO_0070038', 'GO_0070475', 'GO_0042803', 'GO_0031167', 'GO_0043022', 'GO_0032259', 'GO_0008168'}"
b0637,"{'GO_0006417', 'GO_0043023', 'GO_0017148', 'GO_0090071', 'GO_0005515', 'GO_0005737', 'GO_0005829', 'GO_0042256'}"
b0638,"{'GO_0009236', 'GO_0016787', 'GO_0043755'}"
b0639,"{'GO_0004515', 'GO_0070566', 'GO_0009165', 'GO_0005524', 'GO_0016779', 'GO_0019363', 'GO_0034355', 'GO_0034628', 'GO_0009435'}"
b0640,"{'GO_0043846', 'GO_0006260', 'GO_0003677', 'GO_0009360', 'GO_0005515', 'GO_0003887', 'GO_0006261', 'GO_0071897', 'GO_0003689', 'GO_0030894'}"
b0641,"{'GO_0001530', 'GO_1990351', 'GO_0005515', 'GO_0019867', 'GO_0009279', 'GO_0015920', 'GO_0043165'}"
b0642,"{'GO_0006418', 'GO_0006429', 'GO_0005515', 'GO_0005737', 'GO_0005524', 'GO_0106074', 'GO_0004823', 'GO_0006412', 'GO_0005829', 'GO_0002161', 'GO_0004812'}"
b0644,{'GO_0006979'}
b0646,{'GO_0005886'}
b0649,"{'GO_0005886', 'GO_0001671', 'GO_0046686'}"
b0650,"{'GO_0140662', 'GO_0005515', 'GO_0005524', 'GO_0016887', 'GO_0006950'}"
b0651,"{'GO_0015949', 'GO_0042802', 'GO_0050263', 'GO_0051289', 'GO_0005515', 'GO_0032991', 'GO_0016798', 'GO_0005509', 'GO_0006206', 'GO_0006139', 'GO_0046133', 'GO_0045437'}"
b0652,"{'GO_0005886', 'GO_0015426', 'GO_0006865', 'GO_0016020', 'GO_0055052', 'GO_0098712', 'GO_0140009', 'GO_0005524', 'GO_0016887', 'GO_0015424', 'GO_0102013', 'GO_0003333'}"
b0653,"{'GO_0005886', 'GO_0006865', 'GO_0016020', 'GO_0055052', 'GO_0098712', 'GO_0140009', 'GO_0043190', 'GO_0055085', 'GO_0071705', 'GO_0022857'}"
b0654,"{'GO_0005886', 'GO_0006865', 'GO_0016020', 'GO_0055052', 'GO_0098712', 'GO_0140009', 'GO_0043190', 'GO_0055085', 'GO_0071705', 'GO_0022857'}"
b0655,"{'GO_0006865', 'GO_0016020', 'GO_0042597', 'GO_0016595', 'GO_0015813', 'GO_0030288', 'GO_0055052', 'GO_0098712', 'GO_0070778', 'GO_0140009', 'GO_0070335'}"
b0656,"{'GO_0006310', 'GO_0003677', 'GO_0004803', 'GO_0032196', 'GO_0006313'}"
b0657,"{'GO_0005886', 'GO_0016020', 'GO_0005515', 'GO_0016746', 'GO_0030288', 'GO_0016410', 'GO_0042158'}"
b0658,{'GO_0050660'}
b0659,"{'GO_0009408', 'GO_0006364', 'GO_0005515', 'GO_0005737', 'GO_0042254', 'GO_0042274', 'GO_0004519', 'GO_0046872', 'GO_0004222', 'GO_0004521', 'GO_0008270', 'GO_0031564', 'GO_0006412', 'GO_0016892', 'GO_0030490', 'GO_0016151'}"
b0660,"{'GO_0005515', 'GO_0005829', 'GO_0005524', 'GO_0005737'}"
b0661,"{'GO_0035597', 'GO_0035596', 'GO_0051539', 'GO_0016740', 'GO_0005515', 'GO_0005737', 'GO_0046872', 'GO_0006400', 'GO_0030488', 'GO_0005829', 'GO_0008033'}"
b0662,"{'GO_0005515', 'GO_0006744', 'GO_0005737', 'GO_0008682', 'GO_0071949', 'GO_0004497', 'GO_0016705', 'GO_0110142'}"
b0674,"{'GO_0006541', 'GO_0016874', 'GO_0016597', 'GO_0042802', 'GO_0004071', 'GO_0005737', 'GO_0070981', 'GO_0006529', 'GO_0005524', 'GO_0009063', 'GO_0042803', 'GO_0004066', 'GO_0005829', 'GO_0008652'}"
b0675,"{'GO_0046050', 'GO_0106411', 'GO_0046872', 'GO_0008253', 'GO_0000287', 'GO_0005829', 'GO_0016787'}"
b0676,"{'GO_0003700', 'GO_0003677', 'GO_0006355'}"
b0677,"{'GO_0006040', 'GO_0042802', 'GO_0051289', 'GO_0006046', 'GO_0032991', 'GO_0046872', 'GO_0047419', 'GO_0008270', 'GO_0019262', 'GO_0006044', 'GO_0016787', 'GO_0008448'}"
b0678,"{'GO_0006048', 'GO_0042802', 'GO_0005975', 'GO_0005515', 'GO_0006046', 'GO_0019262', 'GO_0005829', 'GO_0006044', 'GO_0004342', 'GO_0016787'}"
b0679,"{'GO_0005886', 'GO_0015764', 'GO_0009401', 'GO_0016310', 'GO_0019866', 'GO_0005515', 'GO_0046872', 'GO_0009254', 'GO_0090586', 'GO_0090587', 'GO_0008982', 'GO_0103111', 'GO_0016301', 'GO_0015572', 'GO_0006974'}"
b0680,"{'GO_0006418', 'GO_0004819', 'GO_0005737', 'GO_0005524', 'GO_0006424', 'GO_0006425', 'GO_0006412', 'GO_0005829', 'GO_0004812'}"
b0681,"{'GO_0015774', 'GO_0016020', 'GO_0046930', 'GO_0052778', 'GO_0055085', 'GO_0015772', 'GO_0015267', 'GO_0015288', 'GO_0009279', 'GO_0006811'}"
b0682,{'GO_0005886'}
b0683,"{'GO_0003700', 'GO_0001217', 'GO_0003677', 'GO_0005737', 'GO_0046872', 'GO_0001216', 'GO_0032993', 'GO_0043565', 'GO_0045892', 'GO_0008270', 'GO_0000976', 'GO_0006355', 'GO_0005829', 'GO_0045893'}"
b0684,"{'GO_0005515', 'GO_0005737', 'GO_0009055', 'GO_0000166', 'GO_0005829', 'GO_0010181'}"
b0685,"{'GO_0005515', 'GO_0006974', 'GO_0006355'}"
b0686,"{'GO_0106435', 'GO_0052689', 'GO_0016790', 'GO_0005829'}"
b0687,"{'GO_0010385', 'GO_0032297', 'GO_0042802', 'GO_0003677', 'GO_0003688', 'GO_0005515', 'GO_0005737', 'GO_0032991', 'GO_0007062', 'GO_0043565', 'GO_0009314', 'GO_0090143', 'GO_0042803', 'GO_0044729', 'GO_0006355', 'GO_0005829', 'GO_0008156', 'GO_1990097'}"
b0688,"{'GO_0016868', 'GO_0005975', 'GO_0005515', 'GO_0005737', 'GO_0046872', 'GO_0006006', 'GO_0004614', 'GO_0000287', 'GO_0005829', 'GO_0016853'}"
b0689,{'GO_0005886'}
b0692,"{'GO_0005886', 'GO_0015822', 'GO_0006865', 'GO_0016020', 'GO_1903352', 'GO_0015293', 'GO_0015297', 'GO_0055085', 'GO_0015496', 'GO_0015847', 'GO_0015489'}"
b0693,"{'GO_0016831', 'GO_0005737', 'GO_0030170', 'GO_0006520', 'GO_0004586', 'GO_0033387', 'GO_0008295', 'GO_0042803', 'GO_0071468'}"
b0694,"{'GO_0003700', 'GO_0003677', 'GO_0005515', 'GO_0005737', 'GO_0001216', 'GO_0042803', 'GO_0006355', 'GO_0045893', 'GO_0000160', 'GO_0000987'}"
b0695,"{'GO_0000155', 'GO_0005886', 'GO_0016020', 'GO_0016310', 'GO_0005515', 'GO_0030288', 'GO_0016772', 'GO_0005524', 'GO_0004673', 'GO_0035865', 'GO_0042803', 'GO_0005829', 'GO_0016301', 'GO_0000160', 'GO_0007165', 'GO_0018106'}"
b0696,"{'GO_0005886', 'GO_0071805', 'GO_0016020', 'GO_0005515', 'GO_0008556', 'GO_0098655', 'GO_0005524', 'GO_0031004', 'GO_1903103', 'GO_0006813'}"
b0697,"{'GO_0005886', 'GO_0071805', 'GO_0016020', 'GO_0005515', 'GO_0008556', 'GO_0046872', 'GO_0098655', 'GO_0005524', 'GO_0016887', 'GO_0031004', 'GO_0000287', 'GO_0006813', 'GO_1903103', 'GO_0015662'}"
b0698,"{'GO_0005886', 'GO_0071805', 'GO_0005515', 'GO_0008556', 'GO_0098655', 'GO_0031004', 'GO_1903103', 'GO_0006813', 'GO_0030955'}"
b0699,"{'GO_0005886', 'GO_0009314'}"
b0700,{'GO_0005515'}
b0702,{'GO_0005886'}
b0705,"{'GO_0004803', 'GO_0003677', 'GO_0006313'}"
b0706,"{'GO_0004803', 'GO_0003677', 'GO_0006313'}"
b0708,"{'GO_0003904', 'GO_0000719', 'GO_0003677', 'GO_0005515', 'GO_0003684', 'GO_0097159', 'GO_0000166', 'GO_0006281', 'GO_0016829', 'GO_0006950', 'GO_0007603', 'GO_0006139'}"
b0709,"{'GO_0005886', 'GO_1902600', 'GO_0016020', 'GO_0015031', 'GO_0035442', 'GO_0042939', 'GO_0055085', 'GO_0071916', 'GO_0015333', 'GO_1904680', 'GO_0015833', 'GO_0042938'}"
b0710,"{'GO_0010212', 'GO_0060187', 'GO_0042802', 'GO_0046872', 'GO_0006281', 'GO_0034214', 'GO_0005829'}"
b0711,"{'GO_0017168', 'GO_0016787', 'GO_0005524'}"
b0712,"{'GO_0017168', 'GO_0016787', 'GO_0005524', 'GO_0005829'}"
b0713,"{'GO_0017168', 'GO_0016787', 'GO_0005524', 'GO_0005975'}"
b0714,"{'GO_0003677', 'GO_0003906', 'GO_0003684', 'GO_0016798', 'GO_0046872', 'GO_0006281', 'GO_0016829', 'GO_0008270', 'GO_0006284', 'GO_0140078', 'GO_0000703', 'GO_0016787'}"
b0716,"{'GO_0007155', 'GO_0009289'}"
b0717,"{'GO_0042597', 'GO_0030288', 'GO_0006457', 'GO_0071555', 'GO_0061077'}"
b0718,"{'GO_0015473', 'GO_0016020', 'GO_0055085', 'GO_0009297', 'GO_0009279'}"
b0719,"{'GO_0005515', 'GO_0007155', 'GO_0009289'}"
b0720,"{'GO_0042802', 'GO_0016740', 'GO_0005515', 'GO_0005737', 'GO_0046912', 'GO_0034214', 'GO_0005829', 'GO_0004108', 'GO_0036440', 'GO_0006099', 'GO_0070404'}"
b0721,"{'GO_0005886', 'GO_0008177', 'GO_0016020', 'GO_0006099', 'GO_0046872', 'GO_0009055', 'GO_0017004', 'GO_0020037', 'GO_0019646', 'GO_0048039', 'GO_0009060'}"
b0722,"{'GO_0005886', 'GO_0016020', 'GO_0006099', 'GO_0046872', 'GO_0009055', 'GO_0017004', 'GO_0020037', 'GO_0019646', 'GO_0009060'}"
b0723,"{'GO_0005886', 'GO_0008177', 'GO_0050660', 'GO_0016020', 'GO_0005515', 'GO_0009060', 'GO_0009055', 'GO_0016491', 'GO_0016627', 'GO_0000104', 'GO_0045273', 'GO_0019646', 'GO_0022900', 'GO_0006099'}"
b0724,"{'GO_0005886', 'GO_0008177', 'GO_0016020', 'GO_0051539', 'GO_0005515', 'GO_0009060', 'GO_0009055', 'GO_0016491', 'GO_0046872', 'GO_0051536', 'GO_0051538', 'GO_0051537', 'GO_0019646', 'GO_0006099'}"
b0726,"{'GO_0042802', 'GO_0016624', 'GO_0005515', 'GO_0005737', 'GO_0016491', 'GO_0000166', 'GO_0030976', 'GO_0000287', 'GO_0004591', 'GO_0005829', 'GO_0045252', 'GO_0006099'}"
b0727,"{'GO_0005515', 'GO_0005737', 'GO_0016746', 'GO_0031405', 'GO_0005829', 'GO_0004149', 'GO_0033512', 'GO_0045252', 'GO_0006099'}"
b0728,"{'GO_0009361', 'GO_0004775', 'GO_0016874', 'GO_0005515', 'GO_0003824', 'GO_0005737', 'GO_0046872', 'GO_0004776', 'GO_0005524', 'GO_0000287', 'GO_0005829', 'GO_0006099'}"
b0729,"{'GO_0009361', 'GO_0004775', 'GO_0016874', 'GO_0005515', 'GO_0003824', 'GO_0005737', 'GO_0000166', 'GO_0004776', 'GO_0005829', 'GO_0006099'}"
b0730,"{'GO_0003700', 'GO_0009408', 'GO_0003677', 'GO_0045892', 'GO_0006355'}"
b0731,"{'GO_0005886', 'GO_1902600', 'GO_0015755', 'GO_0009401', 'GO_0016020', 'GO_0016310', 'GO_0022877', 'GO_0005515', 'GO_0090581', 'GO_0090563', 'GO_0005351', 'GO_0016301', 'GO_0051476'}"
b0732,"{'GO_0046872', 'GO_0016798', 'GO_0004559', 'GO_0006013', 'GO_0030246'}"
b0733,"{'GO_0005886', 'GO_0016020', 'GO_0005515', 'GO_0046872', 'GO_0009055', 'GO_0006119', 'GO_0020037', 'GO_0019646', 'GO_0016679', 'GO_0070069'}"
b0734,"{'GO_0005886', 'GO_0016020', 'GO_0005515', 'GO_0046872', 'GO_0009055', 'GO_0006119', 'GO_0016682', 'GO_0019646', 'GO_0070069'}"
b0736,"{'GO_0005886', 'GO_0016790', 'GO_0005515', 'GO_0006629', 'GO_0016787'}"
b0737,"{'GO_0005886', 'GO_0030313', 'GO_0043213', 'GO_0016020', 'GO_0005515', 'GO_0051301', 'GO_1905153', 'GO_0032153', 'GO_0017038', 'GO_0090529'}"
b0738,"{'GO_0005886', 'GO_0043213', 'GO_0016020', 'GO_0005515', 'GO_0015031', 'GO_0051301', 'GO_1905153', 'GO_0055085', 'GO_0032153', 'GO_0022857', 'GO_0090529'}"
b0739,"{'GO_0005886', 'GO_0043213', 'GO_0016020', 'GO_0046790', 'GO_0071237', 'GO_0005515', 'GO_0046718', 'GO_0051301', 'GO_0019534', 'GO_0055085', 'GO_0097718', 'GO_1905153', 'GO_0032153', 'GO_0017038', 'GO_0019904', 'GO_0090529'}"
b0740,"{'GO_0043213', 'GO_0016020', 'GO_0042597', 'GO_0044877', 'GO_0071237', 'GO_0005515', 'GO_0030288', 'GO_0015031', 'GO_0032991', 'GO_0051301', 'GO_1905153', 'GO_0032153', 'GO_0019904', 'GO_0017038', 'GO_0090529'}"
b0741,"{'GO_0016020', 'GO_0005515', 'GO_0019867', 'GO_0051301', 'GO_1905153', 'GO_0032153', 'GO_0090529', 'GO_0009279'}"
b0742,"{'GO_0043093', 'GO_0042597', 'GO_0005515', 'GO_0030288', 'GO_0032991', 'GO_0051301', 'GO_0070206'}"
b0750,"{'GO_0051539', 'GO_0016740', 'GO_0005737', 'GO_0046872', 'GO_0019363', 'GO_0019805', 'GO_0034628', 'GO_0005829', 'GO_0009435', 'GO_0008987'}"
b0751,"{'GO_0005886', 'GO_0034257', 'GO_0034258', 'GO_0016020'}"
b0752,"{'GO_0005886', 'GO_0016020', 'GO_0055085', 'GO_0006829', 'GO_0005385'}"
b0756,"{'GO_0004034', 'GO_0005737', 'GO_0019318', 'GO_0006012', 'GO_0030246', 'GO_0033499', 'GO_0016853'}"
b0757,"{'GO_0016310', 'GO_0046835', 'GO_0005737', 'GO_0046872', 'GO_0005524', 'GO_0006012', 'GO_0000287', 'GO_0033499', 'GO_0005829', 'GO_0016301', 'GO_0004335'}"
b0758,"{'GO_0046835', 'GO_0046872', 'GO_0008198', 'GO_0006012', 'GO_0016779', 'GO_0008270', 'GO_0033499', 'GO_0008108', 'GO_0005829', 'GO_0004335'}"
b0759,"{'GO_0042802', 'GO_0005975', 'GO_0005515', 'GO_0005737', 'GO_0003978', 'GO_0006012', 'GO_0016857', 'GO_0033499', 'GO_0005829', 'GO_0009242', 'GO_0070403', 'GO_0016853'}"
b0760,"{'GO_0005886', 'GO_0055085', 'GO_0005524', 'GO_0006281', 'GO_0016887'}"
b0761,"{'GO_0015689', 'GO_0030151', 'GO_0003677', 'GO_0005737', 'GO_0032991', 'GO_0046872', 'GO_0045892', 'GO_1990198', 'GO_0006355', 'GO_0005829', 'GO_0045893', 'GO_2000143', 'GO_0000987'}"
b0762,"{'GO_0005886', 'GO_0009279', 'GO_1990961', 'GO_0005515', 'GO_0042910', 'GO_0046677'}"
b0763,"{'GO_0070614', 'GO_0015689', 'GO_0016020', 'GO_0030151', 'GO_0042597', 'GO_0055052', 'GO_0030288', 'GO_0046872', 'GO_0098656', 'GO_0015412', 'GO_0046687', 'GO_1901359', 'GO_0030973'}"
b0764,"{'GO_0005886', 'GO_0070614', 'GO_0015689', 'GO_0016020', 'GO_0055052', 'GO_0043190', 'GO_0055085', 'GO_0015098'}"
b0765,"{'GO_0005886', 'GO_0070614', 'GO_0015689', 'GO_0016020', 'GO_0032991', 'GO_0055052', 'GO_0098656', 'GO_0015412', 'GO_0005524', 'GO_0016887', 'GO_0043190', 'GO_0055085', 'GO_0015098', 'GO_0140359'}"
b0766,"{'GO_0046872', 'GO_0016791', 'GO_0016773', 'GO_0050308', 'GO_0000287', 'GO_0032361', 'GO_0033883', 'GO_0005829', 'GO_0016787'}"
b0767,"{'GO_0005975', 'GO_0006006', 'GO_0006098', 'GO_0009051', 'GO_0005829', 'GO_0017057', 'GO_0016787'}"
b0768,"{'GO_0003700', 'GO_0003677', 'GO_0006355'}"
b0769,{'GO_0016853'}
b0770,"{'GO_0005886', 'GO_0055085', 'GO_0016020', 'GO_0022857'}"
b0771,"{'GO_0046872', 'GO_0051536', 'GO_0006979'}"
b0772,"{'GO_0042545', 'GO_0016787', 'GO_0030599', 'GO_0009279'}"
b0773,{'GO_0005737'}
b0774,"{'GO_0009102', 'GO_0005737', 'GO_0003824', 'GO_0030170', 'GO_0004015', 'GO_0008483', 'GO_0042803'}"
b0775,"{'GO_0044272', 'GO_0009102', 'GO_0005506', 'GO_0016740', 'GO_0005515', 'GO_0046872', 'GO_0051539', 'GO_0004076', 'GO_0042803', 'GO_0051537', 'GO_0042364', 'GO_0051536'}"
b0776,"{'GO_0009102', 'GO_0016740', 'GO_0030170', 'GO_0003824', 'GO_0008710', 'GO_0042803'}"
b0777,"{'GO_0010340', 'GO_0102130', 'GO_0009102', 'GO_0008757', 'GO_0032259', 'GO_0008168'}"
b0778,"{'GO_0016874', 'GO_0009102', 'GO_0005737', 'GO_0046872', 'GO_0004141', 'GO_0005524', 'GO_0000287', 'GO_0042803', 'GO_0005829'}"
b0779,"{'GO_0000715', 'GO_0042802', 'GO_0003677', 'GO_0004518', 'GO_0005515', 'GO_0005737', 'GO_0006294', 'GO_0005524', 'GO_0006281', 'GO_0009432', 'GO_0016887', 'GO_0009314', 'GO_0009380', 'GO_0006289', 'GO_0009381'}"
b0780,"{'GO_0005515', 'GO_0043743', 'GO_0008360', 'GO_0005737'}"
b0782,"{'GO_0005525', 'GO_0042802', 'GO_0034214', 'GO_0006777', 'GO_0005829'}"
b0783,"{'GO_0042802', 'GO_0005515', 'GO_0032991', 'GO_0016829', 'GO_0006777', 'GO_0061799'}"
b0784,"{'GO_0005515', 'GO_0000166', 'GO_1990133', 'GO_0006777', 'GO_1990140', 'GO_0005829'}"
b0785,"{'GO_0016740', 'GO_0005515', 'GO_0042803', 'GO_0006777', 'GO_1990140', 'GO_0030366', 'GO_0032324'}"
b0786,{'GO_0005886'}
b0787,{'GO_0005886'}
b0788,{'GO_0005886'}
b0789,"{'GO_0005886', 'GO_0016020', 'GO_0016740', 'GO_0016780', 'GO_0008808', 'GO_0030572', 'GO_0008654', 'GO_0032049', 'GO_0004630'}"
b0790,"{'GO_0005886', 'GO_0003824'}"
b0791,{'GO_0005886'}
b0792,"{'GO_0005886', 'GO_1990961', 'GO_0015562', 'GO_0016020', 'GO_0140359', 'GO_0055052', 'GO_0015904', 'GO_0090452', 'GO_0043190', 'GO_0055085', 'GO_0006855', 'GO_0035725', 'GO_0006974'}"
b0793,"{'GO_0005886', 'GO_1990961', 'GO_0015562', 'GO_0016020', 'GO_0140359', 'GO_0055052', 'GO_0015904', 'GO_0090452', 'GO_0006855', 'GO_0035725'}"
b0794,"{'GO_0005886', 'GO_1990961', 'GO_0015562', 'GO_0005515', 'GO_0015904', 'GO_0055052', 'GO_0090452', 'GO_0005524', 'GO_0016887', 'GO_0006855', 'GO_0035725'}"
b0795,"{'GO_0005886', 'GO_0042597', 'GO_0046677'}"
b0796,"{'GO_0042802', 'GO_0003677', 'GO_0005737', 'GO_0006351', 'GO_2000144', 'GO_2000143'}"
b0797,"{'GO_0009408', 'GO_0005515', 'GO_0005737', 'GO_0042254', 'GO_0042255', 'GO_0003724', 'GO_0004386', 'GO_0003723', 'GO_0005524', 'GO_0016887', 'GO_0003676', 'GO_0005829', 'GO_0016787'}"
b0798,"{'GO_1901135', 'GO_0016799', 'GO_0016798', 'GO_0009231', 'GO_0071978', 'GO_0034656'}"
b0799,"{'GO_0003677', 'GO_0051539', 'GO_0005515', 'GO_0033677', 'GO_0046872', 'GO_0043139', 'GO_0004386', 'GO_0005524', 'GO_0006281', 'GO_0009432', 'GO_0016887', 'GO_0032508', 'GO_0003678', 'GO_0044806', 'GO_0016853', 'GO_0006139', 'GO_0016787', 'GO_0016818'}"
b0800,"{'GO_0016757', 'GO_0003677', 'GO_0000162', 'GO_0003723', 'GO_0004048', 'GO_0042803', 'GO_0005829'}"
b0801,"{'GO_0016491', 'GO_0047995', 'GO_0047029', 'GO_0005829'}"
b0802,"{'GO_0042597', 'GO_0006974'}"
b0803,"{'GO_0046872', 'GO_0008270'}"
b0804,"{'GO_0031418', 'GO_0051213', 'GO_0005506', 'GO_0046872', 'GO_0006879', 'GO_0006974', 'GO_0016706'}"
b0805,"{'GO_0016020', 'GO_0042884', 'GO_0033214', 'GO_0015344', 'GO_0015343', 'GO_1902495', 'GO_0006826', 'GO_0015891', 'GO_0006879', 'GO_0038023', 'GO_0009279', 'GO_0044718'}"
b0806,"{'GO_0009242', 'GO_0042597'}"
b0807,"{'GO_0006364', 'GO_0005737', 'GO_0070475', 'GO_0008988', 'GO_0052907', 'GO_0032259', 'GO_0008168'}"
b0808,"{'GO_0005886', 'GO_0016020', 'GO_0008381', 'GO_0055085', 'GO_0071470', 'GO_0034220'}"
b0809,"{'GO_0005886', 'GO_0006865', 'GO_0016020', 'GO_0055052', 'GO_0015186', 'GO_0005524', 'GO_0016887', 'GO_0015424', 'GO_1903803', 'GO_0003333', 'GO_0006868'}"
b0810,"{'GO_0005886', 'GO_0006865', 'GO_0016020', 'GO_0055052', 'GO_0015186', 'GO_0043190', 'GO_0055085', 'GO_0071705', 'GO_1903803', 'GO_0022857', 'GO_0006868'}"
b0811,"{'GO_0006865', 'GO_0016020', 'GO_0042597', 'GO_0055052', 'GO_0030288', 'GO_0070406', 'GO_1903803', 'GO_0015276', 'GO_0034220', 'GO_0006868'}"
b0812,"{'GO_0032297', 'GO_0009295', 'GO_0016020', 'GO_0003677', 'GO_0042802', 'GO_0005515', 'GO_0005737', 'GO_0016491', 'GO_0046872', 'GO_0042594', 'GO_0030261', 'GO_0006879', 'GO_0006950', 'GO_0016722', 'GO_1990084', 'GO_0008199'}"
b0813,"{'GO_0005886', 'GO_0006865', 'GO_0015291', 'GO_0016020', 'GO_0042970', 'GO_0042968', 'GO_0055085', 'GO_0015826', 'GO_0015565'}"
b0814,"{'GO_0005515', 'GO_0044384', 'GO_0009279'}"
b0815,"{'GO_0005886', 'GO_0016772', 'GO_1900727', 'GO_0016740'}"
b0817,"{'GO_0003700', 'GO_0003677', 'GO_0005515', 'GO_0005737', 'GO_0045892', 'GO_0006355', 'GO_2000144', 'GO_0046983', 'GO_0046914'}"
b0818,"{'GO_0005886', 'GO_0016020', 'GO_0055085'}"
b0820,"{'GO_0005515', 'GO_0005524', 'GO_0016887'}"
b0822,"{'GO_0046872', 'GO_0016791', 'GO_0050308', 'GO_0103026', 'GO_0050286', 'GO_0000287', 'GO_0016787'}"
b0823,"{'GO_0003824', 'GO_0016829', 'GO_0005829'}"
b0824,"{'GO_0051539', 'GO_0005737', 'GO_0046872', 'GO_0016491', 'GO_0043365'}"
b0825,"{'GO_0042802', 'GO_0006000', 'GO_0005975', 'GO_0005737', 'GO_0016829', 'GO_0016832', 'GO_0097023', 'GO_0042182'}"
b0826,"{'GO_0008641', 'GO_0005515', 'GO_0046872', 'GO_1990133', 'GO_0005524', 'GO_0061605', 'GO_0016779', 'GO_0042803', 'GO_0006777', 'GO_0005829'}"
b0827,"{'GO_0042802', 'GO_0016740', 'GO_0005515', 'GO_0046872', 'GO_0061599', 'GO_0042803', 'GO_0006777', 'GO_0005829'}"
b0828,"{'GO_0008798', 'GO_0004067', 'GO_0006508', 'GO_0008233', 'GO_0016540', 'GO_0016787'}"
b0829,"{'GO_0005886', 'GO_0016020', 'GO_0034775', 'GO_0055052', 'GO_0042626', 'GO_0005524', 'GO_0016887', 'GO_0015833', 'GO_0016787', 'GO_0034634'}"
b0830,"{'GO_0016020', 'GO_0042597', 'GO_0055052', 'GO_0030288', 'GO_0043190', 'GO_0055085', 'GO_0034635', 'GO_0006974'}"
b0831,"{'GO_0005886', 'GO_0016020', 'GO_0034775', 'GO_0055052', 'GO_0043190', 'GO_0055085', 'GO_0034634'}"
b0832,"{'GO_0005886', 'GO_0016020', 'GO_0034775', 'GO_0055052', 'GO_0043190', 'GO_0055085', 'GO_0035442', 'GO_0034634'}"
b0833,"{'GO_0005886', 'GO_0071111', 'GO_0016787'}"
b0834,"{'GO_0005886', 'GO_0005525', 'GO_0016740', 'GO_0046872', 'GO_0052621'}"
b0835,"{'GO_0103039', 'GO_0035596', 'GO_0051539', 'GO_0016740', 'GO_0005737', 'GO_0046872', 'GO_0035599', 'GO_0006400', 'GO_0005829'}"
b0836,"{'GO_0010468', 'GO_1900190'}"
b0837,"{'GO_0030288', 'GO_0016491', 'GO_0046872', 'GO_0005509', 'GO_0016901', 'GO_0009279', 'GO_0070968'}"
b0838,"{'GO_0042802', 'GO_0016740', 'GO_0005515', 'GO_0030611', 'GO_0004364', 'GO_0005829'}"
b0839,"{'GO_0005886', 'GO_0008360', 'GO_0030288', 'GO_0008658', 'GO_0004180', 'GO_0008233', 'GO_0006508', 'GO_0042803', 'GO_0009252', 'GO_0009002', 'GO_0071555', 'GO_0009410'}"
b0840,"{'GO_0003700', 'GO_0003677', 'GO_0006355', 'GO_2000143', 'GO_0000987'}"
b0841,"{'GO_0005886', 'GO_0008360', 'GO_0050380', 'GO_0009252', 'GO_0016787', 'GO_0071555', 'GO_0046677'}"
b0842,"{'GO_0005886', 'GO_0071805', 'GO_1902600', 'GO_1990961', 'GO_0016020', 'GO_0015385', 'GO_0030641', 'GO_0055085', 'GO_0022857', 'GO_0015386', 'GO_0046677', 'GO_0035725'}"
b0844,"{'GO_0046872', 'GO_0016791', 'GO_0000287', 'GO_0043726', 'GO_0009231', 'GO_0016787'}"
b0845,"{'GO_0005886', 'GO_0055085', 'GO_0022857'}"
b0846,"{'GO_0003700', 'GO_0003677', 'GO_0006351', 'GO_0080090', 'GO_0045893', 'GO_0009889'}"
b0847,"{'GO_0005886', 'GO_0008324', 'GO_0098655', 'GO_0055085', 'GO_0006813', 'GO_0022857'}"
b0848,"{'GO_0005886', 'GO_0016020'}"
b0849,"{'GO_0019153', 'GO_0015035', 'GO_0045454', 'GO_0009263', 'GO_0009055', 'GO_0019345', 'GO_0000166', 'GO_0034599', 'GO_0015036', 'GO_0010134'}"
b0850,"{'GO_1901562', 'GO_1901422', 'GO_0016020'}"
b0851,"{'GO_0003955', 'GO_0005515', 'GO_0034567', 'GO_0016491', 'GO_0042803', 'GO_0005829', 'GO_0010181'}"
b0852,"{'GO_0016874', 'GO_0042802', 'GO_0003824', 'GO_0046872', 'GO_0005524', 'GO_0018169', 'GO_0009432', 'GO_0036211', 'GO_0018410', 'GO_0006412'}"
b0853,"{'GO_0010212', 'GO_1902209', 'GO_1900232', 'GO_0005515', 'GO_0009297', 'GO_0030308', 'GO_1902201'}"
b0854,"{'GO_0015846', 'GO_0019808', 'GO_0016020', 'GO_0042597', 'GO_0055052', 'GO_0030288', 'GO_0015847', 'GO_0019810'}"
b0855,"{'GO_0005886', 'GO_0015846', 'GO_0016020', 'GO_0015417', 'GO_0032991', 'GO_0055052', 'GO_0043190', 'GO_0005524', 'GO_0015594', 'GO_0015847', 'GO_0016887', 'GO_0055085', 'GO_1902047'}"
b0856,"{'GO_0005886', 'GO_0016020', 'GO_0055052', 'GO_0043190', 'GO_0055085', 'GO_0015847'}"
b0857,"{'GO_0005886', 'GO_0016020', 'GO_0055052', 'GO_0043190', 'GO_0055085', 'GO_0015847'}"
b0858,{'GO_0005886'}
b0859,"{'GO_0016436', 'GO_0005506', 'GO_0006364', 'GO_0051539', 'GO_0046872', 'GO_0016070', 'GO_0008757', 'GO_0006396', 'GO_0009451', 'GO_0070475', 'GO_0031167', 'GO_0032259', 'GO_0008168', 'GO_0008173', 'GO_0070041'}"
b0860,"{'GO_0006865', 'GO_0016020', 'GO_0042597', 'GO_0055052', 'GO_0030288', 'GO_0097638', 'GO_0071705', 'GO_1903826', 'GO_0015276', 'GO_0016597', 'GO_0034618', 'GO_0034220'}"
b0861,"{'GO_0005886', 'GO_0006865', 'GO_0016020', 'GO_0055052', 'GO_0043190', 'GO_0055085', 'GO_0071705', 'GO_0097638', 'GO_0022857'}"
b0862,"{'GO_0005886', 'GO_0006865', 'GO_0016020', 'GO_0055052', 'GO_0043190', 'GO_0055085', 'GO_0071705', 'GO_0097638', 'GO_0022857'}"
b0863,"{'GO_0006865', 'GO_0016020', 'GO_0042597', 'GO_0055052', 'GO_0030288', 'GO_0097638', 'GO_0071705', 'GO_0015276', 'GO_0034220'}"
b0864,"{'GO_0005886', 'GO_0015426', 'GO_0006865', 'GO_0016020', 'GO_0055052', 'GO_0097638', 'GO_0005524', 'GO_0016887', 'GO_0015424', 'GO_0003333'}"
b0865,{'GO_0005886'}
b0866,"{'GO_0005515', 'GO_0005886'}"
b0867,"{'GO_0009392', 'GO_0046872', 'GO_0019867', 'GO_0008745', 'GO_0008270', 'GO_0009279', 'GO_0016787', 'GO_0071555', 'GO_0009253'}"
b0869,{'GO_0005886'}
b0870,"{'GO_0042802', 'GO_0030170', 'GO_0006545', 'GO_0003824', 'GO_0006520', 'GO_0016829', 'GO_0008732', 'GO_0050179', 'GO_0005829'}"
b0871,"{'GO_0005886', 'GO_0050660', 'GO_0042802', 'GO_0008289', 'GO_0032991', 'GO_0016491', 'GO_0046872', 'GO_0000166', 'GO_0005829', 'GO_0030976', 'GO_0019752', 'GO_0000287', 'GO_0006090', 'GO_0042867', 'GO_0052737', 'GO_0048039'}"
b0872,"{'GO_0050660', 'GO_0046872', 'GO_0016491', 'GO_0051537', 'GO_0016651', 'GO_0051536'}"
b0873,"{'GO_0042542', 'GO_0005515', 'GO_0003824', 'GO_0016491', 'GO_0005737', 'GO_0046872', 'GO_0098869', 'GO_0004601', 'GO_0016661', 'GO_0051537', 'GO_0046210', 'GO_0050418', 'GO_0051536'}"
b0874,"{'GO_0005886', 'GO_0006865', 'GO_1903401', 'GO_0015661'}"
b0875,"{'GO_0005886', 'GO_0006970', 'GO_0016020', 'GO_0042802', 'GO_0005515', 'GO_0055085', 'GO_0006833', 'GO_0015250', 'GO_0009992'}"
b0876,{'GO_0005524'}
b0877,{'GO_0006974'}
b0878,"{'GO_0005886', 'GO_0019898', 'GO_0042893', 'GO_1990961', 'GO_0016020', 'GO_0042802', 'GO_0042897', 'GO_0005515', 'GO_1990195', 'GO_0055085', 'GO_1990196', 'GO_0009636', 'GO_0022857', 'GO_0046677'}"
b0879,"{'GO_0005886', 'GO_1990961', 'GO_0042893', 'GO_0016020', 'GO_0042802', 'GO_0008559', 'GO_0042897', 'GO_0005515', 'GO_0005524', 'GO_0016887', 'GO_1990196', 'GO_0042803', 'GO_0046677'}"
b0880,"{'GO_0003697', 'GO_0003677', 'GO_0035821', 'GO_0005515', 'GO_0005737', 'GO_0090729', 'GO_0042594', 'GO_0003723', 'GO_0042803', 'GO_0003676', 'GO_0006355', 'GO_0005829', 'GO_0008156'}"
b0881,"{'GO_0009408', 'GO_0005515', 'GO_0030163', 'GO_0006508', 'GO_0140678', 'GO_0051087'}"
b0882,"{'GO_0043335', 'GO_0006979', 'GO_0005515', 'GO_0005524', 'GO_0016887', 'GO_0009368', 'GO_0006508', 'GO_0006515', 'GO_0005829', 'GO_0004176'}"
b0884,"{'GO_0019843', 'GO_0005515', 'GO_0005737', 'GO_0006413', 'GO_0003723', 'GO_0043022', 'GO_0006412', 'GO_0003743', 'GO_0005829'}"
b0885,"{'GO_0005737', 'GO_0016746', 'GO_0008914', 'GO_0016755', 'GO_0030163'}"
b0886,"{'GO_0005886', 'GO_1903605', 'GO_0006865', 'GO_0016020', 'GO_0034775', 'GO_0045454', 'GO_0033228', 'GO_0005524', 'GO_0016887', 'GO_0043190', 'GO_0035351', 'GO_0055051', 'GO_0140359', 'GO_0015439'}"
b0887,"{'GO_0005886', 'GO_0006869', 'GO_0006865', 'GO_0016020', 'GO_0034775', 'GO_0042883', 'GO_0045454', 'GO_1903605', 'GO_0033228', 'GO_0005524', 'GO_0016887', 'GO_0043190', 'GO_0055085', 'GO_0035351', 'GO_0055051', 'GO_0140359', 'GO_0015439'}"
b0888,"{'GO_0050660', 'GO_0019430', 'GO_0005515', 'GO_0005737', 'GO_0016491', 'GO_1902515', 'GO_0004791', 'GO_0005829'}"
b0889,"{'GO_0001217', 'GO_0042802', 'GO_0003677', 'GO_0005515', 'GO_0001216', 'GO_0032993', 'GO_0043565', 'GO_0043201', 'GO_0045892', 'GO_0000976', 'GO_0006355', 'GO_0005829', 'GO_0045893'}"
b0890,"{'GO_0006970', 'GO_0042802', 'GO_0005524', 'GO_0071236', 'GO_0005515', 'GO_0032508', 'GO_0043093', 'GO_0003677', 'GO_0009651', 'GO_0045893', 'GO_0043565', 'GO_0007059', 'GO_0005886', 'GO_0015616', 'GO_0016020', 'GO_0000920', 'GO_0051301', 'GO_0016887', 'GO_1990586', 'GO_0032153', 'GO_0000917', 'GO_0036121'}"
b0891,"{'GO_0042597', 'GO_0005515', 'GO_0030288', 'GO_0015031', 'GO_0042953', 'GO_0044874'}"
b0892,"{'GO_0006260', 'GO_0042802', 'GO_0051289', 'GO_0003677', 'GO_0006310', 'GO_0005515', 'GO_0006261', 'GO_0005524', 'GO_0016887', 'GO_0030894', 'GO_0008094', 'GO_0032508'}"
b0893,"{'GO_0042802', 'GO_0005737', 'GO_0006434', 'GO_0016260', 'GO_0005524', 'GO_0000287', 'GO_0004828', 'GO_0006412', 'GO_0005829', 'GO_0004812'}"
b0894,"{'GO_0005886', 'GO_0043546', 'GO_0030151', 'GO_0051539', 'GO_0005515', 'GO_0046872', 'GO_0009055', 'GO_0016491', 'GO_0018907', 'GO_0019645', 'GO_0009390', 'GO_0009061', 'GO_0009389'}"
b0895,"{'GO_0005886', 'GO_0051539', 'GO_0005515', 'GO_0046872', 'GO_0018907', 'GO_0019645', 'GO_0009390', 'GO_0009061', 'GO_0009389'}"
b0896,"{'GO_0005886', 'GO_0016020', 'GO_0016491', 'GO_0018907', 'GO_0019645', 'GO_0009390', 'GO_0009061', 'GO_0009389'}"
b0897,"{'GO_0016020', 'GO_0042802', 'GO_0016829', 'GO_0005829', 'GO_0016787'}"
b0898,"{'GO_0005886', 'GO_0055085', 'GO_0022857'}"
b0899,"{'GO_0005886', 'GO_0055085', 'GO_0016020', 'GO_0022857'}"
b0900,"{'GO_0003700', 'GO_0003677', 'GO_0006355'}"
b0901,"{'GO_0016491', 'GO_0010181'}"
b0902,"{'GO_0030955', 'GO_0051604', 'GO_0051539', 'GO_0005515', 'GO_0005737', 'GO_0016491', 'GO_0043365', 'GO_0006006', 'GO_0046872', 'GO_0005829', 'GO_0006974'}"
b0903,"{'GO_0016020', 'GO_0005975', 'GO_0005515', 'GO_0005737', 'GO_0016746', 'GO_0006006', 'GO_0008861', 'GO_0044814', 'GO_0005829'}"
b0904,"{'GO_0005886', 'GO_0015724', 'GO_0016020', 'GO_0042802', 'GO_0005515', 'GO_0055085', 'GO_0010447', 'GO_0019664', 'GO_0015499'}"
b0905,"{'GO_0047693', 'GO_0000287', 'GO_0005829'}"
b0906,{'GO_0005886'}
b0907,"{'GO_0006563', 'GO_0005515', 'GO_0005737', 'GO_0030170', 'GO_0033359', 'GO_0008483', 'GO_0008615', 'GO_0042803', 'GO_0006564', 'GO_0005829', 'GO_0004648', 'GO_0042823'}"
b0908,"{'GO_0016740', 'GO_0005737', 'GO_0003866', 'GO_0009423', 'GO_0009073', 'GO_0005829', 'GO_0008652'}"
b0909,"{'GO_0005886', 'GO_0051603', 'GO_0005515', 'GO_0008237', 'GO_0046872', 'GO_0004222', 'GO_0006508'}"
b0910,"{'GO_0044281', 'GO_0010165', 'GO_0006220', 'GO_0015949', 'GO_0016310', 'GO_0046940', 'GO_0005737', 'GO_0097216', 'GO_0036430', 'GO_0005524', 'GO_0036431', 'GO_0009058', 'GO_0005829', 'GO_0016301', 'GO_0006139', 'GO_0004127'}"
b0911,"{'GO_0010501', 'GO_0016020', 'GO_0022627', 'GO_0005737', 'GO_0003729', 'GO_0003735', 'GO_0003723', 'GO_0000028', 'GO_2000767', 'GO_0002181', 'GO_0006412', 'GO_0003727', 'GO_1990904', 'GO_2000766', 'GO_0005840'}"
b0912,"{'GO_0006417', 'GO_0006310', 'GO_0003677', 'GO_0005737', 'GO_0030527', 'GO_0043565', 'GO_0005694', 'GO_0006351', 'GO_1990177', 'GO_0006355', 'GO_0005829'}"
b0913,"{'GO_0005886', 'GO_0016020', 'GO_0030420'}"
b0914,"{'GO_0005886', 'GO_0006869', 'GO_0042908', 'GO_0016020', 'GO_0015437', 'GO_0008559', 'GO_0042802', 'GO_0008289', 'GO_0140359', 'GO_0043190', 'GO_0005524', 'GO_0016887', 'GO_0055085', 'GO_0034040', 'GO_1990199', 'GO_0015920', 'GO_0034204'}"
b0915,"{'GO_0005886', 'GO_0009029', 'GO_0016020', 'GO_0016310', 'GO_0005524', 'GO_0009244', 'GO_0016301', 'GO_0009245'}"
b0916,"{'GO_0019104', 'GO_0036297'}"
b0917,{'GO_0005829'}
b0918,"{'GO_0005515', 'GO_0005737', 'GO_0019294', 'GO_0008690', 'GO_0016779', 'GO_0000287', 'GO_0005829', 'GO_0033468', 'GO_0009103'}"
b0920,"{'GO_0005886', 'GO_0043164', 'GO_0006457', 'GO_0000270', 'GO_0071555'}"
b0921,"{'GO_0006400', 'GO_0002098', 'GO_0030488', 'GO_0097697', 'GO_0032259', 'GO_0008168', 'GO_0008033'}"
b0922,"{'GO_0006260', 'GO_0009295', 'GO_0005515', 'GO_0005737', 'GO_0051301', 'GO_0005509', 'GO_0030261', 'GO_0007059', 'GO_0000796'}"
b0923,"{'GO_0006260', 'GO_0009295', 'GO_0000796', 'GO_0005515', 'GO_0005737', 'GO_0051301', 'GO_0030261', 'GO_0007059'}"
b0924,"{'GO_0005525', 'GO_0006260', 'GO_0009295', 'GO_0042802', 'GO_0003677', 'GO_0005515', 'GO_0005737', 'GO_0051301', 'GO_0007062', 'GO_0005524', 'GO_0016887', 'GO_0030261', 'GO_0005829', 'GO_0007059', 'GO_0000796'}"
b0926,"{'GO_0030288', 'GO_0009254', 'GO_0004175'}"
b0927,"{'GO_0004416', 'GO_0019243', 'GO_0046872', 'GO_0009636', 'GO_0005829', 'GO_0016787'}"
b0928,"{'GO_0042802', 'GO_0005737', 'GO_0003824', 'GO_0030170', 'GO_0004838', 'GO_0006520', 'GO_0008483', 'GO_0009058', 'GO_0033585', 'GO_0042803', 'GO_0004069', 'GO_0005829', 'GO_0009094'}"
b0929,"{'GO_0001530', 'GO_0043213', 'GO_0016020', 'GO_0042802', 'GO_0046930', 'GO_0005515', 'GO_0008289', 'GO_0015031', 'GO_0042912', 'GO_0097718', 'GO_0034702', 'GO_0015288', 'GO_0009279', 'GO_0005216', 'GO_0006811', 'GO_0070207', 'GO_0034220'}"
b0930,"{'GO_0006418', 'GO_0005737', 'GO_0005524', 'GO_0004816', 'GO_0006421', 'GO_0042803', 'GO_0003676', 'GO_0006412', 'GO_0004812'}"
b0931,"{'GO_0004516', 'GO_0009408', 'GO_0016874', 'GO_0016879', 'GO_0019363', 'GO_0005829', 'GO_0009435'}"
b0932,"{'GO_0005886', 'GO_0042802', 'GO_0005515', 'GO_0008237', 'GO_0046872', 'GO_0008270', 'GO_0006508', 'GO_0004177'}"
b0933,"{'GO_0005886', 'GO_0006790', 'GO_0016020', 'GO_0055052', 'GO_0005524', 'GO_0016887', 'GO_0042959', 'GO_0010438', 'GO_0042918'}"
b0934,"{'GO_0005886', 'GO_0006790', 'GO_0016020', 'GO_0055052', 'GO_0055085', 'GO_0042959', 'GO_0010438', 'GO_0042918'}"
b0935,"{'GO_0009408', 'GO_0042802', 'GO_0046306', 'GO_0051289', 'GO_0005515', 'GO_0008726', 'GO_1990201', 'GO_0010438', 'GO_0004497'}"
b0936,"{'GO_0006790', 'GO_0016020', 'GO_0042597', 'GO_0055052', 'GO_0030288', 'GO_0042626', 'GO_0042959', 'GO_0010438', 'GO_0042918'}"
b0937,"{'GO_0046306', 'GO_0005515', 'GO_0016491', 'GO_0009970', 'GO_0052873', 'GO_0008752', 'GO_0042803', 'GO_1990202', 'GO_0006974'}"
b0938,"{'GO_0007155', 'GO_0009289', 'GO_0043709'}"
b0939,"{'GO_0030288', 'GO_0042597', 'GO_0071555', 'GO_0061077'}"
b0940,"{'GO_0015473', 'GO_0016020', 'GO_0055085', 'GO_0008201', 'GO_0009297', 'GO_0009279'}"
b0941,"{'GO_0009314', 'GO_0007155', 'GO_0009289', 'GO_0043709'}"
b0942,"{'GO_0007155', 'GO_0009289', 'GO_0043709'}"
b0943,"{'GO_0007155', 'GO_0009289', 'GO_0043709'}"
b0944,"{'GO_0030288', 'GO_0042597', 'GO_0071555', 'GO_0061077'}"
b0945,"{'GO_0005886', 'GO_0044205', 'GO_0004152', 'GO_0016020', 'GO_0005737', 'GO_0106430', 'GO_0006222', 'GO_0016491', 'GO_0006207', 'GO_0005829', 'GO_0006221', 'GO_0010181'}"
b0946,"{'GO_0043093', 'GO_0051302', 'GO_0042802', 'GO_0005515', 'GO_0005737', 'GO_0051301', 'GO_0032153', 'GO_0000917', 'GO_0090529'}"
b0947,"{'GO_0030151', 'GO_0005515', 'GO_0003824', 'GO_0030170', 'GO_0009407', 'GO_0009636', 'GO_0051537'}"
b0948,"{'GO_0070476', 'GO_0008990', 'GO_0006364', 'GO_0005515', 'GO_0005737', 'GO_0006396', 'GO_0003723', 'GO_0070475', 'GO_0052915', 'GO_0070043', 'GO_0031167', 'GO_0032259', 'GO_0008168'}"
b0949,"{'GO_0005886', 'GO_0003677', 'GO_0005515', 'GO_0005737', 'GO_0006301', 'GO_0005524', 'GO_0006281', 'GO_0016887', 'GO_0009314', 'GO_0043022', 'GO_0016787'}"
b0950,"{'GO_0005886', 'GO_0061024', 'GO_0006950', 'GO_0016020'}"
b0951,"{'GO_0005886', 'GO_0061024', 'GO_0016020', 'GO_0042802', 'GO_0120009', 'GO_0005515', 'GO_0030288'}"
b0952,"{'GO_0061024', 'GO_0042802', 'GO_0005515', 'GO_0030288', 'GO_0009279'}"
b0953,"{'GO_0006417', 'GO_0019843', 'GO_0005737', 'GO_0022611', 'GO_0043022', 'GO_0043024', 'GO_0032055', 'GO_0033554'}"
b0954,"{'GO_0005737', 'GO_0006633', 'GO_0019171', 'GO_0016829', 'GO_0034017', 'GO_0042803', 'GO_0006636', 'GO_0005829', 'GO_0016853'}"
b0955,"{'GO_0005524', 'GO_0004252', 'GO_0008236', 'GO_0030163', 'GO_0006508', 'GO_0004176'}"
b0956,"{'GO_0051289', 'GO_0003677', 'GO_0005515', 'GO_0005737', 'GO_0051301', 'GO_0042803', 'GO_0097047', 'GO_0006355', 'GO_0043565', 'GO_0051276', 'GO_0005543', 'GO_0007059'}"
b0957,"{'GO_0034220', 'GO_0016020', 'GO_0042802', 'GO_0009597', 'GO_0046930', 'GO_0005515', 'GO_0030288', 'GO_0019867', 'GO_0046718', 'GO_0042834', 'GO_0015075', 'GO_0015288', 'GO_0106234', 'GO_0009279', 'GO_0006811', 'GO_0006974'}"
b0958,"{'GO_0005515', 'GO_0051301', 'GO_0032466', 'GO_0009432', 'GO_2000245', 'GO_0032272', 'GO_0000917', 'GO_0051782', 'GO_0006974'}"
b0959,"{'GO_0005515', 'GO_1903658', 'GO_0009290', 'GO_0030420'}"
b0960,{'GO_0005886'}
b0961,{'GO_0005886'}
b0962,"{'GO_0043138', 'GO_0003677', 'GO_0005515', 'GO_0004386', 'GO_0005524', 'GO_0016887', 'GO_0003678', 'GO_0005829', 'GO_0016787', 'GO_0016853', 'GO_0032508'}"
b0963,"{'GO_0042802', 'GO_0005737', 'GO_0019242', 'GO_0016829', 'GO_0034214', 'GO_0005829', 'GO_0008929'}"
b0964,{'GO_0030288'}
b0965,"{'GO_0005515', 'GO_0005829'}"
b0966,"{'GO_0009408', 'GO_0042802', 'GO_0003677', 'GO_0005737', 'GO_0044729', 'GO_0070207'}"
b0967,"{'GO_0006364', 'GO_0005737', 'GO_0003723', 'GO_0070475', 'GO_0016434', 'GO_0042803', 'GO_0008649', 'GO_0009383', 'GO_0005829', 'GO_0008168', 'GO_0031167', 'GO_0044010', 'GO_0032259'}"
b0968,"{'GO_0009408', 'GO_0016787', 'GO_0003998'}"
b0969,"{'GO_0016740', 'GO_0005737', 'GO_0002143', 'GO_0097163', 'GO_0008033', 'GO_1990228'}"
b0970,"{'GO_0005886', 'GO_0043066', 'GO_0030162', 'GO_0016020'}"
b0972,"{'GO_0098567', 'GO_0016491', 'GO_0044569', 'GO_0005515', 'GO_0019645', 'GO_0008901', 'GO_0033748', 'GO_0051539', 'GO_0051538', 'GO_0046872', 'GO_0009055', 'GO_1902421', 'GO_0005886', 'GO_0009375', 'GO_0016020', 'GO_0009267', 'GO_0006113', 'GO_0009061', 'GO_0051536'}"
b0973,"{'GO_0005886', 'GO_0016020', 'GO_0009267', 'GO_0044569', 'GO_0098567', 'GO_0005515', 'GO_0030288', 'GO_0009055', 'GO_0016491', 'GO_0046872', 'GO_1902421', 'GO_0019645', 'GO_0008901', 'GO_0006113', 'GO_0009061', 'GO_0016151', 'GO_0033748'}"
b0974,"{'GO_0005886', 'GO_0016020', 'GO_0009267', 'GO_0005506', 'GO_0044569', 'GO_0005515', 'GO_0046872', 'GO_0009055', 'GO_0098567', 'GO_0022904', 'GO_1902421', 'GO_0019645', 'GO_0006113', 'GO_0009061', 'GO_0020037', 'GO_0033748'}"
b0975,"{'GO_0008047', 'GO_0004190', 'GO_0005515', 'GO_0046872', 'GO_0016485', 'GO_0008233', 'GO_0006508'}"
b0976,{'GO_0005048'}
b0978,"{'GO_0005886', 'GO_0016020', 'GO_0046872', 'GO_0009055', 'GO_0055085', 'GO_0006119', 'GO_0020037', 'GO_0016682', 'GO_0019646', 'GO_0009486', 'GO_0070069'}"
b0979,"{'GO_0005886', 'GO_0016020', 'GO_0046872', 'GO_0009055', 'GO_0055085', 'GO_0006119', 'GO_0016682', 'GO_0019646', 'GO_0009486', 'GO_0070069'}"
b0980,"{'GO_0008252', 'GO_0042597', 'GO_0071454', 'GO_0030288', 'GO_0016787', 'GO_0050308', 'GO_0003993', 'GO_0008707', 'GO_0016036', 'GO_0003924', 'GO_0052745'}"
b0981,"{'GO_0005886', 'GO_0016310', 'GO_0016020', 'GO_0042802', 'GO_0005524', 'GO_0004713', 'GO_0045226'}"
b0982,"{'GO_0004725', 'GO_0004721', 'GO_0006470'}"
b0983,"{'GO_0015159', 'GO_0015774', 'GO_0046930', 'GO_0055085', 'GO_0015288', 'GO_0009279', 'GO_0006811'}"
b0984,{'GO_0005886'}
b0986,{'GO_0005886'}
b0987,{'GO_0005886'}
b0988,"{'GO_0006310', 'GO_0003677', 'GO_0004803', 'GO_0032196', 'GO_0006313'}"
b0989,"{'GO_0005737', 'GO_0003676', 'GO_0003677', 'GO_0005829'}"
b0990,"{'GO_0003677', 'GO_0005515', 'GO_0005737', 'GO_0003676', 'GO_0005829', 'GO_0009409'}"
b0991,{'GO_0005886'}
b0992,"{'GO_0005886', 'GO_0046872', 'GO_0051539'}"
b0993,"{'GO_0000155', 'GO_0005886', 'GO_0016020', 'GO_0016310', 'GO_0042802', 'GO_0005515', 'GO_0004721', 'GO_0005524', 'GO_0004673', 'GO_0042803', 'GO_0009061', 'GO_0016301', 'GO_0000160', 'GO_0018106'}"
b0994,"{'GO_0042597', 'GO_0009061'}"
b0995,"{'GO_0003677', 'GO_0005737', 'GO_0000156', 'GO_0006355', 'GO_0000160'}"
b0996,"{'GO_0005886', 'GO_1904852', 'GO_0016020', 'GO_0009276', 'GO_0005506', 'GO_0005515', 'GO_0030288', 'GO_0009055', 'GO_0046872', 'GO_0006885', 'GO_0009968', 'GO_0019645', 'GO_0009061', 'GO_0020037', 'GO_0009060'}"
b0997,"{'GO_1904852', 'GO_0050626', 'GO_0042597', 'GO_0030151', 'GO_0043546', 'GO_0005515', 'GO_0030288', 'GO_0009055', 'GO_0016491', 'GO_0046872', 'GO_0006885', 'GO_0019645', 'GO_0009061', 'GO_0009060'}"
b0998,"{'GO_0042277', 'GO_0042802', 'GO_0043546', 'GO_0051259', 'GO_0005515', 'GO_0005737', 'GO_0006457', 'GO_0051604'}"
b0999,"{'GO_0005515', 'GO_0004857'}"
b1000,"{'GO_0051082', 'GO_0051085', 'GO_0009295', 'GO_0042802', 'GO_0003677', 'GO_0005515', 'GO_0005737', 'GO_0003681', 'GO_0006457', 'GO_0043590'}"
b1002,"{'GO_0042597', 'GO_0030288', 'GO_0016158', 'GO_0006007', 'GO_0016787', 'GO_0008877'}"
b1003,{'GO_0005829'}
b1004,"{'GO_0051287', 'GO_0050660', 'GO_0016020', 'GO_0042802', 'GO_0003955', 'GO_0006979', 'GO_0032991', 'GO_0016491', 'GO_0050661', 'GO_0000166', 'GO_0008753', 'GO_0050136', 'GO_0005829', 'GO_0010181'}"
b1006,"{'GO_0005886', 'GO_0005350', 'GO_0016020', 'GO_0015218', 'GO_0015505', 'GO_0015293', 'GO_0098721', 'GO_0015210', 'GO_0055085', 'GO_0006864', 'GO_0006212', 'GO_1904082', 'GO_0015205'}"
b1007,"{'GO_0042602', 'GO_0016491', 'GO_0006208', 'GO_0052874', 'GO_0008752', 'GO_0006212', 'GO_0019740', 'GO_0016646', 'GO_0010181'}"
b1008,"{'GO_0016491', 'GO_0006208', 'GO_0035527', 'GO_0006212', 'GO_0019740', 'GO_0010181', 'GO_0006974'}"
b1009,"{'GO_0006208', 'GO_0016811', 'GO_0006212', 'GO_0042803', 'GO_0019740', 'GO_0016787'}"
b1010,"{'GO_0016810', 'GO_0042802', 'GO_0006208', 'GO_0006212', 'GO_0019239', 'GO_0019740', 'GO_0016787'}"
b1011,"{'GO_0016810', 'GO_0006208', 'GO_0006212', 'GO_0016811', 'GO_0019740', 'GO_0016787'}"
b1012,"{'GO_0006208', 'GO_0052614', 'GO_0006212', 'GO_0004497', 'GO_0016705', 'GO_0006210', 'GO_0019740'}"
b1013,"{'GO_0003700', 'GO_0003677', 'GO_0005515', 'GO_0045892', 'GO_0045893'}"
b1014,"{'GO_0042802', 'GO_0016491', 'GO_0006355', 'GO_0005829', 'GO_0010133', 'GO_0045892', 'GO_0006562', 'GO_0003700', 'GO_0003677', 'GO_0006979', 'GO_0043565', 'GO_0006560', 'GO_0005886', 'GO_0003842', 'GO_0050660', 'GO_0001217', 'GO_0006561', 'GO_0009898', 'GO_0042803', 'GO_0000987', 'GO_0004657'}"
b1015,"{'GO_0005886', 'GO_0006865', 'GO_0016020', 'GO_1905039', 'GO_0015293', 'GO_0006814', 'GO_0055085', 'GO_0015824', 'GO_0035524', 'GO_0015912', 'GO_0031402', 'GO_0046942', 'GO_0005298'}"
b1017,"{'GO_0005886', 'GO_0005381', 'GO_0034755', 'GO_0033573'}"
b1018,"{'GO_0009411', 'GO_0042597', 'GO_0006979', 'GO_0030288', 'GO_0009636', 'GO_0046677'}"
b1019,"{'GO_0042597', 'GO_0004325', 'GO_0030288', 'GO_0046872', 'GO_0016829', 'GO_0098869', 'GO_0004601', 'GO_0033212', 'GO_0005829', 'GO_0020037', 'GO_0006974'}"
b1020,"{'GO_0005737', 'GO_0005524'}"
b1021,"{'GO_0005515', 'GO_0005886', 'GO_0043708', 'GO_0043709'}"
b1025,"{'GO_0005886', 'GO_0005525', 'GO_0016740', 'GO_0046872', 'GO_0090609', 'GO_0052621'}"
b1026,"{'GO_0006310', 'GO_0003677', 'GO_0015074', 'GO_0003676', 'GO_0032196'}"
b1027,"{'GO_0006310', 'GO_0003677', 'GO_0004803', 'GO_0032196', 'GO_0006313'}"
b1028,{'GO_0016740'}
b1029,{'GO_0005886'}
b1033,"{'GO_0051287', 'GO_0030267', 'GO_0016616', 'GO_0005737', 'GO_0016618', 'GO_0016491', 'GO_0008465', 'GO_0120509', 'GO_0005829', 'GO_0033554'}"
b1034,"{'GO_0042578', 'GO_0042802', 'GO_0005515', 'GO_0003824', 'GO_0016791', 'GO_0046872', 'GO_0008270', 'GO_0005829', 'GO_0071978', 'GO_0016787'}"
b1035,"{'GO_0005515', 'GO_0071978', 'GO_0006974', 'GO_0005829'}"
b1036,{'GO_0005886'}
b1037,"{'GO_0005886', 'GO_0042802', 'GO_0005515', 'GO_0030288', 'GO_0062155', 'GO_0071806', 'GO_0098775', 'GO_0009279', 'GO_0044010', 'GO_0098777'}"
b1038,"{'GO_0042802', 'GO_0005515', 'GO_0062155', 'GO_0098775', 'GO_0009279', 'GO_0098777'}"
b1039,"{'GO_0042802', 'GO_0005515', 'GO_0062155', 'GO_0071806', 'GO_0098775', 'GO_0009279', 'GO_0044010', 'GO_0098777'}"
b1040,"{'GO_0005886', 'GO_0001217', 'GO_0042802', 'GO_0003677', 'GO_1900190', 'GO_0001216', 'GO_0032993', 'GO_0045892', 'GO_0000976', 'GO_0006355', 'GO_2000144', 'GO_0000987'}"
b1041,"{'GO_0042802', 'GO_0005515', 'GO_1990000', 'GO_0007155', 'GO_1905906', 'GO_0098775', 'GO_0009279', 'GO_0009289', 'GO_0044010'}"
b1042,"{'GO_0042802', 'GO_0005515', 'GO_1990000', 'GO_0007155', 'GO_1905906', 'GO_0009289', 'GO_0044010'}"
b1043,{'GO_0042597'}
b1044,{'GO_0044010'}
b1045,"{'GO_0060701', 'GO_0019899', 'GO_0001883', 'GO_0060698', 'GO_0046677', 'GO_0061463', 'GO_0042278', 'GO_0019213', 'GO_0016787', 'GO_1900231', 'GO_0008428'}"
b1046,"{'GO_0090483', 'GO_0016740', 'GO_0016780', 'GO_0030572', 'GO_0008654', 'GO_0032049'}"
b1047,"{'GO_0005886', 'GO_0016748', 'GO_0016741', 'GO_0016746', 'GO_0009250', 'GO_1900727', 'GO_0016747'}"
b1048,"{'GO_0051274', 'GO_0042597', 'GO_0003824', 'GO_0009250', 'GO_0030246', 'GO_0016051'}"
b1049,"{'GO_0005886', 'GO_0016757', 'GO_0005515', 'GO_0016758', 'GO_0009250', 'GO_1900727', 'GO_0008361'}"
b1050,{'GO_0006974'}
b1051,{'GO_0005829'}
b1053,"{'GO_0005886', 'GO_1990961', 'GO_1901562', 'GO_0055085', 'GO_0022857', 'GO_0046677'}"
b1054,"{'GO_0005886', 'GO_0036104', 'GO_0009247', 'GO_0016020', 'GO_0016740', 'GO_0016746', 'GO_0008913', 'GO_0006950', 'GO_0009245', 'GO_0009103'}"
b1055,"{'GO_0005515', 'GO_0016491', 'GO_0006400', 'GO_0002098', 'GO_0016705', 'GO_0008033'}"
b1056,"{'GO_0030288', 'GO_0042597'}"
b1057,"{'GO_0005886', 'GO_0016020', 'GO_0046872', 'GO_0009055', 'GO_0022904'}"
b1058,"{'GO_0005886', 'GO_0044010', 'GO_0010447'}"
b1059,"{'GO_0050660', 'GO_0016491', 'GO_0050131', 'GO_0005829', 'GO_0016647', 'GO_0006974'}"
b1060,"{'GO_0090609', 'GO_1900190'}"
b1061,"{'GO_0019899', 'GO_0006281', 'GO_0009432'}"
b1062,"{'GO_0044205', 'GO_0046872', 'GO_0016787', 'GO_0019856', 'GO_0004151', 'GO_0008270', 'GO_0042803', 'GO_0006207', 'GO_0005829', 'GO_0006221'}"
b1063,{'GO_0005886'}
b1064,"{'GO_0015038', 'GO_0005829'}"
b1065,"{'GO_0005886', 'GO_0016020', 'GO_0055085', 'GO_0022857', 'GO_0046677'}"
b1066,"{'GO_0008999', 'GO_0005737', 'GO_0016746', 'GO_0042254', 'GO_0036211', 'GO_0005829', 'GO_0030490', 'GO_0008080', 'GO_0016747', 'GO_1990189'}"
b1067,{'GO_0005829'}
b1068,"{'GO_0016491', 'GO_0000166'}"
b1069,"{'GO_0005886', 'GO_0015836', 'GO_0015648', 'GO_0008360', 'GO_0034203', 'GO_0000935', 'GO_0009252', 'GO_1901612', 'GO_0071555'}"
b1070,"{'GO_0005515', 'GO_0044780', 'GO_0044781', 'GO_0005737'}"
b1071,"{'GO_0005515', 'GO_0045892', 'GO_0016989', 'GO_0045861', 'GO_0044781'}"
b1072,"{'GO_0071973', 'GO_0042597', 'GO_0044781', 'GO_0044780'}"
b1073,"{'GO_0009288', 'GO_0071973', 'GO_0006935', 'GO_0009425', 'GO_0030694'}"
b1074,"{'GO_0009288', 'GO_0071973', 'GO_0006935', 'GO_0009425', 'GO_0030694'}"
b1075,"{'GO_0044781', 'GO_0005829'}"
b1076,"{'GO_0009288', 'GO_0009425', 'GO_0009424', 'GO_0005829'}"
b1077,"{'GO_0009288', 'GO_0071973', 'GO_0006935', 'GO_0009425', 'GO_0030694'}"
b1078,"{'GO_0009288', 'GO_0009426', 'GO_0071973', 'GO_0006935', 'GO_0009425', 'GO_0009279', 'GO_0030694'}"
b1079,"{'GO_0009288', 'GO_0006970', 'GO_0071973', 'GO_0009425', 'GO_0097588', 'GO_0009279', 'GO_0003774', 'GO_0009427'}"
b1080,"{'GO_0009288', 'GO_0009428', 'GO_0042597', 'GO_0071973', 'GO_0009425', 'GO_0030288', 'GO_0097588', 'GO_0005198', 'GO_0006974'}"
b1081,"{'GO_0042597', 'GO_0071973', 'GO_0044780', 'GO_0016798', 'GO_0004040', 'GO_0071555', 'GO_0044781'}"
b1082,"{'GO_0009288', 'GO_0005576', 'GO_0009424', 'GO_0044780', 'GO_0005515', 'GO_0005198'}"
b1083,"{'GO_0009288', 'GO_0005576', 'GO_0071973', 'GO_0009424', 'GO_0005198'}"
b1084,"{'GO_0042802', 'GO_0006396', 'GO_0004521', 'GO_0000049', 'GO_0000967', 'GO_0008033', 'GO_0008312', 'GO_0006401', 'GO_0019843', 'GO_0006364', 'GO_0005515', 'GO_0060090', 'GO_0008995', 'GO_0017151', 'GO_0051259', 'GO_0051289', 'GO_0005737', 'GO_0046872', 'GO_0004519', 'GO_0003723', 'GO_0006402', 'GO_1902280', 'GO_0005886', 'GO_1990061', 'GO_0016020', 'GO_1902555', 'GO_0000287', 'GO_0008270', 'GO_0009898'}"
b1086,"{'GO_0006364', 'GO_0009982', 'GO_0001522', 'GO_0120159', 'GO_0003723', 'GO_0005829', 'GO_0160141', 'GO_0000455', 'GO_0016853'}"
b1087,"{'GO_0005737', 'GO_0047429', 'GO_0016462', 'GO_0016787', 'GO_0009117'}"
b1088,"{'GO_0042254', 'GO_0005829'}"
b1089,"{'GO_0000302', 'GO_0005515', 'GO_0005737', 'GO_0003735', 'GO_0022625', 'GO_0015934', 'GO_0000027', 'GO_0009314', 'GO_0002181', 'GO_0006412', 'GO_0005829', 'GO_1990904', 'GO_0005840'}"
b1090,"{'GO_0016740', 'GO_0005737', 'GO_0006644', 'GO_0006633', 'GO_0008654', 'GO_0043811', 'GO_0016747'}"
b1091,"{'GO_0044281', 'GO_0005737', 'GO_0004315', 'GO_0016746', 'GO_0006633', 'GO_0005829', 'GO_0006631', 'GO_0033818'}"
b1092,"{'GO_0016746', 'GO_0004314', 'GO_0006633', 'GO_0005829'}"
b1093,"{'GO_0051287', 'GO_0042802', 'GO_0009102', 'GO_0004316', 'GO_0046872', 'GO_0016491', 'GO_0006633', 'GO_0050661', 'GO_0030497', 'GO_0005829', 'GO_0008610'}"
b1094,"{'GO_0005515', 'GO_0005737', 'GO_0008289', 'GO_0006633', 'GO_0031177', 'GO_0008610', 'GO_0005829', 'GO_0009410', 'GO_0009245', 'GO_0000035', 'GO_0000036'}"
b1095,"{'GO_0044281', 'GO_0005515', 'GO_0004315', 'GO_0016746', 'GO_0006633', 'GO_1903966', 'GO_0019367', 'GO_0042803', 'GO_0005829', 'GO_0016747', 'GO_0009409'}"
b1096,"{'GO_0008696', 'GO_0030170', 'GO_0046394', 'GO_0016829', 'GO_0008153', 'GO_0046656', 'GO_0046654'}"
b1097,"{'GO_0005886', 'GO_0005515', 'GO_0030288', 'GO_0008932', 'GO_0016829', 'GO_0009252', 'GO_0000270', 'GO_0071555'}"
b1098,"{'GO_0006235', 'GO_0015949', 'GO_0016310', 'GO_0046940', 'GO_0005737', 'GO_0004798', 'GO_0005524', 'GO_0005829', 'GO_0009165', 'GO_0042803', 'GO_0006233', 'GO_0016301'}"
b1099,"{'GO_0043846', 'GO_0006260', 'GO_0003677', 'GO_0009360', 'GO_0005515', 'GO_0003887', 'GO_0006261', 'GO_0071897', 'GO_0003689', 'GO_0008408', 'GO_0030894'}"
b1100,"{'GO_0004536', 'GO_0005515', 'GO_0046872', 'GO_0005829', 'GO_0016787', 'GO_0006259'}"
b1101,"{'GO_0005886', 'GO_0090564', 'GO_0009401', 'GO_0016020', 'GO_0016310', 'GO_0005515', 'GO_0055056', 'GO_1902495', 'GO_0008982', 'GO_0006355', 'GO_0016301', 'GO_1904659', 'GO_0098708'}"
b1102,"{'GO_0016020', 'GO_0033214', 'GO_0015092', 'GO_0042928', 'GO_0072711', 'GO_0015343', 'GO_1902495', 'GO_0006826', 'GO_0015891', 'GO_0006879', 'GO_0038023', 'GO_0009279', 'GO_0044718', 'GO_0015687'}"
b1103,"{'GO_0003824', 'GO_0000166', 'GO_0043530', 'GO_0042803', 'GO_0005829', 'GO_0016787', 'GO_0055130'}"
b1104,{'GO_0006974'}
b1105,"{'GO_0008047', 'GO_0019899', 'GO_0008360', 'GO_0005515', 'GO_0031241', 'GO_0030234', 'GO_0009279', 'GO_0009252'}"
b1106,"{'GO_0019165', 'GO_0016310', 'GO_0009229', 'GO_0005524', 'GO_0016301', 'GO_0006772'}"
b1107,"{'GO_0016231', 'GO_0008360', 'GO_0005975', 'GO_0005737', 'GO_0009254', 'GO_0016798', 'GO_0051301', 'GO_0004563', 'GO_0005829', 'GO_0009252', 'GO_0071555'}"
b1108,"{'GO_0005515', 'GO_0005829'}"
b1109,"{'GO_0005886', 'GO_0008137', 'GO_0050660', 'GO_0055070', 'GO_1902600', 'GO_0030964', 'GO_0016491', 'GO_0003954', 'GO_0008823', 'GO_0006116', 'GO_0050136', 'GO_0009061', 'GO_0019646', 'GO_0009060'}"
b1110,"{'GO_0005886', 'GO_0019867', 'GO_0016020', 'GO_1900190'}"
b1111,"{'GO_0003677', 'GO_0046688', 'GO_0045892', 'GO_0080090', 'GO_0009889'}"
b1112,"{'GO_0046688', 'GO_0006950', 'GO_0044010', 'GO_0009279'}"
b1114,"{'GO_0015616', 'GO_0003677', 'GO_0006294', 'GO_0005515', 'GO_0003684', 'GO_0005737', 'GO_0000716', 'GO_0004386', 'GO_0005524', 'GO_0006281', 'GO_0043175', 'GO_0006283', 'GO_0006355', 'GO_0005829', 'GO_0016787', 'GO_1990391', 'GO_0006974'}"
b1115,"{'GO_0005886', 'GO_0016747'}"
b1116,"{'GO_0005886', 'GO_0016020', 'GO_0005515', 'GO_0030288', 'GO_0089705', 'GO_0043190', 'GO_0042953', 'GO_0044874', 'GO_0140306', 'GO_0098797'}"
b1117,"{'GO_0005886', 'GO_0016020', 'GO_0089705', 'GO_0043190', 'GO_0005524', 'GO_0016887', 'GO_0044873', 'GO_0044874', 'GO_0140306', 'GO_0098797'}"
b1118,"{'GO_0005886', 'GO_0016020', 'GO_0005515', 'GO_0043190', 'GO_0042953', 'GO_0044874', 'GO_0140306', 'GO_0098797'}"
b1119,"{'GO_0016310', 'GO_0046835', 'GO_0045127', 'GO_0005515', 'GO_0046872', 'GO_0009254', 'GO_0005524', 'GO_0008270', 'GO_0006044', 'GO_0016301'}"
b1120,"{'GO_0003950', 'GO_0036054', 'GO_0016740', 'GO_0005515', 'GO_0005737', 'GO_0036055', 'GO_0046872', 'GO_0160013', 'GO_0006476', 'GO_0008270', 'GO_0036048', 'GO_0036049', 'GO_0006338', 'GO_0034979', 'GO_0070403'}"
b1121,{'GO_0005886'}
b1122,"{'GO_0005886', 'GO_0071978'}"
b1123,"{'GO_0015846', 'GO_0015848', 'GO_0016020', 'GO_0019808', 'GO_0042597', 'GO_0019809', 'GO_0030288', 'GO_0015847', 'GO_1903711', 'GO_0019810'}"
b1124,"{'GO_0005886', 'GO_0016020', 'GO_0015417', 'GO_0043190', 'GO_0055085', 'GO_0015847', 'GO_1903711'}"
b1125,"{'GO_0005886', 'GO_0016020', 'GO_0015417', 'GO_0043190', 'GO_0055085', 'GO_0015847', 'GO_1903711'}"
b1126,"{'GO_0005886', 'GO_0015846', 'GO_0016020', 'GO_0015417', 'GO_0032991', 'GO_0000166', 'GO_0005524', 'GO_0015594', 'GO_0015847', 'GO_0016887', 'GO_0043190', 'GO_0055085', 'GO_1903711'}"
b1127,"{'GO_0005515', 'GO_0005737', 'GO_0006518', 'GO_0008237', 'GO_0046872', 'GO_0045148', 'GO_0008270', 'GO_0042803', 'GO_0006508', 'GO_0005829', 'GO_0004177', 'GO_0043171'}"
b1128,"{'GO_0051213', 'GO_0005515', 'GO_0043687', 'GO_0008198', 'GO_0046872', 'GO_0042803', 'GO_0016706'}"
b1129,"{'GO_0000155', 'GO_0005886', 'GO_0018106', 'GO_0016020', 'GO_0010350', 'GO_0016310', 'GO_0042802', 'GO_0005515', 'GO_0046872', 'GO_0004721', 'GO_0005524', 'GO_0004673', 'GO_0016301', 'GO_0000160', 'GO_0007165', 'GO_0007234'}"
b1130,"{'GO_0042802', 'GO_0003677', 'GO_0005737', 'GO_0001216', 'GO_0032993', 'GO_0000976', 'GO_0006355', 'GO_0005829', 'GO_0045893', 'GO_0000160'}"
b1131,"{'GO_0006188', 'GO_0097216', 'GO_0006164', 'GO_0044208', 'GO_0070626', 'GO_0005515', 'GO_0016829', 'GO_0006189', 'GO_0005829', 'GO_0004018', 'GO_0006974'}"
b1132,"{'GO_0005886', 'GO_0009408', 'GO_0005515', 'GO_0005737', 'GO_0009898'}"
b1133,"{'GO_0016740', 'GO_0005737', 'GO_0005524', 'GO_0006400', 'GO_0002143', 'GO_0000049', 'GO_0016783', 'GO_0005829', 'GO_0008033', 'GO_1990228', 'GO_0103016'}"
b1134,"{'GO_0017111', 'GO_0017110', 'GO_0002145', 'GO_0016462', 'GO_0016787', 'GO_0004787'}"
b1135,"{'GO_0006364', 'GO_0009982', 'GO_0001522', 'GO_0120159', 'GO_0003723', 'GO_0140098', 'GO_0016853', 'GO_0000455', 'GO_0160137'}"
b1136,"{'GO_0051287', 'GO_0097216', 'GO_0006979', 'GO_0005515', 'GO_0005737', 'GO_0016491', 'GO_0046872', 'GO_0000287', 'GO_0005829', 'GO_0004450', 'GO_0006097', 'GO_0006099', 'GO_0022900'}"
b1138,{'GO_0005886'}
b1139,"{'GO_0005886', 'GO_0008233', 'GO_0006508', 'GO_0006448'}"
b1140,"{'GO_0006310', 'GO_0003677', 'GO_0008907', 'GO_0046718', 'GO_0015074', 'GO_0044826', 'GO_0046982', 'GO_0075713'}"
b1141,"{'GO_0006310', 'GO_0003677'}"
b1142,{'GO_0005886'}
b1144,{'GO_0005829'}
b1145,{'GO_0003677'}
b1146,{'GO_0003677'}
b1147,{'GO_0003677'}
b1148,{'GO_2000245'}
b1149,{'GO_0004519'}
b1150,{'GO_0005886'}
b1156,{'GO_0005515'}
b1158,"{'GO_0000150', 'GO_0016874', 'GO_0006310', 'GO_0003677', 'GO_0015074', 'GO_0016787'}"
b1159,"{'GO_0009307', 'GO_0004519', 'GO_0008270', 'GO_0003676', 'GO_0008327'}"
b1160,"{'GO_0010350', 'GO_0009267', 'GO_0042177', 'GO_0005515', 'GO_0005737', 'GO_0045893', 'GO_0071468', 'GO_0043856'}"
b1162,"{'GO_0003700', 'GO_0003677', 'GO_0005515', 'GO_0045892', 'GO_0006355'}"
b1163,"{'GO_0009881', 'GO_0050660', 'GO_0009637', 'GO_0009882', 'GO_0009785', 'GO_0140297', 'GO_0071949'}"
b1164,"{'GO_0005515', 'GO_0071468', 'GO_0045892'}"
b1165,"{'GO_0005515', 'GO_1900191'}"
b1166,"{'GO_0042542', 'GO_0003677', 'GO_0005515', 'GO_0042803', 'GO_0071468', 'GO_0044010'}"
b1167,{'GO_0044010'}
b1168,"{'GO_0005886', 'GO_0005737', 'GO_0030288', 'GO_0071111', 'GO_0016787'}"
b1171,{'GO_0030288'}
b1174,"{'GO_0005886', 'GO_0042802', 'GO_0032955', 'GO_0005515', 'GO_0060590', 'GO_0051301', 'GO_0000918', 'GO_0001671', 'GO_0005829'}"
b1175,"{'GO_0005886', 'GO_0060187', 'GO_0042802', 'GO_0005515', 'GO_0051301', 'GO_0005524', 'GO_0016887', 'GO_0000918', 'GO_0009898', 'GO_0008298', 'GO_0000917', 'GO_0005829', 'GO_0007059'}"
b1176,"{'GO_0051726', 'GO_0051302', 'GO_0060187', 'GO_0042802', 'GO_0005515', 'GO_0000902', 'GO_0051301', 'GO_0000918', 'GO_0004857', 'GO_0000917', 'GO_0090529', 'GO_0005829', 'GO_1901891'}"
b1178,"{'GO_0030288', 'GO_0006952', 'GO_0042597', 'GO_0060241'}"
b1180,"{'GO_0006107', 'GO_0003824', 'GO_0046872', 'GO_0050163', 'GO_0016853'}"
b1183,"{'GO_0003697', 'GO_0042802', 'GO_0003677', 'GO_0005515', 'GO_0003887', 'GO_0006281', 'GO_0009432', 'GO_0008236', 'GO_0019985', 'GO_0003676', 'GO_0006355', 'GO_0005829', 'GO_0006508', 'GO_0008094', 'GO_0009355', 'GO_0006974'}"
b1184,"{'GO_0003697', 'GO_0005886', 'GO_0016020', 'GO_0005515', 'GO_0003684', 'GO_0003887', 'GO_0006281', 'GO_0009432', 'GO_0019985', 'GO_0005829', 'GO_0008094', 'GO_0009355', 'GO_0006974'}"
b1185,"{'GO_0005886', 'GO_0009408', 'GO_0016020', 'GO_0015035', 'GO_0005515', 'GO_0016672', 'GO_0009055', 'GO_0016491', 'GO_0006457', 'GO_0048039'}"
b1186,"{'GO_0005886', 'GO_0010226', 'GO_0016020', 'GO_0015385', 'GO_0006814', 'GO_0015297', 'GO_0055085', 'GO_0015081', 'GO_0035725'}"
b1187,"{'GO_0003700', 'GO_0003677', 'GO_0005737', 'GO_0000062', 'GO_0045892', 'GO_0042803', 'GO_0006355', 'GO_0005829', 'GO_0006631', 'GO_0045723', 'GO_0045893', 'GO_0019217'}"
b1188,{'GO_0006974'}
b1189,"{'GO_0005886', 'GO_0008718', 'GO_0016491', 'GO_0019478', 'GO_0042803', 'GO_0055130', 'GO_0019480'}"
b1191,"{'GO_0005886', 'GO_0071805', 'GO_0050660', 'GO_1902600', 'GO_0016020', 'GO_0015297', 'GO_0006884', 'GO_0006813', 'GO_0015386'}"
b1192,"{'GO_0008360', 'GO_0005737', 'GO_0009254', 'GO_0004180', 'GO_0008236', 'GO_0042803', 'GO_0006508', 'GO_0005829', 'GO_0106415', 'GO_0061787', 'GO_0009252', 'GO_0071555'}"
b1193,"{'GO_0051301', 'GO_0008932', 'GO_0016829', 'GO_0016837', 'GO_0009279', 'GO_0000270', 'GO_0008933', 'GO_0071555', 'GO_0016998'}"
b1194,"{'GO_0009288', 'GO_0071945', 'GO_0071973', 'GO_0005515', 'GO_0009425', 'GO_0000166', 'GO_0035438', 'GO_1902201'}"
b1195,"{'GO_0005886', 'GO_0016020'}"
b1197,"{'GO_0042597', 'GO_0071474', 'GO_0005991', 'GO_0030288', 'GO_0016798', 'GO_0005993', 'GO_0004555', 'GO_0006974'}"
b1201,"{'GO_0003677', 'GO_0005515', 'GO_0005524', 'GO_0016887', 'GO_0006071', 'GO_0006351', 'GO_0006355', 'GO_0043565'}"
b1202,"{'GO_0019867', 'GO_0007155', 'GO_0043708'}"
b1203,"{'GO_0005525', 'GO_0017111', 'GO_0043023', 'GO_0006979', 'GO_0005515', 'GO_0046872', 'GO_0005524', 'GO_0016887', 'GO_0004857', 'GO_0042803', 'GO_0043022'}"
b1204,"{'GO_0005737', 'GO_0004045', 'GO_0006515', 'GO_0006412', 'GO_0016787'}"
b1205,"{'GO_0070301', 'GO_0071276', 'GO_0044011'}"
b1206,"{'GO_0005886', 'GO_1902358', 'GO_0016020', 'GO_0015141', 'GO_0070778', 'GO_0015138', 'GO_0015183', 'GO_0055085', 'GO_0015741', 'GO_0015810', 'GO_0008271', 'GO_0071422'}"
b1207,"{'GO_0006015', 'GO_0016310', 'GO_0042802', 'GO_0005515', 'GO_0005737', 'GO_0043531', 'GO_0046872', 'GO_0005524', 'GO_0009165', 'GO_0000287', 'GO_0034214', 'GO_0042301', 'GO_0009156', 'GO_0005829', 'GO_0016301', 'GO_0004749'}"
b1208,"{'GO_0019288', 'GO_0016310', 'GO_0005515', 'GO_0016114', 'GO_0005524', 'GO_0050515', 'GO_0008299', 'GO_0016301'}"
b1209,"{'GO_0042157', 'GO_0005515', 'GO_0030288', 'GO_0015031', 'GO_0009279', 'GO_0044874'}"
b1210,"{'GO_0008883', 'GO_0042802', 'GO_0033014', 'GO_0005515', 'GO_0006782', 'GO_0016491', 'GO_0050661', 'GO_0006779', 'GO_0019353'}"
b1211,"{'GO_0005515', 'GO_0005737', 'GO_0016149', 'GO_0043022', 'GO_0006415', 'GO_0006412', 'GO_0005829'}"
b1212,"{'GO_0008170', 'GO_0018364', 'GO_0008757', 'GO_0006479', 'GO_0010468', 'GO_0043414', 'GO_0102559', 'GO_0036009', 'GO_0006415', 'GO_0003676', 'GO_0032259', 'GO_0008168', 'GO_0008276'}"
b1213,{'GO_0005886'}
b1215,"{'GO_0042802', 'GO_0016740', 'GO_0005737', 'GO_0019294', 'GO_0032991', 'GO_0008676', 'GO_0009058', 'GO_0005829', 'GO_0009103'}"
b1216,"{'GO_0005886', 'GO_0071805', 'GO_1902600', 'GO_0016020', 'GO_0010446', 'GO_0015385', 'GO_0015297', 'GO_0055085', 'GO_0006811', 'GO_0015386', 'GO_0035725'}"
b1218,"{'GO_0003839', 'GO_0061928', 'GO_0006751', 'GO_0016829'}"
b1219,"{'GO_0005515', 'GO_0042802', 'GO_0032991', 'GO_0005829'}"
b1220,"{'GO_0042597', 'GO_0009279'}"
b1221,"{'GO_0001217', 'GO_0042802', 'GO_0003677', 'GO_0005515', 'GO_0032993', 'GO_0005524', 'GO_0045892', 'GO_0000976', 'GO_0006355', 'GO_0005829', 'GO_0042128', 'GO_0000160'}"
b1222,"{'GO_0005524', 'GO_0004672', 'GO_0006974', 'GO_0005515', 'GO_0046983', 'GO_0071250', 'GO_0030288', 'GO_0004673', 'GO_0016301', 'GO_0018106', 'GO_0000155', 'GO_0005886', 'GO_0071249', 'GO_0016020', 'GO_0016310', 'GO_0004721', 'GO_0042803', 'GO_0042128', 'GO_0000160', 'GO_0007165'}"
b1223,"{'GO_0005886', 'GO_0016020', 'GO_0005452', 'GO_0015112', 'GO_0015707', 'GO_0015113', 'GO_0042128', 'GO_0015706', 'GO_0043602'}"
b1224,"{'GO_0005886', 'GO_0044799', 'GO_0016020', 'GO_0043546', 'GO_0051539', 'GO_0005515', 'GO_0046872', 'GO_0008940', 'GO_0009055', 'GO_0009325', 'GO_0016491', 'GO_0042126', 'GO_0160182', 'GO_1990204', 'GO_0019645', 'GO_0009061', 'GO_0042128', 'GO_0045333'}"
b1225,"{'GO_0005886', 'GO_0044799', 'GO_0016020', 'GO_0051539', 'GO_0005515', 'GO_0046872', 'GO_0008940', 'GO_0009055', 'GO_0009325', 'GO_0016491', 'GO_0042126', 'GO_0051538', 'GO_0160182', 'GO_0019645', 'GO_0009061', 'GO_0042128'}"
b1226,"{'GO_0051082', 'GO_0005515', 'GO_0005737', 'GO_0016530', 'GO_0051131', 'GO_0042128'}"
b1227,"{'GO_0005886', 'GO_0044799', 'GO_0016020', 'GO_0046872', 'GO_0008940', 'GO_0009055', 'GO_0009325', 'GO_0016491', 'GO_0042126', 'GO_0160182', 'GO_0019645', 'GO_0009061', 'GO_0020037', 'GO_0042128'}"
b1232,"{'GO_0042802', 'GO_0006164', 'GO_0005829', 'GO_0006730', 'GO_0006189', 'GO_0034214', 'GO_0008864', 'GO_0016787'}"
b1233,{'GO_0005515'}
b1234,"{'GO_0004622', 'GO_0046470', 'GO_0016787', 'GO_0016042'}"
b1235,"{'GO_0005515', 'GO_0010468', 'GO_0045892', 'GO_1903865', 'GO_0031648', 'GO_0016989', 'GO_0045862', 'GO_0000160'}"
b1236,"{'GO_0042802', 'GO_0032991', 'GO_0009244', 'GO_0016779', 'GO_0009058', 'GO_0000287', 'GO_0033499', 'GO_1900727', 'GO_0003983', 'GO_0005829', 'GO_0009242', 'GO_0006011'}"
b1237,"{'GO_0006417', 'GO_0042802', 'GO_0003681', 'GO_0036411', 'GO_0006355', 'GO_0005829', 'GO_0005667', 'GO_0005515', 'GO_0032993', 'GO_0045892', 'GO_0097495', 'GO_0046983', 'GO_0003677', 'GO_0005737', 'GO_0003723', 'GO_0000976', 'GO_1990121', 'GO_0036386', 'GO_0001217', 'GO_0009295', 'GO_0016020', 'GO_0030527', 'GO_1900232'}"
b1238,"{'GO_0016310', 'GO_0042802', 'GO_0005737', 'GO_0046872', 'GO_0004797', 'GO_0005524', 'GO_0071897', 'GO_0036198', 'GO_0008270', 'GO_0005829', 'GO_0016301', 'GO_0006259'}"
b1240,"{'GO_0004803', 'GO_0003677', 'GO_0006313'}"
b1241,"{'GO_0051260', 'GO_0016020', 'GO_0042802', 'GO_0006979', 'GO_0005515', 'GO_0015976', 'GO_0008198', 'GO_0016491', 'GO_0016616', 'GO_0006066', 'GO_0008774', 'GO_0018455', 'GO_0046872', 'GO_0005829', 'GO_0004022', 'GO_0006115', 'GO_0019664'}"
b1242,"{'GO_0005886', 'GO_0016020'}"
b1243,"{'GO_0009408', 'GO_0016020', 'GO_0042597', 'GO_0055052', 'GO_0006857', 'GO_0015031', 'GO_0030288', 'GO_0043190', 'GO_0055085', 'GO_0140205', 'GO_0015833', 'GO_1900750', 'GO_0061077'}"
b1244,"{'GO_0005886', 'GO_0016020', 'GO_0055052', 'GO_0015031', 'GO_0140205', 'GO_0055085', 'GO_0140207', 'GO_0015833', 'GO_0015834', 'GO_0015640'}"
b1245,"{'GO_0005886', 'GO_0016020', 'GO_0055052', 'GO_0015031', 'GO_0140205', 'GO_0055085', 'GO_0140207', 'GO_0015833', 'GO_0015834', 'GO_0015640'}"
b1246,"{'GO_0005886', 'GO_0016020', 'GO_0005515', 'GO_0055052', 'GO_0015031', 'GO_0140205', 'GO_0005524', 'GO_0016887', 'GO_0140207', 'GO_0015833', 'GO_0015834', 'GO_0015640'}"
b1247,"{'GO_0005886', 'GO_0016020', 'GO_0055052', 'GO_0015031', 'GO_0140205', 'GO_0005524', 'GO_0016887', 'GO_0140207', 'GO_0015833', 'GO_0015834', 'GO_0015640'}"
b1248,{'GO_0005515'}
b1249,"{'GO_0005886', 'GO_0060187', 'GO_0016020', 'GO_0016740', 'GO_0005515', 'GO_0016780', 'GO_0008808', 'GO_0030572', 'GO_0008654', 'GO_0032049'}"
b1250,"{'GO_0005886', 'GO_0071805', 'GO_0042802', 'GO_0032991', 'GO_0006813', 'GO_0005267', 'GO_0034220'}"
b1251,{'GO_0005829'}
b1252,"{'GO_0043213', 'GO_0015889', 'GO_0031992', 'GO_0098797', 'GO_0042914', 'GO_0005515', 'GO_1902495', 'GO_0015891', 'GO_0030003', 'GO_0009279', 'GO_0030313', 'GO_0030288', 'GO_0015031', 'GO_0055085', 'GO_0019904', 'GO_0005886', 'GO_0016020', 'GO_0098002', 'GO_0006879'}"
b1253,"{'GO_0016790', 'GO_0016787', 'GO_0044581', 'GO_0052816'}"
b1254,"{'GO_0005515', 'GO_0005886', 'GO_0016020'}"
b1255,{'GO_0005886'}
b1256,"{'GO_0005515', 'GO_0019867', 'GO_0009279'}"
b1258,"{'GO_0042803', 'GO_0006974'}"
b1259,{'GO_0071978'}
b1260,"{'GO_0000162', 'GO_0005737', 'GO_0016829', 'GO_0009073', 'GO_0006568', 'GO_0005829', 'GO_0004834', 'GO_0060090'}"
b1261,"{'GO_0042802', 'GO_0000162', 'GO_0005737', 'GO_0030170', 'GO_0016829', 'GO_0009073', 'GO_0042803', 'GO_0006568', 'GO_0005829', 'GO_0004834'}"
b1262,"{'GO_0016831', 'GO_0000162', 'GO_0016830', 'GO_0004425', 'GO_0006568', 'GO_0016853', 'GO_0004640'}"
b1263,"{'GO_0006541', 'GO_0016757', 'GO_0000162', 'GO_0005950', 'GO_0016829', 'GO_0004048', 'GO_0004049', 'GO_0000287', 'GO_0016763'}"
b1264,"{'GO_0000162', 'GO_0005950', 'GO_0046872', 'GO_0016829', 'GO_0004049', 'GO_0009058'}"
b1265,"{'GO_0090357', 'GO_0000162'}"
b1266,"{'GO_0008252', 'GO_0006364', 'GO_0003824', 'GO_0004527', 'GO_0046872', 'GO_0000166', 'GO_0097657', 'GO_0000470', 'GO_0030145', 'GO_0000481', 'GO_0004534', 'GO_0030490', 'GO_0006259', 'GO_0035312'}"
b1267,"{'GO_0003725', 'GO_0005829'}"
b1268,{'GO_0005886'}
b1269,"{'GO_0006364', 'GO_0005515', 'GO_0009982', 'GO_0001522', 'GO_0120159', 'GO_0003723', 'GO_0005829', 'GO_0000455', 'GO_0160139', 'GO_0016853'}"
b1270,"{'GO_0016740', 'GO_0005737', 'GO_0008817', 'GO_0005524', 'GO_0009236', 'GO_0006779', 'GO_0019250'}"
b1271,{'GO_0016491'}
b1272,"{'GO_0005886', 'GO_0008236', 'GO_0006508', 'GO_0004252'}"
b1273,{'GO_0005829'}
b1274,"{'GO_0003917', 'GO_0006265', 'GO_0003677', 'GO_0005515', 'GO_0046872', 'GO_0005694', 'GO_0140226', 'GO_0005829', 'GO_0003916'}"
b1275,"{'GO_0003700', 'GO_0010165', 'GO_0042802', 'GO_0003677', 'GO_0005737', 'GO_0006351', 'GO_0006355', 'GO_0005829', 'GO_0019344'}"
b1276,"{'GO_0003994', 'GO_0005506', 'GO_0006979', 'GO_0005737', 'GO_0046872', 'GO_0003729', 'GO_0051539', 'GO_0003723', 'GO_0016829', 'GO_0003730', 'GO_0005829', 'GO_0006097', 'GO_0006099', 'GO_0009061'}"
b1277,"{'GO_0005525', 'GO_0005515', 'GO_0003824', 'GO_0046872', 'GO_0000287', 'GO_0008270', 'GO_0042803', 'GO_0009231', 'GO_0016787', 'GO_0003935'}"
b1278,"{'GO_0005886', 'GO_0008962', 'GO_0009279', 'GO_0050380', 'GO_0000810', 'GO_0006655', 'GO_0008195', 'GO_0046474', 'GO_0016787', 'GO_0009252', 'GO_0009395'}"
b1279,"{'GO_0005515', 'GO_0008653', 'GO_0005886'}"
b1280,"{'GO_0005886', 'GO_0005506', 'GO_0005515', 'GO_0008653', 'GO_0046872', 'GO_0046890', 'GO_0009898', 'GO_0005829'}"
b1281,"{'GO_0044205', 'GO_0016831', 'GO_0015949', 'GO_0004590', 'GO_0005515', 'GO_0005737', 'GO_0006207', 'GO_0005829', 'GO_0006221'}"
b1282,"{'GO_0006417', 'GO_0006413', 'GO_0043024', 'GO_0006412', 'GO_0003743'}"
b1283,"{'GO_0005886', 'GO_0019867', 'GO_0006970'}"
b1284,"{'GO_0003700', 'GO_0003677', 'GO_0006355', 'GO_0005829', 'GO_0006974'}"
b1285,"{'GO_0005525', 'GO_0010608', 'GO_0005515', 'GO_0071111', 'GO_0016787'}"
b1286,"{'GO_0006401', 'GO_0005515', 'GO_0005737', 'GO_0004527', 'GO_0016078', 'GO_0003723', 'GO_0006402', 'GO_0008408', 'GO_0005829', 'GO_0008859'}"
b1288,"{'GO_0016020', 'GO_0009102', 'GO_0042802', 'GO_0051289', 'GO_0005515', 'GO_0032991', 'GO_0016491', 'GO_0006633', 'GO_0004318', 'GO_0030497', 'GO_1902494', 'GO_0005829', 'GO_0008610', 'GO_0046677', 'GO_0070404'}"
b1290,"{'GO_0005886', 'GO_0016020', 'GO_0005515', 'GO_0055052', 'GO_0043190', 'GO_0005524', 'GO_0016887', 'GO_0015847', 'GO_0015489', 'GO_0015833'}"
b1291,"{'GO_0005886', 'GO_0071805', 'GO_0016020', 'GO_0055052', 'GO_0043190', 'GO_0005524', 'GO_0016887', 'GO_0015847', 'GO_0006813', 'GO_0015489', 'GO_0015833'}"
b1292,"{'GO_0005886', 'GO_0016020', 'GO_0055052', 'GO_0043190', 'GO_0055085', 'GO_0015847', 'GO_0015489', 'GO_0015833'}"
b1293,"{'GO_0005886', 'GO_0016020', 'GO_0055052', 'GO_0043190', 'GO_0055085', 'GO_0015847', 'GO_0015489', 'GO_0035442', 'GO_0015833'}"
b1294,"{'GO_0016020', 'GO_0042597', 'GO_0055052', 'GO_0030288', 'GO_0043190', 'GO_0055085', 'GO_0015833'}"
b1295,{'GO_0005829'}
b1296,"{'GO_0005886', 'GO_1902600', 'GO_0006865', 'GO_0016020', 'GO_0015293', 'GO_0055085', 'GO_0015847', 'GO_0015295', 'GO_0015489', 'GO_0006974', 'GO_0009447'}"
b1297,"{'GO_0016874', 'GO_0034024', 'GO_0005524', 'GO_0004356', 'GO_0006542', 'GO_0016879', 'GO_0009447'}"
b1298,"{'GO_0016811', 'GO_0016787', 'GO_0033969', 'GO_0009447'}"
b1299,"{'GO_0006351', 'GO_0003677', 'GO_0009447'}"
b1300,"{'GO_0016491', 'GO_0016620', 'GO_0033721', 'GO_0004030', 'GO_0004029', 'GO_0009447'}"
b1301,"{'GO_0016491', 'GO_0009447'}"
b1302,"{'GO_0034386', 'GO_0030170', 'GO_0008483', 'GO_0009448', 'GO_0009447'}"
b1303,"{'GO_0042802', 'GO_0005667', 'GO_0003677', 'GO_0005515', 'GO_0005737', 'GO_0045892', 'GO_0005524', 'GO_0016887', 'GO_0006355', 'GO_0043565', 'GO_0045893', 'GO_0000160', 'GO_0080135'}"
b1304,"{'GO_0005886', 'GO_0009408', 'GO_0042802', 'GO_0005667', 'GO_0060187', 'GO_0005515', 'GO_0005737', 'GO_0009898', 'GO_0006355', 'GO_0005829', 'GO_0005543', 'GO_0009271', 'GO_0080135'}"
b1305,"{'GO_0005886', 'GO_0005515', 'GO_0006355', 'GO_0080135', 'GO_0009271'}"
b1306,"{'GO_0005515', 'GO_0005886', 'GO_0010557', 'GO_0080135'}"
b1307,"{'GO_0005737', 'GO_0005886', 'GO_0009271'}"
b1308,"{'GO_0030288', 'GO_0016740', 'GO_0042597', 'GO_0004792'}"
b1309,"{'GO_0110068', 'GO_0016757', 'GO_0005975'}"
b1310,"{'GO_0005886', 'GO_0016020', 'GO_0042597', 'GO_0055052', 'GO_0030288', 'GO_0055085'}"
b1311,"{'GO_0005886', 'GO_0055052', 'GO_0016020', 'GO_0055085'}"
b1312,"{'GO_0005886', 'GO_0055052', 'GO_0016020', 'GO_0055085'}"
b1313,"{'GO_0046872', 'GO_0016491', 'GO_0008270', 'GO_0016616'}"
b1314,"{'GO_0042802', 'GO_0046872', 'GO_0005829', 'GO_0030145', 'GO_0016857', 'GO_0016853'}"
b1315,"{'GO_0016491', 'GO_0000166', 'GO_0016616'}"
b1316,"{'GO_0016740', 'GO_0005975', 'GO_0003824', 'GO_0016798', 'GO_0033831', 'GO_0030246'}"
b1317,"{'GO_0008801', 'GO_0005975', 'GO_0005737', 'GO_0046872', 'GO_0046677', 'GO_0009294', 'GO_0000287', 'GO_0016853', 'GO_0006974'}"
b1319,"{'GO_0046930', 'GO_0034219', 'GO_0015768', 'GO_0015478', 'GO_0015481', 'GO_0015288', 'GO_0015772', 'GO_0009279', 'GO_0006811'}"
b1320,"{'GO_0003677', 'GO_0045892', 'GO_0006351', 'GO_0000976', 'GO_0006355', 'GO_0006974'}"
b1321,"{'GO_0005525', 'GO_0019003', 'GO_0016887', 'GO_0016787', 'GO_0003924'}"
b1322,{'GO_0005886'}
b1323,"{'GO_0003677', 'GO_0005515', 'GO_0005737', 'GO_0045892', 'GO_0005524', 'GO_0016887', 'GO_0006355', 'GO_0005829', 'GO_0009056'}"
b1324,"{'GO_0008379', 'GO_0042597', 'GO_0005515', 'GO_0005737', 'GO_0034599', 'GO_0140824', 'GO_0098869', 'GO_0004601', 'GO_0005829', 'GO_0032843'}"
b1325,"{'GO_0016855', 'GO_0046872', 'GO_0009254', 'GO_0016854', 'GO_0009063', 'GO_0103031', 'GO_0016853', 'GO_0071555'}"
b1326,"{'GO_0005737', 'GO_0008237', 'GO_0046872', 'GO_0004180', 'GO_0004040', 'GO_0009050', 'GO_0004181', 'GO_0071555', 'GO_0061473', 'GO_0008270', 'GO_0042803', 'GO_0006508', 'GO_0016998', 'GO_0009253'}"
b1327,"{'GO_0005515', 'GO_0016787', 'GO_0051301'}"
b1328,"{'GO_0003700', 'GO_0003677', 'GO_0045892', 'GO_0006351', 'GO_0006355', 'GO_0043565', 'GO_0071978'}"
b1329,"{'GO_0016020', 'GO_0042597', 'GO_0055052', 'GO_0030288', 'GO_0015031', 'GO_0042939', 'GO_0043190', 'GO_0055085', 'GO_0140207', 'GO_0035351', 'GO_0015833', 'GO_0015834', 'GO_1900750', 'GO_0042938'}"
b1330,"{'GO_0005886', 'GO_0016020', 'GO_0042802', 'GO_0008381', 'GO_0055085', 'GO_0071470', 'GO_0034220'}"
b1331,"{'GO_0006310', 'GO_0003677', 'GO_0004803', 'GO_0032196', 'GO_0006313'}"
b1332,{'GO_0005886'}
b1333,"{'GO_0070301', 'GO_0071973', 'GO_0005737', 'GO_0036094', 'GO_0006950', 'GO_0044010', 'GO_0034644'}"
b1334,"{'GO_0003700', 'GO_0003677', 'GO_0051539', 'GO_0005737', 'GO_0046872', 'GO_0001216', 'GO_0032993', 'GO_0071731', 'GO_0000976', 'GO_0006355', 'GO_0005829', 'GO_0045893', 'GO_0051536', 'GO_0009061'}"
b1335,"{'GO_0005737', 'GO_0003908', 'GO_0006281', 'GO_0032259', 'GO_0008168', 'GO_0006259', 'GO_0006307'}"
b1338,"{'GO_0071713', 'GO_0016810', 'GO_0005515', 'GO_0005737', 'GO_1902494', 'GO_0016787', 'GO_0046982', 'GO_0046657'}"
b1339,"{'GO_0003700', 'GO_0006351', 'GO_0003677', 'GO_0006355'}"
b1340,"{'GO_0006259', 'GO_0004519', 'GO_0004520', 'GO_0003677'}"
b1341,"{'GO_0005525', 'GO_0042802', 'GO_0016740', 'GO_0005515', 'GO_0046872', 'GO_1900233', 'GO_0052621'}"
b1342,"{'GO_0005886', 'GO_1902600', 'GO_1903830', 'GO_0005515', 'GO_0022883', 'GO_0071578', 'GO_0015295', 'GO_0006824', 'GO_0071577', 'GO_0006811', 'GO_0005385'}"
b1343,"{'GO_0019843', 'GO_0005737', 'GO_0033677', 'GO_0034458', 'GO_0042254', 'GO_0003724', 'GO_0004386', 'GO_0003723', 'GO_0005524', 'GO_0016887', 'GO_0043531', 'GO_0000027', 'GO_0003676', 'GO_0016787'}"
b1344,"{'GO_0034227', 'GO_0051539', 'GO_0016740', 'GO_0005737', 'GO_0046872', 'GO_0005524', 'GO_0006400', 'GO_0000049', 'GO_0000287', 'GO_0016783', 'GO_0042803', 'GO_0005829', 'GO_0008033'}"
b1345,"{'GO_0006310', 'GO_0003677', 'GO_0046718', 'GO_0015074', 'GO_0044826', 'GO_0075713'}"
b1346,"{'GO_1990837', 'GO_0032359'}"
b1347,"{'GO_0005515', 'GO_0006259', 'GO_0046677'}"
b1348,"{'GO_1990238', 'GO_0004519', 'GO_0046677', 'GO_0009307'}"
b1349,"{'GO_0003697', 'GO_0003677', 'GO_0006310', 'GO_0005515', 'GO_0032993', 'GO_0032508', 'GO_0006259'}"
b1350,"{'GO_0004527', 'GO_0051908', 'GO_0042802', 'GO_0006259'}"
b1352,"{'GO_0051301', 'GO_0046677', 'GO_0051782'}"
b1353,{'GO_0005886'}
b1356,"{'GO_2000143', 'GO_0001217', 'GO_0003677'}"
b1357,{'GO_0003677'}
b1358,{'GO_0043093'}
b1360,{'GO_0005524'}
b1361,{'GO_0005515'}
b1363,"{'GO_0005886', 'GO_0015079', 'GO_0034220', 'GO_0071805', 'GO_0016020', 'GO_0046872', 'GO_0015379', 'GO_0006813', 'GO_0005267', 'GO_0030001', 'GO_0030955'}"
b1366,{'GO_0005515'}
b1370,"{'GO_0006310', 'GO_0003677', 'GO_0045893', 'GO_0005829', 'GO_0004803', 'GO_0032196', 'GO_0006313'}"
b1371,{'GO_0044384'}
b1372,{'GO_0005198'}
b1374,"{'GO_0000150', 'GO_0016874', 'GO_0003677', 'GO_0006310', 'GO_0005515', 'GO_0015074', 'GO_0016787'}"
b1375,{'GO_0009409'}
b1376,"{'GO_0005515', 'GO_0007155', 'GO_0005524', 'GO_1902021'}"
b1377,"{'GO_0016020', 'GO_0034219', 'GO_0046930', 'GO_0015288', 'GO_0009279', 'GO_0006811', 'GO_0034220'}"
b1378,"{'GO_0016903', 'GO_0005506', 'GO_0006979', 'GO_0046872', 'GO_0016491', 'GO_0051539', 'GO_0043873', 'GO_0022900'}"
b1379,"{'GO_0009408', 'GO_0016020'}"
b1380,"{'GO_0051287', 'GO_0009408', 'GO_0042802', 'GO_0051289', 'GO_0016616', 'GO_0016491', 'GO_0005829', 'GO_0008720', 'GO_0019664', 'GO_0070404'}"
b1381,{'GO_0005886'}
b1384,"{'GO_0003700', 'GO_0003677', 'GO_0006355', 'GO_0043565', 'GO_0045893', 'GO_0000987'}"
b1385,"{'GO_0032991', 'GO_0008957', 'GO_0016491', 'GO_0046196', 'GO_0047106', 'GO_0016620', 'GO_0004030', 'GO_0019607', 'GO_0009435', 'GO_0006559'}"
b1386,"{'GO_0042597', 'GO_0046872', 'GO_0016491', 'GO_0005509', 'GO_0005507', 'GO_0052595', 'GO_0048038', 'GO_0008131', 'GO_0019607', 'GO_0009308', 'GO_0006559'}"
b1387,"{'GO_0016803', 'GO_0042802', 'GO_0016823', 'GO_0016491', 'GO_0016829', 'GO_0016620', 'GO_0016726', 'GO_0016787', 'GO_0004300', 'GO_0010124'}"
b1395,"{'GO_0016491', 'GO_0008691', 'GO_0006631', 'GO_0003857', 'GO_0009056', 'GO_0070403', 'GO_0010124'}"
b1396,"{'GO_0016790', 'GO_0016787', 'GO_0010124', 'GO_0016289'}"
b1398,"{'GO_0016405', 'GO_0016874', 'GO_0005524', 'GO_0047475', 'GO_0016877', 'GO_0010124'}"
b1399,"{'GO_0003677', 'GO_0005515', 'GO_0006351', 'GO_0000976', 'GO_2000143', 'GO_0010124'}"
b1400,"{'GO_0016740', 'GO_0010124', 'GO_0016289'}"
b1402,"{'GO_0006310', 'GO_0003677', 'GO_0015074', 'GO_0003676', 'GO_0032196'}"
b1403,"{'GO_0006310', 'GO_0003677', 'GO_0004803', 'GO_0032196', 'GO_0006313'}"
b1404,"{'GO_0006310', 'GO_0003677', 'GO_0015074', 'GO_0004803', 'GO_0032196', 'GO_0006313'}"
b1405,{'GO_0005576'}
b1406,"{'GO_0016491', 'GO_0050236', 'GO_0009443', 'GO_0005829'}"
b1407,{'GO_0051595'}
b1408,"{'GO_0005886', 'GO_0008654', 'GO_0016020', 'GO_0016780'}"
b1409,"{'GO_0005886', 'GO_0016020', 'GO_0016740', 'GO_0016772', 'GO_0009273'}"
b1410,{'GO_0005515'}
b1411,"{'GO_0005515', 'GO_0004721', 'GO_0006470', 'GO_0005886'}"
b1412,"{'GO_0050446', 'GO_0006979', 'GO_0016491', 'GO_0009055', 'GO_0016652', 'GO_0042803', 'GO_0016655', 'GO_0005829', 'GO_0010181'}"
b1413,"{'GO_0034458', 'GO_0003724', 'GO_0004386', 'GO_0005524', 'GO_0016887', 'GO_0009451', 'GO_0003676', 'GO_0016787'}"
b1415,"{'GO_0042355', 'GO_0042802', 'GO_0004777', 'GO_0008911', 'GO_0016491', 'GO_0019317', 'GO_0032991', 'GO_0016620', 'GO_0019301', 'GO_0005829', 'GO_0050569'}"
b1418,"{'GO_0005886', 'GO_0016020', 'GO_0019430', 'GO_0046872', 'GO_0009055', 'GO_0016491', 'GO_0022904', 'GO_0020037'}"
b1421,"{'GO_0005886', 'GO_0016020', 'GO_0005515', 'GO_0006935', 'GO_0004888', 'GO_0042803', 'GO_0098561', 'GO_0007165'}"
b1422,"{'GO_0003700', 'GO_0003677', 'GO_0045892', 'GO_0006355', 'GO_0043565'}"
b1423,"{'GO_0046872', 'GO_0016491', 'GO_0051213'}"
b1424,"{'GO_0042597', 'GO_0030288', 'GO_0003824', 'GO_0009250', 'GO_0030246', 'GO_0016051'}"
b1427,"{'GO_0008999', 'GO_0005737', 'GO_0016746', 'GO_0004596', 'GO_0036211', 'GO_0008080', 'GO_0016747', 'GO_1990189'}"
b1428,"{'GO_0016746', 'GO_0016779'}"
b1429,"{'GO_0005886', 'GO_0042802', 'GO_0016020', 'GO_0006812', 'GO_0046690', 'GO_0098655', 'GO_0046677', 'GO_0055085', 'GO_0046583', 'GO_0034220'}"
b1430,"{'GO_0046690', 'GO_0005737', 'GO_0008757', 'GO_0009636', 'GO_0005829', 'GO_0008168', 'GO_0046677', 'GO_0032259'}"
b1431,{'GO_0005886'}
b1432,"{'GO_0006310', 'GO_0003677', 'GO_0046872', 'GO_0004519', 'GO_0032196'}"
b1433,"{'GO_0005886', 'GO_0042919', 'GO_0016020', 'GO_0042925'}"
b1434,"{'GO_0003700', 'GO_0003677', 'GO_0045892', 'GO_0045893', 'GO_0043565'}"
b1435,"{'GO_0005515', 'GO_0006364', 'GO_0000154'}"
b1438,"{'GO_0042802', 'GO_0003677', 'GO_0005515', 'GO_0006950', 'GO_0006355', 'GO_0110001', 'GO_0040008'}"
b1439,"{'GO_0003700', 'GO_0003677', 'GO_0030170', 'GO_0008483', 'GO_0009058', 'GO_0006355'}"
b1440,"{'GO_0042619', 'GO_0015846', 'GO_0019808', 'GO_0016020', 'GO_0042597', 'GO_0016746', 'GO_0030288', 'GO_0055052', 'GO_0055085', 'GO_0009290'}"
b1441,"{'GO_0005886', 'GO_0016020', 'GO_0032991', 'GO_0055052', 'GO_0043190', 'GO_0005524', 'GO_0016887', 'GO_0055085', 'GO_0022857'}"
b1442,"{'GO_0005886', 'GO_0055052', 'GO_0016020', 'GO_0055085'}"
b1443,"{'GO_0005886', 'GO_0016020', 'GO_0055052', 'GO_0055085', 'GO_0009290'}"
b1444,"{'GO_0051287', 'GO_0042802', 'GO_0051289', 'GO_0004029', 'GO_0032991', 'GO_0016491', 'GO_0004030', 'GO_0019145', 'GO_0005829', 'GO_0019477', 'GO_0009447'}"
b1445,"{'GO_0005886', 'GO_0001896'}"
b1446,"{'GO_0005515', 'GO_0005829'}"
b1447,"{'GO_0005515', 'GO_0071978', 'GO_0005886', 'GO_0098659'}"
b1448,"{'GO_0016746', 'GO_0016747', 'GO_0103045'}"
b1449,"{'GO_0016628', 'GO_0016491'}"
b1450,"{'GO_0003700', 'GO_0003677', 'GO_0005515', 'GO_0045892', 'GO_0006355'}"
b1451,"{'GO_0016020', 'GO_0033214', 'GO_0015343', 'GO_1902495', 'GO_0015891', 'GO_0030003', 'GO_0038023', 'GO_0009279'}"
b1452,"{'GO_0030288', 'GO_0003677'}"
b1453,"{'GO_0005886', 'GO_0006865', 'GO_0016020', 'GO_0055085'}"
b1454,"{'GO_0042542', 'GO_0016740'}"
b1460,"{'GO_0004803', 'GO_0003677', 'GO_0006313'}"
b1461,"{'GO_0005737', 'GO_0042803', 'GO_0016862', 'GO_0016853'}"
b1462,"{'GO_0016646', 'GO_0010181'}"
b1463,"{'GO_0004060', 'GO_0016407', 'GO_0005737', 'GO_0016746', 'GO_0042803', 'GO_0046990'}"
b1464,"{'GO_0003824', 'GO_0009058', 'GO_0042803', 'GO_0016853'}"
b1465,"{'GO_0005886', 'GO_0016020', 'GO_0046872', 'GO_0008940', 'GO_0016491', 'GO_0009325', 'GO_0042126', 'GO_0160182', 'GO_0019645', 'GO_0009061', 'GO_0020037', 'GO_0042128'}"
b1466,"{'GO_0051082', 'GO_0005515', 'GO_0005737', 'GO_0051131', 'GO_0042128'}"
b1467,"{'GO_0005886', 'GO_0016020', 'GO_0051539', 'GO_0005515', 'GO_0046872', 'GO_0008940', 'GO_0009055', 'GO_0009325', 'GO_0016491', 'GO_0042126', 'GO_0051536', 'GO_0051538', 'GO_0019645', 'GO_0160182', 'GO_0009061', 'GO_0042128', 'GO_0006974'}"
b1468,"{'GO_0005886', 'GO_0016020', 'GO_0043546', 'GO_0051539', 'GO_0005515', 'GO_0046872', 'GO_0008940', 'GO_0016491', 'GO_0009325', 'GO_1990204', 'GO_0042126', 'GO_0160182', 'GO_0019645', 'GO_0009061', 'GO_0042128', 'GO_0045333'}"
b1469,"{'GO_0005886', 'GO_0016020', 'GO_0015514', 'GO_0015112', 'GO_0015707', 'GO_0015113', 'GO_0042128', 'GO_0015706'}"
b1472,"{'GO_0015288', 'GO_0034220', 'GO_0009279'}"
b1473,"{'GO_0005886', 'GO_0006865', 'GO_0016020', 'GO_0032973', 'GO_0015173', 'GO_0015801', 'GO_0015171'}"
b1477,"{'GO_0003677', 'GO_0006355'}"
b1479,"{'GO_0051287', 'GO_0042802', 'GO_0046872', 'GO_0016491', 'GO_0004471', 'GO_0005829', 'GO_0008948', 'GO_0006094'}"
b1480,"{'GO_0005737', 'GO_0043024', 'GO_0006412', 'GO_0005829'}"
b1481,{'GO_1902210'}
b1482,"{'GO_0033194', 'GO_0006979', 'GO_0005737', 'GO_0006972', 'GO_0051920', 'GO_0098869', 'GO_0004601', 'GO_0042803', 'GO_0005829'}"
b1488,"{'GO_0016805', 'GO_0009046', 'GO_0005737', 'GO_0008237', 'GO_0046872', 'GO_0042594', 'GO_0008270', 'GO_0006508', 'GO_0071555'}"
b1489,"{'GO_0005515', 'GO_0046872', 'GO_0019826', 'GO_0071111', 'GO_0070482', 'GO_0000287', 'GO_0042803', 'GO_0020037', 'GO_0016787'}"
b1490,"{'GO_0005525', 'GO_0016740', 'GO_0005515', 'GO_0046872', 'GO_0070482', 'GO_0006950', 'GO_0019825', 'GO_0042803', 'GO_0070025', 'GO_0020037', 'GO_0052621'}"
b1491,"{'GO_0016798', 'GO_0071555', 'GO_0009279'}"
b1492,"{'GO_0005886', 'GO_0006865', 'GO_0016020', 'GO_0015297', 'GO_0055085', 'GO_0022857', 'GO_0051454'}"
b1493,"{'GO_0016831', 'GO_0016020', 'GO_0005515', 'GO_0005737', 'GO_0030170', 'GO_0006536', 'GO_0004351', 'GO_0005829', 'GO_0051454'}"
b1494,"{'GO_0008237', 'GO_0030288', 'GO_0046872', 'GO_0004222', 'GO_0008270', 'GO_0008233', 'GO_0006508', 'GO_0005829'}"
b1495,"{'GO_1901678', 'GO_0009279'}"
b1496,"{'GO_0005886', 'GO_0016020', 'GO_0055085', 'GO_0005524', 'GO_0016887', 'GO_0140359'}"
b1497,"{'GO_0051539', 'GO_0046872', 'GO_0016491', 'GO_0051604', 'GO_0006974'}"
b1498,"{'GO_0030288', 'GO_0016787', 'GO_0046872'}"
b1499,"{'GO_0003700', 'GO_0003677', 'GO_0006351', 'GO_0006355', 'GO_0043565', 'GO_0045893'}"
b1500,"{'GO_0005515', 'GO_0005886', 'GO_0010447'}"
b1501,"{'GO_0030151', 'GO_0008863', 'GO_0051539', 'GO_0046872', 'GO_0016491', 'GO_0010447'}"
b1502,"{'GO_0007155', 'GO_0009289'}"
b1503,"{'GO_0007155', 'GO_0009289'}"
b1504,"{'GO_0007155', 'GO_0009289'}"
b1505,"{'GO_0015473', 'GO_0009297', 'GO_0016020', 'GO_0055085'}"
b1507,"{'GO_0005524', 'GO_0006355', 'GO_0005829', 'GO_0106310', 'GO_0005515', 'GO_0032993', 'GO_0045892', 'GO_0003677', 'GO_0000976', 'GO_0043565', 'GO_0110001', 'GO_0044024', 'GO_0046677', 'GO_0044010', 'GO_0001217', 'GO_0016310', 'GO_0022611', 'GO_0000287', 'GO_0004674', 'GO_0006338', 'GO_0040008'}"
b1508,"{'GO_0001217', 'GO_0003677', 'GO_0001046', 'GO_0005515', 'GO_0032993', 'GO_0045892', 'GO_0006351', 'GO_0000976', 'GO_0042803', 'GO_0006355', 'GO_0043565', 'GO_0110001', 'GO_0040008'}"
b1509,{'GO_0019867'}
b1511,"{'GO_0016310', 'GO_0005975', 'GO_0005515', 'GO_0009372', 'GO_0005737', 'GO_0071518', 'GO_0016301', 'GO_0044010'}"
b1512,"{'GO_0009408', 'GO_0042802', 'GO_0003677', 'GO_0005737', 'GO_2000142', 'GO_0006351', 'GO_0030246', 'GO_0005829', 'GO_0000987'}"
b1513,"{'GO_0005886', 'GO_0016020', 'GO_1905887', 'GO_0009372', 'GO_0055052', 'GO_0005524', 'GO_0016887'}"
b1514,"{'GO_0005886', 'GO_0016020', 'GO_1905887', 'GO_0009372', 'GO_0055052', 'GO_0055085', 'GO_0022857'}"
b1515,"{'GO_0005886', 'GO_0016020', 'GO_1905887', 'GO_0009372', 'GO_0055052', 'GO_0055085', 'GO_0022857'}"
b1516,"{'GO_0016020', 'GO_0042597', 'GO_1905887', 'GO_0009372', 'GO_0030288', 'GO_0055052', 'GO_0043190'}"
b1519,"{'GO_0005737', 'GO_0005829', 'GO_0032259', 'GO_0008168', 'GO_0030798'}"
b1520,"{'GO_0005886', 'GO_1902476', 'GO_0005254', 'GO_0071978', 'GO_0006811'}"
b1521,"{'GO_0019698', 'GO_0016616', 'GO_0016491', 'GO_0009026'}"
b1522,"{'GO_0005886', 'GO_0005525', 'GO_0016740', 'GO_0046872', 'GO_1902021', 'GO_0052621'}"
b1524,"{'GO_0006541', 'GO_0045926', 'GO_0042803', 'GO_0004359', 'GO_0006543', 'GO_0016787'}"
b1525,"{'GO_0036243', 'GO_0004777', 'GO_0009013', 'GO_0016491', 'GO_0006527', 'GO_0009450', 'GO_0004030', 'GO_0042803', 'GO_0070458', 'GO_0009447'}"
b1526,"{'GO_0003700', 'GO_0003677', 'GO_0006355'}"
b1528,"{'GO_0005886', 'GO_0016020', 'GO_0034219', 'GO_0055085', 'GO_0022857', 'GO_0008643', 'GO_0015144'}"
b1529,"{'GO_0005886', 'GO_0016020'}"
b1530,"{'GO_0003700', 'GO_0009408', 'GO_0003677', 'GO_0045892', 'GO_0071236', 'GO_0006355', 'GO_0046677'}"
b1531,"{'GO_0003700', 'GO_0003677', 'GO_0045892', 'GO_0006355', 'GO_0043565', 'GO_0045893', 'GO_0046677'}"
b1532,"{'GO_0030288', 'GO_0046677'}"
b1533,"{'GO_0005886', 'GO_0070301', 'GO_0006865', 'GO_0015562', 'GO_0016020', 'GO_0033228'}"
b1534,"{'GO_0005886', 'GO_0015031', 'GO_0055085', 'GO_0022857', 'GO_0035442', 'GO_0015833', 'GO_0071916'}"
b1535,"{'GO_0005525', 'GO_0043709', 'GO_0042802', 'GO_0060187', 'GO_1902209', 'GO_0016740', 'GO_0005515', 'GO_0046872', 'GO_1900233', 'GO_0008270', 'GO_0042803', 'GO_0052621'}"
b1536,"{'GO_0070301', 'GO_0044011'}"
b1538,"{'GO_0005737', 'GO_0008237', 'GO_0030288', 'GO_0046872', 'GO_0004180', 'GO_0004222', 'GO_0006508', 'GO_0005829'}"
b1539,"{'GO_0042802', 'GO_0051289', 'GO_0032991', 'GO_0016491', 'GO_0035527', 'GO_0031132', 'GO_0006212', 'GO_0005829', 'GO_0008442'}"
b1540,"{'GO_0003700', 'GO_0003677', 'GO_0006355'}"
b1541,{'GO_0005829'}
b1542,"{'GO_0019594', 'GO_0016491', 'GO_0016616'}"
b1544,{'GO_0009409'}
b1545,"{'GO_0000150', 'GO_0016874', 'GO_0006310', 'GO_0003677', 'GO_0015074', 'GO_0016787'}"
b1547,{'GO_0005198'}
b1550,"{'GO_0006636', 'GO_0005829'}"
b1552,"{'GO_0003677', 'GO_0005737', 'GO_0003676', 'GO_0005829', 'GO_0009409'}"
b1554,"{'GO_0003796', 'GO_0031640', 'GO_0009253', 'GO_0016798', 'GO_0042742', 'GO_0016998'}"
b1555,{'GO_0005515'}
b1556,"{'GO_0005886', 'GO_0031640', 'GO_0140911', 'GO_0001907'}"
b1557,"{'GO_0003697', 'GO_0003677', 'GO_0098847', 'GO_0005737', 'GO_0003723', 'GO_0003676', 'GO_0005829', 'GO_0009409'}"
b1558,"{'GO_0005737', 'GO_0003676', 'GO_0003677', 'GO_0005829'}"
b1559,"{'GO_0031564', 'GO_0003677', 'GO_0006355'}"
b1562,"{'GO_0005886', 'GO_0016020'}"
b1563,"{'GO_0017148', 'GO_0001217', 'GO_0019843', 'GO_0005515', 'GO_0097351', 'GO_0004519', 'GO_0032993', 'GO_0045892', 'GO_0004521', 'GO_0034198', 'GO_0046677', 'GO_0006402', 'GO_0000976', 'GO_0043022', 'GO_0006355', 'GO_0110001', 'GO_0040008', 'GO_0044010'}"
b1564,"{'GO_0001217', 'GO_0003677', 'GO_0005515', 'GO_0097351', 'GO_0032993', 'GO_0045892', 'GO_0006351', 'GO_0000976', 'GO_0006355', 'GO_0043565', 'GO_0110001', 'GO_0040008', 'GO_0044010'}"
b1566,{'GO_0005515'}
b1569,"{'GO_0051301', 'GO_0003677', 'GO_0006355'}"
b1570,"{'GO_0006351', 'GO_0051301', 'GO_0003677'}"
b1572,{'GO_0005737'}
b1575,"{'GO_0005515', 'GO_0051302', 'GO_0051301', 'GO_0051782'}"
b1576,{'GO_0044659'}
b1580,"{'GO_0046872', 'GO_0016491', 'GO_0008270', 'GO_0016616'}"
b1581,"{'GO_0000287', 'GO_0008927', 'GO_0009063', 'GO_0016052'}"
b1582,"{'GO_0005886', 'GO_0016020'}"
b1583,"{'GO_0005515', 'GO_0009279'}"
b1584,"{'GO_0042802', 'GO_0015936', 'GO_0005737', 'GO_0016746', 'GO_0032991', 'GO_0046203', 'GO_0046872', 'GO_1990235', 'GO_0000287', 'GO_0006598', 'GO_0046208', 'GO_0004145', 'GO_0016747'}"
b1585,{'GO_0005886'}
b1587,"{'GO_0005886', 'GO_0043546', 'GO_0030151', 'GO_0051539', 'GO_0005515', 'GO_0046872', 'GO_0016491', 'GO_0033797', 'GO_0009389'}"
b1588,"{'GO_0005886', 'GO_0043546', 'GO_0030151', 'GO_0051539', 'GO_0005515', 'GO_0046872', 'GO_0016491', 'GO_1990204', 'GO_0033797', 'GO_0009061', 'GO_0009389'}"
b1589,"{'GO_0046872', 'GO_1990204', 'GO_0051539', 'GO_0009061'}"
b1590,"{'GO_0005886', 'GO_0016020', 'GO_1990204', 'GO_0016491', 'GO_0019645', 'GO_0009061'}"
b1591,"{'GO_0005886', 'GO_0005515', 'GO_0005737', 'GO_0051604', 'GO_0061077', 'GO_0005048'}"
b1592,"{'GO_0005886', 'GO_0016020', 'GO_1902476', 'GO_0005247', 'GO_0006821', 'GO_0055085', 'GO_0010447', 'GO_0005254', 'GO_0071468', 'GO_0034220', 'GO_0034707'}"
b1593,"{'GO_0016874', 'GO_0009102', 'GO_0005737', 'GO_0046872', 'GO_0004141', 'GO_0005524', 'GO_0000287', 'GO_0042803'}"
b1594,"{'GO_0016020', 'GO_0042802', 'GO_0003677', 'GO_0005515', 'GO_0005737', 'GO_0046872', 'GO_0006351', 'GO_0006355'}"
b1595,"{'GO_0003700', 'GO_0003677', 'GO_0006355'}"
b1596,"{'GO_0005886', 'GO_0055085', 'GO_0016020', 'GO_0022857'}"
b1597,"{'GO_0030288', 'GO_0042597', 'GO_0010447'}"
b1598,"{'GO_0008236', 'GO_0006508', 'GO_0004252'}"
b1599,"{'GO_0005886', 'GO_1990961', 'GO_0015848', 'GO_1902495', 'GO_1903711', 'GO_0022857', 'GO_0015606'}"
b1600,"{'GO_0005886', 'GO_1990961', 'GO_0015848', 'GO_1902495', 'GO_1903711', 'GO_0022857', 'GO_0015606'}"
b1601,"{'GO_0005886', 'GO_0015562', 'GO_0016020', 'GO_1905887', 'GO_0009372'}"
b1602,"{'GO_0005886', 'GO_0016020', 'GO_0005515', 'GO_0050661', 'GO_0120029', 'GO_0006740', 'GO_0008750'}"
b1603,"{'GO_0005886', 'GO_1902600', 'GO_0005515', 'GO_0016491', 'GO_0050661', 'GO_0000166', 'GO_0120029', 'GO_0006740', 'GO_0046983', 'GO_0008750'}"
b1605,"{'GO_0005886', 'GO_0006865', 'GO_0016020', 'GO_0015297', 'GO_0055085', 'GO_0022857'}"
b1606,"{'GO_0042802', 'GO_0051289', 'GO_0004146', 'GO_0042559', 'GO_0016491', 'GO_0006730', 'GO_0071172', 'GO_0009257', 'GO_0046656'}"
b1607,{'GO_0005886'}
b1608,"{'GO_0003677', 'GO_0005515', 'GO_0005737', 'GO_0006355', 'GO_0000160'}"
b1609,"{'GO_0000155', 'GO_0005886', 'GO_0016020', 'GO_0016310', 'GO_0005524', 'GO_0004673', 'GO_0016301', 'GO_0000160', 'GO_0007165', 'GO_0018106'}"
b1610,"{'GO_0006260', 'GO_0003677', 'GO_0005737', 'GO_0006274', 'GO_0071807', 'GO_0043565'}"
b1611,"{'GO_0042802', 'GO_0006979', 'GO_0005737', 'GO_0006099', 'GO_0006106', 'GO_0016829', 'GO_0004333'}"
b1613,"{'GO_0005975', 'GO_0005515', 'GO_0005737', 'GO_0046872', 'GO_0019309', 'GO_0004476', 'GO_0008270', 'GO_0005829', 'GO_0009242', 'GO_0009298', 'GO_0016853'}"
b1614,"{'GO_0005886', 'GO_0042803', 'GO_0042802', 'GO_0071978'}"
b1615,"{'GO_0046930', 'GO_0016020', 'GO_0055085', 'GO_0015288', 'GO_0009279', 'GO_0006811'}"
b1616,"{'GO_0005886', 'GO_0016020', 'GO_0015293', 'GO_0006814', 'GO_0055085', 'GO_0008643'}"
b1617,"{'GO_0004566', 'GO_0004553', 'GO_0042802', 'GO_0005975', 'GO_0032991', 'GO_0016798', 'GO_0005829'}"
b1618,"{'GO_0006351', 'GO_0045892', 'GO_0003677'}"
b1619,"{'GO_0008709', 'GO_0051287', 'GO_0042802', 'GO_0016042', 'GO_0032991', 'GO_0016491', 'GO_0030573', 'GO_0005829', 'GO_0106281'}"
b1620,"{'GO_0001217', 'GO_0003677', 'GO_0032993', 'GO_0045892', 'GO_0000976', 'GO_0006355'}"
b1621,"{'GO_0005886', 'GO_0009401', 'GO_0016020', 'GO_0016310', 'GO_0005363', 'GO_0005515', 'GO_0015768', 'GO_0055056', 'GO_0046323', 'GO_0008982', 'GO_0016301', 'GO_0009758'}"
b1622,"{'GO_0080146', 'GO_0005515', 'GO_0003824', 'GO_0030170', 'GO_0016829', 'GO_0140297', 'GO_0009058', 'GO_0047804', 'GO_0042803', 'GO_0009086'}"
b1623,"{'GO_0015950', 'GO_0006154', 'GO_0043103', 'GO_0046872', 'GO_0009168', 'GO_0016787', 'GO_0032261', 'GO_0004000', 'GO_0046936', 'GO_0008270', 'GO_0046101', 'GO_0005829', 'GO_0009117', 'GO_0006974'}"
b1624,"{'GO_0005515', 'GO_0016491', 'GO_0000166'}"
b1625,"{'GO_0036386', 'GO_0003677', 'GO_1900232', 'GO_0005515', 'GO_0045892', 'GO_0036411', 'GO_0043590', 'GO_0060566'}"
b1626,{'GO_0005886'}
b1627,"{'GO_0005886', 'GO_0016020', 'GO_1990204', 'GO_0016651', 'GO_0098797', 'GO_0022900'}"
b1628,"{'GO_0005886', 'GO_0051539', 'GO_0046872', 'GO_0009055', 'GO_1990204', 'GO_0016651', 'GO_0022900', 'GO_0098797', 'GO_0051536'}"
b1629,"{'GO_0005886', 'GO_0016020', 'GO_0051539', 'GO_0046872', 'GO_0009055', 'GO_1990204', 'GO_0016651', 'GO_0022900', 'GO_0098797'}"
b1630,"{'GO_0005886', 'GO_0016020', 'GO_1990204', 'GO_0055085', 'GO_0016651', 'GO_0022900', 'GO_0098797'}"
b1631,"{'GO_0005886', 'GO_1990204', 'GO_0009055', 'GO_0009279', 'GO_0016651', 'GO_0098797', 'GO_0022900', 'GO_0010181'}"
b1632,"{'GO_0005886', 'GO_0022900', 'GO_0016020'}"
b1633,"{'GO_0006285', 'GO_0003677', 'GO_0003906', 'GO_0005515', 'GO_0046872', 'GO_0004844', 'GO_0016798', 'GO_0051539', 'GO_0097510', 'GO_0006281', 'GO_0016829', 'GO_0019104', 'GO_0006284', 'GO_0006950', 'GO_0140078', 'GO_0000703', 'GO_0034644'}"
b1634,"{'GO_0005886', 'GO_1902600', 'GO_0042937', 'GO_0016020', 'GO_0006857', 'GO_0015031', 'GO_0035442', 'GO_0042939', 'GO_0055085', 'GO_0071916', 'GO_0015333', 'GO_1904680', 'GO_0015833', 'GO_0035443', 'GO_0042938'}"
b1635,"{'GO_0042542', 'GO_0016740', 'GO_0005737', 'GO_0004364', 'GO_0042803'}"
b1636,"{'GO_0042816', 'GO_0016310', 'GO_0042819', 'GO_0003824', 'GO_0005524', 'GO_0000287', 'GO_0008478', 'GO_0009443', 'GO_0042803', 'GO_0005829', 'GO_0016301', 'GO_0042817'}"
b1637,"{'GO_0006418', 'GO_0016020', 'GO_0005737', 'GO_0004831', 'GO_0005524', 'GO_0003723', 'GO_0042803', 'GO_0006412', 'GO_0005829', 'GO_0006437', 'GO_0004812'}"
b1638,"{'GO_0042816', 'GO_0004733', 'GO_1901615', 'GO_0030170', 'GO_0032991', 'GO_0016491', 'GO_1902444', 'GO_0008615', 'GO_0042301', 'GO_0036001', 'GO_0042803', 'GO_0005829', 'GO_0010181'}"
b1639,"{'GO_0005515', 'GO_0031241', 'GO_0060241', 'GO_0009279'}"
b1640,"{'GO_0006040', 'GO_0016310', 'GO_0009254', 'GO_0016773', 'GO_0005524', 'GO_0097175', 'GO_0016301'}"
b1641,"{'GO_0019867', 'GO_0009279'}"
b1642,"{'GO_0003700', 'GO_0003677', 'GO_0045893', 'GO_0006355', 'GO_2000144', 'GO_2000143'}"
b1643,{'GO_0005886'}
b1644,"{'GO_0005886', 'GO_0016020', 'GO_0055085', 'GO_0009636', 'GO_0022857'}"
b1645,"{'GO_0005886', 'GO_0055085', 'GO_0022857'}"
b1646,"{'GO_0042597', 'GO_0016209', 'GO_0030288', 'GO_0016491', 'GO_0046872', 'GO_0006801', 'GO_0005507', 'GO_0008270', 'GO_0004784'}"
b1647,"{'GO_0016491', 'GO_0005829'}"
b1648,{'GO_0042542'}
b1649,"{'GO_0003700', 'GO_0003677', 'GO_0005515', 'GO_0045892', 'GO_0080090', 'GO_0009889'}"
b1650,"{'GO_0046256', 'GO_0046857', 'GO_0034567', 'GO_0006805', 'GO_0016491', 'GO_0008748', 'GO_0005829', 'GO_0018937', 'GO_0010181'}"
b1651,"{'GO_0005515', 'GO_0019243', 'GO_0046872', 'GO_0004462', 'GO_0016829', 'GO_0009636', 'GO_0042803', 'GO_0005829', 'GO_0016151'}"
b1652,"{'GO_0042802', 'GO_0006396', 'GO_0042780', 'GO_0003676', 'GO_0005829', 'GO_0008033', 'GO_0006974', 'GO_0031125', 'GO_0005515', 'GO_0004527', 'GO_0000175', 'GO_0008310', 'GO_0046872', 'GO_0043628', 'GO_0008408', 'GO_0016896', 'GO_0004540', 'GO_0000287', 'GO_0042803', 'GO_0006259', 'GO_0034644'}"
b1653,"{'GO_0042802', 'GO_0004386', 'GO_0005524', 'GO_0016887', 'GO_0003676', 'GO_0016787', 'GO_0033679'}"
b1654,"{'GO_0045454', 'GO_0005515', 'GO_0005737', 'GO_0016226', 'GO_0046872', 'GO_0015036', 'GO_1990229', 'GO_0006879', 'GO_0042803', 'GO_0051537', 'GO_0005829'}"
b1655,"{'GO_0045227', 'GO_0071555', 'GO_0006508', 'GO_0004175', 'GO_0000270', 'GO_0008234'}"
b1656,"{'GO_0000303', 'GO_0016020', 'GO_0019430', 'GO_0005506', 'GO_0005737', 'GO_0046872', 'GO_0016491', 'GO_0006801', 'GO_0004784', 'GO_0005829'}"
b1657,"{'GO_0005886', 'GO_0016020', 'GO_0005515', 'GO_0055085', 'GO_0022857'}"
b1658,"{'GO_0001217', 'GO_0002057', 'GO_0003677', 'GO_0006164', 'GO_0005515', 'GO_1900372', 'GO_0045892', 'GO_0042803', 'GO_0006355', 'GO_0005829'}"
b1659,"{'GO_0003700', 'GO_0003677', 'GO_0006355'}"
b1660,"{'GO_0005886', 'GO_1990961', 'GO_0016020', 'GO_0015211', 'GO_0042910', 'GO_0015860'}"
b1661,"{'GO_0031234', 'GO_0071890', 'GO_0005737', 'GO_0006633', 'GO_0008610', 'GO_0042803', 'GO_0005829', 'GO_0008168', 'GO_0008825', 'GO_0006629', 'GO_0030258', 'GO_0032259'}"
b1662,"{'GO_0009231', 'GO_0016740', 'GO_0004746', 'GO_0005829'}"
b1663,"{'GO_0005886', 'GO_1990961', 'GO_0016020', 'GO_0006814', 'GO_0015031', 'GO_0015297', 'GO_0055085', 'GO_0071916', 'GO_0006855', 'GO_0034614', 'GO_0035442', 'GO_0015833', 'GO_0046677', 'GO_0042910'}"
b1664,{'GO_0006974'}
b1667,"{'GO_0005515', 'GO_0016491', 'GO_0042803', 'GO_0005829'}"
b1670,"{'GO_0005886', 'GO_0016020', 'GO_0046872', 'GO_0009055', 'GO_0022904'}"
b1671,"{'GO_0030288', 'GO_0046872', 'GO_0051539'}"
b1673,"{'GO_0043546', 'GO_0016625', 'GO_0051539', 'GO_0046872', 'GO_0009055', 'GO_0016491', 'GO_0051536'}"
b1674,"{'GO_0046872', 'GO_0051539'}"
b1675,"{'GO_0016829', 'GO_0004333'}"
b1676,"{'GO_0009408', 'GO_0016020', 'GO_0016310', 'GO_0042802', 'GO_0005515', 'GO_0046872', 'GO_0005524', 'GO_0004743', 'GO_0000287', 'GO_0006096', 'GO_0005829', 'GO_0016301', 'GO_0030955', 'GO_1902912'}"
b1677,"{'GO_0005576', 'GO_0016020', 'GO_0042802', 'GO_0005515', 'GO_0008289', 'GO_0019867', 'GO_0030288', 'GO_0042834', 'GO_0009279', 'GO_0030258', 'GO_0043580'}"
b1679,"{'GO_0006790', 'GO_0008047', 'GO_0006979', 'GO_0005515', 'GO_0005737', 'GO_0016226', 'GO_0031163', 'GO_0097163', 'GO_1990228'}"
b1680,"{'GO_0006790', 'GO_0016740', 'GO_0005515', 'GO_0003824', 'GO_0005737', 'GO_0009000', 'GO_0016226', 'GO_0030170', 'GO_0016829', 'GO_0008826', 'GO_0042803', 'GO_0031071', 'GO_0006534', 'GO_0016787', 'GO_0001887'}"
b1681,"{'GO_0005515', 'GO_1990229', 'GO_0016226', 'GO_0006979'}"
b1682,"{'GO_0005515', 'GO_0005737', 'GO_0016226', 'GO_0005524', 'GO_0016887', 'GO_0009314', 'GO_1990229', 'GO_0005829'}"
b1683,"{'GO_0051539', 'GO_0005515', 'GO_0016226', 'GO_1990229', 'GO_0051537'}"
b1684,"{'GO_1990230', 'GO_0051539', 'GO_0006979', 'GO_0005515', 'GO_0046872', 'GO_0016226', 'GO_0097428', 'GO_0042803', 'GO_0051537', 'GO_0051536'}"
b1687,"{'GO_0050660', 'GO_0051539', 'GO_0003824', 'GO_0016491', 'GO_0046872', 'GO_0071949'}"
b1688,{'GO_0005886'}
b1689,{'GO_0003677'}
b1690,"{'GO_0005886', 'GO_0055085', 'GO_0016020', 'GO_0022857'}"
b1691,"{'GO_0005886', 'GO_0055085', 'GO_0022857'}"
b1693,"{'GO_0016829', 'GO_0009423', 'GO_0009073', 'GO_0042803', 'GO_0046279', 'GO_0003855', 'GO_0005829', 'GO_0008652'}"
b1694,"{'GO_0046459', 'GO_0051289', 'GO_0016740', 'GO_0046952', 'GO_0008775', 'GO_0008410'}"
b1695,"{'GO_0003995', 'GO_0050660', 'GO_0016491', 'GO_0071271'}"
b1696,"{'GO_0003700', 'GO_0043565', 'GO_0003677', 'GO_0006355'}"
b1697,"{'GO_0009055', 'GO_0006974'}"
b1698,"{'GO_0050660', 'GO_0009055'}"
b1699,"{'GO_0016491', 'GO_0071949'}"
b1700,"{'GO_0046872', 'GO_0051536', 'GO_0005506'}"
b1701,"{'GO_0005886', 'GO_0016874', 'GO_0019395', 'GO_0031956', 'GO_0005524', 'GO_0006631', 'GO_0006635', 'GO_0016877'}"
b1702,"{'GO_0016310', 'GO_0003824', 'GO_0046872', 'GO_0005524', 'GO_0008986', 'GO_0000287', 'GO_0042803', 'GO_0006090', 'GO_0016301', 'GO_0006094'}"
b1703,"{'GO_0016310', 'GO_0005515', 'GO_0043531', 'GO_0030234', 'GO_0000166', 'GO_0005524', 'GO_0006468', 'GO_0006470', 'GO_0004674', 'GO_0005829', 'GO_0016772', 'GO_0016776'}"
b1705,{'GO_0042803'}
b1706,"{'GO_0070733', 'GO_0046872', 'GO_0005524', 'GO_0016779', 'GO_0000287', 'GO_0018117'}"
b1707,{'GO_1902201'}
b1708,"{'GO_0005886', 'GO_0008234', 'GO_0006508'}"
b1709,"{'GO_0005886', 'GO_0019898', 'GO_1990191', 'GO_0015889', 'GO_0016020', 'GO_0005515', 'GO_0043190', 'GO_0005524', 'GO_0016887', 'GO_0055085', 'GO_1990193', 'GO_0015420'}"
b1710,"{'GO_0008379', 'GO_0015889', 'GO_0004602', 'GO_0000302', 'GO_0006979', 'GO_0033194', 'GO_0042597', 'GO_0140824', 'GO_0051920', 'GO_0098869', 'GO_0004601'}"
b1711,"{'GO_0005886', 'GO_0035461', 'GO_0090482', 'GO_0015889', 'GO_0016020', 'GO_0042802', 'GO_1990191', 'GO_0005515', 'GO_0043190', 'GO_0055085', 'GO_1990193', 'GO_0022857', 'GO_0015420'}"
b1712,"{'GO_0006417', 'GO_0009295', 'GO_0003677', 'GO_0006310', 'GO_0005737', 'GO_0030527', 'GO_0001216', 'GO_0032993', 'GO_0043565', 'GO_0006351', 'GO_1990177', 'GO_0000976', 'GO_0006355', 'GO_0005829', 'GO_0045893'}"
b1713,"{'GO_0006432', 'GO_0009328', 'GO_0016020', 'GO_0042802', 'GO_0005515', 'GO_0005737', 'GO_0046872', 'GO_0004826', 'GO_0005524', 'GO_0000049', 'GO_0000287', 'GO_0006412', 'GO_0005829', 'GO_0004812'}"
b1714,"{'GO_0006432', 'GO_0009328', 'GO_0005515', 'GO_0005737', 'GO_0046872', 'GO_0004826', 'GO_0005524', 'GO_0000049', 'GO_0000287', 'GO_0006412', 'GO_0005829', 'GO_0004812'}"
b1715,{'GO_0006355'}
b1716,"{'GO_0017148', 'GO_0019843', 'GO_0005737', 'GO_0003729', 'GO_0003735', 'GO_0022625', 'GO_0070180', 'GO_0000027', 'GO_0000900', 'GO_0002181', 'GO_0006412', 'GO_0005829', 'GO_1990904', 'GO_0005840'}"
b1717,"{'GO_0005737', 'GO_0003735', 'GO_0022625', 'GO_0006412', 'GO_0002181', 'GO_1990904', 'GO_0005840'}"
b1718,"{'GO_0016020', 'GO_0032790', 'GO_0005515', 'GO_0005737', 'GO_0006413', 'GO_0003723', 'GO_0043022', 'GO_0006412', 'GO_0003743', 'GO_0005829', 'GO_0009409'}"
b1719,"{'GO_0006417', 'GO_0006435', 'GO_0043039', 'GO_0005524', 'GO_0000049', 'GO_0045947', 'GO_0005829', 'GO_0004812', 'GO_0048027', 'GO_0006418', 'GO_0005515', 'GO_0106074', 'GO_0006412', 'GO_0004829', 'GO_0005737', 'GO_0046872', 'GO_0003723', 'GO_0046677', 'GO_0000900', 'GO_0008270', 'GO_0042803', 'GO_0002161'}"
b1722,{'GO_0009279'}
b1723,"{'GO_0016310', 'GO_0042802', 'GO_0005975', 'GO_0003872', 'GO_0005515', 'GO_0016773', 'GO_0016772', 'GO_0046872', 'GO_0005524', 'GO_0009024', 'GO_0000287', 'GO_0042803', 'GO_0006096', 'GO_0005829', 'GO_0016301', 'GO_0061615', 'GO_0006974'}"
b1724,"{'GO_0006974', 'GO_0004521'}"
b1725,"{'GO_0016301', 'GO_0016310', 'GO_0005524'}"
b1726,{'GO_0005886'}
b1727,"{'GO_0050084', 'GO_0004346', 'GO_0046872', 'GO_0016791', 'GO_0050308', 'GO_0050286', 'GO_0000287', 'GO_0003850', 'GO_0005829', 'GO_0016787'}"
b1728,"{'GO_0005886', 'GO_0006974'}"
b1729,"{'GO_0005886', 'GO_0006865', 'GO_0016020', 'GO_1905039', 'GO_0015293', 'GO_0055085', 'GO_0000099', 'GO_0015811', 'GO_0000101', 'GO_0006791', 'GO_0015184'}"
b1731,"{'GO_0051302', 'GO_0003677', 'GO_0005515', 'GO_0051301', 'GO_0003690'}"
b1732,"{'GO_0004096', 'GO_0042802', 'GO_0005506', 'GO_0006979', 'GO_0005737', 'GO_0006972', 'GO_0042744', 'GO_0046872', 'GO_0098869', 'GO_0004601', 'GO_0005829', 'GO_0020037', 'GO_0006974'}"
b1733,"{'GO_0005737', 'GO_0046872', 'GO_0052773', 'GO_0019213', 'GO_0052777', 'GO_0016811', 'GO_0036311', 'GO_0000272', 'GO_0016787', 'GO_0006032'}"
b1734,"{'GO_0042802', 'GO_0004553', 'GO_0016616', 'GO_0005975', 'GO_0046872', 'GO_0016798', 'GO_0052777', 'GO_0008706'}"
b1735,"{'GO_0003700', 'GO_0003677', 'GO_0001046', 'GO_0045892', 'GO_0042803', 'GO_0006355', 'GO_0043565'}"
b1739,"{'GO_0005886', 'GO_0019867', 'GO_0006970'}"
b1740,"{'GO_0016874', 'GO_0008795', 'GO_0005515', 'GO_0005737', 'GO_0046872', 'GO_0005524', 'GO_0003952', 'GO_0000287', 'GO_0004359', 'GO_0034355', 'GO_0034628', 'GO_0005829', 'GO_0042803', 'GO_0009435', 'GO_0006974'}"
b1741,"{'GO_0004518', 'GO_0005515', 'GO_0006281', 'GO_0009432', 'GO_0004520', 'GO_0006289', 'GO_0006974'}"
b1742,{'GO_0070417'}
b1743,"{'GO_0051082', 'GO_0014070', 'GO_0044183', 'GO_0042597', 'GO_0005515', 'GO_0030288', 'GO_0042803', 'GO_0061077'}"
b1744,"{'GO_0005515', 'GO_0046872', 'GO_0009017', 'GO_0016788', 'GO_0008270', 'GO_0006525', 'GO_0019544', 'GO_0016787', 'GO_0019545'}"
b1745,"{'GO_0006527', 'GO_0042803', 'GO_0006525', 'GO_0019544', 'GO_0009015', 'GO_0016787', 'GO_0019545'}"
b1746,"{'GO_0004777', 'GO_0005515', 'GO_0016491', 'GO_0006527', 'GO_0019544', 'GO_0004030', 'GO_0006525', 'GO_0004029', 'GO_0019545', 'GO_0043824'}"
b1747,"{'GO_0016746', 'GO_0006527', 'GO_0006525', 'GO_0019544', 'GO_0008791', 'GO_0019545'}"
b1748,"{'GO_0006593', 'GO_0030170', 'GO_0006527', 'GO_0003992', 'GO_0008483', 'GO_0042450', 'GO_0006525', 'GO_0019544', 'GO_0006526', 'GO_0043825', 'GO_0019545'}"
b1749,"{'GO_0003677', 'GO_0008311', 'GO_0046872', 'GO_0004527', 'GO_0004519', 'GO_0006281', 'GO_0005829', 'GO_0006974'}"
b1750,{'GO_0005886'}
b1751,{'GO_0005829'}
b1752,"{'GO_0005886', 'GO_0016020'}"
b1753,"{'GO_0098869', 'GO_0051920'}"
b1754,"{'GO_0055052', 'GO_0030288', 'GO_0016020', 'GO_0055085'}"
b1755,"{'GO_0005886', 'GO_0016020', 'GO_0055052', 'GO_0043190', 'GO_0055085'}"
b1756,"{'GO_0016020', 'GO_0055052', 'GO_0043190', 'GO_0005524', 'GO_0016887', 'GO_0055085'}"
b1757,"{'GO_0016740', 'GO_0016783', 'GO_0042597', 'GO_0004792'}"
b1758,"{'GO_0005886', 'GO_0016020', 'GO_0016740', 'GO_0016780', 'GO_0008654'}"
b1759,"{'GO_0005515', 'GO_0016787', 'GO_0047840', 'GO_0006281'}"
b1761,"{'GO_0006537', 'GO_0042802', 'GO_0097216', 'GO_0005737', 'GO_0004353', 'GO_0016491', 'GO_0006520', 'GO_0006536', 'GO_0004354', 'GO_1990148', 'GO_0016639', 'GO_0005829'}"
b1762,{'GO_0005886'}
b1763,"{'GO_0003917', 'GO_0006265', 'GO_0003677', 'GO_0006310', 'GO_0005515', 'GO_0046872', 'GO_0006261', 'GO_0051304', 'GO_0000287', 'GO_0043597', 'GO_0098847', 'GO_0003916'}"
b1765,"{'GO_0042803', 'GO_0016491', 'GO_0010181', 'GO_0005829'}"
b1766,"{'GO_0005886', 'GO_0016020', 'GO_0008236', 'GO_0006508', 'GO_0004175', 'GO_0006465'}"
b1767,"{'GO_0042802', 'GO_0051289', 'GO_0005737', 'GO_0006520', 'GO_0004067', 'GO_0033345', 'GO_0005829', 'GO_0016787'}"
b1768,"{'GO_0008936', 'GO_0046872', 'GO_0019365', 'GO_0019363', 'GO_0005829', 'GO_0016787'}"
b1769,"{'GO_0005886', 'GO_0055085', 'GO_0022857'}"
b1770,"{'GO_0003700', 'GO_0005515', 'GO_0003677', 'GO_0006355'}"
b1771,"{'GO_0019170', 'GO_0016491'}"
b1772,"{'GO_0016310', 'GO_0046835', 'GO_0016772', 'GO_0042803', 'GO_0016301', 'GO_0019200'}"
b1773,"{'GO_0042802', 'GO_0051289', 'GO_0005975', 'GO_0008270', 'GO_0016832'}"
b1774,"{'GO_0046872', 'GO_0016491', 'GO_0008270', 'GO_0016616'}"
b1775,"{'GO_0005886', 'GO_0055085', 'GO_0016020', 'GO_0022857'}"
b1776,"{'GO_0046872', 'GO_0016491', 'GO_0008270', 'GO_0016616'}"
b1778,"{'GO_0005506', 'GO_0006979', 'GO_0046686', 'GO_0046872', 'GO_0016491', 'GO_0030091', 'GO_0008270', 'GO_0033743', 'GO_0005829', 'GO_0033745'}"
b1779,"{'GO_0051287', 'GO_0016020', 'GO_0042802', 'GO_0005515', 'GO_0005737', 'GO_0016491', 'GO_0050661', 'GO_0000166', 'GO_0006006', 'GO_0016620', 'GO_0004365', 'GO_0006096', 'GO_0005829'}"
b1780,"{'GO_0005975', 'GO_0005829', 'GO_0047938', 'GO_0030246', 'GO_0016853', 'GO_0006974'}"
b1781,"{'GO_0051596', 'GO_0016491'}"
b1782,"{'GO_0009279', 'GO_0030674', 'GO_0009252'}"
b1783,"{'GO_0006995', 'GO_0004672'}"
b1785,"{'GO_0005886', 'GO_0005525', 'GO_0016740', 'GO_0005515', 'GO_0046872', 'GO_0052621', 'GO_1902201'}"
b1786,"{'GO_0005886', 'GO_0005525', 'GO_0016740', 'GO_0005515', 'GO_0046872', 'GO_0052621', 'GO_1902201'}"
b1787,"{'GO_0002196', 'GO_0005737', 'GO_0106074', 'GO_0000049', 'GO_0043906', 'GO_0045903', 'GO_0002161', 'GO_0016787'}"
b1788,"{'GO_0005886', 'GO_0016020'}"
b1789,{'GO_0005886'}
b1790,"{'GO_0003700', 'GO_0003677', 'GO_0045892', 'GO_0006355', 'GO_0043565'}"
b1791,"{'GO_0005886', 'GO_0016020', 'GO_0055085', 'GO_0022857', 'GO_0046677'}"
b1794,"{'GO_0046872', 'GO_0005525', 'GO_0052621', 'GO_0016740'}"
b1795,"{'GO_0005886', 'GO_0016020'}"
b1798,"{'GO_0005886', 'GO_0015820', 'GO_0006865', 'GO_0016020', 'GO_1902475', 'GO_0015190', 'GO_0015297', 'GO_0055085'}"
b1799,"{'GO_0003700', 'GO_0006108', 'GO_0003677', 'GO_0045892', 'GO_0006355', 'GO_0045893'}"
b1800,"{'GO_0051287', 'GO_0006108', 'GO_0009027', 'GO_0005515', 'GO_0005737', 'GO_0016491', 'GO_0016616', 'GO_0046553', 'GO_0046872', 'GO_0000287', 'GO_0003862'}"
b1801,"{'GO_0005886', 'GO_0016020', 'GO_0055085', 'GO_0071705', 'GO_0022857'}"
b1802,"{'GO_0042802', 'GO_0005506', 'GO_0032991', 'GO_0046872', 'GO_0016491', 'GO_0016709', 'GO_0051537', 'GO_0009437'}"
b1803,"{'GO_0046872', 'GO_0016491', 'GO_0016709', 'GO_0051537', 'GO_0009437'}"
b1804,"{'GO_0005737', 'GO_0004527', 'GO_0000166', 'GO_0000175', 'GO_0042780', 'GO_0033890', 'GO_0003676', 'GO_0008408', 'GO_0008033'}"
b1805,"{'GO_0005504', 'GO_0006637', 'GO_0005524', 'GO_0001676', 'GO_0005829', 'GO_0004467', 'GO_0015908', 'GO_0070538', 'GO_0016877', 'GO_0006629', 'GO_0009411', 'GO_0016874', 'GO_0005737', 'GO_0008654', 'GO_0006635', 'GO_0005886', 'GO_0102391', 'GO_0009898', 'GO_0042803', 'GO_0006631'}"
b1806,"{'GO_0005886', 'GO_0019867'}"
b1807,"{'GO_0042802', 'GO_0005515', 'GO_0005737', 'GO_0008237', 'GO_0002949', 'GO_0005829', 'GO_0008033', 'GO_1990145', 'GO_0000408'}"
b1808,"{'GO_0003677', 'GO_0005515', 'GO_0046872', 'GO_0043139', 'GO_0004386', 'GO_0005524', 'GO_0006281', 'GO_0009432', 'GO_0016887', 'GO_0032508', 'GO_0003678', 'GO_0016853', 'GO_0006139', 'GO_0016787', 'GO_0016818', 'GO_0051536'}"
b1809,"{'GO_0044010', 'GO_0005829'}"
b1812,"{'GO_0009396', 'GO_0016740', 'GO_0046982', 'GO_0008153', 'GO_0000287', 'GO_0120284', 'GO_0009356', 'GO_0046656', 'GO_0046820', 'GO_0046654'}"
b1813,"{'GO_0003824', 'GO_0046872', 'GO_0030145', 'GO_0000287', 'GO_0009132', 'GO_0016818', 'GO_0016787', 'GO_0010945'}"
b1814,"{'GO_0006565', 'GO_0051539', 'GO_0005515', 'GO_0046872', 'GO_0016829', 'GO_0003941', 'GO_0005829', 'GO_0006094'}"
b1815,"{'GO_0005886', 'GO_0030288', 'GO_0071111', 'GO_0005829', 'GO_0016787', 'GO_0006974'}"
b1816,"{'GO_0005886', 'GO_0050660', 'GO_0016020'}"
b1817,"{'GO_0005886', 'GO_0015764', 'GO_1990539', 'GO_0009401', 'GO_0016020', 'GO_0015761', 'GO_0016310', 'GO_0005515', 'GO_0005737', 'GO_1902495', 'GO_0022870', 'GO_0008982', 'GO_0042803', 'GO_0005829', 'GO_0016301', 'GO_0098708'}"
b1818,"{'GO_0005886', 'GO_0015764', 'GO_1990539', 'GO_0009401', 'GO_0016020', 'GO_0015761', 'GO_1902495', 'GO_0022870', 'GO_0098708'}"
b1819,"{'GO_0005886', 'GO_0015764', 'GO_1990539', 'GO_0009401', 'GO_0016020', 'GO_0015761', 'GO_1902495', 'GO_0022870', 'GO_0098708'}"
b1820,{'GO_0005886'}
b1821,"{'GO_0005886', 'GO_0071421', 'GO_0005384', 'GO_0030026', 'GO_0140048', 'GO_0006811'}"
b1822,"{'GO_0006364', 'GO_0046872', 'GO_0008989', 'GO_0070475', 'GO_0008270', 'GO_0032259', 'GO_0008168', 'GO_0052911'}"
b1823,"{'GO_0003697', 'GO_0016020', 'GO_0003677', 'GO_0034605', 'GO_0005515', 'GO_0005737', 'GO_0003723', 'GO_0060567', 'GO_0031564', 'GO_0003676', 'GO_0001072', 'GO_0005829', 'GO_0042803', 'GO_0051087'}"
b1824,"{'GO_0097533', 'GO_0036460', 'GO_0034605'}"
b1825,{'GO_0005886'}
b1826,"{'GO_0005886', 'GO_0070298', 'GO_0005515', 'GO_0071286', 'GO_0010447'}"
b1827,"{'GO_0003700', 'GO_0003677', 'GO_0005515', 'GO_0005737', 'GO_0045892', 'GO_0006355', 'GO_0005829'}"
b1828,"{'GO_0005886', 'GO_0055085', 'GO_0022857'}"
b1829,"{'GO_0005886', 'GO_0016020', 'GO_0008237', 'GO_0046872', 'GO_0004222', 'GO_0009266', 'GO_0008270', 'GO_0006508'}"
b1830,"{'GO_0005886', 'GO_0005515', 'GO_0030288', 'GO_0004252', 'GO_0008236', 'GO_0030163', 'GO_0006508', 'GO_0004175', 'GO_0046677'}"
b1831,"{'GO_0071475', 'GO_0010608', 'GO_0044010', 'GO_0005515', 'GO_0005737', 'GO_0003729', 'GO_0034057', 'GO_0003723', 'GO_0033592', 'GO_0003730', 'GO_1902836', 'GO_0005829', 'GO_0051050', 'GO_0007231', 'GO_0006974'}"
b1832,"{'GO_0016491', 'GO_0042803', 'GO_0033745', 'GO_0005829'}"
b1833,"{'GO_0005886', 'GO_0061024', 'GO_0009408', 'GO_0046907'}"
b1834,"{'GO_0005886', 'GO_0030288', 'GO_0042802', 'GO_0120009'}"
b1835,"{'GO_0006364', 'GO_0001510', 'GO_0005737', 'GO_0006396', 'GO_0003723', 'GO_0070475', 'GO_0016434', 'GO_0008649', 'GO_0009383', 'GO_0031167', 'GO_0008168', 'GO_0032259'}"
b1836,{'GO_0005515'}
b1838,"{'GO_0008138', 'GO_0046872', 'GO_0004721', 'GO_0009266', 'GO_0017018', 'GO_0016787', 'GO_0004722'}"
b1839,"{'GO_0055070', 'GO_0030288'}"
b1840,"{'GO_0005886', 'GO_0006825', 'GO_0016020'}"
b1841,"{'GO_0055070', 'GO_0042597', 'GO_0030288', 'GO_0046872', 'GO_0046688', 'GO_0005507', 'GO_0006825'}"
b1842,"{'GO_0006260', 'GO_0044776', 'GO_0003677', 'GO_0009360', 'GO_0005515', 'GO_0003887', 'GO_0006261', 'GO_0071897', 'GO_0006272', 'GO_0005829', 'GO_0006273', 'GO_0030894'}"
b1844,"{'GO_0004527', 'GO_0006281', 'GO_0003676', 'GO_0008408', 'GO_0006298', 'GO_0006259'}"
b1845,"{'GO_0070012', 'GO_0005737', 'GO_0004252', 'GO_0008236', 'GO_0006508'}"
b1846,{'GO_0005886'}
b1847,{'GO_0005576'}
b1848,"{'GO_0010165', 'GO_0009432', 'GO_0006281', 'GO_0005829'}"
b1849,"{'GO_0016874', 'GO_0006164', 'GO_0005515', 'GO_0003824', 'GO_0004644', 'GO_0046872', 'GO_0043815', 'GO_0005524', 'GO_0000287', 'GO_0006189', 'GO_0009152', 'GO_0005829', 'GO_0008776'}"
b1850,"{'GO_0008700', 'GO_0016833', 'GO_0016020', 'GO_0042802', 'GO_0005737', 'GO_0008675', 'GO_0016829', 'GO_0005829', 'GO_0106009', 'GO_0008948', 'GO_0009255'}"
b1851,"{'GO_0051539', 'GO_0004456', 'GO_0046872', 'GO_0016829', 'GO_0019752', 'GO_0046177', 'GO_0019521', 'GO_0016836', 'GO_0009255'}"
b1852,"{'GO_0042802', 'GO_0005515', 'GO_0009372', 'GO_0004345', 'GO_0016491', 'GO_0006006', 'GO_0006098', 'GO_0050661', 'GO_0005829'}"
b1853,"{'GO_0003700', 'GO_1901135', 'GO_0003677', 'GO_0097367', 'GO_0006355', 'GO_0006974'}"
b1854,"{'GO_0016310', 'GO_0042802', 'GO_0005515', 'GO_0046872', 'GO_0005524', 'GO_0004743', 'GO_0000287', 'GO_0016208', 'GO_0006096', 'GO_0005829', 'GO_0016301', 'GO_0030955', 'GO_1902912'}"
b1855,"{'GO_0005886', 'GO_0036104', 'GO_0009247', 'GO_0016020', 'GO_0009276', 'GO_0016740', 'GO_0016746', 'GO_0019107', 'GO_0016747', 'GO_0009103'}"
b1856,"{'GO_0005886', 'GO_0045227', 'GO_0005515', 'GO_0008237', 'GO_0009254', 'GO_0046872', 'GO_0004222', 'GO_0004175', 'GO_0006508', 'GO_0000270', 'GO_0071555'}"
b1857,"{'GO_0042597', 'GO_0016020', 'GO_0055052', 'GO_0046872', 'GO_0007155', 'GO_0006829', 'GO_0008270', 'GO_0071578'}"
b1858,"{'GO_0005886', 'GO_0016020', 'GO_0055052', 'GO_0043190', 'GO_0005524', 'GO_0015633', 'GO_0006829', 'GO_0016887', 'GO_0071578'}"
b1859,"{'GO_0005886', 'GO_0016020', 'GO_0000006', 'GO_0055052', 'GO_0043190', 'GO_0055085', 'GO_0006829', 'GO_0071578'}"
b1860,"{'GO_0009411', 'GO_0003677', 'GO_0006310', 'GO_0005515', 'GO_0005737', 'GO_0005829', 'GO_0005524', 'GO_0006281', 'GO_0009432', 'GO_0016887', 'GO_0009379', 'GO_0003678', 'GO_0000725', 'GO_0000400', 'GO_0048476', 'GO_0009378', 'GO_0016787', 'GO_0032508'}"
b1861,"{'GO_0042802', 'GO_0003677', 'GO_0006310', 'GO_0005515', 'GO_0005737', 'GO_0005524', 'GO_0006281', 'GO_0009432', 'GO_0009314', 'GO_0009379', 'GO_0048476', 'GO_0000725', 'GO_0000400', 'GO_0009378', 'GO_0032508'}"
b1863,"{'GO_0003677', 'GO_0006310', 'GO_0005515', 'GO_0005737', 'GO_0046872', 'GO_0004519', 'GO_0006281', 'GO_0071932', 'GO_0009314', 'GO_0000287', 'GO_0003676', 'GO_0000725', 'GO_0048476', 'GO_0008821'}"
b1864,"{'GO_0010212', 'GO_0003677', 'GO_0005737', 'GO_0006355', 'GO_0005829'}"
b1865,"{'GO_0046872', 'GO_0008828', 'GO_0000287', 'GO_0019177', 'GO_0046656', 'GO_0016787', 'GO_0046654'}"
b1866,"{'GO_0006418', 'GO_0005737', 'GO_0005524', 'GO_0003676', 'GO_0006412', 'GO_0005829', 'GO_0004815', 'GO_0006422', 'GO_0004812'}"
b1867,"{'GO_0016787', 'GO_0005829'}"
b1869,"{'GO_0005886', 'GO_0016020'}"
b1870,"{'GO_0016743', 'GO_0016740', 'GO_1904047', 'GO_0002098', 'GO_0042803', 'GO_0005829'}"
b1871,"{'GO_0042802', 'GO_0016740', 'GO_0032991', 'GO_0006400', 'GO_0002098', 'GO_0016765', 'GO_0008033'}"
b1872,"{'GO_0050626', 'GO_0042597', 'GO_0043546', 'GO_0030288', 'GO_0009055', 'GO_0016491', 'GO_0046872', 'GO_0019645', 'GO_0009061'}"
b1873,"{'GO_0005886', 'GO_0016020', 'GO_0009276', 'GO_0005506', 'GO_0046872', 'GO_0009055', 'GO_0019645', 'GO_0009061', 'GO_0020037'}"
b1874,{'GO_0005737'}
b1875,{'GO_0005829'}
b1876,"{'GO_0006418', 'GO_0006420', 'GO_0005737', 'GO_0005524', 'GO_0004814', 'GO_0006412', 'GO_0005829', 'GO_0004812'}"
b1878,"{'GO_0009288', 'GO_0044781'}"
b1879,"{'GO_0005886', 'GO_0009288', 'GO_0016020', 'GO_0071973', 'GO_0030254', 'GO_0005515', 'GO_0006935', 'GO_0015031', 'GO_0009306', 'GO_0030257', 'GO_0044780', 'GO_0120102', 'GO_0044781'}"
b1880,"{'GO_0005886', 'GO_0009288', 'GO_0016020', 'GO_0071973', 'GO_0030254', 'GO_0006935', 'GO_0030257', 'GO_0015031', 'GO_0009306', 'GO_0044780', 'GO_0120102', 'GO_0044781'}"
b1881,"{'GO_0005886', 'GO_0009288', 'GO_0042802', 'GO_0005515', 'GO_0003824', 'GO_0005737', 'GO_0004721', 'GO_0006935', 'GO_1902021', 'GO_0097588', 'GO_0071978', 'GO_0005829', 'GO_0051219', 'GO_0050920', 'GO_0098561'}"
b1882,"{'GO_0009288', 'GO_0120107', 'GO_0006935', 'GO_0018393', 'GO_0009433', 'GO_0071977', 'GO_0005829', 'GO_0000160', 'GO_0005515', 'GO_0000156', 'GO_0016407', 'GO_0009454', 'GO_0005737', 'GO_0046872', 'GO_1902021', 'GO_0097588', 'GO_0000287', 'GO_0050920', 'GO_0043052', 'GO_0007165'}"
b1883,"{'GO_0005886', 'GO_0006482', 'GO_0008984', 'GO_0018277', 'GO_1990827', 'GO_0005515', 'GO_0005737', 'GO_0006935', 'GO_0000156', 'GO_0050568', 'GO_0005829', 'GO_0000160', 'GO_0016787', 'GO_0007165'}"
b1884,"{'GO_0005886', 'GO_0005515', 'GO_0006935', 'GO_0008757', 'GO_0006479', 'GO_0098561', 'GO_0005829', 'GO_0008168', 'GO_0008983', 'GO_0008276', 'GO_0032259'}"
b1885,"{'GO_0005886', 'GO_0016020', 'GO_0006935', 'GO_0004888', 'GO_0007165'}"
b1886,"{'GO_0005886', 'GO_0051260', 'GO_0016020', 'GO_0042802', 'GO_0071230', 'GO_1901875', 'GO_0005515', 'GO_0006935', 'GO_0007172', 'GO_0051286', 'GO_0004888', 'GO_0009593', 'GO_0042803', 'GO_0098561', 'GO_0050920', 'GO_0007165', 'GO_0043424'}"
b1887,"{'GO_0005886', 'GO_0009454', 'GO_1901875', 'GO_0005515', 'GO_0006935', 'GO_0005737', 'GO_0051286', 'GO_0051649', 'GO_0019904', 'GO_0005829', 'GO_0007165', 'GO_0098561'}"
b1888,"{'GO_0000155', 'GO_0005886', 'GO_0016310', 'GO_1901875', 'GO_0005515', 'GO_0005737', 'GO_0006935', 'GO_0050920', 'GO_0005524', 'GO_0004673', 'GO_1902021', 'GO_0071977', 'GO_0098561', 'GO_0031400', 'GO_0016301', 'GO_0000160', 'GO_0018106'}"
b1889,"{'GO_0005886', 'GO_0009288', 'GO_1902600', 'GO_0071973', 'GO_0005515', 'GO_0006935', 'GO_0120101', 'GO_0015252', 'GO_0042834', 'GO_0097588'}"
b1890,"{'GO_0005886', 'GO_0009288', 'GO_1902600', 'GO_0071973', 'GO_0005515', 'GO_0006935', 'GO_0120101', 'GO_0015252', 'GO_0097588', 'GO_0071978'}"
b1891,"{'GO_1902208', 'GO_0005667', 'GO_0003677', 'GO_0005737', 'GO_0046872', 'GO_0006351', 'GO_0008270', 'GO_0006355', 'GO_0045893', 'GO_1902210', 'GO_0044781'}"
b1892,"{'GO_1902208', 'GO_0005667', 'GO_0003677', 'GO_0044780', 'GO_0005737', 'GO_0006351', 'GO_0006355', 'GO_0045893', 'GO_1902210', 'GO_0044781'}"
b1893,"{'GO_0006310', 'GO_0003677', 'GO_0004803', 'GO_0032196', 'GO_0006313'}"
b1894,"{'GO_0032196', 'GO_0006310', 'GO_0006313'}"
b1895,"{'GO_0009267', 'GO_0005515', 'GO_0005737', 'GO_0009651', 'GO_0042803', 'GO_0060090', 'GO_0034644'}"
b1896,"{'GO_0006970', 'GO_0016757', 'GO_0016758', 'GO_0070415', 'GO_0006950', 'GO_0003825', 'GO_0006974', 'GO_0005992'}"
b1897,"{'GO_0006970', 'GO_0046872', 'GO_0016791', 'GO_0070415', 'GO_0000287', 'GO_0004805', 'GO_0016787', 'GO_0005992'}"
b1900,"{'GO_0005886', 'GO_0016020', 'GO_0015612', 'GO_0005515', 'GO_0055052', 'GO_0005524', 'GO_0016887', 'GO_0005829', 'GO_0015147', 'GO_0042882'}"
b1901,"{'GO_0016020', 'GO_0042597', 'GO_0055052', 'GO_0030288', 'GO_0015407', 'GO_0042882', 'GO_0048029'}"
b1902,"{'GO_0005737', 'GO_0008199', 'GO_0005829'}"
b1905,"{'GO_0140315', 'GO_0042802', 'GO_0006979', 'GO_0005737', 'GO_0046872', 'GO_0016491', 'GO_0071281', 'GO_0006826', 'GO_0006879', 'GO_0004322', 'GO_0005829', 'GO_0008199', 'GO_0006974'}"
b1907,"{'GO_0005886', 'GO_0006865', 'GO_0015293', 'GO_0015173', 'GO_0015801', 'GO_0003333'}"
b1908,{'GO_0005506'}
b1912,"{'GO_0005886', 'GO_0016020', 'GO_0016740', 'GO_0016780', 'GO_0008444', 'GO_0008654', 'GO_0006655'}"
b1913,"{'GO_0003677', 'GO_0004518', 'GO_0005737', 'GO_0006281', 'GO_0009432', 'GO_0009314', 'GO_0009380', 'GO_0006289', 'GO_0009381'}"
b1914,"{'GO_0003677', 'GO_0005737', 'GO_0000156', 'GO_0006355', 'GO_0000160'}"
b1916,"{'GO_2000144', 'GO_0051301', 'GO_0003677', 'GO_0006355'}"
b1917,"{'GO_0005886', 'GO_0015426', 'GO_0006865', 'GO_0055052', 'GO_0043190', 'GO_0005524', 'GO_0016887', 'GO_0015424', 'GO_1903712', 'GO_0015811', 'GO_0003333', 'GO_0015184'}"
b1918,"{'GO_0005886', 'GO_0006865', 'GO_0016020', 'GO_0055052', 'GO_0015830', 'GO_0043190', 'GO_0055085', 'GO_0071705', 'GO_1903712', 'GO_0022857', 'GO_0015811', 'GO_0006791', 'GO_0015184'}"
b1919,"{'GO_0006790', 'GO_0005515', 'GO_0019148', 'GO_0030170', 'GO_0019149', 'GO_0016829', 'GO_0010438', 'GO_0019447', 'GO_0046416', 'GO_0042803', 'GO_0005829', 'GO_0006791'}"
b1920,"{'GO_0034220', 'GO_0006865', 'GO_0016020', 'GO_0042597', 'GO_0055052', 'GO_0030288', 'GO_0015830', 'GO_1903712', 'GO_0015276', 'GO_0015811', 'GO_0016597', 'GO_0006791', 'GO_0015184'}"
b1921,"{'GO_0003677', 'GO_0001046', 'GO_0045892', 'GO_0015074', 'GO_1902021', 'GO_0016989'}"
b1922,"{'GO_0003677', 'GO_0044780', 'GO_0005515', 'GO_0005737', 'GO_0071973', 'GO_0010468', 'GO_0003899', 'GO_2000142', 'GO_0006351', 'GO_0016987', 'GO_0006355', 'GO_0005829', 'GO_0000345', 'GO_0006352'}"
b1923,"{'GO_0005515', 'GO_0005576', 'GO_0009288', 'GO_0005198'}"
b1924,"{'GO_0009288', 'GO_0005576', 'GO_0009424', 'GO_0071973', 'GO_0005515', 'GO_0009421', 'GO_0007155'}"
b1925,"{'GO_0071973', 'GO_0044780', 'GO_0005737', 'GO_0005829', 'GO_0044781'}"
b1926,"{'GO_1902209', 'GO_0071973', 'GO_0005515', 'GO_0005737', 'GO_0006457', 'GO_0005829', 'GO_0044781'}"
b1927,"{'GO_0004553', 'GO_0005975', 'GO_0005737', 'GO_0046872', 'GO_0016798', 'GO_0005509', 'GO_0004556'}"
b1928,{'GO_0005886'}
b1929,"{'GO_0005515', 'GO_0005886'}"
b1930,{'GO_0006974'}
b1931,"{'GO_0003697', 'GO_0106300', 'GO_0003677', 'GO_0016829', 'GO_0009432', 'GO_0008233', 'GO_0006508', 'GO_0160129', 'GO_0006974'}"
b1932,"{'GO_0016746', 'GO_0016747'}"
b1936,"{'GO_0006310', 'GO_0046718', 'GO_0015074', 'GO_0044826', 'GO_0075713'}"
b1937,"{'GO_0009288', 'GO_0071973', 'GO_0006935', 'GO_0009425', 'GO_0097588', 'GO_0005198', 'GO_0003774', 'GO_0030694'}"
b1938,"{'GO_0005886', 'GO_0009288', 'GO_0009431', 'GO_0071973', 'GO_0005515', 'GO_0009425', 'GO_0030288', 'GO_0005829', 'GO_0003774'}"
b1939,"{'GO_0005886', 'GO_0009288', 'GO_0042802', 'GO_0071973', 'GO_0044780', 'GO_0005515', 'GO_0006935', 'GO_0009425', 'GO_0120107', 'GO_0097588', 'GO_0009433', 'GO_0071977', 'GO_0003774'}"
b1940,"{'GO_0009288', 'GO_0071973', 'GO_0030254', 'GO_0005737', 'GO_0006935', 'GO_0015031', 'GO_0030257', 'GO_0120102', 'GO_0005829', 'GO_0003774', 'GO_0044781'}"
b1941,"{'GO_0009288', 'GO_0042802', 'GO_0044780', 'GO_0006935', 'GO_0005524', 'GO_0044781', 'GO_0071973', 'GO_0009058', 'GO_0046961', 'GO_0046933', 'GO_1902600', 'GO_0030257', 'GO_0005737', 'GO_0015031', 'GO_0006754', 'GO_0030254', 'GO_0015986', 'GO_0016887', 'GO_0120102'}"
b1942,"{'GO_0005886', 'GO_0009288', 'GO_0016020', 'GO_0071973', 'GO_0030254', 'GO_0005515', 'GO_0006935', 'GO_0015031', 'GO_0030257', 'GO_0120102', 'GO_0003774', 'GO_0044781'}"
b1943,"{'GO_0044781', 'GO_0071973', 'GO_0009424', 'GO_0044780'}"
b1944,"{'GO_0005886', 'GO_0042802', 'GO_0071973', 'GO_0006935', 'GO_0009425', 'GO_0097588', 'GO_0071978'}"
b1945,"{'GO_0005886', 'GO_0009288', 'GO_0071973', 'GO_0120107', 'GO_0005515', 'GO_0006935', 'GO_0009425', 'GO_0097588', 'GO_0009433', 'GO_0071977', 'GO_0003774'}"
b1946,"{'GO_0005886', 'GO_0009288', 'GO_0016020', 'GO_0071973', 'GO_0120107', 'GO_0005515', 'GO_0006935', 'GO_0009425', 'GO_0097588', 'GO_0009433', 'GO_0071977', 'GO_0003774'}"
b1947,"{'GO_0005886', 'GO_0009288', 'GO_0016020', 'GO_0071973', 'GO_0030254', 'GO_0006935', 'GO_0009425', 'GO_0030257', 'GO_0120102', 'GO_0097588', 'GO_0044781'}"
b1948,"{'GO_0005886', 'GO_0009288', 'GO_0016020', 'GO_0071973', 'GO_0030254', 'GO_0006935', 'GO_0009425', 'GO_0015031', 'GO_0009306', 'GO_0030257', 'GO_0120102', 'GO_0044781'}"
b1949,"{'GO_0005886', 'GO_0009288', 'GO_0016020', 'GO_0071973', 'GO_0030254', 'GO_0006935', 'GO_0009425', 'GO_0030257', 'GO_0009306', 'GO_0044780', 'GO_0120102'}"
b1950,"{'GO_0005886', 'GO_0009288', 'GO_0006605', 'GO_0016020', 'GO_0071973', 'GO_0030254', 'GO_0006935', 'GO_0009425', 'GO_0030257', 'GO_0044780', 'GO_0120102'}"
b1951,"{'GO_0005667', 'GO_0003677', 'GO_1901913', 'GO_0045892', 'GO_1902021', 'GO_0006351', 'GO_0006355', 'GO_0045893'}"
b1953,"{'GO_0070301', 'GO_0071468', 'GO_0044011'}"
b1955,"{'GO_0005737', 'GO_0046872', 'GO_0016791', 'GO_0051479', 'GO_0000287', 'GO_0050531', 'GO_0016787'}"
b1956,"{'GO_0005886', 'GO_0005525', 'GO_0016740', 'GO_0005515', 'GO_0046872', 'GO_0030244', 'GO_0052621', 'GO_1902201'}"
b1958,{'GO_0005886'}
b1959,"{'GO_0005886', 'GO_0016020', 'GO_0009636'}"
b1960,"{'GO_0003677', 'GO_0005515', 'GO_0046872', 'GO_0004519', 'GO_0043765', 'GO_0006281', 'GO_0006298'}"
b1961,"{'GO_0003677', 'GO_0009307', 'GO_0005515', 'GO_0003886', 'GO_0032259', 'GO_0008168'}"
b1963,"{'GO_0005886', 'GO_0032153', 'GO_0051301', 'GO_0043093'}"
b1966,"{'GO_0046930', 'GO_0015288', 'GO_0009279', 'GO_0006811', 'GO_0034220'}"
b1967,"{'GO_0019172', 'GO_0016790', 'GO_0005829', 'GO_0016787', 'GO_0005515', 'GO_0036524', 'GO_0010447', 'GO_0051595', 'GO_0005737', 'GO_0046872', 'GO_0016829', 'GO_0019249', 'GO_0019243', 'GO_0006281', 'GO_0042245', 'GO_0008270', 'GO_0042803', 'GO_0030091', 'GO_0106044'}"
b1968,"{'GO_0000155', 'GO_0005886', 'GO_0016020', 'GO_0016310', 'GO_0007165', 'GO_0005515', 'GO_0016772', 'GO_0046688', 'GO_0005524', 'GO_0004673', 'GO_1901530', 'GO_0004672', 'GO_0016301', 'GO_0000160', 'GO_0006974', 'GO_0018106'}"
b1969,"{'GO_0003700', 'GO_0003677', 'GO_0005515', 'GO_0005737', 'GO_0045892', 'GO_0006355', 'GO_0045893', 'GO_0000160'}"
b1970,"{'GO_0042597', 'GO_0042802', 'GO_0051289', 'GO_0032991', 'GO_0033971', 'GO_0016787', 'GO_0006144'}"
b1971,"{'GO_0042597', 'GO_0043546', 'GO_0016675', 'GO_0016672', 'GO_0016491', 'GO_0030288', 'GO_0046872', 'GO_1901530', 'GO_0030091', 'GO_0016667'}"
b1972,"{'GO_0005886', 'GO_0005515', 'GO_0046872', 'GO_0009055', 'GO_0016679', 'GO_0030091', 'GO_0020037', 'GO_0010181'}"
b1973,"{'GO_0034224', 'GO_0070301', 'GO_0006882', 'GO_0042597', 'GO_0005737', 'GO_0030288', 'GO_0046872', 'GO_0008270', 'GO_0005829', 'GO_0071276', 'GO_0046870'}"
b1974,"{'GO_0005886', 'GO_0016020', 'GO_0046872', 'GO_0009055', 'GO_0022904'}"
b1976,"{'GO_0006364', 'GO_0005515', 'GO_0005737', 'GO_0008237', 'GO_0008757', 'GO_0046872', 'GO_0070677', 'GO_0008270', 'GO_0006508', 'GO_0031167', 'GO_0005829', 'GO_0008168', 'GO_0004177', 'GO_0032259'}"
b1978,"{'GO_0043709', 'GO_0007155', 'GO_0043708', 'GO_0009279'}"
b1981,"{'GO_0005886', 'GO_0016020', 'GO_0015293', 'GO_0015733', 'GO_0055085', 'GO_0015530', 'GO_0022857'}"
b1982,"{'GO_0009116', 'GO_0008714', 'GO_0044209', 'GO_0005737', 'GO_0046033', 'GO_0005829', 'GO_0016787'}"
b1983,"{'GO_0003677', 'GO_0005515', 'GO_0005737', 'GO_0006355', 'GO_0005829'}"
b1985,"{'GO_0005886', 'GO_0035350', 'GO_0042908', 'GO_0044610', 'GO_0016020', 'GO_0015297', 'GO_0015031', 'GO_0015230', 'GO_0055085', 'GO_0071916', 'GO_1901264', 'GO_0035442', 'GO_0015833', 'GO_0042910'}"
b1987,"{'GO_0003700', 'GO_0045883', 'GO_0003677', 'GO_0006355'}"
b1988,"{'GO_0003700', 'GO_0003677', 'GO_0045892', 'GO_0006355', 'GO_0045893', 'GO_0042128'}"
b1991,"{'GO_0008939', 'GO_0016757', 'GO_0009236'}"
b1992,"{'GO_0005886', 'GO_0008818', 'GO_0016740', 'GO_0051073', 'GO_0009236'}"
b1993,"{'GO_0005525', 'GO_0008820', 'GO_0016310', 'GO_0000166', 'GO_0005524', 'GO_0009236', 'GO_0006779', 'GO_0016301', 'GO_0043752', 'GO_0006974'}"
b1994,"{'GO_0006310', 'GO_0003677', 'GO_0004803', 'GO_0032196', 'GO_0006313'}"
b1996,"{'GO_0006310', 'GO_0003677', 'GO_0015074', 'GO_0003676', 'GO_0032196'}"
b1997,"{'GO_0006310', 'GO_0003677', 'GO_0004803', 'GO_0032196', 'GO_0006313'}"
b2000,"{'GO_0009986', 'GO_0005576', 'GO_0042597', 'GO_0009279'}"
b2001,{'GO_0005886'}
b2002,"{'GO_0008237', 'GO_0046872', 'GO_0006508'}"
b2004,"{'GO_0005515', 'GO_0046872', 'GO_0005737', 'GO_0008092', 'GO_0051495', 'GO_0031342'}"
b2005,"{'GO_0008360', 'GO_0005515', 'GO_0001896', 'GO_0005737', 'GO_0051494', 'GO_2000245', 'GO_0008092'}"
b2006,{'GO_0005515'}
b2007,"{'GO_0005515', 'GO_0051286', 'GO_1903066', 'GO_0005829'}"
b2008,"{'GO_0005886', 'GO_0055085', 'GO_0022857'}"
b2009,"{'GO_0005737', 'GO_0008657', 'GO_2000372', 'GO_0006974', 'GO_2000104'}"
b2010,"{'GO_0005886', 'GO_0008800', 'GO_0008360', 'GO_0008658', 'GO_0004180', 'GO_0008233', 'GO_0006508', 'GO_0009252', 'GO_0000270', 'GO_0009002', 'GO_0071555'}"
b2011,"{'GO_0003697', 'GO_0008310', 'GO_0003677', 'GO_0005515', 'GO_0046872', 'GO_0004527', 'GO_0051575', 'GO_0006274', 'GO_0006281', 'GO_0000175', 'GO_0000287', 'GO_0003676', 'GO_0006259', 'GO_0006308'}"
b2012,{'GO_0005515'}
b2013,"{'GO_0005886', 'GO_0015709', 'GO_1902358', 'GO_0015117'}"
b2014,"{'GO_0005886', 'GO_1902600', 'GO_0006865', 'GO_0016020', 'GO_0015293', 'GO_0055085', 'GO_0048870', 'GO_0015847', 'GO_0015295', 'GO_0015489'}"
b2015,"{'GO_0003700', 'GO_0003677', 'GO_0006355'}"
b2016,"{'GO_0005524', 'GO_0005829'}"
b2017,"{'GO_0003677', 'GO_0005515', 'GO_0045892', 'GO_0015643', 'GO_0042803', 'GO_0006355', 'GO_0043565', 'GO_0110001', 'GO_0040008', 'GO_0044010'}"
b2018,{'GO_0000105'}
b2019,"{'GO_0016757', 'GO_0005737', 'GO_0046872', 'GO_0005524', 'GO_0000105', 'GO_0000287', 'GO_0003879', 'GO_0005829'}"
b2020,"{'GO_0051287', 'GO_0046872', 'GO_0016491', 'GO_0030145', 'GO_0000105', 'GO_0008270', 'GO_0004399', 'GO_0005829'}"
b2021,"{'GO_0042802', 'GO_0030170', 'GO_0008483', 'GO_0000105', 'GO_0005829', 'GO_0004400'}"
b2022,"{'GO_0042802', 'GO_0004424', 'GO_0005515', 'GO_0005737', 'GO_0046872', 'GO_0016829', 'GO_0000105', 'GO_0004401', 'GO_0016787'}"
b2023,"{'GO_0006541', 'GO_0005515', 'GO_0005737', 'GO_0009382', 'GO_0016829', 'GO_0000105', 'GO_0004359', 'GO_0016763', 'GO_0000107', 'GO_0016787'}"
b2024,"{'GO_0005737', 'GO_0000105', 'GO_0003949', 'GO_0005829', 'GO_0016853', 'GO_0006974'}"
b2025,"{'GO_0005515', 'GO_0005737', 'GO_0009382', 'GO_0016829', 'GO_0000105', 'GO_0005829', 'GO_0000107'}"
b2026,"{'GO_0005737', 'GO_0004636', 'GO_0005524', 'GO_0000105', 'GO_0004635', 'GO_0005829', 'GO_0016787'}"
b2027,"{'GO_0005886', 'GO_0016020', 'GO_0009103'}"
b2028,"{'GO_0051287', 'GO_0003979', 'GO_0016616', 'GO_0005515', 'GO_0016491', 'GO_0006065', 'GO_0009242', 'GO_0000271', 'GO_0009103'}"
b2030,"{'GO_0006310', 'GO_0003677', 'GO_0004803', 'GO_0032196', 'GO_0006313'}"
b2031,"{'GO_0016758', 'GO_0016757', 'GO_0045226', 'GO_0009103'}"
b2032,"{'GO_0005886', 'GO_0016740', 'GO_0016757', 'GO_0009103'}"
b2033,"{'GO_0016746', 'GO_0009103', 'GO_0005829'}"
b2035,"{'GO_0005886', 'GO_0009103'}"
b2036,"{'GO_0050660', 'GO_0005515', 'GO_0005829', 'GO_0042803', 'GO_0008767', 'GO_0016853', 'GO_0009103'}"
b2037,"{'GO_0005886', 'GO_0009243', 'GO_0016020', 'GO_0046677', 'GO_0006974', 'GO_0009103'}"
b2039,"{'GO_0009243', 'GO_0042802', 'GO_0051289', 'GO_0046872', 'GO_0008879', 'GO_0016779', 'GO_0019305', 'GO_0005829', 'GO_0045226', 'GO_0009103'}"
b2040,"{'GO_0009243', 'GO_0046872', 'GO_0016491', 'GO_0008831', 'GO_0019305', 'GO_0005829', 'GO_0045226', 'GO_0009103'}"
b2042,"{'GO_0030234', 'GO_0016779', 'GO_0009058', 'GO_0003983', 'GO_0005829', 'GO_0009225', 'GO_0006011', 'GO_0009103'}"
b2043,"{'GO_0045228', 'GO_0009103'}"
b2044,"{'GO_0045228', 'GO_0016757', 'GO_0046377', 'GO_0009103'}"
b2045,"{'GO_0016740', 'GO_0045228', 'GO_0009242', 'GO_0009103'}"
b2046,"{'GO_0005886', 'GO_0009242', 'GO_0016020', 'GO_0009103'}"
b2047,"{'GO_0005886', 'GO_0016757', 'GO_0089702', 'GO_0009242', 'GO_0009103'}"
b2048,"{'GO_0016868', 'GO_0005975', 'GO_0046872', 'GO_0000287', 'GO_0004615', 'GO_0016853', 'GO_0009298', 'GO_0009103'}"
b2049,"{'GO_0005525', 'GO_0004475', 'GO_0006972', 'GO_0009298', 'GO_0016779', 'GO_0009242', 'GO_0000271', 'GO_0009103'}"
b2050,"{'GO_0045228', 'GO_0016757', 'GO_0016740', 'GO_0046920', 'GO_0009242', 'GO_0009103'}"
b2051,"{'GO_0008727', 'GO_0042802', 'GO_0046872', 'GO_0030145', 'GO_0047917', 'GO_0000287', 'GO_0042803', 'GO_0016787', 'GO_0009103'}"
b2052,"{'GO_0005737', 'GO_0009226', 'GO_0016491', 'GO_0050577', 'GO_0042803', 'GO_0016853', 'GO_0042351', 'GO_0009242', 'GO_0070401'}"
b2054,"{'GO_0045228', 'GO_0016740', 'GO_0016746', 'GO_0016413', 'GO_0016747', 'GO_0009242', 'GO_0044010', 'GO_0009103'}"
b2055,"{'GO_0045228', 'GO_0016740', 'GO_0008417', 'GO_0009242', 'GO_0009103'}"
b2056,"{'GO_0005886', 'GO_0045228', 'GO_0046377', 'GO_0009103'}"
b2057,"{'GO_0035250', 'GO_0045228', 'GO_0016740', 'GO_0016758', 'GO_0009242', 'GO_0009103'}"
b2058,"{'GO_0016407', 'GO_0045228', 'GO_0006535', 'GO_0005737', 'GO_0016746', 'GO_0016413', 'GO_0016747', 'GO_0009001', 'GO_0009242', 'GO_0009103'}"
b2059,"{'GO_0045228', 'GO_0015020', 'GO_0016740', 'GO_0009242', 'GO_0009103'}"
b2060,"{'GO_0005886', 'GO_0016020', 'GO_0016310', 'GO_0042802', 'GO_0005524', 'GO_0016887', 'GO_0004713', 'GO_0009242', 'GO_0000271', 'GO_0045226'}"
b2061,"{'GO_0004721', 'GO_0006470', 'GO_0004725', 'GO_0009242', 'GO_0000271'}"
b2062,"{'GO_0015159', 'GO_0015774', 'GO_0046930', 'GO_0055085', 'GO_0015288', 'GO_0046377', 'GO_0009279', 'GO_0006811', 'GO_0000271'}"
b2063,"{'GO_0005886', 'GO_0050660', 'GO_0016020'}"
b2064,"{'GO_0005886', 'GO_0090313', 'GO_0042597'}"
b2065,"{'GO_0006235', 'GO_0015949', 'GO_0042802', 'GO_0006226', 'GO_0032991', 'GO_0000166', 'GO_0016787', 'GO_0009314', 'GO_0006229', 'GO_0008829', 'GO_0005829', 'GO_0009117', 'GO_0070207'}"
b2066,"{'GO_0044206', 'GO_0016310', 'GO_0005737', 'GO_0008655', 'GO_0016773', 'GO_0005524', 'GO_0043771', 'GO_0044211', 'GO_0009224', 'GO_0004849', 'GO_0005829', 'GO_0016301'}"
b2067,"{'GO_0005886', 'GO_0005525', 'GO_0016740', 'GO_0005515', 'GO_0046872', 'GO_1900231', 'GO_0052621'}"
b2068,"{'GO_0003905', 'GO_0005515', 'GO_0005737', 'GO_0043916', 'GO_0052821', 'GO_0016787', 'GO_0006281', 'GO_0006950', 'GO_0052822', 'GO_0006284', 'GO_0008725', 'GO_0006974', 'GO_0006307'}"
b2069,"{'GO_0140662', 'GO_0005524'}"
b2070,"{'GO_0016310', 'GO_0005524', 'GO_0006468', 'GO_0004672', 'GO_0016301'}"
b2072,"{'GO_0016791', 'GO_0004721', 'GO_0004722', 'GO_0017018'}"
b2074,"{'GO_0005886', 'GO_0140330', 'GO_0042908', 'GO_0016020', 'GO_0098567', 'GO_1990281', 'GO_0055085', 'GO_0015125', 'GO_0022857', 'GO_0015721'}"
b2075,"{'GO_0005886', 'GO_0140330', 'GO_0042908', 'GO_0016020', 'GO_0098567', 'GO_0005515', 'GO_1990281', 'GO_0055085', 'GO_0015125', 'GO_0022857', 'GO_0015721'}"
b2076,"{'GO_0005886', 'GO_0140330', 'GO_0042908', 'GO_0016020', 'GO_0098567', 'GO_0005515', 'GO_1990281', 'GO_0055085', 'GO_0015125', 'GO_0022857', 'GO_0015721'}"
b2077,"{'GO_0005886', 'GO_0055085', 'GO_0016020', 'GO_0022857'}"
b2078,"{'GO_0000155', 'GO_0005886', 'GO_0016020', 'GO_0016310', 'GO_0005524', 'GO_0004673', 'GO_0036460', 'GO_0016301', 'GO_0000160', 'GO_0007165', 'GO_0018106'}"
b2079,"{'GO_0042802', 'GO_0003677', 'GO_0005737', 'GO_2001023', 'GO_0006355', 'GO_0005829', 'GO_2000144', 'GO_0000160', 'GO_0000987'}"
b2080,{'GO_0006302'}
b2081,"{'GO_0006400', 'GO_0002098', 'GO_0008233', 'GO_0006508', 'GO_0005829', 'GO_0008033'}"
b2082,{'GO_0045893'}
b2086,"{'GO_0016310', 'GO_0005515', 'GO_0005737', 'GO_0046872', 'GO_0005524', 'GO_0008654', 'GO_0000287', 'GO_0016301', 'GO_0001727'}"
b2088,"{'GO_0006310', 'GO_0003677', 'GO_0004803', 'GO_0032196', 'GO_0006313'}"
b2089,"{'GO_0006310', 'GO_0003677', 'GO_0015074', 'GO_0003676', 'GO_0032196'}"
b2090,"{'GO_0003700', 'GO_0003677', 'GO_0006355'}"
b2091,"{'GO_0008868', 'GO_0042802', 'GO_0016616', 'GO_0046872', 'GO_0016491', 'GO_0008270', 'GO_0042803', 'GO_0019402', 'GO_0005829', 'GO_0019404'}"
b2093,"{'GO_0009401', 'GO_0016740', 'GO_0005737', 'GO_0090563', 'GO_1902495', 'GO_0090584', 'GO_0008982', 'GO_0019402', 'GO_0005829', 'GO_0015796'}"
b2094,"{'GO_0009401', 'GO_0016310', 'GO_0005737', 'GO_1902495', 'GO_0090584', 'GO_0019402', 'GO_0005829', 'GO_0015796', 'GO_0016301'}"
b2097,"{'GO_0016020', 'GO_0042802', 'GO_0004332', 'GO_0003824', 'GO_0005515', 'GO_0005737', 'GO_0016829', 'GO_0006096', 'GO_0005829'}"
b2098,"{'GO_0005886', 'GO_0016020', 'GO_0005337', 'GO_0015861', 'GO_0015862', 'GO_1901642', 'GO_0015858'}"
b2099,{'GO_0016787'}
b2100,"{'GO_0016301', 'GO_0016772', 'GO_0016310'}"
b2101,"{'GO_0003700', 'GO_0003677', 'GO_0006355'}"
b2102,"{'GO_0003796', 'GO_0016798', 'GO_0016998', 'GO_0009253'}"
b2103,"{'GO_0009228', 'GO_0009229', 'GO_0016310', 'GO_0003824', 'GO_0005524', 'GO_0008972', 'GO_0036172', 'GO_0008902', 'GO_0005829', 'GO_0016301'}"
b2104,"{'GO_0009228', 'GO_0009229', 'GO_0004417', 'GO_0016310', 'GO_0042802', 'GO_0003824', 'GO_0046872', 'GO_0005524', 'GO_0036172', 'GO_0000287', 'GO_0005829', 'GO_0016301', 'GO_0052673'}"
b2105,"{'GO_0003677', 'GO_0005737', 'GO_0046872', 'GO_0045892', 'GO_0006355'}"
b2106,"{'GO_0005886', 'GO_0015675', 'GO_0032025', 'GO_0035444', 'GO_0006824', 'GO_0010045', 'GO_0015099', 'GO_0035785'}"
b2107,"{'GO_0042597', 'GO_0032025', 'GO_0030288', 'GO_0005507', 'GO_0005829', 'GO_1901652', 'GO_0006974', 'GO_0010045'}"
b2108,"{'GO_0007155', 'GO_0009289', 'GO_0043709'}"
b2109,"{'GO_0015473', 'GO_0016020', 'GO_0055085', 'GO_0009297', 'GO_0009279', 'GO_0006974'}"
b2110,"{'GO_0030288', 'GO_0042597', 'GO_0071555', 'GO_0061077'}"
b2111,"{'GO_0007155', 'GO_0009289'}"
b2113,"{'GO_0046872', 'GO_0016226', 'GO_0005524', 'GO_0016887', 'GO_0005829', 'GO_0016787', 'GO_0051536', 'GO_0140663'}"
b2114,"{'GO_0006418', 'GO_0016020', 'GO_0006431', 'GO_0005515', 'GO_0005737', 'GO_0046872', 'GO_0005524', 'GO_0000049', 'GO_0008270', 'GO_0042803', 'GO_0006412', 'GO_0005829', 'GO_0004825', 'GO_0004812'}"
b2119,"{'GO_0005515', 'GO_0005524', 'GO_0016887'}"
b2120,{'GO_0005829'}
b2121,{'GO_0071978'}
b2122,"{'GO_0046872', 'GO_0008270', 'GO_0005829'}"
b2123,{'GO_0005886'}
b2125,"{'GO_0003677', 'GO_0005515', 'GO_0000156', 'GO_0006355', 'GO_0000160'}"
b2126,"{'GO_0000155', 'GO_0005886', 'GO_0016020', 'GO_0016310', 'GO_0031667', 'GO_0005515', 'GO_0033293', 'GO_0005524', 'GO_0004673', 'GO_0016301', 'GO_0000160', 'GO_0071555', 'GO_0007165', 'GO_0018106'}"
b2127,"{'GO_0003700', 'GO_0005515', 'GO_0003677', 'GO_0006355'}"
b2128,"{'GO_0005886', 'GO_0031460', 'GO_0006865', 'GO_0016020', 'GO_0055052', 'GO_0055085', 'GO_0015838'}"
b2129,"{'GO_0031459', 'GO_0006865', 'GO_0016020', 'GO_0031460', 'GO_0055052', 'GO_0005524', 'GO_0016887', 'GO_0015838'}"
b2130,"{'GO_0005886', 'GO_0006865', 'GO_0016020', 'GO_0031460', 'GO_0005515', 'GO_0055052', 'GO_0055085', 'GO_0015838'}"
b2131,"{'GO_0006865', 'GO_0016020', 'GO_0031460', 'GO_0042597', 'GO_0071474', 'GO_0055052', 'GO_0030288', 'GO_0043190', 'GO_0055085', 'GO_0022857', 'GO_0015838'}"
b2132,"{'GO_0042597', 'GO_0004553', 'GO_0005975', 'GO_0030288', 'GO_0016798', 'GO_0015926', 'GO_0008422'}"
b2133,"{'GO_0005886', 'GO_0031234', 'GO_0050660', 'GO_0009055', 'GO_0016491', 'GO_0102029', 'GO_0055085', 'GO_0022904', 'GO_0016901', 'GO_0009898', 'GO_0048038', 'GO_0071949', 'GO_0009061', 'GO_0006089', 'GO_0009060'}"
b2134,"{'GO_0043093', 'GO_0042597', 'GO_0008360', 'GO_0005515', 'GO_0008233', 'GO_0006508', 'GO_0004175', 'GO_0009252', 'GO_0000270', 'GO_0016787', 'GO_0009002', 'GO_0071555', 'GO_0009410'}"
b2135,"{'GO_0005886', 'GO_0016020', 'GO_0006974'}"
b2136,"{'GO_0005886', 'GO_0043093'}"
b2137,{'GO_0016491'}
b2140,"{'GO_0017150', 'GO_0002943', 'GO_0050660', 'GO_0102262', 'GO_0016491', 'GO_0000049', 'GO_0008033', 'GO_0010181'}"
b2141,"{'GO_0005886', 'GO_0016020'}"
b2142,{'GO_0005886'}
b2143,"{'GO_0015949', 'GO_0042802', 'GO_0004126', 'GO_0072527', 'GO_1901135', 'GO_0005737', 'GO_0001884', 'GO_0046872', 'GO_0055086', 'GO_0008270', 'GO_0042803', 'GO_0005829', 'GO_0006217', 'GO_0016787', 'GO_0009972'}"
b2144,"{'GO_0005886', 'GO_0030288', 'GO_0090549', 'GO_0009410'}"
b2145,{'GO_0016020'}
b2146,"{'GO_0050660', 'GO_0004159', 'GO_0051539', 'GO_0005515', 'GO_0140690', 'GO_0016491', 'GO_0003954', 'GO_0006208', 'GO_1990204', 'GO_0006212', 'GO_0006210', 'GO_0051536'}"
b2147,"{'GO_0004159', 'GO_0051539', 'GO_0005515', 'GO_0005737', 'GO_0016491', 'GO_0003954', 'GO_0006208', 'GO_0016627', 'GO_0046872', 'GO_0140690', 'GO_1990204', 'GO_0006212', 'GO_0006210', 'GO_0071978', 'GO_0010181', 'GO_0051536'}"
b2148,"{'GO_0005886', 'GO_0016020', 'GO_0055052', 'GO_0055085', 'GO_0015592', 'GO_0005354', 'GO_0015765', 'GO_0022857', 'GO_0015757', 'GO_0006974'}"
b2149,"{'GO_0005886', 'GO_0016020', 'GO_0055052', 'GO_0005524', 'GO_0016887', 'GO_0015592', 'GO_0005354', 'GO_0015765', 'GO_0015757', 'GO_0006974'}"
b2150,"{'GO_0016020', 'GO_0042597', 'GO_0006935', 'GO_0030288', 'GO_0046872', 'GO_0055052', 'GO_0005509', 'GO_0030246', 'GO_0015765', 'GO_0015757'}"
b2151,"{'GO_0005515', 'GO_0003677', 'GO_0006355'}"
b2152,{'GO_0005886'}
b2153,"{'GO_0005525', 'GO_0042802', 'GO_0008616', 'GO_0005737', 'GO_0032991', 'GO_0046872', 'GO_0006730', 'GO_0008270', 'GO_0005829', 'GO_0016787', 'GO_0046654', 'GO_0003934'}"
b2154,"{'GO_0004416', 'GO_0042802', 'GO_0051289', 'GO_0032991', 'GO_0016788', 'GO_0046294', 'GO_0052689', 'GO_0018738'}"
b2155,"{'GO_0043213', 'GO_0016020', 'GO_0033214', 'GO_0042912', 'GO_0015343', 'GO_1902495', 'GO_0006826', 'GO_0006879', 'GO_0009279', 'GO_0044718', 'GO_0006811'}"
b2156,"{'GO_0005886', 'GO_0006865', 'GO_0016020', 'GO_0042802', 'GO_0043200', 'GO_0097639', 'GO_0005515', 'GO_0015189', 'GO_0055085'}"
b2157,"{'GO_0003700', 'GO_0006351', 'GO_0003677', 'GO_0006355'}"
b2158,"{'GO_0005886', 'GO_0016020'}"
b2159,"{'GO_0003677', 'GO_0003906', 'GO_0046872', 'GO_0016791', 'GO_0008081', 'GO_0004519', 'GO_0006281', 'GO_0008270', 'GO_0008296', 'GO_0005829', 'GO_0006284', 'GO_0008833'}"
b2160,"{'GO_0016301', 'GO_0016772', 'GO_0016310'}"
b2161,"{'GO_0005886', 'GO_0016020', 'GO_0005337', 'GO_1901642'}"
b2162,"{'GO_0042802', 'GO_0050263', 'GO_0051289', 'GO_0032991', 'GO_0046872', 'GO_0016798', 'GO_0005509', 'GO_0006206', 'GO_0006139', 'GO_0046133', 'GO_0045437'}"
b2163,"{'GO_0003677', 'GO_0051539', 'GO_0005737', 'GO_0046872', 'GO_0006351', 'GO_0006355'}"
b2164,"{'GO_0005886', 'GO_0016020', 'GO_0005337', 'GO_1901642'}"
b2165,"{'GO_0042802', 'GO_0032991', 'GO_0046872', 'GO_0001522', 'GO_0016798', 'GO_0030145', 'GO_0016829', 'GO_0046113', 'GO_0004730'}"
b2166,"{'GO_0016310', 'GO_0016772', 'GO_0005524', 'GO_0050225', 'GO_0016301'}"
b2167,"{'GO_0005886', 'GO_1902600', 'GO_1990539', 'GO_0016020', 'GO_0009401', 'GO_0016310', 'GO_0022877', 'GO_0005515', 'GO_1902495', 'GO_0090582', 'GO_0005351', 'GO_0016301'}"
b2168,"{'GO_0016310', 'GO_0046835', 'GO_0005975', 'GO_0006001', 'GO_0016772', 'GO_0005524', 'GO_0008662', 'GO_0016301'}"
b2169,"{'GO_1990539', 'GO_0016310', 'GO_0009401', 'GO_0022877', 'GO_0005515', 'GO_0005737', 'GO_1902495', 'GO_0016301'}"
b2170,"{'GO_0005886', 'GO_1902600', 'GO_0015767', 'GO_0016020', 'GO_0034219', 'GO_1904659', 'GO_0055085', 'GO_0005351', 'GO_0008643', 'GO_0007059'}"
b2171,"{'GO_0005737', 'GO_0006414', 'GO_0005829', 'GO_0003746', 'GO_0043043'}"
b2172,"{'GO_0019594', 'GO_0016491', 'GO_0016616'}"
b2173,"{'GO_0005525', 'GO_0046872', 'GO_0008270', 'GO_0016787', 'GO_0003924'}"
b2174,"{'GO_0005886', 'GO_0050380', 'GO_0016740', 'GO_0009245', 'GO_0016776', 'GO_1903412', 'GO_0043165', 'GO_0009103'}"
b2175,"{'GO_0045227', 'GO_0005515', 'GO_0009254', 'GO_0071555', 'GO_0006508', 'GO_0004175', 'GO_0009279', 'GO_0000270', 'GO_0106415', 'GO_0008234'}"
b2176,"{'GO_0005886', 'GO_0030288', 'GO_0071111', 'GO_0005829', 'GO_0016787'}"
b2177,"{'GO_0015421', 'GO_0016020', 'GO_0035672', 'GO_0042884', 'GO_0055052', 'GO_0006857', 'GO_0030288', 'GO_0043190', 'GO_0055085', 'GO_0015833'}"
b2178,"{'GO_0005886', 'GO_0042884', 'GO_0016020', 'GO_0035672', 'GO_0055052', 'GO_0055085', 'GO_0015833'}"
b2179,"{'GO_0005886', 'GO_0042884', 'GO_0016020', 'GO_0035672', 'GO_0055052', 'GO_0055085', 'GO_0015833'}"
b2180,"{'GO_0005886', 'GO_0016020', 'GO_0035672', 'GO_0042884', 'GO_0005515', 'GO_0055052', 'GO_0042626', 'GO_0005524', 'GO_0016887', 'GO_0015833'}"
b2181,{'GO_0005515'}
b2182,"{'GO_0005886', 'GO_1990961', 'GO_0016020', 'GO_0033229', 'GO_0015031', 'GO_0033228', 'GO_0071916', 'GO_0035442', 'GO_0015833', 'GO_0035725', 'GO_0046677', 'GO_0042910'}"
b2183,"{'GO_0006364', 'GO_0005515', 'GO_0009982', 'GO_0001522', 'GO_0120159', 'GO_0003723', 'GO_0160136', 'GO_0005829', 'GO_0000455', 'GO_0016853'}"
b2184,"{'GO_0003697', 'GO_0010212', 'GO_0003677', 'GO_0005515', 'GO_0046872', 'GO_0006301', 'GO_0006302', 'GO_0004386', 'GO_0005524', 'GO_0006281', 'GO_0016887', 'GO_0051301', 'GO_0008270', 'GO_0006412', 'GO_0016787', 'GO_0009410'}"
b2185,"{'GO_0017148', 'GO_0019843', 'GO_0005737', 'GO_0008097', 'GO_0003735', 'GO_0022625', 'GO_0003723', 'GO_0000027', 'GO_0009314', 'GO_0002181', 'GO_0006412', 'GO_0005829', 'GO_1990904', 'GO_0005840'}"
b2186,"{'GO_0009295', 'GO_0042802', 'GO_0005515', 'GO_0005737', 'GO_0043590', 'GO_0003727', 'GO_0003690'}"
b2187,{'GO_0005829'}
b2188,"{'GO_0005515', 'GO_0005886'}"
b2192,"{'GO_0006310', 'GO_0003677', 'GO_0004803', 'GO_0032196', 'GO_0006313'}"
b2193,"{'GO_0003677', 'GO_0005524', 'GO_0006355', 'GO_0042128', 'GO_0000160'}"
b2194,"{'GO_0005886', 'GO_0015035', 'GO_0005515', 'GO_0046872', 'GO_0017004'}"
b2195,"{'GO_0005886', 'GO_0005515', 'GO_0030288', 'GO_0015036', 'GO_0017004'}"
b2196,"{'GO_0005886', 'GO_0016020', 'GO_0015886', 'GO_0005515', 'GO_0017004', 'GO_0020037', 'GO_0016679', 'GO_0015232'}"
b2197,"{'GO_0005886', 'GO_0005515', 'GO_0017003', 'GO_0046872', 'GO_0043190', 'GO_1903607', 'GO_0017004', 'GO_0020037', 'GO_1904334'}"
b2198,"{'GO_0005886', 'GO_0016020', 'GO_0015886', 'GO_0005515', 'GO_0043190', 'GO_1903607', 'GO_0017004', 'GO_1904334'}"
b2199,"{'GO_0005886', 'GO_0016020', 'GO_0015886', 'GO_0005515', 'GO_0043190', 'GO_1903607', 'GO_0017004', 'GO_0020037', 'GO_1904334', 'GO_0015232'}"
b2200,"{'GO_0005886', 'GO_0016020', 'GO_0015886', 'GO_0005515', 'GO_0043190', 'GO_1903607', 'GO_0017004', 'GO_1904334', 'GO_0015232'}"
b2201,"{'GO_0005886', 'GO_0005515', 'GO_0043190', 'GO_0005524', 'GO_0016887', 'GO_1903607', 'GO_0017004', 'GO_0022857', 'GO_1904334', 'GO_0015439'}"
b2202,"{'GO_0005886', 'GO_0016020', 'GO_0046872', 'GO_0019333', 'GO_0009061', 'GO_0020037'}"
b2204,"{'GO_0005886', 'GO_0046872', 'GO_0016020', 'GO_0051539'}"
b2205,"{'GO_0005886', 'GO_0046872', 'GO_0042597', 'GO_0051539'}"
b2206,"{'GO_0042597', 'GO_0030151', 'GO_0005506', 'GO_0043546', 'GO_0005515', 'GO_0030288', 'GO_0008940', 'GO_0009055', 'GO_0009325', 'GO_0016491', 'GO_0046872', 'GO_0051539', 'GO_1990204', 'GO_0050140', 'GO_0006777', 'GO_0009061', 'GO_0042128', 'GO_0045333'}"
b2207,"{'GO_0005515', 'GO_0051224', 'GO_0005737', 'GO_0005048'}"
b2208,"{'GO_0051539', 'GO_0006979', 'GO_0005515', 'GO_0046872', 'GO_0005737'}"
b2209,"{'GO_0004867', 'GO_0042597', 'GO_0005515', 'GO_0030288', 'GO_0006952', 'GO_0042803', 'GO_0010466'}"
b2210,"{'GO_0050660', 'GO_0016491', 'GO_0008924', 'GO_0016614', 'GO_0009898', 'GO_0005829', 'GO_0006099'}"
b2211,"{'GO_0005886', 'GO_0016020', 'GO_0042884', 'GO_0005524', 'GO_0016887', 'GO_0055085', 'GO_0015833', 'GO_0140359', 'GO_0046677', 'GO_1904680'}"
b2212,"{'GO_0051213', 'GO_0070989', 'GO_0005515', 'GO_0046872', 'GO_0008198', 'GO_0072702', 'GO_0006281', 'GO_0035516', 'GO_0042245', 'GO_0035515', 'GO_0005829', 'GO_0006307'}"
b2213,"{'GO_0003700', 'GO_0003677', 'GO_0005515', 'GO_0046872', 'GO_0003908', 'GO_0045892', 'GO_0006281', 'GO_0043565', 'GO_0008270', 'GO_0006355', 'GO_0032259', 'GO_0008168', 'GO_0045893', 'GO_0006974', 'GO_0006259', 'GO_0006307'}"
b2214,"{'GO_0005886', 'GO_0016740', 'GO_0046872', 'GO_1990204', 'GO_0017013', 'GO_0016651'}"
b2215,"{'GO_0034220', 'GO_0042802', 'GO_0046930', 'GO_0005515', 'GO_0046872', 'GO_0046718', 'GO_0001618', 'GO_0015288', 'GO_0046813', 'GO_0009279', 'GO_0120010', 'GO_0006811', 'GO_0006974'}"
b2216,"{'GO_0005886', 'GO_0009927', 'GO_0016310', 'GO_0016774', 'GO_0005515', 'GO_0005524', 'GO_0016301', 'GO_0000160'}"
b2217,"{'GO_0042802', 'GO_1901913', 'GO_0044011', 'GO_0006355', 'GO_0005829', 'GO_1990451', 'GO_0005667', 'GO_0005515', 'GO_0001216', 'GO_0045892', 'GO_0003677', 'GO_1902021', 'GO_0006351', 'GO_0045893', 'GO_0046677', 'GO_0043470', 'GO_0001217', 'GO_0031346', 'GO_0000160'}"
b2218,"{'GO_0000155', 'GO_0005886', 'GO_0046777', 'GO_0016310', 'GO_0005515', 'GO_0030288', 'GO_0004721', 'GO_0005524', 'GO_0004673', 'GO_0071470', 'GO_0006355', 'GO_0005829', 'GO_0016301', 'GO_0000160', 'GO_0044010', 'GO_0018106'}"
b2219,"{'GO_0000155', 'GO_0005886', 'GO_0016020', 'GO_0016310', 'GO_1904583', 'GO_0005524', 'GO_0004673', 'GO_0042803', 'GO_0006355', 'GO_0016301', 'GO_0000160', 'GO_0007165', 'GO_0018106'}"
b2220,"{'GO_0003700', 'GO_0003677', 'GO_0005737', 'GO_0005524', 'GO_0016887', 'GO_0006355', 'GO_0043565', 'GO_0045893', 'GO_0000160'}"
b2221,"{'GO_0046459', 'GO_0016740', 'GO_0005737', 'GO_0008775', 'GO_0008410', 'GO_0006631', 'GO_0047371'}"
b2222,"{'GO_0046459', 'GO_0016740', 'GO_0005515', 'GO_0005737', 'GO_0008775', 'GO_0008410', 'GO_0006631', 'GO_0047371'}"
b2223,{'GO_0005886'}
b2224,"{'GO_0044281', 'GO_0042802', 'GO_0005737', 'GO_0016746', 'GO_0032991', 'GO_0043442', 'GO_0006631', 'GO_0016747', 'GO_0003985'}"
b2228,{'GO_0004866'}
b2230,{'GO_0005829'}
b2231,"{'GO_0042802', 'GO_0005524', 'GO_0005829', 'GO_0009410', 'GO_0006265', 'GO_0005515', 'GO_0051276', 'GO_0034335', 'GO_0003677', 'GO_0005737', 'GO_0006261', 'GO_0005694', 'GO_0006351', 'GO_0003916', 'GO_0008094', 'GO_0046677', 'GO_0016020', 'GO_0003918', 'GO_2000104'}"
b2232,"{'GO_0042538', 'GO_0102208', 'GO_1901611', 'GO_0005515', 'GO_0006744', 'GO_0005737', 'GO_0010420', 'GO_0009898', 'GO_0061542', 'GO_0005829', 'GO_0008168', 'GO_0008425', 'GO_0110142', 'GO_0032259'}"
b2233,"{'GO_0009411', 'GO_0043709', 'GO_0005576', 'GO_0042597', 'GO_0019867', 'GO_0007155', 'GO_0008236', 'GO_0009986', 'GO_0006508', 'GO_0009279'}"
b2234,"{'GO_0004748', 'GO_0044183', 'GO_0015949', 'GO_0042802', 'GO_0005515', 'GO_0009263', 'GO_0016491', 'GO_0005829', 'GO_0005524', 'GO_0009185', 'GO_0006457', 'GO_0009265', 'GO_0005971'}"
b2235,"{'GO_0004748', 'GO_0015949', 'GO_0042802', 'GO_0005506', 'GO_0005515', 'GO_0005737', 'GO_0009263', 'GO_0016491', 'GO_0046872', 'GO_0009185', 'GO_0005971', 'GO_0009265', 'GO_0005829'}"
b2236,"{'GO_0005737', 'GO_0046872', 'GO_0009055', 'GO_0006124', 'GO_0051537', 'GO_0030091'}"
b2237,{'GO_0005886'}
b2240,"{'GO_0005886', 'GO_0015169', 'GO_0016020', 'GO_0015794', 'GO_0015527', 'GO_0006071', 'GO_0015793', 'GO_0015315'}"
b2241,"{'GO_0005886', 'GO_0050660', 'GO_0019637', 'GO_0046174', 'GO_0005515', 'GO_0016491', 'GO_0006072', 'GO_0004368', 'GO_0009331', 'GO_0046168', 'GO_0006796', 'GO_0005829', 'GO_0019563', 'GO_0010181', 'GO_0009061'}"
b2242,"{'GO_0005886', 'GO_0016491', 'GO_0009331', 'GO_0004368', 'GO_0046168', 'GO_0005829', 'GO_0019563', 'GO_0010181', 'GO_0009061'}"
b2243,"{'GO_0005886', 'GO_0016020', 'GO_0051539', 'GO_0046872', 'GO_0009331', 'GO_0004368', 'GO_0046168', 'GO_0009061', 'GO_0019563', 'GO_0051536', 'GO_0022900'}"
b2245,"{'GO_0061677', 'GO_0042802', 'GO_0005515', 'GO_0005737', 'GO_0046872', 'GO_0016829', 'GO_0000287', 'GO_0034214', 'GO_0016832', 'GO_0106099', 'GO_0016151'}"
b2246,"{'GO_0005886', 'GO_0055085', 'GO_0022857'}"
b2247,"{'GO_0042802', 'GO_0046872', 'GO_0050032', 'GO_0009063', 'GO_0016829', 'GO_0000287', 'GO_0016836'}"
b2248,"{'GO_0005515', 'GO_0003677', 'GO_0006355'}"
b2250,{'GO_0009279'}
b2251,"{'GO_0047429', 'GO_0047840', 'GO_0004170', 'GO_0000287', 'GO_0016818', 'GO_0016787', 'GO_0036218'}"
b2252,"{'GO_0008653', 'GO_0016791', 'GO_0016787', 'GO_0042597'}"
b2253,"{'GO_0046493', 'GO_0099620', 'GO_0005737', 'GO_0003824', 'GO_0030170', 'GO_0008483', 'GO_0009245', 'GO_0046677', 'GO_0009103'}"
b2254,"{'GO_0005886', 'GO_0016757', 'GO_0016020', 'GO_0016780', 'GO_0036108', 'GO_0099621', 'GO_0009245', 'GO_0046677', 'GO_0009103'}"
b2255,"{'GO_0042802', 'GO_0016491', 'GO_0099618', 'GO_0070403', 'GO_2001315', 'GO_0016616', 'GO_0005515', 'GO_0016740', 'GO_0016742', 'GO_0009058', 'GO_0046493', 'GO_0016831', 'GO_0099619', 'GO_0048040', 'GO_0046677', 'GO_0009103', 'GO_0032991', 'GO_0009245', 'GO_0033320'}"
b2256,"{'GO_0005975', 'GO_0016811', 'GO_0036108', 'GO_0010041', 'GO_0009245', 'GO_0016787', 'GO_0046677', 'GO_0009103'}"
b2257,"{'GO_0005886', 'GO_0006493', 'GO_0016757', 'GO_0016020', 'GO_0016740', 'GO_0103015', 'GO_0000030', 'GO_0016763', 'GO_0010041', 'GO_0009245', 'GO_0009103'}"
b2258,"{'GO_0005886', 'GO_1901505', 'GO_0016020', 'GO_0055085', 'GO_1901264', 'GO_0022857', 'GO_0010041', 'GO_0009245', 'GO_0009103'}"
b2259,{'GO_0046677'}
b2260,"{'GO_0016874', 'GO_0042802', 'GO_0032991', 'GO_0008756', 'GO_0005524', 'GO_0016877', 'GO_0009234'}"
b2261,"{'GO_0003824', 'GO_0046872', 'GO_0016829', 'GO_0000287', 'GO_0016836', 'GO_0043748', 'GO_0009234'}"
b2264,"{'GO_0016740', 'GO_0046872', 'GO_0030976', 'GO_0030145', 'GO_0000287', 'GO_0042803', 'GO_0070204', 'GO_0009234'}"
b2265,"{'GO_0008909', 'GO_0046872', 'GO_0000287', 'GO_0016853', 'GO_0009234'}"
b2266,"{'GO_0005886', 'GO_0005515', 'GO_0043022', 'GO_0005829', 'GO_0033554', 'GO_0006974'}"
b2267,{'GO_0016747'}
b2268,"{'GO_0005886', 'GO_0042781', 'GO_0004518', 'GO_0046872', 'GO_0004527', 'GO_0008033', 'GO_0004519', 'GO_0016891', 'GO_0008270', 'GO_0042780', 'GO_0042803', 'GO_0016896', 'GO_0004532'}"
b2269,"{'GO_0016579', 'GO_0008234', 'GO_0006508'}"
b2271,"{'GO_0005886', 'GO_0008235', 'GO_0016020', 'GO_0006508'}"
b2276,"{'GO_0005886', 'GO_0008137', 'GO_0016020', 'GO_0030964', 'GO_0015990', 'GO_0003954', 'GO_0045271', 'GO_0022904', 'GO_0048038', 'GO_0050136', 'GO_0042773', 'GO_0009060'}"
b2277,"{'GO_0005886', 'GO_0008137', 'GO_0016020', 'GO_0030964', 'GO_0015990', 'GO_0003954', 'GO_0045271', 'GO_0022904', 'GO_0048038', 'GO_0042773', 'GO_0048039', 'GO_0009060'}"
b2278,"{'GO_0005886', 'GO_0008137', 'GO_0016020', 'GO_0030964', 'GO_0015990', 'GO_0003954', 'GO_0045271', 'GO_0022904', 'GO_0048038', 'GO_0042773'}"
b2279,"{'GO_0008137', 'GO_0005886', 'GO_1902600', 'GO_0016020', 'GO_0030964', 'GO_0005515', 'GO_0003954', 'GO_0045271', 'GO_0022904', 'GO_0048038', 'GO_0050136', 'GO_0042773', 'GO_0016651'}"
b2280,"{'GO_0005886', 'GO_0008137', 'GO_1902600', 'GO_0016020', 'GO_0030964', 'GO_0003954', 'GO_0045271', 'GO_0022904', 'GO_0048038'}"
b2281,"{'GO_0005886', 'GO_0016020', 'GO_0005506', 'GO_0030964', 'GO_0051539', 'GO_0046872', 'GO_0003954', 'GO_0045271', 'GO_0022904', 'GO_0048038', 'GO_0050136', 'GO_0016651', 'GO_0009060'}"
b2282,"{'GO_0005886', 'GO_0008137', 'GO_1902600', 'GO_0016020', 'GO_0030964', 'GO_0003954', 'GO_0045271', 'GO_0022904', 'GO_0048038', 'GO_0016655', 'GO_0009060'}"
b2283,"{'GO_0043546', 'GO_0022904', 'GO_0048038', 'GO_0008137', 'GO_0030964', 'GO_0005515', 'GO_1990204', 'GO_0051537', 'GO_0045333', 'GO_0010181', 'GO_1902600', 'GO_0051539', 'GO_0005737', 'GO_0046872', 'GO_0003954', 'GO_0045271', 'GO_0042773', 'GO_0009060', 'GO_0005886', 'GO_0016020', 'GO_0051536'}"
b2284,"{'GO_0005886', 'GO_0008137', 'GO_0051287', 'GO_1902600', 'GO_0016020', 'GO_0051539', 'GO_0030964', 'GO_0046872', 'GO_0003954', 'GO_0045271', 'GO_0022904', 'GO_0048038', 'GO_0010181', 'GO_0009060'}"
b2285,"{'GO_0008137', 'GO_0005886', 'GO_1902600', 'GO_0016020', 'GO_0030964', 'GO_0005515', 'GO_0046872', 'GO_0016491', 'GO_0003954', 'GO_0045271', 'GO_0022904', 'GO_0048038', 'GO_0051537', 'GO_0010181'}"
b2286,"{'GO_0005886', 'GO_0008137', 'GO_0051287', 'GO_1902600', 'GO_0016020', 'GO_0030964', 'GO_0005515', 'GO_0003824', 'GO_0005737', 'GO_0003954', 'GO_0045271', 'GO_0022904', 'GO_0048038', 'GO_0050136'}"
b2287,"{'GO_0005886', 'GO_0008137', 'GO_0016020', 'GO_0005506', 'GO_0030964', 'GO_0051539', 'GO_0015990', 'GO_0046872', 'GO_0003954', 'GO_0045271', 'GO_0022904', 'GO_0048038', 'GO_0050136', 'GO_0009060'}"
b2288,"{'GO_0005886', 'GO_0008137', 'GO_1902600', 'GO_0016020', 'GO_0030964', 'GO_0003954', 'GO_0045271', 'GO_0022904', 'GO_0048038', 'GO_0050136'}"
b2289,"{'GO_0003700', 'GO_0003677', 'GO_0045892', 'GO_0006351', 'GO_0006355', 'GO_0043565', 'GO_0045893', 'GO_0000987'}"
b2290,"{'GO_0006523', 'GO_0005737', 'GO_0003824', 'GO_0030170', 'GO_0030632', 'GO_0046677', 'GO_0008652', 'GO_0008483', 'GO_0009058', 'GO_0042803', 'GO_0004021', 'GO_0019272', 'GO_0006974'}"
b2291,"{'GO_0042802', 'GO_0006226', 'GO_0050897', 'GO_0005737', 'GO_0046872', 'GO_0016791', 'GO_0002953', 'GO_0000166', 'GO_0050340', 'GO_0010139', 'GO_0016787'}"
b2292,"{'GO_0005886', 'GO_0008324', 'GO_0016020', 'GO_0098655', 'GO_0055085', 'GO_0006813'}"
b2293,"{'GO_0050084', 'GO_0050897', 'GO_0046872', 'GO_0030145', 'GO_0050308', 'GO_0050286', 'GO_0043136', 'GO_0000287', 'GO_0016787'}"
b2294,"{'GO_0042802', 'GO_0006974', 'GO_0005829'}"
b2295,"{'GO_0005886', 'GO_2001251'}"
b2296,"{'GO_0006083', 'GO_0016020', 'GO_0016310', 'GO_0016774', 'GO_0005737', 'GO_0046872', 'GO_0005524', 'GO_0016301', 'GO_0006082', 'GO_0000287', 'GO_0008270', 'GO_0019413', 'GO_0019542', 'GO_0005829', 'GO_0044011', 'GO_0008776', 'GO_0006085'}"
b2297,"{'GO_0006083', 'GO_0005515', 'GO_0005737', 'GO_0016746', 'GO_0070689', 'GO_0045733', 'GO_0019427', 'GO_0008270', 'GO_0019413', 'GO_0005829', 'GO_0008959', 'GO_0006085'}"
b2298,"{'GO_0005886', 'GO_0015297', 'GO_0016020', 'GO_0055085'}"
b2299,"{'GO_0016817', 'GO_0005515', 'GO_0003824', 'GO_0046872', 'GO_0005829', 'GO_0016818', 'GO_0016787'}"
b2300,"{'GO_0042802', 'GO_0032991', 'GO_0046872', 'GO_0008081', 'GO_0030145', 'GO_0005829', 'GO_0016787'}"
b2301,"{'GO_0042542', 'GO_0016740', 'GO_0004364', 'GO_0098869', 'GO_0004601'}"
b2302,"{'GO_0006979', 'GO_0015036', 'GO_0098869', 'GO_0042803', 'GO_0004601'}"
b2303,"{'GO_0004150', 'GO_0042802', 'GO_0042559', 'GO_0005829', 'GO_0008719', 'GO_0016853', 'GO_0006760'}"
b2305,"{'GO_0004519', 'GO_0006310'}"
b2306,"{'GO_0005886', 'GO_0006865', 'GO_0016020', 'GO_0089718', 'GO_0055052', 'GO_1903810', 'GO_0043190', 'GO_0005524', 'GO_0016887', 'GO_0015424', 'GO_0089709', 'GO_0005291', 'GO_0003333'}"
b2307,"{'GO_0005886', 'GO_0006865', 'GO_0016020', 'GO_0089718', 'GO_0055052', 'GO_1903810', 'GO_0043190', 'GO_0055085', 'GO_0071705', 'GO_0022857'}"
b2308,"{'GO_0005886', 'GO_0006865', 'GO_0016020', 'GO_0089718', 'GO_0055052', 'GO_1903810', 'GO_0043190', 'GO_0055085', 'GO_0071705', 'GO_0089709', 'GO_0022857', 'GO_0005291'}"
b2309,"{'GO_0006865', 'GO_0016020', 'GO_0042597', 'GO_0055052', 'GO_0030288', 'GO_1903810', 'GO_0071705', 'GO_0016597'}"
b2310,"{'GO_0015822', 'GO_0006865', 'GO_0016020', 'GO_0009267', 'GO_0042597', 'GO_0089718', 'GO_0055052', 'GO_0030288', 'GO_0071705', 'GO_1902022', 'GO_0006995', 'GO_0071294'}"
b2311,"{'GO_0004659', 'GO_0003824', 'GO_0006744', 'GO_0120232', 'GO_0106141'}"
b2312,"{'GO_0006541', 'GO_0016757', 'GO_0042802', 'GO_0006164', 'GO_0097216', 'GO_0005737', 'GO_0046872', 'GO_0004044', 'GO_0009113', 'GO_0000287', 'GO_0006189', 'GO_0005829'}"
b2313,"{'GO_0005886', 'GO_0016020', 'GO_0009403'}"
b2314,"{'GO_0005886', 'GO_0008047', 'GO_0030428', 'GO_0005515', 'GO_0051301', 'GO_0042834', 'GO_0032506', 'GO_0032153'}"
b2315,"{'GO_0008841', 'GO_0016874', 'GO_0006761', 'GO_0009396', 'GO_0097216', 'GO_0005737', 'GO_0046872', 'GO_0006730', 'GO_0005524', 'GO_0046901', 'GO_0009257', 'GO_0046656', 'GO_0004326', 'GO_0016881', 'GO_0046654'}"
b2316,"{'GO_0006417', 'GO_0005524', 'GO_0005829', 'GO_2001295', 'GO_0042759', 'GO_0016740', 'GO_0005515', 'GO_0009329', 'GO_0016743', 'GO_0017148', 'GO_0003677', 'GO_0005737', 'GO_0046872', 'GO_0003729', 'GO_0006633', 'GO_0003723', 'GO_0009317', 'GO_0003989', 'GO_0008270'}"
b2317,{'GO_0005886'}
b2318,"{'GO_0009982', 'GO_0001522', 'GO_0006396', 'GO_0003723', 'GO_0031119', 'GO_0000049', 'GO_0140098', 'GO_0042803', 'GO_0016853', 'GO_0008033', 'GO_0106029', 'GO_0160147'}"
b2319,"{'GO_0051287', 'GO_0005515', 'GO_0016620', 'GO_0005829', 'GO_0046983', 'GO_0008652'}"
b2320,"{'GO_0051287', 'GO_0016616', 'GO_0005737', 'GO_0016491', 'GO_0008615', 'GO_0042803', 'GO_0033711', 'GO_0036001', 'GO_0005829', 'GO_0046983'}"
b2321,"{'GO_0005886', 'GO_0010468', 'GO_0016020'}"
b2322,"{'GO_0005886', 'GO_0055085', 'GO_0016020', 'GO_0022857'}"
b2323,"{'GO_0044281', 'GO_0005737', 'GO_0004315', 'GO_0016746', 'GO_0006633', 'GO_1903966', 'GO_0005829', 'GO_0016747'}"
b2324,"{'GO_0050660', 'GO_0005737', 'GO_0016491', 'GO_0004808', 'GO_0008757', 'GO_0002098', 'GO_0030488', 'GO_0002097', 'GO_0071949', 'GO_0016645', 'GO_0008168', 'GO_0008033', 'GO_0032259'}"
b2325,{'GO_0005829'}
b2326,"{'GO_0043687', 'GO_0046872', 'GO_0016709', 'GO_0004497'}"
b2327,"{'GO_0005886', 'GO_0009408', 'GO_0016020'}"
b2328,"{'GO_0042597', 'GO_0008237', 'GO_0030288', 'GO_0046872', 'GO_0004222', 'GO_0004252', 'GO_0008233', 'GO_0006508', 'GO_0004175', 'GO_0009252', 'GO_0000270', 'GO_0009410'}"
b2329,"{'GO_0042802', 'GO_0010181', 'GO_0004107', 'GO_0016829', 'GO_0009423', 'GO_0009073', 'GO_0005829', 'GO_0008652'}"
b2330,"{'GO_0008170', 'GO_0018364', 'GO_0008757', 'GO_0006479', 'GO_0043414', 'GO_0036009', 'GO_0003676', 'GO_0005829', 'GO_0008168', 'GO_0008276', 'GO_0032259'}"
b2331,"{'GO_0072344', 'GO_0004521'}"
b2332,{'GO_0005829'}
b2333,"{'GO_0007155', 'GO_0009289'}"
b2334,"{'GO_0007155', 'GO_0009289'}"
b2335,"{'GO_0007155', 'GO_0009289'}"
b2336,"{'GO_0030288', 'GO_0042597', 'GO_0071555', 'GO_0061077'}"
b2339,"{'GO_0007155', 'GO_0009289'}"
b2340,"{'GO_0070297', 'GO_0005515', 'GO_0005737', 'GO_0004721', 'GO_0036211', 'GO_0101006'}"
b2341,"{'GO_0016042', 'GO_0005515', 'GO_0005737', 'GO_0016491', 'GO_0008692', 'GO_0009056', 'GO_0016829', 'GO_0036125', 'GO_0016853', 'GO_0006631', 'GO_0006635', 'GO_0003857', 'GO_0004300', 'GO_0070403'}"
b2342,"{'GO_0044281', 'GO_0016042', 'GO_0005737', 'GO_0016746', 'GO_0003988', 'GO_0036125', 'GO_0005829', 'GO_0006631', 'GO_0006635', 'GO_0003857', 'GO_0004300', 'GO_0033542', 'GO_0016747'}"
b2343,{'GO_0005829'}
b2344,"{'GO_0006869', 'GO_0015483', 'GO_0055085', 'GO_0015909', 'GO_0009279', 'GO_0022834'}"
b2346,"{'GO_0005515', 'GO_0120010', 'GO_0016020', 'GO_0009279'}"
b2347,"{'GO_0005886', 'GO_0055085', 'GO_0016020', 'GO_0022857'}"
b2349,"{'GO_0042802', 'GO_0006310', 'GO_0003677', 'GO_0046718', 'GO_0015074', 'GO_0044826', 'GO_0043565', 'GO_0032359', 'GO_0075713'}"
b2350,"{'GO_0005886', 'GO_0008883', 'GO_0006783', 'GO_0016020', 'GO_0050661', 'GO_0000271'}"
b2351,"{'GO_0005515', 'GO_0016757', 'GO_0005886'}"
b2352,{'GO_0005886'}
b2354,{'GO_0006979'}
b2356,"{'GO_0003677', 'GO_0009307', 'GO_0016032', 'GO_0032259', 'GO_0008168', 'GO_0009007'}"
b2358,{'GO_0006979'}
b2360,{'GO_0016032'}
b2361,"{'GO_0005515', 'GO_0002953', 'GO_0050897'}"
b2362,{'GO_0006979'}
b2364,"{'GO_0003700', 'GO_0003677', 'GO_0006355'}"
b2365,"{'GO_0005886', 'GO_0006865', 'GO_0016020', 'GO_0015128', 'GO_0042945', 'GO_0042942', 'GO_0035429', 'GO_0006974'}"
b2366,"{'GO_0008721', 'GO_0005737', 'GO_0030170', 'GO_0016829', 'GO_0051410', 'GO_0036088', 'GO_0070178', 'GO_0016836', 'GO_0005829', 'GO_0046416', 'GO_0006974'}"
b2367,"{'GO_0005886', 'GO_0140330', 'GO_1990961', 'GO_0016020', 'GO_0098567', 'GO_1990281', 'GO_0046677', 'GO_0055085', 'GO_0022857', 'GO_0015721', 'GO_0006974'}"
b2368,"{'GO_0005886', 'GO_0140330', 'GO_1990961', 'GO_0098567', 'GO_1990281', 'GO_0015721', 'GO_0042910', 'GO_0006974', 'GO_0046677'}"
b2369,"{'GO_0003677', 'GO_0005515', 'GO_0005737', 'GO_0043565', 'GO_0006355', 'GO_0005829', 'GO_0000160'}"
b2370,"{'GO_0000155', 'GO_0005886', 'GO_0016310', 'GO_0030288', 'GO_0010038', 'GO_0005524', 'GO_0004673', 'GO_0010447', 'GO_0005829', 'GO_0016301', 'GO_0000160', 'GO_0007165', 'GO_0018106'}"
b2371,"{'GO_0003824', 'GO_0036412', 'GO_0042803', 'GO_0016740'}"
b2372,"{'GO_0005886', 'GO_0016020', 'GO_0055085'}"
b2373,"{'GO_0016831', 'GO_0042802', 'GO_0043531', 'GO_0046872', 'GO_0033611', 'GO_0000166', 'GO_0008949', 'GO_0030976', 'GO_0019752', 'GO_0000287', 'GO_0071468'}"
b2374,"{'GO_0033608', 'GO_0016740', 'GO_0033611', 'GO_0008410', 'GO_0071468'}"
b2376,"{'GO_0005886', 'GO_0009242'}"
b2377,{'GO_0005886'}
b2378,"{'GO_0005886', 'GO_0036104', 'GO_0009247', 'GO_0016020', 'GO_0016740', 'GO_0016746', 'GO_0009409', 'GO_0008951', 'GO_0009245', 'GO_0009103'}"
b2379,"{'GO_0006523', 'GO_0005737', 'GO_0003824', 'GO_0030170', 'GO_0030632', 'GO_0008652', 'GO_0008483', 'GO_0009058', 'GO_0042803', 'GO_0004021', 'GO_0019272'}"
b2380,"{'GO_0000155', 'GO_0005886', 'GO_0016020', 'GO_0016310', 'GO_0005515', 'GO_0031670', 'GO_0005524', 'GO_0004673', 'GO_0016301', 'GO_0000160', 'GO_0071555', 'GO_0007165', 'GO_0018106'}"
b2381,"{'GO_0003677', 'GO_0005737', 'GO_0000156', 'GO_0048870', 'GO_1900192', 'GO_0000160', 'GO_0046677'}"
b2382,"{'GO_0003700', 'GO_0043565', 'GO_0003677', 'GO_0006355'}"
b2383,"{'GO_0008965', 'GO_0009401', 'GO_0016020', 'GO_0016310', 'GO_0005515', 'GO_0005737', 'GO_0046872', 'GO_0008982', 'GO_0016301'}"
b2384,"{'GO_0070006', 'GO_0008237', 'GO_0046872', 'GO_0006508', 'GO_0004177'}"
b2385,"{'GO_0070006', 'GO_0005515', 'GO_0008235', 'GO_0042803', 'GO_0006508', 'GO_0004177', 'GO_0046914'}"
b2386,"{'GO_0005886', 'GO_0016020', 'GO_0009401', 'GO_0016740', 'GO_0008982'}"
b2387,"{'GO_0015755', 'GO_0016310', 'GO_0009401', 'GO_0022877', 'GO_0005737', 'GO_0090582', 'GO_0016301'}"
b2388,"{'GO_0016310', 'GO_0005737', 'GO_0051156', 'GO_0005524', 'GO_0004340', 'GO_0006096', 'GO_0005829', 'GO_0016301', 'GO_0005536'}"
b2389,"{'GO_0005886', 'GO_0016020', 'GO_1902476', 'GO_0005247', 'GO_0006821', 'GO_0055085', 'GO_0005216', 'GO_0034220'}"
b2392,"{'GO_0005384', 'GO_0140967', 'GO_0006811', 'GO_0070574', 'GO_0046873', 'GO_0015293', 'GO_0005515', 'GO_0034599', 'GO_0006828', 'GO_0015086', 'GO_0030001', 'GO_1902600', 'GO_0046872', 'GO_0015078', 'GO_0005886', 'GO_0016020', 'GO_0015691', 'GO_0006826', 'GO_0006824'}"
b2393,"{'GO_0005886', 'GO_0016020', 'GO_0005337', 'GO_0015293', 'GO_0015861', 'GO_0015862', 'GO_1901642', 'GO_0015506', 'GO_0015213', 'GO_0015212'}"
b2394,"{'GO_0006310', 'GO_0003677', 'GO_0004803', 'GO_0032196', 'GO_0006313'}"
b2395,"{'GO_0005886', 'GO_0071111', 'GO_0016787'}"
b2399,{'GO_0003677'}
b2400,"{'GO_0006418', 'GO_0005515', 'GO_0005737', 'GO_0046872', 'GO_0005524', 'GO_0006424', 'GO_0000049', 'GO_0008270', 'GO_0006412', 'GO_0005829', 'GO_0004818', 'GO_0004812'}"
b2405,"{'GO_0003700', 'GO_0045893', 'GO_0003677', 'GO_0006355'}"
b2406,"{'GO_0005886', 'GO_0016020', 'GO_0005337', 'GO_0015553', 'GO_0015293', 'GO_0015863', 'GO_0015861', 'GO_0055086', 'GO_0015862', 'GO_0055085', 'GO_1901642', 'GO_0015858'}"
b2407,"{'GO_0006161', 'GO_0047724', 'GO_0009116', 'GO_0015949', 'GO_0016757', 'GO_0042802', 'GO_1903228', 'GO_0005737', 'GO_0055086', 'GO_0006149', 'GO_0046115', 'GO_0047975', 'GO_0006148', 'GO_0034214', 'GO_0034355', 'GO_0004731', 'GO_0006152'}"
b2408,{'GO_0009279'}
b2409,"{'GO_0003700', 'GO_0006355', 'GO_0003677', 'GO_0005829'}"
b2410,"{'GO_0005886', 'GO_0055085', 'GO_0015293'}"
b2411,"{'GO_0006260', 'GO_0006266', 'GO_0016874', 'GO_0003911', 'GO_0003677', 'GO_0005515', 'GO_0046872', 'GO_0006281', 'GO_0006288', 'GO_0005829', 'GO_0006259', 'GO_0070403'}"
b2412,"{'GO_0005886', 'GO_0043093', 'GO_0016020', 'GO_0005515', 'GO_0051301', 'GO_1990586', 'GO_0032153', 'GO_0042803', 'GO_0000917', 'GO_0090529'}"
b2413,"{'GO_0005886', 'GO_1902358', 'GO_1902600', 'GO_0000103', 'GO_0015116', 'GO_0009675', 'GO_0019344'}"
b2414,"{'GO_0006535', 'GO_0042802', 'GO_0080146', 'GO_0016740', 'GO_0005515', 'GO_0030170', 'GO_0009333', 'GO_0016829', 'GO_0042803', 'GO_0005829', 'GO_0016765', 'GO_0004124', 'GO_0008652', 'GO_0019344', 'GO_0050272'}"
b2415,"{'GO_0008047', 'GO_0009401', 'GO_0016775', 'GO_0005515', 'GO_0005737', 'GO_0043609', 'GO_0030234', 'GO_0045152', 'GO_0045819', 'GO_0004857', 'GO_0005829'}"
b2416,"{'GO_0008965', 'GO_0009401', 'GO_0016310', 'GO_0042802', 'GO_0005515', 'GO_0005737', 'GO_0046872', 'GO_0005829', 'GO_0016301'}"
b2417,"{'GO_0009401', 'GO_0016020', 'GO_0016310', 'GO_0005515', 'GO_0005737', 'GO_0045912', 'GO_0046872', 'GO_1902344', 'GO_1902495', 'GO_0009898', 'GO_0043610', 'GO_0005829', 'GO_0016301', 'GO_1990154', 'GO_0034763'}"
b2418,"{'GO_0042816', 'GO_0016310', 'GO_0030170', 'GO_0003824', 'GO_0046872', 'GO_0005524', 'GO_0036172', 'GO_0008902', 'GO_0008270', 'GO_0000287', 'GO_0008478', 'GO_0009443', 'GO_0005829', 'GO_0042803', 'GO_0016301'}"
b2421,"{'GO_0006535', 'GO_0080146', 'GO_0016740', 'GO_0005515', 'GO_0030170', 'GO_0016226', 'GO_0019345', 'GO_0019450', 'GO_0016829', 'GO_0042803', 'GO_0016765', 'GO_0004124', 'GO_0019344'}"
b2422,"{'GO_0005886', 'GO_1902358', 'GO_0016020', 'GO_0005515', 'GO_0032991', 'GO_0098656', 'GO_0102025', 'GO_0043190', 'GO_0005524', 'GO_0016887', 'GO_0035796', 'GO_0015419', 'GO_0015709'}"
b2423,"{'GO_0005886', 'GO_1902358', 'GO_0016020', 'GO_0098656', 'GO_0043190', 'GO_0055085', 'GO_0035796', 'GO_0015419', 'GO_0015709'}"
b2424,"{'GO_0005886', 'GO_1902358', 'GO_0016020', 'GO_0098656', 'GO_0043190', 'GO_0055085', 'GO_0035796', 'GO_0015419', 'GO_0015709'}"
b2425,"{'GO_0006790', 'GO_1902358', 'GO_0016020', 'GO_0042597', 'GO_0030288', 'GO_0036173', 'GO_0035796', 'GO_1901681', 'GO_0015709', 'GO_0043199'}"
b2426,"{'GO_0005515', 'GO_0016491', 'GO_0052588'}"
b2427,"{'GO_0003700', 'GO_1901135', 'GO_0003677', 'GO_0097173', 'GO_0097367', 'GO_0045892', 'GO_0006355', 'GO_0043470'}"
b2428,"{'GO_0006040', 'GO_0016803', 'GO_0046348', 'GO_0005515', 'GO_0097173', 'GO_0009254', 'GO_0097367', 'GO_0016829', 'GO_0097175', 'GO_0016835'}"
b2429,"{'GO_0005886', 'GO_0016020', 'GO_0009401', 'GO_0016310', 'GO_0034219', 'GO_0090588', 'GO_0008982', 'GO_0016301'}"
b2430,"{'GO_0005886', 'GO_0008658', 'GO_0004180', 'GO_0006508', 'GO_0009002'}"
b2431,"{'GO_0005737', 'GO_0046872', 'GO_0098869', 'GO_0004601', 'GO_0005829', 'GO_0020037'}"
b2433,{'GO_0005886'}
b2434,"{'GO_0016746', 'GO_0016747'}"
b2435,"{'GO_0042597', 'GO_0030288', 'GO_0051301', 'GO_0071236', 'GO_0008745', 'GO_0008270', 'GO_0016787', 'GO_0071555', 'GO_0009253'}"
b2436,"{'GO_0006783', 'GO_0033194', 'GO_0005737', 'GO_0006782', 'GO_0016491', 'GO_0046872', 'GO_0030145', 'GO_0004109', 'GO_0042803', 'GO_0006779', 'GO_0046906', 'GO_0019353'}"
b2437,"{'GO_0003700', 'GO_0003677', 'GO_0006355', 'GO_0043565', 'GO_0046336'}"
b2438,"{'GO_0010165', 'GO_0031469', 'GO_0031471', 'GO_0005198', 'GO_0046336'}"
b2439,"{'GO_0042802', 'GO_0046872', 'GO_0031469', 'GO_0031471', 'GO_0008270', 'GO_0005198', 'GO_0046336'}"
b2440,"{'GO_0008851', 'GO_0006520', 'GO_0031469', 'GO_0016829', 'GO_0031471', 'GO_0031419', 'GO_0009350', 'GO_0046336'}"
b2441,"{'GO_0008851', 'GO_0006520', 'GO_0031469', 'GO_0016829', 'GO_0031471', 'GO_0031419', 'GO_0005829', 'GO_0009350', 'GO_0046336'}"
b2442,"{'GO_0006310', 'GO_0003677', 'GO_0046718', 'GO_0015074', 'GO_0044826', 'GO_0075713'}"
b2450,"{'GO_0003677', 'GO_0005829'}"
b2451,"{'GO_0046336', 'GO_0031469', 'GO_0030091'}"
b2452,"{'GO_0005886', 'GO_0016020', 'GO_0034229', 'GO_0034228', 'GO_0046336'}"
b2453,"{'GO_0016616', 'GO_0046872', 'GO_0016491', 'GO_0031469', 'GO_0004022', 'GO_0046336'}"
b2454,{'GO_0046336'}
b2455,"{'GO_0016491', 'GO_0008774', 'GO_0031469', 'GO_0004030', 'GO_0004029', 'GO_0046336'}"
b2456,"{'GO_0042802', 'GO_0005515', 'GO_0031469', 'GO_0034214', 'GO_0046336', 'GO_0006974'}"
b2457,"{'GO_0042802', 'GO_0031469', 'GO_0031471', 'GO_0034214', 'GO_0005198', 'GO_0046336'}"
b2458,"{'GO_0016407', 'GO_0009408', 'GO_0005737', 'GO_0016746', 'GO_0042803', 'GO_0046336', 'GO_0008959'}"
b2459,"{'GO_0016740', 'GO_0006580', 'GO_0008817', 'GO_0046872', 'GO_0005524', 'GO_0031469', 'GO_0009236', 'GO_0046336'}"
b2460,"{'GO_0016310', 'GO_0005515', 'GO_0031469', 'GO_0016301', 'GO_0008776', 'GO_0046336'}"
b2461,"{'GO_0006576', 'GO_0016310', 'GO_0005524', 'GO_0016301', 'GO_0031469', 'GO_0008776', 'GO_0046336'}"
b2462,"{'GO_0042802', 'GO_0031469', 'GO_0031471', 'GO_0034214', 'GO_0005198', 'GO_0046336'}"
b2463,"{'GO_0051287', 'GO_0042802', 'GO_0006108', 'GO_0016616', 'GO_0016746', 'GO_0046872', 'GO_0016491', 'GO_0030145', 'GO_0004473', 'GO_0005829', 'GO_0043883', 'GO_0008948', 'GO_0004470'}"
b2464,"{'GO_0005975', 'GO_0005737', 'GO_0016740', 'GO_0006098', 'GO_0004801', 'GO_0005829'}"
b2465,"{'GO_0016740', 'GO_0046872', 'GO_0004802', 'GO_0005829', 'GO_0009052'}"
b2467,"{'GO_0003824', 'GO_0046872', 'GO_0000287', 'GO_0042803', 'GO_0016818', 'GO_0016787', 'GO_0052751'}"
b2468,"{'GO_0046872', 'GO_0016491', 'GO_0019628', 'GO_0051539'}"
b2469,"{'GO_0000155', 'GO_0005886', 'GO_0071249', 'GO_0016020', 'GO_0016310', 'GO_0005524', 'GO_0004673', 'GO_0042128', 'GO_0004672', 'GO_0016301', 'GO_0000160', 'GO_0046983', 'GO_0071250', 'GO_0007165', 'GO_0018106'}"
b2470,"{'GO_0005886', 'GO_0140330', 'GO_0042908', 'GO_0015562', 'GO_0016020', 'GO_0098567', 'GO_0005515', 'GO_1990281', 'GO_0055085', 'GO_0009636', 'GO_0015125', 'GO_0015721', 'GO_0046677'}"
b2471,{'GO_0005829'}
b2472,"{'GO_0043093', 'GO_0042802', 'GO_0050897', 'GO_0005515', 'GO_0009089', 'GO_0046872', 'GO_0009014', 'GO_0009085', 'GO_0032153', 'GO_0008270', 'GO_0005829', 'GO_0019877', 'GO_0016787'}"
b2473,"{'GO_0052689', 'GO_0016787', 'GO_0016788', 'GO_0106435'}"
b2474,"{'GO_0051392', 'GO_0005737', 'GO_0016746', 'GO_0106226', 'GO_0005524', 'GO_0051391', 'GO_0000049', 'GO_0002101', 'GO_0008033', 'GO_0016747'}"
b2475,"{'GO_0005886', 'GO_0016020'}"
b2476,"{'GO_0004639', 'GO_0016020', 'GO_0006164', 'GO_0016874', 'GO_0097216', 'GO_0005524', 'GO_0006189', 'GO_0009236', 'GO_0005829'}"
b2477,"{'GO_0016020', 'GO_0042802', 'GO_0005515', 'GO_0009986', 'GO_0009279', 'GO_0051205', 'GO_0043165', 'GO_1990063'}"
b2478,"{'GO_0044281', 'GO_0042802', 'GO_0005737', 'GO_0009089', 'GO_0008840', 'GO_0009085', 'GO_0016829', 'GO_0005829', 'GO_0019877'}"
b2479,"{'GO_0005737', 'GO_0006351', 'GO_0006355', 'GO_0005829'}"
b2480,"{'GO_0008379', 'GO_0016209', 'GO_0006979', 'GO_0016491', 'GO_0140824', 'GO_0098869', 'GO_0004601', 'GO_0005829', 'GO_0032843'}"
b2481,"{'GO_0046872', 'GO_0016491', 'GO_0044569', 'GO_0051539'}"
b2482,"{'GO_0008137', 'GO_0005886', 'GO_1902600', 'GO_0009326', 'GO_0016020', 'GO_0044569', 'GO_0005515', 'GO_0016491', 'GO_0006007', 'GO_0019645', 'GO_0042773', 'GO_0009061', 'GO_0015944'}"
b2483,"{'GO_0005886', 'GO_0009326', 'GO_0016020', 'GO_0044569', 'GO_0016491', 'GO_0006007', 'GO_0019645', 'GO_0015944', 'GO_0009061', 'GO_0006974'}"
b2484,"{'GO_0005886', 'GO_0008137', 'GO_0009326', 'GO_0016020', 'GO_0044569', 'GO_0016491', 'GO_0006007', 'GO_0019645', 'GO_0042773', 'GO_0009061', 'GO_0015944'}"
b2485,"{'GO_0005886', 'GO_0009326', 'GO_0016020', 'GO_0044569', 'GO_0016491', 'GO_0006007', 'GO_0019645', 'GO_0009061', 'GO_0015944'}"
b2486,"{'GO_0005886', 'GO_0009326', 'GO_0016020', 'GO_0044569', 'GO_0016491', 'GO_0006007', 'GO_0019645', 'GO_0015944', 'GO_0009061', 'GO_0006974'}"
b2487,"{'GO_0008137', 'GO_0051287', 'GO_0051540', 'GO_0009326', 'GO_0016020', 'GO_0044569', 'GO_0051539', 'GO_1902600', 'GO_0005515', 'GO_0046872', 'GO_0016491', 'GO_0006007', 'GO_0019645', 'GO_0048038', 'GO_0009061', 'GO_0016151', 'GO_0015944'}"
b2488,"{'GO_0016020', 'GO_0044569', 'GO_0051539', 'GO_0046872', 'GO_0016651'}"
b2489,"{'GO_0008137', 'GO_1902600', 'GO_0051539', 'GO_0046872', 'GO_0016491', 'GO_0048038'}"
b2490,{'GO_0016491'}
b2491,"{'GO_0003677', 'GO_0005524', 'GO_0016887', 'GO_2000142', 'GO_0006355', 'GO_0000160', 'GO_0006352'}"
b2492,"{'GO_0005886', 'GO_0015724', 'GO_0016020', 'GO_0055085', 'GO_0022857', 'GO_0019664', 'GO_0015499'}"
b2493,{'GO_0005886'}
b2494,"{'GO_0051603', 'GO_0016020', 'GO_0042597', 'GO_0005515', 'GO_0008237', 'GO_0030288', 'GO_0046872', 'GO_0004222', 'GO_0008270', 'GO_0008233', 'GO_0006508', 'GO_0003756', 'GO_0043165', 'GO_0061077'}"
b2495,"{'GO_0016491', 'GO_0008794', 'GO_0005829'}"
b2497,"{'GO_0005886', 'GO_0016020', 'GO_0015505', 'GO_0015293', 'GO_0098721', 'GO_0015210', 'GO_0055085', 'GO_0042803', 'GO_0015857', 'GO_0022857', 'GO_0015205'}"
b2498,"{'GO_0005525', 'GO_0016757', 'GO_0016020', 'GO_0042802', 'GO_0044206', 'GO_0097216', 'GO_0008655', 'GO_0000287', 'GO_0005829', 'GO_0006206', 'GO_0006223', 'GO_0004845'}"
b2499,"{'GO_0016874', 'GO_0006164', 'GO_0004641', 'GO_0005737', 'GO_0005524', 'GO_0006189', 'GO_0005829'}"
b2500,"{'GO_0006164', 'GO_0016740', 'GO_0003824', 'GO_0004644', 'GO_0006189', 'GO_0005829', 'GO_0006974'}"
b2501,"{'GO_0005886', 'GO_0043751', 'GO_0016310', 'GO_0031241', 'GO_0016776', 'GO_0046872', 'GO_0016778', 'GO_0005524', 'GO_0016301', 'GO_0006793', 'GO_0008976', 'GO_0042803', 'GO_0005829', 'GO_0006799', 'GO_0009358'}"
b2502,"{'GO_0005886', 'GO_0042802', 'GO_0097216', 'GO_0004309', 'GO_0006798', 'GO_0006793', 'GO_0042803', 'GO_0016787'}"
b2503,"{'GO_0005886', 'GO_0070301', 'GO_0016020', 'GO_0071454', 'GO_1900190', 'GO_0000166', 'GO_0071111', 'GO_0042803', 'GO_0016787'}"
b2504,"{'GO_0005886', 'GO_0097501', 'GO_1990532'}"
b2505,"{'GO_0005886', 'GO_0019867', 'GO_0009279'}"
b2506,{'GO_0006974'}
b2507,"{'GO_0006541', 'GO_0016874', 'GO_0042802', 'GO_0003922', 'GO_0005524', 'GO_0006177', 'GO_0005829', 'GO_0046037', 'GO_0003921'}"
b2508,"{'GO_0003697', 'GO_1990829', 'GO_0009411', 'GO_0042802', 'GO_0006164', 'GO_0051289', 'GO_0097216', 'GO_0032991', 'GO_0046872', 'GO_0016491', 'GO_0000166', 'GO_0005524', 'GO_0006177', 'GO_0005829', 'GO_0003938'}"
b2509,"{'GO_0003677', 'GO_0005515', 'GO_0005737', 'GO_0004527', 'GO_0003676', 'GO_0009318', 'GO_0006298', 'GO_0008855', 'GO_0006308'}"
b2510,{'GO_0071978'}
b2511,"{'GO_0005525', 'GO_0043023', 'GO_0097216', 'GO_0005515', 'GO_0042254', 'GO_0032794', 'GO_0000027', 'GO_0043022', 'GO_0005829', 'GO_0003924'}"
b2512,"{'GO_0016020', 'GO_0042802', 'GO_0005515', 'GO_0009279', 'GO_0051205', 'GO_0043165', 'GO_1990063'}"
b2513,"{'GO_0005515', 'GO_0005886', 'GO_0044877'}"
b2514,"{'GO_0005737', 'GO_0005524', 'GO_0004821', 'GO_0006412', 'GO_0006427', 'GO_0005829', 'GO_0042803', 'GO_0004812'}"
b2515,"{'GO_0019288', 'GO_0141197', 'GO_0005506', 'GO_0051539', 'GO_0005515', 'GO_0046872', 'GO_0016114', 'GO_0016491', 'GO_0008299', 'GO_0005829', 'GO_0046429'}"
b2516,"{'GO_0005886', 'GO_0043093', 'GO_0016020', 'GO_0008360', 'GO_0003677', 'GO_0005515', 'GO_0009252'}"
b2517,"{'GO_0070040', 'GO_0019843', 'GO_0051539', 'GO_0006364', 'GO_0005515', 'GO_0005737', 'GO_0046872', 'GO_0051536', 'GO_0030488', 'GO_0070475', 'GO_0000049', 'GO_0002935', 'GO_0005829', 'GO_0008168', 'GO_0008033', 'GO_0008173', 'GO_0046677', 'GO_0032259'}"
b2518,"{'GO_0016310', 'GO_0006183', 'GO_0004550', 'GO_0005515', 'GO_0005737', 'GO_0046872', 'GO_0005524', 'GO_0006241', 'GO_0005829', 'GO_0006228', 'GO_0016301', 'GO_0009117'}"
b2519,"{'GO_0005886', 'GO_0016757', 'GO_0016020', 'GO_0008360', 'GO_0005515', 'GO_0008658', 'GO_0051781', 'GO_0004180', 'GO_0006508', 'GO_0009252', 'GO_0008955', 'GO_0071555'}"
b2520,"{'GO_0005886', 'GO_0004866', 'GO_0030414', 'GO_0006952', 'GO_0042803', 'GO_0010466', 'GO_0005615'}"
b2521,"{'GO_0042262', 'GO_0016740', 'GO_0005737', 'GO_0006979', 'GO_0004792', 'GO_0016784', 'GO_0005829', 'GO_0046677'}"
b2523,"{'GO_0070006', 'GO_0042802', 'GO_0005515', 'GO_0005737', 'GO_0046872', 'GO_0030145', 'GO_0006508', 'GO_0005829', 'GO_0004177', 'GO_0043171'}"
b2524,"{'GO_0005506', 'GO_0005515', 'GO_0008198', 'GO_0016226', 'GO_0004857', 'GO_0005829'}"
b2525,"{'GO_0005515', 'GO_0046872', 'GO_0009055', 'GO_0016226', 'GO_0051537', 'GO_0005829', 'GO_0140647'}"
b2526,"{'GO_0051082', 'GO_0140662', 'GO_1990230', 'GO_0005515', 'GO_0043531', 'GO_0016226', 'GO_0005524', 'GO_0016887', 'GO_0006457', 'GO_0097428', 'GO_0005829', 'GO_0070417'}"
b2527,"{'GO_0044571', 'GO_0051259', 'GO_1990230', 'GO_0005515', 'GO_0006457', 'GO_0097428', 'GO_0001671', 'GO_0005829', 'GO_0051087'}"
b2528,"{'GO_1990230', 'GO_0005506', 'GO_0005515', 'GO_0046872', 'GO_0008198', 'GO_0016226', 'GO_0034986', 'GO_0051537', 'GO_0005829', 'GO_0051536'}"
b2529,"{'GO_1990330', 'GO_0042802', 'GO_0005506', 'GO_0051539', 'GO_0005515', 'GO_0016226', 'GO_0019448', 'GO_0005507', 'GO_0008270', 'GO_0051537', 'GO_0005829', 'GO_0051536'}"
b2530,"{'GO_1990329', 'GO_0097163', 'GO_0005829', 'GO_0008033', 'GO_0009589', 'GO_0044571', 'GO_0016740', 'GO_0005515', 'GO_0003824', 'GO_0030170', 'GO_0002143', 'GO_0002937', 'GO_0051537', 'GO_0009228', 'GO_1990330', 'GO_0005737', 'GO_0046872', 'GO_0016226', 'GO_0019448', 'GO_1990221', 'GO_0072348', 'GO_1990228', 'GO_0009000', 'GO_0016261', 'GO_0031071', 'GO_0018131'}"
b2531,"{'GO_0003700', 'GO_0042802', 'GO_0005506', 'GO_0003677', 'GO_0046872', 'GO_0051537', 'GO_0006355', 'GO_0005829', 'GO_0003690'}"
b2532,"{'GO_0005737', 'GO_0106340', 'GO_0006396', 'GO_0003723', 'GO_0042803', 'GO_0005829', 'GO_0008168', 'GO_0008033', 'GO_0008173', 'GO_0002128', 'GO_0032259'}"
b2533,"{'GO_0005515', 'GO_0005737', 'GO_0042254', 'GO_0046872', 'GO_0003723', 'GO_0042134', 'GO_0052833', 'GO_0000287', 'GO_0031564', 'GO_0047954', 'GO_0001072', 'GO_0005829', 'GO_0008934', 'GO_0046854', 'GO_0016787', 'GO_0052832', 'GO_0031403'}"
b2534,"{'GO_0005886', 'GO_0016020'}"
b2535,{'GO_0006355'}
b2536,"{'GO_0005886', 'GO_0015767', 'GO_0055085', 'GO_0015293'}"
b2537,"{'GO_0003700', 'GO_0003677', 'GO_0045892', 'GO_0045893', 'GO_0006355'}"
b2538,"{'GO_0051213', 'GO_0005506', 'GO_0046872', 'GO_0019380', 'GO_0008695', 'GO_0051537', 'GO_0009334', 'GO_0009056'}"
b2539,"{'GO_0051213', 'GO_0019380', 'GO_0008695', 'GO_0009334', 'GO_0009056'}"
b2540,"{'GO_0046872', 'GO_0019380', 'GO_0008695', 'GO_0051537', 'GO_0009334', 'GO_0009056', 'GO_0051536'}"
b2541,"{'GO_0016491', 'GO_0009056', 'GO_0019380', 'GO_0018498'}"
b2542,"{'GO_0005515', 'GO_0016491', 'GO_0019380', 'GO_0008695', 'GO_0008860', 'GO_0009334', 'GO_0009056'}"
b2543,{'GO_0005886'}
b2544,"{'GO_0005975', 'GO_0016857', 'GO_0030246', 'GO_0016853', 'GO_0006974'}"
b2545,"{'GO_0046872', 'GO_0016491', 'GO_0008270', 'GO_0016616'}"
b2546,"{'GO_0005886', 'GO_0016020', 'GO_0055052', 'GO_0043190', 'GO_0055085', 'GO_0022857'}"
b2547,"{'GO_0016020', 'GO_0055052', 'GO_0043190', 'GO_0005524', 'GO_0016887', 'GO_0055085'}"
b2548,"{'GO_0016020', 'GO_0042597', 'GO_0055052', 'GO_0030288', 'GO_0055085'}"
b2549,{'GO_0030246'}
b2551,"{'GO_0042802', 'GO_0005829', 'GO_0016740', 'GO_0005515', 'GO_0003824', 'GO_0030170', 'GO_0008652', 'GO_0006546', 'GO_0005737', 'GO_0006545', 'GO_0019264', 'GO_0008732', 'GO_0004372', 'GO_0006565', 'GO_0016020', 'GO_0035999', 'GO_0006730', 'GO_0008270', 'GO_0042803', 'GO_0006564'}"
b2552,"{'GO_0005504', 'GO_0015671', 'GO_0051409', 'GO_0005737', 'GO_0046872', 'GO_0016491', 'GO_0008941', 'GO_0009636', 'GO_0071949', 'GO_0005344', 'GO_0019825', 'GO_0020037', 'GO_0032843'}"
b2553,"{'GO_0008047', 'GO_0042802', 'GO_0006808', 'GO_0005515', 'GO_0036094', 'GO_0030234', 'GO_0000166', 'GO_0005524', 'GO_0005829', 'GO_0042304'}"
b2554,"{'GO_0003700', 'GO_0003677', 'GO_0005737', 'GO_0000156', 'GO_0005524', 'GO_0016887', 'GO_0006351', 'GO_0006355', 'GO_0045893', 'GO_0000160', 'GO_0000987'}"
b2555,"{'GO_0005515', 'GO_0030288', 'GO_0070297'}"
b2556,"{'GO_0000155', 'GO_0005886', 'GO_0071871', 'GO_0016020', 'GO_0016310', 'GO_0016774', 'GO_0005515', 'GO_0030288', 'GO_0005524', 'GO_0004673', 'GO_0055082', 'GO_0016301', 'GO_0000160', 'GO_0007165', 'GO_0018106'}"
b2557,"{'GO_0006541', 'GO_0016874', 'GO_0006164', 'GO_0005737', 'GO_0046872', 'GO_0004642', 'GO_0005524', 'GO_0016887', 'GO_0006189', 'GO_0005829'}"
b2558,"{'GO_0030313', 'GO_0016020', 'GO_0016829', 'GO_0071555', 'GO_0009279', 'GO_0000270', 'GO_0008933', 'GO_0016998', 'GO_0009253'}"
b2559,"{'GO_0002100', 'GO_0006382', 'GO_0046872', 'GO_0008251', 'GO_0052717', 'GO_0008270', 'GO_0042803', 'GO_0008033', 'GO_0016787'}"
b2560,"{'GO_0005886', 'GO_0008962', 'GO_0046872', 'GO_0006655', 'GO_0046474', 'GO_0016787', 'GO_0009395'}"
b2561,"{'GO_0003700', 'GO_1901135', 'GO_0003677', 'GO_0097367', 'GO_0006355'}"
b2562,"{'GO_0046872', 'GO_0002097', 'GO_0051539'}"
b2563,"{'GO_0016740', 'GO_0005737', 'GO_0008897', 'GO_0046872', 'GO_0006633', 'GO_0000287'}"
b2564,"{'GO_0033856', 'GO_0042802', 'GO_0016740', 'GO_0005737', 'GO_0008615', 'GO_0016769', 'GO_0005829'}"
b2565,"{'GO_0009411', 'GO_0006310', 'GO_0005515', 'GO_0006281', 'GO_0000725'}"
b2566,"{'GO_0005886', 'GO_0005525', 'GO_0019843', 'GO_0097216', 'GO_0005515', 'GO_0005737', 'GO_0042254', 'GO_0042274', 'GO_0003723', 'GO_0000028', 'GO_0070181', 'GO_0006468', 'GO_0009898', 'GO_0043024', 'GO_0005829', 'GO_0003924'}"
b2567,"{'GO_0019899', 'GO_0019843', 'GO_0006364', 'GO_0005515', 'GO_0005737', 'GO_0046872', 'GO_0004519', 'GO_0004525', 'GO_0003723', 'GO_0004521', 'GO_0005524', 'GO_0006396', 'GO_0006397', 'GO_0000287', 'GO_0042803', 'GO_0005829', 'GO_0008033'}"
b2568,"{'GO_0005886', 'GO_0016020', 'GO_0016485', 'GO_0004252', 'GO_0008233', 'GO_0006508', 'GO_0004175', 'GO_0006465'}"
b2569,"{'GO_0005525', 'GO_0043023', 'GO_0042802', 'GO_0042274', 'GO_0005829', 'GO_0016787', 'GO_0009409', 'GO_0097216', 'GO_0009268', 'GO_0005515', 'GO_0045727', 'GO_0006414', 'GO_0043022', 'GO_0006412', 'GO_0003924', 'GO_0009651', 'GO_0003746', 'GO_0005886', 'GO_0043024'}"
b2570,"{'GO_0005886', 'GO_0006979', 'GO_1990204', 'GO_0016651', 'GO_0098797'}"
b2571,"{'GO_0005886', 'GO_0050821', 'GO_0042597', 'GO_0042802', 'GO_0005515', 'GO_0030288', 'GO_0008289', 'GO_0045152', 'GO_0045892', 'GO_1903865'}"
b2572,"{'GO_0005886', 'GO_0005515', 'GO_0045892', 'GO_1903865', 'GO_0006950', 'GO_0016989', 'GO_0060090'}"
b2573,"{'GO_0005886', 'GO_0090605', 'GO_0006970', 'GO_0003677', 'GO_0005515', 'GO_0005737', 'GO_0045892', 'GO_0009266', 'GO_2000142', 'GO_0006351', 'GO_1903865', 'GO_0016987', 'GO_0036460', 'GO_0006355', 'GO_0000345', 'GO_0006352'}"
b2574,"{'GO_0050660', 'GO_0005737', 'GO_0016491', 'GO_0000166', 'GO_0019363', 'GO_0034628', 'GO_0005829', 'GO_0008734', 'GO_0009435'}"
b2575,"{'GO_0008170', 'GO_0005737', 'GO_0008757', 'GO_0043414', 'GO_0030488', 'GO_0003676', 'GO_0032259', 'GO_0008168', 'GO_0008033', 'GO_0016430'}"
b2576,"{'GO_0008143', 'GO_0005515', 'GO_0005737', 'GO_0042254', 'GO_0003724', 'GO_0004386', 'GO_0003723', 'GO_0005524', 'GO_0016887', 'GO_0033592', 'GO_0000027', 'GO_0003676', 'GO_0005829', 'GO_0031555', 'GO_0016787', 'GO_0008186'}"
b2577,"{'GO_0003700', 'GO_0003677', 'GO_0006355'}"
b2578,"{'GO_0005886', 'GO_0006865', 'GO_0015562', 'GO_0016020', 'GO_0033228'}"
b2579,"{'GO_0005515', 'GO_0003824', 'GO_0005737', 'GO_0008861', 'GO_0006950', 'GO_0005829'}"
b2580,"{'GO_0005515', 'GO_0005737', 'GO_0004844', 'GO_0097510', 'GO_0006281', 'GO_0006284', 'GO_0016787'}"
b2581,"{'GO_0005515', 'GO_0005737', 'GO_0006396', 'GO_0003723', 'GO_0005829', 'GO_0008168', 'GO_0008173', 'GO_0032259'}"
b2582,"{'GO_0047134', 'GO_0015035', 'GO_0005515', 'GO_0005737', 'GO_0016491', 'GO_0046872', 'GO_0015036', 'GO_0008270', 'GO_0005829'}"
b2583,"{'GO_0016740', 'GO_0046872', 'GO_0016432', 'GO_0006400', 'GO_0008270', 'GO_0008033'}"
b2584,"{'GO_0009408', 'GO_0042802', 'GO_0006979', 'GO_0005515', 'GO_0003824', 'GO_0016746', 'GO_0032991', 'GO_0046872', 'GO_0005524', 'GO_0061733', 'GO_0016747'}"
b2585,"{'GO_0005886', 'GO_0016740', 'GO_0005515', 'GO_0005737', 'GO_0006793', 'GO_0008444', 'GO_0008654', 'GO_0032049', 'GO_0003882', 'GO_0005829', 'GO_0005543'}"
b2587,"{'GO_0005886', 'GO_0016020', 'GO_0015293', 'GO_0015294', 'GO_0098655', 'GO_0055085', 'GO_0022857'}"
b2592,"{'GO_0009408', 'GO_0016020', 'GO_0042802', 'GO_0005515', 'GO_0005737', 'GO_0005524', 'GO_0016887', 'GO_0042026', 'GO_0005829'}"
b2593,"{'GO_0016740', 'GO_0030288', 'GO_0016491', 'GO_0017061', 'GO_0046872', 'GO_0005507', 'GO_0004000', 'GO_0046936', 'GO_0042803', 'GO_0005829', 'GO_0000270', 'GO_0016682', 'GO_0016787', 'GO_0004731'}"
b2594,"{'GO_0006364', 'GO_0005515', 'GO_0009982', 'GO_0001522', 'GO_0120159', 'GO_0003723', 'GO_0000027', 'GO_0160140', 'GO_0043024', 'GO_0005829', 'GO_0000455', 'GO_0016853'}"
b2595,"{'GO_0016020', 'GO_0005515', 'GO_0009279', 'GO_0051205', 'GO_0043165', 'GO_1990063'}"
b2597,"{'GO_0006417', 'GO_0019843', 'GO_0022627', 'GO_0005515', 'GO_0045947', 'GO_0022611', 'GO_0043024', 'GO_0005829', 'GO_0045900', 'GO_0009409'}"
b2599,"{'GO_0006571', 'GO_0005737', 'GO_0016829', 'GO_0019752', 'GO_0042803', 'GO_0016836', 'GO_0016853', 'GO_0009094', 'GO_0004664', 'GO_0004106', 'GO_0046417'}"
b2600,"{'GO_0006571', 'GO_0005737', 'GO_0016491', 'GO_0004665', 'GO_0008977', 'GO_0019752', 'GO_0070403', 'GO_0042803', 'GO_0016853', 'GO_0009094', 'GO_0004106', 'GO_0046417'}"
b2603,"{'GO_0071978', 'GO_0042597'}"
b2604,"{'GO_0005886', 'GO_0005525', 'GO_0016020', 'GO_0042802', 'GO_0016740', 'GO_0005515', 'GO_0046872', 'GO_1902201', 'GO_0032153', 'GO_0036460', 'GO_0052621', 'GO_0007165'}"
b2605,"{'GO_0005886', 'GO_0016020'}"
b2606,"{'GO_0019843', 'GO_0005737', 'GO_0070180', 'GO_0003735', 'GO_0022625', 'GO_0000027', 'GO_0002181', 'GO_0006412', 'GO_0005829', 'GO_1990904', 'GO_0005840'}"
b2607,"{'GO_0002939', 'GO_0042802', 'GO_0005737', 'GO_0006400', 'GO_0030488', 'GO_0000287', 'GO_0042803', 'GO_0052906', 'GO_0005829', 'GO_0008168', 'GO_0008033', 'GO_0032259'}"
b2608,"{'GO_0019843', 'GO_0006364', 'GO_0005515', 'GO_0005737', 'GO_0042254', 'GO_0042274', 'GO_0000028', 'GO_0043022', 'GO_0005829', 'GO_0030490', 'GO_0005840'}"
b2609,"{'GO_1990904', 'GO_0022627', 'GO_0005737', 'GO_0003735', 'GO_0004519', 'GO_0000028', 'GO_0002181', 'GO_0000400', 'GO_0004520', 'GO_0006412', 'GO_0005840', 'GO_0006259'}"
b2610,"{'GO_0005525', 'GO_0006612', 'GO_0005515', 'GO_0005737', 'GO_0006614', 'GO_0003723', 'GO_0016887', 'GO_0005829', 'GO_1990904', 'GO_0008312', 'GO_0016787', 'GO_0003924', 'GO_0048500'}"
b2611,"{'GO_0005886', 'GO_0020037', 'GO_0017004'}"
b2613,"{'GO_0005886', 'GO_0050660'}"
b2614,"{'GO_0043335', 'GO_0009408', 'GO_0051085', 'GO_0005515', 'GO_0005737', 'GO_0000774', 'GO_0032991', 'GO_0065003', 'GO_0006457', 'GO_0042803', 'GO_0019904', 'GO_0005829', 'GO_0051087'}"
b2615,"{'GO_0051287', 'GO_0016310', 'GO_0005737', 'GO_0046872', 'GO_0003951', 'GO_0005524', 'GO_0016301', 'GO_0005829', 'GO_0006741', 'GO_0019674'}"
b2616,"{'GO_0000724', 'GO_0009411', 'GO_0010165', 'GO_0010212', 'GO_0006310', 'GO_0005515', 'GO_0005737', 'GO_0006302', 'GO_0005524', 'GO_0006281', 'GO_0009432', 'GO_0009314', 'GO_0043590', 'GO_0000725', 'GO_0005829', 'GO_0036298', 'GO_0006974'}"
b2617,"{'GO_0009279', 'GO_0016020', 'GO_0042802', 'GO_0005515', 'GO_0019867', 'GO_1990063', 'GO_0030674', 'GO_1901612', 'GO_0051205', 'GO_0043165', 'GO_0046677'}"
b2618,{'GO_0005886'}
b2619,"{'GO_0045333', 'GO_0043023', 'GO_0048039', 'GO_0045947'}"
b2620,"{'GO_0005737', 'GO_0070929', 'GO_0003723', 'GO_0005829'}"
b2622,"{'GO_0003677', 'GO_0006310', 'GO_0005515', 'GO_0046718', 'GO_0015074', 'GO_0008979', 'GO_0044826', 'GO_0032359', 'GO_0075713'}"
b2624,"{'GO_0045893', 'GO_0044010', 'GO_0003677'}"
b2625,{'GO_0005829'}
b2627,"{'GO_0010212', 'GO_0051607', 'GO_0005515', 'GO_0004386', 'GO_0005524', 'GO_0003676', 'GO_0016787'}"
b2628,"{'GO_0005515', 'GO_0051607', 'GO_0004518'}"
b2630,"{'GO_0051607', 'GO_0005515', 'GO_0005737', 'GO_0004519', 'GO_0004521', 'GO_0006402', 'GO_0042803', 'GO_0006355', 'GO_0110001', 'GO_0040008', 'GO_0044010'}"
b2631,"{'GO_0005515', 'GO_0006355', 'GO_0110001', 'GO_0040008', 'GO_0044010'}"
b2632,"{'GO_0005525', 'GO_0005829'}"
b2634,"{'GO_0003700', 'GO_1900190', 'GO_0003677', 'GO_0006355'}"
b2636,{'GO_0005886'}
b2638,"{'GO_0016491', 'GO_0046685'}"
b2642,{'GO_0005886'}
b2644,"{'GO_0008237', 'GO_0046872', 'GO_0034614', 'GO_0006508', 'GO_0034605', 'GO_1990451'}"
b2645,{'GO_0051495'}
b2646,{'GO_0005515'}
b2647,"{'GO_0019867', 'GO_0007155', 'GO_0009279'}"
b2648,"{'GO_0006310', 'GO_0000150', 'GO_0015074', 'GO_0003677'}"
b2659,"{'GO_0090549', 'GO_0042802', 'GO_0051213', 'GO_0005506', 'GO_0032991', 'GO_0046872', 'GO_0008198', 'GO_0106343', 'GO_0050498', 'GO_0019477'}"
b2660,"{'GO_0005886', 'GO_0050660', 'GO_0005515', 'GO_0005737', 'GO_0016491', 'GO_0047545', 'GO_0016614', 'GO_0016901', 'GO_0006554', 'GO_0140696', 'GO_0019477'}"
b2661,"{'GO_0036243', 'GO_0042802', 'GO_0051289', 'GO_1990748', 'GO_0004777', 'GO_0032991', 'GO_0009013', 'GO_0016491', 'GO_0050661', 'GO_0102810', 'GO_0009450', 'GO_0016620'}"
b2662,"{'GO_0047589', 'GO_0034386', 'GO_0030170', 'GO_0009450', 'GO_0008483', 'GO_0009448', 'GO_0003992', 'GO_0042450', 'GO_0042803', 'GO_0005829'}"
b2663,"{'GO_0005886', 'GO_0090549', 'GO_0006865', 'GO_0015291', 'GO_0016020', 'GO_0015812', 'GO_0055085', 'GO_0009450', 'GO_0006995', 'GO_0015185', 'GO_0006974'}"
b2664,"{'GO_0003700', 'GO_0003677', 'GO_0005737', 'GO_0006355', 'GO_2000143'}"
b2665,"{'GO_0005737', 'GO_0030955', 'GO_0035864'}"
b2666,"{'GO_0005886', 'GO_0016020', 'GO_0046677'}"
b2667,"{'GO_0003700', 'GO_0003677', 'GO_0006355'}"
b2668,"{'GO_0005886', 'GO_0004792'}"
b2669,"{'GO_0009295', 'GO_0003677', 'GO_0030527', 'GO_0005515', 'GO_0005737', 'GO_0045892', 'GO_0003723', 'GO_0006355', 'GO_0005829', 'GO_0046983'}"
b2670,"{'GO_0005886', 'GO_0006865', 'GO_0015808', 'GO_0016020', 'GO_0032973', 'GO_1902475', 'GO_0034639', 'GO_0033554'}"
b2672,"{'GO_0005886', 'GO_0043022', 'GO_0005829'}"
b2673,"{'GO_0009055', 'GO_0045454'}"
b2674,"{'GO_0005515', 'GO_0010181', 'GO_0036211'}"
b2675,"{'GO_0004748', 'GO_0015949', 'GO_0009263', 'GO_0016491', 'GO_0005524', 'GO_0009185', 'GO_0009265', 'GO_0005971'}"
b2676,"{'GO_0004748', 'GO_0005515', 'GO_0009263', 'GO_0016491', 'GO_0046872', 'GO_0030145', 'GO_0009185', 'GO_0009265', 'GO_0005971'}"
b2677,"{'GO_0005886', 'GO_0006865', 'GO_0015837', 'GO_0016020', 'GO_0031460', 'GO_0089718', 'GO_0005515', 'GO_0006972', 'GO_0005034', 'GO_1903804', 'GO_0005275', 'GO_0005524', 'GO_0016887', 'GO_0043190', 'GO_0071470', 'GO_1990222'}"
b2678,"{'GO_0005886', 'GO_0006865', 'GO_0015837', 'GO_0016020', 'GO_0031460', 'GO_0089718', 'GO_0005515', 'GO_0006972', 'GO_1903804', 'GO_0005275', 'GO_0043190', 'GO_0055085', 'GO_0071470', 'GO_1990222'}"
b2679,"{'GO_0006865', 'GO_0016020', 'GO_0031460', 'GO_0042597', 'GO_0089718', 'GO_0005515', 'GO_0006972', 'GO_0030288', 'GO_1903804', 'GO_0043190', 'GO_0055085', 'GO_0050997', 'GO_0071470', 'GO_0022857', 'GO_1990222'}"
b2682,"{'GO_0005886', 'GO_1903785', 'GO_1902495'}"
b2683,"{'GO_0005886', 'GO_1903785', 'GO_1902495'}"
b2684,"{'GO_0003700', 'GO_0003677', 'GO_0045892', 'GO_0006351', 'GO_0006355', 'GO_0005829', 'GO_0046677'}"
b2685,"{'GO_0005886', 'GO_0140330', 'GO_1990961', 'GO_0042802', 'GO_0098567', 'GO_0005515', 'GO_0030288', 'GO_1990281', 'GO_0009636', 'GO_0015125', 'GO_0048545', 'GO_0015721', 'GO_0046677', 'GO_0042910'}"
b2686,"{'GO_0005886', 'GO_0140330', 'GO_1990961', 'GO_0016020', 'GO_0098567', 'GO_0005515', 'GO_1990281', 'GO_0055085', 'GO_0009636', 'GO_0015125', 'GO_0022857', 'GO_0048545', 'GO_0015721', 'GO_0046677'}"
b2687,"{'GO_0005506', 'GO_0005515', 'GO_0009372', 'GO_0046872', 'GO_0016829', 'GO_0005829', 'GO_0043768', 'GO_0019284'}"
b2688,"{'GO_0016874', 'GO_0071243', 'GO_0006972', 'GO_0046872', 'GO_0004357', 'GO_0005524', 'GO_0016879', 'GO_0071288', 'GO_0005829', 'GO_0006750'}"
b2689,"{'GO_0005886', 'GO_0071978'}"
b2690,"{'GO_0008801', 'GO_0046872', 'GO_0016791', 'GO_0050308', 'GO_0000287', 'GO_0016787'}"
b2696,"{'GO_0048255', 'GO_0006417', 'GO_0017148', 'GO_0045948', 'GO_0006109', 'GO_0005737', 'GO_0045947', 'GO_0003723', 'GO_0006402', 'GO_0005829', 'GO_0048027'}"
b2697,"{'GO_0002196', 'GO_0042802', 'GO_0005524', 'GO_0000049', 'GO_0003676', 'GO_0005829', 'GO_0004812', 'GO_0006419', 'GO_0141207', 'GO_0045892', 'GO_0106074', 'GO_0006412', 'GO_0004813', 'GO_0005737', 'GO_0046872', 'GO_0001217', 'GO_0016020', 'GO_0008270', 'GO_0042803', 'GO_0002161'}"
b2698,"{'GO_0019899', 'GO_0005515', 'GO_0005737', 'GO_0006281', 'GO_0006282', 'GO_0009432', 'GO_0006974'}"
b2699,"{'GO_0003697', 'GO_0005524', 'GO_0048870', 'GO_0006974', 'GO_0006310', 'GO_0005515', 'GO_0003677', 'GO_0005737', 'GO_0140297', 'GO_0019985', 'GO_0140664', 'GO_0008094', 'GO_0009355', 'GO_0010212', 'GO_0035825', 'GO_0003684', 'GO_0006281', 'GO_0009432', 'GO_0016887', 'GO_0000725'}"
b2700,"{'GO_0016787', 'GO_0019363', 'GO_0019159'}"
b2701,"{'GO_0005515', 'GO_0030288', 'GO_0008932', 'GO_0005509', 'GO_0016829', 'GO_0031402', 'GO_0009279', 'GO_0008933', 'GO_0071555', 'GO_0009253'}"
b2702,"{'GO_0005886', 'GO_0015795', 'GO_0009401', 'GO_0016020', 'GO_1902495'}"
b2703,"{'GO_0005886', 'GO_0015795', 'GO_0009401', 'GO_0016020', 'GO_0016310', 'GO_0090563', 'GO_1902495', 'GO_0008982', 'GO_0016301'}"
b2704,"{'GO_0015795', 'GO_0009401', 'GO_0016310', 'GO_0005737', 'GO_0016773', 'GO_1902495', 'GO_0008982', 'GO_0016301'}"
b2705,"{'GO_0042802', 'GO_0051289', 'GO_0032991', 'GO_0016491', 'GO_0009010', 'GO_0006062'}"
b2706,"{'GO_0009401', 'GO_0003677', 'GO_0006355'}"
b2707,"{'GO_0003700', 'GO_0009401', 'GO_0003677', 'GO_0005515', 'GO_0045892', 'GO_0006355'}"
b2708,"{'GO_0042802', 'GO_0051289', 'GO_1901135', 'GO_0005975', 'GO_0019294', 'GO_0046872', 'GO_0019146', 'GO_0097367', 'GO_0005524', 'GO_0016853', 'GO_0044010', 'GO_0009103'}"
b2709,"{'GO_0003700', 'GO_0042802', 'GO_0003677', 'GO_0008198', 'GO_0005524', 'GO_0016887', 'GO_0006355', 'GO_0070026', 'GO_2000144', 'GO_0000160', 'GO_0000987'}"
b2710,"{'GO_0042802', 'GO_0005506', 'GO_0005737', 'GO_0032991', 'GO_0009055', 'GO_0016491', 'GO_0046872', 'GO_0071731', 'GO_0016661', 'GO_0016966', 'GO_0046210', 'GO_0010181'}"
b2711,"{'GO_0050660', 'GO_0015044', 'GO_0005737', 'GO_0016491', 'GO_0071732', 'GO_0046210', 'GO_0016731'}"
b2712,"{'GO_0016743', 'GO_0016874', 'GO_0003725', 'GO_0005515', 'GO_0046872', 'GO_0046944', 'GO_0065003', 'GO_0008270', 'GO_0051604', 'GO_1904949'}"
b2713,"{'GO_0005515', 'GO_0046872', 'GO_0009055', 'GO_0051539'}"
b2714,"{'GO_0003700', 'GO_0003677', 'GO_0045892', 'GO_0006351', 'GO_0006355', 'GO_0043565'}"
b2716,"{'GO_0004553', 'GO_0005975', 'GO_0016798', 'GO_2000892', 'GO_0008706'}"
b2717,"{'GO_0008047', 'GO_0004190', 'GO_0005515', 'GO_0046872', 'GO_0016485', 'GO_0008233', 'GO_0006508', 'GO_0004175'}"
b2718,{'GO_0065003'}
b2719,"{'GO_0008137', 'GO_1902600', 'GO_0009326', 'GO_0051539', 'GO_0005515', 'GO_0046872', 'GO_0016491', 'GO_0006007', 'GO_0019645', 'GO_0048038', 'GO_0009061', 'GO_0015944'}"
b2720,"{'GO_0009326', 'GO_0016020', 'GO_0051539', 'GO_0046872', 'GO_0006007', 'GO_0019645', 'GO_0009061', 'GO_0016651', 'GO_0015944'}"
b2721,"{'GO_0008137', 'GO_0051287', 'GO_1902600', 'GO_0009326', 'GO_0051539', 'GO_0005515', 'GO_0046872', 'GO_0016491', 'GO_0006007', 'GO_0019645', 'GO_0048038', 'GO_0009061', 'GO_0016151', 'GO_0015944'}"
b2722,"{'GO_0005886', 'GO_0009326', 'GO_0016020', 'GO_0016491', 'GO_0006007', 'GO_0019645', 'GO_0009061', 'GO_0015944'}"
b2723,"{'GO_0005886', 'GO_0008137', 'GO_1902600', 'GO_0009326', 'GO_0016491', 'GO_0006007', 'GO_0019645', 'GO_0042773', 'GO_0009061', 'GO_0015944'}"
b2724,"{'GO_0009326', 'GO_0051539', 'GO_0046872', 'GO_0006007', 'GO_0019645', 'GO_0009061', 'GO_0015944'}"
b2726,"{'GO_0005886', 'GO_0042802', 'GO_1905360', 'GO_0005515', 'GO_0046872', 'GO_0065003', 'GO_0036211', 'GO_0016530', 'GO_0008270', 'GO_0110147', 'GO_0051604', 'GO_0016151'}"
b2727,"{'GO_0005525', 'GO_0097216', 'GO_1905360', 'GO_0005515', 'GO_0046872', 'GO_0065003', 'GO_0016530', 'GO_0008270', 'GO_0042803', 'GO_0110147', 'GO_0051604', 'GO_0016151', 'GO_0016787', 'GO_0003924'}"
b2728,"{'GO_0042802', 'GO_0005506', 'GO_0005515', 'GO_0065003', 'GO_0051604', 'GO_1902670'}"
b2729,"{'GO_0051539', 'GO_0005506', 'GO_0005515', 'GO_0046872', 'GO_0065003', 'GO_0016887', 'GO_0070025', 'GO_0051604'}"
b2730,"{'GO_0005515', 'GO_0065003', 'GO_0016829', 'GO_0051604', 'GO_1904949'}"
b2731,"{'GO_0042802', 'GO_0005667', 'GO_0003677', 'GO_0005515', 'GO_0005524', 'GO_0016887', 'GO_0006351', 'GO_0006355', 'GO_0043565', 'GO_2000144', 'GO_0000160', 'GO_0000987'}"
b2733,"{'GO_0000018', 'GO_0042802', 'GO_0008301', 'GO_0003677', 'GO_0005515', 'GO_0003684', 'GO_0043531', 'GO_0005524', 'GO_0006281', 'GO_0016887', 'GO_0032300', 'GO_1990710', 'GO_0005829', 'GO_0030983', 'GO_0140664', 'GO_0006298', 'GO_0006974', 'GO_0032136'}"
b2734,"{'GO_0008138', 'GO_0046872', 'GO_0004721', 'GO_0017018', 'GO_0016787', 'GO_0004722'}"
b2735,"{'GO_0003700', 'GO_0003677', 'GO_0006355'}"
b2736,"{'GO_0051287', 'GO_0016616', 'GO_0016491', 'GO_0050661', 'GO_0016054'}"
b2737,"{'GO_0016301', 'GO_0016310', 'GO_0005524'}"
b2738,"{'GO_0005996', 'GO_0016830', 'GO_0046872', 'GO_0016829', 'GO_0019323', 'GO_0016832'}"
b2739,"{'GO_0046872', 'GO_0016853'}"
b2740,"{'GO_0005886', 'GO_0035429', 'GO_0016020', 'GO_0015128'}"
b2741,"{'GO_0003677', 'GO_0001000', 'GO_0005515', 'GO_0005737', 'GO_0010468', 'GO_0045892', 'GO_2000142', 'GO_0006351', 'GO_1903865', 'GO_0006950', 'GO_0016987', 'GO_0006355', 'GO_0000345', 'GO_0006352'}"
b2742,"{'GO_0005886', 'GO_0051301', 'GO_0032153', 'GO_0009279', 'GO_0009410'}"
b2743,"{'GO_0004719', 'GO_0005737', 'GO_0036211', 'GO_0030091', 'GO_0008168', 'GO_0032259'}"
b2744,"{'GO_0046050', 'GO_0008252', 'GO_0106411', 'GO_0004309', 'GO_0005737', 'GO_0008254', 'GO_0008253', 'GO_0046872', 'GO_0000166', 'GO_0030145', 'GO_0016787', 'GO_0050484'}"
b2745,"{'GO_0009982', 'GO_0001522', 'GO_0006396', 'GO_0003723', 'GO_0031119', 'GO_0140098', 'GO_0160150', 'GO_0005829', 'GO_0008033', 'GO_0016853', 'GO_0106029'}"
b2747,"{'GO_0019288', 'GO_0042802', 'GO_0050518', 'GO_0016779', 'GO_0000287', 'GO_0008299', 'GO_0005829'}"
b2748,"{'GO_0005886', 'GO_0043093', 'GO_0030428', 'GO_0042802', 'GO_1990587', 'GO_0005515', 'GO_0051301', 'GO_1990588', 'GO_1990586', 'GO_0032153', 'GO_0000917'}"
b2749,{'GO_0005886'}
b2750,"{'GO_0070814', 'GO_0016310', 'GO_0000103', 'GO_0042802', 'GO_0005524', 'GO_0004020', 'GO_0016301'}"
b2751,"{'GO_0006790', 'GO_0005525', 'GO_0070814', 'GO_0000103', 'GO_0005515', 'GO_0004781', 'GO_0005524', 'GO_0016779', 'GO_0003924', 'GO_0009336'}"
b2752,"{'GO_0006790', 'GO_0070814', 'GO_0000103', 'GO_0006979', 'GO_0005515', 'GO_0004781', 'GO_0005524', 'GO_0016779', 'GO_0009336'}"
b2753,"{'GO_0043687', 'GO_0030288', 'GO_0046872', 'GO_0008235', 'GO_0006508', 'GO_0004177'}"
b2754,"{'GO_0051607', 'GO_0043571', 'GO_0003677', 'GO_0005515', 'GO_0099048', 'GO_0004519'}"
b2755,"{'GO_0051607', 'GO_0042802', 'GO_0003677', 'GO_0043571', 'GO_0005515', 'GO_0005737', 'GO_0046872', 'GO_0099048', 'GO_0004519', 'GO_0006281', 'GO_0042803', 'GO_0004520', 'GO_0003676', 'GO_0017108', 'GO_0006974', 'GO_0008821'}"
b2756,"{'GO_0051607', 'GO_0099048', 'GO_0005515', 'GO_0032991', 'GO_0006396', 'GO_0004519', 'GO_0003723', 'GO_0004521'}"
b2757,"{'GO_0051607', 'GO_0043571', 'GO_0099048', 'GO_0005515', 'GO_0032991', 'GO_0071667', 'GO_0003723'}"
b2758,"{'GO_0051607', 'GO_0099048', 'GO_0005515', 'GO_0032991', 'GO_0071667', 'GO_0003723'}"
b2759,"{'GO_0051607', 'GO_0003677', 'GO_0099048', 'GO_0005515', 'GO_0032991', 'GO_0003723', 'GO_0003676'}"
b2760,"{'GO_0051607', 'GO_0003677', 'GO_0099048', 'GO_0005515', 'GO_0032991', 'GO_0003723', 'GO_0008270'}"
b2761,"{'GO_0051607', 'GO_0003677', 'GO_0097098', 'GO_0033677', 'GO_0004527', 'GO_0046872', 'GO_0004519', 'GO_0004386', 'GO_0005524', 'GO_0000287', 'GO_0003676', 'GO_0008296', 'GO_0003690', 'GO_0006259', 'GO_0000014'}"
b2762,"{'GO_0006790', 'GO_0004604', 'GO_0070814', 'GO_0005737', 'GO_0016491', 'GO_0019379'}"
b2763,"{'GO_0019344', 'GO_0070814', 'GO_0000103', 'GO_0051539', 'GO_0004783', 'GO_0046872', 'GO_0016491', 'GO_0050661', 'GO_0020037', 'GO_0008652', 'GO_0009337'}"
b2764,"{'GO_0019344', 'GO_0050660', 'GO_0070814', 'GO_0000103', 'GO_0042602', 'GO_0004783', 'GO_0005515', 'GO_0016491', 'GO_0010181', 'GO_0009337', 'GO_0070401'}"
b2766,"{'GO_0005886', 'GO_0016491'}"
b2767,"{'GO_0046872', 'GO_0051536', 'GO_0005506', 'GO_0009294'}"
b2768,"{'GO_0005515', 'GO_0031564', 'GO_0006355', 'GO_0006071'}"
b2769,"{'GO_0050660', 'GO_0009055'}"
b2770,{'GO_0009055'}
b2771,"{'GO_0005886', 'GO_0055085', 'GO_0016020', 'GO_0022857'}"
b2774,"{'GO_0016491', 'GO_0006974'}"
b2775,"{'GO_0005886', 'GO_0055085', 'GO_0022857'}"
b2776,"{'GO_0016301', 'GO_0016310', 'GO_0005975'}"
b2777,"{'GO_0008616', 'GO_0016840', 'GO_0051539', 'GO_0003824', 'GO_0046872', 'GO_1904047', 'GO_0032466', 'GO_0016829', 'GO_0032153', 'GO_0000287', 'GO_0005829', 'GO_0051536'}"
b2778,{'GO_0005886'}
b2779,"{'GO_0006401', 'GO_1990061', 'GO_0005576', 'GO_0016020', 'GO_0042802', 'GO_0005515', 'GO_0005737', 'GO_0046872', 'GO_0006396', 'GO_0005856', 'GO_0016829', 'GO_0004634', 'GO_0000287', 'GO_0009986', 'GO_0000015', 'GO_0006096', 'GO_0005829', 'GO_0042803'}"
b2780,"{'GO_0006541', 'GO_0097268', 'GO_0016874', 'GO_0042802', 'GO_0051289', 'GO_0005737', 'GO_0032991', 'GO_0046872', 'GO_0005524', 'GO_0003883', 'GO_0006241', 'GO_0000287', 'GO_0004359', 'GO_0005829', 'GO_0044210', 'GO_0006221'}"
b2781,"{'GO_0009267', 'GO_0005515', 'GO_0046872', 'GO_0047429', 'GO_0005524', 'GO_0047693', 'GO_0016787'}"
b2782,"{'GO_0006417', 'GO_0004521', 'GO_0006355', 'GO_0005515', 'GO_0016075', 'GO_0051607', 'GO_0044877', 'GO_0003677', 'GO_0009372', 'GO_0004519', 'GO_0140677', 'GO_0003723', 'GO_0006402', 'GO_0030308', 'GO_0110001', 'GO_0044010', 'GO_0032991', 'GO_0043068', 'GO_0042803', 'GO_0040008'}"
b2783,"{'GO_0044877', 'GO_0003677', 'GO_0005515', 'GO_0032991', 'GO_0097351', 'GO_0042803', 'GO_0006355', 'GO_0003690', 'GO_0110001', 'GO_0040008', 'GO_0044010'}"
b2784,"{'GO_0015970', 'GO_0005525', 'GO_0015949', 'GO_0008728', 'GO_0016310', 'GO_0005515', 'GO_0005524', 'GO_0016301', 'GO_0015969'}"
b2785,"{'GO_0005506', 'GO_0006364', 'GO_0051539', 'GO_0046872', 'GO_0008757', 'GO_0006396', 'GO_0003723', 'GO_0009451', 'GO_0070475', 'GO_0031167', 'GO_0032259', 'GO_0008168', 'GO_0008173', 'GO_0070041'}"
b2786,"{'GO_0000155', 'GO_0005886', 'GO_0009927', 'GO_0016020', 'GO_0016310', 'GO_0042542', 'GO_0005515', 'GO_0004721', 'GO_0005524', 'GO_0004673', 'GO_1901425', 'GO_0042803', 'GO_0016301', 'GO_0000160', 'GO_0010034', 'GO_0007165', 'GO_0018106'}"
b2787,"{'GO_0042838', 'GO_0046872', 'GO_0019394', 'GO_0016829', 'GO_0000287', 'GO_0008872'}"
b2788,"{'GO_0046872', 'GO_0044248', 'GO_0009063', 'GO_0016829'}"
b2789,"{'GO_0005886', 'GO_0016020', 'GO_0098656', 'GO_0055085', 'GO_0022857', 'GO_0015296', 'GO_0042836', 'GO_0019580'}"
b2790,"{'GO_0000166', 'GO_0010181'}"
b2791,"{'GO_0009982', 'GO_0160149', 'GO_0001522', 'GO_0006396', 'GO_0003723', 'GO_0009451', 'GO_0031119', 'GO_0006399', 'GO_0140098', 'GO_0005829', 'GO_0008033', 'GO_0016853', 'GO_0106029'}"
b2792,{'GO_0044010'}
b2793,"{'GO_0005886', 'GO_0005515', 'GO_0005737', 'GO_0009898', 'GO_0043254'}"
b2794,"{'GO_0008616', 'GO_0005737', 'GO_0016491', 'GO_0006400', 'GO_0005829', 'GO_0033739'}"
b2795,"{'GO_0008714', 'GO_0042802', 'GO_0051289', 'GO_0097216', 'GO_0032991', 'GO_0047405', 'GO_0047723', 'GO_0005829', 'GO_0016787'}"
b2796,"{'GO_0005886', 'GO_0006865', 'GO_0016020', 'GO_0015293', 'GO_0015171', 'GO_0015194', 'GO_0003333', 'GO_0015825'}"
b2797,"{'GO_0006565', 'GO_0051539', 'GO_0046872', 'GO_0016829', 'GO_0003941', 'GO_0006094'}"
b2798,"{'GO_0030955', 'GO_0003677', 'GO_0005515', 'GO_0046872', 'GO_0008409', 'GO_0004519', 'GO_0016788', 'GO_0033567', 'GO_0000287', 'GO_0017108'}"
b2799,"{'GO_0042355', 'GO_0016616', 'GO_0046872', 'GO_0008198', 'GO_0016491', 'GO_0000166', 'GO_0019317', 'GO_0051143', 'GO_0019301', 'GO_0052660', 'GO_0042846', 'GO_0006004', 'GO_0042803', 'GO_0052661', 'GO_0005829', 'GO_0008912'}"
b2800,"{'GO_0042355', 'GO_0019571', 'GO_0005996', 'GO_0016830', 'GO_0019317', 'GO_0019568', 'GO_0046872', 'GO_0016829', 'GO_0008270', 'GO_0006004', 'GO_0016832', 'GO_0008738'}"
b2801,"{'GO_0005886', 'GO_0015535', 'GO_0015517', 'GO_0015755', 'GO_0016020', 'GO_0015293', 'GO_0015756', 'GO_0006004', 'GO_0009679', 'GO_0015518', 'GO_0015751', 'GO_0015757'}"
b2802,"{'GO_0042355', 'GO_0019571', 'GO_0008790', 'GO_0042802', 'GO_0005737', 'GO_0046872', 'GO_0019317', 'GO_0030145', 'GO_0008736', 'GO_0006004', 'GO_0005829', 'GO_0016853'}"
b2803,"{'GO_0042355', 'GO_0019571', 'GO_0016310', 'GO_0046835', 'GO_0005975', 'GO_0019317', 'GO_0005524', 'GO_0008737', 'GO_0006004', 'GO_0016301'}"
b2804,"{'GO_0042802', 'GO_0062193', 'GO_0042806', 'GO_0005737', 'GO_0042354', 'GO_0016854', 'GO_0036373', 'GO_0016857', 'GO_0006004', 'GO_0016853'}"
b2805,"{'GO_0003700', 'GO_0003677', 'GO_0043468', 'GO_0006004', 'GO_0006355', 'GO_0098531'}"
b2807,{'GO_0005886'}
b2808,"{'GO_0003700', 'GO_0009411', 'GO_0003677', 'GO_0005737', 'GO_0006351', 'GO_0006355'}"
b2809,{'GO_0005886'}
b2810,"{'GO_0016740', 'GO_0005515', 'GO_0003824', 'GO_0009000', 'GO_0016226', 'GO_0019448', 'GO_0030170', 'GO_0016829', 'GO_1990221', 'GO_0016261', 'GO_0016783', 'GO_0031071', 'GO_0072348', 'GO_0000096', 'GO_0006534', 'GO_0016787', 'GO_0008826'}"
b2811,"{'GO_0005515', 'GO_0061504', 'GO_0097163'}"
b2812,"{'GO_0061504', 'GO_0008641', 'GO_0016874', 'GO_0016020', 'GO_0005515', 'GO_0005524', 'GO_0042803', 'GO_0031402', 'GO_0061503', 'GO_0030955'}"
b2813,"{'GO_0004553', 'GO_0005515', 'GO_0030288', 'GO_0009254', 'GO_0019867', 'GO_0016829', 'GO_0009279', 'GO_0000270', 'GO_0008933', 'GO_0071555', 'GO_0009253'}"
b2817,"{'GO_0043093', 'GO_0042597', 'GO_0005515', 'GO_0030288', 'GO_0051301', 'GO_0008745', 'GO_0016787', 'GO_0071555', 'GO_0009253'}"
b2818,"{'GO_0004042', 'GO_0016746', 'GO_0005737', 'GO_0006526', 'GO_0004358'}"
b2819,"{'GO_0000724', 'GO_0003677', 'GO_0006310', 'GO_0008854', 'GO_0017116', 'GO_0004527', 'GO_0006302', 'GO_0004386', 'GO_0005524', 'GO_0006281', 'GO_0016887', 'GO_0032508', 'GO_0000725', 'GO_0016853', 'GO_0043139', 'GO_0009338', 'GO_0006974'}"
b2820,"{'GO_0008854', 'GO_0005524', 'GO_0004520', 'GO_0016853', 'GO_0006310', 'GO_0005515', 'GO_0004527', 'GO_0009338', 'GO_0032508', 'GO_0043138', 'GO_0003677', 'GO_0046872', 'GO_0008094', 'GO_0044355', 'GO_0000724', 'GO_0015616', 'GO_0004386', 'GO_0006281', 'GO_0016887', 'GO_0009314', 'GO_0000287', 'GO_0003678', 'GO_0000725'}"
b2821,"{'GO_0042597', 'GO_0005737', 'GO_0008237', 'GO_0030288', 'GO_0046872', 'GO_0004222', 'GO_0008270', 'GO_0006508'}"
b2822,"{'GO_0000724', 'GO_0003677', 'GO_0006310', 'GO_0005515', 'GO_0008854', 'GO_0004527', 'GO_0004386', 'GO_0005524', 'GO_0006281', 'GO_0009314', 'GO_0032508', 'GO_0003678', 'GO_0000725', 'GO_0044355', 'GO_0009338'}"
b2823,"{'GO_0005886', 'GO_0016020'}"
b2825,"{'GO_0005886', 'GO_0016020'}"
b2826,"{'GO_0005886', 'GO_0016020'}"
b2827,"{'GO_0006235', 'GO_0006417', 'GO_0005737', 'GO_0006231', 'GO_0009165', 'GO_0003723', 'GO_0004799', 'GO_0009314', 'GO_0000287', 'GO_0042803', 'GO_0005829', 'GO_0008168', 'GO_0032259'}"
b2828,"{'GO_0005886', 'GO_0008961', 'GO_0016740', 'GO_0009898', 'GO_0042158'}"
b2829,"{'GO_0008965', 'GO_0009401', 'GO_0016310', 'GO_0005737', 'GO_0046872', 'GO_0016772', 'GO_0016301'}"
b2830,"{'GO_0110154', 'GO_0110153', 'GO_0005515', 'GO_0016462', 'GO_0050779', 'GO_0034353', 'GO_0006402', 'GO_0000287', 'GO_0110155', 'GO_0008033', 'GO_0016818', 'GO_0016787'}"
b2831,"{'GO_0000018', 'GO_0003677', 'GO_0005515', 'GO_0005737', 'GO_0004519', 'GO_0043765', 'GO_0006281', 'GO_0032300', 'GO_0006304', 'GO_0006298'}"
b2832,"{'GO_0005886', 'GO_0016020'}"
b2833,{'GO_0005886'}
b2834,"{'GO_0034198', 'GO_0016491', 'GO_0004033', 'GO_0005829'}"
b2835,"{'GO_0005886', 'GO_0006869', 'GO_0006650', 'GO_0045332', 'GO_0005319', 'GO_0051977', 'GO_0055085', 'GO_0051978'}"
b2836,"{'GO_0005886', 'GO_0016874', 'GO_0008779', 'GO_0016746', 'GO_0005524', 'GO_0008922', 'GO_0001676', 'GO_0008654', 'GO_0006631', 'GO_0016877'}"
b2837,"{'GO_0042802', 'GO_0003677', 'GO_0005515', 'GO_0006012', 'GO_0006351', 'GO_0006355'}"
b2838,"{'GO_0016831', 'GO_0005515', 'GO_0009089', 'GO_0016830', 'GO_0008836', 'GO_0030170', 'GO_0009085', 'GO_0042803'}"
b2839,"{'GO_0003700', 'GO_0003677', 'GO_0009089', 'GO_0005737', 'GO_0010628', 'GO_0006355'}"
b2840,"{'GO_0005515', 'GO_0047661', 'GO_0016853'}"
b2841,"{'GO_0005886', 'GO_0016020', 'GO_0015756', 'GO_0015293', 'GO_0055085', 'GO_0015150', 'GO_0022857', 'GO_0015147', 'GO_0042882'}"
b2842,"{'GO_0019698', 'GO_0051287', 'GO_0102635', 'GO_0016616', 'GO_0047001', 'GO_0016491', 'GO_0008678', 'GO_0033764', 'GO_0042840'}"
b2843,"{'GO_0019698', 'GO_0045490', 'GO_0042802', 'GO_0005515', 'GO_0046872', 'GO_0008697', 'GO_0004347', 'GO_0008270', 'GO_0042803', 'GO_0005829', 'GO_0042840', 'GO_0016853'}"
b2844,"{'GO_0044281', 'GO_0005737', 'GO_0016746', 'GO_0003988', 'GO_0071271', 'GO_0016747', 'GO_0003985'}"
b2845,"{'GO_0005886', 'GO_0003333'}"
b2846,"{'GO_0003677', 'GO_0006355'}"
b2847,"{'GO_0005886', 'GO_0000160', 'GO_0003677', 'GO_0006355'}"
b2848,"{'GO_0005886', 'GO_0016020'}"
b2852,"{'GO_0000160', 'GO_0006355', 'GO_0003677', 'GO_0005829'}"
b2854,{'GO_0042597'}
b2860,"{'GO_0006310', 'GO_0003677', 'GO_0015074', 'GO_0003676', 'GO_0032196'}"
b2861,"{'GO_0006310', 'GO_0003677', 'GO_0004803', 'GO_0032196', 'GO_0006313'}"
b2863,"{'GO_0005886', 'GO_0005975'}"
b2865,"{'GO_0005515', 'GO_0005886', 'GO_0036460'}"
b2866,"{'GO_0005506', 'GO_0005737', 'GO_0004854', 'GO_0016491', 'GO_0046872', 'GO_0009114', 'GO_0002197', 'GO_0006166', 'GO_0006144'}"
b2867,"{'GO_0005737', 'GO_0004854', 'GO_0016491', 'GO_0009114', 'GO_0071949', 'GO_0002197', 'GO_0006166', 'GO_0006144'}"
b2868,"{'GO_0005737', 'GO_0046872', 'GO_0016491', 'GO_0009114', 'GO_0002197', 'GO_0051537', 'GO_0006166', 'GO_0051536', 'GO_0006144'}"
b2869,"{'GO_0003677', 'GO_0005524', 'GO_0016887', 'GO_0006355', 'GO_0043565', 'GO_0019628'}"
b2870,"{'GO_0016743', 'GO_0016740', 'GO_0006520', 'GO_0016597'}"
b2871,"{'GO_0030170', 'GO_0042803', 'GO_0008838', 'GO_0016829'}"
b2872,"{'GO_0005886', 'GO_0008237', 'GO_0046872', 'GO_0006508', 'GO_0016787'}"
b2873,"{'GO_0042802', 'GO_0005737', 'GO_0046872', 'GO_0006208', 'GO_0016812', 'GO_0016787'}"
b2874,"{'GO_0016301', 'GO_0016310', 'GO_0006525', 'GO_0008804'}"
b2876,"{'GO_0009058', 'GO_0005524'}"
b2877,"{'GO_0016740', 'GO_0005515', 'GO_0046872', 'GO_0000166', 'GO_0016779', 'GO_0000287', 'GO_1902760', 'GO_0006777', 'GO_0061602'}"
b2878,"{'GO_0051539', 'GO_0005506', 'GO_0046872', 'GO_0016491', 'GO_0051536'}"
b2879,"{'GO_0046872', 'GO_0016787', 'GO_0016810', 'GO_0030308'}"
b2880,"{'GO_0071949', 'GO_0016491', 'GO_0003674'}"
b2881,"{'GO_0005506', 'GO_0046872', 'GO_0016491', 'GO_0051537', 'GO_0006166', 'GO_0006144'}"
b2882,"{'GO_0005886', 'GO_0042907', 'GO_0016020', 'GO_0055085', 'GO_0022857', 'GO_0015205', 'GO_0042906'}"
b2883,"{'GO_0006147', 'GO_0046872', 'GO_0018756', 'GO_0008270', 'GO_0008892', 'GO_0016787'}"
b2886,"{'GO_0046872', 'GO_0051539'}"
b2887,"{'GO_0046872', 'GO_0016491', 'GO_0019628', 'GO_0051539'}"
b2888,"{'GO_0005886', 'GO_0015143', 'GO_1902600', 'GO_0042907', 'GO_0016020', 'GO_0015293', 'GO_0055085', 'GO_0015851', 'GO_0022857', 'GO_0015747', 'GO_0015205', 'GO_0042906'}"
b2889,"{'GO_0005737', 'GO_0003824', 'GO_0046872', 'GO_0004452', 'GO_0050992', 'GO_0000287', 'GO_0008270', 'GO_0008299', 'GO_0016853', 'GO_0006974'}"
b2890,"{'GO_0006418', 'GO_0006430', 'GO_0016020', 'GO_0016874', 'GO_0005515', 'GO_0005737', 'GO_0046872', 'GO_0005524', 'GO_0000287', 'GO_0042803', 'GO_0003676', 'GO_0006412', 'GO_0005829', 'GO_0004824', 'GO_0004812'}"
b2891,"{'GO_0075523', 'GO_0005737', 'GO_0016149', 'GO_0006415', 'GO_0006412', 'GO_0005829'}"
b2892,"{'GO_0010165', 'GO_0006310', 'GO_0005515', 'GO_0004527', 'GO_0008409', 'GO_0006281', 'GO_0003676', 'GO_0045145'}"
b2893,"{'GO_0042597', 'GO_0015035', 'GO_0030288', 'GO_0046688', 'GO_0015036', 'GO_0042803', 'GO_0003756', 'GO_0061077'}"
b2894,"{'GO_0003677', 'GO_0006310', 'GO_0005737', 'GO_0006276', 'GO_0009009', 'GO_0051301', 'GO_0015074', 'GO_0009314', 'GO_0009037', 'GO_0048476', 'GO_0071139', 'GO_0007059', 'GO_0006313'}"
b2895,"{'GO_0009055', 'GO_0010181'}"
b2896,"{'GO_0005515', 'GO_0005886', 'GO_0008360'}"
b2897,"{'GO_0005515', 'GO_0006105', 'GO_0034552', 'GO_0005737'}"
b2898,"{'GO_0005737', 'GO_0009451', 'GO_0005542', 'GO_0005829', 'GO_0008033'}"
b2899,"{'GO_0005886', 'GO_0042391', 'GO_0016020', 'GO_0140911'}"
b2900,"{'GO_0106251', 'GO_0005829', 'GO_0046135', 'GO_0016787', 'GO_0016813'}"
b2901,"{'GO_0004553', 'GO_0005975', 'GO_0016798', 'GO_0015926', 'GO_0005829', 'GO_0008706', 'GO_0016052'}"
b2902,"{'GO_0005515', 'GO_0016491', 'GO_0016614'}"
b2903,"{'GO_0042802', 'GO_0003824', 'GO_0016491', 'GO_0004375', 'GO_0006730', 'GO_0019464', 'GO_0005829', 'GO_0006546', 'GO_0005960'}"
b2904,"{'GO_0005737', 'GO_0006730', 'GO_0019464', 'GO_0005829', 'GO_0005960'}"
b2905,"{'GO_0005737', 'GO_0006730', 'GO_0019464', 'GO_0008483', 'GO_0004047', 'GO_0005829', 'GO_0006546', 'GO_0005960'}"
b2906,"{'GO_0019168', 'GO_0005515', 'GO_0006744', 'GO_0005737', 'GO_0071949', 'GO_0004497', 'GO_0016705', 'GO_0110142'}"
b2907,"{'GO_0009416', 'GO_0006979', 'GO_0005515', 'GO_0006744', 'GO_0005737', 'GO_0008681', 'GO_0071949', 'GO_0004497', 'GO_0110142'}"
b2908,"{'GO_0070006', 'GO_0042802', 'GO_0051289', 'GO_0005515', 'GO_0005737', 'GO_0008237', 'GO_0032991', 'GO_0046872', 'GO_0030145', 'GO_0008235', 'GO_0006508', 'GO_0005829', 'GO_0004177', 'GO_0046914'}"
b2909,{'GO_0005829'}
b2910,"{'GO_0005886', 'GO_0043093', 'GO_0030428', 'GO_0042802', 'GO_0005515', 'GO_0005737', 'GO_0051301', 'GO_0032153', 'GO_0000917', 'GO_0090529', 'GO_0005829', 'GO_0000921'}"
b2912,"{'GO_0016874', 'GO_0005515', 'GO_0005524', 'GO_0022611', 'GO_0030272'}"
b2913,"{'GO_0051287', 'GO_0042802', 'GO_0016616', 'GO_0047545', 'GO_0016491', 'GO_0004617', 'GO_0006564', 'GO_0005829', 'GO_0070905', 'GO_0070403', 'GO_0070404'}"
b2914,"{'GO_0044281', 'GO_0042802', 'GO_0004751', 'GO_0005829', 'GO_0006098', 'GO_0042803', 'GO_0009052', 'GO_0016853', 'GO_0006014'}"
b2916,"{'GO_0003700', 'GO_0032297', 'GO_0003677', 'GO_0003681', 'GO_0045892', 'GO_0006355', 'GO_0043565', 'GO_0045893'}"
b2917,"{'GO_0005515', 'GO_0046872', 'GO_0031419', 'GO_0016853', 'GO_0004494'}"
b2918,"{'GO_0005525', 'GO_0005515', 'GO_0005524', 'GO_0016787', 'GO_0003924'}"
b2919,"{'GO_0016831', 'GO_0004492', 'GO_0003824', 'GO_0016829', 'GO_0005829'}"
b2920,"{'GO_0006083', 'GO_0016740', 'GO_0008775', 'GO_0043821', 'GO_0006084'}"
b2921,"{'GO_0003700', 'GO_0006974', 'GO_0003677', 'GO_0006355'}"
b2922,"{'GO_0034614', 'GO_0006974', 'GO_0034605'}"
b2923,"{'GO_0005886', 'GO_0006865', 'GO_0016020', 'GO_0061459', 'GO_1903826'}"
b2924,"{'GO_0005886', 'GO_0051260', 'GO_0016020', 'GO_0042802', 'GO_0008381', 'GO_0009992', 'GO_0055085', 'GO_0034220'}"
b2925,"{'GO_0042802', 'GO_0004332', 'GO_0005515', 'GO_0046872', 'GO_0016829', 'GO_0008270', 'GO_0042803', 'GO_0006096', 'GO_0005829'}"
b2926,"{'GO_0016310', 'GO_0097216', 'GO_0004618', 'GO_0005737', 'GO_0005524', 'GO_0006096', 'GO_0005829', 'GO_0016301'}"
b2927,"{'GO_0051287', 'GO_0048001', 'GO_0005737', 'GO_0016491', 'GO_0006006', 'GO_0008615', 'GO_0004365', 'GO_0005829', 'GO_0042823'}"
b2928,"{'GO_0016301', 'GO_0016310', 'GO_0005524'}"
b2929,"{'GO_0016829', 'GO_0004333'}"
b2933,"{'GO_0005886', 'GO_0015797', 'GO_0009401', 'GO_0016020', 'GO_0016310', 'GO_0022872', 'GO_0016301'}"
b2934,"{'GO_0005737', 'GO_0016301', 'GO_0016310', 'GO_0009401'}"
b2935,"{'GO_0016740', 'GO_0046872', 'GO_0004802', 'GO_0005829', 'GO_0030145', 'GO_0030976', 'GO_0000287', 'GO_0042803', 'GO_0009052'}"
b2936,"{'GO_0071476', 'GO_0034605', 'GO_0005515', 'GO_0008237', 'GO_0046872', 'GO_0004222', 'GO_0006508', 'GO_0009279', 'GO_0034644'}"
b2937,"{'GO_0008783', 'GO_0042802', 'GO_0046872', 'GO_0033389', 'GO_0030145', 'GO_0008295', 'GO_0009446', 'GO_0005829', 'GO_0033388', 'GO_0016787', 'GO_0016813'}"
b2938,"{'GO_0016831', 'GO_0042597', 'GO_0042802', 'GO_0051289', 'GO_0005515', 'GO_0030170', 'GO_0046872', 'GO_0006527', 'GO_0008792', 'GO_0008295', 'GO_0000287', 'GO_0009446', 'GO_0033388'}"
b2939,"{'GO_0005737', 'GO_0010447'}"
b2942,"{'GO_0030955', 'GO_0042802', 'GO_0016740', 'GO_0005515', 'GO_0005737', 'GO_0006556', 'GO_0046872', 'GO_0005524', 'GO_0006730', 'GO_0000287', 'GO_0005829', 'GO_0033353', 'GO_0004478'}"
b2943,"{'GO_0005886', 'GO_0015517', 'GO_0016020', 'GO_0015293', 'GO_0055085', 'GO_0022857', 'GO_0015757'}"
b2944,"{'GO_0005737', 'GO_0046872', 'GO_0008270', 'GO_0006950'}"
b2945,"{'GO_0042597', 'GO_0004530', 'GO_0004518', 'GO_0004519', 'GO_0016888', 'GO_0006308'}"
b2946,"{'GO_0006364', 'GO_0005737', 'GO_0070475', 'GO_0042803', 'GO_0032259', 'GO_0008168', 'GO_0070042'}"
b2947,"{'GO_0016874', 'GO_0042802', 'GO_0051289', 'GO_0003824', 'GO_0046872', 'GO_0005524', 'GO_0000287', 'GO_0004363', 'GO_0005829', 'GO_0006750'}"
b2948,{'GO_0005829'}
b2949,"{'GO_0006364', 'GO_0005737', 'GO_0004518', 'GO_0042254', 'GO_0016788', 'GO_0031564', 'GO_0000967', 'GO_0008296', 'GO_0006259', 'GO_0006974'}"
b2950,"{'GO_0005515', 'GO_0005524', 'GO_0016887', 'GO_0005829'}"
b2951,"{'GO_0030170', 'GO_0005829'}"
b2952,"{'GO_0005886', 'GO_0071474', 'GO_0016020'}"
b2954,"{'GO_0036222', 'GO_0009143', 'GO_0009146', 'GO_0017111', 'GO_0047429', 'GO_0036220', 'GO_0046872', 'GO_0000166', 'GO_0016787', 'GO_0035870', 'GO_0000287', 'GO_0042803', 'GO_0005829', 'GO_0009117'}"
b2955,"{'GO_0051539', 'GO_0005737', 'GO_0046872', 'GO_0004109', 'GO_0042803', 'GO_0006779', 'GO_0020037'}"
b2957,"{'GO_0042597', 'GO_0042802', 'GO_0051289', 'GO_0032991', 'GO_0030288', 'GO_0006528', 'GO_0004067', 'GO_0016787'}"
b2958,{'GO_0044010'}
b2959,"{'GO_0042255', 'GO_0005829'}"
b2960,"{'GO_0106004', 'GO_0006400', 'GO_0008176', 'GO_0030488', 'GO_0032259', 'GO_0008168', 'GO_0008033'}"
b2961,"{'GO_0003677', 'GO_0051539', 'GO_0000701', 'GO_0046872', 'GO_0016798', 'GO_0006281', 'GO_0019104', 'GO_0006950', 'GO_0006284'}"
b2962,"{'GO_0034599', 'GO_0005506', 'GO_0005829'}"
b2963,"{'GO_0030288', 'GO_0016798', 'GO_0034599', 'GO_0008932', 'GO_0051301', 'GO_0016829', 'GO_0071236', 'GO_0071555', 'GO_0009279', 'GO_0000270', 'GO_0008933', 'GO_0016998', 'GO_0009253'}"
b2964,"{'GO_0005886', 'GO_0015213', 'GO_0005337', 'GO_0015293', 'GO_0015861', 'GO_0015862', 'GO_0015864', 'GO_1901642', 'GO_0032238', 'GO_0015860', 'GO_0015506', 'GO_0015214', 'GO_0015212'}"
b2965,"{'GO_0016831', 'GO_0097216', 'GO_0005737', 'GO_0030170', 'GO_0006520', 'GO_0004586', 'GO_0033387', 'GO_0008295', 'GO_0005829'}"
b2966,{'GO_0005886'}
b2968,"{'GO_0005886', 'GO_0015031', 'GO_0015628', 'GO_0015627'}"
b2969,"{'GO_0005886', 'GO_0015628', 'GO_0009276', 'GO_0015031', 'GO_0015627'}"
b2970,"{'GO_0005886', 'GO_0015031', 'GO_0015628', 'GO_0015627'}"
b2971,"{'GO_0006974', 'GO_0009279'}"
b2972,"{'GO_0005886', 'GO_0016020', 'GO_0004175', 'GO_0004190'}"
b2975,"{'GO_0005886', 'GO_1902600', 'GO_0015293', 'GO_0015129', 'GO_0043879', 'GO_0015727', 'GO_0015295', 'GO_0097339', 'GO_0035873'}"
b2976,"{'GO_0016740', 'GO_0005737', 'GO_0046872', 'GO_0004474', 'GO_0005829', 'GO_0006097', 'GO_0006099', 'GO_0009436'}"
b2979,"{'GO_0005886', 'GO_0046296', 'GO_0016491', 'GO_0009339', 'GO_0071949', 'GO_0003973', 'GO_0019154', 'GO_0047809', 'GO_0006974'}"
b2980,"{'GO_0003700', 'GO_0005515', 'GO_0003677', 'GO_0006355'}"
b2981,{'GO_0044010'}
b2982,"{'GO_0006310', 'GO_0003677', 'GO_0004803', 'GO_0032196', 'GO_0006313'}"
b2983,"{'GO_0005886', 'GO_0016020'}"
b2984,"{'GO_0005524', 'GO_0046940'}"
b2985,{'GO_0005524'}
b2986,"{'GO_0005524', 'GO_0046940'}"
b2987,"{'GO_0005886', 'GO_0016020', 'GO_0015293', 'GO_0006817', 'GO_0005315', 'GO_0035435'}"
b2988,"{'GO_0016874', 'GO_0008884', 'GO_0005515', 'GO_0008885', 'GO_0046872', 'GO_0016787', 'GO_0005524', 'GO_0008216', 'GO_0005829', 'GO_0006749'}"
b2989,"{'GO_0015036', 'GO_0042803', 'GO_0098869', 'GO_0004601'}"
b2990,"{'GO_0042802', 'GO_0005506', 'GO_0005515', 'GO_0065003', 'GO_0051604', 'GO_1902670'}"
b2991,"{'GO_0046872', 'GO_0036211', 'GO_0016530', 'GO_0008270', 'GO_0051604', 'GO_0016151'}"
b2992,"{'GO_0005515', 'GO_0070678', 'GO_0051604'}"
b2993,"{'GO_0008047', 'GO_0004190', 'GO_0005515', 'GO_0046872', 'GO_0016485', 'GO_0008233', 'GO_0006508', 'GO_0004175'}"
b2994,"{'GO_0005886', 'GO_0005515', 'GO_0046872', 'GO_0016491', 'GO_0008901', 'GO_0016151', 'GO_0033748'}"
b2995,"{'GO_0005886', 'GO_0044569', 'GO_0046872', 'GO_0019645', 'GO_0009061'}"
b2996,"{'GO_0005886', 'GO_0042597', 'GO_0047067', 'GO_0051539', 'GO_0046872', 'GO_0016491', 'GO_0009061', 'GO_0019588', 'GO_0051536'}"
b2997,"{'GO_0005886', 'GO_0009375', 'GO_0016020', 'GO_0042597', 'GO_0051539', 'GO_0005515', 'GO_0046872', 'GO_0016491', 'GO_0051538', 'GO_0008901', 'GO_0009061', 'GO_0033748', 'GO_0051536'}"
b2998,{'GO_1901422'}
b3000,{'GO_0016787'}
b3001,"{'GO_0051596', 'GO_0016491', 'GO_0006974', 'GO_0016616'}"
b3002,"{'GO_0005886', 'GO_0042542'}"
b3003,"{'GO_0016614', 'GO_0016491', 'GO_0008106'}"
b3005,"{'GO_0005886', 'GO_0043213', 'GO_0015889', 'GO_0016020', 'GO_0042802', 'GO_0050821', 'GO_0005515', 'GO_0015031', 'GO_0055085', 'GO_1902495', 'GO_0030003', 'GO_0031992', 'GO_0006879', 'GO_0022857', 'GO_0042803', 'GO_0009279', 'GO_0098797'}"
b3006,"{'GO_0005886', 'GO_0043213', 'GO_0015889', 'GO_0016020', 'GO_0042802', 'GO_0050821', 'GO_0005515', 'GO_0042928', 'GO_0015031', 'GO_0055085', 'GO_1902495', 'GO_0030003', 'GO_0031992', 'GO_0006879', 'GO_0022857', 'GO_0009279', 'GO_0098797'}"
b3008,"{'GO_0042802', 'GO_0051289', 'GO_0080146', 'GO_0005737', 'GO_0003824', 'GO_0030170', 'GO_0032991', 'GO_0019450', 'GO_0016829', 'GO_0008784', 'GO_0047804', 'GO_0019346', 'GO_0009086'}"
b3009,"{'GO_0005886', 'GO_0043093', 'GO_0055085', 'GO_0022857', 'GO_0009410'}"
b3010,"{'GO_0003700', 'GO_0003677', 'GO_0001216', 'GO_0006355', 'GO_0043565', 'GO_0045893', 'GO_0000987'}"
b3011,"{'GO_0042802', 'GO_0000302', 'GO_0016616', 'GO_0018455', 'GO_0046872', 'GO_0016491', 'GO_0008106', 'GO_0008270', 'GO_0005829', 'GO_1990002', 'GO_1990362'}"
b3014,"{'GO_0019867', 'GO_0009279'}"
b3017,"{'GO_0043093', 'GO_0010212', 'GO_0042597', 'GO_0006979', 'GO_0030288', 'GO_0016491', 'GO_0051301', 'GO_0005507', 'GO_0032153', 'GO_0006950'}"
b3018,"{'GO_0005886', 'GO_0003841', 'GO_0016020', 'GO_0016746', 'GO_0016024', 'GO_0006654', 'GO_0008654'}"
b3019,"{'GO_0005886', 'GO_0030541', 'GO_0006265', 'GO_0003677', 'GO_0019897', 'GO_0005515', 'GO_0005737', 'GO_0007062', 'GO_0005524', 'GO_0005694', 'GO_0009330', 'GO_0005829', 'GO_0051276', 'GO_0003916', 'GO_0003918', 'GO_0007059'}"
b3020,"{'GO_0042597', 'GO_0030288', 'GO_0043190', 'GO_0055085', 'GO_0015721'}"
b3021,"{'GO_0003677', 'GO_0005515', 'GO_0046872', 'GO_0042803', 'GO_0006355', 'GO_0043565', 'GO_0110001', 'GO_0044010'}"
b3022,"{'GO_0043488', 'GO_0017148', 'GO_2000145', 'GO_0005515', 'GO_0009372', 'GO_0004519', 'GO_0045892', 'GO_0004521', 'GO_0006355', 'GO_0016892', 'GO_0061157', 'GO_0110001', 'GO_0044010'}"
b3023,{'GO_0045892'}
b3024,"{'GO_0070301', 'GO_0042597', 'GO_0030288', 'GO_0044011', 'GO_0071276'}"
b3025,"{'GO_0003677', 'GO_0005737', 'GO_0010038', 'GO_0006351', 'GO_0006355', 'GO_0000160'}"
b3026,"{'GO_0000155', 'GO_0005886', 'GO_0016310', 'GO_2000145', 'GO_0036094', 'GO_0005524', 'GO_0004673', 'GO_0016301', 'GO_0000160', 'GO_0007165', 'GO_0018106'}"
b3027,{'GO_0005886'}
b3028,"{'GO_0050660', 'GO_0005737', 'GO_0016491', 'GO_0008753', 'GO_0005829'}"
b3029,"{'GO_0016491', 'GO_0042803', 'GO_0010447', 'GO_0005829'}"
b3030,"{'GO_0030541', 'GO_0006265', 'GO_0003677', 'GO_0005515', 'GO_0046872', 'GO_0007062', 'GO_0005524', 'GO_0005694', 'GO_0009330', 'GO_0005829', 'GO_0051276', 'GO_0003916', 'GO_0003918', 'GO_0046677', 'GO_0007059'}"
b3031,"{'GO_0052689', 'GO_0016788'}"
b3034,"{'GO_0009408', 'GO_0005515', 'GO_0046872', 'GO_0016462', 'GO_0019144', 'GO_0000287', 'GO_0042803', 'GO_0005829', 'GO_0016818', 'GO_0016787', 'GO_0047631'}"
b3035,"{'GO_0042802', 'GO_0098567', 'GO_0042930', 'GO_0019867', 'GO_1990196', 'GO_0009636', 'GO_0015721', 'GO_0009410', 'GO_0140330', 'GO_0005515', 'GO_1990281', 'GO_0009279', 'GO_0042931', 'GO_0034220', 'GO_0014070', 'GO_0030288', 'GO_0055085', 'GO_0015288', 'GO_0005216', 'GO_0046677', 'GO_1990961', 'GO_0015562', 'GO_0016020', 'GO_0015125'}"
b3037,"{'GO_0044010', 'GO_0009279'}"
b3038,"{'GO_0046872', 'GO_0016874', 'GO_0005524'}"
b3040,"{'GO_0005886', 'GO_0046873', 'GO_0098711', 'GO_0016020', 'GO_0046872', 'GO_0055085', 'GO_0071578', 'GO_0006829', 'GO_0006826', 'GO_0015093', 'GO_0006824', 'GO_0071577', 'GO_0005385', 'GO_0030001'}"
b3042,"{'GO_0016020', 'GO_0042802', 'GO_0005515', 'GO_0006744', 'GO_0005737', 'GO_0005829', 'GO_0110142'}"
b3043,"{'GO_0007155', 'GO_0009289'}"
b3044,"{'GO_0006310', 'GO_0003677', 'GO_0004803', 'GO_0032196', 'GO_0006313'}"
b3045,"{'GO_0006310', 'GO_0003677', 'GO_0015074', 'GO_0003676', 'GO_0032196'}"
b3047,"{'GO_0042597', 'GO_0030288', 'GO_0071555', 'GO_0006974', 'GO_0061077'}"
b3048,"{'GO_0007155', 'GO_0009289', 'GO_0051595'}"
b3049,"{'GO_1900232', 'GO_1902201', 'GO_1900191'}"
b3050,"{'GO_0005886', 'GO_0006974'}"
b3051,"{'GO_0005886', 'GO_0045121', 'GO_0005829'}"
b3052,"{'GO_0033785', 'GO_0016310', 'GO_0046835', 'GO_0005975', 'GO_0016773', 'GO_0016772', 'GO_0005524', 'GO_0009244', 'GO_0033786', 'GO_0016779', 'GO_0009058', 'GO_0042803', 'GO_0005829', 'GO_0097171', 'GO_0016301', 'GO_0009103'}"
b3053,"{'GO_0000820', 'GO_0008882', 'GO_0047388', 'GO_0005524', 'GO_0016779', 'GO_0000287', 'GO_0005829'}"
b3054,"{'GO_0046872', 'GO_0050355', 'GO_0016787'}"
b3055,"{'GO_0005886', 'GO_0016020', 'GO_0005829'}"
b3056,"{'GO_0106354', 'GO_0005515', 'GO_0046872', 'GO_0016791', 'GO_0006396', 'GO_0001680', 'GO_0003723', 'GO_0005524', 'GO_0004112', 'GO_0016779', 'GO_0000049', 'GO_0000287', 'GO_0004810', 'GO_0042245', 'GO_0160016', 'GO_0008033', 'GO_0016787'}"
b3057,"{'GO_0005886', 'GO_0016020', 'GO_0008360', 'GO_0050380', 'GO_0016462', 'GO_0046677', 'GO_0009252', 'GO_0000270', 'GO_0016787', 'GO_0071555', 'GO_0016311'}"
b3058,"{'GO_0004150', 'GO_0042802', 'GO_0016829', 'GO_0016853', 'GO_0046656', 'GO_0006760', 'GO_0046654'}"
b3059,"{'GO_0005886', 'GO_0016740', 'GO_0006644', 'GO_0004366', 'GO_0008654', 'GO_0043772'}"
b3060,"{'GO_0003700', 'GO_0003677', 'GO_0001216', 'GO_0045893', 'GO_0006355'}"
b3061,"{'GO_0051539', 'GO_1901276', 'GO_0005515', 'GO_0046872', 'GO_0016829', 'GO_0008730', 'GO_1902494', 'GO_1901275', 'GO_0044010'}"
b3062,"{'GO_0009408', 'GO_1901276', 'GO_0016829', 'GO_0008730', 'GO_0016836', 'GO_1902494'}"
b3063,"{'GO_0005886', 'GO_0016020', 'GO_0015745', 'GO_0015297', 'GO_0015516', 'GO_0055085', 'GO_0022857', 'GO_0071422'}"
b3064,"{'GO_1990145', 'GO_0042802', 'GO_0005506', 'GO_0005515', 'GO_0005737', 'GO_0016746', 'GO_0046872', 'GO_0002949', 'GO_0006400', 'GO_0061711', 'GO_0000287', 'GO_0005829', 'GO_0008033', 'GO_0140032', 'GO_0016747', 'GO_0070525', 'GO_0000408'}"
b3065,"{'GO_0019843', 'GO_0022627', 'GO_0005737', 'GO_0003735', 'GO_0000028', 'GO_0002181', 'GO_0006412', 'GO_0005829', 'GO_1990904', 'GO_0005840'}"
b3066,"{'GO_0000428', 'GO_0006260', 'GO_0003677', 'GO_0005515', 'GO_0005737', 'GO_0046872', 'GO_1990156', 'GO_0031297', 'GO_0003896', 'GO_0016779', 'GO_0008270', 'GO_0030894', 'GO_1990077', 'GO_0006269', 'GO_0006268'}"
b3067,"{'GO_0009408', 'GO_0003677', 'GO_0005515', 'GO_0005737', 'GO_0010468', 'GO_0045892', 'GO_2000142', 'GO_0006351', 'GO_1903865', 'GO_0016987', 'GO_0006355', 'GO_0005829', 'GO_0000345', 'GO_0006352'}"
b3068,"{'GO_0006285', 'GO_0000700', 'GO_0003677', 'GO_0005737', 'GO_0016787', 'GO_0043739', 'GO_0006281', 'GO_0008263'}"
b3070,"{'GO_0050660', 'GO_0071289', 'GO_0052851', 'GO_0033214', 'GO_0005737', 'GO_0016491', 'GO_0071949', 'GO_0005829'}"
b3071,"{'GO_0003700', 'GO_0003677', 'GO_0045892', 'GO_0045893', 'GO_0005829', 'GO_0006974'}"
b3072,"{'GO_0005886', 'GO_0016020', 'GO_0042802', 'GO_0006935', 'GO_0052131', 'GO_0004888', 'GO_0007165'}"
b3073,"{'GO_0030170', 'GO_0033094', 'GO_0008483', 'GO_0042803', 'GO_0005829', 'GO_0019161', 'GO_0019477', 'GO_0009447'}"
b3074,"{'GO_0000049', 'GO_0042803'}"
b3075,"{'GO_0045892', 'GO_0003677', 'GO_0006355'}"
b3076,"{'GO_0004565', 'GO_0005975', 'GO_0005515', 'GO_0016798', 'GO_0009056', 'GO_0030246', 'GO_0009341'}"
b3078,"{'GO_0005886', 'GO_0055085', 'GO_0016020', 'GO_0022857'}"
b3080,"{'GO_0005991', 'GO_0046872', 'GO_0016798', 'GO_1902687', 'GO_0015926', 'GO_0009313', 'GO_0004555', 'GO_0006974'}"
b3082,"{'GO_0003677', 'GO_0001046', 'GO_0005515', 'GO_0042803', 'GO_0006355', 'GO_0110001', 'GO_0040008'}"
b3083,"{'GO_0043488', 'GO_0017148', 'GO_0005515', 'GO_0004519', 'GO_0003723', 'GO_0004521', 'GO_0006355', 'GO_0110001', 'GO_0040008'}"
b3084,"{'GO_0008990', 'GO_0008170', 'GO_0006364', 'GO_0005737', 'GO_0008757', 'GO_0043414', 'GO_0052916', 'GO_0070475', 'GO_0003676', 'GO_0031167', 'GO_0032259', 'GO_0008168'}"
b3085,"{'GO_0009117', 'GO_0000166', 'GO_0016787', 'GO_0036221'}"
b3086,"{'GO_0005886', 'GO_0016020'}"
b3087,"{'GO_0016491', 'GO_0000166'}"
b3088,"{'GO_0005886', 'GO_0071467', 'GO_0016020'}"
b3089,"{'GO_0005886', 'GO_0006865', 'GO_0005295', 'GO_0016020', 'GO_0015293', 'GO_0015195', 'GO_0055085', 'GO_0015175', 'GO_0015171', 'GO_0032329', 'GO_0015194', 'GO_0015826', 'GO_0003333', 'GO_0015825'}"
b3090,{'GO_0005886'}
b3091,"{'GO_0019698', 'GO_0016829', 'GO_0008198', 'GO_0008789'}"
b3092,"{'GO_0019698', 'GO_0008880', 'GO_0016853', 'GO_0042840', 'GO_0006064'}"
b3093,"{'GO_0005886', 'GO_0015134', 'GO_0015778', 'GO_0055085', 'GO_0022857', 'GO_0015736'}"
b3094,"{'GO_0003700', 'GO_0045892', 'GO_0003677', 'GO_0006355'}"
b3095,"{'GO_0005886', 'GO_0043093', 'GO_0055085', 'GO_0022857', 'GO_0009410'}"
b3096,"{'GO_0005515', 'GO_0045859', 'GO_0005886', 'GO_0019901'}"
b3098,"{'GO_0005886', 'GO_0060187', 'GO_0005515', 'GO_0043024', 'GO_0043022'}"
b3099,{'GO_0005886'}
b3100,{'GO_0005829'}
b3101,{'GO_0005886'}
b3102,"{'GO_0016672', 'GO_0016491', 'GO_0004364', 'GO_0042803'}"
b3103,"{'GO_0005886', 'GO_0016020'}"
b3104,"{'GO_0005886', 'GO_0016020'}"
b3105,"{'GO_0003700', 'GO_0003677', 'GO_0001216', 'GO_0006355', 'GO_2000144'}"
b3106,{'GO_0005737'}
b3110,"{'GO_0005886', 'GO_0006865', 'GO_0009093', 'GO_0033229', 'GO_1903712', 'GO_0003333'}"
b3113,"{'GO_0006566', 'GO_0016787', 'GO_0042802', 'GO_0070689'}"
b3114,"{'GO_0016020', 'GO_0005975', 'GO_0005515', 'GO_0005737', 'GO_0016746', 'GO_0070689', 'GO_0008861', 'GO_0043875'}"
b3115,"{'GO_0008980', 'GO_0016310', 'GO_0016774', 'GO_0005515', 'GO_0046872', 'GO_0070689', 'GO_0005524', 'GO_0016301', 'GO_0006082', 'GO_0019665', 'GO_0006567', 'GO_0008776'}"
b3116,"{'GO_0005886', 'GO_1902600', 'GO_0006865', 'GO_0016020', 'GO_0015293', 'GO_0015195', 'GO_0015295', 'GO_0015171', 'GO_0032329', 'GO_0015194', 'GO_0015826', 'GO_0003333', 'GO_0015565', 'GO_0015825'}"
b3117,"{'GO_0006565', 'GO_0016597', 'GO_0004794', 'GO_0030170', 'GO_0032991', 'GO_0070689', 'GO_0000166', 'GO_0016829', 'GO_0003941', 'GO_0005829', 'GO_0006567', 'GO_0004793'}"
b3118,"{'GO_0003700', 'GO_0003677', 'GO_0005737', 'GO_0070689', 'GO_0006355', 'GO_0045893', 'GO_0000987'}"
b3119,"{'GO_0045893', 'GO_0003677'}"
b3121,{'GO_0006974'}
b3124,"{'GO_0043798', 'GO_0016310', 'GO_0008887', 'GO_0042838', 'GO_0031388', 'GO_0005524', 'GO_0016301', 'GO_0046392'}"
b3125,"{'GO_0051287', 'GO_0016616', 'GO_0042838', 'GO_0016491', 'GO_0050661', 'GO_0016054', 'GO_0046487', 'GO_0046392', 'GO_0008679'}"
b3126,"{'GO_0061677', 'GO_0008672', 'GO_0042838', 'GO_0005737', 'GO_0046872', 'GO_0016830', 'GO_0019394', 'GO_0016829', 'GO_0000287', 'GO_0046392'}"
b3127,"{'GO_0005886', 'GO_0016020', 'GO_0098656', 'GO_0055085', 'GO_0022857', 'GO_0015296', 'GO_0042836', 'GO_0019580'}"
b3128,"{'GO_0046872', 'GO_0008198', 'GO_0016829', 'GO_0042803', 'GO_0008867', 'GO_0046392'}"
b3129,"{'GO_0003700', 'GO_0019899', 'GO_0042802', 'GO_0001558', 'GO_0003677', 'GO_0005737', 'GO_0097351', 'GO_0045892', 'GO_0006355', 'GO_0110001', 'GO_0040008', 'GO_0044010'}"
b3130,"{'GO_0004540', 'GO_0043023', 'GO_0005515', 'GO_0004519', 'GO_0004521', 'GO_0006402', 'GO_0042803', 'GO_0006355', 'GO_0030308', 'GO_0110001', 'GO_0040008', 'GO_0044010'}"
b3131,"{'GO_0003700', 'GO_0003677', 'GO_0006355'}"
b3133,"{'GO_0016310', 'GO_0009401', 'GO_0005737', 'GO_0008982', 'GO_0016301'}"
b3134,"{'GO_0005886', 'GO_0009401', 'GO_0016020'}"
b3136,"{'GO_1901135', 'GO_0016787', 'GO_0097367', 'GO_0016853'}"
b3138,"{'GO_0016310', 'GO_0009401', 'GO_0005737', 'GO_0008982', 'GO_0016301'}"
b3139,"{'GO_0005886', 'GO_0009401', 'GO_0016020'}"
b3140,"{'GO_0005886', 'GO_0009401', 'GO_0016020'}"
b3141,"{'GO_0005975', 'GO_0006044', 'GO_0004342', 'GO_0016787', 'GO_0043877'}"
b3142,"{'GO_0007155', 'GO_0009289'}"
b3143,"{'GO_0030288', 'GO_0042597', 'GO_0071555', 'GO_0061077'}"
b3144,"{'GO_0015473', 'GO_0016020', 'GO_0055085', 'GO_0009297', 'GO_0009279', 'GO_0006974'}"
b3145,"{'GO_0007155', 'GO_0009289', 'GO_0043709'}"
b3146,"{'GO_0006364', 'GO_0005515', 'GO_0005737', 'GO_0070677', 'GO_0042803', 'GO_0031167', 'GO_0032259', 'GO_0008168'}"
b3147,"{'GO_0019899', 'GO_0042597', 'GO_0008360', 'GO_0004553', 'GO_0005515', 'GO_0031241', 'GO_0030234', 'GO_0009279', 'GO_0009252'}"
b3148,{'GO_0003676'}
b3149,"{'GO_0006260', 'GO_0042802', 'GO_1901135', 'GO_0005515', 'GO_0097367', 'GO_0042803', 'GO_0032298', 'GO_1990102'}"
b3150,"{'GO_0032153', 'GO_0009279'}"
b3151,{'GO_0005886'}
b3152,"{'GO_0016620', 'GO_0051287'}"
b3153,"{'GO_0019172', 'GO_0009411', 'GO_0009408', 'GO_0019249', 'GO_0009268', 'GO_0042802', 'GO_0006979', 'GO_0005737', 'GO_0036524', 'GO_0030091', 'GO_0061727', 'GO_0006281', 'GO_0005829', 'GO_0016787', 'GO_0106044'}"
b3154,{'GO_0005829'}
b3155,"{'GO_0005515', 'GO_0004520', 'GO_0008296', 'GO_0006259', 'GO_0006974'}"
b3156,"{'GO_0005515', 'GO_0016746', 'GO_0016747', 'GO_0005829'}"
b3157,"{'GO_0006744', 'GO_0032150', 'GO_0005829'}"
b3158,"{'GO_0032150', 'GO_0051539', 'GO_0005515', 'GO_0006744', 'GO_0046872'}"
b3159,"{'GO_0032150', 'GO_0051539', 'GO_0005515', 'GO_0006744', 'GO_0046872'}"
b3160,"{'GO_0016491', 'GO_0016705', 'GO_0005829'}"
b3161,"{'GO_0005886', 'GO_0006865', 'GO_0015293', 'GO_0015173', 'GO_0015801', 'GO_0015827', 'GO_0003333', 'GO_0015196'}"
b3162,"{'GO_0048255', 'GO_0006401', 'GO_0016817', 'GO_0005515', 'GO_0005737', 'GO_0045727', 'GO_0003724', 'GO_0004386', 'GO_0003723', 'GO_0005524', 'GO_0016887', 'GO_0033592', 'GO_0000027', 'GO_0009314', 'GO_0042803', 'GO_0005829', 'GO_0016787', 'GO_0070417'}"
b3163,"{'GO_0005886', 'GO_0005515', 'GO_0051301', 'GO_0042803', 'GO_0030674', 'GO_0000270'}"
b3164,"{'GO_0006401', 'GO_0009408', 'GO_0016020', 'GO_0042802', 'GO_1990061', 'GO_0005515', 'GO_0005737', 'GO_0046872', 'GO_0006396', 'GO_0003723', 'GO_0000175', 'GO_0004654', 'GO_0000287', 'GO_0006402', 'GO_0016779', 'GO_0005829', 'GO_0035438'}"
b3165,"{'GO_0006417', 'GO_0019843', 'GO_0022627', 'GO_0005737', 'GO_0003735', 'GO_0000028', 'GO_0070181', 'GO_0002181', 'GO_0006412', 'GO_0005829', 'GO_1990904', 'GO_0005840'}"
b3166,"{'GO_0061818', 'GO_0009982', 'GO_0001522', 'GO_0006396', 'GO_0003723', 'GO_0031119', 'GO_0000049', 'GO_0140098', 'GO_0005829', 'GO_0160148', 'GO_0008033', 'GO_0016853', 'GO_0106029'}"
b3167,"{'GO_0006364', 'GO_0005737', 'GO_0042254', 'GO_0042274', 'GO_0043024', 'GO_0005829', 'GO_0030490', 'GO_0006974', 'GO_0009409'}"
b3168,"{'GO_0005525', 'GO_0016020', 'GO_0097216', 'GO_0005515', 'GO_0005737', 'GO_0006413', 'GO_0043024', 'GO_0006412', 'GO_0003743', 'GO_0005829', 'GO_0061077', 'GO_0003924', 'GO_0009409'}"
b3169,"{'GO_0003700', 'GO_0051259', 'GO_0001000', 'GO_0005515', 'GO_0005737', 'GO_0042254', 'GO_0000166', 'GO_0003723', 'GO_0006353', 'GO_0031564', 'GO_0019904', 'GO_0005829', 'GO_0032784'}"
b3170,"{'GO_0005515', 'GO_0005737', 'GO_0042254', 'GO_0042274', 'GO_0000028', 'GO_0006412', 'GO_0005829'}"
b3172,"{'GO_0016874', 'GO_0042802', 'GO_0004055', 'GO_0005515', 'GO_0005737', 'GO_0005524', 'GO_0042803', 'GO_0005829', 'GO_0006526'}"
b3173,"{'GO_0005886', 'GO_0016772', 'GO_0016740'}"
b3175,"{'GO_0005886', 'GO_0016020', 'GO_0005515', 'GO_0015031', 'GO_0009306', 'GO_0015450', 'GO_0043952', 'GO_0031522', 'GO_0065002', 'GO_0032978', 'GO_0006616', 'GO_0008320', 'GO_0006886'}"
b3176,"{'GO_0006048', 'GO_0008966', 'GO_0042802', 'GO_0016868', 'GO_0005975', 'GO_0046872', 'GO_0000287', 'GO_0005829', 'GO_0009252', 'GO_0016853'}"
b3177,"{'GO_0009396', 'GO_0016740', 'GO_0005737', 'GO_0046872', 'GO_0004156', 'GO_0005829', 'GO_0046656', 'GO_0046654', 'GO_0009410'}"
b3178,"{'GO_0005886', 'GO_0098796', 'GO_0016020', 'GO_0005515', 'GO_0008237', 'GO_0046872', 'GO_0005524', 'GO_0004222', 'GO_0016887', 'GO_0030163', 'GO_0008270', 'GO_0008233', 'GO_0006508', 'GO_0004176', 'GO_0098797'}"
b3179,"{'GO_0016436', 'GO_0006364', 'GO_0001510', 'GO_0005737', 'GO_0042254', 'GO_0008650', 'GO_0000027', 'GO_0031167', 'GO_0005829', 'GO_0008168', 'GO_0032259'}"
b3180,"{'GO_1990275', 'GO_0005515', 'GO_0005737', 'GO_0003723', 'GO_0000028', 'GO_0000027', 'GO_0000967', 'GO_0005829'}"
b3181,"{'GO_0003677', 'GO_0001108', 'GO_0005737', 'GO_0006354', 'GO_0005829', 'GO_0032784', 'GO_0070063'}"
b3182,"{'GO_0005886', 'GO_0043093', 'GO_0042597', 'GO_0008360', 'GO_0005515', 'GO_0008658', 'GO_0051301', 'GO_0004180', 'GO_0016787', 'GO_0004252', 'GO_0004175', 'GO_0006508', 'GO_0009252', 'GO_0000270', 'GO_0004185', 'GO_0009002', 'GO_0071555', 'GO_0046677'}"
b3183,"{'GO_0005525', 'GO_0043023', 'GO_0005829', 'GO_0016787', 'GO_0019843', 'GO_0097216', 'GO_0005515', 'GO_0042254', 'GO_0042255', 'GO_0019003', 'GO_0000027', 'GO_0003924', 'GO_0003677', 'GO_0005737', 'GO_0046872', 'GO_0032561', 'GO_0007059', 'GO_0017111', 'GO_0090071', 'GO_0022611', 'GO_0000287'}"
b3184,"{'GO_0005886', 'GO_0016020'}"
b3185,"{'GO_1902626', 'GO_1990904', 'GO_0019843', 'GO_0001558', 'GO_0005515', 'GO_0005737', 'GO_0003735', 'GO_0022625', 'GO_0042256', 'GO_0000027', 'GO_0000049', 'GO_0043022', 'GO_0002181', 'GO_0006412', 'GO_0090070', 'GO_0005840'}"
b3186,"{'GO_0019843', 'GO_0005737', 'GO_0003735', 'GO_0022625', 'GO_0003723', 'GO_0002181', 'GO_0006412', 'GO_0005829', 'GO_1990904', 'GO_0005840'}"
b3187,"{'GO_0042802', 'GO_0004659', 'GO_0005515', 'GO_0006744', 'GO_0016740', 'GO_0046872', 'GO_0106350', 'GO_0042803', 'GO_0008299', 'GO_0005829', 'GO_0016094'}"
b3188,{'GO_0003677'}
b3189,"{'GO_0019277', 'GO_0008360', 'GO_0016740', 'GO_0005737', 'GO_0051301', 'GO_0005829', 'GO_0008760', 'GO_0009252', 'GO_0071555'}"
b3190,"{'GO_0097533', 'GO_0045454', 'GO_0005515', 'GO_0016226', 'GO_1990229', 'GO_0006879', 'GO_0051537', 'GO_0005829'}"
b3191,"{'GO_0016020', 'GO_0015914', 'GO_0005515', 'GO_0005737', 'GO_0120014', 'GO_1990531', 'GO_0046677', 'GO_0005829', 'GO_0120010', 'GO_0006974'}"
b3192,"{'GO_0042597', 'GO_0015914', 'GO_0005515', 'GO_0030288', 'GO_0120010'}"
b3193,"{'GO_0005886', 'GO_0016020', 'GO_0015914', 'GO_0005515', 'GO_0120014', 'GO_1990531', 'GO_0120010', 'GO_0005543'}"
b3194,"{'GO_0005886', 'GO_0016020', 'GO_0015914', 'GO_0005515', 'GO_0120014', 'GO_0043190', 'GO_1990531', 'GO_0120010'}"
b3195,"{'GO_0005886', 'GO_0016020', 'GO_0015914', 'GO_0005515', 'GO_0120014', 'GO_1990531', 'GO_0005524', 'GO_0016887', 'GO_0120010'}"
b3196,"{'GO_0005886', 'GO_0071805', 'GO_0016020', 'GO_0055085', 'GO_0022857', 'GO_0035725'}"
b3197,"{'GO_0042802', 'GO_0051289', 'GO_1901135', 'GO_0005975', 'GO_0019294', 'GO_0046872', 'GO_0019146', 'GO_0097367', 'GO_0016853', 'GO_0009103'}"
b3198,"{'GO_0046872', 'GO_0016788', 'GO_0005829', 'GO_0016787', 'GO_0019143', 'GO_0009103'}"
b3199,"{'GO_0005886', 'GO_0016020', 'GO_0042802', 'GO_1990351', 'GO_0005515', 'GO_0030288', 'GO_0046836', 'GO_0017089', 'GO_0015920', 'GO_0043165', 'GO_0015221'}"
b3200,"{'GO_0001530', 'GO_0042597', 'GO_0042802', 'GO_1990351', 'GO_0005515', 'GO_0030288', 'GO_0046836', 'GO_0017089', 'GO_0009279', 'GO_0015920', 'GO_0043165'}"
b3201,"{'GO_0005886', 'GO_0016020', 'GO_1990351', 'GO_0005515', 'GO_0005737', 'GO_0043190', 'GO_0005524', 'GO_0016887', 'GO_0055085', 'GO_0015920', 'GO_0043165'}"
b3202,"{'GO_0090605', 'GO_0000428', 'GO_0003677', 'GO_0001216', 'GO_0032993', 'GO_0048870', 'GO_2000142', 'GO_0016779', 'GO_0042128', 'GO_0000976', 'GO_0006525', 'GO_0006355', 'GO_0016987', 'GO_0045893', 'GO_0000345', 'GO_0006352'}"
b3203,"{'GO_0006417', 'GO_0017148', 'GO_0005515', 'GO_0022611', 'GO_0043022', 'GO_0043024', 'GO_0005829'}"
b3204,"{'GO_0009401', 'GO_0016310', 'GO_0005515', 'GO_0005737', 'GO_0030295', 'GO_0004857', 'GO_0008982', 'GO_0005829', 'GO_0016301'}"
b3205,"{'GO_0005525', 'GO_0042802', 'GO_0051289', 'GO_0005515', 'GO_0032991', 'GO_0050779', 'GO_0097367', 'GO_0005524', 'GO_0003723', 'GO_0060090'}"
b3206,"{'GO_0005515', 'GO_0016772', 'GO_0009401', 'GO_0005737'}"
b3207,{'GO_0005886'}
b3208,"{'GO_0005886', 'GO_0016757', 'GO_0016020', 'GO_0008360', 'GO_0005515', 'GO_0043164', 'GO_0009274', 'GO_0016763', 'GO_0009252', 'GO_0008955', 'GO_0071555'}"
b3209,"{'GO_0045828', 'GO_0008299', 'GO_0016829', 'GO_0005829'}"
b3210,"{'GO_0000155', 'GO_0005886', 'GO_0046777', 'GO_0016020', 'GO_0016310', 'GO_0005515', 'GO_0004721', 'GO_0005524', 'GO_0004673', 'GO_0070482', 'GO_0006355', 'GO_0005829', 'GO_0016301', 'GO_0000160', 'GO_0007165', 'GO_0018106'}"
b3211,"{'GO_0051539', 'GO_0003824', 'GO_0046872', 'GO_0051536'}"
b3212,"{'GO_0006541', 'GO_0006537', 'GO_0005515', 'GO_0046872', 'GO_0016491', 'GO_0051538', 'GO_0015930', 'GO_0004355', 'GO_0019676', 'GO_0097054', 'GO_0009342', 'GO_0005829'}"
b3213,"{'GO_0006537', 'GO_0051539', 'GO_0005515', 'GO_0046872', 'GO_0016491', 'GO_0019676', 'GO_0004355', 'GO_0097054', 'GO_0009342', 'GO_0005829'}"
b3214,"{'GO_0005886', 'GO_0030288'}"
b3215,"{'GO_0030288', 'GO_0042597', 'GO_0071555'}"
b3216,"{'GO_0015473', 'GO_0016020', 'GO_0055085', 'GO_0009297', 'GO_0009279'}"
b3218,"{'GO_0006310', 'GO_0003677', 'GO_0004803', 'GO_0032196', 'GO_0006313'}"
b3219,{'GO_0006974'}
b3220,"{'GO_0003676', 'GO_0003677', 'GO_0004518'}"
b3221,"{'GO_0005737', 'GO_0008270', 'GO_0016857', 'GO_0019262', 'GO_0006974'}"
b3222,"{'GO_0016310', 'GO_0046835', 'GO_0005975', 'GO_0046872', 'GO_0009384', 'GO_0005524', 'GO_0008270', 'GO_0019262', 'GO_0016301', 'GO_0006974'}"
b3223,"{'GO_0005975', 'GO_0005515', 'GO_0019262', 'GO_0016857', 'GO_0006053', 'GO_0006051', 'GO_0005829', 'GO_0047465', 'GO_0016853'}"
b3224,"{'GO_0005886', 'GO_0016020', 'GO_0055085', 'GO_0015739', 'GO_0015538', 'GO_0015136', 'GO_1905039'}"
b3225,"{'GO_0042802', 'GO_0005975', 'GO_0005737', 'GO_0019262', 'GO_0008747', 'GO_0016829', 'GO_0005829', 'GO_0044010'}"
b3226,"{'GO_0003700', 'GO_0031334', 'GO_0001217', 'GO_0003677', 'GO_0001046', 'GO_0045892', 'GO_0006351', 'GO_0042803', 'GO_0006355', 'GO_2000143'}"
b3227,"{'GO_0005886', 'GO_0016020', 'GO_0015556', 'GO_0015740', 'GO_0019588'}"
b3228,"{'GO_0051117', 'GO_0005515', 'GO_0003723', 'GO_0045732', 'GO_0032781', 'GO_0042803', 'GO_1903052', 'GO_0005829', 'GO_0005840', 'GO_0009376', 'GO_0060090'}"
b3229,"{'GO_0005515', 'GO_0042594', 'GO_0006950', 'GO_0045893', 'GO_0005829'}"
b3230,"{'GO_0022627', 'GO_0005737', 'GO_0003735', 'GO_0000049', 'GO_0002181', 'GO_0006412', 'GO_0005829', 'GO_1990904', 'GO_0005840'}"
b3231,"{'GO_0017148', 'GO_0005737', 'GO_0070180', 'GO_0003735', 'GO_0022625', 'GO_0008270', 'GO_0002181', 'GO_0006412', 'GO_0005829', 'GO_1990904', 'GO_0005840', 'GO_0048027'}"
b3232,"{'GO_0005515', 'GO_0005737', 'GO_0051301', 'GO_0005524', 'GO_0016887', 'GO_0032153', 'GO_0016787', 'GO_0005543'}"
b3233,"{'GO_0005515', 'GO_0005886', 'GO_0008360', 'GO_0051301'}"
b3234,"{'GO_0051603', 'GO_0042597', 'GO_0042802', 'GO_0005515', 'GO_0004252', 'GO_0008236', 'GO_0008233', 'GO_0006508', 'GO_0004175'}"
b3235,"{'GO_0005886', 'GO_0071218', 'GO_0042802', 'GO_0005515', 'GO_0030288', 'GO_0004252', 'GO_0008236', 'GO_0008233', 'GO_0006508', 'GO_0004175'}"
b3236,"{'GO_0019898', 'GO_0016020', 'GO_0006108', 'GO_0005737', 'GO_0030060', 'GO_0016491', 'GO_0016615', 'GO_0006113', 'GO_0006096', 'GO_0005829', 'GO_0042803', 'GO_0006099', 'GO_0009061'}"
b3237,"{'GO_0003700', 'GO_0034618', 'GO_0005667', 'GO_0003677', 'GO_0006310', 'GO_0005737', 'GO_0042150', 'GO_0042802', 'GO_0051259', 'GO_1900079', 'GO_1900081', 'GO_0006525', 'GO_0006355', 'GO_0006526', 'GO_2000144', 'GO_2000143', 'GO_0000987'}"
b3238,"{'GO_0070301', 'GO_0071468', 'GO_0042597', 'GO_0044011'}"
b3240,"{'GO_0005886', 'GO_0046942', 'GO_0055085', 'GO_0022857'}"
b3241,"{'GO_0005886', 'GO_0016020', 'GO_0055085', 'GO_0022857', 'GO_0046942'}"
b3242,{'GO_0005886'}
b3243,"{'GO_0003700', 'GO_0003677', 'GO_0006351', 'GO_0006355', 'GO_0045893', 'GO_0006352'}"
b3244,"{'GO_1905368', 'GO_0005506', 'GO_0005515', 'GO_0008237', 'GO_0016485', 'GO_0008270', 'GO_0006508', 'GO_0005829'}"
b3247,"{'GO_0004540', 'GO_0005886', 'GO_0019843', 'GO_0006364', 'GO_0005515', 'GO_0005737', 'GO_0046872', 'GO_0051301', 'GO_0004519', 'GO_0006396', 'GO_0003723', 'GO_0005856', 'GO_0000049', 'GO_0042803', 'GO_0030490', 'GO_0008033', 'GO_0008996'}"
b3248,"{'GO_0042802', 'GO_0005737', 'GO_0047429', 'GO_0016462', 'GO_0016787', 'GO_0030145', 'GO_0036221', 'GO_0042803', 'GO_0009117', 'GO_0036218'}"
b3249,"{'GO_0005886', 'GO_0016020', 'GO_0008360', 'GO_0005515', 'GO_0009252'}"
b3250,"{'GO_0005886', 'GO_0008360', 'GO_0071963', 'GO_0005515', 'GO_0030288', 'GO_0005829', 'GO_0009252'}"
b3251,"{'GO_0005886', 'GO_0043093', 'GO_0042802', 'GO_0008360', 'GO_0005515', 'GO_0000902', 'GO_0005737', 'GO_0099513', 'GO_0005524', 'GO_0005856', 'GO_0009252', 'GO_0051782', 'GO_0051983'}"
b3252,"{'GO_0005886', 'GO_0006401', 'GO_0042802', 'GO_0005515', 'GO_0032991', 'GO_0051252'}"
b3253,"{'GO_0005737', 'GO_0043957', 'GO_0016491', 'GO_0042803'}"
b3255,"{'GO_2001295', 'GO_0005515', 'GO_0005737', 'GO_0006633', 'GO_0003989', 'GO_0005829', 'GO_0009317', 'GO_0060090'}"
b3256,"{'GO_2001295', 'GO_0004075', 'GO_0016874', 'GO_0045717', 'GO_0005515', 'GO_0003824', 'GO_0005737', 'GO_0006633', 'GO_0046872', 'GO_0005524', 'GO_0003989', 'GO_0042803', 'GO_0005829', 'GO_0009317'}"
b3257,{'GO_0005886'}
b3258,"{'GO_0005886', 'GO_0016020', 'GO_0015887', 'GO_0015293', 'GO_0006814', 'GO_0015081', 'GO_0036376', 'GO_0015233', 'GO_0046942'}"
b3259,"{'GO_0016279', 'GO_0005515', 'GO_0005737', 'GO_0006479', 'GO_0071885', 'GO_0042054', 'GO_0005829', 'GO_0006338', 'GO_0008168', 'GO_0008276', 'GO_0032259'}"
b3260,"{'GO_0017150', 'GO_0002943', 'GO_0050660', 'GO_0016491', 'GO_0000049', 'GO_0009314', 'GO_0008033', 'GO_0010181'}"
b3261,"{'GO_0044374', 'GO_0001046', 'GO_0006355', 'GO_0005829', 'GO_0005515', 'GO_0001216', 'GO_0032993', 'GO_0045892', 'GO_0051276', 'GO_0003700', 'GO_0031421', 'GO_0000786', 'GO_0003677', 'GO_0005737', 'GO_0006351', 'GO_0000976', 'GO_0045893', 'GO_0043565', 'GO_0032359', 'GO_0001217', 'GO_0009295', 'GO_0045911', 'GO_0009314', 'GO_0042803'}"
b3262,"{'GO_0008170', 'GO_0003677', 'GO_0032259', 'GO_0008168', 'GO_0009007'}"
b3263,{'GO_0005886'}
b3264,"{'GO_0003700', 'GO_0045892', 'GO_0003677', 'GO_0009410'}"
b3265,"{'GO_0005886', 'GO_0140330', 'GO_0016020', 'GO_0098567', 'GO_1990281', 'GO_0055085', 'GO_0009636', 'GO_0022857', 'GO_0009410'}"
b3266,"{'GO_0005886', 'GO_0140330', 'GO_0042908', 'GO_0015562', 'GO_0016020', 'GO_0098567', 'GO_1990281', 'GO_0055085'}"
b3267,{'GO_0005886'}
b3269,"{'GO_0005886', 'GO_0006865', 'GO_0016020', 'GO_0055052', 'GO_0043190', 'GO_0055085', 'GO_0071705', 'GO_0022857', 'GO_0015833'}"
b3270,"{'GO_0005886', 'GO_0006865', 'GO_0016020', 'GO_0055052', 'GO_0043190', 'GO_0055085', 'GO_0071705', 'GO_0022857', 'GO_0015833'}"
b3271,"{'GO_0005886', 'GO_0006865', 'GO_0016020', 'GO_0055052', 'GO_0043190', 'GO_0005524', 'GO_0016887', 'GO_0015424', 'GO_0015833', 'GO_0003333'}"
b3279,"{'GO_0032991', 'GO_0008270', 'GO_0042802', 'GO_0005829'}"
b3281,"{'GO_0004764', 'GO_0019632', 'GO_0005515', 'GO_0016491', 'GO_0050661', 'GO_0000166', 'GO_0009423', 'GO_0009073', 'GO_0005829', 'GO_0008652'}"
b3282,"{'GO_0061710', 'GO_0003725', 'GO_0006364', 'GO_0005737', 'GO_0042254', 'GO_0002949', 'GO_0005524', 'GO_0016779', 'GO_0000049', 'GO_0005829', 'GO_0008033'}"
b3283,"{'GO_0003697', 'GO_0003917', 'GO_0006265', 'GO_0005506', 'GO_0003677', 'GO_0005694', 'GO_0008270'}"
b3287,"{'GO_0005515', 'GO_0046872', 'GO_0008198', 'GO_0008270', 'GO_0043022', 'GO_0006412', 'GO_0042586', 'GO_0005829', 'GO_0043686', 'GO_0016787'}"
b3288,"{'GO_0071951', 'GO_0016740', 'GO_0006413', 'GO_0009058', 'GO_0019988', 'GO_0006412', 'GO_0005829', 'GO_0004479'}"
b3289,"{'GO_0006364', 'GO_0001510', 'GO_0005737', 'GO_0003723', 'GO_0070475', 'GO_0016434', 'GO_0008649', 'GO_0006355', 'GO_0005829', 'GO_0008168', 'GO_0009383', 'GO_0031167', 'GO_0032259'}"
b3290,"{'GO_0005886', 'GO_0015079', 'GO_0051287', 'GO_0071805', 'GO_0005515', 'GO_0009898', 'GO_0006813', 'GO_0005829'}"
b3291,"{'GO_0005886', 'GO_0034220', 'GO_0016020', 'GO_0042802', 'GO_0008381', 'GO_0006811', 'GO_0009992'}"
b3292,"{'GO_0003700', 'GO_0003677', 'GO_0005515', 'GO_0046872', 'GO_0001216', 'GO_0006351', 'GO_0008270', 'GO_0006355', 'GO_0045893', 'GO_0000987'}"
b3294,"{'GO_0005515', 'GO_0005737', 'GO_0003735', 'GO_0022625', 'GO_0000027', 'GO_0002181', 'GO_0006412', 'GO_0005829', 'GO_1990904', 'GO_0005840'}"
b3295,"{'GO_0009408', 'GO_0034062', 'GO_0044780', 'GO_0048870', 'GO_0005829', 'GO_0032784', 'GO_0071973', 'GO_0005515', 'GO_0003899', 'GO_0036460', 'GO_0046983', 'GO_0090605', 'GO_0003677', 'GO_0005737', 'GO_0006351', 'GO_0000345', 'GO_0006352', 'GO_0000428', 'GO_0016020', 'GO_2000142', 'GO_0016779', 'GO_0006879', 'GO_0031564', 'GO_0042128'}"
b3296,"{'GO_0006417', 'GO_0015935', 'GO_0006353', 'GO_0002181', 'GO_0045947', 'GO_0005829', 'GO_0048027', 'GO_0019843', 'GO_0005515', 'GO_0042254', 'GO_0003735', 'GO_0006412', 'GO_1990904', 'GO_1990145', 'GO_0022627', 'GO_0005737', 'GO_0005840', 'GO_0046677', 'GO_0000028', 'GO_0000900', 'GO_0031564'}"
b3297,"{'GO_0019843', 'GO_0022627', 'GO_0005515', 'GO_0005737', 'GO_0003735', 'GO_0070181', 'GO_0002181', 'GO_0006412', 'GO_0005829', 'GO_1990904', 'GO_0005840'}"
b3298,"{'GO_0019843', 'GO_0022627', 'GO_0005515', 'GO_0005737', 'GO_0003735', 'GO_0003723', 'GO_0000049', 'GO_0002181', 'GO_0006412', 'GO_0005829', 'GO_1990904', 'GO_0005840'}"
b3299,"{'GO_0005737', 'GO_0003735', 'GO_0022625', 'GO_0006412', 'GO_0002181', 'GO_1990904', 'GO_0005840'}"
b3300,"{'GO_0005886', 'GO_0006605', 'GO_0016020', 'GO_0005515', 'GO_0015031', 'GO_0043952', 'GO_0006886', 'GO_0031522', 'GO_0065002', 'GO_0032978', 'GO_0006616', 'GO_0008320', 'GO_0005048'}"
b3301,"{'GO_0019843', 'GO_0005515', 'GO_0005737', 'GO_0003735', 'GO_0022625', 'GO_0015934', 'GO_0002181', 'GO_0006412', 'GO_1990904', 'GO_0005840'}"
b3302,"{'GO_0005737', 'GO_0003735', 'GO_0022625', 'GO_0015934', 'GO_0000027', 'GO_0002181', 'GO_0006412', 'GO_1990904', 'GO_0005840'}"
b3303,"{'GO_0019843', 'GO_0015935', 'GO_0022627', 'GO_0005515', 'GO_0005737', 'GO_0003735', 'GO_0003723', 'GO_0000028', 'GO_0002181', 'GO_0006412', 'GO_0005829', 'GO_1990904', 'GO_0005840', 'GO_1990145', 'GO_0046677'}"
b3304,"{'GO_0019843', 'GO_0005737', 'GO_0008097', 'GO_0003735', 'GO_0022625', 'GO_0002181', 'GO_0006412', 'GO_0005829', 'GO_1990904', 'GO_0005840'}"
b3305,"{'GO_0019843', 'GO_0005737', 'GO_0070180', 'GO_0003735', 'GO_0022625', 'GO_0000027', 'GO_0002181', 'GO_0006412', 'GO_0005829', 'GO_1990904', 'GO_0005840', 'GO_0046677'}"
b3306,"{'GO_0006417', 'GO_0043488', 'GO_0019843', 'GO_0022627', 'GO_0005737', 'GO_0003735', 'GO_0000028', 'GO_0002181', 'GO_0006412', 'GO_0005829', 'GO_1990904', 'GO_0005840'}"
b3307,"{'GO_0019843', 'GO_0022627', 'GO_0005737', 'GO_0003735', 'GO_0000028', 'GO_0000049', 'GO_0002181', 'GO_0006412', 'GO_1990904', 'GO_0005840'}"
b3308,"{'GO_0019843', 'GO_0005737', 'GO_0008097', 'GO_0003735', 'GO_0022625', 'GO_0000027', 'GO_0000049', 'GO_0002181', 'GO_0006412', 'GO_0005829', 'GO_1990904', 'GO_0005840'}"
b3309,"{'GO_0019843', 'GO_0005515', 'GO_0005737', 'GO_0070180', 'GO_0003735', 'GO_0022625', 'GO_0003723', 'GO_0000027', 'GO_0002181', 'GO_0006412', 'GO_0005829', 'GO_1990904', 'GO_0005840'}"
b3310,"{'GO_0019843', 'GO_0005515', 'GO_0005737', 'GO_0070180', 'GO_0003735', 'GO_0022625', 'GO_0015934', 'GO_0002181', 'GO_0006412', 'GO_0005829', 'GO_1990904', 'GO_0005840'}"
b3311,"{'GO_0019843', 'GO_0022627', 'GO_0005737', 'GO_0003735', 'GO_0000028', 'GO_0070181', 'GO_0008270', 'GO_0002181', 'GO_0006412', 'GO_1990904', 'GO_0005840', 'GO_0046677'}"
b3312,"{'GO_0019843', 'GO_0005737', 'GO_0003735', 'GO_0022625', 'GO_0000027', 'GO_0002181', 'GO_0006412', 'GO_1990904', 'GO_0005840'}"
b3313,"{'GO_0019843', 'GO_0005737', 'GO_0003735', 'GO_0022625', 'GO_0000027', 'GO_0000049', 'GO_0002181', 'GO_0006412', 'GO_1990904', 'GO_0005840'}"
b3314,"{'GO_0019843', 'GO_0022627', 'GO_0005737', 'GO_0003729', 'GO_0003735', 'GO_0003723', 'GO_0000028', 'GO_0002181', 'GO_0006412', 'GO_0005829', 'GO_1990904', 'GO_0005840'}"
b3315,"{'GO_1902626', 'GO_0019843', 'GO_0005515', 'GO_0005737', 'GO_0042255', 'GO_0003735', 'GO_0022625', 'GO_0042256', 'GO_0070180', 'GO_0015934', 'GO_0002181', 'GO_0006412', 'GO_0005829', 'GO_1990904', 'GO_0005840', 'GO_0046677'}"
b3316,"{'GO_0019843', 'GO_0015935', 'GO_0022627', 'GO_0005737', 'GO_0003735', 'GO_0003723', 'GO_0000049', 'GO_0002181', 'GO_0006412', 'GO_0005829', 'GO_1990904', 'GO_0005840'}"
b3317,"{'GO_0032297', 'GO_0019843', 'GO_0016740', 'GO_0005515', 'GO_0005737', 'GO_0003735', 'GO_0022625', 'GO_1990082', 'GO_0003723', 'GO_0015934', 'GO_0000027', 'GO_0008270', 'GO_0002181', 'GO_0006412', 'GO_0005829', 'GO_1990904', 'GO_0005840'}"
b3318,"{'GO_0019843', 'GO_0005515', 'GO_0005737', 'GO_0003735', 'GO_0022625', 'GO_0000027', 'GO_0002181', 'GO_0006412', 'GO_1990904', 'GO_0005840'}"
b3319,"{'GO_0006417', 'GO_0006353', 'GO_0002181', 'GO_0005829', 'GO_2000766', 'GO_0048027', 'GO_0030371', 'GO_0019843', 'GO_0005515', 'GO_0042255', 'GO_0003735', 'GO_0045892', 'GO_0060698', 'GO_0006412', 'GO_1990904', 'GO_0017148', 'GO_0003677', 'GO_0005737', 'GO_0001070', 'GO_0022625', 'GO_0005840', 'GO_0046677', 'GO_0015934', 'GO_0031555'}"
b3320,"{'GO_0019843', 'GO_0005515', 'GO_0005737', 'GO_0003735', 'GO_0022625', 'GO_0000027', 'GO_0002181', 'GO_0006412', 'GO_0005829', 'GO_1990904', 'GO_0005840'}"
b3321,"{'GO_1990904', 'GO_0022627', 'GO_0005515', 'GO_0005737', 'GO_0042254', 'GO_0003735', 'GO_0032784', 'GO_0003723', 'GO_0000049', 'GO_0031564', 'GO_0002181', 'GO_0001072', 'GO_0005829', 'GO_0006412', 'GO_0005840'}"
b3322,{'GO_0005886'}
b3323,"{'GO_0005886', 'GO_0005524', 'GO_0016887', 'GO_0005829'}"
b3324,"{'GO_0005886', 'GO_0015031', 'GO_0015628', 'GO_0015627'}"
b3325,"{'GO_0009279', 'GO_0015628', 'GO_0042802', 'GO_0019867', 'GO_0015031', 'GO_0015627'}"
b3326,"{'GO_0005886', 'GO_0008564', 'GO_0015628', 'GO_0005515', 'GO_0046872', 'GO_0015031', 'GO_0005524', 'GO_0016887', 'GO_0015627'}"
b3327,"{'GO_0005886', 'GO_0015628', 'GO_0016020', 'GO_0046872', 'GO_0015031', 'GO_0015627'}"
b3328,"{'GO_0005886', 'GO_0015031', 'GO_0015628', 'GO_0015627'}"
b3329,"{'GO_0005886', 'GO_0015628', 'GO_0005515', 'GO_0015031', 'GO_0015627'}"
b3330,"{'GO_0005886', 'GO_0015031', 'GO_0015628', 'GO_0015627'}"
b3331,"{'GO_0005886', 'GO_0015031', 'GO_0015628', 'GO_0015627'}"
b3332,"{'GO_0005886', 'GO_0015031', 'GO_0009306', 'GO_0016020'}"
b3333,"{'GO_0005886', 'GO_0015628', 'GO_0009276', 'GO_0015031', 'GO_0015627'}"
b3334,"{'GO_0005886', 'GO_0015031', 'GO_0015628', 'GO_0015627'}"
b3335,"{'GO_0005886', 'GO_0016020', 'GO_0004190', 'GO_0016740', 'GO_0008233', 'GO_0006508'}"
b3336,"{'GO_0140315', 'GO_0016020', 'GO_0042802', 'GO_0005506', 'GO_0005515', 'GO_0046872', 'GO_0016491', 'GO_0006826', 'GO_0015093', 'GO_0034755', 'GO_0004322', 'GO_0006879', 'GO_0042803', 'GO_0005829', 'GO_0020037', 'GO_0008199'}"
b3337,"{'GO_0005515', 'GO_0046872', 'GO_0051537'}"
b3338,"{'GO_0003796', 'GO_0008061', 'GO_0005576', 'GO_0004553', 'GO_0008843', 'GO_0005975', 'GO_0042597', 'GO_0030288', 'GO_0016798', 'GO_0030246', 'GO_0004568', 'GO_0000272', 'GO_0006032'}"
b3339,"{'GO_0005886', 'GO_0005525', 'GO_0032045', 'GO_0097216', 'GO_0005515', 'GO_0005737', 'GO_0006414', 'GO_0003723', 'GO_0006412', 'GO_0003746', 'GO_0003924', 'GO_0046677'}"
b3340,"{'GO_0005525', 'GO_0097216', 'GO_0005737', 'GO_0006414', 'GO_0006412', 'GO_0005829', 'GO_0003746', 'GO_0016787', 'GO_0003924'}"
b3341,"{'GO_0017148', 'GO_0016020', 'GO_0015935', 'GO_0019843', 'GO_0022627', 'GO_0005515', 'GO_0005737', 'GO_0003729', 'GO_0003735', 'GO_0003723', 'GO_0000028', 'GO_0000049', 'GO_0002181', 'GO_0006412', 'GO_0005829', 'GO_1990904', 'GO_0005840'}"
b3342,"{'GO_1990145', 'GO_0000372', 'GO_0019843', 'GO_0015935', 'GO_0022627', 'GO_0005515', 'GO_0005737', 'GO_0003735', 'GO_0034336', 'GO_0000049', 'GO_0002181', 'GO_0006412', 'GO_0005829', 'GO_1990904', 'GO_0005840', 'GO_0034337', 'GO_0033120', 'GO_0046677'}"
b3343,"{'GO_0005737', 'GO_0008033', 'GO_1990228', 'GO_0002143'}"
b3344,"{'GO_0005737', 'GO_0008033', 'GO_1990228', 'GO_0002143'}"
b3345,"{'GO_0016740', 'GO_0005737', 'GO_0002143', 'GO_0016783', 'GO_0097163', 'GO_0008033', 'GO_1990228'}"
b3346,{'GO_0005829'}
b3347,"{'GO_0044183', 'GO_0042597', 'GO_0030288', 'GO_0006457', 'GO_0042026', 'GO_0003755'}"
b3349,"{'GO_0051082', 'GO_0050821', 'GO_0009408', 'GO_0050897', 'GO_0005515', 'GO_0005737', 'GO_0046872', 'GO_0005507', 'GO_0008270', 'GO_0022417', 'GO_0042026', 'GO_0005829', 'GO_0003755', 'GO_0016151', 'GO_0051604'}"
b3350,"{'GO_0005886', 'GO_0071805', 'GO_1902600', 'GO_0015503', 'GO_0015297', 'GO_0051453', 'GO_1903103', 'GO_0006813'}"
b3351,"{'GO_0005886', 'GO_0003955', 'GO_0032414', 'GO_0016491', 'GO_0051453', 'GO_1903103', 'GO_0008753', 'GO_0006813', 'GO_0050136', 'GO_1901381'}"
b3352,"{'GO_0005515', 'GO_0005524', 'GO_0016887', 'GO_0005829'}"
b3353,"{'GO_0005886', 'GO_0052689', 'GO_0050526'}"
b3355,"{'GO_0016310', 'GO_0005975', 'GO_0008974', 'GO_0005524', 'GO_0016301'}"
b3357,"{'GO_0003700', 'GO_0042802', 'GO_0008301', 'GO_0003677', 'GO_0005515', 'GO_0003680', 'GO_0030552', 'GO_0032993', 'GO_0043565', 'GO_0045892', 'GO_0006351', 'GO_0045013', 'GO_0006355', 'GO_0005829', 'GO_0045893'}"
b3358,{'GO_0005886'}
b3359,"{'GO_0005737', 'GO_0009089', 'GO_0030170', 'GO_0009085', 'GO_0003992', 'GO_0008483', 'GO_0033359', 'GO_0042450', 'GO_0006525', 'GO_0009016', 'GO_0006526'}"
b3360,"{'GO_0006541', 'GO_0016740', 'GO_0046982', 'GO_0008153', 'GO_0009073', 'GO_0009356', 'GO_0046656', 'GO_0008652', 'GO_0046654', 'GO_0046820'}"
b3361,"{'GO_0051302', 'GO_0070733', 'GO_0005515', 'GO_0005524', 'GO_0016779'}"
b3362,{'GO_0005515'}
b3363,"{'GO_0042597', 'GO_0030288', 'GO_0006457', 'GO_0000413', 'GO_0003755'}"
b3364,"{'GO_0005886', 'GO_0055085', 'GO_0022857', 'GO_0072714'}"
b3365,"{'GO_0050660', 'GO_0051539', 'GO_0098809', 'GO_0005515', 'GO_0046872', 'GO_0016491', 'GO_0009344', 'GO_0050661', 'GO_0006116', 'GO_0006113', 'GO_0051537', 'GO_0106316', 'GO_0020037', 'GO_0042128', 'GO_0051536'}"
b3366,"{'GO_0005515', 'GO_0005737', 'GO_0016491', 'GO_0009344', 'GO_0051537', 'GO_0106316', 'GO_0042128'}"
b3367,"{'GO_0005886', 'GO_0016020', 'GO_0055085', 'GO_0015707', 'GO_0015113', 'GO_0022857', 'GO_0042128'}"
b3368,"{'GO_0051266', 'GO_0051287', 'GO_0006970', 'GO_0004325', 'GO_0016491', 'GO_0016829', 'GO_0009236', 'GO_0042803', 'GO_0006779', 'GO_0043115', 'GO_0032259', 'GO_0008168', 'GO_0004851', 'GO_0019354'}"
b3369,"{'GO_0005886', 'GO_0016020'}"
b3370,"{'GO_0005886', 'GO_0006865', 'GO_0016020', 'GO_1902475', 'GO_0055085', 'GO_1901281', 'GO_0022857'}"
b3371,"{'GO_1901135', 'GO_0042802', 'GO_0097367', 'GO_0016836', 'GO_0016787'}"
b3374,"{'GO_0016310', 'GO_0046835', 'GO_0005515', 'GO_0016772', 'GO_0005524', 'GO_0016301', 'GO_0019200'}"
b3375,"{'GO_0003700', 'GO_0005515', 'GO_0003677', 'GO_0006355'}"
b3376,"{'GO_0030170', 'GO_0003824', 'GO_0071266', 'GO_0006520', 'GO_0009058', 'GO_0016765'}"
b3377,{'GO_0005886'}
b3379,"{'GO_0046872', 'GO_0016788', 'GO_0008270', 'GO_0016787', 'GO_0009056'}"
b3380,"{'GO_0043094', 'GO_0005737', 'GO_0046872', 'GO_0008973', 'GO_0000287', 'GO_0009117'}"
b3382,{'GO_0006355'}
b3384,"{'GO_0006418', 'GO_0005737', 'GO_0006436', 'GO_0005524', 'GO_0004830', 'GO_0006412', 'GO_0005829', 'GO_0004812'}"
b3385,"{'GO_0005975', 'GO_0031404', 'GO_0003824', 'GO_0046295', 'GO_0046872', 'GO_0006281', 'GO_0000287', 'GO_0005829', 'GO_0016787', 'GO_0008967'}"
b3386,"{'GO_0005975', 'GO_0005515', 'GO_0009052', 'GO_0008198', 'GO_0046872', 'GO_0006098', 'GO_0019323', 'GO_0004750', 'GO_0005829', 'GO_0016853'}"
b3387,"{'GO_0009411', 'GO_0006260', 'GO_1902328', 'GO_0003677', 'GO_0009307', 'GO_0005515', 'GO_1904047', 'GO_0006261', 'GO_0043565', 'GO_0003676', 'GO_0032259', 'GO_0008168', 'GO_0009007', 'GO_0006298'}"
b3388,"{'GO_0005886', 'GO_0008047', 'GO_0030428', 'GO_0005515', 'GO_0051301', 'GO_0042834', 'GO_0032506', 'GO_0032153'}"
b3389,"{'GO_0005515', 'GO_0005737', 'GO_0046872', 'GO_0000166', 'GO_0016829', 'GO_0009423', 'GO_0009073', 'GO_0008270', 'GO_0003856', 'GO_0008652', 'GO_0070403'}"
b3390,"{'GO_0016310', 'GO_0005737', 'GO_0004765', 'GO_0046872', 'GO_0005524', 'GO_0009423', 'GO_0019752', 'GO_0009073', 'GO_0000287', 'GO_0005829', 'GO_0016301', 'GO_0008652', 'GO_0046677'}"
b3391,"{'GO_0003677', 'GO_0015976', 'GO_0019867', 'GO_0009306', 'GO_0009279', 'GO_0006308'}"
b3392,"{'GO_0015976', 'GO_0006308'}"
b3393,"{'GO_0005886', 'GO_0015976', 'GO_0006308'}"
b3394,"{'GO_0005886', 'GO_0015976', 'GO_0006308'}"
b3395,"{'GO_0015976', 'GO_0006308'}"
b3396,"{'GO_0005886', 'GO_0016757', 'GO_0008360', 'GO_0009002', 'GO_0005515', 'GO_0008658', 'GO_0004180', 'GO_0006508', 'GO_0009252', 'GO_0004185', 'GO_0008955', 'GO_0071555', 'GO_0046677'}"
b3397,"{'GO_0046872', 'GO_0019144', 'GO_0000287', 'GO_0042803', 'GO_0005829', 'GO_0016787', 'GO_0047631'}"
b3398,"{'GO_0005886', 'GO_0016020', 'GO_0070297', 'GO_0000156', 'GO_0036460', 'GO_0000160'}"
b3399,"{'GO_0106411', 'GO_0050483', 'GO_0008477', 'GO_0003824', 'GO_0008253', 'GO_0046872', 'GO_0030145', 'GO_0000287', 'GO_0016787', 'GO_0050484'}"
b3400,"{'GO_0043023', 'GO_0009408', 'GO_0003677', 'GO_0003727', 'GO_0005515', 'GO_0034605', 'GO_0003723', 'GO_0005829'}"
b3401,"{'GO_0051082', 'GO_0044183', 'GO_0009408', 'GO_0042802', 'GO_0006979', 'GO_0005515', 'GO_0005737', 'GO_0006457', 'GO_0008270', 'GO_0036506', 'GO_0042026', 'GO_0005829'}"
b3402,{'GO_0005886'}
b3403,"{'GO_0016831', 'GO_0005737', 'GO_0046872', 'GO_0005509', 'GO_0005524', 'GO_0004612', 'GO_0000287', 'GO_0005829', 'GO_0006094'}"
b3404,"{'GO_0000155', 'GO_0005886', 'GO_0046777', 'GO_0006970', 'GO_0016020', 'GO_0016310', 'GO_0042802', 'GO_0005515', 'GO_0030288', 'GO_0004721', 'GO_0005524', 'GO_0004673', 'GO_0042803', 'GO_0005829', 'GO_0016301', 'GO_0000160', 'GO_0007165', 'GO_0018106'}"
b3405,"{'GO_0003677', 'GO_0005515', 'GO_0005737', 'GO_0000156', 'GO_0000976', 'GO_0006355', 'GO_0045893', 'GO_0000160'}"
b3406,"{'GO_0003711', 'GO_0003677', 'GO_0070063', 'GO_0032784', 'GO_0006352'}"
b3407,"{'GO_0010212', 'GO_0003729', 'GO_0003723', 'GO_0000049', 'GO_0003676', 'GO_0005829', 'GO_0006139'}"
b3408,"{'GO_0005737', 'GO_0046914', 'GO_0006974', 'GO_0006826'}"
b3409,"{'GO_0005886', 'GO_0005525', 'GO_0098711', 'GO_0016020', 'GO_0042802', 'GO_0006826', 'GO_0015093', 'GO_0006974'}"
b3410,"{'GO_0005506', 'GO_0003677', 'GO_0051539', 'GO_0046872', 'GO_0033212', 'GO_0051536'}"
b3411,"{'GO_1990238', 'GO_0016888', 'GO_0004519', 'GO_0006310'}"
b3412,"{'GO_0090499', 'GO_0009102', 'GO_0005515', 'GO_0005737', 'GO_0106435', 'GO_0052689'}"
b3413,"{'GO_0015976', 'GO_0006308'}"
b3414,"{'GO_0140132', 'GO_0005506', 'GO_0006979', 'GO_0005515', 'GO_0015976', 'GO_0016226', 'GO_0046872', 'GO_0051539', 'GO_0097428', 'GO_0042803', 'GO_0106035', 'GO_0005829', 'GO_0010106', 'GO_0051604'}"
b3415,"{'GO_0005886', 'GO_0016020', 'GO_0015128', 'GO_0019521', 'GO_0035429', 'GO_0046177'}"
b3416,"{'GO_0004134', 'GO_0016757', 'GO_0005975', 'GO_0005737', 'GO_0005978', 'GO_0005980', 'GO_0000025', 'GO_0005829'}"
b3417,"{'GO_0008184', 'GO_0016757', 'GO_0005975', 'GO_0005737', 'GO_0030170', 'GO_0005980', 'GO_0030980', 'GO_0031220', 'GO_0004645', 'GO_0042803', 'GO_0005829'}"
b3418,"{'GO_0003700', 'GO_0048031', 'GO_0042802', 'GO_0003677', 'GO_0005515', 'GO_0005524', 'GO_0045913', 'GO_0006355', 'GO_0045893'}"
b3421,"{'GO_0005525', 'GO_0016874', 'GO_0046872', 'GO_0006396', 'GO_0006281', 'GO_0030145', 'GO_0042245', 'GO_0003909', 'GO_0170057', 'GO_0006974'}"
b3422,"{'GO_0003700', 'GO_0003677', 'GO_0005524', 'GO_0016887', 'GO_0006355', 'GO_0045893', 'GO_0000160'}"
b3424,"{'GO_0005886', 'GO_0016020', 'GO_0042802', 'GO_0004252', 'GO_0008236', 'GO_0006508', 'GO_0004175'}"
b3425,"{'GO_0016740', 'GO_0005737', 'GO_0006071', 'GO_0004792', 'GO_0006791'}"
b3426,"{'GO_0005886', 'GO_0019637', 'GO_0005515', 'GO_0005737', 'GO_0009055', 'GO_0016491', 'GO_0006072', 'GO_0006071', 'GO_0009331', 'GO_0046168', 'GO_0071949', 'GO_0042803', 'GO_0006796', 'GO_0004368', 'GO_0019563', 'GO_0009060', 'GO_0009061'}"
b3428,"{'GO_0008184', 'GO_0016757', 'GO_0005977', 'GO_0005975', 'GO_0005515', 'GO_0030170', 'GO_0005980', 'GO_0004645', 'GO_0042803'}"
b3429,"{'GO_0016757', 'GO_0005978', 'GO_0009011', 'GO_0005829', 'GO_0006974', 'GO_0004373'}"
b3430,"{'GO_0042802', 'GO_0051289', 'GO_0005524', 'GO_0005978', 'GO_0016779', 'GO_0000287', 'GO_0016208', 'GO_0010170', 'GO_0008878'}"
b3431,"{'GO_0004553', 'GO_0005977', 'GO_0004133', 'GO_0016798', 'GO_0005980', 'GO_0004135', 'GO_0006974'}"
b3433,"{'GO_0051287', 'GO_0009089', 'GO_0009097', 'GO_0016491', 'GO_0050661', 'GO_0004073', 'GO_0071266', 'GO_0009085', 'GO_0009090', 'GO_0009088', 'GO_0005829', 'GO_0009086', 'GO_0046983', 'GO_0006974', 'GO_0019877'}"
b3434,"{'GO_0005886', 'GO_0016020'}"
b3437,"{'GO_0016310', 'GO_0005975', 'GO_0005524', 'GO_0042803', 'GO_0046316', 'GO_0016301', 'GO_0046177'}"
b3438,"{'GO_0003677', 'GO_0045892', 'GO_0006355', 'GO_0005829', 'GO_0045893', 'GO_0006974', 'GO_0046177'}"
b3440,"{'GO_0016491', 'GO_0000166', 'GO_0005829'}"
b3441,"{'GO_0050176', 'GO_0016746', 'GO_0103045', 'GO_0008080', 'GO_0016747'}"
b3444,"{'GO_0032196', 'GO_0006310', 'GO_0006313'}"
b3445,"{'GO_0006310', 'GO_0003677', 'GO_0004803', 'GO_0032196', 'GO_0006313'}"
b3447,"{'GO_0042597', 'GO_0016746', 'GO_0030288', 'GO_0034722', 'GO_0006751', 'GO_0097264', 'GO_0036374', 'GO_0008233', 'GO_0006508', 'GO_0103068', 'GO_0006750', 'GO_0006749', 'GO_0043102'}"
b3448,{'GO_0005515'}
b3450,"{'GO_0001407', 'GO_0005886', 'GO_0015169', 'GO_0016020', 'GO_0015794', 'GO_0032991', 'GO_0055052', 'GO_0140359', 'GO_1902517', 'GO_0043190', 'GO_0005524', 'GO_0016887', 'GO_0015430', 'GO_0008643', 'GO_0001406'}"
b3451,"{'GO_0005886', 'GO_0015169', 'GO_0016020', 'GO_0015794', 'GO_0055052', 'GO_1902517', 'GO_0055085'}"
b3452,"{'GO_0001407', 'GO_0005886', 'GO_0015169', 'GO_0016020', 'GO_0015794', 'GO_0055052', 'GO_1902517', 'GO_0055085', 'GO_0001406'}"
b3453,"{'GO_0001407', 'GO_0016020', 'GO_0042597', 'GO_0015794', 'GO_0030288', 'GO_1902517', 'GO_0055085'}"
b3454,"{'GO_0006865', 'GO_0016020', 'GO_0015190', 'GO_0055052', 'GO_0015658', 'GO_0015188', 'GO_0005524', 'GO_0016887', 'GO_0005304', 'GO_1903785', 'GO_0015803', 'GO_0015823', 'GO_1903714'}"
b3455,"{'GO_0006865', 'GO_0016020', 'GO_0015190', 'GO_0055052', 'GO_0015192', 'GO_0015658', 'GO_0015188', 'GO_0005524', 'GO_0016887', 'GO_0005304', 'GO_1903785', 'GO_0015803', 'GO_0015823', 'GO_1903714'}"
b3456,"{'GO_0005886', 'GO_0006865', 'GO_0016020', 'GO_0015190', 'GO_0055052', 'GO_0015192', 'GO_0015658', 'GO_0015188', 'GO_0055085', 'GO_0005304', 'GO_1903785', 'GO_0015803', 'GO_0015823', 'GO_1903714'}"
b3457,"{'GO_0005886', 'GO_0006865', 'GO_0016020', 'GO_0015190', 'GO_0055052', 'GO_0015192', 'GO_0015658', 'GO_0015188', 'GO_0055085', 'GO_0005304', 'GO_0022857', 'GO_0015803', 'GO_0015823', 'GO_1903785', 'GO_1903714', 'GO_1903801'}"
b3458,"{'GO_0015820', 'GO_0006865', 'GO_0016020', 'GO_0042597', 'GO_0055052', 'GO_0030288', 'GO_0070728', 'GO_0015803', 'GO_0015823'}"
b3459,"{'GO_0005515', 'GO_0031638', 'GO_0016485', 'GO_0015940', 'GO_1905502', 'GO_0016747'}"
b3460,"{'GO_0015820', 'GO_0006865', 'GO_0016020', 'GO_0042597', 'GO_0055052', 'GO_0030288', 'GO_0015818', 'GO_0015829', 'GO_0015803'}"
b3461,"{'GO_0009408', 'GO_0009009', 'GO_0001046', 'GO_0010468', 'GO_0015074', 'GO_0006355', 'GO_0005829', 'GO_0006310', 'GO_0005515', 'GO_0001216', 'GO_0031421', 'GO_0003677', 'GO_0005737', 'GO_0006351', 'GO_0016987', 'GO_0045893', 'GO_0000345', 'GO_0006352', 'GO_0005886', 'GO_0001000', 'GO_2000142'}"
b3462,"{'GO_0005886', 'GO_0043093', 'GO_0016020', 'GO_0009276', 'GO_0005515', 'GO_0009254', 'GO_0051301', 'GO_0051781', 'GO_1990586', 'GO_0032153', 'GO_0000917', 'GO_0000935', 'GO_1904949', 'GO_0098797'}"
b3463,"{'GO_0005886', 'GO_0019898', 'GO_0043093', 'GO_0005515', 'GO_0005737', 'GO_0009254', 'GO_0051301', 'GO_0051781', 'GO_0005524', 'GO_0016887', 'GO_1990586', 'GO_0032153', 'GO_0000917', 'GO_0000935', 'GO_1904949', 'GO_0098797', 'GO_0046677'}"
b3464,"{'GO_0005886', 'GO_0005525', 'GO_0006612', 'GO_0016020', 'GO_0005515', 'GO_0005737', 'GO_0006614', 'GO_0016887', 'GO_0009898', 'GO_0042803', 'GO_0015968', 'GO_0005829', 'GO_0016787', 'GO_0003924'}"
b3465,"{'GO_0006364', 'GO_0005515', 'GO_0052913', 'GO_0070475', 'GO_0031167', 'GO_0003676', 'GO_0032259', 'GO_0008168'}"
b3466,{'GO_0005886'}
b3467,{'GO_0005886'}
b3468,"{'GO_0005886', 'GO_0016020'}"
b3469,"{'GO_0010312', 'GO_0006812', 'GO_0010043', 'GO_0005524', 'GO_0015094', 'GO_0070574', 'GO_0046686', 'GO_0015662', 'GO_0006882', 'GO_0046872', 'GO_0006829', 'GO_0005886', 'GO_0016020', 'GO_0019829', 'GO_0016887', 'GO_0008551', 'GO_0010288', 'GO_0071577', 'GO_0016463', 'GO_0015692'}"
b3470,"{'GO_1990329', 'GO_0005515', 'GO_0005737', 'GO_0019448', 'GO_0006400', 'GO_0002143', 'GO_0097163', 'GO_0006777', 'GO_0005829', 'GO_0008033'}"
b3471,"{'GO_0005886', 'GO_0055085', 'GO_1990397', 'GO_0022857', 'GO_0072531'}"
b3472,"{'GO_0005886', 'GO_0042597'}"
b3473,"{'GO_0005886', 'GO_0055085', 'GO_0016020', 'GO_0022857'}"
b3474,{'GO_0005886'}
b3475,"{'GO_0008897', 'GO_0006633', 'GO_0000287', 'GO_0016740'}"
b3476,"{'GO_0051540', 'GO_0015675', 'GO_0016020', 'GO_0042597', 'GO_0098716', 'GO_0005515', 'GO_0030288', 'GO_0055052', 'GO_0043190', 'GO_0050919', 'GO_0055085', 'GO_0020037', 'GO_0016151', 'GO_0046914'}"
b3477,"{'GO_0005886', 'GO_0015675', 'GO_0016020', 'GO_0098716', 'GO_0055052', 'GO_0035444', 'GO_0035442', 'GO_0016151', 'GO_0015099'}"
b3478,"{'GO_0005886', 'GO_0015675', 'GO_0016020', 'GO_0098716', 'GO_0055052', 'GO_0055085', 'GO_0035442', 'GO_0016151', 'GO_0015099'}"
b3479,"{'GO_0005886', 'GO_0015413', 'GO_0015675', 'GO_0016020', 'GO_0098716', 'GO_0055052', 'GO_0005524', 'GO_0016887', 'GO_0016151'}"
b3480,"{'GO_0005886', 'GO_0015413', 'GO_0015675', 'GO_0016020', 'GO_0098716', 'GO_0055052', 'GO_0005524', 'GO_0016887', 'GO_0016151', 'GO_0006974'}"
b3481,"{'GO_0003700', 'GO_2000143', 'GO_0001217', 'GO_0005667', 'GO_0003677', 'GO_0042802', 'GO_0001046', 'GO_0005515', 'GO_0046872', 'GO_0032993', 'GO_0000976', 'GO_0006355', 'GO_0043565', 'GO_0016151', 'GO_0010045'}"
b3483,{'GO_0005886'}
b3484,"{'GO_0004803', 'GO_0003677', 'GO_0006313'}"
b3485,"{'GO_0005886', 'GO_0016020', 'GO_0055085', 'GO_0140359'}"
b3486,"{'GO_0005886', 'GO_0060187', 'GO_0016020', 'GO_0022627', 'GO_0005515', 'GO_0045727', 'GO_0005524', 'GO_0016887', 'GO_0055085', 'GO_0043024', 'GO_0016787', 'GO_0140359'}"
b3487,{'GO_0005886'}
b3488,{'GO_0019310'}
b3491,"{'GO_0005886', 'GO_0071468', 'GO_0001659'}"
b3492,{'GO_0005829'}
b3493,"{'GO_0005886', 'GO_1901684', 'GO_1902600', 'GO_0016020', 'GO_0015293', 'GO_0005515', 'GO_0015710', 'GO_0006817', 'GO_1901683', 'GO_0006829', 'GO_0010960', 'GO_0005315', 'GO_0015295', 'GO_0071577', 'GO_0015654', 'GO_0035435', 'GO_0005385'}"
b3494,"{'GO_0005886', 'GO_0006974', 'GO_0045471', 'GO_0000725'}"
b3495,"{'GO_0005737', 'GO_0042803', 'GO_0016020', 'GO_0042802'}"
b3496,"{'GO_0005886', 'GO_1902600', 'GO_0042937', 'GO_0016020', 'GO_0006857', 'GO_0015031', 'GO_0035442', 'GO_0042939', 'GO_0055085', 'GO_0071916', 'GO_0015333', 'GO_1904680', 'GO_0015833', 'GO_0015078', 'GO_0035443', 'GO_0042938'}"
b3497,"{'GO_0008990', 'GO_0036308', 'GO_0006364', 'GO_0005737', 'GO_0070475', 'GO_0031167', 'GO_0032259', 'GO_0008168'}"
b3498,"{'GO_0006260', 'GO_0005737', 'GO_0008237', 'GO_0046872', 'GO_0004222', 'GO_0008233', 'GO_0006508', 'GO_0005829', 'GO_0006465'}"
b3499,"{'GO_0006364', 'GO_0005515', 'GO_0015976', 'GO_0003723', 'GO_0070475', 'GO_0008988', 'GO_0003676', 'GO_0008649', 'GO_0005829', 'GO_0008168', 'GO_0036307', 'GO_0032259'}"
b3500,"{'GO_0050660', 'GO_0016020', 'GO_0045454', 'GO_0005737', 'GO_0016491', 'GO_0004362', 'GO_0050661', 'GO_0071949', 'GO_0098869', 'GO_0006749'}"
b3501,"{'GO_0003700', 'GO_0003677', 'GO_0006351', 'GO_0006355', 'GO_0046685'}"
b3502,"{'GO_0005886', 'GO_0008490', 'GO_0016020', 'GO_0015699', 'GO_0015700', 'GO_0015105', 'GO_0042960', 'GO_0046685'}"
b3503,"{'GO_0046685', 'GO_0016491', 'GO_0006974', 'GO_0008794'}"
b3505,"{'GO_0006310', 'GO_0003677', 'GO_0004803', 'GO_0032196', 'GO_0006313'}"
b3506,"{'GO_0019867', 'GO_0042802', 'GO_0009279'}"
b3507,"{'GO_0005515', 'GO_1990451', 'GO_0003677', 'GO_0006355'}"
b3508,"{'GO_0005886', 'GO_0016020'}"
b3509,"{'GO_0051082', 'GO_0042597', 'GO_0009268', 'GO_0030288', 'GO_0010447', 'GO_1990451'}"
b3510,"{'GO_0051082', 'GO_0044183', 'GO_0042597', 'GO_0042802', 'GO_0030288', 'GO_0042803', 'GO_0071468', 'GO_1990451', 'GO_0061077'}"
b3511,"{'GO_0005886', 'GO_0009268'}"
b3512,"{'GO_1990451', 'GO_0005667', 'GO_0003677', 'GO_0006355'}"
b3513,"{'GO_0005886', 'GO_0042908', 'GO_0016020', 'GO_0042802', 'GO_0055085', 'GO_0009636', 'GO_0015125', 'GO_0022857', 'GO_0015721', 'GO_0046677'}"
b3514,"{'GO_0005886', 'GO_0042908', 'GO_0015562', 'GO_0016020', 'GO_0042802', 'GO_0055085', 'GO_0006855', 'GO_0009636', 'GO_0015125', 'GO_0015721', 'GO_0046677', 'GO_0042910'}"
b3515,"{'GO_0003700', 'GO_0003677', 'GO_0006351', 'GO_0006355', 'GO_0043565', 'GO_0006974'}"
b3516,"{'GO_0003700', 'GO_0003677', 'GO_0001216', 'GO_0006351', 'GO_0042803', 'GO_0006355', 'GO_0043565', 'GO_0045893', 'GO_0000987', 'GO_0006974'}"
b3517,"{'GO_0016831', 'GO_0016020', 'GO_0005515', 'GO_0030170', 'GO_0006536', 'GO_0004351', 'GO_0005829', 'GO_0051454'}"
b3518,"{'GO_0005886', 'GO_0042542', 'GO_0046872', 'GO_0016491', 'GO_0009055', 'GO_0042743', 'GO_0019645', 'GO_0004130', 'GO_0098869', 'GO_0004601', 'GO_0020037'}"
b3519,"{'GO_0071474', 'GO_0005737', 'GO_0016798', 'GO_0005993', 'GO_0004555'}"
b3520,"{'GO_0005515', 'GO_0003677', 'GO_0006355'}"
b3521,"{'GO_0003700', 'GO_0003677', 'GO_0006355'}"
b3522,"{'GO_0005886', 'GO_0015920'}"
b3523,"{'GO_0005886', 'GO_0055085', 'GO_0016020', 'GO_0022857'}"
b3524,{'GO_0005886'}
b3525,"{'GO_0071111', 'GO_0016787', 'GO_0000166', 'GO_1902021'}"
b3526,"{'GO_0019698', 'GO_0016310', 'GO_0046835', 'GO_0016772', 'GO_0005524', 'GO_0008673', 'GO_0005829', 'GO_0042840', 'GO_0016301', 'GO_0006974'}"
b3527,"{'GO_0042597', 'GO_0042542', 'GO_0008237', 'GO_0046872', 'GO_0006508'}"
b3528,"{'GO_0005886', 'GO_0015366', 'GO_0016020', 'GO_0015141', 'GO_0006835', 'GO_0015293', 'GO_0005515', 'GO_0070778', 'GO_0015138', 'GO_0015183', 'GO_0015741', 'GO_0071423', 'GO_0046942', 'GO_0006974', 'GO_0071422'}"
b3529,"{'GO_0005886', 'GO_0016020', 'GO_0042802', 'GO_0005515', 'GO_0071111', 'GO_0016787', 'GO_0007165'}"
b3530,"{'GO_0019867', 'GO_0030244', 'GO_0009279'}"
b3531,"{'GO_0005576', 'GO_0004553', 'GO_0005975', 'GO_0016798', 'GO_0008810', 'GO_0030245'}"
b3532,"{'GO_0005886', 'GO_0030244', 'GO_0016020', 'GO_0006011'}"
b3533,"{'GO_0005886', 'GO_0016757', 'GO_0016020', 'GO_0090540', 'GO_0016759', 'GO_0030244', 'GO_0016760', 'GO_0035438', 'GO_0006011'}"
b3534,{'GO_0005524'}
b3535,"{'GO_0090540', 'GO_0030244'}"
b3536,"{'GO_0035438', 'GO_0030244', 'GO_0000166'}"
b3537,"{'GO_0005886', 'GO_0030244'}"
b3538,"{'GO_0005886', 'GO_0030244'}"
b3539,"{'GO_0005886', 'GO_0009314', 'GO_0003333'}"
b3540,"{'GO_0005886', 'GO_0016020', 'GO_0055052', 'GO_0015031', 'GO_0005524', 'GO_0016887', 'GO_0071916', 'GO_0009314', 'GO_0035351', 'GO_0035442', 'GO_0015833', 'GO_0015232', 'GO_0042938'}"
b3541,"{'GO_0005886', 'GO_0016020', 'GO_0051539', 'GO_0005515', 'GO_0055052', 'GO_0015031', 'GO_0005524', 'GO_0016887', 'GO_0071916', 'GO_0035351', 'GO_0035442', 'GO_0015833', 'GO_0015232', 'GO_0042938'}"
b3542,"{'GO_0005886', 'GO_0016020', 'GO_0055052', 'GO_0015031', 'GO_0055085', 'GO_0071916', 'GO_0035351', 'GO_0035442', 'GO_0015833', 'GO_0042938'}"
b3543,"{'GO_0005886', 'GO_0016020', 'GO_0055052', 'GO_0015031', 'GO_0055085', 'GO_0071916', 'GO_0035351', 'GO_0035442', 'GO_0015833', 'GO_0042938'}"
b3544,"{'GO_0042277', 'GO_0016020', 'GO_0042597', 'GO_0015886', 'GO_0061077', 'GO_0006935', 'GO_0030288', 'GO_0015031', 'GO_0055052', 'GO_0043190', 'GO_0055085', 'GO_0071916', 'GO_0035351', 'GO_0035442', 'GO_0020037', 'GO_0015833', 'GO_0050918', 'GO_0042938'}"
b3546,"{'GO_0005886', 'GO_0016020', 'GO_0016740', 'GO_0016772', 'GO_0043838', 'GO_0009245', 'GO_0009103'}"
b3547,"{'GO_0005886', 'GO_0016020', 'GO_0031669', 'GO_0005515', 'GO_0055085', 'GO_0022857'}"
b3548,{'GO_0019867'}
b3549,"{'GO_0005515', 'GO_0046872', 'GO_0016787', 'GO_0006281', 'GO_0006284', 'GO_0008725', 'GO_0006307'}"
b3550,"{'GO_0016746', 'GO_0061733', 'GO_0016747'}"
b3551,"{'GO_0043546', 'GO_0030151', 'GO_0046872', 'GO_0016491', 'GO_0033744'}"
b3552,"{'GO_0005886', 'GO_0019867', 'GO_0009279'}"
b3553,"{'GO_0005886', 'GO_0046181', 'GO_0051287', 'GO_0008873', 'GO_0030267', 'GO_0016616', 'GO_0005515', 'GO_0005737', 'GO_0016491', 'GO_0016618', 'GO_0008465', 'GO_0120509', 'GO_0019521', 'GO_0005829'}"
b3554,{'GO_0044403'}
b3555,{'GO_0003677'}
b3556,"{'GO_0003697', 'GO_0003677', 'GO_0005737', 'GO_0005829', 'GO_0003723', 'GO_0060567', 'GO_0031564', 'GO_0003676', 'GO_0001072', 'GO_0003727', 'GO_0045893', 'GO_0009409'}"
b3557,{'GO_0043565'}
b3558,"{'GO_0006310', 'GO_0003677', 'GO_0015074', 'GO_0003676', 'GO_0032196', 'GO_0006974'}"
b3559,"{'GO_0006420', 'GO_0005515', 'GO_0004812', 'GO_0005737', 'GO_0005524', 'GO_0004814', 'GO_0000049', 'GO_0006426', 'GO_0009345', 'GO_0006412', 'GO_0005829', 'GO_0004820'}"
b3560,"{'GO_0005515', 'GO_0005737', 'GO_0004812', 'GO_0005524', 'GO_0006426', 'GO_0009345', 'GO_0006412', 'GO_0005829', 'GO_0004820'}"
b3561,"{'GO_0005886', 'GO_0016407', 'GO_0016746', 'GO_0016413', 'GO_0009246'}"
b3562,"{'GO_0005886', 'GO_0006974'}"
b3563,{'GO_0005886'}
b3564,"{'GO_0016310', 'GO_0042843', 'GO_0046835', 'GO_0042732', 'GO_0005524', 'GO_0005997', 'GO_0004856', 'GO_0005998', 'GO_0042803', 'GO_0103020', 'GO_0016301'}"
b3565,"{'GO_0042843', 'GO_0009045', 'GO_0005975', 'GO_0005737', 'GO_0042732', 'GO_0046872', 'GO_0000287', 'GO_0042803', 'GO_0016853'}"
b3566,"{'GO_0016020', 'GO_0042597', 'GO_0055052', 'GO_0030288', 'GO_0042732', 'GO_0048029', 'GO_0015753', 'GO_0015752'}"
b3567,"{'GO_0005886', 'GO_0016020', 'GO_0015614', 'GO_0055052', 'GO_0042732', 'GO_0005524', 'GO_0016887', 'GO_0015148', 'GO_0015753', 'GO_0015752'}"
b3568,"{'GO_0005886', 'GO_0016020', 'GO_0055052', 'GO_0042732', 'GO_0043190', 'GO_0055085', 'GO_0022857', 'GO_0015753', 'GO_0015752'}"
b3569,"{'GO_0003700', 'GO_0043565', 'GO_0003677', 'GO_0006355'}"
b3570,"{'GO_0004040', 'GO_0005524'}"
b3571,"{'GO_0042597', 'GO_0030288', 'GO_0016798', 'GO_0046872', 'GO_0005509', 'GO_0030980', 'GO_0009313', 'GO_0004556'}"
b3572,"{'GO_0042852', 'GO_0005737', 'GO_0009042', 'GO_0030170', 'GO_0030632', 'GO_0008483', 'GO_0009058', 'GO_0005829', 'GO_0009099'}"
b3573,"{'GO_0005515', 'GO_0046872', 'GO_0009055', 'GO_0051539'}"
b3574,"{'GO_0045892', 'GO_0003677', 'GO_0006355'}"
b3576,{'GO_0009314'}
b3580,"{'GO_0016310', 'GO_0046835', 'GO_0005975', 'GO_0016773', 'GO_0008744', 'GO_0005524', 'GO_0019324', 'GO_0042803', 'GO_0016301'}"
b3581,"{'GO_0016831', 'GO_0033982', 'GO_0004590', 'GO_0005515', 'GO_0046872', 'GO_0006207', 'GO_0016052'}"
b3582,"{'GO_0003677', 'GO_0005975', 'GO_0016861', 'GO_0034015', 'GO_0019324', 'GO_0006281', 'GO_0008270', 'GO_0016853'}"
b3583,"{'GO_0003824', 'GO_0005996', 'GO_0046872', 'GO_0008742', 'GO_0019324', 'GO_0019323', 'GO_0008270', 'GO_0016853', 'GO_0019572'}"
b3584,{'GO_0009279'}
b3585,"{'GO_0003700', 'GO_0003677', 'GO_0006355'}"
b3586,"{'GO_0005886', 'GO_0055085'}"
b3587,{'GO_0005886'}
b3588,"{'GO_0045471', 'GO_0016491', 'GO_0016620', 'GO_0033721', 'GO_0004029', 'GO_0006974'}"
b3589,"{'GO_0016616', 'GO_0008743', 'GO_0046872', 'GO_0016491', 'GO_0004022'}"
b3590,"{'GO_0005525', 'GO_0001514', 'GO_0016259', 'GO_0005515', 'GO_0005737', 'GO_0019003', 'GO_0003723', 'GO_0035368', 'GO_0000049', 'GO_0043168', 'GO_0006412', 'GO_0003746', 'GO_0032561', 'GO_0003924'}"
b3591,"{'GO_0004125', 'GO_0042802', 'GO_0001514', 'GO_0016740', 'GO_0005515', 'GO_0003824', 'GO_0005737', 'GO_0016260', 'GO_0030170', 'GO_0006412', 'GO_0005829', 'GO_0001717'}"
b3592,{'GO_0005829'}
b3594,"{'GO_0009314', 'GO_0046677', 'GO_0006974'}"
b3597,"{'GO_0005886', 'GO_0006974'}"
b3598,{'GO_0005886'}
b3599,"{'GO_0015795', 'GO_0015797', 'GO_0005886', 'GO_0009401', 'GO_0016020', 'GO_0016310', 'GO_0005515', 'GO_0090565', 'GO_0022872', 'GO_0016301'}"
b3600,"{'GO_0016616', 'GO_0016491', 'GO_0008926', 'GO_0019592', 'GO_0005829', 'GO_0019594'}"
b3601,"{'GO_0005515', 'GO_0045892'}"
b3602,"{'GO_0005737', 'GO_0005829'}"
b3603,"{'GO_0005886', 'GO_1902600', 'GO_0015293', 'GO_0015129', 'GO_0043879', 'GO_0015727', 'GO_0015295', 'GO_0097339', 'GO_0035873', 'GO_0006974'}"
b3604,"{'GO_0003700', 'GO_0001217', 'GO_0044010', 'GO_0003677', 'GO_0001216', 'GO_0006355', 'GO_2000144', 'GO_2000143', 'GO_0000987', 'GO_0006974'}"
b3605,"{'GO_0005886', 'GO_0042355', 'GO_0016491', 'GO_0016614', 'GO_0004459', 'GO_0004457', 'GO_0010181', 'GO_0009060', 'GO_0006089'}"
b3606,"{'GO_0008175', 'GO_0001510', 'GO_0002132', 'GO_0005737', 'GO_0008757', 'GO_0006396', 'GO_0141102', 'GO_0003723', 'GO_0030488', 'GO_0042803', 'GO_0141098', 'GO_0032259', 'GO_0008168', 'GO_0008033', 'GO_0002131', 'GO_0008173'}"
b3607,"{'GO_0006535', 'GO_0010165', 'GO_0005515', 'GO_0005737', 'GO_0016746', 'GO_0009333', 'GO_0005829', 'GO_0009001', 'GO_0016747', 'GO_0019344'}"
b3608,"{'GO_0047952', 'GO_0051287', 'GO_0006650', 'GO_0005975', 'GO_0005737', 'GO_0016616', 'GO_0016491', 'GO_0008654', 'GO_0046168', 'GO_0042803', 'GO_0005829', 'GO_0046474', 'GO_0046167'}"
b3609,"{'GO_0051082', 'GO_0006605', 'GO_0005515', 'GO_0005737', 'GO_0015031', 'GO_0051262', 'GO_0043952', 'GO_0006457', 'GO_0036506', 'GO_0008104', 'GO_0005829', 'GO_0070678'}"
b3610,"{'GO_0015035', 'GO_0045454', 'GO_0009263', 'GO_0043295', 'GO_0005829'}"
b3611,"{'GO_0005886', 'GO_0005829'}"
b3613,"{'GO_0005886', 'GO_0042597', 'GO_0005515', 'GO_0000920', 'GO_0030288', 'GO_0051301', 'GO_0016787', 'GO_0009314', 'GO_0032153', 'GO_0009273', 'GO_0009410'}"
b3614,{'GO_0005975'}
b3615,"{'GO_0016757', 'GO_0016036', 'GO_0016020', 'GO_0015020'}"
b3616,"{'GO_0019518', 'GO_0008743', 'GO_0005737', 'GO_0016616', 'GO_0008198', 'GO_0016491', 'GO_0046872', 'GO_0030145', 'GO_0008270', 'GO_0006564', 'GO_0005829', 'GO_0006567', 'GO_0046870'}"
b3617,"{'GO_0016874', 'GO_0019518', 'GO_0005737', 'GO_0003824', 'GO_0016746', 'GO_0030170', 'GO_0005829', 'GO_0046872', 'GO_0009058', 'GO_0008890', 'GO_0006567'}"
b3619,"{'GO_0008712', 'GO_0016020', 'GO_0005975', 'GO_0005515', 'GO_0050661', 'GO_0009244', 'GO_0070401', 'GO_0005829', 'GO_0097171', 'GO_0016853', 'GO_0009103'}"
b3620,"{'GO_0008713', 'GO_0016757', 'GO_0009244', 'GO_0005829', 'GO_0009103'}"
b3621,"{'GO_0005886', 'GO_0016757', 'GO_0005515', 'GO_0009244', 'GO_0008920', 'GO_0009103'}"
b3622,"{'GO_0005886', 'GO_0016757', 'GO_0009244', 'GO_0009103'}"
b3623,"{'GO_0008713', 'GO_0071968', 'GO_0016757', 'GO_0008917', 'GO_0009244', 'GO_0009103'}"
b3624,"{'GO_0005886', 'GO_0016740', 'GO_0005737', 'GO_0009244', 'GO_0009103'}"
b3625,"{'GO_0005886', 'GO_0016310', 'GO_0046835', 'GO_0009244', 'GO_0005524', 'GO_0016301', 'GO_0009103'}"
b3627,"{'GO_0016757', 'GO_0046872', 'GO_0009244', 'GO_0047270', 'GO_0008918', 'GO_0009103'}"
b3629,"{'GO_0005886', 'GO_0009244', 'GO_0009103'}"
b3630,"{'GO_0016310', 'GO_0046835', 'GO_0009244', 'GO_0005524', 'GO_0016301', 'GO_0009103'}"
b3631,"{'GO_0005886', 'GO_0016757', 'GO_0016758', 'GO_0009244', 'GO_0008919', 'GO_0009103'}"
b3632,"{'GO_0071967', 'GO_0016757', 'GO_0009244', 'GO_0009103'}"
b3633,"{'GO_0005886', 'GO_0036104', 'GO_0016757', 'GO_0016020', 'GO_0016740', 'GO_0009244', 'GO_0043842', 'GO_0009245', 'GO_0009103'}"
b3634,"{'GO_0042802', 'GO_0005515', 'GO_0005737', 'GO_0004595', 'GO_0005524', 'GO_0015937', 'GO_0016779'}"
b3635,"{'GO_0003677', 'GO_0003906', 'GO_0005737', 'GO_0003684', 'GO_0016798', 'GO_0008534', 'GO_0004519', 'GO_0046872', 'GO_0006281', 'GO_0016829', 'GO_0034039', 'GO_0019104', 'GO_0008270', 'GO_0006284', 'GO_0140078', 'GO_0000703', 'GO_0016787', 'GO_0006974'}"
b3636,"{'GO_0005737', 'GO_0003735', 'GO_0022625', 'GO_0000027', 'GO_0000049', 'GO_0002181', 'GO_0006412', 'GO_0005829', 'GO_1990904', 'GO_0005840', 'GO_0046677'}"
b3637,"{'GO_0019843', 'GO_0005515', 'GO_0005737', 'GO_0003735', 'GO_0022625', 'GO_0000027', 'GO_0002181', 'GO_0006412', 'GO_0005829', 'GO_1990904', 'GO_0005840'}"
b3638,"{'GO_0008237', 'GO_0046872', 'GO_0006508'}"
b3639,"{'GO_0016831', 'GO_0016874', 'GO_0042802', 'GO_0005515', 'GO_0003824', 'GO_0004632', 'GO_0046872', 'GO_0004633', 'GO_0015937', 'GO_0005829', 'GO_0015941', 'GO_0010181'}"
b3640,"{'GO_0042802', 'GO_0006226', 'GO_0005737', 'GO_0032991', 'GO_0004170', 'GO_0046081', 'GO_0016787', 'GO_0046872', 'GO_0000287', 'GO_0005829', 'GO_0009117', 'GO_0070207'}"
b3641,"{'GO_0051302', 'GO_0009295', 'GO_0042802', 'GO_0003677', 'GO_0005515', 'GO_0005737', 'GO_0010974', 'GO_0051301', 'GO_0000918', 'GO_0043590', 'GO_0032272', 'GO_0042803', 'GO_0043565'}"
b3642,"{'GO_0044205', 'GO_0016757', 'GO_0004588', 'GO_0005737', 'GO_0055086', 'GO_0072528', 'GO_0000287', 'GO_0042803', 'GO_0006207', 'GO_0005829', 'GO_0006221'}"
b3643,"{'GO_0006364', 'GO_0000175', 'GO_0000049', 'GO_0042780', 'GO_0005829', 'GO_0008033', 'GO_0009022', 'GO_0016075', 'GO_0031125'}"
b3644,"{'GO_0006401', 'GO_0005515', 'GO_0004519', 'GO_0004521', 'GO_0016891', 'GO_0005829'}"
b3645,"{'GO_0006974', 'GO_0009432'}"
b3646,{'GO_0005886'}
b3647,"{'GO_0006260', 'GO_0006266', 'GO_0016874', 'GO_0003911', 'GO_0006281', 'GO_0051103', 'GO_0006259'}"
b3648,"{'GO_0006163', 'GO_0016310', 'GO_0042802', 'GO_0005737', 'GO_0005524', 'GO_0046710', 'GO_0046037', 'GO_0005829', 'GO_0004385', 'GO_0016301'}"
b3649,"{'GO_0009408', 'GO_0034062', 'GO_0044780', 'GO_0065003', 'GO_0048870', 'GO_0005829', 'GO_0032784', 'GO_0071973', 'GO_0003899', 'GO_0036460', 'GO_0090605', 'GO_0003677', 'GO_0006351', 'GO_0000345', 'GO_0006352', 'GO_0030880', 'GO_0000428', 'GO_0001000', 'GO_2000142', 'GO_0016779', 'GO_0006879', 'GO_0031564', 'GO_0042128'}"
b3650,"{'GO_0015970', 'GO_0015949', 'GO_0008728', 'GO_0016310', 'GO_0005515', 'GO_0005737', 'GO_0008893', 'GO_0005829', 'GO_0016301', 'GO_0016787', 'GO_0015969'}"
b3651,"{'GO_0002938', 'GO_0003723', 'GO_0030488', 'GO_0000049', 'GO_0141100', 'GO_0032259', 'GO_0008168', 'GO_0008033'}"
b3652,"{'GO_0003677', 'GO_0006310', 'GO_0005515', 'GO_0004386', 'GO_0005524', 'GO_0006281', 'GO_0016887', 'GO_0071932', 'GO_0009314', 'GO_0009379', 'GO_0003678', 'GO_0003676', 'GO_0005829', 'GO_0016787', 'GO_0032508'}"
b3653,"{'GO_0005886', 'GO_0006865', 'GO_0016020', 'GO_0015293', 'GO_0015813', 'GO_0006814', 'GO_0055085', 'GO_0015501'}"
b3654,"{'GO_0005886', 'GO_0042907', 'GO_0016020', 'GO_0055085', 'GO_0022857', 'GO_0015205', 'GO_0042906'}"
b3655,{'GO_0005886'}
b3656,"{'GO_0080176', 'GO_0042802', 'GO_0004553', 'GO_0005975', 'GO_0003824', 'GO_0016798', 'GO_0030246', 'GO_0061634'}"
b3657,"{'GO_0005886', 'GO_0016020', 'GO_0015293', 'GO_0006814', 'GO_0055085', 'GO_0008643'}"
b3659,"{'GO_0005886', 'GO_1902600', 'GO_0016020', 'GO_0034219', 'GO_0055085', 'GO_0005351', 'GO_0008643'}"
b3660,"{'GO_0005886', 'GO_0016020'}"
b3661,"{'GO_0005886', 'GO_0015821'}"
b3662,"{'GO_0005886', 'GO_0016020', 'GO_0015297', 'GO_0015211', 'GO_0015860'}"
b3664,"{'GO_0005886', 'GO_0016020', 'GO_0015207', 'GO_1904823', 'GO_0055085', 'GO_0015853', 'GO_0015205'}"
b3665,"{'GO_0004096', 'GO_0006146', 'GO_0008198', 'GO_0030145', 'GO_0000034', 'GO_0042803', 'GO_0098869', 'GO_0016787'}"
b3666,"{'GO_0005886', 'GO_0016020', 'GO_0006817', 'GO_0055085', 'GO_0015760', 'GO_0015526', 'GO_0022857', 'GO_0015712'}"
b3667,"{'GO_0005886', 'GO_0016020', 'GO_0055085', 'GO_0022857', 'GO_0000160'}"
b3668,"{'GO_0000155', 'GO_0005886', 'GO_0016020', 'GO_0016310', 'GO_0004721', 'GO_0005524', 'GO_0004673', 'GO_0004672', 'GO_0016301', 'GO_0000160', 'GO_0046983', 'GO_0007165', 'GO_0018106'}"
b3669,"{'GO_0005737', 'GO_0000160', 'GO_0003677', 'GO_0006355'}"
b3670,"{'GO_0016740', 'GO_0005515', 'GO_0003984', 'GO_0009097', 'GO_1990610', 'GO_0005948', 'GO_0008652', 'GO_0009082', 'GO_0009099'}"
b3671,"{'GO_0050660', 'GO_0016740', 'GO_0005515', 'GO_0003984', 'GO_0009097', 'GO_0046872', 'GO_0030976', 'GO_0000287', 'GO_0005948', 'GO_0008652', 'GO_0009082', 'GO_0009099'}"
b3672,"{'GO_0009082', 'GO_0008652', 'GO_0009099'}"
b3673,"{'GO_0005886', 'GO_1990961', 'GO_0042908', 'GO_0016020', 'GO_0055085', 'GO_0042910'}"
b3674,{'GO_0016491'}
b3675,{'GO_0005886'}
b3676,"{'GO_0005886', 'GO_0006979'}"
b3677,{'GO_0005886'}
b3678,"{'GO_0046872', 'GO_0016787'}"
b3679,"{'GO_0005886', 'GO_0016020', 'GO_0015293', 'GO_0006814', 'GO_0055085', 'GO_0006012', 'GO_0022857', 'GO_1904659'}"
b3680,"{'GO_0003700', 'GO_0043565', 'GO_0003677', 'GO_0006355'}"
b3681,"{'GO_0050081', 'GO_0004553', 'GO_0016616', 'GO_0005975', 'GO_0046872', 'GO_0008706'}"
b3682,"{'GO_0005886', 'GO_0016310', 'GO_0009401', 'GO_0008982', 'GO_0016301'}"
b3683,"{'GO_0005886', 'GO_0016020', 'GO_0009401', 'GO_0008982', 'GO_0008643'}"
b3684,"{'GO_0003700', 'GO_0003677', 'GO_0006355'}"
b3685,"{'GO_0005886', 'GO_0008324', 'GO_0098655', 'GO_0055085', 'GO_0006813', 'GO_0022857'}"
b3686,"{'GO_0050821', 'GO_0009408', 'GO_0042802', 'GO_0005515', 'GO_0005737', 'GO_1990169'}"
b3687,"{'GO_0050821', 'GO_0009408', 'GO_0017148', 'GO_0042802', 'GO_0005515', 'GO_0005737', 'GO_0042803', 'GO_0005829', 'GO_0048027'}"
b3688,"{'GO_0006974', 'GO_0009279'}"
b3689,{'GO_0046397'}
b3690,"{'GO_0050660', 'GO_0030153', 'GO_0071949'}"
b3691,"{'GO_0005886', 'GO_1902600', 'GO_0034194', 'GO_0015293', 'GO_0055085', 'GO_0015295', 'GO_0022857', 'GO_0042875', 'GO_0042881'}"
b3693,"{'GO_0034194', 'GO_0016310', 'GO_0046835', 'GO_0005524', 'GO_0008671', 'GO_0016301'}"
b3696,"{'GO_0005886', 'GO_0016020'}"
b3697,"{'GO_0046872', 'GO_0016791', 'GO_0050308', 'GO_0000287', 'GO_0005829', 'GO_0016787'}"
b3699,"{'GO_0006265', 'GO_0034335', 'GO_0003677', 'GO_0005515', 'GO_0005737', 'GO_0006261', 'GO_0046872', 'GO_0005524', 'GO_0005694', 'GO_0006351', 'GO_0009330', 'GO_0005829', 'GO_0051276', 'GO_0003916', 'GO_0008094', 'GO_0003918', 'GO_0046677', 'GO_0009410'}"
b3700,"{'GO_0003697', 'GO_0009411', 'GO_0006260', 'GO_0003677', 'GO_0005515', 'GO_0005737', 'GO_0005524', 'GO_0006281', 'GO_0009432', 'GO_0000731', 'GO_0000725'}"
b3701,"{'GO_0030174', 'GO_0042802', 'GO_0005829', 'GO_0042276', 'GO_0030894', 'GO_1990078', 'GO_0006974', 'GO_0005515', 'GO_0003887', 'GO_0006260', 'GO_0003677', 'GO_0005737', 'GO_0006261', 'GO_0006271', 'GO_0008408', 'GO_1990085', 'GO_0032297', 'GO_0009360', 'GO_0044787', 'GO_0042803'}"
b3702,"{'GO_0030174', 'GO_0042802', 'GO_0003688', 'GO_1990103', 'GO_0005524', 'GO_0005829', 'GO_1990078', 'GO_1990084', 'GO_0006268', 'GO_0005515', 'GO_0006275', 'GO_1990102', 'GO_0006260', 'GO_0003677', 'GO_0005737', 'GO_1990082', 'GO_0043565', 'GO_0006270', 'GO_0032297', 'GO_0016887', 'GO_0009898', 'GO_0032298', 'GO_0008156', 'GO_1990101'}"
b3703,"{'GO_0005515', 'GO_0005737', 'GO_0003735', 'GO_0022625', 'GO_0002181', 'GO_0006412', 'GO_1990904', 'GO_0005840'}"
b3704,"{'GO_0030677', 'GO_0001682', 'GO_0004519', 'GO_0006396', 'GO_0003723', 'GO_0000049', 'GO_0008033', 'GO_0004526'}"
b3705,"{'GO_0005886', 'GO_0016020', 'GO_0005515', 'GO_0015031', 'GO_0065003', 'GO_0043952', 'GO_0006457', 'GO_0031522', 'GO_0032977', 'GO_0051205', 'GO_0032978'}"
b3706,"{'GO_0005525', 'GO_0042802', 'GO_0005829', 'GO_0008033', 'GO_0016787', 'GO_0061077', 'GO_0009268', 'GO_0005515', 'GO_0019003', 'GO_0002926', 'GO_0006400', 'GO_0003924', 'GO_0030955', 'GO_0002144', 'GO_0005737', 'GO_0046872', 'GO_0002098', 'GO_0030488', 'GO_0005886', 'GO_0042803', 'GO_0140018'}"
b3707,"{'GO_0090358', 'GO_0006569', 'GO_0019843', 'GO_0031556'}"
b3708,"{'GO_0060187', 'GO_0016020', 'GO_0030955', 'GO_0042802', 'GO_0080146', 'GO_0005515', 'GO_0003824', 'GO_0005737', 'GO_0030170', 'GO_0032991', 'GO_0016829', 'GO_0006568', 'GO_0005829', 'GO_0042431', 'GO_0006569', 'GO_0009034'}"
b3709,"{'GO_0005886', 'GO_0006865', 'GO_0015293', 'GO_0015173', 'GO_0015801', 'GO_0006569', 'GO_0003333'}"
b3710,"{'GO_0005886', 'GO_0016020', 'GO_0055085', 'GO_0022857', 'GO_0046677'}"
b3711,"{'GO_0003700', 'GO_0006351', 'GO_0003677', 'GO_0006355'}"
b3712,"{'GO_0008897', 'GO_0000287'}"
b3713,"{'GO_0042802', 'GO_0051289', 'GO_0003955', 'GO_0034567', 'GO_0006805', 'GO_0016491', 'GO_0008753', 'GO_0050136', 'GO_0005829', 'GO_0010181'}"
b3714,"{'GO_0005886', 'GO_1902600', 'GO_0016020', 'GO_0015207', 'GO_1904823', 'GO_0055085', 'GO_0015853', 'GO_0015295', 'GO_0015205'}"
b3715,"{'GO_0046872', 'GO_0016791', 'GO_0030145', 'GO_0000287', 'GO_0016787'}"
b3716,{'GO_0005886'}
b3717,{'GO_0030153'}
b3718,"{'GO_0006044', 'GO_0004342', 'GO_0005975'}"
b3719,"{'GO_0004553', 'GO_0005975'}"
b3720,"{'GO_0016020', 'GO_0034219', 'GO_0046930', 'GO_0015288', 'GO_0009279', 'GO_0006811', 'GO_0015144'}"
b3721,"{'GO_0008706', 'GO_0016798', 'GO_0004553', 'GO_0005975'}"
b3722,"{'GO_0005886', 'GO_0016310', 'GO_0009401', 'GO_0008982', 'GO_0016301'}"
b3723,"{'GO_0005515', 'GO_0045893', 'GO_0003723'}"
b3724,"{'GO_0001558', 'GO_0009267', 'GO_0005515', 'GO_0005737', 'GO_0006817', 'GO_0010629', 'GO_0071236', 'GO_0030145', 'GO_0045936', 'GO_2000186', 'GO_0000287', 'GO_0042803', 'GO_0030643', 'GO_0034605', 'GO_0071467', 'GO_0016036'}"
b3725,"{'GO_0005886', 'GO_0016020', 'GO_0005515', 'GO_0055052', 'GO_0006817', 'GO_0015415', 'GO_0098656', 'GO_0005524', 'GO_0016887', 'GO_0005315', 'GO_0035435'}"
b3726,"{'GO_0005886', 'GO_0016020', 'GO_0055052', 'GO_0006817', 'GO_0005315', 'GO_0035435', 'GO_0006974'}"
b3727,"{'GO_0005886', 'GO_0016020', 'GO_0055052', 'GO_0006817', 'GO_0055085', 'GO_0005315', 'GO_0009314', 'GO_0035435'}"
b3728,"{'GO_0016020', 'GO_0042597', 'GO_0055052', 'GO_0030288', 'GO_0006817', 'GO_0043190', 'GO_0009314', 'GO_0042301', 'GO_0035435', 'GO_0006974'}"
b3729,"{'GO_0006541', 'GO_0006048', 'GO_0005975', 'GO_0005515', 'GO_0005737', 'GO_0097367', 'GO_0008483', 'GO_0005829', 'GO_1901137', 'GO_0004360'}"
b3730,"{'GO_0003977', 'GO_0006048', 'GO_0042802', 'GO_0008360', 'GO_0005515', 'GO_0000902', 'GO_0005737', 'GO_0016746', 'GO_0019134', 'GO_0046872', 'GO_0016779', 'GO_0000287', 'GO_0005829', 'GO_0009245', 'GO_0009252', 'GO_0071555', 'GO_0016747'}"
b3731,"{'GO_0005886', 'GO_1902600', 'GO_0045261', 'GO_0005515', 'GO_0015986', 'GO_0006754', 'GO_0005524', 'GO_0045259', 'GO_0042777', 'GO_0046933'}"
b3732,"{'GO_0005886', 'GO_1902600', 'GO_0045261', 'GO_0016020', 'GO_0046961', 'GO_0005515', 'GO_0015986', 'GO_0006754', 'GO_0005524', 'GO_0016887', 'GO_0042777', 'GO_0045259', 'GO_0046933'}"
b3733,"{'GO_0005886', 'GO_1902600', 'GO_0045261', 'GO_0016020', 'GO_0046961', 'GO_0005515', 'GO_0015986', 'GO_0006754', 'GO_0005524', 'GO_0045259', 'GO_0042777', 'GO_0046933'}"
b3734,"{'GO_0005886', 'GO_1902600', 'GO_0045261', 'GO_0016020', 'GO_0046961', 'GO_0005515', 'GO_0015986', 'GO_0006754', 'GO_0005524', 'GO_0045259', 'GO_0042777', 'GO_0046933'}"
b3735,"{'GO_0005886', 'GO_1902600', 'GO_0045261', 'GO_0016020', 'GO_0046961', 'GO_0015986', 'GO_0006754', 'GO_0045259', 'GO_0042777', 'GO_0046933'}"
b3736,"{'GO_0005886', 'GO_1902600', 'GO_0046961', 'GO_0015986', 'GO_0006754', 'GO_0045259', 'GO_0042777', 'GO_0015078', 'GO_0046933', 'GO_0045263'}"
b3737,"{'GO_0005886', 'GO_1902600', 'GO_0046961', 'GO_0008289', 'GO_0015986', 'GO_0006754', 'GO_0045259', 'GO_0042777', 'GO_0015078', 'GO_0046933', 'GO_0045263'}"
b3738,"{'GO_0005886', 'GO_1902600', 'GO_0046961', 'GO_0015986', 'GO_0006754', 'GO_0045259', 'GO_0042777', 'GO_0015078', 'GO_0046933', 'GO_0045263'}"
b3739,"{'GO_0005886', 'GO_1902600', 'GO_0045263'}"
b3740,"{'GO_0070476', 'GO_0006364', 'GO_0005737', 'GO_0070475', 'GO_0070043', 'GO_0008649', 'GO_0005829', 'GO_0008168', 'GO_0032259'}"
b3741,"{'GO_0002144', 'GO_0009411', 'GO_0050660', 'GO_0005515', 'GO_0005737', 'GO_0002926', 'GO_0002098', 'GO_0030488', 'GO_0042803', 'GO_0005829', 'GO_0008033', 'GO_0140018'}"
b3742,"{'GO_0051302', 'GO_0010181', 'GO_0005829'}"
b3743,"{'GO_0003700', 'GO_0043200', 'GO_0042802', 'GO_0003677', 'GO_0005515', 'GO_0045892', 'GO_0045893', 'GO_0043565'}"
b3744,"{'GO_0016874', 'GO_0042802', 'GO_0004071', 'GO_0005737', 'GO_0070981', 'GO_0006529', 'GO_0005524', 'GO_0042803', 'GO_0005829', 'GO_0006974'}"
b3745,"{'GO_0005515', 'GO_0016020', 'GO_0005829'}"
b3746,"{'GO_0042802', 'GO_0005515', 'GO_0005737', 'GO_0005524', 'GO_0016887', 'GO_0005829', 'GO_0016787'}"
b3747,"{'GO_0005886', 'GO_0015079', 'GO_0071805', 'GO_0016020', 'GO_0015293', 'GO_0071278', 'GO_0006813', 'GO_0015387'}"
b3748,"{'GO_0042802', 'GO_0062193', 'GO_0005737', 'GO_0005996', 'GO_0016872', 'GO_0005829', 'GO_0016853', 'GO_0019303', 'GO_0048029'}"
b3749,"{'GO_0005886', 'GO_0016020', 'GO_0005515', 'GO_0055052', 'GO_0043190', 'GO_0005524', 'GO_0016887', 'GO_0015611', 'GO_0015591', 'GO_0015407', 'GO_0015752'}"
b3750,"{'GO_0005886', 'GO_0016020', 'GO_0005515', 'GO_0055052', 'GO_0043190', 'GO_0055085', 'GO_0022857', 'GO_0015591', 'GO_0015752'}"
b3751,"{'GO_0016020', 'GO_0042597', 'GO_0005515', 'GO_0006935', 'GO_0030288', 'GO_0055052', 'GO_0030246', 'GO_0048029', 'GO_0050918', 'GO_0015752'}"
b3752,"{'GO_0016310', 'GO_0046835', 'GO_0005737', 'GO_0046872', 'GO_0005524', 'GO_0042803', 'GO_0005829', 'GO_0019303', 'GO_0016301', 'GO_0004747', 'GO_0006014'}"
b3753,"{'GO_0003677', 'GO_0005515', 'GO_0001216', 'GO_0006355', 'GO_0045893', 'GO_0000987'}"
b3754,"{'GO_0005886', 'GO_0055085', 'GO_0016020', 'GO_0022857'}"
b3755,"{'GO_0003700', 'GO_0006355', 'GO_0003677', 'GO_0005829'}"
b3764,"{'GO_0051276', 'GO_0044010', 'GO_0007059', 'GO_0005829'}"
b3765,"{'GO_0004176', 'GO_0005524', 'GO_0016887'}"
b3766,"{'GO_0031555', 'GO_0009082', 'GO_0008652'}"
b3767,"{'GO_0009097', 'GO_0030976', 'GO_0000287', 'GO_0009082', 'GO_0008652', 'GO_0009099'}"
b3769,"{'GO_0016740', 'GO_0005515', 'GO_0003984', 'GO_0009097', 'GO_0005948', 'GO_0008652', 'GO_0009082', 'GO_0009099'}"
b3770,"{'GO_0006532', 'GO_0009099', 'GO_0042802', 'GO_0052654', 'GO_0009097', 'GO_0046394', 'GO_0052655', 'GO_0008483', 'GO_0009081', 'GO_0052656', 'GO_0005829', 'GO_0009082', 'GO_0008652', 'GO_0009098', 'GO_0004084'}"
b3771,"{'GO_0051539', 'GO_0009097', 'GO_0046872', 'GO_0016829', 'GO_0004160', 'GO_0000287', 'GO_0051537', 'GO_0016836', 'GO_0005829', 'GO_0009082', 'GO_0008652', 'GO_0051536', 'GO_0009099'}"
b3772,"{'GO_0004794', 'GO_0009097', 'GO_0030170', 'GO_0016829', 'GO_0006566', 'GO_0016597', 'GO_0009082'}"
b3773,"{'GO_0003700', 'GO_0003677', 'GO_0005737', 'GO_0006355', 'GO_0009082', 'GO_0008652'}"
b3774,"{'GO_0042802', 'GO_0004455', 'GO_0016616', 'GO_0005737', 'GO_0008677', 'GO_0009097', 'GO_0016491', 'GO_0032991', 'GO_0046872', 'GO_0050661', 'GO_0015940', 'GO_0000287', 'GO_0005829', 'GO_0009082', 'GO_0008652', 'GO_0009099'}"
b3775,"{'GO_0005515', 'GO_0003755', 'GO_0005737'}"
b3778,"{'GO_0003697', 'GO_0005524', 'GO_0016853', 'GO_0016787', 'GO_0006268', 'GO_0005515', 'GO_1990160', 'GO_0043138', 'GO_0006260', 'GO_0003677', 'GO_0031297', 'GO_0043600', 'GO_0044787', 'GO_0004386', 'GO_0016887', 'GO_0009314', 'GO_0042803', 'GO_0003678', 'GO_1990077', 'GO_0006269'}"
b3780,"{'GO_0006401', 'GO_1990061', 'GO_0016020', 'GO_0005515', 'GO_0005737', 'GO_0003724', 'GO_0004386', 'GO_0003723', 'GO_0005524', 'GO_0006396', 'GO_0016887', 'GO_0097718', 'GO_0042803', 'GO_0003676', 'GO_0005829', 'GO_0016787'}"
b3781,"{'GO_0015035', 'GO_0045454', 'GO_0005515', 'GO_0015036', 'GO_0005829'}"
b3782,{'GO_0031555'}
b3783,"{'GO_0016020', 'GO_0042802', 'GO_0005515', 'GO_0004386', 'GO_0003723', 'GO_0005524', 'GO_0006353', 'GO_0016887', 'GO_0005829', 'GO_0016787', 'GO_0008186'}"
b3784,"{'GO_0005886', 'GO_0009243', 'GO_0016757', 'GO_0016020', 'GO_0009276', 'GO_0042802', 'GO_0044038', 'GO_0016780', 'GO_0030145', 'GO_0008963', 'GO_0000287', 'GO_0036380', 'GO_0009246', 'GO_0071555', 'GO_0009103'}"
b3785,"{'GO_0005886', 'GO_0009246', 'GO_0016020'}"
b3786,"{'GO_0008761', 'GO_0005737', 'GO_0003824', 'GO_0042803', 'GO_0005829', 'GO_0009246', 'GO_0016853'}"
b3787,"{'GO_0051287', 'GO_0016616', 'GO_0016491', 'GO_0042803', 'GO_0005829', 'GO_0016628', 'GO_0089714', 'GO_0009246'}"
b3789,"{'GO_0009243', 'GO_0042802', 'GO_0046872', 'GO_0008879', 'GO_0016779', 'GO_0000287', 'GO_0005829', 'GO_0009246', 'GO_0000271', 'GO_0045226'}"
b3790,"{'GO_0016746', 'GO_0008080', 'GO_0009246', 'GO_0016747'}"
b3792,"{'GO_0005886', 'GO_0140303', 'GO_0009246', 'GO_0034204'}"
b3793,"{'GO_0005886', 'GO_0009246', 'GO_0030247', 'GO_0016020'}"
b3794,"{'GO_0047241', 'GO_0016758', 'GO_0016757', 'GO_0009246'}"
b3795,"{'GO_0005886', 'GO_0006865', 'GO_0016020', 'GO_0015195', 'GO_0055085', 'GO_0015194', 'GO_0015826', 'GO_0015825'}"
b3800,"{'GO_0046872', 'GO_0016491', 'GO_0051539', 'GO_0051604'}"
b3801,"{'GO_0046872', 'GO_0016787', 'GO_0042597'}"
b3802,"{'GO_0005886', 'GO_0042168', 'GO_0016020', 'GO_0006779'}"
b3803,"{'GO_0005515', 'GO_0005886'}"
b3804,"{'GO_0004852', 'GO_0006782', 'GO_0016829', 'GO_0006779', 'GO_0006780'}"
b3805,"{'GO_0006783', 'GO_0033014', 'GO_0016740', 'GO_0005737', 'GO_0006782', 'GO_0018160', 'GO_0004418', 'GO_0006779', 'GO_0005829'}"
b3806,"{'GO_0005515', 'GO_0005737', 'GO_0005524', 'GO_0016829', 'GO_0004016', 'GO_0006171'}"
b3807,"{'GO_0005506', 'GO_0005515', 'GO_0005737', 'GO_0008198', 'GO_0016226', 'GO_0046872', 'GO_0005829', 'GO_0008199'}"
b3808,{'GO_0009279'}
b3809,"{'GO_0008047', 'GO_0005515', 'GO_0008837', 'GO_0005737', 'GO_0009089', 'GO_0009085', 'GO_0042803', 'GO_0005829', 'GO_0016853'}"
b3811,"{'GO_0006310', 'GO_0003677', 'GO_0005515', 'GO_0006276', 'GO_0005737', 'GO_0009009', 'GO_0042150', 'GO_0015074', 'GO_0051301', 'GO_0009037', 'GO_0048476', 'GO_0071139', 'GO_0007059', 'GO_0006313'}"
b3812,"{'GO_0044283', 'GO_0046872', 'GO_0016791', 'GO_0022611', 'GO_0000287', 'GO_0043726', 'GO_0009231', 'GO_0016787'}"
b3813,"{'GO_0017117', 'GO_0005524', 'GO_0006289', 'GO_0005829', 'GO_0016853', 'GO_0016787', 'GO_0006298', 'GO_0006268', 'GO_0005515', 'GO_0033202', 'GO_0000717', 'GO_0032508', 'GO_0043138', 'GO_0006260', 'GO_0003677', 'GO_0005737', 'GO_0031297', 'GO_0070581', 'GO_0015616', 'GO_0017116', 'GO_0004386', 'GO_0006281', 'GO_0009432', 'GO_0016887', 'GO_0009314', 'GO_0042803', 'GO_0003678', 'GO_0070716'}"
b3816,"{'GO_0005886', 'GO_0016020', 'GO_1903830', 'GO_0015095', 'GO_0035444', 'GO_0015693', 'GO_0015087', 'GO_0006824', 'GO_0006811', 'GO_0015099'}"
b3817,{'GO_0005886'}
b3818,{'GO_0005886'}
b3819,"{'GO_0005886', 'GO_0016020'}"
b3820,"{'GO_0005737', 'GO_0032787', 'GO_0005829', 'GO_0006629', 'GO_0016787', 'GO_0016289'}"
b3821,"{'GO_0008970', 'GO_0016020', 'GO_0016042', 'GO_0004622', 'GO_0046872', 'GO_0052739', 'GO_0046471', 'GO_0005509', 'GO_0004620', 'GO_0042803', 'GO_0009279', 'GO_0006629', 'GO_0016787', 'GO_0004623'}"
b3822,"{'GO_0017117', 'GO_0005524', 'GO_0003676', 'GO_0016853', 'GO_0030894', 'GO_0016787', 'GO_0006974', 'GO_0006310', 'GO_0043590', 'GO_0046914', 'GO_0043138', 'GO_0006260', 'GO_0003677', 'GO_0005737', 'GO_0046872', 'GO_0044806', 'GO_0008094', 'GO_0017116', 'GO_0004386', 'GO_0006281', 'GO_0009432', 'GO_0016887', 'GO_0008270', 'GO_0003678'}"
b3823,"{'GO_0005886', 'GO_0006865', 'GO_0016020', 'GO_0015826', 'GO_0003333', 'GO_0015565'}"
b3824,"{'GO_0005886', 'GO_0006865', 'GO_0016020', 'GO_0042970', 'GO_0042968', 'GO_0015826', 'GO_0015565'}"
b3825,"{'GO_0005886', 'GO_0006650', 'GO_0016020', 'GO_0004622', 'GO_0005515', 'GO_0006629', 'GO_0016787', 'GO_0016747'}"
b3826,"{'GO_0046872', 'GO_0016791', 'GO_0050308', 'GO_0000287', 'GO_0006950', 'GO_0033883', 'GO_0005829', 'GO_0016787'}"
b3827,"{'GO_0005886', 'GO_0016020'}"
b3828,"{'GO_0003700', 'GO_0003677', 'GO_0005737', 'GO_0006355', 'GO_0016597', 'GO_0009086'}"
b3829,"{'GO_0050667', 'GO_0035999', 'GO_0005515', 'GO_0046872', 'GO_0009086', 'GO_0003871', 'GO_0008705', 'GO_0008270', 'GO_0005829', 'GO_0008168', 'GO_0032259'}"
b3830,"{'GO_0016787', 'GO_0008806'}"
b3831,"{'GO_0046050', 'GO_0009116', 'GO_0016757', 'GO_0030955', 'GO_0009164', 'GO_0009166', 'GO_0005737', 'GO_0032991', 'GO_0042802', 'GO_0044206', 'GO_0047847', 'GO_0005524', 'GO_0006218', 'GO_0005829', 'GO_0004850', 'GO_0006974'}"
b3832,"{'GO_0005886', 'GO_0006310'}"
b3833,"{'GO_0005515', 'GO_0006744', 'GO_0005737', 'GO_0043770', 'GO_0008425', 'GO_0008168', 'GO_0009234', 'GO_0110142', 'GO_0009060', 'GO_0032259'}"
b3834,"{'GO_0042802', 'GO_0032150', 'GO_0005515', 'GO_0006744', 'GO_0005737', 'GO_0110142'}"
b3835,"{'GO_0005886', 'GO_0016310', 'GO_0006744', 'GO_0005524', 'GO_0004672', 'GO_0016301', 'GO_0010795'}"
b3836,"{'GO_0005886', 'GO_0033281', 'GO_0016020', 'GO_0042802', 'GO_0005515', 'GO_0008289', 'GO_0015031', 'GO_0009977', 'GO_0043953', 'GO_0005829', 'GO_0065002', 'GO_0008320'}"
b3838,"{'GO_0005886', 'GO_0033281', 'GO_0016020', 'GO_0042802', 'GO_0005515', 'GO_0015031', 'GO_0009977', 'GO_0043953', 'GO_0042803', 'GO_0065002', 'GO_0008320'}"
b3839,"{'GO_0005886', 'GO_0033281', 'GO_0016020', 'GO_0042802', 'GO_0005515', 'GO_0015031', 'GO_0009977', 'GO_0043953', 'GO_0009314', 'GO_0065002', 'GO_0008320'}"
b3842,"{'GO_0003677', 'GO_0001000', 'GO_0005515', 'GO_0045727', 'GO_0140673', 'GO_0008494', 'GO_0031564', 'GO_0006354', 'GO_0006355', 'GO_0061980', 'GO_0001073'}"
b3843,"{'GO_0005886', 'GO_0016831', 'GO_0008694', 'GO_0042802', 'GO_0032150', 'GO_0120233', 'GO_0006744', 'GO_0046872', 'GO_0030145', 'GO_0034214', 'GO_0005829'}"
b3844,"{'GO_0008047', 'GO_0052875', 'GO_0006979', 'GO_0005515', 'GO_0016491', 'GO_0030091', 'GO_0006826', 'GO_0005829', 'GO_0042602'}"
b3845,"{'GO_0044281', 'GO_0016042', 'GO_0005515', 'GO_0005737', 'GO_0016746', 'GO_0003988', 'GO_0009062', 'GO_0036125', 'GO_0006631', 'GO_0006635', 'GO_0016747'}"
b3846,"{'GO_0016042', 'GO_0016491', 'GO_0008692', 'GO_0009056', 'GO_0009062', 'GO_0016829', 'GO_0004165', 'GO_0036125', 'GO_0016853', 'GO_0006631', 'GO_0006635', 'GO_0003857', 'GO_0004300', 'GO_0070403'}"
b3847,"{'GO_0016805', 'GO_0070573', 'GO_0005515', 'GO_0008237', 'GO_0046872', 'GO_0016795', 'GO_0030145', 'GO_0102009', 'GO_0008235', 'GO_0042803', 'GO_0006508', 'GO_0005829', 'GO_0043171'}"
b3848,"{'GO_0005515', 'GO_0097159', 'GO_0043168', 'GO_1901363'}"
b3849,"{'GO_0005886', 'GO_0015079', 'GO_0034220', 'GO_0071805', 'GO_0016020', 'GO_0046872', 'GO_0015379', 'GO_0006813', 'GO_0005267', 'GO_0030001', 'GO_0030955'}"
b3850,"{'GO_0005886', 'GO_0070819', 'GO_0006783', 'GO_0016020', 'GO_0004729', 'GO_0005515', 'GO_0006782', 'GO_0009055', 'GO_0000166', 'GO_0016491', 'GO_0006785', 'GO_0009898', 'GO_0006779', 'GO_0010181'}"
b3856,"{'GO_0005515', 'GO_0005525', 'GO_0042803', 'GO_0006777'}"
b3857,"{'GO_0005525', 'GO_0016740', 'GO_0005515', 'GO_0003824', 'GO_0005737', 'GO_0046872', 'GO_0070568', 'GO_0016779', 'GO_0000287', 'GO_0006777', 'GO_0019720', 'GO_1902758', 'GO_0061603'}"
b3858,{'GO_0005829'}
b3859,"{'GO_0016310', 'GO_0005737', 'GO_0046872', 'GO_0005524', 'GO_0000287', 'GO_0006468', 'GO_0006950', 'GO_0004674', 'GO_0006338', 'GO_0106310', 'GO_0044024'}"
b3860,"{'GO_0042597', 'GO_0015035', 'GO_0005515', 'GO_0030288', 'GO_0016491', 'GO_0071236', 'GO_0015036', 'GO_0003756'}"
b3862,"{'GO_0005886', 'GO_0016746'}"
b3863,"{'GO_0006260', 'GO_0003677', 'GO_0005737', 'GO_0003887', 'GO_0004527', 'GO_0006261', 'GO_0008409', 'GO_0006281', 'GO_0016788', 'GO_0071897', 'GO_0008408', 'GO_0005829', 'GO_0006284', 'GO_0006974'}"
b3865,"{'GO_0005525', 'GO_0046872', 'GO_0051301', 'GO_0000917', 'GO_0090529', 'GO_0005829'}"
b3866,"{'GO_0090071', 'GO_0005515', 'GO_0042254', 'GO_0005096', 'GO_0005829'}"
b3867,"{'GO_0051539', 'GO_0005737', 'GO_0006782', 'GO_0016491', 'GO_0046872', 'GO_0004109', 'GO_0006779', 'GO_0051989', 'GO_0019353', 'GO_0051536'}"
b3868,"{'GO_0003677', 'GO_0006808', 'GO_0005515', 'GO_0005737', 'GO_0000156', 'GO_0005524', 'GO_0016887', 'GO_0043565', 'GO_0009399', 'GO_0006355', 'GO_0005829', 'GO_0000160'}"
b3869,"{'GO_0000155', 'GO_0016310', 'GO_0042802', 'GO_0016774', 'GO_0005515', 'GO_0005737', 'GO_0004721', 'GO_0005524', 'GO_0004673', 'GO_0009399', 'GO_0042803', 'GO_0006355', 'GO_0016301', 'GO_0000160', 'GO_0016787', 'GO_0023019', 'GO_0007165', 'GO_0018106'}"
b3870,"{'GO_0016874', 'GO_0016020', 'GO_0042802', 'GO_0005737', 'GO_0046872', 'GO_0005524', 'GO_0019676', 'GO_0004356', 'GO_0009314', 'GO_0006542', 'GO_0016879', 'GO_0005829', 'GO_0019740'}"
b3871,"{'GO_0044183', 'GO_0005525', 'GO_0009408', 'GO_0019843', 'GO_0097216', 'GO_0005515', 'GO_0005737', 'GO_0042254', 'GO_0006457', 'GO_0000027', 'GO_0000049', 'GO_0043022', 'GO_0006412', 'GO_0005829', 'GO_0016787', 'GO_0003924', 'GO_0009409'}"
b3872,"{'GO_0003700', 'GO_0003677', 'GO_0006355'}"
b3874,"{'GO_0005886', 'GO_0055085', 'GO_0016020', 'GO_0022857'}"
b3875,"{'GO_0009279', 'GO_0046930', 'GO_0015757', 'GO_0015288', 'GO_0046323', 'GO_0015751', 'GO_0006811'}"
b3876,"{'GO_0005886', 'GO_0016020', 'GO_1901682', 'GO_0015293', 'GO_0006814', 'GO_0055085', 'GO_0072348', 'GO_0008643'}"
b3878,"{'GO_0004553', 'GO_0005975', 'GO_0003824', 'GO_0016798', 'GO_1990929', 'GO_0030246', 'GO_0061720'}"
b3879,"{'GO_0005975', 'GO_1902777', 'GO_0030246', 'GO_0016853', 'GO_0044010'}"
b3880,"{'GO_0050089', 'GO_0042802', 'GO_0005975', 'GO_0034214', 'GO_0061593', 'GO_1902777', 'GO_0016853', 'GO_0061720'}"
b3881,"{'GO_0003824', 'GO_0016829', 'GO_1902777', 'GO_0061595', 'GO_0061720'}"
b3882,"{'GO_0051287', 'GO_0042802', 'GO_0051289', 'GO_0016616', 'GO_0032991', 'GO_0016491', 'GO_0050661', 'GO_0047577', 'GO_0009407', 'GO_0016054', 'GO_1902777', 'GO_0061596', 'GO_0061720'}"
b3883,"{'GO_0016310', 'GO_0046835', 'GO_0061594', 'GO_0016772', 'GO_0005524', 'GO_1902777', 'GO_0016301', 'GO_0061720'}"
b3884,"{'GO_0003700', 'GO_2000143', 'GO_0003677', 'GO_0006355'}"
b3885,"{'GO_0046872', 'GO_0030145', 'GO_0000287', 'GO_0016787', 'GO_0008877'}"
b3887,"{'GO_0051500', 'GO_0009408', 'GO_0005515', 'GO_0005737', 'GO_0051499', 'GO_0106074', 'GO_0019478', 'GO_0106026', 'GO_0000049', 'GO_0006399', 'GO_0042803', 'GO_0043908', 'GO_0002161', 'GO_0016787'}"
b3888,"{'GO_0016746', 'GO_0006629', 'GO_0006633', 'GO_0016747'}"
b3889,"{'GO_0006355', 'GO_0043565'}"
b3890,"{'GO_0006355', 'GO_0043565'}"
b3891,"{'GO_0005515', 'GO_0005737', 'GO_0042803', 'GO_0005829', 'GO_0008199', 'GO_0051604'}"
b3893,"{'GO_0005886', 'GO_0006788', 'GO_0009326', 'GO_0016020', 'GO_0051539', 'GO_0046872', 'GO_0022904', 'GO_0019645', 'GO_0009061', 'GO_0036397', 'GO_0045333', 'GO_0015944'}"
b3894,"{'GO_0006788', 'GO_0042597', 'GO_0043546', 'GO_0016491', 'GO_0005829', 'GO_0006974', 'GO_0009326', 'GO_0008863', 'GO_0005515', 'GO_0019645', 'GO_0045333', 'GO_0047111', 'GO_0051539', 'GO_0046872', 'GO_0009055', 'GO_0015944', 'GO_0005886', 'GO_0016020', 'GO_0009061', 'GO_0036397'}"
b3895,"{'GO_0043546', 'GO_0005515', 'GO_0005737', 'GO_0016783', 'GO_0042803', 'GO_0006777', 'GO_0097163', 'GO_0005829'}"
b3897,"{'GO_0016301', 'GO_0016310', 'GO_0003677'}"
b3898,"{'GO_0008237', 'GO_0046872', 'GO_0004177', 'GO_0006508'}"
b3899,"{'GO_0005886', 'GO_1902600', 'GO_1990539', 'GO_0016020', 'GO_0009401', 'GO_0016310', 'GO_0022877', 'GO_1902495', 'GO_0005351', 'GO_0016301'}"
b3900,"{'GO_1990539', 'GO_0016020', 'GO_0009401', 'GO_0016310', 'GO_0005737', 'GO_1902495', 'GO_0008982', 'GO_0016301'}"
b3901,"{'GO_0005737', 'GO_0062192', 'GO_0019301', 'GO_0016857', 'GO_0042803', 'GO_0016853', 'GO_0019299'}"
b3902,"{'GO_0008994', 'GO_0042802', 'GO_0005737', 'GO_0005996', 'GO_0016830', 'GO_0046872', 'GO_0016829', 'GO_0019301', 'GO_0019299'}"
b3903,"{'GO_0042802', 'GO_0051289', 'GO_0005737', 'GO_0032991', 'GO_0033296', 'GO_0046872', 'GO_0019324', 'GO_0030145', 'GO_0019301', 'GO_0008270', 'GO_0016853', 'GO_0008740', 'GO_0019299'}"
b3904,"{'GO_0016310', 'GO_0046835', 'GO_0005524', 'GO_0019301', 'GO_0016301', 'GO_0008993', 'GO_0019299'}"
b3905,"{'GO_0003700', 'GO_0003677', 'GO_0005737', 'GO_0006355', 'GO_0043565', 'GO_0045893', 'GO_0019299'}"
b3906,"{'GO_0003700', 'GO_0003677', 'GO_0005737', 'GO_0006351', 'GO_0045893', 'GO_0043565', 'GO_0019299'}"
b3907,"{'GO_0005886', 'GO_0016020', 'GO_0015293', 'GO_0015153', 'GO_0015762', 'GO_0008645'}"
b3908,"{'GO_0009408', 'GO_0016209', 'GO_0003677', 'GO_0006979', 'GO_0005737', 'GO_0019430', 'GO_0016491', 'GO_0046872', 'GO_0006801', 'GO_0030145', 'GO_0071291', 'GO_0042803', 'GO_0004784', 'GO_0010447', 'GO_0005829'}"
b3909,"{'GO_0005886', 'GO_0016020', 'GO_0015293', 'GO_0046411', 'GO_0035429', 'GO_0008643', 'GO_0015649'}"
b3910,"{'GO_0030151', 'GO_0030170', 'GO_0003824', 'GO_0009407', 'GO_0009636', 'GO_0016661', 'GO_0042803', 'GO_0005829'}"
b3911,"{'GO_0000155', 'GO_0005886', 'GO_0016020', 'GO_0016310', 'GO_0042802', 'GO_0005515', 'GO_0004721', 'GO_0007155', 'GO_0005524', 'GO_0004673', 'GO_0043708', 'GO_0009314', 'GO_0036460', 'GO_0016301', 'GO_0000160', 'GO_0007165', 'GO_0018106'}"
b3912,"{'GO_0003700', 'GO_0003677', 'GO_0005515', 'GO_0005737', 'GO_0007155', 'GO_0010810', 'GO_0000156', 'GO_0045892', 'GO_0006355', 'GO_0005829', 'GO_0045893', 'GO_0000160'}"
b3915,"{'GO_0042802', 'GO_0015341', 'GO_0070574', 'GO_0046873', 'GO_0005381', 'GO_0015093', 'GO_0015086', 'GO_0140826', 'GO_0006882', 'GO_0046872', 'GO_0015297', 'GO_0055085', 'GO_0006829', 'GO_0005886', 'GO_0016020', 'GO_0006826', 'GO_0034755', 'GO_0006879', 'GO_0071577', 'GO_0005385'}"
b3916,"{'GO_0032553', 'GO_0016310', 'GO_0042802', 'GO_0051289', 'GO_0003872', 'GO_0005515', 'GO_0005737', 'GO_0046872', 'GO_0019003', 'GO_0005524', 'GO_0006007', 'GO_0006002', 'GO_0000287', 'GO_0006096', 'GO_0005829', 'GO_0016301', 'GO_0005945'}"
b3917,"{'GO_0006790', 'GO_1902358', 'GO_0016020', 'GO_0042597', 'GO_0030288', 'GO_0035796', 'GO_1901681', 'GO_0015709', 'GO_0043199'}"
b3918,"{'GO_0005886', 'GO_0016020', 'GO_0008715', 'GO_0046342', 'GO_0008654', 'GO_0016787'}"
b3919,"{'GO_0016020', 'GO_0042802', 'GO_0005515', 'GO_0005737', 'GO_0004807', 'GO_0006096', 'GO_0005829', 'GO_0016853', 'GO_0006094'}"
b3921,"{'GO_0005886', 'GO_0016020'}"
b3923,"{'GO_0000303', 'GO_0009411', 'GO_0005737', 'GO_0042594', 'GO_0042803', 'GO_0005829'}"
b3924,"{'GO_0000303', 'GO_0004324', 'GO_0005737', 'GO_0016226', 'GO_0016491', 'GO_0000166', 'GO_0071949', 'GO_0005829', 'GO_0009410'}"
b3926,"{'GO_0016310', 'GO_0042802', 'GO_0005975', 'GO_0005515', 'GO_0046872', 'GO_0005524', 'GO_0004370', 'GO_0006071', 'GO_0006072', 'GO_0008270', 'GO_0005829', 'GO_0016301', 'GO_0019563', 'GO_0006974'}"
b3927,"{'GO_0005886', 'GO_0015791', 'GO_0016020', 'GO_0005372', 'GO_0015254', 'GO_0055085', 'GO_0006833', 'GO_0015793', 'GO_0015267', 'GO_0071288', 'GO_0015168'}"
b3928,"{'GO_0043093', 'GO_0042802', 'GO_0005515', 'GO_0005737', 'GO_0051301', 'GO_0032153', 'GO_0000917', 'GO_0090529', 'GO_0005829'}"
b3929,"{'GO_0019899', 'GO_0042802', 'GO_0005515', 'GO_0005737', 'GO_0032991', 'GO_0051252', 'GO_0060698', 'GO_1902369', 'GO_0060699', 'GO_0005829', 'GO_0070207', 'GO_0008428'}"
b3931,"{'GO_0009408', 'GO_0042802', 'GO_0005524', 'GO_1901800', 'GO_0030164', 'GO_0005829', 'GO_0005515', 'GO_0008233', 'GO_0005737', 'GO_0006508', 'GO_0019904', 'GO_0034605', 'GO_0004176', 'GO_0009376', 'GO_0043335', 'GO_0016020', 'GO_0036402', 'GO_0016887', 'GO_0000287'}"
b3932,"{'GO_0051603', 'GO_0009408', 'GO_0042802', 'GO_0005524', 'GO_0030164', 'GO_0005829', 'GO_0005515', 'GO_0005839', 'GO_0030163', 'GO_0008233', 'GO_0004298', 'GO_0005737', 'GO_0046872', 'GO_0006508', 'GO_0019904', 'GO_0034605', 'GO_0004176', 'GO_0009376', 'GO_0000287'}"
b3933,"{'GO_0005886', 'GO_0043093', 'GO_0030428', 'GO_0005515', 'GO_0051301', 'GO_0042834', 'GO_1990586', 'GO_0032153', 'GO_0000917', 'GO_0000935', 'GO_0090529'}"
b3934,"{'GO_0003677', 'GO_0005515', 'GO_0045892', 'GO_0000976', 'GO_0006355', 'GO_0005829'}"
b3935,"{'GO_0005524', 'GO_1990159', 'GO_0016787', 'GO_0010332', 'GO_0006268', 'GO_0006310', 'GO_0005515', 'GO_0006276', 'GO_1990158', 'GO_0032508', 'GO_0043138', 'GO_0006260', 'GO_0003677', 'GO_0046872', 'GO_0006261', 'GO_0006302', 'GO_0031297', 'GO_0046677', 'GO_0006270', 'GO_0004386', 'GO_0008270', 'GO_0003678', 'GO_1990077', 'GO_0006269'}"
b3936,"{'GO_0019843', 'GO_0005737', 'GO_0006413', 'GO_0046872', 'GO_0003735', 'GO_0022625', 'GO_1904689', 'GO_0008270', 'GO_0002181', 'GO_0006412', 'GO_0005829', 'GO_1990904', 'GO_0005840'}"
b3938,"{'GO_0003700', 'GO_0003677', 'GO_0005515', 'GO_0005737', 'GO_0045892', 'GO_0006555', 'GO_0006355', 'GO_0005829', 'GO_0009086'}"
b3939,"{'GO_0016740', 'GO_0005737', 'GO_0003824', 'GO_0030170', 'GO_0003962', 'GO_0019346', 'GO_0009086'}"
b3940,"{'GO_0016310', 'GO_0009089', 'GO_0046872', 'GO_0009086', 'GO_0016491', 'GO_0050661', 'GO_0005524', 'GO_0009085', 'GO_0009090', 'GO_0009088', 'GO_0005829', 'GO_0004412', 'GO_0016301', 'GO_0004072', 'GO_0009067', 'GO_0070403'}"
b3942,"{'GO_0070301', 'GO_0004096', 'GO_0042802', 'GO_0042744', 'GO_0006979', 'GO_0046872', 'GO_0016491', 'GO_0098869', 'GO_0004601', 'GO_0005829', 'GO_0020037'}"
b3943,"{'GO_0005886', 'GO_0016020', 'GO_0055085', 'GO_0022857', 'GO_0000099', 'GO_0000101', 'GO_1905039'}"
b3945,"{'GO_0042802', 'GO_0051289', 'GO_0016616', 'GO_0032991', 'GO_0046872', 'GO_0016491', 'GO_0051596', 'GO_0008888', 'GO_0006071', 'GO_0016614', 'GO_0008270', 'GO_0005829', 'GO_0019147', 'GO_0019588'}"
b3946,"{'GO_0006000', 'GO_0005975', 'GO_0005737', 'GO_0016829', 'GO_0016832', 'GO_0097023', 'GO_0042182'}"
b3947,"{'GO_0008965', 'GO_1990539', 'GO_0009401', 'GO_0016310', 'GO_0005737', 'GO_0046872', 'GO_0016772', 'GO_1902495', 'GO_0016301'}"
b3949,"{'GO_0005886', 'GO_1902600', 'GO_1990539', 'GO_0016020', 'GO_0009401', 'GO_1902495', 'GO_0008982', 'GO_0005351'}"
b3950,"{'GO_1990539', 'GO_0016310', 'GO_0009401', 'GO_0022877', 'GO_0005737', 'GO_1902495', 'GO_0090582', 'GO_0016301'}"
b3951,"{'GO_0003824', 'GO_0016829'}"
b3952,"{'GO_0051539', 'GO_0005737', 'GO_0046872', 'GO_0016491', 'GO_0043365', 'GO_0006006'}"
b3953,"{'GO_1990539', 'GO_0016310', 'GO_0009401', 'GO_0022877', 'GO_0005737', 'GO_1902495', 'GO_0090582', 'GO_0016301'}"
b3954,"{'GO_0003700', 'GO_0043565', 'GO_0003677', 'GO_0006355'}"
b3955,"{'GO_0005886', 'GO_0016740', 'GO_0009244', 'GO_0016772', 'GO_0016776', 'GO_0009103'}"
b3956,"{'GO_0006107', 'GO_0015977', 'GO_0042802', 'GO_0051289', 'GO_0008964', 'GO_0016829', 'GO_0000287', 'GO_0005829', 'GO_0006099', 'GO_0006094'}"
b3957,"{'GO_0050897', 'GO_0005737', 'GO_0046872', 'GO_0008777', 'GO_0019213', 'GO_0008270', 'GO_0006526', 'GO_0016787'}"
b3958,"{'GO_0051287', 'GO_0005737', 'GO_0016491', 'GO_0003942', 'GO_0006526', 'GO_0070401'}"
b3959,"{'GO_0016310', 'GO_0005737', 'GO_0005524', 'GO_0042450', 'GO_0003991', 'GO_0006526', 'GO_0016301', 'GO_0006974'}"
b3960,"{'GO_0005737', 'GO_0016829', 'GO_0042450', 'GO_0006526', 'GO_0004056'}"
b3961,"{'GO_0003700', 'GO_0003677', 'GO_0006979', 'GO_0005515', 'GO_0051409', 'GO_2000142', 'GO_0006355', 'GO_0005829', 'GO_0000987', 'GO_0006974'}"
b3962,"{'GO_0006739', 'GO_0050660', 'GO_0042802', 'GO_0045454', 'GO_0005737', 'GO_0016491', 'GO_0003957', 'GO_0005829'}"
b3963,"{'GO_0003700', 'GO_0045717', 'GO_0003677', 'GO_0005737', 'GO_0006633', 'GO_0045892', 'GO_0006355', 'GO_0006631'}"
b3964,{'GO_0005886'}
b3965,"{'GO_0061818', 'GO_0019843', 'GO_0008757', 'GO_0006396', 'GO_0009451', 'GO_0030488', 'GO_0000049', 'GO_0030697', 'GO_0005829', 'GO_0008168', 'GO_0008033', 'GO_0032259'}"
b3966,"{'GO_0034220', 'GO_0035461', 'GO_0090482', 'GO_0015889', 'GO_0016020', 'GO_0046930', 'GO_0005515', 'GO_0046872', 'GO_0005509', 'GO_1902495', 'GO_0015288', 'GO_0019904', 'GO_0009279', 'GO_0006811', 'GO_0015420'}"
b3967,"{'GO_0008360', 'GO_0008881', 'GO_0005515', 'GO_0016853', 'GO_0009252', 'GO_0071555'}"
b3972,"{'GO_0050660', 'GO_0008360', 'GO_0005737', 'GO_0016491', 'GO_0051301', 'GO_0005829', 'GO_0071949', 'GO_0008762', 'GO_0009252', 'GO_0071555'}"
b3973,"{'GO_0016874', 'GO_0009102', 'GO_0003677', 'GO_0005515', 'GO_0017053', 'GO_0009374', 'GO_0004077', 'GO_0005524', 'GO_0006768', 'GO_0036211', 'GO_0000976', 'GO_0003676', 'GO_0006355', 'GO_0042803'}"
b3974,"{'GO_0004594', 'GO_0016310', 'GO_0050165', 'GO_0005737', 'GO_0005524', 'GO_0015937', 'GO_0042803', 'GO_0016301'}"
b3980,"{'GO_0005886', 'GO_0005525', 'GO_0032045', 'GO_0097216', 'GO_0005515', 'GO_0005737', 'GO_0006414', 'GO_0003723', 'GO_0006412', 'GO_0003746', 'GO_0003924', 'GO_0046677'}"
b3981,"{'GO_0005886', 'GO_0006605', 'GO_0016020', 'GO_0005515', 'GO_0015031', 'GO_0009306', 'GO_0043952', 'GO_0031522', 'GO_0065002', 'GO_0032978', 'GO_0006616', 'GO_0008320', 'GO_0006886'}"
b3982,"{'GO_0005515', 'GO_0042254', 'GO_0140673', 'GO_0006353', 'GO_0031564', 'GO_0006354', 'GO_0005829', 'GO_0032784'}"
b3983,"{'GO_1990904', 'GO_0019843', 'GO_0005515', 'GO_0005737', 'GO_0070180', 'GO_0003735', 'GO_0022625', 'GO_0000027', 'GO_0002181', 'GO_0006412', 'GO_0005829', 'GO_0006415', 'GO_0015968', 'GO_0005840'}"
b3984,"{'GO_0006417', 'GO_0019843', 'GO_0005515', 'GO_0005737', 'GO_0045947', 'GO_0003735', 'GO_0022625', 'GO_0003723', 'GO_0015934', 'GO_0000027', 'GO_0000049', 'GO_0002181', 'GO_0006412', 'GO_0005829', 'GO_1990904', 'GO_0005840'}"
b3985,"{'GO_0006417', 'GO_0017148', 'GO_0019843', 'GO_0005515', 'GO_0005737', 'GO_0070180', 'GO_0003735', 'GO_0022625', 'GO_0015934', 'GO_0043022', 'GO_0002181', 'GO_0006412', 'GO_0005829', 'GO_1990904', 'GO_0005840', 'GO_0003924'}"
b3986,"{'GO_1990904', 'GO_0005515', 'GO_0005737', 'GO_0003735', 'GO_0022625', 'GO_0015934', 'GO_0042803', 'GO_0002181', 'GO_0006412', 'GO_0005829', 'GO_0043022', 'GO_0005840', 'GO_0003924'}"
b3987,"{'GO_0009408', 'GO_0034062', 'GO_0044780', 'GO_0048870', 'GO_0005829', 'GO_0032784', 'GO_0071973', 'GO_0005515', 'GO_0003899', 'GO_0036460', 'GO_0032549', 'GO_0090605', 'GO_0003677', 'GO_0005737', 'GO_0006351', 'GO_0000345', 'GO_0006352', 'GO_0046677', 'GO_0000428', 'GO_0016020', 'GO_2000142', 'GO_0016779', 'GO_0006879', 'GO_0031564', 'GO_0042128'}"
b3988,"{'GO_0009408', 'GO_0034062', 'GO_0044780', 'GO_0048870', 'GO_0005829', 'GO_0032784', 'GO_0071973', 'GO_0005515', 'GO_0003899', 'GO_0036460', 'GO_0090605', 'GO_0003677', 'GO_0005737', 'GO_0046872', 'GO_0006351', 'GO_0000345', 'GO_0006352', 'GO_0046677', 'GO_0000428', 'GO_0016020', 'GO_2000142', 'GO_0016779', 'GO_0000287', 'GO_0006879', 'GO_0008270', 'GO_0031564', 'GO_0042128'}"
b3989,{'GO_0009408'}
b3990,"{'GO_0009228', 'GO_0044272', 'GO_0009229', 'GO_0005506', 'GO_0051539', 'GO_0005515', 'GO_0003824', 'GO_0046872', 'GO_0016829', 'GO_1902508', 'GO_0042364', 'GO_0006974', 'GO_0036355'}"
b3991,"{'GO_0009228', 'GO_0009229', 'GO_0016740', 'GO_0005515', 'GO_0005737', 'GO_1990107', 'GO_0016783', 'GO_1902508', 'GO_0005829'}"
b3992,"{'GO_0009228', 'GO_0008641', 'GO_0009229', 'GO_0070733', 'GO_0046872', 'GO_0005524', 'GO_0016779', 'GO_0008270', 'GO_0042803', 'GO_1902503', 'GO_0005829', 'GO_1990228', 'GO_0052837'}"
b3993,"{'GO_0009228', 'GO_0009229', 'GO_0016740', 'GO_0046872', 'GO_0004789', 'GO_0000287'}"
b3994,"{'GO_0009228', 'GO_0009229', 'GO_0051539', 'GO_0046872', 'GO_0016830', 'GO_0016829', 'GO_0008270', 'GO_0005829', 'GO_0051536'}"
b3995,"{'GO_0001000', 'GO_0005515', 'GO_0005737', 'GO_0010468', 'GO_0045892', 'GO_1903865', 'GO_0006355', 'GO_0015968', 'GO_0016989', 'GO_0030813'}"
b3996,"{'GO_0048255', 'GO_0110153', 'GO_0046872', 'GO_0035529', 'GO_0030145', 'GO_0006402', 'GO_0000287', 'GO_0008270', 'GO_0042803', 'GO_0110155', 'GO_0000210', 'GO_0016787'}"
b3997,"{'GO_0016831', 'GO_0006783', 'GO_0005737', 'GO_0006782', 'GO_0006785', 'GO_0004853', 'GO_0006779', 'GO_0005829', 'GO_0019353', 'GO_0006778', 'GO_0006780'}"
b3998,"{'GO_0043737', 'GO_0005515', 'GO_0005737', 'GO_0046872', 'GO_0004519', 'GO_0006281', 'GO_0000287', 'GO_0005829'}"
b3999,{'GO_0005829'}
b4000,"{'GO_0006270', 'GO_0036386', 'GO_1990178', 'GO_0009295', 'GO_0016020', 'GO_0003677', 'GO_0030527', 'GO_0005515', 'GO_0005737', 'GO_0042802', 'GO_1990103', 'GO_0006281', 'GO_0030261', 'GO_0006351', 'GO_0005829', 'GO_0006974'}"
b4002,"{'GO_0042597', 'GO_0042802', 'GO_0050897', 'GO_0030288', 'GO_0005507', 'GO_0008270', 'GO_0036460', 'GO_0016151'}"
b4003,"{'GO_0000155', 'GO_0005886', 'GO_0016020', 'GO_0016310', 'GO_0071284', 'GO_0005524', 'GO_0004673', 'GO_0036460', 'GO_0016301', 'GO_0000160', 'GO_0071294', 'GO_0007165', 'GO_0018106'}"
b4004,"{'GO_0003677', 'GO_0005737', 'GO_0000156', 'GO_0005524', 'GO_0016887', 'GO_0006355', 'GO_0043565', 'GO_0000160'}"
b4005,"{'GO_0004637', 'GO_0016874', 'GO_0006164', 'GO_0003824', 'GO_0046872', 'GO_0005524', 'GO_0016887', 'GO_0009113', 'GO_0006189', 'GO_0006974'}"
b4006,"{'GO_0006164', 'GO_0016740', 'GO_0004643', 'GO_0006189', 'GO_0003937', 'GO_0005829', 'GO_0016787'}"
b4011,"{'GO_0070301', 'GO_0071468', 'GO_0044011'}"
b4012,"{'GO_0016746', 'GO_0061733', 'GO_0016747'}"
b4013,"{'GO_0019281', 'GO_0004414', 'GO_0005737', 'GO_0016746', 'GO_0008899', 'GO_0042803', 'GO_0009086'}"
b4014,"{'GO_0016740', 'GO_0005737', 'GO_0004474', 'GO_0006097', 'GO_0006099'}"
b4015,"{'GO_0004451', 'GO_0046872', 'GO_0016829', 'GO_0019752', 'GO_0043169', 'GO_0005829', 'GO_0006097', 'GO_0006099'}"
b4016,"{'GO_0008772', 'GO_0016310', 'GO_0006099', 'GO_0005515', 'GO_0005737', 'GO_0016791', 'GO_0004721', 'GO_0006006', 'GO_0005524', 'GO_0016788', 'GO_0030145', 'GO_0000287', 'GO_0016208', 'GO_0004674', 'GO_0006097', 'GO_0004722'}"
b4018,"{'GO_0003677', 'GO_0005515', 'GO_0006355', 'GO_0005829', 'GO_0006097'}"
b4019,"{'GO_0050667', 'GO_0042558', 'GO_0035999', 'GO_0005515', 'GO_0005737', 'GO_0009086', 'GO_0046872', 'GO_0008705', 'GO_0008270', 'GO_0031419', 'GO_0005829', 'GO_0008168', 'GO_0032259'}"
b4020,"{'GO_0005886', 'GO_0016020', 'GO_0005436', 'GO_0005315', 'GO_0044341', 'GO_0098660', 'GO_0035435', 'GO_0035725'}"
b4021,"{'GO_0016805', 'GO_0005515', 'GO_0005737', 'GO_0008236', 'GO_0008233', 'GO_0006508'}"
b4022,"{'GO_0160138', 'GO_0006364', 'GO_0009982', 'GO_0001522', 'GO_0008033', 'GO_0120159', 'GO_0003723', 'GO_0031119', 'GO_0016853', 'GO_0000455', 'GO_0106029'}"
b4024,"{'GO_0016310', 'GO_0009089', 'GO_0005524', 'GO_0009085', 'GO_0009090', 'GO_0042803', 'GO_0005829', 'GO_0016301', 'GO_0004072'}"
b4025,"{'GO_0042802', 'GO_0005737', 'GO_0034599', 'GO_0004347', 'GO_0097367', 'GO_0042803', 'GO_0006096', 'GO_0005829', 'GO_0016853', 'GO_0006094'}"
b4026,"{'GO_0044010', 'GO_0045226'}"
b4027,"{'GO_0005886', 'GO_0045226'}"
b4028,{'GO_0045226'}
b4029,"{'GO_0005886', 'GO_0045226'}"
b4030,"{'GO_0005886', 'GO_0016036', 'GO_0016020'}"
b4031,"{'GO_0005886', 'GO_0015519', 'GO_0016020', 'GO_0015293', 'GO_0055085', 'GO_0022857', 'GO_0015753'}"
b4032,"{'GO_0005886', 'GO_0016020', 'GO_0005515', 'GO_1902344', 'GO_0015768', 'GO_0043190', 'GO_0055085', 'GO_1904981', 'GO_0042956', 'GO_1990154', 'GO_1990060', 'GO_0015423', 'GO_0034763'}"
b4033,"{'GO_0005886', 'GO_0016020', 'GO_0005515', 'GO_1902344', 'GO_0015768', 'GO_0043190', 'GO_0055085', 'GO_1904981', 'GO_0034763', 'GO_0042956', 'GO_1990154', 'GO_1990060', 'GO_0015423', 'GO_0006974'}"
b4034,"{'GO_0016020', 'GO_0034219', 'GO_0042597', 'GO_0005515', 'GO_0030288', 'GO_0015768', 'GO_0055052', 'GO_0043190', 'GO_0055085', 'GO_1901982', 'GO_0034289', 'GO_0060326', 'GO_0042956', 'GO_1990060', 'GO_0008643', 'GO_0006974', 'GO_0015144'}"
b4035,"{'GO_0005524', 'GO_0015423', 'GO_1990060', 'GO_0005515', 'GO_0008643', 'GO_0034763', 'GO_0015768', 'GO_0043190', 'GO_0055085', 'GO_0140297', 'GO_1904981', 'GO_0042956', 'GO_1990154', 'GO_0140359', 'GO_0005886', 'GO_0016020', 'GO_0032991', 'GO_1902344', 'GO_0016887'}"
b4036,"{'GO_0042956', 'GO_0042958', 'GO_0046930', 'GO_0034219', 'GO_0005363', 'GO_0005515', 'GO_0015768', 'GO_0046718', 'GO_1904981', 'GO_0001618', 'GO_0015481', 'GO_0015288', 'GO_0106234', 'GO_0009279', 'GO_0006811', 'GO_0006974'}"
b4037,"{'GO_0030288', 'GO_0008643', 'GO_0042597'}"
b4039,"{'GO_0008813', 'GO_0005515', 'GO_0006744', 'GO_0005737', 'GO_0016829', 'GO_0005829', 'GO_0042866'}"
b4040,"{'GO_0005886', 'GO_0016020', 'GO_0008412', 'GO_0004659', 'GO_0016740', 'GO_0006744', 'GO_0016765'}"
b4041,"{'GO_0005886', 'GO_0005515', 'GO_0016746', 'GO_0016024', 'GO_0004366', 'GO_0008654', 'GO_0006631'}"
b4042,"{'GO_0005886', 'GO_0009411', 'GO_0016020', 'GO_0016310', 'GO_0042802', 'GO_0046872', 'GO_0004143', 'GO_0006654', 'GO_0005524', 'GO_0008654', 'GO_0016301'}"
b4043,"{'GO_0006260', 'GO_0001217', 'GO_0042802', 'GO_0003677', 'GO_0005515', 'GO_0032993', 'GO_0045892', 'GO_0006281', 'GO_0004252', 'GO_0006351', 'GO_0009432', 'GO_0000976', 'GO_0006508', 'GO_0005829', 'GO_0016787', 'GO_0006974'}"
b4044,"{'GO_0005886', 'GO_0042908', 'GO_0016020', 'GO_0015297', 'GO_0055085', 'GO_0042910'}"
b4045,"{'GO_0005515', 'GO_0060187', 'GO_0005829'}"
b4046,"{'GO_0003700', 'GO_0001217', 'GO_0042802', 'GO_0003677', 'GO_0032993', 'GO_0006351', 'GO_0000976', 'GO_0006355'}"
b4049,"{'GO_0017150', 'GO_0002943', 'GO_0050660', 'GO_0102264', 'GO_0016491', 'GO_0102266', 'GO_0000049', 'GO_0005829', 'GO_0008033', 'GO_0010181'}"
b4050,"{'GO_0005515', 'GO_0005886', 'GO_0009271'}"
b4051,"{'GO_0003960', 'GO_0005515', 'GO_0016491', 'GO_0008270', 'GO_0042803', 'GO_0005829'}"
b4052,"{'GO_0042802', 'GO_0005524', 'GO_1990159', 'GO_0005829', 'GO_0030894', 'GO_0016853', 'GO_0016787', 'GO_0043139', 'GO_0006268', 'GO_0005515', 'GO_0033202', 'GO_1990158', 'GO_1990160', 'GO_1990100', 'GO_0032508', 'GO_0006260', 'GO_0003677', 'GO_1990156', 'GO_0031297', 'GO_0006270', 'GO_0010212', 'GO_0004386', 'GO_0016887', 'GO_0003678', 'GO_1990077', 'GO_0006269'}"
b4054,"{'GO_0008793', 'GO_0005829', 'GO_0030170', 'GO_0003824', 'GO_0008483', 'GO_0009058', 'GO_0008652', 'GO_0019292', 'GO_0052654', 'GO_0005737', 'GO_0004838', 'GO_0009073', 'GO_0033585', 'GO_0009094', 'GO_0009098', 'GO_0006532', 'GO_0006571', 'GO_0006520', 'GO_0080130', 'GO_0042803'}"
b4055,"{'GO_0036424', 'GO_0042597', 'GO_0042802', 'GO_0030288', 'GO_0046872', 'GO_0000287', 'GO_0003993', 'GO_0016787'}"
b4058,"{'GO_0042802', 'GO_0005524', 'GO_0006289', 'GO_0005829', 'GO_0005515', 'GO_0003824', 'GO_1990391', 'GO_0009381', 'GO_0003677', 'GO_0006294', 'GO_0005737', 'GO_0046872', 'GO_0009380', 'GO_0000715', 'GO_0004518', 'GO_0006281', 'GO_0009432', 'GO_0016887', 'GO_0009314', 'GO_0008270'}"
b4059,"{'GO_0003697', 'GO_0008047', 'GO_0006260', 'GO_0042802', 'GO_0003677', 'GO_0006310', 'GO_0005515', 'GO_0006261', 'GO_0006281', 'GO_0009432', 'GO_0000725', 'GO_0005829', 'GO_0030894', 'GO_0006298', 'GO_0044777'}"
b4061,"{'GO_0005886', 'GO_0030288', 'GO_0071111', 'GO_0005829', 'GO_0016787'}"
b4062,"{'GO_0003700', 'GO_0003677', 'GO_0001108', 'GO_0005737', 'GO_0006355', 'GO_0043565', 'GO_0000987'}"
b4063,"{'GO_0003700', 'GO_0003677', 'GO_0006979', 'GO_0005737', 'GO_0046872', 'GO_0051537', 'GO_0006355'}"
b4064,"{'GO_0005886', 'GO_0015208', 'GO_0016020', 'GO_0006863', 'GO_1904823', 'GO_0055085', 'GO_0005345', 'GO_0035344', 'GO_0015205', 'GO_0098710'}"
b4065,"{'GO_0005886', 'GO_1902600', 'GO_0016020', 'GO_0015385', 'GO_0015297', 'GO_0006814'}"
b4067,"{'GO_0005886', 'GO_0046942', 'GO_0015293', 'GO_0015710', 'GO_0006847', 'GO_0006814', 'GO_0015123', 'GO_0055085', 'GO_0043879', 'GO_0097339', 'GO_0015654'}"
b4068,{'GO_0005886'}
b4069,"{'GO_0016874', 'GO_0006935', 'GO_0018394', 'GO_0033558', 'GO_0046872', 'GO_0005524', 'GO_0045733', 'GO_0019427', 'GO_0003987', 'GO_0016208', 'GO_0034421', 'GO_0050218', 'GO_0005829', 'GO_0016877'}"
b4070,"{'GO_0042279', 'GO_0042597', 'GO_0005506', 'GO_0030288', 'GO_0016491', 'GO_0046872', 'GO_0005509', 'GO_0019645', 'GO_0016966', 'GO_0009061', 'GO_0020037', 'GO_0042128'}"
b4071,"{'GO_0042597', 'GO_0030288', 'GO_0009055', 'GO_0046872', 'GO_0019645', 'GO_0009061', 'GO_0020037', 'GO_0042279'}"
b4072,"{'GO_0005886', 'GO_0051539', 'GO_0046872', 'GO_0016491', 'GO_0019645', 'GO_0042279'}"
b4073,"{'GO_0005886', 'GO_0019645'}"
b4074,"{'GO_0005886', 'GO_0016020', 'GO_0015886', 'GO_0017004', 'GO_0020037', 'GO_0015232'}"
b4075,"{'GO_0005886', 'GO_0046872', 'GO_0042597'}"
b4076,{'GO_0005886'}
b4077,"{'GO_0005886', 'GO_1902600', 'GO_0006865', 'GO_0016020', 'GO_0006835', 'GO_0015293', 'GO_0055085', 'GO_0005280', 'GO_0046942', 'GO_0003333'}"
b4079,"{'GO_0045333', 'GO_0009326', 'GO_0016020', 'GO_0043546', 'GO_0008863', 'GO_0016903', 'GO_0005515', 'GO_0046872', 'GO_0016491', 'GO_0051539', 'GO_0005829', 'GO_1990204', 'GO_0006007', 'GO_0019645', 'GO_0009061', 'GO_0015942', 'GO_0019628', 'GO_0015944'}"
b4080,"{'GO_0015562', 'GO_0016020', 'GO_1990351', 'GO_0055085', 'GO_0009279', 'GO_0046677'}"
b4081,"{'GO_0005886', 'GO_0016020', 'GO_0015546', 'GO_1990351', 'GO_0005515', 'GO_1902599', 'GO_0055085', 'GO_0022857', 'GO_0046677'}"
b4082,"{'GO_0005886', 'GO_1990961', 'GO_0016020', 'GO_0015546', 'GO_1990351', 'GO_1902599', 'GO_0055085', 'GO_0042910', 'GO_0046677'}"
b4083,"{'GO_0018909', 'GO_0042597', 'GO_0030288', 'GO_0046872', 'GO_0018741', 'GO_0046983', 'GO_0016787'}"
b4084,"{'GO_0016310', 'GO_0046835', 'GO_0003824', 'GO_0051156', 'GO_0019316', 'GO_0005524', 'GO_0004340', 'GO_0008787', 'GO_0016301', 'GO_0019200'}"
b4085,"{'GO_0005975', 'GO_0046872', 'GO_0019316', 'GO_0034700', 'GO_0016853'}"
b4086,"{'GO_0005886', 'GO_0016020', 'GO_0055052', 'GO_0043190', 'GO_0055085', 'GO_0022857', 'GO_0015754', 'GO_0015752'}"
b4087,"{'GO_0005886', 'GO_0016020', 'GO_0055052', 'GO_0005524', 'GO_0016887', 'GO_0015754', 'GO_0015615', 'GO_0015752'}"
b4088,"{'GO_0016020', 'GO_0042597', 'GO_0055052', 'GO_0030288', 'GO_0030246', 'GO_0015754', 'GO_0048029', 'GO_0015752'}"
b4089,"{'GO_0003700', 'GO_1901135', 'GO_0003677', 'GO_0097367', 'GO_0045892', 'GO_0006355'}"
b4090,"{'GO_0005975', 'GO_0004751', 'GO_0005515', 'GO_0016861', 'GO_0019316', 'GO_0006098', 'GO_0016853', 'GO_0008786'}"
b4093,"{'GO_0016746', 'GO_0033051', 'GO_0061733', 'GO_0008080', 'GO_0016747'}"
b4095,"{'GO_0019700', 'GO_0016787', 'GO_0016810'}"
b4096,"{'GO_0019700', 'GO_0019634', 'GO_0061694', 'GO_0016740', 'GO_0005524', 'GO_0016887', 'GO_0061693', 'GO_0015716', 'GO_1904176'}"
b4097,"{'GO_0019700', 'GO_0019634', 'GO_0061694', 'GO_0005515', 'GO_0005524', 'GO_0016887', 'GO_0015716', 'GO_1904176', 'GO_0015833'}"
b4098,"{'GO_0019700', 'GO_0019634', 'GO_0051539', 'GO_0061694', 'GO_0005515', 'GO_0046872', 'GO_0016829', 'GO_0015716', 'GO_1904176', 'GO_0098848'}"
b4099,"{'GO_0019700', 'GO_0019634', 'GO_0061694', 'GO_0016740', 'GO_0005515', 'GO_0061693', 'GO_0015716', 'GO_1904176'}"
b4100,"{'GO_0019700', 'GO_0019634', 'GO_0042802', 'GO_0061694', 'GO_0016740', 'GO_0061693', 'GO_0015716', 'GO_1904176', 'GO_0042803'}"
b4101,"{'GO_0019700', 'GO_0019634', 'GO_0061694', 'GO_0016740', 'GO_0005515', 'GO_0061693', 'GO_0015716', 'GO_1904176'}"
b4102,"{'GO_0003700', 'GO_0015716', 'GO_0003677', 'GO_0006355'}"
b4103,"{'GO_0005886', 'GO_0055085', 'GO_0016020', 'GO_0015716'}"
b4105,"{'GO_0015716', 'GO_0043190', 'GO_0042597', 'GO_0055085'}"
b4106,"{'GO_0005886', 'GO_0016020', 'GO_0005524', 'GO_0016887', 'GO_0015716', 'GO_0015416'}"
b4108,{'GO_0005829'}
b4109,"{'GO_0005525', 'GO_0006260', 'GO_0005515', 'GO_0005737', 'GO_0043590', 'GO_1900231', 'GO_0003924', 'GO_0007059'}"
b4110,"{'GO_0005515', 'GO_1900231'}"
b4111,"{'GO_0005886', 'GO_0005297', 'GO_0071475', 'GO_0006865', 'GO_0016020', 'GO_0031460', 'GO_0071474', 'GO_0015293', 'GO_0005515', 'GO_0055085', 'GO_0042803', 'GO_0022857', 'GO_0007231', 'GO_1905647'}"
b4112,"{'GO_0000155', 'GO_0005886', 'GO_0016020', 'GO_0016310', 'GO_0004721', 'GO_0005524', 'GO_0004673', 'GO_0016301', 'GO_0010041', 'GO_0010043', 'GO_0000160', 'GO_0007165', 'GO_0018106'}"
b4113,"{'GO_0003677', 'GO_0005737', 'GO_0000156', 'GO_0006355', 'GO_0010041', 'GO_0000160', 'GO_0046677'}"
b4114,"{'GO_0005886', 'GO_0016020', 'GO_0016740', 'GO_0016772', 'GO_0009245', 'GO_0016776', 'GO_0046677', 'GO_0009103'}"
b4115,"{'GO_0005886', 'GO_0006865', 'GO_0016020', 'GO_1905039', 'GO_0015297', 'GO_0055085', 'GO_0043862', 'GO_0015695', 'GO_0022857', 'GO_1990451', 'GO_0003333'}"
b4116,"{'GO_0003700', 'GO_0003677', 'GO_0045893', 'GO_0043565', 'GO_0006355'}"
b4117,"{'GO_0016831', 'GO_0005737', 'GO_0030170', 'GO_0006520', 'GO_0006527', 'GO_0008792', 'GO_0005829', 'GO_0051454'}"
b4118,"{'GO_0003700', 'GO_0043565', 'GO_0003677', 'GO_0006355'}"
b4119,"{'GO_0004553', 'GO_0005995', 'GO_0005975', 'GO_0005515', 'GO_0016616', 'GO_0016798', 'GO_0046872', 'GO_0030145', 'GO_0005829', 'GO_0004557', 'GO_0070403'}"
b4120,"{'GO_0005886', 'GO_0043887', 'GO_0016020', 'GO_0034219', 'GO_0015293', 'GO_0005515', 'GO_0006814', 'GO_0015486', 'GO_0015769', 'GO_0055085', 'GO_0015592', 'GO_0015487', 'GO_0015765', 'GO_0008643', 'GO_0035725'}"
b4121,{'GO_0005886'}
b4123,"{'GO_0005886', 'GO_0016020', 'GO_0015293', 'GO_0005515', 'GO_0015297', 'GO_0055085', 'GO_0015556', 'GO_0015741', 'GO_0005469', 'GO_0009061', 'GO_0015740', 'GO_0071422'}"
b4124,"{'GO_0003700', 'GO_0003677', 'GO_0005737', 'GO_0001216', 'GO_0006351', 'GO_0042803', 'GO_0045893', 'GO_0000160'}"
b4125,"{'GO_0000155', 'GO_0005886', 'GO_0016310', 'GO_0042802', 'GO_0005515', 'GO_0030288', 'GO_0005524', 'GO_0004673', 'GO_0009365', 'GO_0006355', 'GO_0005829', 'GO_0016301', 'GO_0000160', 'GO_0007165', 'GO_0018106'}"
b4127,{'GO_0016747'}
b4128,"{'GO_0004519', 'GO_0004521'}"
b4130,"{'GO_0005886', 'GO_1902600', 'GO_0042937', 'GO_0016020', 'GO_0015293', 'GO_0006857', 'GO_0015031', 'GO_0035442', 'GO_0055085', 'GO_0015333', 'GO_1904680', 'GO_0015833', 'GO_0015078', 'GO_0035443', 'GO_0071916'}"
b4131,"{'GO_0016831', 'GO_0042802', 'GO_0097216', 'GO_0005515', 'GO_0005737', 'GO_0006520', 'GO_0008923', 'GO_0006554'}"
b4132,"{'GO_0005886', 'GO_0006865', 'GO_0016020', 'GO_0043872', 'GO_0015839', 'GO_0015293', 'GO_0015297', 'GO_1903401', 'GO_0055085', 'GO_0022857', 'GO_1990451'}"
b4133,"{'GO_0005886', 'GO_0003677', 'GO_0005515', 'GO_0042803', 'GO_0006355', 'GO_0045893', 'GO_0000160'}"
b4135,"{'GO_0080090', 'GO_0003677', 'GO_0009889'}"
b4136,"{'GO_0005886', 'GO_0047134', 'GO_0016020', 'GO_0015035', 'GO_0045454', 'GO_0005515', 'GO_0009055', 'GO_0016491', 'GO_0046688', 'GO_0015036', 'GO_0017004'}"
b4137,"{'GO_0005737', 'GO_0032991', 'GO_0046872', 'GO_0046688', 'GO_0010038', 'GO_0005507'}"
b4138,"{'GO_0005886', 'GO_0016020', 'GO_0015293', 'GO_0005515', 'GO_0015297', 'GO_0140009', 'GO_0015556', 'GO_0015741', 'GO_0005469', 'GO_0009061', 'GO_0015740', 'GO_0071422'}"
b4139,"{'GO_0006538', 'GO_0016020', 'GO_0042802', 'GO_0051289', 'GO_0005515', 'GO_0008797', 'GO_0006531', 'GO_0016829', 'GO_0005829', 'GO_0006533', 'GO_0019740', 'GO_0006099'}"
b4140,"{'GO_0005886', 'GO_0016020'}"
b4141,"{'GO_0005886', 'GO_0000102', 'GO_0015820', 'GO_0006865', 'GO_0016020', 'GO_0071230', 'GO_0005294', 'GO_0015297', 'GO_0055085', 'GO_0022857', 'GO_1903785', 'GO_1903714', 'GO_0015821'}"
b4142,"{'GO_0044183', 'GO_0009408', 'GO_0042802', 'GO_0051085', 'GO_1990220', 'GO_0005515', 'GO_0005737', 'GO_0005524', 'GO_0006457', 'GO_0005829', 'GO_0019068'}"
b4143,"{'GO_0051082', 'GO_0009408', 'GO_0016020', 'GO_0042802', 'GO_0051085', 'GO_0140662', 'GO_0005515', 'GO_0005737', 'GO_1990220', 'GO_0005524', 'GO_0016887', 'GO_0006457', 'GO_0009314', 'GO_0000287', 'GO_0042026', 'GO_0005829', 'GO_0019068', 'GO_0016853'}"
b4144,{'GO_0006974'}
b4147,"{'GO_0005737', 'GO_0006414', 'GO_0072344', 'GO_2001125', 'GO_0043022', 'GO_0006412', 'GO_0005829', 'GO_0003746', 'GO_0043043'}"
b4148,"{'GO_0005886', 'GO_1990961', 'GO_0015297', 'GO_0022857', 'GO_0006811'}"
b4149,"{'GO_0008289', 'GO_0006950', 'GO_0006974', 'GO_0009279'}"
b4150,"{'GO_0008800', 'GO_0042597', 'GO_0030288', 'GO_0046677', 'GO_0016787', 'GO_0017001'}"
b4151,"{'GO_0005886', 'GO_0016020', 'GO_0044780', 'GO_0006106', 'GO_0000104', 'GO_0019645', 'GO_0006113', 'GO_0009061', 'GO_0045283'}"
b4152,"{'GO_0005886', 'GO_0016020', 'GO_0044780', 'GO_0000104', 'GO_0019645', 'GO_0006113', 'GO_0009061', 'GO_0045283'}"
b4153,"{'GO_0005886', 'GO_0008177', 'GO_0016020', 'GO_0051539', 'GO_0044780', 'GO_0005515', 'GO_0046872', 'GO_0009055', 'GO_0016491', 'GO_0045283', 'GO_0051536', 'GO_0051538', 'GO_0019645', 'GO_0006113', 'GO_0051537', 'GO_0005829', 'GO_0006099', 'GO_0009061'}"
b4154,"{'GO_0005886', 'GO_0008177', 'GO_0050660', 'GO_0016020', 'GO_0044780', 'GO_0005515', 'GO_0009055', 'GO_0016491', 'GO_0000166', 'GO_0016627', 'GO_0045283', 'GO_0019645', 'GO_0071949', 'GO_0006113', 'GO_0005829', 'GO_0022900', 'GO_0006974', 'GO_0009061'}"
b4155,"{'GO_0016874', 'GO_0006430', 'GO_0005515', 'GO_0005737', 'GO_0043687', 'GO_0005524', 'GO_0042803', 'GO_0005829', 'GO_0016880', 'GO_0071468', 'GO_0004824', 'GO_0052868'}"
b4156,"{'GO_0005886', 'GO_0016020', 'GO_0055085', 'GO_0022857', 'GO_0003333'}"
b4158,{'GO_0005886'}
b4159,"{'GO_0005886', 'GO_0016020', 'GO_0008381', 'GO_0055085', 'GO_0071470', 'GO_0034220'}"
b4160,"{'GO_0005886', 'GO_0016831', 'GO_0031638', 'GO_0008654', 'GO_0042803', 'GO_0004609', 'GO_0016540', 'GO_0006646'}"
b4161,"{'GO_0005525', 'GO_0019843', 'GO_0097216', 'GO_0005515', 'GO_0005737', 'GO_0042254', 'GO_0042274', 'GO_0019003', 'GO_0046872', 'GO_0000028', 'GO_0005829', 'GO_0016787', 'GO_0003924'}"
b4162,"{'GO_0006401', 'GO_0008310', 'GO_0005737', 'GO_0046872', 'GO_0004527', 'GO_0000175', 'GO_0034611', 'GO_0003676', 'GO_0016896', 'GO_0005829', 'GO_0006259'}"
b4166,"{'GO_0008616', 'GO_0051539', 'GO_0005737', 'GO_0046872', 'GO_0016491', 'GO_0052693', 'GO_0006400', 'GO_0008033', 'GO_0051536'}"
b4167,"{'GO_0005515', 'GO_0046872', 'GO_0052856', 'GO_0005524', 'GO_0016829', 'GO_0046496', 'GO_0016836', 'GO_0016853', 'GO_0052855', 'GO_0110051'}"
b4168,"{'GO_0042802', 'GO_0005515', 'GO_0005737', 'GO_0043531', 'GO_0046872', 'GO_0005524', 'GO_0002949', 'GO_0016887', 'GO_0004672', 'GO_0008033', 'GO_1990145', 'GO_0000408'}"
b4169,"{'GO_0043093', 'GO_0042597', 'GO_0030288', 'GO_0051301', 'GO_0008745', 'GO_0016787', 'GO_0071555', 'GO_0009253'}"
b4170,"{'GO_0000018', 'GO_0042802', 'GO_0070716', 'GO_0003677', 'GO_0005515', 'GO_0017117', 'GO_0005524', 'GO_0006281', 'GO_0016887', 'GO_0032300', 'GO_0000717', 'GO_0140664', 'GO_0006298', 'GO_0030983'}"
b4171,"{'GO_0016740', 'GO_0052381', 'GO_0005524', 'GO_0006400', 'GO_1990497', 'GO_0034605', 'GO_0016765', 'GO_0008033'}"
b4172,"{'GO_0040033', 'GO_0003677', 'GO_0005515', 'GO_0003681', 'GO_0005524', 'GO_0003723', 'GO_0000049', 'GO_0043590', 'GO_0006355', 'GO_0005829', 'GO_0008033', 'GO_0140691', 'GO_0034337', 'GO_0045975'}"
b4173,"{'GO_0005525', 'GO_0009408', 'GO_0019843', 'GO_0032790', 'GO_0043023', 'GO_0097216', 'GO_0005737', 'GO_0046872', 'GO_0072344', 'GO_0005524', 'GO_0016887', 'GO_0019042', 'GO_0043022', 'GO_0005829', 'GO_0003924'}"
b4174,"{'GO_0005886', 'GO_0009408', 'GO_0016020', 'GO_0098796', 'GO_0005515', 'GO_0005829', 'GO_0098797'}"
b4175,"{'GO_0005886', 'GO_0009408', 'GO_0016020', 'GO_0098796', 'GO_0005515', 'GO_0052547', 'GO_0098797'}"
b4176,{'GO_0005886'}
b4177,"{'GO_0005525', 'GO_0015949', 'GO_0016020', 'GO_0006164', 'GO_0016874', 'GO_0044208', 'GO_0005515', 'GO_0005737', 'GO_0046872', 'GO_0097216', 'GO_0046086', 'GO_0000287', 'GO_0005829', 'GO_0004019', 'GO_0006974'}"
b4178,"{'GO_0003700', 'GO_0005506', 'GO_0003677', 'GO_0046872', 'GO_0045892', 'GO_0051537', 'GO_0006355', 'GO_0003690'}"
b4179,"{'GO_0004540', 'GO_0005515', 'GO_0005737', 'GO_0004527', 'GO_0016070', 'GO_0034458', 'GO_0003723', 'GO_0000175', 'GO_0006397', 'GO_0006402', 'GO_0006950', 'GO_0016896', 'GO_0005829', 'GO_0008859', 'GO_0009409'}"
b4180,"{'GO_0006364', 'GO_0005515', 'GO_0005737', 'GO_0006396', 'GO_0003723', 'GO_0070039', 'GO_0000451', 'GO_0005829', 'GO_0008168', 'GO_0008173', 'GO_0032259'}"
b4182,{'GO_0042802'}
b4184,{'GO_0005886'}
b4186,"{'GO_0046872', 'GO_0016874', 'GO_0005524'}"
b4187,"{'GO_0008470', 'GO_0042802', 'GO_0003677', 'GO_0003995', 'GO_0005515', 'GO_0005737', 'GO_0016491', 'GO_0045892', 'GO_0043565', 'GO_0006974'}"
b4188,"{'GO_0042597', 'GO_0061133'}"
b4189,"{'GO_0005886', 'GO_0044010', 'GO_0006974'}"
b4190,"{'GO_0008236', 'GO_0042803', 'GO_0006508', 'GO_0034338', 'GO_0016787'}"
b4191,"{'GO_0003700', 'GO_0031418', 'GO_0003677', 'GO_0005515', 'GO_0005737', 'GO_0045892', 'GO_0006351'}"
b4192,"{'GO_0005737', 'GO_0030145', 'GO_0035460', 'GO_0052689', 'GO_0016787', 'GO_0019854'}"
b4193,"{'GO_0005886', 'GO_0042802', 'GO_0009401', 'GO_0016020', 'GO_1902495', 'GO_0015882', 'GO_0090585'}"
b4194,"{'GO_0009401', 'GO_0016310', 'GO_0005737', 'GO_1902495', 'GO_0008982', 'GO_0015882', 'GO_0090585', 'GO_0016301'}"
b4195,"{'GO_0016310', 'GO_0009401', 'GO_0005737', 'GO_1902495', 'GO_0015882', 'GO_0090585', 'GO_0016301'}"
b4196,"{'GO_0016831', 'GO_0033982', 'GO_0004590', 'GO_0046872', 'GO_0000287', 'GO_0006207', 'GO_0019854'}"
b4197,"{'GO_0005975', 'GO_0016861', 'GO_0034015', 'GO_0019852', 'GO_0016853', 'GO_0019854'}"
b4198,"{'GO_0003824', 'GO_0005996', 'GO_0046872', 'GO_0008742', 'GO_0019852', 'GO_0008270', 'GO_0016853', 'GO_0019854'}"
b4199,{'GO_0042597'}
b4200,"{'GO_0019843', 'GO_0022627', 'GO_0005515', 'GO_0005737', 'GO_0003735', 'GO_0070181', 'GO_0002181', 'GO_0006412', 'GO_0005829', 'GO_1990904', 'GO_0005840', 'GO_0048027'}"
b4201,"{'GO_0003697', 'GO_0006270', 'GO_0006260', 'GO_0042802', 'GO_0003677', 'GO_1990099', 'GO_0005515', 'GO_0006276', 'GO_0031297', 'GO_0009314', 'GO_1990158', 'GO_0030894', 'GO_1990077', 'GO_0006269', 'GO_0006268'}"
b4202,"{'GO_0019843', 'GO_0022627', 'GO_0005515', 'GO_0005737', 'GO_0003735', 'GO_0070181', 'GO_0002181', 'GO_0006412', 'GO_0005829', 'GO_1990904', 'GO_0005840', 'GO_0048027'}"
b4203,"{'GO_0019843', 'GO_0005515', 'GO_0005737', 'GO_0070180', 'GO_0003735', 'GO_0022625', 'GO_0002181', 'GO_0006412', 'GO_0005829', 'GO_1990904', 'GO_0005840'}"
b4204,{'GO_0016020'}
b4206,"{'GO_0005886', 'GO_0051301', 'GO_0042834', 'GO_0043093'}"
b4207,"{'GO_0042597', 'GO_0042802', 'GO_0005737', 'GO_0006457', 'GO_0042803', 'GO_0005528', 'GO_0005829', 'GO_0003755', 'GO_0061077'}"
b4208,"{'GO_0005886', 'GO_0006865', 'GO_0015808', 'GO_0016020', 'GO_0015293', 'GO_0015816', 'GO_0042941', 'GO_0015180', 'GO_0001761', 'GO_0055085', 'GO_0042945', 'GO_0015187', 'GO_0042942', 'GO_0001762', 'GO_0042944'}"
b4209,"{'GO_0005506', 'GO_0006979', 'GO_0005515', 'GO_0005737', 'GO_0046872', 'GO_0030091', 'GO_0051409', 'GO_0098809', 'GO_0005829'}"
b4210,"{'GO_0005886', 'GO_0016020'}"
b4211,"{'GO_0003955', 'GO_0016491', 'GO_0008753', 'GO_0050136', 'GO_0016655', 'GO_0005829'}"
b4212,{'GO_0003677'}
b4216,{'GO_0042597'}
b4217,"{'GO_0005515', 'GO_0016036', 'GO_0015968', 'GO_0006979'}"
b4218,"{'GO_0005886', 'GO_0050660'}"
b4219,"{'GO_0006979', 'GO_0036456', 'GO_0016491', 'GO_0030091', 'GO_0036211', 'GO_0016671', 'GO_0008113', 'GO_0033744', 'GO_0005829'}"
b4220,"{'GO_0005886', 'GO_0005515', 'GO_0015031', 'GO_0009306', 'GO_0019867', 'GO_0089705', 'GO_0009279', 'GO_0097347'}"
b4221,"{'GO_0005886', 'GO_0005515', 'GO_0089705', 'GO_0009306', 'GO_0009279', 'GO_0097347'}"
b4222,"{'GO_0061929', 'GO_0005829'}"
b4224,"{'GO_0030307', 'GO_0003677', 'GO_0005515', 'GO_0097351', 'GO_0006355', 'GO_0110001', 'GO_0040008', 'GO_0044010'}"
b4225,"{'GO_0043488', 'GO_0003677', 'GO_0004519', 'GO_0003723', 'GO_0004521', 'GO_0016891', 'GO_0006355', 'GO_0030308', 'GO_0110001', 'GO_0040008', 'GO_0044010'}"
b4226,"{'GO_0016020', 'GO_0005515', 'GO_0005737', 'GO_0046872', 'GO_0004427', 'GO_0000287', 'GO_0008270', 'GO_0006796', 'GO_0005829', 'GO_0050355', 'GO_0016787'}"
b4227,"{'GO_0042597', 'GO_0055052', 'GO_0030288', 'GO_0140271', 'GO_0005534', 'GO_0030246', 'GO_0015757'}"
b4230,"{'GO_0005886', 'GO_0016020', 'GO_0005515', 'GO_0055052', 'GO_0055085', 'GO_0140271', 'GO_0022857'}"
b4231,"{'GO_0005886', 'GO_0016020', 'GO_0015399', 'GO_0055052', 'GO_0043190', 'GO_0055085', 'GO_0140271', 'GO_0022857'}"
b4234,"{'GO_0005737', 'GO_0043023', 'GO_0005829'}"
b4235,"{'GO_1905368', 'GO_0005515', 'GO_0008237', 'GO_0005737', 'GO_0016485', 'GO_0006508', 'GO_0005829'}"
b4237,"{'GO_0004748', 'GO_0015949', 'GO_0051539', 'GO_0005515', 'GO_0005737', 'GO_0016491', 'GO_0043365', 'GO_0046872', 'GO_0009265', 'GO_0031250', 'GO_0051536'}"
b4238,"{'GO_0004748', 'GO_0032556', 'GO_0006260', 'GO_0015949', 'GO_0032567', 'GO_0005515', 'GO_0046872', 'GO_0016491', 'GO_0005524', 'GO_0008998', 'GO_0008270', 'GO_0009265', 'GO_0031250', 'GO_0032564'}"
b4239,"{'GO_0005737', 'GO_0016798', 'GO_0005993', 'GO_0005829', 'GO_0006974', 'GO_0008788'}"
b4240,"{'GO_0005886', 'GO_0009401', 'GO_0015771', 'GO_0016020', 'GO_0016310', 'GO_0005515', 'GO_0008982', 'GO_0090589', 'GO_0015574', 'GO_0016301'}"
b4241,"{'GO_0003700', 'GO_0003677', 'GO_0005991', 'GO_0045892', 'GO_0006355'}"
b4243,"{'GO_0051082', 'GO_0120243', 'GO_0016020', 'GO_0042802', 'GO_0005737', 'GO_0009097', 'GO_0032991', 'GO_0120241', 'GO_0009636', 'GO_0019239', 'GO_0120242', 'GO_0005829', 'GO_0016787', 'GO_0070207'}"
b4244,"{'GO_0009347', 'GO_0005515', 'GO_0005737', 'GO_0046872', 'GO_0008270', 'GO_0006207', 'GO_0006221'}"
b4245,"{'GO_0044205', 'GO_0009347', 'GO_0016597', 'GO_0042802', 'GO_0016740', 'GO_0005515', 'GO_0005737', 'GO_0006520', 'GO_0004070', 'GO_0006207', 'GO_0005829', 'GO_0006221', 'GO_0070207'}"
b4246,"{'GO_0019856', 'GO_0006221', 'GO_0031555'}"
b4248,{'GO_0005515'}
b4249,"{'GO_0070402', 'GO_0016491', 'GO_0042803', 'GO_0035438', 'GO_0044010'}"
b4251,"{'GO_0080090', 'GO_0045892', 'GO_0003677', 'GO_0009889'}"
b4252,"{'GO_0044010', 'GO_0005829'}"
b4253,{'GO_0005515'}
b4254,"{'GO_0006591', 'GO_0019240', 'GO_0016740', 'GO_0005737', 'GO_0046872', 'GO_0004585', 'GO_0042450', 'GO_0016597', 'GO_0006526'}"
b4255,"{'GO_0019899', 'GO_0005515', 'GO_0005737', 'GO_0060698', 'GO_0006402', 'GO_0042803', 'GO_0060699', 'GO_0005829', 'GO_0008428'}"
b4256,"{'GO_0016746', 'GO_0008080'}"
b4257,{'GO_0005886'}
b4258,"{'GO_0006418', 'GO_0061475', 'GO_0005737', 'GO_0006438', 'GO_0005524', 'GO_0106074', 'GO_0000287', 'GO_0006412', 'GO_0045903', 'GO_0005829', 'GO_0002161', 'GO_0004832', 'GO_0004812'}"
b4259,"{'GO_0043846', 'GO_0006260', 'GO_0003677', 'GO_0009360', 'GO_0005515', 'GO_0003887', 'GO_0006261', 'GO_0071897', 'GO_0009314', 'GO_0032298', 'GO_0030894'}"
b4260,"{'GO_0070006', 'GO_0003677', 'GO_0005737', 'GO_0006276', 'GO_0042150', 'GO_0046872', 'GO_0030145', 'GO_0006351', 'GO_0008235', 'GO_0031564', 'GO_0006508', 'GO_0004177', 'GO_0001073', 'GO_0043171'}"
b4261,"{'GO_0005886', 'GO_0016020', 'GO_1990351', 'GO_0005515', 'GO_0043190', 'GO_0055085', 'GO_0015920', 'GO_0043165'}"
b4262,"{'GO_0005886', 'GO_0016020', 'GO_1990351', 'GO_0005515', 'GO_0043190', 'GO_0055085', 'GO_0015920', 'GO_0043165'}"
b4264,"{'GO_0019521', 'GO_0003677', 'GO_0006355'}"
b4265,"{'GO_0005886', 'GO_0016020', 'GO_0015128', 'GO_0015726', 'GO_0046183', 'GO_0019521', 'GO_0035429', 'GO_0015568', 'GO_0008643'}"
b4266,"{'GO_0046183', 'GO_0016491', 'GO_0008874', 'GO_0042803'}"
b4267,"{'GO_0005515', 'GO_0046872', 'GO_0016491', 'GO_0102198', 'GO_0050572', 'GO_0046183', 'GO_0019521'}"
b4268,"{'GO_0016310', 'GO_0005975', 'GO_0005524', 'GO_0046183', 'GO_0019521', 'GO_0046316', 'GO_0016301', 'GO_0046177'}"
b4269,"{'GO_0016616', 'GO_0046872', 'GO_0016491', 'GO_0008106', 'GO_0008270', 'GO_0042803', 'GO_0006631'}"
b4272,"{'GO_0006310', 'GO_0003677', 'GO_0004803', 'GO_0032196', 'GO_0006313'}"
b4273,"{'GO_0006310', 'GO_0003677', 'GO_0015074', 'GO_0003676', 'GO_0032196'}"
b4278,"{'GO_0006310', 'GO_0003677', 'GO_0004803', 'GO_0032196', 'GO_0006313'}"
b4279,"{'GO_0005886', 'GO_1905039', 'GO_0055085', 'GO_0022857'}"
b4282,"{'GO_0005886', 'GO_0055085', 'GO_0022857'}"
b4284,"{'GO_0006310', 'GO_0003677', 'GO_0015074', 'GO_0004803', 'GO_0032196', 'GO_0006313'}"
b4285,"{'GO_0006310', 'GO_0003677', 'GO_0015074', 'GO_0003676', 'GO_0032196'}"
b4287,"{'GO_0005886', 'GO_0016020', 'GO_0055052', 'GO_0042626', 'GO_0005524', 'GO_0016887', 'GO_0006826', 'GO_0055085', 'GO_0006879', 'GO_0033212'}"
b4288,"{'GO_0005886', 'GO_0015603', 'GO_0016020', 'GO_0033214', 'GO_0005515', 'GO_0055052', 'GO_0055085', 'GO_0006826', 'GO_0006879', 'GO_0022857', 'GO_0033212'}"
b4289,"{'GO_0005886', 'GO_0015603', 'GO_0016020', 'GO_0033214', 'GO_0005515', 'GO_0055052', 'GO_0055085', 'GO_0006826', 'GO_0006879', 'GO_0022857', 'GO_0033212'}"
b4290,"{'GO_0016020', 'GO_0042597', 'GO_0033214', 'GO_0005515', 'GO_0030288', 'GO_0055052', 'GO_0010039', 'GO_0006826', 'GO_0006879', 'GO_0033212'}"
b4291,"{'GO_0016020', 'GO_0033214', 'GO_0005515', 'GO_0015343', 'GO_1902495', 'GO_0006826', 'GO_0015891', 'GO_0044718', 'GO_1990641', 'GO_0006879', 'GO_0006355', 'GO_0009279', 'GO_0038023', 'GO_0023019'}"
b4292,"{'GO_0005886', 'GO_0005515', 'GO_0045892', 'GO_0006826', 'GO_0004888', 'GO_2000142', 'GO_0006879', 'GO_0023019'}"
b4293,"{'GO_0003677', 'GO_0001000', 'GO_0001046', 'GO_0005515', 'GO_0006826', 'GO_0006351', 'GO_2000142', 'GO_0006879', 'GO_0016987', 'GO_0006355', 'GO_0000345', 'GO_0006352'}"
b4294,"{'GO_0032196', 'GO_0006310', 'GO_0006313'}"
b4295,"{'GO_0030246', 'GO_0003677', 'GO_0005829'}"
b4296,"{'GO_0005886', 'GO_0035429', 'GO_0016020', 'GO_0015128'}"
b4297,"{'GO_0016829', 'GO_0019752', 'GO_0050401', 'GO_0016836', 'GO_0046176'}"
b4298,"{'GO_0005737', 'GO_0047440', 'GO_0016829', 'GO_0046176'}"
b4299,"{'GO_0003677', 'GO_0006355'}"
b4300,"{'GO_0003700', 'GO_0003677', 'GO_0006355'}"
b4301,"{'GO_0046872', 'GO_0016857', 'GO_0016853', 'GO_0005975'}"
b4302,"{'GO_0015795', 'GO_0009401', 'GO_0016310', 'GO_0005737', 'GO_1902495', 'GO_0016301', 'GO_0008643'}"
b4304,"{'GO_0005886', 'GO_0015795', 'GO_0009401', 'GO_0016020', 'GO_1902495', 'GO_0015577', 'GO_0015796', 'GO_0008643'}"
b4305,"{'GO_0008237', 'GO_0046872', 'GO_0004177', 'GO_0006508'}"
b4306,{'GO_0016020'}
b4307,"{'GO_0005515', 'GO_0016747', 'GO_0016746'}"
b4309,"{'GO_0042597', 'GO_0001681', 'GO_0016788', 'GO_0019752', 'GO_0016787', 'GO_0006054'}"
b4310,"{'GO_0042597', 'GO_0030288', 'GO_0016857', 'GO_0042803', 'GO_0019262', 'GO_0016853'}"
b4311,"{'GO_0046930', 'GO_0055085', 'GO_0015478', 'GO_0015772', 'GO_0015288', 'GO_0015739', 'GO_0009279', 'GO_0015136', 'GO_0006811'}"
b4312,"{'GO_0006310', 'GO_0003677', 'GO_0015074', 'GO_0043565', 'GO_0006974'}"
b4313,"{'GO_0006310', 'GO_0015074', 'GO_0003677', 'GO_0043565'}"
b4315,"{'GO_0009297', 'GO_0007155', 'GO_0009289'}"
b4316,"{'GO_0044183', 'GO_0042597', 'GO_0005515', 'GO_0030288', 'GO_0071555', 'GO_0061077'}"
b4317,"{'GO_0015473', 'GO_0016020', 'GO_0005515', 'GO_0055085', 'GO_0009297', 'GO_0009279'}"
b4318,"{'GO_0031589', 'GO_0007155', 'GO_0009419', 'GO_0009297', 'GO_0009289', 'GO_0007638'}"
b4319,"{'GO_0031589', 'GO_0005515', 'GO_0007155', 'GO_0009419', 'GO_0009289', 'GO_0007638'}"
b4320,"{'GO_0031589', 'GO_0033644', 'GO_0005515', 'GO_0007155', 'GO_0005537', 'GO_0009419', 'GO_0009289', 'GO_0007638'}"
b4321,"{'GO_0005886', 'GO_1902600', 'GO_0016020', 'GO_0015128', 'GO_0034219', 'GO_0005351', 'GO_0019521', 'GO_0035429', 'GO_0046177'}"
b4322,"{'GO_0008927', 'GO_0008198', 'GO_0016829', 'GO_0030145', 'GO_0042840', 'GO_0006064', 'GO_0006974'}"
b4323,"{'GO_0016616', 'GO_0016491', 'GO_0008866', 'GO_0019594', 'GO_0042840'}"
b4324,"{'GO_0003700', 'GO_0006351', 'GO_0003677', 'GO_0006355'}"
b4326,"{'GO_0042177', 'GO_0005515', 'GO_0005737', 'GO_0034599', 'GO_0045893', 'GO_0043856', 'GO_0006974'}"
b4327,"{'GO_0003700', 'GO_0042802', 'GO_0003677', 'GO_0000976', 'GO_0006355'}"
b4328,"{'GO_0016810', 'GO_0042802', 'GO_0005737', 'GO_0008237', 'GO_0046872', 'GO_0008270', 'GO_0008798', 'GO_0006508', 'GO_0005829'}"
b4329,{'GO_0005886'}
b4330,{'GO_0005886'}
b4331,"{'GO_0016772', 'GO_0003950', 'GO_0006388', 'GO_0016740'}"
b4332,{'GO_0005886'}
b4333,{'GO_0005886'}
b4334,"{'GO_0046872', 'GO_0051539'}"
b4335,"{'GO_0016829', 'GO_0006974'}"
b4336,{'GO_0005886'}
b4337,"{'GO_0005886', 'GO_1902600', 'GO_1990961', 'GO_0097623', 'GO_0016020', 'GO_0015385', 'GO_0015297', 'GO_0006814', 'GO_0030641', 'GO_0055085', 'GO_0015125', 'GO_0036376', 'GO_0006813', 'GO_0022857', 'GO_0015721', 'GO_0015386', 'GO_0046677'}"
b4338,{'GO_0044010'}
b4340,"{'GO_0003700', 'GO_0003677', 'GO_0030170', 'GO_0003824', 'GO_0008483', 'GO_0009058', 'GO_0006355'}"
b4345,"{'GO_0005515', 'GO_0032067', 'GO_1905348', 'GO_0009307'}"
b4346,"{'GO_0010385', 'GO_0005525', 'GO_0042802', 'GO_0003677', 'GO_0009307', 'GO_0005515', 'GO_1905348', 'GO_0004519', 'GO_0005524', 'GO_0016887', 'GO_0044729', 'GO_0003924'}"
b4347,"{'GO_0036386', 'GO_0042802', 'GO_0003677', 'GO_0005737', 'GO_0016070', 'GO_0004519', 'GO_0003723', 'GO_0004521', 'GO_0009432', 'GO_0043590', 'GO_0090143', 'GO_0006974'}"
b4348,"{'GO_0019812', 'GO_0003677', 'GO_0009307'}"
b4349,"{'GO_0008170', 'GO_0019812', 'GO_0003677', 'GO_0009307', 'GO_0005515', 'GO_0005829', 'GO_0008168', 'GO_0009007', 'GO_0032259'}"
b4350,"{'GO_0019812', 'GO_0003677', 'GO_0009307', 'GO_0004519', 'GO_0004386', 'GO_0005524', 'GO_0009035', 'GO_0006304', 'GO_0005829'}"
b4351,"{'GO_0003677', 'GO_0009307', 'GO_0015666', 'GO_0004519', 'GO_0051599', 'GO_0032067', 'GO_0043590'}"
b4352,"{'GO_0005525', 'GO_0042802', 'GO_0046872', 'GO_0005829', 'GO_0016787', 'GO_0003924', 'GO_0046914', 'GO_0006974'}"
b4353,{'GO_0006974'}
b4354,"{'GO_0005477', 'GO_0005886', 'GO_0016020', 'GO_0009267', 'GO_0031669', 'GO_0015293', 'GO_0005515', 'GO_0006849', 'GO_0006974'}"
b4355,"{'GO_0005886', 'GO_0016020', 'GO_0042802', 'GO_0071230', 'GO_0005515', 'GO_0006935', 'GO_0007172', 'GO_0050920', 'GO_0048870', 'GO_0004888', 'GO_0043113', 'GO_1902021', 'GO_0009593', 'GO_0098561', 'GO_0032110', 'GO_0007165'}"
b4356,"{'GO_0005886', 'GO_0016020', 'GO_0055085', 'GO_0042873', 'GO_0022857'}"
b4357,"{'GO_0003700', 'GO_0019584', 'GO_0003677', 'GO_0006355'}"
b4358,"{'GO_0034195', 'GO_0016616', 'GO_0046872', 'GO_0016491', 'GO_0008270'}"
b4359,"{'GO_0005886', 'GO_0008960', 'GO_0016020', 'GO_0016740', 'GO_0009250'}"
b4360,{'GO_0005829'}
b4361,"{'GO_0006270', 'GO_0006260', 'GO_0003677', 'GO_0005515', 'GO_0005524', 'GO_0016887', 'GO_0031297', 'GO_1990159', 'GO_1990158', 'GO_0006271', 'GO_1990160', 'GO_1990100', 'GO_1990077', 'GO_0006269', 'GO_0016787', 'GO_0006268'}"
b4362,"{'GO_0003697', 'GO_0006260', 'GO_0042802', 'GO_0005515', 'GO_0006261', 'GO_0031297', 'GO_1990159', 'GO_0000287', 'GO_1990158', 'GO_1990077', 'GO_0006269', 'GO_0070207', 'GO_0006268'}"
b4363,"{'GO_0005886', 'GO_0006970', 'GO_1901652', 'GO_0015744'}"
b4364,"{'GO_0005886', 'GO_0055085', 'GO_0022857', 'GO_0015744'}"
b4365,"{'GO_0051595', 'GO_0003677', 'GO_0006355'}"
b4366,"{'GO_0003700', 'GO_0005667', 'GO_0003677', 'GO_0005515', 'GO_0009314', 'GO_0006355', 'GO_0045893', 'GO_0043470'}"
b4367,"{'GO_0005886', 'GO_0000293', 'GO_0005737', 'GO_0003824', 'GO_0016491', 'GO_0033214', 'GO_0046872', 'GO_0016722', 'GO_0051537', 'GO_0005829', 'GO_0033215'}"
b4371,"{'GO_0008990', 'GO_0008170', 'GO_0006364', 'GO_0005515', 'GO_0005737', 'GO_0008757', 'GO_0043414', 'GO_0070475', 'GO_0003676', 'GO_0031167', 'GO_0005829', 'GO_0008168', 'GO_0052914', 'GO_0140691', 'GO_0034337', 'GO_0032259'}"
b4372,"{'GO_0043846', 'GO_0006260', 'GO_0009360', 'GO_0005515', 'GO_0003887', 'GO_0006261', 'GO_0071897', 'GO_0009314', 'GO_0008408', 'GO_0030894'}"
b4373,"{'GO_0008999', 'GO_0005737', 'GO_0016746', 'GO_0036211', 'GO_0006474', 'GO_0061733', 'GO_0008080'}"
b4374,"{'GO_0106411', 'GO_0005737', 'GO_0046872', 'GO_0008253', 'GO_0002953', 'GO_0000166', 'GO_0016791', 'GO_0030145', 'GO_0043100', 'GO_0050340', 'GO_0019859', 'GO_0016787', 'GO_0009410'}"
b4375,"{'GO_0005525', 'GO_0097216', 'GO_0005515', 'GO_0005737', 'GO_0016149', 'GO_0019003', 'GO_0016150', 'GO_0006412', 'GO_0006415', 'GO_0005829', 'GO_0006449', 'GO_1990145', 'GO_0003924'}"
b4376,"{'GO_0042597', 'GO_0005515', 'GO_0030288', 'GO_0006972', 'GO_0061077'}"
b4377,"{'GO_0006629', 'GO_0016787', 'GO_0016042', 'GO_0006974'}"
b4378,"{'GO_0005515', 'GO_0046872', 'GO_0016787', 'GO_0016788'}"
b4379,"{'GO_0005515', 'GO_0046872', 'GO_0016491', 'GO_0051539'}"
b4380,"{'GO_0005515', 'GO_0009061'}"
b4381,"{'GO_0015949', 'GO_0016020', 'GO_0005737', 'GO_0003824', 'GO_0016829', 'GO_0046386', 'GO_0004139', 'GO_0005829', 'GO_0006974', 'GO_0009264', 'GO_0006018', 'GO_0016052'}"
b4382,"{'GO_0016757', 'GO_0016020', 'GO_0006213', 'GO_0004645', 'GO_0009032', 'GO_0016763', 'GO_0005829', 'GO_0006206', 'GO_0046104', 'GO_0006974'}"
b4383,"{'GO_0006015', 'GO_0016853', 'GO_0005737', 'GO_0043094', 'GO_0008973', 'GO_0046872', 'GO_0030145', 'GO_0000287', 'GO_0005829', 'GO_0006974', 'GO_0009264', 'GO_0006018', 'GO_0009117'}"
b4384,"{'GO_0009116', 'GO_0016020', 'GO_0016757', 'GO_0009164', 'GO_0042802', 'GO_0005737', 'GO_0004731', 'GO_0047975', 'GO_0042278', 'GO_0005829', 'GO_0019686', 'GO_0006974', 'GO_0006152'}"
b4385,"{'GO_0016310', 'GO_0003677', 'GO_0035821', 'GO_0090729', 'GO_0016301'}"
b4386,"{'GO_0016979', 'GO_0016874', 'GO_0017118', 'GO_0005737', 'GO_0005829', 'GO_0005524', 'GO_0009249'}"
b4387,{'GO_0005886'}
b4388,"{'GO_0036424', 'GO_0005737', 'GO_0046872', 'GO_0016791', 'GO_0000287', 'GO_0006564', 'GO_0016787', 'GO_0008652'}"
b4389,"{'GO_0003697', 'GO_0003677', 'GO_0140664', 'GO_0003684', 'GO_0046872', 'GO_0005524', 'GO_0006281', 'GO_0016887', 'GO_0009314', 'GO_0000725', 'GO_0016787', 'GO_0008094'}"
b4390,"{'GO_0005886', 'GO_0000987', 'GO_0016310', 'GO_0003677', 'GO_0042802', 'GO_0005737', 'GO_0010446', 'GO_0051289', 'GO_0071248', 'GO_0005524', 'GO_0050262', 'GO_0000287', 'GO_0019363', 'GO_1902494', 'GO_1902503', 'GO_0016301', 'GO_0009435', 'GO_0000309'}"
b4391,"{'GO_0006417', 'GO_0019843', 'GO_0005737', 'GO_0005524', 'GO_0016887', 'GO_0000049', 'GO_0043022', 'GO_0006412', 'GO_0045900', 'GO_0016787'}"
b4392,"{'GO_0016020', 'GO_0004553', 'GO_0042597', 'GO_0005515', 'GO_0030288', 'GO_0008932', 'GO_0016829', 'GO_0009274', 'GO_0000270', 'GO_0008933', 'GO_0071555', 'GO_0009253'}"
b4393,"{'GO_0003700', 'GO_0003677', 'GO_0005737', 'GO_0045892', 'GO_0006355', 'GO_0043565'}"
b4394,"{'GO_0017111', 'GO_0046872', 'GO_0000166', 'GO_0000287', 'GO_0042803', 'GO_0103023', 'GO_0016787', 'GO_0006772', 'GO_0046677', 'GO_0009117'}"
b4395,"{'GO_0004619', 'GO_0006096', 'GO_0016853'}"
b4396,"{'GO_0003700', 'GO_0003677', 'GO_0005829', 'GO_0006355', 'GO_0043565'}"
b4397,{'GO_0005829'}
b4398,"{'GO_0042802', 'GO_0003677', 'GO_0005737', 'GO_0006355', 'GO_0045893', 'GO_0000160', 'GO_0000987'}"
b4399,"{'GO_0000155', 'GO_0005886', 'GO_0016020', 'GO_0016310', 'GO_0005524', 'GO_0004673', 'GO_0019660', 'GO_0016301', 'GO_0000160', 'GO_0007165', 'GO_0018106'}"
b4400,{'GO_0005886'}
b4401,"{'GO_0003700', 'GO_0001217', 'GO_0042802', 'GO_0003677', 'GO_0005515', 'GO_0005737', 'GO_0032993', 'GO_0000156', 'GO_0045892', 'GO_0000976', 'GO_0006355', 'GO_0005829', 'GO_0045893', 'GO_0000160'}"
b4403,"{'GO_0006396', 'GO_0003723', 'GO_0042803', 'GO_0005829', 'GO_0008168', 'GO_0008173', 'GO_0032259'}"
b4407,"{'GO_0009228', 'GO_0009229', 'GO_0000166', 'GO_0097163', 'GO_1902503', 'GO_1990228', 'GO_0052837'}"
b4409,"{'GO_0005886', 'GO_0016020', 'GO_0005515', 'GO_0051301', 'GO_0036460', 'GO_0000935', 'GO_0033554', 'GO_0046677'}"
b4410,"{'GO_0005886', 'GO_0016020', 'GO_0009636'}"
b4411,"{'GO_0005886', 'GO_0016020', 'GO_0009636'}"
b4415,"{'GO_0005886', 'GO_0016020', 'GO_0006974'}"
b4419,{'GO_0005886'}
b4421,{'GO_0005886'}
b4423,{'GO_0005886'}
b4428,"{'GO_0005886', 'GO_0016020', 'GO_0022611'}"
b4453,{'GO_0005886'}
b4455,"{'GO_0005886', 'GO_0016020'}"
b4460,"{'GO_0005886', 'GO_0016020', 'GO_0055052', 'GO_0055085', 'GO_0022857', 'GO_0015751', 'GO_0015147', 'GO_0042882'}"
b4463,"{'GO_0008609', 'GO_0016491', 'GO_0071949', 'GO_0008610', 'GO_0005777'}"
b4464,"{'GO_0005886', 'GO_0015208', 'GO_0016020', 'GO_1904823', 'GO_0055085', 'GO_0015205', 'GO_0035344', 'GO_0098710'}"
b4465,{'GO_0016491'}
b4467,"{'GO_0005886', 'GO_0046296', 'GO_0051539', 'GO_0046872', 'GO_0016491', 'GO_0019154', 'GO_0047809', 'GO_0051536'}"
b4468,"{'GO_0005886', 'GO_0046296', 'GO_0003824', 'GO_0016491', 'GO_0071949', 'GO_0019154', 'GO_0047809'}"
b4469,"{'GO_0051539', 'GO_0003824', 'GO_0046872', 'GO_0005506'}"
b4470,"{'GO_0019450', 'GO_0009093', 'GO_0080146', 'GO_1901367'}"
b4471,"{'GO_0051539', 'GO_0046872', 'GO_0070689', 'GO_0009063', 'GO_0016829', 'GO_0003941', 'GO_0006094'}"
b4472,"{'GO_0005886', 'GO_0015914'}"
b4473,{'GO_0009294'}
b4474,"{'GO_0042802', 'GO_0046348', 'GO_0046872', 'GO_0016857', 'GO_0016853'}"
b4475,"{'GO_0003963', 'GO_0016874', 'GO_0005737', 'GO_0006396', 'GO_0005524'}"
b4476,"{'GO_0005886', 'GO_0016020', 'GO_0015128', 'GO_0034219', 'GO_0019521', 'GO_0005402', 'GO_0035429'}"
b4477,"{'GO_0008674', 'GO_0034194', 'GO_0016829'}"
b4478,"{'GO_0034194', 'GO_0008869', 'GO_0046872', 'GO_0009063', 'GO_0016829', 'GO_0000287'}"
b4479,"{'GO_0003700', 'GO_0001217', 'GO_0042802', 'GO_0003677', 'GO_0046872', 'GO_0000976', 'GO_0006355', 'GO_0098531', 'GO_2000143', 'GO_0000987'}"
b4480,"{'GO_0003700', 'GO_0045892', 'GO_0003677'}"
b4481,"{'GO_0005886', 'GO_0016757', 'GO_0102031', 'GO_0016758', 'GO_0036065', 'GO_0008417', 'GO_0009246'}"
b4483,"{'GO_0008310', 'GO_0042542', 'GO_0004536', 'GO_0005737', 'GO_0004527', 'GO_0046872', 'GO_0000175', 'GO_0000287', 'GO_0008408', 'GO_0005829', 'GO_0006259'}"
b4484,"{'GO_0051082', 'GO_0042597', 'GO_0042802', 'GO_0005515', 'GO_0030288', 'GO_0006950', 'GO_0030162'}"
b4485,"{'GO_0005886', 'GO_0055052', 'GO_0042626', 'GO_0005524', 'GO_0016887', 'GO_0055085', 'GO_0103116', 'GO_0140271', 'GO_0042875'}"
b4501,"{'GO_0042802', 'GO_0003677', 'GO_0006310', 'GO_0005515', 'GO_0044349', 'GO_0043565', 'GO_2000143'}"
b4502,{'GO_0005515'}
b4506,"{'GO_1990904', 'GO_0003735', 'GO_0006412', 'GO_0022626', 'GO_0005840'}"
b4508,{'GO_0006270'}
b4510,"{'GO_0031640', 'GO_0044659', 'GO_0009279'}"
b4511,"{'GO_0005515', 'GO_0009239', 'GO_0005829'}"
b4513,"{'GO_0005886', 'GO_0071805', 'GO_0008556', 'GO_0098655', 'GO_0031004', 'GO_1903103', 'GO_0006813', 'GO_0043462'}"
b4515,"{'GO_0005886', 'GO_0016020', 'GO_0005515', 'GO_0019867', 'GO_0006119', 'GO_0019646', 'GO_0016679', 'GO_0070069'}"
b4516,"{'GO_0032196', 'GO_0006310', 'GO_0006313'}"
b4517,"{'GO_0042803', 'GO_0042802', 'GO_0005829'}"
b4518,{'GO_0043709'}
b4520,"{'GO_0005515', 'GO_0005886', 'GO_0000935', 'GO_0051301'}"
b4522,{'GO_0005886'}
b4526,{'GO_0008270'}
b4528,"{'GO_0031640', 'GO_0044659', 'GO_0009279'}"
b4532,"{'GO_0005515', 'GO_0003729', 'GO_0004519', 'GO_0003723', 'GO_0004521', 'GO_0006402', 'GO_0006355', 'GO_0110001', 'GO_0040008'}"
b4535,"{'GO_0005886', 'GO_0016020'}"
b4538,"{'GO_0006576', 'GO_0005524'}"
b4539,"{'GO_0006401', 'GO_0009408', 'GO_0005515', 'GO_0045947', 'GO_0004519', 'GO_0003723', 'GO_0004521', 'GO_0006402', 'GO_0042803', 'GO_0043024', 'GO_0006355', 'GO_0016892', 'GO_0110001', 'GO_0040008', 'GO_0098795', 'GO_0044010'}"
b4542,{'GO_0005886'}
b4544,"{'GO_0005886', 'GO_1901505', 'GO_0016020', 'GO_0055085', 'GO_1901264', 'GO_0022857', 'GO_0010041', 'GO_0009245', 'GO_0009103'}"
b4547,{'GO_0005886'}
b4550,"{'GO_0006417', 'GO_0043023', 'GO_0019843', 'GO_0072344', 'GO_0000049'}"
b4553,{'GO_0005886'}
b4555,{'GO_0005886'}
b4557,"{'GO_0005886', 'GO_0051205', 'GO_0032977'}"
b4558,"{'GO_0005515', 'GO_0005886', 'GO_0043165'}"
b4559,"{'GO_0005886', 'GO_0060187', 'GO_0016020'}"
b4560,"{'GO_0005886', 'GO_0016740'}"
b4565,"{'GO_0015795', 'GO_0009401', 'GO_0016310', 'GO_0005737', 'GO_1902495', 'GO_0008982', 'GO_0016301', 'GO_0008643'}"
b4566,"{'GO_0005515', 'GO_0044547'}"
b4568,{'GO_0005886'}
b4586,"{'GO_0016020', 'GO_0046677', 'GO_0006974'}"
b4598,{'GO_0005886'}
b4599,"{'GO_0005515', 'GO_0005886', 'GO_0010960', 'GO_0010350'}"
b4600,"{'GO_0005886', 'GO_0071805', 'GO_0016020', 'GO_0015293', 'GO_0055085', 'GO_0022857', 'GO_0005267'}"
b4601,{'GO_0005886'}
b4602,"{'GO_0005886', 'GO_0016020', 'GO_0005515', 'GO_0071456', 'GO_0070069'}"
b4606,{'GO_0005737'}
b4613,"{'GO_0005886', 'GO_0016020', 'GO_0006974'}"
b4618,"{'GO_0005886', 'GO_0016020', 'GO_0098656', 'GO_0022611', 'GO_0009432', 'GO_0005253', 'GO_0006974'}"
b4622,{'GO_0005886'}
b4637,{'GO_0006417'}
b4655,{'GO_0005886'}
b4662,"{'GO_0004857', 'GO_0046325', 'GO_0009401'}"
b4663,"{'GO_0005886', 'GO_0008047'}"
b4664,"{'GO_0005886', 'GO_0016020'}"
b4665,"{'GO_0005886', 'GO_0012501'}"
b4666,"{'GO_0005886', 'GO_0012501'}"
b4667,"{'GO_0005886', 'GO_0012501'}"
b4668,{'GO_0005886'}
b4671,{'GO_0005886'}
b4672,{'GO_0016020'}
b4675,{'GO_0005886'}
b4676,{'GO_0005886'}
b4679,{'GO_0005886'}
b4680,"{'GO_0005886', 'GO_0016020'}"
b4682,{'GO_0036460'}
b4687,"{'GO_0005886', 'GO_0012501', 'GO_0016020'}"
b4689,{'GO_0005886'}
b4702,"{'GO_0031556', 'GO_0032026'}"
b4703,"{'GO_0005886', 'GO_0004857'}"
b4705,"{'GO_0005737', 'GO_0030026', 'GO_0071287'}"
b4709,"{'GO_0032196', 'GO_0006310', 'GO_0006313'}"
b4710,"{'GO_0006310', 'GO_0003677', 'GO_0004803', 'GO_0032196', 'GO_0006313'}"
b4711,"{'GO_0006310', 'GO_0003677', 'GO_0004803', 'GO_0032196', 'GO_0006313'}"
b4720,{'GO_0005886'}
b4722,{'GO_0006417'}
b4725,{'GO_0006417'}
b4730,{'GO_0005886'}
b4731,{'GO_0005886'}
b4734,{'GO_0005886'}
b4741,{'GO_0005886'}
b4744,{'GO_0005886'}
b4745,{'GO_0005886'}
b4748,{'GO_0005886'}
b4750,{'GO_0005886'}
b4756,{'GO_0005886'}
b4766,{'GO_0006417'}
b4776,{'GO_0046872'}
b4780,{'GO_0030308'}
b4794,{'GO_0006417'}
b4803,"{'GO_0006417', 'GO_0019843', 'GO_0031556', 'GO_0006448'}"
b4812,{'GO_0005886'}
b4837,"{'GO_0061980', 'GO_0043610'}"
