GO_0000006,{'b1859'}
GO_0000014,"{'b2761', 'b0398', 'b0397', 'b0228'}"
GO_0000015,{'b2779'}
GO_0000018,"{'b2831', 'b2733', 'b4170', 'b0393'}"
GO_0000023,{'b0403'}
GO_0000025,{'b3416'}
GO_0000027,"{'b1343', 'b3294', 'b3179', 'b3308', 'b3305', 'b2511', 'b3317', 'b3318', 'b3309', 'b3983', 'b2576', 'b3302', 'b3320', 'b2606', 'b3183', 'b3312', 'b3984', 'b2185', 'b3185', 'b3871', 'b1716', 'b3180', 'b2594', 'b3162', 'b3637', 'b3636', 'b1089', 'b3313'}"
GO_0000028,"{'b0911', 'b3341', 'b3306', 'b3311', 'b0169', 'b3065', 'b3303', 'b4161', 'b2566', 'b2608', 'b0051', 'b3165', 'b3296', 'b0023', 'b3314', 'b3307', 'b2609', 'b3180', 'b3170'}"
GO_0000030,{'b2257'}
GO_0000034,{'b3665'}
GO_0000035,{'b1094'}
GO_0000036,{'b1094'}
GO_0000049,"{'b3704', 'b2517', 'b3074', 'b3282', 'b3056', 'b1133', 'b1719', 'b3407', 'b2697', 'b4172', 'b4049', 'b3260', 'b3590', 'b3185', 'b0426', 'b3871', 'b2318', 'b3342', 'b1787', 'b0423', 'b3984', 'b3636', 'b2140', 'b0026', 'b3559', 'b3341', 'b3308', 'b1714', 'b1084', 'b3321', 'b3887', 'b3965', 'b2400', 'b3247', 'b3298', 'b3166', 'b3316', 'b3643', 'b1344', 'b4391', 'b2114', 'b3307', 'b2474', 'b3230', 'b3651', 'b4550', 'b0195', 'b1713', 'b3313'}"
GO_0000050,set()
GO_0000053,set()
GO_0000062,{'b1187'}
GO_0000096,{'b2810'}
GO_0000099,"{'b3943', 'b1729'}"
GO_0000100,{'b0260'}
GO_0000101,"{'b3943', 'b1729'}"
GO_0000102,{'b4141'}
GO_0000103,"{'b2763', 'b2752', 'b2751', 'b2764', 'b2750', 'b4214', 'b2413'}"
GO_0000104,"{'b4151', 'b0723', 'b4152'}"
GO_0000105,"{'b2024', 'b2025', 'b2019', 'b2021', 'b0529', 'b2018', 'b2023', 'b2026', 'b2020', 'b2022'}"
GO_0000107,"{'b2025', 'b2023'}"
GO_0000150,"{'b1158', 'b2648', 'b0544', 'b0278', 'b1545', 'b1374'}"
GO_0000154,"{'b1435', 'b0051'}"
GO_0000155,"{'b3869', 'b3911', 'b4125', 'b2218', 'b2469', 'b1968', 'b0570', 'b1129', 'b4399', 'b3668', 'b4112', 'b2078', 'b2556', 'b1222', 'b1888', 'b2126', 'b0993', 'b2370', 'b4003', 'b0619', 'b3404', 'b0695', 'b3026', 'b2219', 'b2786', 'b1609', 'b3210', 'b0400', 'b2380'}"
GO_0000156,"{'b0399', 'b3912', 'b2381', 'b0995', 'b3398', 'b1914', 'b0620', 'b2125', 'b3868', 'b4004', 'b4113', 'b2554', 'b1882', 'b3405', 'b1883', 'b4401', 'b0330'}"
GO_0000160,"{'b2079', 'b0399', 'b4125', 'b1968', 'b2381', 'b0570', 'b1129', 'b3668', 'b4112', 'b2078', 'b2369', 'b2125', 'b1222', 'b2847', 'b2554', 'b2216', 'b0993', 'b1221', 'b0330', 'b3405', 'b1130', 'b4398', 'b3667', 'b3912', 'b4124', 'b0995', 'b3025', 'b3398', 'b1914', 'b2217', 'b0620', 'b1303', 'b3404', 'b0695', 'b2491', 'b3868', 'b3210', 'b2380', 'b0535', 'b3869', 'b3911', 'b1235', 'b2218', 'b0571', 'b2469', 'b1969', 'b4399', 'b2731', 'b2709', 'b2556', 'b4004', 'b1888', 'b2126', 'b2193', 'b1882', 'b2220', 'b1883', 'b4133', 'b2370', 'b3422', 'b4003', 'b0691', 'b1608', 'b4113', 'b3026', 'b0619', 'b2219', 'b2852', 'b2786', 'b1609', 'b4636', 'b3669', 'b0400', 'b4401', 'b0694'}"
GO_0000162,"{'b1265', 'b1260', 'b1264', 'b1261', 'b0800', 'b1262', 'b1263'}"
GO_0000166,"{'b0047', 'b0033', 'b3169', 'b0480', 'b0729', 'b0708', 'b1703', 'b1194', 'b2291', 'b2790', 'b2503', 'b2553', 'b1004', 'b2496', 'b4213', 'b2799', 'b3850', 'b1126', 'b2373', 'b3117', 'b4394', 'b2744', 'b3440', 'b2574', 'b0784', 'b4280', 'b0684', 'b0426', 'b0478', 'b4232', 'b0871', 'b0060', 'b1068', 'b2877', 'b3924', 'b1624', 'b2065', 'b3085', 'b1266', 'b3281', 'b1804', 'b3525', 'b1315', 'b4374', 'b3032', 'b2954', 'b0125', 'b3087', 'b3536', 'b4407', 'b1603', 'b4154', 'b1103', 'b2508', 'b0849', 'b0726', 'b1779', 'b1993', 'b3389'}"
GO_0000175,"{'b4483', 'b3643', 'b4162', 'b1652', 'b1804', 'b4179', 'b3164', 'b2011'}"
GO_0000179,{'b0051'}
GO_0000210,{'b3996'}
GO_0000215,set()
GO_0000217,{'b0006'}
GO_0000256,"{'b0516', 'b0512', 'b0505', 'b0517'}"
GO_0000270,"{'b2963', 'b1990', 'b0633', 'b0632', 'b2328', 'b2558', 'b2813', 'b1655', 'b0224', 'b0920', 'b1678', 'b3163', 'b0211', 'b2134', 'b1097', 'b1113', 'b2010', 'b0925', 'b4392', 'b0819', 'b2175', 'b2593', 'b3182', 'b1193', 'b1856', 'b3057'}"
GO_0000271,"{'b2062', 'b2049', 'b2350', 'b2060', 'b2028', 'b2061', 'b3789'}"
GO_0000272,"{'b1733', 'b3338'}"
GO_0000287,"{'b0134', 'b2820', 'b2261', 'b0675', 'b1581', 'b3671', 'b0369', 'b1897', 'b2293', 'b1764', 'b3885', 'b0778', 'b0822', 'b0388', 'b2830', 'b0420', 'b2373', 'b1706', 'b2787', 'b2798', 'b2779', 'b3449', 'b3724', 'b2296', 'b0507', 'b3789', 'b0124', 'b3399', 'b0474', 'b3403', 'b2048', 'b1812', 'b3857', 'b1593', 'b1849', 'b4226', 'b4258', 'b0383', 'b1344', 'b3041', 'b0446', 'b2761', 'b1136', 'b3812', 'b0550', 'b2467', 'b3712', 'b4143', 'b1863', 'b1740', 'b0214', 'b3930', 'b2104', 'b2607', 'b1236', 'b0844', 'b3056', 'b1207', 'b4055', 'b1955', 'b1489', 'b0905', 'b3697', 'b0871', 'b1676', 'b3988', 'b3034', 'b0469', 'b2827', 'b3642', 'b1813', 'b1714', 'b1584', 'b3640', 'b3916', 'b3397', 'b3784', 'b0077', 'b2954', 'b0085', 'b2019', 'b4488', 'b4483', 'b2890', 'b3475', 'b3176', 'b0114', 'b2051', 'b0331', 'b0595', 'b3430', 'b3956', 'b1713', 'b1636', 'b3993', 'b3126', 'b2418', 'b0697', 'b1199', 'b0052', 'b1507', 'b4383', 'b3390', 'b3183', 'b0174', 'b1317', 'b4394', 'b1277', 'b3932', 'b0893', 'b4232', 'b3931', 'b0728', 'b2563', 'b2265', 'b2877', 'b1854', 'b0091', 'b0200', 'b2251', 'b2947', 'b3767', 'b0688', 'b0120', 'b4390', 'b1882', 'b4177', 'b0125', 'b0099', 'b1263', 'b0766', 'b2690', 'b1727', 'b2889', 'b2777', 'b0583', 'b1800', 'b0918', 'b2011', 'b0344', 'b4362', 'b3859', 'b2935', 'b3380', 'b3771', 'b3053', 'b0238', 'b3565', 'b0142', 'b2747', 'b3998', 'b4016', 'b3164', 'b2780', 'b0160', 'b2942', 'b0231', 'b2533', 'b2086', 'b2247', 'b1652', 'b1702', 'b0757', 'b0417', 'b2312', 'b1763', 'b0242', 'b2567', 'b0593', 'b3064', 'b1084', 'b3715', 'b4196', 'b4388', 'b3996', 'b2264', 'b4478', 'b3730', 'b3826', 'b3774', 'b1723', 'b2938', 'b1865', 'b0073', 'b2498', 'b0726', 'b4129', 'b2245', 'b3385', 'b4214'}"
GO_0000293,{'b4367'}
GO_0000302,"{'b3011', 'b0606', 'b1710', 'b1089'}"
GO_0000303,"{'b1656', 'b3923', 'b3924'}"
GO_0000309,{'b4390'}
GO_0000310,{'b0238'}
GO_0000345,"{'b3295', 'b2573', 'b3461', 'b3649', 'b4293', 'b3067', 'b3988', 'b2741', 'b1922', 'b3987', 'b3202'}"
GO_0000372,{'b3342'}
GO_0000400,"{'b0550', 'b1860', 'b2609', 'b1861'}"
GO_0000405,"{'b0547', 'b0228'}"
GO_0000408,"{'b3064', 'b4168', 'b1807'}"
GO_0000413,"{'b3363', 'b0525'}"
GO_0000428,"{'b3295', 'b3988', 'b3066', 'b3987', 'b3202', 'b3649'}"
GO_0000451,{'b4180'}
GO_0000455,"{'b1135', 'b1269', 'b2594', 'b4022', 'b1086', 'b0058', 'b2183'}"
GO_0000470,{'b1266'}
GO_0000481,{'b1266'}
GO_0000700,{'b3068'}
GO_0000701,{'b2961'}
GO_0000703,"{'b1633', 'b3635', 'b0714'}"
GO_0000715,"{'b4058', 'b0779'}"
GO_0000716,{'b1114'}
GO_0000717,"{'b4170', 'b3813'}"
GO_0000719,{'b0708'}
GO_0000724,"{'b2819', 'b2820', 'b2616', 'b2822'}"
GO_0000725,"{'b2820', 'b4389', 'b3494', 'b2616', 'b2822', 'b1861', 'b1860', 'b1863', 'b0472', 'b4059', 'b2699', 'b2565', 'b3700', 'b2819'}"
GO_0000731,"{'b0231', 'b0472', 'b3700'}"
GO_0000774,{'b2614'}
GO_0000786,{'b3261'}
GO_0000796,"{'b0923', 'b0924', 'b0922'}"
GO_0000810,{'b1278'}
GO_0000820,{'b3053'}
GO_0000900,"{'b3296', 'b1719', 'b1716'}"
GO_0000902,"{'b3251', 'b3730', 'b1176'}"
GO_0000906,{'b0415'}
GO_0000908,{'b0368'}
GO_0000917,"{'b3933', 'b0958', 'b0093', 'b2910', 'b0095', 'b3462', 'b0083', 'b2748', 'b3865', 'b0890', 'b0094', 'b3928', 'b1175', 'b0946', 'b0089', 'b0084', 'b2412', 'b3463', 'b0102', 'b1176'}"
GO_0000918,"{'b1175', 'b1174', 'b3641', 'b1176'}"
GO_0000920,"{'b0890', 'b3613'}"
GO_0000921,{'b2910'}
GO_0000935,"{'b4409', 'b4520', 'b3933', 'b3462', 'b3463', 'b1069'}"
GO_0000967,"{'b2949', 'b1084', 'b3180'}"
GO_0000976,"{'b1320', 'b0683', 'b0464', 'b4479', 'b1399', 'b0272', 'b1507', 'b1563', 'b1564', 'b4046', 'b1221', 'b3934', 'b3405', 'b4043', 'b1237', 'b1130', 'b4327', 'b1040', 'b1508', 'b3973', 'b1334', 'b0487', 'b3261', 'b0064', 'b1620', 'b1712', 'b0081', 'b0889', 'b0069', 'b0315', 'b3202', 'b4401', 'b3481'}"
GO_0000987,"{'b4062', 'b0080', 'b2079', 'b1512', 'b2289', 'b4479', 'b0761', 'b2731', 'b2709', 'b4390', 'b2554', 'b3237', 'b3604', 'b3292', 'b1040', 'b4398', 'b0840', 'b0487', 'b3118', 'b0226', 'b0345', 'b3516', 'b1014', 'b3753', 'b3010', 'b3961', 'b1384', 'b0694'}"
GO_0001000,"{'b3995', 'b4293', 'b3169', 'b3842', 'b2741', 'b3461', 'b3649', 'b0059'}"
GO_0001046,"{'b1735', 'b1508', 'b3226', 'b1921', 'b4293', 'b3461', 'b3261', 'b3082', 'b3481'}"
GO_0001070,{'b3319'}
GO_0001072,"{'b0623', 'b3556', 'b3321', 'b1823', 'b2533'}"
GO_0001073,"{'b3842', 'b4260'}"
GO_0001108,"{'b4062', 'b0399', 'b3181'}"
GO_0001216,"{'b0683', 'b3461', 'b0020', 'b3604', 'b3292', 'b3060', 'b1130', 'b1040', 'b4124', 'b0305', 'b1334', 'b0487', 'b3261', 'b2217', 'b3105', 'b3516', 'b1712', 'b0889', 'b3753', 'b3010', 'b3202', 'b0694'}"
GO_0001217,"{'b1658', 'b0683', 'b4479', 'b1507', 'b1563', 'b1564', 'b3604', 'b1221', 'b4046', 'b4043', 'b1237', 'b2697', 'b1040', 'b1508', 'b3226', 'b2217', 'b3261', 'b0345', 'b0064', 'b1620', 'b1356', 'b0889', 'b1014', 'b4401', 'b3481'}"
GO_0001406,"{'b3452', 'b3450'}"
GO_0001407,"{'b3453', 'b3450', 'b3452'}"
GO_0001510,"{'b3289', 'b1835', 'b3179', 'b3606'}"
GO_0001514,"{'b3591', 'b3590'}"
GO_0001522,"{'b1135', 'b3166', 'b2745', 'b2791', 'b1269', 'b1086', 'b2318', 'b2594', 'b4022', 'b2165', 'b0058', 'b2183'}"
GO_0001530,"{'b3200', 'b0641', 'b0929', 'b0178'}"
GO_0001558,"{'b3129', 'b3724', 'b3185'}"
GO_0001561,set()
GO_0001618,"{'b4036', 'b2215'}"
GO_0001659,{'b3491'}
GO_0001671,"{'b0649', 'b2527', 'b1174'}"
GO_0001676,"{'b2836', 'b1805'}"
GO_0001680,{'b3056'}
GO_0001681,{'b4309'}
GO_0001682,{'b3704'}
GO_0001717,{'b3591'}
GO_0001727,{'b2086'}
GO_0001731,set()
GO_0001761,{'b4208'}
GO_0001762,{'b4208'}
GO_0001883,{'b1045'}
GO_0001884,{'b2143'}
GO_0001887,{'b1680'}
GO_0001896,"{'b1445', 'b2005'}"
GO_0001907,"{'b0554', 'b1556'}"
GO_0002020,{'b0438'}
GO_0002047,set()
GO_0002057,{'b1658'}
GO_0002097,"{'b2562', 'b0144', 'b2324'}"
GO_0002098,"{'b1871', 'b2081', 'b3741', 'b1870', 'b1055', 'b0503', 'b3706', 'b2324', 'b0921'}"
GO_0002099,"{'b0406', 'b0405'}"
GO_0002100,{'b2559'}
GO_0002101,{'b2474'}
GO_0002128,{'b2532'}
GO_0002131,{'b3606'}
GO_0002132,{'b3606'}
GO_0002136,{'b0188'}
GO_0002143,"{'b1133', 'b3343', 'b3470', 'b3345', 'b0969', 'b2530', 'b3344'}"
GO_0002144,"{'b3741', 'b3706'}"
GO_0002145,"{'b1134', 'b0446'}"
GO_0002161,"{'b2697', 'b4258', 'b0026', 'b0642', 'b0194', 'b1787', 'b3887', 'b1719', 'b0481'}"
GO_0002181,"{'b3186', 'b3304', 'b3294', 'b4203', 'b3311', 'b3983', 'b3986', 'b3302', 'b0169', 'b3985', 'b3320', 'b2606', 'b4202', 'b3185', 'b1717', 'b1716', 'b3301', 'b0296', 'b3342', 'b3315', 'b3984', 'b3936', 'b2609', 'b3636', 'b3309', 'b0911', 'b3341', 'b3297', 'b3703', 'b3306', 'b3305', 'b3317', 'b3308', 'b3318', 'b3299', 'b3319', 'b3321', 'b3065', 'b3303', 'b3298', 'b4200', 'b3312', 'b2185', 'b3316', 'b3231', 'b3165', 'b3296', 'b0023', 'b3314', 'b3307', 'b3230', 'b3637', 'b3310', 'b1089', 'b3313'}"
GO_0002184,{'b0172'}
GO_0002188,set()
GO_0002189,set()
GO_0002196,"{'b2697', 'b1787'}"
GO_0002197,"{'b2867', 'b2868', 'b2866'}"
GO_0002926,"{'b3741', 'b3706'}"
GO_0002935,{'b2517'}
GO_0002937,"{'b0423', 'b2530'}"
GO_0002938,{'b3651'}
GO_0002939,{'b2607'}
GO_0002943,"{'b2140', 'b4049', 'b3260'}"
GO_0002949,"{'b3064', 'b4168', 'b1807', 'b3282'}"
GO_0002952,{'b1518'}
GO_0002953,"{'b2291', 'b4374', 'b2361'}"
GO_0003333,"{'b2796', 'b1917', 'b3539', 'b3823', 'b3116', 'b2306', 'b0007', 'b0864', 'b0328', 'b4077', 'b1907', 'b2845', 'b0652', 'b3089', 'b3110', 'b0809', 'b4115', 'b4156', 'b3161', 'b3709', 'b3271'}"
GO_0003676,"{'b4285', 'b0214', 'b1402', 'b1183', 'b0184', 'b2759', 'b0361', 'b4371', 'b3558', 'b2509', 'b4162', 'b1866', 'b0880', 'b2575', 'b3407', 'b0059', 'b2697', 'b0623', 'b3387', 'b1823', 'b0541', 'b0797', 'b0267', 'b0410', 'b2627', 'b1996', 'b0299', 'b1653', 'b1552', 'b1558', 'b1652', 'b1557', 'b3499', 'b1343', 'b3045', 'b0990', 'b3465', 'b3148', 'b2755', 'b0372', 'b1804', 'b2892', 'b2576', 'b0989', 'b3822', 'b1844', 'b3780', 'b0930', 'b2330', 'b2890', 'b3556', 'b3973', 'b1413', 'b0148', 'b2860', 'b1026', 'b2089', 'b1212', 'b2761', 'b1159', 'b3084', 'b4129', 'b3220', 'b4273', 'b3652', 'b2011', 'b1863'}"
GO_0003677,"{'b1735', 'b2820', 'b0683', 'b2105', 'b0272', 'b0440', 'b2087', 'b1994', 'b4201', 'b2759', 'b1860', 'b4349', 'b3569', 'b2442', 'b4241', 'b1274', 'b3558', 'b3863', 'b3635', 'b3884', 'b0330', 'b4259', 'b1275', 'b3778', 'b3700', 'b1374', 'b3391', 'b1403', 'b0892', 'b1146', 'b0506', 'b4191', 'b1931', 'b3218', 'b2798', 'b1913', 'b1620', 'b1450', 'b0232', 'b2561', 'b3582', 'b0912', 'b2921', 'b2231', 'b1618', 'b3418', 'b2634', 'b3461', 'b1114', 'b4295', 'b1545', 'b0768', 'b4366', 'b3066', 'b3699', 'b4187', 'b1439', 'b0796', 'b4046', 'b2411', 'b2220', 'b1331', 'b4043', 'b1349', 'b3422', 'b1988', 'b0447', 'b3842', 'b0890', 'b1625', 'b1438', 'b0629', 'b4300', 'b1422', 'b0340', 'b1608', 'b2761', 'b0846', 'b1357', 'b0315', 'b4273', 'b1863', 'b0956', 'b4285', 'b1997', 'b3773', 'b1610', 'b2125', 'b0361', 'b3237', 'b2837', 'b3987', 'b2509', 'b3292', 'b3410', 'b0880', 'b2819', 'b2735', 'b3387', 'b3025', 'b3912', 'b2961', 'b1749', 'b1712', 'b1552', 'b2699', 'b0081', 'b1557', 'b2706', 'b0274', 'b3935', 'b2754', 'b0990', 'b1512', 'b2213', 'b1892', 'b4479', 'b0146', 'b2709', 'b0413', 'b3068', 'b1530', 'b1799', 'b3743', 'b3129', 'b3131', 'b2516', 'b1649', 'b1499', 'b0544', 'b1027', 'b0949', 'b0472', 'b1853', 'b1370', 'b3220', 'b0357', 'b2669', 'b3961', 'b0603', 'b0989', 'b1013', 'b0640', 'b2894', 'b2079', 'b2356', 'b0708', 'b1595', 'b1507', 'b2847', 'b1432', 'b1564', 'b2554', 'b2783', 'b3905', 'b0566', 'b3183', 'b0537', 'b1951', 'b1147', 'b4172', 'b3226', 'b2248', 'b3954', 'b4135', 'b0460', 'b1558', 'b0076', 'b0080', 'b1969', 'b1141', 'b2394', 'b4118', 'b0254', 'b0373', 'b4501', 'b2648', 'b3604', 'b4225', 'b0467', 'b4063', 'b0483', 'b0208', 'b3556', 'b4357', 'b4340', 'b0706', 'b3044', 'b4278', 'b1827', 'b1861', 'b3555', 'b4113', 'b3406', 'b0435', 'b4052', 'b4636', 'b3669', 'b0564', 'b2193', 'b0338', 'b4498', 'b3680', 'b1658', 'b2624', 'b4361', 'b2531', 'b3649', 'b4396', 'b2192', 'b0184', 'b3897', 'b4178', 'b4059', 'b1130', 'b3405', 'b2684', 'b4365', 'b4089', 'b1961', 'b3019', 'b3295', 'b4347', 'b3261', 'b4272', 'b3400', 'b1303', 'b0016', 'b3574', 'b3105', 'b3755', 'b0889', 'b2664', 'b2184', 'b1987', 'b4284', 'b0535', 'b0582', 'b0610', 'b2622', 'b1320', 'b4389', 'b0021', 'b4260', 'b2916', 'b2127', 'b0346', 'b2869', 'b1569', 'b4224', 'b4299', 'b4251', 'b3438', 'b4000', 'b0256', 'b4133', 'b3060', 'b0714', 'b1284', 'b0442', 'b2364', 'b3908', 'b2782', 'b0316', 'b4293', 'b2860', 'b1960', 'b3094', 'b3118', 'b1790', 'b2088', 'b0069', 'b4351', 'b3119', 'b4401', 'b1145', 'b1239', 'b2381', 'b1111', 'b4313', 'b1399', 'b3071', 'b1731', 'b3243', 'b2157', 'b1633', 'b2405', 'b0656', 'b2707', 'b1922', 'b0540', 'b1221', 'b3702', 'b0006', 'b1187', 'b3484', 'b1000', 'b0439', 'b1477', 'b0995', 'b2831', 'b1770', 'b3075', 'b3357', 'b2667', 'b2017', 'b3868', 'b0988', 'b0281', 'b4393', 'b2805', 'b2755', 'b0464', 'b0228', 'b0215', 'b2731', 'b4004', 'b4312', 'b4350', 'b0264', 'b3938', 'b4212', 'b1099', 'b0691', 'b3021', 'b3067', 'b0226', 'b2349', 'b1642', 'b0064', 'b3512', 'b1356', 'b1384', 'b1916', 'b3585', 'b1328', 'b3813', 'b1140', 'b1402', 'b3030', 'b2808', 'b3262', 'b4348', 'b4324', 'b1339', 'b3811', 'b3963', 'b0730', 'b3934', 'b0278', 'b1237', 'b2577', 'b4327', 'b1823', 'b0541', 'b1891', 'b1531', 'b2861', 'b1914', 'b0799', 'b3505', 'b3283', 'b3181', 'b1166', 'b3988', 'b3684', 'b2491', 'b0305', 'b0225', 'b1323', 'b3188', 'b0761', 'b0966', 'b3082', 'b2741', 'b3822', 'b0020', 'b3641', 'b1040', 'b2409', 'b0840', 'b1526', 'b2733', 'b2399', 'b3753', 'b1452', 'b1240', 'b1299', 'b2101', 'b0470', 'b3481', 'b0694', 'b0399', 'b4102', 'b1340', 'b1689', 'b1594', 'b1864', 'b2427', 'b2382', 'b2369', 'b3507', 'b4711', 'b0504', 'b2030', 'b3375', 'b3501', 'b1570', 'b2839', 'b3520', 'b0259', 'b0705', 'b1508', 'b0900', 'b4480', 'b1334', 'b1996', 'b0620', 'b0345', 'b2537', 'b0812', 'b3264', 'b3516', 'b1014', 'b0113', 'b3045', 'b1162', 'b0924', 'b1842', 'b4710', 'b3319', 'b2822', 'b3872', 'b1659', 'b0687', 'b4390', 'b1893', 'b4385', 'b2980', 'b1201', 'b2450', 'b0552', 'b1460', 'b1404', 'b1158', 'b0800', 'b1921', 'b1696', 'b3521', 'b0676', 'b4018', 'b1345', 'b3701', 'b2852', 'b4058', 'b0962', 'b3202', 'b0461', 'b3652', 'b2011', 'b0298', 'b4062', 'b2316', 'b2289', 'b1559', 'b1183', 'b0360', 'b3445', 'b2714', 'b2846', 'b0779', 'b0551', 'b0546', 'b0471', 'b4170', 'b3711', 'b4264', 'b1808', 'b0059', 'b4398', 'b0623', 'b3828', 'b4124', 'b2982', 'b1434', 'b2437', 'b0294', 'b2760', 'b2217', 'b3906', 'b0299', 'b0231', 'b0060', 'b3515', 'b3010', 'b2090', 'b2159', 'b4116', 'b0571', 'b0372', 'b2573', 'b1763', 'b0817', 'b4346', 'b2163', 'b1983', 'b0313', 'b4573', 'b3973', 'b2015', 'b0487', 'b2151', 'b1026', 'b2089', 'b0454', 'b1540'}"
GO_0003678,"{'b2820', 'b3813', 'b0799', 'b3652', 'b1860', 'b2822', 'b3822', 'b4052', 'b1808', 'b0962', 'b3935', 'b3778'}"
GO_0003680,{'b3357'}
GO_0003681,"{'b1000', 'b4172', 'b2916', 'b1237'}"
GO_0003682,set()
GO_0003684,"{'b4389', 'b1184', 'b0708', 'b1114', 'b2733', 'b0231', 'b0454', 'b2699', 'b3635', 'b0714'}"
GO_0003688,"{'b3702', 'b0687'}"
GO_0003689,"{'b1099', 'b0640'}"
GO_0003690,"{'b0051', 'b2531', 'b1731', 'b0413', 'b4178', 'b2186', 'b2761', 'b0393', 'b2783'}"
GO_0003697,"{'b4362', 'b4389', 'b0228', 'b1184', 'b1183', 'b4201', 'b4059', 'b0393', 'b0880', 'b0160', 'b1349', 'b3778', 'b2508', 'b0623', 'b3556', 'b1823', 'b3700', 'b0547', 'b1931', 'b3283', 'b2699', 'b2184', 'b1557', 'b2011'}"
GO_0003700,"{'b1735', 'b0683', 'b2087', 'b3071', 'b3569', 'b2157', 'b2405', 'b4241', 'b3243', 'b2707', 'b3884', 'b0330', 'b1275', 'b1187', 'b0506', 'b4191', 'b1770', 'b3357', 'b2667', 'b1450', 'b2561', 'b4393', 'b2805', 'b2634', 'b2921', 'b0464', 'b3418', 'b0768', 'b4366', 'b1439', 'b2220', 'b4046', 'b3938', 'b3422', 'b1988', 'b0629', 'b4300', 'b1422', 'b1642', 'b0064', 'b0846', 'b1384', 'b3585', 'b1328', 'b3773', 'b2808', 'b4324', 'b1339', 'b3237', 'b3963', 'b0034', 'b0730', 'b3292', 'b2577', 'b2735', 'b4327', 'b3912', 'b1531', 'b0081', 'b3684', 'b0305', 'b2213', 'b4479', 'b2709', 'b1799', 'b1530', 'b3743', 'b0020', 'b3129', 'b3131', 'b2409', 'b0840', 'b1649', 'b1499', 'b1526', 'b1853', 'b0603', 'b3961', 'b2101', 'b0694', 'b1013', 'b3481', 'b4102', 'b2382', 'b2427', 'b1595', 'b2554', 'b0504', 'b3905', 'b0566', 'b3375', 'b3501', 'b2839', 'b3226', 'b0900', 'b4480', 'b1334', 'b0620', 'b2537', 'b3264', 'b3516', 'b3954', 'b0162', 'b1014', 'b0113', 'b0076', 'b1969', 'b1162', 'b4118', 'b0254', 'b3872', 'b1659', 'b3604', 'b2980', 'b4063', 'b0208', 'b4357', 'b4340', 'b1696', 'b3521', 'b1827', 'b0676', 'b0564', 'b0338', 'b4498', 'b4062', 'b3169', 'b3680', 'b2289', 'b2531', 'b4396', 'b4178', 'b2714', 'b0546', 'b3711', 'b2684', 'b4089', 'b3828', 'b1434', 'b4124', 'b2437', 'b3906', 'b3261', 'b3105', 'b3515', 'b3755', 'b2664', 'b3010', 'b2090', 'b1987', 'b4116', 'b2916', 'b2127', 'b0817', 'b3060', 'b0313', 'b1284', 'b2364', 'b2015', 'b0316', 'b0487', 'b3094', 'b3118', 'b1790', 'b1540', 'b4401'}"
GO_0003711,{'b3406'}
GO_0003723,"{'b3186', 'b1135', 'b1718', 'b2791', 'b0416', 'b1086', 'b0528', 'b2759', 'b4022', 'b4532', 'b1719', 'b3407', 'b2566', 'b4172', 'b3783', 'b0051', 'b2318', 'b0611', 'b0423', 'b3180', 'b3162', 'b3984', 'b3309', 'b0911', 'b1343', 'b3317', 'b1276', 'b3321', 'b4225', 'b3780', 'b3228', 'b3556', 'b3166', 'b2185', 'b3316', 'b0800', 'b2745', 'b0143', 'b3314', 'b3651', 'b3606', 'b2594', 'b0195', 'b0058', 'b3704', 'b2316', 'b3169', 'b1637', 'b1269', 'b3723', 'b3056', 'b2758', 'b2757', 'b1831', 'b0880', 'b3164', 'b2610', 'b1237', 'b4347', 'b1835', 'b0623', 'b1823', 'b0797', 'b3590', 'b2760', 'b4539', 'b3400', 'b2533', 'b4179', 'b0233', 'b1557', 'b2827', 'b2183', 'b0225', 'b3499', 'b2785', 'b3341', 'b3339', 'b0242', 'b2567', 'b2532', 'b2576', 'b0884', 'b1084', 'b0948', 'b0118', 'b3247', 'b2696', 'b3303', 'b3298', 'b4403', 'b3980', 'b2782', 'b4180', 'b3083', 'b3205', 'b2581', 'b2620', 'b3289', 'b0023', 'b2756', 'b0183', 'b0967', 'b2669', 'b1286'}"
GO_0003724,"{'b2576', 'b1343', 'b0797', 'b1413', 'b0148', 'b3162', 'b3780'}"
GO_0003725,"{'b2712', 'b3282', 'b1267'}"
GO_0003727,"{'b0911', 'b2186', 'b3556', 'b0148', 'b3400'}"
GO_0003729,"{'b0911', 'b4532', 'b2316', 'b3341', 'b0051', 'b1276', 'b1716', 'b3314', 'b1831', 'b0118', 'b3407'}"
GO_0003730,"{'b0118', 'b1276', 'b1831'}"
GO_0003735,"{'b3186', 'b3304', 'b3294', 'b4203', 'b3311', 'b3983', 'b3986', 'b3302', 'b0169', 'b3985', 'b3320', 'b2606', 'b4506', 'b4202', 'b3185', 'b1717', 'b1716', 'b3301', 'b0296', 'b3342', 'b3315', 'b3984', 'b3936', 'b2609', 'b3636', 'b3309', 'b0911', 'b3341', 'b3297', 'b3703', 'b3306', 'b3305', 'b3317', 'b3308', 'b3318', 'b3299', 'b3319', 'b3321', 'b3065', 'b3303', 'b3298', 'b4200', 'b3312', 'b2185', 'b3316', 'b3231', 'b3165', 'b3296', 'b0023', 'b3314', 'b3307', 'b3230', 'b3637', 'b3310', 'b1089', 'b3313'}"
GO_0003743,"{'b0884', 'b1718', 'b3168', 'b1282'}"
GO_0003746,"{'b3980', 'b4147', 'b3339', 'b3590', 'b2569', 'b0170', 'b3340', 'b2171'}"
GO_0003747,{'b0191'}
GO_0003755,"{'b3347', 'b0053', 'b0441', 'b0525', 'b3363', 'b4207', 'b3775', 'b0028', 'b3349', 'b0436'}"
GO_0003756,"{'b2893', 'b0015', 'b2494', 'b0604', 'b3860'}"
GO_0003774,"{'b1946', 'b1945', 'b1942', 'b1937', 'b1940', 'b1938', 'b1939', 'b1079'}"
GO_0003796,"{'b0555', 'b1554', 'b3338', 'b2102'}"
GO_0003824,"{'b2261', 'b2418', 'b1180', 'b1680', 'b0092', 'b3008', 'b4198', 'b2299', 'b0381', 'b0121', 'b0523', 'b1393', 'b4054', 'b3639', 'b4367', 'b1277', 'b4280', 'b2371', 'b0600', 'b0728', 'b2903', 'b0061', 'b2286', 'b0947', 'b0870', 'b2947', 'b3376', 'b4146', 'b0036', 'b1034', 'b1266', 'b2584', 'b3583', 'b0928', 'b3256', 'b3399', 'b0320', 'b0586', 'b3857', 'b1849', 'b0630', 'b1517', 'b2379', 'b3951', 'b1424', 'b2103', 'b0261', 'b4005', 'b4381', 'b4340', 'b3041', 'b2889', 'b1881', 'b0774', 'b0873', 'b2777', 'b2467', 'b4058', 'b2530', 'b2097', 'b0729', 'b0199', 'b2104', 'b2500', 'b0852', 'b0518', 'b4469', 'b1048', 'b0602', 'b3591', 'b2919', 'b1687', 'b3791', 'b0209', 'b3881', 'b3708', 'b3617', 'b1316', 'b0781', 'b1702', 'b3990', 'b3211', 'b1813', 'b1464', 'b2253', 'b3910', 'b0823', 'b0394', 'b2551', 'b2290', 'b1622', 'b1103', 'b0790', 'b0352', 'b4468', 'b4084', 'b0454', 'b2311', 'b0776', 'b3939', 'b3786', 'b3878', 'b3385', 'b2810', 'b1636', 'b0154', 'b2579', 'b3656'}"
GO_0003825,{'b1896'}
GO_0003839,{'b1218'}
GO_0003841,{'b3018'}
GO_0003842,{'b1014'}
GO_0003844,{'b3432'}
GO_0003848,{'b0142'}
GO_0003849,"{'b0754', 'b2601', 'b1704'}"
GO_0003850,{'b1727'}
GO_0003852,{'b0074'}
GO_0003855,{'b1693'}
GO_0003856,{'b3389'}
GO_0003857,"{'b2341', 'b1395', 'b3846', 'b2342'}"
GO_0003861,"{'b0071', 'b0072'}"
GO_0003862,"{'b1800', 'b0073'}"
GO_0003864,{'b0134'}
GO_0003866,{'b0908'}
GO_0003871,{'b3829'}
GO_0003872,"{'b3916', 'b1723'}"
GO_0003879,{'b2019'}
GO_0003882,{'b2585'}
GO_0003883,{'b2780'}
GO_0003886,{'b1961'}
GO_0003887,"{'b1099', 'b1184', 'b0215', 'b1183', 'b0184', 'b1842', 'b4259', 'b0231', 'b0060', 'b3701', 'b3863', 'b4372', 'b0640', 'b0470'}"
GO_0003896,{'b3066'}
GO_0003899,"{'b3295', 'b3988', 'b1922', 'b3987', 'b3649'}"
GO_0003904,{'b0708'}
GO_0003905,{'b2068'}
GO_0003906,"{'b1633', 'b2159', 'b3635', 'b0714'}"
GO_0003908,"{'b1335', 'b2213'}"
GO_0003909,{'b3421'}
GO_0003911,"{'b2411', 'b3647'}"
GO_0003916,"{'b2231', 'b1274', 'b3699', 'b3030', 'b1763', 'b3019'}"
GO_0003917,"{'b1763', 'b3283', 'b1274'}"
GO_0003918,"{'b2231', 'b3699', 'b3030', 'b3019'}"
GO_0003919,{'b0025'}
GO_0003920,{'b0104'}
GO_0003921,{'b2507'}
GO_0003922,{'b2507'}
GO_0003924,"{'b2751', 'b3339', 'b4173', 'b2511', 'b4375', 'b0095', 'b1321', 'b2569', 'b3986', 'b4346', 'b2918', 'b3706', 'b3985', 'b4352', 'b3183', 'b4109', 'b4161', 'b2610', 'b0160', 'b2566', 'b3980', 'b3590', 'b3871', 'b3340', 'b2173', 'b3464', 'b0980', 'b2727', 'b3168'}"
GO_0003934,{'b2153'}
GO_0003935,{'b1277'}
GO_0003937,{'b4006'}
GO_0003938,{'b2508'}
GO_0003941,"{'b1814', 'b4471', 'b2797', 'b3117'}"
GO_0003942,{'b3958'}
GO_0003949,{'b2024'}
GO_0003950,"{'b1120', 'b4331'}"
GO_0003951,{'b2615'}
GO_0003952,{'b1740'}
GO_0003954,"{'b2277', 'b2279', 'b2278', 'b2283', 'b1109', 'b2276', 'b2147', 'b2288', 'b2146', 'b2284', 'b2287', 'b2286', 'b2280', 'b2281', 'b2285', 'b2282'}"
GO_0003955,"{'b0046', 'b1004', 'b0851', 'b0578', 'b4211', 'b3351', 'b3713'}"
GO_0003957,{'b3962'}
GO_0003960,{'b4051'}
GO_0003961,set()
GO_0003962,{'b3939'}
GO_0003963,{'b4475'}
GO_0003973,{'b2979'}
GO_0003977,{'b3730'}
GO_0003978,{'b0759'}
GO_0003979,{'b2028'}
GO_0003983,"{'b1236', 'b2042'}"
GO_0003984,"{'b3670', 'b3769', 'b0077', 'b3671', 'b0078'}"
GO_0003985,"{'b0074', 'b2844', 'b2224'}"
GO_0003986,set()
GO_0003987,{'b4069'}
GO_0003988,"{'b2844', 'b2342', 'b3845'}"
GO_0003989,"{'b0185', 'b2316', 'b3256', 'b3255'}"
GO_0003991,{'b3959'}
GO_0003992,"{'b3359', 'b1748', 'b2662'}"
GO_0003993,"{'b4055', 'b0980'}"
GO_0003994,"{'b0118', 'b0334', 'b1276'}"
GO_0003995,"{'b0221', 'b4187', 'b1695', 'b0039'}"
GO_0003998,{'b0968'}
GO_0003999,{'b0469'}
GO_0004000,"{'b1623', 'b2593'}"
GO_0004014,{'b0120'}
GO_0004015,{'b0774'}
GO_0004016,{'b3806'}
GO_0004017,"{'b0607', 'b0474'}"
GO_0004018,{'b1131'}
GO_0004019,{'b4177'}
GO_0004020,{'b2750'}
GO_0004021,"{'b2379', 'b2290'}"
GO_0004022,"{'b2453', 'b3589', 'b1478', 'b1241', 'b0356'}"
GO_0004029,"{'b1300', 'b2455', 'b1444', 'b3588', 'b1746'}"
GO_0004030,"{'b1300', 'b2455', 'b1385', 'b1525', 'b0312', 'b1444', 'b1746'}"
GO_0004032,set()
GO_0004033,"{'b2834', 'b0207'}"
GO_0004034,{'b0756'}
GO_0004035,{'b0383'}
GO_0004038,{'b0512'}
GO_0004040,"{'b1081', 'b1326', 'b3570'}"
GO_0004042,{'b2818'}
GO_0004044,{'b2312'}
GO_0004045,"{'b1204', 'b0191'}"
GO_0004047,{'b2905'}
GO_0004048,"{'b0800', 'b1263'}"
GO_0004049,"{'b1264', 'b1263'}"
GO_0004055,{'b3172'}
GO_0004056,{'b3960'}
GO_0004060,{'b1463'}
GO_0004064,{'b0494'}
GO_0004065,set()
GO_0004066,{'b0674'}
GO_0004067,"{'b0828', 'b2957', 'b1767'}"
GO_0004068,{'b0131'}
GO_0004069,{'b0928'}
GO_0004070,{'b4245'}
GO_0004071,"{'b0674', 'b3744'}"
GO_0004072,"{'b3940', 'b4024', 'b0002'}"
GO_0004073,{'b3433'}
GO_0004075,{'b3256'}
GO_0004076,{'b0775'}
GO_0004077,{'b3973'}
GO_0004084,{'b3770'}
GO_0004087,{'b0033'}
GO_0004088,"{'b0032', 'b0033'}"
GO_0004089,"{'b0126', 'b0339'}"
GO_0004096,"{'b1732', 'b3665', 'b3942'}"
GO_0004106,"{'b2600', 'b2599'}"
GO_0004107,{'b2329'}
GO_0004108,"{'b0720', 'b0333'}"
GO_0004109,"{'b3867', 'b2436', 'b2955'}"
GO_0004112,{'b3056'}
GO_0004113,{'b0147'}
GO_0004115,{'b3032'}
GO_0004123,set()
GO_0004124,"{'b2414', 'b2421'}"
GO_0004125,{'b3591'}
GO_0004126,{'b2143'}
GO_0004127,{'b0910'}
GO_0004129,"{'b0432', 'b0431', 'b0430'}"
GO_0004130,{'b3518'}
GO_0004131,{'b0337'}
GO_0004133,{'b3431'}
GO_0004134,{'b3416'}
GO_0004135,{'b3431'}
GO_0004139,{'b4381'}
GO_0004140,{'b0103'}
GO_0004141,"{'b0778', 'b1593'}"
GO_0004143,{'b4042'}
GO_0004145,{'b1584'}
GO_0004146,"{'b1606', 'b0048'}"
GO_0004148,{'b0116'}
GO_0004149,{'b0727'}
GO_0004150,"{'b3058', 'b2303'}"
GO_0004151,{'b1062'}
GO_0004152,{'b0945'}
GO_0004155,{'b0578'}
GO_0004156,{'b3177'}
GO_0004159,"{'b2146', 'b2147'}"
GO_0004160,{'b3771'}
GO_0004161,{'b0421'}
GO_0004165,{'b3846'}
GO_0004170,"{'b2251', 'b3640'}"
GO_0004175,"{'b2972', 'b3234', 'b3235', 'b2328', 'b1655', 'b0926', 'b0176', 'b0224', 'b3424', 'b0565', 'b2134', 'b2717', 'b0161', 'b1830', 'b1856', 'b2175', 'b3182', 'b0376', 'b2993', 'b0027', 'b1766', 'b2568'}"
GO_0004176,"{'b0439', 'b0438', 'b3932', 'b0437', 'b0882', 'b3931', 'b3178', 'b0955', 'b3765'}"
GO_0004177,"{'b1127', 'b2385', 'b4260', 'b0932', 'b2384', 'b1976', 'b0168', 'b4305', 'b3898', 'b2523', 'b2908', 'b2753'}"
GO_0004180,"{'b1990', 'b0632', 'b0149', 'b0224', 'b1678', 'b2430', 'b1113', 'b1538', 'b2519', 'b2010', 'b0925', 'b0635', 'b1326', 'b0819', 'b0839', 'b0084', 'b1192', 'b3182', 'b0376', 'b3396'}"
GO_0004181,{'b1326'}
GO_0004185,"{'b3396', 'b3182'}"
GO_0004190,"{'b2972', 'b0975', 'b0565', 'b2717', 'b2993', 'b0027', 'b3335'}"
GO_0004222,"{'b0659', 'b2936', 'b2494', 'b1538', 'b1829', 'b1494', 'b0909', 'b3178', 'b3498', 'b2328', 'b2821', 'b1856', 'b0176'}"
GO_0004239,{'b0168'}
GO_0004252,"{'b3424', 'b1845', 'b0439', 'b0565', 'b0437', 'b0161', 'b1830', 'b3234', 'b0955', 'b3182', 'b3235', 'b2328', 'b1598', 'b1272', 'b2568', 'b4043'}"
GO_0004298,{'b3932'}
GO_0004300,"{'b2341', 'b1393', 'b2342', 'b3846', 'b1387'}"
GO_0004309,"{'b2744', 'b2502'}"
GO_0004314,{'b1092'}
GO_0004315,"{'b1095', 'b1091', 'b2323'}"
GO_0004316,{'b1093'}
GO_0004318,{'b1288'}
GO_0004322,"{'b0123', 'b1905', 'b3336'}"
GO_0004324,{'b3924'}
GO_0004325,"{'b0475', 'b1019', 'b3368'}"
GO_0004326,{'b2315'}
GO_0004332,"{'b2925', 'b2097', 'b1517'}"
GO_0004333,"{'b1675', 'b2929', 'b1612', 'b4122', 'b1611'}"
GO_0004335,"{'b0757', 'b0758'}"
GO_0004337,{'b0421'}
GO_0004340,"{'b2388', 'b4084'}"
GO_0004342,"{'b3141', 'b0678', 'b3718'}"
GO_0004345,{'b1852'}
GO_0004346,{'b1727'}
GO_0004347,"{'b2843', 'b4025'}"
GO_0004349,{'b0242'}
GO_0004350,{'b0243'}
GO_0004351,"{'b3517', 'b1493'}"
GO_0004353,{'b1761'}
GO_0004354,{'b1761'}
GO_0004355,"{'b3212', 'b3213'}"
GO_0004356,"{'b3870', 'b1297'}"
GO_0004357,"{'b0581', 'b2688'}"
GO_0004358,{'b2818'}
GO_0004359,"{'b1740', 'b2023', 'b0485', 'b0032', 'b1524', 'b2780'}"
GO_0004360,{'b3729'}
GO_0004362,{'b3500'}
GO_0004363,{'b2947'}
GO_0004364,"{'b1635', 'b0838', 'b3102', 'b2301'}"
GO_0004365,"{'b1779', 'b2927'}"
GO_0004366,"{'b4041', 'b3059'}"
GO_0004368,"{'b2243', 'b3426', 'b2242', 'b2241'}"
GO_0004370,{'b3926'}
GO_0004371,"{'b1200', 'b1199'}"
GO_0004372,{'b2551'}
GO_0004373,{'b3429'}
GO_0004375,{'b2903'}
GO_0004385,{'b3648'}
GO_0004386,"{'b1343', 'b2820', 'b3813', 'b1114', 'b2822', 'b2576', 'b3822', 'b4350', 'b1808', 'b0059', 'b3778', 'b3780', 'b2819', 'b3783', 'b0797', 'b1413', 'b2627', 'b0148', 'b0799', 'b1653', 'b2761', 'b4052', 'b3935', 'b2184', 'b3162', 'b3652', 'b0962'}"
GO_0004396,set()
GO_0004399,{'b2020'}
GO_0004400,{'b2021'}
GO_0004401,{'b2022'}
GO_0004412,"{'b3940', 'b0002'}"
GO_0004413,{'b0003'}
GO_0004414,{'b4013'}
GO_0004416,"{'b0212', 'b0927', 'b2154'}"
GO_0004417,{'b2104'}
GO_0004418,{'b3805'}
GO_0004422,"{'b0125', 'b0238'}"
GO_0004424,{'b2022'}
GO_0004425,{'b1262'}
GO_0004427,{'b4226'}
GO_0004450,{'b1136'}
GO_0004451,{'b4015'}
GO_0004452,{'b2889'}
GO_0004455,{'b3774'}
GO_0004456,{'b1851'}
GO_0004457,{'b3605'}
GO_0004458,set()
GO_0004459,"{'b0306', 'b3605', 'b0307', 'b0308'}"
GO_0004462,{'b1651'}
GO_0004466,{'b0221'}
GO_0004467,{'b1805'}
GO_0004470,{'b2463'}
GO_0004471,{'b1479'}
GO_0004473,{'b2463'}
GO_0004474,"{'b2976', 'b4014'}"
GO_0004475,{'b2049'}
GO_0004476,{'b1613'}
GO_0004477,{'b0529'}
GO_0004478,{'b2942'}
GO_0004479,{'b3288'}
GO_0004488,{'b0529'}
GO_0004489,{'b3941'}
GO_0004492,{'b2919'}
GO_0004494,{'b2917'}
GO_0004497,"{'b2906', 'b0662', 'b2907', 'b0935', 'b1012', 'b2326'}"
GO_0004514,{'b0109'}
GO_0004515,{'b0639'}
GO_0004516,{'b0931'}
GO_0004518,"{'b2945', 'b2949', 'b0410', 'b2628', 'b2268', 'b0549', 'b1913', 'b0779', 'b3220', 'b4058', 'b1741'}"
GO_0004519,"{'b3704', 'b0659', 'b1340', 'b0214', 'b4128', 'b0398', 'b1432', 'b3635', 'b3998', 'b4532', 'b4347', 'b2945', 'b2831', 'b0410', 'b0397', 'b0611', 'b2798', 'b4539', 'b1749', 'b0233', 'b1348', 'b2609', 'b0225', 'b2754', 'b2755', 'b2159', 'b3022', 'b2630', 'b2567', 'b2268', 'b0550', 'b0132', 'b4346', 'b1084', 'b1563', 'b3130', 'b4350', 'b1149', 'b3411', 'b3247', 'b4225', 'b2305', 'b2782', 'b3083', 'b1960', 'b2761', 'b1159', 'b2756', 'b0183', 'b4351', 'b3644', 'b1863'}"
GO_0004520,"{'b1340', 'b2755', 'b3155', 'b2820', 'b2609', 'b1741'}"
GO_0004521,"{'b0659', 'b3022', 'b2630', 'b2567', 'b4128', 'b1084', 'b1563', 'b3130', 'b4532', 'b4225', 'b1724', 'b4347', 'b2331', 'b2782', 'b3083', 'b4539', 'b2756', 'b0233', 'b3644', 'b0225'}"
GO_0004523,"{'b0214', 'b0183'}"
GO_0004525,{'b2567'}
GO_0004526,{'b3704'}
GO_0004527,"{'b2820', 'b0215', 'b1266', 'b1804', 'b2268', 'b2892', 'b2822', 'b0398', 'b3863', 'b4162', 'b2509', 'b1844', 'b2819', 'b4483', 'b0422', 'b0397', 'b1350', 'b4179', 'b1286', 'b2761', 'b1749', 'b1652', 'b2011'}"
GO_0004529,"{'b0398', 'b0397'}"
GO_0004530,{'b2945'}
GO_0004532,{'b2268'}
GO_0004534,{'b1266'}
GO_0004536,"{'b1100', 'b4483'}"
GO_0004540,"{'b3130', 'b3247', 'b1652', 'b4179'}"
GO_0004550,"{'b2518', 'b0474'}"
GO_0004553,"{'b3719', 'b0271', 'b3681', 'b3147', 'b1734', 'b1023', 'b4119', 'b2813', 'b3431', 'b1617', 'b3721', 'b3432', 'b1927', 'b3338', 'b4392', 'b2132', 'b3531', 'b2901', 'b2716', 'b3878', 'b4556', 'b3656'}"
GO_0004555,"{'b3519', 'b1197', 'b3080'}"
GO_0004556,"{'b1927', 'b3571'}"
GO_0004557,{'b4119'}
GO_0004558,{'b0403'}
GO_0004559,{'b0732'}
GO_0004563,{'b1107'}
GO_0004565,"{'b0344', 'b3076'}"
GO_0004566,{'b1617'}
GO_0004568,{'b3338'}
GO_0004585,"{'b0273', 'b4254'}"
GO_0004586,"{'b2965', 'b0693'}"
GO_0004588,{'b3642'}
GO_0004590,"{'b1281', 'b4196', 'b3581'}"
GO_0004591,{'b0726'}
GO_0004592,{'b0133'}
GO_0004594,{'b3974'}
GO_0004595,{'b3634'}
GO_0004596,{'b1427'}
GO_0004601,"{'b1482', 'b3518', 'b2989', 'b1324', 'b2480', 'b0873', 'b1710', 'b1019', 'b0605', 'b2431', 'b2301', 'b1732', 'b2302', 'b3942'}"
GO_0004602,{'b1710'}
GO_0004604,{'b2762'}
GO_0004605,{'b0175'}
GO_0004609,{'b4160'}
GO_0004612,{'b3403'}
GO_0004614,{'b0688'}
GO_0004615,{'b2048'}
GO_0004616,{'b2029'}
GO_0004617,{'b2913'}
GO_0004618,{'b2926'}
GO_0004619,"{'b3612', 'b0755', 'b4395'}"
GO_0004620,{'b3821'}
GO_0004622,"{'b3821', 'b0494', 'b3825', 'b1234'}"
GO_0004623,{'b3821'}
GO_0004630,{'b0789'}
GO_0004632,{'b3639'}
GO_0004633,{'b3639'}
GO_0004634,{'b2779'}
GO_0004635,{'b2026'}
GO_0004636,{'b2026'}
GO_0004637,{'b4005'}
GO_0004638,{'b0522'}
GO_0004639,{'b2476'}
GO_0004640,{'b1262'}
GO_0004641,{'b2499'}
GO_0004642,{'b2557'}
GO_0004643,{'b4006'}
GO_0004644,"{'b2500', 'b1849'}"
GO_0004645,"{'b3428', 'b4382', 'b3417'}"
GO_0004648,{'b0907'}
GO_0004654,{'b3164'}
GO_0004655,{'b0369'}
GO_0004657,{'b1014'}
GO_0004659,"{'b4040', 'b2311', 'b3187', 'b0421'}"
GO_0004664,{'b2599'}
GO_0004665,{'b2600'}
GO_0004672,"{'b2469', 'b1968', 'b2070', 'b3668', 'b1222', 'b4168', 'b3835', 'b0607', 'b1783'}"
GO_0004673,"{'b3869', 'b3911', 'b4125', 'b2218', 'b2469', 'b1968', 'b0570', 'b1129', 'b4399', 'b3668', 'b4112', 'b2078', 'b2556', 'b1222', 'b1888', 'b2126', 'b0993', 'b2370', 'b4003', 'b0619', 'b3404', 'b0695', 'b3026', 'b2219', 'b2786', 'b1609', 'b3210', 'b0400', 'b2380'}"
GO_0004674,"{'b1507', 'b3859', 'b4016', 'b1703'}"
GO_0004713,"{'b2060', 'b0981'}"
GO_0004719,{'b2743'}
GO_0004721,"{'b3869', 'b3911', 'b2218', 'b2734', 'b1129', 'b2340', 'b3668', 'b4112', 'b0400', 'b1411', 'b1222', 'b4016', 'b0383', 'b2072', 'b3404', 'b1838', 'b1881', 'b2786', 'b2061', 'b3210', 'b0993', 'b0982'}"
GO_0004722,"{'b2734', 'b4016', 'b2072', 'b1838'}"
GO_0004725,"{'b2061', 'b0982'}"
GO_0004729,{'b3850'}
GO_0004730,{'b2165'}
GO_0004731,"{'b2593', 'b2407', 'b4384', 'b0391'}"
GO_0004733,{'b1638'}
GO_0004735,{'b0386'}
GO_0004738,"{'b0115', 'b0114'}"
GO_0004739,{'b0114'}
GO_0004742,{'b0115'}
GO_0004743,"{'b1676', 'b1854'}"
GO_0004746,{'b1662'}
GO_0004747,{'b3752'}
GO_0004748,"{'b4237', 'b2676', 'b2234', 'b4238', 'b2235', 'b2675'}"
GO_0004749,{'b1207'}
GO_0004750,{'b3386'}
GO_0004751,"{'b2914', 'b4090'}"
GO_0004756,{'b1764'}
GO_0004764,{'b3281'}
GO_0004765,"{'b0388', 'b3390'}"
GO_0004766,{'b0121'}
GO_0004775,"{'b0729', 'b0728'}"
GO_0004776,"{'b0729', 'b0728'}"
GO_0004777,"{'b2661', 'b1746', 'b1415', 'b1525'}"
GO_0004781,"{'b2752', 'b2751'}"
GO_0004783,"{'b2763', 'b2764'}"
GO_0004784,"{'b1656', 'b3908', 'b1646'}"
GO_0004787,{'b1134'}
GO_0004789,{'b3993'}
GO_0004791,{'b0888'}
GO_0004792,"{'b1308', 'b1757', 'b2521', 'b2668', 'b3425'}"
GO_0004793,{'b3117'}
GO_0004794,"{'b3772', 'b3117'}"
GO_0004795,{'b0004'}
GO_0004797,{'b1238'}
GO_0004798,{'b1098'}
GO_0004799,{'b2827'}
GO_0004801,"{'b0008', 'b2464'}"
GO_0004802,"{'b2935', 'b2465'}"
GO_0004803,"{'b1239', 'b1997', 'b1994', 'b2192', 'b0360', 'b3445', 'b4711', 'b0656', 'b0540', 'b2030', 'b3484', 'b0259', 'b2982', 'b0705', 'b1403', 'b2861', 'b3505', 'b4272', 'b3218', 'b0016', 'b0988', 'b4284', 'b0274', 'b0582', 'b0021', 'b0228', 'b2394', 'b4710', 'b0373', 'b1893', 'b0256', 'b0264', 'b0552', 'b1331', 'b1460', 'b1404', 'b4573', 'b0706', 'b3044', 'b4278', 'b1027', 'b2088', 'b1370', 'b1240', 'b0298'}"
GO_0004805,{'b1897'}
GO_0004807,{'b3919'}
GO_0004808,{'b2324'}
GO_0004810,"{'b3056', 'b0423'}"
GO_0004812,"{'b2514', 'b0026', 'b3559', 'b1637', 'b3384', 'b1714', 'b0526', 'b2400', 'b1866', 'b1719', 'b0930', 'b2697', 'b4258', 'b1876', 'b2890', 'b0144', 'b0642', 'b0893', 'b3560', 'b0194', 'b2114', 'b0680', 'b4129', 'b1713'}"
GO_0004813,{'b2697'}
GO_0004814,"{'b1876', 'b3559'}"
GO_0004815,{'b1866'}
GO_0004816,{'b0930'}
GO_0004817,{'b0526'}
GO_0004818,{'b2400'}
GO_0004819,{'b0680'}
GO_0004820,"{'b3560', 'b3559'}"
GO_0004821,{'b2514'}
GO_0004822,{'b0026'}
GO_0004823,{'b0642'}
GO_0004824,"{'b2890', 'b4129', 'b4155'}"
GO_0004825,{'b2114'}
GO_0004826,"{'b1714', 'b1713'}"
GO_0004827,{'b0194'}
GO_0004828,{'b0893'}
GO_0004829,{'b1719'}
GO_0004830,{'b3384'}
GO_0004831,{'b1637'}
GO_0004832,{'b4258'}
GO_0004834,"{'b1260', 'b1261'}"
GO_0004838,"{'b0928', 'b4054'}"
GO_0004844,"{'b1633', 'b2580'}"
GO_0004845,{'b2498'}
GO_0004848,{'b0505'}
GO_0004849,{'b2066'}
GO_0004850,"{'b3831', 'b0391'}"
GO_0004851,{'b3368'}
GO_0004852,{'b3804'}
GO_0004853,{'b3997'}
GO_0004854,"{'b2867', 'b2866'}"
GO_0004856,{'b3564'}
GO_0004857,"{'b4703', 'b2415', 'b4662', 'b3204', 'b0999', 'b2524', 'b1203', 'b0545', 'b1176'}"
GO_0004866,"{'b4500', 'b2228', 'b2520', 'b2227'}"
GO_0004867,{'b2209'}
GO_0004888,"{'b1885', 'b3072', 'b4292', 'b1421', 'b1886', 'b4355'}"
GO_0005034,{'b2677'}
GO_0005047,set()
GO_0005048,"{'b0976', 'b2207', 'b1591', 'b3300'}"
GO_0005085,{'b0170'}
GO_0005096,{'b3866'}
GO_0005198,"{'b2457', 'b1083', 'b2462', 'b1080', 'b1547', 'b1372', 'b2438', 'b2439', 'b1937', 'b1082', 'b1923'}"
GO_0005216,"{'b3035', 'b0929', 'b2389'}"
GO_0005247,"{'b0155', 'b2389', 'b1592'}"
GO_0005253,{'b4618'}
GO_0005254,"{'b1592', 'b1520'}"
GO_0005262,set()
GO_0005267,"{'b4600', 'b1250', 'b1543', 'b1363', 'b3849'}"
GO_0005275,"{'b2677', 'b2678'}"
GO_0005280,{'b4077'}
GO_0005283,{'b0007'}
GO_0005291,"{'b2306', 'b2308'}"
GO_0005294,{'b4141'}
GO_0005295,{'b3089'}
GO_0005297,{'b4111'}
GO_0005298,{'b1015'}
GO_0005302,{'b0112'}
GO_0005304,"{'b3455', 'b3457', 'b3454', 'b3456', 'b0401'}"
GO_0005315,"{'b3727', 'b4020', 'b3725', 'b0490', 'b3493', 'b2987', 'b3726'}"
GO_0005319,{'b2835'}
GO_0005337,"{'b2161', 'b2098', 'b2964', 'b2164', 'b0411', 'b2393', 'b2406'}"
GO_0005344,{'b2552'}
GO_0005345,{'b4064'}
GO_0005350,{'b1006'}
GO_0005351,"{'b4321', 'b0343', 'b2170', 'b0070', 'b3949', 'b2167', 'b0731', 'b3899', 'b3659'}"
GO_0005354,"{'b2149', 'b2148'}"
GO_0005363,"{'b4036', 'b1621'}"
GO_0005372,{'b3927'}
GO_0005375,"{'b0574', 'b0575', 'b0572'}"
GO_0005381,"{'b1017', 'b3915', 'b4490', 'b1016'}"
GO_0005384,"{'b2392', 'b1821'}"
GO_0005385,"{'b1342', 'b0752', 'b3493', 'b3040', 'b3915'}"
GO_0005402,{'b4476'}
GO_0005412,set()
GO_0005436,{'b4020'}
GO_0005452,{'b1223'}
GO_0005469,"{'b4123', 'b0621', 'b4138'}"
GO_0005477,"{'b4354', 'b0598'}"
GO_0005504,"{'b2552', 'b1805'}"
GO_0005506,"{'b2515', 'b2728', 'b2878', 'b3807', 'b2531', 'b1908', 'b2990', 'b4178', 'b2524', 'b1778', 'b3410', 'b0804', 'b4469', 'b2281', 'b2206', 'b3414', 'b3336', 'b2710', 'b3283', 'b1656', 'b0284', 'b2659', 'b0775', 'b4070', 'b2538', 'b0348', 'b3990', 'b4209', 'b0585', 'b2785', 'b3244', 'b2235', 'b1276', 'b2866', 'b2767', 'b0150', 'b3064', 'b2528', 'b0996', 'b2687', 'b2529', 'b1873', 'b2729', 'b1802', 'b1378', 'b0156', 'b0096', 'b0859', 'b1280', 'b0974', 'b2287', 'b2881', 'b0044', 'b1732', 'b2962', 'b1700'}"
GO_0005507,"{'b0573', 'b0574', 'b4002', 'b0572', 'b1841', 'b0487', 'b0575', 'b1646', 'b0431', 'b0123', 'b2593', 'b1386', 'b2529', 'b2107', 'b4137', 'b0432', 'b3349', 'b3017'}"
GO_0005509,"{'b3821', 'b2239', 'b2162', 'b3966', 'b1927', 'b2150', 'b0922', 'b0837', 'b3403', 'b0651', 'b1386', 'b4070', 'b2701', 'b3571'}"
GO_0005515,"{'b1127', 'b1929', 'b3528', 'b0440', 'b2759', 'b4201', 'b1681', 'b2553', 'b1174', 'b1852', 'b2496', 'b4259', 'b3778', 'b1374', 'b1366', 'b2319', 'b4379', 'b1682', 'b4191', 'b0422', 'b0600', 'b2798', 'b1467', 'b3404', 'b1175', 'b0232', 'b2012', 'b0407', 'b2784', 'b3984', 'b3210', 'b4101', 'b2380', 'b4019', 'b2231', 'b1071', 'b3194', 'b2075', 'b1114', 'b2892', 'b2556', 'b0124', 'b0150', 'b3848', 'b4366', 'b3066', 'b3699', 'b4187', 'b2146', 'b2813', 'b2411', 'b4226', 'b0127', 'b4033', 'b3842', 'b0890', 'b1625', 'b1101', 'b1388', 'b1185', 'b4319', 'b3115', 'b1136', 'b2594', 'b2097', 'b3170', 'b1041', 'b1474', 'b3172', 'b1410', 'b0119', 'b1919', 'b3374', 'b2125', 'b0734', 'b0596', 'b3919', 'b4515', 'b3182', 'b1165', 'b1435', 'b3987', 'b2509', 'b2994', 'b3541', 'b0880', 'b3292', 'b2572', 'b2677', 'b2595', 'b0053', 'b3912', 'b3836', 'b2713', 'b3476', 'b0903', 'b1676', 'b3342', 'b4110', 'b0492', 'b2699', 'b3034', 'b1744', 'b3287', 'b1082', 'b2212', 'b3935', 'b4307', 'b2754', 'b3687', 'b3022', 'b3341', 'b2213', 'b1233', 'b0437', 'b3749', 'b2235', 'b2617', 'b0884', 'b0996', 'b3190', 'b3743', 'b1563', 'b3235', 'b2687', 'b3247', 'b2729', 'b1923', 'b3303', 'b4161', 'b3746', 'b3980', 'b3163', 'b0177', 'b2571', 'b4041', 'b1490', 'b2917', 'b2581', 'b1132', 'b0194', 'b3337', 'b0042', 'b1649', 'b2812', 'b1224', 'b1779', 'b2414', 'b2660', 'b3833', 'b4261', 'b1713', 'b0198', 'b2530', 'b2526', 'b1013', 'b1924', 'b1741', 'b3895', 'b1836', 'b3866', 'b4602', 'b1535', 'b2726', 'b4242', 'b2180', 'b2361', 'b1886', 'b1507', 'b0046', 'b3725', 'b0398', 'b2783', 'b3829', 'b3183', 'b0028', 'b2209', 'b4109', 'b4532', 'b0601', 'b2206', 'b2022', 'b4221', 'b3414', 'b3362', 'b4172', 'b4244', 'b0827', 'b1807', 'b4139', 'b2426', 'b3931', 'b0385', 'b1042', 'b3459', 'b0881', 'b1583', 'b2992', 'b0423', 'b3366', 'b1639', 'b3162', 'b1856', 'b2005', 'b4245', 'b3297', 'b0952', 'b1034', 'b4375', 'b2838', 'b4034', 'b2529', 'b1882', 'b0237', 'b1887', 'b0467', 'b0292', 'b1211', 'b3005', 'b1591', 'b1468', 'b0014', 'b4111', 'b0783', 'b0525', 'b3388', 'b2208', 'b2631', 'b1827', 'b1861', 'b3200', 'b2314', 'b0435', 'b3463', 'b4052', 'b0873', 'b0775', 'b1305', 'b1389', 'b2266', 'b0972', 'b4220', 'b0853', 'b1341', 'b0719', 'b1129', 'b0184', 'b4292', 'b0104', 'b3723', 'b3839', 'b4059', 'b2811', 'b3252', 'b2004', 'b1709', 'b0170', 'b3164', 'b3405', 'b3019', 'b1961', 'b0387', 'b1116', 'b3590', 'b4167', 'b3203', 'b0948', 'b1621', 'b3261', 'b2685', 'b3708', 'b1361', 'b3251', 'b0957', 'b2086', 'b2023', 'b0436', 'b1652', 'b1219', 'b0283', 'b3990', 'b3499', 'b2417', 'b0610', 'b1624', 'b1683', 'b3619', 'b3703', 'b0093', 'b2127', 'b0820', 'b4224', 'b2126', 'b3887', 'b2676', 'b3234', 'b4119', 'b3838', 'b4000', 'b3365', 'b2817', 'b1883', 'b0182', 'b2782', 'b3083', 'b0642', 'b2181', 'b4293', 'b4155', 'b1394', 'b2840', 'b0738', 'b2993', 'b0473', 'b3637', 'b2283', 'b1684', 'b2207', 'b0929', 'b2910', 'b1976', 'b3860', 'b4566', 'b1633', 'b0651', 'b2707', 'b0739', 'b1000', 'b2025', 'b3249', 'b0430', 'b2215', 'b1256', 'b1939', 'b0700', 'b2147', 'b1770', 'b2925', 'b0084', 'b1252', 'b3193', 'b2017', 'b2482', 'b3326', 'b0947', 'b3724', 'b2262', 'b3609', 'b2755', 'b0464', 'b0215', 'b2511', 'b0826', 'b2528', 'b3529', 'b1037', 'b2067', 'b2400', 'b0185', 'b1203', 'b0737', 'b3938', 'b3607', 'b4200', 'b0902', 'b0762', 'b4138', 'b3006', 'b3228', 'b1099', 'b2134', 'b3232', 'b3834', 'b3021', 'b3223', 'b2678', 'b3067', 'b3599', 'b2896', 'b1884', 'b0226', 'b3233', 'b2346', 'b3396', 'b4143', 'b2527', 'b1089', 'b2580', 'b0047', 'b0477', 'b2582', 'b1946', 'b0214', 'b3933', 'b3894', 'b3813', 'b4035', 'b2076', 'b2592', 'b2997', 'b3187', 'b0605', 'b4372', 'b3934', 'b0481', 'b0650', 'b2297', 'b1900', 'b1823', 'b1654', 'b0572', 'b2472', 'b0799', 'b0935', 'b0054', 'b4179', 'b1830', 'b1254', 'b3156', 'b4253', 'b2764', 'b2513', 'b1285', 'b0662', 'b3098', 'b0225', 'b2646', 'b3769', 'b1235', 'b2341', 'b1200', 'b1338', 'b3300', 'b3082', 'b3916', 'b2741', 'b1160', 'b1476', 'b3641', 'b4320', 'b3149', 'b3745', 'b0678', 'b0352', 'b0979', 'b2897', 'b3296', 'b4099', 'b0965', 'b0114', 'b2756', 'b2810', 'b4036', 'b3428', 'b0470', 'b3481', 'b3926', 'b0659', 'b2728', 'b1990', 'b1594', 'b3856', 'b2369', 'b3847', 'b1566', 'b0895', 'b1719', 'b0025', 'b4202', 'b3732', 'b4502', 'b1094', 'b3783', 'b0594', 'b3891', 'b0153', 'b1131', 'b1508', 'b1785', 'b0882', 'b0620', 'b0728', 'b2068', 'b3315', 'b4131', 'b1854', 'b3168', 'b3309', 'b1651', 'b2194', 'b0041', 'b0197', 'b4032', 'b0688', 'b1842', 'b0186', 'b1390', 'b3256', 'b4520', 'b3178', 'b3553', 'b0101', 'b2245', 'b2006', 'b1100', 'b2487', 'b0575', 'b1575', 'b4354', 'b4267', 'b3701', 'b3199', 'b4045', 'b0044', 'b0962', 'b3652', 'b1049', 'b2515', 'b2316', 'b2517', 'b0285', 'b0116', 'b1889', 'b1183', 'b1105', 'b2616', 'b2569', 'b1222', 'b0779', 'b0851', 'b0471', 'b4170', 'b3998', 'b1808', 'b3591', 'b2232', 'b1290', 'b0784', 'b2608', 'b0634', 'b3621', 'b0597', 'b4238', 'b2007', 'b3982', 'b4217', 'b3201', 'b4392', 'b1055', 'b3352', 'b1021', 'b2412', 'b2383', 'b2195', 'b4235', 'b0048', 'b1679', 'b2518', 'b2573', 'b4288', 'b0937', 'b3064', 'b1281', 'b2614', 'b4346', 'b1084', 'b3705', 'b0243', 'b3973', 'b4345', 'b3205', 'b3741', 'b1038', 'b2151', 'b3191', 'b0454', 'b3250', 'b1446', 'b3731', 'b3845', 'b2279', 'b0192', 'b2820', 'b1718', 'b0814', 'b2340', 'b3671', 'b0343', 'b0223', 'b1703', 'b1860', 'b4349', 'b3986', 'b4371', 'b0909', 'b3825', 'b2234', 'b1274', 'b3706', 'b1194', 'b2830', 'b1241', 'b0158', 'b3751', 'b0684', 'b3700', 'b1248', 'b3549', 'b1156', 'b2494', 'b2421', 'b0892', 'b3336', 'b0032', 'b0506', 'b1225', 'b0397', 'b3259', 'b1450', 'b3180', 'b2286', 'b1956', 'b0878', 'b0574', 'b1942', 'b0932', 'b3418', 'b3991', 'b3461', 'b2686', 'b3281', 'b1926', 'b0474', 'b3204', 'b1500', 'b3857', 'b0072', 'b1849', 'b0630', 'b4248', 'b3780', 'b4043', 'b1603', 'b1210', 'b1349', 'b0584', 'b0286', 'b1759', 'b0094', 'b2717', 'b4136', 'b1438', 'b0959', 'b1608', 'b0431', 'b1881', 'b0838', 'b2786', 'b3470', 'b1022', 'b3389', 'b0400', 'b4289', 'b1863', 'b0956', 'b4558', 'b1740', 'b4125', 'b2392', 'b2628', 'b0879', 'b4079', 'b0632', 'b3229', 'b0401', 'b3056', 'b2542', 'b2036', 'b3729', 'b3985', 'b2837', 'b3462', 'b0083', 'b3493', 'b1327', 'b3387', 'b1070', 'b3803', 'b2028', 'b0426', 'b4317', 'b4355', 'b3195', 'b1736', 'b2175', 'b0089', 'b2119', 'b0284', 'b0233', 'b0657', 'b2712', 'b0102', 'b0990', 'b1967', 'b2719', 'b1493', 'b4290', 'b0146', 'b3244', 'b3318', 'b3634', 'b2285', 'b2679', 'b0196', 'b2912', 'b0156', 'b4050', 'b4123', 'b2516', 'b0741', 'b0619', 'b0949', 'b1376', 'b0472', 'b2604', 'b3486', 'b2669', 'b0239', 'b3961', 'b2565', 'b4051', 'b3686', 'b0640', 'b3981', 'b2597', 'b0951', 'b0033', 'b0708', 'b0697', 'b0416', 'b3844', 'b0351', 'b1324', 'b2701', 'b3206', 'b1564', 'b2918', 'b1895', 'b1164', 'b1393', 'b4174', 'b4120', 'b2566', 'b0780', 'b3185', 'b3932', 'b0161', 'b2248', 'b2456', 'b0660', 'b3076', 'b2523', 'b4142', 'b2727', 'b0460', 'b0891', 'b0091', 'b0975', 'b2751', 'b4090', 'b1969', 'b0569', 'b1447', 'b3159', 'b3573', 'b2674', 'b3192', 'b4501', 'b0139', 'b2460', 'b0973', 'b0489', 'b0451', 'b4153', 'b2038', 'b4378', 'b1035', 'b3781', 'b4316', 'b0679', 'b2865', 'b1800', 'b0382', 'b3169', 'b1658', 'b3294', 'b3807', 'b1555', 'b1269', 'b4021', 'b0759', 'b4361', 'b1738', 'b0736', 'b0149', 'b0661', 'b4484', 'b3670', 'b3212', 'b0637', 'b0088', 'b1831', 'b3255', 'b4016', 'b2351', 'b2988', 'b0907', 'b2748', 'b0037', 'b2906', 'b3295', 'b0797', 'b0618', 'b2627', 'b3734', 'b0740', 'b0925', 'b3400', 'b2533', 'b1303', 'b4539', 'b0889', 'b2184', 'b0636', 'b2470', 'b2793', 'b1279', 'b2622', 'b4209', 'b2169', 'b2768', 'b0438', 'b4599', 'b3339', 'b0904', 'b2567', 'b4240', 'b2576', 'b3601', 'b1667', 'b4230', 'b0167', 'b2908', 'b4133', 'b3298', 'b1622', 'b0698', 'b2698', 'b0126', 'b1786', 'b0316', 'b3426', 'b3750', 'b1960', 'b2938', 'b3329', 'b2746', 'b0974', 'b3644', 'b2199', 'b0993', 'b4401', 'b0154', 'b0573', 'b1128', 'b1968', 'b1399', 'b1680', 'b2950', 'b1731', 'b2990', 'b2186', 'b1922', 'b1221', 'b3702', 'b3613', 'b3733', 'b0631', 'b3639', 'b0439', 'b2843', 'b0476', 'b2831', 'b2203', 'b1677', 'b3357', 'b2255', 'b0450', 'b3650', 'b1337', 'b3868', 'b2779', 'b0923', 'b0628', 'b0733', 'b1176', 'b4409', 'b3995', 'b2585', 'b2512', 'b3806', 'b3401', 'b2422', 'b2731', 'b2584', 'b1888', 'b3321', 'b4168', 'b3130', 'b1938', 'b0875', 'b2201', 'b0133', 'b0015', 'b3096', 'b0383', 'b3809', 'b0421', 'b1097', 'b2519', 'b1280', 'b0742', 'b2114', 'b2200', 'b0064', 'b1743', 'b0696', 'b1119', 'b3061', 'b2241', 'b2130', 'b2902', 'b2428', 'b4203', 'b1817', 'b0729', 'b2907', 'b3030', 'b0199', 'b0095', 'b3147', 'b1207', 'b1347', 'b2524', 'b3811', 'b3320', 'b3349', 'b3850', 'b2610', 'b1746', 'b1237', 'b1489', 'b0490', 'b3448', 'b4081', 'b1166', 'b3035', 'b0444', 'b3361', 'b3988', 'b3464', 'b2197', 'b4255', 'b2183', 'b1323', 'b2555', 'b1945', 'b3911', 'b2218', 'b0958', 'b3412', 'b3967', 'b3559', 'b1209', 'b3114', 'b1714', 'b2551', 'b0641', 'b3081', 'b0178', 'b2096', 'b2721', 'b3042', 'b0462', 'b2196', 'b1108', 'b0085', 'b2890', 'b1288', 'b4175', 'b4180', 'b0090', 'b3547', 'b0115', 'b2733', 'b3560', 'b0922', 'b1118', 'b3929', 'b0999', 'b3753', 'b0595', 'b4122', 'b0694', 'b1286', 'b2579', 'b1588', 'b1342', 'b1184', 'b4592', 'b1199', 'b2415', 'b3507', 'b3983', 'b2299', 'b0599', 'b3146', 'b2188', 'b4262', 'b3375', 'b0429', 'b3517', 'b0998', 'b3581', 'b3137', 'b3520', 'b1972', 'b1511', 'b1277', 'b4098', 'b1466', 'b2752', 'b4280', 'b1814', 'b1120', 'b1095', 'b0152', 'b0635', 'b0785', 'b0812', 'b0695', 'b2877', 'b3386', 'b2222', 'b2477', 'b0408', 'b4237', 'b0888', 'b3869', 'b4097', 'b0026', 'b2156', 'b1162', 'b0924', 'b3317', 'b3319', 'b1704', 'b2822', 'b2730', 'b0687', 'b2167', 'b1201', 'b2980', 'b0607', 'b4177', 'b0099', 'b1613', 'b4154', 'b1306', 'b3213', 'b0189', 'b4326', 'b0724', 'b1657', 'b2416', 'b4018', 'b0291', 'b0997', 'b4058', 'b3310', 'b1826', 'b2011', 'b0918', 'b0946', 'b1587', 'b2936', 'b4362', 'b0866', 'b0720', 'b3966', 'b1411', 'b1208', 'b2758', 'b0071', 'b4291', 'b0169', 'b2216', 'b1023', 'b4380', 'b2757', 'b0059', 'b0098', 'b0453', 'b4511', 'b2525', 'b0547', 'b3290', 'b1879', 'b2942', 'b2760', 'b0231', 'b1421', 'b2217', 'b1711', 'b3871', 'b3301', 'b3208', 'b2198', 'b0731', 'b3158', 'b4039', 'b0463', 'b0894', 'b2385', 'b1249', 'b3465', 'b0685', 'b0441', 'b1763', 'b2630', 'b1246', 'b4376', 'b0817', 'b1304', 'b0172', 'b1983', 'b0118', 'b1890', 'b0179', 'b1039', 'b2781', 'b0414', 'b3730', 'b3928', 'b1723', 'b0727', 'b0723', 'b0794', 'b3775', 'b1602', 'b1226', 'b0726', 'b3175', 'b3155', 'b0009'}"
GO_0005524,"{'b2688', 'b2820', 'b0570', 'b0915', 'b1703', 'b1860', 'b1764', 'b0151', 'b2553', 'b2234', 'b0388', 'b1866', 'b1126', 'b0330', 'b0933', 'b3778', 'b3700', 'b2016', 'b0892', 'b1682', 'b0032', 'b1706', 'b0397', 'b0449', 'b3404', 'b1175', 'b4475', 'b4485', 'b2784', 'b3210', 'b2985', 'b2380', 'b2469', 'b2113', 'b2231', 'b2803', 'b3418', 'b3450', 'b1114', 'b2556', 'b0474', 'b2306', 'b3699', 'b0335', 'b1849', 'b2220', 'b2026', 'b3422', 'b3780', 'b2103', 'b1876', 'b0127', 'b0890', 'b0094', 'b1344', 'b2761', 'b3115', 'b2474', 'b2786', 'b0400', 'b3540', 'b3271', 'b1740', 'b0171', 'b4125', 'b3172', 'b3355', 'b3038', 'b3625', 'b0879', 'b3374', 'b3056', 'b1133', 'b0713', 'b4024', 'b3541', 'b2819', 'b2697', 'b2677', 'b0426', 'b0809', 'b3124', 'b0711', 'b1676', 'b3195', 'b2119', 'b2699', 'b3831', 'b3935', 'b2514', 'b3749', 'b2709', 'b3634', 'b0413', 'b0394', 'b4538', 'b2370', 'b3746', 'b0930', 'b2019', 'b2912', 'b1291', 'b1098', 'b0194', 'b0619', 'b0949', 'b1376', 'b2219', 'b2812', 'b3486', 'b1713', 'b1993', 'b2526', 'b3974', 'b0033', 'b4069', 'b4242', 'b2180', 'b0697', 'b2557', 'b3384', 'b0092', 'b2708', 'b2078', 'b2070', 'b1507', 'b1513', 'b3835', 'b3725', 'b2554', 'b0086', 'b3390', 'b2918', 'b2675', 'b3630', 'b4172', 'b0188', 'b3932', 'b0893', 'b3931', 'b0660', 'b0423', 'b4142', 'b3883', 'b3162', 'b0091', 'b0514', 'b2947', 'b2751', 'b2166', 'b1496', 'b4106', 'b1398', 'b1640', 'b3744', 'b0864', 'b4005', 'b3752', 'b0014', 'b4171', 'b1861', 'b0639', 'b3463', 'b4052', 'b2193', 'b0002', 'b4173', 'b1129', 'b4361', 'b0088', 'b4016', 'b0712', 'b1709', 'b2988', 'b0063', 'b2780', 'b3019', 'b3567', 'b0765', 'b0797', 'b0618', 'b2627', 'b3734', 'b4167', 'b1484', 'b0448', 'b1303', 'b2086', 'b3251', 'b1653', 'b0613', 'b2184', 'b2066', 'b0417', 'b2315', 'b0438', 'b4389', 'b0103', 'b0242', 'b2567', 'b2869', 'b2576', 'b0820', 'b3580', 'b2126', 'b2211', 'b2984', 'b0521', 'b2129', 'b3455', 'b0981', 'b0642', 'b2168', 'b2069', 'b3648', 'b4155', 'b0680', 'b0955', 'b0522', 'b0581', 'b0473', 'b3904', 'b3940', 'b0262', 'b0993', 'b1968', 'b3052', 'b0674', 'b2750', 'b2950', 'b0381', 'b0778', 'b1020', 'b1221', 'b3702', 'b3733', 'b0495', 'b0439', 'b4087', 'b2149', 'b1941', 'b3480', 'b0450', 'b3868', 'b3326', 'b1360', 'b4268', 'b2296', 'b1917', 'b2737', 'b3806', 'b2422', 'b0826', 'b2731', 'b2584', 'b4004', 'b3992', 'b1888', 'b4168', 'b3403', 'b1238', 'b4350', 'b1593', 'b2400', 'b0185', 'b1203', 'b2201', 'b0133', 'b4258', 'b2508', 'b0015', 'b1270', 'b0588', 'b3232', 'b0148', 'b2114', 'b4186', 'b3026', 'b2928', 'b0696', 'b1119', 'b3469', 'b4143', 'b0477', 'b3437', 'b1756', 'b4035', 'b3813', 'b2060', 'b4096', 'b3030', 'b0377', 'b0199', 'b4112', 'b2104', 'b2592', 'b1207', 'b0650', 'b1900', 'b0490', 'b1483', 'b1247', 'b0799', 'b0444', 'b1441', 'b3361', 'b2260', 'b2459', 'b2491', 'b4094', 'b1323', 'b3911', 'b2218', 'b0003', 'b3559', 'b4399', 'b1714', 'b3916', 'b3822', 'b0526', 'b0484', 'b3534', 'b0085', 'b2890', 'b1701', 'b2733', 'b3560', 'b4391', 'b0914', 'b0876', 'b4042', 'b3430', 'b0755', 'b1636', 'b0470', 'b3564', 'b3926', 'b1297', 'b2418', 'b3693', 'b4287', 'b3282', 'b1199', 'b1725', 'b0366', 'b3870', 'b1719', 'b0025', 'b3732', 'b3783', 'b0594', 'b2752', 'b0144', 'b0652', 'b0760', 'b2836', 'b2876', 'b0882', 'b2986', 'b0728', 'b0695', 'b1106', 'b1854', 'b0107', 'b3526', 'b3869', 'b1343', 'b3479', 'b4097', 'b0026', 'b0924', 'b2499', 'b0855', 'b2822', 'b3256', 'b4390', 'b3178', 'b0586', 'b4386', 'b1201', 'b4233', 'b2547', 'b0886', 'b0143', 'b0066', 'b0887', 'b4058', 'b0962', 'b3652', 'b0829', 'b2316', 'b3859', 'b1637', 'b3454', 'b3668', 'b3959', 'b2616', 'b3053', 'b1222', 'b1208', 'b0142', 'b0779', 'b0852', 'b2216', 'b2476', 'b4170', 'b1808', 'b0059', 'b0098', 'b1290', 'b2942', 'b2501', 'b4238', 'b3201', 'b3352', 'b2461', 'b0009', 'b1702', 'b3222', 'b0757', 'b2518', 'b2388', 'b3323', 'b1246', 'b4346', 'b1858', 'b2926', 'b1117', 'b2615', 'b0910', 'b4003', 'b2781', 'b3973', 'b4084', 'b1413', 'b3205', 'b1723', 'b1805', 'b2507', 'b0794', 'b1609', 'b4129', 'b3731', 'b3765', 'b3570'}"
GO_0005525,"{'b1341', 'b1535', 'b4173', 'b3421', 'b3856', 'b1025', 'b0095', 'b1794', 'b2569', 'b2049', 'b2918', 'b3706', 'b4352', 'b3183', 'b4109', 'b2610', 'b2566', 'b1785', 'b0834', 'b1277', 'b3590', 'b0426', 'b0782', 'b3871', 'b0385', 'b2173', 'b1285', 'b3464', 'b2727', 'b2784', 'b1956', 'b0781', 'b3168', 'b2751', 'b3339', 'b0924', 'b2511', 'b4375', 'b1321', 'b1522', 'b4346', 'b2153', 'b3857', 'b2067', 'b1203', 'b4177', 'b4161', 'b0253', 'b1786', 'b3865', 'b3980', 'b3205', 'b1490', 'b3340', 'b2498', 'b2604', 'b2632', 'b1993', 'b3409'}"
GO_0005528,{'b4207'}
GO_0005534,{'b4227'}
GO_0005536,{'b2388'}
GO_0005537,"{'b4320', 'b0533'}"
GO_0005542,"{'b2898', 'b0048'}"
GO_0005543,"{'b0956', 'b2585', 'b1304', 'b3193', 'b3232', 'b0182'}"
GO_0005548,set()
GO_0005576,"{'b1083', 'b2233', 'b1405', 'b1677', 'b1182', 'b3338', 'b1401', 'b3531', 'b1847', 'b2779', 'b4492', 'b2000', 'b1082', 'b1923', 'b4233', 'b1924'}"
GO_0005615,{'b2520'}
GO_0005622,set()
GO_0005667,"{'b1891', 'b0294', 'b1892', 'b2217', 'b2731', 'b1303', 'b4366', 'b3512', 'b1304', 'b3481', 'b3237', 'b0460', 'b1951', 'b1237'}"
GO_0005694,"{'b0912', 'b2231', 'b1274', 'b3699', 'b3030', 'b3283', 'b3019'}"
GO_0005737,"{'b3186', 'b3304', 'b3359', 'b0110', 'b1127', 'b1940', 'b2105', 'b3635', 'b1866', 'b0330', 'b1091', 'b3947', 'b4054', 'b1682', 'b4191', 'b0422', 'b2868', 'b0600', 'b4475', 'b3984', 'b2609', 'b2009', 'b4019', 'b2231', 'b1973', 'b1114', 'b3962', 'b1276', 'b3066', 'b3699', 'b4187', 'b2026', 'b3946', 'b4226', 'b1876', 'b3805', 'b1538', 'b2946', 'b1344', 'b0180', 'b2474', 'b1136', 'b2097', 'b3170', 'b3172', 'b3773', 'b1610', 'b3919', 'b3900', 'b0273', 'b3987', 'b2509', 'b0880', 'b0512', 'b2898', 'b3912', 'b0903', 'b0296', 'b3342', 'b1712', 'b1552', 'b2699', 'b0081', 'b1557', 'b4606', 'b3687', 'b2514', 'b1512', 'b3341', 'b0437', 'b2235', 'b0884', 'b2387', 'b3640', 'b4013', 'b1430', 'b3247', 'b3303', 'b4161', 'b3746', 'b3129', 'b3980', 'b2829', 'b2581', 'b1132', 'b0194', 'b0222', 'b3960', 'b1779', 'b2660', 'b0357', 'b3833', 'b3925', 'b1713', 'b2530', 'b2894', 'b3895', 'b0339', 'b2366', 'b4254', 'b0092', 'b3008', 'b1850', 'b2818', 'b3039', 'b3390', 'b3183', 'b4109', 'b2022', 'b4367', 'b1807', 'b4244', 'b0051', 'b0188', 'b1656', 'b3931', 'b0423', 'b3366', 'b2058', 'b3162', 'b2005', 'b4245', 'b3297', 'b4373', 'b4375', 'b2458', 'b4374', 'b1882', 'b1887', 'b4063', 'b1211', 'b0356', 'b1591', 'b3950', 'b0014', 'b3316', 'b0525', 'b1827', 'b2208', 'b3340', 'b1861', 'b0873', 'b3463', 'b0338', 'b0109', 'b0342', 'b3380', 'b0616', 'b0184', 'b0104', 'b2291', 'b3565', 'b3901', 'b2004', 'b0062', 'b0170', 'b3164', 'b0063', 'b3405', 'b3019', 'b1130', 'b1066', 'b3590', 'b1717', 'b3261', 'b3708', 'b2086', 'b3251', 'b0516', 'b2023', 'b0436', 'b0885', 'b2417', 'b2066', 'b2315', 'b0103', 'b3703', 'b0166', 'b0524', 'b3177', 'b0617', 'b0948', 'b3887', 'b0405', 'b0521', 'b4000', 'b1883', 'b0182', 'b2904', 'b3908', 'b0642', 'b0096', 'b3118', 'b3774', 'b3648', 'b4155', 'b3786', 'b0473', 'b3637', 'b2283', 'b2253', 'b0954', 'b2207', 'b3343', 'b1976', 'b2910', 'b3498', 'b2324', 'b2431', 'b0006', 'b3344', 'b1000', 'b2025', 'b2574', 'b3572', 'b0995', 'b1902', 'b1463', 'b2147', 'b3608', 'b0969', 'b3724', 'b2034', 'b3609', 'b2755', 'b1611', 'b1982', 'b3403', 'b1517', 'b2400', 'b0185', 'b2976', 'b2379', 'b3938', 'b3607', 'b4200', 'b0902', 'b3133', 'b4258', 'b1270', 'b3820', 'b1518', 'b3232', 'b3834', 'b3067', 'b3165', 'b3307', 'b1427', 'b0774', 'b3606', 'b2844', 'b4143', 'b1089', 'b0191', 'b2580', 'b3500', 'b2582', 'b3958', 'b0214', 'b4192', 'b3813', 'b0835', 'b2808', 'b2592', 'b3302', 'b1955', 'b0605', 'b3345', 'b0481', 'b3575', 'b1767', 'b2297', 'b0515', 'b1823', 'b1654', 'b3497', 'b3070', 'b2710', 'b4179', 'b3138', 'b0662', 'b3189', 'b4565', 'b0097', 'b0585', 'b0003', 'b3306', 'b2341', 'b1338', 'b3305', 'b0761', 'b0966', 'b2532', 'b1584', 'b3916', 'b4243', 'b0020', 'b2741', 'b3641', 'b3822', 'b0526', 'b3065', 'b1160', 'b0484', 'b3953', 'b2897', 'b3225', 'b3296', 'b0023', 'b4234', 'b0181', 'b2143', 'b0659', 'b0399', 'b2093', 'b3179', 'b1594', 'b3282', 'b0349', 'b1488', 'b2369', 'b0159', 'b0693', 'b1719', 'b0174', 'b2839', 'b1317', 'b4202', 'b1094', 'b3891', 'b2762', 'b0425', 'b0620', 'b0728', 'b2563', 'b2068', 'b3315', 'b4131', 'b3168', 'b3309', 'b1343', 'b4117', 'b4384', 'b0688', 'b0186', 'b4328', 'b0928', 'b3256', 'b3221', 'b0586', 'b0008', 'b3553', 'b4233', 'b2024', 'b3740', 'b0403', 'b0143', 'b1033', 'b3701', 'b0461', 'b0386', 'b2316', 'b2517', 'b0116', 'b2600', 'b0953', 'b3959', 'b2616', 'b0779', 'b4025', 'b0471', 'b3998', 'b3591', 'b2232', 'b3012', 'b4398', 'b0623', 'b3828', 'b2608', 'b0597', 'b0209', 'b3906', 'b3201', 'b2383', 'b4235', 'b0368', 'b1845', 'b3936', 'b1679', 'b0571', 'b3308', 'b2518', 'b2388', 'b2573', 'b2866', 'b2323', 'b0039', 'b3064', 'b1281', 'b2614', 'b1084', 'b4388', 'b1087', 'b0910', 'b3312', 'b0243', 'b3741', 'b0487', 'b3191', 'b1204', 'b2521', 'b4298', 'b3845', 'b0683', 'b1718', 'b2340', 'b1860', 'b1572', 'b0945', 'b3986', 'b4371', 'b3706', 'b3863', 'b2927', 'b0388', 'b1275', 'b0684', 'b3700', 'b1461', 'b0615', 'b0032', 'b1905', 'b0611', 'b3259', 'b1913', 'b3180', 'b2407', 'b2286', 'b0750', 'b0912', 'b3991', 'b3461', 'b1926', 'b0474', 'b3204', 'b4705', 'b3857', 'b0630', 'b0796', 'b2220', 'b0908', 'b3780', 'b0145', 'b2236', 'b1608', 'b2955', 'b1192', 'b1881', 'b3470', 'b2552', 'b1215', 'b3997', 'b3389', 'b0517', 'b3313', 'b1863', 'b0956', 'b1740', 'b4194', 'b0171', 'b0082', 'b2479', 'b2607', 'b2171', 'b1133', 'b3729', 'b3237', 'b3985', 'b4162', 'b2436', 'b2697', 'b2965', 'b3025', 'b1070', 'b2794', 'b1661', 'b1736', 'b0102', 'b3831', 'b3153', 'b0990', 'b0038', 'b1967', 'b1493', 'b1892', 'b3318', 'b3634', 'b3068', 'b1519', 'b2599', 'b2665', 'b2905', 'b0930', 'b2019', 'b1098', 'b2620', 'b3084', 'b0949', 'b2669', 'b3248', 'b0756', 'b0989', 'b3686', 'b1732', 'b2079', 'b3974', 'b3236', 'b3126', 'b4166', 'b3311', 'b1925', 'b2873', 'b2557', 'b3384', 'b1168', 'b3425', 'b1324', 'b3206', 'b2554', 'b0086', 'b3905', 'b1895', 'b2575', 'b3167', 'b2566', 'b0780', 'b3185', 'b3932', 'b3602', 'b0893', 'b2478', 'b4232', 'b1716', 'b0660', 'b2523', 'b4142', 'b3416', 'b2821', 'b1558', 'b3636', 'b0091', 'b0911', 'b1260', 'b2802', 'b1333', 'b1969', 'b1804', 'b1261', 'b3744', 'b0125', 'b3556', 'b4381', 'b3752', 'b4113', 'b1307', 'b3669', 'b1800', 'b0382', 'b3169', 'b3294', 'b3807', 'b4173', 'b1738', 'b4021', 'b0759', 'b0661', 'b0637', 'b0088', 'b1831', 'b3255', 'b4016', 'b0907', 'b2780', 'b3748', 'b4347', 'b2744', 'b3295', 'b2906', 'b0797', 'b3519', 'b1303', 'b2533', 'b1787', 'b2664', 'b0636', 'b3924', 'b2793', 'b3417', 'b0535', 'b4209', 'b2169', 'b4260', 'b3339', 'b0242', 'b2567', 'b2576', 'b2153', 'b2908', 'b3298', 'b2698', 'b3616', 'b3426', 'b2221', 'b0073', 'b3289', 'b0680', 'b3230', 'b0183', 'b4401', 'b0154', 'b0134', 'b2381', 'b1874', 'b0674', 'b1680', 'b1733', 'b2464', 'b0807', 'b2186', 'b0381', 'b0393', 'b0778', 'b0121', 'b1020', 'b1922', 'b2944', 'b3702', 'b1187', 'b0439', 'b0476', 'b2831', 'b1941', 'b1927', 'b0825', 'b0450', 'b3650', 'b1337', 'b3868', 'b2779', 'b3449', 'b0923', 'b0628', 'b4393', 'b3995', 'b2806', 'b2585', 'b2296', 'b2934', 'b3806', 'b3401', 'b3028', 'b4004', 'b1888', 'b3321', 'b4168', 'b1238', 'b1593', 'b0074', 'b0133', 'b3495', 'b2094', 'b0015', 'b3972', 'b3809', 'b0421', 'b3106', 'b3231', 'b2891', 'b0350', 'b2114', 'b3867', 'b0064', 'b0268', 'b1635', 'b4203', 'b1817', 'b0729', 'b2907', 'b0475', 'b0095', 'b1207', 'b3253', 'b2704', 'b3811', 'b2606', 'b3963', 'b3349', 'b3320', 'b2610', 'b1237', 'b1891', 'b1914', 'b3181', 'b3988', 'b3464', 'b0469', 'b4255', 'b2827', 'b4014', 'b1323', 'b2052', 'b3957', 'b3642', 'b3412', 'b3559', 'b2342', 'b3114', 'b1714', 'b0131', 'b2551', 'b3042', 'b2696', 'b2290', 'b0085', 'b4483', 'b2890', 'b4180', 'b4195', 'b4302', 'b0115', 'b0922', 'b3560', 'b4391', 'b1326', 'b0773', 'b3929', 'b4147', 'b1107', 'b3939', 'b0967', 'b0595', 'b0755', 'b0694', 'b1286', 'b2579', 'b1864', 'b2949', 'b1199', 'b2415', 'b3983', 'b3870', 'b0052', 'b4383', 'b3146', 'b1761', 'b4239', 'b0998', 'b1511', 'b0049', 'b1466', 'b3923', 'b3408', 'b1334', 'b1120', 'b0812', 'b3624', 'b0031', 'b2222', 'b0200', 'b4237', 'b0888', 'b3869', 'b0026', 'b2224', 'b0924', 'b3317', 'b2499', 'b3319', 'b3299', 'b1704', 'b4390', 'b0687', 'b4386', 'b3903', 'b0607', 'b4177', 'b3952', 'b1613', 'b2185', 'b4326', 'b2416', 'b2889', 'b3314', 'b2743', 'b4058', 'b0963', 'b3310', 'b0918', 'b0946', 'b4062', 'b3859', 'b1637', 'b0720', 'b0207', 'b2867', 'b4137', 'b4207', 'b0169', 'b0059', 'b0098', 'b1835', 'b0221', 'b4124', 'b2942', 'b0294', 'b0231', 'b3871', 'b3301', 'b1335', 'b3617', 'b3612', 'b2711', 'b3902', 'b4039', 'b2939', 'b0757', 'b2312', 'b2564', 'b2630', 'b0824', 'b0817', 'b1304', 'b2926', 'b0172', 'b1983', 'b2163', 'b0333', 'b2804', 'b2615', 'b1482', 'b0179', 'b0129', 'b3730', 'b3928', 'b0727', 'b2320', 'b1805', 'b1226', 'b0726', 'b3775', 'b1090', 'b4129', 'b2245', 'b1480'}"
GO_0005777,{'b4463'}
GO_0005829,"{'b3186', 'b3304', 'b1127', 'b1940', 'b1380', 'b2176', 'b0675', 'b0440', 'b1764', 'b4061', 'b2553', 'b0523', 'b1174', 'b1852', 'b2496', 'b1866', 'b1091', 'b4054', 'b2319', 'b0267', 'b1682', 'b0410', 'b0422', 'b2948', 'b3404', 'b1175', 'b3600', 'b3984', 'b3210', 'b1067', 'b4019', 'b2231', 'b1973', 'b1114', 'b4295', 'b3962', 'b1276', 'b2263', 'b0320', 'b3699', 'b0378', 'b3429', 'b2026', 'b2411', 'b1494', 'b4226', 'b3432', 'b1876', 'b3805', 'b1412', 'b1538', 'b3166', 'b1388', 'b2230', 'b1344', 'b3041', 'b1136', 'b2594', 'b3994', 'b2097', 'b3170', 'b3172', 'b3941', 'b1198', 'b1919', 'b0596', 'b3919', 'b2909', 'b3987', 'b0424', 'b4024', 'b0880', 'b1875', 'b3117', 'b4006', 'b2898', 'b3912', 'b1619', 'b2951', 'b3836', 'b3697', 'b2325', 'b0903', 'b1676', 'b3342', 'b0323', 'b1712', 'b1552', 'b0492', 'b1093', 'b3034', 'b3287', 'b3279', 'b2212', 'b1557', 'b3687', 'b2514', 'b1512', 'b3341', 'b0437', 'b3628', 'b2235', 'b0884', 'b0394', 'b3640', 'b3190', 'b2687', 'b1430', 'b0312', 'b2954', 'b3303', 'b4161', 'b3746', 'b1088', 'b2581', 'b0606', 'b0194', 'b0222', 'b1370', 'b1779', 'b2414', 'b3999', 'b3956', 'b1713', 'b2530', 'b2526', 'b3895', 'b3866', 'b2366', 'b4069', 'b4517', 'b0092', 'b0528', 'b1850', 'b1647', 'b1507', 'b3829', 'b3390', 'b3770', 'b0028', 'b3183', 'b3407', 'b3414', 'b4367', 'b0827', 'b4172', 'b4049', 'b1807', 'b0051', 'b0188', 'b4139', 'b1656', 'b3931', 'b0423', 'b3162', 'b0710', 'b4245', 'b3055', 'b3297', 'b1034', 'b4375', 'b3965', 'b1144', 'b0237', 'b2529', 'b1882', 'b0578', 'b1887', 'b1211', 'b1617', 'b0356', 'b2029', 'b0758', 'b0014', 'b3316', 'b0525', 'b1059', 'b1827', 'b3340', 'b0435', 'b4052', 'b1003', 'b1389', 'b1415', 'b2266', 'b2465', 'b0109', 'b3649', 'b1267', 'b0184', 'b0104', 'b0238', 'b4397', 'b4059', 'b0062', 'b0170', 'b3164', 'b2684', 'b3019', 'b1130', 'b2039', 'b1066', 'b3203', 'b0419', 'b3261', 'b3708', 'b2480', 'b3755', 'b0436', 'b1652', 'b1219', 'b2120', 'b2066', 'b1765', 'b2471', 'b3499', 'b2417', 'b0801', 'b3619', 'b0166', 'b2834', 'b3742', 'b3620', 'b3177', 'b4119', 'b0405', 'b4000', 'b1883', 'b2904', 'b2330', 'b3908', 'b2042', 'b0642', 'b3648', 'b3774', 'b4155', 'b2498', 'b3786', 'b0473', 'b3637', 'b0954', 'b1638', 'b2210', 'b3052', 'b2791', 'b2910', 'b1976', 'b2959', 'b3610', 'b3498', 'b3029', 'b2431', 'b0420', 'b0006', 'b2025', 'b2574', 'b3572', 'b1902', 'b3611', 'b2925', 'b3608', 'b1019', 'b3945', 'b0061', 'b2795', 'b2065', 'b0870', 'b2262', 'b3609', 'b3160', 'b2511', 'b1982', 'b0826', 'b0767', 'b2528', 'b2122', 'b3403', 'b2400', 'b0185', 'b2976', 'b3938', 'b3607', 'b4200', 'b0902', 'b4258', 'b2508', 'b3228', 'b3820', 'b3223', 'b0457', 'b3067', 'b3165', 'b1884', 'b1295', 'b4143', 'b2527', 'b1089', 'b2582', 'b3894', 'b3813', 'b0835', 'b2104', 'b1236', 'b2592', 'b2500', 'b3187', 'b0605', 'b3934', 'b0481', 'b1767', 'b2297', 'b1900', 'b1823', 'b1654', 'b0905', 'b3070', 'b2472', 'b0782', 'b4179', 'b0871', 'b3156', 'b0686', 'b3189', 'b0097', 'b0003', 'b3306', 'b1200', 'b3305', 'b0761', 'b2532', 'b3916', 'b4243', 'b0526', 'b3397', 'b3065', 'b3745', 'b0678', 'b2409', 'b3225', 'b3296', 'b0023', 'b0965', 'b0114', 'b4234', 'b0181', 'b2143', 'b1693', 'b0406', 'b3942', 'b3926', 'b2093', 'b3179', 'b0931', 'b3282', 'b2369', 'b3847', 'b0897', 'b4352', 'b0159', 'b0174', 'b1719', 'b1273', 'b4202', 'b1094', 'b3783', 'b0594', 'b3891', 'b1131', 'b0882', 'b0728', 'b3315', 'b1062', 'b0004', 'b1014', 'b1854', 'b3526', 'b3168', 'b3309', 'b1651', 'b4117', 'b4384', 'b0688', 'b4219', 'b1842', 'b0168', 'b4328', 'b1390', 'b0928', 'b3256', 'b1815', 'b0586', 'b0008', 'b2450', 'b3553', 'b0766', 'b2024', 'b3740', 'b2081', 'b2745', 'b1100', 'b0800', 'b2937', 'b0143', 'b2900', 'b1033', 'b3701', 'b2852', 'b4045', 'b3288', 'b0962', 'b3592', 'b0386', 'b3652', 'b0754', 'b2515', 'b2316', 'b2517', 'b3100', 'b0116', 'b1183', 'b2616', 'b3053', 'b2569', 'b0851', 'b4025', 'b0471', 'b3998', 'b3591', 'b2232', 'b3012', 'b0623', 'b0784', 'b2608', 'b0597', 'b2501', 'b2091', 'b2007', 'b3982', 'b3352', 'b4235', 'b3936', 'b0048', 'b2159', 'b3308', 'b2518', 'b2388', 'b3910', 'b2323', 'b3064', 'b1281', 'b2614', 'b2914', 'b2913', 'b1103', 'b0910', 'b3011', 'b2187', 'b0243', 'b3741', 'b3191', 'b1541', 'b2507', 'b3250', 'b2632', 'b2521', 'b3385', 'b1446', 'b2688', 'b0683', 'b0570', 'b1718', 'b0369', 'b1703', 'b1860', 'b4349', 'b0945', 'b3986', 'b4371', 'b3073', 'b2234', 'b3863', 'b1274', 'b2927', 'b3706', 'b1241', 'b1275', 'b0684', 'b2016', 'b3336', 'b0032', 'b0506', 'b4222', 'b1905', 'b3198', 'b3259', 'b2903', 'b1751', 'b1848', 'b3180', 'b0750', 'b0912', 'b2113', 'b3991', 'b3461', 'b4108', 'b3281', 'b1926', 'b2041', 'b0474', 'b3204', 'b0072', 'b1849', 'b1406', 'b2103', 'b0908', 'b4043', 'b3780', 'b0094', 'b0145', 'b2672', 'b1192', 'b1881', 'b0838', 'b3470', 'b1215', 'b3997', 'b0400', 'b2962', 'b4015', 'b1740', 'b0171', 'b4125', 'b0082', 'b3433', 'b2479', 'b4079', 'b3858', 'b2607', 'b3229', 'b2171', 'b1133', 'b2036', 'b3729', 'b3985', 'b4162', 'b2697', 'b2965', 'b0426', 'b2794', 'b1661', 'b1736', 'b1749', 'b1650', 'b0102', 'b2020', 'b3831', 'b3153', 'b0990', 'b1967', 'b4382', 'b2625', 'b1493', 'b3244', 'b1232', 'b3843', 'b1519', 'b2242', 'b2905', 'b2370', 'b2019', 'b0156', 'b1098', 'b2620', 'b0619', 'b0306', 'b2593', 'b1092', 'b2669', 'b3961', 'b1051', 'b1732', 'b0989', 'b4051', 'b2033', 'b2597', 'b2079', 'b0033', 'b3236', 'b1925', 'b0416', 'b3384', 'b1086', 'b3844', 'b0078', 'b2557', 'b1324', 'b0086', 'b1314', 'b0537', 'b4174', 'b3157', 'b3167', 'b2566', 'b3932', 'b3602', 'b0893', 'b2478', 'b4232', 'b1716', 'b1550', 'b0660', 'b2523', 'b4142', 'b0460', 'b3416', 'b1558', 'b3636', 'b3787', 'b1260', 'b2947', 'b2021', 'b2662', 'b2802', 'b0120', 'b1261', 'b3744', 'b0125', 'b0489', 'b2441', 'b4153', 'b3556', 'b4381', 'b3752', 'b2332', 'b1727', 'b2038', 'b1075', 'b1035', 'b3781', 'b0029', 'b2777', 'b1251', 'b3169', 'b1658', 'b3294', 'b3807', 'b4173', 'b1269', 'b2531', 'b0759', 'b4396', 'b1738', 'b0661', 'b3212', 'b0637', 'b1831', 'b3255', 'b0337', 'b0712', 'b2988', 'b0907', 'b2780', 'b3748', 'b3440', 'b3295', 'b0797', 'b1064', 'b0391', 'b3400', 'b2533', 'b0889', 'b3924', 'b3417', 'b1662', 'b4209', 'b0438', 'b0415', 'b1444', 'b0242', 'b2567', 'b2576', 'b1667', 'b2153', 'b0167', 'b3438', 'b2908', 'b3298', 'b0126', 'b3616', 'b1284', 'b3826', 'b0073', 'b3289', 'b1076', 'b0680', 'b3230', 'b0522', 'b3644', 'b3940', 'b4401', 'b0154', 'b0134', 'b1780', 'b3764', 'b0674', 'b2950', 'b3071', 'b2464', 'b0381', 'b0393', 'b0778', 'b0121', 'b1004', 'b1922', 'b1221', 'b3702', 'b1187', 'b0631', 'b2294', 'b3639', 'b0439', 'b2843', 'b0308', 'b3357', 'b3650', 'b3868', 'b2779', 'b0628', 'b1176', 'b2585', 'b2296', 'b3401', 'b3713', 'b3028', 'b3789', 'b3051', 'b3992', 'b3321', 'b1238', 'b4350', 'b0074', 'b1938', 'b0927', 'b0133', 'b2094', 'b0015', 'b3972', 'b3809', 'b0421', 'b3346', 'b3231', 'b1280', 'b2891', 'b2114', 'b0064', 'b4252', 'b2241', 'b1190', 'b4203', 'b1817', 'b0729', 'b3030', 'b1207', 'b2524', 'b3320', 'b2606', 'b3349', 'b2610', 'b1237', 'b2343', 'b2901', 'b3181', 'b3988', 'b3464', 'b2303', 'b0469', 'b4255', 'b2827', 'b2183', 'b1323', 'b3642', 'b2218', 'b3559', 'b1809', 'b2342', 'b1714', 'b0131', 'b2551', 'b0178', 'b3042', 'b0077', 'b1539', 'b2696', 'b1108', 'b3865', 'b0085', 'b4483', 'b2890', 'b1288', 'b4180', 'b2300', 'b3176', 'b2733', 'b3560', 'b3929', 'b4147', 'b1107', 'b0967', 'b0595', 'b4122', 'b0755', 'b1636', 'b1286', 'b2579', 'b2418', 'b1864', 'b1184', 'b4211', 'b1199', 'b2415', 'b3983', 'b3870', 'b2299', 'b4383', 'b1392', 'b1870', 'b1778', 'b1761', 'b4239', 'b3517', 'b3137', 'b3923', 'b1334', 'b2329', 'b1814', 'b1095', 'b0345', 'b0695', 'b2107', 'b3386', 'b0031', 'b0200', 'b0888', 'b0026', 'b0924', 'b3317', 'b2499', 'b3319', 'b0687', 'b4386', 'b4177', 'b1479', 'b1613', 'b4154', 'b3213', 'b2185', 'b2416', 'b3314', 'b4018', 'b1612', 'b4058', 'b0963', 'b3310', 'b0918', 'b2935', 'b1637', 'b1768', 'b0720', 'b3771', 'b3209', 'b2495', 'b0529', 'b0071', 'b4207', 'b3492', 'b2747', 'b2476', 'b2799', 'b0452', 'b0917', 'b3154', 'b4511', 'b2919', 'b2525', 'b3290', 'b2942', 'b2217', 'b3871', 'b4360', 'b3617', 'b0354', 'b3612', 'b1832', 'b4039', 'b1867', 'b0757', 'b3323', 'b2312', 'b2564', 'b0823', 'b1304', 'b2926', 'b0172', 'b1983', 'b1623', 'b0118', 'b2040', 'b4403', 'b2615', 'b1482', 'b0179', 'b3643', 'b3730', 'b3928', 'b1723', 'b2320', 'b0727', 'b1805', 'b0726', 'b4129', 'b2463', 'b1480', 'b0009'}"
GO_0005839,{'b3932'}
GO_0005840,"{'b3186', 'b3304', 'b3294', 'b4203', 'b3311', 'b3983', 'b3986', 'b3302', 'b0169', 'b3985', 'b3320', 'b2606', 'b4506', 'b4202', 'b2608', 'b3185', 'b1717', 'b1716', 'b3301', 'b0296', 'b3342', 'b3315', 'b3984', 'b3936', 'b2609', 'b3636', 'b3309', 'b0911', 'b3341', 'b3297', 'b3703', 'b3306', 'b3305', 'b3317', 'b3308', 'b3318', 'b3299', 'b3319', 'b3321', 'b3065', 'b3303', 'b3298', 'b4200', 'b3312', 'b3228', 'b2185', 'b3316', 'b3231', 'b3165', 'b3296', 'b0023', 'b3314', 'b3307', 'b3230', 'b3637', 'b3310', 'b1089', 'b3313'}"
GO_0005856,"{'b3251', 'b3247', 'b2779'}"
GO_0005886,"{'b1791', 'b1605', 'b1929', 'b2943', 'b3528', 'b2176', 'b2276', 'b3735', 'b0915', 'b1025', 'b0465', 'b0646', 'b4061', 'b2995', 'b0151', 'b1242', 'b1174', 'b1825', 'b2496', 'b4103', 'b3862', 'b3737', 'b2968', 'b3258', 'b0311', 'b0211', 'b1353', 'b2056', 'b2064', 'b2663', 'b3474', 'b3456', 'b2298', 'b0478', 'b0449', 'b3404', 'b1175', 'b1467', 'b4455', 'b4031', 'b4156', 'b0407', 'b3210', 'b2380', 'b2689', 'b2469', 'b4703', 'b1729', 'b3450', 'b3194', 'b2075', 'b0018', 'b2556', 'b0124', 'b2161', 'b2618', 'b2578', 'b2306', 'b2377', 'b3819', 'b2789', 'b2570', 'b3727', 'b4033', 'b0127', 'b0890', 'b1101', 'b4555', 'b3041', 'b2307', 'b3682', 'b1185', 'b0513', 'b2182', 'b4020', 'b0380', 'b2863', 'b3540', 'b3271', 'b2483', 'b2970', 'b2796', 'b1562', 'b4666', 'b3927', 'b3625', 'b0112', 'b2749', 'b4515', 'b0734', 'b0842', 'b0007', 'b2994', 'b3561', 'b3541', 'b2178', 'b4665', 'b2572', 'b2677', 'b3471', 'b3457', 'b2205', 'b3104', 'b3877', 'b3836', 'b1528', 'b0809', 'b3673', 'b1543', 'b0627', 'b0543', 'b4140', 'b2778', 'b3749', 'b0402', 'b2740', 'b2142', 'b0996', 'b2271', 'b3235', 'b0808', 'b3247', 'b2670', 'b3832', 'b2368', 'b4675', 'b2996', 'b3163', 'b3980', 'b2571', 'b3597', 'b4041', 'b0511', 'b1132', 'b0722', 'b3603', 'b0554', 'b3330', 'b1224', 'b2492', 'b2219', 'b2660', 'b2828', 'b4261', 'b2237', 'b0198', 'b1974', 'b4734', 'b4602', 'b2726', 'b4242', 'b1244', 'b2180', 'b0787', 'b1886', 'b1513', 'b0217', 'b2923', 'b4082', 'b3377', 'b2847', 'b0046', 'b3725', 'b3876', 'b3754', 'b0831', 'b1663', 'b2848', 'b3795', 'b1846', 'b4221', 'b4367', 'b3667', 'b1250', 'b4074', 'b3792', 'b1255', 'b1829', 'b0385', 'b3415', 'b3710', 'b1726', 'b2899', 'b3793', 'b1629', 'b3943', 'b1688', 'b1856', 'b3955', 'b2406', 'b1750', 'b3633', 'b1582', 'b3055', 'b1496', 'b3518', 'b0590', 'b3964', 'b0865', 'b1887', 'b0864', 'b3552', 'b4189', 'b3005', 'b2174', 'b1591', 'b1981', 'b0045', 'b1468', 'b2666', 'b3524', 'b0014', 'b4111', 'b4601', 'b3388', 'b3664', 'b3696', 'b2128', 'b2254', 'b4730', 'b2314', 'b0991', 'b3463', 'b3675', 'b0428', 'b3893', 'b2266', 'b1305', 'b0972', 'b1057', 'b4220', 'b2278', 'b1628', 'b2972', 'b1058', 'b1129', 'b3468', 'b4210', 'b0692', 'b4292', 'b3139', 'b0238', 'b2611', 'b3839', 'b1627', 'b1755', 'b2888', 'b4423', 'b1053', 'b3252', 'b3196', 'b3353', 'b2032', 'b1709', 'b2327', 'b2281', 'b3019', 'b3567', 'b3063', 'b0765', 'b1116', 'b3089', 'b1484', 'b1621', 'b2685', 'b2077', 'b0448', 'b3251', 'b1769', 'b3677', 'b0961', 'b1486', 'b3909', 'b3333', 'b3537', 'b3393', 'b4265', 'b0093', 'b0524', 'b4412', 'b0106', 'b3496', 'b3838', 'b2126', 'b2211', 'b1121', 'b3662', 'b4152', 'b2872', 'b4547', 'b2987', 'b2807', 'b1883', 'b0612', 'b1788', 'b1643', 'b0869', 'b4073', 'b1047', 'b2240', 'b3918', 'b0738', 'b0751', 'b0527', 'b0473', 'b1739', 'b4214', 'b2723', 'b2283', 'b4276', 'b0764', 'b0992', 'b1006', 'b3598', 'b3538', 'b2612', 'b2605', 'b2910', 'b1855', 'b4671', 'b2046', 'b0576', 'b2503', 'b2308', 'b0739', 'b4077', 'b0984', 'b1840', 'b3134', 'b1600', 'b4087', 'b1186', 'b3249', 'b0715', 'b0770', 'b0430', 'b2149', 'b1939', 'b3611', 'b3452', 'b3480', 'b1029', 'b0084', 'b1252', 'b3193', 'b2482', 'b3818', 'b3326', 'b3240', 'b4618', 'b2322', 'b1918', 'b0434', 'b1069', 'b0055', 'b0155', 'b1985', 'b4304', 'b0111', 'b3529', 'b0699', 'b1037', 'b2067', 'b0737', 'b3351', 'b1819', 'b4138', 'b0762', 'b3816', 'b3006', 'b3050', 'b1442', 'b1616', 'b3802', 'b0486', 'b3018', 'b3088', 'b0175', 'b2678', 'b3599', 'b0649', 'b0457', 'b1884', 'b3026', 'b2896', 'b3233', 'b3332', 'b3396', 'b1626', 'b4032', 'b0047', 'b1946', 'b3933', 'b3894', 'b2833', 'b1820', 'b4035', 'b2060', 'b0813', 'b3522', 'b0633', 'b0862', 'b4744', 'b3605', 'b2076', 'b4535', 'b2997', 'b4332', 'b3478', 'b1900', 'b2493', 'b1533', 'b2424', 'b1483', 'b1949', 'b0427', 'b1441', 'b0871', 'b1830', 'b1254', 'b0070', 'b3173', 'b1644', 'b3586', 'b2513', 'b3098', 'b1630', 'b3562', 'b0353', 'b4282', 'b1381', 'b0857', 'b4399', 'b3823', 'b3300', 'b0791', 'b2964', 'b0591', 'b1476', 'b2352', 'b0484', 'b4453', 'b0682', 'b4257', 'b2378', 'b1223', 'b0913', 'b0979', 'b1958', 'b3040', 'b3103', 'b1634', 'b1701', 'b3227', 'b1363', 'b0795', 'b3578', 'b2642', 'b2546', 'b0287', 'b4598', 'b0914', 'b2287', 'b4075', 'b3093', 'b4042', 'b0379', 'b4279', 'b4029', 'b3631', 'b3543', 'b4287', 'b3483', 'b4148', 'b3184', 'b2560', 'b1017', 'b4575', 'b0987', 'b2047', 'b0895', 'b3732', 'b1785', 'b0689', 'b3270', 'b0848', 'b0153', 'b0652', 'b0760', 'b2836', 'b1473', 'b1014', 'b0432', 'b4428', 'b3709', 'b3241', 'b0589', 'b0788', 'b3057', 'b2194', 'b1016', 'b0197', 'b3328', 'b3479', 'b1821', 'b0934', 'b3817', 'b4557', 'b4560', 'b4520', 'b3178', 'b1815', 'b0586', 'b3553', 'b4076', 'b3322', 'b4158', 'b0301', 'b4600', 'b2204', 'b3716', 'b0065', 'b0886', 'b4231', 'b2809', 'b3364', 'b3090', 'b0575', 'b3027', 'b0143', 'b4354', 'b1795', 'b0066', 'b2952', 'b3199', 'b1312', 'b0488', 'b0887', 'b4756', 'b4086', 'b3577', 'b3327', 'b3736', 'b1336', 'b1049', 'b3824', 'b4121', 'b0624', 'b0829', 'b3626', 'b2429', 'b0116', 'b3224', 'b1514', 'b1889', 'b3466', 'b2170', 'b0336', 'b2569', 'b1222', 'b1408', 'b3207', 'b1828', 'b2008', 'b2367', 'b2983', 'b1290', 'b0634', 'b3621', 'b2258', 'b3398', 'b2501', 'b2668', 'b4720', 'b1599', 'b1021', 'b3201', 'b1592', 'b2412', 'b4676', 'b2195', 'b3161', 'b4329', 'b1766', 'b1515', 'b4421', 'b3659', 'b4160', 'b0858', 'b2395', 'b1859', 'b2573', 'b4288', 'b3539', 'b1084', 'b4622', 'b3622', 'b3705', 'b1631', 'b2257', 'b1869', 'b4003', 'b1065', 'b2347', 'b0986', 'b1189', 'b2317', 'b4176', 'b3250', 'b4655', 'b1609', 'b4750', 'b2613', 'b3731', 'b4664', 'b3661', 'b1283', 'b2279', 'b0570', 'b1311', 'b3257', 'b2014', 'b0343', 'b3915', 'b0909', 'b0945', 'b3825', 'b3706', 'b0328', 'b2636', 'b1126', 'b4568', 'b0933', 'b2295', 'b4141', 'b0906', 'b4410', 'b2823', 'b2485', 'b1225', 'b4460', 'b4485', 'b4132', 'b4668', 'b1292', 'b2286', 'b3472', 'b1956', 'b0878', 'b0019', 'b1278', 'b3127', 'b4030', 'b1942', 'b2825', 'b3485', 'b0932', 'b3350', 'b0709', 'b3461', 'b2686', 'b1948', 'b4467', 'b1500', 'b0491', 'b4689', 'b0653', 'b2321', 'b3078', 'b3899', 'b1272', 'b2365', 'b4333', 'b1603', 'b0094', 'b4136', 'b2074', 'b1330', 'b0157', 'b4044', 'b2672', 'b2292', 'b3265', 'b0431', 'b1881', 'b2786', 'b3533', 'b0899', 'b2035', 'b1015', 'b1022', 'b0400', 'b4289', 'b4558', 'b3629', 'b4125', 'b2392', 'b3785', 'b0879', 'b0314', 'b0632', 'b3269', 'b0401', 'b2497', 'b1928', 'b3116', 'b1445', 'b2350', 'b3462', 'b0083', 'b3493', 'b2027', 'b1465', 'b1245', 'b0496', 'b2430', 'b1475', 'b3803', 'b3683', 'b3655', 'b3494', 'b2106', 'b1789', 'b3324', 'b4355', 'b0577', 'b3195', 'b1150', 'b0089', 'b1834', 'b0657', 'b0027', 'b2568', 'b1632', 'b3907', 'b2933', 'b3843', 'b1614', 'b3738', 'b3886', 'b1322', 'b2536', 'b3784', 'b2242', 'b2285', 'b4364', 'b1816', 'b2370', 'b1291', 'b2152', 'b1431', 'b4050', 'b4123', 'b2516', 'b1492', 'b4068', 'b0010', 'b0861', 'b0619', 'b0949', 'b2832', 'b2604', 'b3486', 'b0845', 'b0598', 'b1213', 'b2282', 'b3981', 'b0951', 'b1206', 'b0818', 'b2214', 'b2158', 'b2386', 'b2703', 'b0697', 'b2078', 'b4472', 'b1168', 'b1556', 'b1806', 'b0396', 'b3513', 'b3835', 'b4072', 'b4174', 'b4120', 'b2566', 'b3370', 'b1453', 'b0067', 'b2141', 'b2484', 'b3726', 'b0161', 'b2702', 'b0087', 'b2543', 'b1529', 'b4522', 'b0412', 'b3676', 'b0229', 'b3532', 'b4356', 'b3369', 'b0569', 'b4106', 'b1447', 'b2268', 'b2742', 'b2835', 'b4027', 'b1195', 'b0479', 'b2801', 'b0973', 'b2280', 'b0489', 'b0451', 'b1122', 'b4153', 'b1728', 'b3002', 'b1268', 'b3110', 'b4687', 'b0950', 'b0679', 'b1307', 'b2865', 'b0260', 'b4359', 'b3739', 'b3921', 'b1125', 'b2979', 'b0270', 'b4415', 'b2966', 'b2520', 'b3072', 'b4193', 'b0736', 'b0149', 'b2475', 'b0810', 'b4680', 'b2351', 'b2013', 'b3101', 'b4337', 'b1607', 'b2748', 'b3563', 'b2135', 'b0896', 'b1429', 'b4114', 'b2682', 'b3009', 'b0960', 'b3734', 'b2534', 'b3657', 'b2413', 'b2587', 'b0925', 'b0433', 'b3266', 'b2470', 'b2793', 'b1279', 'b4599', 'b3339', 'b2433', 'b0904', 'b3086', 'b3511', 'b0832', 'b3095', 'b4240', 'b1110', 'b1690', 'b1947', 'b0786', 'b3214', 'b4745', 'b4230', 'b0227', 'b4544', 'b0176', 'b4133', 'b1691', 'b0698', 'b2372', 'b1833', 'b3523', 'b4363', 'b1786', 'b4468', 'b2975', 'b0981', 'b3426', 'b1054', 'b3750', 'b1950', 'b4731', 'b0841', 'b3329', 'b1138', 'b1880', 'b2223', 'b1469', 'b0974', 'b0468', 'b2199', 'b0262', 'b0993', 'b0128', 'b1762', 'b1968', 'b0341', 'b0815', 'b4065', 'b1115', 'b4667', 'b0409', 'b0418', 'b3733', 'b3546', 'b3613', 'b0874', 'b2393', 'b0321', 'b2144', 'b4067', 'b3402', 'b3747', 'b2683', 'b0450', 'b4159', 'b2423', 'b3331', 'b0733', 'b4409', 'b2585', 'b1917', 'b2422', 'b2123', 'b1645', 'b3051', 'b4476', 'b4387', 'b1888', 'b3487', 'b1959', 'b1873', 'b1938', 'b4513', 'b3477', 'b2201', 'b1534', 'b1907', 'b3140', 'b1885', 'b0588', 'b0875', 'b0458', 'b2164', 'b3096', 'b1097', 'b2845', 'b1216', 'b2519', 'b1280', 'b4321', 'b0040', 'b3467', 'b0839', 'b2200', 'b1433', 'b2098', 'b0696', 'b3469', 'b1418', 'b3409', 'b2241', 'b2130', 'b4336', 'b0789', 'b1752', 'b1944', 'b2037', 'b0317', 'b1817', 'b4064', 'b0199', 'b3930', 'b0377', 'b4112', 'b0095', 'b2410', 'b1798', 'b3451', 'b1590', 'b0792', 'b3660', 'b2202', 'b3850', 'b3291', 'b4296', 'b0898', 'b3358', 'b1247', 'b0621', 'b0834', 'b0490', 'b4081', 'b0702', 'b3666', 'b2179', 'b3685', 'b2715', 'b4748', 'b3464', 'b2197', 'b1332', 'b3242', 'b4208', 'b1945', 'b3911', 'b2218', 'b1585', 'b4490', 'b4411', 'b1520', 'b2288', 'b4419', 'b3059', 'b2766', 'b2284', 'b2775', 'b0920', 'b4741', 'b0462', 'b2196', 'b1040', 'b2313', 'b0790', 'b0310', 'b0580', 'b3334', 'b4175', 'b0367', 'b0090', 'b3547', 'b2010', 'b1660', 'b1443', 'b1118', 'b4115', 'b0595', 'b3587', 'b4553', 'b3691', 'b1588', 'b1342', 'b3473', 'b2389', 'b1184', 'b3722', 'b3502', 'b4592', 'b4559', 'b0366', 'b4218', 'b1142', 'b3654', 'b2063', 'b2188', 'b3151', 'b2246', 'b1596', 'b4262', 'b3367', 'b0429', 'b3508', 'b1737', 'b1972', 'b3099', 'b1109', 'b1758', 'b0635', 'b3568', 'b0695', 'b2136', 'b4130', 'b3624', 'b2924', 'b1293', 'b0408', 'b4542', 'b2771', 'b2156', 'b2504', 'b4679', 'b3849', 'b0855', 'b4390', 'b1191', 'b4184', 'b2167', 'b4481', 'b4154', 'b4151', 'b1306', 'b0793', 'b2841', 'b3679', 'b1310', 'b1670', 'b0724', 'b4461', 'b0721', 'b2452', 'b1657', 'b1485', 'b4040', 'b1036', 'b2826', 'b4464', 'b3335', 'b3263', 'b1826', 'b2502', 'b1587', 'b1063', 'b1708', 'b4206', 'b0752', 'b0557', 'b4275', 'b0866', 'b3668', 'b1411', 'b1912', 'b4400', 'b3491', 'b3542', 'b2133', 'b3646', 'b0193', 'b2216', 'b3514', 'b0518', 'b0098', 'b0453', 'b1124', 'b1775', 'b3653', 'b3290', 'b0833', 'b1879', 'b1421', 'b1711', 'b3208', 'b2148', 'b0587', 'b3434', 'b2243', 'b2198', 'b3949', 'b0731', 'b4466', 'b1601', 'b0376', 'b3394', 'b3424', 'b1992', 'b1409', 'b0978', 'b0463', 'b0847', 'b0970', 'b0894', 'b2277', 'b0251', 'b1249', 'b0441', 'b3323', 'b1801', 'b3827', 'b2722', 'b2376', 'b3874', 'b1246', 'b1117', 'b1858', 'b1304', 'b1522', 'b1296', 'b1890', 'b2882', 'b2969', 'b1963', 'b1818', 'b2505', 'b2486', 'b1139', 'b3267', 'b3892', 'b0654', 'b0856', 'b1805', 'b4613', 'b0723', 'b0794', 'b1602', 'b3175', 'b3714', 'b3182', 'b4330', 'b4663', 'b4812', 'b2001', 'b1227'}"
GO_0005945,{'b3916'}
GO_0005948,"{'b3670', 'b3769', 'b0077', 'b3671', 'b0078'}"
GO_0005950,"{'b1264', 'b1263'}"
GO_0005951,"{'b0032', 'b0033'}"
GO_0005960,"{'b0116', 'b2903', 'b2905', 'b2904'}"
GO_0005971,"{'b2676', 'b2234', 'b2235', 'b2675'}"
GO_0005975,"{'b3926', 'b1780', 'b3052', 'b2708', 'b2464', 'b2256', 'b4301', 'b1317', 'b3137', 'b1511', 'b0130', 'b3132', 'b3141', 'b4232', 'b3338', 'b1927', 'b2132', 'b0825', 'b3608', 'b3076', 'b3416', 'b3386', 'b2544', 'b0200', 'b4268', 'b3582', 'b2803', 'b4090', 'b0688', 'b0767', 'b2048', 'b0008', 'b2776', 'b4085', 'b3946', 'b1617', 'b3721', 'b1613', 'b3718', 'b3223', 'b0403', 'b4197', 'b1309', 'b3531', 'b2863', 'b0344', 'b3437', 'b3355', 'b3719', 'b3681', 'b0759', 'b0271', 'b3565', 'b0713', 'b3729', 'b1023', 'b2901', 'b0903', 'b3880', 'b1773', 'b2716', 'b1316', 'b3385', 'b3222', 'b3417', 'b3619', 'b3114', 'b3580', 'b1734', 'b4119', 'b0678', 'b3879', 'b0090', 'b3225', 'b3176', 'b2168', 'b1723', 'b0222', 'b3197', 'b3878', 'b1107', 'b3614', 'b3428', 'b4556', 'b3656'}"
GO_0005977,"{'b3431', 'b3428'}"
GO_0005978,"{'b3432', 'b3430', 'b3429', 'b3416'}"
GO_0005980,"{'b3431', 'b3428', 'b3416', 'b3417'}"
GO_0005989,{'b0342'}
GO_0005990,{'b0344'}
GO_0005991,"{'b3080', 'b1197', 'b4241'}"
GO_0005992,"{'b1897', 'b1896'}"
GO_0005993,"{'b3519', 'b4239', 'b1197'}"
GO_0005995,{'b4119'}
GO_0005996,"{'b2800', 'b2738', 'b3902', 'b0061', 'b0062', 'b4198', 'b3583', 'b3748'}"
GO_0005997,{'b3564'}
GO_0005998,{'b3564'}
GO_0006000,"{'b3946', 'b0825'}"
GO_0006001,{'b2168'}
GO_0006002,{'b3916'}
GO_0006004,"{'b2805', 'b2800', 'b2803', 'b2802', 'b2801', 'b2799', 'b2804'}"
GO_0006006,"{'b0688', 'b0767', 'b0903', 'b1779', 'b1852', 'b2927', 'b4016', 'b0902', 'b3952'}"
GO_0006007,"{'b2483', 'b2719', 'b2487', 'b2485', 'b4079', 'b2484', 'b2486', 'b2722', 'b3916', 'b2720', 'b3612', 'b2721', 'b1002', 'b2482', 'b2723', 'b2724'}"
GO_0006011,"{'b1236', 'b3533', 'b3532', 'b2042'}"
GO_0006012,"{'b0757', 'b0758', 'b3679', 'b2837', 'b0759', 'b0756'}"
GO_0006013,{'b0732'}
GO_0006014,"{'b2914', 'b3752'}"
GO_0006015,"{'b4383', 'b4094', 'b1207'}"
GO_0006018,"{'b4383', 'b4381'}"
GO_0006020,set()
GO_0006032,"{'b1733', 'b3338'}"
GO_0006040,"{'b1640', 'b2428', 'b0677'}"
GO_0006043,set()
GO_0006044,"{'b1119', 'b3141', 'b0677', 'b0678', 'b3718'}"
GO_0006046,"{'b0677', 'b0678'}"
GO_0006047,set()
GO_0006048,"{'b3176', 'b3730', 'b3729', 'b0678'}"
GO_0006051,{'b3223'}
GO_0006053,{'b3223'}
GO_0006054,{'b4309'}
GO_0006062,{'b2705'}
GO_0006064,"{'b3092', 'b4322'}"
GO_0006065,{'b2028'}
GO_0006066,{'b1241'}
GO_0006071,"{'b2768', 'b3926', 'b2239', 'b3426', 'b1199', 'b1200', 'b3425', 'b2930', 'b2240', 'b3945', 'b1201', 'b3925', 'b3449'}"
GO_0006072,"{'b3426', 'b3926', 'b2241'}"
GO_0006082,"{'b3115', 'b2296'}"
GO_0006083,"{'b2297', 'b2920', 'b2296'}"
GO_0006084,"{'b0617', 'b0616', 'b2920', 'b0615'}"
GO_0006085,"{'b2297', 'b2296'}"
GO_0006086,{'b0115'}
GO_0006089,"{'b3605', 'b2133', 'b0307'}"
GO_0006090,"{'b0116', 'b1200', 'b1199', 'b0115', 'b1198', 'b1702', 'b0871'}"
GO_0006091,"{'b4122', 'b1612'}"
GO_0006094,"{'b3956', 'b1814', 'b4232', 'b4471', 'b2930', 'b2797', 'b3919', 'b3403', 'b4025', 'b3925', 'b1479', 'b0755', 'b1702'}"
GO_0006096,"{'b3236', 'b2388', 'b0115', 'b1723', 'b2925', 'b3919', 'b1676', 'b3916', 'b2926', 'b1779', 'b3612', 'b4025', 'b1854', 'b2779', 'b2097', 'b0755', 'b4395'}"
GO_0006097,"{'b2976', 'b1276', 'b4018', 'b1136', 'b0118', 'b4016', 'b4015', 'b4014'}"
GO_0006098,"{'b2029', 'b4090', 'b0767', 'b2464', 'b0008', 'b1852', 'b3386', 'b2914'}"
GO_0006099,"{'b3236', 'b2210', 'b0116', 'b0729', 'b0720', 'b0334', 'b1611', 'b1276', 'b0333', 'b0118', 'b4016', 'b4015', 'b2976', 'b4153', 'b0724', 'b4139', 'b0727', 'b0721', 'b0728', 'b0722', 'b0723', 'b0726', 'b1612', 'b1136', 'b4122', 'b3956', 'b4014'}"
GO_0006101,"{'b0617', 'b0616', 'b0615'}"
GO_0006103,{'b0116'}
GO_0006104,set()
GO_0006105,{'b2897'}
GO_0006106,"{'b4151', 'b1611'}"
GO_0006107,"{'b1180', 'b3956'}"
GO_0006108,"{'b1799', 'b3236', 'b2463', 'b1800'}"
GO_0006109,{'b2696'}
GO_0006113,"{'b4151', 'b4154', 'b3236', 'b0972', 'b0974', 'b4152', 'b0973', 'b3365', 'b4153'}"
GO_0006115,{'b1241'}
GO_0006116,"{'b3365', 'b1109'}"
GO_0006119,"{'b0733', 'b0979', 'b4515', 'b0978', 'b0734'}"
GO_0006124,{'b2236'}
GO_0006139,"{'b0910', 'b0708', 'b0799', 'b2162', 'b0474', 'b0651', 'b1808', 'b0030', 'b3407'}"
GO_0006144,"{'b0512', 'b0505', 'b0511', 'b0030', 'b2866', 'b2868', 'b2867', 'b0516', 'b1970', 'b2881', 'b0517', 'b0515'}"
GO_0006145,{'b0505'}
GO_0006146,{'b3665'}
GO_0006147,{'b2883'}
GO_0006148,{'b2407'}
GO_0006149,{'b2407'}
GO_0006152,"{'b4384', 'b2407'}"
GO_0006154,{'b1623'}
GO_0006161,{'b2407'}
GO_0006163,"{'b0104', 'b3648'}"
GO_0006164,"{'b4005', 'b2508', 'b4006', 'b1658', 'b1131', 'b2312', 'b2557', 'b2499', 'b1232', 'b0529', 'b2500', 'b0523', 'b0522', 'b1849', 'b2476', 'b4177'}"
GO_0006166,"{'b2867', 'b0477', 'b2881', 'b0469', 'b2868', 'b0125', 'b2866', 'b0238'}"
GO_0006168,{'b0469'}
GO_0006171,{'b3806'}
GO_0006172,{'b0474'}
GO_0006177,"{'b2507', 'b2508'}"
GO_0006178,set()
GO_0006183,{'b2518'}
GO_0006188,{'b1131'}
GO_0006189,"{'b4005', 'b4006', 'b1131', 'b2312', 'b2557', 'b2499', 'b1232', 'b2500', 'b0523', 'b0522', 'b1849', 'b2476'}"
GO_0006203,"{'b0099', 'b0160'}"
GO_0006206,"{'b2498', 'b0651', 'b4382', 'b2162', 'b0030'}"
GO_0006207,"{'b3642', 'b4244', 'b0032', 'b0945', 'b1281', 'b1062', 'b4196', 'b3581', 'b4245'}"
GO_0006208,"{'b2873', 'b1009', 'b1012', 'b2147', 'b2146', 'b1011', 'b1010', 'b1007', 'b1008'}"
GO_0006209,{'b0337'}
GO_0006210,"{'b1012', 'b2146', 'b2147'}"
GO_0006212,"{'b1009', 'b1012', 'b2147', 'b2146', 'b1011', 'b1010', 'b1007', 'b1008', 'b1539', 'b1006'}"
GO_0006213,{'b4382'}
GO_0006217,{'b2143'}
GO_0006218,{'b3831'}
GO_0006220,{'b0910'}
GO_0006221,"{'b0033', 'b3642', 'b0171', 'b4244', 'b0032', 'b4246', 'b0945', 'b1281', 'b1062', 'b2780', 'b4245'}"
GO_0006222,{'b0945'}
GO_0006223,{'b2498'}
GO_0006225,set()
GO_0006226,"{'b2291', 'b3640', 'b2065'}"
GO_0006227,set()
GO_0006228,{'b2518'}
GO_0006229,{'b2065'}
GO_0006231,{'b2827'}
GO_0006233,{'b1098'}
GO_0006235,"{'b2827', 'b2065', 'b1098'}"
GO_0006241,"{'b2518', 'b2780'}"
GO_0006259,"{'b1340', 'b2213', 'b2949', 'b0215', 'b1266', 'b0398', 'b1238', 'b1347', 'b2411', 'b4162', 'b1844', 'b1349', 'b4483', 'b1100', 'b1350', 'b2609', 'b1335', 'b2761', 'b3647', 'b3155', 'b1652', 'b2011'}"
GO_0006260,"{'b4362', 'b3813', 'b4361', 'b0184', 'b1610', 'b4201', 'b4059', 'b0398', 'b3498', 'b3863', 'b2496', 'b3702', 'b4109', 'b4372', 'b4259', 'b3778', 'b3700', 'b3387', 'b0892', 'b4238', 'b0231', 'b0397', 'b3647', 'b0923', 'b3935', 'b0215', 'b0924', 'b1842', 'b3066', 'b3822', 'b2411', 'b3149', 'b0099', 'b4043', 'b0015', 'b1099', 'b0014', 'b0922', 'b3701', 'b4052', 'b0640', 'b0470'}"
GO_0006261,"{'b4362', 'b2231', 'b0215', 'b1763', 'b1842', 'b0184', 'b4059', 'b3699', 'b3863', 'b0467', 'b4372', 'b4259', 'b3387', 'b1099', 'b0892', 'b0231', 'b0060', 'b3701', 'b0640', 'b3935', 'b0470'}"
GO_0006265,"{'b2231', 'b1274', 'b3699', 'b3030', 'b1763', 'b3283', 'b3019'}"
GO_0006266,"{'b2411', 'b3647'}"
GO_0006268,"{'b4362', 'b3813', 'b4361', 'b4201', 'b3066', 'b4052', 'b0467', 'b3702', 'b3935', 'b3778'}"
GO_0006269,"{'b4362', 'b4361', 'b4201', 'b3066', 'b4052', 'b0467', 'b3935', 'b3778'}"
GO_0006270,"{'b4361', 'b0440', 'b4000', 'b4201', 'b4052', 'b0467', 'b3702', 'b3935', 'b4508'}"
GO_0006271,"{'b4361', 'b3701'}"
GO_0006272,"{'b0215', 'b1842', 'b0184'}"
GO_0006273,"{'b0215', 'b1842', 'b0184'}"
GO_0006274,"{'b0398', 'b1610', 'b0397', 'b2011'}"
GO_0006275,{'b3702'}
GO_0006276,"{'b4260', 'b0143', 'b3811', 'b4201', 'b3935', 'b2894'}"
GO_0006281,"{'b2820', 'b3421', 'b1184', 'b0708', 'b0440', 'b1860', 'b1633', 'b0398', 'b3863', 'b3635', 'b3700', 'b3549', 'b2831', 'b0760', 'b0397', 'b2068', 'b1913', 'b3647', 'b1848', 'b0232', 'b0710', 'b3582', 'b2755', 'b1114', 'b2892', 'b2822', 'b2411', 'b0099', 'b4043', 'b1759', 'b1861', 'b0550', 'b4058', 'b3652', 'b2011', 'b2580', 'b1863', 'b3813', 'b1183', 'b2616', 'b4059', 'b0779', 'b4170', 'b3998', 'b1808', 'b0424', 'b2819', 'b2961', 'b0799', 'b0231', 'b1335', 'b0060', 'b1749', 'b2699', 'b0233', 'b2184', 'b2212', 'b3153', 'b2159', 'b1967', 'b4389', 'b2213', 'b3068', 'b3822', 'b4000', 'b1844', 'b2698', 'b0714', 'b0234', 'b0442', 'b2733', 'b1960', 'b0949', 'b0454', 'b0472', 'b1061', 'b3385', 'b2565', 'b1741'}"
GO_0006282,{'b2698'}
GO_0006283,{'b1114'}
GO_0006284,"{'b3549', 'b2159', 'b2961', 'b0714', 'b2068', 'b1633', 'b3635', 'b3863', 'b2580'}"
GO_0006285,"{'b3068', 'b1633'}"
GO_0006288,{'b2411'}
GO_0006289,"{'b1913', 'b0779', 'b1741', 'b3813', 'b4058', 'b0099'}"
GO_0006294,"{'b4058', 'b1114', 'b0779'}"
GO_0006298,"{'b3387', 'b3813', 'b2831', 'b0422', 'b2733', 'b1960', 'b4059', 'b4170', 'b2509', 'b1844'}"
GO_0006301,"{'b2184', 'b0949'}"
GO_0006302,"{'b3935', 'b2080', 'b0145', 'b2184', 'b0397', 'b2616', 'b2819'}"
GO_0006304,"{'b2831', 'b4350'}"
GO_0006307,"{'b1335', 'b2068', 'b3549', 'b2213', 'b2212'}"
GO_0006308,"{'b2945', 'b3391', 'b3393', 'b0422', 'b3392', 'b3395', 'b3394', 'b3413', 'b2509', 'b2011'}"
GO_0006310,"{'b2820', 'b4313', 'b1994', 'b1860', 'b2442', 'b0398', 'b0265', 'b4711', 'b0656', 'b0540', 'b2030', 'b3558', 'b0393', 'b0537', 'b1432', 'b1374', 'b0022', 'b0259', 'b1403', 'b0892', 'b1996', 'b0397', 'b3218', 'b0988', 'b0281', 'b0912', 'b3045', 'b0228', 'b3461', 'b2394', 'b4710', 'b2892', 'b1141', 'b2822', 'b0373', 'b0132', 'b1545', 'b4501', 'b4312', 'b1893', 'b2648', 'b0264', 'b0552', 'b1331', 'b1349', 'b1404', 'b1158', 'b3044', 'b4278', 'b1861', 'b2349', 'b1345', 'b0550', 'b4273', 'b3652', 'b0298', 'b1863', 'b4285', 'b1997', 'b1140', 'b1402', 'b2192', 'b0360', 'b2616', 'b3445', 'b0361', 'b4059', 'b3237', 'b3811', 'b4294', 'b0278', 'b2819', 'b2982', 'b0541', 'b2861', 'b3505', 'b4272', 'b0299', 'b1894', 'b0016', 'b1712', 'b2699', 'b4284', 'b0274', 'b3935', 'b0582', 'b2622', 'b1936', 'b0021', 'b0372', 'b1763', 'b3444', 'b4516', 'b3822', 'b0275', 'b3411', 'b0256', 'b3832', 'b2305', 'b4709', 'b2860', 'b0544', 'b1027', 'b1026', 'b2089', 'b2088', 'b0472', 'b1370', 'b2565', 'b2894'}"
GO_0006313,"{'b1239', 'b1997', 'b1994', 'b2192', 'b0360', 'b3445', 'b0265', 'b4711', 'b0656', 'b3811', 'b2030', 'b0540', 'b4294', 'b3484', 'b0022', 'b0259', 'b2982', 'b0705', 'b1403', 'b2861', 'b3505', 'b4272', 'b3218', 'b1894', 'b0016', 'b0988', 'b4284', 'b0274', 'b0582', 'b0021', 'b0228', 'b2394', 'b4710', 'b0373', 'b3444', 'b4516', 'b1893', 'b0275', 'b0256', 'b0264', 'b1331', 'b0552', 'b1460', 'b1404', 'b4709', 'b4573', 'b0706', 'b3044', 'b4278', 'b1027', 'b2088', 'b1370', 'b1240', 'b0298', 'b2894'}"
GO_0006338,"{'b1507', 'b3859', 'b1120', 'b0059', 'b3259'}"
GO_0006351,"{'b1328', 'b1594', 'b2289', 'b2479', 'b1399', 'b0440', 'b3649', 'b2808', 'b2714', 'b3243', 'b2157', 'b4324', 'b1564', 'b2554', 'b1339', 'b2837', 'b3987', 'b0034', 'b3292', 'b1922', 'b2684', 'b1275', 'b1570', 'b1951', 'b3711', 'b3501', 'b3295', 'b3025', 'b1508', 'b3226', 'b4124', 'b1891', 'b4191', 'b2217', 'b3261', 'b3906', 'b3357', 'b3516', 'b3515', 'b1712', 'b3988', 'b0912', 'b1320', 'b2231', 'b1618', 'b4260', 'b1512', 'b1892', 'b3461', 'b2573', 'b2731', 'b2741', 'b3699', 'b2163', 'b1201', 'b0796', 'b4046', 'b4000', 'b4043', 'b1499', 'b4293', 'b0487', 'b3067', 'b0846', 'b0435', 'b1299'}"
GO_0006352,"{'b3295', 'b2573', 'b3461', 'b3649', 'b4293', 'b3067', 'b3243', 'b3988', 'b2741', 'b3406', 'b2491', 'b1922', 'b3987', 'b3202'}"
GO_0006353,"{'b3169', 'b3783', 'b0416', 'b3319', 'b3296', 'b3982'}"
GO_0006354,"{'b3842', 'b3181', 'b3982'}"
GO_0006355,"{'b1735', 'b0683', 'b2105', 'b0272', 'b2087', 'b3569', 'b2157', 'b2405', 'b4241', 'b3243', 'b2707', 'b1922', 'b3884', 'b1221', 'b0330', 'b1275', 'b1187', 'b1477', 'b0995', 'b0506', 'b1770', 'b3075', 'b3357', 'b2667', 'b1620', 'b1450', 'b0232', 'b2017', 'b3868', 'b3210', 'b2561', 'b4393', 'b2805', 'b0912', 'b3995', 'b2921', 'b2634', 'b3418', 'b3461', 'b1114', 'b2731', 'b0768', 'b4004', 'b4366', 'b1439', 'b3130', 'b2220', 'b4046', 'b3938', 'b3422', 'b1988', 'b3842', 'b1438', 'b0691', 'b1101', 'b3382', 'b0629', 'b4300', 'b1422', 'b3067', 'b3021', 'b1608', 'b1642', 'b0064', 'b3512', 'b0226', 'b0315', 'b1384', 'b0400', 'b1916', 'b3585', 'b0956', 'b1328', 'b4125', 'b3773', 'b2479', 'b2808', 'b2125', 'b4324', 'b1339', 'b3237', 'b2837', 'b3963', 'b0034', 'b3292', 'b0730', 'b0880', 'b3934', 'b3890', 'b1237', 'b2577', 'b4327', 'b2735', 'b3025', 'b3912', 'b1891', 'b1531', 'b1914', 'b2535', 'b1712', 'b0081', 'b3684', 'b2491', 'b0233', 'b2706', 'b0305', 'b1323', 'b2218', 'b3022', 'b2213', 'b1892', 'b4479', 'b0761', 'b2709', 'b1799', 'b1530', 'b3082', 'b2741', 'b1563', 'b0020', 'b3129', 'b1040', 'b3131', 'b2409', 'b0840', 'b1499', 'b1526', 'b0619', 'b2219', 'b1853', 'b3753', 'b0603', 'b0357', 'b3961', 'b2669', 'b0694', 'b2101', 'b3481', 'b2079', 'b0399', 'b4102', 'b1594', 'b1864', 'b2427', 'b2382', 'b0416', 'b1595', 'b2369', 'b3507', 'b1507', 'b2847', 'b1564', 'b2554', 'b0504', 'b3905', 'b2783', 'b0566', 'b3501', 'b3375', 'b4532', 'b2839', 'b1951', 'b3520', 'b4172', 'b1508', 'b3226', 'b0900', 'b1334', 'b0620', 'b0345', 'b2248', 'b2537', 'b3516', 'b3954', 'b1014', 'b0460', 'b0113', 'b0076', 'b0080', 'b3869', 'b1715', 'b1969', 'b1162', 'b4118', 'b0254', 'b3872', 'b1659', 'b0687', 'b3604', 'b0101', 'b2980', 'b4063', 'b4225', 'b1201', 'b0208', 'b4357', 'b4340', 'b2631', 'b1696', 'b3889', 'b3521', 'b1827', 'b0676', 'b4018', 'b4113', 'b2852', 'b4636', 'b3669', 'b0564', 'b3202', 'b1305', 'b0338', 'b2193', 'b4498', 'b4062', 'b3680', 'b1658', 'b2289', 'b1559', 'b2531', 'b1183', 'b4396', 'b2846', 'b4178', 'b2714', 'b4291', 'b0546', 'b4264', 'b3711', 'b1130', 'b3405', 'b2684', 'b4089', 'b4365', 'b0059', 'b4398', 'b3828', 'b2437', 'b0294', 'b2217', 'b3261', 'b1303', 'b3574', 'b3105', 'b4539', 'b3515', 'b3755', 'b0889', 'b2664', 'b3010', 'b2090', 'b1987', 'b0535', 'b2768', 'b1320', 'b4116', 'b0571', 'b0685', 'b2573', 'b2916', 'b2127', 'b2630', 'b0346', 'b2869', 'b0817', 'b1569', 'b4224', 'b1304', 'b4299', 'b2163', 'b1983', 'b3438', 'b4133', 'b3060', 'b1284', 'b2364', 'b3973', 'b2782', 'b3083', 'b2015', 'b4293', 'b2151', 'b3094', 'b3118', 'b3289', 'b0316', 'b1790', 'b1540', 'b4401'}"
GO_0006364,"{'b0659', 'b1135', 'b2517', 'b3179', 'b0082', 'b2949', 'b1269', 'b1976', 'b1086', 'b3282', 'b3146', 'b0807', 'b4371', 'b1435', 'b4022', 'b1822', 'b3167', 'b1835', 'b2608', 'b0051', 'b3497', 'b0636', 'b2183', 'b3499', 'b2806', 'b3465', 'b2785', 'b1266', 'b2567', 'b1084', 'b0948', 'b3247', 'b3740', 'b4180', 'b3643', 'b2946', 'b0859', 'b3289', 'b3084', 'b2594', 'b0967', 'b0058'}"
GO_0006382,{'b2559'}
GO_0006388,{'b4331'}
GO_0006396,"{'b3704', 'b2785', 'b2791', 'b0058', 'b3421', 'b2567', 'b2532', 'b3056', 'b3965', 'b1084', 'b0948', 'b3247', 'b4403', 'b3164', 'b3780', 'b1835', 'b3166', 'b4180', 'b2745', 'b0859', 'b2581', 'b2318', 'b0143', 'b4475', 'b2756', 'b3606', 'b2779', 'b1652'}"
GO_0006397,"{'b2567', 'b4179', 'b0143'}"
GO_0006399,"{'b3887', 'b2791'}"
GO_0006400,"{'b1871', 'b4166', 'b0835', 'b2607', 'b0661', 'b3064', 'b1133', 'b3706', 'b0405', 'b2583', 'b2081', 'b0144', 'b0188', 'b4171', 'b1344', 'b2794', 'b2960', 'b1055', 'b3470', 'b0921', 'b0406'}"
GO_0006401,"{'b0214', 'b3162', 'b0611', 'b3644', 'b1286', 'b4539', 'b1084', 'b0183', 'b3252', 'b4162', 'b2779', 'b3164', 'b3780'}"
GO_0006402,"{'b4532', 'b2782', 'b0225', 'b2630', 'b4539', 'b4179', 'b1084', 'b1563', 'b3130', 'b4255', 'b2830', 'b2696', 'b3164', 'b1286', 'b3996'}"
GO_0006412,"{'b0659', 'b3186', 'b3304', 'b3311', 'b1718', 'b3384', 'b0528', 'b3983', 'b3986', 'b4506', 'b1866', 'b1719', 'b4202', 'b3185', 'b0893', 'b1716', 'b3315', 'b3984', 'b3168', 'b3636', 'b2609', 'b3309', 'b0911', 'b0026', 'b3297', 'b3317', 'b4375', 'b3319', 'b3299', 'b3321', 'b2400', 'b1211', 'b4200', 'b1876', 'b4258', 'b2185', 'b3316', 'b3231', 'b3165', 'b2891', 'b2114', 'b3340', 'b3314', 'b3307', 'b3288', 'b3310', 'b3170', 'b1089', 'b3313', 'b3294', 'b4203', 'b1637', 'b2569', 'b3302', 'b0852', 'b0169', 'b3985', 'b3320', 'b2606', 'b0170', 'b0481', 'b3591', 'b2697', 'b3590', 'b1717', 'b3871', 'b3301', 'b0296', 'b3342', 'b2184', 'b3287', 'b3936', 'b1282', 'b2514', 'b3341', 'b3559', 'b3703', 'b3306', 'b3305', 'b3339', 'b3308', 'b3318', 'b0884', 'b1714', 'b0172', 'b0526', 'b3065', 'b3303', 'b3298', 'b3312', 'b0930', 'b3980', 'b2890', 'b0642', 'b4391', 'b3560', 'b0023', 'b3296', 'b0194', 'b0680', 'b4147', 'b3230', 'b1204', 'b4129', 'b1713', 'b3637', 'b1480'}"
GO_0006413,"{'b0884', 'b1718', 'b3288', 'b3936', 'b3168', 'b1282'}"
GO_0006414,"{'b3980', 'b4147', 'b3339', 'b2569', 'b0170', 'b3340', 'b2171'}"
GO_0006415,"{'b1212', 'b0172', 'b4375', 'b0225', 'b1211', 'b2891', 'b0191', 'b3983'}"
GO_0006417,"{'b2597', 'b0912', 'b2316', 'b0097', 'b3306', 'b0953', 'b0191', 'b3319', 'b0637', 'b4637', 'b3985', 'b0118', 'b4725', 'b4766', 'b2696', 'b1719', 'b1237', 'b4803', 'b2782', 'b4794', 'b3203', 'b4391', 'b3296', 'b3165', 'b4722', 'b1712', 'b4550', 'b3984', 'b2827', 'b1282'}"
GO_0006418,"{'b1876', 'b4258', 'b2890', 'b0026', 'b1637', 'b0642', 'b3384', 'b2114', 'b0680', 'b4129', 'b2400', 'b1866', 'b1719', 'b0930'}"
GO_0006419,{'b2697'}
GO_0006420,"{'b1876', 'b3559'}"
GO_0006421,{'b0930'}
GO_0006422,{'b1866'}
GO_0006423,{'b0526'}
GO_0006424,"{'b2400', 'b0680', 'b0144'}"
GO_0006425,{'b0680'}
GO_0006426,"{'b3560', 'b3559'}"
GO_0006427,{'b2514'}
GO_0006428,{'b0026'}
GO_0006429,{'b0642'}
GO_0006430,"{'b2890', 'b4129', 'b4155'}"
GO_0006431,{'b2114'}
GO_0006432,"{'b1714', 'b1713'}"
GO_0006433,{'b0194'}
GO_0006434,{'b0893'}
GO_0006435,{'b1719'}
GO_0006436,{'b3384'}
GO_0006437,{'b1637'}
GO_0006438,{'b4258'}
GO_0006446,set()
GO_0006448,"{'b4803', 'b1139'}"
GO_0006449,{'b4375'}
GO_0006450,set()
GO_0006457,"{'b3609', 'b0438', 'b3401', 'b1926', 'b2614', 'b4207', 'b2234', 'b0178', 'b3705', 'b0028', 'b0920', 'b0998', 'b1000', 'b3347', 'b0015', 'b0053', 'b0014', 'b0525', 'b0717', 'b0161', 'b3871', 'b1185', 'b3363', 'b4142', 'b0473', 'b0436', 'b4143', 'b2527', 'b2526'}"
GO_0006465,"{'b1766', 'b2568', 'b3498'}"
GO_0006468,"{'b2566', 'b3859', 'b2070', 'b1703'}"
GO_0006470,"{'b0383', 'b2061', 'b1411', 'b0982', 'b1703'}"
GO_0006474,{'b4373'}
GO_0006476,{'b1120'}
GO_0006479,"{'b1884', 'b1212', 'b3259', 'b2330'}"
GO_0006482,{'b1883'}
GO_0006487,set()
GO_0006493,{'b2257'}
GO_0006508,"{'b1127', 'b1976', 'b1488', 'b0909', 'b3847', 'b3498', 'b0439', 'b2494', 'b2233', 'b3932', 'b1931', 'b1829', 'b0161', 'b0882', 'b3931', 'b0635', 'b0881', 'b0084', 'b2523', 'b2644', 'b2821', 'b1856', 'b0975', 'b0932', 'b0168', 'b4328', 'b3178', 'b0237', 'b3898', 'b1272', 'b1494', 'b4043', 'b0247', 'b3447', 'b2081', 'b2134', 'b2717', 'b1538', 'b4190', 'b2519', 'b0839', 'b1192', 'b3396', 'b3335', 'b1708', 'b2936', 'b4021', 'b0494', 'b1183', 'b0632', 'b0149', 'b0193', 'b2430', 'b4305', 'b2002', 'b1830', 'b2175', 'b3638', 'b4235', 'b0376', 'b0027', 'b3424', 'b1766', 'b2568', 'b1845', 'b0556', 'b2269', 'b2385', 'b4260', 'b0437', 'b3244', 'b0828', 'b3234', 'b2271', 'b3235', 'b2328', 'b2872', 'b2908', 'b1598', 'b2753', 'b0176', 'b1655', 'b0227', 'b0565', 'b3527', 'b2384', 'b1139', 'b2010', 'b1326', 'b0955', 'b3182', 'b2993'}"
GO_0006515,"{'b0439', 'b1204', 'b0437', 'b0161', 'b0882'}"
GO_0006518,{'b1127'}
GO_0006520,"{'b4054', 'b2965', 'b0870', 'b4117', 'b2870', 'b4245', 'b3376', 'b2440', 'b0186', 'b0928', 'b1761', 'b4131', 'b0004', 'b0693', 'b2441', 'b1767'}"
GO_0006522,"{'b4053', 'b1190'}"
GO_0006523,"{'b0131', 'b2379', 'b2290'}"
GO_0006524,set()
GO_0006525,"{'b3359', 'b2874', 'b1747', 'b0323', 'b1748', 'b3237', 'b1745', 'b0521', 'b3202', 'b1746', 'b1744'}"
GO_0006526,"{'b3957', 'b3359', 'b0033', 'b3958', 'b3172', 'b4254', 'b0032', 'b3959', 'b2818', 'b3960', 'b1748', 'b0273', 'b3237'}"
GO_0006527,"{'b1746', 'b4117', 'b1748', 'b1525', 'b1745', 'b1747', 'b2938'}"
GO_0006528,{'b2957'}
GO_0006529,"{'b0674', 'b3744'}"
GO_0006530,set()
GO_0006531,{'b4139'}
GO_0006532,"{'b4054', 'b3770'}"
GO_0006533,{'b4139'}
GO_0006534,"{'b1680', 'b2810'}"
GO_0006535,"{'b2414', 'b2421', 'b2058', 'b3607'}"
GO_0006536,"{'b1761', 'b3517', 'b1493'}"
GO_0006537,"{'b1761', 'b3212', 'b3213'}"
GO_0006538,{'b4139'}
GO_0006541,"{'b3360', 'b0223', 'b0032', 'b0674', 'b2312', 'b2557', 'b1524', 'b2507', 'b1263', 'b3212', 'b3729', 'b2023', 'b0485', 'b2780'}"
GO_0006542,"{'b3870', 'b1297'}"
GO_0006543,{'b1524'}
GO_0006545,"{'b0870', 'b2551'}"
GO_0006546,"{'b2903', 'b2551', 'b2905'}"
GO_0006554,"{'b0186', 'b4131', 'b2660'}"
GO_0006555,{'b3938'}
GO_0006556,{'b2942'}
GO_0006559,"{'b1386', 'b1385'}"
GO_0006560,{'b1014'}
GO_0006561,"{'b0243', 'b1014', 'b0242', 'b0386'}"
GO_0006562,{'b1014'}
GO_0006563,{'b0907'}
GO_0006564,"{'b3616', 'b2551', 'b4388', 'b0907', 'b2913'}"
GO_0006565,"{'b1814', 'b2551', 'b2797', 'b3117'}"
GO_0006566,"{'b3772', 'b0003', 'b3113'}"
GO_0006567,"{'b3616', 'b3115', 'b3617', 'b3117'}"
GO_0006568,"{'b1260', 'b1262', 'b1261', 'b3708'}"
GO_0006569,"{'b3709', 'b3707', 'b3708'}"
GO_0006571,"{'b4054', 'b2600', 'b2599'}"
GO_0006576,"{'b2461', 'b4538'}"
GO_0006580,{'b2459'}
GO_0006591,"{'b0273', 'b4254'}"
GO_0006593,{'b1748'}
GO_0006596,{'b0121'}
GO_0006598,{'b1584'}
GO_0006605,"{'b0408', 'b3609', 'b3300', 'b0409', 'b1950', 'b0098', 'b3981'}"
GO_0006612,"{'b3464', 'b2610', 'b0098'}"
GO_0006614,"{'b3464', 'b2610'}"
GO_0006616,"{'b3300', 'b3175', 'b3981'}"
GO_0006629,"{'b3821', 'b3820', 'b2239', 'b0494', 'b0736', 'b4377', 'b1805', 'b1661', 'b3825', 'b3449', 'b0452', 'b3888', 'b0418'}"
GO_0006631,"{'b2222', 'b0221', 'b2341', 'b2224', 'b4041', 'b1701', 'b2836', 'b3846', 'b1091', 'b4269', 'b1805', 'b2221', 'b2342', 'b3963', 'b1393', 'b1395', 'b3845', 'b1187'}"
GO_0006633,"{'b0954', 'b2316', 'b2323', 'b3256', 'b3963', 'b3255', 'b0185', 'b1091', 'b1094', 'b1288', 'b3475', 'b1095', 'b0404', 'b2563', 'b0180', 'b1661', 'b1090', 'b1092', 'b1093', 'b3888'}"
GO_0006635,"{'b0221', 'b2341', 'b1701', 'b2342', 'b3846', 'b1805', 'b3081', 'b0443', 'b3845'}"
GO_0006636,"{'b0954', 'b1550'}"
GO_0006637,"{'b0452', 'b1805'}"
GO_0006644,"{'b3059', 'b1090'}"
GO_0006646,{'b4160'}
GO_0006650,"{'b2835', 'b3608', 'b3825'}"
GO_0006654,"{'b4042', 'b3018'}"
GO_0006655,"{'b1278', 'b1912', 'b0418', 'b2560'}"
GO_0006665,set()
GO_0006729,set()
GO_0006730,"{'b2315', 'b0116', 'b2942', 'b2904', 'b1232', 'b1606', 'b0529', 'b2551', 'b2903', 'b2153', 'b2905', 'b0048'}"
GO_0006734,set()
GO_0006739,{'b3962'}
GO_0006740,"{'b1603', 'b1602'}"
GO_0006741,{'b2615'}
GO_0006742,set()
GO_0006744,"{'b2907', 'b3159', 'b3843', 'b3835', 'b3187', 'b3042', 'b0420', 'b3157', 'b2232', 'b2906', 'b3833', 'b3834', 'b2746', 'b2311', 'b4040', 'b3158', 'b0662', 'b4039'}"
GO_0006747,{'b0025'}
GO_0006749,"{'b3500', 'b3447', 'b2988'}"
GO_0006750,"{'b3447', 'b2947', 'b2688'}"
GO_0006751,"{'b3447', 'b1218'}"
GO_0006753,set()
GO_0006754,"{'b3732', 'b3734', 'b1941', 'b3735', 'b3738', 'b3736', 'b3737', 'b3731', 'b3733'}"
GO_0006760,"{'b3058', 'b2303'}"
GO_0006761,{'b2315'}
GO_0006768,{'b3973'}
GO_0006771,set()
GO_0006772,"{'b0419', 'b1106', 'b4394'}"
GO_0006777,"{'b0827', 'b0784', 'b3895', 'b0783', 'b0782', 'b0826', 'b3856', 'b0785', 'b2877', 'b3857', 'b3470', 'b0781', 'b2206', 'b0009'}"
GO_0006778,{'b3997'}
GO_0006779,"{'b1210', 'b1270', 'b3805', 'b3997', 'b3802', 'b3368', 'b3867', 'b2955', 'b3804', 'b2436', 'b1993', 'b3850', 'b0154'}"
GO_0006780,"{'b3997', 'b3804'}"
GO_0006782,"{'b1210', 'b3805', 'b0369', 'b3867', 'b3804', 'b2436', 'b3997', 'b3850', 'b0154'}"
GO_0006783,"{'b3850', 'b0475', 'b3805', 'b2350', 'b2436', 'b3997', 'b0369', 'b0428'}"
GO_0006785,"{'b3997', 'b3850'}"
GO_0006788,"{'b3894', 'b1475', 'b1476', 'b3893', 'b3892', 'b1474'}"
GO_0006790,"{'b1679', 'b2762', 'b2752', 'b2751', 'b0934', 'b1680', 'b0936', 'b1919', 'b2425', 'b3917', 'b0368', 'b4214', 'b0933'}"
GO_0006791,"{'b1918', 'b1920', 'b1729', 'b1919', 'b3425'}"
GO_0006793,"{'b2501', 'b2585', 'b3779', 'b2502'}"
GO_0006796,"{'b4226', 'b3426', 'b0096', 'b0420', 'b2241'}"
GO_0006798,{'b2502'}
GO_0006799,{'b2501'}
GO_0006801,"{'b1656', 'b3908', 'b1646'}"
GO_0006805,"{'b1650', 'b3713', 'b0543'}"
GO_0006808,"{'b2553', 'b0167', 'b0450', 'b3868'}"
GO_0006811,"{'b1342', 'b0929', 'b2392', 'b4148', 'b3966', 'b0155', 'b1520', 'b2062', 'b0553', 'b4311', 'b0241', 'b3720', 'b1615', 'b3816', 'b3291', 'b1965', 'b2155', 'b0572', 'b0411', 'b1216', 'b2215', 'b0478', 'b4496', 'b0010', 'b1966', 'b0957', 'b3875', 'b0681', 'b1319', 'b1377', 'b0983', 'b4036', 'b1964', 'b1821'}"
GO_0006812,"{'b3469', 'b0575', 'b0484', 'b1429'}"
GO_0006813,"{'b0047', 'b3350', 'b0697', 'b0465', 'b3849', 'b1191', 'b0046', 'b4513', 'b3351', 'b4337', 'b0698', 'b1250', 'b1291', 'b3290', 'b0478', 'b1363', 'b3747', 'b2292', 'b3685', 'b0696', 'b0847'}"
GO_0006814,"{'b4120', 'b1186', 'b3679', 'b3653', 'b1616', 'b3877', 'b0270', 'b3657', 'b4067', 'b4065', 'b3876', 'b0007', 'b1663', 'b1015', 'b0019', 'b4337', 'b3258'}"
GO_0006817,"{'b0399', 'b3727', 'b3666', 'b3726', 'b3725', 'b3493', 'b2987', 'b0400', 'b3728', 'b3724'}"
GO_0006821,"{'b0155', 'b2389', 'b1592'}"
GO_0006824,"{'b1342', 'b2392', 'b3040', 'b2106', 'b3816'}"
GO_0006825,"{'b0574', 'b0484', 'b1841', 'b1840', 'b0575'}"
GO_0006826,"{'b0585', 'b2392', 'b4290', 'b3844', 'b4287', 'b0592', 'b4288', 'b4292', 'b0590', 'b0150', 'b3915', 'b0491', 'b0151', 'b4291', 'b2155', 'b0588', 'b0584', 'b0490', 'b3336', 'b0153', 'b3040', 'b3408', 'b4293', 'b0805', 'b1905', 'b0152', 'b0587', 'b0262', 'b4289', 'b3409', 'b0589', 'b1102'}"
GO_0006828,{'b2392'}
GO_0006829,"{'b0752', 'b1859', 'b3040', 'b3915', 'b1858', 'b3493', 'b1857', 'b3469'}"
GO_0006833,"{'b0875', 'b3927'}"
GO_0006835,"{'b4077', 'b3528'}"
GO_0006847,{'b4067'}
GO_0006849,"{'b4354', 'b0598'}"
GO_0006855,"{'b0794', 'b0793', 'b0792', 'b1663', 'b3514'}"
GO_0006857,"{'b3496', 'b1243', 'b4130', 'b1634', 'b2177'}"
GO_0006863,{'b4064'}
GO_0006864,{'b1006'}
GO_0006865,"{'b1605', 'b2014', 'b2923', 'b3458', 'b2308', 'b0328', 'b4077', 'b3795', 'b4141', 'b0874', 'b3370', 'b3270', 'b1453', 'b0652', 'b2663', 'b3456', 'b4132', 'b1473', 'b3709', 'b3460', 'b0860', 'b1918', 'b0197', 'b1729', 'b2156', 'b1917', 'b0811', 'b2578', 'b2306', 'b0653', 'b0864', 'b2365', 'b1907', 'b0886', 'b0486', 'b4111', 'b2307', 'b2678', 'b3110', 'b2128', 'b0887', 'b1015', 'b1336', 'b0260', 'b3271', 'b2130', 'b2796', 'b3824', 'b0813', 'b3454', 'b0199', 'b0862', 'b0692', 'b0112', 'b0401', 'b0863', 'b0810', 'b3116', 'b3269', 'b1798', 'b0007', 'b2309', 'b2677', 'b1533', 'b1920', 'b3457', 'b3653', 'b3089', 'b0655', 'b2310', 'b0809', 'b3161', 'b4208', 'b3823', 'b0402', 'b1296', 'b2670', 'b2679', 'b2129', 'b3455', 'b1492', 'b0654', 'b0861', 'b2131', 'b4115', 'b0576', 'b0198'}"
GO_0006868,"{'b0810', 'b0811', 'b0809'}"
GO_0006869,"{'b2835', 'b0914', 'b0887', 'b2344', 'b0449'}"
GO_0006874,set()
GO_0006878,"{'b0574', 'b0573', 'b0572', 'b0575'}"
GO_0006879,"{'b4290', 'b4287', 'b3649', 'b4288', 'b4292', 'b3915', 'b0491', 'b0150', 'b3190', 'b4291', 'b3987', 'b0804', 'b3005', 'b3006', 'b2155', 'b3295', 'b0584', 'b0490', 'b1654', 'b3336', 'b0805', 'b4293', 'b1905', 'b0812', 'b3988', 'b0435', 'b1252', 'b4289', 'b1102'}"
GO_0006880,set()
GO_0006882,"{'b3915', 'b3469', 'b1973'}"
GO_0006884,{'b1191'}
GO_0006885,"{'b0047', 'b0996', 'b0019', 'b0997'}"
GO_0006886,"{'b0408', 'b3300', 'b3175', 'b0409', 'b0098', 'b3981'}"
GO_0006935,"{'b1946', 'b1945', 'b1942', 'b1944', 'b1940', 'b4069', 'b1889', 'b3072', 'b1886', 'b1948', 'b2150', 'b1888', 'b1947', 'b1077', 'b1882', 'b1887', 'b1890', 'b3751', 'b1883', 'b1885', 'b1879', 'b1950', 'b1078', 'b1421', 'b1939', 'b1949', 'b1941', 'b4355', 'b1884', 'b1880', 'b1073', 'b1937', 'b1881', 'b1074', 'b3544'}"
GO_0006950,"{'b1112', 'b3859', 'b1333', 'b0708', 'b4149', 'b3229', 'b4484', 'b1633', 'b2741', 'b0471', 'b0607', 'b2944', 'b3017', 'b2572', 'b0650', 'b1438', 'b2961', 'b1896', 'b1490', 'b1054', 'b3826', 'b4179', 'b0812', 'b2068', 'b0492', 'b0950', 'b2579'}"
GO_0006952,"{'b1178', 'b2209', 'b2520'}"
GO_0006970,"{'b0313', 'b1283', 'b4363', 'b0890', 'b1896', 'b2573', 'b1897', 'b1079', 'b3368', 'b3404', 'b0577', 'b0312', 'b0875', 'b1739', 'b0543', 'b0311'}"
GO_0006972,"{'b1482', 'b2677', 'b2049', 'b2688', 'b2678', 'b2679', 'b4376', 'b1732'}"
GO_0006974,"{'b2774', 'b1780', 'b1968', 'b3528', 'b3421', 'b4586', 'b3503', 'b3071', 'b3144', 'b3863', 'b3635', 'b3558', 'b3431', 'b1497', 'b2294', 'b0506', 'b1931', 'b2215', 'b2149', 'b2663', 'b1905', 'b3480', 'b1467', 'b0232', 'b1019', 'b2544', 'b4618', 'b2009', 'b0830', 'b2755', 'b2921', 'b3121', 'b1114', 'b4187', 'b4312', 'b3429', 'b3050', 'b2365', 'b0902', 'b4043', 'b3432', 'b4033', 'b1197', 'b1008', 'b3409', 'b2483', 'b1740', 'b3894', 'b4353', 'b2037', 'b3433', 'b3047', 'b0314', 'b1198', 'b1258', 'b4377', 'b3001', 'b2500', 'b0273', 'b0792', 'b0804', 'b2819', 'b1896', 'b0426', 'b3494', 'b0284', 'b1749', 'b2699', 'b3831', 'b0543', 'b3562', 'b0958', 'b2213', 'b4382', 'b1200', 'b3080', 'b2971', 'b3822', 'b0591', 'b1188', 'b2290', 'b2368', 'b1478', 'b3597', 'b2733', 'b0135', 'b3603', 'b1853', 'b4122', 'b3961', 'b4036', 'b1993', 'b1732', 'b1741', 'b1664', 'b3926', 'b2366', 'b1184', 'b1080', 'b2949', 'b4335', 'b4383', 'b4352', 'b4213', 'b4239', 'b0030', 'b1724', 'b1317', 'b3167', 'b4280', 'b1131', 'b2922', 'b3408', 'b3726', 'b2456', 'b2068', 'b3516', 'b2107', 'b3526', 'b4384', 'b0592', 'b0024', 'b3221', 'b1815', 'b4034', 'b3744', 'b3579', 'b3604', 'b0479', 'b3688', 'b4177', 'b4189', 'b0261', 'b2024', 'b4154', 'b4005', 'b1104', 'b4381', 'b0247', 'b3594', 'b2038', 'b4326', 'b1059', 'b1728', 'b1035', 'b2889', 'b4354', 'b0258', 'b3701', 'b0679', 'b2266', 'b2979', 'b4415', 'b1183', 'b3959', 'b1697', 'b2616', 'b1222', 'b0546', 'b1831', 'b3728', 'b3219', 'b4347', 'b2135', 'b2367', 'b0363', 'b0231', 'b0925', 'b2148', 'b1397', 'b0957', 'b0060', 'b3515', 'b0877', 'b1652', 'b3222', 'b3990', 'b1320', 'b0685', 'b3645', 'b2109', 'b4149', 'b0937', 'b2486', 'b1623', 'b0509', 'b3438', 'b1296', 'b4000', 'b2506', 'b2698', 'b1284', 'b3191', 'b3588', 'b1930', 'b1723', 'b1050', 'b0802', 'b3892', 'b4613', 'b4144', 'b0454', 'b4322', 'b3155', 'b0473'}"
GO_0006979,"{'b2354', 'b0116', 'b2907', 'b3844', 'b1681', 'b1710', 'b1778', 'b1004', 'b0605', 'b1241', 'b2358', 'b2362', 'b3414', 'b2752', 'b0375', 'b0161', 'b1905', 'b0882', 'b4217', 'b2480', 'b3612', 'b0644', 'b1014', 'b3676', 'b4209', 'b3153', 'b1679', 'b0771', 'b3401', 'b4219', 'b1611', 'b1276', 'b2584', 'b1203', 'b4063', 'b3017', 'b2570', 'b1482', 'b0045', 'b3908', 'b1412', 'b1378', 'b2208', 'b0606', 'b1136', 'b1018', 'b3961', 'b2521', 'b1684', 'b1732', 'b2302', 'b3942'}"
GO_0006995,"{'b2663', 'b1783', 'b2310'}"
GO_0007059,"{'b0956', 'b3764', 'b0890', 'b3030', 'b0924', 'b2170', 'b0922', 'b1175', 'b3811', 'b3183', 'b0923', 'b4109', 'b3019', 'b2894'}"
GO_0007062,"{'b0687', 'b0924', 'b3019', 'b3030'}"
GO_0007155,"{'b0192', 'b4318', 'b0140', 'b2333', 'b0719', 'b0530', 'b1924', 'b1502', 'b3048', 'b0534', 'b2108', 'b3142', 'b3912', 'b0141', 'b0138', 'b2233', 'b0942', 'b4315', 'b1202', 'b1042', 'b3145', 'b3911', 'b0943', 'b2111', 'b0137', 'b1503', 'b2334', 'b0938', 'b0139', 'b2647', 'b1978', 'b4320', 'b2335', 'b0136', 'b0941', 'b2339', 'b4314', 'b0177', 'b1504', 'b0716', 'b0135', 'b0533', 'b4319', 'b1376', 'b3043', 'b1857', 'b1041'}"
GO_0007165,"{'b3869', 'b3911', 'b4125', 'b2469', 'b1968', 'b0570', 'b1129', 'b3668', 'b4399', 'b1886', 'b4112', 'b2078', 'b3072', 'b1222', 'b2556', 'b2126', 'b3529', 'b1882', 'b1887', 'b1883', 'b2370', 'b0196', 'b1885', 'b4003', 'b1421', 'b4355', 'b3404', 'b0695', 'b3026', 'b2219', 'b2786', 'b1609', 'b2604', 'b3210', 'b0400', 'b2380'}"
GO_0007172,"{'b1886', 'b4355'}"
GO_0007231,"{'b4111', 'b1831'}"
GO_0007234,{'b1129'}
GO_0007603,{'b0708'}
GO_0007638,"{'b4320', 'b4319', 'b4318'}"
GO_0008033,"{'b3704', 'b1871', 'b2517', 'b4166', 'b2791', 'b3343', 'b3282', 'b2607', 'b0661', 'b3056', 'b1133', 'b3706', 'b2324', 'b3345', 'b4022', 'b2830', 'b2575', 'b0921', 'b3344', 'b1807', 'b4172', 'b2898', 'b3260', 'b4049', 'b0188', 'b2318', 'b1055', 'b1652', 'b0969', 'b2140', 'b1804', 'b2567', 'b2268', 'b2532', 'b3064', 'b4168', 'b1084', 'b3965', 'b3247', 'b2583', 'b2559', 'b2081', 'b3166', 'b2745', 'b3643', 'b3741', 'b4171', 'b1344', 'b2960', 'b2474', 'b3651', 'b3606', 'b3470', 'b0195', 'b0058', 'b2530', 'b0406'}"
GO_0008047,"{'b1679', 'b0975', 'b2717', 'b3809', 'b3132', 'b3844', 'b2415', 'b3388', 'b1105', 'b2993', 'b4059', 'b2314', 'b2553', 'b4663', 'b2095'}"
GO_0008061,{'b3338'}
GO_0008073,{'b0023'}
GO_0008080,"{'b1427', 'b1066', 'b3790', 'b4373', 'b4093', 'b4256', 'b3441'}"
GO_0008081,"{'b2159', 'b2300', 'b2239', 'b4092', 'b0147', 'b0167', 'b3449', 'b0164'}"
GO_0008092,"{'b2005', 'b2004'}"
GO_0008094,"{'b2231', 'b2820', 'b0892', 'b4389', 'b1184', 'b1183', 'b3699', 'b2699', 'b3822'}"
GO_0008097,"{'b3304', 'b2185', 'b3308'}"
GO_0008104,{'b3609'}
GO_0008106,"{'b3011', 'b3012', 'b3003', 'b0325', 'b4269', 'b0493'}"
GO_0008108,{'b0758'}
GO_0008113,{'b4219'}
GO_0008115,set()
GO_0008126,{'b0476'}
GO_0008127,{'b3439'}
GO_0008131,{'b1386'}
GO_0008137,"{'b2277', 'b2279', 'b2278', 'b2719', 'b2276', 'b2288', 'b2489', 'b2721', 'b2284', 'b2280', 'b2285', 'b1109', 'b2487', 'b2484', 'b2287', 'b2286', 'b2482', 'b2283', 'b2723', 'b2282'}"
GO_0008138,"{'b2734', 'b1838'}"
GO_0008143,"{'b2576', 'b0623'}"
GO_0008146,set()
GO_0008153,"{'b3360', 'b1812', 'b1096'}"
GO_0008156,"{'b3702', 'b0880', 'b0687', 'b2496'}"
GO_0008168,"{'b2356', 'b2517', 'b3179', 'b0082', 'b1976', 'b2607', 'b4349', 'b3262', 'b4371', 'b3829', 'b3146', 'b0807', 'b2324', 'b0921', 'b2575', 'b1822', 'b1961', 'b2232', 'b3387', 'b1835', 'b0051', 'b3497', 'b3259', 'b1661', 'b1335', 'b0636', 'b2827', 'b3499', 'b2806', 'b4019', 'b3465', 'b2785', 'b2213', 'b2532', 'b1519', 'b3965', 'b0948', 'b1430', 'b4403', 'b2330', 'b0261', 'b3740', 'b4180', 'b2946', 'b0859', 'b2581', 'b3289', 'b3368', 'b1884', 'b2960', 'b2743', 'b1212', 'b3084', 'b3651', 'b3606', 'b0967', 'b3833', 'b0195', 'b0777'}"
GO_0008170,"{'b4349', 'b3262', 'b1212', 'b4371', 'b3084', 'b2575', 'b2330'}"
GO_0008173,"{'b2517', 'b2785', 'b3606', 'b4180', 'b0859', 'b2581', 'b4403', 'b2532'}"
GO_0008175,{'b3606'}
GO_0008176,{'b2960'}
GO_0008177,"{'b4154', 'b0723', 'b0724', 'b0721', 'b4153'}"
GO_0008184,"{'b3428', 'b3417'}"
GO_0008186,"{'b2576', 'b3783'}"
GO_0008195,{'b1278'}
GO_0008198,"{'b1128', 'b3807', 'b0168', 'b2709', 'b2528', 'b3032', 'b2524', 'b3039', 'b0337', 'b1241', 'b2799', 'b3616', 'b3091', 'b0758', 'b3665', 'b4322', 'b2659', 'b0368', 'b3386', 'b3287', 'b0348', 'b2212', 'b3128'}"
GO_0008199,"{'b0812', 'b3891', 'b3807', 'b3336', 'b1902', 'b1905'}"
GO_0008201,{'b0940'}
GO_0008202,set()
GO_0008216,{'b2988'}
GO_0008233,"{'b0975', 'b4021', 'b0494', 'b0632', 'b0149', 'b0828', 'b3234', 'b3178', 'b3498', 'b3235', 'b2328', 'b1494', 'b0439', 'b3447', 'b2494', 'b2134', 'b2717', 'b2081', 'b3932', 'b1931', 'b1139', 'b0161', 'b2010', 'b3931', 'b0839', 'b2993', 'b0556', 'b3335', 'b2568'}"
GO_0008234,"{'b2175', 'b1708', 'b1655', 'b0193', 'b0227', 'b2269'}"
GO_0008235,"{'b3847', 'b2385', 'b2271', 'b4260', 'b2908', 'b2753', 'b0168'}"
GO_0008236,"{'b3424', 'b1845', 'b0439', 'b2233', 'b4190', 'b0437', 'b4021', 'b1183', 'b0161', 'b1830', 'b3234', 'b0955', 'b1192', 'b3235', 'b1598', 'b1272', 'b1766'}"
GO_0008237,"{'b2936', 'b1127', 'b0932', 'b1976', 'b3244', 'b1488', 'b4328', 'b0909', 'b3847', 'b3178', 'b0237', 'b3498', 'b2328', 'b3898', 'b2872', 'b2908', 'b1494', 'b0176', 'b0247', 'b2494', 'b1807', 'b1538', 'b3527', 'b2384', 'b1829', 'b2644', 'b4305', 'b1326', 'b2002', 'b3638', 'b4235', 'b2821', 'b1856'}"
GO_0008251,{'b2559'}
GO_0008252,"{'b2744', 'b0980', 'b0480', 'b1266', 'b4213'}"
GO_0008253,"{'b2744', 'b4374', 'b0480', 'b0675', 'b3399'}"
GO_0008254,"{'b2744', 'b4213'}"
GO_0008263,{'b3068'}
GO_0008270,"{'b1127', 'b0683', 'b1976', 'b0369', 'b3635', 'b2944', 'b4269', 'b2494', 'b2843', 'b0410', 'b2925', 'b2435', 'b3945', 'b0061', 'b3582', 'b4019', 'b2296', 'b0932', 'b1973', 'b3401', 'b0325', 'b3583', 'b2122', 'b3992', 'b3066', 'b1238', 'b0608', 'b2400', 'b1494', 'b4226', 'b1313', 'b0015', 'b2559', 'b0383', 'b0145', 'b4358', 'b3231', 'b2114', 'b2545', 'b1119', 'b3994', 'b3389', 'b2582', 'b2991', 'b3349', 'b3292', 'b2697', 'b2297', 'b0512', 'b1891', 'b2472', 'b3283', 'b0444', 'b1773', 'b3988', 'b1744', 'b2712', 'b3287', 'b3279', 'b2020', 'b3935', 'b3957', 'b1967', 'b2213', 'b1580', 'b3244', 'b0413', 'b2551', 'b3822', 'b0526', 'b2096', 'b1478', 'b0677', 'b1326', 'b0222', 'b4051', 'b1776', 'b2143', 'b1774', 'b0406', 'b3926', 'b0659', 'b4002', 'b0339', 'b2726', 'b3311', 'b1535', 'b2418', 'b2765', 'b1488', 'b4198', 'b0803', 'b0052', 'b3829', 'b3039', 'b1778', 'b1719', 'b3137', 'b4244', 'b1277', 'b0144', 'b1829', 'b1120', 'b2173', 'b1062', 'b2727', 'b2821', 'b0200', 'b0026', 'b1034', 'b3317', 'b2268', 'b4328', 'b3178', 'b3221', 'b0237', 'b2529', 'b3903', 'b0101', 'b0356', 'b1613', 'b0261', 'b0758', 'b0014', 'b4526', 'b1646', 'b2889', 'b1159', 'b4058', 'b2316', 'b0116', 'b3379', 'b0169', 'b0337', 'b0170', 'b0098', 'b1822', 'b2760', 'b2091', 'b4238', 'b0516', 'b0867', 'b2184', 'b3936', 'b3222', 'b2159', 'b0438', 'b1084', 'b1623', 'b2153', 'b0212', 'b2883', 'b0126', 'b3996', 'b0714', 'b3616', 'b2800', 'b3011', 'b2583', 'b0414', 'b0096', 'b2746', 'b2439', 'b1857'}"
GO_0008271,{'b1206'}
GO_0008273,set()
GO_0008276,"{'b1884', 'b2330', 'b1212', 'b3259'}"
GO_0008289,"{'b1094', 'b0929', 'b2571', 'b3836', 'b4149', 'b1677', 'b0871', 'b0914', 'b3737'}"
GO_0008295,"{'b2965', 'b0121', 'b0693', 'b0120', 'b2938', 'b2937'}"
GO_0008296,"{'b0060', 'b2761', 'b2159', 'b3155', 'b2949', 'b0231', 'b0397'}"
GO_0008298,{'b1175'}
GO_0008299,"{'b2515', 'b0421', 'b3209', 'b1208', 'b2746', 'b2889', 'b2747', 'b0029', 'b3187', 'b0420', 'b0173'}"
GO_0008301,"{'b2733', 'b3357'}"
GO_0008310,"{'b4162', 'b4483', 'b1652', 'b2011'}"
GO_0008311,{'b1749'}
GO_0008312,"{'b1084', 'b2610'}"
GO_0008320,"{'b3839', 'b3838', 'b3981', 'b3175', 'b3836', 'b0627', 'b3300'}"
GO_0008324,"{'b3685', 'b2292', 'b0478', 'b0575', 'b0847'}"
GO_0008327,{'b1159'}
GO_0008360,"{'b1990', 'b0092', 'b0632', 'b1105', 'b0149', 'b3147', 'b0381', 'b0086', 'b0088', 'b0224', 'b4053', 'b0174', 'b0634', 'b3249', 'b0780', 'b1113', 'b0925', 'b0635', 'b3208', 'b0087', 'b3251', 'b0089', 'b0084', 'b0376', 'b3189', 'b2005', 'b0091', 'b3057', 'b3967', 'b1069', 'b4233', 'b0085', 'b1678', 'b3972', 'b2134', 'b0090', 'b2516', 'b2519', 'b3730', 'b2010', 'b0841', 'b0839', 'b0819', 'b2896', 'b3250', 'b3233', 'b1107', 'b1192', 'b3182', 'b3396'}"
GO_0008361,{'b1049'}
GO_0008374,set()
GO_0008375,{'b1022'}
GO_0008379,"{'b1324', 'b1710', 'b2480'}"
GO_0008381,"{'b4159', 'b0808', 'b2924', 'b1330', 'b0465', 'b3291', 'b0577'}"
GO_0008408,"{'b4483', 'b1099', 'b0184', 'b1804', 'b0398', 'b3701', 'b3863', 'b4372', 'b1652', 'b1844', 'b1286'}"
GO_0008409,"{'b2798', 'b2892', 'b3863'}"
GO_0008410,"{'b2222', 'b2374', 'b0038', 'b2221', 'b1694'}"
GO_0008412,{'b4040'}
GO_0008413,{'b0099'}
GO_0008417,"{'b4481', 'b2055'}"
GO_0008422,{'b2132'}
GO_0008425,"{'b3833', 'b2232'}"
GO_0008428,"{'b4255', 'b3929', 'b1045'}"
GO_0008430,{'b1474'}
GO_0008441,{'b4214'}
GO_0008442,{'b1539'}
GO_0008443,set()
GO_0008444,"{'b2585', 'b1912'}"
GO_0008446,{'b2053'}
GO_0008448,{'b0677'}
GO_0008460,"{'b2041', 'b3788'}"
GO_0008465,"{'b1033', 'b3553'}"
GO_0008470,{'b4187'}
GO_0008477,{'b3399'}
GO_0008478,"{'b1636', 'b2418'}"
GO_0008479,{'b0406'}
GO_0008483,"{'b3359', 'b2021', 'b2662', 'b3073', 'b0928', 'b1439', 'b3729', 'b3770', 'b2379', 'b2905', 'b0907', 'b1302', 'b2290', 'b4054', 'b3572', 'b4340', 'b0600', 'b1748', 'b0774', 'b0154', 'b2253'}"
GO_0008490,{'b3502'}
GO_0008494,{'b3842'}
GO_0008495,{'b0428'}
GO_0008519,{'b0451'}
GO_0008531,{'b0025'}
GO_0008534,{'b3635'}
GO_0008551,{'b3469'}
GO_0008556,"{'b0696', 'b0697', 'b4513', 'b0698'}"
GO_0008559,"{'b0879', 'b0914', 'b0448', 'b0449'}"
GO_0008564,"{'b3326', 'b0098'}"
GO_0008609,{'b4463'}
GO_0008610,"{'b1661', 'b1094', 'b1288', 'b1093', 'b0181', 'b4463'}"
GO_0008615,"{'b1638', 'b0907', 'b2927', 'b0420', 'b2564', 'b2320', 'b0052'}"
GO_0008616,"{'b0405', 'b4166', 'b2794', 'b2765', 'b0444', 'b2153', 'b2777', 'b0406'}"
GO_0008641,"{'b3992', 'b0826', 'b2812'}"
GO_0008643,"{'b3909', 'b3450', 'b4035', 'b4265', 'b0270', 'b0343', 'b2170', 'b4304', 'b3876', 'b4034', 'b3579', 'b4120', 'b1616', 'b3683', 'b3877', 'b4302', 'b1528', 'b3657', 'b4037', 'b0070', 'b4565', 'b3659'}"
GO_0008645,{'b3907'}
GO_0008649,"{'b3499', 'b1835', 'b3740', 'b0967', 'b3289'}"
GO_0008650,{'b3179'}
GO_0008652,"{'b0754', 'b3769', 'b0033', 'b3767', 'b3773', 'b3672', 'b3671', 'b3281', 'b3771', 'b0242', 'b0078', 'b1704', 'b0674', 'b3670', 'b2551', 'b2601', 'b3390', 'b3770', 'b0077', 'b0388', 'b2290', 'b4388', 'b2379', 'b0908', 'b4054', 'b4488', 'b2763', 'b2319', 'b3360', 'b0243', 'b2329', 'b3774', 'b3766', 'b2414', 'b0031', 'b3389', 'b1693'}"
GO_0008653,"{'b1280', 'b2252', 'b1279'}"
GO_0008654,"{'b4160', 'b0789', 'b2585', 'b1249', 'b1912', 'b3059', 'b1408', 'b1046', 'b1758', 'b4041', 'b3018', 'b0175', 'b2836', 'b2086', 'b1805', 'b3918', 'b3608', 'b1090', 'b4042'}"
GO_0008655,"{'b2066', 'b2498'}"
GO_0008657,"{'b0101', 'b2009'}"
GO_0008658,"{'b2430', 'b2519', 'b0632', 'b2010', 'b0149', 'b0635', 'b0839', 'b0084', 'b3182', 'b0376', 'b3396'}"
GO_0008661,{'b0420'}
GO_0008662,{'b2168'}
GO_0008663,{'b4213'}
GO_0008664,{'b0147'}
GO_0008666,{'b0166'}
GO_0008667,{'b0596'}
GO_0008668,{'b0594'}
GO_0008670,{'b3081'}
GO_0008671,{'b3693'}
GO_0008672,{'b3126'}
GO_0008673,{'b3526'}
GO_0008674,{'b4477'}
GO_0008675,{'b1850'}
GO_0008676,{'b1215'}
GO_0008677,"{'b0425', 'b3774'}"
GO_0008678,{'b2842'}
GO_0008679,"{'b3125', 'b0509'}"
GO_0008681,{'b2907'}
GO_0008682,{'b0662'}
GO_0008684,{'b0350'}
GO_0008685,{'b2746'}
GO_0008686,{'b3041'}
GO_0008688,{'b0347'}
GO_0008690,{'b0918'}
GO_0008691,{'b1395'}
GO_0008692,"{'b3846', 'b2341'}"
GO_0008694,{'b3843'}
GO_0008695,"{'b2539', 'b2540', 'b2542', 'b2538'}"
GO_0008696,{'b1096'}
GO_0008697,{'b2843'}
GO_0008700,{'b1850'}
GO_0008701,{'b0352'}
GO_0008703,{'b0414'}
GO_0008705,"{'b3829', 'b4019'}"
GO_0008706,"{'b2716', 'b1734', 'b2901', 'b3681', 'b3721', 'b4556'}"
GO_0008707,{'b0980'}
GO_0008709,{'b1619'}
GO_0008710,{'b0776'}
GO_0008712,{'b3619'}
GO_0008713,"{'b3623', 'b3620'}"
GO_0008714,"{'b1982', 'b2795'}"
GO_0008715,{'b3918'}
GO_0008716,"{'b0381', 'b0092'}"
GO_0008718,{'b1189'}
GO_0008719,{'b2303'}
GO_0008720,{'b1380'}
GO_0008721,{'b2366'}
GO_0008725,"{'b2068', 'b3549'}"
GO_0008726,{'b0935'}
GO_0008727,{'b2051'}
GO_0008728,"{'b2784', 'b3650'}"
GO_0008730,"{'b3061', 'b3062'}"
GO_0008732,"{'b0870', 'b2551'}"
GO_0008733,{'b0062'}
GO_0008734,{'b2574'}
GO_0008735,"{'b0038', 'b0036'}"
GO_0008736,{'b2802'}
GO_0008737,{'b2803'}
GO_0008738,{'b2800'}
GO_0008740,{'b3903'}
GO_0008741,{'b0063'}
GO_0008742,"{'b0061', 'b4198', 'b3583'}"
GO_0008743,"{'b3616', 'b3589'}"
GO_0008744,{'b3580'}
GO_0008745,"{'b4169', 'b2435', 'b0110', 'b0867', 'b2817'}"
GO_0008747,{'b3225'}
GO_0008748,{'b1650'}
GO_0008750,"{'b1603', 'b1602'}"
GO_0008752,"{'b1007', 'b0937'}"
GO_0008753,"{'b0046', 'b1004', 'b4211', 'b3351', 'b3713', 'b3028'}"
GO_0008756,{'b2260'}
GO_0008757,"{'b2806', 'b2785', 'b0859', 'b1976', 'b0210', 'b1884', 'b1212', 'b3965', 'b4371', 'b3084', 'b0213', 'b3606', 'b1430', 'b2324', 'b2575', 'b0777', 'b2330'}"
GO_0008758,{'b0524'}
GO_0008760,{'b3189'}
GO_0008761,{'b3786'}
GO_0008762,{'b3972'}
GO_0008763,{'b0091'}
GO_0008764,{'b0088'}
GO_0008765,{'b0085'}
GO_0008766,{'b0086'}
GO_0008767,{'b2036'}
GO_0008768,{'b0480'}
GO_0008770,{'b0404'}
GO_0008771,{'b0618'}
GO_0008772,{'b4016'}
GO_0008773,{'b0167'}
GO_0008774,"{'b1241', 'b2455', 'b0351'}"
GO_0008775,"{'b2920', 'b2221', 'b2222', 'b1694'}"
GO_0008776,"{'b3115', 'b2461', 'b2296', 'b1849', 'b2460'}"
GO_0008777,{'b3957'}
GO_0008779,{'b2836'}
GO_0008780,{'b0181'}
GO_0008782,{'b0159'}
GO_0008783,{'b2937'}
GO_0008784,"{'b4053', 'b3008', 'b1190'}"
GO_0008785,{'b0606'}
GO_0008786,{'b4090'}
GO_0008787,{'b4084'}
GO_0008788,{'b4239'}
GO_0008789,{'b3091'}
GO_0008790,{'b2802'}
GO_0008791,{'b1747'}
GO_0008792,"{'b4117', 'b2938'}"
GO_0008793,{'b4054'}
GO_0008794,"{'b3503', 'b2495'}"
GO_0008795,{'b1740'}
GO_0008796,{'b0049'}
GO_0008797,{'b4139'}
GO_0008798,"{'b0828', 'b4328'}"
GO_0008800,"{'b4150', 'b0632', 'b2010'}"
GO_0008801,"{'b1317', 'b2690'}"
GO_0008802,"{'b0312', 'b0311'}"
GO_0008803,{'b0049'}
GO_0008804,"{'b0521', 'b0323', 'b2874'}"
GO_0008806,{'b3830'}
GO_0008808,"{'b0789', 'b1249'}"
GO_0008809,{'b0036'}
GO_0008810,{'b3531'}
GO_0008812,{'b0311'}
GO_0008813,{'b4039'}
GO_0008814,{'b0615'}
GO_0008815,"{'b0616', 'b0615'}"
GO_0008816,{'b0616'}
GO_0008817,"{'b2459', 'b1270'}"
GO_0008818,{'b1992'}
GO_0008820,{'b1993'}
GO_0008821,"{'b0550', 'b2755', 'b1863'}"
GO_0008823,"{'b0304', 'b1109'}"
GO_0008824,{'b0340'}
GO_0008825,{'b1661'}
GO_0008826,"{'b1680', 'b2810'}"
GO_0008828,{'b1865'}
GO_0008829,{'b2065'}
GO_0008830,{'b2038'}
GO_0008831,{'b2040'}
GO_0008832,{'b0160'}
GO_0008833,{'b2159'}
GO_0008834,{'b0174'}
GO_0008835,{'b0414'}
GO_0008836,{'b2838'}
GO_0008837,{'b3809'}
GO_0008838,{'b2871'}
GO_0008839,{'b0031'}
GO_0008840,{'b2478'}
GO_0008841,{'b2315'}
GO_0008843,{'b3338'}
GO_0008847,{'b0611'}
GO_0008849,{'b0585'}
GO_0008851,"{'b2440', 'b2441'}"
GO_0008854,"{'b2820', 'b2822', 'b2819'}"
GO_0008855,"{'b2509', 'b0422'}"
GO_0008859,"{'b1286', 'b4179'}"
GO_0008860,{'b2542'}
GO_0008861,"{'b3114', 'b2579', 'b0903'}"
GO_0008863,"{'b1501', 'b3894', 'b1476', 'b4079', 'b3892', 'b1474'}"
GO_0008864,{'b1232'}
GO_0008865,{'b0394'}
GO_0008866,{'b4323'}
GO_0008867,{'b3128'}
GO_0008868,{'b2091'}
GO_0008869,{'b4478'}
GO_0008870,{'b0342'}
GO_0008872,{'b2787'}
GO_0008873,{'b3553'}
GO_0008874,{'b4266'}
GO_0008876,{'b0124'}
GO_0008877,"{'b1002', 'b3885'}"
GO_0008878,{'b3430'}
GO_0008879,"{'b2039', 'b3789'}"
GO_0008880,{'b3092'}
GO_0008881,{'b3967'}
GO_0008882,{'b3053'}
GO_0008883,"{'b1210', 'b2350'}"
GO_0008884,{'b2988'}
GO_0008885,{'b2988'}
GO_0008887,"{'b0514', 'b3124'}"
GO_0008888,{'b3945'}
GO_0008889,"{'b2239', 'b3449'}"
GO_0008890,{'b3617'}
GO_0008892,{'b2883'}
GO_0008893,{'b3650'}
GO_0008894,{'b3779'}
GO_0008897,"{'b3475', 'b0583', 'b3712', 'b2563'}"
GO_0008898,{'b0261'}
GO_0008899,{'b4013'}
GO_0008901,"{'b0973', 'b2994', 'b2997', 'b0972'}"
GO_0008902,"{'b2103', 'b2418'}"
GO_0008903,{'b0508'}
GO_0008906,{'b0477'}
GO_0008907,{'b1140'}
GO_0008908,{'b0595'}
GO_0008909,"{'b2265', 'b0593'}"
GO_0008911,{'b1415'}
GO_0008912,{'b2799'}
GO_0008913,{'b1054'}
GO_0008914,{'b0885'}
GO_0008915,{'b0182'}
GO_0008917,{'b3623'}
GO_0008918,"{'b3626', 'b3627'}"
GO_0008919,"{'b3626', 'b3631'}"
GO_0008920,{'b3621'}
GO_0008921,"{'b3628', 'b2034'}"
GO_0008922,{'b2836'}
GO_0008923,"{'b0186', 'b4131'}"
GO_0008924,{'b2210'}
GO_0008925,{'b0459'}
GO_0008926,{'b3600'}
GO_0008927,"{'b1581', 'b4322'}"
GO_0008929,{'b0963'}
GO_0008930,{'b0159'}
GO_0008932,"{'b2963', 'b0211', 'b1097', 'b1193', 'b2701', 'b0633', 'b4392'}"
GO_0008933,"{'b2963', 'b1193', 'b0211', 'b2558', 'b2813', 'b2701', 'b4392'}"
GO_0008934,{'b2533'}
GO_0008935,{'b2262'}
GO_0008936,{'b1768'}
GO_0008939,{'b1991'}
GO_0008940,"{'b2206', 'b1468', 'b1224', 'b1225', 'b1465', 'b1227', 'b1467'}"
GO_0008941,{'b2552'}
GO_0008948,"{'b1479', 'b2463', 'b1850'}"
GO_0008949,{'b2373'}
GO_0008951,{'b2378'}
GO_0008955,"{'b0089', 'b0084', 'b0634', 'b3208', 'b2519', 'b3396', 'b0149'}"
GO_0008957,{'b1385'}
GO_0008959,"{'b2297', 'b2458'}"
GO_0008960,{'b4359'}
GO_0008961,{'b2828'}
GO_0008962,"{'b0418', 'b1278', 'b2560'}"
GO_0008963,"{'b0087', 'b3784'}"
GO_0008964,{'b3956'}
GO_0008965,"{'b2383', 'b2829', 'b2416', 'b3947'}"
GO_0008966,{'b3176'}
GO_0008967,{'b3385'}
GO_0008968,{'b0222'}
GO_0008970,{'b3821'}
GO_0008972,{'b2103'}
GO_0008973,"{'b4383', 'b3380'}"
GO_0008974,{'b3355'}
GO_0008976,{'b2501'}
GO_0008977,{'b2600'}
GO_0008979,"{'b2622', 'b0537'}"
GO_0008980,{'b3115'}
GO_0008982,"{'b2429', 'b2093', 'b1817', 'b3722', 'b2703', 'b1738', 'b4240', 'b3204', 'b3900', 'b2704', 'b1737', 'b3133', 'b2386', 'b3683', 'b1101', 'b1621', 'b3682', 'b2715', 'b3949', 'b3138', 'b2383', 'b0679', 'b4565', 'b4194'}"
GO_0008983,{'b1884'}
GO_0008984,{'b1883'}
GO_0008986,{'b1702'}
GO_0008987,{'b0750'}
GO_0008988,"{'b3499', 'b0807'}"
GO_0008989,{'b1822'}
GO_0008990,"{'b3084', 'b0948', 'b4371', 'b3497'}"
GO_0008993,{'b3904'}
GO_0008994,{'b3902'}
GO_0008995,{'b1084'}
GO_0008996,{'b3247'}
GO_0008998,{'b4238'}
GO_0008999,"{'b4373', 'b1427', 'b1066'}"
GO_0009000,"{'b1680', 'b2810', 'b2530'}"
GO_0009001,"{'b3607', 'b2058'}"
GO_0009002,"{'b2430', 'b2134', 'b0632', 'b2010', 'b0149', 'b0635', 'b0839', 'b0084', 'b3182', 'b3396'}"
GO_0009007,"{'b4349', 'b3387', 'b2356', 'b3262'}"
GO_0009009,"{'b3461', 'b2894', 'b3811'}"
GO_0009010,{'b2705'}
GO_0009011,{'b3429'}
GO_0009013,"{'b2661', 'b1525'}"
GO_0009014,{'b2472'}
GO_0009015,{'b1745'}
GO_0009016,{'b3359'}
GO_0009017,{'b1744'}
GO_0009022,{'b3643'}
GO_0009024,{'b1723'}
GO_0009025,"{'b3137', 'b2096'}"
GO_0009026,{'b1521'}
GO_0009027,{'b1800'}
GO_0009028,{'b0507'}
GO_0009029,{'b0915'}
GO_0009030,{'b0417'}
GO_0009032,"{'b0391', 'b4382'}"
GO_0009034,{'b3708'}
GO_0009035,{'b4350'}
GO_0009037,"{'b2894', 'b3811'}"
GO_0009040,{'b0517'}
GO_0009041,{'b0171'}
GO_0009042,{'b3572'}
GO_0009044,{'b0271'}
GO_0009045,{'b3565'}
GO_0009046,{'b1488'}
GO_0009050,{'b1326'}
GO_0009051,{'b0767'}
GO_0009052,"{'b2935', 'b0008', 'b3386', 'b2914', 'b2465'}"
GO_0009055,"{'b1628', 'b3894', 'b0972', 'b1057', 'b1697', 'b0734', 'b0046', 'b2133', 'b0429', 'b3850', 'b1872', 'b2206', 'b0684', 'b1972', 'b1475', 'b2525', 'b0430', 'b1225', 'b2713', 'b2710', 'b1467', 'b1673', 'b1974', 'b1629', 'b0432', 'b0978', 'b0733', 'b0894', 'b0041', 'b2770', 'b2769', 'b3518', 'b1698', 'b3573', 'b0996', 'b1476', 'b1873', 'b0973', 'b1631', 'b4153', 'b4154', 'b1670', 'b0849', 'b2673', 'b4071', 'b0979', 'b4136', 'b3426', 'b1412', 'b0724', 'b0042', 'b0721', 'b3892', 'b2236', 'b0722', 'b1185', 'b0431', 'b0723', 'b1224', 'b0974', 'b0997', 'b1418', 'b2895', 'b1227', 'b1474'}"
GO_0009056,"{'b0344', 'b2539', 'b0285', 'b2341', 'b0349', 'b0346', 'b0351', 'b2540', 'b3081', 'b3379', 'b1395', 'b0352', 'b0286', 'b2542', 'b3846', 'b0350', 'b0284', 'b0347', 'b3076', 'b2538', 'b0348', 'b2541', 'b1323'}"
GO_0009058,"{'b1215', 'b3376', 'b3052', 'b1464', 'b0593', 'b1236', 'b0928', 'b1264', 'b1439', 'b0586', 'b0086', 'b0088', 'b2379', 'b2290', 'b1622', 'b0085', 'b4054', 'b0910', 'b3572', 'b2042', 'b4340', 'b0618', 'b1941', 'b0600', 'b2876', 'b2255', 'b3617', 'b3288', 'b0091'}"
GO_0009060,"{'b2277', 'b2276', 'b3605', 'b0996', 'b2133', 'b2284', 'b0429', 'b2281', 'b1109', 'b0156', 'b3426', 'b0430', 'b0724', 'b0721', 'b0722', 'b0431', 'b0723', 'b0432', 'b2287', 'b0997', 'b3833', 'b2283', 'b2282'}"
GO_0009061,"{'b3894', 'b3236', 'b0972', 'b4079', 'b2995', 'b2997', 'b1590', 'b2133', 'b4380', 'b0895', 'b2202', 'b1465', 'b2206', 'b0896', 'b1872', 'b1475', 'b1109', 'b1334', 'b2203', 'b2485', 'b1225', 'b2241', 'b2484', 'b1467', 'b2243', 'b4070', 'b2482', 'b3893', 'b2483', 'b0894', 'b2719', 'b1276', 'b2722', 'b1589', 'b0996', 'b1476', 'b4152', 'b0973', 'b2242', 'b2721', 'b1873', 'b4138', 'b2724', 'b4153', 'b4154', 'b4151', 'b2996', 'b1468', 'b4071', 'b0156', 'b4123', 'b3426', 'b2487', 'b2486', 'b3892', 'b1224', 'b0974', 'b2720', 'b0997', 'b0994', 'b1588', 'b0993', 'b2723', 'b1227', 'b1474'}"
GO_0009062,"{'b0452', 'b0221', 'b3845', 'b3846'}"
GO_0009063,"{'b1325', 'b2247', 'b4478', 'b0674', 'b1581', 'b2788', 'b4471'}"
GO_0009067,"{'b3940', 'b0002'}"
GO_0009073,"{'b4054', 'b1260', 'b0754', 'b3360', 'b2329', 'b3281', 'b1704', 'b1261', 'b2601', 'b3390', 'b0388', 'b3389', 'b1693', 'b0908'}"
GO_0009081,{'b3770'}
GO_0009082,"{'b4488', 'b3769', 'b3767', 'b3773', 'b3672', 'b3671', 'b3771', 'b3774', 'b0078', 'b3670', 'b3766', 'b0077', 'b3770', 'b3772'}"
GO_0009085,"{'b3359', 'b3809', 'b3433', 'b0166', 'b2472', 'b2478', 'b4024', 'b2838', 'b0031', 'b3940', 'b0002'}"
GO_0009086,"{'b3828', 'b4019', 'b3433', 'b3941', 'b0260', 'b3008', 'b0529', 'b3829', 'b3939', 'b4013', 'b0261', 'b0159', 'b3940', 'b3938', 'b1622', 'b0002'}"
GO_0009088,"{'b0001', 'b0003', 'b3433', 'b0004', 'b3940', 'b0002'}"
GO_0009089,"{'b3359', 'b3809', 'b3433', 'b0166', 'b2472', 'b2478', 'b4024', 'b2838', 'b0031', 'b3940', 'b2839', 'b0002'}"
GO_0009090,"{'b3433', 'b3940', 'b4024', 'b0002'}"
GO_0009093,"{'b4470', 'b0447', 'b3110'}"
GO_0009094,"{'b0928', 'b4054', 'b2599', 'b2600'}"
GO_0009097,"{'b4488', 'b3769', 'b3767', 'b3433', 'b3671', 'b3771', 'b3774', 'b0078', 'b3670', 'b0077', 'b4243', 'b3770', 'b3772'}"
GO_0009098,"{'b4054', 'b0075', 'b0071', 'b0072', 'b3770', 'b0074', 'b0073'}"
GO_0009099,"{'b4488', 'b3769', 'b3572', 'b3767', 'b3672', 'b3671', 'b3771', 'b3774', 'b0078', 'b3670', 'b3770', 'b0077'}"
GO_0009102,"{'b1288', 'b3412', 'b3973', 'b0778', 'b0774', 'b1093', 'b1593', 'b0776', 'b0775', 'b0777'}"
GO_0009103,"{'b2044', 'b3629', 'b2054', 'b2037', 'b3626', 'b3623', 'b3631', 'b3052', 'b2708', 'b3632', 'b3625', 'b3788', 'b1855', 'b2049', 'b4571', 'b2036', 'b2047', 'b2256', 'b2032', 'b2050', 'b2027', 'b3546', 'b4114', 'b3630', 'b2039', 'b3621', 'b3627', 'b2056', 'b2028', 'b2258', 'b2046', 'b3198', 'b2255', 'b2058', 'b3624', 'b3955', 'b0200', 'b2034', 'b3633', 'b2059', 'b3619', 'b3628', 'b2253', 'b3620', 'b2041', 'b2043', 'b2048', 'b4544', 'b3622', 'b2040', 'b3784', 'b2055', 'b2174', 'b2031', 'b2257', 'b2378', 'b2057', 'b2042', 'b2038', 'b1054', 'b0222', 'b2254', 'b3197', 'b2051', 'b2035', 'b1215', 'b2033', 'b0918', 'b2045'}"
GO_0009106,{'b0630'}
GO_0009107,"{'b0628', 'b0630'}"
GO_0009113,"{'b4005', 'b2312'}"
GO_0009114,"{'b2867', 'b2868', 'b2866'}"
GO_0009116,"{'b2407', 'b0469', 'b4384', 'b3831', 'b1982'}"
GO_0009117,"{'b3380', 'b3085', 'b2954', 'b2518', 'b0104', 'b2065', 'b4383', 'b3640', 'b1623', 'b3248', 'b1087', 'b4394'}"
GO_0009123,set()
GO_0009132,{'b1813'}
GO_0009143,{'b2954'}
GO_0009146,{'b2954'}
GO_0009152,{'b1849'}
GO_0009156,{'b1207'}
GO_0009164,"{'b4384', 'b0159', 'b3831'}"
GO_0009165,"{'b0474', 'b1207', 'b0639', 'b1098', 'b2827'}"
GO_0009166,"{'b4213', 'b3831', 'b0480'}"
GO_0009168,{'b1623'}
GO_0009185,"{'b2676', 'b2235', 'b2234', 'b2675'}"
GO_0009220,set()
GO_0009224,{'b2066'}
GO_0009225,"{'b2041', 'b3788', 'b2042'}"
GO_0009226,"{'b2052', 'b2041'}"
GO_0009228,"{'b3993', 'b0417', 'b3991', 'b2104', 'b0446', 'b3992', 'b0423', 'b2103', 'b4407', 'b3994', 'b0424', 'b0420', 'b2530', 'b3990'}"
GO_0009229,"{'b3993', 'b0417', 'b3991', 'b2104', 'b3992', 'b0423', 'b4407', 'b1106', 'b3994', 'b2103', 'b3990'}"
GO_0009231,"{'b1662', 'b1277', 'b0415', 'b0414', 'b3041', 'b0798', 'b3812', 'b0844', 'b0025'}"
GO_0009234,"{'b2264', 'b2262', 'b2261', 'b3930', 'b2263', 'b2260', 'b2265', 'b1686', 'b3833'}"
GO_0009236,"{'b1992', 'b2459', 'b1991', 'b1270', 'b2476', 'b1993', 'b0638', 'b3368'}"
GO_0009237,set()
GO_0009239,"{'b4511', 'b0594', 'b0597', 'b0593', 'b0596', 'b0586', 'b0595', 'b0583'}"
GO_0009242,"{'b2052', 'b2059', 'b2054', 'b2060', 'b0759', 'b1236', 'b2376', 'b2049', 'b2047', 'b2053', 'b2055', 'b2050', 'b0806', 'b1613', 'b2057', 'b2046', 'b2028', 'b2058', 'b2061', 'b2045'}"
GO_0009243,"{'b2039', 'b2041', 'b2037', 'b2038', 'b2040', 'b3784', 'b3789'}"
GO_0009244,"{'b3629', 'b3626', 'b3623', 'b3631', 'b3619', 'b3632', 'b3625', 'b3628', 'b0915', 'b3052', 'b1236', 'b3620', 'b3622', 'b3630', 'b3621', 'b3627', 'b0222', 'b3624', 'b3955', 'b0200', 'b3633'}"
GO_0009245,"{'b0524', 'b2253', 'b0915', 'b4544', 'b2256', 'b2174', 'b0182', 'b3546', 'b2257', 'b4114', 'b0179', 'b2378', 'b0622', 'b1094', 'b2258', 'b1054', 'b0096', 'b3730', 'b0180', 'b2255', 'b2254', 'b0181', 'b3633'}"
GO_0009246,"{'b3787', 'b3794', 'b3791', 'b3785', 'b3792', 'b3788', 'b3789', 'b3793', 'b3786', 'b3790', 'b4481', 'b3561', 'b3784'}"
GO_0009247,"{'b1054', 'b2378', 'b1855'}"
GO_0009249,"{'b0628', 'b4386', 'b0630'}"
GO_0009250,"{'b1048', 'b1047', 'b4359', 'b1049', 'b1424'}"
GO_0009251,set()
GO_0009252,"{'b1990', 'b0092', 'b0632', 'b1105', 'b0149', 'b3147', 'b0381', 'b0086', 'b0088', 'b0224', 'b4053', 'b0174', 'b0634', 'b3249', 'b1113', 'b0925', 'b0635', 'b3208', 'b0087', 'b3251', 'b0089', 'b0084', 'b3189', 'b0091', 'b1278', 'b3057', 'b3967', 'b1069', 'b2328', 'b4233', 'b0085', 'b1678', 'b3972', 'b2134', 'b1097', 'b0090', 'b2516', 'b3176', 'b1782', 'b3730', 'b2010', 'b0841', 'b0839', 'b0819', 'b2519', 'b3250', 'b1107', 'b1192', 'b3182', 'b3396'}"
GO_0009253,"{'b2963', 'b4169', 'b0110', 'b2817', 'b1326', 'b4392', 'b0867', 'b0555', 'b2435', 'b2558', 'b0376', 'b2701', 'b1554', 'b2813', 'b2102'}"
GO_0009254,"{'b2428', 'b0679', 'b0110', 'b0926', 'b0433', 'b2175', 'b1325', 'b1107', 'b1192', 'b3463', 'b3462', 'b2813', 'b1119', 'b1640', 'b1856', 'b4233'}"
GO_0009255,"{'b1851', 'b1850'}"
GO_0009257,"{'b1606', 'b2315', 'b0048'}"
GO_0009263,"{'b2676', 'b3610', 'b2234', 'b0849', 'b2235', 'b2675'}"
GO_0009264,"{'b4383', 'b4381'}"
GO_0009265,"{'b4237', 'b2676', 'b2234', 'b4238', 'b2235', 'b2675'}"
GO_0009266,"{'b1838', 'b0161', 'b0566', 'b0437', 'b1829', 'b2573'}"
GO_0009267,"{'b0382', 'b2781', 'b2310', 'b4354', 'b1160', 'b0974', 'b1895', 'b0973', 'b0598', 'b3724', 'b0972'}"
GO_0009268,"{'b3153', 'b3706', 'b0486', 'b3509', 'b3511', 'b2569'}"
GO_0009271,"{'b1307', 'b1304', 'b1305', 'b4050'}"
GO_0009273,"{'b1409', 'b3613'}"
GO_0009274,"{'b3208', 'b4392', 'b0149'}"
GO_0009276,"{'b0996', 'b3333', 'b3462', 'b1873', 'b3784', 'b0199', 'b2969', 'b1855'}"
GO_0009279,"{'b3821', 'b2963', 'b3014', 'b0192', 'b0929', 'b3584', 'b4080', 'b0814', 'b4592', 'b3144', 'b2062', 'b4528', 'b1024', 'b2346', 'b1615', 'b2558', 'b3530', 'b4221', 'b0772', 'b3391', 'b3216', 'b2233', 'b2250', 'b2215', 'b1256', 'b0568', 'b1677', 'b1583', 'b1252', 'b3325', 'b1495', 'b3037', 'b1639', 'b2000', 'b1964', 'b1278', 'b2477', 'b2512', 'b0952', 'b1079', 'b0532', 'b2742', 'b0150', 'b0553', 'b0139', 'b1037', 'b2647', 'b2813', 'b3688', 'b3552', 'b2701', 'b3005', 'b0762', 'b3006', 'b0584', 'b1491', 'b1451', 'b0358', 'b3200', 'b0681', 'b0983', 'b1041', 'b1112', 'b4220', 'b2936', 'b3808', 'b0633', 'b3966', 'b1105', 'b4510', 'b3147', 'b0940', 'b4291', 'b4311', 'b1023', 'b1641', 'b2344', 'b1965', 'b1722', 'b2595', 'b0572', 'b0411', 'b1220', 'b3035', 'b1078', 'b4496', 'b4317', 'b0054', 'b0957', 'b2175', 'b3875', 'b1319', 'b0867', 'b0718', 'b2408', 'b3506', 'b1209', 'b2109', 'b4149', 'b2617', 'b2971', 'b0641', 'b1978', 'b0241', 'b3720', 'b0567', 'b1631', 'b0196', 'b0622', 'b2155', 'b1039', 'b0565', 'b0177', 'b0979', 'b3150', 'b2505', 'b0805', 'b0741', 'b1782', 'b1038', 'b1966', 'b0837', 'b1472', 'b1377', 'b1193', 'b4036', 'b1102'}"
GO_0009288,"{'b1946', 'b1945', 'b1942', 'b1083', 'b1940', 'b1080', 'b1889', 'b1079', 'b1948', 'b1194', 'b1878', 'b1947', 'b1077', 'b1882', 'b1938', 'b1923', 'b1890', 'b1879', 'b1950', 'b1078', 'b1939', 'b1949', 'b1941', 'b1880', 'b1076', 'b1073', 'b1937', 'b1881', 'b1074', 'b1082', 'b1924'}"
GO_0009289,"{'b0108', 'b4318', 'b2333', 'b0719', 'b0530', 'b1502', 'b3048', 'b0534', 'b2108', 'b3142', 'b0141', 'b0138', 'b0942', 'b4315', 'b1042', 'b3145', 'b0943', 'b0293', 'b2111', 'b0137', 'b1503', 'b2334', 'b0290', 'b0938', 'b4320', 'b2335', 'b0136', 'b0941', 'b1504', 'b4314', 'b0716', 'b0135', 'b0533', 'b4319', 'b3043', 'b2339', 'b1041'}"
GO_0009290,"{'b1443', 'b0959', 'b1440'}"
GO_0009294,"{'b2767', 'b4473', 'b1317'}"
GO_0009295,"{'b1000', 'b3641', 'b0924', 'b3261', 'b0922', 'b0923', 'b0812', 'b2186', 'b1712', 'b0081', 'b0393', 'b0471', 'b2669', 'b4000', 'b1237'}"
GO_0009297,"{'b0853', 'b4318', 'b3216', 'b2109', 'b4315', 'b4317', 'b3144', 'b0940', 'b0139', 'b1505', 'b0718', 'b0532'}"
GO_0009298,"{'b2049', 'b2048', 'b1613'}"
GO_0009306,"{'b4220', 'b3391', 'b4221', 'b1879', 'b1949', 'b1948', 'b0106', 'b1880', 'b3175', 'b3332', 'b0229', 'b0098', 'b3981'}"
GO_0009307,"{'b1961', 'b3387', 'b2356', 'b4345', 'b4349', 'b4348', 'b4346', 'b1159', 'b4350', 'b1348', 'b4351'}"
GO_0009308,{'b1386'}
GO_0009313,"{'b3080', 'b3571'}"
GO_0009314,"{'b2820', 'b1089', 'b3813', 'b4201', 'b2616', 'b3870', 'b3839', 'b0779', 'b0471', 'b0330', 'b4372', 'b3728', 'b4259', 'b3778', 'b3613', 'b3576', 'b3260', 'b1682', 'b3261', 'b1913', 'b3540', 'b3162', 'b2827', 'b2065', 'b3911', 'b0318', 'b4389', 'b0437', 'b3539', 'b2822', 'b4366', 'b0687', 'b0699', 'b0405', 'b1863', 'b0941', 'b3727', 'b2185', 'b3594', 'b1861', 'b0949', 'b0329', 'b4058', 'b4143', 'b3652', 'b2894'}"
GO_0009316,"{'b0071', 'b0072'}"
GO_0009317,"{'b0185', 'b2316', 'b3256', 'b3255'}"
GO_0009318,"{'b2509', 'b0422'}"
GO_0009319,"{'b0431', 'b0432', 'b0430', 'b0429'}"
GO_0009321,"{'b0606', 'b0605'}"
GO_0009325,"{'b2206', 'b1468', 'b1224', 'b1225', 'b2203', 'b1465', 'b1227', 'b1467'}"
GO_0009326,"{'b2723', 'b3894', 'b2483', 'b2719', 'b4079', 'b2722', 'b1476', 'b2721', 'b2724', 'b1475', 'b2487', 'b2485', 'b2484', 'b2486', 'b3892', 'b2720', 'b2482', 'b3893', 'b1474'}"
GO_0009328,"{'b1714', 'b1713'}"
GO_0009329,"{'b0185', 'b2316'}"
GO_0009330,"{'b3030', 'b3699', 'b3019'}"
GO_0009331,"{'b3426', 'b2242', 'b2243', 'b2241'}"
GO_0009333,"{'b2414', 'b3607'}"
GO_0009334,"{'b2538', 'b2540', 'b2539', 'b2542'}"
GO_0009336,"{'b2752', 'b2751'}"
GO_0009337,"{'b2763', 'b2764'}"
GO_0009338,"{'b2820', 'b2822', 'b2819'}"
GO_0009339,{'b2979'}
GO_0009341,"{'b0344', 'b3076'}"
GO_0009342,"{'b3212', 'b3213'}"
GO_0009344,"{'b3365', 'b3366'}"
GO_0009345,"{'b3560', 'b3559'}"
GO_0009346,"{'b0617', 'b0616', 'b0615'}"
GO_0009347,"{'b4244', 'b4245'}"
GO_0009349,{'b0415'}
GO_0009350,"{'b2440', 'b2441'}"
GO_0009355,"{'b1184', 'b1183', 'b2699'}"
GO_0009356,"{'b3360', 'b1812'}"
GO_0009358,{'b2501'}
GO_0009360,"{'b1099', 'b0215', 'b0184', 'b1842', 'b4259', 'b3701', 'b4372', 'b0640', 'b0470'}"
GO_0009361,"{'b0729', 'b0728'}"
GO_0009365,{'b4125'}
GO_0009366,"{'b0583', 'b0586'}"
GO_0009368,"{'b0437', 'b0438', 'b0882'}"
GO_0009372,"{'b1516', 'b1511', 'b3022', 'b2782', 'b1518', 'b1514', 'b1513', 'b2687', 'b1601', 'b1852', 'b1515'}"
GO_0009374,{'b3973'}
GO_0009375,"{'b2997', 'b0972'}"
GO_0009376,"{'b3228', 'b0438', 'b3932', 'b0437', 'b3931'}"
GO_0009378,"{'b1860', 'b1861'}"
GO_0009379,"{'b1860', 'b3652', 'b1861'}"
GO_0009380,"{'b4058', 'b1913', 'b0779'}"
GO_0009381,"{'b4058', 'b1913', 'b0779'}"
GO_0009382,"{'b2025', 'b2023'}"
GO_0009383,"{'b1835', 'b3289', 'b0967'}"
GO_0009384,{'b3222'}
GO_0009389,"{'b0894', 'b1588', 'b0896', 'b0895', 'b1587'}"
GO_0009390,"{'b0894', 'b0895', 'b0896'}"
GO_0009392,"{'b0110', 'b0867'}"
GO_0009395,"{'b0418', 'b1278', 'b2560'}"
GO_0009396,"{'b3177', 'b0142', 'b2315', 'b1812'}"
GO_0009398,{'b0025'}
GO_0009399,"{'b3869', 'b3868'}"
GO_0009401,"{'b2429', 'b2093', 'b1817', 'b3722', 'b2703', 'b1738', 'b2415', 'b1198', 'b4193', 'b3139', 'b4662', 'b3900', 'b2704', 'b3206', 'b2707', 'b3134', 'b3947', 'b1737', 'b3683', 'b1621', 'b2702', 'b1736', 'b2715', 'b3949', 'b0731', 'b3138', 'b2383', 'b4565', 'b2706', 'b2417', 'b2169', 'b2934', 'b4240', 'b2933', 'b4304', 'b2387', 'b3204', 'b2167', 'b3899', 'b1819', 'b3140', 'b3133', 'b3953', 'b2094', 'b0129', 'b1818', 'b2386', 'b3950', 'b1101', 'b2829', 'b4302', 'b4195', 'b2416', 'b3599', 'b3682', 'b0679', 'b4194'}"
GO_0009403,{'b2313'}
GO_0009407,"{'b0947', 'b3910', 'b3882'}"
GO_0009408,"{'b0659', 'b3989', 'b0931', 'b1380', 'b4173', 'b3649', 'b2592', 'b3987', 'b0730', 'b3349', 'b2327', 'b0424', 'b3164', 'b4174', 'b3295', 'b0439', 'b0797', 'b0968', 'b3932', 'b0935', 'b0161', 'b3871', 'b3931', 'b3400', 'b1676', 'b4539', 'b0881', 'b3988', 'b1243', 'b1379', 'b3034', 'b4142', 'b0436', 'b0781', 'b3153', 'b3687', 'b1512', 'b0437', 'b3401', 'b3062', 'b0966', 'b3461', 'b2584', 'b2458', 'b1530', 'b2614', 'b1304', 'b3887', 'b0212', 'b1833', 'b0015', 'b3908', 'b4175', 'b0014', 'b1132', 'b3067', 'b1185', 'b0473', 'b4143', 'b3686'}"
GO_0009409,"{'b3167', 'b2378', 'b2597', 'b0990', 'b3556', 'b1718', 'b1095', 'b3871', 'b4179', 'b2569', 'b1375', 'b1544', 'b1552', 'b1557', 'b3168'}"
GO_0009410,"{'b2231', 'b0464', 'b3095', 'b2742', 'b3177', 'b4374', 'b3699', 'b2328', 'b0462', 'b3613', 'b1094', 'b2134', 'b3009', 'b3035', 'b2144', 'b0839', 'b3264', 'b3265', 'b0084', 'b2184', 'b3924', 'b0543', 'b0463', 'b0048'}"
GO_0009411,"{'b2508', 'b3387', 'b3153', 'b2233', 'b3923', 'b2038', 'b3741', 'b2808', 'b1860', 'b2616', 'b1805', 'b0472', 'b1018', 'b4042', 'b2565', 'b3700'}"
GO_0009416,"{'b2907', 'b0475'}"
GO_0009419,"{'b4320', 'b4319', 'b4318'}"
GO_0009421,{'b1924'}
GO_0009423,"{'b0754', 'b2329', 'b3281', 'b1704', 'b2601', 'b3390', 'b0388', 'b3389', 'b1693', 'b0908'}"
GO_0009424,"{'b1076', 'b1083', 'b1943', 'b1082', 'b1924'}"
GO_0009425,"{'b1946', 'b1945', 'b1944', 'b1080', 'b1950', 'b1078', 'b1939', 'b1079', 'b1948', 'b1949', 'b1194', 'b1076', 'b1073', 'b1937', 'b1074', 'b1947', 'b1077', 'b1938'}"
GO_0009426,{'b1078'}
GO_0009427,{'b1079'}
GO_0009428,{'b1080'}
GO_0009431,{'b1938'}
GO_0009432,"{'b0958', 'b3813', 'b1184', 'b3645', 'b1183', 'b2616', 'b1860', 'b4059', 'b0779', 'b0852', 'b3822', 'b1808', 'b2698', 'b4043', 'b3700', 'b4347', 'b0234', 'b1931', 'b0799', 'b0231', 'b1861', 'b0060', 'b1913', 'b0232', 'b1848', 'b2699', 'b0233', 'b1061', 'b4058', 'b1741', 'b4618'}"
GO_0009433,"{'b1946', 'b1945', 'b1882', 'b1939'}"
GO_0009435,"{'b1740', 'b0109', 'b2574', 'b0931', 'b4390', 'b0639', 'b4094', 'b1385', 'b0750'}"
GO_0009436,"{'b2976', 'b0507', 'b0514', 'b0509'}"
GO_0009437,"{'b0041', 'b0038', 'b0036', 'b0043', 'b0042', 'b0040', 'b0039', 'b0035', 'b1803', 'b0034', 'b1802', 'b0037'}"
GO_0009439,{'b0340'}
GO_0009440,"{'b0341', 'b0339', 'b0340'}"
GO_0009442,"{'b0516', 'b0512', 'b0509', 'b0521', 'b0517'}"
GO_0009443,"{'b1636', 'b1406', 'b2418'}"
GO_0009446,"{'b2938', 'b2937'}"
GO_0009447,"{'b1300', 'b1297', 'b1525', 'b1444', 'b1301', 'b1298', 'b3073', 'b1296', 'b1302', 'b1299'}"
GO_0009448,"{'b1302', 'b2662'}"
GO_0009450,"{'b2662', 'b1525', 'b2663', 'b2661'}"
GO_0009451,"{'b3965', 'b2898', 'b2785', 'b1413', 'b2791', 'b0859', 'b0058', 'b0143'}"
GO_0009454,"{'b1887', 'b1882'}"
GO_0009486,"{'b0431', 'b0979', 'b0432', 'b0430', 'b0429', 'b0978'}"
GO_0009589,"{'b0423', 'b2530'}"
GO_0009593,"{'b1886', 'b4355'}"
GO_0009597,{'b0957'}
GO_0009636,"{'b0047', 'b0573', 'b0574', 'b4411', 'b2686', 'b3910', 'b3513', 'b1959', 'b4243', 'b1430', 'b0212', 'b0927', 'b3514', 'b0462', 'b4410', 'b0572', 'b3035', 'b0575', 'b2685', 'b3265', 'b1644', 'b1018', 'b2552', 'b0947', 'b0878', 'b2470', 'b0463', 'b1651'}"
GO_0009637,{'b1163'}
GO_0009651,"{'b0019', 'b0890', 'b1895', 'b2569'}"
GO_0009675,{'b2413'}
GO_0009679,{'b2801'}
GO_0009750,{'b0080'}
GO_0009758,{'b1621'}
GO_0009785,{'b1163'}
GO_0009881,{'b1163'}
GO_0009882,{'b1163'}
GO_0009889,"{'b1649', 'b0846', 'b4251', 'b1111', 'b4135'}"
GO_0009891,{'b0146'}
GO_0009898,"{'b2210', 'b1084', 'b1304', 'b2133', 'b3702', 'b3850', 'b0098', 'b2232', 'b2566', 'b0094', 'b3290', 'b1280', 'b1132', 'b1805', 'b1175', 'b3464', 'b2828', 'b1014', 'b2793', 'b2417'}"
GO_0009927,"{'b2786', 'b2216'}"
GO_0009968,{'b0996'}
GO_0009970,"{'b0365', 'b0937', 'b0605'}"
GO_0009972,{'b2143'}
GO_0009977,"{'b3839', 'b3838', 'b3836'}"
GO_0009982,"{'b1135', 'b3166', 'b2745', 'b2791', 'b1269', 'b1086', 'b2318', 'b2594', 'b4022', 'b0058', 'b2183'}"
GO_0009986,"{'b2779', 'b2000', 'b2233', 'b2477'}"
GO_0009992,"{'b2924', 'b0875', 'b0465', 'b3291'}"
GO_0010034,{'b2786'}
GO_0010038,"{'b4137', 'b3025', 'b2370'}"
GO_0010039,{'b4290'}
GO_0010041,"{'b4113', 'b4544', 'b2258', 'b2256', 'b4112', 'b2257'}"
GO_0010043,"{'b0573', 'b4112', 'b3469'}"
GO_0010045,"{'b2107', 'b2106', 'b3481'}"
GO_0010106,{'b3414'}
GO_0010124,"{'b1391', 'b1388', 'b1399', 'b1387', 'b1390', 'b1397', 'b1392', 'b1398', 'b1394', 'b1400', 'b1393', 'b1395', 'b1389', 'b1396'}"
GO_0010133,{'b1014'}
GO_0010134,{'b0849'}
GO_0010139,{'b2291'}
GO_0010165,"{'b0910', 'b0049', 'b0439', 'b3607', 'b0127', 'b0481', 'b2892', 'b2616', 'b2438', 'b0381', 'b1848', 'b0276', 'b0312', 'b0564', 'b1275', 'b0281'}"
GO_0010170,{'b3430'}
GO_0010181,"{'b1638', 'b3605', 'b0945', 'b2790', 'b0046', 'b1004', 'b0851', 'b3850', 'b0684', 'b3639', 'b1972', 'b4049', 'b3260', 'b0901', 'b2710', 'b2329', 'b2147', 'b1650', 'b2764', 'b1007', 'b1765', 'b2140', 'b3742', 'b3713', 'b2674', 'b3081', 'b0578', 'b2242', 'b2284', 'b2285', 'b1631', 'b1412', 'b1462', 'b1008', 'b2283', 'b2895', 'b2241'}"
GO_0010212,"{'b0853', 'b0065', 'b1864', 'b2627', 'b2616', 'b2699', 'b4052', 'b2184', 'b0710', 'b3017', 'b0208', 'b3407'}"
GO_0010226,{'b1186'}
GO_0010272,"{'b0574', 'b0573', 'b0572', 'b0575'}"
GO_0010273,"{'b0573', 'b0123', 'b0574', 'b0572', 'b0575'}"
GO_0010288,{'b3469'}
GO_0010312,{'b3469'}
GO_0010326,{'b0600'}
GO_0010332,{'b3935'}
GO_0010340,{'b0777'}
GO_0010350,"{'b1129', 'b1160', 'b4599'}"
GO_0010385,"{'b4346', 'b0687'}"
GO_0010420,{'b2232'}
GO_0010438,"{'b0934', 'b0497', 'b0367', 'b0935', 'b0366', 'b0936', 'b1919', 'b0365', 'b0933'}"
GO_0010446,"{'b4390', 'b1216', 'b0019'}"
GO_0010447,"{'b1501', 'b2939', 'b1967', 'b1597', 'b3908', 'b1058', 'b0904', 'b1500', 'b0287', 'b1592', 'b0485', 'b3509', 'b3029', 'b2370', 'b1826'}"
GO_0010466,"{'b2209', 'b2520'}"
GO_0010468,"{'b3995', 'b1235', 'b1922', 'b0145', 'b0715', 'b3461', 'b3067', 'b1212', 'b2741', 'b2321', 'b0836', 'b0460'}"
GO_0010487,{'b0121'}
GO_0010498,{'b0437'}
GO_0010501,{'b0911'}
GO_0010557,{'b1306'}
GO_0010608,"{'b1285', 'b1831'}"
GO_0010628,{'b2839'}
GO_0010629,"{'b3724', 'b0630'}"
GO_0010795,{'b3835'}
GO_0010810,"{'b0192', 'b3912'}"
GO_0010945,{'b1813'}
GO_0010960,"{'b4599', 'b3493'}"
GO_0010974,{'b3641'}
GO_0012501,"{'b4687', 'b4666', 'b4667', 'b4665'}"
GO_0014070,"{'b3035', 'b1743'}"
GO_0015020,"{'b2059', 'b3615'}"
GO_0015031,"{'b4220', 'b1487', 'b0929', 'b1940', 'b3543', 'b1244', 'b0377', 'b3839', 'b3542', 'b0409', 'b1663', 'b3541', 'b0098', 'b2968', 'b1245', 'b1247', 'b1483', 'b1879', 'b1484', 'b3836', 'b0740', 'b1941', 'b3324', 'b1243', 'b4130', 'b1252', 'b0407', 'b3325', 'b0891', 'b0436', 'b0627', 'b3326', 'b3331', 'b1486', 'b0408', 'b3609', 'b3328', 'b3333', 'b1942', 'b1209', 'b0709', 'b1948', 'b1246', 'b3300', 'b1985', 'b3496', 'b3838', 'b3705', 'b3005', 'b3006', 'b1534', 'b2969', 'b3334', 'b1634', 'b1880', 'b3329', 'b3330', 'b2182', 'b1485', 'b0738', 'b3175', 'b3332', 'b3327', 'b1329', 'b2970', 'b0598', 'b3540', 'b3544', 'b3981'}"
GO_0015035,"{'b2194', 'b2893', 'b0015', 'b2582', 'b0849', 'b4136', 'b3860', 'b1185', 'b3781', 'b3610'}"
GO_0015036,"{'b2893', 'b2582', 'b0849', 'b1654', 'b4136', 'b0116', 'b2989', 'b3860', 'b3781', 'b2195', 'b2302'}"
GO_0015038,{'b1064'}
GO_0015044,{'b2711'}
GO_0015074,"{'b2622', 'b4285', 'b3045', 'b1936', 'b0372', 'b1140', 'b4313', 'b3461', 'b1402', 'b1545', 'b0361', 'b2442', 'b4312', 'b3558', 'b3811', 'b2648', 'b0256', 'b0537', 'b1374', 'b1404', 'b1158', 'b0267', 'b0541', 'b1921', 'b1996', 'b2860', 'b0299', 'b1026', 'b2089', 'b2349', 'b0281', 'b1345', 'b4273', 'b4284', 'b2894'}"
GO_0015075,{'b0957'}
GO_0015078,"{'b2392', 'b0430', 'b0431', 'b3738', 'b3496', 'b4130', 'b0432', 'b3737', 'b0429', 'b3736'}"
GO_0015079,"{'b3290', 'b1363', 'b3747', 'b3849'}"
GO_0015080,{'b0575'}
GO_0015081,"{'b1186', 'b0019', 'b3258'}"
GO_0015086,"{'b3915', 'b2392'}"
GO_0015087,{'b3816'}
GO_0015091,{'b0151'}
GO_0015092,{'b1102'}
GO_0015093,"{'b3915', 'b3409', 'b3336', 'b3040'}"
GO_0015094,{'b3469'}
GO_0015095,{'b3816'}
GO_0015098,"{'b0764', 'b0765'}"
GO_0015099,"{'b3478', 'b3477', 'b2106', 'b3816'}"
GO_0015105,{'b3502'}
GO_0015112,"{'b1223', 'b1469'}"
GO_0015113,"{'b3367', 'b1223', 'b1469'}"
GO_0015116,{'b2413'}
GO_0015117,{'b2013'}
GO_0015123,{'b4067'}
GO_0015125,"{'b2075', 'b2074', 'b3035', 'b2686', 'b2685', 'b2076', 'b3513', 'b2470', 'b0462', 'b4337', 'b0463', 'b3514'}"
GO_0015128,"{'b4476', 'b3415', 'b2740', 'b4321', 'b4265', 'b2365', 'b4296'}"
GO_0015129,"{'b2975', 'b3603'}"
GO_0015134,{'b3093'}
GO_0015136,"{'b4311', 'b3224'}"
GO_0015138,"{'b1206', 'b3528'}"
GO_0015141,"{'b1206', 'b3528'}"
GO_0015143,{'b2888'}
GO_0015144,"{'b4034', 'b3720', 'b3577', 'b1528', 'b3578'}"
GO_0015147,"{'b1900', 'b2841', 'b4460'}"
GO_0015148,{'b3567'}
GO_0015150,{'b2841'}
GO_0015153,{'b3907'}
GO_0015159,"{'b0983', 'b2062', 'b1024'}"
GO_0015168,{'b3927'}
GO_0015169,"{'b2240', 'b3452', 'b3451', 'b3450'}"
GO_0015171,"{'b2796', 'b3116', 'b1473', 'b3089'}"
GO_0015173,"{'b3161', 'b3709', 'b1473', 'b1907'}"
GO_0015175,{'b3089'}
GO_0015179,set()
GO_0015180,{'b4208'}
GO_0015183,"{'b1206', 'b3528'}"
GO_0015184,"{'b1918', 'b1920', 'b1729', 'b1917'}"
GO_0015185,{'b2663'}
GO_0015186,"{'b0810', 'b0809'}"
GO_0015187,{'b4208'}
GO_0015188,"{'b3455', 'b3457', 'b3454', 'b3456', 'b0401'}"
GO_0015189,{'b2156'}
GO_0015190,"{'b3455', 'b3457', 'b1798', 'b3454', 'b3456', 'b0401'}"
GO_0015191,"{'b0199', 'b0198'}"
GO_0015192,"{'b3456', 'b3455', 'b3457', 'b0112'}"
GO_0015193,set()
GO_0015194,"{'b2796', 'b3116', 'b3795', 'b3089'}"
GO_0015195,"{'b3116', 'b3795', 'b3089'}"
GO_0015196,"{'b3161', 'b0112'}"
GO_0015199,{'b0543'}
GO_0015205,"{'b4064', 'b3664', 'b2888', 'b2497', 'b0513', 'b3654', 'b3714', 'b4464', 'b2882', 'b1006'}"
GO_0015207,"{'b3714', 'b3664'}"
GO_0015208,"{'b4064', 'b4464'}"
GO_0015209,{'b0336'}
GO_0015210,"{'b1006', 'b2497'}"
GO_0015211,"{'b3662', 'b1660'}"
GO_0015212,"{'b2393', 'b2964'}"
GO_0015213,"{'b2393', 'b2964'}"
GO_0015214,{'b2964'}
GO_0015218,{'b1006'}
GO_0015220,"{'b0314', 'b0543'}"
GO_0015221,{'b3199'}
GO_0015226,{'b0040'}
GO_0015230,{'b1985'}
GO_0015232,"{'b2200', 'b4074', 'b3540', 'b2199', 'b3541', 'b2196'}"
GO_0015233,{'b3258'}
GO_0015234,"{'b0066', 'b0067'}"
GO_0015250,{'b0875'}
GO_0015252,"{'b1889', 'b1890'}"
GO_0015254,{'b3927'}
GO_0015267,"{'b0681', 'b3927'}"
GO_0015276,"{'b0860', 'b0811', 'b1920', 'b0863'}"
GO_0015288,"{'b0929', 'b3966', 'b2062', 'b0553', 'b4311', 'b0241', 'b3720', 'b1615', 'b1965', 'b0572', 'b0411', 'b2215', 'b3035', 'b4496', 'b1966', 'b1472', 'b0957', 'b3875', 'b0681', 'b1319', 'b1377', 'b0983', 'b4036', 'b1964'}"
GO_0015291,"{'b0813', 'b2663', 'b0377', 'b1336'}"
GO_0015293,"{'b2796', 'b2392', 'b3528', 'b2943', 'b0270', 'b2014', 'b0343', 'b0692', 'b2410', 'b2497', 'b2888', 'b3116', 'b3876', 'b0007', 'b3493', 'b4077', 'b3258', 'b4120', 'b0621', 'b3653', 'b3089', 'b2393', 'b3877', 'b3657', 'b2587', 'b4067', 'b3747', 'b0433', 'b4132', 'b4031', 'b4130', 'b3161', 'b1543', 'b3709', 'b2406', 'b4208', 'b0353', 'b3909', 'b1729', 'b3907', 'b2964', 'b2536', 'b2801', 'b1296', 'b2987', 'b4138', 'b1907', 'b1981', 'b4600', 'b2841', 'b1616', 'b3679', 'b4123', 'b4111', 'b0511', 'b2975', 'b0010', 'b3603', 'b4354', 'b1015', 'b1336', 'b3691', 'b1006'}"
GO_0015294,{'b2587'}
GO_0015295,"{'b1342', 'b2975', 'b2014', 'b0336', 'b3603', 'b3116', 'b3714', 'b3493', 'b1296', 'b3691'}"
GO_0015296,"{'b2789', 'b3127'}"
GO_0015297,"{'b0047', 'b1605', 'b3350', 'b4148', 'b0155', 'b0692', 'b3915', 'b1798', 'b4065', 'b1985', 'b1191', 'b3662', 'b1663', 'b0612', 'b4138', 'b4141', 'b4337', 'b3063', 'b0621', 'b1186', 'b4123', 'b1216', 'b2298', 'b4044', 'b0040', 'b0478', 'b1492', 'b4115', 'b4132', 'b0019', 'b0543'}"
GO_0015315,{'b2240'}
GO_0015333,"{'b3496', 'b4130', 'b1634', 'b0709'}"
GO_0015341,{'b3915'}
GO_0015343,"{'b0150', 'b2155', 'b0584', 'b4291', 'b1451', 'b0805', 'b1102'}"
GO_0015344,"{'b0150', 'b0151', 'b0805', 'b0153'}"
GO_0015360,{'b0010'}
GO_0015366,{'b3528'}
GO_0015379,"{'b1363', 'b3849'}"
GO_0015385,"{'b4065', 'b0842', 'b1186', 'b1216', 'b0019', 'b4337'}"
GO_0015386,"{'b0842', 'b1191', 'b1216', 'b4337'}"
GO_0015387,{'b3747'}
GO_0015399,{'b4231'}
GO_0015407,"{'b1901', 'b3749'}"
GO_0015408,{'b0262'}
GO_0015411,{'b0366'}
GO_0015412,"{'b0763', 'b0765'}"
GO_0015413,"{'b3479', 'b3480'}"
GO_0015415,{'b3725'}
GO_0015416,{'b4106'}
GO_0015417,"{'b1125', 'b1126', 'b0855', 'b1124'}"
GO_0015419,"{'b2422', 'b2423', 'b2424'}"
GO_0015420,"{'b3966', 'b1709', 'b1711'}"
GO_0015421,{'b2177'}
GO_0015423,"{'b4033', 'b4032', 'b4035'}"
GO_0015424,"{'b2306', 'b1917', 'b0652', 'b0864', 'b3271', 'b0809'}"
GO_0015426,"{'b0864', 'b1917', 'b0652'}"
GO_0015430,{'b3450'}
GO_0015437,{'b0914'}
GO_0015439,"{'b0887', 'b2201', 'b0886'}"
GO_0015444,{'b4242'}
GO_0015450,"{'b0408', 'b3175', 'b0409'}"
GO_0015453,"{'b0431', 'b0432', 'b0430', 'b0429'}"
GO_0015471,{'b0411'}
GO_0015473,"{'b3216', 'b2109', 'b4317', 'b3144', 'b0940', 'b0139', 'b1505', 'b0718', 'b0532'}"
GO_0015478,"{'b1319', 'b4311'}"
GO_0015481,"{'b4036', 'b1319'}"
GO_0015483,{'b2344'}
GO_0015486,{'b4120'}
GO_0015487,{'b4120'}
GO_0015489,"{'b1291', 'b1290', 'b1292', 'b1296', 'b2014', 'b0692', 'b1293'}"
GO_0015496,{'b0692'}
GO_0015499,"{'b0904', 'b2492'}"
GO_0015501,{'b3653'}
GO_0015503,"{'b0047', 'b3350'}"
GO_0015505,"{'b1006', 'b2497'}"
GO_0015506,"{'b2393', 'b2964'}"
GO_0015514,{'b1469'}
GO_0015516,{'b3063'}
GO_0015517,"{'b2943', 'b2801'}"
GO_0015518,{'b2801'}
GO_0015519,{'b4031'}
GO_0015526,{'b3666'}
GO_0015527,{'b2240'}
GO_0015528,{'b0343'}
GO_0015530,{'b1981'}
GO_0015535,{'b2801'}
GO_0015538,{'b3224'}
GO_0015540,{'b0353'}
GO_0015546,"{'b4081', 'b4082'}"
GO_0015553,{'b2406'}
GO_0015556,"{'b4123', 'b0621', 'b4138', 'b3227'}"
GO_0015558,{'b1336'}
GO_0015562,"{'b1533', 'b0793', 'b0462', 'b0572', 'b4080', 'b3035', 'b2578', 'b0794', 'b1601', 'b0792', 'b3514', 'b3266', 'b2470'}"
GO_0015565,"{'b3116', 'b3824', 'b0813', 'b3823'}"
GO_0015567,"{'b0462', 'b0463'}"
GO_0015568,{'b4265'}
GO_0015572,{'b0679'}
GO_0015574,{'b4240'}
GO_0015577,{'b4304'}
GO_0015591,"{'b3750', 'b3749'}"
GO_0015592,"{'b4120', 'b2149', 'b2148'}"
GO_0015594,"{'b1126', 'b0855'}"
GO_0015603,"{'b4289', 'b4288'}"
GO_0015606,"{'b1599', 'b1600'}"
GO_0015611,{'b3749'}
GO_0015612,{'b1900'}
GO_0015614,{'b3567'}
GO_0015615,{'b4087'}
GO_0015616,"{'b0890', 'b2820', 'b3813', 'b1114'}"
GO_0015620,"{'b0587', 'b0588', 'b0584', 'b0589', 'b0590'}"
GO_0015625,{'b0151'}
GO_0015627,"{'b3333', 'b3328', 'b3334', 'b3324', 'b3329', 'b3330', 'b3325', 'b3327', 'b2969', 'b3326', 'b3331', 'b2968', 'b2970'}"
GO_0015628,"{'b3333', 'b3328', 'b3334', 'b3324', 'b3329', 'b3330', 'b3325', 'b3327', 'b2969', 'b3326', 'b3331', 'b2968', 'b2970'}"
GO_0015633,{'b1858'}
GO_0015638,{'b0377'}
GO_0015640,"{'b1244', 'b1247', 'b1246', 'b1245'}"
GO_0015643,"{'b0047', 'b0150', 'b0464', 'b2017', 'b0226'}"
GO_0015647,{'b0433'}
GO_0015648,"{'b1069', 'b0089'}"
GO_0015649,{'b3909'}
GO_0015654,"{'b4067', 'b3493'}"
GO_0015658,"{'b3455', 'b3457', 'b3454', 'b3456', 'b0401'}"
GO_0015661,{'b0874'}
GO_0015662,"{'b0697', 'b3469', 'b0484', 'b4242'}"
GO_0015666,{'b4351'}
GO_0015670,{'b0451'}
GO_0015671,{'b2552'}
GO_0015673,{'b0575'}
GO_0015675,"{'b3478', 'b3479', 'b3477', 'b3476', 'b3480', 'b2106'}"
GO_0015679,"{'b0574', 'b0575'}"
GO_0015685,"{'b0587', 'b0588', 'b0584', 'b0589', 'b0592', 'b0590'}"
GO_0015687,"{'b0151', 'b0152', 'b1102', 'b0153'}"
GO_0015689,"{'b0764', 'b0763', 'b0765', 'b0761'}"
GO_0015691,{'b2392'}
GO_0015692,{'b3469'}
GO_0015693,"{'b3816', 'b4242'}"
GO_0015695,{'b4115'}
GO_0015699,{'b3502'}
GO_0015700,{'b3502'}
GO_0015706,"{'b1223', 'b1469'}"
GO_0015707,"{'b3367', 'b1223', 'b1469'}"
GO_0015709,"{'b3917', 'b2424', 'b2422', 'b2013', 'b2425', 'b2423'}"
GO_0015710,"{'b4067', 'b3493'}"
GO_0015712,{'b3666'}
GO_0015716,"{'b4102', 'b4097', 'b4098', 'b4096', 'b4106', 'b4099', 'b4105', 'b4100', 'b4103', 'b4101'}"
GO_0015720,{'b0511'}
GO_0015721,"{'b2075', 'b2074', 'b3020', 'b3035', 'b2686', 'b2685', 'b2076', 'b3513', 'b2368', 'b2470', 'b2367', 'b0462', 'b4337', 'b0463', 'b3514'}"
GO_0015724,"{'b0904', 'b2492'}"
GO_0015726,{'b4265'}
GO_0015727,"{'b2975', 'b3603'}"
GO_0015731,{'b0353'}
GO_0015733,{'b1981'}
GO_0015734,"{'b0365', 'b0367', 'b0366'}"
GO_0015736,{'b3093'}
GO_0015739,"{'b4311', 'b3224'}"
GO_0015740,"{'b4123', 'b0621', 'b4138', 'b3227'}"
GO_0015741,"{'b1206', 'b0621', 'b3528', 'b4123', 'b4138'}"
GO_0015744,"{'b4363', 'b4364'}"
GO_0015745,{'b3063'}
GO_0015747,{'b2888'}
GO_0015751,"{'b3875', 'b4460', 'b2801'}"
GO_0015752,"{'b3566', 'b4087', 'b3750', 'b3749', 'b3751', 'b3568', 'b4088', 'b4086', 'b3567'}"
GO_0015753,"{'b3568', 'b3566', 'b4031', 'b3567'}"
GO_0015754,"{'b4088', 'b4087', 'b4086'}"
GO_0015755,"{'b2387', 'b0731', 'b2801'}"
GO_0015756,"{'b2841', 'b2801'}"
GO_0015757,"{'b3875', 'b2943', 'b2801', 'b4227', 'b2149', 'b2150', 'b2148'}"
GO_0015760,{'b3666'}
GO_0015761,"{'b1819', 'b1818', 'b1817'}"
GO_0015762,{'b3907'}
GO_0015764,"{'b0679', 'b1819', 'b1818', 'b1817'}"
GO_0015765,"{'b4120', 'b2149', 'b2150', 'b2148'}"
GO_0015767,"{'b0070', 'b0343', 'b2170', 'b2536'}"
GO_0015768,"{'b4033', 'b4034', 'b1319', 'b4035', 'b4036', 'b1621', 'b4032'}"
GO_0015769,{'b4120'}
GO_0015771,{'b4240'}
GO_0015772,"{'b0681', 'b1319', 'b4311'}"
GO_0015774,"{'b0983', 'b2062', 'b1024', 'b0681'}"
GO_0015778,{'b3093'}
GO_0015791,{'b3927'}
GO_0015793,"{'b2240', 'b3927'}"
GO_0015794,"{'b2240', 'b3453', 'b3451', 'b3450', 'b3452'}"
GO_0015795,"{'b4304', 'b2703', 'b2704', 'b4565', 'b4302', 'b2702', 'b3599'}"
GO_0015796,"{'b4304', 'b2093', 'b2094'}"
GO_0015797,"{'b3599', 'b2933'}"
GO_0015801,"{'b3161', 'b3709', 'b1473', 'b1907'}"
GO_0015803,"{'b3460', 'b3455', 'b3457', 'b3458', 'b3454', 'b3456', 'b0401'}"
GO_0015806,{'b0260'}
GO_0015807,set()
GO_0015808,"{'b2670', 'b4208'}"
GO_0015810,{'b1206'}
GO_0015811,"{'b1918', 'b1920', 'b1729', 'b1917'}"
GO_0015812,{'b2663'}
GO_0015813,"{'b0655', 'b3653'}"
GO_0015814,{'b1336'}
GO_0015816,{'b4208'}
GO_0015818,"{'b3460', 'b0401'}"
GO_0015820,"{'b3460', 'b3458', 'b1798', 'b4141', 'b0401'}"
GO_0015821,"{'b3661', 'b0198', 'b4141', 'b0197'}"
GO_0015822,"{'b0692', 'b2310'}"
GO_0015823,"{'b3455', 'b3457', 'b3458', 'b0576', 'b3454', 'b3456', 'b0112'}"
GO_0015824,{'b1015'}
GO_0015825,"{'b2796', 'b3116', 'b3795', 'b3089'}"
GO_0015826,"{'b3116', 'b3824', 'b3089', 'b0813', 'b3795', 'b3823'}"
GO_0015827,"{'b3161', 'b0112'}"
GO_0015828,{'b0112'}
GO_0015829,"{'b3460', 'b0401'}"
GO_0015830,"{'b1918', 'b1920'}"
GO_0015833,"{'b1487', 'b1244', 'b3543', 'b2180', 'b0377', 'b3269', 'b3542', 'b1663', 'b3541', 'b2178', 'b1245', 'b1247', 'b1290', 'b1483', 'b3270', 'b1484', 'b2179', 'b1243', 'b4130', 'b1292', 'b1293', 'b1486', 'b4097', 'b0709', 'b1246', 'b1985', 'b3496', 'b2211', 'b1534', 'b3544', 'b1291', 'b1634', 'b1294', 'b2177', 'b2182', 'b1485', 'b1329', 'b0598', 'b3540', 'b3271', 'b0829'}"
GO_0015834,"{'b1247', 'b1244', 'b1329', 'b1246', 'b1245'}"
GO_0015835,{'b0433'}
GO_0015836,"{'b1069', 'b0089', 'b0634'}"
GO_0015837,"{'b2677', 'b2678'}"
GO_0015838,"{'b2128', 'b2131', 'b2130', 'b2129'}"
GO_0015839,{'b4132'}
GO_0015846,"{'b1123', 'b1440', 'b1126', 'b0854', 'b0855'}"
GO_0015847,"{'b1123', 'b1291', 'b1290', 'b1125', 'b0857', 'b2014', 'b0692', 'b0855', 'b0856', 'b1292', 'b1296', 'b1126', 'b0854', 'b1293', 'b1124'}"
GO_0015848,"{'b1123', 'b1599', 'b1600'}"
GO_0015851,{'b2888'}
GO_0015853,"{'b3714', 'b3664'}"
GO_0015856,{'b0336'}
GO_0015857,{'b2497'}
GO_0015858,"{'b2098', 'b2406', 'b0411'}"
GO_0015860,"{'b2964', 'b3662', 'b1660'}"
GO_0015861,"{'b2393', 'b2964', 'b2406', 'b2098'}"
GO_0015862,"{'b2393', 'b2964', 'b2406', 'b2098'}"
GO_0015863,{'b2406'}
GO_0015864,{'b2964'}
GO_0015871,"{'b0314', 'b0543'}"
GO_0015879,{'b0040'}
GO_0015882,"{'b4193', 'b4195', 'b4194'}"
GO_0015886,"{'b2200', 'b2198', 'b4074', 'b2199', 'b2196', 'b3544'}"
GO_0015887,{'b3258'}
GO_0015888,"{'b0068', 'b0067'}"
GO_0015889,"{'b3966', 'b1711', 'b1252', 'b1710', 'b0158', 'b1709', 'b3005', 'b3006'}"
GO_0015891,"{'b0150', 'b0584', 'b4291', 'b1252', 'b0591', 'b0805', 'b1451', 'b1102'}"
GO_0015895,"{'b0462', 'b0463'}"
GO_0015904,"{'b0794', 'b0793', 'b0792'}"
GO_0015908,"{'b0462', 'b0463', 'b1805'}"
GO_0015909,{'b2344'}
GO_0015912,{'b1015'}
GO_0015914,"{'b3192', 'b3193', 'b3194', 'b3191', 'b4472', 'b3195'}"
GO_0015920,"{'b3522', 'b0054', 'b3201', 'b3200', 'b0641', 'b3199', 'b4262', 'b0914', 'b4261'}"
GO_0015926,"{'b2901', 'b3080', 'b2132'}"
GO_0015930,{'b3212'}
GO_0015934,"{'b3317', 'b3319', 'b3301', 'b3986', 'b3302', 'b3315', 'b3985', 'b3984', 'b3310', 'b1089'}"
GO_0015935,"{'b3342', 'b0169', 'b3341', 'b3316', 'b3303', 'b3296'}"
GO_0015936,{'b1584'}
GO_0015937,"{'b3639', 'b3974', 'b0103', 'b3634'}"
GO_0015940,"{'b0131', 'b0134', 'b0133', 'b0425', 'b3774', 'b3459'}"
GO_0015941,{'b3639'}
GO_0015942,{'b4079'}
GO_0015944,"{'b2723', 'b3894', 'b2483', 'b2719', 'b4079', 'b2722', 'b1476', 'b2721', 'b2724', 'b1475', 'b2487', 'b2485', 'b2484', 'b2486', 'b3892', 'b2720', 'b2482', 'b3893', 'b1474'}"
GO_0015949,"{'b4237', 'b2235', 'b1281', 'b0651', 'b2234', 'b4177', 'b2675', 'b0160', 'b0910', 'b0049', 'b4381', 'b1098', 'b4238', 'b3779', 'b2407', 'b3650', 'b2784', 'b2143', 'b2065'}"
GO_0015950,{'b1623'}
GO_0015951,"{'b0474', 'b0104'}"
GO_0015968,"{'b4217', 'b3995', 'b3464', 'b3983'}"
GO_0015969,"{'b2784', 'b3650'}"
GO_0015970,"{'b2784', 'b3779', 'b3650'}"
GO_0015974,{'b3779'}
GO_0015976,"{'b3499', 'b3414', 'b3391', 'b0339', 'b3393', 'b3392', 'b3395', 'b3394', 'b3413', 'b1241', 'b0126'}"
GO_0015977,{'b3956'}
GO_0015986,"{'b3732', 'b3734', 'b1941', 'b3735', 'b3738', 'b3736', 'b3737', 'b3731', 'b3733'}"
GO_0015990,"{'b0431', 'b2277', 'b2276', 'b2278', 'b2287', 'b0432', 'b0430', 'b0429'}"
GO_0016002,set()
GO_0016020,"{'b1516', 'b1605', 'b1791', 'b2943', 'b3528', 'b4080', 'b2276', 'b3735', 'b0915', 'b0465', 'b1242', 'b2496', 'b4103', 'b3258', 'b0311', 'b0211', 'b2298', 'b2663', 'b3456', 'b0478', 'b0449', 'b3404', 'b1467', 'b4455', 'b4031', 'b4156', 'b0407', 'b3210', 'b2380', 'b2469', 'b2231', 'b1729', 'b3450', 'b3194', 'b2075', 'b0018', 'b2556', 'b0124', 'b0150', 'b2161', 'b2578', 'b2306', 'b3819', 'b4226', 'b3727', 'b4033', 'b0890', 'b1101', 'b2307', 'b1185', 'b0513', 'b2182', 'b4020', 'b2720', 'b2097', 'b3540', 'b3271', 'b1474', 'b2483', 'b2796', 'b1562', 'b3927', 'b1198', 'b0112', 'b4515', 'b0734', 'b3919', 'b0842', 'b3900', 'b0007', 'b3987', 'b3541', 'b2178', 'b3104', 'b4672', 'b2677', 'b2595', 'b3457', 'b3877', 'b3836', 'b1528', 'b3476', 'b0809', 'b0903', 'b1676', 'b3673', 'b0655', 'b1543', 'b0627', 'b0543', 'b4140', 'b3341', 'b0437', 'b3749', 'b2617', 'b0402', 'b2740', 'b0996', 'b2271', 'b0808', 'b2670', 'b0177', 'b2548', 'b0511', 'b1294', 'b0722', 'b2219', 'b2812', 'b1224', 'b1779', 'b4261', 'b1713', 'b0198', 'b1974', 'b0108', 'b4602', 'b4242', 'b1244', 'b2180', 'b1886', 'b1513', 'b1850', 'b2923', 'b4082', 'b3876', 'b3725', 'b1615', 'b3754', 'b0831', 'b1663', 'b2848', 'b3795', 'b1901', 'b3667', 'b4074', 'b4139', 'b1829', 'b1656', 'b3931', 'b3415', 'b3710', 'b2899', 'b3793', 'b1629', 'b3943', 'b2406', 'b3633', 'b1582', 'b3055', 'b1496', 'b0811', 'b0592', 'b0590', 'b4034', 'b3579', 'b0578', 'b0864', 'b3005', 'b1981', 'b0045', 'b1468', 'b2666', 'b0014', 'b4111', 'b3664', 'b3696', 'b2128', 'b2254', 'b0681', 'b0583', 'b0428', 'b3893', 'b0972', 'b1057', 'b2972', 'b2278', 'b1129', 'b3468', 'b4210', 'b0692', 'b3139', 'b2888', 'b3839', 'b1627', 'b1755', 'b3196', 'b1709', 'b3567', 'b0170', 'b3164', 'b2327', 'b2281', 'b3063', 'b0765', 'b1116', 'b3089', 'b1484', 'b1621', 'b2077', 'b0448', 'b3708', 'b0957', 'b1243', 'b1379', 'b0436', 'b2417', 'b1486', 'b3909', 'b3619', 'b4265', 'b1182', 'b4412', 'b0106', 'b3496', 'b0763', 'b2126', 'b2211', 'b3838', 'b3662', 'b4152', 'b4000', 'b2987', 'b0612', 'b1788', 'b2129', 'b3455', 'b0936', 'b2240', 'b3918', 'b2498', 'b0738', 'b0751', 'b2283', 'b1006', 'b0764', 'b0929', 'b2605', 'b1855', 'b2503', 'b2308', 'b0739', 'b4077', 'b1840', 'b3134', 'b4087', 'b1186', 'b3249', 'b0715', 'b0770', 'b0430', 'b2149', 'b3452', 'b2046', 'b3480', 'b1252', 'b3193', 'b2482', 'b4618', 'b2322', 'b1918', 'b0055', 'b1985', 'b4304', 'b3529', 'b0737', 'b1819', 'b4138', 'b3006', 'b3816', 'b0068', 'b1442', 'b1616', 'b3802', 'b0486', 'b3018', 'b3088', 'b0175', 'b2678', 'b3599', 'b2789', 'b0367', 'b3332', 'b4143', 'b4032', 'b0047', 'b3500', 'b1946', 'b3894', 'b3566', 'b1756', 'b4035', 'b2060', 'b0813', 'b2076', 'b0862', 'b4535', 'b2592', 'b2997', 'b0605', 'b3478', 'b1900', 'b1533', 'b1823', 'b2424', 'b0572', 'b1483', 'b1949', 'b0427', 'b1441', 'b1254', 'b0070', 'b1644', 'b1630', 'b0353', 'b0857', 'b4399', 'b3823', 'b3300', 'b4243', 'b0484', 'b1476', 'b3720', 'b3745', 'b2378', 'b1223', 'b0913', 'b0979', 'b3103', 'b3040', 'b1634', 'b3227', 'b1363', 'b3578', 'b2546', 'b2131', 'b0914', 'b0114', 'b2287', 'b4042', 'b0379', 'b0532', 'b1594', 'b3543', 'b4287', 'b2145', 'b3184', 'b0897', 'b2558', 'b0365', 'b3732', 'b3783', 'b0594', 'b3270', 'b0848', 'b0153', 'b0652', 'b1473', 'b0432', 'b4428', 'b3241', 'b3168', 'b0589', 'b3057', 'b3460', 'b0860', 'b0197', 'b3479', 'b0934', 'b4384', 'b3178', 'b0008', 'b4600', 'b2204', 'b2547', 'b0886', 'b4231', 'b2487', 'b0575', 'b1795', 'b4088', 'b4354', 'b0066', 'b2952', 'b3199', 'b2488', 'b1312', 'b0887', 'b3577', 'b3327', 'b4086', 'b0829', 'b3824', 'b2429', 'b0624', 'b0116', 'b3224', 'b3454', 'b1514', 'b2170', 'b0336', 'b1222', 'b1408', 'b2309', 'b2367', 'b2983', 'b1290', 'b0634', 'b2258', 'b3398', 'b2310', 'b4392', 'b3201', 'b1592', 'b3917', 'b2412', 'b2383', 'b1766', 'b1515', 'b3659', 'b1859', 'b2109', 'b4288', 'b1084', 'b1440', 'b3705', 'b0854', 'b2257', 'b1869', 'b4003', 'b1065', 'b2347', 'b3191', 'b1609', 'b1505', 'b1857', 'b4664', 'b2279', 'b0570', 'b1718', 'b1311', 'b2014', 'b0343', 'b3915', 'b3144', 'b0945', 'b2346', 'b3825', 'b0158', 'b1241', 'b1126', 'b3751', 'b0933', 'b4141', 'b0328', 'b2494', 'b4410', 'b2823', 'b3336', 'b2485', 'b1225', 'b4460', 'b4132', 'b1292', 'b2286', 'b0878', 'b0019', 'b3127', 'b4030', 'b0574', 'b1942', 'b2825', 'b3485', 'b0709', 'b2686', 'b1948', 'b0653', 'b2321', 'b3078', 'b3899', 'b2365', 'b3780', 'b0584', 'b4136', 'b2074', 'b1330', 'b2177', 'b2425', 'b2292', 'b3265', 'b4044', 'b0431', 'b3533', 'b2786', 'b0899', 'b1015', 'b0400', 'b4289', 'b2392', 'b3785', 'b0879', 'b4079', 'b0314', 'b3269', 'b0401', 'b2497', 'b0940', 'b3116', 'b2350', 'b3462', 'b0083', 'b3493', 'b2027', 'b1465', 'b1245', 'b2697', 'b0496', 'b1475', 'b1920', 'b3683', 'b4317', 'b4355', 'b0577', 'b3195', 'b0089', 'b0657', 'b0027', 'b2568', 'b1123', 'b4382', 'b1493', 'b1632', 'b4290', 'b3907', 'b2933', 'b3784', 'b2285', 'b2679', 'b1816', 'b2155', 'b1291', 'b0805', 'b4123', 'b2516', 'b0741', 'b1492', 'b0010', 'b0861', 'b2832', 'b2604', 'b3486', 'b0598', 'b2282', 'b3981', 'b0951', 'b1206', 'b3236', 'b2158', 'b0818', 'b1487', 'b2386', 'b2703', 'b0697', 'b2078', 'b0396', 'b3513', 'b0566', 'b4174', 'b4120', 'b3370', 'b1453', 'b0067', 'b2141', 'b2484', 'b3726', 'b2702', 'b0087', 'b1529', 'b0911', 'b3532', 'b4356', 'b3369', 'b4106', 'b0139', 'b1195', 'b2801', 'b0973', 'b2280', 'b0489', 'b0451', 'b4153', 'b4204', 'b1754', 'b4381', 'b4687', 'b0950', 'b3615', 'b0260', 'b4359', 'b3544', 'b3921', 'b1125', 'b0270', 'b4415', 'b3072', 'b4193', 'b2475', 'b0149', 'b0863', 'b0810', 'b4680', 'b4337', 'b1429', 'b0896', 'b4114', 'b2135', 'b3295', 'b2534', 'b3734', 'b0740', 'b3657', 'b2587', 'b0925', 'b0433', 'b1227', 'b3266', 'b2470', 'b0904', 'b3086', 'b0832', 'b4240', 'b1110', 'b4306', 'b1690', 'b1947', 'b4230', 'b4544', 'b0176', 'b2372', 'b3523', 'b0981', 'b1950', 'b1054', 'b3750', 'b2492', 'b1880', 'b1469', 'b0974', 'b1377', 'b2199', 'b0993', 'b1102', 'b0134', 'b0128', 'b1968', 'b4586', 'b0341', 'b2150', 'b4065', 'b1004', 'b0409', 'b3546', 'b3733', 'b3216', 'b2393', 'b1677', 'b3747', 'b3453', 'b2423', 'b2779', 'b0733', 'b4409', 'b0830', 'b2512', 'b2296', 'b2422', 'b4476', 'b1959', 'b1873', 'b0875', 'b3477', 'b3140', 'b1409', 'b1885', 'b3495', 'b0588', 'b0015', 'b2164', 'b1451', 'b1216', 'b2519', 'b4321', 'b0040', 'b2114', 'b2200', 'b1433', 'b2098', 'b0696', 'b3469', 'b1418', 'b3409', 'b2130', 'b0789', 'b1752', 'b2037', 'b1817', 'b4064', 'b0199', 'b3930', 'b0377', 'b4112', 'b1798', 'b3451', 'b1590', 'b0792', 'b3660', 'b2202', 'b3850', 'b3291', 'b1237', 'b4296', 'b0229', 'b1247', 'b0621', 'b0490', 'b4081', 'b3035', 'b3666', 'b2179', 'b2715', 'b3988', 'b3464', 'b4208', 'b3911', 'b4411', 'b3114', 'b2288', 'b2551', 'b3042', 'b2284', 'b0462', 'b2196', 'b2313', 'b2890', 'b1288', 'b4175', 'b3547', 'b1660', 'b1443', 'b1118', 'b4115', 'b3821', 'b3473', 'b2389', 'b1184', 'b3502', 'b4559', 'b0366', 'b3870', 'b3654', 'b2063', 'b3458', 'b1596', 'b4262', 'b3367', 'b0429', 'b3517', 'b3508', 'b1737', 'b1758', 'b0850', 'b0635', 'b0812', 'b3568', 'b0695', 'b4130', 'b2924', 'b1293', 'b2477', 'b0408', 'b2771', 'b2156', 'b3849', 'b0855', 'b1191', 'b2167', 'b4177', 'b4154', 'b4151', 'b0793', 'b1310', 'b2841', 'b3679', 'b1670', 'b0724', 'b2452', 'b0721', 'b1657', 'b1485', 'b4040', 'b2826', 'b4464', 'b3335', 'b0752', 'b1637', 'b3668', 'b3966', 'b1912', 'b4291', 'b3542', 'b2476', 'b3514', 'b3728', 'b0098', 'b1124', 'b1775', 'b3653', 'b1879', 'b1421', 'b1711', 'b3208', 'b2148', 'b0587', 'b3434', 'b2243', 'b2198', 'b3949', 'b0731', 'b1601', 'b3424', 'b0718', 'b0978', 'b0463', 'b0970', 'b2277', 'b1249', 'b1801', 'b3827', 'b2722', 'b3874', 'b1246', 'b1117', 'b1858', 'b1296', 'b2882', 'b0129', 'b1818', 'b2486', 'b3892', 'b0654', 'b0856', 'b4613', 'b0723', 'b1602', 'b3714', 'b3175', 'b4129', 'b0576', 'b1329', 'b4159'}"
GO_0016024,"{'b4041', 'b3018', 'b0175'}"
GO_0016032,"{'b2356', 'b0015', 'b2360'}"
GO_0016034,set()
GO_0016036,"{'b4217', 'b0382', 'b0980', 'b3615', 'b0564', 'b0400', 'b3724', 'b4030'}"
GO_0016042,"{'b3821', 'b2341', 'b1619', 'b1234', 'b3846', 'b2342', 'b3845', 'b4377'}"
GO_0016051,"{'b1048', 'b1424'}"
GO_0016052,"{'b4381', 'b2901', 'b1581', 'b0063', 'b3581'}"
GO_0016054,"{'b3125', 'b2029', 'b0509', 'b2736', 'b3882'}"
GO_0016070,"{'b4347', 'b0859', 'b4179'}"
GO_0016075,"{'b3643', 'b2782'}"
GO_0016078,{'b1286'}
GO_0016094,"{'b0174', 'b3187'}"
GO_0016114,"{'b2746', 'b2515', 'b0029', 'b0420', 'b1208'}"
GO_0016149,"{'b1211', 'b2891', 'b4375'}"
GO_0016150,{'b4375'}
GO_0016151,"{'b0659', 'b3478', 'b0973', 'b3479', 'b4002', 'b2726', 'b2487', 'b3476', 'b3480', 'b2991', 'b2245', 'b1651', 'b2721', 'b2727', 'b2994', 'b3349', 'b3477', 'b3481'}"
GO_0016154,{'b0391'}
GO_0016158,{'b1002'}
GO_0016208,"{'b0474', 'b4069', 'b1854', 'b3430', 'b4016'}"
GO_0016209,"{'b2480', 'b3908', 'b1646'}"
GO_0016212,set()
GO_0016226,"{'b1679', 'b2113', 'b3807', 'b1680', 'b1681', 'b2528', 'b3190', 'b2529', 'b2524', 'b3414', 'b2525', 'b1654', 'b0156', 'b2421', 'b1682', 'b1683', 'b0435', 'b2810', 'b1684', 'b3924', 'b2530', 'b2526'}"
GO_0016231,{'b1107'}
GO_0016234,{'b0014'}
GO_0016259,{'b3590'}
GO_0016260,"{'b1764', 'b0893', 'b3591'}"
GO_0016261,"{'b2810', 'b2530'}"
GO_0016279,{'b3259'}
GO_0016289,"{'b1686', 'b3820', 'b1400', 'b0597', 'b1396'}"
GO_0016297,{'b0494'}
GO_0016298,{'b0494'}
GO_0016301,"{'b1968', 'b3052', 'b0570', 'b2750', 'b0915', 'b1764', 'b0388', 'b3947', 'b3404', 'b3650', 'b2784', 'b3210', 'b4268', 'b2380', 'b2469', 'b2296', 'b2803', 'b2934', 'b2737', 'b2556', 'b0474', 'b1888', 'b3204', 'b1238', 'b3899', 'b2103', 'b3133', 'b2094', 'b1101', 'b3599', 'b3682', 'b3026', 'b3115', 'b2928', 'b2786', 'b1119', 'b0400', 'b4194', 'b0477', 'b0171', 'b4125', 'b3437', 'b1817', 'b3355', 'b3625', 'b2104', 'b4112', 'b3374', 'b1207', 'b3900', 'b2704', 'b0993', 'b4024', 'b3124', 'b1676', 'b2715', 'b0323', 'b3138', 'b4565', 'b3911', 'b2218', 'b0003', 'b1200', 'b4399', 'b2933', 'b0394', 'b2387', 'b3916', 'b2370', 'b3953', 'b4195', 'b1098', 'b2829', 'b4302', 'b0619', 'b2219', 'b4042', 'b1993', 'b1636', 'b3564', 'b3926', 'b3974', 'b2418', 'b3722', 'b3693', 'b2703', 'b1199', 'b2078', 'b2070', 'b1725', 'b3835', 'b3390', 'b0025', 'b3630', 'b1511', 'b0695', 'b1106', 'b1854', 'b3883', 'b3526', 'b0514', 'b3869', 'b2166', 'b4390', 'b1640', 'b2167', 'b2776', 'b4385', 'b2460', 'b3752', 'b3950', 'b2874', 'b2416', 'b0679', 'b0002', 'b2429', 'b2100', 'b1738', 'b1129', 'b3668', 'b2160', 'b3959', 'b3897', 'b1208', 'b1222', 'b0142', 'b2216', 'b3940', 'b0063', 'b2501', 'b1621', 'b2086', 'b2461', 'b0731', 'b2383', 'b1702', 'b3222', 'b2066', 'b2417', 'b0757', 'b0417', 'b2169', 'b1772', 'b0103', 'b2518', 'b2388', 'b0242', 'b4240', 'b3580', 'b2126', 'b2926', 'b0521', 'b2615', 'b0910', 'b4003', 'b0129', 'b4084', 'b2168', 'b1723', 'b3648', 'b1609', 'b3904'}"
GO_0016310,"{'b1968', 'b3052', 'b0570', 'b2750', 'b0915', 'b1703', 'b1764', 'b0388', 'b3947', 'b3404', 'b3650', 'b2784', 'b3210', 'b4268', 'b2380', 'b2469', 'b2296', 'b2803', 'b2934', 'b2737', 'b2556', 'b0474', 'b1888', 'b3204', 'b1238', 'b3899', 'b2103', 'b3133', 'b2094', 'b1101', 'b3599', 'b3682', 'b3026', 'b3115', 'b2928', 'b2786', 'b1119', 'b0400', 'b4194', 'b0477', 'b0171', 'b4125', 'b3437', 'b1817', 'b3355', 'b2060', 'b3625', 'b2104', 'b4112', 'b1198', 'b3374', 'b1207', 'b3900', 'b2704', 'b0993', 'b4024', 'b3124', 'b1676', 'b2715', 'b0323', 'b3138', 'b4565', 'b3911', 'b2218', 'b0003', 'b1200', 'b4399', 'b2933', 'b0394', 'b2387', 'b3916', 'b2370', 'b3953', 'b4195', 'b1098', 'b2829', 'b4302', 'b0619', 'b2219', 'b4042', 'b1993', 'b1636', 'b3564', 'b3926', 'b3974', 'b2418', 'b3722', 'b3693', 'b2703', 'b1199', 'b2078', 'b2070', 'b1725', 'b1507', 'b3835', 'b3390', 'b0025', 'b3630', 'b1511', 'b0695', 'b1106', 'b1854', 'b3883', 'b3526', 'b0514', 'b3869', 'b2166', 'b4390', 'b1640', 'b2167', 'b2776', 'b4385', 'b2460', 'b3752', 'b3950', 'b2874', 'b2416', 'b0679', 'b0002', 'b2100', 'b3859', 'b2429', 'b1738', 'b1129', 'b3668', 'b2160', 'b3959', 'b3897', 'b1208', 'b1222', 'b0142', 'b2216', 'b3940', 'b4016', 'b0063', 'b2501', 'b1621', 'b2086', 'b0613', 'b2461', 'b0731', 'b2383', 'b1702', 'b3222', 'b2066', 'b2417', 'b0757', 'b0417', 'b2169', 'b1772', 'b0103', 'b2518', 'b2388', 'b0242', 'b4240', 'b3580', 'b2126', 'b2926', 'b0521', 'b2615', 'b0910', 'b4003', 'b0129', 'b4084', 'b0981', 'b2168', 'b1723', 'b3648', 'b1609', 'b3904'}"
GO_0016311,{'b3057'}
GO_0016405,"{'b0037', 'b1398'}"
GO_0016407,"{'b0342', 'b1882', 'b2058', 'b3561', 'b1463', 'b0459', 'b2458'}"
GO_0016410,"{'b0179', 'b0657'}"
GO_0016413,"{'b3561', 'b2054', 'b2058'}"
GO_0016416,{'b0622'}
GO_0016430,{'b2575'}
GO_0016432,{'b2583'}
GO_0016433,{'b0051'}
GO_0016434,"{'b1835', 'b3289', 'b0967'}"
GO_0016436,"{'b0859', 'b3179'}"
GO_0016462,"{'b1134', 'b3248', 'b3057', 'b3034', 'b0524', 'b2830', 'b1087'}"
GO_0016463,{'b3469'}
GO_0016485,"{'b0975', 'b2717', 'b4235', 'b2993', 'b3244', 'b2568', 'b3459'}"
GO_0016491,"{'b1300', 'b3551', 'b1449', 'b1380', 'b1387', 'b0945', 'b2234', 'b1852', 'b2927', 'b2638', 'b1241', 'b1971', 'b4269', 'b0311', 'b4379', 'b3336', 'b2485', 'b1225', 'b2868', 'b1905', 'b1467', 'b1423', 'b2903', 'b1068', 'b3600', 'b2842', 'b3281', 'b1301', 'b3962', 'b0124', 'b4467', 'b2146', 'b4187', 'b0608', 'b1406', 'b0173', 'b1603', 'b1210', 'b1313', 'b0286', 'b1412', 'b1388', 'b4136', 'b2468', 'b0493', 'b1185', 'b1136', 'b3003', 'b2552', 'b1008', 'b0517', 'b1474', 'b2483', 'b3433', 'b3941', 'b4079', 'b3001', 'b0596', 'b2994', 'b2436', 'b1465', 'b1619', 'b2028', 'b3674', 'b2794', 'b0284', 'b1673', 'b0123', 'b1650', 'b1093', 'b2020', 'b1501', 'b2719', 'b2235', 'b4249', 'b2242', 'b0312', 'b2285', 'b2996', 'b3800', 'b0043', 'b0606', 'b1606', 'b1224', 'b1779', 'b2593', 'b2660', 'b4051', 'b1774', 'b3236', 'b4166', 'b2172', 'b3844', 'b0351', 'b1647', 'b4323', 'b1803', 'b0046', 'b4072', 'b3102', 'b2206', 'b2675', 'b4367', 'b4049', 'b3260', 'b2484', 'b2426', 'b1656', 'b3366', 'b4070', 'b2541', 'b3787', 'b3518', 'b0578', 'b0973', 'b1521', 'b0356', 'b4153', 'b1468', 'b2029', 'b1378', 'b1059', 'b0029', 'b0873', 'b1800', 'b1415', 'b0002', 'b0972', 'b2979', 'b0872', 'b0104', 'b3212', 'b2736', 'b0896', 'b3440', 'b1687', 'b0901', 'b2542', 'b0419', 'b2480', 'b1007', 'b3924', 'b1624', 'b1765', 'b0801', 'b2834', 'b1444', 'b2453', 'b1667', 'b2676', 'b0509', 'b3365', 'b1802', 'b3616', 'b3908', 'b4468', 'b3426', 'b2481', 'b0073', 'b3774', 'b3588', 'b0347', 'b1771', 'b3940', 'b2723', 'b1638', 'b2774', 'b2887', 'b2210', 'b3503', 'b3860', 'b1004', 'b2324', 'b3029', 'b1497', 'b2574', 'b0430', 'b2147', 'b2255', 'b3608', 'b0304', 'b3945', 'b2482', 'b2140', 'b3160', 'b2137', 'b0325', 'b3713', 'b3028', 'b3351', 'b1271', 'b3087', 'b0902', 'b2508', 'b2763', 'b3972', 'b4358', 'b2661', 'b3867', 'b2545', 'b2881', 'b1695', 'b1418', 'b2241', 'b2902', 'b3500', 'b2582', 'b3958', 'b3894', 'b2490', 'b3605', 'b3589', 'b3253', 'b2997', 'b1590', 'b1542', 'b3850', 'b1746', 'b3575', 'b3070', 'b2710', 'b0871', 'b1386', 'b2764', 'b1395', 'b2052', 'b1781', 'b2341', 'b1525', 'b1580', 'b4463', 'b3125', 'b3081', 'b2721', 'b2766', 'b1539', 'b3017', 'b1478', 'b1288', 'b2455', 'b0114', 'b4266', 'b1776', 'b3942', 'b1588', 'b2878', 'b4211', 'b0052', 'b1392', 'b0599', 'b1778', 'b1761', 'b0429', 'b2762', 'b1109', 'b4465', 'b1699', 'b0425', 'b0812', 'b1385', 'b1014', 'b0432', 'b0031', 'b4237', 'b0888', 'b4219', 'b2489', 'b3553', 'b1479', 'b3952', 'b3882', 'b4154', 'b3213', 'b2487', 'b0724', 'b1646', 'b4267', 'b1033', 'b0997', 'b0386', 'b1587', 'b2515', 'b0285', 'b0116', 'b2600', 'b0207', 'b2495', 'b2867', 'b0529', 'b2705', 'b2133', 'b0851', 'b2799', 'b1872', 'b3012', 'b0221', 'b2091', 'b4238', 'b3846', 'b1832', 'b1055', 'b0368', 'b2711', 'b0048', 'b0894', 'b2866', 'b0824', 'b2722', 'b0039', 'b2880', 'b1315', 'b0937', 'b2040', 'b2913', 'b3011', 'b0243', 'b0414', 'b2486', 'b1189', 'b2320', 'b3368', 'b0837', 'b0723', 'b0726', 'b2463', 'b1227'}"
GO_0016509,set()
GO_0016530,"{'b0573', 'b1226', 'b2726', 'b2727', 'b2991'}"
GO_0016531,{'b0573'}
GO_0016540,"{'b0828', 'b0131', 'b4160'}"
GO_0016579,{'b2269'}
GO_0016594,set()
GO_0016595,{'b0655'}
GO_0016597,"{'b3117', 'b0860', 'b0033', 'b3828', 'b1920', 'b2870', 'b4254', 'b0674', 'b0273', 'b3772', 'b2309', 'b4245'}"
GO_0016614,"{'b2902', 'b0599', 'b2210', 'b3003', 'b3945', 'b2660', 'b3605', 'b0124'}"
GO_0016615,{'b3236'}
GO_0016616,"{'b2172', 'b1380', 'b3681', 'b0207', 'b3001', 'b4323', 'b3589', 'b0599', 'b2736', 'b1241', 'b2799', 'b4269', 'b1542', 'b3575', 'b3012', 'b2028', 'b2091', 'b0425', 'b2255', 'b3608', 'b3945', 'b3600', 'b3787', 'b2842', 'b1580', 'b0325', 'b1315', 'b2453', 'b3125', 'b1734', 'b0509', 'b4119', 'b3553', 'b0608', 'b2913', 'b1521', 'b3882', 'b0356', 'b3616', 'b1478', 'b1313', 'b2029', 'b3011', 'b4358', 'b3774', 'b2320', 'b2545', 'b1033', 'b1776', 'b1800', 'b2463', 'b4556', 'b1774'}"
GO_0016618,"{'b1033', 'b3553'}"
GO_0016620,"{'b1300', 'b2319', 'b3588', 'b2661', 'b1387', 'b1779', 'b1385', 'b3152', 'b1415'}"
GO_0016624,{'b0726'}
GO_0016625,{'b1673'}
GO_0016627,"{'b4154', 'b0723', 'b2147'}"
GO_0016628,"{'b3787', 'b1449'}"
GO_0016639,{'b1761'}
GO_0016645,{'b2324'}
GO_0016646,"{'b1462', 'b1007'}"
GO_0016647,{'b1059'}
GO_0016651,"{'b1628', 'b2279', 'b2214', 'b0872', 'b1627', 'b0304', 'b2720', 'b2488', 'b1629', 'b2281', 'b1631', 'b1630', 'b2570'}"
GO_0016652,{'b1412'}
GO_0016655,"{'b4211', 'b1412', 'b2282'}"
GO_0016661,"{'b2710', 'b0873', 'b3910'}"
GO_0016667,{'b1971'}
GO_0016668,"{'b0304', 'b0606'}"
GO_0016671,{'b4219'}
GO_0016672,"{'b1185', 'b3102', 'b1971'}"
GO_0016675,{'b1971'}
GO_0016679,"{'b2196', 'b1972', 'b0733', 'b4515'}"
GO_0016682,"{'b0431', 'b0123', 'b2593', 'b0979', 'b0432', 'b0978', 'b0734'}"
GO_0016684,{'b0605'}
GO_0016701,{'b3039'}
GO_0016705,"{'b2906', 'b1055', 'b3160', 'b0662', 'b1012'}"
GO_0016706,"{'b0804', 'b1128'}"
GO_0016709,"{'b1802', 'b1803', 'b2326'}"
GO_0016722,"{'b0812', 'b4367', 'b0123'}"
GO_0016724,{'b0123'}
GO_0016726,"{'b0031', 'b1387'}"
GO_0016731,{'b2711'}
GO_0016740,"{'b0134', 'b0223', 'b1680', 'b3671', 'b1794', 'b0815', 'b1025', 'b2464', 'b1855', 'b0121', 'b0420', 'b3546', 'b0615', 'b2421', 'b2371', 'b2255', 'b1956', 'b0750', 'b0628', 'b0969', 'b4101', 'b2034', 'b2301', 'b2585', 'b3991', 'b1812', 'b3857', 'b2067', 'b0074', 'b0185', 'b2976', 'b0630', 'b1409', 'b1517', 'b0908', 'b1270', 'b3805', 'b0421', 'b1344', 'b1454', 'b1635', 'b0838', 'b1400', 'b1215', 'b0789', 'b2870', 'b0835', 'b3930', 'b4096', 'b1198', 'b2500', 'b1133', 'b0273', 'b3187', 'b3345', 'b1028', 'b4006', 'b0834', 'b3791', 'b1757', 'b1736', 'b0035', 'b2459', 'b3173', 'b4094', 'b3189', 'b1316', 'b4014', 'b3769', 'b0038', 'b2059', 'b3059', 'b2551', 'b0077', 'b2378', 'b2057', 'b3360', 'b3475', 'b1490', 'b4099', 'b2593', 'b2414', 'b0503', 'b3939', 'b2828', 'b2604', 'b2810', 'b2530', 'b2386', 'b3993', 'b1990', 'b2093', 'b2214', 'b1535', 'b4254', 'b1199', 'b3425', 'b0078', 'b4575', 'b1870', 'b1046', 'b2050', 'b0174', 'b1785', 'b0827', 'b1758', 'b1120', 'b0785', 'b0385', 'b0087', 'b2563', 'b0423', 'b2877', 'b4100', 'b3624', 'b3955', 'b2222', 'b4245', 'b3633', 'b3317', 'b1704', 'b4560', 'b0586', 'b0008', 'b2055', 'b2174', 'b1694', 'b1678', 'b2374', 'b4171', 'b2920', 'b0143', 'b4040', 'b4331', 'b3288', 'b0583', 'b0775', 'b0428', 'b3335', 'b2465', 'b4359', 'b0754', 'b2045', 'b2316', 'b2054', 'b2935', 'b1871', 'b1341', 'b4275', 'b0720', 'b1912', 'b0661', 'b3670', 'b2032', 'b0224', 'b3591', 'b4114', 'b1113', 'b2942', 'b0925', 'b1397', 'b0613', 'b1992', 'b1662', 'b1249', 'b0415', 'b2564', 'b1522', 'b3177', 'b2601', 'b0333', 'b0405', 'b1786', 'b2257', 'b2264', 'b1308', 'b2583', 'b1054', 'b2221', 'b0819', 'b1090', 'b0776', 'b2521', 'b4276', 'b0009'}"
GO_0016741,{'b1047'}
GO_0016742,{'b2255'}
GO_0016743,"{'b1870', 'b2316', 'b2870', 'b0185', 'b2712'}"
GO_0016744,"{'b0420', 'b0008'}"
GO_0016746,"{'b0342', 'b2054', 'b3845', 'b2818', 'b1855', 'b3862', 'b3550', 'b1091', 'b3561', 'b1448', 'b2297', 'b0594', 'b1066', 'b2836', 'b4093', 'b1095', 'b1463', 'b0903', 'b1397', 'b3617', 'b3156', 'b2058', 'b0657', 'b0885', 'b4307', 'b2434', 'b2224', 'b0166', 'b4373', 'b2342', 'b0459', 'b4256', 'b2323', 'b3114', 'b2584', 'b3064', 'b1584', 'b2458', 'b4013', 'b0630', 'b1440', 'b3607', 'b0622', 'b3441', 'b0179', 'b2378', 'b3447', 'b1428', 'b0234', 'b4041', 'b1054', 'b3018', 'b0115', 'b3730', 'b1747', 'b0727', 'b1047', 'b2463', 'b1932', 'b4012', 'b1427', 'b1092', 'b2474', 'b2844', 'b3790', 'b0181', 'b3888', 'b2033'}"
GO_0016747,"{'b0342', 'b2054', 'b4127', 'b2267', 'b1855', 'b1115', 'b3825', 'b3550', 'b1448', 'b1066', 'b0618', 'b1095', 'b4093', 'b3459', 'b1397', 'b3156', 'b2058', 'b4307', 'b2434', 'b2224', 'b3888', 'b0166', 'b2342', 'b0459', 'b2323', 'b2584', 'b3064', 'b1584', 'b1517', 'b3607', 'b0234', 'b3441', 'b0179', 'b3730', 'b1047', 'b2474', 'b1932', 'b4012', 'b1427', 'b1090', 'b2844', 'b3790', 'b0181', 'b3845'}"
GO_0016748,{'b1047'}
GO_0016755,{'b0885'}
GO_0016757,"{'b3794', 'b0109', 'b1991', 'b1990', 'b2044', 'b3626', 'b3623', 'b3631', 'b3632', 'b0149', 'b0238', 'b4571', 'b2047', 'b2351', 'b2032', 'b0224', 'b2050', 'b0363', 'b0634', 'b3621', 'b3627', 'b1896', 'b1113', 'b0391', 'b0925', 'b3208', 'b0089', 'b2407', 'b0469', 'b3416', 'b3831', 'b3417', 'b3633', 'b3642', 'b4382', 'b4384', 'b0569', 'b2312', 'b3628', 'b3620', 'b3429', 'b3622', 'b3784', 'b4481', 'b0125', 'b0182', 'b1263', 'b2031', 'b2019', 'b3432', 'b1678', 'b2257', 'b0090', 'b0800', 'b2519', 'b1309', 'b0819', 'b2254', 'b2498', 'b3533', 'b1022', 'b3615', 'b3396', 'b3428', 'b1049', 'b0406'}"
GO_0016758,"{'b3794', 'b2057', 'b3631', 'b0090', 'b1896', 'b3628', 'b4571', 'b4481', 'b1049', 'b2031'}"
GO_0016759,{'b3533'}
GO_0016760,{'b3533'}
GO_0016763,"{'b1263', 'b2257', 'b2023', 'b4382', 'b3208'}"
GO_0016765,"{'b1871', 'b2421', 'b3376', 'b4171', 'b0503', 'b4040', 'b2414', 'b0595', 'b0174'}"
GO_0016768,{'b0121'}
GO_0016769,{'b2564'}
GO_0016772,"{'b0477', 'b2100', 'b1968', 'b1772', 'b2166', 'b3052', 'b2160', 'b0815', 'b3374', 'b1703', 'b3206', 'b1409', 'b3546', 'b3947', 'b4114', 'b2829', 'b0175', 'b2168', 'b1723', 'b0695', 'b3173', 'b4331', 'b3526', 'b3883', 'b3955'}"
GO_0016773,"{'b2066', 'b3052', 'b1723', 'b3580', 'b1640', 'b2704', 'b0063', 'b0766'}"
GO_0016774,"{'b3869', 'b3115', 'b2296', 'b2216', 'b2556'}"
GO_0016775,{'b2415'}
GO_0016776,"{'b2174', 'b2501', 'b3955', 'b1703', 'b4114'}"
GO_0016778,{'b2501'}
GO_0016779,"{'b2751', 'b3052', 'b3282', 'b3649', 'b0826', 'b1236', 'b3634', 'b3056', 'b2049', 'b3992', 'b0614', 'b3066', 'b0586', 'b0167', 'b3053', 'b3987', 'b3202', 'b3857', 'b2747', 'b0025', 'b3164', 'b3789', 'b1428', 'b2039', 'b3295', 'b2752', 'b0758', 'b2042', 'b1706', 'b0175', 'b3730', 'b3361', 'b3988', 'b2877', 'b0639', 'b3430', 'b0918'}"
GO_0016780,"{'b0789', 'b1249', 'b1758', 'b1912', 'b0087', 'b1408', 'b2254', 'b1046', 'b3784'}"
GO_0016782,{'b0038'}
GO_0016783,"{'b1133', 'b3895', 'b0423', 'b2810', 'b3991', 'b3345', 'b1757', 'b1344'}"
GO_0016784,{'b2521'}
GO_0016787,"{'b0110', 'b3830', 'b0675', 'b2176', 'b1897', 'b1733', 'b1680', 'b1387', 'b2293', 'b1860', 'b4061', 'b2503', 'b3825', 'b3885', 'b3635', 'b3706', 'b0822', 'b2830', 'b2256', 'b0485', 'b2879', 'b0418', 'b3778', 'b1374', 'b3613', 'b3549', 'b0476', 'b3665', 'b3198', 'b4658', 'b2435', 'b1234', 'b3650', 'b1002', 'b1337', 'b3449', 'b0638', 'b1278', 'b2795', 'b2065', 'b2252', 'b2957', 'b2734', 'b2113', 'b3085', 'b1114', 'b1982', 'b3525', 'b0767', 'b3399', 'b1321', 'b1545', 'b3032', 'b3529', 'b0927', 'b2026', 'b4043', 'b3780', 'b4226', 'b4169', 'b2559', 'b1759', 'b3820', 'b0383', 'b2134', 'b0148', 'b4190', 'b3232', 'b0457', 'b0446', 'b3812', 'b0315', 'b2467', 'b1396', 'b0191', 'b2580', 'b4192', 'b0480', 'b3813', 'b2999', 'b4377', 'b0844', 'b3056', 'b0713', 'b4309', 'b4055', 'b1327', 'b1955', 'b0424', 'b2610', 'b3801', 'b1767', 'b1134', 'b0515', 'b1253', 'b4006', 'b1489', 'b0968', 'b0512', 'b2473', 'b2472', 'b0799', 'b1524', 'b3697', 'b3779', 'b1298', 'b0711', 'b1285', 'b3464', 'b3034', 'b1744', 'b3287', 'b3935', 'b3957', 'b3153', 'b0585', 'b1967', 'b1813', 'b1498', 'b1338', 'b1232', 'b3678', 'b3068', 'b3640', 'b4243', 'b3822', 'b3397', 'b1745', 'b2954', 'b4161', 'b0678', 'b3746', 'b2300', 'b4150', 'b0677', 'b4391', 'b0949', 'b4083', 'b2593', 'b2810', 'b2051', 'b3486', 'b0595', 'b3248', 'b0239', 'b2700', 'b3925', 'b2143', 'b3821', 'b2099', 'b1990', 'b2873', 'b0349', 'b1168', 'b2560', 'b2299', 'b0398', 'b0897', 'b2918', 'b4352', 'b3183', 'b0159', 'b4213', 'b2022', 'b4394', 'b0772', 'b0049', 'b3783', 'b1277', 'b3141', 'b4232', 'b4092', 'b3113', 'b2173', 'b2068', 'b1062', 'b0980', 'b2727', 'b4095', 'b3162', 'b0219', 'b0200', 'b3057', 'b3869', 'b1343', 'b2251', 'b1034', 'b2930', 'b4374', 'b1815', 'b0237', 'b3054', 'b1686', 'b0099', 'b0766', 'b1045', 'b3136', 'b1678', 'b1158', 'b1727', 'b2690', 'b2239', 'b1100', 'b4378', 'b3340', 'b0404', 'b2937', 'b2900', 'b1011', 'b4052', 'b0962', 'b3371', 'b3652', 'b2502', 'b0829', 'b1768', 'b4361', 'b0364', 'b0736', 'b0147', 'b2569', 'b2291', 'b0529', 'b3379', 'b1010', 'b1023', 'b3000', 'b0443', 'b0337', 'b0452', 'b0224', 'b2988', 'b0059', 'b0160', 'b0164', 'b0712', 'b2744', 'b1808', 'b0797', 'b1113', 'b2627', 'b0833', 'b0597', 'b3871', 'b0925', 'b2533', 'b1653', 'b1787', 'b0516', 'b1970', 'b2023', 'b0867', 'b2184', 'b1867', 'b2395', 'b4389', 'b1009', 'b0524', 'b2576', 'b0828', 'b1623', 'b3887', 'b2153', 'b0167', 'b3715', 'b0212', 'b2817', 'b4388', 'b2872', 'b1883', 'b2883', 'b1087', 'b1103', 'b3996', 'b0714', 'b2781', 'b1413', 'b0414', 'b0096', 'b3826', 'b0841', 'b0819', 'b1865', 'b3918', 'b1838', 'b1204', 'b3182', 'b3385', 'b4214'}"
GO_0016788,"{'b0480', 'b2473', 'b2949', 'b0494', 'b0597', 'b4016', 'b3031', 'b3198', 'b2154', 'b2798', 'b4378', 'b0355', 'b4309', 'b3379', 'b3863', 'b1744', 'b0239'}"
GO_0016790,"{'b1253', 'b1967', 'b1686', 'b1396', 'b0443', 'b0686', 'b0597', 'b0736'}"
GO_0016791,"{'b2159', 'b1034', 'b1897', 'b3056', 'b2291', 'b4374', 'b3715', 'b1955', 'b0822', 'b4016', 'b4388', 'b0766', 'b2690', 'b1727', 'b0383', 'b2072', 'b3697', 'b3826', 'b0446', 'b3812', 'b0844', 'b0200', 'b2252'}"
GO_0016795,{'b3847'}
GO_0016798,"{'b2963', 'b0344', 'b0271', 'b1633', 'b0651', 'b3635', 'b1081', 'b3431', 'b4239', 'b0030', 'b3571', 'b3519', 'b2961', 'b1927', 'b3338', 'b2901', 'b2132', 'b0732', 'b0555', 'b2716', 'b3076', 'b1316', 'b0798', 'b3080', 'b1734', 'b4119', 'b1617', 'b3721', 'b0714', 'b2102', 'b1491', 'b1197', 'b2162', 'b0403', 'b3531', 'b1107', 'b3878', 'b2165', 'b1554', 'b3656'}"
GO_0016799,"{'b0798', 'b0030'}"
GO_0016803,"{'b2428', 'b1387'}"
GO_0016805,"{'b3847', 'b0237', 'b4021', 'b1488'}"
GO_0016807,{'b0925'}
GO_0016810,"{'b0324', 'b0130', 'b1338', 'b4328', 'b1011', 'b1010', 'b2879', 'b1023', 'b4095', 'b0337'}"
GO_0016811,"{'b1011', 'b2256', 'b1009', 'b1733', 'b1298'}"
GO_0016812,{'b2873'}
GO_0016813,"{'b2937', 'b2900'}"
GO_0016814,set()
GO_0016817,"{'b3162', 'b0059', 'b2299'}"
GO_0016818,"{'b2251', 'b1813', 'b0799', 'b0446', 'b2299', 'b3034', 'b2467', 'b1808', 'b2830'}"
GO_0016823,{'b1387'}
GO_0016829,"{'b0954', 'b2963', 'b3126', 'b0339', 'b2366', 'b2261', 'b0708', 'b1680', 'b0369', 'b2765', 'b3008', 'b1850', 'b4335', 'b1193', 'b1264', 'b1387', 'b1633', 'b0897', 'b3635', 'b2053', 'b2558', 'b3772', 'b2871', 'b1393', 'b2022', 'b3137', 'b0615', 'b3091', 'b0211', 'b2421', 'b4098', 'b4280', 'b1131', 'b1851', 'b2025', 'b4139', 'b2329', 'b2478', 'b1814', 'b2787', 'b0611', 'b2925', 'b3058', 'b0825', 'b0269', 'b1019', 'b0004', 'b2779', 'b3128', 'b1651', 'b1260', 'b2262', 'b0870', 'b0036', 'b3806', 'b2440', 'b0507', 'b1611', 'b0334', 'b1276', 'b2263', 'b2730', 'b2041', 'b1261', 'b2738', 'b0072', 'b2813', 'b2701', 'b3946', 'b3951', 'b1218', 'b2245', 'b1263', 'b2441', 'b4477', 'b4381', 'b1097', 'b0505', 'b0783', 'b3041', 'b4471', 'b0350', 'b0340', 'b0180', 'b0268', 'b1612', 'b2777', 'b3994', 'b3061', 'b3389', 'b2097', 'b0963', 'b4015', 'b2165', 'b4297', 'b2428', 'b0616', 'b0633', 'b1919', 'b3771', 'b3209', 'b0475', 'b3788', 'b2797', 'b0071', 'b0481', 'b3117', 'b2919', 'b4167', 'b3846', 'b3881', 'b3708', 'b4392', 'b2788', 'b3804', 'b2023', 'b2247', 'b0781', 'b3902', 'b4039', 'b3990', 'b1967', 'b2929', 'b2341', 'b1931', 'b3062', 'b0823', 'b2687', 'b2599', 'b2096', 'b0118', 'b1622', 'b0126', 'b0714', 'b2800', 'b0352', 'b4478', 'b3225', 'b4322', 'b3368', 'b2746', 'b1394', 'b1675', 'b3960', 'b2414', 'b0331', 'b2810', 'b4122', 'b3956', 'b4298', 'b1693', 'b1096'}"
GO_0016830,"{'b2800', 'b2838', 'b2738', 'b3126', 'b3994', 'b1262', 'b3902'}"
GO_0016831,"{'b4160', 'b4117', 'b1493', 'b0120', 'b0186', 'b3843', 'b0131', 'b1281', 'b2838', 'b3403', 'b4196', 'b0693', 'b3517', 'b3581', 'b2373', 'b3639', 'b2965', 'b2919', 'b1262', 'b2938', 'b2255', 'b4131', 'b3997'}"
GO_0016832,"{'b2800', 'b1773', 'b2738', 'b2245', 'b3946', 'b0825'}"
GO_0016833,"{'b0331', 'b1850'}"
GO_0016835,{'b2428'}
GO_0016836,"{'b4280', 'b2366', 'b2261', 'b1851', 'b0036', 'b4167', 'b3062', 'b3771', 'b0180', 'b0269', 'b2599', 'b2247', 'b3371', 'b4297'}"
GO_0016837,{'b1193'}
GO_0016840,{'b2777'}
GO_0016853,"{'b0954', 'b1780', 'b1135', 'b2820', 'b2791', 'b1180', 'b2708', 'b1086', 'b4198', 'b4383', 'b1314', 'b0523', 'b4022', 'b3778', 'b1461', 'b4301', 'b1317', 'b2843', 'b2318', 'b3058', 'b2265', 'b1325', 'b0061', 'b3386', 'b2544', 'b3582', 'b4310', 'b4090', 'b4146', 'b2802', 'b0688', 'b3583', 'b2048', 'b3903', 'b4085', 'b3136', 'b1613', 'b2024', 'b3166', 'b1518', 'b3809', 'b2038', 'b2745', 'b3223', 'b4197', 'b2889', 'b1612', 'b4052', 'b2594', 'b0962', 'b4143', 'b0058', 'b1190', 'b3813', 'b2600', 'b1269', 'b0759', 'b3919', 'b3565', 'b3901', 'b2036', 'b4025', 'b1808', 'b4053', 'b0062', 'b3748', 'b2819', 'b4167', 'b0799', 'b3846', 'b3880', 'b3612', 'b2303', 'b0508', 'b4474', 'b2183', 'b4395', 'b2052', 'b3967', 'b2341', 'b3619', 'b3092', 'b0593', 'b1464', 'b2739', 'b3822', 'b2599', 'b0405', 'b2914', 'b2804', 'b3879', 'b1262', 'b2917', 'b3176', 'b0222', 'b1394', 'b2840', 'b3197', 'b0769', 'b3786', 'b0756', 'b0755', 'b0154'}"
GO_0016854,"{'b1325', 'b2804'}"
GO_0016855,"{'b1325', 'b0390'}"
GO_0016857,"{'b4310', 'b3223', 'b0759', 'b4301', 'b3901', 'b3221', 'b1314', 'b2544', 'b4474', 'b2804'}"
GO_0016861,"{'b4197', 'b3582', 'b4090', 'b1518'}"
GO_0016862,{'b1461'}
GO_0016866,set()
GO_0016868,"{'b0688', 'b3176', 'b2048', 'b0755'}"
GO_0016869,{'b4146'}
GO_0016872,{'b3748'}
GO_0016874,"{'b1740', 'b0033', 'b2688', 'b0931', 'b3172', 'b0729', 'b3038', 'b0674', 'b2557', 'b0092', 'b4069', 'b3421', 'b3870', 'b0381', 'b0852', 'b0086', 'b0778', 'b0088', 'b2476', 'b2988', 'b2780', 'b1374', 'b0363', 'b3639', 'b0594', 'b0618', 'b0188', 'b0032', 'b2836', 'b0444', 'b0728', 'b2260', 'b3617', 'b4475', 'b3647', 'b2712', 'b0091', 'b2315', 'b2947', 'b0581', 'b1297', 'b2499', 'b1545', 'b1398', 'b3256', 'b0335', 'b0586', 'b3744', 'b0526', 'b1593', 'b4386', 'b2411', 'b4177', 'b1849', 'b0037', 'b0133', 'b4233', 'b0085', 'b4005', 'b2912', 'b1158', 'b2890', 'b3973', 'b1701', 'b4155', 'b2507', 'b4186', 'b1805', 'b2812', 'b0522', 'b4129', 'b0595'}"
GO_0016877,"{'b0594', 'b4069', 'b1701', 'b2836', 'b1398', 'b2260', 'b1805', 'b0335', 'b0037'}"
GO_0016878,{'b0037'}
GO_0016879,"{'b3870', 'b1297', 'b2688', 'b0931', 'b0188', 'b0581', 'b0444'}"
GO_0016880,{'b4155'}
GO_0016881,"{'b2315', 'b0086', 'b0088', 'b4233', 'b0091', 'b0085'}"
GO_0016887,"{'b2820', 'b2950', 'b1860', 'b0151', 'b0330', 'b3702', 'b1126', 'b0933', 'b3778', 'b0495', 'b0439', 'b4087', 'b0892', 'b1682', 'b2149', 'b1941', 'b0397', 'b3480', 'b0449', 'b1175', 'b4485', 'b3868', 'b3326', 'b2113', 'b3450', 'b1917', 'b2422', 'b2731', 'b1321', 'b4004', 'b4168', 'b2306', 'b2220', 'b1203', 'b2201', 'b3422', 'b3780', 'b0588', 'b0127', 'b0890', 'b3232', 'b0148', 'b3469', 'b4143', 'b3540', 'b3271', 'b1756', 'b4035', 'b3813', 'b2060', 'b4096', 'b0199', 'b0879', 'b2592', 'b3541', 'b2610', 'b0650', 'b2819', 'b2677', 'b1900', 'b0490', 'b1483', 'b1247', 'b0799', 'b1441', 'b0809', 'b3195', 'b2119', 'b3464', 'b2699', 'b2491', 'b1323', 'b3749', 'b2709', 'b3822', 'b0484', 'b2729', 'b3746', 'b1291', 'b2733', 'b4391', 'b0949', 'b0914', 'b3486', 'b0470', 'b2526', 'b4242', 'b2180', 'b0697', 'b4287', 'b2557', 'b0366', 'b1513', 'b3725', 'b2554', 'b3732', 'b3783', 'b0652', 'b0760', 'b0882', 'b3931', 'b3162', 'b1343', 'b3479', 'b4097', 'b1496', 'b4106', 'b0924', 'b0855', 'b3178', 'b1201', 'b0864', 'b4005', 'b2547', 'b0886', 'b0066', 'b0473', 'b4052', 'b3463', 'b0887', 'b4058', 'b0962', 'b3652', 'b0829', 'b4173', 'b4361', 'b3454', 'b0779', 'b4170', 'b1808', 'b1709', 'b3567', 'b0059', 'b1290', 'b0765', 'b0797', 'b1484', 'b0448', 'b1303', 'b1653', 'b3201', 'b3352', 'b2184', 'b0438', 'b4389', 'b3323', 'b1246', 'b2869', 'b2576', 'b0820', 'b4346', 'b1858', 'b2211', 'b1117', 'b2129', 'b3455', 'b1413', 'b0794', 'b0262', 'b3765'}"
GO_0016888,"{'b3411', 'b2945'}"
GO_0016891,"{'b4225', 'b3644', 'b2268'}"
GO_0016892,"{'b0659', 'b3022', 'b4539', 'b0225'}"
GO_0016896,"{'b4162', 'b1652', 'b2268', 'b4179'}"
GO_0016901,"{'b2660', 'b2133', 'b0837'}"
GO_0016903,"{'b0284', 'b0286', 'b1378', 'b0285', 'b4079'}"
GO_0016926,set()
GO_0016929,set()
GO_0016966,"{'b2710', 'b4070'}"
GO_0016979,{'b4386'}
GO_0016987,"{'b3202', 'b4293', 'b2741', 'b1922', 'b2573', 'b3461', 'b3067'}"
GO_0016989,"{'b3995', 'b0015', 'b1235', 'b1071', 'b0014', 'b1921', 'b2572'}"
GO_0016992,{'b0628'}
GO_0016998,"{'b2963', 'b0555', 'b2558', 'b1193', 'b1554', 'b2102', 'b1326'}"
GO_0017000,set()
GO_0017001,"{'b4150', 'b0446'}"
GO_0017003,{'b2197'}
GO_0017004,"{'b2194', 'b4074', 'b4136', 'b2611', 'b0721', 'b0722', 'b2200', 'b2198', 'b2197', 'b2195', 'b2199', 'b2201', 'b2196'}"
GO_0017013,{'b2214'}
GO_0017018,"{'b2734', 'b1838', 'b2072'}"
GO_0017038,"{'b0737', 'b0739', 'b0740', 'b0098'}"
GO_0017053,{'b3973'}
GO_0017057,{'b0767'}
GO_0017061,{'b2593'}
GO_0017089,"{'b3200', 'b3199'}"
GO_0017108,"{'b2755', 'b2798'}"
GO_0017110,"{'b1134', 'b0446'}"
GO_0017111,"{'b1134', 'b3183', 'b0148', 'b2954', 'b1203', 'b4394'}"
GO_0017116,"{'b2819', 'b3822', 'b3813'}"
GO_0017117,"{'b4170', 'b3822', 'b3813'}"
GO_0017118,{'b4386'}
GO_0017136,set()
GO_0017148,"{'b2316', 'b3687', 'b3022', 'b2185', 'b3341', 'b3083', 'b3203', 'b3231', 'b3319', 'b1716', 'b0637', 'b1563', 'b3985', 'b0233', 'b2696'}"
GO_0017150,"{'b2140', 'b4049', 'b3260'}"
GO_0017151,{'b1084'}
GO_0017168,"{'b0711', 'b0712', 'b0713'}"
GO_0018104,"{'b0819', 'b1990', 'b1113'}"
GO_0018106,"{'b3869', 'b3911', 'b4125', 'b2218', 'b2469', 'b1968', 'b0570', 'b1129', 'b4399', 'b3668', 'b4112', 'b2078', 'b2556', 'b1222', 'b1888', 'b2126', 'b0993', 'b2370', 'b4003', 'b0619', 'b3404', 'b0695', 'b3026', 'b2219', 'b2786', 'b1609', 'b3210', 'b0400', 'b2380'}"
GO_0018117,{'b1706'}
GO_0018131,{'b2530'}
GO_0018160,{'b3805'}
GO_0018169,{'b0852'}
GO_0018206,set()
GO_0018277,{'b1883'}
GO_0018364,"{'b1212', 'b2330'}"
GO_0018393,{'b1882'}
GO_0018394,{'b4069'}
GO_0018410,{'b0852'}
GO_0018455,"{'b3011', 'b1241'}"
GO_0018498,{'b2541'}
GO_0018738,"{'b0355', 'b2154'}"
GO_0018741,{'b4083'}
GO_0018756,{'b2883'}
GO_0018771,{'b0349'}
GO_0018773,set()
GO_0018907,"{'b0894', 'b0895', 'b0896'}"
GO_0018909,{'b4083'}
GO_0018937,{'b1650'}
GO_0019003,"{'b3916', 'b4161', 'b3706', 'b3590', 'b3183', 'b4375', 'b1321'}"
GO_0019042,{'b4173'}
GO_0019068,"{'b4143', 'b4142'}"
GO_0019104,"{'b1633', 'b0916', 'b3635', 'b2961'}"
GO_0019107,{'b1855'}
GO_0019134,{'b3730'}
GO_0019143,{'b3198'}
GO_0019144,"{'b3397', 'b3034'}"
GO_0019145,{'b1444'}
GO_0019146,"{'b2708', 'b3197'}"
GO_0019147,{'b3945'}
GO_0019148,{'b1919'}
GO_0019149,{'b1919'}
GO_0019150,{'b0063'}
GO_0019153,{'b0849'}
GO_0019154,"{'b4468', 'b2979', 'b4467'}"
GO_0019158,{'b0394'}
GO_0019159,{'b2700'}
GO_0019161,{'b3073'}
GO_0019165,{'b1106'}
GO_0019168,{'b2906'}
GO_0019170,{'b1771'}
GO_0019171,"{'b0954', 'b0180'}"
GO_0019172,"{'b3153', 'b1967'}"
GO_0019177,{'b1865'}
GO_0019180,{'b3791'}
GO_0019200,"{'b1772', 'b3374', 'b4084'}"
GO_0019213,"{'b0096', 'b1733', 'b3957', 'b1045'}"
GO_0019217,{'b1187'}
GO_0019239,"{'b1010', 'b4243'}"
GO_0019240,"{'b0273', 'b4254'}"
GO_0019242,{'b0963'}
GO_0019243,"{'b0212', 'b0927', 'b1967', 'b1651'}"
GO_0019249,"{'b3153', 'b1967'}"
GO_0019250,{'b1270'}
GO_0019262,"{'b4310', 'b4280', 'b3225', 'b3223', 'b0677', 'b0678', 'b3221', 'b3222'}"
GO_0019264,{'b2551'}
GO_0019272,"{'b2379', 'b2290'}"
GO_0019277,{'b3189'}
GO_0019281,{'b4013'}
GO_0019284,"{'b0159', 'b2687'}"
GO_0019285,"{'b0313', 'b0312', 'b0314', 'b0311'}"
GO_0019288,"{'b2746', 'b2515', 'b2747', 'b0029', 'b0420', 'b0173', 'b1208'}"
GO_0019290,"{'b0596', 'b0594', 'b0605'}"
GO_0019292,{'b4054'}
GO_0019294,"{'b3197', 'b2708', 'b1215', 'b0918'}"
GO_0019299,"{'b3901', 'b3903', 'b3905', 'b3902', 'b3906', 'b3904'}"
GO_0019301,"{'b3901', 'b3903', 'b3904', 'b2799', 'b3902', 'b1415'}"
GO_0019303,"{'b3752', 'b3748'}"
GO_0019305,"{'b2039', 'b2041', 'b2038', 'b2040'}"
GO_0019309,{'b1613'}
GO_0019310,{'b3488'}
GO_0019316,"{'b4090', 'b4085', 'b4084'}"
GO_0019317,"{'b2800', 'b2803', 'b2802', 'b2799', 'b1415'}"
GO_0019318,{'b0756'}
GO_0019321,set()
GO_0019323,"{'b3386', 'b2738', 'b3583'}"
GO_0019324,"{'b3580', 'b3582', 'b3903', 'b0061', 'b3583'}"
GO_0019333,{'b2202'}
GO_0019343,set()
GO_0019344,"{'b2763', 'b3607', 'b2414', 'b2421', 'b2764', 'b1275', 'b2413'}"
GO_0019345,"{'b0849', 'b2421'}"
GO_0019346,"{'b3008', 'b3939'}"
GO_0019353,"{'b3867', 'b1210', 'b3997', 'b2436'}"
GO_0019354,{'b3368'}
GO_0019363,"{'b4390', 'b0109', 'b2574', 'b0750', 'b0639', 'b0931', 'b1768', 'b2700'}"
GO_0019365,{'b1768'}
GO_0019367,{'b1095'}
GO_0019379,{'b2762'}
GO_0019380,"{'b0352', 'b2539', 'b2542', 'b0349', 'b0351', 'b0350', 'b0347', 'b2540', 'b2538', 'b0348', 'b2541'}"
GO_0019394,"{'b3126', 'b2787'}"
GO_0019395,{'b1701'}
GO_0019402,"{'b2094', 'b2093', 'b2096', 'b2091', 'b2095'}"
GO_0019404,"{'b2091', 'b2095', 'b2096'}"
GO_0019413,"{'b2297', 'b2296'}"
GO_0019427,"{'b2297', 'b4069'}"
GO_0019430,"{'b0888', 'b1656', 'b1418', 'b3908'}"
GO_0019447,{'b1919'}
GO_0019448,"{'b0423', 'b2810', 'b2529', 'b3470', 'b2530'}"
GO_0019450,"{'b4470', 'b2421', 'b3008'}"
GO_0019464,"{'b2903', 'b0116', 'b2905', 'b2904'}"
GO_0019477,"{'b2659', 'b1444', 'b2660', 'b3073'}"
GO_0019478,"{'b3887', 'b1189'}"
GO_0019480,"{'b1189', 'b1190'}"
GO_0019509,{'b0159'}
GO_0019518,"{'b3616', 'b3617'}"
GO_0019521,"{'b2029', 'b1851', 'b4265', 'b4321', 'b4476', 'b4267', 'b3415', 'b3553', 'b4264', 'b4268'}"
GO_0019529,{'b0368'}
GO_0019534,{'b0739'}
GO_0019542,{'b2296'}
GO_0019544,"{'b1747', 'b1748', 'b1745', 'b1744', 'b1746'}"
GO_0019545,"{'b1747', 'b1748', 'b1745', 'b1744', 'b1746'}"
GO_0019546,set()
GO_0019563,"{'b3926', 'b2243', 'b1199', 'b3426', 'b2242', 'b1198', 'b2241', 'b1200'}"
GO_0019568,"{'b0064', 'b2800', 'b0061', 'b0062', 'b0063'}"
GO_0019569,"{'b0061', 'b0062', 'b0063'}"
GO_0019571,"{'b2800', 'b2803', 'b2802'}"
GO_0019572,"{'b0063', 'b3583'}"
GO_0019580,"{'b2789', 'b3127'}"
GO_0019584,{'b4357'}
GO_0019588,"{'b2996', 'b3227', 'b3945'}"
GO_0019592,{'b3600'}
GO_0019594,"{'b3600', 'b1542', 'b2172', 'b4323'}"
GO_0019595,{'b0124'}
GO_0019607,"{'b1386', 'b1385'}"
GO_0019619,{'b1397'}
GO_0019622,"{'b0347', 'b0349', 'b0348'}"
GO_0019628,"{'b2887', 'b2468', 'b4079', 'b2869'}"
GO_0019629,"{'b0118', 'b0330', 'b0335', 'b0331'}"
GO_0019632,{'b3281'}
GO_0019634,"{'b4097', 'b4100', 'b4098', 'b4094', 'b4096', 'b4101', 'b4099'}"
GO_0019637,"{'b3426', 'b0096', 'b0420', 'b2241'}"
GO_0019645,"{'b3894', 'b0972', 'b4079', 'b2995', 'b1590', 'b4072', 'b0895', 'b1465', 'b1872', 'b0896', 'b1475', 'b2485', 'b1225', 'b2484', 'b1467', 'b4070', 'b2482', 'b3893', 'b2483', 'b0894', 'b2719', 'b3518', 'b2722', 'b0996', 'b1476', 'b4152', 'b0973', 'b2721', 'b1873', 'b4153', 'b2724', 'b4154', 'b4151', 'b1468', 'b4071', 'b2487', 'b2486', 'b4073', 'b3892', 'b1224', 'b0974', 'b2720', 'b0997', 'b2723', 'b1227', 'b1474'}"
GO_0019646,"{'b0979', 'b1109', 'b0430', 'b0724', 'b0721', 'b4515', 'b0734', 'b0722', 'b0431', 'b0723', 'b0978', 'b0432', 'b0429', 'b0733'}"
GO_0019660,{'b4399'}
GO_0019664,"{'b0621', 'b1380', 'b2492', 'b0904', 'b1241'}"
GO_0019665,{'b3115'}
GO_0019673,{'b2053'}
GO_0019674,{'b2615'}
GO_0019676,"{'b3870', 'b3212', 'b3213'}"
GO_0019677,set()
GO_0019678,set()
GO_0019679,"{'b0334', 'b0333'}"
GO_0019686,{'b4384'}
GO_0019693,set()
GO_0019698,"{'b3091', 'b2843', 'b2842', 'b3526', 'b3092', 'b1521'}"
GO_0019700,"{'b4097', 'b4098', 'b4096', 'b4092', 'b4099', 'b4100', 'b4095', 'b4101'}"
GO_0019720,{'b3857'}
GO_0019740,"{'b1009', 'b1012', 'b4139', 'b3870', 'b1011', 'b1010', 'b1007', 'b1008'}"
GO_0019752,"{'b2373', 'b2600', 'b1851', 'b0507', 'b0871', 'b4309', 'b0269', 'b2599', 'b0072', 'b3390', 'b0388', 'b4015', 'b4297'}"
GO_0019805,{'b0750'}
GO_0019808,"{'b1123', 'b0854', 'b1440'}"
GO_0019809,{'b1123'}
GO_0019810,"{'b1123', 'b0854'}"
GO_0019812,"{'b4349', 'b4348', 'b4350'}"
GO_0019825,"{'b2552', 'b1490'}"
GO_0019826,{'b1489'}
GO_0019829,"{'b3469', 'b0484'}"
GO_0019843,"{'b2597', 'b3186', 'b3304', 'b2517', 'b4203', 'b3311', 'b4173', 'b0953', 'b3983', 'b3707', 'b3985', 'b3320', 'b2606', 'b3183', 'b4202', 'b2566', 'b2608', 'b3185', 'b3871', 'b1716', 'b3301', 'b3342', 'b3315', 'b3984', 'b3936', 'b3309', 'b1343', 'b3341', 'b3297', 'b3306', 'b3308', 'b3305', 'b3317', 'b2567', 'b3318', 'b3319', 'b0884', 'b3965', 'b1084', 'b1563', 'b3065', 'b3247', 'b3303', 'b4161', 'b3298', 'b4200', 'b3312', 'b4803', 'b2185', 'b3316', 'b4391', 'b3296', 'b0023', 'b3314', 'b3165', 'b3307', 'b4550', 'b3637', 'b3310', 'b3313'}"
GO_0019852,"{'b4197', 'b4198'}"
GO_0019853,"{'b3012', 'b0207'}"
GO_0019854,"{'b4192', 'b4196', 'b4197', 'b4198'}"
GO_0019856,"{'b0033', 'b1062', 'b0032', 'b4246'}"
GO_0019858,"{'b0337', 'b0336'}"
GO_0019859,{'b4374'}
GO_0019866,{'b0679'}
GO_0019867,"{'b4220', 'b1283', 'b3506', 'b3014', 'b4515', 'b2617', 'b1509', 'b1806', 'b1110', 'b0641', 'b2647', 'b1641', 'b2813', 'b3552', 'b3530', 'b3548', 'b3391', 'b0177', 'b2233', 'b2505', 'b1202', 'b1256', 'b3035', 'b0741', 'b1677', 'b0957', 'b3325', 'b0867', 'b1739'}"
GO_0019877,"{'b2472', 'b3433', 'b0166', 'b0031', 'b2478'}"
GO_0019878,set()
GO_0019897,"{'b0524', 'b0182', 'b3019'}"
GO_0019898,"{'b3236', 'b1709', 'b3463', 'b0878'}"
GO_0019899,"{'b0047', 'b1045', 'b2567', 'b1105', 'b3147', 'b3929', 'b1061', 'b4255', 'b2698', 'b3129'}"
GO_0019901,{'b3096'}
GO_0019904,"{'b0584', 'b3169', 'b3932', 'b0740', 'b3966', 'b3931', 'b0150', 'b2614', 'b1252', 'b1887', 'b0739'}"
GO_0019985,"{'b1184', 'b1183', 'b2699'}"
GO_0019988,{'b3288'}
GO_0019992,{'b0572'}
GO_0020002,{'b1182'}
GO_0020037,"{'b2611', 'b3518', 'b0996', 'b1476', 'b1873', 'b3365', 'b2431', 'b2202', 'b1465', 'b2196', 'b1489', 'b2763', 'b3544', 'b4074', 'b1972', 'b4071', 'b3336', 'b1490', 'b0721', 'b3476', 'b0722', 'b0978', 'b0431', 'b2955', 'b2197', 'b0974', 'b1019', 'b4070', 'b2552', 'b2199', 'b1732', 'b1418', 'b0733', 'b1227', 'b3942'}"
GO_0022417,"{'b3349', 'b0178'}"
GO_0022611,"{'b2597', 'b2912', 'b0953', 'b3203', 'b1507', 'b3812', 'b3183', 'b4428', 'b4618'}"
GO_0022625,"{'b3186', 'b3304', 'b3294', 'b4203', 'b3308', 'b3703', 'b3305', 'b3317', 'b3309', 'b3318', 'b3299', 'b3983', 'b3319', 'b3986', 'b3302', 'b3985', 'b3320', 'b2606', 'b3312', 'b2185', 'b3185', 'b1717', 'b3310', 'b3231', 'b1716', 'b3301', 'b0296', 'b3315', 'b3637', 'b3984', 'b3936', 'b3636', 'b1089', 'b3313'}"
GO_0022626,{'b4506'}
GO_0022627,"{'b2597', 'b0911', 'b3297', 'b3341', 'b3306', 'b3311', 'b3321', 'b0169', 'b3065', 'b3303', 'b3298', 'b4200', 'b4202', 'b3316', 'b3165', 'b3296', 'b0023', 'b3314', 'b3342', 'b3307', 'b3230', 'b3486', 'b2609'}"
GO_0022834,"{'b0584', 'b2344'}"
GO_0022857,"{'b1791', 'b1605', 'b3473', 'b2943', 'b4148', 'b0341', 'b0465', 'b0396', 'b3654', 'b3513', 'b2246', 'b2308', 'b3754', 'b1596', 'b0365', 'b3367', 'b4141', 'b1600', 'b3667', 'b3370', 'b3270', 'b0153', 'b0067', 'b0770', 'b4460', 'b3568', 'b4132', 'b4031', 'b3710', 'b4156', 'b1441', 'b3943', 'b3240', 'b3241', 'b0878', 'b3127', 'b0589', 'b0574', 'b1918', 'b2322', 'b2771', 'b4356', 'b2075', 'b2686', 'b1645', 'b0590', 'b0653', 'b0479', 'b3078', 'b2201', 'b3005', 'b3006', 'b1534', 'b1981', 'b0045', 'b4600', 'b2841', 'b3679', 'b4231', 'b4111', 'b3364', 'b2074', 'b2307', 'b1657', 'b0486', 'b2789', 'b3265', 'b0513', 'b0899', 'b4086', 'b4289', 'b1514', 'b2076', 'b0314', 'b0862', 'b3269', 'b2888', 'b2497', 'b0810', 'b0842', 'b1053', 'b1828', 'b3196', 'b4337', 'b2008', 'b0898', 'b3471', 'b3063', 'b3457', 'b2367', 'b1775', 'b3009', 'b2258', 'b4081', 'b2077', 'b3666', 'b1528', 'b1711', 'b2587', 'b2148', 'b0433', 'b1769', 'b3685', 'b1599', 'b1644', 'b0427', 'b1543', 'b1515', 'b0543', 'b0463', 'b0847', 'b0353', 'b4282', 'b1801', 'b4288', 'b3095', 'b3874', 'b1690', 'b4230', 'b4544', 'b2775', 'b0612', 'b4364', 'b2679', 'b2882', 'b3523', 'b1691', 'b1065', 'b2347', 'b0511', 'b2492', 'b3750', 'b3547', 'b1492', 'b0010', 'b0861', 'b0654', 'b2546', 'b2131', 'b4115', 'b0738', 'b3093', 'b0845', 'b0262', 'b3691', 'b4279'}"
GO_0022870,"{'b1819', 'b1818', 'b1817'}"
GO_0022872,"{'b3599', 'b2933'}"
GO_0022877,"{'b3953', 'b2387', 'b2169', 'b2167', 'b0731', 'b3950', 'b3899'}"
GO_0022883,{'b1342'}
GO_0022900,"{'b4154', 'b1628', 'b1378', 'b1632', 'b2243', 'b1627', 'b0723', 'b1136', 'b1629', 'b0432', 'b1631', 'b1630'}"
GO_0022904,"{'b2277', 'b2279', 'b2278', 'b1057', 'b2276', 'b2288', 'b2133', 'b1476', 'b2284', 'b2280', 'b2281', 'b2285', 'b1418', 'b1670', 'b3892', 'b0974', 'b2287', 'b2286', 'b2283', 'b3893', 'b1974', 'b2282'}"
GO_0023019,"{'b3869', 'b4292', 'b4291'}"
GO_0030001,"{'b1363', 'b2392', 'b3849', 'b3040'}"
GO_0030003,"{'b1451', 'b3006', 'b1252', 'b3005'}"
GO_0030026,"{'b4705', 'b1821'}"
GO_0030060,{'b3236'}
GO_0030091,"{'b4209', 'b3153', 'b1972', 'b1967', 'b2451', 'b4219', 'b3844', 'b2236', 'b2743', 'b1778', 'b0424', 'b1971'}"
GO_0030145,"{'b2935', 'b4192', 'b3421', 'b2293', 'b3847', 'b4383', 'b3885', 'b1314', 'b4016', 'b2436', 'b0062', 'b0160', 'b0515', 'b2744', 'b3925', 'b4092', 'b3665', 'b0516', 'b3612', 'b2523', 'b2020', 'b3724', 'b1813', 'b4260', 'b2802', 'b0524', 'b1266', 'b2930', 'b3399', 'b3843', 'b4374', 'b2676', 'b3715', 'b3903', 'b4119', 'b0074', 'b3784', 'b2908', 'b0099', 'b0173', 'b3996', 'b3616', 'b2264', 'b0352', 'b3908', 'b2300', 'b3041', 'b0073', 'b4322', 'b2937', 'b2746', 'b0350', 'b0183', 'b2051', 'b3248', 'b2165', 'b2463'}"
GO_0030151,"{'b1501', 'b0894', 'b3551', 'b0761', 'b3910', 'b0284', 'b0763', 'b1588', 'b0997', 'b1587', 'b0947', 'b2206', 'b1474'}"
GO_0030153,"{'b3690', 'b3717'}"
GO_0030162,"{'b0970', 'b4484'}"
GO_0030163,"{'b1830', 'b0881', 'b0439', 'b3178', 'b0955', 'b3932', 'b0885'}"
GO_0030164,"{'b3932', 'b0438', 'b3931'}"
GO_0030170,"{'b1638', 'b3359', 'b2366', 'b2418', 'b1680', 'b1919', 'b3008', 'b3073', 'b3772', 'b1302', 'b4053', 'b0907', 'b0693', 'b3591', 'b3117', 'b4054', 'b2965', 'b2871', 'b3517', 'b3572', 'b2421', 'b3791', 'b2951', 'b0600', 'b3708', 'b3617', 'b1748', 'b0004', 'b0947', 'b3417', 'b0870', 'b4117', 'b2021', 'b2662', 'b3376', 'b1493', 'b2253', 'b3910', 'b0928', 'b2838', 'b2551', 'b1261', 'b1439', 'b2379', 'b2290', 'b1622', 'b4340', 'b2938', 'b1190', 'b2414', 'b0774', 'b3939', 'b0776', 'b2810', 'b2530', 'b0154', 'b1096', 'b3428'}"
GO_0030174,"{'b3702', 'b3701', 'b2496'}"
GO_0030234,"{'b2553', 'b2042', 'b0450', 'b2415', 'b1105', 'b1703', 'b3147'}"
GO_0030244,"{'b3537', 'b3535', 'b3532', 'b3533', 'b3538', 'b1956', 'b3530', 'b3536'}"
GO_0030245,{'b3531'}
GO_0030246,"{'b0344', 'b1780', 'b1512', 'b1316', 'b4295', 'b2150', 'b3579', 'b1048', 'b3751', 'b1424', 'b2549', 'b3879', 'b3338', 'b4088', 'b0732', 'b3878', 'b3076', 'b4227', 'b2544', 'b0756', 'b3656'}"
GO_0030247,{'b3793'}
GO_0030254,"{'b1942', 'b1940', 'b1879', 'b1950', 'b1941', 'b1949', 'b1948', 'b1880', 'b1947'}"
GO_0030257,"{'b1942', 'b1940', 'b1879', 'b1950', 'b1941', 'b1949', 'b1948', 'b1880', 'b1947'}"
GO_0030258,"{'b1661', 'b1677'}"
GO_0030259,{'b0090'}
GO_0030261,"{'b0812', 'b4000', 'b0440', 'b0922', 'b0924', 'b0923'}"
GO_0030266,set()
GO_0030267,"{'b1033', 'b3553'}"
GO_0030272,{'b2912'}
GO_0030288,"{'b1516', 'b0573', 'b0570', 'b2110', 'b2176', 'b2150', 'b3860', 'b4061', 'b0158', 'b1971', 'b3751', 'b3613', 'b2494', 'b1677', 'b2144', 'b0611', 'b2132', 'b3404', 'b3453', 'b1252', 'b1019', 'b2435', 'b1002', 'b0545', 'b0830', 'b2957', 'b0574', 'b1973', 'b3143', 'b2556', 'b0124', 'b1037', 'b2813', 'b2701', 'b1938', 'b0926', 'b1494', 'b0068', 'b4169', 'b3347', 'b3447', 'b0286', 'b1197', 'b4071', 'b0383', 'b1538', 'b1097', 'b2177', 'b0457', 'b2425', 'b0742', 'b0839', 'b1743', 'b1474', 'b3566', 'b4125', 'b0480', 'b0939', 'b3047', 'b0494', 'b0632', 'b4055', 'b1839', 'b1178', 'b2893', 'b0053', 'b1920', 'b3035', 'b0655', 'b3476', 'b1830', 'b4037', 'b0123', 'b0284', 'b1834', 'b0657', 'b2555', 'b1123', 'b2218', 'b0220', 'b1209', 'b1498', 'b3020', 'b4290', 'b0996', 'b3235', 'b0178', 'b2328', 'b2679', 'b3017', 'b2370', 'b0196', 'b2571', 'b1532', 'b2548', 'b1294', 'b4150', 'b0619', 'b4083', 'b2131', 'b2593', 'b1452', 'b4227', 'b0531', 'b2963', 'b0951', 'b1487', 'b0140', 'b4002', 'b1080', 'b1168', 'b0964', 'b3458', 'b0365', 'b2209', 'b4213', 'b3571', 'b2206', 'b1901', 'b0161', 'b0152', 'b0635', 'b3024', 'b3338', 'b0695', 'b2107', 'b2336', 'b0980', 'b4070', 'b2821', 'b0891', 'b3460', 'b0860', 'b0197', 'b4310', 'b0952', 'b0811', 'b0592', 'b3192', 'b1815', 'b4034', 'b3579', 'b0973', 'b3509', 'b3215', 'b1424', 'b1754', 'b1310', 'b1841', 'b1646', 'b4088', 'b3200', 'b3199', 'b0997', 'b4316', 'b1018', 'b3544', 'b1597', 'b0285', 'b0149', 'b0863', 'b4484', 'b1222', 'b1671', 'b1171', 'b2309', 'b3728', 'b1872', 'b1116', 'b0740', 'b0717', 'b2685', 'b4392', 'b2310', 'b0957', 'b1243', 'b3917', 'b1056', 'b2195', 'b0463', 'b4376', 'b0763', 'b3214', 'b1440', 'b0604', 'b2817', 'b0944', 'b3510', 'b2753', 'b0854', 'b1308', 'b0442', 'b0936', 'b0837', 'b0819', 'b3363', 'b3250', 'b1329'}"
GO_0030295,{'b3204'}
GO_0030307,{'b4224'}
GO_0030308,"{'b0853', 'b3130', 'b2782', 'b2879', 'b4225', 'b0245', 'b4780'}"
GO_0030313,"{'b0737', 'b0584', 'b1252', 'b2558'}"
GO_0030337,{'b3781'}
GO_0030350,set()
GO_0030366,{'b0785'}
GO_0030371,{'b3319'}
GO_0030388,set()
GO_0030395,{'b0343'}
GO_0030414,{'b2520'}
GO_0030420,"{'b0913', 'b0959'}"
GO_0030428,"{'b3933', 'b2314', 'b2910', 'b3388', 'b2748'}"
GO_0030488,"{'b2517', 'b3741', 'b2607', 'b0661', 'b2960', 'b3965', 'b3651', 'b3606', 'b3706', 'b2324', 'b0195', 'b2575', 'b0921'}"
GO_0030490,"{'b3167', 'b0659', 'b1266', 'b2608', 'b1066', 'b0051', 'b3247'}"
GO_0030497,"{'b1288', 'b1093'}"
GO_0030527,"{'b0912', 'b1712', 'b2669', 'b4000', 'b0440', 'b1237'}"
GO_0030541,"{'b3030', 'b3019'}"
GO_0030552,{'b3357'}
GO_0030572,"{'b0789', 'b1249', 'b1046'}"
GO_0030573,{'b1619'}
GO_0030599,{'b0772'}
GO_0030604,{'b0173'}
GO_0030611,{'b0838'}
GO_0030613,{'b0383'}
GO_0030632,"{'b3572', 'b2379', 'b4053', 'b2290', 'b1190'}"
GO_0030641,"{'b0842', 'b4337'}"
GO_0030643,{'b3724'}
GO_0030674,"{'b3163', 'b1782', 'b2617'}"
GO_0030677,{'b3704'}
GO_0030694,"{'b1073', 'b1074', 'b1937', 'b1077', 'b1078'}"
GO_0030697,{'b3965'}
GO_0030798,{'b1519'}
GO_0030813,{'b3995'}
GO_0030880,{'b3649'}
GO_0030894,"{'b1099', 'b0892', 'b0215', 'b1842', 'b0184', 'b4201', 'b4259', 'b4059', 'b3066', 'b3701', 'b4052', 'b3822', 'b4372', 'b0640', 'b0470'}"
GO_0030955,"{'b2942', 'b1363', 'b3849', 'b3708', 'b1676', 'b2798', 'b2812', 'b3706', 'b1854', 'b2665', 'b3831', 'b0902', 'b0698'}"
GO_0030964,"{'b2277', 'b2279', 'b2278', 'b2283', 'b1109', 'b2276', 'b2288', 'b2284', 'b2287', 'b2286', 'b2280', 'b2281', 'b2285', 'b2282'}"
GO_0030973,{'b0763'}
GO_0030975,{'b0068'}
GO_0030976,"{'b4488', 'b2264', 'b2935', 'b3767', 'b0068', 'b0507', 'b3671', 'b0871', 'b0726', 'b0114', 'b0077', 'b0420', 'b2373'}"
GO_0030980,"{'b0403', 'b3571', 'b3417'}"
GO_0030983,"{'b4170', 'b2733'}"
GO_0031004,"{'b4513', 'b0697', 'b0696', 'b0698'}"
GO_0031071,"{'b1680', 'b2810', 'b2530'}"
GO_0031072,{'b0015'}
GO_0031118,{'b0058'}
GO_0031119,"{'b3166', 'b2745', 'b2791', 'b4022', 'b0058', 'b2318'}"
GO_0031125,"{'b3643', 'b1652'}"
GO_0031132,{'b1539'}
GO_0031163,{'b1679'}
GO_0031167,"{'b1835', 'b2806', 'b3465', 'b3179', 'b2785', 'b3497', 'b0859', 'b1976', 'b3289', 'b3084', 'b3146', 'b4371', 'b0948', 'b0967', 'b0636'}"
GO_0031177,"{'b0595', 'b1094', 'b0586'}"
GO_0031220,{'b3417'}
GO_0031234,"{'b1661', 'b0182', 'b2133'}"
GO_0031240,{'b0378'}
GO_0031241,"{'b0196', 'b1639', 'b2501', 'b1105', 'b3147'}"
GO_0031250,"{'b4237', 'b4238'}"
GO_0031297,"{'b4362', 'b3813', 'b4361', 'b4201', 'b3066', 'b4052', 'b0467', 'b3935', 'b3778'}"
GO_0031317,"{'b3577', 'b3579', 'b3578'}"
GO_0031334,{'b3226'}
GO_0031342,{'b2004'}
GO_0031346,{'b2217'}
GO_0031365,set()
GO_0031388,"{'b0514', 'b3124'}"
GO_0031400,{'b1888'}
GO_0031402,"{'b2701', 'b1015', 'b2812'}"
GO_0031403,{'b2533'}
GO_0031404,{'b3385'}
GO_0031405,"{'b0115', 'b0727'}"
GO_0031418,"{'b0368', 'b4191', 'b0804'}"
GO_0031419,"{'b4019', 'b2440', 'b0158', 'b2917', 'b2441'}"
GO_0031420,{'b0344'}
GO_0031421,"{'b3461', 'b3261'}"
GO_0031427,{'b0048'}
GO_0031459,{'b2129'}
GO_0031460,"{'b2129', 'b2677', 'b4111', 'b2678', 'b2128', 'b2131', 'b2679', 'b0543', 'b2130'}"
GO_0031469,"{'b2457', 'b2462', 'b2455', 'b2438', 'b2456', 'b2459', 'b2439', 'b2453', 'b2461', 'b2460', 'b2440', 'b2451', 'b2441'}"
GO_0031471,"{'b2457', 'b2439', 'b2462', 'b2440', 'b2441', 'b2438'}"
GO_0031507,set()
GO_0031522,"{'b0408', 'b3300', 'b3175', 'b0407', 'b3705', 'b0409', 'b0098', 'b3981'}"
GO_0031554,{'b0189'}
GO_0031555,"{'b2576', 'b0001', 'b3766', 'b3782', 'b3319', 'b4246'}"
GO_0031556,"{'b4803', 'b0001', 'b4702', 'b3707'}"
GO_0031564,"{'b2768', 'b0659', 'b3169', 'b4260', 'b2949', 'b1559', 'b0416', 'b3649', 'b3321', 'b0551', 'b3987', 'b3295', 'b0623', 'b3556', 'b1823', 'b3842', 'b0189', 'b3296', 'b2533', 'b3982', 'b3988'}"
GO_0031589,"{'b4320', 'b4319', 'b4318'}"
GO_0031638,"{'b4160', 'b3459'}"
GO_0031640,"{'b0554', 'b4528', 'b1182', 'b0555', 'b0556', 'b1554', 'b4510', 'b1556'}"
GO_0031648,{'b1235'}
GO_0031667,{'b2126'}
GO_0031669,"{'b4354', 'b3547'}"
GO_0031670,{'b2380'}
GO_0031956,{'b1701'}
GO_0031992,"{'b3006', 'b1252', 'b3005'}"
GO_0032025,"{'b2107', 'b2106'}"
GO_0032026,"{'b4702', 'b0418'}"
GO_0032045,"{'b3980', 'b0170', 'b3339'}"
GO_0032049,"{'b0789', 'b2585', 'b1249', 'b1046'}"
GO_0032055,{'b0953'}
GO_0032067,"{'b4345', 'b4351'}"
GO_0032110,{'b4355'}
GO_0032131,set()
GO_0032135,{'b0256'}
GO_0032136,{'b2733'}
GO_0032150,"{'b3843', 'b3158', 'b3834', 'b3159', 'b3157'}"
GO_0032153,"{'b3933', 'b0093', 'b2910', 'b0095', 'b2742', 'b3462', 'b0083', 'b0737', 'b0739', 'b3017', 'b3613', 'b2748', 'b1963', 'b0890', 'b0094', 'b3150', 'b3232', 'b2472', 'b0740', 'b0741', 'b3928', 'b3388', 'b0089', 'b2314', 'b0738', 'b3463', 'b0084', 'b2604', 'b2412', 'b0102', 'b0946', 'b2777'}"
GO_0032194,set()
GO_0032196,"{'b4285', 'b1997', 'b1402', 'b1994', 'b2192', 'b0360', 'b3445', 'b0361', 'b1432', 'b0265', 'b4711', 'b0656', 'b0540', 'b2030', 'b3558', 'b4294', 'b0022', 'b0259', 'b2982', 'b1403', 'b0541', 'b2861', 'b1996', 'b3505', 'b4272', 'b3218', 'b0299', 'b1894', 'b0016', 'b0988', 'b4284', 'b0274', 'b0582', 'b3045', 'b0021', 'b0372', 'b0228', 'b2394', 'b4710', 'b0373', 'b3444', 'b4516', 'b1893', 'b0275', 'b0256', 'b0264', 'b0552', 'b1331', 'b1404', 'b4709', 'b3044', 'b4278', 'b2860', 'b1027', 'b1026', 'b2089', 'b2088', 'b1370', 'b4273', 'b0298'}"
GO_0032238,{'b2964'}
GO_0032259,"{'b2356', 'b2517', 'b3179', 'b0082', 'b1976', 'b2607', 'b4349', 'b3262', 'b4371', 'b3829', 'b3146', 'b0807', 'b2324', 'b0921', 'b2575', 'b1822', 'b1961', 'b2232', 'b3387', 'b1835', 'b0051', 'b3497', 'b3259', 'b1661', 'b1335', 'b0636', 'b2827', 'b3499', 'b2806', 'b4019', 'b3465', 'b2785', 'b2213', 'b2532', 'b1519', 'b3965', 'b0948', 'b1430', 'b4403', 'b2330', 'b0261', 'b3740', 'b4180', 'b2946', 'b0859', 'b2581', 'b3289', 'b3368', 'b1884', 'b2960', 'b2743', 'b1212', 'b3084', 'b3651', 'b3606', 'b0967', 'b3833', 'b0195', 'b0777'}"
GO_0032261,{'b1623'}
GO_0032263,"{'b0477', 'b0125', 'b0238'}"
GO_0032264,"{'b0477', 'b0125', 'b0104', 'b0238'}"
GO_0032265,{'b0238'}
GO_0032267,{'b0188'}
GO_0032272,"{'b0958', 'b3641'}"
GO_0032297,"{'b0812', 'b0687', 'b3702', 'b3701', 'b2496', 'b2916', 'b3317'}"
GO_0032298,"{'b3149', 'b3702', 'b4259'}"
GO_0032299,set()
GO_0032300,"{'b2831', 'b2733', 'b4170'}"
GO_0032324,"{'b0785', 'b0009'}"
GO_0032329,"{'b3116', 'b3089'}"
GO_0032357,set()
GO_0032359,"{'b2622', 'b3261', 'b1346', 'b2349'}"
GO_0032361,{'b0766'}
GO_0032414,"{'b3351', 'b0046'}"
GO_0032448,{'b0228'}
GO_0032466,"{'b0958', 'b2777'}"
GO_0032506,"{'b3388', 'b2314'}"
GO_0032508,"{'b2820', 'b0892', 'b3813', 'b0890', 'b0799', 'b3652', 'b2822', 'b1861', 'b1860', 'b4052', 'b1808', 'b0962', 'b3935', 'b1349', 'b2819'}"
GO_0032549,{'b3987'}
GO_0032553,{'b3916'}
GO_0032556,{'b4238'}
GO_0032561,"{'b3183', 'b3590'}"
GO_0032564,{'b4238'}
GO_0032567,{'b4238'}
GO_0032781,{'b3228'}
GO_0032784,"{'b3295', 'b3169', 'b0610', 'b0416', 'b3649', 'b3181', 'b3982', 'b3321', 'b3988', 'b3406', 'b3987'}"
GO_0032787,{'b3820'}
GO_0032790,"{'b4173', 'b1718'}"
GO_0032794,{'b2511'}
GO_0032843,"{'b1324', 'b2552', 'b2480', 'b0605'}"
GO_0032885,set()
GO_0032940,"{'b0567', 'b0568'}"
GO_0032955,{'b1174'}
GO_0032973,"{'b2670', 'b1473'}"
GO_0032977,"{'b4557', 'b3705'}"
GO_0032978,"{'b0408', 'b3300', 'b3705', 'b3175', 'b0178', 'b0407', 'b0409', 'b3981'}"
GO_0032991,"{'b1638', 'b2759', 'b3008', 'b0651', 'b1004', 'b2783', 'b0485', 'b1126', 'b3137', 'b1250', 'b4232', 'b2255', 'b1385', 'b3945', 'b0061', 'b2795', 'b2065', 'b2957', 'b3450', 'b2224', 'b2422', 'b0459', 'b0855', 'b2584', 'b0687', 'b3903', 'b0125', 'b1617', 'b3882', 'b2508', 'b0015', 'b0014', 'b0783', 'b2162', 'b2661', 'b0742', 'b1215', 'b2165', 'b1415', 'b1871', 'b4035', 'b3941', 'b2154', 'b1236', 'b0238', 'b0596', 'b2758', 'b4137', 'b2757', 'b2705', 'b3252', 'b2780', 'b3117', 'b0765', 'b1619', 'b2760', 'b2710', 'b0740', 'b1441', 'b3708', 'b0871', 'b2260', 'b1736', 'b2659', 'b1970', 'b3279', 'b3831', 'b1219', 'b1444', 'b0761', 'b2614', 'b3640', 'b1584', 'b2153', 'b4243', 'b2908', 'b1802', 'b0312', 'b1539', 'b1288', 'b2782', 'b2300', 'b3205', 'b0677', 'b3774', 'b0222', 'b3929', 'b2756', 'b0262'}"
GO_0032993,"{'b0076', 'b0683', 'b1507', 'b1563', 'b1564', 'b1221', 'b4046', 'b0256', 'b1130', 'b4043', 'b1237', 'b1349', 'b1040', 'b1508', 'b1334', 'b0487', 'b3261', 'b3357', 'b0064', 'b1620', 'b1712', 'b0889', 'b3202', 'b4401', 'b3481'}"
GO_0033014,"{'b1210', 'b0369', 'b3805', 'b0154'}"
GO_0033051,{'b4093'}
GO_0033094,{'b3073'}
GO_0033120,{'b3342'}
GO_0033194,"{'b1482', 'b1710', 'b0605', 'b2436', 'b0006'}"
GO_0033195,{'b0605'}
GO_0033202,"{'b4052', 'b3813'}"
GO_0033212,"{'b0588', 'b4287', 'b4290', 'b0592', 'b4288', 'b0590', 'b1019', 'b3410', 'b4289', 'b0589'}"
GO_0033214,"{'b2155', 'b4367', 'b0584', 'b0585', 'b1451', 'b0805', 'b3070', 'b4290', 'b4288', 'b0150', 'b4291', 'b4289', 'b1102'}"
GO_0033215,{'b4367'}
GO_0033228,"{'b1533', 'b2182', 'b2578', 'b0886', 'b0887'}"
GO_0033229,"{'b2182', 'b3110'}"
GO_0033232,"{'b0199', 'b0198'}"
GO_0033281,"{'b3839', 'b3838', 'b3836', 'b0627'}"
GO_0033293,{'b2126'}
GO_0033296,{'b3903'}
GO_0033320,{'b2255'}
GO_0033345,{'b1767'}
GO_0033353,{'b2942'}
GO_0033359,"{'b3359', 'b0907'}"
GO_0033384,{'b0421'}
GO_0033387,"{'b2965', 'b0693'}"
GO_0033388,"{'b2938', 'b2937'}"
GO_0033389,{'b2937'}
GO_0033468,{'b0918'}
GO_0033477,{'b0261'}
GO_0033499,"{'b0757', 'b0758', 'b0759', 'b0756', 'b1236'}"
GO_0033512,{'b0727'}
GO_0033528,set()
GO_0033539,{'b0221'}
GO_0033542,{'b2342'}
GO_0033543,{'b3081'}
GO_0033554,"{'b4409', 'b1033', 'b2670', 'b0953', 'b2266'}"
GO_0033558,{'b4069'}
GO_0033567,{'b2798'}
GO_0033573,"{'b1017', 'b4490', 'b1016'}"
GO_0033585,"{'b0928', 'b4054'}"
GO_0033592,"{'b2576', 'b3162', 'b1831'}"
GO_0033608,{'b2374'}
GO_0033611,"{'b2374', 'b2373'}"
GO_0033644,{'b4320'}
GO_0033677,"{'b1343', 'b0799', 'b2761'}"
GO_0033679,{'b1653'}
GO_0033711,{'b2320'}
GO_0033721,"{'b1300', 'b3588'}"
GO_0033739,{'b2794'}
GO_0033743,{'b1778'}
GO_0033744,"{'b4219', 'b3551'}"
GO_0033745,"{'b1832', 'b1778'}"
GO_0033748,"{'b2997', 'b0974', 'b0383', 'b0973', 'b2994', 'b0972'}"
GO_0033764,{'b2842'}
GO_0033785,{'b3052'}
GO_0033786,{'b3052'}
GO_0033797,"{'b1588', 'b1587'}"
GO_0033812,{'b1397'}
GO_0033818,{'b1091'}
GO_0033819,{'b0630'}
GO_0033831,{'b1316'}
GO_0033856,{'b2564'}
GO_0033862,{'b0171'}
GO_0033863,{'b4094'}
GO_0033883,"{'b3826', 'b0766'}"
GO_0033890,{'b1804'}
GO_0033897,{'b0611'}
GO_0033969,{'b1298'}
GO_0033971,{'b1970'}
GO_0033982,"{'b4196', 'b3581'}"
GO_0034015,"{'b3582', 'b4197'}"
GO_0034017,{'b0954'}
GO_0034023,{'b0523'}
GO_0034024,{'b1297'}
GO_0034028,{'b0522'}
GO_0034039,{'b3635'}
GO_0034040,{'b0914'}
GO_0034057,{'b1831'}
GO_0034062,"{'b3987', 'b3295', 'b3649', 'b3988'}"
GO_0034194,"{'b4477', 'b4478', 'b3693', 'b3691'}"
GO_0034195,{'b4358'}
GO_0034198,"{'b2834', 'b1563', 'b0073'}"
GO_0034200,{'b0200'}
GO_0034203,{'b1069'}
GO_0034204,"{'b3792', 'b0914'}"
GO_0034213,set()
GO_0034214,"{'b2457', 'b2462', 'b0720', 'b0782', 'b1232', 'b2456', 'b3843', 'b3880', 'b1207', 'b2407', 'b2245', 'b0963', 'b0710'}"
GO_0034219,"{'b4120', 'b2429', 'b4321', 'b0343', 'b1528', 'b2170', 'b3577', 'b4476', 'b3578', 'b0070', 'b4034', 'b3579', 'b3720', 'b1319', 'b1377', 'b4036', 'b3659'}"
GO_0034220,"{'b0860', 'b0624', 'b0929', 'b2389', 'b0811', 'b3966', 'b0465', 'b3849', 'b0863', 'b0553', 'b0241', 'b0808', 'b1429', 'b3291', 'b1965', 'b1250', 'b1920', 'b2215', 'b3035', 'b1330', 'b1363', 'b4496', 'b0577', 'b1966', 'b0957', 'b1472', 'b1592', 'b1377', 'b2924', 'b1964', 'b4159'}"
GO_0034224,"{'b1973', 'b0296'}"
GO_0034227,"{'b1344', 'b0423'}"
GO_0034228,{'b2452'}
GO_0034229,{'b2452'}
GO_0034257,{'b0751'}
GO_0034258,{'b0751'}
GO_0034289,{'b4034'}
GO_0034335,"{'b2231', 'b3699'}"
GO_0034336,{'b3342'}
GO_0034337,"{'b3342', 'b4371', 'b4172'}"
GO_0034338,"{'b4190', 'b0476'}"
GO_0034353,{'b2830'}
GO_0034355,"{'b1740', 'b2407', 'b0639'}"
GO_0034386,"{'b1302', 'b2662'}"
GO_0034421,{'b4069'}
GO_0034458,"{'b1343', 'b1413', 'b4179'}"
GO_0034552,{'b2897'}
GO_0034567,"{'b1650', 'b3713', 'b0851'}"
GO_0034599,"{'b2963', 'b0849', 'b2392', 'b4326', 'b1324', 'b0492', 'b4025', 'b0424', 'b2962'}"
GO_0034605,"{'b0439', 'b2936', 'b1823', 'b2922', 'b3932', 'b4171', 'b3400', 'b3931', 'b4129', 'b2644', 'b1824', 'b3724', 'b0631'}"
GO_0034611,{'b4162'}
GO_0034614,"{'b1663', 'b2644', 'b2922'}"
GO_0034618,"{'b0860', 'b3237'}"
GO_0034620,{'b0014'}
GO_0034628,"{'b1740', 'b0109', 'b2574', 'b0639', 'b0750'}"
GO_0034634,"{'b0832', 'b0831', 'b0829'}"
GO_0034635,{'b0830'}
GO_0034639,{'b2670'}
GO_0034644,"{'b2936', 'b1633', 'b1895', 'b1333', 'b1652'}"
GO_0034656,{'b0798'}
GO_0034700,{'b4085'}
GO_0034702,{'b0929'}
GO_0034707,{'b1592'}
GO_0034722,{'b3447'}
GO_0034755,"{'b1017', 'b4490', 'b3336', 'b0262', 'b3915', 'b1016'}"
GO_0034763,"{'b4033', 'b4032', 'b4035', 'b2417'}"
GO_0034775,"{'b0886', 'b0831', 'b0887', 'b0832', 'b0829'}"
GO_0034979,{'b1120'}
GO_0034986,{'b2528'}
GO_0035250,{'b2057'}
GO_0035312,{'b1266'}
GO_0035344,"{'b4064', 'b4464'}"
GO_0035350,{'b1985'}
GO_0035351,"{'b0887', 'b3542', 'b0886', 'b3543', 'b1329', 'b3541', 'b3540', 'b3544'}"
GO_0035368,{'b3590'}
GO_0035429,"{'b4476', 'b3909', 'b3415', 'b2740', 'b4321', 'b4265', 'b2365', 'b4296'}"
GO_0035433,{'b0010'}
GO_0035434,"{'b0574', 'b0573', 'b0572', 'b0484', 'b0575'}"
GO_0035435,"{'b3727', 'b4020', 'b3725', 'b0490', 'b3493', 'b3728', 'b2987', 'b3726'}"
GO_0035438,"{'b4249', 'b3533', 'b0569', 'b3164', 'b3536', 'b1194'}"
GO_0035442,"{'b3543', 'b0709', 'b0832', 'b1985', 'b3496', 'b3542', 'b1663', 'b3477', 'b3541', 'b1534', 'b3478', 'b1634', 'b2182', 'b4130', 'b1485', 'b3540', 'b1293', 'b3544', 'b1486'}"
GO_0035443,"{'b3496', 'b4130', 'b1634'}"
GO_0035444,"{'b3477', 'b2106', 'b3816'}"
GO_0035460,{'b4192'}
GO_0035461,"{'b3966', 'b1711'}"
GO_0035485,set()
GO_0035513,set()
GO_0035515,{'b2212'}
GO_0035516,{'b2212'}
GO_0035524,{'b1015'}
GO_0035527,"{'b1008', 'b1539'}"
GO_0035529,{'b3996'}
GO_0035539,{'b0099'}
GO_0035556,{'b0196'}
GO_0035596,"{'b0661', 'b0835'}"
GO_0035597,{'b0661'}
GO_0035599,{'b0835'}
GO_0035600,set()
GO_0035672,"{'b2180', 'b2177', 'b2179', 'b2178'}"
GO_0035725,"{'b4120', 'b0793', 'b1186', 'b1216', 'b0842', 'b2182', 'b0794', 'b4020', 'b0007', 'b0792', 'b3196', 'b0019'}"
GO_0035785,{'b2106'}
GO_0035796,"{'b3917', 'b2424', 'b2422', 'b2425', 'b2423'}"
GO_0035821,"{'b0880', 'b4385'}"
GO_0035825,{'b2699'}
GO_0035864,"{'b2665', 'b0465'}"
GO_0035865,{'b0695'}
GO_0035870,{'b2954'}
GO_0035873,"{'b2975', 'b3603'}"
GO_0035888,{'b0337'}
GO_0035925,set()
GO_0035999,"{'b0529', 'b4019', 'b2551', 'b3829', 'b3941'}"
GO_0036001,"{'b1638', 'b2320'}"
GO_0036009,"{'b1212', 'b2330'}"
GO_0036048,{'b1120'}
GO_0036049,{'b1120'}
GO_0036054,{'b1120'}
GO_0036055,{'b1120'}
GO_0036065,{'b4481'}
GO_0036088,{'b2366'}
GO_0036094,"{'b3026', 'b2553', 'b0114', 'b1333', 'b0174'}"
GO_0036104,"{'b2378', 'b3633', 'b1054', 'b1855'}"
GO_0036108,"{'b2254', 'b2256'}"
GO_0036121,{'b0890'}
GO_0036125,"{'b3846', 'b2342', 'b3845', 'b2341'}"
GO_0036172,"{'b2104', 'b2103', 'b2418'}"
GO_0036173,{'b2425'}
GO_0036198,{'b1238'}
GO_0036211,"{'b3973', 'b2726', 'b1066', 'b2340', 'b4219', 'b4373', 'b2674', 'b2991', 'b2743', 'b1427', 'b0852', 'b0630'}"
GO_0036218,"{'b3248', 'b2251'}"
GO_0036220,{'b2954'}
GO_0036221,"{'b3248', 'b3085'}"
GO_0036222,{'b2954'}
GO_0036243,"{'b2661', 'b1525'}"
GO_0036260,{'b4129'}
GO_0036265,set()
GO_0036297,{'b0916'}
GO_0036298,{'b2616'}
GO_0036307,{'b3499'}
GO_0036308,{'b3497'}
GO_0036311,{'b1733'}
GO_0036355,{'b3990'}
GO_0036373,{'b2804'}
GO_0036374,{'b3447'}
GO_0036376,"{'b4337', 'b3258'}"
GO_0036380,{'b3784'}
GO_0036386,"{'b4347', 'b1625', 'b4000', 'b0440', 'b1237'}"
GO_0036397,"{'b3894', 'b1475', 'b1476', 'b3893', 'b1474'}"
GO_0036402,{'b3931'}
GO_0036411,"{'b1625', 'b1237'}"
GO_0036412,{'b2371'}
GO_0036424,"{'b4388', 'b4055'}"
GO_0036430,{'b0910'}
GO_0036431,{'b0910'}
GO_0036440,"{'b0720', 'b0333'}"
GO_0036448,{'b0070'}
GO_0036456,{'b4219'}
GO_0036460,"{'b4409', 'b3911', 'b0192', 'b4002', 'b2573', 'b3649', 'b2078', 'b4682', 'b0466', 'b3987', 'b0176', 'b0196', 'b4003', 'b3295', 'b3398', 'b0925', 'b3988', 'b2604', 'b2865', 'b1824'}"
GO_0036506,"{'b3401', 'b3609', 'b0053', 'b0492'}"
GO_0036524,"{'b3153', 'b0424', 'b1967'}"
GO_0038023,"{'b0150', 'b0584', 'b4291', 'b1451', 'b0805', 'b1102'}"
GO_0040008,"{'b2630', 'b1507', 'b4224', 'b3082', 'b1563', 'b1564', 'b2783', 'b3130', 'b4532', 'b4225', 'b3129', 'b1508', 'b2782', 'b2631', 'b3083', 'b1438', 'b4539', 'b0226', 'b0232', 'b0233', 'b2017', 'b0225'}"
GO_0040033,{'b4172'}
GO_0042026,"{'b3347', 'b0015', 'b3401', 'b2592', 'b0492', 'b0424', 'b3349', 'b4143'}"
GO_0042054,{'b3259'}
GO_0042126,"{'b1468', 'b1224', 'b1225', 'b1465', 'b1227', 'b1467'}"
GO_0042128,"{'b2469', 'b3649', 'b1222', 'b3987', 'b1221', 'b3367', 'b3365', 'b1465', 'b2206', 'b3295', 'b1223', 'b1466', 'b1468', 'b1988', 'b2203', 'b1225', 'b1467', 'b1226', 'b1224', 'b3988', 'b1469', 'b3366', 'b4070', 'b3202', 'b2193', 'b1227'}"
GO_0042132,"{'b3925', 'b4232', 'b2930'}"
GO_0042134,{'b2533'}
GO_0042150,"{'b4260', 'b3237', 'b3811'}"
GO_0042157,{'b1209'}
GO_0042158,"{'b2828', 'b0657'}"
GO_0042167,set()
GO_0042168,{'b3802'}
GO_0042177,"{'b4326', 'b1160', 'b0382'}"
GO_0042181,{'b3930'}
GO_0042182,"{'b1200', 'b3946', 'b0825'}"
GO_0042245,"{'b3056', 'b1967', 'b3421', 'b2212'}"
GO_0042254,"{'b0659', 'b1343', 'b3169', 'b3866', 'b3179', 'b2949', 'b0416', 'b2511', 'b3282', 'b2576', 'b3321', 'b3183', 'b0424', 'b4161', 'b3167', 'b2566', 'b1088', 'b2608', 'b1066', 'b0797', 'b3871', 'b3296', 'b2533', 'b3982', 'b3170'}"
GO_0042255,"{'b3315', 'b2959', 'b0797', 'b3183', 'b3319'}"
GO_0042256,"{'b3315', 'b0637', 'b3185'}"
GO_0042262,{'b2521'}
GO_0042274,"{'b3167', 'b2566', 'b0659', 'b4161', 'b2608', 'b3170', 'b2569'}"
GO_0042276,"{'b0231', 'b3701'}"
GO_0042277,"{'b0053', 'b0998', 'b3544'}"
GO_0042278,"{'b4384', 'b1045'}"
GO_0042279,"{'b4072', 'b4071', 'b4070'}"
GO_0042286,{'b0154'}
GO_0042301,"{'b1638', 'b1207', 'b3728'}"
GO_0042304,{'b2553'}
GO_0042351,"{'b2052', 'b2053'}"
GO_0042354,{'b2804'}
GO_0042355,"{'b2800', 'b2803', 'b3605', 'b2802', 'b2799', 'b1415'}"
GO_0042364,"{'b0775', 'b3990'}"
GO_0042371,set()
GO_0042380,{'b0029'}
GO_0042391,{'b2899'}
GO_0042398,{'b0581'}
GO_0042413,"{'b0041', 'b0038', 'b0042', 'b0036'}"
GO_0042431,{'b3708'}
GO_0042450,"{'b3960', 'b3359', 'b1748', 'b0273', 'b4254', 'b2662', 'b3959'}"
GO_0042454,{'b0030'}
GO_0042538,{'b2232'}
GO_0042542,"{'b0047', 'b4483', 'b3527', 'b1166', 'b3002', 'b0426', 'b3518', 'b1648', 'b1454', 'b1635', 'b0873', 'b2786', 'b2301'}"
GO_0042545,{'b0772'}
GO_0042558,{'b4019'}
GO_0042559,"{'b1606', 'b2303'}"
GO_0042577,{'b0418'}
GO_0042578,{'b1034'}
GO_0042586,{'b3287'}
GO_0042594,"{'b0812', 'b3923', 'b1488', 'b0880', 'b3779', 'b3229'}"
GO_0042597,"{'b1516', 'b0573', 'b2110', 'b2150', 'b3860', 'b1081', 'b0158', 'b1971', 'b3751', 'b3613', 'b2494', 'b2233', 'b2064', 'b2203', 'b0611', 'b2132', 'b3453', 'b1019', 'b2435', 'b1002', 'b3472', 'b0545', 'b2252', 'b0830', 'b2957', 'b1973', 'b3143', 'b0018', 'b0806', 'b0068', 'b4169', 'b3347', 'b3447', 'b0286', 'b1197', 'b4071', 'b0383', 'b2134', 'b2425', 'b0742', 'b1743', 'b4105', 'b1474', 'b3566', 'b3894', 'b0480', 'b0939', 'b3047', 'b0494', 'b3147', 'b4309', 'b2997', 'b4055', 'b3801', 'b1178', 'b2893', 'b0053', 'b2205', 'b1920', 'b1757', 'b1220', 'b0655', 'b3476', 'b0284', 'b4037', 'b0123', 'b1386', 'b0097', 'b1123', 'b0220', 'b3020', 'b4290', 'b4216', 'b0178', 'b2328', 'b2679', 'b3017', 'b2996', 'b3238', 'b2571', 'b2548', 'b1294', 'b4150', 'b0795', 'b4083', 'b2131', 'b4075', 'b4227', 'b0531', 'b1990', 'b1487', 'b0140', 'b4002', 'b1080', 'b1324', 'b3458', 'b0365', 'b2209', 'b4213', 'b3571', 'b2206', 'b1901', 'b0152', 'b3024', 'b3338', 'b2336', 'b2107', 'b0980', 'b4070', 'b2821', 'b2000', 'b0891', 'b3460', 'b0860', 'b4310', 'b0811', 'b0592', 'b3192', 'b4034', 'b3579', 'b3509', 'b3215', 'b1424', 'b1678', 'b1072', 'b1310', 'b2239', 'b1841', 'b1646', 'b4088', 'b3200', 'b0997', 'b4316', 'b1018', 'b0994', 'b0329', 'b3544', 'b1597', 'b0285', 'b4188', 'b0863', 'b4484', 'b4207', 'b1710', 'b2309', 'b3728', 'b1048', 'b1872', 'b2945', 'b1113', 'b0740', 'b0717', 'b2310', 'b4392', 'b1243', 'b1043', 'b1970', 'b3917', 'b1056', 'b2603', 'b2854', 'b0303', 'b1182', 'b4412', 'b4376', 'b0763', 'b3234', 'b4199', 'b0604', 'b1440', 'b2817', 'b0944', 'b3510', 'b0854', 'b1308', 'b3527', 'b0936', 'b2938', 'b0802', 'b0819', 'b3363', 'b3182', 'b1329', 'b1857'}"
GO_0042602,"{'b3844', 'b2764', 'b1007'}"
GO_0042619,{'b1440'}
GO_0042626,"{'b0199', 'b0066', 'b2180', 'b4287', 'b0936', 'b4485', 'b0829'}"
GO_0042709,set()
GO_0042732,"{'b3568', 'b3564', 'b3565', 'b3566', 'b3567'}"
GO_0042742,"{'b0555', 'b0556', 'b1554'}"
GO_0042743,{'b3518'}
GO_0042744,"{'b1732', 'b3942', 'b0606', 'b0605'}"
GO_0042759,"{'b0185', 'b2316'}"
GO_0042773,"{'b2277', 'b2279', 'b2278', 'b2484', 'b2482', 'b2276', 'b2283', 'b2723'}"
GO_0042777,"{'b3732', 'b3738', 'b3731', 'b3734', 'b3737', 'b3735', 'b3733', 'b3736'}"
GO_0042780,"{'b3643', 'b1804', 'b1652', 'b2268'}"
GO_0042781,{'b2268'}
GO_0042802,"{'b0192', 'b1380', 'b0440', 'b3915', 'b4201', 'b1387', 'b4182', 'b1764', 'b2553', 'b2234', 'b1174', 'b1852', 'b0523', 'b3706', 'b1241', 'b2496', 'b1275', 'b2457', 'b0892', 'b3336', 'b0506', 'b1905', 'b1350', 'b3404', 'b3058', 'b1175', 'b2903', 'b2407', 'b3325', 'b0878', 'b2231', 'b0932', 'b3418', 'b3962', 'b2041', 'b4187', 'b0796', 'b4046', 'b0173', 'b4043', 'b1210', 'b0890', 'b0094', 'b1438', 'b3041', 'b1330', 'b0180', 'b1881', 'b0838', 'b1215', 'b2097', 'b1041', 'b0171', 'b4125', 'b3172', 'b0494', 'b0879', 'b2607', 'b0596', 'b3919', 'b4055', 'b3237', 'b2837', 'b2697', 'b1619', 'b3836', 'b4355', 'b0577', 'b1676', 'b1093', 'b1834', 'b3279', 'b0102', 'b3831', 'b0543', 'b4474', 'b3153', 'b3687', 'b1512', 'b0437', 'b4479', 'b1232', 'b2709', 'b2235', 'b2617', 'b3634', 'b3843', 'b1614', 'b3640', 'b3743', 'b3235', 'b3784', 'b0312', 'b3656', 'b3746', 'b3129', 'b2571', 'b0677', 'b0222', 'b1606', 'b1779', 'b2414', 'b2051', 'b2604', 'b3956', 'b1713', 'b1732', 'b3248', 'b3686', 'b0951', 'b2079', 'b4002', 'b0339', 'b2726', 'b1535', 'b4517', 'b2708', 'b2873', 'b1886', 'b3008', 'b1850', 'b3513', 'b1314', 'b3770', 'b1393', 'b2022', 'b0827', 'b1250', 'b1807', 'b0188', 'b3932', 'b4139', 'b0893', 'b2478', 'b4232', 'b3931', 'b0385', 'b2456', 'b3113', 'b0161', 'b1042', 'b2523', 'b4142', 'b0710', 'b4245', 'b0080', 'b2947', 'b2021', 'b0952', 'b2802', 'b1034', 'b0459', 'b0254', 'b4501', 'b1261', 'b3744', 'b2529', 'b0578', 'b0125', 'b0489', 'b3005', 'b1617', 'b0356', 'b0451', 'b4314', 'b2029', 'b0783', 'b2162', 'b1861', 'b3200', 'b4052', 'b1415', 'b0002', 'b0344', 'b0342', 'b1341', 'b1129', 'b2531', 'b0759', 'b3072', 'b4193', 'b0104', 'b0238', 'b4484', 'b4059', 'b3839', 'b2291', 'b0088', 'b3252', 'b0337', 'b1130', 'b3164', 'b2780', 'b3748', 'b2748', 'b1429', 'b2039', 'b4347', 'b2685', 'b1303', 'b3708', 'b3251', 'b0957', 'b1653', 'b1970', 'b0889', 'b0436', 'b1652', 'b1219', 'b3506', 'b0438', 'b0093', 'b0904', 'b1182', 'b0242', 'b1444', 'b3234', 'b3838', 'b2153', 'b4000', 'b1802', 'b2908', 'b0182', 'b0126', 'b0981', 'b3648', 'b3774', 'b2938', 'b2746', 'b0347', 'b2498', 'b2439', 'b1394', 'b0473', 'b0993', 'b4401', 'b0134', 'b0929', 'b0674', 'b2750', 'b2910', 'b2990', 'b2186', 'b0651', 'b1004', 'b1221', 'b3702', 'b2373', 'b2294', 'b1000', 'b3639', 'b2843', 'b2215', 'b1939', 'b1941', 'b1677', 'b3357', 'b0825', 'b2925', 'b2255', 'b3945', 'b0450', 'b0061', 'b2779', 'b2795', 'b1176', 'b2065', 'b2957', 'b0870', 'b2512', 'b2755', 'b3401', 'b0507', 'b1611', 'b2731', 'b3713', 'b0155', 'b3789', 'b2584', 'b4168', 'b3529', 'b1037', 'b1238', 'b0185', 'b0875', 'b3006', 'b0133', 'b3495', 'b2508', 'b3834', 'b2661', 'b0350', 'b2349', 'b0064', 'b0268', 'b2165', 'b4143', 'b3409', 'b1944', 'b2060', 'b2104', 'b2154', 'b0095', 'b1236', 'b2592', 'b1207', 'b3187', 'b0605', 'b3291', 'b1767', 'b1237', 'b4327', 'b0572', 'b3791', 'b2472', 'b3035', 'b0782', 'b0935', 'b2710', 'b0871', 'b2260', 'b1773', 'b2303', 'b3911', 'b2462', 'b1200', 'b0966', 'b1584', 'b3916', 'b2551', 'b4243', 'b0178', 'b3641', 'b3042', 'b1539', 'b3149', 'b0462', 'b0678', 'b1040', 'b1288', 'b2300', 'b3225', 'b3176', 'b2733', 'b3929', 'b0914', 'b0114', 'b4042', 'b0181', 'b3430', 'b2143', 'b0595', 'b0470', 'b3481', 'b3942', 'b3926', 'b2728', 'b0399', 'b1594', 'b2765', 'b0052', 'b3870', 'b0599', 'b0897', 'b4352', 'b1761', 'b0159', 'b0998', 'b3137', 'b3783', 'b2329', 'b0345', 'b0812', 'b4131', 'b4100', 'b1014', 'b2924', 'b0031', 'b1854', 'b2477', 'b3869', 'b2156', 'b2224', 'b4384', 'b0924', 'b0186', 'b4328', 'b1704', 'b0928', 'b4390', 'b0687', 'b3903', 'b1479', 'b4233', 'b3882', 'b2416', 'b2937', 'b3701', 'b1612', 'b3199', 'b4058', 'b0963', 'b3371', 'b0386', 'b0946', 'b2502', 'b0754', 'b1871', 'b4362', 'b0116', 'b0720', 'b1183', 'b2569', 'b2747', 'b0779', 'b4207', 'b2705', 'b1010', 'b4025', 'b0852', 'b4170', 'b0452', 'b3514', 'b0098', 'b3591', 'b0160', 'b4398', 'b2942', 'b0597', 'b2091', 'b2217', 'b1711', 'b3880', 'b2659', 'b0368', 'b2247', 'b3424', 'b3902', 'b0463', 'b0571', 'b0441', 'b2312', 'b2564', 'b3064', 'b4346', 'b1304', 'b1084', 'b2601', 'b1734', 'b2914', 'b3510', 'b2913', 'b2804', 'b0179', 'b3011', 'b1039', 'b0243', 'b3205', 'b0487', 'b3730', 'b1723', 'b1038', 'b3928', 'b2507', 'b0726', 'b3197', 'b2245', 'b2463', 'b0009'}"
GO_0042803,"{'b1735', 'b1127', 'b3073', 'b3986', 'b1764', 'b3706', 'b4269', 'b3778', 'b1461', 'b4054', 'b2421', 'b3336', 'b2371', 'b0600', 'b3404', 'b3780', 'b2559', 'b1412', 'b4190', 'b2946', 'b1344', 'b3041', 'b2955', 'b1192', 'b2786', 'b0315', 'b0956', 'b1740', 'b3172', 'b0082', 'b0879', 'b1198', 'b0632', 'b2607', 'b1919', 'b2497', 'b2036', 'b2436', 'b0424', 'b4024', 'b0880', 'b2697', 'b2893', 'b1661', 'b3034', 'b0102', 'b3687', 'b1967', 'b2514', 'b2989', 'b1614', 'b4249', 'b2599', 'b4013', 'b3247', 'b2954', 'b0930', 'b3163', 'b1098', 'b1490', 'b2219', 'b2812', 'b2593', 'b2414', 'b2051', 'b4051', 'b3925', 'b3248', 'b3974', 'b3895', 'b3236', 'b1535', 'b3074', 'b4517', 'b0092', 'b1886', 'b0046', 'b2783', 'b1895', 'b2209', 'b3102', 'b4394', 'b3414', 'b0827', 'b3226', 'b2727', 'b3162', 'b0091', 'b3787', 'b4310', 'b2662', 'b2268', 'b2458', 'b2838', 'b1261', 'b0237', 'b3744', 'b0578', 'b3005', 'b2029', 'b3752', 'b4111', 'b0775', 'b2302', 'b1658', 'b2520', 'b3565', 'b3901', 'b0907', 'b3261', 'b0391', 'b4539', 'b0516', 'b0636', 'b0508', 'b1652', 'b0283', 'b3417', 'b1765', 'b1772', 'b0242', 'b2567', 'b3580', 'b3838', 'b1667', 'b3887', 'b0604', 'b4133', 'b1622', 'b3996', 'b2264', 'b3908', 'b2782', 'b3426', 'b4155', 'b0776', 'b3786', 'b0581', 'b1684', 'b0473', 'b0993', 'b1705', 'b0154', 'b0954', 'b1638', 'b1128', 'b3052', 'b0674', 'b1680', 'b2503', 'b0778', 'b0121', 'b2053', 'b3029', 'b0420', 'b1187', 'b2843', 'b0476', 'b1463', 'b3665', 'b2318', 'b2925', 'b3608', 'b0304', 'b2017', 'b2779', 'b0628', 'b3724', 'b3128', 'b2755', 'b0826', 'b3992', 'b3130', 'b1593', 'b1203', 'b2379', 'b0133', 'b3495', 'b3228', 'b0015', 'b3809', 'b3021', 'b0226', 'b2114', 'b0839', 'b1743', 'b1635', 'b0774', 'b3606', 'b0550', 'b2467', 'b1190', 'b0047', 'b3437', 'b1817', 'b3813', 'b0377', 'b1258', 'b3253', 'b3187', 'b1489', 'b1823', 'b1654', 'b1166', 'b1524', 'b3464', 'b0469', 'b4255', 'b2827', 'b2052', 'b3642', 'b0220', 'b1525', 'b1200', 'b2532', 'b3082', 'b2551', 'b3397', 'b3641', 'b1745', 'b3149', 'b2290', 'b2890', 'b1326', 'b0114', 'b4266', 'b4122', 'b0967', 'b2143', 'b1693', 'b0694', 'b0755', 'b1636', 'b3821', 'b3564', 'b2418', 'b0349', 'b3856', 'b0052', 'b3146', 'b3847', 'b1870', 'b0159', 'b2871', 'b0693', 'b1719', 'b0174', 'b3891', 'b1277', 'b3923', 'b1508', 'b4280', 'b1095', 'b4092', 'b0785', 'b0695', 'b3516', 'b1062', 'b4100', 'b1014', 'b1651', 'b3869', 'b0928', 'b3256', 'b0687', 'b0607', 'b0800', 'b0403', 'b3701', 'b1612', 'b2502', 'b2935', 'b1637', 'b2600', 'b1222', 'b0529', 'b4207', 'b0851', 'b4025', 'b2799', 'b4053', 'b0452', 'b0623', 'b4124', 'b2501', 'b1421', 'b2091', 'b1832', 'b2412', 'b1702', 'b4160', 'b2385', 'b1009', 'b1464', 'b2630', 'b3910', 'b0937', 'b2614', 'b0333', 'b2914', 'b3510', 'b4403', 'b1103', 'b1482', 'b3973', 'b3741', 'b1189', 'b1723', 'b2320', 'b3368', 'b1805', 'b4129', 'b3428'}"
GO_0042806,{'b2804'}
GO_0042816,"{'b1638', 'b1636', 'b2418'}"
GO_0042817,{'b1636'}
GO_0042819,{'b1636'}
GO_0042823,"{'b0907', 'b0052', 'b2927'}"
GO_0042834,"{'b4206', 'b3933', 'b1677', 'b0633', 'b1889', 'b3388', 'b0957', 'b2314'}"
GO_0042836,"{'b2789', 'b3127'}"
GO_0042838,"{'b3125', 'b3126', 'b2787', 'b3124'}"
GO_0042840,"{'b2843', 'b2842', 'b3526', 'b3092', 'b4322', 'b4323'}"
GO_0042843,"{'b3564', 'b3565'}"
GO_0042846,{'b2799'}
GO_0042852,{'b3572'}
GO_0042866,{'b4039'}
GO_0042867,"{'b0116', 'b0115', 'b0114', 'b0871'}"
GO_0042873,{'b4356'}
GO_0042875,"{'b3691', 'b4485'}"
GO_0042881,{'b3691'}
GO_0042882,"{'b1901', 'b1900', 'b2841', 'b4460'}"
GO_0042883,{'b0887'}
GO_0042884,"{'b2211', 'b0805', 'b2180', 'b0377', 'b2179', 'b2178', 'b2177'}"
GO_0042885,{'b0377'}
GO_0042893,"{'b0879', 'b0878'}"
GO_0042897,"{'b0879', 'b0878'}"
GO_0042906,"{'b3654', 'b2882', 'b2888'}"
GO_0042907,"{'b3654', 'b2882', 'b2888'}"
GO_0042908,"{'b2075', 'b2074', 'b2076', 'b4044', 'b0575', 'b3673', 'b1985', 'b3513', 'b0914', 'b2470', 'b3266', 'b0462', 'b0543', 'b0463', 'b3514'}"
GO_0042910,"{'b2368', 'b0762', 'b4044', 'b2685', 'b3673', 'b4082', 'b1660', 'b1985', 'b2182', 'b1663', 'b3514', 'b0462', 'b0543'}"
GO_0042912,"{'b2155', 'b0584', 'b0929'}"
GO_0042914,"{'b0584', 'b1252'}"
GO_0042918,"{'b0936', 'b0933', 'b0934'}"
GO_0042919,{'b1433'}
GO_0042920,{'b0353'}
GO_0042925,{'b1433'}
GO_0042928,"{'b3006', 'b1102'}"
GO_0042930,"{'b3035', 'b0462', 'b0591'}"
GO_0042931,"{'b3035', 'b0462', 'b0591'}"
GO_0042937,"{'b3496', 'b4130', 'b1634'}"
GO_0042938,"{'b1487', 'b1483', 'b1634', 'b0709', 'b3543', 'b1484', 'b3496', 'b1485', 'b3542', 'b1329', 'b3541', 'b3540', 'b3544', 'b1486'}"
GO_0042939,"{'b3496', 'b1634', 'b0709', 'b1329'}"
GO_0042941,{'b4208'}
GO_0042942,"{'b2365', 'b4208'}"
GO_0042944,{'b4208'}
GO_0042945,"{'b2365', 'b4208'}"
GO_0042953,"{'b0891', 'b1116', 'b1118'}"
GO_0042956,"{'b4033', 'b4034', 'b4035', 'b4036', 'b4032'}"
GO_0042958,{'b4036'}
GO_0042959,"{'b0936', 'b0933', 'b0934'}"
GO_0042960,{'b3502'}
GO_0042968,"{'b0813', 'b3824'}"
GO_0042970,"{'b0813', 'b3824'}"
GO_0043021,{'b0098'}
GO_0043022,"{'b1718', 'b4173', 'b0953', 'b0191', 'b2511', 'b2569', 'b0884', 'b3986', 'b1563', 'b3985', 'b1203', 'b1211', 'b0098', 'b2608', 'b3185', 'b3203', 'b3871', 'b4391', 'b2672', 'b0949', 'b4147', 'b0636', 'b3287', 'b0436', 'b3098', 'b0225', 'b2266'}"
GO_0043023,"{'b3183', 'b4173', 'b2619', 'b2511', 'b3400', 'b2569', 'b0637', 'b0172', 'b4550', 'b3130', 'b4234', 'b0233', 'b1203'}"
GO_0043024,"{'b3167', 'b2566', 'b2597', 'b3098', 'b0051', 'b0953', 'b3203', 'b4539', 'b2569', 'b2594', 'b3486', 'b1480', 'b3168', 'b1282'}"
GO_0043039,{'b1719'}
GO_0043041,{'b0586'}
GO_0043043,"{'b4147', 'b2171'}"
GO_0043052,{'b1882'}
GO_0043066,{'b0970'}
GO_0043068,"{'b0437', 'b2782'}"
GO_0043086,{'b0220'}
GO_0043093,"{'b4206', 'b3933', 'b0102', 'b0093', 'b2910', 'b0633', 'b0095', 'b3095', 'b1358', 'b3462', 'b0083', 'b2817', 'b3017', 'b2748', 'b4169', 'b1963', 'b0065', 'b2134', 'b3009', 'b0094', 'b2516', 'b2472', 'b0890', 'b3928', 'b0742', 'b3251', 'b2136', 'b0089', 'b0084', 'b2412', 'b3463', 'b3182', 'b0473', 'b0946'}"
GO_0043094,"{'b4383', 'b3380'}"
GO_0043099,{'b0160'}
GO_0043100,{'b4374'}
GO_0043102,{'b3447'}
GO_0043103,{'b1623'}
GO_0043107,set()
GO_0043113,{'b4355'}
GO_0043115,{'b3368'}
GO_0043136,{'b2293'}
GO_0043137,{'b0214'}
GO_0043138,"{'b3822', 'b2820', 'b3813', 'b0962', 'b3935', 'b3778'}"
GO_0043139,"{'b1808', 'b0799', 'b4052', 'b2819'}"
GO_0043164,"{'b0174', 'b0920', 'b3208'}"
GO_0043165,"{'b4261', 'b4558', 'b2595', 'b0053', 'b0177', 'b2494', 'b2512', 'b0054', 'b2617', 'b3201', 'b3200', 'b0641', 'b3199', 'b0178', 'b4262', 'b2174', 'b2477'}"
GO_0043168,"{'b3848', 'b3590'}"
GO_0043169,"{'b3432', 'b4015'}"
GO_0043171,"{'b3847', 'b1127', 'b0237', 'b4260', 'b2523'}"
GO_0043175,{'b1114'}
GO_0043190,"{'b0764', 'b1516', 'b0128', 'b1487', 'b2199', 'b0151', 'b2308', 'b0831', 'b4262', 'b0365', 'b1126', 'b3270', 'b0153', 'b0067', 'b3568', 'b1292', 'b2423', 'b1293', 'b0830', 'b1918', 'b3450', 'b1917', 'b3194', 'b2422', 'b0590', 'b0855', 'b0491', 'b2306', 'b4034', 'b0653', 'b2201', 'b0588', 'b4033', 'b2547', 'b0886', 'b4231', 'b2307', 'b2678', 'b2177', 'b2200', 'b4105', 'b0066', 'b1485', 'b0887', 'b4086', 'b4032', 'b3271', 'b3544', 'b1125', 'b4035', 'b1756', 'b0862', 'b3269', 'b0810', 'b1755', 'b0792', 'b1709', 'b3728', 'b1124', 'b2677', 'b1290', 'b0765', 'b1116', 'b2424', 'b0490', 'b1484', 'b1483', 'b1711', 'b3476', 'b1441', 'b3201', 'b2198', 'b1243', 'b2197', 'b1486', 'b1859', 'b0857', 'b3020', 'b0832', 'b3749', 'b1117', 'b1858', 'b2679', 'b1291', 'b1294', 'b3750', 'b0654', 'b0861', 'b0856', 'b1118', 'b2546', 'b2131', 'b0914', 'b4261', 'b1329', 'b0262'}"
GO_0043199,"{'b2425', 'b3917'}"
GO_0043200,"{'b3743', 'b2156'}"
GO_0043201,{'b0889'}
GO_0043213,"{'b2155', 'b0929', 'b0740', 'b0738', 'b1252', 'b0737', 'b0739', 'b3005', 'b3006'}"
GO_0043231,set()
GO_0043254,{'b2793'}
GO_0043295,{'b3610'}
GO_0043335,"{'b2614', 'b0015', 'b0438', 'b0014', 'b0436', 'b0882', 'b3931'}"
GO_0043365,"{'b4237', 'b0902', 'b0824', 'b3952'}"
GO_0043414,"{'b1212', 'b3084', 'b4371', 'b2575', 'b2330'}"
GO_0043424,{'b1886'}
GO_0043442,{'b2224'}
GO_0043462,{'b4513'}
GO_0043468,{'b2805'}
GO_0043470,"{'b4366', 'b0239', 'b2217', 'b2427'}"
GO_0043487,set()
GO_0043488,"{'b4225', 'b3083', 'b3022', 'b3306'}"
GO_0043527,set()
GO_0043530,{'b1103'}
GO_0043531,"{'b1343', 'b0014', 'b1199', 'b2733', 'b2526', 'b1703', 'b1207', 'b4168', 'b2496', 'b2373'}"
GO_0043546,"{'b0894', 'b1468', 'b3894', 'b3551', 'b3895', 'b0283', 'b4079', 'b1872', 'b1673', 'b1224', 'b1588', 'b0997', 'b1587', 'b1971', 'b2283', 'b0998', 'b2206', 'b1474'}"
GO_0043565,"{'b1735', 'b0683', 'b2382', 'b4313', 'b2369', 'b1507', 'b3569', 'b1564', 'b0504', 'b3905', 'b0566', 'b0330', 'b3702', 'b0439', 'b1508', 'b3557', 'b3357', 'b3516', 'b3954', 'b1014', 'b3868', 'b2017', 'b4393', 'b0076', 'b0912', 'b0464', 'b0228', 'b2731', 'b4118', 'b4004', 'b4501', 'b0687', 'b4187', 'b4312', 'b1201', 'b2220', 'b0447', 'b0890', 'b3021', 'b1422', 'b3889', 'b1696', 'b0226', 'b2349', 'b0064', 'b0564', 'b1384', 'b0956', 'b4062', 'b1328', 'b3680', 'b2289', 'b4396', 'b1610', 'b2714', 'b0546', 'b3890', 'b3387', 'b1434', 'b1531', 'b2437', 'b3906', 'b3261', 'b1303', 'b3515', 'b1712', 'b0081', 'b0889', 'b3010', 'b0305', 'b4116', 'b2213', 'b2916', 'b2869', 'b3743', 'b3641', 'b0256', 'b1499', 'b1790', 'b3481'}"
GO_0043571,"{'b2755', 'b2757', 'b2754'}"
GO_0043580,{'b1677'}
GO_0043590,"{'b1000', 'b4347', 'b4172', 'b1625', 'b3641', 'b2616', 'b2186', 'b0393', 'b3822', 'b0471', 'b4351', 'b4109'}"
GO_0043597,{'b1763'}
GO_0043600,{'b3778'}
GO_0043602,{'b1223'}
GO_0043609,{'b2415'}
GO_0043610,"{'b4837', 'b2417'}"
GO_0043628,{'b1652'}
GO_0043633,{'b0143'}
GO_0043682,set()
GO_0043683,set()
GO_0043686,{'b3287'}
GO_0043687,"{'b1128', 'b2326', 'b4146', 'b2753', 'b4155'}"
GO_0043708,"{'b3911', 'b1022', 'b1978', 'b1023', 'b1202', 'b1021'}"
GO_0043709,"{'b2108', 'b0943', 'b2233', 'b1535', 'b0941', 'b0942', 'b0135', 'b4518', 'b3145', 'b1021', 'b0938', 'b1978', 'b0136'}"
GO_0043726,"{'b0844', 'b3812'}"
GO_0043737,{'b3998'}
GO_0043739,{'b3068'}
GO_0043743,{'b0780'}
GO_0043748,{'b2261'}
GO_0043751,{'b2501'}
GO_0043752,{'b1993'}
GO_0043755,{'b0638'}
GO_0043765,"{'b2831', 'b1960'}"
GO_0043768,{'b2687'}
GO_0043770,{'b3833'}
GO_0043771,{'b2066'}
GO_0043772,{'b3059'}
GO_0043798,"{'b0514', 'b3124'}"
GO_0043811,{'b1090'}
GO_0043815,{'b1849'}
GO_0043821,{'b2920'}
GO_0043824,{'b1746'}
GO_0043825,{'b1748'}
GO_0043828,{'b0503'}
GO_0043838,{'b3546'}
GO_0043842,{'b3633'}
GO_0043846,"{'b1099', 'b4372', 'b0640', 'b4259', 'b0470'}"
GO_0043856,"{'b4326', 'b1160', 'b0382', 'b0176'}"
GO_0043862,{'b4115'}
GO_0043872,{'b4132'}
GO_0043873,{'b1378'}
GO_0043875,{'b3114'}
GO_0043877,{'b3141'}
GO_0043879,"{'b2975', 'b4067', 'b3603'}"
GO_0043883,{'b2463'}
GO_0043887,{'b4120'}
GO_0043906,"{'b0194', 'b1787', 'b0481'}"
GO_0043907,{'b0481'}
GO_0043908,{'b3887'}
GO_0043916,{'b2068'}
GO_0043918,{'b0121'}
GO_0043952,"{'b0408', 'b3609', 'b3300', 'b3705', 'b3175', 'b0407', 'b0409', 'b0098', 'b3981'}"
GO_0043953,"{'b3839', 'b3838', 'b3836', 'b0627'}"
GO_0043957,{'b3253'}
GO_0044010,"{'b1112', 'b2054', 'b3764', 'b2624', 'b1058', 'b2708', 'b0272', 'b4122', 'b1507', 'b1024', 'b1564', 'b0551', 'b2783', 'b1831', 'b1023', 'b4026', 'b1511', 'b2981', 'b1166', 'b4539', 'b1042', 'b3037', 'b2017', 'b4338', 'b0225', 'b2218', 'b1044', 'b3022', 'b1333', 'b1809', 'b2630', 'b2958', 'b4224', 'b4249', 'b1037', 'b1563', 'b3130', 'b3604', 'b4225', 'b1167', 'b4189', 'b3129', 'b1039', 'b3879', 'b2792', 'b2782', 'b2631', 'b3021', 'b3225', 'b0226', 'b0967', 'b4252', 'b3061', 'b0461', 'b1041'}"
GO_0044011,"{'b4011', 'b2296', 'b3238', 'b1536', 'b1205', 'b2217', 'b1953', 'b3024'}"
GO_0044024,"{'b1507', 'b3859'}"
GO_0044027,set()
GO_0044038,{'b3784'}
GO_0044096,set()
GO_0044179,{'b1182'}
GO_0044183,"{'b3347', 'b0014', 'b3401', 'b3871', 'b1743', 'b2234', 'b0436', 'b4142', 'b4316', 'b0473', 'b3510'}"
GO_0044205,"{'b0945', 'b1281', 'b0033', 'b3642', 'b1062', 'b0032', 'b4245'}"
GO_0044206,"{'b2066', 'b2498', 'b3831'}"
GO_0044208,"{'b4177', 'b1131'}"
GO_0044209,"{'b0474', 'b1982', 'b0469'}"
GO_0044210,"{'b0171', 'b2780'}"
GO_0044211,{'b2066'}
GO_0044248,{'b2788'}
GO_0044255,set()
GO_0044272,"{'b0775', 'b3990'}"
GO_0044281,"{'b0910', 'b2224', 'b2342', 'b1095', 'b2478', 'b1091', 'b2323', 'b1397', 'b2844', 'b2914', 'b3845', 'b0356'}"
GO_0044283,{'b3812'}
GO_0044325,set()
GO_0044341,{'b4020'}
GO_0044349,{'b4501'}
GO_0044355,"{'b2820', 'b2822'}"
GO_0044374,{'b3261'}
GO_0044384,"{'b0814', 'b1371', 'b4570', 'b1369'}"
GO_0044403,{'b3554'}
GO_0044532,{'b1182'}
GO_0044547,{'b4566'}
GO_0044550,{'b0586'}
GO_0044569,"{'b2483', 'b2487', 'b2485', 'b2481', 'b2484', 'b2486', 'b2995', 'b0974', 'b2488', 'b0973', 'b2482', 'b0972'}"
GO_0044571,"{'b2527', 'b2530'}"
GO_0044581,{'b1253'}
GO_0044610,{'b1985'}
GO_0044659,"{'b1576', 'b0554', 'b4528', 'b0555', 'b0556', 'b4510'}"
GO_0044667,{'b0040'}
GO_0044715,{'b0099'}
GO_0044716,{'b0099'}
GO_0044718,"{'b0150', 'b2155', 'b0151', 'b4291', 'b0153', 'b0805', 'b1102'}"
GO_0044729,"{'b4346', 'b0687', 'b0966'}"
GO_0044776,"{'b0215', 'b1842', 'b0184'}"
GO_0044777,{'b4059'}
GO_0044780,"{'b1925', 'b1892', 'b3649', 'b1922', 'b4152', 'b3987', 'b1081', 'b4153', 'b4154', 'b3295', 'b4151', 'b1070', 'b1072', 'b1879', 'b1950', 'b1939', 'b1941', 'b1949', 'b1880', 'b3988', 'b1943', 'b1082'}"
GO_0044781,"{'b1072', 'b1942', 'b1070', 'b1071', 'b1940', 'b1925', 'b1891', 'b1892', 'b1075', 'b1941', 'b1948', 'b1879', 'b1880', 'b1926', 'b1878', 'b1947', 'b1943', 'b1081'}"
GO_0044787,"{'b3701', 'b3778'}"
GO_0044799,"{'b1225', 'b1224', 'b1227'}"
GO_0044806,"{'b0799', 'b3822'}"
GO_0044814,{'b0903'}
GO_0044826,"{'b2622', 'b2442', 'b1345', 'b1936', 'b1140', 'b2349', 'b0537', 'b0281'}"
GO_0044873,{'b1117'}
GO_0044874,"{'b1117', 'b1116', 'b1209', 'b0891', 'b1118'}"
GO_0044877,"{'b2513', 'b2782', 'b2783', 'b0740'}"
GO_0045004,"{'b0215', 'b0060'}"
GO_0045013,{'b3357'}
GO_0045121,{'b3051'}
GO_0045127,{'b1119'}
GO_0045145,{'b2892'}
GO_0045148,{'b1127'}
GO_0045152,"{'b2415', 'b2571'}"
GO_0045182,{'b0097'}
GO_0045226,"{'b2039', 'b4026', 'b4029', 'b2060', 'b0981', 'b2038', 'b0569', 'b3788', 'b3789', 'b4028', 'b4571', 'b2041', 'b4027', 'b2040', 'b2031'}"
GO_0045227,"{'b2175', 'b1856', 'b1655'}"
GO_0045228,"{'b2044', 'b2059', 'b2054', 'b2057', 'b2056', 'b2043', 'b2058', 'b2055', 'b2050', 'b2045'}"
GO_0045252,"{'b0726', 'b0727', 'b0116'}"
GO_0045254,"{'b0115', 'b0114', 'b0116'}"
GO_0045259,"{'b3732', 'b3738', 'b3731', 'b3734', 'b3737', 'b3735', 'b3733', 'b3736'}"
GO_0045261,"{'b3732', 'b3731', 'b3734', 'b3735', 'b3733'}"
GO_0045263,"{'b3739', 'b3738', 'b3737', 'b3736'}"
GO_0045271,"{'b2277', 'b2279', 'b2278', 'b2283', 'b2276', 'b2288', 'b2284', 'b2287', 'b2286', 'b2280', 'b2281', 'b2285', 'b2282'}"
GO_0045273,{'b0723'}
GO_0045283,"{'b4154', 'b4151', 'b4152', 'b4153'}"
GO_0045332,{'b2835'}
GO_0045333,"{'b1468', 'b1475', 'b3894', 'b2619', 'b4079', 'b3892', 'b1224', 'b1476', 'b2283', 'b3893', 'b2206', 'b1474'}"
GO_0045337,{'b0421'}
GO_0045437,"{'b2162', 'b0651', 'b0030'}"
GO_0045454,"{'b3500', 'b0849', 'b2673', 'b1654', 'b0886', 'b4136', 'b3962', 'b3781', 'b3190', 'b0435', 'b3610', 'b0887'}"
GO_0045471,"{'b1478', 'b3494', 'b3588'}"
GO_0045490,{'b2843'}
GO_0045493,{'b0271'}
GO_0045547,set()
GO_0045717,"{'b3256', 'b3963'}"
GO_0045723,{'b1187'}
GO_0045727,"{'b3162', 'b3842', 'b3486', 'b2569'}"
GO_0045732,{'b3228'}
GO_0045733,"{'b2297', 'b4069'}"
GO_0045819,{'b2415'}
GO_0045828,{'b3209'}
GO_0045848,{'b0450'}
GO_0045859,{'b3096'}
GO_0045861,{'b1071'}
GO_0045862,{'b1235'}
GO_0045883,{'b1987'}
GO_0045892,"{'b1735', 'b0683', 'b2105', 'b1111', 'b2427', 'b0272', 'b3071', 'b1507', 'b1564', 'b4241', 'b2707', 'b1164', 'b1221', 'b0330', 'b1187', 'b1951', 'b1508', 'b3226', 'b0506', 'b4480', 'b4191', 'b3075', 'b0345', 'b3357', 'b3264', 'b2537', 'b1620', 'b1450', 'b1014', 'b2017', 'b0113', 'b4393', 'b3995', 'b0464', 'b1618', 'b1071', 'b1969', 'b1162', 'b3319', 'b4187', 'b3938', 'b4043', 'b0015', 'b1988', 'b1625', 'b0014', 'b1921', 'b1422', 'b1827', 'b3067', 'b0226', 'b0064', 'b1328', 'b1658', 'b2289', 'b4292', 'b4178', 'b2714', 'b3963', 'b0730', 'b3934', 'b2684', 'b2572', 'b1237', 'b2697', 'b4089', 'b1434', 'b3912', 'b1531', 'b2217', 'b3261', 'b1303', 'b3574', 'b0081', 'b0889', 'b3023', 'b0225', 'b1323', 'b1320', 'b1235', 'b3022', 'b2213', 'b2573', 'b2916', 'b0761', 'b0413', 'b0817', 'b3601', 'b1530', 'b3743', 'b1563', 'b2741', 'b4251', 'b3438', 'b1799', 'b3129', 'b0313', 'b1040', 'b2571', 'b1649', 'b3094', 'b1790', 'b0069', 'b0357', 'b2669', 'b4401', 'b1013'}"
GO_0045893,"{'b0683', 'b3071', 'b3243', 'b2405', 'b2554', 'b0504', 'b3905', 'b2082', 'b0330', 'b1187', 'b1951', 'b1334', 'b3357', 'b2537', 'b3516', 'b0162', 'b0113', 'b3418', 'b1969', 'b3461', 'b4366', 'b2220', 'b3422', 'b3556', 'b1988', 'b0890', 'b4326', 'b1642', 'b0846', 'b0315', 'b3202', 'b0564', 'b1013', 'b1384', 'b0382', 'b2624', 'b2289', 'b3229', 'b3723', 'b3292', 'b3405', 'b1130', 'b0059', 'b4398', 'b1434', 'b3912', 'b4124', 'b1891', 'b1531', 'b2217', 'b3906', 'b3261', 'b1303', 'b1712', 'b0889', 'b3010', 'b0305', 'b4116', 'b2213', 'b1892', 'b2916', 'b0761', 'b1799', 'b1160', 'b3743', 'b3438', 'b0176', 'b4133', 'b3060', 'b1499', 'b0487', 'b3118', 'b1370', 'b3753', 'b0069', 'b3119', 'b4401', 'b0694'}"
GO_0045900,"{'b2597', 'b4391'}"
GO_0045903,"{'b4258', 'b1787'}"
GO_0045911,{'b3261'}
GO_0045912,{'b2417'}
GO_0045913,{'b3418'}
GO_0045926,"{'b1524', 'b0485'}"
GO_0045936,{'b3724'}
GO_0045944,set()
GO_0045947,"{'b2597', 'b2619', 'b3984', 'b2696', 'b1719', 'b4539', 'b3296'}"
GO_0045948,{'b2696'}
GO_0045974,set()
GO_0045975,{'b4172'}
GO_0046033,{'b1982'}
GO_0046037,"{'b2507', 'b3648'}"
GO_0046040,set()
GO_0046047,set()
GO_0046050,"{'b0675', 'b2744', 'b3831'}"
GO_0046052,set()
GO_0046061,set()
GO_0046067,{'b0099'}
GO_0046076,set()
GO_0046081,{'b3640'}
GO_0046084,set()
GO_0046086,{'b4177'}
GO_0046098,set()
GO_0046100,set()
GO_0046101,{'b1623'}
GO_0046103,set()
GO_0046104,{'b4382'}
GO_0046113,{'b2165'}
GO_0046115,{'b2407'}
GO_0046124,{'b0159'}
GO_0046132,set()
GO_0046133,"{'b2162', 'b0651'}"
GO_0046135,{'b2900'}
GO_0046166,set()
GO_0046167,{'b3608'}
GO_0046168,"{'b2243', 'b3608', 'b3426', 'b2242', 'b2241'}"
GO_0046174,{'b2241'}
GO_0046176,"{'b0268', 'b4298', 'b0269', 'b4297'}"
GO_0046177,"{'b3415', 'b3437', 'b2029', 'b3438', 'b1851', 'b4321', 'b4268'}"
GO_0046181,{'b3553'}
GO_0046183,"{'b4267', 'b4266', 'b4265', 'b4268'}"
GO_0046187,{'b1478'}
GO_0046196,{'b1385'}
GO_0046203,{'b1584'}
GO_0046208,{'b1584'}
GO_0046210,"{'b2711', 'b2710', 'b0873'}"
GO_0046214,{'b0585'}
GO_0046256,"{'b1650', 'b0578'}"
GO_0046271,{'b0348'}
GO_0046279,{'b1693'}
GO_0046292,{'b0355'}
GO_0046294,"{'b0355', 'b2154', 'b0356'}"
GO_0046295,{'b3385'}
GO_0046296,"{'b4468', 'b2979', 'b0509', 'b0507', 'b0514', 'b4467'}"
GO_0046306,"{'b0935', 'b0937'}"
GO_0046316,"{'b3437', 'b4268'}"
GO_0046323,"{'b3875', 'b1621'}"
GO_0046325,{'b4662'}
GO_0046336,"{'b2457', 'b2462', 'b2455', 'b2437', 'b2454', 'b2452', 'b2458', 'b2438', 'b2456', 'b2459', 'b2439', 'b2453', 'b2461', 'b2460', 'b2440', 'b2451', 'b2441'}"
GO_0046342,{'b3918'}
GO_0046348,"{'b2428', 'b4474'}"
GO_0046365,{'b1200'}
GO_0046377,"{'b2044', 'b2062', 'b2056'}"
GO_0046386,{'b4381'}
GO_0046392,"{'b3125', 'b3126', 'b3128', 'b3124'}"
GO_0046394,"{'b1096', 'b3770'}"
GO_0046397,{'b3689'}
GO_0046411,{'b3909'}
GO_0046416,"{'b1919', 'b2366'}"
GO_0046417,"{'b2600', 'b2599'}"
GO_0046421,{'b0331'}
GO_0046428,{'b3930'}
GO_0046429,{'b2515'}
GO_0046452,set()
GO_0046459,"{'b2222', 'b2221', 'b1694'}"
GO_0046470,{'b1234'}
GO_0046471,{'b3821'}
GO_0046474,"{'b0418', 'b3608', 'b1278', 'b2560'}"
GO_0046475,{'b2239'}
GO_0046487,"{'b0508', 'b3125', 'b0509'}"
GO_0046493,"{'b2255', 'b2253'}"
GO_0046496,{'b4167'}
GO_0046501,{'b0475'}
GO_0046537,{'b3612'}
GO_0046538,{'b0755'}
GO_0046553,{'b1800'}
GO_0046583,{'b1429'}
GO_0046618,"{'b0448', 'b0449'}"
GO_0046653,set()
GO_0046654,"{'b2315', 'b3360', 'b1865', 'b3177', 'b3058', 'b0142', 'b2153', 'b1812', 'b1096', 'b0048'}"
GO_0046655,set()
GO_0046656,"{'b2315', 'b3360', 'b1865', 'b3177', 'b3058', 'b1606', 'b0142', 'b1812', 'b1096', 'b0048'}"
GO_0046657,"{'b1338', 'b1337'}"
GO_0046677,"{'b1791', 'b2381', 'b3311', 'b4080', 'b4586', 'b4082', 'b1507', 'b3513', 'b3390', 'b1663', 'b2256', 'b1719', 'b1317', 'b4394', 'b0051', 'b0635', 'b2255', 'b3315', 'b3710', 'b1348', 'b0878', 'b3636', 'b3057', 'b4409', 'b2231', 'b0026', 'b2686', 'b3319', 'b3699', 'b0479', 'b0762', 'b1045', 'b2666', 'b3594', 'b2038', 'b2259', 'b4113', 'b2254', 'b2182', 'b3463', 'b1018', 'b3396', 'b2517', 'b2037', 'b0879', 'b3030', 'b0377', 'b0149', 'b0842', 'b1347', 'b1053', 'b0546', 'b3987', 'b3514', 'b2684', 'b4337', 'b1429', 'b4114', 'b2367', 'b1531', 'b4081', 'b3035', 'b2217', 'b2685', 'b0925', 'b1830', 'b3342', 'b3988', 'b2470', 'b3935', 'b0463', 'b0048', 'b0225', 'b3339', 'b3305', 'b2617', 'b1530', 'b2211', 'b1563', 'b0591', 'b1430', 'b3303', 'b2290', 'b0462', 'b2368', 'b0179', 'b3980', 'b1288', 'b1532', 'b1065', 'b3191', 'b4150', 'b0135', 'b1352', 'b3296', 'b0795', 'b0841', 'b3182', 'b2521', 'b2253'}"
GO_0046685,"{'b2638', 'b3502', 'b3503', 'b3501'}"
GO_0046686,"{'b3469', 'b0649', 'b1778'}"
GO_0046687,{'b0763'}
GO_0046688,"{'b1112', 'b0573', 'b2893', 'b1968', 'b0574', 'b0571', 'b1111', 'b4136', 'b1841', 'b0572', 'b0575', 'b0123', 'b4137'}"
GO_0046690,"{'b1429', 'b1430'}"
GO_0046710,{'b3648'}
GO_0046718,"{'b2622', 'b1936', 'b0411', 'b1140', 'b2215', 'b0739', 'b2349', 'b0957', 'b2442', 'b1345', 'b4036', 'b0537', 'b0281'}"
GO_0046777,"{'b3404', 'b3210', 'b2218'}"
GO_0046790,"{'b0150', 'b0739'}"
GO_0046813,"{'b2215', 'b0568'}"
GO_0046820,"{'b3360', 'b1812'}"
GO_0046835,"{'b3564', 'b0757', 'b2803', 'b1772', 'b3052', 'b3693', 'b3625', 'b1199', 'b1198', 'b1200', 'b3374', 'b3580', 'b0394', 'b3630', 'b0758', 'b3752', 'b4084', 'b2168', 'b4094', 'b1119', 'b3526', 'b3883', 'b3904', 'b3222'}"
GO_0046836,"{'b3200', 'b3199'}"
GO_0046839,{'b0418'}
GO_0046854,"{'b4214', 'b2533'}"
GO_0046857,{'b1650'}
GO_0046870,"{'b1973', 'b3616'}"
GO_0046872,"{'b1127', 'b0110', 'b2105', 'b0675', 'b2293', 'b1025', 'b1764', 'b2995', 'b3635', 'b0822', 'b1971', 'b3947', 'b4379', 'b1706', 'b2868', 'b2798', 'b1467', 'b0732', 'b4019', 'b1973', 'b1276', 'b2767', 'b3583', 'b3399', 'b3066', 'b3699', 'b0608', 'b2411', 'b1494', 'b0173', 'b4226', 'b2559', 'b4071', 'b1538', 'b2468', 'b1344', 'b3041', 'b2761', 'b3115', 'b2720', 'b1136', 'b3812', 'b0315', 'b3994', 'b1474', 'b3038', 'b3681', 'b0734', 'b0273', 'b2994', 'b3292', 'b3801', 'b0512', 'b2205', 'b2961', 'b2713', 'b3697', 'b4305', 'b2002', 'b1676', 'b1673', 'b3034', 'b1093', 'b1744', 'b3287', 'b2538', 'b2212', 'b3935', 'b4474', 'b1498', 'b2213', 'b2235', 'b3080', 'b0996', 'b3640', 'b2687', 'b3247', 'b0312', 'b2729', 'b4161', 'b2954', 'b2996', 'b2829', 'b1490', 'b2917', 'b3337', 'b0722', 'b0222', 'b0307', 'b1224', 'b2051', 'b0357', 'b3925', 'b1713', 'b2530', 'b1974', 'b0339', 'b4069', 'b4254', 'b2726', 'b4242', 'b2708', 'b0092', 'b1535', 'b1180', 'b3829', 'b1432', 'b3039', 'b3390', 'b3183', 'b3571', 'b2022', 'b2206', 'b4367', 'b0827', 'b4394', 'b4244', 'b3414', 'b1829', 'b1656', 'b0385', 'b2173', 'b2265', 'b1629', 'b1856', 'b0710', 'b1034', 'b0771', 'b3518', 'b0549', 'b4374', 'b2738', 'b0237', 'b3054', 'b1882', 'b4063', 'b0356', 'b0247', 'b1468', 'b0758', 'b1378', 'b2162', 'b2208', 'b0258', 'b0873', 'b0583', 'b0775', 'b3893', 'b2465', 'b0972', 'b1057', 'b1628', 'b0344', 'b3380', 'b0616', 'b1341', 'b1129', 'b0104', 'b0238', 'b4178', 'b2291', 'b3565', 'b1671', 'b2004', 'b0062', 'b2281', 'b3164', 'b2039', 'b4167', 'b2086', 'b0516', 'b1652', 'b3990', 'b2417', 'b0417', 'b2315', 'b0524', 'b3177', 'b0763', 'b2676', 'b3715', 'b4119', 'b0212', 'b2872', 'b3365', 'b0714', 'b3908', 'b2384', 'b0096', 'b3774', 'b1865', 'b2993', 'b4214', 'b1684', 'b2283', 'b0992', 'b2887', 'b3421', 'b1897', 'b1976', 'b1633', 'b3498', 'b2431', 'b0420', 'b2373', 'b1851', 'b2215', 'b2147', 'b2925', 'b1019', 'b3945', 'b0061', 'b2644', 'b3326', 'b2562', 'b3128', 'b2755', 'b0215', 'b0826', 'b2122', 'b2528', 'b3032', 'b3403', 'b2067', 'b2886', 'b2400', 'b2976', 'b1203', 'b0902', 'b2508', 'b3021', 'b4358', 'b0446', 'b4186', 'b2881', 'b2165', 'b2582', 'b3894', 'b0214', 'b0835', 'b2104', 'b2797', 'b3589', 'b2540', 'b2997', 'b1955', 'b3187', 'b0804', 'b0515', 'b1654', 'b2472', 'b0799', 'b2710', 'b2788', 'b0871', 'b2459', 'b1813', 'b0761', 'b3678', 'b1584', 'b3916', 'b3822', 'b0526', 'b1476', 'b3397', 'b0484', 'b0352', 'b0979', 'b3040', 'b1363', 'b4083', 'b0114', 'b2287', 'b4075', 'b4042', 'b2143', 'b0470', 'b3942', 'b0406', 'b3926', 'b0659', 'b3481', 'b2878', 'b1594', 'b1488', 'b2560', 'b3847', 'b4352', 'b0895', 'b0174', 'b1719', 'b4334', 'b4301', 'b1317', 'b1785', 'b0144', 'b4092', 'b0728', 'b2563', 'b1062', 'b1854', 'b1651', 'b2194', 'b0688', 'b0168', 'b2930', 'b4328', 'b3256', 'b3178', 'b2489', 'b0101', 'b0766', 'b2690', 'b2204', 'b2239', 'b1100', 'b2487', 'b2937', 'b4267', 'b2488', 'b3327', 'b0044', 'b4776', 'b2515', 'b2316', 'b2517', 'b0624', 'b3626', 'b0285', 'b0852', 'b3998', 'b1808', 'b4469', 'b1822', 'b1872', 'b2501', 'b2091', 'b4238', 'b2659', 'b2383', 'b0867', 'b0368', 'b3936', 'b1702', 'b3222', 'b2159', 'b2518', 'b2866', 'b3064', 'b1084', 'b1734', 'b4196', 'b4388', 'b2753', 'b3011', 'b2800', 'b2583', 'b3527', 'b0487', 'b0837', 'b1838', 'b3197', 'b3385', 'b1857', 'b2688', 'b2820', 'b0683', 'b3551', 'b2261', 'b0570', 'b3671', 'b0369', 'b3915', 'b1794', 'b0909', 'b3885', 'b1274', 'b3706', 'b2879', 'b0388', 'b1241', 'b4269', 'b3549', 'b2494', 'b3336', 'b1225', 'b1905', 'b3198', 'b2787', 'b1423', 'b1956', 'b0750', 'b0574', 'b2113', 'b0932', 'b4467', 'b3857', 'b0072', 'b1849', 'b1313', 'b0286', 'b2717', 'b0145', 'b4471', 'b2236', 'b0431', 'b2955', 'b2552', 'b3389', 'b1700', 'b4015', 'b1863', 'b1740', 'b2392', 'b4079', 'b3056', 'b4055', 'b3410', 'b4162', 'b2436', 'b1465', 'b2697', 'b1475', 'b0284', 'b1749', 'b0123', 'b2712', 'b2020', 'b1501', 'b1967', 'b2785', 'b2719', 'b4479', 'b0413', 'b3843', 'b1589', 'b2328', 'b2285', 'b2019', 'b0156', 'b3800', 'b0677', 'b0472', 'b2593', 'b2604', 'b1732', 'b4556', 'b1774', 'b0033', 'b4166', 'b2214', 'b3126', 'b2873', 'b0697', 'b2557', 'b4198', 'b0803', 'b2326', 'b1803', 'b1314', 'b4072', 'b4213', 'b3932', 'b4232', 'b0288', 'b0087', 'b4070', 'b2523', 'b2727', 'b2821', 'b0975', 'b2947', 'b2802', 'b3159', 'b2268', 'b3573', 'b3898', 'b4085', 'b0973', 'b0125', 'b4153', 'b4005', 'b1727', 'b3752', 'b4378', 'b0029', 'b2777', 'b0679', 'b1800', 'b0002', 'b3807', 'b0872', 'b4173', 'b2531', 'b0661', 'b3212', 'b3379', 'b0337', 'b2988', 'b2780', 'b0164', 'b2744', 'b1687', 'b2533', 'b3439', 'b2184', 'b4209', 'b0438', 'b4389', 'b4260', 'b2567', 'b0593', 'b2453', 'b2153', 'b2883', 'b2908', 'b1802', 'b0176', 'b0126', 'b1786', 'b3996', 'b3616', 'b2264', 'b4478', 'b2481', 'b1960', 'b2938', 'b3826', 'b0073', 'b2746', 'b2439', 'b0974', 'b0183', 'b0522', 'b0844', 'b3940', 'b0134', 'b0573', 'b1128', 'b1733', 'b2150', 'b0381', 'b0778', 'b2944', 'b1497', 'b0418', 'b3639', 'b2843', 'b2203', 'b1927', 'b2779', 'b3449', 'b0628', 'b0733', 'b2734', 'b2296', 'b1266', 'b0325', 'b3789', 'b2584', 'b3992', 'b4168', 'b2048', 'b1238', 'b1593', 'b0074', 'b1873', 'b0927', 'b2763', 'b0015', 'b0383', 'b0421', 'b1280', 'b2114', 'b3867', 'b2545', 'b1119', 'b0550', 'b2467', 'b3061', 'b3469', 'b1418', 'b0480', 'b3030', 'b0475', 'b2991', 'b1207', 'b3349', 'b2202', 'b1489', 'b0834', 'b1891', 'b0444', 'b3988', 'b1386', 'b2197', 'b3957', 'b3211', 'b1580', 'b2739', 'b1714', 'b3081', 'b2721', 'b2096', 'b0077', 'b2284', 'b2724', 'b3865', 'b1478', 'b4483', 'b2890', 'b2300', 'b3176', 'b1326', 'b0331', 'b0595', 'b4122', 'b1776', 'b1588', 'b3821', 'b3993', 'b2418', 'b1199', 'b2765', 'b0052', 'b3870', 'b1264', 'b4383', 'b0599', 'b2299', 'b1392', 'b1778', 'b3581', 'b3137', 'b1972', 'b1277', 'b4098', 'b3627', 'b1334', 'b1814', 'b1120', 'b0812', 'b1325', 'b2877', 'b3386', 'b0200', 'b4237', 'b0026', 'b4146', 'b3849', 'b3903', 'b4177', 'b1479', 'b0099', 'b3952', 'b1613', 'b0261', 'b1670', 'b3213', 'b1674', 'b1841', 'b0859', 'b0724', 'b2416', 'b1646', 'b0721', 'b2889', 'b1612', 'b0997', 'b4058', 'b2011', 'b1587', 'b3859', 'b2936', 'b2935', 'b1768', 'b3966', 'b3771', 'b4137', 'b0187', 'b2799', 'b0098', 'b2525', 'b2942', 'b0231', 'b3617', 'b2243', 'b3638', 'b3612', 'b3158', 'b2247', 'b0781', 'b3902', 'b0978', 'b0894', 'b0757', 'b2312', 'b1763', 'b0824', 'b1522', 'b1623', 'b2163', 'b2040', 'b0118', 'b2615', 'b2781', 'b0414', 'b3730', 'b1723', 'b3892', 'b4129', 'b2245', 'b2463', 'b1227'}"
GO_0046873,"{'b3915', 'b2392', 'b3040'}"
GO_0046890,{'b1280'}
GO_0046901,{'b2315'}
GO_0046906,{'b2436'}
GO_0046907,{'b1833'}
GO_0046912,"{'b0074', 'b0720', 'b0333'}"
GO_0046914,"{'b0573', 'b2385', 'b0574', 'b3408', 'b0168', 'b3476', 'b0817', 'b3822', 'b4352', 'b2908'}"
GO_0046917,{'b0613'}
GO_0046920,{'b2050'}
GO_0046930,"{'b0929', 'b3966', 'b2062', 'b0553', 'b4311', 'b0241', 'b3720', 'b1615', 'b1965', 'b0572', 'b0411', 'b2215', 'b4496', 'b1966', 'b0957', 'b3875', 'b0681', 'b1319', 'b1377', 'b0983', 'b4036', 'b1964'}"
GO_0046933,"{'b3732', 'b3734', 'b1941', 'b3735', 'b3738', 'b3736', 'b3737', 'b3731', 'b3733'}"
GO_0046936,"{'b1623', 'b2593'}"
GO_0046940,"{'b0910', 'b0474', 'b2984', 'b0171', 'b1098', 'b0607', 'b2986'}"
GO_0046942,"{'b3240', 'b3528', 'b1015', 'b4077', 'b3241', 'b4067', 'b3258'}"
GO_0046943,set()
GO_0046944,{'b2712'}
GO_0046952,{'b1694'}
GO_0046961,"{'b3732', 'b3734', 'b1941', 'b3735', 'b3738', 'b3736', 'b3737', 'b3733'}"
GO_0046982,"{'b3360', 'b1812', 'b1337', 'b1140', 'b0032', 'b1338'}"
GO_0046983,"{'b1603', 'b2469', 'b3295', 'b2319', 'b0438', 'b3433', 'b3668', 'b2320', 'b0817', 'b1222', 'b4083', 'b2669', 'b1237'}"
GO_0046990,{'b1463'}
GO_0047001,{'b2842'}
GO_0047029,{'b0801'}
GO_0047067,{'b2996'}
GO_0047070,{'b0348'}
GO_0047106,{'b1385'}
GO_0047111,"{'b3894', 'b1474'}"
GO_0047134,"{'b2582', 'b4136'}"
GO_0047241,{'b3794'}
GO_0047270,{'b3627'}
GO_0047324,"{'b1200', 'b1199', 'b1198'}"
GO_0047371,"{'b2222', 'b2221'}"
GO_0047372,set()
GO_0047388,{'b3053'}
GO_0047389,{'b3449'}
GO_0047395,{'b3449'}
GO_0047405,{'b2795'}
GO_0047419,{'b0677'}
GO_0047429,"{'b2251', 'b2781', 'b2954', 'b3248', 'b1087'}"
GO_0047440,"{'b0268', 'b4298'}"
GO_0047456,{'b0118'}
GO_0047465,{'b3223'}
GO_0047475,{'b1398'}
GO_0047480,{'b0086'}
GO_0047527,"{'b0595', 'b0594', 'b0586'}"
GO_0047545,"{'b0599', 'b2913', 'b2660'}"
GO_0047547,{'b0334'}
GO_0047559,{'b3575'}
GO_0047577,{'b3882'}
GO_0047589,{'b2662'}
GO_0047617,"{'b0443', 'b0494', 'b0452'}"
GO_0047622,{'b0030'}
GO_0047631,"{'b3397', 'b3034'}"
GO_0047639,{'b1478'}
GO_0047652,{'b0516'}
GO_0047661,{'b2840'}
GO_0047681,{'b0207'}
GO_0047693,"{'b2781', 'b0099', 'b0905'}"
GO_0047723,{'b2795'}
GO_0047724,"{'b2407', 'b0030'}"
GO_0047770,"{'b0284', 'b0286', 'b0285'}"
GO_0047804,"{'b1622', 'b3008'}"
GO_0047808,{'b4122'}
GO_0047809,"{'b4468', 'b2979', 'b4467'}"
GO_0047840,"{'b2251', 'b1759'}"
GO_0047847,"{'b3831', 'b0391'}"
GO_0047917,{'b2051'}
GO_0047938,{'b1780'}
GO_0047952,{'b3608'}
GO_0047954,{'b2533'}
GO_0047975,"{'b4384', 'b2407', 'b0391'}"
GO_0047995,{'b0801'}
GO_0048001,{'b2927'}
GO_0048027,"{'b4202', 'b3687', 'b4200', 'b2696', 'b3231', 'b1719', 'b3319', 'b3296'}"
GO_0048029,"{'b1901', 'b3566', 'b4088', 'b3751', 'b3748'}"
GO_0048031,{'b3418'}
GO_0048034,{'b0428'}
GO_0048038,"{'b2277', 'b2279', 'b2278', 'b2719', 'b2276', 'b0124', 'b2288', 'b2489', 'b2133', 'b2721', 'b2284', 'b2280', 'b2281', 'b2285', 'b2487', 'b1386', 'b2287', 'b2286', 'b2283', 'b2282'}"
GO_0048039,"{'b1185', 'b0431', 'b2277', 'b2619', 'b0721', 'b0124', 'b0871'}"
GO_0048040,{'b2255'}
GO_0048255,"{'b2696', 'b3162', 'b3996'}"
GO_0048473,"{'b0199', 'b0197', 'b0198'}"
GO_0048476,"{'b2894', 'b1861', 'b3811', 'b1860', 'b1863'}"
GO_0048500,{'b2610'}
GO_0048502,{'b0066'}
GO_0048545,"{'b2686', 'b2685'}"
GO_0048870,"{'b3295', 'b2381', 'b2014', 'b3649', 'b4355', 'b3988', 'b2699', 'b3987', 'b3202'}"
GO_0050032,{'b2247'}
GO_0050081,"{'b3681', 'b4556'}"
GO_0050084,"{'b2293', 'b1727'}"
GO_0050089,{'b3880'}
GO_0050131,{'b1059'}
GO_0050136,"{'b2279', 'b1109', 'b4211', 'b2276', 'b3713', 'b2288', 'b0046', 'b1004', 'b2287', 'b2286', 'b3351', 'b2281'}"
GO_0050140,{'b2206'}
GO_0050145,{'b0474'}
GO_0050152,{'b0219'}
GO_0050163,"{'b1180', 'b1612'}"
GO_0050165,{'b3974'}
GO_0050176,{'b3441'}
GO_0050179,{'b0870'}
GO_0050218,"{'b0335', 'b4069'}"
GO_0050225,{'b2166'}
GO_0050236,{'b1406'}
GO_0050262,{'b4390'}
GO_0050263,"{'b2162', 'b0651', 'b0030'}"
GO_0050272,{'b2414'}
GO_0050286,"{'b0822', 'b2293', 'b1727'}"
GO_0050297,{'b3039'}
GO_0050308,"{'b1727', 'b2293', 'b3697', 'b3826', 'b0980', 'b0822', 'b0766', 'b2690'}"
GO_0050311,set()
GO_0050340,"{'b2291', 'b4374'}"
GO_0050355,"{'b4226', 'b3054'}"
GO_0050380,"{'b0841', 'b2174', 'b1278', 'b3057'}"
GO_0050385,{'b0505'}
GO_0050401,"{'b0269', 'b4297'}"
GO_0050418,{'b0873'}
GO_0050427,set()
GO_0050440,{'b0333'}
GO_0050446,{'b1412'}
GO_0050483,{'b3399'}
GO_0050484,"{'b2744', 'b3399'}"
GO_0050498,{'b2659'}
GO_0050511,{'b0090'}
GO_0050515,{'b1208'}
GO_0050518,{'b2747'}
GO_0050519,{'b0614'}
GO_0050526,{'b3353'}
GO_0050531,{'b1955'}
GO_0050568,{'b1883'}
GO_0050569,{'b1415'}
GO_0050570,{'b0052'}
GO_0050572,{'b4267'}
GO_0050577,{'b2052'}
GO_0050580,{'b3012'}
GO_0050626,"{'b0997', 'b1872'}"
GO_0050660,"{'b3500', 'b2612', 'b2210', 'b0872', 'b0116', 'b0285', 'b3671', 'b4218', 'b1392', 'b2063', 'b2036', 'b1004', 'b2133', 'b2324', 'b0311', 'b1163', 'b2574', 'b4049', 'b3260', 'b1109', 'b1687', 'b3070', 'b0221', 'b0871', 'b0304', 'b2764', 'b1014', 'b2711', 'b0888', 'b2140', 'b2769', 'b0658', 'b3962', 'b1698', 'b3028', 'b0039', 'b1191', 'b2146', 'b3690', 'b0077', 'b3365', 'b1816', 'b4154', 'b3972', 'b1059', 'b3741', 'b0042', 'b0606', 'b4461', 'b2613', 'b0723', 'b1695', 'b2660', 'b2241'}"
GO_0050661,"{'b3500', 'b3433', 'b3619', 'b3281', 'b3125', 'b1004', 'b1852', 'b0509', 'b2350', 'b2736', 'b3365', 'b3882', 'b1603', 'b1210', 'b2763', 'b2029', 'b0243', 'b0002', 'b0414', 'b2661', 'b0425', 'b3774', 'b1602', 'b1779', 'b1093', 'b0031', 'b3940', 'b0048'}"
GO_0050667,"{'b3829', 'b4019'}"
GO_0050779,"{'b2830', 'b3205'}"
GO_0050821,"{'b3687', 'b0053', 'b2571', 'b0178', 'b3686', 'b3349', 'b3005', 'b3006'}"
GO_0050897,"{'b3957', 'b2361', 'b0512', 'b4002', 'b2472', 'b2293', 'b0052', 'b2291', 'b3349', 'b0160'}"
GO_0050918,"{'b3751', 'b3544'}"
GO_0050919,{'b3476'}
GO_0050920,"{'b1888', 'b1881', 'b1882', 'b1886', 'b4355'}"
GO_0050992,"{'b0029', 'b2889'}"
GO_0050997,{'b2679'}
GO_0051050,{'b1831'}
GO_0051073,{'b1992'}
GO_0051075,{'b0405'}
GO_0051082,"{'b3609', 'b0438', 'b3401', 'b4484', 'b4243', 'b0178', 'b3509', 'b3349', 'b3510', 'b1000', 'b0015', 'b0053', 'b1466', 'b0014', 'b1743', 'b1226', 'b0492', 'b0473', 'b4143', 'b2526'}"
GO_0051083,{'b0436'}
GO_0051085,"{'b1000', 'b2614', 'b0015', 'b4142', 'b4143', 'b0014'}"
GO_0051087,"{'b0015', 'b1823', 'b0014', 'b3941', 'b0055', 'b2614', 'b0881', 'b0473', 'b2527'}"
GO_0051096,set()
GO_0051103,{'b3647'}
GO_0051108,{'b0037'}
GO_0051109,{'b0037'}
GO_0051117,"{'b0437', 'b3228'}"
GO_0051131,"{'b1226', 'b1466'}"
GO_0051143,{'b2799'}
GO_0051156,"{'b2388', 'b4084'}"
GO_0051191,"{'b0613', 'b0614'}"
GO_0051192,{'b0617'}
GO_0051205,"{'b2595', 'b2512', 'b0177', 'b3705', 'b4557', 'b2617', 'b2477'}"
GO_0051213,"{'b2539', 'b1128', 'b1423', 'b2659', 'b3039', 'b3439', 'b0368', 'b0804', 'b2538', 'b0348', 'b2212'}"
GO_0051219,{'b1881'}
GO_0051224,{'b2207'}
GO_0051252,"{'b3929', 'b3252'}"
GO_0051258,{'b0095'}
GO_0051259,"{'b1084', 'b3169', 'b3237', 'b0998', 'b2527'}"
GO_0051260,"{'b2924', 'b1241', 'b1886'}"
GO_0051262,{'b3609'}
GO_0051266,{'b3368'}
GO_0051274,{'b1048'}
GO_0051276,"{'b0956', 'b3764', 'b2231', 'b3699', 'b3030', 'b3261', 'b3019'}"
GO_0051286,"{'b1887', 'b1886', 'b2007'}"
GO_0051287,"{'b3958', 'b1380', 'b3433', 'b0351', 'b0052', 'b1004', 'b2736', 'b2927', 'b2319', 'b1619', 'b3290', 'b2028', 'b3608', 'b1093', 'b2286', 'b0031', 'b2020', 'b3787', 'b2842', 'b1444', 'b2041', 'b3125', 'b2721', 'b3553', 'b3152', 'b2284', 'b1479', 'b0509', 'b2913', 'b3882', 'b2615', 'b2487', 'b0073', 'b0606', 'b2320', 'b3368', 'b1033', 'b1779', 'b1136', 'b1800', 'b2463'}"
GO_0051289,"{'b0956', 'b1380', 'b2708', 'b2154', 'b3008', 'b0238', 'b0651', 'b2705', 'b2780', 'b1767', 'b3137', 'b2039', 'b3956', 'b0892', 'b4139', 'b0935', 'b1773', 'b1970', 'b3945', 'b0368', 'b2795', 'b2957', 'b2947', 'b1444', 'b3713', 'b4390', 'b1084', 'b3916', 'b3903', 'b2908', 'b0125', 'b0312', 'b1539', 'b0126', 'b1694', 'b3882', 'b2508', 'b1288', 'b3205', 'b2162', 'b0677', 'b2661', 'b2938', 'b0222', 'b1606', 'b3197', 'b3430', 'b0002'}"
GO_0051301,"{'b2963', 'b2910', 'b1731', 'b0086', 'b1174', 'b0739', 'b0174', 'b1570', 'b3613', 'b0087', 'b1175', 'b0084', 'b2435', 'b0923', 'b0091', 'b1176', 'b4409', 'b0924', 'b2742', 'b4520', 'b0737', 'b4233', 'b4169', 'b3972', 'b0890', 'b0094', 'b3232', 'b3388', 'b1575', 'b0742', 'b2314', 'b3233', 'b3463', 'b0946', 'b1916', 'b0956', 'b4206', 'b3933', 'b0632', 'b0095', 'b0088', 'b3462', 'b3811', 'b0083', 'b1327', 'b2748', 'b0634', 'b0740', 'b0089', 'b2412', 'b2184', 'b3189', 'b0102', 'b0436', 'b0438', 'b0958', 'b0093', 'b1569', 'b3641', 'b3247', 'b2817', 'b3017', 'b0085', 'b3865', 'b1963', 'b3163', 'b0090', 'b0741', 'b3928', 'b1352', 'b0922', 'b1107', 'b0738', 'b3182', 'b1193', 'b2894'}"
GO_0051302,"{'b3742', 'b0946', 'b3641', 'b1176', 'b1575', 'b1731', 'b3361'}"
GO_0051304,{'b1763'}
GO_0051391,{'b2474'}
GO_0051392,{'b2474'}
GO_0051409,"{'b3961', 'b2552', 'b4209'}"
GO_0051410,{'b2366'}
GO_0051453,"{'b0047', 'b0046', 'b3350', 'b3351', 'b0019'}"
GO_0051454,"{'b0047', 'b4117', 'b0046', 'b1493', 'b1492', 'b3517'}"
GO_0051476,{'b0731'}
GO_0051479,{'b1955'}
GO_0051484,{'b0173'}
GO_0051494,{'b2005'}
GO_0051495,"{'b0246', 'b2004', 'b2645', 'b0266'}"
GO_0051499,{'b3887'}
GO_0051500,{'b3887'}
GO_0051518,{'b0149'}
GO_0051536,"{'b1628', 'b2878', 'b2517', 'b4166', 'b0872', 'b3771', 'b2540', 'b2997', 'b3410', 'b1808', 'b1334', 'b2868', 'b2147', 'b0288', 'b1467', 'b1673', 'b2243', 'b4237', 'b3211', 'b2113', 'b4146', 'b0771', 'b2767', 'b4467', 'b2528', 'b2146', 'b2529', 'b3365', 'b4153', 'b2996', 'b0156', 'b0724', 'b0307', 'b3867', 'b0873', 'b2777', 'b3994', 'b1684', 'b0775', 'b2283', 'b1700', 'b0972'}"
GO_0051537,"{'b0872', 'b2531', 'b0334', 'b3771', 'b2528', 'b4178', 'b1392', 'b3190', 'b2540', 'b2529', 'b1803', 'b4063', 'b1802', 'b3365', 'b2285', 'b4153', 'b4367', 'b0286', 'b2525', 'b1654', 'b0156', 'b0724', 'b2868', 'b2236', 'b3337', 'b1683', 'b1684', 'b0873', 'b2881', 'b3366', 'b0947', 'b2538', 'b0775', 'b2283', 'b2530'}"
GO_0051538,"{'b3212', 'b1225', 'b0029', 'b2997', 'b0972', 'b0724', 'b1467', 'b4153'}"
GO_0051539,"{'b2878', 'b2887', 'b4166', 'b1633', 'b4072', 'b0895', 'b1497', 'b4334', 'b2206', 'b3414', 'b4098', 'b4379', 'b1851', 'b1334', 'b1225', 'b1814', 'b2147', 'b1467', 'b1629', 'b0750', 'b0628', 'b2562', 'b4237', 'b4146', 'b3159', 'b1276', 'b3573', 'b4467', 'b2146', 'b2529', 'b0072', 'b2489', 'b2886', 'b0902', 'b3952', 'b4153', 'b2763', 'b1468', 'b2204', 'b3213', 'b1378', 'b1674', 'b2468', 'b0724', 'b0859', 'b2208', 'b4471', 'b1344', 'b2487', 'b3867', 'b2955', 'b0029', 'b1612', 'b2720', 'b2488', 'b2777', 'b3994', 'b0044', 'b3061', 'b0775', 'b1588', 'b3893', 'b1474', 'b2515', 'b0972', 'b3894', 'b2517', 'b1628', 'b0285', 'b1587', 'b0835', 'b4079', 'b3771', 'b0661', 'b2797', 'b1671', 'b2997', 'b3410', 'b4469', 'b3541', 'b2281', 'b1475', 'b2205', 'b1687', 'b2961', 'b0799', 'b2713', 'b1683', 'b1673', 'b2243', 'b3158', 'b0781', 'b3990', 'b1501', 'b0894', 'b3211', 'b2785', 'b2719', 'b0824', 'b1589', 'b3081', 'b2163', 'b2721', 'b0118', 'b2729', 'b3365', 'b2284', 'b2724', 'b2996', 'b0156', 'b3800', 'b2481', 'b0307', 'b1224', 'b2287', 'b4122', 'b1684', 'b2283', 'b0992'}"
GO_0051540,"{'b2487', 'b3476'}"
GO_0051575,{'b2011'}
GO_0051595,"{'b0047', 'b1967', 'b1407', 'b3048', 'b4365'}"
GO_0051596,"{'b1781', 'b3012', 'b3945', 'b0207', 'b3001'}"
GO_0051599,{'b4351'}
GO_0051603,"{'b3234', 'b2494', 'b3932', 'b0909'}"
GO_0051604,"{'b3414', 'b2728', 'b3891', 'b2712', 'b0156', 'b2726', 'b3800', 'b0998', 'b2990', 'b2991', 'b2730', 'b2992', 'b2727', 'b2729', 'b3349', 'b1497', 'b0902', 'b1591'}"
GO_0051607,"{'b2755', 'b2782', 'b2627', 'b2760', 'b2628', 'b2759', 'b2630', 'b2758', 'b2761', 'b2756', 'b2757', 'b2754'}"
GO_0051649,{'b1887'}
GO_0051726,{'b1176'}
GO_0051745,{'b0029'}
GO_0051781,"{'b2519', 'b3462', 'b3463'}"
GO_0051782,"{'b3251', 'b1352', 'b0958', 'b1575'}"
GO_0051870,{'b0048'}
GO_0051871,{'b0048'}
GO_0051903,{'b0356'}
GO_0051908,{'b1350'}
GO_0051920,"{'b1482', 'b1710', 'b1753', 'b0605'}"
GO_0051977,{'b2835'}
GO_0051978,{'b2835'}
GO_0051983,{'b3251'}
GO_0051989,{'b3867'}
GO_0051991,{'b0090'}
GO_0051992,{'b0087'}
GO_0052131,{'b3072'}
GO_0052381,{'b4171'}
GO_0052547,{'b4175'}
GO_0052588,{'b2426'}
GO_0052595,{'b1386'}
GO_0052614,{'b1012'}
GO_0052621,"{'b1785', 'b0834', 'b1341', 'b1535', 'b1490', 'b1794', 'b1025', 'b1522', 'b0385', 'b2604', 'b2067', 'b1956', 'b1786'}"
GO_0052654,"{'b4054', 'b3770'}"
GO_0052655,{'b3770'}
GO_0052656,{'b3770'}
GO_0052657,"{'b0125', 'b0238'}"
GO_0052660,{'b2799'}
GO_0052661,{'b2799'}
GO_0052673,{'b2104'}
GO_0052689,"{'b3412', 'b0476', 'b4192', 'b2473', 'b0355', 'b2154', 'b3031', 'b0686', 'b3353', 'b0239'}"
GO_0052693,{'b4166'}
GO_0052717,{'b2559'}
GO_0052733,set()
GO_0052734,set()
GO_0052737,{'b0871'}
GO_0052739,{'b3821'}
GO_0052745,{'b0980'}
GO_0052751,{'b2467'}
GO_0052773,{'b1733'}
GO_0052777,"{'b1733', 'b1734'}"
GO_0052778,{'b0681'}
GO_0052816,"{'b0494', 'b1253'}"
GO_0052821,{'b2068'}
GO_0052822,{'b2068'}
GO_0052823,{'b0349'}
GO_0052832,{'b2533'}
GO_0052833,{'b2533'}
GO_0052837,"{'b3992', 'b0423', 'b4407'}"
GO_0052851,{'b3070'}
GO_0052855,{'b4167'}
GO_0052856,{'b4167'}
GO_0052865,{'b0420'}
GO_0052868,{'b4155'}
GO_0052873,{'b0937'}
GO_0052874,{'b1007'}
GO_0052875,{'b3844'}
GO_0052890,{'b0039'}
GO_0052906,{'b2607'}
GO_0052907,{'b0807'}
GO_0052908,{'b0051'}
GO_0052911,{'b1822'}
GO_0052913,{'b3465'}
GO_0052914,{'b4371'}
GO_0052915,{'b0948'}
GO_0052916,{'b3084'}
GO_0055051,"{'b0887', 'b0886'}"
GO_0055052,"{'b0764', 'b1516', 'b1487', 'b1311', 'b3543', 'b1244', 'b4287', 'b2180', 'b0366', 'b2150', 'b1513', 'b0151', 'b3458', 'b3725', 'b2308', 'b0831', 'b0365', 'b3751', 'b0933', 'b1901', 'b4087', 'b3270', 'b0153', 'b0652', 'b3452', 'b2149', 'b3456', 'b3726', 'b0152', 'b4460', 'b0067', 'b3568', 'b3480', 'b4485', 'b1292', 'b1293', 'b0589', 'b3460', 'b0860', 'b1918', 'b0197', 'b3479', 'b0830', 'b3450', 'b1917', 'b0934', 'b1329', 'b0811', 'b0592', 'b0590', 'b0855', 'b2306', 'b4034', 'b0653', 'b0864', 'b3477', 'b0068', 'b0588', 'b3727', 'b0793', 'b1310', 'b4231', 'b1754', 'b1442', 'b2547', 'b0367', 'b2307', 'b2177', 'b2128', 'b4088', 'b0066', 'b1485', 'b1312', 'b4289', 'b4086', 'b3540', 'b3544', 'b2130', 'b3271', 'b3566', 'b0829', 'b1756', 'b1514', 'b3454', 'b0199', 'b0862', 'b3269', 'b0863', 'b0810', 'b1755', 'b3451', 'b3542', 'b0792', 'b3541', 'b2309', 'b3728', 'b2178', 'b1245', 'b3567', 'b3478', 'b1900', 'b1290', 'b0765', 'b1920', 'b3457', 'b1483', 'b1484', 'b1247', 'b2179', 'b3476', 'b2310', 'b0809', 'b2148', 'b0655', 'b1243', 'b1441', 'b1515', 'b1486', 'b1859', 'b0857', 'b4290', 'b0832', 'b3749', 'b4288', 'b1246', 'b0763', 'b1858', 'b4230', 'b1440', 'b0854', 'b2129', 'b3455', 'b1291', 'b2548', 'b1294', 'b3750', 'b0936', 'b0654', 'b0861', 'b0856', 'b1443', 'b2546', 'b2131', 'b0794', 'b4227', 'b1857', 'b0198'}"
GO_0055056,"{'b1621', 'b1101'}"
GO_0055070,"{'b1841', 'b1839', 'b1109'}"
GO_0055082,{'b2556'}
GO_0055085,"{'b1791', 'b1605', 'b2943', 'b1311', 'b4080', 'b2014', 'b0343', 'b3915', 'b0465', 'b3144', 'b4103', 'b1126', 'b4141', 'b2298', 'b2663', 'b3456', 'b4460', 'b0449', 'b4485', 'b4132', 'b4031', 'b4156', 'b1292', 'b0878', 'b0019', 'b3127', 'b0574', 'b1729', 'b3485', 'b2075', 'b0709', 'b2686', 'b0653', 'b3078', 'b3727', 'b4033', 'b2074', 'b1330', 'b2307', 'b4044', 'b2292', 'b3265', 'b4105', 'b2177', 'b0513', 'b0899', 'b1015', 'b4289', 'b3927', 'b0314', 'b0112', 'b3269', 'b2497', 'b0940', 'b0842', 'b0007', 'b2178', 'b1245', 'b3471', 'b3457', 'b3877', 'b1528', 'b4317', 'b3673', 'b0577', 'b3476', 'b1543', 'b3020', 'b0402', 'b2536', 'b0808', 'b2679', 'b4364', 'b2548', 'b4123', 'b0511', 'b1492', 'b1294', 'b0861', 'b3486', 'b4261', 'b0845', 'b0198', 'b1206', 'b0818', 'b1487', 'b1244', 'b4082', 'b0396', 'b2062', 'b3513', 'b3876', 'b1615', 'b3754', 'b0831', 'b1663', 'b3795', 'b4120', 'b3667', 'b3370', 'b1453', 'b0067', 'b3710', 'b3943', 'b2406', 'b4356', 'b1496', 'b0590', 'b2835', 'b0139', 'b4034', 'b3579', 'b0479', 'b3005', 'b1981', 'b0045', 'b1754', 'b4111', 'b3664', 'b2128', 'b0681', 'b0260', 'b3544', 'b1125', 'b0270', 'b0692', 'b2888', 'b0810', 'b1755', 'b1053', 'b3196', 'b1709', 'b2344', 'b4337', 'b1429', 'b3063', 'b0765', 'b3009', 'b3089', 'b2077', 'b3657', 'b2587', 'b0448', 'b0433', 'b1243', 'b1769', 'b3266', 'b2470', 'b1486', 'b0904', 'b0832', 'b3095', 'b3496', 'b1690', 'b2211', 'b4230', 'b4544', 'b0612', 'b1691', 'b2372', 'b3523', 'b2492', 'b3750', 'b0738', 'b0069', 'b0262', 'b1006', 'b0764', 'b0128', 'b0341', 'b2308', 'b0739', 'b4077', 'b3216', 'b1186', 'b0770', 'b3452', 'b4067', 'b3453', 'b1252', 'b2423', 'b3240', 'b0830', 'b2322', 'b1918', 'b0155', 'b1645', 'b1985', 'b0875', 'b3006', 'b1534', 'b0068', 'b1442', 'b1616', 'b0486', 'b1216', 'b2789', 'b0367', 'b2678', 'b0983', 'b4032', 'b2130', 'b1756', 'b4035', 'b0445', 'b0813', 'b4064', 'b2076', 'b0862', 'b0377', 'b2410', 'b1798', 'b3451', 'b0792', 'b0898', 'b3478', 'b0621', 'b2424', 'b0572', 'b0411', 'b4081', 'b3035', 'b3666', 'b2179', 'b0427', 'b1441', 'b3685', 'b0070', 'b1644', 'b3586', 'b1630', 'b4208', 'b0353', 'b4282', 'b0857', 'b0484', 'b2775', 'b0462', 'b0979', 'b1634', 'b3040', 'b3547', 'b2546', 'b1443', 'b2131', 'b4115', 'b0914', 'b3093', 'b3691', 'b4279', 'b0532', 'b3473', 'b2389', 'b3543', 'b4287', 'b3654', 'b1024', 'b2246', 'b1596', 'b4262', 'b3367', 'b0365', 'b3270', 'b0760', 'b3568', 'b4130', 'b2924', 'b3241', 'b1293', 'b0589', 'b2771', 'b2156', 'b0934', 'b0855', 'b4600', 'b1310', 'b2547', 'b2841', 'b3679', 'b4231', 'b3364', 'b1657', 'b0575', 'b1485', 'b1312', 'b0887', 'b4464', 'b4086', 'b0752', 'b3224', 'b1514', 'b2170', 'b0336', 'b4311', 'b3542', 'b2133', 'b1828', 'b3514', 'b1124', 'b2008', 'b2367', 'b1775', 'b3653', 'b2258', 'b1711', 'b2148', 'b3201', 'b1592', 'b0718', 'b1515', 'b0978', 'b0463', 'b3659', 'b0847', 'b1859', 'b2109', 'b1801', 'b4288', 'b3874', 'b1440', 'b1296', 'b2882', 'b1065', 'b2347', 'b0654', 'b0856', 'b3714', 'b1505', 'b0576', 'b1329', 'b4159'}"
GO_0055086,"{'b2143', 'b3642', 'b2406', 'b2407'}"
GO_0055129,"{'b0242', 'b0243', 'b0386'}"
GO_0055130,"{'b1189', 'b1103'}"
GO_0060003,"{'b0574', 'b0573', 'b0572', 'b0575'}"
GO_0060090,"{'b1260', 'b3228', 'b3205', 'b1084', 'b0114', 'b1895', 'b3255', 'b2572'}"
GO_0060187,"{'b1249', 'b1535', 'b4559', 'b3708', 'b1175', 'b1304', 'b3486', 'b4045', 'b3098', 'b0710', 'b1176'}"
GO_0060241,"{'b1639', 'b0220', 'b1178'}"
GO_0060274,{'b0053'}
GO_0060326,{'b4034'}
GO_0060566,{'b1625'}
GO_0060567,"{'b0623', 'b3556', 'b1823', 'b0551'}"
GO_0060590,{'b1174'}
GO_0060698,"{'b4255', 'b3929', 'b3319', 'b1045'}"
GO_0060699,"{'b4255', 'b3929'}"
GO_0060701,{'b1045'}
GO_0061024,"{'b1833', 'b0951', 'b0950', 'b0952'}"
GO_0061077,"{'b0220', 'b0140', 'b0441', 'b2110', 'b0939', 'b3047', 'b3143', 'b4376', 'b4207', 'b0531', 'b3706', 'b0178', 'b0604', 'b0028', 'b0944', 'b3510', 'b0098', 'b1591', 'b2893', 'b0053', 'b2494', 'b0525', 'b0717', 'b0161', 'b2336', 'b1743', 'b1243', 'b0492', 'b4316', 'b0436', 'b3168', 'b3544'}"
GO_0061133,{'b4188'}
GO_0061157,{'b3022'}
GO_0061459,{'b2923'}
GO_0061463,{'b1045'}
GO_0061473,{'b1326'}
GO_0061475,{'b4258'}
GO_0061503,{'b2812'}
GO_0061504,"{'b2812', 'b2811'}"
GO_0061513,set()
GO_0061522,{'b1686'}
GO_0061542,{'b2232'}
GO_0061593,{'b3880'}
GO_0061594,{'b3883'}
GO_0061595,{'b3881'}
GO_0061596,{'b3882'}
GO_0061598,{'b0009'}
GO_0061599,{'b0827'}
GO_0061602,{'b2877'}
GO_0061603,{'b3857'}
GO_0061605,{'b0826'}
GO_0061610,{'b1200'}
GO_0061615,{'b1723'}
GO_0061621,{'b0755'}
GO_0061627,{'b0261'}
GO_0061634,{'b3656'}
GO_0061677,"{'b2245', 'b0268', 'b3126'}"
GO_0061693,"{'b4100', 'b4096', 'b4101', 'b4099'}"
GO_0061694,"{'b4097', 'b4100', 'b4098', 'b4096', 'b4101', 'b4099'}"
GO_0061710,{'b3282'}
GO_0061711,{'b3064'}
GO_0061720,"{'b3878', 'b3882', 'b3883', 'b3881', 'b3880'}"
GO_0061727,{'b3153'}
GO_0061733,"{'b4012', 'b4373', 'b4093', 'b2584', 'b3550'}"
GO_0061787,{'b1192'}
GO_0061798,{'b0781'}
GO_0061799,{'b0783'}
GO_0061818,"{'b3965', 'b3166'}"
GO_0061928,{'b1218'}
GO_0061929,{'b4222'}
GO_0061980,"{'b3842', 'b4837'}"
GO_0062054,{'b0624'}
GO_0062077,"{'b1392', 'b1389', 'b1388', 'b1390'}"
GO_0062155,"{'b1039', 'b1038', 'b1037'}"
GO_0062158,{'b0155'}
GO_0062192,{'b3901'}
GO_0062193,"{'b2804', 'b3748'}"
GO_0065002,"{'b0408', 'b3836', 'b3300', 'b3839', 'b3838', 'b3175', 'b0409', 'b0627', 'b0098', 'b3981'}"
GO_0065003,"{'b2728', 'b0015', 'b2712', 'b2726', 'b0014', 'b3649', 'b2990', 'b2730', 'b2614', 'b3705', 'b2727', 'b2729', 'b2718'}"
GO_0070006,"{'b2385', 'b4260', 'b2523', 'b2384', 'b2908', 'b0168'}"
GO_0070012,{'b1845'}
GO_0070025,"{'b1490', 'b2729'}"
GO_0070026,{'b2709'}
GO_0070038,{'b0636'}
GO_0070039,{'b4180'}
GO_0070040,{'b2517'}
GO_0070041,"{'b0859', 'b2785'}"
GO_0070042,{'b2946'}
GO_0070043,"{'b0948', 'b3740'}"
GO_0070063,"{'b0610', 'b3406', 'b3181'}"
GO_0070069,"{'b0979', 'b4602', 'b4515', 'b0978', 'b0733', 'b0734'}"
GO_0070095,set()
GO_0070178,{'b2366'}
GO_0070180,"{'b4203', 'b3305', 'b3231', 'b1716', 'b3983', 'b3315', 'b3985', 'b2606', 'b3310', 'b3309'}"
GO_0070181,"{'b4202', 'b2566', 'b3297', 'b3311', 'b3165', 'b4200', 'b0023'}"
GO_0070204,{'b2264'}
GO_0070205,{'b2263'}
GO_0070206,{'b0742'}
GO_0070207,"{'b4362', 'b0929', 'b4245', 'b0572', 'b0966', 'b3929', 'b3640', 'b4243', 'b2065'}"
GO_0070297,"{'b2555', 'b2340', 'b3398'}"
GO_0070298,{'b1826'}
GO_0070299,{'b0196'}
GO_0070301,"{'b4011', 'b1533', 'b3238', 'b1333', 'b1973', 'b1953', 'b3024', 'b2503', 'b1205', 'b1536', 'b3942'}"
GO_0070329,"{'b1764', 'b0503'}"
GO_0070335,{'b0655'}
GO_0070401,"{'b2052', 'b3619', 'b3958', 'b2764', 'b2053', 'b0048'}"
GO_0070402,"{'b4249', 'b0173', 'b0048'}"
GO_0070403,"{'b2341', 'b2600', 'b0759', 'b1120', 'b3846', 'b1395', 'b2255', 'b3940', 'b4119', 'b2411', 'b3389', 'b2913', 'b3575', 'b0002'}"
GO_0070404,"{'b0720', 'b1288', 'b2913', 'b1380'}"
GO_0070406,{'b0811'}
GO_0070415,"{'b1897', 'b1896'}"
GO_0070417,"{'b3162', 'b2526', 'b1742'}"
GO_0070458,{'b1525'}
GO_0070475,"{'b3499', 'b2517', 'b3465', 'b2785', 'b0082', 'b0807', 'b4371', 'b0948', 'b1822', 'b1835', 'b3740', 'b0051', 'b3497', 'b2946', 'b0859', 'b3289', 'b3084', 'b0967', 'b0636'}"
GO_0070476,"{'b0948', 'b3740'}"
GO_0070482,"{'b1490', 'b3210', 'b1489'}"
GO_0070497,{'b2765'}
GO_0070525,{'b3064'}
GO_0070538,{'b1805'}
GO_0070566,{'b0639'}
GO_0070568,{'b3857'}
GO_0070573,"{'b3847', 'b0237'}"
GO_0070574,"{'b3915', 'b3469', 'b2392'}"
GO_0070581,{'b3813'}
GO_0070588,set()
GO_0070614,"{'b0764', 'b0763', 'b0765'}"
GO_0070626,{'b1131'}
GO_0070677,"{'b3146', 'b2806', 'b1976'}"
GO_0070678,"{'b3609', 'b2992', 'b0098'}"
GO_0070689,"{'b2297', 'b3117', 'b3115', 'b3114', 'b3118', 'b4471', 'b3113'}"
GO_0070716,"{'b4170', 'b3813'}"
GO_0070728,{'b3458'}
GO_0070733,"{'b3992', 'b1706', 'b0607', 'b3361'}"
GO_0070778,"{'b1206', 'b0655', 'b3528'}"
GO_0070814,"{'b2763', 'b2762', 'b2752', 'b2751', 'b2764', 'b2750'}"
GO_0070819,{'b3850'}
GO_0070905,{'b2913'}
GO_0070929,{'b2620'}
GO_0070968,"{'b0837', 'b0124'}"
GO_0070981,"{'b0674', 'b3744'}"
GO_0070987,{'b0231'}
GO_0070989,{'b2212'}
GO_0070991,{'b0221'}
GO_0071047,{'b0143'}
GO_0071111,"{'b2395', 'b0833', 'b2176', 'b1168', 'b3525', 'b0457', 'b1285', 'b4061', 'b3529', 'b1815', 'b2503', 'b0315', 'b1489'}"
GO_0071139,"{'b2894', 'b3811'}"
GO_0071172,{'b1606'}
GO_0071218,{'b3235'}
GO_0071230,"{'b1886', 'b4141', 'b4355'}"
GO_0071236,"{'b2963', 'b1530', 'b3724', 'b2435', 'b0890', 'b3860'}"
GO_0071237,"{'b0739', 'b0740'}"
GO_0071243,{'b2688'}
GO_0071248,{'b4390'}
GO_0071249,"{'b1222', 'b2469'}"
GO_0071250,"{'b1222', 'b2469'}"
GO_0071266,"{'b3376', 'b3433'}"
GO_0071269,set()
GO_0071271,"{'b2844', 'b1695'}"
GO_0071276,"{'b1973', 'b1205', 'b3024'}"
GO_0071278,{'b3747'}
GO_0071280,{'b0570'}
GO_0071281,{'b1905'}
GO_0071284,{'b4003'}
GO_0071286,"{'b0557', 'b1826', 'b4242'}"
GO_0071287,{'b4705'}
GO_0071288,"{'b2688', 'b3927'}"
GO_0071289,{'b3070'}
GO_0071291,{'b3908'}
GO_0071292,{'b0570'}
GO_0071294,"{'b4003', 'b2310'}"
GO_0071421,{'b1821'}
GO_0071422,"{'b1206', 'b0621', 'b3528', 'b4123', 'b4138', 'b0010', 'b3063'}"
GO_0071423,{'b3528'}
GO_0071424,{'b0082'}
GO_0071433,{'b0149'}
GO_0071453,set()
GO_0071454,"{'b2503', 'b0980'}"
GO_0071456,{'b4602'}
GO_0071466,{'b0543'}
GO_0071467,"{'b3088', 'b3724'}"
GO_0071468,"{'b4011', 'b2374', 'b3238', 'b3510', 'b1166', 'b1953', 'b4155', 'b1160', 'b3491', 'b1164', 'b1592', 'b0693', 'b2373'}"
GO_0071470,"{'b2677', 'b2218', 'b2678', 'b0808', 'b1330', 'b2679', 'b4159', 'b0577'}"
GO_0071474,"{'b3519', 'b2131', 'b1197', 'b4111', 'b2952'}"
GO_0071475,"{'b4111', 'b1831'}"
GO_0071476,{'b2936'}
GO_0071500,set()
GO_0071513,set()
GO_0071518,{'b1511'}
GO_0071522,{'b0515'}
GO_0071555,"{'b2963', 'b1990', 'b0140', 'b0110', 'b2110', 'b1488', 'b0092', 'b0381', 'b0086', 'b2558', 'b1081', 'b0174', 'b0211', 'b2336', 'b0635', 'b0087', 'b1325', 'b0084', 'b2435', 'b1856', 'b0091', 'b2380', 'b3057', 'b1069', 'b3143', 'b2813', 'b2701', 'b3215', 'b4233', 'b4169', 'b1678', 'b1491', 'b3972', 'b2134', 'b1097', 'b2519', 'b0839', 'b1192', 'b4316', 'b3396', 'b0939', 'b3047', 'b0633', 'b0632', 'b0149', 'b0088', 'b0224', 'b4053', 'b0634', 'b1113', 'b0717', 'b0925', 'b4392', 'b3208', 'b0433', 'b2175', 'b0089', 'b0867', 'b0376', 'b3189', 'b3967', 'b2126', 'b1655', 'b3784', 'b2817', 'b0944', 'b0920', 'b0085', 'b0090', 'b3730', 'b2010', 'b0841', 'b1326', 'b0819', 'b1107', 'b3182', 'b1193', 'b0531'}"
GO_0071577,"{'b1342', 'b3493', 'b3040', 'b3915', 'b3469'}"
GO_0071578,"{'b1342', 'b1858', 'b1859', 'b3040', 'b1857'}"
GO_0071667,"{'b2757', 'b2758'}"
GO_0071705,"{'b0860', 'b1918', 'b3270', 'b0511', 'b0862', 'b0314', 'b1801', 'b2310', 'b0654', 'b0810', 'b0861', 'b2307', 'b0863', 'b3269', 'b0653', 'b2308', 'b2309'}"
GO_0071709,{'b0177'}
GO_0071713,"{'b1338', 'b1337'}"
GO_0071731,"{'b1334', 'b2710'}"
GO_0071732,{'b2711'}
GO_0071805,"{'b0047', 'b1250', 'b1291', 'b3350', 'b1543', 'b3290', 'b1216', 'b0697', 'b1363', 'b3747', 'b3849', 'b0842', 'b1191', 'b0696', 'b3196', 'b4513', 'b4600', 'b0698'}"
GO_0071806,"{'b1039', 'b1037'}"
GO_0071807,{'b1610'}
GO_0071871,{'b2556'}
GO_0071885,{'b3259'}
GO_0071890,"{'b1661', 'b2262'}"
GO_0071897,"{'b1099', 'b0215', 'b0184', 'b1842', 'b4259', 'b0060', 'b1238', 'b3863', 'b4372', 'b0640', 'b0470'}"
GO_0071916,"{'b1534', 'b1634', 'b3543', 'b0709', 'b1985', 'b3496', 'b2182', 'b4130', 'b3542', 'b1663', 'b3541', 'b3540', 'b3544'}"
GO_0071932,"{'b3652', 'b1863'}"
GO_0071934,"{'b0066', 'b0068', 'b0067'}"
GO_0071945,{'b1194'}
GO_0071949,"{'b3500', 'b0285', 'b2979', 'b3941', 'b2907', 'b0507', 'b4463', 'b2880', 'b2867', 'b3081', 'b3690', 'b2133', 'b2324', 'b1163', 'b4154', 'b2906', 'b1687', 'b3972', 'b4468', 'b1699', 'b0043', 'b3426', 'b3070', 'b0606', 'b0662', 'b0347', 'b2552', 'b3924'}"
GO_0071951,{'b3288'}
GO_0071963,{'b3250'}
GO_0071967,{'b3632'}
GO_0071968,{'b3623'}
GO_0071972,"{'b0819', 'b1678', 'b1990', 'b1113', 'b0925', 'b0635'}"
GO_0071973,"{'b1946', 'b1944', 'b1940', 'b1925', 'b1080', 'b1889', 'b3649', 'b1194', 'b1077', 'b1922', 'b3987', 'b1081', 'b0518', 'b3295', 'b1879', 'b1078', 'b1939', 'b1949', 'b1941', 'b1073', 'b3988', 'b1937', 'b1943', 'b1945', 'b1942', 'b1083', 'b1333', 'b1079', 'b1948', 'b1926', 'b1947', 'b1938', 'b1890', 'b1072', 'b1950', 'b1880', 'b1074', 'b1924'}"
GO_0071977,"{'b1946', 'b1945', 'b1888', 'b1882', 'b1939'}"
GO_0071978,"{'b1328', 'b1944', 'b2121', 'b1034', 'b1447', 'b0798', 'b2147', 'b1035', 'b1520', 'b1614', 'b1259', 'b1881', 'b2510', 'b2603', 'b1890', 'b1122', 'b2689'}"
GO_0072344,"{'b2331', 'b4147', 'b4550', 'b4173', 'b0191'}"
GO_0072348,"{'b3876', 'b2810', 'b2530'}"
GO_0072488,{'b0451'}
GO_0072527,{'b2143'}
GO_0072528,{'b3642'}
GO_0072531,{'b3471'}
GO_0072702,{'b2212'}
GO_0072711,{'b1102'}
GO_0072714,{'b3364'}
GO_0075523,"{'b0484', 'b2891', 'b0470'}"
GO_0075713,"{'b2622', 'b2442', 'b1345', 'b1936', 'b1140', 'b2349', 'b0537', 'b0281'}"
GO_0080007,{'b0356'}
GO_0080090,"{'b1649', 'b0846', 'b4251', 'b1111', 'b4135'}"
GO_0080130,{'b4054'}
GO_0080135,"{'b1306', 'b1304', 'b1305', 'b1303'}"
GO_0080146,"{'b1622', 'b2414', 'b2421', 'b4470', 'b3008', 'b3708'}"
GO_0080176,{'b3656'}
GO_0089702,{'b2047'}
GO_0089705,"{'b1117', 'b4220', 'b1116', 'b4221'}"
GO_0089709,"{'b2306', 'b2308'}"
GO_0089714,{'b3787'}
GO_0089715,{'b0195'}
GO_0089718,"{'b2677', 'b2306', 'b2678', 'b2308', 'b2307', 'b2679', 'b2310'}"
GO_0090070,{'b3185'}
GO_0090071,"{'b3183', 'b0637', 'b3866'}"
GO_0090143,"{'b4347', 'b0687'}"
GO_0090313,{'b2064'}
GO_0090347,{'b0305'}
GO_0090357,{'b1265'}
GO_0090358,{'b3707'}
GO_0090452,"{'b0794', 'b0793', 'b0792'}"
GO_0090482,"{'b3966', 'b1711'}"
GO_0090483,{'b1046'}
GO_0090499,{'b3412'}
GO_0090529,"{'b3865', 'b3933', 'b0093', 'b2910', 'b0740', 'b0741', 'b0095', 'b3928', 'b0946', 'b0738', 'b2412', 'b0737', 'b0739', 'b0102', 'b1176'}"
GO_0090540,"{'b3533', 'b3535'}"
GO_0090549,"{'b2659', 'b2663', 'b2144'}"
GO_0090563,"{'b1737', 'b2093', 'b0731', 'b2703'}"
GO_0090564,{'b1101'}
GO_0090565,{'b3599'}
GO_0090566,"{'b1736', 'b1738'}"
GO_0090581,{'b0731'}
GO_0090582,"{'b3953', 'b2387', 'b2167', 'b3950'}"
GO_0090584,"{'b2094', 'b2093'}"
GO_0090585,"{'b4193', 'b4195', 'b4194'}"
GO_0090586,{'b0679'}
GO_0090587,{'b0679'}
GO_0090588,{'b2429'}
GO_0090589,{'b4240'}
GO_0090605,"{'b3202', 'b3295', 'b3988', 'b3987', 'b2573', 'b3649'}"
GO_0090609,"{'b1025', 'b1060'}"
GO_0090729,"{'b1182', 'b0880', 'b4385'}"
GO_0097023,"{'b3946', 'b0825'}"
GO_0097047,{'b0956'}
GO_0097054,"{'b3212', 'b3213'}"
GO_0097098,{'b2761'}
GO_0097159,"{'b0708', 'b3848'}"
GO_0097163,"{'b1679', 'b3895', 'b3345', 'b3470', 'b0423', 'b2811', 'b0969', 'b2530', 'b4407'}"
GO_0097171,"{'b0200', 'b3052', 'b3619'}"
GO_0097173,"{'b2428', 'b2427'}"
GO_0097175,"{'b1640', 'b2428'}"
GO_0097216,"{'b0477', 'b2315', 'b3339', 'b4173', 'b2312', 'b2511', 'b4375', 'b0238', 'b2569', 'b2926', 'b2476', 'b1761', 'b0125', 'b4177', 'b4233', 'b4161', 'b3183', 'b0910', 'b2566', 'b2508', 'b3980', 'b2029', 'b2965', 'b0755', 'b1131', 'b0145', 'b3871', 'b3340', 'b2498', 'b1136', 'b4131', 'b2727', 'b3168', 'b2795', 'b2502'}"
GO_0097264,"{'b3447', 'b0120'}"
GO_0097266,{'b1388'}
GO_0097268,{'b2780'}
GO_0097339,"{'b2975', 'b4067', 'b3603'}"
GO_0097347,"{'b4220', 'b4221'}"
GO_0097351,"{'b4224', 'b1563', 'b1564', 'b2783', 'b3129'}"
GO_0097367,"{'b2428', 'b2427', 'b2708', 'b3205', 'b0222', 'b3197', 'b3729', 'b1853', 'b4025', 'b3149', 'b3371', 'b3136', 'b2561', 'b4089'}"
GO_0097428,"{'b3414', 'b1684', 'b2527', 'b2526'}"
GO_0097495,"{'b0460', 'b1237'}"
GO_0097501,{'b2504'}
GO_0097510,"{'b1633', 'b2580'}"
GO_0097533,"{'b1824', 'b3190'}"
GO_0097588,"{'b1946', 'b1945', 'b1944', 'b1080', 'b1939', 'b1889', 'b1079', 'b1937', 'b1881', 'b1882', 'b1947', 'b1890'}"
GO_0097623,{'b4337'}
GO_0097638,"{'b0860', 'b0864', 'b0862', 'b0861', 'b0863'}"
GO_0097639,{'b2156'}
GO_0097657,{'b1266'}
GO_0097697,{'b0921'}
GO_0097718,"{'b0438', 'b0929', 'b0739', 'b3780'}"
GO_0097748,{'b0143'}
GO_0098002,{'b1252'}
GO_0098531,"{'b2805', 'b4479'}"
GO_0098561,"{'b1884', 'b1888', 'b1881', 'b1887', 'b1421', 'b1886', 'b4355'}"
GO_0098567,"{'b0462', 'b0972', 'b2074', 'b2075', 'b3035', 'b2686', 'b2685', 'b2076', 'b3265', 'b0974', 'b0973', 'b3266', 'b2470', 'b2368', 'b0463', 'b2367'}"
GO_0098655,"{'b0697', 'b2587', 'b2292', 'b3685', 'b0847', 'b0696', 'b0484', 'b4513', 'b0262', 'b1429', 'b0698'}"
GO_0098656,"{'b0765', 'b2424', 'b2789', 'b2422', 'b0763', 'b3725', 'b2423', 'b3127', 'b4618'}"
GO_0098659,{'b1447'}
GO_0098660,{'b4020'}
GO_0098708,"{'b1819', 'b1818', 'b1817', 'b1101'}"
GO_0098710,"{'b4064', 'b4464'}"
GO_0098711,"{'b3409', 'b0151', 'b3040', 'b0153', 'b0152'}"
GO_0098712,"{'b0655', 'b0653', 'b0654', 'b0652'}"
GO_0098716,"{'b3478', 'b3479', 'b3477', 'b3476', 'b3480'}"
GO_0098719,set()
GO_0098721,"{'b1006', 'b2497'}"
GO_0098732,{'b1023'}
GO_0098775,"{'b1039', 'b1037', 'b1038', 'b1041'}"
GO_0098777,"{'b1039', 'b1038', 'b1037'}"
GO_0098795,{'b4539'}
GO_0098796,"{'b3178', 'b4175', 'b4174'}"
GO_0098797,"{'b1628', 'b1116', 'b4175', 'b1631', 'b1118', 'b1627', 'b3178', 'b1117', 'b1252', 'b3463', 'b3462', 'b1629', 'b4174', 'b3005', 'b3006', 'b1630', 'b2570'}"
GO_0098809,"{'b4209', 'b3365'}"
GO_0098847,"{'b1763', 'b1557'}"
GO_0098848,{'b4098'}
GO_0098869,"{'b1482', 'b3500', 'b2302', 'b3518', 'b3665', 'b0606', 'b2989', 'b1324', 'b2480', 'b0873', 'b1710', 'b1019', 'b0605', 'b2431', 'b2301', 'b1732', 'b1753', 'b3942'}"
GO_0099048,"{'b2755', 'b2756', 'b2757', 'b2760', 'b2758', 'b2759', 'b2754'}"
GO_0099513,{'b3251'}
GO_0099618,{'b2255'}
GO_0099619,{'b2255'}
GO_0099620,{'b2253'}
GO_0099621,{'b2254'}
GO_0101006,{'b2340'}
GO_0101030,{'b0406'}
GO_0102009,{'b3847'}
GO_0102013,{'b0652'}
GO_0102025,{'b2422'}
GO_0102029,{'b2133'}
GO_0102031,{'b4481'}
GO_0102039,{'b0605'}
GO_0102130,{'b0777'}
GO_0102198,{'b4267'}
GO_0102208,{'b2232'}
GO_0102262,{'b2140'}
GO_0102264,{'b4049'}
GO_0102266,{'b4049'}
GO_0102391,{'b1805'}
GO_0102497,set()
GO_0102559,{'b1212'}
GO_0102635,{'b2842'}
GO_0102810,{'b2661'}
GO_0103015,{'b2257'}
GO_0103016,{'b1133'}
GO_0103020,{'b3564'}
GO_0103023,{'b4394'}
GO_0103026,{'b0822'}
GO_0103031,{'b1325'}
GO_0103039,{'b0835'}
GO_0103043,{'b4092'}
GO_0103045,"{'b1448', 'b3441'}"
GO_0103068,{'b3447'}
GO_0103111,{'b0679'}
GO_0103116,{'b4485'}
GO_0103117,{'b0096'}
GO_0103118,{'b0179'}
GO_0106004,{'b2960'}
GO_0106008,{'b0219'}
GO_0106009,{'b1850'}
GO_0106026,{'b3887'}
GO_0106029,"{'b3166', 'b2745', 'b2791', 'b4022', 'b0058', 'b2318'}"
GO_0106035,"{'b3414', 'b0156'}"
GO_0106044,"{'b3153', 'b1967'}"
GO_0106074,"{'b2697', 'b4258', 'b0026', 'b0642', 'b0194', 'b1787', 'b3887', 'b1719', 'b0481'}"
GO_0106099,{'b2245'}
GO_0106141,{'b2311'}
GO_0106226,{'b2474'}
GO_0106234,"{'b4036', 'b0957', 'b0196'}"
GO_0106251,{'b2900'}
GO_0106281,{'b1619'}
GO_0106300,{'b1931'}
GO_0106310,"{'b1507', 'b3859'}"
GO_0106312,{'b3941'}
GO_0106316,"{'b3365', 'b3366'}"
GO_0106321,{'b0356'}
GO_0106322,{'b0356'}
GO_0106340,{'b2532'}
GO_0106343,{'b2659'}
GO_0106350,{'b3187'}
GO_0106354,{'b3056'}
GO_0106366,{'b0477'}
GO_0106411,"{'b2744', 'b4374', 'b0480', 'b0675', 'b3399'}"
GO_0106415,"{'b2175', 'b1192'}"
GO_0106418,{'b4233'}
GO_0106430,{'b0945'}
GO_0106435,"{'b0686', 'b0239', 'b3412', 'b2473'}"
GO_0110001,"{'b3022', 'b2630', 'b1507', 'b4224', 'b3082', 'b1563', 'b1564', 'b2783', 'b3130', 'b4532', 'b4225', 'b3129', 'b1508', 'b2782', 'b2631', 'b3083', 'b1438', 'b3021', 'b4539', 'b0226', 'b0232', 'b0233', 'b2017', 'b0225'}"
GO_0110051,{'b4167'}
GO_0110052,{'b0159'}
GO_0110068,{'b1309'}
GO_0110095,"{'b0284', 'b0286', 'b0285'}"
GO_0110142,"{'b2232', 'b2906', 'b3042', 'b3833', 'b2907', 'b3834', 'b0662'}"
GO_0110147,"{'b2727', 'b2726'}"
GO_0110153,"{'b2830', 'b3996'}"
GO_0110154,"{'b2830', 'b0049'}"
GO_0110155,"{'b2830', 'b3996'}"
GO_0120009,"{'b0951', 'b1834'}"
GO_0120010,"{'b3192', 'b2346', 'b3191', 'b3193', 'b3194', 'b2215', 'b3195'}"
GO_0120014,"{'b3191', 'b3193', 'b3194', 'b3195'}"
GO_0120029,"{'b1603', 'b1602'}"
GO_0120092,{'b0036'}
GO_0120101,"{'b1889', 'b1890'}"
GO_0120102,"{'b1942', 'b1940', 'b1879', 'b1950', 'b1941', 'b1949', 'b1948', 'b1880', 'b1947'}"
GO_0120107,"{'b1946', 'b1945', 'b1882', 'b1939'}"
GO_0120159,"{'b1135', 'b1269', 'b2594', 'b4022', 'b1086', 'b0058', 'b2183'}"
GO_0120232,{'b2311'}
GO_0120233,{'b3843'}
GO_0120241,{'b4243'}
GO_0120242,{'b4243'}
GO_0120243,{'b4243'}
GO_0120284,{'b1812'}
GO_0120509,"{'b1033', 'b3553'}"
GO_0140009,"{'b0655', 'b0653', 'b0652', 'b4138', 'b0654'}"
GO_0140018,"{'b3741', 'b3706'}"
GO_0140032,{'b3064'}
GO_0140048,{'b1821'}
GO_0140078,"{'b1633', 'b3635', 'b0714'}"
GO_0140098,"{'b1135', 'b3166', 'b2745', 'b2791', 'b0058', 'b2318'}"
GO_0140114,{'b0624'}
GO_0140132,{'b3414'}
GO_0140205,"{'b1243', 'b1247', 'b1244', 'b1246', 'b1245'}"
GO_0140207,"{'b1247', 'b1244', 'b1329', 'b1246', 'b1245'}"
GO_0140226,{'b1274'}
GO_0140271,"{'b4230', 'b4227', 'b4231', 'b4485'}"
GO_0140297,"{'b2699', 'b4035', 'b1622', 'b1163'}"
GO_0140303,{'b3792'}
GO_0140306,"{'b1117', 'b1116', 'b1118'}"
GO_0140315,"{'b1905', 'b3336'}"
GO_0140330,"{'b2075', 'b2074', 'b3035', 'b2686', 'b2685', 'b2076', 'b3265', 'b2470', 'b3266', 'b0462', 'b2368', 'b0463', 'b2367'}"
GO_0140359,"{'b0128', 'b0765', 'b0793', 'b3485', 'b3450', 'b0886', 'b1496', 'b4035', 'b0448', 'b0449', 'b0914', 'b2211', 'b3486', 'b0792', 'b0887'}"
GO_0140581,{'b0484'}
GO_0140647,{'b2525'}
GO_0140658,{'b0059'}
GO_0140662,"{'b0438', 'b2069', 'b0014', 'b0473', 'b0650', 'b4143', 'b2526'}"
GO_0140663,{'b2113'}
GO_0140664,"{'b4170', 'b2733', 'b2699', 'b4389'}"
GO_0140673,"{'b3842', 'b3982'}"
GO_0140677,{'b2782'}
GO_0140678,{'b0881'}
GO_0140690,"{'b2146', 'b2147'}"
GO_0140691,"{'b4371', 'b4172'}"
GO_0140696,{'b2660'}
GO_0140741,{'b0423'}
GO_0140750,set()
GO_0140824,"{'b1324', 'b1710', 'b2480'}"
GO_0140826,{'b3915'}
GO_0140911,"{'b0554', 'b2899', 'b1556'}"
GO_0140967,{'b2392'}
GO_0141098,{'b3606'}
GO_0141100,{'b3651'}
GO_0141102,{'b3606'}
GO_0141197,{'b2515'}
GO_0141207,{'b2697'}
GO_0160013,{'b1120'}
GO_0160016,{'b3056'}
GO_0160129,{'b1931'}
GO_0160136,{'b2183'}
GO_0160137,{'b1135'}
GO_0160138,{'b4022'}
GO_0160139,{'b1269'}
GO_0160140,{'b2594'}
GO_0160141,{'b1086'}
GO_0160142,{'b0058'}
GO_0160147,{'b2318'}
GO_0160148,{'b3166'}
GO_0160149,{'b2791'}
GO_0160150,{'b2745'}
GO_0160151,{'b0058'}
GO_0160182,"{'b1468', 'b1224', 'b1225', 'b1465', 'b1227', 'b1467'}"
GO_0170057,{'b3421'}
GO_1900079,{'b3237'}
GO_1900081,{'b3237'}
GO_1900190,"{'b2634', 'b1060', 'b3578', 'b1110', 'b2503', 'b3579', 'b0836', 'b3577', 'b1040'}"
GO_1900191,"{'b1165', 'b3049'}"
GO_1900192,{'b2381'}
GO_1900231,"{'b4110', 'b4109', 'b2067', 'b1045'}"
GO_1900232,"{'b0853', 'b3049', 'b1625', 'b1237'}"
GO_1900233,"{'b1341', 'b1535'}"
GO_1900372,{'b1658'}
GO_1900376,set()
GO_1900378,set()
GO_1900705,set()
GO_1900727,"{'b1047', 'b0815', 'b1049', 'b1236'}"
GO_1900749,{'b0040'}
GO_1900750,"{'b1329', 'b1243'}"
GO_1900751,{'b0040'}
GO_1901135,"{'b2427', 'b2708', 'b0096', 'b0798', 'b0222', 'b3197', 'b1853', 'b0420', 'b3149', 'b2143', 'b3371', 'b3136', 'b2561', 'b4089'}"
GO_1901137,"{'b0090', 'b3729'}"
GO_1901264,"{'b1985', 'b4544', 'b2258'}"
GO_1901275,{'b3061'}
GO_1901276,"{'b3061', 'b3062'}"
GO_1901281,{'b3370'}
GO_1901359,{'b0763'}
GO_1901363,{'b3848'}
GO_1901367,{'b4470'}
GO_1901381,"{'b3351', 'b0046'}"
GO_1901422,"{'b2998', 'b0850'}"
GO_1901425,{'b2786'}
GO_1901505,"{'b4544', 'b2258'}"
GO_1901515,{'b1024'}
GO_1901530,"{'b1968', 'b0304', 'b0303', 'b1971', 'b0301'}"
GO_1901562,"{'b0850', 'b1053'}"
GO_1901605,set()
GO_1901611,{'b2232'}
GO_1901612,"{'b1069', 'b0019', 'b2617'}"
GO_1901615,{'b1638'}
GO_1901642,"{'b2161', 'b2098', 'b2964', 'b2164', 'b0411', 'b2393', 'b2406'}"
GO_1901652,"{'b2107', 'b4363', 'b0378'}"
GO_1901678,{'b1495'}
GO_1901681,"{'b2425', 'b3917'}"
GO_1901682,{'b3876'}
GO_1901683,{'b3493'}
GO_1901684,{'b3493'}
GO_1901800,{'b3931'}
GO_1901875,"{'b1887', 'b1888', 'b1886'}"
GO_1901891,{'b1176'}
GO_1901913,"{'b2217', 'b1951'}"
GO_1901973,{'b0242'}
GO_1901982,{'b4034'}
GO_1902021,"{'b0294', 'b1921', 'b2217', 'b3525', 'b4355', 'b1522', 'b1376', 'b1888', 'b1881', 'b1882', 'b0607', 'b1951'}"
GO_1902022,{'b2310'}
GO_1902047,{'b0855'}
GO_1902075,"{'b3577', 'b3579', 'b3578'}"
GO_1902201,"{'b1786', 'b1785', 'b0853', 'b3049', 'b2604', 'b1956', 'b1707', 'b1194'}"
GO_1902208,"{'b1892', 'b1891'}"
GO_1902209,"{'b1926', 'b0853', 'b1535'}"
GO_1902210,"{'b1892', 'b1481', 'b1891'}"
GO_1902270,{'b0040'}
GO_1902280,{'b1084'}
GO_1902328,{'b3387'}
GO_1902344,"{'b4033', 'b4032', 'b4035', 'b2417'}"
GO_1902358,"{'b2422', 'b1206', 'b3917', 'b2425', 'b2424', 'b2423', 'b2013', 'b2413'}"
GO_1902369,{'b3929'}
GO_1902421,"{'b0973', 'b0974', 'b0972'}"
GO_1902444,{'b1638'}
GO_1902475,"{'b3370', 'b2670', 'b1798', 'b0199', 'b0198', 'b0401'}"
GO_1902476,"{'b1520', 'b0155', 'b2389', 'b1592'}"
GO_1902494,"{'b3137', 'b1288', 'b1337', 'b3132', 'b1338', 'b3062', 'b4390', 'b1394', 'b2096', 'b1393', 'b3061', 'b2095'}"
GO_1902495,"{'b2093', 'b1817', 'b2703', 'b1738', 'b3966', 'b4193', 'b3900', 'b2704', 'b4291', 'b3947', 'b1737', 'b1600', 'b2682', 'b2702', 'b1599', 'b1736', 'b3949', 'b2683', 'b1252', 'b4565', 'b2417', 'b2169', 'b0150', 'b4304', 'b2167', 'b3899', 'b1819', 'b3005', 'b3006', 'b2155', 'b3953', 'b0584', 'b1818', 'b2094', 'b3950', 'b1101', 'b4302', 'b4195', 'b0805', 'b1451', 'b1102', 'b4194'}"
GO_1902503,"{'b4390', 'b3992', 'b4407'}"
GO_1902508,"{'b3991', 'b3990'}"
GO_1902515,{'b0888'}
GO_1902517,"{'b3453', 'b3451', 'b3450', 'b3452'}"
GO_1902555,{'b1084'}
GO_1902560,{'b0104'}
GO_1902599,"{'b4081', 'b4082'}"
GO_1902600,"{'b0047', 'b3739', 'b1342', 'b2279', 'b2392', 'b2014', 'b0343', 'b3735', 'b1889', 'b0336', 'b2170', 'b4065', 'b3116', 'b0842', 'b2888', 'b3493', 'b3737', 'b4077', 'b4337', 'b3733', 'b3732', 'b1109', 'b3734', 'b0478', 'b1941', 'b2413', 'b0070', 'b3949', 'b4130', 'b0731', 'b2286', 'b2482', 'b3659', 'b3350', 'b2719', 'b2283', 'b0709', 'b0155', 'b2288', 'b3496', 'b3738', 'b1191', 'b2167', 'b2489', 'b2721', 'b1296', 'b2280', 'b2284', 'b1890', 'b2285', 'b3899', 'b1603', 'b2975', 'b1634', 'b1216', 'b2487', 'b4321', 'b0010', 'b3603', 'b0431', 'b3714', 'b3731', 'b3691', 'b2723', 'b3736', 'b2282'}"
GO_1902601,"{'b0574', 'b0573', 'b0575', 'b0572'}"
GO_1902603,{'b0040'}
GO_1902604,{'b1336'}
GO_1902626,"{'b3315', 'b3185'}"
GO_1902670,"{'b2728', 'b2990'}"
GO_1902687,{'b3080'}
GO_1902758,{'b3857'}
GO_1902760,{'b2877'}
GO_1902767,{'b0419'}
GO_1902777,"{'b3879', 'b3882', 'b3883', 'b3881', 'b3880'}"
GO_1902815,"{'b1737', 'b1738', 'b1736'}"
GO_1902836,{'b1831'}
GO_1902912,"{'b1676', 'b1854'}"
GO_1903052,{'b3228'}
GO_1903066,{'b2007'}
GO_1903103,"{'b0047', 'b4513', 'b0046', 'b3350', 'b0696', 'b0697', 'b3351', 'b0698'}"
GO_1903228,{'b2407'}
GO_1903352,{'b0692'}
GO_1903401,"{'b4132', 'b0874'}"
GO_1903412,{'b2174'}
GO_1903424,{'b0624'}
GO_1903425,{'b0624'}
GO_1903457,{'b0307'}
GO_1903605,"{'b0887', 'b0886'}"
GO_1903607,"{'b2200', 'b2198', 'b2197', 'b2199', 'b2201'}"
GO_1903658,{'b0959'}
GO_1903692,"{'b0199', 'b0197', 'b0198'}"
GO_1903711,"{'b1123', 'b1125', 'b1126', 'b1600', 'b1599', 'b1124'}"
GO_1903712,"{'b1918', 'b1920', 'b3110', 'b1917'}"
GO_1903714,"{'b3455', 'b3457', 'b3454', 'b3456', 'b4141'}"
GO_1903785,"{'b3455', 'b3457', 'b2682', 'b3454', 'b3456', 'b0401', 'b2683', 'b4141'}"
GO_1903801,{'b3457'}
GO_1903803,"{'b0810', 'b0811', 'b0809'}"
GO_1903804,"{'b2677', 'b2678', 'b2679'}"
GO_1903805,set()
GO_1903806,set()
GO_1903810,"{'b2306', 'b2309', 'b2308', 'b2307'}"
GO_1903826,"{'b0860', 'b2923'}"
GO_1903830,"{'b1342', 'b3816', 'b4242'}"
GO_1903865,"{'b3995', 'b1235', 'b2741', 'b2571', 'b2573', 'b3067', 'b2572'}"
GO_1903966,"{'b1095', 'b2323'}"
GO_1903981,{'b0584'}
GO_1904047,"{'b1870', 'b3387', 'b0781', 'b2777'}"
GO_1904082,{'b1006'}
GO_1904176,"{'b4097', 'b4100', 'b4098', 'b4096', 'b4101', 'b4099'}"
GO_1904334,"{'b2200', 'b2198', 'b2197', 'b2199', 'b2201'}"
GO_1904583,{'b2219'}
GO_1904659,"{'b0070', 'b3679', 'b1101', 'b2170'}"
GO_1904680,"{'b3496', 'b4130', 'b2211', 'b1634', 'b0709', 'b0377'}"
GO_1904689,{'b3936'}
GO_1904823,"{'b4064', 'b3714', 'b3664', 'b4464'}"
GO_1904852,"{'b0996', 'b0997'}"
GO_1904949,"{'b2730', 'b2712', 'b3462', 'b3463'}"
GO_1904981,"{'b4036', 'b4033', 'b4032', 'b4035'}"
GO_1905039,"{'b4115', 'b3943', 'b1729', 'b3224', 'b1015', 'b4279'}"
GO_1905153,"{'b0738', 'b0737', 'b0739', 'b0740', 'b0741'}"
GO_1905348,"{'b4345', 'b4346'}"
GO_1905360,"{'b2727', 'b2726'}"
GO_1905368,"{'b4235', 'b3244'}"
GO_1905502,{'b3459'}
GO_1905647,{'b4111'}
GO_1905887,"{'b1516', 'b1601', 'b1514', 'b1515', 'b1513'}"
GO_1905906,"{'b1041', 'b1042'}"
GO_1990000,"{'b1041', 'b1042'}"
GO_1990002,"{'b3011', 'b0207'}"
GO_1990060,"{'b4033', 'b4034', 'b4035', 'b4032'}"
GO_1990061,"{'b1084', 'b2779', 'b3164', 'b3780'}"
GO_1990063,"{'b2595', 'b2512', 'b0177', 'b2617', 'b2477'}"
GO_1990065,{'b0173'}
GO_1990077,"{'b4362', 'b4361', 'b4201', 'b3066', 'b4052', 'b0467', 'b3935', 'b3778'}"
GO_1990078,"{'b3702', 'b3701', 'b2496'}"
GO_1990082,"{'b3702', 'b3317'}"
GO_1990084,"{'b0812', 'b3702'}"
GO_1990085,"{'b3701', 'b2496'}"
GO_1990097,{'b0687'}
GO_1990099,{'b4201'}
GO_1990100,"{'b4361', 'b4052'}"
GO_1990101,{'b3702'}
GO_1990102,"{'b3149', 'b3702'}"
GO_1990103,"{'b4000', 'b3702', 'b0440'}"
GO_1990107,{'b3991'}
GO_1990121,{'b1237'}
GO_1990133,"{'b0784', 'b0826'}"
GO_1990140,"{'b0784', 'b0785'}"
GO_1990145,"{'b3064', 'b3342', 'b4168', 'b1807', 'b3303', 'b4375', 'b3296'}"
GO_1990148,{'b1761'}
GO_1990154,"{'b4033', 'b4032', 'b4035', 'b2417'}"
GO_1990156,"{'b3066', 'b4052'}"
GO_1990158,"{'b4362', 'b4052', 'b3935', 'b4361', 'b4201'}"
GO_1990159,"{'b4362', 'b4052', 'b0467', 'b4361', 'b3935'}"
GO_1990160,"{'b0467', 'b4361', 'b4052', 'b3778'}"
GO_1990169,"{'b0192', 'b0486', 'b0014', 'b0436', 'b3686'}"
GO_1990177,"{'b0912', 'b1712'}"
GO_1990178,"{'b4000', 'b0440'}"
GO_1990189,"{'b1427', 'b1066'}"
GO_1990191,"{'b0158', 'b1709', 'b1711'}"
GO_1990193,"{'b1709', 'b1711'}"
GO_1990195,{'b0878'}
GO_1990196,"{'b0879', 'b3035', 'b0878'}"
GO_1990197,"{'b0199', 'b0197', 'b0198'}"
GO_1990198,{'b0761'}
GO_1990199,{'b0914'}
GO_1990201,{'b0935'}
GO_1990202,{'b0937'}
GO_1990204,"{'b1628', 'b2214', 'b0285', 'b4079', 'b1589', 'b1627', 'b2146', 'b1590', 'b1631', 'b2206', 'b2570', 'b1468', 'b0286', 'b2147', 'b0284', 'b1224', 'b1629', 'b2283', 'b1630', 'b1588'}"
GO_1990205,{'b0368'}
GO_1990207,{'b0543'}
GO_1990220,"{'b4143', 'b4142'}"
GO_1990221,"{'b0423', 'b2810', 'b2530'}"
GO_1990222,"{'b2677', 'b2678', 'b2679'}"
GO_1990228,"{'b1679', 'b3343', 'b3992', 'b1133', 'b0423', 'b3345', 'b0969', 'b2530', 'b3344', 'b4407'}"
GO_1990229,"{'b3190', 'b0435', 'b1654', 'b1682', 'b1681', 'b1683'}"
GO_1990230,"{'b2528', 'b1684', 'b2527', 'b2526'}"
GO_1990234,"{'b1200', 'b1199', 'b1198'}"
GO_1990235,{'b1584'}
GO_1990238,"{'b3411', 'b0398', 'b0397', 'b1348'}"
GO_1990275,{'b3180'}
GO_1990281,"{'b2075', 'b2074', 'b3035', 'b2686', 'b2685', 'b2076', 'b3265', 'b2470', 'b3266', 'b0462', 'b2368', 'b0463', 'b2367'}"
GO_1990329,"{'b2530', 'b3470'}"
GO_1990330,"{'b2529', 'b2530'}"
GO_1990351,"{'b4080', 'b4081', 'b0054', 'b4082', 'b3201', 'b3200', 'b0641', 'b3199', 'b4262', 'b4261'}"
GO_1990362,{'b3011'}
GO_1990391,"{'b4058', 'b1114', 'b0398', 'b0397'}"
GO_1990397,{'b3471'}
GO_1990451,"{'b0155', 'b2217', 'b3507', 'b4115', 'b4132', 'b3509', 'b3512', 'b2644', 'b3510'}"
GO_1990481,set()
GO_1990497,{'b4171'}
GO_1990516,{'b0183'}
GO_1990531,"{'b3191', 'b3193', 'b3194', 'b3195'}"
GO_1990532,{'b2504'}
GO_1990539,"{'b3953', 'b2169', 'b1818', 'b1817', 'b3950', 'b3900', 'b2167', 'b3949', 'b3899', 'b1819', 'b3947'}"
GO_1990586,"{'b3933', 'b0890', 'b0094', 'b0093', 'b0095', 'b0089', 'b0084', 'b2412', 'b3463', 'b3462', 'b0083', 'b2748'}"
GO_1990587,"{'b0083', 'b0093', 'b2748'}"
GO_1990588,"{'b0083', 'b2748'}"
GO_1990610,"{'b3670', 'b0078'}"
GO_1990641,{'b4291'}
GO_1990710,{'b2733'}
GO_1990748,{'b2661'}
GO_1990817,{'b0143'}
GO_1990827,{'b1883'}
GO_1990829,{'b2508'}
GO_1990837,{'b1346'}
GO_1990904,"{'b3186', 'b3304', 'b3294', 'b4203', 'b3311', 'b3983', 'b3986', 'b3302', 'b0169', 'b3985', 'b3320', 'b2606', 'b4506', 'b2610', 'b4202', 'b3185', 'b1717', 'b1716', 'b3301', 'b0296', 'b3342', 'b3315', 'b3984', 'b3936', 'b2609', 'b3636', 'b3309', 'b0911', 'b3341', 'b3297', 'b3703', 'b3306', 'b3305', 'b3317', 'b3308', 'b3318', 'b3299', 'b3319', 'b3321', 'b3065', 'b3303', 'b3298', 'b4200', 'b3312', 'b2185', 'b3316', 'b3231', 'b3165', 'b3296', 'b0023', 'b3314', 'b3307', 'b3230', 'b3637', 'b3310', 'b1089', 'b3313'}"
GO_1990929,{'b3878'}
GO_1990961,"{'b4148', 'b0879', 'b2686', 'b4082', 'b0842', 'b1053', 'b0792', 'b1663', 'b0762', 'b2368', 'b4337', 'b2367', 'b1600', 'b0793', 'b3035', 'b2685', 'b1599', 'b3673', 'b1660', 'b2182', 'b0794', 'b0878', 'b0543'}"
GO_2000104,"{'b2231', 'b2009'}"
GO_2000142,"{'b0080', 'b3295', 'b0399', 'b1512', 'b2573', 'b3461', 'b3649', 'b4293', 'b3067', 'b4292', 'b3988', 'b2741', 'b2491', 'b1922', 'b3961', 'b3202', 'b3987'}"
GO_2000143,"{'b2664', 'b3226', 'b0840', 'b4479', 'b1399', 'b0761', 'b0226', 'b1642', 'b4501', 'b1356', 'b0081', 'b3237', 'b3604', 'b0796', 'b3884', 'b3481'}"
GO_2000144,"{'b2079', 'b0447', 'b2731', 'b2709', 'b3105', 'b1642', 'b0817', 'b0020', 'b3237', 'b3604', 'b0796', 'b1916', 'b1040'}"
GO_2000145,"{'b3026', 'b3022'}"
GO_2000186,{'b3724'}
GO_2000245,"{'b1148', 'b2005', 'b0958'}"
GO_2000372,{'b2009'}
GO_2000766,"{'b0911', 'b3319'}"
GO_2000767,{'b0911'}
GO_2000892,{'b2716'}
GO_2001008,{'b0385'}
GO_2001023,{'b2079'}
GO_2001059,"{'b3137', 'b2096', 'b3132', 'b2095'}"
GO_2001061,{'b0222'}
GO_2001125,{'b4147'}
GO_2001251,{'b2295'}
GO_2001295,"{'b3256', 'b2316', 'b3255', 'b0185'}"
GO_2001315,{'b2255'}
