p_incomp,score_type,Hematopoietic cell lineage,Malaria,Type I diabetes mellitus,Phagosome,Osteoclast differentiation,Viral myocarditis,Rheumatoid arthritis,Antigen processing and presentation,Complement and coagulation cascades,Graft-versus-host disease,Leishmaniasis,Transcriptional misregulation in cancer,Protein digestion and absorption,Leukocyte transendothelial migration,Allograft rejection,Histidine metabolism,Viral protein interaction with cytokine and cytokine receptor,Ferroptosis,Mineral absorption,Apoptosis,Legionellosis,Arachidonic acid metabolism,Fluid shear stress and atherosclerosis,Asthma,ECM-receptor interaction,Staphylococcus aureus infection,Cytokine-cytokine receptor interaction,Proximal tubule bicarbonate reclamation,Lysosome,Gastric acid secretion,C-type lectin receptor signaling pathway,Pathogenic Escherichia coli infection,Aldosterone-regulated sodium reabsorption,HIF-1 signaling pathway,"Parathyroid hormone synthesis, secretion and action",Thyroid hormone synthesis,Dilated cardiomyopathy,GABAergic synapse,Intestinal immune network for IgA production,Adrenergic signaling in cardiomyocytes,Proteoglycans in cancer,Glycosaminoglycan degradation,Prostate cancer,Amphetamine addiction,Hypertrophic cardiomyopathy,Cell adhesion molecules,Aldosterone synthesis and secretion,Chagas disease,Autoimmune thyroid disease,African trypanosomiasis,Insulin secretion,Lipid and atherosclerosis,TNF signaling pathway,Human T-cell leukemia virus 1 infection,p53 signaling pathway,Tuberculosis,Tryptophan metabolism,JAK-STAT signaling pathway,alpha-Linolenic acid metabolism,GnRH secretion,"Growth hormone synthesis, secretion and action",Cholesterol metabolism,Linoleic acid metabolism,Toxoplasmosis,Epstein-Barr virus infection,Inflammatory bowel disease,Maturity onset diabetes of the young,Pertussis,Cholinergic synapse,Pancreatic secretion,Salmonella infection,beta-Alanine metabolism,Central carbon metabolism in cancer,Estrogen signaling pathway,NF-kappa B signaling pathway,Acute myeloid leukemia,Glycolysis / Gluconeogenesis,Influenza A,Fc gamma R-mediated phagocytosis,Cocaine addiction,Ether lipid metabolism,Natural killer cell mediated cytotoxicity,Phenylalanine metabolism,Glutathione metabolism,Dopaminergic synapse,Pantothenate and CoA biosynthesis,cGMP-PKG signaling pathway,Fat digestion and absorption,Yersinia infection,Gap junction,Th17 cell differentiation,Neuroactive ligand-receptor interaction,Taurine and hypotaurine metabolism,"Glycine, serine and threonine metabolism",Kaposi sarcoma-associated herpesvirus infection,Focal adhesion,Thyroid cancer,Riboflavin metabolism,Serotonergic synapse,Glioma,Human cytomegalovirus infection,Glutamatergic synapse,Cortisol synthesis and secretion,Type II diabetes mellitus,"Neomycin, kanamycin and gentamicin biosynthesis",MAPK signaling pathway,Renin secretion,B cell receptor signaling pathway,Cushing syndrome,Platelet activation,GnRH signaling pathway,Carbohydrate digestion and absorption,IL-17 signaling pathway,Nicotine addiction,Cardiac muscle contraction,Morphine addiction,Measles,Signaling pathways regulating pluripotency of stem cells,Th1 and Th2 cell differentiation,AGE-RAGE signaling pathway in diabetic complications,Toll-like receptor signaling pathway,Endocrine and other factor-regulated calcium reabsorption,Glycerolipid metabolism,Phospholipase D signaling pathway,Arrhythmogenic right ventricular cardiomyopathy,Bacterial invasion of epithelial cells,Pentose phosphate pathway,Vascular smooth muscle contraction,Calcium signaling pathway,Arginine and proline metabolism,Bile secretion,Glycerophospholipid metabolism,Amoebiasis,Regulation of lipolysis in adipocytes,FoxO signaling pathway,Cellular senescence,Ras signaling pathway,Fc epsilon RI signaling pathway,Tyrosine metabolism,Melanogenesis,Circadian entrainment,Butanoate metabolism,Phototransduction,Salivary secretion,Regulation of actin cytoskeleton,Oxytocin signaling pathway,Sphingolipid metabolism,ABC transporters,TGF-beta signaling pathway,Bladder cancer,Human immunodeficiency virus 1 infection,Glucagon signaling pathway,PI3K-Akt signaling pathway,Primary immunodeficiency,Basal cell carcinoma,Rap1 signaling pathway,Primary bile acid biosynthesis,Ovarian steroidogenesis,cAMP signaling pathway,ErbB signaling pathway,Chemokine signaling pathway,Choline metabolism in cancer,Inflammatory mediator regulation of TRP channels,Galactose metabolism,Other glycan degradation,Colorectal cancer,NOD-like receptor signaling pathway,Vasopressin-regulated water reabsorption,Synaptic vesicle cycle,PPAR signaling pathway,Axon guidance,Renin-angiotensin system,Hepatitis B,Relaxin signaling pathway,Long-term potentiation,Cytosolic DNA-sensing pathway,Chronic myeloid leukemia,Metabolism of xenobiotics by cytochrome P450,Notch signaling pathway,VEGF signaling pathway,Synthesis and degradation of ketone bodies,Vitamin digestion and absorption,Pathways in cancer,Pyruvate metabolism,Chemical carcinogenesis,Small cell lung cancer,Glycosphingolipid biosynthesis,Nitrogen metabolism,Collecting duct acid secretion,Taste transduction,Insulin resistance,T cell receptor signaling pathway,Fatty acid biosynthesis,Fructose and mannose metabolism,Prolactin signaling pathway,Fatty acid degradation,Porphyrin and chlorophyll metabolism,Longevity regulating pathway,Amino sugar and nucleotide sugar metabolism,PD-L1 expression and PD-1 checkpoint pathway in cancer,Hepatocellular carcinoma,Oocyte meiosis,Endometrial cancer,Melanoma,Non-small cell lung cancer,Drug metabolism,Mitophagy,Steroid biosynthesis,Vibrio cholerae infection,Coronavirus disease,Sphingolipid signaling pathway,Long-term depression,Apelin signaling pathway,Epithelial cell signaling in Helicobacter pylori infection,Breast cancer,Retrograde endocannabinoid signaling,Adherens junction,Pancreatic cancer,Gastric cancer,Progesterone-mediated oocyte maturation,Hippo signaling pathway,Neurotrophin signaling pathway,Retinol metabolism,Mismatch repair,Adipocytokine signaling pathway,Hepatitis C,Wnt signaling pathway,Steroid hormone biosynthesis,Glyoxylate and dicarboxylate metabolism,Proteasome,Tight junction,Starch and sucrose metabolism,Other types of O-glycan biosynthesis,Peroxisome,Lysine degradation,Thyroid hormone signaling pathway,One carbon pool by folate,Renal cell carcinoma,Insulin signaling pathway,Shigellosis,RIG-I-like receptor signaling pathway,Biosynthesis of unsaturated fatty acids,SNARE interactions in vesicular transport,Human papillomavirus infection,Neutrophil extracellular trap formation,Cysteine and methionine metabolism,Pentose and glucuronate interconversions,Propanoate metabolism,mTOR signaling pathway,Mannose type O-glycan biosynthesis,Mucin type O-glycan biosynthesis,Ascorbate and aldarate metabolism,"Alanine, aspartate and glutamate metabolism",RNA polymerase,Phosphatidylinositol signaling system,Viral carcinogenesis,Protein processing in endoplasmic reticulum,Pyrimidine metabolism,Cell cycle,Various types of N-glycan biosynthesis,Endocytosis,Folate biosynthesis,Base excision repair,Prion disease,Glycosaminoglycan biosynthesis,Nicotinate and nicotinamide metabolism,"Valine, leucine and isoleucine degradation",Necroptosis,DNA replication,Citrate cycle (TCA cycle),Autophagy,Circadian rhythm,Diabetic cardiomyopathy,Purine metabolism,Non-alcoholic fatty liver disease,Inositol phosphate metabolism,AMPK signaling pathway,Nucleotide excision repair,Homologous recombination,Systemic lupus erythematosus,N-Glycan biosynthesis,Spinocerebellar ataxia,Fanconi anemia pathway,Hedgehog signaling pathway,Parkinson disease,RNA degradation,Alcoholism,Alzheimer disease,Pathways of neurodegeneration,Herpes simplex virus 1 infection,Olfactory transduction,Amyotrophic lateral sclerosis,Ubiquitin mediated proteolysis,MicroRNAs in cancer,Huntington disease,Thermogenesis,RNA transport,Ribosome,Spliceosome,Oxidative phosphorylation,Ribosome biogenesis in eukaryotes,mRNA surveillance pathway
orig,mean_auroc,0.9971822222222222,0.9996858093092402,0.9987013661627967,0.996038114343029,0.9989634620367971,0.9981349127253053,0.9981919132937911,0.9983917733926538,0.9988021561189858,0.9988910373066424,0.9986940433867808,0.9960826459760475,0.9998050340215633,0.9990547345076439,0.9988617023627965,1.0,0.998675538456687,1.0,1.0,0.9989368621172703,0.9994298952093099,0.9998095337038768,0.9987345295145986,0.9994649627002568,0.9997008973080758,0.99870960502693,0.9953967759091825,1.0,0.9996003197442046,0.9995785246831272,1.0,0.9987863590772317,1.0,0.9992244083262047,0.9994893587049667,0.9996254980079681,0.9994788784950526,0.9994500357476764,0.9992395526229585,0.999321603451125,0.9987533878904297,1.0,0.9990735617689823,0.9998095337038768,0.9996768960017599,0.9971377777777778,0.999408108907961,0.9996945441851187,0.9988285480626837,1.0,0.9996678623621629,0.9980902811494565,0.9994893587049667,0.9970433242211644,0.9995584644953509,0.9976736662096166,1.0,0.9993827318161307,1.0,1.0,0.9995038494439692,0.9995898787035196,1.0,0.9993470216933904,0.996816922016348,0.9994328358208955,1.0,0.9997575883503887,0.9997581561827371,0.999641076769691,0.998482571415257,1.0,1.0,0.9990319309136728,0.9992821535393819,0.999860696517413,1.0,0.9978737242345407,0.9998647455793161,0.9998011928429422,1.0,0.9997031776185131,1.0,1.0,0.9994927035661861,1.0,0.9989215234351219,1.0,0.9993325134285684,1.0,0.9993087404453307,0.9965994844880594,1.0,1.0,0.9984555300497618,0.9986123169853884,0.9998916458987973,1.0,0.999472444896226,0.9998483469821049,0.9982046138415246,0.9996654528610214,0.9998010741993237,1.0,1.0,0.9975845410628019,0.9996753722746978,1.0,0.9989130646702151,0.9995344506517692,0.9998804780876495,1.0,0.9992908366533864,1.0,1.0,0.9990705702715263,0.9993068033095982,0.9993415939901563,0.9994274048994225,0.9998543994359894,0.9993947714154969,1.0,0.9996395903758202,0.9994744200224948,0.9994726368159204,0.9996716417910447,1.0,0.9993015366194373,0.9981909322948188,0.999816558640088,1.0,1.0,0.9994635768694347,0.9994746855211971,0.9995707272243585,0.9989243676818587,0.9985617778638253,1.0,1.0,0.9995697211155379,0.999692956250415,1.0,1.0,0.9996450400844976,0.9980409180970191,0.9997740006096728,1.0,1.0,0.9999999999999999,1.0,0.9987174351784807,0.9996858093092403,0.9954537656544862,1.0,0.9996686547382372,0.9980879015603037,1.0,0.9998178687330287,0.9985402640619947,1.0,0.9992650704053856,0.9999999999999999,0.999800876144962,1.0,1.0,0.999910447761194,0.9986888965344096,0.9996425024826218,1.0,0.9999999999999999,0.9993397989641353,1.0,0.9996373498155215,0.9994882020604852,1.0,0.9998296277366046,0.9998362113341757,1.0,0.9996942644001467,1.0,1.0,1.0,0.9958468489527463,1.0,0.9988267443978867,0.9996616915422885,1.0,1.0,1.0,1.0,0.9996017522899243,0.9999819014352161,1.0,1.0,1.0,1.0,1.0,0.9994123445556566,1.0,1.0,0.999351167897784,0.9999335724724325,0.9998916458987972,0.9998864184910696,0.9998438254252208,1.0,0.999816558640088,1.0,0.999823493072103,0.9987147147147147,0.9999170152028148,1.0,0.999587118084228,0.9999999999999999,0.9995945496842805,0.9996876038551015,0.9996942644001467,0.999900616179686,0.9994882020604852,0.9999685844136804,0.9994558514111586,1.0,1.0,1.0,1.0,1.0,0.9995949116060847,1.0,1.0,0.999206034140532,0.9993107451208009,1.0,1.0,1.0,0.9999999999999999,0.9998280636345537,1.0,1.0,0.9999999999999999,0.9989215862485907,1.0,1.0,1.0,0.9979789384108073,0.9986191521927198,1.0,1.0,1.0,0.999622711352829,1.0,1.0,1.0,1.0,1.0,1.0,0.9989530265089369,0.9987437686939182,1.0,0.9997114427860696,1.0,0.9984845001830518,0.9999999999999999,1.0,0.9985433500592868,1.0,1.0,1.0,0.9998160834980919,1.0,1.0,0.9996493023961177,1.0,0.9997581561827371,0.9992042967972946,0.9998733100465134,1.0,0.9997349237905897,1.0,1.0,0.9993682437175347,1.0,0.9992595539641491,1.0,1.0,0.9992901665890286,0.9998015479261758,0.999502091216889,0.9985262876517678,0.9982240107310529,0.9974976830398518,1.0,0.9985449603095191,0.9998722208024534,0.999260642431569,0.9990487002407156,0.9994112859938011,1.0,1.0,1.0,1.0,1.0,1.0
orig,stde_auroc,0.0,0.0,0.0,0.0,0.0,0.0,0.0,0.0,0.0,0.0,0.0,0.0,0.0,0.0,0.0,0.0,0.0,0.0,0.0,0.0,0.0,0.0,0.0,0.0,0.0,0.0,0.0,0.0,0.0,0.0,0.0,0.0,0.0,0.0,0.0,0.0,0.0,0.0,0.0,0.0,0.0,0.0,0.0,0.0,0.0,0.0,0.0,0.0,0.0,0.0,0.0,0.0,0.0,0.0,0.0,0.0,0.0,0.0,0.0,0.0,0.0,0.0,0.0,0.0,0.0,0.0,0.0,0.0,0.0,0.0,0.0,0.0,0.0,0.0,0.0,0.0,0.0,0.0,0.0,0.0,0.0,0.0,0.0,0.0,0.0,0.0,0.0,0.0,0.0,0.0,0.0,0.0,0.0,0.0,0.0,0.0,0.0,0.0,0.0,0.0,0.0,0.0,0.0,0.0,0.0,0.0,0.0,0.0,0.0,0.0,0.0,0.0,0.0,0.0,0.0,0.0,0.0,0.0,0.0,0.0,0.0,0.0,0.0,0.0,0.0,0.0,0.0,0.0,0.0,0.0,0.0,0.0,0.0,0.0,0.0,0.0,0.0,0.0,0.0,0.0,0.0,0.0,0.0,0.0,0.0,0.0,0.0,0.0,0.0,0.0,0.0,0.0,0.0,0.0,0.0,0.0,0.0,0.0,0.0,0.0,0.0,0.0,0.0,0.0,0.0,0.0,0.0,0.0,0.0,0.0,0.0,0.0,0.0,0.0,0.0,0.0,0.0,0.0,0.0,0.0,0.0,0.0,0.0,0.0,0.0,0.0,0.0,0.0,0.0,0.0,0.0,0.0,0.0,0.0,0.0,0.0,0.0,0.0,0.0,0.0,0.0,0.0,0.0,0.0,0.0,0.0,0.0,0.0,0.0,0.0,0.0,0.0,0.0,0.0,0.0,0.0,0.0,0.0,0.0,0.0,0.0,0.0,0.0,0.0,0.0,0.0,0.0,0.0,0.0,0.0,0.0,0.0,0.0,0.0,0.0,0.0,0.0,0.0,0.0,0.0,0.0,0.0,0.0,0.0,0.0,0.0,0.0,0.0,0.0,0.0,0.0,0.0,0.0,0.0,0.0,0.0,0.0,0.0,0.0,0.0,0.0,0.0,0.0,0.0,0.0,0.0,0.0,0.0,0.0,0.0,0.0,0.0,0.0,0.0,0.0,0.0,0.0,0.0,0.0,0.0,0.0,0.0,0.0,0.0,0.0,0.0,0.0,0.0,0.0,0.0,0.0,0.0,0.0,0.0,0.0,0.0,0.0,0.0,0.0,0.0,0.0,0.0
orig,mean_auprc,0.6281866675933993,0.9212353343872218,0.6112043165083971,0.5606450590593743,0.821931095012788,0.5806098780703574,0.7034289270278443,0.6617648255241153,0.7734685422724185,0.6388652745346457,0.6820449625649513,0.5968493291457297,0.9353382753528113,0.8368894457361917,0.5933624663281526,1.0,0.7164267474725078,1.0,0.9999999999999998,0.8472754237955278,0.7873854244840642,0.904974597014239,0.790863454776424,0.6886821511821511,0.8806432841461446,0.7131473599624836,0.6470587356135644,1.0,0.8719420128023885,0.8577393667533231,1.0,0.8243382850505869,1.0,0.8323053513468487,0.862661270827288,0.8475162327639109,0.8441259134303503,0.8235971938811695,0.7017540921784426,0.8546663692478613,0.840010994951185,1.0,0.7949584010037709,0.9016982668376003,0.9003024940885781,0.6108650529592596,0.7867022680198397,0.9322594736774543,0.5804205471362334,0.9999999999999998,0.8867677227383339,0.7765119825084066,0.888200373300702,0.7217587093789056,0.8480588413029289,0.6966545292952916,0.9999999999999999,0.9025393283649994,1.0,1.0,0.8922161193585703,0.8505881727921201,1.0,0.7946968307777695,0.6309361319525337,0.7309187615733752,1.0,0.9250033612391031,0.9415945870502689,0.8775857544588196,0.8065792462924098,1.0,1.0,0.7980179875415729,0.8707460524318683,0.9609980114914329,1.0,0.7143982810102566,0.9632535807818262,0.8431786731786731,1.0,0.956089925610059,1.0,1.0,0.8672719933308048,1.0,0.7905956561024736,1.0,0.8623416772908803,1.0000000000000002,0.8602957939046592,0.6793882987159261,1.0,1.0,0.7785425663786596,0.8021566892277777,0.9406172110717566,1.0,0.8374702983307122,0.9409136547515586,0.7882875880866854,0.9063251331377765,0.8608859561968436,1.0,1.0,0.7868900403895013,0.8448494596490359,0.9999999999999998,0.7687460625094158,0.8857860107947518,0.9666973565298911,1.0,0.8205927451845823,1.0,0.9999999999999999,0.6988680360986396,0.8350577964760807,0.8323398083460842,0.8489164694094713,0.9548615534463483,0.8622319255505692,0.9999999999999999,0.817906746031746,0.8765166876916584,0.7540179497612362,0.8595875061471037,1.0,0.8264999176680842,0.7634442339786864,0.8733516483516484,0.9999999999999998,1.0,0.8554967823303063,0.7554535567140609,0.89062898747122,0.7846757972147475,0.8428993832251429,1.0,1.0,0.8405492590008528,0.9001926400339713,1.0,0.9999999999999998,0.8583331975154562,0.7278422110223881,0.9322802561078871,1.0,1.0,1.0,0.9999999999999999,0.8043010988208925,0.878815442432401,0.6777421438357599,1.0000000000000002,0.8166921422803776,0.7487056615823069,1.0,0.8611462611462611,0.7692790155625059,1.0000000000000002,0.9160948651415927,1.0,0.8796640380080277,1.0,1.0,0.9728925986723977,0.8012734280609275,0.7162626262626263,1.0,1.0,0.9031625272005979,1.0,0.9222384544951704,0.8654821750379362,1.0,0.9373334998334997,0.916954426772766,1.0,0.8456598956598957,0.9999999999999998,1.0,1.0,0.7808791281928804,1.0,0.8415866124008246,0.8232779823375798,1.0,1.0,1.0,1.0,0.8615354639241639,0.9959575997125403,1.0,1.0,0.9999999999999998,1.0,1.0,0.7297200379354294,1.0,1.0000000000000002,0.8342759644442487,0.9861594551449624,0.9406172110717566,0.9481877249734392,0.91179316715031,0.9999999999999999,0.8656870906870908,1.0,0.8452380952380953,0.8383526004067515,0.9804370556702212,1.0,0.8691941670189948,1.0,0.8730141028158794,0.9194959276189927,0.8153274076351,0.9571162964020106,0.8460626367018731,0.9922173855691858,0.8555940150699722,1.0,1.0,1.0,1.0,1.0,0.8843571222845236,1.0,1.0,0.47002679859822716,0.8098328470394738,1.0,0.9999999999999998,0.9999999999999999,1.0,0.9259469977631453,1.0,1.0,1.0,0.8246542302976654,1.0,1.0,1.0,0.7457145851934814,0.6895219571411294,1.0,1.0,1.0,0.8761325900521383,1.0,1.0,1.0,1.0,1.0,1.0,0.7525578346592404,0.6781715829193395,1.0,0.893578682463795,1.0,0.7148063071560413,1.0,1.0,0.7300439442190823,1.0,1.0,1.0,0.920896195442529,1.0,1.0,0.8545958584778461,1.0,0.9494388055332708,0.6693257359924026,0.9656487306857019,1.0,0.8500015561780268,1.0,1.0,0.7178877351022679,1.0,0.6960365886836477,1.0,1.0,0.8018159906239807,0.7384920634920636,0.8262063832429964,0.7835854862736478,0.784603156142068,0.6995220980883576,1.0,0.7443833423133034,0.940246856318285,0.8556382476955826,0.7688086353515421,0.7432862659101487,1.0,1.0,0.9999999999999998,1.0,1.0,1.0
orig,stde_auprc,0.0,0.0,0.0,0.0,0.0,0.0,0.0,0.0,0.0,0.0,0.0,0.0,0.0,0.0,0.0,0.0,0.0,0.0,0.0,0.0,0.0,0.0,0.0,0.0,0.0,0.0,0.0,0.0,0.0,0.0,0.0,0.0,0.0,0.0,0.0,0.0,0.0,0.0,0.0,0.0,0.0,0.0,0.0,0.0,0.0,0.0,0.0,0.0,0.0,0.0,0.0,0.0,0.0,0.0,0.0,0.0,0.0,0.0,0.0,0.0,0.0,0.0,0.0,0.0,0.0,0.0,0.0,0.0,0.0,0.0,0.0,0.0,0.0,0.0,0.0,0.0,0.0,0.0,0.0,0.0,0.0,0.0,0.0,0.0,0.0,0.0,0.0,0.0,0.0,0.0,0.0,0.0,0.0,0.0,0.0,0.0,0.0,0.0,0.0,0.0,0.0,0.0,0.0,0.0,0.0,0.0,0.0,0.0,0.0,0.0,0.0,0.0,0.0,0.0,0.0,0.0,0.0,0.0,0.0,0.0,0.0,0.0,0.0,0.0,0.0,0.0,0.0,0.0,0.0,0.0,0.0,0.0,0.0,0.0,0.0,0.0,0.0,0.0,0.0,0.0,0.0,0.0,0.0,0.0,0.0,0.0,0.0,0.0,0.0,0.0,0.0,0.0,0.0,0.0,0.0,0.0,0.0,0.0,0.0,0.0,0.0,0.0,0.0,0.0,0.0,0.0,0.0,0.0,0.0,0.0,0.0,0.0,0.0,0.0,0.0,0.0,0.0,0.0,0.0,0.0,0.0,0.0,0.0,0.0,0.0,0.0,0.0,0.0,0.0,0.0,0.0,0.0,0.0,0.0,0.0,0.0,0.0,0.0,0.0,0.0,0.0,0.0,0.0,0.0,0.0,0.0,0.0,0.0,0.0,0.0,0.0,0.0,0.0,0.0,0.0,0.0,0.0,0.0,0.0,0.0,0.0,0.0,0.0,0.0,0.0,0.0,0.0,0.0,0.0,0.0,0.0,0.0,0.0,0.0,0.0,0.0,0.0,0.0,0.0,0.0,0.0,0.0,0.0,0.0,0.0,0.0,0.0,0.0,0.0,0.0,0.0,0.0,0.0,0.0,0.0,0.0,0.0,0.0,0.0,0.0,0.0,0.0,0.0,0.0,0.0,0.0,0.0,0.0,0.0,0.0,0.0,0.0,0.0,0.0,0.0,0.0,0.0,0.0,0.0,0.0,0.0,0.0,0.0,0.0,0.0,0.0,0.0,0.0,0.0,0.0,0.0,0.0,0.0,0.0,0.0,0.0,0.0,0.0,0.0,0.0,0.0,0.0
orig,mean_auprc_w,0.9944888694447946,0.9995383855717999,0.9968296701129602,0.9881980985547908,0.9976718968369207,0.99573167605724,0.9966037797398776,0.99640007577313,0.9978008508874165,0.9974552816336274,0.9967079691343993,0.9897999995938105,0.9993787317217816,0.998247888470563,0.9973224267357,1.0,0.9967170542597934,1.0,0.9999999999999999,0.998191739264751,0.9987750498429968,0.9994777184628001,0.9975327285990183,0.9987155731448338,0.99907915047547,0.9972993507357742,0.989905758110538,1.0,0.9983930981420825,0.9991066434841265,1.0,0.9973501760951864,1.0,0.9985634093608335,0.9988689537490643,0.9990167265480413,0.9987940740825754,0.9986039585472214,0.9985136989618965,0.9983431744768705,0.9976270621798395,1.0,0.9983361276703151,0.9994595480332573,0.9993400411757157,0.9937563725955427,0.9978762231684848,0.9995242445189136,0.9971142032183382,1.0,0.9992892489013567,0.9963675794065647,0.9991174569773678,0.9949363765173328,0.9991523530516732,0.9953794367743402,0.9999999999999999,0.9989411812337429,1.0,1.0,0.999137553781217,0.9993748512804672,1.0,0.9981127060174354,0.9929650760502491,0.9982330363759988,1.0,0.9996160356500066,0.9995837015155906,0.9991191350757688,0.9965688228823437,1.0,1.0,0.997986901916092,0.9990177171923079,0.9998294460470583,1.0,0.9960783581860734,0.9997819925299815,0.9993480137061244,1.0,0.9996382874676552,1.0,1.0,0.998823089693494,1.0,0.9973210217093845,1.0,0.9987693619060477,1.0000000000000002,0.9989732002311861,0.9888268153527302,1.0,1.0,0.9969486854044415,0.9972919796540327,0.9998537271059978,1.0,0.9987304029328685,0.999729008339757,0.9967283039750361,0.9993336982261474,0.9993167400173798,1.0,1.0,0.9957125816326496,0.9992753523524037,0.9999999999999998,0.9974005176339891,0.9991352275660308,0.9998237952482134,0.9999999999999998,0.9988558186490316,1.0,0.9999999999999999,0.9974574209424509,0.9984601069310206,0.9984286354372063,0.9991091088193476,0.9997487410718497,0.9990926428509469,0.9999999999999999,0.9992183341075285,0.9989055423543838,0.9985593452082699,0.9993226010887604,1.0,0.9985288679151647,0.9960191834345188,0.9995920145111552,0.9999999999999998,1.0,0.9990914016692531,0.999069064790811,0.9991734303566224,0.997825683604275,0.9977514408730237,1.0,1.0,0.9990151752272489,0.999449917334247,1.0,0.9999999999999998,0.9991958127344466,0.9957944328167065,0.9994226498495323,1.0,1.0,1.0,1.0,0.9973752315201114,0.9992518155829723,0.9914177656627174,1.0,0.9992978463809175,0.9963820869747985,1.0,0.9995859290661256,0.9967644259715035,1.0000000000000002,0.9990789894242496,1.0,0.9992596692866432,1.0,1.0,0.9998850327188411,0.9977469843344114,0.99914865750632,1.0,1.0,0.9990157508968803,1.0,0.9993498198605889,0.9990332683387239,1.0,0.9997948517192816,0.9996806974632122,1.0,0.9994823995246133,1.0,1.0,1.0,0.9926474876897622,1.0,0.9978452776697907,0.9990581817602272,1.0,1.0,1.0,1.0000000000000002,0.9992457752763761,0.9999814742950377,1.0,1.0,0.9999999999999998,1.0,1.0,0.9980521836595088,1.0,1.0000000000000004,0.998526112863263,0.9999222684059086,0.9998537271059978,0.9998407221308849,0.999718220768286,0.9999999999999999,0.9995683122821686,1.0,0.9996460703759827,0.9979654265906277,0.9999017277865946,1.0,0.9991088251494691,1.0,0.9990993500889341,0.9994567133785371,0.9993889845438719,0.9998691062244387,0.9988826574123278,0.9999680132953859,0.9988590694670624,1.0,0.9999999999999999,1.0,1.0,1.0,0.9991043461670832,1.0,1.0,0.9979668733704372,0.9983675523518283,1.0,0.9999999999999998,0.9999999999999999,0.9999999999999999,0.9996351872344214,1.0,1.0,1.0,0.9978792042224174,1.0,1.0,1.0,0.9949162226893407,0.9963394699634832,1.0,1.0,1.0,0.9991791257382131,1.0,1.0,1.0,1.0,1.0,1.0,0.9974408566382635,0.9968526698287993,1.0,0.9995104529764052,1.0,0.9955270022693922,1.0,1.0,0.9957337284461389,1.0,1.0,1.0,0.9995315733206964,1.0,1.0,0.9992372330128598,1.0,0.9996369054876171,0.9974345589729229,0.9998379984442035,1.0,0.9994471679590148,1.0,1.0,0.9986012044906584,1.0,0.9981553639813734,1.0,1.0,0.9979427727744418,0.9995207566807895,0.998941498468559,0.9967238059891536,0.9955858402521752,0.9939180345944857,0.9999999999999999,0.9962466114140516,0.9998149368382652,0.9987249770826175,0.9972103456450018,0.9980016145664717,1.0,1.0,0.9999999999999998,1.0,1.0,1.0
orig,stde_auprc_w,0.0,0.0,0.0,0.0,0.0,0.0,0.0,0.0,0.0,0.0,0.0,0.0,0.0,0.0,0.0,0.0,0.0,0.0,0.0,0.0,0.0,0.0,0.0,0.0,0.0,0.0,0.0,0.0,0.0,0.0,0.0,0.0,0.0,0.0,0.0,0.0,0.0,0.0,0.0,0.0,0.0,0.0,0.0,0.0,0.0,0.0,0.0,0.0,0.0,0.0,0.0,0.0,0.0,0.0,0.0,0.0,0.0,0.0,0.0,0.0,0.0,0.0,0.0,0.0,0.0,0.0,0.0,0.0,0.0,0.0,0.0,0.0,0.0,0.0,0.0,0.0,0.0,0.0,0.0,0.0,0.0,0.0,0.0,0.0,0.0,0.0,0.0,0.0,0.0,0.0,0.0,0.0,0.0,0.0,0.0,0.0,0.0,0.0,0.0,0.0,0.0,0.0,0.0,0.0,0.0,0.0,0.0,0.0,0.0,0.0,0.0,0.0,0.0,0.0,0.0,0.0,0.0,0.0,0.0,0.0,0.0,0.0,0.0,0.0,0.0,0.0,0.0,0.0,0.0,0.0,0.0,0.0,0.0,0.0,0.0,0.0,0.0,0.0,0.0,0.0,0.0,0.0,0.0,0.0,0.0,0.0,0.0,0.0,0.0,0.0,0.0,0.0,0.0,0.0,0.0,0.0,0.0,0.0,0.0,0.0,0.0,0.0,0.0,0.0,0.0,0.0,0.0,0.0,0.0,0.0,0.0,0.0,0.0,0.0,0.0,0.0,0.0,0.0,0.0,0.0,0.0,0.0,0.0,0.0,0.0,0.0,0.0,0.0,0.0,0.0,0.0,0.0,0.0,0.0,0.0,0.0,0.0,0.0,0.0,0.0,0.0,0.0,0.0,0.0,0.0,0.0,0.0,0.0,0.0,0.0,0.0,0.0,0.0,0.0,0.0,0.0,0.0,0.0,0.0,0.0,0.0,0.0,0.0,0.0,0.0,0.0,0.0,0.0,0.0,0.0,0.0,0.0,0.0,0.0,0.0,0.0,0.0,0.0,0.0,0.0,0.0,0.0,0.0,0.0,0.0,0.0,0.0,0.0,0.0,0.0,0.0,0.0,0.0,0.0,0.0,0.0,0.0,0.0,0.0,0.0,0.0,0.0,0.0,0.0,0.0,0.0,0.0,0.0,0.0,0.0,0.0,0.0,0.0,0.0,0.0,0.0,0.0,0.0,0.0,0.0,0.0,0.0,0.0,0.0,0.0,0.0,0.0,0.0,0.0,0.0,0.0,0.0,0.0,0.0,0.0,0.0,0.0,0.0,0.0,0.0,0.0,0.0
orig,mean_auprc_p,1.0,0.9999999999999998,1.0,1.0,1.0000000000000002,1.0,1.0,1.0,1.0,1.0,0.9999999999999999,1.0,1.0,0.9999999999999999,1.0,1.0,0.9999999999999999,1.0,0.9999999999999998,1.0,0.9999999999999998,0.9999999999999999,1.0,1.0,1.0,1.0,1.0,1.0,1.0000000000000002,0.9999999999999998,1.0,1.0,0.9999999999999999,1.0,1.0,1.0,1.0,0.9999999999999997,1.0,1.0,1.0,1.0,0.9999999999999998,0.9999999999999998,0.9999999999999998,1.0000000000000002,1.0,1.0,1.0,0.9999999999999998,0.9999999999999998,0.9999999999999999,1.0,0.9999999999999996,0.9999999999999998,1.0,0.9999999999999999,1.0000000000000002,1.0000000000000002,1.0,1.0,1.0,0.9999999999999999,0.9999999999999999,1.0,1.0,1.0,0.9999999999999998,1.0,0.9999999999999999,0.9999999999999998,1.0,1.0,1.0,0.9999999999999999,1.0000000000000002,1.0000000000000002,1.0000000000000002,1.0,1.0,1.0,0.9999999999999998,1.0,1.0,0.9999999999999998,1.0,0.9999999999999999,0.9999999999999998,0.9999999999999999,1.0,1.0,0.9999999999999997,1.0,1.0,1.0000000000000002,0.9999999999999998,1.0,1.0,0.9999999999999998,1.0000000000000002,1.0000000000000002,0.9999999999999999,1.0000000000000002,0.9999999999999998,1.0,1.0,0.9999999999999998,0.9999999999999998,1.0,0.9999999999999998,1.0,1.0,1.0,1.0,0.9999999999999999,0.9999999999999999,1.0,0.9999999999999998,0.9999999999999998,1.0,1.0,0.9999999999999999,1.0,0.9999999999999999,1.0,1.0,1.0,1.0,1.0,1.0,1.0,1.0000000000000002,0.9999999999999998,0.9999999999999998,1.0,1.0,1.0,1.0,1.0,1.0000000000000002,1.0,1.0,0.9999999999999998,0.9999999999999999,1.0,0.9999999999999998,1.0,1.0,0.9999999999999998,1.0,1.0,0.9999999999999999,0.9999999999999999,1.0,1.0,1.0000000000000002,1.0,1.0,1.0,1.0000000000000002,0.9999999999999999,1.0,0.9999999999999999,0.9999999999999998,1.0,1.0000000000000002,1.0000000000000002,1.0,1.0,1.0,1.0000000000000002,1.0,0.9999999999999999,1.0,1.0,0.9999999999999999,1.0,1.0,1.0,0.9999999999999998,1.0,1.0,1.0,1.0,1.0,1.0,1.0,1.0,1.0,1.0,0.9999999999999998,0.9999999999999998,1.0,1.0,0.9999999999999998,1.0,1.0,1.0,1.0,1.0,1.0,1.0,1.0,0.9999999999999998,0.9999999999999998,0.9999999999999998,0.9999999999999998,1.0,1.0000000000000002,1.0,0.9999999999999999,1.0,0.9999999999999999,0.9999999999999998,0.9999999999999999,0.9999999999999999,0.9999999999999998,0.9999999999999998,0.9999999999999999,1.0,0.9999999999999999,0.9999999999999998,1.0,1.0,1.0,1.0,0.9999999999999999,1.0,1.0,0.9999999999999998,1.0,1.0,0.9999999999999998,0.9999999999999999,0.9999999999999999,0.9999999999999999,1.0,1.0,1.0,1.0,1.0,1.0,1.0,1.0,1.0,0.9999999999999998,1.0,1.0,0.9999999999999999,1.0,1.0,1.0,1.0,1.0,1.0,1.0,0.9999999999999999,0.9999999999999998,1.0000000000000002,1.0,1.0,1.0,1.0,1.0000000000000002,1.0,1.0,1.0,1.0,1.0,1.0,1.0000000000000004,1.0,1.0,1.0,0.9999999999999998,0.9999999999999998,1.0,1.0,1.0,1.0,1.0,1.0000000000000002,1.0,1.0,1.0,1.0,0.9999999999999999,1.0000000000000002,1.0,0.9999999999999998,1.0,1.0,0.9999999999999999,0.9999999999999998,0.9999999999999999,1.0,1.0,1.0,0.9999999999999998,1.0,1.0,1.0
orig,stde_auprc_p,0.0,0.0,0.0,0.0,0.0,0.0,0.0,0.0,0.0,0.0,0.0,0.0,0.0,0.0,0.0,0.0,0.0,0.0,0.0,0.0,0.0,0.0,0.0,0.0,0.0,0.0,0.0,0.0,0.0,0.0,0.0,0.0,0.0,0.0,0.0,0.0,0.0,0.0,0.0,0.0,0.0,0.0,0.0,0.0,0.0,0.0,0.0,0.0,0.0,0.0,0.0,0.0,0.0,0.0,0.0,0.0,0.0,0.0,0.0,0.0,0.0,0.0,0.0,0.0,0.0,0.0,0.0,0.0,0.0,0.0,0.0,0.0,0.0,0.0,0.0,0.0,0.0,0.0,0.0,0.0,0.0,0.0,0.0,0.0,0.0,0.0,0.0,0.0,0.0,0.0,0.0,0.0,0.0,0.0,0.0,0.0,0.0,0.0,0.0,0.0,0.0,0.0,0.0,0.0,0.0,0.0,0.0,0.0,0.0,0.0,0.0,0.0,0.0,0.0,0.0,0.0,0.0,0.0,0.0,0.0,0.0,0.0,0.0,0.0,0.0,0.0,0.0,0.0,0.0,0.0,0.0,0.0,0.0,0.0,0.0,0.0,0.0,0.0,0.0,0.0,0.0,0.0,0.0,0.0,0.0,0.0,0.0,0.0,0.0,0.0,0.0,0.0,0.0,0.0,0.0,0.0,0.0,0.0,0.0,0.0,0.0,0.0,0.0,0.0,0.0,0.0,0.0,0.0,0.0,0.0,0.0,0.0,0.0,0.0,0.0,0.0,0.0,0.0,0.0,0.0,0.0,0.0,0.0,0.0,0.0,0.0,0.0,0.0,0.0,0.0,0.0,0.0,0.0,0.0,0.0,0.0,0.0,0.0,0.0,0.0,0.0,0.0,0.0,0.0,0.0,0.0,0.0,0.0,0.0,0.0,0.0,0.0,0.0,0.0,0.0,0.0,0.0,0.0,0.0,0.0,0.0,0.0,0.0,0.0,0.0,0.0,0.0,0.0,0.0,0.0,0.0,0.0,0.0,0.0,0.0,0.0,0.0,0.0,0.0,0.0,0.0,0.0,0.0,0.0,0.0,0.0,0.0,0.0,0.0,0.0,0.0,0.0,0.0,0.0,0.0,0.0,0.0,0.0,0.0,0.0,0.0,0.0,0.0,0.0,0.0,0.0,0.0,0.0,0.0,0.0,0.0,0.0,0.0,0.0,0.0,0.0,0.0,0.0,0.0,0.0,0.0,0.0,0.0,0.0,0.0,0.0,0.0,0.0,0.0,0.0,0.0,0.0,0.0,0.0,0.0,0.0,0.0,0.0,0.0,0.0,0.0,0.0
0.0,mean_auroc,0.9984044444444445,0.9995708614955479,0.9986407632503939,0.9958375125376128,0.9982371002065225,0.9982274552236681,0.9986170441623898,0.9983506873114443,0.9982309620460948,0.9988626023657872,0.9986033519553074,0.996038958012955,0.9999999999999999,0.9983457853883768,0.9987511880290874,1.0,0.9989120494465644,1.0,0.9996016729735113,0.998815956240411,0.9993846487973503,0.9998095337038768,0.9981126660114632,0.9994802494802495,0.9995812562313062,0.9985849291841212,0.9954976433693399,1.0,1.0,0.9994865664321732,0.999800439034125,0.9983049147442327,1.0,0.9990533219275733,0.9994247948630659,1.0,0.9993630737161754,0.9998143870648406,0.999485235621695,0.9996608017255625,0.9977830697576507,1.0,0.999433843303267,1.0,0.9992712973656712,0.9978400000000001,0.9998391600293373,0.9997070117693996,0.9988064451959419,0.9998777057600587,1.0,0.9974558660736828,0.999395447662202,0.996874462350175,0.9994892040240333,0.9982205857431172,1.0,0.9993997599039616,1.0,1.0,0.9996179070430569,0.9996644462119705,1.0,0.9991051778761276,0.9974324343336288,0.9992935323383083,1.0,0.9997056429969006,0.999830709327916,1.0,0.9974427978936576,1.0,1.0,0.9990677853242775,0.9996011964107677,0.9998109452736319,1.0,0.9985491294776866,0.9996796605825908,0.9999999999999999,1.0,0.9993577843018737,0.9999999999999999,0.9998128129533437,0.9995358777307659,1.0,0.9991302608347756,1.0,0.999190606834642,0.9994661354581673,0.9994283815221003,0.995530307399504,1.0,1.0,0.9984978970558782,0.9982375683637954,1.0,1.0,0.9993244721232163,0.9996777373369731,0.9978100969575394,0.9998327264305107,0.9999999999999999,1.0,1.0,0.9964892193153063,0.9998638657926153,0.9999185564584729,0.9984012789768186,0.9993712060751168,0.9998486055776892,1.0,0.9995059760956174,1.0,1.0,0.9994274048994224,0.9992458020008429,0.9982460495639409,0.9993610170616742,0.9996321669961836,0.9996235773437846,1.0,0.9998135812288724,0.9992221416332923,0.9996616915422887,0.9993930348258706,1.0,0.9994600115041028,0.9978126726837354,0.9998012718600954,1.0,1.0,0.9995938510582861,0.9998864184910696,0.999607003796948,0.9988987573885696,0.9980881325930177,0.9998830080958399,1.0,0.998788844621514,0.9996099714532297,1.0,1.0,0.999636382525583,0.9973582077368894,0.9996373498155213,1.0,1.0,0.9995671220542656,1.0,0.9984324207736985,1.0,0.9950411038933942,1.0,0.9991782637508284,0.9974675492944475,1.0,0.9998178687330287,0.9989985980372521,0.9997014925373136,0.9990345895266011,0.9999134244108532,0.9998095337038768,1.0,1.0,0.9998407960199005,0.9987074937466873,1.0,0.9998121256326946,1.0,0.9994095385101773,1.0,0.9996373498155213,0.9995613160518445,1.0000000000000002,0.9998012323593719,0.9997777153820955,1.0,0.9998471322000734,1.0,1.0,1.0,0.9943322456795382,1.0,0.9991218801238841,0.9998308457711443,1.0,1.0,0.9999999999999999,1.0,0.9999999999999999,0.9998552114817295,1.0,1.0,0.999957406934151,1.0,1.0,0.9998957385501971,1.0,0.9998452799328073,0.9984527849870233,0.9998819066176579,1.0,0.9998722208024533,0.9999999999999999,1.0,0.9996025437201908,1.0,1.0,0.9985865865865866,0.9998257319259112,1.0,0.99965830462143,0.999862418980066,0.9987238285144566,0.999840478564307,0.999862418980066,0.9999432092455349,0.9987171817879693,0.9998533939305088,0.9983191854700235,0.9997143005558152,1.0,1.0,1.0,0.9998005584363783,0.9983796464243391,1.0,0.9999999999999999,0.9996030170702661,0.9992623763573484,1.0,1.0,1.0,1.0,0.9998371129169457,1.0,1.0,0.9998486055776893,0.9990890671721051,1.0,1.0,1.0,0.9968443073431903,0.9983529646636056,1.0,1.0,1.0,0.9987186423303624,1.0,1.0,1.0,1.0,1.0,0.9999999999999998,0.9985482687160003,0.999029577932868,1.0,0.9998706467661692,1.0,0.9983142193047432,1.0,1.0,0.9986611384641961,1.0,1.0,1.0,0.9995631983079682,1.0,1.0,1.0,0.9999999999999999,0.9990930856852646,0.9992042967972946,0.9998009157873781,1.0,1.0,1.0,1.0,0.999508634002527,1.0,1.0,1.0,1.0,0.9996118098533749,1.0,0.999485494257452,0.9971123679286429,0.9964882629107982,0.9978097003398209,0.9999999999999999,0.9988784937629244,0.9998864184910696,0.999163500561264,0.9998002796085481,1.0,1.0,1.0,1.0,1.0,1.0,1.0
0.0,stde_auroc,0.0,0.0,0.0,0.0,0.0,0.0,0.0,0.0,0.0,0.0,0.0,0.0,0.0,0.0,0.0,0.0,0.0,0.0,0.0,0.0,0.0,0.0,0.0,0.0,0.0,0.0,0.0,0.0,0.0,0.0,0.0,0.0,0.0,0.0,0.0,0.0,0.0,0.0,0.0,0.0,0.0,0.0,0.0,0.0,0.0,0.0,0.0,0.0,0.0,0.0,0.0,0.0,0.0,0.0,0.0,0.0,0.0,0.0,0.0,0.0,0.0,0.0,0.0,0.0,0.0,0.0,0.0,0.0,0.0,0.0,0.0,0.0,0.0,0.0,0.0,0.0,0.0,0.0,0.0,0.0,0.0,0.0,0.0,0.0,0.0,0.0,0.0,0.0,0.0,0.0,0.0,0.0,0.0,0.0,0.0,0.0,0.0,0.0,0.0,0.0,0.0,0.0,0.0,0.0,0.0,0.0,0.0,0.0,0.0,0.0,0.0,0.0,0.0,0.0,0.0,0.0,0.0,0.0,0.0,0.0,0.0,0.0,0.0,0.0,0.0,0.0,0.0,0.0,0.0,0.0,0.0,0.0,0.0,0.0,0.0,0.0,0.0,0.0,0.0,0.0,0.0,0.0,0.0,0.0,0.0,0.0,0.0,0.0,0.0,0.0,0.0,0.0,0.0,0.0,0.0,0.0,0.0,0.0,0.0,0.0,0.0,0.0,0.0,0.0,0.0,0.0,0.0,0.0,0.0,0.0,0.0,0.0,0.0,0.0,0.0,0.0,0.0,0.0,0.0,0.0,0.0,0.0,0.0,0.0,0.0,0.0,0.0,0.0,0.0,0.0,0.0,0.0,0.0,0.0,0.0,0.0,0.0,0.0,0.0,0.0,0.0,0.0,0.0,0.0,0.0,0.0,0.0,0.0,0.0,0.0,0.0,0.0,0.0,0.0,0.0,0.0,0.0,0.0,0.0,0.0,0.0,0.0,0.0,0.0,0.0,0.0,0.0,0.0,0.0,0.0,0.0,0.0,0.0,0.0,0.0,0.0,0.0,0.0,0.0,0.0,0.0,0.0,0.0,0.0,0.0,0.0,0.0,0.0,0.0,0.0,0.0,0.0,0.0,0.0,0.0,0.0,0.0,0.0,0.0,0.0,0.0,0.0,0.0,0.0,0.0,0.0,0.0,0.0,0.0,0.0,0.0,0.0,0.0,0.0,0.0,0.0,0.0,0.0,0.0,0.0,0.0,0.0,0.0,0.0,0.0,0.0,0.0,0.0,0.0,0.0,0.0,0.0,0.0,0.0,0.0,0.0,0.0,0.0,0.0,0.0,0.0,0.0
0.0,mean_auprc,0.7339047061732893,0.8689155925316708,0.5898272514102587,0.5450771067301863,0.7279083067946284,0.5754073178330013,0.7263395767244367,0.6744499028486195,0.7029509960546665,0.6176951585170662,0.653743394897643,0.6036394332808154,1.0,0.7507947562931707,0.5744678270998548,1.0,0.7434635553052538,1.0,0.8099823447249919,0.7754329246708533,0.8037057947430075,0.9039566536049913,0.7129412864657685,0.6971044980660366,0.852363046857382,0.6791553502972076,0.6544951628442748,1.0,1.0000000000000002,0.8038634923234478,0.9075232505543881,0.7476685328919203,0.9999999999999999,0.7669784703812197,0.833216090410973,1.0,0.8299923866461595,0.9293882876847006,0.7375652211565524,0.919792289285889,0.7105761331241228,1.0,0.8598364135465946,0.9999999999999998,0.8160246378246319,0.658012163479666,0.9529951808404926,0.8891768005132594,0.5742837672494535,0.9387640137640134,1.0,0.7146068654923811,0.8420443211655304,0.6889713817373367,0.8112701469055388,0.7194013957646678,0.9999999999999999,0.8997063195933657,1.0000000000000002,1.0000000000000002,0.8868550120912516,0.8355685980685981,0.9999999999999999,0.7419825433935351,0.6573449102920871,0.7106918230959152,1.0000000000000002,0.8991471839910685,0.949657156882197,0.9999999999999999,0.7145854936380995,1.0,1.0000000000000004,0.7910610430210708,0.8591741801685153,0.8927320647618635,1.0,0.7423051992268781,0.9039265584411776,1.0,1.0,0.8539051562090063,1.0,0.8866204057380529,0.8820297575080736,1.0,0.8340204048968599,0.9999999999999998,0.8148075024507969,0.7922885571600742,0.8339933932950461,0.6175657292153168,1.0,1.0,0.753736921485676,0.7433531697529553,1.0,1.0,0.8063091798795985,0.8738316474701877,0.7280775966581169,0.9495210623663743,1.0000000000000002,1.0,1.0,0.6803922272497309,0.9471114466164976,0.9786322557245628,0.6978380729835536,0.8406519763836875,0.9496165484490833,1.0,0.798008317592878,1.0,0.9999999999999999,0.766964003452974,0.8067896763157901,0.6702297346047488,0.7991223386337918,0.8511150482846385,0.8514283270360805,0.9999999999999999,0.8875277194211018,0.7912072479238395,0.8244502311414076,0.787268681909616,1.0,0.8870862385137461,0.6980145573585983,0.8348901098901099,0.9999999999999999,1.0,0.8515686615375251,0.9481877249734392,0.8943430967193848,0.7350919830022046,0.7580120816704049,0.9542793567447547,1.0,0.669099580726331,0.8791767584560186,1.0,0.9999999999999998,0.843495378329811,0.6637944119576025,0.8993614968909007,1.0,1.0,0.8626111796737926,0.9999999999999999,0.7622924837827624,1.0,0.6308405401270609,1.0000000000000002,0.680039161904487,0.6756927564100897,1.0,0.861146261146261,0.8198630797456101,0.8820893098989075,0.8419993588021722,0.9791453537936914,0.9014031684428104,1.0,1.0,0.9318987314285303,0.7761016274024709,0.9999999999999999,0.8904649038420968,1.0,0.895530547231055,1.0,0.8904611827451184,0.8803220126278801,1.0,0.8354849515563801,0.9085241677119296,1.0,0.9114746364746364,0.9999999999999998,1.0,1.0,0.7009288241971086,1.0,0.8565414384340034,0.9220177790475779,1.0,1.0,1.0,1.0000000000000002,0.9999999999999998,0.9481166196259228,1.0,1.0,0.9846415489272631,1.0,1.0,0.9683805000755468,1.0,0.9297552042327585,0.6866432407887718,0.9695936687864344,1.0,0.937983643340786,0.9999999999999998,1.0,0.8069654704270088,1.0,1.0,0.7753312948911792,0.9282489428571086,1.0,0.8870502389478632,0.926859251859252,0.7019764048253333,0.954626889394067,0.9464074387151307,0.9786891679748821,0.7007065635554921,0.9398818341237272,0.6455159698904852,0.9087400066273692,1.0,1.0,1.0,0.902106187814403,0.6637271379570817,0.9999999999999999,1.0,0.6242630385487529,0.7957939398187484,1.0,1.0,1.0,0.9999999999999999,0.9350379068540543,1.0,1.0,0.9497572772854643,0.8467287919762445,1.0,1.0,1.0,0.659574073074582,0.6367972233612327,0.9999999999999998,1.0,1.0,0.6892990981592394,1.0,1.0,1.0,1.0,1.0,1.0,0.7008660803257096,0.7318705633032259,0.9999999999999998,0.9536249219047208,1.0,0.7032587664140656,1.0,1.0,0.7405753499511677,1.0,1.0,1.0,0.8467344358292406,1.0,1.0,1.0,1.0,0.7924028849296326,0.6535529285529286,0.8757140222233253,0.9999999999999998,1.0,1.0,1.0,0.7533228452277806,1.0,1.0000000000000002,1.0,1.0,0.8590455492568594,1.0,0.8349052413474919,0.6447537373095029,0.6399297401179829,0.7176976583121282,0.9999999999999999,0.7827304218627562,0.9504509379509378,0.788047195546782,0.9169237607426143,0.9999999999999999,1.0,1.0,0.9999999999999998,1.0,1.0,1.0
0.0,stde_auprc,0.0,0.0,0.0,0.0,0.0,0.0,0.0,0.0,0.0,0.0,0.0,0.0,0.0,0.0,0.0,0.0,0.0,0.0,0.0,0.0,0.0,0.0,0.0,0.0,0.0,0.0,0.0,0.0,0.0,0.0,0.0,0.0,0.0,0.0,0.0,0.0,0.0,0.0,0.0,0.0,0.0,0.0,0.0,0.0,0.0,0.0,0.0,0.0,0.0,0.0,0.0,0.0,0.0,0.0,0.0,0.0,0.0,0.0,0.0,0.0,0.0,0.0,0.0,0.0,0.0,0.0,0.0,0.0,0.0,0.0,0.0,0.0,0.0,0.0,0.0,0.0,0.0,0.0,0.0,0.0,0.0,0.0,0.0,0.0,0.0,0.0,0.0,0.0,0.0,0.0,0.0,0.0,0.0,0.0,0.0,0.0,0.0,0.0,0.0,0.0,0.0,0.0,0.0,0.0,0.0,0.0,0.0,0.0,0.0,0.0,0.0,0.0,0.0,0.0,0.0,0.0,0.0,0.0,0.0,0.0,0.0,0.0,0.0,0.0,0.0,0.0,0.0,0.0,0.0,0.0,0.0,0.0,0.0,0.0,0.0,0.0,0.0,0.0,0.0,0.0,0.0,0.0,0.0,0.0,0.0,0.0,0.0,0.0,0.0,0.0,0.0,0.0,0.0,0.0,0.0,0.0,0.0,0.0,0.0,0.0,0.0,0.0,0.0,0.0,0.0,0.0,0.0,0.0,0.0,0.0,0.0,0.0,0.0,0.0,0.0,0.0,0.0,0.0,0.0,0.0,0.0,0.0,0.0,0.0,0.0,0.0,0.0,0.0,0.0,0.0,0.0,0.0,0.0,0.0,0.0,0.0,0.0,0.0,0.0,0.0,0.0,0.0,0.0,0.0,0.0,0.0,0.0,0.0,0.0,0.0,0.0,0.0,0.0,0.0,0.0,0.0,0.0,0.0,0.0,0.0,0.0,0.0,0.0,0.0,0.0,0.0,0.0,0.0,0.0,0.0,0.0,0.0,0.0,0.0,0.0,0.0,0.0,0.0,0.0,0.0,0.0,0.0,0.0,0.0,0.0,0.0,0.0,0.0,0.0,0.0,0.0,0.0,0.0,0.0,0.0,0.0,0.0,0.0,0.0,0.0,0.0,0.0,0.0,0.0,0.0,0.0,0.0,0.0,0.0,0.0,0.0,0.0,0.0,0.0,0.0,0.0,0.0,0.0,0.0,0.0,0.0,0.0,0.0,0.0,0.0,0.0,0.0,0.0,0.0,0.0,0.0,0.0,0.0,0.0,0.0,0.0,0.0,0.0,0.0,0.0,0.0,0.0
0.0,mean_auprc_w,0.9966469916867441,0.9992013059914224,0.99642800343525,0.9872387697622845,0.9958245882360358,0.9954641370433219,0.9969718105891535,0.996470592551002,0.9967851302373516,0.9971612866021584,0.995828048516773,0.9905218001807715,1.0,0.9969343670326387,0.9971761450151205,1.0,0.9968343550748414,1.0,0.998537934082492,0.9971107813584666,0.9988576509886636,0.9994719037710976,0.9962081363902497,0.9988037260403454,0.9988687675994427,0.9968616050732317,0.990433204192399,1.0,1.0000000000000002,0.998641756726222,0.9991808875975645,0.9955252253846022,0.9999999999999999,0.9977904660716563,0.9985136118632836,1.0,0.9986875837799848,0.9995369808020629,0.9987113240924868,0.9991709897678682,0.9948913527440552,1.0,0.9989714852081482,0.9999999999999999,0.9986463014951933,0.9950272781293706,0.9996874033369563,0.9990884037502883,0.9970926510767285,0.9998231089530063,1.0,0.9949705257209611,0.9986357705890319,0.994209998871681,0.9988574327589209,0.9957799393070501,0.9999999999999999,0.9989178828387483,1.0,1.0000000000000002,0.9990706403640118,0.9993298976591921,0.9999999999999999,0.9975000606261035,0.9934443398047269,0.9982438521628048,1.0,0.9994692263717422,0.9996414984332538,1.0,0.9943262099721976,1.0,1.0000000000000004,0.9978700360668797,0.9989226767126257,0.9994835084487722,1.0,0.9963516720899601,0.9993800919305897,1.0,1.0,0.9987109430455289,1.0,0.9995306760788517,0.9989728300179326,1.0,0.9980979425987546,1.0,0.998204189242206,0.9985800602517163,0.9987410497906557,0.9853991747215339,1.0,1.0000000000000002,0.9964222040322315,0.9962014880243436,1.0,1.0,0.9984491514242977,0.9993687558322382,0.9954535480072616,0.9996620970919349,1.0000000000000002,1.0,1.0,0.9925964286437624,0.9997816647086397,0.9999011210939199,0.9962025116575597,0.9987020438157079,0.9997284411242817,1.0,0.9986237950572592,1.0,0.9999999999999999,0.9982102099285828,0.9981892095350546,0.9962122722977049,0.9987709818639978,0.9990299763174529,0.9989665659384105,0.9999999999999999,0.9995593394921365,0.9978049510927084,0.9990638998821864,0.9988657367322732,1.0,0.9990962599470534,0.9937535255293495,0.9993937984556548,0.9999999999999998,1.0,0.9990603832185692,0.9998407221308849,0.9992017321145095,0.9967881840878497,0.9962503633343719,0.9998316550380874,1.0,0.9973884729835863,0.9993195617919634,1.0,0.9999999999999998,0.9990927030862754,0.9942884421442766,0.9991020705376213,1.0,1.0,0.9992454935879262,1.0,0.9966530253101343,1.0,0.9896441222382166,1.0,0.9983949278946058,0.9950375330078488,1.0,0.9995859290661255,0.9976133747303982,0.9994492840968866,0.9981429876805032,0.9998994781201083,0.9994578853421436,1.0,1.0,0.9996987622056643,0.9974677801412293,0.9999999999999999,0.999521246608005,1.0,0.9989602605040067,1.0,0.9989523761428731,0.9991659334194399,1.0,0.9993580214428415,0.9996469694444908,1.0,0.9997365120928008,1.0,1.0,1.0,0.9890383785831047,1.0,0.9981197281136569,0.9996495838998465,1.0,1.0,1.0,1.0000000000000002,0.9999999999999998,0.9997530687677252,1.0,1.0,0.9999539584567219,1.0,1.0,0.9998590135308005,1.0,0.9997192806727926,0.9965895856096403,0.9998270081981052,1.0,0.9998076095481034,0.9999999999999998,0.9999999999999998,0.9993471431220187,1.0,1.0,0.9970052662199985,0.9996156309185134,1.0,0.9992579484690378,0.9997861620605282,0.9973388979611951,0.9997083645892855,0.9998384163902865,0.9999358932412941,0.9973142132724088,0.9997497993388442,0.9960304654404841,0.9995173289032775,1.0,1.0,1.0,0.9992038596986121,0.9963067861601016,0.9999999999999999,1.0,0.9989817879425388,0.9980883159138344,1.0,1.0,1.0,1.0,0.9996849038497142,1.0,1.0,0.9997292860733409,0.9981890235454751,1.0,1.0,1.0,0.9927903461676495,0.9953318799481025,0.9999999999999998,1.0,1.0,0.9973398347410325,1.0,1.0,1.0,1.0,1.0,1.0,0.9966079902537812,0.9976640905085081,0.9999999999999998,0.9998000901791531,1.0,0.9955711141324347,1.0,1.0,0.9955963053016077,1.0,1.0,1.0,0.9990324862579071,1.0,1.0,1.0,1.0,0.9981592040996358,0.9973097686953551,0.9992666083497637,0.9999999999999998,1.0,1.0,1.0,0.9988079430167199,1.0,1.0000000000000004,1.0,1.0,0.998647350385941,1.0,0.9990115203215809,0.993351076942699,0.990751279390451,0.9939775321405706,1.0,0.9969134411147849,0.9998480494210464,0.9978996818126049,0.999178611035759,0.9999999999999999,1.0,1.0,0.9999999999999998,1.0,1.0,1.0
0.0,stde_auprc_w,0.0,0.0,0.0,0.0,0.0,0.0,0.0,0.0,0.0,0.0,0.0,0.0,0.0,0.0,0.0,0.0,0.0,0.0,0.0,0.0,0.0,0.0,0.0,0.0,0.0,0.0,0.0,0.0,0.0,0.0,0.0,0.0,0.0,0.0,0.0,0.0,0.0,0.0,0.0,0.0,0.0,0.0,0.0,0.0,0.0,0.0,0.0,0.0,0.0,0.0,0.0,0.0,0.0,0.0,0.0,0.0,0.0,0.0,0.0,0.0,0.0,0.0,0.0,0.0,0.0,0.0,0.0,0.0,0.0,0.0,0.0,0.0,0.0,0.0,0.0,0.0,0.0,0.0,0.0,0.0,0.0,0.0,0.0,0.0,0.0,0.0,0.0,0.0,0.0,0.0,0.0,0.0,0.0,0.0,0.0,0.0,0.0,0.0,0.0,0.0,0.0,0.0,0.0,0.0,0.0,0.0,0.0,0.0,0.0,0.0,0.0,0.0,0.0,0.0,0.0,0.0,0.0,0.0,0.0,0.0,0.0,0.0,0.0,0.0,0.0,0.0,0.0,0.0,0.0,0.0,0.0,0.0,0.0,0.0,0.0,0.0,0.0,0.0,0.0,0.0,0.0,0.0,0.0,0.0,0.0,0.0,0.0,0.0,0.0,0.0,0.0,0.0,0.0,0.0,0.0,0.0,0.0,0.0,0.0,0.0,0.0,0.0,0.0,0.0,0.0,0.0,0.0,0.0,0.0,0.0,0.0,0.0,0.0,0.0,0.0,0.0,0.0,0.0,0.0,0.0,0.0,0.0,0.0,0.0,0.0,0.0,0.0,0.0,0.0,0.0,0.0,0.0,0.0,0.0,0.0,0.0,0.0,0.0,0.0,0.0,0.0,0.0,0.0,0.0,0.0,0.0,0.0,0.0,0.0,0.0,0.0,0.0,0.0,0.0,0.0,0.0,0.0,0.0,0.0,0.0,0.0,0.0,0.0,0.0,0.0,0.0,0.0,0.0,0.0,0.0,0.0,0.0,0.0,0.0,0.0,0.0,0.0,0.0,0.0,0.0,0.0,0.0,0.0,0.0,0.0,0.0,0.0,0.0,0.0,0.0,0.0,0.0,0.0,0.0,0.0,0.0,0.0,0.0,0.0,0.0,0.0,0.0,0.0,0.0,0.0,0.0,0.0,0.0,0.0,0.0,0.0,0.0,0.0,0.0,0.0,0.0,0.0,0.0,0.0,0.0,0.0,0.0,0.0,0.0,0.0,0.0,0.0,0.0,0.0,0.0,0.0,0.0,0.0,0.0,0.0,0.0,0.0,0.0,0.0,0.0,0.0,0.0
0.0,mean_auprc_p,1.0,0.9999999999999999,0.9999999999999999,1.0,1.0000000000000002,1.0,1.0,1.0,1.0,1.0,0.9999999999999998,0.9999999999999998,1.0,1.0,1.0000000000000002,1.0,0.9999999999999999,1.0,0.9999999999999998,1.0,0.9999999999999998,1.0,1.0,0.9999999999999998,1.0,1.0,0.9999999999999999,1.0,1.0000000000000002,0.9999999999999998,1.0,1.0,0.9999999999999999,1.0,1.0,1.0,1.0,0.9999999999999999,1.0,1.0,1.0,1.0,0.9999999999999998,0.9999999999999998,1.0,1.0,0.9999999999999999,1.0,1.0000000000000002,0.9999999999999998,0.9999999999999998,1.0,1.0,1.0,0.9999999999999998,1.0000000000000002,0.9999999999999999,1.0000000000000002,1.0000000000000002,1.0,1.0,1.0,0.9999999999999999,0.9999999999999998,1.0000000000000002,1.0,1.0,0.9999999999999998,0.9999999999999998,0.9999999999999999,1.0,1.0,1.0,1.0,0.9999999999999999,1.0000000000000002,1.0000000000000002,1.0,1.0,1.0,1.0,0.9999999999999998,1.0,1.0,1.0,1.0,0.9999999999999999,0.9999999999999998,0.9999999999999998,1.0000000000000002,1.0,1.0,1.0,1.0,1.0,1.0,1.0,1.0,0.9999999999999999,1.0000000000000002,0.9999999999999999,0.9999999999999998,1.0,0.9999999999999998,1.0,1.0,0.9999999999999998,0.9999999999999998,1.0,0.9999999999999998,1.0,1.0,1.0,1.0,0.9999999999999999,0.9999999999999999,1.0,0.9999999999999998,0.9999999999999998,1.0,1.0,0.9999999999999999,1.0,0.9999999999999998,1.0,1.0000000000000002,1.0,1.0,1.0000000000000002,1.0,1.0,1.0,1.0,0.9999999999999998,1.0,1.0,1.0,1.0,1.0000000000000002,1.0,0.9999999999999998,1.0,0.9999999999999998,0.9999999999999999,1.0,0.9999999999999998,1.0,1.0,0.9999999999999998,1.0,1.0000000000000002,1.0,0.9999999999999999,1.0,1.0,1.0,1.0,1.0,1.0000000000000002,1.0000000000000002,1.0,1.0,0.9999999999999999,0.9999999999999998,1.0,1.0000000000000002,1.0,1.0,1.0,1.0,1.0,1.0,0.9999999999999999,1.0,1.0,0.9999999999999999,1.0,1.0,0.9999999999999998,0.9999999999999998,1.0,1.0,0.9999999999999999,1.0,1.0,1.0,1.0,1.0,1.0,1.0,0.9999999999999998,0.9999999999999998,1.0,1.0,0.9999999999999998,1.0,1.0,1.0,1.0,1.0,1.0,1.0,1.0,0.9999999999999998,0.9999999999999998,0.9999999999999998,0.9999999999999998,1.0,1.0000000000000002,1.0,0.9999999999999998,1.0,0.9999999999999999,0.9999999999999998,1.0,0.9999999999999999,0.9999999999999998,0.9999999999999998,1.0,1.0,0.9999999999999998,0.9999999999999998,1.0,1.0,1.0,1.0,0.9999999999999999,1.0,1.0,0.9999999999999998,1.0,1.0,0.9999999999999998,0.9999999999999999,0.9999999999999999,0.9999999999999999,1.0,1.0,1.0,1.0,1.0,1.0,1.0,1.0,1.0,0.9999999999999998,1.0,1.0,1.0,1.0,1.0,1.0,1.0,1.0,1.0,0.9999999999999998,1.0,0.9999999999999998,1.0000000000000002,1.0,1.0000000000000002,1.0,1.0,1.0,1.0,1.0,1.0,1.0,1.0,1.0,1.0000000000000004,1.0,1.0,1.0,0.9999999999999998,0.9999999999999998,1.0,1.0,1.0,1.0,1.0,1.0000000000000002,1.0,1.0,1.0,1.0,0.9999999999999998,1.0,0.9999999999999999,0.9999999999999998,1.0,1.0000000000000002,0.9999999999999999,0.9999999999999998,0.9999999999999998,0.9999999999999998,1.0,1.0,0.9999999999999998,1.0,1.0,1.0
0.0,stde_auprc_p,0.0,0.0,0.0,0.0,0.0,0.0,0.0,0.0,0.0,0.0,0.0,0.0,0.0,0.0,0.0,0.0,0.0,0.0,0.0,0.0,0.0,0.0,0.0,0.0,0.0,0.0,0.0,0.0,0.0,0.0,0.0,0.0,0.0,0.0,0.0,0.0,0.0,0.0,0.0,0.0,0.0,0.0,0.0,0.0,0.0,0.0,0.0,0.0,0.0,0.0,0.0,0.0,0.0,0.0,0.0,0.0,0.0,0.0,0.0,0.0,0.0,0.0,0.0,0.0,0.0,0.0,0.0,0.0,0.0,0.0,0.0,0.0,0.0,0.0,0.0,0.0,0.0,0.0,0.0,0.0,0.0,0.0,0.0,0.0,0.0,0.0,0.0,0.0,0.0,0.0,0.0,0.0,0.0,0.0,0.0,0.0,0.0,0.0,0.0,0.0,0.0,0.0,0.0,0.0,0.0,0.0,0.0,0.0,0.0,0.0,0.0,0.0,0.0,0.0,0.0,0.0,0.0,0.0,0.0,0.0,0.0,0.0,0.0,0.0,0.0,0.0,0.0,0.0,0.0,0.0,0.0,0.0,0.0,0.0,0.0,0.0,0.0,0.0,0.0,0.0,0.0,0.0,0.0,0.0,0.0,0.0,0.0,0.0,0.0,0.0,0.0,0.0,0.0,0.0,0.0,0.0,0.0,0.0,0.0,0.0,0.0,0.0,0.0,0.0,0.0,0.0,0.0,0.0,0.0,0.0,0.0,0.0,0.0,0.0,0.0,0.0,0.0,0.0,0.0,0.0,0.0,0.0,0.0,0.0,0.0,0.0,0.0,0.0,0.0,0.0,0.0,0.0,0.0,0.0,0.0,0.0,0.0,0.0,0.0,0.0,0.0,0.0,0.0,0.0,0.0,0.0,0.0,0.0,0.0,0.0,0.0,0.0,0.0,0.0,0.0,0.0,0.0,0.0,0.0,0.0,0.0,0.0,0.0,0.0,0.0,0.0,0.0,0.0,0.0,0.0,0.0,0.0,0.0,0.0,0.0,0.0,0.0,0.0,0.0,0.0,0.0,0.0,0.0,0.0,0.0,0.0,0.0,0.0,0.0,0.0,0.0,0.0,0.0,0.0,0.0,0.0,0.0,0.0,0.0,0.0,0.0,0.0,0.0,0.0,0.0,0.0,0.0,0.0,0.0,0.0,0.0,0.0,0.0,0.0,0.0,0.0,0.0,0.0,0.0,0.0,0.0,0.0,0.0,0.0,0.0,0.0,0.0,0.0,0.0,0.0,0.0,0.0,0.0,0.0,0.0,0.0,0.0,0.0,0.0,0.0,0.0,0.0
0.05,mean_auroc,0.998008888888889,0.9994520820880654,0.998792270531401,0.9969909729187563,0.9987926688496784,0.9984588114695748,0.9987937551860844,0.9985473135572329,0.9982753266342805,0.9989431680315438,0.9988814723451594,0.9962166223961975,0.9997002398081535,0.9990547345076439,0.9989390623963927,0.9999006556725611,0.998930444745777,0.9997016112989855,0.9997012547301334,0.9992995797478487,0.9994570430564856,0.9997013142174432,0.9986584273376413,0.9995184664302312,0.9994449983383185,0.9985350588469977,0.9965705063546502,1.0,0.9997002398081535,0.9997011356843992,0.9997035932712738,0.9990203945168838,1.0,0.9992500712859994,0.9993250143801284,0.9997011952191235,0.9994499273003332,0.9997078314909531,0.9993097477654547,0.9995020743279092,0.9983866405283793,1.0,0.9992344017396451,0.9996623552023272,0.9996081504702194,0.998091111111111,0.9995271304862514,0.9997475314183124,0.99890590809628,0.999701907790143,0.9997010761259466,0.9980174528882069,0.9994130559827205,0.9972169652017102,0.9994242723321732,0.9984478269577408,0.9997018485390579,0.9990400415485343,0.999900714853058,0.9998109452736319,0.9995979469632165,0.9997452276794592,0.9999006951340615,0.9993591138842536,0.9977296388525443,0.9993034825870647,0.999900714853058,0.9998268488217062,0.9997551331350214,0.9997008973080758,0.9982160748403934,0.9999006951340615,0.9998104337276312,0.9991932757613939,0.9992555666334331,0.9998109452736319,0.9997014925373134,0.9987242345407245,0.9996903385631709,0.999715043074884,0.9997017892644136,0.9994630213280372,0.9999007739630879,0.9996197763114791,0.9994981003367586,1.0,0.9993194291032119,0.999701907790143,0.9993141181293559,0.999808764940239,0.9993918245264206,0.9957909470424609,1.0,1.0,0.9984381980927144,0.9986512760005046,0.9998194098313288,0.9999338886685178,0.9998069920352046,0.9998104337276311,0.9985122032764961,0.9998069920352047,0.9997016112989854,0.9998624189800661,1.0,0.9978394190350712,0.9997015519299641,0.9998099650697699,0.9990958452749995,0.9996493264649688,0.9998087649402391,0.9999006359300477,0.9994621513944224,1.0,0.9997013142174432,0.9995103896966077,0.9991986646258957,0.9989962006735169,0.9993817632609706,0.9996628197465018,0.9994427468520732,0.999900616179686,0.9997017299661961,0.9994639084229449,0.9995174129353235,0.9995273631840796,1.0,0.9995539225468675,0.9980215377733337,0.9996025437201908,0.9997099717763579,0.9997011952191235,0.999471240057014,0.9997160462276742,0.9995797963675059,0.9989397338578321,0.9987311838365958,0.9997718657868875,0.9997021445591739,0.999410358565737,0.9998174334461927,1.0,1.0,0.9997013142174431,0.9975363060917057,0.9998055354083231,0.9997019670176834,0.9999006754072308,0.9997922185860474,0.9998212512413108,0.998705880540449,0.9997011356843992,0.9955905468000167,0.9997903980231224,0.9993240556660039,0.9981880217044767,1.0,0.99971852440559,0.9989215671170408,0.9998109452736319,0.9993281264948641,0.9998095337038768,0.9997013142174432,0.9999007542675664,1.0,0.9998109452736319,0.9991352296290785,0.9997020854021847,0.9999005370996619,0.9997016706443914,0.999456031540872,0.9997023809523811,0.9995138385208078,0.999690927218345,0.9998144466534129,0.9997018485390579,0.9998128129533437,1.0,0.9996942644001467,0.999908279320044,1.0,1.0,0.9954850092701404,0.9997020854021847,0.9992202586992167,0.9995970149253732,1.0,1.0,0.9999007936507938,1.0,0.9996147386282964,0.9998144897109659,1.0,0.9999007739630879,0.9998154300479882,0.9999007345642247,0.9999007345642247,0.9996256066120717,0.999900714853058,0.9998231770660654,0.9992818482287438,0.9997675036535141,0.9999097049156644,0.9998296277366044,0.9998438254252208,0.999900457893689,0.9997401247401247,1.0,0.999900714853058,0.9988488488488488,0.9997717918077409,0.9998194098313288,0.9997401691392125,0.999701907790143,0.9993585908939847,0.999807244931871,0.999862418980066,0.9998438254252208,0.9992854769026254,0.9998324502062956,0.9991384314010012,0.9998095337038768,1.0,1.0,0.9997019670176832,0.9997619568434191,0.9990265786355172,1.0,1.0,0.9997022628026995,0.9996130498923795,1.0,1.0,0.9997018485390579,0.9999006951340615,0.9998099650697699,1.0,0.9998374688481959,0.9998087649402391,0.9989317985000246,1.0,1.0,1.0,0.9979951896370363,0.9986330161265278,0.9997022628026995,1.0,0.9999008133306884,0.9992988126085594,1.0,1.0,1.0,1.0,1.0,0.9997017892644136,0.9988720749503497,0.9988069125955468,0.9999007542675665,0.9996218905472637,1.0,0.9985313274245868,1.0,1.0,0.9990616190408883,1.0,1.0,1.0,0.9996245038086042,1.0,1.0,0.9997203897482558,1.0,0.9997007182761373,0.9992042967972945,0.9997013736810672,0.9999007542675665,0.999715043074884,1.0,1.0,0.9994150404791988,1.0,0.9997016112989855,1.0,0.9999008330027768,0.9997005390297465,0.9999007739630879,0.9997261501692889,0.9985315634716302,0.9984372904091214,0.9982839048501698,0.9997011356843993,0.9995601527583218,0.9997160462276742,0.9993308004490113,0.9997004194128221,0.9996233961872111,0.9999007345642248,0.9997021445591739,0.9999007542675665,0.9999007345642248,1.0,1.0
0.05,stde_auroc,0.0006088888888888255,0.000272043159072477,0.0005670701089120489,0.00012036108324986472,0.0003828123159557162,0.0005872889319171737,0.00019719925832589746,0.0002670595278622123,0.00013309376455716837,0.0005165680922051274,0.00015115238578933266,0.0001776643832425151,0.0002997601918465209,0.0005498900219955694,0.0006741374356253882,9.934432743891053e-05,0.00045988248031703094,0.000298388701014507,0.0002987452698666182,0.00015842839036761536,0.0001990842126219361,0.00029868578255676237,0.00024570131417583907,9.93640699523124e-05,0.0003555998670655147,9.974067424695088e-05,0.00015130119023604172,0.0,0.0002997601918465209,0.000298864315600722,0.0002964067287262173,0.00025075225677023694,0.0,0.0003906472768748781,0.0003286886496765562,0.00029880478087651596,0.0002348263571677056,0.0002921685090468973,0.00035097571248066117,0.00016742478930564797,8.058574323077661e-05,5.551115123125783e-17,0.0002766447495399782,0.00025972676744068224,0.00039184952978055243,0.0003977777777777747,0.0003184631419123063,0.0002524685816875927,0.0007072917357381359,0.0002980922098569372,0.0002989238740533917,0.0001764062328044047,0.0004108608120957369,0.0001704549075083328,0.00038526137170369346,0.00020028039254960106,0.0002981514609421976,0.0005683124313555221,9.928514694201862e-05,0.0001890547263680986,0.00013401767892784466,9.32093855637306e-05,9.930486593845433e-05,0.00028416648528384325,0.00026906681298272117,0.0002089552238805359,9.928514694201862e-05,0.00017315117829375115,0.00014208324264197714,0.00029910269192423566,0.0003538725010485133,9.930486593845433e-05,0.00018956627236882406,0.00016134484772117874,0.0001994017946160831,0.00018905472636815412,0.00029850746268655914,0.00014592088586484753,0.00016016970870469383,0.0002849569251159312,0.0002982107355865016,0.00033729816078065245,9.922603691214782e-05,0.0003802236885208088,0.0002374579051894754,0.0,0.00011524043939220574,0.0002980922098569372,0.0003915570832414006,0.00019123505976087474,0.0003821867730143258,9.427391340993685e-05,0.0,0.0,0.000483369024326441,0.000643751345013599,0.00018059016867122413,6.611133148215487e-05,0.00019300796479537752,0.00018956627236887957,0.0002206619859579373,0.0001930079647952665,0.0002983887010144515,0.0001375810199338856,0.0,0.0003280736976388754,0.0002984480700358172,0.00019003493023006524,0.00020715135208904112,0.00025998210355754336,0.00019123505976093025,9.93640699523124e-05,0.00024302788844626777,0.0,0.00029868578255676237,9.128327690366422e-05,0.00030223375701510236,0.00019968051118213204,0.0003028945097257596,0.0001992428770671295,0.00023987718288237536,9.938382031404736e-05,0.000298270033803949,0.0001786971923518066,0.0003034825870646407,0.0003034825870646962,5.551115123125783e-17,6.456384190078879e-05,0.0003503012920032522,0.00039745627980919407,0.00029002822364210257,0.00029880478087651596,0.00019157968948763093,0.00028395377232581787,0.00019045200609441038,0.0004456191032299328,0.00022472220877728377,0.00022813421311246307,0.00029785544082605586,0.00030278884462153766,0.00018256655380732845,0.0,5.551115123125783e-17,0.00029868578255670686,0.000215202178736551,0.00019446459167693497,0.0002980329823167871,9.932459276917882e-05,0.00015583606046443155,0.0001787487586891734,0.0004236700611625621,0.000298864315600722,0.0005517612311231046,0.00020960197687758253,0.000331345261762761,0.00034747579448274335,0.0,0.00028147559441032977,4.236700611620625e-05,0.00018905472636815412,0.00035441870982894086,0.00019046629612318178,0.00029868578255665135,9.92457324335283e-05,0.0,0.0001890547263680986,0.00028360748723765816,0.0002979145978153075,9.94629003381875e-05,0.0002983293556085842,0.0002603609718903055,0.00029761904761899105,0.00032323168616571474,9.637753406432914e-05,0.00018555334658715283,0.00029815146094214207,0.00018718704665632302,0.0,3.057355998531408e-05,9.172067995599775e-05,0.0,0.0,0.0003250152901282388,0.000297914597815252,0.00019311349972667147,0.00031343283582091486,0.0,0.0,9.920634920629334e-05,0.0,0.0002121101934099423,0.0001855102890341298,0.0,9.922603691209231e-05,0.0001845699520117705,9.926543577531977e-05,9.926543577531977e-05,0.00022274037003328084,9.928514694201862e-05,0.0001768229339345062,0.00033550719815450547,0.000232496346485922,9.029508433555655e-05,0.00017037226339555733,0.00015617457477923313,9.954210631096805e-05,0.00025987525987525295,0.0,9.928514694201862e-05,0.0002142142142141923,0.00013692491535549633,0.00018059016867122413,0.00016016970870474934,0.0002980922098569372,0.00030242605516794807,0.00019275506812899135,0.00013758101993399663,0.00015617457477923313,0.00030242605516789256,0.00016754979370431355,0.0005048489685361979,0.00019046629612312627,0.0,0.0,0.0002980329823167871,0.000238043156580936,0.0003083508670100321,0.0,0.0,0.0002977371973005294,0.0002116133401049991,0.0,0.0,0.00029815146094214207,9.930486593845433e-05,0.00019003493023006524,0.0,0.0001625311518040906,0.00019123505976093025,0.00023488178297736972,0.0,0.0,0.0,0.0004594664870167797,0.00031887047758477616,0.0002977371973005294,0.0,9.9186669311635e-05,0.0003523733591503375,0.0,0.0,0.0,0.0,0.0,0.00029821073558644606,0.0003831707106467519,0.0001296111665003985,9.924573243347279e-05,0.00037810945273630825,0.0,0.0005534128545034989,0.0,0.0,0.00021201912883689333,0.0,5.551115123125783e-17,0.0,0.00020690606464662809,0.0,0.0,0.0002796102517440002,5.551115123125783e-17,0.0002992817238627321,5.551115123125783e-17,0.00029862631893290414,9.924573243347279e-05,0.0002849569251159312,0.0,0.0,0.0002924797604005325,0.0,0.000298388701014507,5.551115123125783e-17,9.916699722328781e-05,0.0002994609702534623,9.922603691214782e-05,0.00010788023634061839,0.00031127337188197046,0.00030449362843726346,0.0003042940994747445,0.0002988643156006665,0.0003189413648188588,0.00028395377232581787,0.00017269665831970427,0.0002995805871779389,0.0002207677523246021,9.926543577520874e-05,0.00029785544082605586,9.924573243347279e-05,9.926543577526425e-05,0.0,0.0
0.05,mean_auprc,0.6830649465925478,0.8222653481528632,0.6339259735381031,0.613606409194022,0.7842198533919023,0.6222178246843305,0.7371991081022267,0.6826090733990369,0.6601539973664421,0.6476023949057277,0.7036518701267255,0.6093936260521005,0.9107864998082855,0.8253001902073527,0.62758710866081,0.9171474358974359,0.7426973619291217,0.8494557611720924,0.875566161779397,0.8613618982881028,0.7827256497535593,0.871790263568262,0.7624316744060258,0.6955721095144172,0.8070527094251092,0.6486757706750559,0.6932532521039754,1.0,0.9139644288732487,0.8778487747088428,0.9115839250265243,0.8424638041095815,0.9999999999999998,0.8297914179893069,0.830930597640072,0.8768570657928244,0.8235993677933877,0.8945750423644894,0.7023706301497826,0.8963209849078644,0.7900996489431865,1.0,0.8255798245002082,0.8586574442621983,0.8647741424089472,0.676291648945512,0.8470983111324599,0.923800982616233,0.6228582228044732,0.8219351161658854,0.8815289641339019,0.7593904808540877,0.8560720411173297,0.7136631710162894,0.8005946427639958,0.7497504144453592,0.8350551584270072,0.8217881691463842,0.8999338624338626,0.907820353665942,0.8871261459237904,0.87107493711354,0.9024368686868687,0.8080065079424985,0.6868644051961336,0.7032320934980276,0.8928350970017637,0.9333641371991228,0.9198788770399666,0.8903832710435046,0.7886622922005144,0.9219696969696969,0.9100800301291139,0.821404421371251,0.8064267201155396,0.907126004155803,0.8625458689860865,0.7710413620492533,0.8929968381239437,0.8432402319902319,0.8372680097680096,0.8824462994552873,0.8740079365079365,0.8272833375774552,0.8706063430971431,1.0,0.8473750087191978,0.8256210136017829,0.8489054949006842,0.9189937326175717,0.8475409509690102,0.6305778899294909,1.0,1.0,0.768225615252716,0.8117418272075688,0.8775635980181435,0.9027777777777778,0.9275692626726391,0.9094781820117378,0.8036849281929599,0.9284310054698659,0.8505025153438466,0.9332131543670005,1.0,0.7912653327226282,0.8533568486670573,0.9122239549783174,0.8044313993383878,0.9044801813344474,0.9177417298699168,0.9144980019980018,0.8236769544230278,1.0,0.8755670054583098,0.7868002078939578,0.8174189660850868,0.781654645684174,0.8174064589732959,0.8883093425143089,0.8566636011028768,0.919203514739229,0.8492878147072227,0.8586886321474334,0.7882253164577082,0.7947847073592043,1.0,0.8586275514510313,0.7183920667735836,0.8016176633823693,0.8762204348462593,0.8815099655246714,0.8262728067555973,0.8383217535265854,0.8882136698111671,0.7865781615362502,0.8155395833580418,0.9113338957982465,0.79239417989418,0.8205170766973737,0.9270764001220657,1.0,0.9999999999999999,0.869419445980053,0.6863300405674915,0.9360778844478497,0.8162653318903319,0.9067640692640692,0.9265499026160096,0.8730122655122655,0.8006858031194133,0.8772833305484541,0.6574303804914876,0.8436447811447813,0.7099158972262687,0.7494906007358082,1.0,0.8259410728160728,0.8219868874996527,0.9071260041558029,0.8944726342738123,0.915575011092914,0.8686405462408509,0.8772959183673468,1.0,0.907126004155803,0.83663436166723,0.7979799367299367,0.9306687991995009,0.8456422345183499,0.8907104735615847,0.7346428571428572,0.8801298831504969,0.8996844497574609,0.8929187207128384,0.8291393305573977,0.8991525691876265,1.0,0.8334804084804085,0.9623645585184046,1.0,1.0,0.76142288019491,0.8010393772893774,0.8726133764171446,0.8302402723256388,1.0,1.0,0.8583333333333334,1.0,0.8389273780671038,0.9222291737384769,1.0,0.8692460317460318,0.8894717385788815,0.888640873015873,0.8865575396825397,0.8327797009492056,0.8948412698412699,0.9158663153438695,0.8324792481785734,0.9137487012792498,0.9579748534293989,0.9073288814360243,0.9216145957217385,0.9405700826402406,0.8610376802684495,1.0,0.89484126984127,0.8179376169673445,0.9147001208922606,0.8775635980181435,0.9085863710776908,0.8229653359461051,0.8226484109419043,0.927970366406899,0.9332131543670005,0.9216145957217385,0.8106904979292391,0.928565080701711,0.7760425990386149,0.9137989198078185,1.0,1.0,0.8150748556998557,0.9205224033101704,0.7430606806514477,1.0,1.0,0.7681972789115646,0.8678530153556157,1.0,0.9999999999999998,0.8297870896610392,0.9047727272727273,0.9126027428571052,1.0,0.9002908707454162,0.9176750632032501,0.8186693250111055,1.0,1.0,1.0,0.7571172275176047,0.69541054445285,0.7652210884353742,1.0,0.8395833333333333,0.7989754448624773,1.0,1.0,1.0,1.0,1.0,0.8359548784548785,0.7593066829360897,0.67903560324719,0.881547619047619,0.8440138346495192,1.0,0.7262946394882076,1.0,1.0,0.8005525632607866,1.0,1.0,1.0,0.8510945228330785,1.0,1.0,0.8846748198113744,1.0,0.8936167176060157,0.6511752771556694,0.8648210333349882,0.8785714285714286,0.8421558588470353,1.0,1.0,0.7273847688309991,1.0,0.8507332604759075,1.0,0.8194444444444444,0.9001223423897329,0.8692460317460318,0.8890319942322862,0.7840424582815675,0.7954815981252883,0.758633012846633,0.888655238439721,0.8986380853724731,0.8394184422020556,0.8455244491240422,0.905882560691937,0.8402748638372837,0.8885416666666667,0.7970238095238096,0.8785714285714286,0.8920138888888889,1.0,1.0
0.05,stde_auprc,0.08529111799696715,0.10217953530597651,0.11024854399453804,0.009754183747820111,0.047526226747757805,0.09880540742729527,0.05280666272230922,0.059832049219943784,0.04463932345642474,0.11550644847622499,0.020772679170296793,0.01265234409693522,0.08921350019171448,0.1103164861260379,0.149602847257216,0.08285256410256409,0.08149431489645731,0.15054423882790757,0.12443383822060294,0.04582020950451987,0.08158118257187935,0.12820973643173794,0.06678154921599105,0.040658753639522816,0.09234419045681103,0.023819055543998047,0.02591360595054043,5.551115123125783e-17,0.08603557112675148,0.12215122529115702,0.08841607497347564,0.04188391517156348,5.551115123125783e-17,0.09696637194883323,0.08912747091109868,0.12314293420717581,0.08389799942686121,0.10542495763551057,0.11346976642727402,0.0377477519698578,0.04182571361904153,0.0,0.07886144678163559,0.12144128684543154,0.13522585759105255,0.050916652363502346,0.10977270792831795,0.07619901738376694,0.15433173311355286,0.17806488383411462,0.11847103586609786,0.0154746074680146,0.09967894181809184,0.04470469489699436,0.1390581301850104,0.030311327953647327,0.16494484157299272,0.11308765986653746,0.10006613756613764,0.09217964633405817,0.04712339339526728,0.04488133904494196,0.09756313131313132,0.060230473503572635,0.042911826176092016,0.06201365147841792,0.10716490299823633,0.06663586280087719,0.059638457295990766,0.10961672895649532,0.044562888587032334,0.07803030303030295,0.08991996987088613,0.040531094461718764,0.08554202687150059,0.0928739958441972,0.13745413101391374,0.033236832601201916,0.06271706011820016,0.15675976800976804,0.1627319902319902,0.08490226886460506,0.12599206349206343,0.1727166624225448,0.08601602325481927,0.0,0.0273458462442559,0.17437898639821714,0.09020678948502692,0.08100626738242833,0.0906571901760071,0.005230977204305265,0.0,0.0,0.07448865334502514,0.08401674489576827,0.12243640198185651,0.09722222222222221,0.07243073732736077,0.0905218179882622,0.05303902631525925,0.07156899453013416,0.14949748465615337,0.06678684563299953,0.0,0.023907420251660316,0.14664315133294276,0.08777604502168257,0.061187285167771555,0.07831555101674992,0.08225827013008324,0.08550199800199793,0.08088525619555659,0.0,0.12443299454169005,0.02590918919043922,0.09376012327433952,0.046494511897011925,0.07647860656235339,0.079959504431306,0.0778001247462683,0.08079648526077082,0.15071218529277736,0.0533820858958563,0.1219399145531112,0.12711402406932604,0.0,0.0012164066351326164,0.032751203729214806,0.19838233661763072,0.12377956515374067,0.11849003447532858,0.09058588922949956,0.16167824647341456,0.07127141657032116,0.09756741169914657,0.04724219922969852,0.08866610420175347,0.20760582010582024,0.10388935025629925,0.07292359987793423,0.0,1.1102230246251565e-16,0.13058055401994673,0.03817940001228709,0.06392211555215038,0.1837346681096681,0.09323593073593084,0.06272545970283105,0.12698773448773448,0.07550884752726295,0.12271666945154591,0.037735006001653526,0.15635521885521897,0.13449997557195703,0.057074073839941064,0.0,0.17405892718392724,0.02113197675597156,0.09287399584419703,0.06773120125053256,0.08442498890708611,0.13135945375914904,0.12270408163265295,0.0,0.0928739958441972,0.05946153411671834,0.20202006327006322,0.0693312008004991,0.1543577654816501,0.05895254705765335,0.26535714285714285,0.07948078446839574,0.050619626313994415,0.10708127928716166,0.1708606694426022,0.10084743081237346,0.0,0.03525641025641024,0.037635441481595366,0.0,0.0,0.013825304324452725,0.1989606227106227,0.03302944594504992,0.1427713739658063,1.1102230246251565e-16,0.0,0.14166666666666666,1.1102230246251565e-16,0.10254734105167479,0.0777708262615231,0.0,0.13075396825396818,0.11052826142111855,0.11135912698412698,0.1134424603174603,0.10859777569474605,0.10515873015873012,0.08413368465613047,0.09451073248261022,0.08625129872075021,0.04202514657060108,0.0926711185639757,0.0783854042782614,0.059429917359759166,0.1389623197315505,0.0,0.10515873015873023,0.050962224154539104,0.061997757288783095,0.12243640198185651,0.06843417162380694,0.17703466405389484,0.09830245696852419,0.07202963359310105,0.06678684563299953,0.0783854042782614,0.0962608742201928,0.07143491929828905,0.12864269802198958,0.08620108019218148,0.0,0.0,0.18492514430014428,0.07947759668982951,0.07733100647462421,5.551115123125783e-17,0.0,0.23180272108843536,0.07768241716641111,0.0,0.0,0.1702129103389607,0.09522727272727266,0.08739725714289459,0.0,0.09970912925458375,0.0823249367967499,0.041949300437829795,0.0,0.0,0.0,0.05371653564058432,0.04602585980438151,0.23477891156462583,0.0,0.16041666666666665,0.10463807501701244,0.0,0.0,0.0,0.0,0.0,0.16404512154512152,0.08061609940779979,0.035688919118266604,0.11845238095238098,0.15598616535048088,0.0,0.07792439711346666,0.0,0.0,0.031571860218609527,0.0,0.0,0.0,0.08705457640081571,0.0,0.0,0.11532518018862559,0.0,0.10638328239398431,0.0032868366201699306,0.13517896666501183,0.12142857142857144,0.15784414115296475,0.0,0.0,0.0985856780919156,0.0,0.14926673952409253,0.0,0.18055555555555558,0.09987765761026718,0.13075396825396818,0.0568697788863482,0.06506696952819824,0.04315857366694226,0.050466599499812304,0.11134476156027878,0.08456250707585417,0.16058155779794436,0.0518212495800735,0.09411743930806288,0.10279676393889486,0.11145833333333333,0.2029761904761906,0.12142857142857144,0.10798611111111112,0.0,0.0
0.05,mean_auprc_w,0.9953978750506282,0.9985040076087978,0.9962837819008845,0.9900995739468157,0.9968827478912581,0.9954252543100586,0.9966997530749073,0.9965246119425375,0.9957717844018055,0.9970105708484358,0.9966599176996186,0.9900401586047094,0.9987949042530384,0.9976690599315847,0.99701969412654,0.9997155704472045,0.9965777010684624,0.9989648646420639,0.998905340580083,0.9983114189488338,0.9985708384383574,0.9989189418642497,0.9965839261156093,0.9986413437084811,0.99812549632042,0.996149850874199,0.9913894478371353,1.0,0.9987898232073427,0.9988597643018281,0.999202346970889,0.9975537522464071,0.9999999999999998,0.9983687507367756,0.9984062880906217,0.9988878980422348,0.9982394289534379,0.9990655597607481,0.998246747633637,0.9988822415596293,0.9963695206038095,1.0,0.9985603189769543,0.998846388915667,0.9985877577143708,0.9949580012217945,0.9983775433580058,0.9993874401568663,0.9967675354691933,0.9990575433396822,0.9988601834488444,0.9958871237096623,0.998657299601567,0.9946147703189101,0.9984394738605112,0.9963185820795163,0.9990657410411071,0.9974155150250048,0.9997389623594999,0.9994873610838013,0.9990162251853885,0.9994794376419754,0.9997185809666125,0.9981922535792535,0.9938462264889896,0.9978447038054166,0.9997193983022081,0.999621913294109,0.9993167077146223,0.9988481296570233,0.9961007991832198,0.9997718606800928,0.9994774974349797,0.9981936996077814,0.9983352350728822,0.9994839787531005,0.9989598642305139,0.9969001045009065,0.9992322092468973,0.9992166663729067,0.9990327080790404,0.9988919162833929,0.999768643075931,0.9988503568444375,0.9984971587158891,1.0,0.9982176881337131,0.9990797039690654,0.9984824039054443,0.9994486265643481,0.998800836532592,0.986429470684669,1.0,1.0,0.9965449035570761,0.9972854999419685,0.9995992367169201,0.9999173821371623,0.9994000462565409,0.9994744486669677,0.9968313316384971,0.9994065086756767,0.9989739742614593,0.9997821860095624,1.0,0.9958009960683765,0.9989465324046093,0.9994681080665335,0.9976368360887778,0.9991869063900352,0.9994406433408896,0.99968781643334,0.998759468519941,1.0,0.9989367062439036,0.9983451868805702,0.9979953936338508,0.9977394477511167,0.9988255008364659,0.9992407514663479,0.9990034417315075,0.999683784079199,0.9990446147437129,0.998561800105968,0.9984747034180952,0.9985494872672032,1.0,0.9987935580558613,0.9945615505347787,0.9987923161572723,0.9991066680383369,0.9989175641254777,0.9986913647034168,0.9992409229473156,0.9990509216230752,0.9975103003080548,0.9972088497296447,0.9995958961638227,0.9991733996225279,0.9987044672282832,0.9995524348030826,1.0,0.9999999999999999,0.9989002135732785,0.9948289586934006,0.9993608036249316,0.9990856745938321,0.9997066822128424,0.9995869692888036,0.9996173212351287,0.9971537909943946,0.9988558900692155,0.9905891311885806,0.9995715020841306,0.998534502443097,0.9963801485971295,1.0,0.9992805790326591,0.9976121553895775,0.9994839787531005,0.9988199651535764,0.9994664237435187,0.9988938260758259,0.9997428782362228,1.0,0.9994839787531005,0.9982017513855308,0.9991301559369448,0.9996587537914001,0.9989858677303194,0.9988569139035015,0.9993217298149599,0.9988302960150273,0.9992348434049927,0.9995398063183029,0.9990396209255994,0.9995155952992802,1.0,0.9994401429769196,0.9998833522602422,1.0,1.0,0.9917359699208295,0.9991408998296374,0.9982865710607876,0.9987871042889691,1.0,1.0,0.9997785808712328,1.0000000000000004,0.9987447517249406,0.9995599336072619,1.0,0.9997603783403948,0.9995530982317318,0.9997371828074451,0.9997322230810536,0.9987888464903456,0.9997239271602412,0.9996036063855385,0.9982277271656428,0.9993752249034109,0.9998868521558625,0.999652206259482,0.9997183394517313,0.9996465424847517,0.9994521957941368,1.0,0.9997239271602412,0.9976333954804092,0.9994894592423529,0.9995992367169202,0.9993323634988083,0.9990617070437446,0.9983981277328826,0.9994197434851586,0.9997821860095624,0.9997183394517313,0.9983002824754885,0.9996605157613617,0.9972041342827614,0.999456632688275,1.0,1.0,0.9990811645652706,0.9993468335395834,0.9972196089121184,1.0,1.0,0.9992397894910798,0.9986017556075404,1.0,0.9999999999999998,0.9990459841151319,0.9997238995191084,0.9994701172400323,1.0,0.9996983447446703,0.9994402500071875,0.9977133878558019,1.0,1.0,1.0,0.9951837501201829,0.9964857774378231,0.9992298800689807,1.0,0.999793473075944,0.9982253604984116,1.0,1.0,1.0,1.0,1.0,0.9990240929797622,0.9972828226762516,0.9965385208374841,0.9997509086979882,0.9990000527510234,1.0,0.9956887217582694,1.0,1.0,0.9969425273829495,1.0,1.0,1.0,0.9988742700793105,1.0,1.0,0.9992796875992573,1.0,0.9987859903476968,0.9973386724305413,0.9989040448838957,0.9997452402139402,0.9992111149937909,1.0,1.0,0.9984809265850527,1.0,0.9989712191714502,1.0,0.999818274109412,0.9987684751134542,0.9997603783403947,0.9993096825033985,0.9963557743297751,0.9955080847386496,0.9947939981489826,0.9989350077991768,0.9984710221435402,0.9992419962076224,0.9985502096388068,0.9987749393484531,0.9987527018561183,0.9997363572255645,0.9992204583280035,0.9997452402139402,0.9997437982918469,1.0,1.0
0.05,stde_auprc_w,0.0018294272085898067,0.001052328850648876,0.0019990684847582263,0.0011657292716846235,0.0007178001285123026,0.0023228384342853237,0.0011584648149554622,0.00104600840277852,0.0009022804802688023,0.0015572779132203007,0.0002577229270550596,0.001137528277705413,0.0012050957469615375,0.0017008231430912235,0.0017956655556080614,0.00028442955279567306,0.0014688378576867,0.001035135357936312,0.0010946594199169324,0.0006770681676533385,0.0006904054566486129,0.001081058135750157,0.0014787556346064212,0.000306733400529724,0.0010819097753328455,0.0005451742545538596,0.001409550518433389,0.0,0.0012101767926575024,0.0011402356981718986,0.0007976530291108896,0.000839835302462566,5.551115123125783e-17,0.001063495884568777,0.0009933523596569183,0.0011121019577654545,0.001113799437743812,0.0009344402392518769,0.0009067359348434723,0.00044888816084565075,0.0010309359663035478,0.0,0.0007451207892081868,0.00105751224990569,0.001412242285628973,0.0013596359855465034,0.0013373021482932512,0.00061255984313352,0.0020478242129547963,0.0009424566603178364,0.0011398165511553038,0.0004035524962278103,0.0010210953432319148,0.0010572027675825324,0.0012580849563612606,0.0006744812665424593,0.0009342589588927641,0.0019118716762431265,0.0002610376405001724,0.0005126389161989042,0.000483025704735629,0.00021561185313367925,0.00028141903338751995,0.0006972310030236573,0.0016913426218312377,0.0008297410491209245,0.0002806016977918713,0.000378086705891012,0.0005426366417498607,0.0011518703429767019,0.001053870420221037,0.00022813931990706138,0.0005225025650202886,0.0005003330601376921,0.000883667518385145,0.0005160212468997005,0.001040135769486361,0.0006880898686374426,0.0005027521669673241,0.0007833336270932634,0.0009672919209596231,0.0008504761933205707,0.00023135692406894837,0.0011496431555625408,0.0011538304903038754,0.0,0.00043090919009358686,0.0009202960309345753,0.0010163013427575973,0.0005513734356518696,0.0007951483230654866,0.00029542768104912076,0.0,1.1102230246251565e-16,0.001414314865728905,0.001424316344574239,0.00040076328307991904,8.261786283775274e-05,0.0005999537434590585,0.0005255513330323369,0.0010714083438966848,0.0005934913243232365,0.0010260257385407145,0.00021781399043763194,0.0,0.000597599543014582,0.0010534675953907113,0.0005318919334665329,0.0010438592160683102,0.0006952504158436734,0.0005593566591104993,0.0003121835666600181,0.000699815697603523,0.0,0.0010632937560960953,0.00021291361222863792,0.0012747597761548768,0.0006839538084496555,0.0005772086582767622,0.0005833125540656847,0.0005909250277627565,0.00031621592080077754,0.0009553852562871334,0.0006855788812623609,0.0011114936648811136,0.0010995731491967309,0.0,6.397822083487048e-05,0.0009349450647391233,0.0012076838427275693,0.0008933319616631352,0.0010824358745223361,0.0008147902493049197,0.0007590770526844093,0.0006573317817499258,0.0014353192852128993,0.000906075604632739,0.00040410383617728307,0.0008266003774720643,0.0008697380996113835,0.0004475651969173544,0.0,1.1102230246251565e-16,0.001099786426721261,0.0009287977230508782,0.0006391963750682628,0.0009143254061678707,0.000293317787157521,0.0003595332164464393,0.0003826787648713026,0.0013495357944260378,0.0011441099307845093,0.001577270818432397,0.000428497915869408,0.0008824908233932005,0.0010236514738069524,0.0,0.0007194209673408447,0.00037455148382159464,0.0005160212468995895,0.0007963159966105637,0.0005335762564813162,0.0011061739241740032,0.0002571217637770129,0.0,0.0005160212468997005,0.0007647620112155029,0.0008698440630551807,0.0003412462086000989,0.0010141322696805566,0.00067536619076497,0.0006782701850400197,0.000843503561214265,0.00044456955883398486,0.0004601936816971408,0.0009603790744006635,0.00048440470071975383,0.0,0.00013232874225665991,0.00011664773975783582,0.0,0.0,0.0007125666491166194,0.00085910017036267,0.0005465646824236448,0.0010984519133185322,0.0,0.0,0.00022141912876716408,1.1102230246251565e-16,0.0009624933104257494,0.000440066392738081,0.0,0.00023962165960522697,0.00044690176826817085,0.00026281719255494274,0.0002677769189464163,0.0009424436249185209,0.0002760728397588341,0.0003963936144615321,0.0011900673611880408,0.0006247750965890364,0.00011314784413751777,0.0003477937405179654,0.0002816605482687251,0.0003534575152480679,0.0005478042058632004,0.0,0.0002760728397588341,0.0008019077132040975,0.00039302064767632316,0.00040076328307986353,0.0005330102650735191,0.0009382929562553599,0.0010731364643964958,0.0005802565148414485,0.00021781399043763194,0.0002816605482687251,0.0010642310901797236,0.0003394842386382768,0.0020881615623279393,0.0005433673117248294,0.0,0.0,0.0009188354347293703,0.0006531664604165766,0.0012557804032974906,0.0,0.0,0.0007602105089201117,0.0010063628671340141,0.0,0.0,0.0009540158848679869,0.0002761004808914391,0.0005298827599674594,0.0,0.0003016552553296581,0.0005597499928125527,0.0006440380560074344,0.0,0.0,0.0,0.001552086409452813,0.0008678271801420001,0.0007701199310193307,0.0,0.00020652692405598305,0.0011612749627206709,0.0,0.0,0.0,0.0,0.0,0.0009759070202376985,0.0012847630943577104,0.0008279015936614176,0.00024909130201178353,0.0009999472489765626,0.0,0.0018362625104474395,0.0,0.0,0.0006246361352043039,0.0,0.0,0.0,0.0007730429400660266,0.0,0.0,0.000720312400742662,0.0,0.0012140096523031718,6.60040875053447e-05,0.0010959551161043302,0.00025475978605987715,0.0007888850062091057,0.0,0.0,0.000721632600800548,0.0,0.0010287808285498468,0.0,0.00018172589058795818,0.0012315248865457096,0.000239621659605338,0.0004093948687504123,0.0015545414609696162,0.0013697699100887473,0.0020148694946140466,0.0010649922008232338,0.0013624798830793594,0.0007580037923775595,0.0005869378086884591,0.001225060651546872,0.0009625423708656822,0.0002636427744354686,0.0007795416719965087,0.00025475978605987715,0.00025620170815310317,0.0,0.0
0.05,mean_auprc_p,1.0,0.9999999999999999,0.9999999999999998,1.0,1.0000000000000002,1.0,1.0,1.0,1.0,1.0000000000000002,0.9999999999999998,0.9999999999999998,1.0,1.0,1.0,1.0,0.9999999999999999,1.0,0.9999999999999999,1.0,0.9999999999999998,1.0,1.0,0.9999999999999998,1.0,1.0,1.0,1.0,1.0,0.9999999999999998,1.0,1.0,0.9999999999999999,1.0,1.0,1.0,1.0,0.9999999999999999,1.0,1.0,1.0,1.0,0.9999999999999998,0.9999999999999998,1.0,1.0,0.9999999999999999,1.0,1.0,0.9999999999999998,0.9999999999999997,1.0,1.0,0.9999999999999998,0.9999999999999998,1.0000000000000002,0.9999999999999999,1.0,1.0,1.0,1.0,1.0,1.0,0.9999999999999998,1.0000000000000002,1.0,1.0,0.9999999999999998,0.9999999999999998,0.9999999999999999,1.0,1.0,1.0,1.0,0.9999999999999999,1.0000000000000002,1.0000000000000002,1.0,1.0,1.0,1.0,0.9999999999999998,1.0,1.0,0.9999999999999998,1.0,1.0,0.9999999999999998,0.9999999999999998,1.0,1.0,0.9999999999999999,1.0,1.0,1.0,0.9999999999999999,1.0,1.0,1.0,1.0000000000000002,1.0,0.9999999999999998,1.0,0.9999999999999998,1.0,1.0,0.9999999999999998,0.9999999999999998,1.0,0.9999999999999998,1.0,0.9999999999999999,1.0,1.0,0.9999999999999999,0.9999999999999999,1.0,0.9999999999999998,0.9999999999999998,1.0,1.0,0.9999999999999999,1.0,1.0,1.0,1.0,1.0,1.0,1.0,1.0,1.0,1.0,1.0,0.9999999999999998,1.0,1.0,1.0,1.0,1.0,1.0,0.9999999999999998,1.0,0.9999999999999998,0.9999999999999999,0.9999999999999999,0.9999999999999998,1.0,1.0,0.9999999999999998,1.0,1.0,1.0,1.0,1.0,1.0,1.0,1.0,1.0,1.0000000000000002,1.0000000000000002,1.0,1.0,0.9999999999999999,0.9999999999999998,1.0,1.0000000000000002,1.0,1.0,1.0,1.0,1.0,1.0,0.9999999999999998,1.0,1.0,0.9999999999999999,1.0,1.0,0.9999999999999998,0.9999999999999998,1.0,1.0,1.0,1.0,1.0,1.0,1.0,1.0,1.0,1.0,0.9999999999999998,0.9999999999999998,1.0,1.0,0.9999999999999998,1.0,1.0,1.0,1.0,1.0,1.0,1.0,1.0,0.9999999999999998,0.9999999999999998,0.9999999999999998,0.9999999999999998,1.0,1.0000000000000002,1.0,0.9999999999999998,1.0,1.0,0.9999999999999998,1.0,0.9999999999999999,0.9999999999999998,0.9999999999999998,1.0,1.0,0.9999999999999998,0.9999999999999998,1.0,1.0,1.0,1.0,0.9999999999999999,1.0,1.0,0.9999999999999998,1.0,1.0,0.9999999999999998,0.9999999999999999,0.9999999999999999,0.9999999999999998,1.0,1.0,1.0,1.0,1.0,1.0,1.0,0.9999999999999999,1.0,0.9999999999999998,1.0,1.0,1.0,1.0,1.0,1.0,1.0,1.0,1.0,0.9999999999999998,1.0,0.9999999999999998,1.0000000000000002,1.0,1.0000000000000002,1.0,1.0,1.0,1.0,1.0,1.0,1.0,1.0,1.0,1.0000000000000004,1.0,1.0,1.0,0.9999999999999998,0.9999999999999998,1.0,1.0,1.0,1.0,1.0,1.0000000000000002,1.0,1.0,1.0,1.0,0.9999999999999998,1.0,0.9999999999999999,0.9999999999999998,0.9999999999999999,1.0000000000000002,0.9999999999999999,0.9999999999999998,0.9999999999999998,0.9999999999999998,1.0,1.0,0.9999999999999998,1.0,1.0,1.0
0.05,stde_auprc_p,0.0,0.0,5.551115123125783e-17,0.0,0.0,5.551115123125783e-17,0.0,0.0,0.0,0.0,0.0,0.0,1.1102230246251565e-16,5.551115123125783e-17,0.0,0.0,0.0,0.0,1.1102230246251565e-16,0.0,0.0,0.0,0.0,0.0,5.551115123125783e-17,0.0,5.551115123125783e-17,5.551115123125783e-17,0.0,5.551115123125783e-17,0.0,0.0,0.0,0.0,0.0,1.1102230246251565e-16,0.0,0.0,0.0,0.0,0.0,0.0,0.0,0.0,0.0,0.0,0.0,0.0,0.0,0.0,1.1102230246251565e-16,0.0,0.0,0.0,0.0,0.0,0.0,0.0,1.1102230246251565e-16,0.0,0.0,0.0,5.551115123125783e-17,0.0,0.0,0.0,0.0,0.0,5.551115123125783e-17,0.0,0.0,5.551115123125783e-17,0.0,0.0,0.0,0.0,0.0,0.0,0.0,0.0,0.0,0.0,0.0,0.0,2.220446049250313e-16,0.0,0.0,0.0,0.0,1.1102230246251565e-16,5.551115123125783e-17,1.1102230246251565e-16,0.0,0.0,1.1102230246251565e-16,0.0,0.0,0.0,5.551115123125783e-17,0.0,5.551115123125783e-17,0.0,0.0,0.0,0.0,0.0,0.0,0.0,1.1102230246251565e-16,0.0,0.0,1.1102230246251565e-16,0.0,0.0,0.0,0.0,0.0,0.0,0.0,0.0,0.0,0.0,0.0,0.0,0.0,1.1102230246251565e-16,0.0,0.0,0.0,0.0,0.0,1.1102230246251565e-16,0.0,5.551115123125783e-17,0.0,0.0,1.1102230246251565e-16,0.0,1.1102230246251565e-16,0.0,5.551115123125783e-17,0.0,0.0,0.0,0.0,0.0,0.0,0.0,0.0,0.0,1.1102230246251565e-16,0.0,1.6653345369377348e-16,0.0,0.0,0.0,0.0,0.0,0.0,0.0,0.0,0.0,0.0,0.0,0.0,0.0,0.0,0.0,0.0,0.0,0.0,0.0,5.551115123125783e-17,5.551115123125783e-17,0.0,0.0,0.0,0.0,0.0,0.0,0.0,0.0,5.551115123125783e-17,0.0,0.0,1.1102230246251565e-16,1.1102230246251565e-16,0.0,0.0,0.0,0.0,0.0,0.0,0.0,0.0,0.0,0.0,1.1102230246251565e-16,1.1102230246251565e-16,0.0,0.0,0.0,0.0,0.0,0.0,0.0,0.0,0.0,0.0,0.0,0.0,0.0,5.551115123125783e-17,0.0,0.0,0.0,0.0,0.0,0.0,0.0,0.0,0.0,0.0,0.0,0.0,0.0,0.0,0.0,0.0,0.0,0.0,0.0,0.0,0.0,0.0,5.551115123125783e-17,0.0,0.0,0.0,0.0,0.0,0.0,0.0,1.1102230246251565e-16,0.0,0.0,0.0,0.0,5.551115123125783e-17,0.0,0.0,0.0,0.0,0.0,0.0,0.0,5.551115123125783e-17,0.0,0.0,0.0,0.0,0.0,0.0,0.0,0.0,0.0,0.0,0.0,0.0,0.0,0.0,0.0,0.0,1.1102230246251565e-16,0.0,0.0,0.0,0.0,0.0,0.0,0.0,0.0,0.0,0.0,0.0,0.0,5.551115123125783e-17,0.0,0.0,0.0,1.1102230246251565e-16,0.0,0.0,0.0,0.0,0.0,0.0,1.1102230246251565e-16,0.0,0.0,0.0,0.0
0.1,mean_auroc,0.9982311111111111,0.9994175977439577,0.9989524353713227,0.9967652958876632,0.9985590551799414,0.9982950824340101,0.9987604618048087,0.9982127554673835,0.9986662895676672,0.9990853427358205,0.9985096374761179,0.9965253506687171,0.9997051139576144,0.9985548344876478,0.9990551024467873,1.0,0.9986571431574742,0.9996131998320181,0.9999004182433778,0.999161997198319,0.9995927822923643,0.9996017522899243,0.9984605616775529,0.9994191023602788,0.9993120638085743,0.9989527229204069,0.9959962495644359,1.0,0.9996003197442046,0.9993562922433216,0.9996947891110146,0.9986944165830827,0.999900616179686,0.9989478186484175,0.9991577353352037,0.9992470119521912,0.9994660112973995,0.9998006379585327,0.9994091908839908,0.9993389982344295,0.9981695524037576,1.0,0.9990928625654619,0.9997013142174432,0.9996700214486058,0.997951111111111,0.9991861497484463,0.9994483093955715,0.9990882567469002,0.9999006359300477,0.9993615576517131,0.9981550173816783,0.9992516463779686,0.9970943013897651,0.9994156147732585,0.9981088909088108,1.0,0.9992081939158642,0.9997021445591739,0.9996268656716418,0.9991702309666382,0.9996706601710081,0.9996027805362463,0.9990537860649593,0.9972354703920989,0.999407960199005,0.9999117465360515,0.9997316156736447,0.9993016759776536,0.9992422731804587,0.99785200848129,1.0,0.9996161282984531,0.9988014382740712,0.9993153871718178,0.9996368159203981,0.9999004975124379,0.9986783736908812,0.9994661009709844,0.9997481776010604,0.9996023856858847,0.9993685778430188,1.0,0.9999005568814638,0.9993415939901562,1.0,0.9990171947432966,0.9997019077901431,0.9991932347345296,0.9995298804780877,0.999205716184779,0.9956534180393687,1.0,1.0,0.9981628125529588,0.9982208716430315,0.9999006754072308,0.9999008330027767,0.9994981792915321,0.9997488246891113,0.9978100969575393,0.9994917456927056,0.9994253254647127,1.0,1.0,0.9970604073864943,0.9995758895846859,0.9996289794219319,0.9990105476594335,0.9991626157827275,0.9995059760956175,1.0,0.9994143426294821,1.0,0.9999004380724812,0.9994481510987188,0.9992263924935118,0.9986022364217252,0.9994232556595632,0.9994597452756449,0.9995571498162172,1.0,0.9998135812288724,0.9990171654420652,0.9995472636815921,0.9995323383084578,1.0,0.9989933910103654,0.9972748861931953,0.9999006359300477,0.9998008761449622,0.999601593625498,0.9993294710867933,0.9996166624073601,0.9991263392101382,0.9990088816497127,0.99827136762479,0.9997952641677196,1.0,0.9993665338645418,0.9996971054902741,1.0,1.0,0.9993593406403131,0.9972580274123051,0.9993351413284559,0.9999006556725611,0.9999006754072308,0.9996277249666683,0.9997715988083415,0.998307245528355,0.9994175977439576,0.9953981258664738,0.999944841585032,0.9996487740225315,0.9975107383762476,1.0,0.9998013113451222,0.9986288496202376,0.9997213930348259,0.9985475355940754,0.9998181912627916,0.9993896420965145,0.9999007542675665,1.0,0.9996467661691543,0.9988446481872367,0.9999006951340615,0.9999005370996618,0.9996022275258553,0.9993397989641353,0.9998015873015873,0.9992668159313802,0.9994117647058824,0.999635520212061,0.9998225288922964,0.9998830080958399,0.9999005568814638,0.9997630549101139,0.9999006359300477,1.0,1.0,0.9951816082973362,0.9999006951340617,0.9986518491528512,0.9996666666666667,0.9997021445591738,1.0,1.0,1.0,0.9995324918186068,0.9997330461694388,0.9997024990083301,1.0,0.999900616179686,0.9997022036926742,1.0,0.9992180391264786,1.0,0.9998231770660655,0.9990295246334376,0.9995202456342354,0.9999006754072308,0.9998296277366046,0.999900616179686,0.999900457893689,0.9997630549101137,1.0,0.999900714853058,0.9986926926926927,0.9996058222133705,0.999774262289161,0.9992916939548393,0.9999235661000367,0.9993419740777667,0.9995579926886009,0.999816558640088,0.999900616179686,0.9993452974410103,0.999738203447337,0.9989661176812015,0.9996926566585286,0.9999006556725611,1.0,0.9996026226902444,0.9996107672709961,0.9989903020629277,0.9999006951340617,1.0,0.999206034140532,0.9991172700669908,1.0,0.9999007542675664,0.9996024647187438,1.0,0.9998054404285741,1.0,0.9999006754072308,0.9997529880478088,0.9986683224130325,1.0,1.0,1.0,0.9977913106170739,0.9985442869501564,0.999603017070266,1.0,0.9999008133306884,0.9993237278965802,1.0,1.0,1.0,1.0,1.0,0.9996023856858847,0.9988154088593386,0.9988268527750084,1.0,0.9997810945273633,1.0,0.9985057852928405,1.0,1.0,0.998508013537814,1.0,1.0,1.0,0.9997547779974558,1.0,1.0,0.9996066499848347,1.0,0.9995344506517692,0.9991048338969564,0.9995792083687763,0.9999007542675665,0.9997282968853545,1.0,1.0,0.9994501380504469,1.0,0.9994142740313419,1.0,0.9999008330027767,0.9995119895299571,0.9999173116359066,0.9996680608112595,0.9982501864123018,0.9974916163648557,0.9980321285140563,0.9999003785614664,0.9991015442598893,1.0,0.9989449313530783,0.9993036065298057,0.9992294772565927,0.9999007345642248,0.9996028594122319,0.9999007542675665,1.0,1.0,1.0
0.1,stde_auroc,0.0005999999999999894,0.00042147531687286577,0.00030301456201409227,0.000346038114342917,0.000738140670765719,0.00034525470543012027,0.00033805587141583215,0.0004431427330461313,0.0001525032718883712,0.00016587048832261697,0.0003778809644731096,0.0007339577799524988,0.00029488604238558924,0.0006180582065404838,0.00029286298432906754,5.551115123125783e-17,0.0005912774746932858,0.0003868001679818156,9.958175662216906e-05,0.00013758254952972448,5.551115123125783e-17,0.00039824771007562765,0.0005914226323525673,0.00019872813990456928,0.0004885343968096256,0.0003864951127069971,0.0005765492324902866,0.0,0.00039968025579539823,0.0004597912547702476,0.0003052108889853855,0.0005499832831828422,9.938382031410287e-05,0.000464784716281752,0.00047835937408291507,0.00041035856573706786,0.00037314873193772247,0.00019936204146725478,0.0003217277364406801,0.00033050088278530065,0.0008568402494539828,0.0,0.0005018207084679371,9.956192751892079e-05,0.00017873838200510583,0.0005377777777777482,0.0005307719031871772,0.0004394823459006325,0.0002597086842163754,9.93640699523124e-05,0.0003063047104497896,0.000530837104218862,0.0005605315365020958,0.0006435867535827811,0.0003073433414714777,0.00038900614706738335,0.0,0.000727950754770057,0.00029785544082605586,0.0003731343283581712,0.0006244653550042667,0.0001553489759396065,0.0003972194637537063,0.0005653099228518088,0.0005592369054150947,0.00029353233830842207,8.825346394847333e-05,0.000112548265890966,0.0005653099228518643,0.0006048521103356741,0.00038008527890387445,0.0,0.00038387170154685624,0.0006505014495427064,0.00027916251246262735,0.00023383084577116575,9.950248756213087e-05,0.00023347341738377825,0.0003915259546113936,0.0001325381047050933,0.0003976143141152799,0.0004749158103790063,0.0,9.944311853615773e-05,0.00039936102236420856,0.0,0.0005001000200040573,0.0002980922098568817,0.00026541788864009597,0.00047011952191233775,0.0005151213027584367,0.0012921071661483596,0.0,5.551115123125783e-17,0.0008165277542405702,0.0006771447865416835,9.932459276923433e-05,9.916699722334332e-05,0.00045035191785580686,0.00025117531088864054,0.0008492143095953919,0.0005082543072943979,0.00043100590146538664,0.0,0.0,0.0012011941359767464,0.000287976207929308,0.0003710205780681486,0.0008481020061999467,0.0005411255411255089,0.0004940239043824679,0.0,0.00030677290836650384,0.0,9.956192751886528e-05,0.00017841731394802052,0.00041869080100265244,0.0006584060098436817,0.00031119298944437546,0.00039465416034450973,0.0003764226562153472,5.551115123125783e-17,0.0001864187711275167,0.0005203241777301248,0.00010447761194037897,0.0001791044776120465,0.0,0.0008187869041051954,0.0005509433465780145,9.93640699523124e-05,0.00019912385503778607,0.0003984063745020028,0.00035633822244696134,0.0002271630178606876,0.0005834482091465198,0.0003252507247713532,0.0007225683328377919,0.0002047358322804227,5.551115123125783e-17,0.0006334661354582272,0.0003028945097258706,5.551115123125783e-17,5.551115123125783e-17,0.00027704188527000184,0.0006233442418575041,0.0006648586715440885,9.934432743891053e-05,9.932459276917882e-05,0.0002164389728672722,0.00022840119165840056,0.0006335793187385863,0.0005824022560424469,0.001390994700310233,5.5158414967781955e-05,0.0003512259774685056,0.000561458063401632,0.0,0.00019868865487782106,0.00042752160717307586,0.00027860696517406636,0.000678396548874971,0.00018180873720841095,0.00061035790348557,9.924573243347279e-05,0.0,0.00026368159203982167,0.0002998800479807606,9.930486593845433e-05,9.946290033824301e-05,0.00039777247414474193,0.0004137879731826999,0.0001984126984126977,0.0005649984758179794,0.0004951811232967729,0.00036447978793896496,0.0001774711077036084,0.00011699190416020189,9.944311853621324e-05,8.40772899596276e-05,9.93640699523124e-05,0.0,0.0,0.0012031969976912804,9.930486593839882e-05,0.0006485698670067874,0.0002537313432835475,0.00029785544082611137,0.0,0.0,0.0,0.0004675081813931836,0.0002669538305611896,0.00029750099166997446,0.0,9.938382031399184e-05,0.00029779630732579276,0.0,0.0006492644828631766,5.551115123125783e-17,0.0001768229339345062,0.0005878307934606974,0.0004797543657646397,9.932459276917882e-05,0.00017037226339550182,9.938382031410287e-05,9.954210631102356e-05,6.87905099669428e-05,0.0,9.928514694201862e-05,0.0006226226226226372,0.00039417778662953484,0.00022573771083905791,0.000551695663316254,7.643389996331296e-05,0.0006580259222332963,0.0004420073113990952,1.5286779992573774e-05,9.938382031404736e-05,0.0006547025589896949,0.0002617965526630073,0.0004957798253888424,0.00030734334147142217,9.934432743885502e-05,5.551115123125783e-17,0.0003973773097555866,0.0003892327290039299,0.0003869501076204651,9.930486593839882e-05,0.0,0.0001984914648670011,0.0005199642071149757,0.0,9.92457324335283e-05,0.0003975352812561894,0.0,4.524641195990942e-06,0.0,9.932459276917882e-05,0.00024701195219123395,0.0009476969330567409,0.0,0.0,0.0,0.0010740583153092675,0.0001303209777954728,0.0003969829297340022,0.0,9.9186669311635e-05,0.000676272103419806,0.0,0.0,0.0,0.0,0.0,0.0003976143141152799,0.0003804723253605924,0.0002625456962445649,5.551115123125783e-17,0.00021890547263675453,0.0,0.0003150196248712933,0.0,5.551115123125783e-17,0.000820592554202304,0.0,0.0,0.0,0.00024522200254412096,5.551115123125783e-17,0.0,0.00039335001516527246,0.0,0.0004655493482308981,9.94629003381875e-05,0.00042079163122366037,9.924573243347279e-05,0.0002717031146455273,5.551115123125783e-17,0.0,0.0002105854274884189,0.0,0.0005857259686581351,5.551115123125783e-17,9.916699722334332e-05,0.00048801047004276565,8.268836409341951e-05,0.00012447719577768357,0.0008845791302635186,0.0012072434607645621,0.0005220883534136633,9.9621438533537e-05,0.00041066306450543433,0.0,0.000439836801657878,0.0006963934701943453,0.0005973715651135247,9.926543577526425e-05,0.0003971405877680745,9.924573243347279e-05,0.0,0.0,0.0
0.1,mean_auprc,0.6933415980635793,0.8360349968038445,0.6496366538562476,0.5958570010318761,0.7467003214282679,0.5902270884443639,0.7271454387480021,0.6440572860276849,0.7462293605810644,0.6634061761814248,0.6450311014878152,0.6237032083914462,0.9135476966527456,0.7529722254980233,0.6262650620983954,1.0,0.7679572185361118,0.8246318610869695,0.9426085287941904,0.8236740711381676,0.8493516097877383,0.846153975771017,0.736316179964857,0.664066212821869,0.7920655222098223,0.7580238410177081,0.6748314869994493,1.0,0.8947848507948348,0.7889554681199953,0.9029996579863749,0.8128605610990561,0.9183377138734281,0.7623703535377786,0.8008600159141869,0.7536764176590107,0.841162992409579,0.9154283321785825,0.7304295726861704,0.8560589667282537,0.7755716361092688,1.0,0.774371898768647,0.8492679569379282,0.8895913542520213,0.6624611966714679,0.7803942769532037,0.8484416441432896,0.6298061749816135,0.9136127761127759,0.7888763468500366,0.766177698268117,0.8199168330081115,0.6934452574790715,0.8054395842199759,0.7076510579437106,0.9999999999999998,0.8469873996742716,0.7972222222222223,0.8422498438094415,0.8106289673089637,0.8445899258979754,0.7733116883116883,0.7491998400487156,0.6503782704248146,0.7436290626083581,0.9206128747795416,0.8946371805685189,0.8201518670500221,0.7980943906901227,0.7595991976762888,1.0,0.8402400079158152,0.7636779201453814,0.8030901865205435,0.8480354632458299,0.9360174894549895,0.7648842306181377,0.8319010789747321,0.8502347570729923,0.8082811827548669,0.8554296510068786,1.0,0.9286043205160852,0.8363159277174598,1.0,0.803036587845094,0.8238077627500704,0.8173423978086353,0.8400946584151257,0.8093561923816919,0.6304282963854451,1.0,1.0,0.7301980556794594,0.7403992669916355,0.9043995146267874,0.8194444444444444,0.8581247098206353,0.8916640044550216,0.7260187411482085,0.8565541474605307,0.767079465512128,0.9999999999999999,1.0,0.715021901525011,0.8176382375965181,0.8617435141455717,0.8071023566686644,0.782307269343448,0.8413440998492214,0.9999999999999999,0.8133014905055158,1.0,0.942642019815933,0.7822610601973992,0.8024473908211911,0.7198966912909704,0.8356127442863754,0.834457881200261,0.8718999277514135,0.9999999999999999,0.9037450396825397,0.7821420985265237,0.7778919278148229,0.8062412530915191,1.0,0.7659360377781201,0.6565816505078971,0.9159188034188035,0.9000982757763616,0.8581051342166961,0.8205684502494225,0.8135823909983574,0.8032505003745725,0.774276334586379,0.7547752702223448,0.8936358258942942,1.0,0.8289974715575489,0.8868966098321707,1.0,0.9999999999999999,0.7638149428848409,0.649843852042307,0.8490126995763214,0.910010938135938,0.905501443001443,0.8779046595053562,0.8410751748251748,0.7388064459372164,0.8182200293421842,0.6455507397457223,0.9641313932980601,0.8425236012697312,0.6714930567387329,1.0,0.8540364727864728,0.7768251937196285,0.8825235073439746,0.777997816086943,0.9144880545711749,0.8048637661123028,0.877295918367347,1.0,0.857486151446518,0.8130581456993667,0.8990061327561327,0.9313435630321594,0.8167925333332363,0.8591589408193856,0.7814285714285714,0.8287885947268991,0.8439150779759585,0.815711431957562,0.8838594936809223,0.9219926376159302,0.9272416309181015,0.8676698301698301,0.9134014489783719,1.0,1.0,0.7152783781709742,0.8994606782106782,0.780404823686154,0.8640368229971895,0.7935846560846562,1.0,1.0,1.0,0.8410471827603233,0.893432348823774,0.6916666666666667,1.0,0.9172061073846789,0.7775229978354978,1.0,0.752980246076114,1.0,0.9087611163107809,0.7878139356911731,0.8537557602419839,0.9043995146267874,0.8876860242931671,0.9172061073846789,0.9394078390866927,0.8660566997105458,1.0,0.89484126984127,0.7998314380289264,0.8683409271876781,0.8498410680228862,0.8072962999525153,0.9557373182373181,0.8330159433335964,0.871461758395481,0.858854180008026,0.9172061073846789,0.8335606056429646,0.8744408085668065,0.7566013772436664,0.8863698807789825,0.9123969780219781,1.0,0.78376739001739,0.8725968364075938,0.7831349535594145,0.8990061327561327,1.0,0.47511337868480724,0.7773940490925075,1.0,0.881547619047619,0.7997768104910962,1.0,0.8878601799280436,1.0,0.9043995146267874,0.9104125127112266,0.7968145851613935,1.0,1.0,1.0,0.7441570926327539,0.6656243900432217,0.732415996701711,1.0,0.8395833333333333,0.8225630742972967,1.0,1.0,1.0,1.0,1.0,0.8072770699086489,0.739912561256008,0.6777804739196166,0.9999999999999999,0.9043614365716096,1.0,0.7249982856727202,1.0,1.0,0.739931027182639,1.0,1.0,1.0,0.9048064282141247,1.0,1.0,0.8388660643990143,1.0,0.866969674276399,0.6273185274616883,0.8409955084051302,0.8785714285714286,0.8510447477359242,1.0,1.0,0.7262822231088484,1.0,0.7825195809522435,1.0,0.8194444444444444,0.865126672726769,0.9109126984126985,0.8684734835865539,0.7546792408402265,0.7376511746286927,0.7277554847081757,0.948569041357503,0.8192507709613626,0.9999999999999999,0.7839112943506946,0.8394653025924174,0.7517541902687956,0.8885416666666667,0.7681688681688682,0.8785714285714284,1.0,1.0,1.0
0.1,stde_auprc,0.08070023812149396,0.12833331490344285,0.06040023436557396,0.0224639086960442,0.09692878677934308,0.043814458300471315,0.06762922052538484,0.06410187421270985,0.029877671982478482,0.042731097359652526,0.05491425384523163,0.057354487726813674,0.08645230334725446,0.08618146389767883,0.06976683810017148,0.0,0.11246345455039797,0.1753681389130307,0.05739147120580934,0.05316943737615981,0.03723652839910985,0.1538460242289829,0.09274735653691979,0.07216465033207109,0.10740201563354063,0.06023259507257106,0.050105665348750716,5.551115123125783e-17,0.10521514920516523,0.13205468743649368,0.09700034201362506,0.07733484953280167,0.08166228612657184,0.11856235574802537,0.12772727795568684,0.12033894560403058,0.11253246634893366,0.08457166782141723,0.10309459502575902,0.07840768141694504,0.12305700987281504,0.0,0.11530831406310432,0.05065562456866801,0.06731320776304667,0.05568317765305353,0.1407087278148768,0.12750766014378578,0.06358022257145063,0.08638722388722381,0.10157630409542517,0.06529831789175439,0.1451554403646252,0.08035057835858977,0.10465621637188305,0.04820264429229659,5.551115123125783e-17,0.14600589166052413,0.2027777777777779,0.15775015619055877,0.15200837173800869,0.056529165386557056,0.22668831168831172,0.1083833928535814,0.05966532287044779,0.09685490818521009,0.07938712522045865,0.05983152395200947,0.14917329018199355,0.15997967396388268,0.045423110035388514,0.0,0.159759992084185,0.13335249844741154,0.07761524017921811,0.10558945865889113,0.0639825105450107,0.042398115375642975,0.12778107323566557,0.09724045290221761,0.19171881724513307,0.11544158700273144,0.0,0.07139567948391479,0.11563751385820475,0.0,0.09718936397149641,0.17619223724992955,0.06983947434842097,0.15990534158487457,0.12722086760254686,0.06260966214741054,0.0,0.0,0.10471677188824807,0.08923261958220563,0.09560048537321264,0.18055555555555558,0.13296519788217548,0.10833599554497886,0.09850830543367162,0.14344585253946912,0.17193499797988965,1.1102230246251565e-16,0.0,0.10047115645163546,0.12947320901997988,0.13825648585442807,0.16497476881350187,0.10593370865017138,0.15865590015077874,1.1102230246251565e-16,0.08443243728478572,0.0,0.057357980184067014,0.048890393196701354,0.0969496445352444,0.11562842053759403,0.08998570160816494,0.12040367224608733,0.11561303387476918,1.1102230246251565e-16,0.09625496031746034,0.10601360570285256,0.04221126147954285,0.0802925012518329,0.0,0.16622605976805616,0.055714535984045965,0.08408119658119656,0.0999017242236383,0.14189486578330407,0.10673144134421297,0.0982107761519525,0.14340456257867873,0.08336184573743927,0.10806627672170654,0.1063641741057057,1.1102230246251565e-16,0.17100252844245134,0.11310339016782933,0.0,1.1102230246251565e-16,0.08596941216872939,0.06448349538897824,0.15098730042367847,0.08998906186406191,0.09449855699855703,0.08035749922694879,0.15892482517482515,0.0881381891574855,0.18177997065781576,0.0906466229124529,0.03586860670194014,0.15747639873026875,0.07536237729667994,0.0,0.14596352721352723,0.06258798221753092,0.11747649265602567,0.1051685467985668,0.08551194542882518,0.19513623388769696,0.12270408163265306,0.0,0.11540644722587956,0.04602989785194833,0.10099386724386722,0.06865643696784057,0.18320746666676369,0.0949793993437929,0.21857142857142858,0.14259176252805866,0.13649516626418268,0.18428856804243798,0.11614050631907774,0.07800736238406974,0.07275836908189853,0.04380480630480632,0.08659855102162783,0.0,0.0,0.06765269394903617,0.10053932178932179,0.09937282621829469,0.11270192952136188,0.20641534391534405,0.0,0.0,1.1102230246251565e-16,0.1589528172396767,0.10656765117622602,0.30833333333333335,0.0,0.08279389261532116,0.2224770021645021,0.0,0.20079158224790394,1.1102230246251565e-16,0.09123888368921912,0.1266515388679001,0.1462442397580161,0.09560048537321264,0.11231397570683277,0.08279389261532116,0.0605921609133071,0.025271416617570597,0.0,0.10515873015873023,0.10610019452745295,0.13165907281232186,0.15015893197711383,0.15225683513379157,0.04426268176268189,0.16698405666640354,0.12853824160451888,0.03205128205128194,0.08279389261532116,0.16643939435703536,0.12555919143319327,0.1167478146482413,0.11363011922101729,0.087603021978022,0.0,0.21623260998260996,0.12740316359240617,0.10924056306674507,0.10099386724386727,0.0,0.055328798185941,0.10126225157619745,0.0,0.11845238095238098,0.20022318950890383,5.551115123125783e-17,0.011155606407322605,0.0,0.09560048537321264,0.08958748728877364,0.12695654880619556,0.0,0.0,0.0,0.10616345432675645,0.019264496806881526,0.267584003298289,0.0,0.16041666666666665,0.17743692570270303,0.0,0.0,0.0,0.0,0.0,0.1927229300913511,0.08870363216599048,0.04697232470062718,1.1102230246251565e-16,0.09563856342839061,0.0,0.05564937825440475,0.0,0.0,0.10598946672108533,0.0,0.0,0.0,0.09519357178587518,0.0,0.0,0.16113393560098566,0.0,0.1330303257236009,0.02685168504185753,0.1590044915948699,0.12142857142857144,0.1489552522640758,0.0,0.0,0.07646900742875967,0.0,0.2174804190477565,0.0,0.18055555555555558,0.13487332727323098,0.08908730158730155,0.07583309202874411,0.11622431040438741,0.11579529726578236,0.05451352281597316,0.05143095864249708,0.08196597165059166,1.1102230246251565e-16,0.10185688862483133,0.16053469740758253,0.17465342519119675,0.11145833333333333,0.2318311318311318,0.12142857142857133,0.0,0.0,0.0
0.1,mean_auprc_w,0.9954800828270853,0.9987884661354303,0.996956587464258,0.988553991820962,0.9957355806019472,0.9956995447017211,0.9965274214065343,0.9958641523399924,0.9974652201739682,0.9975358746856123,0.9956960944857691,0.9899369127613341,0.9989513804680884,0.9968799491214599,0.997329816551618,1.0,0.997310273211276,0.9987645646323349,0.9996314519429703,0.9975111279559856,0.9991520438978434,0.9985494478388308,0.9962996174372158,0.99832838734875,0.9980981772601363,0.9978024550218615,0.9908739979978021,1.0,0.9983793747346654,0.998216202081212,0.9991020820459888,0.996991494342079,0.9996809458955667,0.9969928274711227,0.9977935980367745,0.9977731053246244,0.9985727741419803,0.9992312538643284,0.9985242382940289,0.9981449069674173,0.9955386248565541,1.0,0.9979373955558106,0.9989962965437611,0.999192050422925,0.9947786989131839,0.9974676338988367,0.9985378894237089,0.997165627321505,0.9996850481133341,0.9981604635080471,0.9959945276627495,0.9980515706646216,0.9939426247290153,0.9987586456134028,0.9953795978533562,0.9999999999999998,0.9976257042909229,0.9991986317138467,0.998955903356459,0.9978249013881995,0.9993547933464569,0.9988778946490378,0.9972608999296049,0.9930418177059614,0.9982288808868791,0.9998185063299583,0.9993869592748713,0.9979652144880362,0.9973897577306643,0.9954458589274611,1.0,0.9988054573567895,0.9969222857592828,0.9984012399066002,0.9991712550866779,0.9996536256015816,0.9967587492661185,0.9985693070613497,0.999355365532278,0.9987083353515251,0.9984476355762292,1.0,0.9996662300116756,0.9980059309988321,1.0,0.9972700266720937,0.9990663809130265,0.9981593183271626,0.9986453831965412,0.9983227859406519,0.9853392789025436,1.0,1.0,0.9953051828106363,0.995705925550767,0.999700389497901,0.999818274109412,0.9986557118002919,0.9993865714081693,0.9946905566562445,0.9986134559154916,0.9981498134075875,1.0,1.0,0.9930490296389491,0.9989571876858179,0.9991265597452892,0.9972990755331819,0.9978927397453449,0.9987610207950597,1.0,0.9987506416695536,1.0,0.9996441423715586,0.9984553918220294,0.9978882915380123,0.9966266559344819,0.9989497528511952,0.9988043678177001,0.9990676967325904,0.9999999999999999,0.9995596917439016,0.9974977472431411,0.9986591549975982,0.9989447028467973,1.0,0.9970214365393587,0.9924693600899342,0.9996921246001249,0.9992636518026188,0.9985560428390775,0.9987220262532058,0.9992745785068377,0.9979831973581943,0.9970623110554205,0.9952523608402034,0.9995094754468556,1.0,0.9986216798470919,0.999260609679211,1.0,0.9999999999999999,0.9983389424182825,0.9937169060258875,0.9981736140015842,0.9996944909431322,0.9997032977441282,0.9993001636497103,0.9995169026395305,0.9957894658876685,0.998109088022415,0.9891993045696827,0.9999259901316921,0.9992289813556883,0.9945820734067518,1.0,0.9993849045921558,0.9966197429042897,0.9993583874458599,0.9970347854157425,0.9994745975836746,0.9983335324959866,0.9997428782362229,1.0,0.9992195441952292,0.9979148075426366,0.9997094443912874,0.9996615152762524,0.9986439029259924,0.99834793026806,0.999547532936056,0.9977165208937975,0.9985782467439375,0.998912026143161,0.9995399667914224,0.9996398102446729,0.9996608906664581,0.9995717811055796,0.9996844114277936,1.0,1.0,0.988914710230565,0.999710547316196,0.996265254145732,0.9992609530354141,0.9991887005977402,1.0,1.0,1.0000000000000002,0.9988751682037167,0.9993713448976296,0.9994553032214395,1.0,0.9996772822504859,0.9991927914266077,1.0,0.997891018663603,1.0,0.9995584893682354,0.9977068572208296,0.9988361464030062,0.9997003894979009,0.9995613055021972,0.9996772822504859,0.9996408275329651,0.9995663421506467,1.0,0.9997239271602412,0.9971358610521524,0.9991060049463352,0.9995096100124674,0.998314172821674,0.9998682560464004,0.9984293579503853,0.9988755324991694,0.9995175488251853,0.9996772822504859,0.9984392391770556,0.9993187888883263,0.997427456015291,0.9992949448773838,0.9997013865205272,1.0,0.9987727424907411,0.9987064387756537,0.99778060075731,0.9997094443912875,1.0,0.997960203012377,0.9978044235294802,1.0,0.9997509086979882,0.9987212095511198,1.0,0.9993694849217082,1.0,0.999700389497901,0.9994170142769924,0.9971172616688821,1.0,1.0,1.0,0.9945479973298348,0.995928258350425,0.9989740009495532,1.0,0.999793473075944,0.9983792700943832,1.0,1.0,1.0,1.0,1.0,0.998700629850181,0.9968407791467431,0.9965616799928342,0.9999999999999999,0.9994903259831707,1.0,0.9958697778594221,1.0,1.0,0.9953496271819717,1.0,1.0,1.0,0.9993411524380651,1.0,1.0,0.9986724608650961,1.0,0.9986645472623168,0.9969478471775557,0.9988485024747453,0.9997452402139402,0.9993099285678881,1.0,1.0,0.9984032942634684,1.0,0.9981389560227789,1.0,0.999818274109412,0.9983344980010467,0.9998594863681449,0.9990710859490959,0.9955746276937822,0.9935499944586812,0.9941431970439206,0.9996409417130558,0.9974608689556796,0.9999999999999999,0.9977076027264618,0.9972513514912529,0.9974196731708136,0.9997363572255645,0.9989513862058965,0.99974524021394,1.0,1.0,1.0
0.1,stde_auprc_w,0.0017932445907172245,0.0010123551275738607,0.0008123557261168202,0.0011846955969238016,0.002229838406625162,0.0007521425746956911,0.0013798820674545964,0.0011453850206732952,0.0003687460758897143,0.0004929623883186407,0.0010564361157894275,0.0031396491048613084,0.0010486195319115987,0.0013592784281374892,0.0008555016436816998,0.0,0.001586538025242501,0.0012354353676655716,0.00036854805702962734,0.0011184443487619045,0.0002549640988349644,0.001450552161168961,0.0017527138196513081,0.0006196897602609441,0.0011096789927735329,0.0007185741274937651,0.0023747975455929438,0.0,0.0016206252653347963,0.0013160095734563448,0.0008979179540112292,0.001499549576366166,0.00031905410443333615,0.002024166341205169,0.0016588150080522612,0.001478209659598051,0.0011193966965736823,0.0007687461356716274,0.0007115228299015564,0.0011860191578412782,0.0030218738614863905,0.0,0.0012806499591008769,0.000477664158528901,0.000541048709889913,0.001363826709356919,0.001991552954190179,0.0013013921189218292,0.0009718192286726768,0.0003149518866659151,0.00115299331558949,0.0014264753467786995,0.0016952630995547557,0.002154941094432039,0.0007732466311701214,0.0011773863172431231,5.551115123125783e-17,0.0023055284150544364,0.0008013682861532923,0.0010440966435412147,0.0018929331411072225,0.0002769108471301074,0.001122105350962188,0.0015207778687789664,0.0022351231332780053,0.0009245956106087028,0.00018149367004177686,0.00037951030024652166,0.0018221668847885897,0.0023424602396772687,0.0011063693519805518,0.0,0.001194542643210672,0.0021506460284806406,0.0007705757668540203,0.0006288350924751329,0.00034637439841866957,0.0008741912366201365,0.0011905522710487504,0.00047207710817537274,0.0012916646484749106,0.0013204190047356734,0.0,0.00033376998832435056,0.0016120567863764368,0.0,0.0016888558074601434,0.0009336190869735916,0.0008558457451363632,0.0013546168034591077,0.0012607962509404436,0.0044045921112365605,0.0,1.6653345369377348e-16,0.0025367702274144976,0.002019673277339651,0.0002996105020990347,0.00018172589058795818,0.0012872212816557593,0.0006134285918311111,0.0027046294102056057,0.0013865440845082233,0.0016092239542677689,0.0,0.0,0.003371695708874134,0.0008244770228218457,0.0008734402547105335,0.0024616348351236272,0.0011652961786042804,0.0012389792049404824,0.0,0.0006616915920204525,0.0,0.0003558576284413695,0.0004540432964224017,0.0012711291882311904,0.0018774489381040427,0.000652920284109404,0.0009443732541496996,0.0008608358393001336,1.1102230246251565e-16,0.0004403082560984206,0.0015102169238112584,0.00037661396372812295,0.0005294197872403594,0.0,0.0024580563566097835,0.00232788007181417,0.000307875399875035,0.0007363481973811647,0.0014439571609227153,0.0008450831804279746,0.0004436422614483293,0.0016293632920643675,0.0016032529219007774,0.0028678161776652944,0.0004905245531443003,0.0,0.00137832015290823,0.0007393903207889574,0.0,1.1102230246251565e-16,0.0007749731075288313,0.0017667334738657448,0.0018263859984155029,0.00030550905686782537,0.00029670225587180576,0.0004929765892497939,0.000483097360469531,0.0019784427391667525,0.0018909119775849526,0.004470679651978948,7.400986830785605e-05,0.0007710186443117273,0.0018034568036207066,0.0,0.0006150954078442128,0.0013465690729033142,0.0006416125541403028,0.001714171096583228,0.0005254024163253712,0.0016664675040132249,0.0002571217637771239,0.0,0.0006654885236118679,0.0005946432607728536,0.00029055560871249497,0.00033848472374764516,0.0013560970740076894,0.0012326361803399188,0.0004524670639439732,0.002054674710437243,0.0012993022368060214,0.001087973856838953,0.00046003320857757046,0.00036018975532720043,0.0003391093335418649,0.00016473098722091795,0.00031558857220642667,0.0,0.0,0.003814497836514108,0.00028945268380392575,0.0022021671535528142,0.0006406579327639106,0.0008112994022598241,0.0,0.0,2.220446049250313e-16,0.0011248317962833099,0.0006286551023704234,0.000544696778560505,0.0,0.0003227177495140898,0.0008072085733922818,0.0,0.0019000323728596835,0.0,0.00044151063176478544,0.0015964072920773842,0.0011638535969937247,0.00029961050209909024,0.0004386944978027052,0.0003227177495140898,0.0003591724670345964,0.00010120601521745876,0.0,0.0002760728397588341,0.0017689747249706733,0.0008939950536647756,0.0004903899875326467,0.0014448553603254033,0.00013174395359960567,0.0015706420496147122,0.0011244675008305616,0.0001487259695980847,0.0003227177495140898,0.0015607608229444847,0.0006812111116739628,0.0015942936719411938,0.0007050551226159829,0.0002986134794727979,0.0,0.00122725750925895,0.0012935612243460404,0.0013537091819941227,0.0002905556087125505,0.0,0.000499557125584249,0.0012325963714854282,0.0,0.00024909130201178353,0.001278790448880185,0.0,9.810299661272559e-05,0.0,0.0002996105020990347,0.0005829857230078561,0.002052204091114229,0.0,0.0,0.0,0.00301130410626832,0.00038109540686609433,0.0010259990504467575,0.0,0.00020652692405598305,0.0016207299056168467,0.0,0.0,0.0,0.0,0.0,0.0012993701498189014,0.0015628131215517649,0.0008026940832518425,1.1102230246251565e-16,0.0005096740168294978,0.0,0.0013390617517691772,0.0,0.0,0.0025758411764989497,0.0,0.0,0.0,0.000658847561934961,0.0,0.0,0.00132753913490391,0.0,0.001335452737683207,0.0003750667973219657,0.0011514975252546744,0.00025475978605987715,0.0006900714321118606,0.0,0.0,0.0006856412389957822,0.0,0.0018610439772213105,0.0,0.00018172589058795818,0.0016655019989533781,0.00014051363185513255,0.0006360092170874521,0.0026920648199398323,0.003806171837777983,0.0019279535634175726,0.00035905828694388076,0.0014564631830938923,1.1102230246251565e-16,0.0012952064128285978,0.0027486485087469537,0.0022020205788723657,0.0002636427744354686,0.0010486137941034257,0.0002547597860597661,0.0,0.0,0.0
0.1,mean_auprc_p,1.0,0.9999999999999998,1.0,1.0,1.0,1.0,1.0,1.0,1.0,1.0,0.9999999999999999,0.9999999999999998,1.0,1.0,1.0000000000000002,1.0,0.9999999999999999,1.0,0.9999999999999999,1.0,0.9999999999999998,1.0,1.0,0.9999999999999998,1.0,1.0,0.9999999999999999,1.0,1.0,0.9999999999999999,1.0,1.0,0.9999999999999999,1.0,1.0,1.0000000000000002,1.0,0.9999999999999999,1.0,1.0,1.0,1.0,0.9999999999999998,0.9999999999999998,0.9999999999999999,1.0,1.0,1.0,1.0000000000000002,0.9999999999999998,0.9999999999999997,1.0,1.0,0.9999999999999999,0.9999999999999998,1.0000000000000002,0.9999999999999999,1.0,1.0000000000000002,1.0,1.0,1.0,0.9999999999999999,0.9999999999999999,1.0000000000000002,1.0,1.0,0.9999999999999998,0.9999999999999998,1.0,1.0,1.0,1.0,1.0,0.9999999999999999,1.0000000000000002,1.0000000000000002,1.0,1.0,1.0,1.0,0.9999999999999998,1.0,1.0,1.0,1.0,1.0,0.9999999999999998,0.9999999999999998,1.0000000000000002,1.0,0.9999999999999998,1.0,1.0,1.0,0.9999999999999999,1.0,1.0,0.9999999999999999,1.0000000000000002,1.0,0.9999999999999999,1.0,0.9999999999999998,1.0,1.0,0.9999999999999998,0.9999999999999998,1.0,0.9999999999999998,1.0,0.9999999999999999,1.0,1.0,0.9999999999999999,1.0,1.0,0.9999999999999998,0.9999999999999998,1.0,1.0,0.9999999999999999,1.0,1.0,1.0,1.0000000000000002,1.0,1.0,1.0,1.0,1.0,1.0000000000000002,1.0,0.9999999999999998,1.0,1.0,1.0,1.0,1.0,1.0,0.9999999999999998,1.0,0.9999999999999998,0.9999999999999998,0.9999999999999999,0.9999999999999999,1.0,1.0,0.9999999999999998,1.0,1.0000000000000002,1.0,1.0,1.0,1.0,1.0,1.0,1.0,1.0,1.0000000000000002,1.0,1.0,0.9999999999999998,0.9999999999999998,1.0,1.0000000000000002,1.0,1.0,1.0,1.0,1.0,1.0,0.9999999999999998,1.0,1.0,0.9999999999999998,1.0,1.0,0.9999999999999998,0.9999999999999998,1.0,1.0,0.9999999999999999,1.0,1.0,1.0000000000000002,1.0,1.0,1.0,1.0,0.9999999999999998,0.9999999999999998,1.0,1.0,0.9999999999999998,1.0,1.0,1.0000000000000002,1.0,1.0,1.0,1.0,1.0,0.9999999999999998,0.9999999999999998,0.9999999999999998,0.9999999999999998,1.0,1.0000000000000002,1.0,0.9999999999999998,1.0,1.0,0.9999999999999998,1.0,0.9999999999999999,0.9999999999999998,0.9999999999999998,1.0,0.9999999999999999,0.9999999999999998,0.9999999999999998,1.0,1.0,1.0,1.0,0.9999999999999998,1.0,1.0,0.9999999999999998,0.9999999999999999,1.0,0.9999999999999998,0.9999999999999999,0.9999999999999999,0.9999999999999998,1.0,1.0,1.0,1.0,1.0,1.0,1.0,0.9999999999999999,1.0,0.9999999999999998,1.0,1.0,1.0,1.0,1.0,1.0,1.0,1.0,1.0,0.9999999999999999,1.0,0.9999999999999998,1.0000000000000002,1.0,1.0,1.0,1.0,1.0,1.0,1.0,1.0,1.0,1.0,1.0,1.0000000000000002,1.0,1.0,1.0,0.9999999999999998,0.9999999999999998,1.0,1.0,1.0,1.0,1.0,1.0000000000000002,1.0,1.0,1.0,1.0,0.9999999999999998,1.0,0.9999999999999998,0.9999999999999999,0.9999999999999999,1.0,0.9999999999999999,0.9999999999999998,1.0,0.9999999999999998,1.0,1.0,0.9999999999999998,1.0,1.0,1.0
0.1,stde_auprc_p,0.0,5.551115123125783e-17,5.551115123125783e-17,0.0,1.1102230246251565e-16,5.551115123125783e-17,0.0,0.0,0.0,0.0,1.1102230246251565e-16,0.0,0.0,0.0,0.0,0.0,0.0,0.0,1.1102230246251565e-16,1.1102230246251565e-16,0.0,0.0,0.0,0.0,5.551115123125783e-17,0.0,0.0,5.551115123125783e-17,1.1102230246251565e-16,1.1102230246251565e-16,0.0,0.0,0.0,0.0,0.0,0.0,5.551115123125783e-17,0.0,0.0,0.0,0.0,0.0,0.0,5.551115123125783e-17,1.1102230246251565e-16,0.0,5.551115123125783e-17,0.0,0.0,0.0,1.1102230246251565e-16,0.0,0.0,1.1102230246251565e-16,0.0,0.0,0.0,1.1102230246251565e-16,0.0,0.0,0.0,0.0,0.0,1.1102230246251565e-16,0.0,0.0,0.0,0.0,0.0,5.551115123125783e-17,5.551115123125783e-17,0.0,1.1102230246251565e-16,0.0,0.0,0.0,0.0,1.1102230246251565e-16,0.0,0.0,0.0,0.0,0.0,0.0,0.0,0.0,1.1102230246251565e-16,0.0,5.551115123125783e-17,0.0,5.551115123125783e-17,1.6653345369377348e-16,0.0,0.0,0.0,0.0,0.0,0.0,0.0,0.0,0.0,1.1102230246251565e-16,0.0,0.0,0.0,0.0,0.0,0.0,1.1102230246251565e-16,0.0,0.0,1.1102230246251565e-16,0.0,0.0,0.0,5.551115123125783e-17,0.0,0.0,0.0,0.0,0.0,0.0,0.0,0.0,0.0,0.0,0.0,0.0,0.0,0.0,5.551115123125783e-17,0.0,0.0,0.0,0.0,0.0,1.1102230246251565e-16,0.0,1.1102230246251565e-16,0.0,5.551115123125783e-17,0.0,0.0,5.551115123125783e-17,0.0,1.1102230246251565e-16,0.0,0.0,0.0,0.0,0.0,0.0,5.551115123125783e-17,0.0,0.0,0.0,0.0,0.0,1.1102230246251565e-16,0.0,0.0,0.0,0.0,0.0,0.0,0.0,0.0,0.0,0.0,0.0,1.1102230246251565e-16,0.0,5.551115123125783e-17,5.551115123125783e-17,0.0,5.551115123125783e-17,0.0,0.0,0.0,0.0,0.0,0.0,0.0,0.0,0.0,0.0,1.1102230246251565e-16,0.0,0.0,0.0,0.0,0.0,0.0,0.0,0.0,0.0,0.0,0.0,1.1102230246251565e-16,0.0,0.0,0.0,0.0,0.0,0.0,0.0,0.0,0.0,0.0,0.0,0.0,0.0,5.551115123125783e-17,0.0,0.0,0.0,0.0,0.0,0.0,1.1102230246251565e-16,0.0,0.0,0.0,0.0,0.0,5.551115123125783e-17,5.551115123125783e-17,0.0,0.0,0.0,0.0,0.0,0.0,0.0,0.0,5.551115123125783e-17,0.0,0.0,0.0,1.1102230246251565e-16,0.0,0.0,0.0,1.1102230246251565e-16,0.0,0.0,0.0,0.0,5.551115123125783e-17,0.0,0.0,0.0,0.0,0.0,0.0,1.1102230246251565e-16,0.0,0.0,0.0,0.0,1.1102230246251565e-16,0.0,0.0,0.0,0.0,0.0,0.0,0.0,0.0,0.0,2.220446049250313e-16,0.0,0.0,1.1102230246251565e-16,0.0,0.0,0.0,0.0,0.0,0.0,0.0,0.0,0.0,0.0,0.0,0.0,5.551115123125783e-17,0.0,5.551115123125783e-17,1.1102230246251565e-16,0.0,0.0,0.0,0.0,0.0,0.0,0.0,1.1102230246251565e-16,0.0,0.0,0.0,0.0
0.2,mean_auroc,0.9982644444444444,0.9997509464036661,0.9987056949422541,0.9969040454697425,0.9990812504417065,0.9981064381104245,0.9988629029779649,0.9986940495615529,0.9987550187440385,0.9990948210494389,0.9985821906212968,0.9971864951768488,0.9999000799360513,0.9990865463270981,0.9990329995800455,1.0,0.9991327930371164,0.9999281656830892,0.9999004182433778,0.9993600326862784,0.9997375708106349,0.999900438072481,0.9990084973516442,0.9996636908401615,0.9993619142572283,0.9987750598444046,0.9964180589432757,1.0,0.9999000799360511,0.9997892623415636,0.9998209820747297,0.9990020060180542,1.0,0.9995523239235815,0.9994335990233252,0.9999043824701195,0.9994820952944659,0.9997215805972612,0.9995788291450232,0.999571653461127,0.9983405915322474,1.0,0.9994177593062006,0.9999004380724811,0.999566903151295,0.99792,0.9996654528610214,0.9997225962497507,0.9990440510134164,1.0,0.9999077395450453,0.998551526804037,0.9995862044678179,0.9977713419102419,0.9995454781569788,0.9986635135343327,0.999900616179686,0.9990357845265766,0.999900714853058,1.0,0.9996293128029654,0.9997638695565718,0.9999006951340617,0.9992351689279064,0.9979670507463526,0.9993034825870646,1.0,0.9998961092930237,0.9997158335147163,0.999900299102692,0.9982874318467776,1.0,0.9998483469821049,0.9993469375211284,0.9996178132269857,0.9998905472636815,0.9999253731343283,0.9985929057434461,0.9997259318317719,1.0,0.9998011928429423,0.9995601631983422,1.0,1.0,0.999592543821777,1.0,0.9993172547552989,0.9999006359300477,0.9994928153217075,0.9998844621513945,0.9992888002658691,0.9963477176840115,1.0,0.9998013113451222,0.9986846970373908,0.998363721365124,1.0,1.0,0.9997587400440058,0.9998151728844404,0.9983316616516216,0.99986167762523,1.0,0.9999159227100404,1.0,0.9978524897003158,0.9999266969652543,0.9998280636345538,0.9992079507126006,0.9995163123654744,0.9998207171314741,1.0,0.999597609561753,1.0,1.0,0.9996888070105556,0.9995286262505267,0.9990258829116657,0.9994896434973113,0.9996819777154505,0.9997379803079285,1.0,0.9998135812288725,0.9993509087277811,0.9996766169154228,0.9996915422885571,1.0,0.9996155516686819,0.9982846748940872,1.0,0.9999004380724811,0.9997011952191235,0.9996245038086042,0.9998438254252207,0.9996523495126847,0.9989474169458188,0.9984822607745656,0.9998713089054236,1.0,0.9996533864541833,0.9997842395273187,1.0,1.0,0.99972295811473,0.9974379809583176,0.9997661169100103,1.0,1.0,0.9996753415406991,1.0,0.9987598021845969,0.999766272778825,0.9962987949349248,1.0,0.9997481776010604,0.9982724367279951,1.0,1.0,0.9989677856691677,0.9998457711442786,0.9992411525783418,0.9997878898065902,0.9997272868941873,1.0,1.0,0.9998407960199005,0.9991445282352176,0.9999006951340615,0.9999060628163473,0.9999005568814638,0.999569939466074,1.0,0.9996504893149589,0.9996543702226653,1.0,1.0,0.9998420609293837,1.0,0.9997859850801027,0.9999235661000367,1.0,1.0,0.9956531206271033,1.0,0.9993204591000182,0.9998457711442786,1.0,1.0,1.0,1.0,0.9997402732325593,0.9998642607641214,1.0,1.0,0.9999077150239941,1.0,0.9998014691284496,0.9996540415529269,1.0,0.9998508056494927,0.999428805927109,0.9999298820542344,1.0,0.9998651219581451,0.999950308089843,1.0,0.999931209490033,1.0,0.9999448415850323,0.9991391391391391,0.9997966872468963,1.0,0.9996155926991087,1.0,0.9996045197740113,0.9998770355599867,0.999931209490033,0.9998793196467615,0.9995746095048188,0.9998586298615619,0.9991958693076012,0.9998528214984503,1.0,1.0,0.9999006556725611,0.9999485312093879,0.9989842559674963,1.0,1.0,0.9996030170702659,0.9993984135045588,1.0,1.0,1.0,1.0,0.9997420954518308,1.0,0.9999006754072308,0.9999203187250996,0.998841930687407,1.0,1.0,1.0,0.9976317531231902,0.9988520662806948,1.0,1.0,1.0,0.9994162703949429,1.0,1.0,1.0,1.0,1.0,0.9999005964214711,0.9990555651498143,0.9991691591890993,1.0,0.999915422885572,1.0,0.9985909257319949,1.0,1.0,0.999008614258679,1.0,1.0,1.0,0.9998122519043022,1.0,1.0,1.0,1.0,0.9998155940893372,0.9993037596976329,0.9997647186578105,1.0,0.9999005964214711,1.0,1.0,0.999479386026487,1.0,1.0,1.0,1.0,0.9998114505002107,0.9999007739630879,0.9996888070105556,0.9986986311006064,0.9982401073105298,0.9982452888476985,1.0,0.9994142318724568,0.999900616179686,0.99938206976945,0.9998029075084356,0.9996926566585286,1.0,1.0,1.0,1.0,1.0,1.0
0.2,stde_auroc,0.0006066666666666443,0.00018774809569788165,0.0003160009003861375,0.00011033099297896864,0.00030624985276450634,0.0003630513397305801,0.0003226896954424685,0.0003903177714909001,0.0005517845655597098,0.0002037837427965039,0.0001904520060944659,0.00012523882753151527,9.992006394893282e-05,0.0003044845576339328,0.00012709148376549573,1.1102230246251565e-16,0.0005255799775051306,7.183431691099029e-05,9.958175662216906e-05,0.00016885131078647753,0.00018098564783813886,9.95619275189763e-05,0.0003478956660896704,0.00013758101993399663,0.0001794616151545303,0.00047688509874321827,0.0010763016487244093,5.551115123125783e-17,9.992006394887731e-05,0.00021073765843637737,0.00017901792527030835,0.0003493814777666415,0.0,0.00024807527801534723,0.00019075680561586594,9.561752988046512e-05,0.0003184631419123618,0.00014780289281191017,0.00012869109457636085,0.00022830653087146935,0.0001628160934661893,0.0,0.00011902157829041249,3.030145620142033e-05,0.00023373480723748452,0.00016888888888899611,0.00017370716831588418,0.00011532515459800052,9.393718365280357e-05,0.0,9.22604549546957e-05,0.00032853637852570117,5.5759681641676107e-05,0.0002787813907845771,9.956192751886528e-05,0.00017717111648618555,9.938382031410287e-05,0.000606625628975066,9.928514694201862e-05,5.551115123125783e-17,0.000188195038494543,0.0002361304434281286,9.930486593834331e-05,0.00012394495634715508,3.1654919174450846e-05,0.00016915422885577236,0.0,0.00010389070697625069,0.0001330140994945661,9.970089730804155e-05,0.0002970781490283514,0.0,0.00015165301789510366,0.00014597867174775958,0.0002691924227318232,0.00010945273631846053,7.462686567172305e-05,0.00044818557801340475,0.00011745778638339033,0.0,0.00019880715705766772,0.0001268241084535493,0.0,5.551115123125783e-17,0.00015920473188857365,0.0,0.00036094175356815583,9.93640699523124e-05,0.00033899908549095414,0.00011553784860557359,0.0003123961448986967,0.0006887541203245418,0.0,0.00019868865487782106,0.0002099092575760242,0.00040814206312100865,0.0,0.0,8.041998533148131e-05,0.00018482711555956044,0.00012036108324964268,0.00013832237476996134,0.0,8.40772899596276e-05,0.0,0.0005921011355794481,7.330303474567534e-05,0.000171936365446268,8.52976155661378e-05,0.0002902125807153211,0.00017928286852586517,0.0,0.0002191235059760821,0.0,0.0,0.00015352187479256152,0.00018300392626602324,0.0002833304550556859,0.00021990971254065572,0.00018008490811838307,0.00012178380054028715,5.551115123125783e-17,0.0001864187711274612,0.00010774389538859008,3.482587064679299e-05,0.0003084577114427778,0.0,0.0003844483313181213,0.0003766150040786509,0.0,9.956192751892079e-05,0.00029880478087651596,0.00016092693916958112,0.00015617457477928864,0.00014812933807351047,0.00010500220248516046,0.0004287008290520533,0.00012869109457619432,0.0,0.00019521912350595194,0.00014107415521474875,0.0,5.551115123125783e-17,8.657558914682006e-05,0.0002838442529886631,0.00013927869403884685,5.551115123125783e-17,5.551115123125783e-17,0.00010821948643352508,5.551115123125783e-17,6.547628217967727e-05,4.214753168724217e-05,0.0004810523338573125,0.0,0.00025182239893967173,0.0003298075337463402,0.0,0.0,0.00027731131276093057,0.00015422885572136114,0.0001761221809579716,0.00015150728100715716,0.00027271310581267194,0.0,0.0,0.0001592039800994982,0.0002371144565428973,9.930486593845433e-05,9.393718365269255e-05,9.944311853621324e-05,0.0001743488651050895,1.1102230246251565e-16,4.4674298087965525e-05,0.00019940179461619412,0.0,0.0,0.00015793907061634194,5.551115123125783e-17,7.643389996331296e-05,7.643389996325745e-05,0.0,0.0,0.0005379563422810985,0.0,0.0003078885042813728,0.00015422885572136114,0.0,0.0,0.0,5.551115123125783e-17,0.0002597267674406267,0.00013573923587861803,0.0,0.0,9.228497600594077e-05,0.0,0.000198530871550473,0.00021326205641492013,0.0,0.000149194350507309,0.00022182294092853994,7.011794576561314e-05,5.551115123125783e-17,0.00013487804185480234,4.969191015702368e-05,0.0,6.879050996699831e-05,0.0,5.5158414967781955e-05,0.0003643643643642669,0.00020331275310370156,0.0,0.00025627153392759894,0.0,0.00021601861083420104,0.00012296444001325124,6.879050996699831e-05,0.00012068035323853366,0.000159521435692922,0.00014137013843801283,0.00024184381726277682,0.00014717850154971623,0.0,0.0,9.934432743891053e-05,5.1468790612074766e-05,0.0003204430578732653,0.0,5.551115123125783e-17,0.0003969829297340022,7.557619289461082e-05,0.0,5.551115123125783e-17,5.551115123125783e-17,5.551115123125783e-17,0.0002579045481692632,0.0,9.932459276917882e-05,7.968127490043386e-05,0.0003206646950212888,0.0,0.0,0.0,0.00022899455140712455,0.00028836982320717963,0.0,0.0,5.551115123125783e-17,0.00014237307440423397,0.0,0.0,0.0,0.0,0.0,9.940357852888937e-05,0.0002050772817546176,0.0002658690594882218,0.0,8.457711442783067e-05,0.0,0.00017879492222416804,0.0,0.0,0.00014723550613682246,0.0,5.551115123125783e-17,0.0,0.00018774809569782613,0.0,0.0,0.0,0.0,0.00018440591066287704,9.946290033813199e-05,0.00011764067109476528,0.0,9.940357852883386e-05,0.0,0.0,0.0001228414993681981,0.0,0.0,0.0,0.0,0.00018854949978930335,9.922603691209231e-05,0.00022820819225916056,0.0004642721478916867,0.0004507042253520943,0.0003490886623416789,0.0,0.00030226469214861273,9.938382031404736e-05,8.364994387360936e-05,0.0001970924915644101,0.00030734334147142217,5.551115123125783e-17,0.0,1.6653345369377348e-16,0.0,0.0,0.0
0.2,mean_auprc,0.7047379324135611,0.9315844520681777,0.6125678726482524,0.6057089697246452,0.80534661536268,0.5661706978838968,0.7475387612422016,0.7252305831847244,0.7694194298187131,0.6800939761507983,0.651712452469592,0.6620273970293916,0.9604739135371356,0.823853226478936,0.620998254154242,1.0,0.7930096832244895,0.9696093559290153,0.9426428694535313,0.8726448004610904,0.9135745973886583,0.9403237374305149,0.8092914304248775,0.7627598363175286,0.8141297093040174,0.6957090120852665,0.6943034468035856,1.0,0.9611119822939276,0.9354539273858671,0.9464078953213858,0.8415358014588088,0.9999999999999999,0.8567899286044625,0.8274437373238919,0.95361164042356,0.8442761162669175,0.9229229006465581,0.767946570240096,0.8990610790896716,0.7892451979928938,1.0,0.8493026867164343,0.9708213237323964,0.8548518165973467,0.6535344807783371,0.897892431934298,0.9057683214095028,0.6144580469966345,0.9999999999999999,0.96149867165061,0.8041779465756445,0.8892994923657216,0.7295238723154291,0.8280521873288835,0.7601376250067537,0.919203514739229,0.8170885675419036,0.8934523809523809,1.0,0.8911260206408114,0.8981970469223759,0.8994606782106782,0.7887629400916819,0.6996331591612805,0.7309963894296578,1.0,0.9630251442384783,0.9321854269956055,0.9503169415016488,0.7939459178732367,1.0,0.9385475282394692,0.8375613401898834,0.8967280783215543,0.9429686183914125,0.9712704656454658,0.7646952651473773,0.8976561126954022,1.0,0.8714644723468252,0.897752256920139,1.0,1.0,0.9100677619015494,1.0,0.8606460556956882,0.913401448978372,0.8798165648777054,0.9432466720585917,0.8161899267509688,0.6635329092055491,1.0,0.8672619047619047,0.7773638793241961,0.7789535958910093,1.0,1.0,0.9305744404875695,0.9051131026466586,0.7643954746391903,0.9670772771382088,1.0,0.9454527310296541,1.0,0.7720291851877632,0.9697963248120083,0.9162282839826466,0.8367505828542284,0.8813721050623122,0.9307703012984883,0.9999999999999999,0.8586312903699558,1.0,1.0,0.8790723543205159,0.890978207617701,0.7831360539000992,0.8491483032316325,0.8955944673330228,0.9158081585340885,0.9999999999999999,0.9037450396825397,0.8360418757909729,0.8463270348932115,0.8926008726115571,1.0,0.8815691531634351,0.7392960449437525,0.9999999999999999,0.9408413357742001,0.880055420070126,0.8956508018920859,0.9233152759938474,0.8825556823199658,0.7620171522366221,0.7791924216442211,0.9498411779644707,1.0,0.8957491330603029,0.9457235756903865,1.0,0.9999999999999999,0.8772316096617819,0.6870465360142194,0.9541801053982397,1.0,1.0,0.9036855131122967,1.0,0.7986897948003654,0.8992079178288886,0.6920291219576047,1.0000000000000002,0.8889136926598227,0.7531765521754485,1.0,1.0,0.8241822572966131,0.9182289983837971,0.8645693699976444,0.9072963434092118,0.8980188338571247,0.9999999999999999,1.0,0.9359355279653269,0.8446905696610938,0.8990061327561327,0.9440355494083565,0.9268030052415865,0.9234257751319807,1.0,0.8879826160654329,0.8864914261959694,1.0,0.9999999999999999,0.9295447260503716,1.0,0.889316772970619,0.9550681156450387,1.0,1.0,0.7506527071141949,1.0,0.8744082081892015,0.9409355279653269,1.0,1.0,1.0,1.0,0.9037231448017102,0.9497380411337077,1.0,1.0,0.9350632502418216,1.0,0.8227678571428572,0.8511626699099056,1.0,0.9292294539682311,0.8608326897597162,0.9797029947623405,1.0,0.9377710583067725,0.9785581482010053,0.9999999999999999,0.9629717504717505,1.0,0.9661375661375663,0.8627215896367952,0.939233575058867,1.0,0.8940500453758254,0.9999999999999999,0.899352818778415,0.9724312688297578,0.9697483072483073,0.9475499698713983,0.8943066960730899,0.9491901427741415,0.8008463720985778,0.9432165432471811,1.0,1.0,0.9096240564990565,0.9893356335002248,0.7813830806572888,0.9999999999999999,1.0,0.7350133992991136,0.8383642959377839,1.0,0.9999999999999999,0.9999999999999998,1.0,0.8857987095893443,1.0,0.9043995146267874,0.9719116056756992,0.8114221811389768,1.0,1.0,1.0,0.7298881608019578,0.7091294472282791,0.9999999999999999,1.0,1.0,0.8466101380991273,1.0,1.0,1.0,1.0,1.0,0.9215596440596441,0.7571213867911091,0.7636441996169079,0.9999999999999999,0.960949365714265,1.0,0.7359687179489478,1.0,1.0,0.7921326358500528,1.0,1.0,1.0,0.9440191652634002,1.0,1.0,1.0000000000000002,1.0,0.9397694621348764,0.6800417152745584,0.9081687966827515,0.9999999999999999,0.9206423668923669,1.0,1.0,0.7550158846040743,1.0,1.0,1.0,1.0,0.9574440376507927,0.8692460317460318,0.8875910654990528,0.8049825366691857,0.7852573344332272,0.7492185387243178,0.9999999999999999,0.888536633068965,0.9183377138734281,0.8400831656444332,0.9308666842908011,0.8750523083843809,1.0,1.0,0.9999999999999999,1.0,1.0,1.0
0.2,stde_auprc,0.0811820548319192,0.055364408250247577,0.04943015649762189,0.008705809916563945,0.04689569382652192,0.04266180121235197,0.03579230626182106,0.05704500394581269,0.09008384309854928,0.04771848966860959,0.02112441624733641,0.012728910714451036,0.039526086462864374,0.06376536695644314,0.022161579681209964,0.0,0.09770204703089141,0.03039064407098463,0.05735713054646874,0.03711278361421211,0.06448316695113643,0.05967626256948505,0.06095616393872222,0.0658745634707173,0.05125099925755855,0.06297190933346625,0.07165753645560252,5.551115123125783e-17,0.038888017706072475,0.06454607261413287,0.053592104678614194,0.06091546290259725,1.1102230246251565e-16,0.05250838005854774,0.04974446069256194,0.04638835957644005,0.05762462371756372,0.04575738662959761,0.05704348452595581,0.027036511325649715,0.022575817998905456,0.0,0.0421748091537818,0.011994798679581253,0.04233314967113905,0.018219847810248435,0.05492864371957551,0.04751311255345225,0.022149080286110845,1.1102230246251565e-16,0.03850132834939002,0.04766074980665591,0.014326004648302249,0.019012911026246193,0.0568786587808327,0.0246781462612759,0.08079648526077088,0.09592127334453526,0.10654761904761906,1.1102230246251565e-16,0.049181134248436564,0.10180295307762416,0.10053932178932179,0.013552927238193235,0.008735986527531547,0.015746893096957038,1.1102230246251565e-16,0.03697485576152171,0.028917959095978607,0.04968305849835125,0.03958807158182265,5.551115123125783e-17,0.061452471760531036,0.03210698769397663,0.07745166834321271,0.05703138160858762,0.028729534354534403,0.042758778409267784,0.05359349983245576,0.0,0.12853552765317472,0.03995220879108552,0.0,0.0,0.03595376992311072,0.0,0.07022216992891961,0.08659855102162795,0.07649893164212163,0.05675332794140853,0.059911856759623516,0.03881652660870322,0.0,0.13273809523809532,0.024988573366947764,0.047885383039637075,0.0,0.0,0.022350917702455286,0.09488689735334183,0.00878875964605702,0.032922722861791154,1.1102230246251565e-16,0.0545472689703459,0.0,0.042058462010189035,0.03020367518799172,0.0837717160173535,0.02278847875346146,0.08047374755032771,0.06922969870151197,1.1102230246251565e-16,0.09312048581435511,5.551115123125783e-17,5.551115123125783e-17,0.0663629572361189,0.06052464465129748,0.04445480957270054,0.030608007833401063,0.0635405903868298,0.043566655033490775,0.0,0.09625496031746034,0.038852187259305004,0.03318632756132761,0.10739912738844287,0.0,0.11843084683656491,0.04137526333495983,1.1102230246251565e-16,0.05915866422579963,0.11994457992987412,0.058950532029404146,0.07668472400615256,0.027742112214005077,0.026998329024503165,0.050970903635746745,0.050158822035529405,1.1102230246251565e-16,0.06033138394840093,0.03690097997983488,0.0,1.1102230246251565e-16,0.025765216839217397,0.020289808485216887,0.030224534860682106,0.0,0.0,0.04474038418394988,5.551115123125783e-17,0.013345712110853558,0.008951014876377505,0.030840574924328512,0.0,0.11108630734017733,0.04450353570500459,0.0,0.0,0.050403813776392525,0.08177100161620288,0.05936053428199134,0.07941863243619873,0.10198116614287528,1.1102230246251565e-16,0.0,0.06406447203467336,0.04551081279101732,0.10099386724386722,0.05596445059164368,0.07319699475841346,0.035267993720792146,0.0,0.02983575846559322,0.07368957068057413,0.0,1.1102230246251565e-16,0.07045527394962836,0.0,0.0375424788886326,0.04493188435496126,0.0,0.0,0.016616719454520368,5.551115123125783e-17,0.0450403674252694,0.059064472034673354,0.0,0.0,0.0,1.1102230246251565e-16,0.0962768551982896,0.05026195886629198,0.0,0.0,0.0649367497581782,0.0,0.17723214285714284,0.10313825894321249,1.1102230246251565e-16,0.07077054603176908,0.049997660113109244,0.020297005237659538,0.0,0.062228941693227346,0.02144185179899466,1.1102230246251565e-16,0.03702824952824951,0.0,0.03386243386243393,0.062204433645104695,0.06076642494113299,0.0,0.07231508131311348,1.1102230246251565e-16,0.06564984230509269,0.027568731170242,0.03025169275169276,0.052450030128601555,0.05284762551403416,0.05080985722585851,0.048310151613186414,0.05678345675281887,0.0,0.0,0.09037594350094352,0.010664366499775035,0.04566884332310456,0.0,0.0,0.2649866007008864,0.03408890778172041,0.0,1.1102230246251565e-16,5.551115123125783e-17,5.551115123125783e-17,0.11420129041065569,0.0,0.09560048537321264,0.02808839432430099,0.03879881678544578,0.0,0.0,0.0,0.02821670261606557,0.04844770268975729,1.1102230246251565e-16,0.0,0.0,0.038876370999947174,0.0,0.0,0.0,0.0,0.0,0.07844035594035598,0.022269106258245353,0.06947523280700701,1.1102230246251565e-16,0.039050634285734964,0.0,0.024663712913479574,0.0,0.0,0.030210505815093547,0.0,0.0,0.0,0.05598083473659976,0.0,0.0,2.220446049250313e-16,0.0,0.06023053786512339,0.028842388094839022,0.055225600720949064,1.1102230246251565e-16,0.07935763310763311,0.0,0.0,0.010158909793539173,0.0,0.0,0.0,0.0,0.04255596234920733,0.13075396825396823,0.09167021847909251,0.04914460722896752,0.03531839446185908,0.027086111710357352,0.0,0.06779381557642855,0.08166228612657184,0.018675749681092924,0.06913331570919884,0.12494769161561892,0.0,0.0,1.1102230246251565e-16,0.0,0.0,0.0
0.2,mean_auprc_w,0.9958456558992188,0.9995814683922466,0.9967100226111181,0.989836998863206,0.9971667057359175,0.9952092479739236,0.9972241061390414,0.9972440732421863,0.9975831579226231,0.9977341215988457,0.9958332933753195,0.9918051644437842,0.9995804521605629,0.9979584158938328,0.9974521866742758,1.0,0.997577858639984,0.9998799329180714,0.999631658957566,0.9985221761639697,0.9995443239997338,0.9996323055243235,0.99765859923473,0.9990114671046391,0.9985479032581916,0.9967513416760654,0.991603937313833,1.0,0.9995860817443811,0.9995970776608134,0.9995700794158541,0.9974261011847306,0.9999999999999999,0.9985794532287697,0.9983491670362096,0.9997237409464633,0.9986922590346857,0.9994889054087435,0.998782550020618,0.9988648771336395,0.9965730676288305,1.0,0.9988445010650349,0.9998574220238055,0.998892565241106,0.9947244071713631,0.9992285515896431,0.9992591311077499,0.997272270182568,1.0,0.999763556435054,0.9968266544577217,0.9991038959732638,0.9951270499524951,0.9989382317183002,0.9964383687531421,0.999683784079199,0.9976463111703829,0.9997207766808978,1.0,0.9990654027734469,0.9995637378856914,0.999710547316196,0.9980217342958413,0.994537525543334,0.9983357211757127,1.0,0.9998119110421715,0.9994977713032887,0.9996080753465855,0.9961434201879951,1.0,0.9996974640299152,0.9983984033717115,0.999227723165323,0.9997260241343977,0.9998744048795516,0.9968839518238557,0.9992801218915961,1.0,0.9993451610839506,0.9991154229864424,1.0,1.0,0.9992402884149802,1.0,0.9983299833237111,0.9996844114277936,0.9988434816159659,0.9996225318272693,0.9985598241915656,0.9886549195209529,1.0,0.9994318532626363,0.9968009926827304,0.996808522352421,1.0,1.0,0.9995216166876046,0.9994578271842984,0.9962018690853689,0.9997749357126009,1.0,0.9998331373973917,1.0,0.9952297214870779,0.9998742623460348,0.9995126959195375,0.9983490681976065,0.9990075076909146,0.9995729757013418,0.9999999999999999,0.9990385467142677,1.0,0.9999999999999998,0.9991366397858452,0.9990298336158789,0.9978070377522781,0.9990841492336002,0.9993384649009708,0.9994772158617417,0.9999999999999999,0.9995596917439017,0.9982343510518499,0.9992139073587618,0.9994335229564865,1.0,0.998750186194107,0.9949063672265275,1.0,0.9996356186891999,0.9989039786838901,0.9993482278147416,0.9997282529902269,0.9990829743408083,0.9974118530808398,0.9965718701797126,0.9998009422812209,1.0,0.9993758836809208,0.9997055217294142,1.0,0.9999999999999999,0.9992972515070297,0.9946356787738534,0.9996193065571275,1.0,1.0,0.9994752933624369,1.0,0.9972616836225399,0.9993792247188822,0.9920860552358208,1.0,0.99955689702246,0.9965500815013651,1.0,1.0,0.9976053324397762,0.9995662184847566,0.9984303990570705,0.9994397223232784,0.9993370118388734,0.9999999999999999,1.0,0.9996939008255039,0.9983497277678081,0.9997094443912875,0.9997557375512894,0.9996592455819585,0.9992503880746131,1.0,0.9989075170269539,0.9991227190965393,1.0,0.9999999999999999,0.9997056475044738,1.0,0.9996517149001194,0.9998662302559528,1.0,1.0,0.9912996018501559,1.0,0.9983288876419983,0.999718751720136,1.0,1.0,1.0,1.0000000000000004,0.9994115963045165,0.9997484759604064,1.0,1.0,0.999776390278236,1.0,0.9994649244864363,0.9991118758645428,1.0,0.9996529314733242,0.9987582896524234,0.9998833416263806,1.0,0.999787805937854,0.9999345531122195,0.9999999999999999,0.9998916919253571,1.0,0.9999305189897252,0.9983204998421578,0.9996543186393559,1.0,0.9992779605046713,1.0,0.9992762271838866,0.999820168998506,0.9999115575126062,0.9998242125939685,0.9992319916648378,0.9997756349578844,0.9982535749719603,0.999697602544269,1.0,1.0,0.9996934626377807,0.9999310846918484,0.9980080160958678,1.0,1.0,0.9989834366852186,0.9985636978158305,1.0,0.9999999999999999,0.9999999999999998,1.0,0.999276700872413,1.0,0.9997003894979011,0.999847418575579,0.9975541564348923,1.0,1.0,1.0,0.9948313572434817,0.9964712890826689,0.9999999999999999,1.0,1.0,0.998934434365753,1.0,1.0,1.0,1.0,1.0,0.9996737718275102,0.9973328180495628,0.9979021280964727,0.9999999999999999,0.9998245302081998,1.0,0.9962065115506414,1.0,1.0,0.9969210609873017,1.0,1.0,1.0,0.999664586450626,1.0,1.0,1.0000000000000002,1.0,0.9995176610577714,0.9977683042611618,0.9995117262187758,0.9999999999999999,0.999670623599068,1.0,1.0,0.9987656984700799,1.0,1.0,1.0,1.0,0.9996436497455662,0.9997603783403947,0.9992870882957812,0.9970514723924616,0.9956218520966367,0.9950449233291087,0.9999999999999998,0.9986222009701898,0.9996809458955667,0.9984013152302709,0.9992735487146762,0.999162365424011,1.0,1.0,0.9999999999999999,1.0,1.0,1.0
0.2,stde_auprc_w,0.0016247483615035585,0.0003479028898896175,0.0004920065978641364,0.000485777400437315,0.0008362396852318876,0.0006850237890698718,0.0004500627097812626,0.0008073315681729198,0.00119988685465372,0.0005957680163520829,0.00026260744520689716,0.0007157333964259993,0.000419547839437151,0.0008913592395886627,0.00012275170178677186,0.0,0.0013772188003727814,0.00012006708192879856,0.000368341042433995,0.0005068407927748542,0.0003540335811292872,0.00036769447567636115,0.0009328225183267147,0.00036397375176711044,0.0004989406536973218,0.0008537247697733563,0.0028833799434003216,5.551115123125783e-17,0.00041391825561909457,0.0004029223391865955,0.0004299205841459264,0.001253458204173552,1.1102230246251565e-16,0.0005950887033384089,0.00060948209581424,0.000276259053536676,0.0005103644049621048,0.0003197048845008932,0.00041564242084507486,0.0002629488011555714,0.000563608678006311,0.0,0.0003809933500735774,5.975001353075715e-05,0.0003223646050111717,0.0004982783771065868,0.00045768814835328575,0.00042036136074835584,0.0002448860950539644,0.0,0.00023644356494584295,0.0009740130262894109,0.0001527681627654376,0.0005170265664947715,0.0004488776313824605,0.0005245024115944075,0.00031621592080083305,0.0014247008406576,0.00027922331910223974,1.1102230246251565e-16,0.0004736190024244302,0.0004362621143086387,0.00028945268380392575,0.00025226097353858723,0.000469238712948572,4.021036535023503e-05,0.0,0.00018808895782851387,0.00023004237601392807,0.00039192465341447713,0.0009709768268324481,5.551115123125783e-17,0.0003025359700850605,0.00040843348530500423,0.000610071909867782,0.00027397586560251597,0.00012559512044862942,0.0007272998394228236,0.0004263875918049109,0.0,0.000654838916049505,0.00037041744760679673,0.0,0.0,0.0003308312955281334,0.0,0.0009732848749227085,0.00031558857220637115,0.0008017703263289988,0.0003774681727309326,0.0005608299303062614,0.002142452046000276,0.0,0.0005681467373636617,0.0004382957958711242,0.0008683525512901968,0.0,0.0,0.00016531207495756872,0.0005421728157020134,0.00017848065919445766,0.00022506428739904605,1.1102230246251565e-16,0.00016686260260834196,0.0,0.0010583561960328947,0.00012573765396517445,0.00048730408046249174,0.00028428992222329086,0.0007239996737348209,0.00042702429865831837,1.1102230246251565e-16,0.0007010369053891963,0.0,5.551115123125783e-17,0.000578539293046354,0.0005853901136217421,0.0006055782302450963,0.00022968035741238735,0.0004351654137483285,0.00028927692084257384,0.0,0.0004403082560983096,0.0006488031982479492,0.0002228151935918521,0.0005664770435135358,0.0,0.001249813805892952,0.0012119125448754597,0.0,0.00036438131079985503,0.0010960213161100851,0.00038913744081175983,0.0002717470097730601,0.00024775376473940014,0.0003892125473589636,0.0010124381026468954,0.0001990577187792053,0.0,0.0003891904051602224,0.00020729656856749434,0.0,1.1102230246251565e-16,0.00017128567356694546,0.0006215068763956166,0.00025815497811004784,1.1102230246251565e-16,0.0,0.00025655464138679696,0.0,0.0002486991222007129,5.3458679858675584e-05,0.001149856764216084,0.0,0.0004431029775400219,0.0008120030990478311,0.0,0.0,0.0008841840738472162,0.00043378151524342545,0.0007724570998147717,0.0004966326515009056,0.000662988161126532,1.1102230246251565e-16,0.0,0.0003060991744963659,0.0005620737834777234,0.0002905556087125505,0.00024426244871078584,0.000340754418041489,0.0003692978512092049,0.0,0.0003913544688042836,0.0006235316864409146,0.0,1.1102230246251565e-16,0.0002943524955262289,0.0,0.00013444716040877935,0.00013376974404721853,0.0,0.0,0.0008514948563896341,0.0,0.000658527646268503,0.0002812482798642546,0.0,0.0,0.0,1.1102230246251565e-16,0.0005884036954834637,0.0002515240395933871,0.0,0.0,0.00022360972176382887,0.0,0.0005350755135636875,0.0006819369537046094,0.0,0.0003470685266762086,0.0005098521120551758,0.00011665837361934939,0.0,0.00021219406214595393,6.54468877804848e-05,1.1102230246251565e-16,0.00010830807464290437,0.0,6.948101027476339e-05,0.0008459316870327305,0.0003456813606439457,0.0,0.0005231422287527154,0.0,0.0004957394839340545,0.00017983100149399078,8.844248739381388e-05,0.00017578740603146903,0.000416901752112786,0.00022436504211581498,0.0005451159131754646,0.00030239745573096277,0.0,0.0,0.00030653736221936123,6.891530815156255e-05,0.0005143155494052309,5.551115123125783e-17,0.0,0.0010165633147813935,0.0004516968663844656,0.0,1.1102230246251565e-16,5.551115123125783e-17,5.551115123125783e-17,0.0007232991275868406,0.0,0.0002996105020989792,0.00015258142442120537,0.0006306686173319642,0.0,0.0,0.0,0.0007670336663546662,0.0010571928591015523,1.1102230246251565e-16,0.0,0.0,0.000298111847400917,0.0,0.0,0.0,0.0,0.0,0.0003262281724898952,0.00011049193012935277,0.0008490296860450552,1.1102230246251565e-16,0.00017546979180010913,0.0,0.0005793255268693454,0.0,0.0,0.0006743496409400418,0.0,0.0,0.0,0.00033541354937399737,0.0,0.0,2.220446049250313e-16,0.0,0.00048233894222865503,0.0004623602769506241,0.0003167469848259774,1.1102230246251565e-16,0.00032937640093194664,0.0,0.0,0.00012960862221084168,0.0,1.1102230246251565e-16,0.0,0.0,0.00035635025443381263,0.000239621659605338,0.0006084979542092528,0.0009013793958653205,0.0009104560337458434,0.000634949313913058,5.551115123125783e-17,0.0009259303243849271,0.00031905410443333615,0.00034345903984539516,0.0007264512853237259,0.0008376345759887327,0.0,0.0,1.1102230246251565e-16,0.0,0.0,0.0
0.2,mean_auprc_p,1.0,0.9999999999999999,0.9999999999999998,1.0,1.0,1.0,1.0,1.0,1.0,1.0000000000000002,0.9999999999999999,0.9999999999999999,1.0,1.0,1.0,1.0,0.9999999999999998,1.0,1.0,1.0000000000000002,0.9999999999999998,1.0,1.0,0.9999999999999998,1.0,1.0,0.9999999999999999,1.0,1.0,0.9999999999999998,1.0,1.0,0.9999999999999999,1.0,1.0,1.0,1.0,1.0,1.0,1.0,1.0,1.0,0.9999999999999998,0.9999999999999998,1.0,1.0,1.0,1.0,1.0,0.9999999999999998,0.9999999999999997,1.0,1.0,0.9999999999999998,0.9999999999999998,1.0,0.9999999999999999,1.0,1.0,1.0,1.0,1.0,1.0,0.9999999999999999,1.0,1.0,1.0,0.9999999999999998,0.9999999999999998,1.0,0.9999999999999999,1.0,1.0,1.0,0.9999999999999999,1.0000000000000002,1.0000000000000002,1.0,1.0,1.0,1.0,0.9999999999999998,1.0,1.0,1.0,1.0,1.0,0.9999999999999998,0.9999999999999998,1.0,1.0,0.9999999999999999,1.0,1.0,1.0,0.9999999999999999,1.0,1.0,0.9999999999999999,1.0000000000000002,1.0,0.9999999999999999,1.0,0.9999999999999998,1.0,1.0,0.9999999999999998,0.9999999999999998,1.0,0.9999999999999998,1.0,1.0,1.0,1.0,0.9999999999999998,0.9999999999999999,1.0,0.9999999999999998,0.9999999999999998,1.0,0.9999999999999999,0.9999999999999999,1.0,0.9999999999999999,1.0,1.0000000000000002,1.0,1.0,1.0,1.0,1.0,1.0000000000000002,1.0,0.9999999999999998,1.0,1.0,1.0,1.0,1.0,1.0,0.9999999999999998,1.0,0.9999999999999998,0.9999999999999999,0.9999999999999999,0.9999999999999999,1.0,1.0,0.9999999999999998,1.0,1.0,1.0,1.0,1.0,1.0,1.0,1.0,1.0,1.0000000000000002,1.0000000000000002,1.0,1.0,0.9999999999999998,0.9999999999999998,1.0,1.0000000000000002,1.0,1.0,1.0,1.0,1.0,1.0,0.9999999999999998,1.0,1.0,0.9999999999999999,1.0,1.0,0.9999999999999998,0.9999999999999998,1.0,1.0,1.0,1.0,1.0,1.0000000000000002,1.0,1.0,1.0,1.0,0.9999999999999998,0.9999999999999998,1.0,1.0,0.9999999999999998,1.0,1.0,1.0000000000000002,1.0,1.0,1.0,1.0,1.0,0.9999999999999998,0.9999999999999998,0.9999999999999998,0.9999999999999998,1.0,1.0000000000000002,1.0,0.9999999999999998,1.0,1.0,0.9999999999999998,1.0,0.9999999999999999,0.9999999999999998,0.9999999999999998,1.0,0.9999999999999999,0.9999999999999998,0.9999999999999998,1.0,1.0,1.0,1.0,0.9999999999999998,1.0,1.0,0.9999999999999998,1.0,1.0,0.9999999999999998,0.9999999999999998,0.9999999999999999,0.9999999999999999,1.0,1.0,1.0,1.0,1.0,1.0,1.0,0.9999999999999999,1.0,0.9999999999999998,1.0,1.0,1.0,1.0,1.0,1.0,1.0,1.0,1.0,0.9999999999999998,1.0,0.9999999999999998,1.0000000000000002,1.0,1.0000000000000002,1.0,1.0,1.0,1.0,1.0,1.0,1.0,1.0,1.0,1.0000000000000002,1.0,1.0,1.0000000000000002,0.9999999999999998,0.9999999999999998,1.0,1.0,1.0,1.0,1.0,1.0000000000000002,1.0,1.0,1.0,1.0,0.9999999999999998,1.0000000000000002,0.9999999999999999,0.9999999999999999,1.0,1.0,0.9999999999999999,0.9999999999999998,0.9999999999999999,0.9999999999999998,1.0,1.0,0.9999999999999998,1.0,1.0,1.0
0.2,stde_auprc_p,0.0,1.1102230246251565e-16,0.0,5.551115123125783e-17,1.1102230246251565e-16,5.551115123125783e-17,0.0,0.0,0.0,0.0,1.1102230246251565e-16,0.0,0.0,0.0,0.0,0.0,5.551115123125783e-17,0.0,0.0,0.0,0.0,0.0,0.0,0.0,5.551115123125783e-17,0.0,0.0,5.551115123125783e-17,0.0,5.551115123125783e-17,0.0,0.0,0.0,0.0,0.0,1.1102230246251565e-16,5.551115123125783e-17,5.551115123125783e-17,0.0,0.0,0.0,0.0,0.0,0.0,0.0,1.1102230246251565e-16,5.551115123125783e-17,0.0,0.0,0.0,1.1102230246251565e-16,0.0,0.0,0.0,0.0,1.1102230246251565e-16,0.0,1.1102230246251565e-16,1.1102230246251565e-16,0.0,0.0,0.0,5.551115123125783e-17,1.1102230246251565e-16,1.1102230246251565e-16,1.1102230246251565e-16,0.0,0.0,5.551115123125783e-17,5.551115123125783e-17,0.0,5.551115123125783e-17,1.1102230246251565e-16,0.0,0.0,0.0,0.0,1.1102230246251565e-16,5.551115123125783e-17,0.0,0.0,0.0,0.0,0.0,0.0,0.0,0.0,0.0,5.551115123125783e-17,1.1102230246251565e-16,5.551115123125783e-17,1.1102230246251565e-16,0.0,0.0,1.1102230246251565e-16,0.0,0.0,0.0,0.0,0.0,0.0,1.1102230246251565e-16,0.0,0.0,0.0,0.0,0.0,0.0,1.1102230246251565e-16,0.0,0.0,0.0,0.0,5.551115123125783e-17,5.551115123125783e-17,0.0,0.0,0.0,5.551115123125783e-17,0.0,1.1102230246251565e-16,0.0,0.0,1.1102230246251565e-16,0.0,0.0,0.0,0.0,0.0,0.0,0.0,0.0,5.551115123125783e-17,5.551115123125783e-17,0.0,0.0,1.1102230246251565e-16,0.0,1.1102230246251565e-16,1.1102230246251565e-16,5.551115123125783e-17,0.0,0.0,0.0,0.0,1.1102230246251565e-16,0.0,0.0,0.0,0.0,1.1102230246251565e-16,0.0,5.551115123125783e-17,0.0,0.0,0.0,0.0,0.0,0.0,0.0,5.551115123125783e-17,0.0,5.551115123125783e-17,0.0,0.0,0.0,0.0,0.0,1.1102230246251565e-16,0.0,0.0,0.0,5.551115123125783e-17,5.551115123125783e-17,0.0,0.0,0.0,0.0,0.0,0.0,0.0,0.0,5.551115123125783e-17,0.0,0.0,0.0,1.1102230246251565e-16,0.0,0.0,0.0,0.0,0.0,0.0,0.0,0.0,0.0,0.0,0.0,1.1102230246251565e-16,0.0,0.0,0.0,0.0,0.0,0.0,0.0,0.0,0.0,0.0,0.0,0.0,0.0,0.0,0.0,5.551115123125783e-17,0.0,0.0,0.0,5.551115123125783e-17,1.1102230246251565e-16,0.0,0.0,0.0,0.0,0.0,5.551115123125783e-17,5.551115123125783e-17,0.0,0.0,0.0,5.551115123125783e-17,0.0,0.0,5.551115123125783e-17,0.0,0.0,0.0,0.0,0.0,0.0,0.0,0.0,0.0,1.1102230246251565e-16,0.0,0.0,0.0,0.0,0.0,0.0,0.0,0.0,0.0,0.0,0.0,0.0,0.0,0.0,0.0,0.0,0.0,0.0,0.0,0.0,0.0,0.0,0.0,0.0,0.0,0.0,2.220446049250313e-16,0.0,0.0,0.0,0.0,0.0,0.0,0.0,0.0,0.0,0.0,0.0,0.0,0.0,0.0,0.0,5.551115123125783e-17,2.220446049250313e-16,0.0,1.1102230246251565e-16,5.551115123125783e-17,1.1102230246251565e-16,0.0,0.0,1.1102230246251565e-16,0.0,0.0,0.0,0.0,0.0,0.0,0.0
0.3,mean_auroc,0.9985711111111112,0.9998658942173586,0.9989784080480667,0.9972433968572383,0.9993973159948801,0.9986367778125802,0.9992291301719989,0.9986001385187881,0.9983640558106519,0.9992654306945707,0.999029601683233,0.997377265949019,1.0,0.9988615913181,0.9992761311142055,1.0,0.999290467030368,1.0,1.0,0.9996393669535054,0.9996244547807359,0.9999004380724811,0.9989758821329483,0.9995413966002201,0.9996809571286142,0.9987501246758428,0.9968570616391879,1.0,0.9998001598721024,0.9998084203105124,0.9998708723161985,0.9992360414577064,1.0,0.9996150556030796,0.9993044713395236,0.9999282868525896,0.9996525856633685,0.9998143870648408,0.9996548738827273,0.9996716734651279,0.9989458069099808,1.0,0.9995303472856647,0.9998571502779077,0.9997628279161854,0.9982844444444444,0.999636501666302,0.9998192200279274,0.9993037596976327,1.0,0.9998486928538741,0.9985321059343705,0.9996742460704098,0.9975658401993208,0.9997575883503887,0.9984901939638571,1.0,0.9994274305466868,0.999900714853058,1.0,0.999757627601939,0.9996644462119706,0.9999006951340615,0.9993863213136955,0.9977894314776516,0.9995174129353234,1.0,0.9999220819697678,0.9998760550436528,0.9999036224659356,0.9983209259518151,1.0,1.0,0.9993930360490488,0.99963110667996,0.9999253731343283,1.0,0.9990139917283705,0.9998362709644352,1.0,0.9999005964214711,0.9997922243329592,1.0,1.0,0.9997166695449442,1.0,0.999321603451125,0.9999006359300477,0.9995164664206952,0.9999601593625498,0.9996444001329345,0.9962345889879196,1.0,1.0,0.9990871835954953,0.9986197377501724,1.0,1.0,0.9996783200586745,0.9999004777070064,0.9984185891006353,0.9998520272269902,1.0,1.0,1.0,0.9981112888721585,0.9999109891720945,1.0,0.9996198163420483,0.9996916491329899,0.9999322709163346,1.0,0.999573705179283,1.0,0.9999004380724811,0.9996514638518224,0.999633992147468,0.9991311199378292,0.9997468963685853,0.9998084203105124,0.9998597641084688,1.0,0.9999067906144363,0.9995164664206952,0.9998109452736318,0.9997512437810945,1.0,0.9997446793524833,0.9982139567928847,1.0,1.0,0.9999003984063743,0.9998275782794611,0.9999148138683023,0.9997551331350214,0.9994519397236137,0.998881574853239,0.9999356544527118,1.0,0.9998844621513945,0.9998589258447852,1.0,1.0,0.9999047668519385,0.9979685656403748,0.9998764887052862,1.0,1.0,0.9996883278790711,1.0,0.9988869032029457,0.9998773889987279,0.9967427540767736,1.0,0.9998608349900597,0.9984078933936409,1.0,0.9999006556725611,0.9990332619513473,0.9999154228855721,0.9994411925863433,1.0,0.9998701366162797,1.0,1.0,0.9999303482587065,0.9993909412978994,1.0,0.9999060628163472,1.0,0.999658276224394,1.0,0.9997477216107975,0.9996510468594217,1.0,0.9999432092455348,0.9999356544527118,1.0,0.9999159227100404,1.0,1.0,1.0,0.9965224965016828,1.0,0.9992421206048461,0.9999402985074627,1.0,1.0,1.0,1.0,0.9999610409848839,0.9999502289468445,1.0,1.0,0.9999290115569186,1.0,0.9999007345642248,0.9997203897482559,1.0,0.9999889485666291,0.9994842616623411,1.0,1.0,1.0,1.0,1.0,0.9997095511801394,1.0,0.999900714853058,0.999055055055055,0.9998672243245037,1.0,0.999829152310715,1.0,0.9997042206713194,0.9999235626453972,0.9999159227100404,1.0,0.9997042206713194,0.9999895281378934,0.9995828194152216,0.9998138624833341,1.0,1.0,1.0,1.0,0.9995193354131902,1.0,1.0,0.9995037713378325,0.9997369948487267,1.0,1.0,1.0,1.0,0.9999049825348849,1.0,1.0,0.9998167330677291,0.9989072890965836,1.0,1.0,1.0,0.998355671382477,0.9990489341407689,1.0,1.0,1.0,0.9996796605825906,1.0,1.0,1.0,1.0,1.0,1.0,0.9992633408168552,0.9991458956463941,1.0,0.9999601990049751,1.0,0.9987910057640077,1.0,1.0,0.999065545321052,1.0,1.0,1.0,0.9998543994359894,1.0,1.0,1.0,1.0,0.9997974558030425,0.999403222597971,0.9999321303820607,1.0,0.9999801192842943,1.0,1.0,0.9995671299546072,1.0,0.9998010741993236,1.0,1.0,0.9996367649342295,0.9999007739630879,0.9998049857266149,0.9989923184062803,0.9984359490274982,0.9985279579857893,1.0,0.9996289440330864,0.9999290115569186,0.9994441326310336,0.999800279608548,0.9997575883503886,1.0,1.0,1.0,1.0,1.0,1.0
0.3,stde_auroc,0.00021111111111105085,0.0001341057826413361,0.00019912385503784158,0.0002089602139751512,0.00011189898466396064,0.0002028816310258308,0.0001818330823524783,0.000407926092009403,0.0003438255584393146,6.160903851987198e-05,0.00017231371979969934,0.00032183466144730666,0.0,0.00035220228681548393,7.183431691076825e-05,0.0,0.00012613919460124912,5.551115123125783e-17,0.0,0.00025223467413781897,0.0002488552657774479,9.956192751892079e-05,9.7845656087725e-05,0.00010700745994862704,0.00014622798271846094,0.00033350787951325067,0.0005249692812734352,0.0,0.0001998401278976436,0.00014560056401063948,0.00012912768380146655,0.00011534603811441668,0.0,4.847447961225937e-05,0.00020249568596147904,7.171314741033497e-05,6.433598826516285e-06,0.0001856129351592295,5.264635687207697e-05,0.00015437870182738456,0.00031740915190903163,0.0,5.790238943853554e-05,0.00014284972209233082,9.280646757958699e-05,0.0005377777777778592,0.0003634983336979758,9.35068821064644e-05,0.00012156576708000078,5.551115123125783e-17,0.00015130714612576757,7.282826124954678e-05,4.4020801296063006e-05,0.000528888124231297,8.657558914693109e-05,8.858555824298175e-05,0.0,0.00025754982844194974,9.928514694201862e-05,0.0,0.0002423723980610193,0.00016156293497715524,9.930486593845433e-05,8.162228832614415e-05,0.0003394110778147663,0.00011442786069648658,0.0,6.926047131750046e-05,1.5115238578888857e-05,9.637753406444016e-05,7.135700638416509e-05,0.0,5.551115123125783e-17,0.0001767110236946534,0.00012296444001325124,7.462686567166754e-05,0.0,0.00019386631979184665,0.0001637290355648302,5.551115123125783e-17,9.940357852888937e-05,8.364994387355384e-05,0.0,1.6653345369377348e-16,6.206286158361163e-05,0.0,0.00024787566208894773,9.93640699523124e-05,0.0001576739932515614,3.984063745016142e-05,0.00012296444001336226,0.00020296619004733785,0.0,5.551115123125783e-17,0.00010399174228531427,0.00026714753222473187,0.0,0.0,0.0001608399706627961,9.95222929936479e-05,0.00013039117352053875,0.00014797277300981904,5.551115123125783e-17,5.551115123125783e-17,0.0,0.0002078235773887993,8.901082790546688e-05,0.0,0.00038018365795167153,0.00013906019492609945,6.772908366536878e-05,0.0,0.00013944223107570375,0.0,9.956192751892079e-05,0.0001493726349333091,0.00010536589694104537,0.0004155513340816652,0.000128626435636936,0.00010728462611298006,8.118920036026545e-05,0.0,9.32093855637306e-05,0.00021548779077718017,0.00018905472636820964,0.00024875621890552146,0.0,0.0002553206475165992,0.00044404389127167265,0.0,1.1102230246251565e-16,9.960159362548682e-05,4.9810719266796255e-05,8.518613169777867e-05,6.953009746313299e-05,0.00018439411168130748,5.3587603631499725e-05,6.434554728812492e-05,1.1102230246251565e-16,0.00011553784860557359,4.979087831108453e-05,0.0,0.0,9.523314806153538e-05,0.0001280081925243426,0.00012351129471377398,5.551115123125783e-17,5.551115123125783e-17,0.00014717850154966072,0.0,0.00035819377898288485,0.00012261100127208824,0.0006862240521531282,0.0,0.000139165009940323,0.0005241584018468859,0.0,9.934432743891053e-05,0.00017717111648613004,8.457711442788618e-05,0.00011524043939226125,0.0,3.463023565869472e-05,0.0,0.0,6.965174129347496e-05,0.00021386794119565566,0.0,9.393718365274806e-05,0.0,8.136280371573434e-05,0.0,0.00011037179527612073,8.97308075772929e-05,0.0,5.679075446518578e-05,6.434554728818043e-05,5.551115123125783e-17,8.40772899596276e-05,0.0,0.0,0.0,0.0006276157326612353,0.0,0.0004008016032063799,5.970149253731183e-05,0.0,0.0,5.551115123125783e-17,0.0,3.895901511608013e-05,4.977105315545627e-05,0.0,0.0,7.098844308145447e-05,0.0,9.926543577526425e-05,0.00027961025174405574,0.0,1.1051433370934394e-05,0.0003160976908231916,0.0,0.0,0.0,0.0,5.551115123125783e-17,0.0001375810199338856,0.0,9.928514694201862e-05,0.00017217217217219138,0.00013277567549624392,0.0,9.966115208293047e-05,5.551115123125783e-17,0.0002957793286806343,7.643735460283185e-05,8.40772899596276e-05,0.0,0.0002957793286806343,1.04718621065647e-05,0.00041718058477835385,0.00018613751666579637,0.0,0.0,0.0,0.0,0.0002569590558417767,0.0,0.0,9.924573243358381e-05,0.00026300515127331003,0.0,0.0,0.0,0.0,9.501746511503262e-05,0.0,0.0,0.00014342629482066993,0.00016952337380110594,0.0,0.0,0.0,6.05727523076971e-05,0.00037987178634019125,0.0,0.0,0.0,0.00015661038184466847,0.0,0.0,0.0,0.0,0.0,0.0,0.00019158535532337595,0.00036889332003986475,1.1102230246251565e-16,3.980099502487455e-05,0.0,5.959830740809302e-05,0.0,0.0,0.00035729149489188705,0.0,0.0,0.0,0.00014560056401058397,0.0,0.0,0.0,0.0,0.00012999105177885495,0.0,6.786961793930901e-05,0.0,1.988071570585559e-05,0.0,0.0,3.509757124803281e-05,0.0,0.000198925800676375,5.551115123125783e-17,5.551115123125783e-17,0.0001802311395044942,9.922603691209231e-05,6.223859788884178e-05,0.00013189549656011934,0.00014486921529177632,0.00010966944701884529,5.551115123125783e-17,0.00037105596691355824,7.098844308145447e-05,0.0001079354114498221,0.00019972039145199627,0.00024241164961130712,0.0,5.551115123125783e-17,0.0,0.0,0.0,0.0
0.3,mean_auprc,0.7600555534073801,0.9602953895532614,0.6666221981167602,0.6276468545541549,0.8562006444526084,0.6393593985406696,0.8147754884846778,0.7271531619710152,0.6925921036122408,0.6984209018740201,0.7218008907827316,0.6902118111267117,1.0,0.8228496943198838,0.6801889046407992,1.0,0.8018220966424795,1.0,0.9999999999999998,0.9378993466102079,0.8787131269801303,0.940521365889013,0.8231044151978464,0.7126600963139424,0.8892192786645943,0.6933920044821863,0.7148367988119297,1.0,0.9343896891471725,0.9220324082635243,0.9676281563858237,0.8718332487014611,1.0,0.9170718228546824,0.8195138610758996,0.9776038149157346,0.8800323668269951,0.9255308270141142,0.7922958723928493,0.9241322976333533,0.8487951471976964,1.0,0.8849592478353953,0.9294125935736662,0.9138176735857684,0.7018089873694162,0.8825717152690491,0.9521615740376113,0.6826650118382687,0.9999999999999999,0.9558740837737458,0.8072040505780369,0.9231812544663529,0.7540545751065371,0.8979201570941857,0.7619057551287467,0.9999999999999999,0.9046255168244169,0.894157848324515,1.0,0.929223904608308,0.8421793462815135,0.89989898989899,0.8053994119370522,0.6952947763607081,0.7604295878410412,1.0,0.9805852601967634,0.9722926064494646,0.9584107604507308,0.8071292759017317,1.0,1.0000000000000002,0.854526230969558,0.8999962206867631,0.9701160323809319,1.0,0.7972347031506506,0.9489020547307929,1.0,0.9211041273541274,0.9563708001884242,1.0,1.0,0.9417225987517661,1.0,0.8600117184446198,0.9137510993280225,0.8988224753325837,0.9910444021063216,0.9137935116906037,0.652280554725973,1.0,1.0,0.8565566481953725,0.8085633054555567,1.0,1.0,0.9143878500973266,0.9359330178519696,0.7934189498280999,0.9631922997662643,1.0,0.9999999999999999,1.0,0.8048069247926499,0.9535682546365697,0.9999999999999999,0.9159909125751932,0.9381030098606842,0.9794909707550643,0.9999999999999998,0.8348950432155103,1.0,0.942114467657946,0.8449905282446883,0.8998050482597332,0.8202824179138323,0.9276175195250005,0.9370253909121988,0.9490007978121564,0.9999999999999999,0.9420029980232186,0.8566320317691929,0.9074615019913008,0.9060590890494393,1.0,0.9258957385912339,0.7470072141402035,0.9999999999999999,0.9999999999999999,0.9445629289011643,0.9539517850727558,0.9469680121465835,0.9322905709857512,0.8682808076664413,0.8303479451142257,0.9734632077841421,1.0,0.9490670857833532,0.9525870468827123,1.0,0.9999999999999999,0.9506443759834188,0.7139551922563683,0.9813118080697741,1.0,1.0,0.9008668757674709,1.0,0.8429248423081511,0.9673768444231778,0.7129208596935047,1.0,0.9216621069562245,0.7920263013053969,1.0,0.9091610935360935,0.8505955125579472,0.9609493657142651,0.9071709328547736,1.0,0.9548423843248179,0.9999999999999999,1.0,0.9736874609523605,0.8878461017220343,1.0,0.9452324519210483,1.0,0.9345901882374548,1.0,0.9427455575712529,0.9092371336977653,1.0,0.9746302308802308,0.9734632077841421,1.0,0.9461219336219336,0.9999999999999999,1.0,1.0,0.7986895433963563,1.0,0.8730211170493318,0.9795902387301384,1.0,1.0,1.0,1.0,0.9912925982252417,0.985657253798269,1.0,1.0,0.9630394407180121,1.0,0.8865575396825397,0.8725426432994987,1.0,0.9969948018193634,0.8803292241153939,0.9999999999999999,1.0,0.9999999999999999,0.9999999999999999,0.9999999999999999,0.8583958776266468,1.0,0.89484126984127,0.8493946123432943,0.953727295522961,1.0,0.9541846534097291,0.9999999999999999,0.9159722865732571,0.9788499270189295,0.9454527310296541,0.9999999999999999,0.9154981310991016,0.9972991689750692,0.8970731148349129,0.9420997742109484,1.0,1.0,1.0,0.9999999999999999,0.8787326322280058,0.9999999999999999,1.0,0.5779195011337869,0.9247408446984238,1.0,0.9999999999999999,0.9999999999999999,1.0,0.949507893167683,1.0,1.0,0.9357594825633727,0.818024300796929,1.0,1.0,1.0,0.8014354284303524,0.7524856316115759,0.9999999999999999,1.0,1.0,0.8950182974929517,1.0,1.0,1.0,1.0,1.0,1.0,0.8333932635756356,0.7544060815934193,0.9999999999999999,0.9883693762592758,1.0,0.774978072602063,1.0,1.0,0.8004547013202843,1.0,1.0,1.0,0.9428952611915946,1.0,1.0,1.0,1.0,0.9470458342123769,0.7033285478138419,0.9768992189038704,0.9999999999999999,0.9933134920634921,1.0,1.0,0.7667245921332153,1.0,0.8844039448206114,1.0,1.0,0.8964142697091961,0.8692460317460318,0.9150020299048179,0.8595434717332288,0.8202705039802451,0.7776333622110702,0.9999999999999998,0.9185944955326022,0.9635758091115233,0.8532705995651001,0.9282728269097918,0.9161929515649953,1.0,1.0,0.9999999999999999,1.0,1.0,1.0
0.3,stde_auprc,0.03174911091804172,0.039704610446738564,0.03195925494207874,0.015034128342135522,0.023304924129632698,0.02719193115544316,0.011477685067363685,0.040183543782995546,0.05442287607145968,0.014333056945838973,0.022008442488259283,0.017065086346321923,1.1102230246251565e-16,0.02821975021045059,0.01362680693807028,0.0,0.026550084930754947,0.0,5.551115123125783e-17,0.046674086752942545,0.08013581587811575,0.05947863411098703,0.021110816182648928,0.0492984579523042,0.052760324696024985,0.04378079604217355,0.04024140325879538,5.551115123125783e-17,0.06561031085282776,0.06884909348754248,0.03237184361417633,0.034955748882473214,5.551115123125783e-17,0.031316463367456415,0.04473314900327724,0.022396185084265663,0.0027321322232333745,0.07446917298588573,0.032133958283566744,0.03646236881770215,0.04135471458561096,0.0,0.018309575055804106,0.07058740642633377,0.04663094973198145,0.06588271566395526,0.11742828473095074,0.03303192578894182,0.02787447590710146,1.1102230246251565e-16,0.04412591622625395,0.012255470056115991,0.025560909823867106,0.017690954442202367,0.04450825231665728,0.010313684873222873,1.1102230246251565e-16,0.05375726912846146,0.105842151675485,1.1102230246251565e-16,0.0707760953916921,0.06007096672247597,0.10010101010101008,0.012850416022655353,0.02771697991069011,0.04465575380389797,1.1102230246251565e-16,0.017603145600337933,0.005492701742701722,0.04158923954926924,0.022158375521192986,0.0,2.220446049250313e-16,0.04142807345648808,0.04748384749352247,0.029883967619068086,1.1102230246251565e-16,0.02839084565654698,0.05109794526920708,0.0,0.07889587264587267,0.01906373307331599,0.0,0.0,0.018608229934664378,0.0,0.04924983070471034,0.0862489006719776,0.04595097579853713,0.008955597893678335,0.02988495214765402,0.012855147298875824,0.0,0.0,0.0013607418371036628,0.0012054440487160312,0.0,0.0,0.03861358581755242,0.06406698214803036,0.019406701181320096,0.03680770023373553,0.0,1.1102230246251565e-16,0.0,0.006936086095433447,0.04643174536343031,1.1102230246251565e-16,0.08400908742480684,0.03135841880525736,0.02050902924493575,0.0,0.05166716740307398,0.0,0.0578855323420539,0.040201727756391026,0.015531810308617944,0.07642381094507,0.03542456698394725,0.04333123370229769,0.038847030687845896,1.1102230246251565e-16,0.05799700197678137,0.048422542162340154,0.09253849800869934,0.09394091095056062,0.0,0.07410426140876619,0.04166783174303795,1.1102230246251565e-16,1.1102230246251565e-16,0.05543707109883589,0.012580718506081223,0.053031987853416396,0.012107106071457763,0.052379217899613195,0.01788385987142549,0.026536792215857974,1.1102230246251565e-16,0.05093291421664686,0.02433810402560399,0.0,1.1102230246251565e-16,0.049355624016581,0.0043356669204163145,0.01868819193022586,0.0,0.0,0.05115225063484513,5.551115123125783e-17,0.05303321766699998,0.03262315557682205,0.02258796245944661,1.1102230246251565e-16,0.07833789304377542,0.06469920448724908,0.0,0.09083890646390647,0.02081241770018255,0.03905063428573485,0.03939245519938761,5.551115123125783e-17,0.019495661343487347,1.1102230246251565e-16,0.0,0.02631253904763975,0.04278298617986559,5.551115123125783e-17,0.05476754807895168,0.0,0.021021350727702892,0.0,0.035869334275322684,0.03733464218058258,0.0,0.02536976911976918,0.02653679221585792,0.0,0.05387806637806636,1.1102230246251565e-16,0.0,0.0,0.022029192386746832,0.0,0.05334790285477631,0.020409761269861826,0.0,0.0,0.0,1.1102230246251565e-16,0.008707401774758261,0.014342746201731038,0.0,0.0,0.03696055928198794,0.0,0.1134424603174603,0.1274573567005013,0.0,0.0030051981806368255,0.08225796901882326,1.1102230246251565e-16,0.0,1.1102230246251565e-16,1.1102230246251565e-16,1.1102230246251565e-16,0.07084432661355733,0.0,0.10515873015873023,0.03972021643478618,0.046272704477038795,0.0,0.03103269871729314,1.1102230246251565e-16,0.08402771342674281,0.021150072981070356,0.0545472689703459,1.1102230246251565e-16,0.08450186890089828,0.0027008310249307943,0.10292688516508702,0.05790022578905163,0.0,0.0,0.0,1.1102230246251565e-16,0.07358410304441132,0.0,0.0,0.04747732426303852,0.07525915530157617,0.0,1.1102230246251565e-16,1.1102230246251565e-16,5.551115123125783e-17,0.05049210683231681,0.0,0.0,0.05587807697853464,0.014453708774491425,0.0,0.0,0.0,0.022432828303705188,0.060975728900339754,1.1102230246251565e-16,0.0,0.0,0.05103804998942457,0.0,0.0,0.0,0.0,0.0,0.0,0.04283110595416528,0.08223467886780833,1.1102230246251565e-16,0.01163062374072421,0.0,0.022160612514627365,0.0,0.0,0.051213025668655765,0.0,0.0,0.0,0.057104738808405275,0.0,0.0,1.1102230246251565e-16,0.0,0.04002975746547138,0.002777777777777879,0.023100781096129563,1.1102230246251565e-16,0.006686507936507935,0.0,0.0,0.006562678023932733,0.0,0.11559605517938859,0.0,0.0,0.045143799121335926,0.13075396825396823,0.0439428343819076,0.03706257347544717,0.024695433590696092,0.01648071800243056,5.551115123125783e-17,0.08140550446739803,0.03642419088847659,0.03644216246015464,0.07172717309020804,0.08380704843500475,0.0,1.1102230246251565e-16,1.1102230246251565e-16,0.0,0.0,0.0
0.3,mean_auprc_w,0.9970652346801829,0.9997707320251569,0.9975261033345,0.990596529680482,0.9980694295045139,0.9965876125008342,0.9979232907285641,0.997148005388836,0.9966016485552436,0.9977747513085284,0.9965560765899311,0.9935506050859478,1.0,0.9979921388419621,0.9980659837895743,1.0,0.9977562604281984,1.0,0.9999999999999998,0.9993235520286256,0.9993344124573348,0.9996334106991591,0.9979665616913873,0.998775838984699,0.9991770874846422,0.9969500595561018,0.9924388292908903,1.0,0.9991815439894283,0.9994800919354958,0.9997606858729465,0.9981185858281689,1.0,0.9993264814352562,0.9983713034762176,0.9998800375775769,0.9991146871905481,0.9994328739665854,0.9989181567824503,0.999167571416073,0.997741852449857,1.0,0.9991696243470933,0.9995738049353526,0.9993831725163826,0.9956922709221283,0.9989508594783421,0.9996456800840449,0.9980533470008586,1.0,0.9997280691575328,0.9969046051555908,0.9994109674728968,0.9956989321268933,0.9994140600183261,0.9966183384802818,0.9999999999999999,0.9989545474820832,0.9997227056395155,1.0,0.9993991593225444,0.9993321064213347,0.999711807340026,0.9982775477471459,0.9946616458850421,0.9984014895385076,1.0,0.9999035326647074,0.999808247299891,0.9997052428587525,0.9965821837437776,1.0,1.0000000000000002,0.998604428643667,0.9992880016716774,0.9998692657717524,1.0,0.997253831743637,0.9996695888228746,1.0,0.9996722733202289,0.999650584492957,1.0,1.0,0.9995297346235116,1.0,0.9984120154596168,0.9996855148711175,0.9990997141593294,0.9999532473075458,0.9994135077680506,0.9876719264086474,1.0,1.0,0.998205026576345,0.9973351050790351,1.0,1.0,0.9993745886815006,0.9996378684046258,0.9967843811788417,0.9997434294096095,1.0,1.0,1.0,0.9961852072711834,0.9997964144872815,0.9999999999999999,0.9991550812938077,0.9995413474726261,0.9998906662111708,1.0,0.9988836181450055,1.0,0.9996414521258852,0.9988953367245874,0.9991669289764633,0.9982676453678382,0.999606875908597,0.9996291689328665,0.9996782605525141,0.9999999999999999,0.9997742594137633,0.9985599063768086,0.9994856066776436,0.9994989000141045,1.0,0.99938629242346,0.9954982372452982,0.9999999999999999,0.9999999999999999,0.9996298598735813,0.999741734778783,0.9998260131444527,0.9995020473255571,0.9987306787144048,0.9975495318151965,0.9999016282176493,1.0,0.9996981053414863,0.999749647899931,1.0,0.9999999999999999,0.9997286516985138,0.9954075013391488,0.999845294505574,1.0,1.0,0.9994522268405606,1.0,0.9979712952308317,0.9998127436373112,0.9926543187513485,1.0,0.9997100996355734,0.9970821604774153,1.0,0.9996920836318771,0.9981013366713969,0.9998245302082001,0.9990050969704002,0.9999999999999999,0.9997741118708858,0.9999999999999999,1.0,0.9998858385261443,0.9988665652897107,1.0,0.9997606233040026,1.0,0.9993772133318232,1.0,0.9995141735774338,0.9993740782080578,1.0,0.9999220895363774,0.9999016282176494,1.0,0.9998351631878392,1.0,1.0,1.0,0.9934275601231761,1.0,0.9982685051353954,0.9999124767156333,1.0,1.0,1.0,1.0,0.99995707500926,0.9999332321352304,1.0,1.0,0.9998839390662365,1.0,0.9997322230810536,0.9991995147067405,1.0,0.9999886258555306,0.9989137493923828,0.9999999999999999,1.0,0.9999999999999999,0.9999999999999999,0.9999999999999999,0.9995252133624052,1.0,0.9997239271602412,0.9981309694838787,0.9997496785420181,1.0,0.9997192130680064,1.0,0.9993797703129228,0.9998646425554341,0.9998331373973917,0.9999999999999999,0.999376374732543,0.9999892394548895,0.9991254594416605,0.9996905574689252,1.0,1.0,1.0,1.0,0.9990024231908576,1.0,1.0,0.998722661761069,0.9993858602029377,1.0,0.9999999999999999,0.9999999999999999,1.0,0.9997337939591605,1.0,1.0,0.999626918726219,0.9977503940046155,1.0,1.0,1.0,0.9964941468619611,0.9973586776561898,0.9999999999999999,1.0,1.0,0.9993033252817438,1.0,1.0,1.0,1.0,1.0,1.0,0.9983945445436467,0.9977400749604584,0.9999999999999999,0.999950805484089,1.0,0.9969662758360178,1.0,1.0,0.9970150531780377,1.0,1.0,1.0,0.9996488342623832,1.0,1.0,1.0,1.0,0.9996070830468906,0.9979863134837992,0.9998907457927817,0.9999999999999999,0.9999786309929731,1.0,1.0,0.9987894964331013,1.0,0.999311225168386,1.0,1.0,0.9990946976354136,0.9997603783403947,0.9994878929386284,0.9980329691252764,0.9965475928095289,0.9959450505134904,1.0,0.9989575577881645,0.9998856675371715,0.9986526319171778,0.9991723284260108,0.9995103865531749,1.0,1.0,0.9999999999999999,1.0,1.0,1.0
0.3,stde_auprc_w,0.00047605120757276964,0.0002292679748431281,0.00024240428553912174,0.0009003403296778401,0.0003764119120931442,0.0002976363591010167,0.00014869986620980047,0.0006068292878715353,0.0008830724081898,0.00023831387541312088,0.00021874084446649178,0.0004961125724090021,1.1102230246251565e-16,0.0004264302817496568,7.468484797656938e-05,1.1102230246251565e-16,0.00033140294514105717,1.1102230246251565e-16,1.1102230246251565e-16,0.0005237312969902375,0.0004719510378938807,0.0003665893008408805,0.0003009150954542683,0.00034377411086145004,0.0004426537174102019,0.0005349423669085973,0.001610935754312981,5.551115123125783e-17,0.0008184560105718997,0.0004707216417471627,0.00023931412705346933,0.000628813538081141,5.551115123125783e-17,0.0002624755901564635,0.000492714587291998,0.00011996242242334754,2.4739786278760167e-05,0.0005671260334143557,0.00027748859639498136,0.0004467075413519539,0.0007205888047266962,0.0,0.0001416223350258483,0.0004261950646473611,0.00037303632142487997,0.0014164629771167836,0.0010491405216577765,0.00025481139363381367,0.0001775165977109805,0.0,0.00027193084246696086,0.0002519749808341243,0.00020381032417010614,0.0005144840372525161,0.00029753945426125306,0.00018062105148791696,1.1102230246251565e-16,0.0006231946084090945,0.0002772943604845146,1.1102230246251565e-16,0.000600840677455583,0.0003037384902002116,0.0002881926599740958,0.00011430659190314607,0.0006348478169801997,0.0005332348885868643,0.0,8.781149996101023e-05,3.899336294027611e-05,0.00029475714124754804,0.00048636884954483817,0.0,2.220446049250313e-16,0.0004716381581258422,0.0003572397026170848,0.00013073422824760872,1.1102230246251565e-16,0.00046349463176420524,0.00033041117712534485,0.0,0.0003277266797711009,0.00015993500275890415,0.0,0.0,0.0001554187803246565,0.0,0.0006514070126810156,0.00031448512888260227,0.0004367868339635872,4.675269245424385e-05,0.00021923888921066004,0.0008662429118448944,0.0,5.551115123125783e-17,1.9161678309731478e-05,1.3719945184731408e-05,0.0,0.0,0.0003129066522573054,0.00036213159537423767,0.0004051763934619923,0.00025657059039052577,1.1102230246251565e-16,0.0,0.0,0.0001663052444768609,0.0002035855127184294,1.1102230246251565e-16,0.0008449187061922436,0.00024273044240008534,0.0001093337888291579,0.0,0.0004596361840442098,0.0,0.0003585478741148229,0.00036742140387424627,0.0001246913309752018,0.0008614852439294829,0.0002045794955636282,0.000264026500096326,0.0002535423648861723,1.1102230246251565e-16,0.00022574058623664461,0.0005205166937854999,0.0005143933223565322,0.0005010999858955367,0.0,0.0006137075765400568,0.0008822338542519015,1.1102230246251565e-16,1.1102230246251565e-16,0.00037014012641894967,7.424127283284232e-05,0.000173986855547148,9.80713448092696e-05,0.0005871989144390355,0.0003360717172544714,9.837178235072574e-05,0.0,0.0003018946585137128,0.0001340169814176284,0.0,1.1102230246251565e-16,0.0002713483014860629,0.00014596011480000337,0.00015470549442586634,0.0,0.0,0.00030982941228613337,5.551115123125783e-17,0.0007943795151045818,0.00018725636268884793,0.0006143856352628374,0.0,0.0002899003644265541,0.0011593206315347881,0.0,0.00030791636812310674,0.00030987715516678227,0.0001754697917999981,0.00043879774757937806,0.0,0.00010147653887881969,1.1102230246251565e-16,0.0,0.00011416147385590047,0.00047294332369540726,0.0,0.0002393766959973842,0.0,0.00021361486836357635,0.0,0.00031337308625467575,0.0002725401198534483,0.0,7.791046362259912e-05,9.837178235067023e-05,0.0,0.00016483681216084012,0.0,0.0,0.0,0.0009152903868072104,0.0,0.0008290406651217386,8.752328436689716e-05,0.0,0.0,0.0,1.1102230246251565e-16,4.292499073998979e-05,6.676786476955687e-05,0.0,0.0,0.00011606093376348436,0.0,0.0002677769189464163,0.0008004852932594897,0.0,1.1374144469833425e-05,0.0008002762600153868,1.1102230246251565e-16,0.0,1.1102230246251565e-16,1.1102230246251565e-16,1.1102230246251565e-16,0.0002673402496472521,0.0,0.0002760728397588341,0.0005673469251100127,0.00025032145798181693,0.0,0.0001946882298239916,0.0,0.0006202296870772561,0.00013535744456599774,0.00016686260260834196,1.1102230246251565e-16,0.0006236252674569065,1.0760545110510833e-05,0.0008745405583392984,0.00030944253107478836,5.551115123125783e-17,0.0,1.1102230246251565e-16,5.551115123125783e-17,0.0006599990525583688,5.551115123125783e-17,0.0,0.00026290162310771414,0.0006141397970622076,0.0,1.1102230246251565e-16,1.1102230246251565e-16,0.0,0.0002662060408394895,0.0,0.0,0.0003296209310166276,0.00023677005398997641,0.0,0.0,0.0,0.0005137890559872016,0.000762984786289389,1.1102230246251565e-16,0.0,0.0,0.00036944732741411856,0.0,0.0,0.0,0.0,0.0,0.0,0.000543381418657729,0.0009951445494286726,1.1102230246251565e-16,4.919451591101076e-05,0.0,0.0004895666240723462,0.0,0.0,0.0009426797820282773,0.0,0.0,0.0,0.0003511657376168431,0.0,0.0,1.1102230246251565e-16,0.0,0.0003046521277836334,4.92892813118706e-05,0.00010925420721830115,1.1102230246251565e-16,2.136900702687239e-05,0.0,0.0,0.00014882824704598452,0.0,0.0006887748316142805,0.0,0.0,0.0004413163957130428,0.000239621659605338,0.0003018055896328864,0.0005821034099465772,0.000579118338207063,0.0004690676097616753,1.1102230246251565e-16,0.0010424422118356924,0.00011433246282843701,0.00041042543205754844,0.0008276715739890528,0.0004896134468249103,0.0,0.0,1.1102230246251565e-16,0.0,0.0,0.0
0.3,mean_auprc_p,1.0,1.0,0.9999999999999998,1.0,1.0,1.0,1.0,1.0,1.0,1.0,0.9999999999999999,0.9999999999999998,1.0,1.0,1.0,1.0,0.9999999999999999,1.0,0.9999999999999999,1.0000000000000002,0.9999999999999998,1.0,1.0,0.9999999999999999,1.0,1.0,1.0,1.0,1.0,1.0,1.0,1.0,0.9999999999999999,1.0,1.0,1.0000000000000002,0.9999999999999999,0.9999999999999998,1.0,1.0,1.0,1.0,0.9999999999999998,0.9999999999999998,1.0,1.0,0.9999999999999998,1.0,1.0,0.9999999999999998,0.9999999999999998,1.0,1.0,0.9999999999999998,0.9999999999999998,1.0000000000000002,0.9999999999999999,1.0,1.0,1.0,1.0,1.0,1.0,0.9999999999999999,1.0000000000000004,1.0,1.0,0.9999999999999998,0.9999999999999998,1.0,1.0,1.0,1.0,1.0,0.9999999999999999,1.0000000000000002,1.0000000000000002,1.0,1.0,1.0,1.0,0.9999999999999998,1.0,1.0,0.9999999999999999,1.0,1.0,0.9999999999999998,0.9999999999999998,1.0000000000000002,1.0,0.9999999999999999,1.0,1.0,1.0,1.0,1.0,1.0,0.9999999999999999,1.0000000000000002,1.0,1.0,1.0,0.9999999999999998,1.0,1.0,0.9999999999999998,0.9999999999999998,1.0,1.0,1.0,0.9999999999999999,1.0,1.0,0.9999999999999998,1.0,1.0,0.9999999999999998,0.9999999999999998,1.0,1.0,0.9999999999999999,1.0,1.0,1.0,1.0,1.0,1.0,1.0,1.0,1.0,1.0000000000000002,1.0,0.9999999999999998,1.0,1.0,1.0,1.0,1.0,1.0,0.9999999999999998,1.0,0.9999999999999998,0.9999999999999998,0.9999999999999998,1.0,1.0,1.0,0.9999999999999998,1.0,1.0000000000000002,1.0,1.0,1.0,1.0,1.0,1.0,1.0,1.0,1.0000000000000002,1.0,1.0,0.9999999999999998,0.9999999999999998,1.0,1.0000000000000002,1.0,1.0,1.0,1.0,1.0,1.0,0.9999999999999998,1.0,1.0,0.9999999999999999,1.0,1.0,0.9999999999999998,0.9999999999999998,1.0,1.0,1.0,1.0,1.0,1.0000000000000002,1.0,1.0,1.0,1.0,0.9999999999999998,0.9999999999999998,1.0,1.0,0.9999999999999998,1.0,1.0,1.0000000000000002,1.0,1.0,1.0,0.9999999999999999,1.0,0.9999999999999998,0.9999999999999998,0.9999999999999998,0.9999999999999998,1.0,1.0,1.0,0.9999999999999998,1.0,1.0,0.9999999999999998,1.0,1.0,0.9999999999999998,0.9999999999999998,1.0,0.9999999999999998,0.9999999999999998,0.9999999999999998,1.0,1.0,1.0,0.9999999999999999,0.9999999999999998,1.0,1.0,0.9999999999999998,0.9999999999999999,1.0,0.9999999999999998,0.9999999999999998,1.0,0.9999999999999998,1.0,1.0,1.0,1.0,1.0,1.0,1.0,0.9999999999999999,1.0,0.9999999999999998,1.0,1.0,1.0,1.0,1.0,1.0,1.0,1.0,1.0,0.9999999999999998,1.0,0.9999999999999998,1.0000000000000002,1.0,1.0000000000000002,1.0,1.0,1.0,1.0,1.0,1.0,1.0,1.0,1.0,1.0,1.0,1.0,1.0,0.9999999999999998,0.9999999999999998,1.0,1.0,1.0,1.0,1.0,1.0,1.0,1.0,1.0,1.0,0.9999999999999998,1.0,0.9999999999999999,0.9999999999999999,0.9999999999999999,1.0,0.9999999999999998,0.9999999999999998,1.0,0.9999999999999998,1.0,1.0,0.9999999999999998,1.0,1.0,1.0
0.3,stde_auprc_p,0.0,5.551115123125783e-17,5.551115123125783e-17,0.0,1.1102230246251565e-16,5.551115123125783e-17,0.0,0.0,0.0,1.1102230246251565e-16,1.1102230246251565e-16,5.551115123125783e-17,0.0,0.0,1.1102230246251565e-16,0.0,0.0,0.0,1.1102230246251565e-16,0.0,0.0,0.0,0.0,1.1102230246251565e-16,0.0,0.0,0.0,0.0,0.0,5.551115123125783e-17,0.0,0.0,0.0,0.0,0.0,0.0,0.0,5.551115123125783e-17,0.0,5.551115123125783e-17,0.0,0.0,0.0,0.0,0.0,1.1102230246251565e-16,5.551115123125783e-17,0.0,1.1102230246251565e-16,0.0,2.220446049250313e-16,5.551115123125783e-17,0.0,0.0,0.0,0.0,0.0,1.1102230246251565e-16,1.1102230246251565e-16,0.0,0.0,0.0,0.0,1.1102230246251565e-16,1.1102230246251565e-16,1.1102230246251565e-16,0.0,0.0,0.0,5.551115123125783e-17,5.551115123125783e-17,0.0,1.1102230246251565e-16,0.0,0.0,0.0,0.0,1.1102230246251565e-16,5.551115123125783e-17,0.0,0.0,0.0,0.0,0.0,1.1102230246251565e-16,0.0,1.1102230246251565e-16,0.0,0.0,0.0,0.0,0.0,0.0,0.0,0.0,5.551115123125783e-17,0.0,0.0,0.0,0.0,0.0,0.0,0.0,0.0,0.0,0.0,0.0,0.0,1.1102230246251565e-16,0.0,0.0,1.1102230246251565e-16,1.1102230246251565e-16,0.0,5.551115123125783e-17,5.551115123125783e-17,0.0,0.0,5.551115123125783e-17,0.0,0.0,0.0,0.0,0.0,0.0,1.1102230246251565e-16,0.0,0.0,0.0,0.0,5.551115123125783e-17,0.0,5.551115123125783e-17,0.0,0.0,0.0,0.0,0.0,1.1102230246251565e-16,0.0,0.0,0.0,0.0,5.551115123125783e-17,5.551115123125783e-17,0.0,0.0,0.0,0.0,0.0,0.0,5.551115123125783e-17,5.551115123125783e-17,0.0,0.0,0.0,0.0,0.0,1.1102230246251565e-16,0.0,0.0,5.551115123125783e-17,0.0,0.0,0.0,0.0,1.1102230246251565e-16,0.0,0.0,0.0,0.0,0.0,5.551115123125783e-17,5.551115123125783e-17,0.0,0.0,0.0,0.0,0.0,0.0,0.0,0.0,5.551115123125783e-17,0.0,0.0,0.0,1.1102230246251565e-16,0.0,0.0,0.0,0.0,0.0,0.0,0.0,0.0,0.0,0.0,0.0,0.0,0.0,0.0,1.1102230246251565e-16,0.0,0.0,0.0,5.551115123125783e-17,0.0,0.0,1.1102230246251565e-16,0.0,0.0,0.0,5.551115123125783e-17,0.0,0.0,5.551115123125783e-17,0.0,0.0,0.0,0.0,0.0,0.0,0.0,0.0,0.0,0.0,0.0,0.0,0.0,0.0,0.0,0.0,0.0,5.551115123125783e-17,5.551115123125783e-17,5.551115123125783e-17,0.0,0.0,0.0,1.1102230246251565e-16,0.0,0.0,0.0,1.1102230246251565e-16,0.0,0.0,0.0,0.0,5.551115123125783e-17,0.0,0.0,0.0,0.0,0.0,0.0,0.0,5.551115123125783e-17,0.0,0.0,0.0,0.0,0.0,0.0,0.0,0.0,0.0,0.0,0.0,0.0,0.0,0.0,0.0,0.0,1.1102230246251565e-16,0.0,0.0,0.0,0.0,0.0,0.0,0.0,1.1102230246251565e-16,0.0,0.0,0.0,0.0,0.0,0.0,1.1102230246251565e-16,1.1102230246251565e-16,0.0,1.1102230246251565e-16,5.551115123125783e-17,0.0,5.551115123125783e-17,0.0,0.0,1.1102230246251565e-16,0.0,0.0,0.0,0.0
0.4,mean_auroc,0.9982022222222222,0.9998543994359894,0.9989307914740361,0.9973470411233701,0.9991185501032611,0.9984125402203936,0.9991804706147496,0.9986030732388744,0.998849293493933,0.9991185168334851,0.9989751868243488,0.9969928118738058,0.9998050340215632,0.9991774372398248,0.9990329995800455,1.0,0.9992641880314928,0.9998121256326946,1.0,0.9993892168634513,0.9997647186578105,0.9999004380724812,0.9990345895266011,0.9995031796502385,0.999614489863742,0.9987906443247556,0.996902910484714,1.0,0.9999000799360511,0.9997624411850352,0.9998943500768895,0.9989200936141758,1.0,0.9996749358426006,0.9996008780682497,0.9997370517928287,0.9998230760322709,0.999828136171149,0.9994501380504468,0.9996455812901711,0.9984145988474595,1.0,0.9996429352651286,0.9998571502779077,0.9998625089369191,0.9980688888888889,0.9995271304862514,0.9998971424296829,0.9988893309462239,0.9999464962700257,0.9997453611443249,0.9984592776731209,0.9998063084742976,0.9975371655419829,0.9999220819697678,0.9984747877798148,0.999900616179686,0.999408273947877,0.999900714853058,1.0,0.9996407185628744,0.9997327997613841,0.9999006951340615,0.999226099784759,0.9975115716315649,0.9995373134328358,1.0,0.9999567122054266,0.9998155940893372,0.9998371552010634,0.9982641315997949,1.0,0.9999099560206248,0.9992265691426698,0.9996277833167165,0.9999004975124378,0.9999004975124378,0.9988993396037622,0.9997366098123524,0.9999138502319418,0.9999005964214711,0.9997058760037992,1.0,1.0,0.9996977808479406,1.0,0.9993846595406037,0.9999006359300477,0.9995611407187832,0.9998406374501991,0.9995214356929213,0.9972050557436104,1.0,1.0,0.9990486681353896,0.998753311516285,1.0,1.0,0.9996751032592612,0.9999383909614801,0.9984754262788366,0.9999195800146685,0.9999005370996619,1.0,1.0,0.9980250224815442,0.9998481579994554,1.0,0.999156772143261,0.9996130498923795,0.9999083665338646,1.0,0.9996932270916336,1.0,1.0,0.9996099714532298,0.9996534016547991,0.999052866764528,0.9996016729735112,0.9998927153738869,0.9998597641084688,1.0,0.9999067906144363,0.9995821639178832,0.9998258706467661,0.9998507462686568,1.0,0.9996272905490273,0.9984244664894877,1.0,1.0,0.9999003984063745,0.9997202936533481,0.9999290115569184,0.999676533894411,0.9993187661985105,0.9986845107624651,0.9999181056670878,1.0,0.9995498007968128,0.9999253136825335,1.0,1.0,0.9997186293352727,0.9981429536127994,0.9997477216107975,1.0,1.0,0.9996969854379858,1.0,0.9989369733010831,0.9999003785614664,0.9965178766002234,0.999900714853058,0.9996222664015905,0.9984491193353593,1.0,0.9999089343665143,0.9992624289389762,1.0,0.9995629560694748,1.0,0.9997662459093034,1.0,1.0,1.0,0.9991817226597733,0.9999006951340617,0.9999060628163473,1.0,0.9997024446035538,1.0,0.9997030473127095,0.999900299102692,0.9999005964214711,0.9999574069341511,0.9999298048575038,1.0,0.9999159227100405,1.0,1.0,1.0,0.9960253672032355,1.0,0.9994607396611406,0.9999004975124378,1.0,1.0,0.9999999999999999,1.0,0.9998311776011636,0.9999909507176081,1.0,0.9999999999999999,0.9999432092455348,1.0,0.9999007345642248,0.9995166060054594,1.0,1.0,0.9992568931478893,0.9997342898897305,1.0,0.9999290115569186,1.0,1.0,0.9999159227100404,1.0,1.0,0.9992532532532532,0.9999170152028148,0.9999638819662657,0.9998220336569948,1.0,0.9995746095048188,0.9999102691924228,0.999908279320044,0.9999645057784593,0.9994848786972417,0.9999266969652543,0.9992351689279064,0.9999393970875972,1.0,1.0,1.0,0.9999034960176023,0.9992200536893274,1.0,1.0,0.9997022628026995,0.9995465428426322,1.0,1.0,0.999900616179686,1.0,0.9998778346877093,1.0,1.0,0.9999641434262949,0.9991932321367298,1.0,1.0,1.0,0.9973126381354229,0.9991653911847562,1.0,1.0,1.0,0.9995016942395853,1.0,1.0,1.0,1.0,1.0,0.999920477137177,0.9992687375874276,0.9992588899966766,1.0,0.999910447761194,1.0,0.998697351280938,1.0,1.0,0.9987710743087783,1.0,1.0,1.0,0.9996858093092402,1.0,1.0,0.9999099560206248,1.0,0.9997793175167476,0.9995026854983091,1.0,1.0,0.9999337309476475,1.0,1.0,0.9995612803593992,1.0,0.9999447428331454,1.0,1.0,0.9997005390297465,0.999900773963088,0.9998755228042222,0.9985227704385262,0.9981019450033535,0.9980444856348469,1.0,0.9994058935361216,0.9999290115569187,0.9993442923754425,1.0,0.9998398351600782,1.0,0.999900714853058,1.0,1.0,1.0,1.0
0.4,stde_auroc,0.00042888888888886756,0.00014560056401058397,7.358925077483036e-05,7.18823136074409e-05,0.0002650239110462138,0.0001993223041656944,7.170882120938193e-05,0.0003932524915774005,0.0001635944189348204,0.00014217470427663192,0.00020859029238917692,0.0002810592292277758,0.00019496597843676744,4.9990001999566935e-05,0.00017129721724912228,5.551115123125783e-17,0.00011562759505112652,0.0001878743673054406,1.6653345369377348e-16,0.00012299046094316202,9.049282391909719e-05,9.956192751886528e-05,0.0001174147873052589,9.936406995225688e-05,9.305417082089429e-05,0.00028052064631961526,0.00022695178535409033,0.0,9.992006394876629e-05,7.663187579504127e-05,4.695552138239689e-05,0.00033433634236040843,0.0,6.273167949821801e-05,0.00017021376501102914,0.00011952191235053977,0.00017692396772905905,0.0001718638288510932,0.00016378866582439366,0.000293536968263175,0.00020722048259352865,0.0,0.000119021578290468,0.00014284972209233082,0.00013749106308091896,0.00042888888888881205,0.00022195915951467304,0.0001028575703171386,0.00028181155095813315,5.350372997425801e-05,9.964129135109356e-05,0.0002686553637205047,4.695552138239689e-05,0.0005225159781562794,7.791803023216026e-05,0.00021568657659182255,9.938382031404736e-05,0.00011493959285846511,9.928514694201862e-05,0.0,0.0002338180781294441,0.00013049313978918953,9.930486593845433e-05,0.00023579772183124348,0.0003886520631973811,6.46766169154489e-05,0.0,4.328779457341003e-05,0.00018440591066287704,0.00016284479893652337,0.00018057691411527133,0.0,9.004397937517616e-05,0.00014853970107664427,1.994017946160831e-05,9.950248756218638e-05,9.950248756218638e-05,0.00013341338136219072,0.00026339018764759414,8.614976805826347e-05,9.940357852883386e-05,0.0001376176495985204,0.0,0.0,0.0003022191520594131,5.551115123125783e-17,0.0003370239265244046,9.936406995225688e-05,0.0003284874859406095,0.00015936254980081221,4.652708541041939e-05,0.0005745163193690006,0.0,1.1102230246251565e-16,4.236700611626176e-05,0.0001335737661123937,0.0,0.0,0.0003248967407388226,6.16090385199275e-05,7.021063189571741e-05,8.04199853314258e-05,9.94629003381875e-05,0.0,0.0,7.450279189413767e-05,0.00015184200054457753,5.551115123125783e-17,5.848979353095807e-05,0.0001330140994945106,9.163346613538792e-05,0.0,9.163346613549894e-05,0.0,0.0,0.00019916351324439363,7.486524256344884e-05,9.984025559101051e-05,3.319391887413037e-05,2.2989562738495728e-05,7.380836396375656e-05,5.551115123125783e-17,9.32093855637306e-05,6.569749718815521e-05,0.0001741293532337984,0.00014925373134327957,0.0,0.0003727094509725082,0.00011841170433918302,5.551115123125783e-17,0.0,9.960159362554233e-05,0.0001341057826412806,7.098844308145447e-05,0.00012394495634715508,0.0002253705809438511,0.00024373716490461161,8.189433291216908e-05,0.0,8.366533864534453e-05,7.468631746659904e-05,0.0,0.0,0.00028137066472733174,0.0003617622832209344,6.832539707568586e-05,0.0,0.0,0.0002077814139525569,0.0,0.00013865565638043753,9.9621438533537e-05,0.0005448062576214885,9.928514694201862e-05,8.614976805831898e-05,0.00017668260736403152,0.0,9.106563348570962e-05,0.00014443297539640243,0.0,8.045087278324425e-05,0.0,0.0002337540906965918,0.0,0.0,5.551115123125783e-17,0.00013482978901457887,9.930486593839882e-05,9.393718365269255e-05,5.551115123125783e-17,0.0001627256074314687,5.551115123125783e-17,0.00017081349268921464,9.970089730804155e-05,9.940357852883386e-05,4.259306584886158e-05,7.019514249612113e-05,0.0,8.407728995973862e-05,0.0,0.0,5.551115123125783e-17,0.00018492249265911198,5.551115123125783e-17,0.00024048096192391677,9.950248756218638e-05,0.0,0.0,0.0,5.551115123125783e-17,0.00016882239883642125,9.049282391926372e-06,0.0,1.1102230246251565e-16,5.679075446518578e-05,0.0,9.926543577526425e-05,9.478313618438428e-05,0.0,1.1102230246251565e-16,0.00014418491160350655,0.0002657101102697679,0.0,7.098844308145447e-05,5.551115123125783e-17,0.0,8.40772899596276e-05,0.0,0.0,0.00026226226226222504,8.298479718515939e-05,3.611803373426703e-05,0.00017796634300515368,0.0,6.646726487208321e-05,8.973080757723739e-05,9.172067995594224e-05,3.549422154069948e-05,0.00020937188434694276,5.2359310532656966e-05,0.00010580667005249955,6.060291240284066e-05,0.0,0.0,5.551115123125783e-17,9.650398239768876e-05,8.464533604196633e-05,0.0,5.551115123125783e-17,0.0002977371973005294,0.00010278362233673288,0.0,0.0,9.938382031404736e-05,1.1102230246251565e-16,0.0001221653122907007,0.0,1.1102230246251565e-16,3.585657370513973e-05,9.191026290417126e-05,5.551115123125783e-17,0.0,0.0,0.0003560495928329188,0.0002467780217830229,5.551115123125783e-17,0.0,5.551115123125783e-17,7.830519092227872e-05,0.0,0.0,5.551115123125783e-17,0.0,0.0,7.952286282303378e-05,0.00020237889646829155,9.970089730859666e-06,0.0,8.955223880596774e-05,0.0,0.00018730896613972092,0.0,0.0,0.00036121777505560004,0.0,0.0,5.551115123125783e-17,0.00017625331432857827,0.0,0.0,9.004397937517616e-05,5.551115123125783e-17,5.743790659995529e-05,9.94629003381875e-05,0.0,0.0,6.626905235257441e-05,0.0,0.0,6.434554728812492e-05,0.0,5.525716685461646e-05,0.0,0.0,0.0002994609702534623,9.92260369120368e-05,0.00012447719577773908,3.1654919174395335e-05,0.0002052313883299517,0.0003151065801668129,0.0,0.00024389633780269593,7.098844308150998e-05,2.9682238148642792e-05,0.0,0.00016016483992176145,0.0,9.928514694201862e-05,0.0,0.0,0.0,0.0
0.4,mean_auprc,0.7013162223737865,0.9560496993460328,0.652503937265041,0.6354155021367319,0.8463422403126474,0.5889731713757306,0.8234982165221245,0.7303049341612031,0.7323634696722848,0.7106387183024108,0.72962912890394,0.6697715458066646,0.9405565957047052,0.8416653087058203,0.6233162038140838,1.0,0.8346145037161703,0.8927181671957214,0.9999999999999998,0.894213746990929,0.9087009034648583,0.9400799213686211,0.8314322535092094,0.6835629648129649,0.8703338275542212,0.6948342368575675,0.7231389489906095,1.0,0.9607430688164891,0.9219257949952953,0.975780062734661,0.8334728876505317,0.9999999999999999,0.8886787561390945,0.86320870401394,0.8890681333082397,0.9383651017777107,0.9456145012924534,0.729223918597439,0.9311525360386987,0.8003059597644038,1.0,0.8993217121410575,0.9389364030974757,0.9656609415890225,0.6758966833623863,0.8539732202754775,0.9694505068725705,0.5907811963982882,0.9746651852421081,0.9000886327658371,0.7960269134994831,0.9607791450862184,0.7615729592373215,0.9711748222227499,0.7488743160437185,0.9183377138734281,0.8829786967402837,0.8938271604938272,1.0,0.9130307803048645,0.8470344555362938,0.8998989898989899,0.792429284331636,0.68708977312071,0.7806640551804354,1.0,0.988600090191496,0.9309671533325677,0.9365176476280932,0.7937361796750412,1.0,0.955934048567286,0.8348221789156685,0.895681948593572,0.9338660323809318,0.9353776085026084,0.7931931962204832,0.9099371929374114,0.9485590335590336,0.9211516261516262,0.9295701400578067,1.0,1.0,0.9151370352904862,1.0,0.8729840933614833,0.9137510993280222,0.9214879751729621,0.9422060943299333,0.8853559463680509,0.7120841430768088,1.0,1.0,0.8466269253680896,0.8105114595026824,1.0,1.0,0.9126555651109634,0.9794798810416903,0.8064572526269449,0.9766877482313718,0.9292294539682311,0.9999999999999999,1.0,0.8006420849504565,0.9402192160400568,0.9999999999999999,0.8304122914497039,0.8966303426903519,0.9595782723423658,0.9999999999999999,0.8768358998922736,1.0,1.0,0.8299678453354924,0.9021472981932257,0.8033684630170483,0.8705436795833033,0.9716689180902514,0.9608060892347223,1.0,0.9424770950046685,0.8731798409666818,0.9092615513571396,0.9436140993938982,1.0,0.8864813450998486,0.7563337177395344,1.0,0.9999999999999999,0.9449701687201687,0.9174807209997805,0.9630394407180121,0.9027072485556027,0.8246868626254842,0.8121595226664874,0.958477213386383,1.0,0.8708231145030231,0.9746868306093344,1.0,0.9999999999999999,0.8800584446625299,0.734824523474364,0.9397943319723465,1.0,1.0,0.9120775403669115,0.9999999999999999,0.832797259440241,0.9444604621684114,0.7054725263354996,0.8928350970017638,0.8261063255916197,0.7794527256136352,1.0,0.9299944268694269,0.8724151954267829,1.0000000000000002,0.9364746389679648,0.9999999999999999,0.9167575862057169,0.9999999999999999,1.0,1.0000000000000002,0.8618357923231041,0.8990061327561327,0.9452324519210484,1.0,0.9434044366329521,1.0,0.9487442919321867,0.9764957939175269,0.9206423668923669,0.9826964701964702,0.9692615271118732,1.0,0.9456640581640581,0.9999999999999998,1.0,1.0,0.7894393621380866,1.0,0.9196585160429063,0.9338660323809317,1.0,1.0,1.0,1.0,0.9362626879237604,0.99797879985627,1.0,1.0,0.9740938624867195,1.0,0.8856894841269841,0.7651662426957844,1.0,1.0,0.8420801100716773,0.911365277376648,1.0,0.963039440718012,0.9999999999999998,1.0,0.945452731029654,1.0,1.0,0.8612895308844851,0.9681775017315846,0.982483930211203,0.9329596432834555,1.0,0.9007300210297209,0.9685898997234885,0.9326322182091412,0.9860978307406877,0.8662611833965128,0.9741443659675284,0.8208356228539934,0.9850570374660235,1.0,1.0,1.0,0.9591176100362336,0.8073108640524449,1.0,1.0,0.7652210884353741,0.8654868563088132,1.0,1.0,0.9174023397237683,1.0,0.9500658349492082,1.0,1.0,0.9917026561285145,0.8669724359861193,1.0,1.0,1.0,0.7203869342842054,0.7642643067878141,1.0,1.0,1.0,0.8675076170914204,1.0,1.0,1.0,1.0,1.0,0.9576707551707552,0.8153253967591572,0.7565367062856658,1.0,0.9744660252458243,1.0,0.7473761410042998,1.0,1.0,0.7647205234225415,1.0,1.0,1.0,0.8869538024423581,1.0,1.0,0.9566637396994542,1.0,0.937358790142417,0.7337320064648496,0.9999999999999998,1.0,0.9689757002257002,1.0,1.0,0.7646676428045941,1.0,0.9805614706930497,1.0,1.0,0.923409175296723,0.8692460317460318,0.9556847906865783,0.7994347414676268,0.7819255743461795,0.7328734642310221,1.0,0.873529023241421,0.9635758091115234,0.8280065221800894,1.0,0.9404171032561461,1.0,0.899074074074074,0.9999999999999998,1.0,1.0,1.0
0.4,stde_auprc,0.06005626252708185,0.04395030065396721,0.009236259892996701,0.007366871707757183,0.02296628893890751,0.029504871102856156,0.009545838289552355,0.04816585019605113,0.04627250594493815,0.032853901744831104,0.03596917177291015,0.01570816241430517,0.05944340429529482,0.015848842444194988,0.04480223169565617,0.0,0.014488254884868379,0.10728183280427867,0.0,0.0167317222699368,0.03941571616106465,0.05992007863137888,0.015707824213178234,0.03938630813630817,0.010788613875073072,0.047569017703072314,0.019447976992444882,0.0,0.03925693118351098,0.022802309279142563,0.014514557702724251,0.0536876343961305,1.1102230246251565e-16,0.02543606416699934,0.05403493944918503,0.06613949652322931,0.06163489822228929,0.05438549870754639,0.06912414716548759,0.06157143915113045,0.023264756502230866,0.0,0.05770440977234653,0.061063596902524164,0.03433905841097745,0.031059533581953513,0.07009288148434184,0.030549493127429495,0.0657270900013025,0.025334814757891677,0.05080180509514398,0.039258816735048774,0.010650674313556874,0.02806081393907922,0.028825177777250133,0.03189479010558249,0.08166228612657184,0.04036446413041744,0.10617283950617284,0.0,0.06603754091718017,0.09375752413436234,0.10010101010101013,0.04921336158829859,0.05284191299544694,0.007016893481214037,1.1102230246251565e-16,0.011399909808503805,0.06903284666743226,0.0634823523719068,0.008618745785000548,0.0,0.04406595143271397,0.032577378279534885,0.021486390194101923,0.06613396761906837,0.06462239149739152,0.009073551584364348,0.09006280706258862,0.05144096644096641,0.07884837384837384,0.03464877828988344,0.0,0.0,0.08486296470951382,0.0,0.05928860254130519,0.08624890067197749,0.06053533739910805,0.05779390567006665,0.02476279269483611,0.03718220440620096,0.0,0.0,0.013703206775397547,0.028843981159352383,0.0,0.0,0.08734443488903648,0.020520118958309963,0.02619673314258636,0.023312251768628,0.07077054603176897,1.1102230246251565e-16,0.0,0.012265377817514023,0.05978078395994324,1.1102230246251565e-16,0.011294602430410139,0.04911395473664587,0.04042172765763424,1.1102230246251565e-16,0.06815244015244021,0.0,5.551115123125783e-17,0.07588413288780932,0.018953966540494027,0.013886923060803635,0.015870154821694737,0.008687706524244942,0.02514089662369634,5.551115123125783e-17,0.057522904995331525,0.018498398351602607,0.0907384486428604,0.056385900606101824,0.0,0.1135186549001515,0.010892814313753774,0.0,1.1102230246251565e-16,0.0550298312798313,0.03738083244656787,0.03696055928198794,0.014161657485960932,0.04261045368804656,0.04178937420184525,0.041522786613617024,0.0,0.01317079460002446,0.02531316939066558,0.0,1.1102230246251565e-16,0.11994155533746992,0.0334524783676991,0.0033059175087038484,0.0,0.0,0.06201704995396867,0.0,0.02543225522671755,0.05553953783158844,0.03335441488048352,0.10716490299823644,0.03655651265945381,0.013994332666311837,0.0,0.07000557313057315,0.022678023669717995,0.0,0.00785218286194006,1.1102230246251565e-16,0.08324241379428304,1.1102230246251565e-16,0.0,0.0,0.02215107214809081,0.10099386724386727,0.05476754807895157,0.0,0.03303757557786663,0.0,0.026668708562780308,0.023504206082473,0.07935763310763305,0.017303529803529782,0.03073847288812681,0.0,0.0543359418359417,0.0,0.0,0.0,0.002828266518701883,5.551115123125783e-17,0.04130418686807019,0.06613396761906831,0.0,0.0,0.0,1.1102230246251565e-16,0.06373731207623934,0.002021200143729751,0.0,0.0,0.025906137513280303,0.0,0.11431051587301588,0.03077931570818998,0.0,1.1102230246251565e-16,0.025031542660358008,0.08863472262335204,0.0,0.036960559281987826,0.0,5.551115123125783e-17,0.054547268970345786,0.0,0.0,0.0448688342112209,0.03182249826841549,0.01751606978879705,0.06704035671654457,0.0,0.005387073381890983,0.031410100276511366,0.06736778179085856,0.013902169259312092,0.040538814575418025,0.020453971982609787,0.01855334964267319,0.014942962533976312,0.0,0.0,0.0,0.040882389963766363,0.030064712588284248,5.551115123125783e-17,0.0,0.23477891156462571,0.03329931448976181,0.0,0.0,0.08259766027623167,0.0,0.049934165050791846,0.0,0.0,0.00829734387148573,0.013201429111796614,0.0,0.0,0.0,0.021732687896828806,0.040995995523043505,0.0,0.0,0.0,0.015388035283732893,0.0,0.0,0.0,0.0,0.0,0.04232924482924483,0.03266782098837023,0.0040694023065557805,0.0,0.02553397475417596,0.0,0.03779758528351046,0.0,0.0,0.050499923879426145,0.0,0.0,0.0,0.07218125527749475,0.0,0.0,0.04333626030054605,0.0,0.016445404342699865,0.034503987751536735,0.0,0.0,0.03102429977429977,0.0,0.0,0.03402196308315408,0.0,0.019438529306950336,0.0,0.0,0.07659082470327705,0.13075396825396818,0.04431520931342148,0.011721673391758225,0.017004511057391092,0.023935842473314706,0.0,0.0458829248549571,0.03642419088847665,0.02729373280843861,5.551115123125783e-17,0.05958289674385381,0.0,0.10092592592592597,0.0,0.0,0.0,0.0
0.4,mean_auprc_w,0.9957358307460129,0.9997424518873177,0.9968868068976147,0.9904227992208925,0.9980607187341798,0.9947462618187715,0.99824413428622,0.9972214073705239,0.9970967508854851,0.9980963952253793,0.9972382930827726,0.9928695967302172,0.9993600459032834,0.9982685523261591,0.9972849600786626,1.0,0.9983930683623412,0.9994548557843173,1.0,0.9988418940994885,0.9995352382811911,0.9996312501766296,0.9980707944731603,0.9984948231519686,0.9990733625130759,0.9969945019711117,0.9929686424915298,1.0,0.9995828367626158,0.9995431022793058,0.9998263677661934,0.9974582042580682,0.9999999999999999,0.9990310844177507,0.9987735858832262,0.9992733020031733,0.9995429707232619,0.999630424216282,0.9984334451971,0.9992579565010552,0.9968622718359161,1.0,0.9992221182688792,0.9996652624409389,0.9997769953187743,0.9950695347262326,0.9988301967774973,0.9997866683287737,0.9965518654455613,0.9999274713416992,0.9993283056530683,0.9966888457531757,0.9997150822449609,0.9958322390696533,0.9998556030537078,0.9962020509719376,0.9996809458955667,0.9986315223587999,0.9997217609271886,1.0,0.9992568249816842,0.999230952024684,0.999711807340026,0.9981263471210089,0.9944357972119673,0.9986962336656805,1.0,0.9999448413421954,0.9994135274068391,0.9995115737767493,0.9961954083666973,1.0,0.9997873693073794,0.9983877693711771,0.9992696052313148,0.9996426461966359,0.9996493700761924,0.9974213757906969,0.9993539248591508,0.999819832573883,0.9996724763882444,0.9993680319689036,1.0,1.0,0.9991892371178592,1.0,0.9985549531511231,0.9996855148711175,0.9992908182069004,0.9996638730267824,0.9991868354026459,0.9907391758470419,1.0,1.0,0.9980459820945873,0.9973450828310247,1.0,1.0,0.9993124031840653,0.999907722447118,0.996983815148125,0.9998449624895415,0.9996529314733241,1.0,1.0,0.9960365593629199,0.9997287408770004,0.9999999999999999,0.9982845297635596,0.9991826792340683,0.9997695031338191,1.0,0.9990917478890906,1.0,0.9999999999999999,0.9987306874687998,0.9991777733066871,0.9981398105552397,0.9992610362381029,0.9998444755549925,0.9997711125641744,1.0,0.999774839335243,0.9987777585227124,0.9995140472464761,0.9997353025165887,1.0,0.998889298695149,0.9953399858900849,0.9999999999999999,0.9999999999999998,0.9996320997659275,0.999510655986924,0.9998839390662365,0.999266055286527,0.9982012890464973,0.997188153793176,0.9998403487316061,1.0,0.9992228568298325,0.9998688950191164,1.0,0.9999999999999999,0.9991890857515711,0.9958248056572307,0.9994905036194162,1.0,1.0,0.999515471103362,1.0,0.9978478617798208,0.9996172121245122,0.9925140046766201,0.999719398302208,0.9993239172400832,0.9969829201610871,1.0,0.9997911916596273,0.9984345574906894,1.0000000000000002,0.9993414963942642,0.9999999999999998,0.9995254134551039,0.9999999999999999,1.0,1.0000000000000002,0.9985764214859217,0.9997094443912875,0.9997606233040025,1.0,0.9994599347329629,1.0,0.9995661374911538,0.999848956289777,0.999670623599068,0.9999475176095982,0.9998850636988486,1.0,0.9998337740829322,1.0,1.0,1.0,0.9929781979485361,1.0,0.9989782216176748,0.9996426461966358,1.0,1.0,1.0,1.0,0.9996467185078586,0.9999907371475187,1.0,1.0,0.9999203610654424,1.0,0.9997304512378493,0.9985044869756414,1.0,1.0000000000000002,0.9985995955599005,0.9993779834095603,1.0,0.9998839390662364,0.9999999999999998,1.0,0.9998331373973917,1.0,1.0,0.9983048960989687,0.9998320886886815,0.9999575964247174,0.9995450302606029,1.0,0.9993057825753384,0.9997910001498919,0.9997835194555439,0.9999580110034464,0.9990308883137367,0.9998942759511372,0.9985181216027821,0.9999262798079945,1.0,1.0,1.0,0.9997010378770563,0.9983256459616575,1.0,1.0,0.9992298800689805,0.9988710275111727,1.0,1.0,0.9996779190422462,1.0,0.9997477752419353,1.0,1.0,0.999956661080434,0.9984519126403912,1.0,1.0,1.0,0.9945652360222306,0.9974146050112278,1.0,1.0,1.0,0.9991046066697409,1.0,1.0,1.0,1.0,1.0,0.9998556092688031,0.9982558633432543,0.9978419886858019,1.0,0.999885062896478,1.0,0.9964436198716274,1.0,1.0,0.9964788711013821,1.0,1.0,1.0,0.9992526945202024,1.0,1.0,0.9997907537311302,1.0,0.9995471329498522,0.9982751641644626,0.9999999999999998,1.0,0.9998971622872741,1.0,1.0,0.9987647112164288,1.0,0.9999248349571809,1.0,1.0,0.9993314039234086,0.9997603783403948,0.9997611179115949,0.9970305654939629,0.9956508953731447,0.9947646337091709,0.9999999999999999,0.9985028887363523,0.9998856675371716,0.9982773648937013,0.9999999999999999,0.9996340994307609,1.0,0.9997396622143824,0.9999999999999998,1.0,1.0,1.0
0.4,stde_auprc_w,0.0013098296149617883,0.00025754811268230426,0.0005625571056313561,0.0009601229120341781,0.00030563392695370784,0.0014669354907980159,0.00010018172269110615,0.0006596374116278891,0.000788492270996255,0.00040512234122658253,0.000579542949835421,0.000496104332648184,0.0006399540967167439,0.00022976395152241036,0.0007269857615735398,5.551115123125783e-17,0.00021141746025910013,0.0005451442156827468,5.551115123125783e-17,0.00020208680250133337,0.0002178304865343983,0.00036874982337037343,0.00022651361119829794,0.0003781415773631558,8.513052225106454e-05,0.000670650084463098,0.00069078663139166,0.0,0.0004171632373843326,0.00014496280950476725,0.00010552593191465176,0.0009908867434316737,1.1102230246251565e-16,0.0002676019847496214,0.0005685074248958921,0.0004867731519803131,0.0004570292767380746,0.00036957578371799027,0.0006408776343315714,0.0006734406392597814,0.00045509815423144806,0.0,0.0004807047628616612,0.00033473755906088254,0.0002230046812257136,0.000562969861038487,0.000647877609340819,0.00021333167122622454,0.0013591334739502248,7.252865830076338e-05,0.0003863589115599142,0.0008277681802983938,8.080022874690229e-05,0.0007014376865386307,0.00014439694629220234,0.0007868634646898132,0.00031905410443333615,0.0005740263403477552,0.000278239072811437,0.0,0.0005888172137694103,0.0005605211097580165,0.0002881926599740403,0.0005473194579699303,0.0014848095963973518,0.00012148622097862827,0.0,5.515865780436613e-05,0.0005864725931609138,0.000488426223250682,0.00021961101289930118,0.0,0.00021263069262056344,0.0003769076111790337,0.00017372390506997792,0.0003573538033643242,0.00035062992380785474,0.00013748361989113222,0.0006460751408490784,0.0001801674261170394,0.00032752361175558686,0.0003526051886726944,0.0,0.0,0.0008107628821407697,0.0,0.0007511884642010247,0.00031448512888260227,0.0005671686051038627,0.00033612697321755425,0.00018898156099872443,0.0015748455442668452,0.0,5.551115123125783e-17,0.00024228782385476988,0.0004747058052809727,0.0,0.0,0.0006875968159345547,9.227755288221395e-05,0.0004967099284251542,0.0001550375104584223,0.0003470685266758755,0.0,0.0,0.000281827690523595,0.00027125912299963417,1.1102230246251565e-16,0.000138344371425847,0.0004242927650811579,0.00023049686618092924,0.0,0.0006057251922701457,0.0,1.1102230246251565e-16,0.000729338943193103,0.0001842033185301406,0.00017628445999479103,9.507733463731682e-05,4.8719877970393455e-05,0.00014992100262767316,5.551115123125783e-17,0.00022516066475697372,0.00018639680430948546,0.00048595275352392164,0.0002646974834112914,0.0,0.001110701304851025,0.000406108694270213,1.1102230246251565e-16,5.551115123125783e-17,0.0003679002340725157,0.00023808508492600966,0.00011606093376348436,0.00011331968964090056,0.0005197565998807385,0.0007828792674191565,0.0001596512683939011,0.0,0.0001012752306501774,0.00013110498088358957,0.0,1.1102230246251565e-16,0.0008109142484288845,0.0007231063110785807,3.3333846612026985e-05,0.0,0.0,0.0003588997557059659,0.0,0.00040635084354534445,0.0003827878754877889,0.0011915370529464453,0.0002806016977919823,0.000175467791152073,0.00024119322171950452,0.0,0.00020880834037273477,0.00030711824252832587,0.0,7.731309351666216e-05,5.551115123125783e-17,0.00047458654489607177,1.1102230246251565e-16,0.0,0.0,0.0002714942301236256,0.0002905556087125505,0.00023937669599749523,0.0,0.00032927413425659635,0.0,0.0002391473125589738,0.00015104371022295338,0.00032937640093200216,5.2482390401786816e-05,0.00011493630115144704,0.0,0.0001662259170678304,0.0,0.0,0.0,0.0001469637188379891,5.551115123125783e-17,0.0005656469562668742,0.0003573538033642132,0.0,0.0,0.0,1.1102230246251565e-16,0.00035328149214119975,9.262852481040085e-06,0.0,0.0,7.963893455742443e-05,0.0,0.00026954876215068424,0.0002778737744407178,0.0,0.0,0.00027447350613080124,0.0006220165904397001,0.0,0.00011606093376337334,0.0,5.551115123125783e-17,0.00016686260260834196,0.0,0.0,0.0006356972795718563,0.00016791131131854709,4.240357528267902e-05,0.00045496973939707086,0.0,5.4574565386489304e-05,0.00020899985010813804,0.0002164805444561102,4.198899655338817e-05,0.0003327359605314606,8.420295864175475e-05,0.00018457491308709884,7.372019200524438e-05,0.0,0.0,0.0,0.0002989621229437245,0.0003468597982285715,5.551115123125783e-17,0.0,0.0007701199310192197,0.0003418382709496348,0.0,0.0,0.00032208095775376755,0.0,0.0002522247580648007,0.0,0.0,4.3338919566204837e-05,0.00019443782893330264,0.0,0.0,0.0,0.0006080116556628767,0.0004937846790739608,0.0,0.0,0.0,0.00012184442692692032,0.0,0.0,0.0,0.0,0.0,0.00014439073119687507,0.0003700630067006716,6.994280162814226e-05,0.0,0.00011493710352217246,0.0,0.0008630504209099499,0.0,0.0,0.001004266845458679,0.0,0.0,0.0,0.0005209357945168414,0.0,0.0,0.0002092462688699781,0.0,0.00012624340950667667,0.0003447621248620081,0.0,0.0,0.00010283771272584508,0.0,0.0,0.000268135320758478,0.0,7.516504281912528e-05,0.0,0.0,0.0006685960765914212,0.00023962165960522697,0.00023888208840494585,0.00021064317136726407,0.0004257981399496402,0.0006172640132107721,0.0,0.0006242228406727057,0.00011433246282843701,0.00043815056246970796,0.0,0.00036590056923896386,0.0,0.00026033778561757037,0.0,0.0,0.0,0.0
0.4,mean_auprc_p,1.0,1.0,0.9999999999999998,1.0,1.0,1.0,1.0,1.0,1.0,1.0,0.9999999999999999,0.9999999999999998,1.0,1.0,1.0,1.0,0.9999999999999998,1.0,1.0,1.0000000000000002,0.9999999999999998,1.0,1.0,0.9999999999999998,1.0,1.0,1.0,1.0,1.0,1.0,1.0,1.0,0.9999999999999999,1.0,1.0,1.0000000000000002,0.9999999999999999,0.9999999999999998,1.0,1.0,1.0,1.0,0.9999999999999998,0.9999999999999998,1.0,1.0,0.9999999999999998,1.0,1.0,0.9999999999999998,0.9999999999999999,1.0,1.0,0.9999999999999998,0.9999999999999998,1.0000000000000002,0.9999999999999999,1.0000000000000002,1.0,1.0,1.0,1.0,1.0,0.9999999999999999,1.0000000000000004,1.0,1.0,0.9999999999999998,0.9999999999999999,1.0,0.9999999999999998,1.0,1.0,1.0,1.0,1.0000000000000002,1.0000000000000002,1.0,0.9999999999999999,1.0,1.0,0.9999999999999998,1.0,1.0,1.0,1.0,1.0,0.9999999999999998,0.9999999999999998,1.0000000000000002,1.0,0.9999999999999999,1.0,1.0,1.0,1.0,1.0,1.0,0.9999999999999999,1.0000000000000002,1.0,1.0,1.0,0.9999999999999998,1.0,1.0,0.9999999999999998,0.9999999999999998,1.0,0.9999999999999999,1.0,0.9999999999999998,1.0,1.0,0.9999999999999999,1.0,1.0,0.9999999999999998,0.9999999999999998,1.0,0.9999999999999999,0.9999999999999999,1.0,1.0,1.0,1.0000000000000002,1.0,1.0,1.0,1.0,0.9999999999999999,1.0000000000000002,1.0,0.9999999999999998,1.0,1.0,1.0,1.0,1.0,1.0,0.9999999999999998,1.0,0.9999999999999998,0.9999999999999998,0.9999999999999999,1.0,1.0,1.0,0.9999999999999998,1.0,1.0,1.0,1.0,1.0,1.0,1.0,1.0,1.0,1.0,1.0000000000000002,1.0,1.0,0.9999999999999998,0.9999999999999998,1.0,1.0000000000000002,1.0,1.0,1.0,1.0,1.0,1.0,0.9999999999999998,1.0,1.0,0.9999999999999998,1.0,1.0,0.9999999999999998,0.9999999999999998,1.0,1.0,0.9999999999999999,1.0,1.0,1.0000000000000002,1.0,1.0,1.0,1.0,0.9999999999999998,0.9999999999999998,1.0,1.0,0.9999999999999998,1.0,1.0,1.0000000000000002,1.0,1.0,1.0,0.9999999999999999,1.0,0.9999999999999998,0.9999999999999998,0.9999999999999998,0.9999999999999998,1.0,1.0,1.0,0.9999999999999998,1.0,1.0,0.9999999999999998,1.0,1.0,0.9999999999999998,0.9999999999999998,1.0,0.9999999999999998,0.9999999999999999,0.9999999999999998,1.0,1.0,1.0,1.0,0.9999999999999998,1.0,1.0,0.9999999999999998,0.9999999999999999,1.0,0.9999999999999999,0.9999999999999998,1.0,0.9999999999999998,1.0,1.0,1.0,1.0,1.0,1.0,1.0,0.9999999999999999,1.0,0.9999999999999998,1.0,1.0,1.0,1.0,1.0,1.0,1.0,1.0,1.0,0.9999999999999998,1.0,0.9999999999999998,1.0000000000000002,1.0,1.0,1.0,1.0,1.0,1.0,1.0,1.0,1.0,1.0,1.0,1.0,1.0,1.0,1.0,0.9999999999999998,0.9999999999999998,1.0,1.0,1.0,1.0,1.0,1.0,1.0,1.0,1.0,1.0,0.9999999999999998,1.0,0.9999999999999998,0.9999999999999997,1.0,1.0,0.9999999999999999,0.9999999999999998,1.0,0.9999999999999998,1.0,1.0,0.9999999999999998,1.0,1.0,1.0
0.4,stde_auprc_p,0.0,0.0,5.551115123125783e-17,0.0,1.1102230246251565e-16,5.551115123125783e-17,0.0,0.0,0.0,1.1102230246251565e-16,1.1102230246251565e-16,0.0,0.0,0.0,1.1102230246251565e-16,0.0,5.551115123125783e-17,0.0,5.551115123125783e-17,0.0,0.0,5.551115123125783e-17,0.0,0.0,0.0,0.0,5.551115123125783e-17,0.0,1.1102230246251565e-16,0.0,0.0,0.0,0.0,0.0,0.0,0.0,0.0,5.551115123125783e-17,0.0,0.0,0.0,0.0,0.0,5.551115123125783e-17,0.0,1.1102230246251565e-16,5.551115123125783e-17,0.0,1.1102230246251565e-16,0.0,1.1102230246251565e-16,5.551115123125783e-17,0.0,0.0,0.0,0.0,0.0,0.0,1.1102230246251565e-16,0.0,0.0,0.0,0.0,1.1102230246251565e-16,1.1102230246251565e-16,0.0,0.0,0.0,1.1102230246251565e-16,5.551115123125783e-17,0.0,5.551115123125783e-17,1.1102230246251565e-16,0.0,5.551115123125783e-17,0.0,0.0,0.0,0.0,0.0,0.0,0.0,0.0,0.0,0.0,0.0,0.0,0.0,0.0,0.0,5.551115123125783e-17,1.1102230246251565e-16,0.0,0.0,1.1102230246251565e-16,5.551115123125783e-17,0.0,0.0,0.0,0.0,0.0,5.551115123125783e-17,0.0,0.0,0.0,0.0,0.0,0.0,1.1102230246251565e-16,1.1102230246251565e-16,0.0,0.0,0.0,0.0,0.0,5.551115123125783e-17,0.0,0.0,0.0,0.0,1.1102230246251565e-16,0.0,0.0,5.551115123125783e-17,0.0,0.0,0.0,0.0,0.0,0.0,0.0,0.0,0.0,0.0,0.0,0.0,0.0,0.0,1.1102230246251565e-16,0.0,0.0,0.0,0.0,5.551115123125783e-17,0.0,0.0,0.0,0.0,0.0,0.0,1.1102230246251565e-16,0.0,5.551115123125783e-17,0.0,0.0,0.0,0.0,0.0,1.1102230246251565e-16,0.0,5.551115123125783e-17,5.551115123125783e-17,0.0,0.0,0.0,0.0,0.0,0.0,0.0,0.0,0.0,0.0,5.551115123125783e-17,5.551115123125783e-17,0.0,5.551115123125783e-17,0.0,0.0,0.0,0.0,0.0,0.0,0.0,0.0,0.0,0.0,1.1102230246251565e-16,0.0,0.0,0.0,0.0,0.0,0.0,0.0,0.0,0.0,0.0,0.0,0.0,0.0,0.0,1.1102230246251565e-16,0.0,0.0,0.0,0.0,0.0,0.0,1.1102230246251565e-16,0.0,0.0,0.0,5.551115123125783e-17,0.0,0.0,5.551115123125783e-17,0.0,0.0,0.0,0.0,1.1102230246251565e-16,0.0,0.0,0.0,0.0,5.551115123125783e-17,5.551115123125783e-17,0.0,0.0,0.0,0.0,0.0,1.1102230246251565e-16,5.551115123125783e-17,5.551115123125783e-17,5.551115123125783e-17,0.0,0.0,0.0,0.0,0.0,0.0,0.0,1.1102230246251565e-16,0.0,0.0,0.0,0.0,5.551115123125783e-17,0.0,0.0,0.0,0.0,0.0,0.0,0.0,5.551115123125783e-17,0.0,0.0,0.0,1.1102230246251565e-16,0.0,0.0,1.1102230246251565e-16,0.0,0.0,0.0,0.0,0.0,0.0,0.0,0.0,0.0,1.1102230246251565e-16,0.0,0.0,0.0,0.0,0.0,0.0,0.0,1.1102230246251565e-16,0.0,0.0,0.0,0.0,5.551115123125783e-17,0.0,0.0,1.1102230246251565e-16,5.551115123125783e-17,0.0,0.0,0.0,0.0,0.0,0.0,1.1102230246251565e-16,0.0,0.0,0.0,0.0
0.5,mean_auroc,0.9983266666666666,0.999812251904302,0.9987359963984555,0.996740220661986,0.9989065309744242,0.9983662689712123,0.9991830316440784,0.9984416636341226,0.9983196912224663,0.9990853427358204,0.998636605480181,0.9969462113798406,0.9999025170107816,0.9989343040482812,0.9990495767301019,1.0,0.9991590720359916,0.9998452799328073,1.0,0.9994517543859649,0.9996697011926954,0.9999004380724811,0.998854118649817,0.9994114589702825,0.9997673645729477,0.9985288250548574,0.9968685238505695,1.0,1.0,0.9999271997179947,0.9998620681559393,0.9990220661985958,1.0,0.9993698317650412,0.9995597919870403,0.999824701195219,0.9997909080381384,0.9999037562558434,0.9995554307641912,0.9996260121589535,0.9985214983027655,1.0,0.9996751032592612,0.9999437258670546,0.9999071935324204,0.9977444444444444,0.9996493688639551,0.9998379214043487,0.9990219481466747,1.0,0.999826550344685,0.9982942002809552,0.9996008780682499,0.997384234036181,0.9999134244108532,0.9982205857431173,1.0,0.9992443786025048,0.999900714853058,1.0,0.9994639292842886,0.9998322231059853,0.9999006951340615,0.9993046990253693,0.9974095724475583,0.999358208955224,1.0,0.9998571502779077,0.9997430409441582,0.999900299102692,0.9984112144088728,1.0,1.0,0.9994365735476403,0.9995546693253573,0.999905472636816,1.0,0.998834717497165,0.9998077963495544,1.0,0.9999005964214711,0.9993227052931526,1.0,1.0,0.9997166695449443,1.0,0.9991541786618193,0.9999006359300477,0.9994849316220449,0.9999003984063745,0.9992921236291126,0.9970242716508362,1.0,1.0,0.9985595217920473,0.998387838850672,1.0,1.0,0.9998327264305107,0.9998862602365788,0.9982881979271147,0.9999678320058675,0.9998618570828637,1.0,1.0,0.9976577367881716,0.9999266969652544,1.0,0.9994053537657679,0.9998367554233476,1.0,1.0,0.9997370517928286,1.0,1.0,0.9997054039699926,0.9993983052727313,0.9992201666522753,0.9995352851357632,0.9998199150918816,0.9997785749081086,1.0,0.9999067906144363,0.9993745598267688,0.9998258706467662,0.9998507462686568,1.0,0.9996302252691138,0.9982221798279083,1.0,1.0,0.9999003984063746,0.9997126304657685,0.9999219127126104,0.9994891049360323,0.9991446162041447,0.9985410342753227,1.0,1.0,0.9997569721115538,0.999917015202815,1.0,1.0,0.9998138624833343,0.9979166202868868,0.9999343025028118,1.0,1.0,0.9998701366162797,1.0,0.9985807052951055,0.9998812205925176,0.9964935341929679,1.0,0.9998277004638834,0.9983156258097953,1.0,1.0,0.9991449567856537,0.9999154228855721,0.9992107117075589,1.0,0.9998181912627915,1.0,1.0,0.9999502487562189,0.9991631254474954,1.0,1.0,1.0,0.9995373943445878,1.0,0.9996977915129345,0.9996444001329345,0.9999602385685885,1.0,0.9999122560718798,1.0,0.9998471322000734,1.0,1.0,1.0,0.9964496482469989,1.0,0.9990708690107488,0.9998606965174129,1.0,1.0,1.0,1.0,0.9998181912627916,0.9999773767940202,1.0,1.0,0.9999716046227675,1.0,1.0,0.9996113891416439,1.0,0.9999834228499436,0.999132117743617,0.9998671449448652,1.0,1.0,1.0,0.9999140318172769,0.9999235661000367,1.0,1.0,0.9992072072072071,0.9999294629223926,1.0,0.9998754235598963,1.0,0.9996311066799601,1.0,0.999931209490033,1.0,0.9996045197740113,0.9999057532410414,0.9994135287431376,0.9998138624833341,1.0,1.0,1.0,1.0,0.9991807540690222,1.0,1.0,0.9994045256053989,0.9995404967472007,1.0,1.0,1.0,1.0,1.0,1.0,1.0,0.9998446215139442,0.999225911341318,1.0,1.0,1.0,0.9976036828233403,0.9986856990749983,1.0,1.0,1.0,0.9993344058771605,1.0,1.0,1.0,1.0,1.0,1.0,0.9988936620326396,0.9994250581588568,1.0,0.9999502487562189,1.0,0.9986228533966778,1.0,1.0,0.9987357377873056,1.0,1.0,1.0,0.9993716186184806,1.0,1.0,0.9999052168638156,1.0,0.9996553725604005,0.9995026854983091,1.0,1.0,1.0,1.0,1.0,0.999473536431279,1.0,0.9998121256326946,1.0,1.0,0.9995868547725205,1.0,0.999726150169289,0.9983082204307883,0.9979865861837693,0.9980800123571207,1.0,0.9992307884730839,0.999900616179686,0.9995979405923496,0.9996005592170961,0.9998225200422488,1.0,1.0,0.9999007542675665,1.0,1.0,1.0
0.5,stde_auroc,0.00018000000000001348,0.00012644259506183753,0.0002510692085259669,0.00021063189568709673,0.0003003604325190201,6.76272103419806e-05,0.00021768749295714152,0.00010271520302396198,0.00014418491160356206,4.265241128303954e-05,0.00035974267817845407,0.0005577496621464451,9.748298921835596e-05,0.00036129137808799117,6.630860022538432e-05,0.0,0.00015767399325150588,0.00015472006719274844,0.0,0.0003481255419918172,0.00017646100664220343,9.956192751892079e-05,0.0002500500100019454,3.821694998157321e-05,0.00013293452974399989,0.000317923399162201,0.00033928145689288147,0.0,5.551115123125783e-17,7.280028200529198e-05,0.00013793184406074577,0.0005065195586759774,0.0,0.00036783575705728877,7.043328207356758e-05,0.000175298804780899,0.00014475597359653314,9.624374415662107e-05,9.359352332821702e-05,0.00037398784104647476,0.0002286003736547415,0.0,6.755278767839323e-05,5.6274132945399735e-05,9.280646757958699e-05,0.0002377777777777812,0.00024769355482068267,0.000162078595651316,6.078288354000039e-05,0.0,0.00017344965531490564,6.149942061073332e-05,0.00021129984622070275,0.0001433732866892301,8.657558914687558e-05,0.0001425072023910623,0.0,0.0003682323993426939,9.928514694201862e-05,0.0,0.00018249215854004852,0.00016777689401470397,9.930486593845433e-05,0.0003446274395995097,0.00023741189380832584,6.467661691539339e-05,0.0,6.493169186017056e-05,9.97605746209107e-05,9.970089730804155e-05,0.0002694091057365289,0.0,5.551115123125783e-17,0.0002663470502064502,0.00015287470920577473,9.45273631840493e-05,0.0,0.0005023847641918988,0.00019220365044558818,5.551115123125783e-17,9.940357852883386e-05,0.00027793368448325584,0.0,0.0,7.82531733011238e-05,0.0,0.00043269523469902094,9.93640699523124e-05,0.0002890689876277608,9.960159362554233e-05,0.0002426055167829566,0.0006155531993238816,0.0,1.1102230246251565e-16,0.00010014019627485604,0.00022447813471659916,0.0,0.0,0.00016727356948931238,0.00011373976342127223,0.00017719826145101703,3.216799413252591e-05,0.0001381429171363746,0.0,0.0,0.00030585356672313546,7.330303474561983e-05,0.0,0.000253455771967781,0.00012696800406292175,0.0,5.551115123125783e-17,0.0001115537848605519,0.0,0.0,0.0002945960300073658,3.0500654377707548e-05,0.00014301442017095045,0.00020746199296295398,0.0001034530323233418,0.00014761672792762415,5.551115123125783e-17,9.32093855637306e-05,7.358119685074715e-05,0.00017412935323385392,0.00014925373134327957,0.0,0.00011738880345590896,0.0002713601557771117,0.0,0.0,9.960159362548682e-05,0.00028736953423147416,7.808728738961657e-05,0.0003234661055889765,9.731911449850639e-05,0.00021089314977562612,0.0,0.0,0.00021115537848603871,1.6596959437065184e-05,0.0,0.0,4.328779457440923e-06,0.0005992267563095233,1.8395299212714544e-05,0.0,0.0,8.657558914659802e-06,0.0,0.0002253154416183012,0.00011877940748239446,6.375392376428701e-05,0.0,0.00017229953611663795,0.00021201912883694884,0.0,0.0,0.0003851546010568141,8.457711442788618e-05,0.00015003000600122274,0.0,1.7315117829375115e-05,0.0,0.0,4.975124378109319e-05,0.0002743088810986949,0.0,5.551115123125783e-17,5.551115123125783e-17,9.531071292412374e-05,0.0,0.00013927869403895787,4.3203722166818004e-05,3.9761431411489134e-05,0.0,8.774392812016529e-05,0.0,1.5286779992629285e-05,0.0,0.0,0.0,0.00019452885591414448,0.0,0.00018218254691199087,0.00013930348258706093,0.0,0.0,0.0,0.0,0.00018180873720841095,2.2623205979788175e-05,0.0,0.0,2.8395377232537378e-05,0.0,0.0,0.0001990445859872958,0.0,1.6577150056373835e-05,0.00027450588939897935,0.00013285505513482843,0.0,0.0,0.0,8.596818272310625e-05,7.643389996331296e-05,0.0,0.0,0.0001881881881882208,7.053707760740213e-05,0.0,0.0001245764401036631,0.0,0.00014290461947491506,5.551115123125783e-17,6.879050996699831e-05,0.0,0.00012296444001330675,9.424675895869372e-05,0.00020556724467341025,4.7616574030795444e-05,0.0,0.0,0.0,0.0,0.0001662676243682215,0.0,0.0,5.551115123125783e-17,0.0002781203898521989,0.0,0.0,0.0,0.0,0.0,0.0,0.0,1.9920318725108466e-05,0.0002103723795363055,0.0,0.0,0.0,0.00011523596780482759,0.0005434662052750117,5.551115123125783e-17,0.0,0.0,0.0003666106665907165,0.0,0.0,0.0,0.0,0.0,0.0,0.0003345997754943819,0.00019607843137253722,0.0,4.975124378109319e-05,0.0,4.0441708598293324e-05,0.0,0.0,0.00048293246012859337,0.0,0.0,0.0,0.000344843441077769,0.0,0.0,9.478313618438428e-05,0.0,0.00017533676751557703,0.000298388701014507,0.0,0.0,0.0,0.0,0.0,0.00012869109457630534,0.0,0.0001878743673054406,0.0,5.551115123125783e-17,0.00031332490406155156,0.0,0.0001493726349333091,0.00024268771367075281,0.00038765928906769886,0.00035063330244039514,0.0,0.0006107831365486094,9.938382031404736e-05,0.00013222087902592383,0.00019972039145199627,0.00017747995775113656,0.0,0.0,9.924573243347279e-05,0.0,0.0,0.0
0.5,mean_auprc,0.7021693096387096,0.9432900395211555,0.6155106132056108,0.5915949540879338,0.8329963751853215,0.5974727302573655,0.812407639109672,0.6786854686043515,0.699090903656469,0.6707020596417843,0.6935300758804512,0.6684489011790719,0.9662634961301637,0.8301514398577177,0.627361269164787,1.0,0.8135094000011414,0.93623668571424,0.9999999999999998,0.9006586939372895,0.8798425466111529,0.9403695059259403,0.7996496170777534,0.6740707382110096,0.9315154630986594,0.6588926041819936,0.7133201667639766,1.0,1.0,0.9774961764541257,0.9654872432610279,0.8498226518339685,0.9999999999999998,0.8538748876552475,0.87820123781334,0.9214534226859574,0.9367516584092073,0.9584227181516869,0.7723845059359993,0.9302965906082885,0.8062149724468572,1.0,0.925086458362063,0.983563460154866,0.963058192337583,0.6374258811535968,0.8786398053526409,0.9685378839448353,0.620044117362341,0.9999999999999999,0.9339034727897249,0.7833944336199189,0.9218365913804107,0.7062804325115486,0.9632431902126679,0.725680333487901,0.9999999999999998,0.8849361450099271,0.8975529100529102,1.0000000000000002,0.8729966783947656,0.9166813578578284,0.9020202020202019,0.8226804014873307,0.6647182690719308,0.722320088836023,1.0,0.9556679499143375,0.9390875187298942,0.9501683562002621,0.8043032891638944,1.0,1.0000000000000002,0.8713597275005163,0.9062887420118717,0.9587361622510616,1.0000000000000002,0.7888876466809663,0.9227980786576051,1.0,0.9218448680948681,0.8568111458690577,1.0,1.0,0.9261264156850965,1.0,0.8425002568479494,0.9142852873622103,0.8953645919582596,0.9431068119187316,0.8300802721692703,0.7026179562353949,1.0,1.0,0.7856665519858935,0.7883090315236807,1.0,1.0,0.9511099692778618,0.9585233167711582,0.7892680827225664,0.9945944366526414,0.918377153271374,0.9999999999999998,1.0,0.7745909087451128,0.9697963248120083,0.9999999999999999,0.875146264369552,0.9631288924782684,1.0,0.9999999999999999,0.8957771450694254,1.0,1.0,0.8762499458924574,0.832714937446577,0.8308073625363335,0.8303396231955148,0.9567272314872115,0.9291603976803052,0.9999999999999999,0.9408412512732366,0.8307156119007935,0.9095465441421324,0.9411528800576789,1.0,0.8840233412998817,0.730523142709607,0.9999999999999998,0.9999999999999999,0.9445641858141858,0.9203377059688345,0.955896583575155,0.8817513014369378,0.8463841110018622,0.7934507924385736,1.0,1.0,0.9252395529987132,0.9795894566668517,1.0,0.9999999999999999,0.9086339430076811,0.7268605982417865,0.9901263007525631,1.0,1.0,0.9646310278991544,0.9999999999999999,0.8063221438504269,0.9540104470528444,0.6953890940697023,1.0,0.9269698411610177,0.7650482445559836,1.0,1.0,0.846804235225054,0.9609493657142651,0.8861793361984943,0.9999999999999998,0.9073470465834848,0.9999999999999998,1.0,0.9843629660028654,0.8368700331174079,1.0,1.0,1.0,0.907999481218422,1.0,0.9470015389668651,0.9194885824591685,0.9849413086913087,0.9999999999999999,0.9511242722099124,1.0,0.9095515595515595,0.9999999999999999,1.0,1.0,0.7921986751484118,1.0,0.8547784542943905,0.9235341099389087,1.0,1.0,1.0,1.0,0.9127119632860794,0.9945640128888517,1.0,1.0,0.9893445839874411,1.0,1.0,0.8113747461934104,1.0,0.9953608148912587,0.8231227757340935,0.9394439266524754,1.0,1.0,1.0,0.9633890963559935,0.9552794427794427,1.0,1.0000000000000002,0.8853668940860414,0.9771576173285479,1.0,0.9683247946892473,0.9999999999999998,0.9090526038784607,1.0,0.9627604233373463,1.0,0.9031564129318135,0.944965015770173,0.8494228278526645,0.9433914716439502,1.0,1.0,1.0,0.9999999999999998,0.8088677745894428,1.0,1.0,0.5375850340136055,0.8663846271508577,1.0,0.9999999999999999,0.9999999999999998,0.9999999999999999,0.9999999999999998,1.0,1.0,0.9442207582489452,0.8694337415408393,1.0,1.0,1.0,0.7444897782770019,0.7060096103118545,0.9999999999999999,1.0,1.0,0.827969487275706,1.0,1.0,1.0,1.0,1.0,1.0,0.7912872601718021,0.7929613967058835,0.9999999999999998,0.9843629660028654,1.0,0.732649232792701,1.0,1.0,0.7787941733388339,1.0,1.0,1.0,0.8361302422496089,1.0,1.0,0.9484964576351131,1.0,0.9029908808099449,0.7561620910240621,0.9999999999999999,0.9999999999999998,1.0,1.0,1.0,0.7232304942876787,1.0,0.8948977719811053,1.0,1.0,0.8895802238628978,1.0,0.9138002532339757,0.7642025619937374,0.7714138292834203,0.7274496603681375,0.9999999999999998,0.8677975718650733,0.91774247577819,0.9109209892551373,0.863437622527768,0.9235815285034708,1.0,1.0,0.8785714285714284,1.0,1.0,1.0
0.5,stde_auprc,0.010650707711031326,0.043836883475332544,0.04323131001152325,0.013715074265386984,0.05316022757308664,0.023240591426109847,0.04979943549834914,0.03462286019466915,0.043061505013936796,0.014871971280639995,0.066439824331741,0.045942681980124966,0.03373650386983634,0.0480568541819813,0.0272325055040315,0.0,0.0350056308980235,0.06376331428576021,5.551115123125783e-17,0.06311902024651916,0.06178056652126329,0.05963049407405979,0.038558669087948305,0.023790249468982505,0.04703022559509307,0.037609669086544895,0.016072537101322504,5.551115123125783e-17,0.0,0.022503823545874213,0.03451275673897214,0.07676844072610511,5.551115123125783e-17,0.08154812105156523,0.023611976246400768,0.07854657731404274,0.052154956831559296,0.04157728184831305,0.05576492309669323,0.06970340939171144,0.04306350943118126,0.0,0.01164375916795507,0.016436539845133935,0.036941807662416726,0.022901518056451464,0.09956659142016477,0.03146211605516469,0.025382725835624453,1.1102230246251565e-16,0.06609652721027492,0.023943472853701686,0.04658317671709411,0.01802715580002595,0.03675680978733209,0.030434436979156987,5.551115123125783e-17,0.06169802183365902,0.10244708994709006,0.0,0.04055548912495904,0.08331864214217155,0.09797979797979789,0.07459268256203677,0.0185522292424386,0.030684523809523745,1.1102230246251565e-16,0.024430781193292395,0.01864651015232449,0.04983164379973798,0.03152001795917053,0.0,0.0,0.05389224822449046,0.03407556920905891,0.04126383774893838,0.0,0.08917156316211772,0.0772019213423949,0.0,0.0781551319051319,0.051965746025871784,0.0,0.0,0.03783202668483321,0.0,0.07044160128503374,0.08571471263778946,0.06916688156261663,0.05689318808126864,0.05596252347161379,0.035217613341324616,0.0,0.0,0.012004599923303716,0.033717661750457206,0.0,0.0,0.048890030722138156,0.04147668322884174,0.0016189894955987438,0.0054055633473585885,0.08162284672862591,0.0,0.0,0.00901694800189251,0.030203675187991497,1.1102230246251565e-16,0.05105577325294075,0.03111074443742562,1.1102230246251565e-16,1.1102230246251565e-16,0.053760351996258615,0.0,5.551115123125783e-17,0.12375005410754236,0.019127318604068577,0.01827927830037912,0.05903125698776435,0.028611591359107624,0.05666906226237589,1.1102230246251565e-16,0.05915874872676341,0.007312322448055519,0.09045345585786774,0.05884711994232128,0.0,0.051234893809328164,0.027739421019550015,0.0,1.1102230246251565e-16,0.05543581418581417,0.07966229403116548,0.04410341642484494,0.08306589362332911,0.026430365860841076,0.029895604026209055,0.0,1.1102230246251565e-16,0.0682161883613761,0.005323035917265351,0.0,1.1102230246251565e-16,0.007406361754187851,0.06364945547936096,0.0033813234851120533,0.0,0.0,0.001456676759382991,0.0,0.016348081356230226,0.04598955294715534,0.008965502798498337,0.0,0.07303015883898234,0.03273101134327461,0.0,0.0,0.058277946690345805,0.03905063428573485,0.019535694109691693,5.551115123125783e-17,0.027962115433511237,0.0,0.0,0.01563703399713462,0.04373349143002231,5.551115123125783e-17,0.0,0.0,0.013707845217470371,0.0,0.02744521526530863,0.013559153091956544,0.015058691308691308,1.1102230246251565e-16,0.04887572779008764,0.0,0.017307692307692246,1.1102230246251565e-16,0.0,0.0,0.009645010700666035,5.551115123125783e-17,0.023836430117293195,0.07646589006109128,1.1102230246251565e-16,0.0,0.0,0.0,0.08728803671392055,0.005435987111148344,0.0,0.0,0.010655416012558927,0.0,0.0,0.08466552797048155,1.1102230246251565e-16,0.004639185108741339,0.06412596074239163,0.06055607334752433,0.0,5.551115123125783e-17,0.0,0.03661090364400649,0.04472055722055712,0.0,0.0,0.028462319169320183,0.022842382671452055,0.0,0.031675205310752796,0.0,0.02374632235088825,5.551115123125783e-17,0.03723957666265365,0.0,0.023274415152828187,0.055034984229827,0.0671617220221899,0.010604135534468762,0.0,0.0,0.0,5.551115123125783e-17,0.027241739618092786,5.551115123125783e-17,0.0,0.0071428571428571175,0.07243399277200357,0.0,1.1102230246251565e-16,0.0,0.0,0.0,0.0,0.0,0.015064213564213558,0.03556214224641385,0.0,0.0,0.0,0.012632933676131997,0.0948475694260667,1.1102230246251565e-16,0.0,0.0,0.08753586935141283,0.0,0.0,0.0,0.0,0.0,0.0,0.06798443993588454,0.05350867539450016,0.0,0.015637033997134564,0.0,0.004020273141033315,0.0,0.0,0.08573814105545324,0.0,0.0,0.0,0.07487160726798453,0.0,0.0,0.05150354236488708,0.0,0.046457301297769205,0.10418585375370731,1.1102230246251565e-16,0.0,0.0,0.0,0.0,0.03620295506108662,0.0,0.10510222801889463,0.0,0.0,0.09291615511878021,0.0,0.04931127771941651,0.03916974981934157,0.036841259521932235,0.031055627613558456,5.551115123125783e-17,0.10261478431105142,0.08225752422180982,0.040424996124706736,0.05305538089167422,0.07641847149652925,0.0,1.1102230246251565e-16,0.12142857142857133,0.0,0.0,0.0
0.5,mean_auprc_w,0.9959122652244757,0.9996652536351825,0.9968529098897932,0.9881401079907204,0.9978301775530818,0.9954199968420784,0.9980505843348738,0.9964918046535782,0.9966707563318755,0.997750900734987,0.9966732277668362,0.9927261045453942,0.9996768748125497,0.998067165411819,0.9975929914514744,1.0000000000000002,0.9981444795825536,0.9997193996502844,1.0,0.9988520148750877,0.9993309508911079,0.9996326456976824,0.9975738919768674,0.9985604522555671,0.9995243232419402,0.9964914861919264,0.9925627585041659,1.0,1.0,0.9998747392642909,0.9997436738360316,0.9976737280251454,0.9999999999999998,0.9986432434238178,0.9990109011088621,0.9994863342167084,0.9995425784787868,0.9997141479819531,0.9988200203224249,0.9992251090530353,0.9969387113561007,1.0,0.9994762598377175,0.9999198444500801,0.9997568668223208,0.994383079067281,0.9987342999488292,0.9997751849018572,0.9975147674728145,1.0,0.9995700848854017,0.996441744177579,0.9993860042663302,0.9945697394932225,0.9998110435574288,0.9958610855730012,0.9999999999999998,0.9986974883985003,0.9997323491618876,1.0000000000000002,0.998936216815764,0.9996604276965189,0.9997178710735611,0.9984021044822704,0.9940060660397295,0.9982588879229835,1.0,0.9997782287893334,0.9995603294825264,0.999606948486401,0.9964955410232521,1.0,1.0000000000000002,0.9987610562554223,0.9993406836379463,0.9998143243691355,1.0000000000000002,0.9970918203032273,0.9994179013657684,1.0,0.9996749932781009,0.9987029885784803,1.0,1.0,0.9993677068967688,1.0,0.9981058814446429,0.9996872880022917,0.9990278378600994,0.9996217732890085,0.9987017148821451,0.9905703173106724,1.0,1.0,0.997054297117145,0.9970032270851155,1.0,1.0,0.9996515079008808,0.9998054528016194,0.9966744774164717,0.9999654047258671,0.9996056987352522,1.0,1.0,0.9953937343742434,0.999874262346035,0.9999999999999999,0.9987400020658594,0.9997304824747004,1.0,1.0,0.9993536860102494,1.0,1.0,0.9989957021587801,0.9984223259605576,0.9984495846654661,0.9989439448007298,0.9997506058773376,0.999551192641591,0.9999999999999999,0.9997689434084818,0.9983550379469999,0.9995153991446404,0.9997251653181647,1.0,0.9989804725002758,0.9947598462125276,1.0,0.9999999999999999,0.9996301281332969,0.9994856952945129,0.999859110384143,0.9990157835885551,0.9985117663703801,0.9968050940756368,1.0,1.0,0.9995532743538155,0.9998972189823734,1.0,0.9999999999999999,0.9995074694548157,0.995569591865661,0.9999226899670415,1.0,1.0,0.9998254093100613,0.9999999999999999,0.9973961713780686,0.9997159514238962,0.9919376479633308,1.0,0.9997250556661976,0.9966775625922886,1.0,1.0,0.9979775620194378,0.9998245302082,0.998764312749242,0.9999999999999998,0.9994653623466463,0.9999999999999998,1.0,0.9999334739505228,0.9982268654973233,1.0,1.0,1.0,0.9991084167846054,1.0,0.9995555292234142,0.9994515872413796,0.9999513777852902,0.9999999999999999,0.9998072383415656,1.0,0.9997282442181032,1.0,1.0,1.0,0.9931697369666812,1.0,0.9980670954710362,0.9995934763634166,1.0,1.0,1.0,1.0,0.9994648065284311,0.999974994509381,1.0,1.0,0.999967946620647,1.0,1.0,0.9987535810683152,1.0,0.9999824108151325,0.9983358771252628,0.9995742892495845,1.0,1.0,1.0,0.99981969018813,0.9998668669414933,1.0,1.0,0.9986434460604303,0.9998824089775064,1.0,0.9998054020126607,1.0,0.9993715391284131,1.0,0.9998910552398166,1.0,0.9993277671010421,0.9997475201451081,0.9987167742068244,0.9997141660715043,1.0,1.0,1.0,0.9999999999999998,0.9983529039024286,1.0,1.0,0.9985092110881253,0.9988132622534993,1.0,0.9999999999999999,0.9999999999999998,1.0,0.9999999999999998,1.0,1.0,0.9996942194625525,0.9984541051396485,1.0,1.0,1.0,0.9951360236087513,0.9963960612806324,0.9999999999999999,1.0,1.0,0.9987187101323072,1.0,1.0,1.0,1.0,1.0,1.0,0.9979048780677804,0.9980228870187511,0.9999999999999998,0.9999334739505228,1.0,0.9960390474942126,1.0,1.0,0.9965570141363975,1.0,1.0,1.0,0.9988813220044462,1.0,1.0,0.9997400305143119,1.0,0.9992359941947165,0.9983517532482606,1.0,0.9999999999999998,1.0,1.0,1.0,0.9985531343334417,1.0,0.9994728415456131,1.0,1.0,0.998876699108764,1.0,0.9995202483084271,0.9963093662279292,0.9952577610318641,0.9945198107594095,0.9999999999999999,0.9982621320419297,0.9996790107214207,0.999244282962314,0.998393040230656,0.9995639145561813,1.0,1.0,0.99974524021394,1.0,1.0,1.0
0.5,stde_auprc_w,0.00019771847490546168,0.0002651167690134182,0.0005767853713888327,0.00017528918321163545,0.0008197407386801303,0.0007236222223224731,0.0006726853518710385,0.0004902647810191563,0.0006349234623605482,0.00020943205435047796,0.0011134272708657744,0.0015456436518509475,0.0003231251874502572,0.0006612848185299502,0.0003351394944700603,0.0,0.0004731347427677224,0.0002806003497157761,5.551115123125783e-17,0.0007816885409283603,0.00038896137794369734,0.0003673543023176018,0.0005992161022666531,0.0002491794929230795,0.00034139075404043817,0.0005722181207764576,0.0005410085088786154,0.0,1.1102230246251565e-16,0.0001252607357088431,0.00025632616396842334,0.001357084134788078,5.551115123125783e-17,0.0008655516297761956,0.00022198868646361447,0.0005136657832917613,0.0003863553639731343,0.00028585201804681715,0.0004112787187172118,0.0007748909469645349,0.0008356745877690086,0.0,9.650229777491415e-05,8.015554991974705e-05,0.00024313317767921117,0.0007527500408674448,0.0011248076976074772,0.0002248150981427055,0.00031845194595725435,0.0,0.0004299151145981672,0.0005305966768638926,0.0003818069599420548,0.0004843309067444346,0.00018895644257116428,0.0006859210800464477,5.551115123125783e-17,0.0007550828271495891,0.00026765083811242096,0.0,0.0003714935557102561,0.0003395723034810838,0.00028212892643886267,0.000799440975436605,0.0005118248988494889,0.0003751317783356467,0.0,0.00012567237623917205,0.00014251737975451428,0.0003930515135989743,0.0007472601754706654,0.0,0.0,0.0005949855817936056,0.00026355968271463137,0.00018567563086441252,0.0,0.0015423125224042766,0.0005820986342316425,0.0,0.0003250067218990571,0.0005414269411068151,0.0,0.0,0.00034834139148615106,0.0,0.0009932711198036848,0.0003127119977083259,0.000681714625773655,0.0003782267109918025,0.000507076385395766,0.001488429319530138,0.0,0.0,0.00023791784385690518,0.0006035700970849489,0.0,0.0,0.0003484920991193019,0.0001945471983806346,2.860010353838982e-05,3.459527413285368e-05,0.0003943012647480426,0.0,0.0,0.00026575746920975973,0.00012573765396517445,1.1102230246251565e-16,0.0005966995207383197,0.00023035332571352818,1.1102230246251565e-16,0.0,0.0003743241380888551,0.0,5.551115123125783e-17,0.0010042978412198034,0.00029958583410871764,0.00021061874837924321,0.00042582205646679583,0.00016702344488883636,0.0003678527143234356,1.1102230246251565e-16,0.00023105659151817504,7.416093792977918e-05,0.0004846008553597847,0.00027483468183558957,0.0,0.0005409539966399479,0.0009646689385654494,0.0,1.1102230246251565e-16,0.00036987186670306427,0.0005143047054870786,0.0001408896158568984,0.0007351137404074115,0.0002809878527009202,0.0006026994683628328,0.0,0.0,0.0004127489204718282,2.7209771316927256e-05,0.0,1.1102230246251565e-16,5.0466479385335994e-05,0.001439669664241805,2.6646303842192687e-05,0.0,0.0,5.62368000822655e-06,0.0,0.0002654044396946942,0.00028404857610359047,0.0005016090013559849,0.0,0.00027494433380242933,0.0006528236455160541,0.0,1.1102230246251565e-16,0.0009023098192479373,0.00017546979180005362,0.00023848960668226837,5.551115123125783e-17,0.00020709919064376692,0.0,0.0,6.652604947726681e-05,0.0005652416781551928,0.0,1.1102230246251565e-16,0.0,0.00014561807677848648,0.0,0.00023934281035248306,9.990061105119574e-05,4.8622214709748146e-05,1.1102230246251565e-16,0.00019276165843440385,0.0,5.7917842424926036e-05,0.0,0.0,0.0,0.00044005880588821045,0.0,0.0003723006861321432,0.0004065236365834446,0.0,0.0,0.0,1.1102230246251565e-16,0.0005351934715688844,2.500549061901225e-05,0.0,0.0,3.205337935296981e-05,0.0,0.0,0.0007221205913679474,0.0,1.7589184867494723e-05,0.0007060487221024481,0.00042571075041542006,0.0,5.551115123125783e-17,0.0,0.00018030981186983874,0.00013313305850670698,0.0,0.0,0.0003788806010587842,0.00011759102249353504,0.0,0.00019459798733933997,0.0,0.00018688725972726417,0.0,0.00010894476018341592,0.0,0.00018338311575061272,0.00025247985489185165,0.0006639071750612069,5.8629698067858005e-05,1.1102230246251565e-16,0.0,0.0,5.551115123125783e-17,0.0002982363927298559,0.0,0.0,4.9450950163953955e-05,0.0007404380865907445,0.0,1.1102230246251565e-16,0.0,0.0,0.0,0.0,0.0,8.892217734712826e-05,0.0004958924708362566,0.0,0.0,0.0,0.0003662831056876481,0.0016971481334139282,1.1102230246251565e-16,0.0,0.0,0.0007467469009156402,0.0,0.0,0.0,0.0,0.0,0.0,0.0008267913196777776,0.0007586559087376377,0.0,6.65260494772113e-05,0.0,0.0003457161575325385,0.0,0.0,0.0018045039345794822,0.0,0.0,0.0,0.0005998665299556949,0.0,0.0,0.0002599694856882939,0.0,0.00040397622713428394,0.0009618089526921003,5.551115123125783e-17,0.0,0.0,0.0,0.0,0.00022598856385896982,0.0,0.0005271584543871111,0.0,0.0,0.000992715020353474,0.0,0.0002915677524021332,0.0008281265466755783,0.0010448371909121956,0.0008912410602718301,1.1102230246251565e-16,0.0014400718635038112,0.00032098927857904247,0.0003663654529048599,0.0007820367285910068,0.000436085443818679,0.0,0.0,0.00025475978605982164,0.0,0.0,0.0
0.5,mean_auprc_p,1.0,0.9999999999999999,0.9999999999999998,1.0,1.0,1.0,1.0,1.0,1.0,1.0000000000000002,0.9999999999999999,0.9999999999999998,1.0,1.0,1.0,1.0,0.9999999999999999,1.0,1.0,1.0000000000000002,0.9999999999999998,1.0,1.0,0.9999999999999998,1.0,1.0,1.0,1.0,1.0,1.0,1.0,1.0,0.9999999999999998,1.0,1.0,1.0000000000000002,0.9999999999999999,0.9999999999999999,1.0,1.0,1.0,1.0,0.9999999999999998,0.9999999999999998,0.9999999999999999,1.0000000000000002,0.9999999999999998,1.0,1.0,0.9999999999999998,0.9999999999999998,1.0,1.0,0.9999999999999998,0.9999999999999998,1.0000000000000002,0.9999999999999999,1.0000000000000002,1.0,1.0,1.0,1.0,1.0,0.9999999999999999,1.0000000000000002,1.0,1.0,0.9999999999999998,0.9999999999999998,1.0,0.9999999999999999,1.0,1.0000000000000002,1.0,1.0,1.0000000000000002,1.0,1.0000000000000002,1.0,1.0,1.0,0.9999999999999998,1.0,1.0,0.9999999999999998,1.0,1.0,0.9999999999999998,0.9999999999999998,1.0,1.0,1.0,1.0,1.0,1.0,0.9999999999999999,1.0,1.0,0.9999999999999999,1.0000000000000002,1.0,1.0,1.0,0.9999999999999998,1.0,1.0,0.9999999999999998,0.9999999999999998,1.0,0.9999999999999999,1.0,0.9999999999999998,1.0,1.0,0.9999999999999998,1.0,1.0,0.9999999999999998,0.9999999999999998,1.0,1.0,0.9999999999999999,1.0,1.0,1.0,1.0,1.0,1.0,1.0,1.0,1.0,1.0,1.0,0.9999999999999998,1.0,1.0,1.0,1.0,1.0,1.0,0.9999999999999998,1.0,0.9999999999999998,0.9999999999999998,0.9999999999999998,1.0,1.0,1.0,0.9999999999999998,1.0,1.0000000000000002,1.0,1.0,1.0,1.0,1.0,1.0,1.0,1.0000000000000002,1.0000000000000002,1.0,1.0,0.9999999999999998,0.9999999999999998,1.0,1.0000000000000002,1.0,1.0,1.0,1.0,1.0,1.0,0.9999999999999998,1.0,1.0,0.9999999999999998,1.0,1.0,0.9999999999999998,0.9999999999999998,1.0,1.0,0.9999999999999998,1.0,1.0,1.0000000000000002,1.0000000000000002,1.0,1.0,1.0,0.9999999999999998,0.9999999999999998,1.0,1.0,0.9999999999999998,1.0,1.0,1.0000000000000002,1.0,1.0,1.0,1.0,1.0,0.9999999999999998,0.9999999999999998,0.9999999999999998,0.9999999999999998,1.0,1.0,1.0,0.9999999999999998,1.0,1.0,0.9999999999999998,1.0,1.0,0.9999999999999998,0.9999999999999998,1.0,0.9999999999999999,0.9999999999999999,0.9999999999999998,1.0,1.0,1.0,0.9999999999999999,0.9999999999999999,1.0,1.0,0.9999999999999999,1.0,1.0,0.9999999999999998,0.9999999999999998,1.0,0.9999999999999998,1.0,1.0,1.0,1.0,1.0,1.0,1.0,0.9999999999999999,1.0,0.9999999999999998,1.0,1.0,1.0,1.0,1.0,1.0,1.0,1.0,1.0,0.9999999999999998,1.0,0.9999999999999998,1.0000000000000002,1.0,1.0,1.0,1.0,1.0,1.0,1.0,1.0,1.0,1.0,1.0,1.0,1.0,1.0,1.0,0.9999999999999998,0.9999999999999998,1.0,1.0,1.0,1.0,1.0,1.0,1.0,1.0,1.0,1.0,0.9999999999999998,1.0,0.9999999999999998,0.9999999999999998,1.0,1.0,0.9999999999999999,0.9999999999999998,1.0,0.9999999999999998,1.0,1.0,0.9999999999999998,1.0,1.0,1.0
0.5,stde_auprc_p,0.0,0.0,0.0,0.0,0.0,5.551115123125783e-17,0.0,0.0,0.0,0.0,1.1102230246251565e-16,5.551115123125783e-17,0.0,0.0,0.0,0.0,0.0,0.0,5.551115123125783e-17,0.0,0.0,5.551115123125783e-17,0.0,0.0,5.551115123125783e-17,0.0,5.551115123125783e-17,5.551115123125783e-17,1.1102230246251565e-16,5.551115123125783e-17,0.0,0.0,5.551115123125783e-17,0.0,0.0,0.0,0.0,0.0,0.0,0.0,0.0,0.0,0.0,0.0,1.1102230246251565e-16,0.0,5.551115123125783e-17,0.0,0.0,0.0,2.220446049250313e-16,0.0,0.0,0.0,0.0,0.0,0.0,0.0,0.0,0.0,0.0,0.0,5.551115123125783e-17,1.1102230246251565e-16,0.0,1.1102230246251565e-16,0.0,0.0,5.551115123125783e-17,5.551115123125783e-17,0.0,0.0,0.0,0.0,5.551115123125783e-17,0.0,1.1102230246251565e-16,0.0,5.551115123125783e-17,0.0,0.0,0.0,0.0,0.0,2.220446049250313e-16,0.0,0.0,0.0,5.551115123125783e-17,1.1102230246251565e-16,5.551115123125783e-17,5.551115123125783e-17,0.0,0.0,1.1102230246251565e-16,0.0,0.0,0.0,0.0,0.0,0.0,0.0,0.0,0.0,0.0,0.0,0.0,0.0,1.1102230246251565e-16,1.1102230246251565e-16,0.0,0.0,0.0,0.0,5.551115123125783e-17,5.551115123125783e-17,0.0,0.0,5.551115123125783e-17,0.0,0.0,0.0,0.0,5.551115123125783e-17,0.0,1.1102230246251565e-16,0.0,0.0,0.0,0.0,5.551115123125783e-17,1.1102230246251565e-16,0.0,5.551115123125783e-17,0.0,0.0,0.0,0.0,0.0,0.0,5.551115123125783e-17,0.0,0.0,5.551115123125783e-17,5.551115123125783e-17,0.0,0.0,0.0,0.0,0.0,0.0,0.0,5.551115123125783e-17,0.0,0.0,0.0,0.0,0.0,0.0,0.0,5.551115123125783e-17,5.551115123125783e-17,0.0,0.0,0.0,0.0,0.0,0.0,1.1102230246251565e-16,0.0,1.1102230246251565e-16,0.0,0.0,5.551115123125783e-17,0.0,5.551115123125783e-17,0.0,0.0,0.0,0.0,0.0,0.0,5.551115123125783e-17,0.0,0.0,0.0,0.0,0.0,0.0,0.0,0.0,0.0,0.0,0.0,0.0,0.0,0.0,0.0,1.1102230246251565e-16,0.0,0.0,0.0,0.0,0.0,0.0,0.0,0.0,0.0,1.1102230246251565e-16,0.0,0.0,0.0,5.551115123125783e-17,0.0,0.0,5.551115123125783e-17,0.0,0.0,0.0,1.1102230246251565e-16,1.1102230246251565e-16,0.0,0.0,0.0,0.0,0.0,0.0,0.0,0.0,1.1102230246251565e-16,5.551115123125783e-17,0.0,0.0,5.551115123125783e-17,5.551115123125783e-17,5.551115123125783e-17,0.0,0.0,0.0,1.1102230246251565e-16,0.0,0.0,0.0,1.1102230246251565e-16,0.0,0.0,0.0,0.0,5.551115123125783e-17,0.0,0.0,0.0,0.0,0.0,0.0,0.0,5.551115123125783e-17,0.0,0.0,0.0,1.1102230246251565e-16,0.0,0.0,0.0,0.0,0.0,0.0,0.0,0.0,0.0,0.0,0.0,0.0,1.1102230246251565e-16,0.0,0.0,0.0,0.0,0.0,0.0,0.0,1.1102230246251565e-16,0.0,0.0,0.0,0.0,0.0,0.0,0.0,0.0,5.551115123125783e-17,1.1102230246251565e-16,0.0,0.0,5.551115123125783e-17,0.0,0.0,1.1102230246251565e-16,0.0,0.0,0.0,0.0
0.7,mean_auroc,0.9983088888888888,0.9998735574049382,0.9989221339151213,0.9970678702774991,0.9990164668190064,0.9985869472365386,0.9992035198787097,0.9986060079589608,0.9983030545018967,0.999075864422202,0.9990658782558224,0.9975170674309148,0.9999025170107816,0.9991229026921888,0.9991435139137547,1.0,0.9991038861383537,0.9999005370996619,0.9998008364867557,0.9995455606697352,0.9998868839701012,0.9998052049244195,0.9991237377910365,0.9995031796502385,0.999481555333998,0.9989059694793537,0.9967653639481358,1.0,0.9999025170107816,0.9999042101552562,0.9998738070362849,0.9992962219993313,1.0,0.9996464214428287,0.9995245753460036,0.9999083665338645,0.9997780408404855,0.999845322554034,0.9996139267162713,0.9995520843299095,0.9984918953766808,1.0,0.9996172008698225,0.9999090956313959,0.9997972006819557,0.99832,0.9995625152797972,0.9998441551964892,0.9991379881970691,1.0,0.9999077395450453,0.9986826176742861,0.9997094627114466,0.997792051384986,0.9999004380724811,0.9987251382705018,1.0,0.9994934143870313,0.999900714853058,1.0,0.9995751354433988,0.9997452276794592,0.9999006951340615,0.9991958693076012,0.9977120527863363,0.9995721393034825,1.0,0.999987013661628,0.9996856030375583,0.999900299102692,0.9981083111980987,1.0,0.999914695177434,0.9995646250140857,0.9996311066799601,0.9999203980099503,1.0,0.9989618771262758,0.9998967795210569,0.9999072233267065,0.9998210735586481,0.9993146101372938,1.0,0.9999005568814638,0.999603337362922,1.0,0.9991802708367761,0.9999006359300477,0.9996899078132719,0.9998725099601594,0.9995679627783318,0.9968656696553345,1.0,1.0,0.9988272042397819,0.998387838850672,1.0,1.0,0.9998391600293373,0.9999431301182893,0.9983065864259444,0.9998488104275769,0.9999005370996619,1.0,1.0,0.9981230524708786,0.9999162251031478,1.0,0.9993639234953501,0.9996221190355268,1.0,1.0,0.9997211155378486,1.0,1.0,0.9995601805749186,0.9995813091989973,0.9990474699939556,0.9997468963685853,0.9999501892807332,0.9998671449448652,1.0,1.0,0.999395583025869,0.9997412935323383,0.9999004975124378,1.0,0.9994335990233252,0.9983159224271767,1.0,0.9999047668519384,0.9997131474103585,0.9997969255291431,0.9999290115569186,0.9997430409441583,0.9992701066412613,0.9987104402480934,0.9999356544527118,1.0,0.9997011952191235,0.9998298811657704,1.0,1.0,0.9999004380724811,0.9974249946199455,0.9997477216107975,1.0,1.0,0.9998701366162797,1.0,0.9988291300127872,0.999908041749046,0.9966511802590032,1.0,0.9998277004638834,0.9983077732494681,1.0,0.9999089343665143,0.9991719176077277,1.0,0.9990889482244275,0.9998528214984503,0.9999004380724811,1.0,1.0,0.9999203980099503,0.9991515021898217,0.999811320754717,1.0,0.9999005568814638,0.9996861720428107,1.0,0.9998712329055113,0.9997806580259223,0.9999469847581179,1.0,1.0,1.0,0.9999159227100404,1.0,1.0,1.0,0.9964368397626588,1.0,0.9993004190198579,0.9998457711442786,1.0,1.0,1.0,1.0,0.9998268488217062,0.9999547535880404,1.0,1.0,0.9999077150239941,1.0,1.0,0.9997962162572036,1.0,1.0,0.9994703977285331,0.9998560736902706,1.0,1.0,1.0,1.0,0.9998471322000734,1.0,0.999900714853058,0.9990510510510511,0.9999211644426741,1.0,0.9998433896181553,1.0,0.999757394483217,0.999857095380525,0.9999159227100404,1.0,0.9996211365902293,0.9998795735857751,0.9994195748385692,0.9999350683081398,1.0,1.0,1.0,1.0,0.9992049384507484,1.0,1.0,0.9995037713378325,0.9996342112263901,1.0,1.0,0.999900616179686,1.0,0.999904982534885,1.0,0.9999367934409651,1.0,0.9992749301482002,1.0,1.0,1.0,0.9977159640227399,0.9990156606996295,1.0,1.0,1.0,0.9995444061619065,1.0,1.0,1.0,1.0,1.0,0.9999138502319417,0.9993793713841637,0.999481555333998,1.0,0.9999502487562189,1.0,0.9989208449337181,1.0,1.0,0.9989673883169607,1.0,1.0,1.0,0.9997815991539841,1.0,1.0,0.9999052168638156,1.0,0.9997732714213161,0.9996021483986473,0.9999411796644526,1.0,0.9999005964214711,1.0,1.0,0.9996139267162711,1.0,0.9996629312821874,1.0,1.0,0.9998003593531644,0.999900773963088,0.9997385978888668,0.9988217335640625,0.9984694835680751,0.9980954587581093,1.0,0.9992349576412514,1.0,0.9995844486659183,0.999600559217096,0.9997013142174432,1.0,1.0,1.0,1.0,1.0,1.0
0.7,stde_auroc,0.00032222222222222374,3.448434410774359e-05,0.0003246584593008528,0.00028418589100631664,0.00021790854908243507,0.0005445770095959812,0.0001357345544321098,0.0003903177714910111,0.0005379206317517871,0.0002701319381255285,5.743790659984427e-05,0.00029853441446475726,9.748298921841148e-05,0.0002363163730889628,0.000248657250845441,0.0,0.00013927869403884685,9.946290033813199e-05,0.00019916351324439363,0.0002584884263891474,0.00011311602989882985,4.328779457385412e-06,0.00014568131017506092,0.00020637152990099494,0.00013958125623131368,0.00019013066028328307,0.0008619582958901417,0.0,9.748298921835596e-05,9.57898447437322e-05,0.00012619296371507716,0.00036609829488470913,0.0,0.00032506415739946837,0.00015847488466541604,9.163346613549894e-05,8.685358415788658e-05,3.0935489193195664e-05,0.00018718704665643404,0.0002696191412195348,6.413967318374958e-05,0.0,9.328718298440286e-05,9.090436860414997e-05,7.905736127156171e-05,0.0005600000000000049,0.00012867197653021467,0.00015584480351088503,0.0002652344009017593,0.0,9.226045495475121e-05,0.00018773507344327367,0.00020249568596153456,0.0006212842423199971,9.956192751892079e-05,0.0005507710795113474,0.0,5.108426349259565e-05,9.928514694201862e-05,0.0,4.2771599657875914e-05,0.0002547723205408303,9.930486593845433e-05,0.00025998210355748785,0.00037810042347247164,4.975124378103768e-05,0.0,1.2986338372045214e-05,0.0003143969624416765,9.970089730809706e-05,0.000709201267533377,0.0,8.530482256596805e-05,9.219705584073701e-05,7.643735460283185e-05,7.96019900497491e-05,0.0,0.00010006003602164304,0.00010322047894301134,9.277667329354866e-05,1.9880715705744567e-05,0.0003130126932044397,0.0,9.944311853615773e-05,0.0002833304550556859,0.0,0.00023265522669746463,9.93640699523124e-05,0.00019446459167687946,0.00012749003984058316,1.3293452974350028e-05,0.0006565900792788737,0.0,0.0,0.00048722057033701027,0.00032094807690885574,0.0,0.0,0.0001608399706627961,5.686988171066387e-05,0.0005901036442662044,3.538479354581181e-05,9.94629003381875e-05,0.0,0.0,0.0006509191291799721,8.377489685218453e-05,0.0,0.000358249985377479,0.00020254419695758807,0.0,0.0,0.00011155378486060741,0.0,0.0,0.0002406559118369178,5.822852199377504e-05,0.00034809170192556804,0.00015352187479256152,4.9810719266796255e-05,0.00013285505513482843,0.0,0.0,5.781379752550775e-05,9.950248756218638e-05,9.950248756218638e-05,5.551115123125783e-17,0.00023771232699826284,0.0003914164671209863,0.0,9.523314806159089e-05,0.00011155378486060741,5.747390684629483e-05,7.098844308145447e-05,0.0001904520060944659,0.0003662271940338968,0.0003664700635445106,6.434554728818043e-05,0.0,0.00023505976095616887,3.7343158733271764e-05,0.0,0.0,9.956192751892079e-05,8.904917740826246e-05,0.00011562759505118203,0.0,0.0,0.00012986338372034112,0.0,0.0005892865396168734,9.195825095403842e-05,0.0004485957908499927,0.0,0.00017229953611663795,0.0002552082106371256,0.0,9.106563348570962e-05,0.0002542020366975706,0.0,0.0005196691512215912,5.1945353488180857e-05,9.956192751892079e-05,0.0,0.0,7.96019900497491e-05,0.00016505025896618175,0.00018867924528298552,0.0,9.944311853621324e-05,3.951907609051064e-05,0.0,0.00011299969516365138,4.65270854104749e-05,5.301524188205953e-05,0.0,0.0,0.0,8.40772899596276e-05,0.0,0.0,0.0,0.0007068682295152118,0.0,4.736746219713428e-05,0.00015422885572136114,0.0,0.0,0.0,0.0,1.7315117829430626e-05,4.524641195957635e-05,0.0,0.0,9.228497600588526e-05,0.0,0.0,0.00018482711555961595,0.0,0.0,8.595638960978702e-05,4.797543657647507e-05,0.0,0.0,0.0,0.0,0.0001528677999266259,0.0,9.928514694201862e-05,0.000444444444444414,7.883555732590697e-05,0.0,0.00015661038184461296,5.551115123125783e-17,0.00014290461947491506,3.6556995679615234e-05,8.40772899596276e-05,0.0,0.0003123961448986412,0.00012042641422499445,0.0001330140994945106,6.493169186017056e-05,0.0,0.0,0.0,0.0,1.5115238578944368e-05,0.0,0.0,9.92457324335283e-05,0.0001783598152313437,0.0,5.551115123125783e-17,9.938382031393633e-05,0.0,9.50174651149771e-05,0.0,6.320655903491179e-05,0.0,0.00021445728010976994,0.0,0.0,0.0,0.0006027727546714656,0.00012477540427235922,0.0,5.551115123125783e-17,0.0,0.00021355961160623993,0.0,0.0,0.0,0.0,0.0,8.614976805831898e-05,0.00019968051118213204,0.00014622798271846094,0.0,4.975124378109319e-05,0.0,0.00043208772870850787,0.0,0.0,0.0001099358445821319,0.0,0.0,0.0,7.280028200529198e-05,0.0,0.0,9.478313618443979e-05,0.0,8.766838375784403e-05,0.00019892580067631949,5.882033554738264e-05,5.551115123125783e-17,9.940357852883386e-05,0.0,0.0,0.00018718704665637853,0.0,0.0001491943505072535,0.0,0.0,0.00019964064683564153,9.92260369120368e-05,0.00011202947619992631,0.00017586066208019613,0.00015425888665321352,0.00011584800741426537,0.0,0.0003648022146621188,0.0,0.0002050772817546731,0.00019972039145194076,0.00029868578255676237,0.0,0.0,0.0,0.0,0.0,0.0
0.7,mean_auprc,0.7298038660170276,0.9616028783607502,0.6720824684958455,0.6148092569789223,0.8292205781147287,0.6380793463974346,0.8237482537544747,0.7132052765636007,0.6508308878161628,0.6799481397776009,0.7412003671117944,0.717790265335557,0.9660594777879423,0.837837308759618,0.6831182002803071,1.0,0.782310268330182,0.9292294539682311,0.9027068825782061,0.9093384562792404,0.9623025599482268,0.8907415506301628,0.8446735612274663,0.713712399968056,0.8533304285489913,0.700529090680349,0.7149310972220383,1.0,0.9662417174227659,0.954037841311008,0.9717912999714313,0.8919558620205799,0.9999999999999999,0.9074034690721139,0.8887397233608332,0.9599133387252583,0.9306828931161835,0.9484548044946484,0.7952061348220973,0.8986368345008151,0.816630137475049,1.0,0.9116069252495753,0.9577690251213006,0.9334983847073777,0.7183491526135346,0.8463227371054576,0.9581932258577432,0.6783041485912554,0.9999999999999999,0.9612782130968182,0.8158932724577266,0.9366552734779542,0.7773270843247425,0.9396924655749868,0.7875122694369481,0.9999999999999998,0.9244686000387741,0.8980820105820106,1.0,0.9030302094780152,0.8797123586391679,0.9019606782106782,0.7954310441542143,0.6976193026047465,0.7910597803347922,1.0,0.9971608810219397,0.932186531074773,0.9501008165117546,0.7756395260121244,1.0,0.9618478229021132,0.8843233361821121,0.9062750203662934,0.9659493657142652,1.0,0.8118631837150689,0.9748041517829619,0.9374479224479224,0.8790625115625115,0.8678960472608357,1.0,0.9276278460101989,0.8914835904399541,1.0,0.8350609628566681,0.9146835002604232,0.9450116417290555,0.946830113568349,0.9022911523094754,0.6851646341795712,1.0,1.0,0.8313164736703769,0.7717661864832295,1.0,1.0,0.9520707730890549,0.9818608334226425,0.7847568861903063,0.9515905356052023,0.9292294539682311,0.9999999999999999,1.0,0.8141171976307905,0.9601472020049907,0.9999999999999999,0.8690754966849817,0.9008078805771371,1.0,0.9999999999999998,0.8862738950183493,1.0,1.0,0.8111797918134571,0.912734578354318,0.7943723595493241,0.9284424029196836,0.9876943379482739,0.9688105516623209,0.9999999999999999,1.0,0.8410459461094342,0.8727045564729388,0.9338660323809318,1.0,0.8433547437582752,0.7404684221409864,0.9999999999999999,0.950701584221405,0.8731017466079386,0.9403359781170169,0.9630394407180121,0.928769685953521,0.8596107118450185,0.8169609513414315,0.9734632077841421,1.0,0.907839864079142,0.9313716620260233,1.0,0.9999999999999999,0.9396924655749868,0.671036937070125,0.9337860008068927,1.0,1.0,0.9598003941788581,1.0,0.8224208669656637,0.9604207034631009,0.7126304205593021,1.0,0.909585387379505,0.7577293790329278,1.0,0.9299944268694269,0.8497678618455473,1.0,0.8411445186073943,0.9272052582708676,0.9396924655749868,0.9999999999999999,1.0,0.9659493657142652,0.8487191520322581,0.8480122655122655,1.0,0.9268372846876307,0.9324558759411633,1.0,0.9784649460724328,0.9462966568617656,0.9779042716542716,0.9999999999999999,1.0,1.0,0.9456992793531255,0.9999999999999999,1.0,1.0,0.7942466752027458,1.0,0.8871817773868178,0.9409355279653269,1.0,1.0,1.0,1.0,0.9216974705324561,0.9874055055465207,1.0,1.0,0.9350632502418216,1.0,1.0,0.8953573821766523,1.0,1.0,0.8836920122940362,0.9438246744063289,1.0,0.9999999999999999,0.9999999999999999,0.9999999999999999,0.9162717624256085,1.0,0.89484126984127,0.8615466318073697,0.9715772601856907,1.0,0.9493991065979188,0.9999999999999999,0.940825188623334,0.956512232943389,0.9454527310296541,0.9999999999999999,0.908008621781889,0.9539387567332814,0.8431052586474219,0.9794132625264075,1.0,1.0,1.0,1.0,0.8098626805542258,0.9999999999999999,1.0,0.5753684807256236,0.8806423345999236,1.0,0.9999999999999999,0.917773000808715,1.0,0.9493596718238095,1.0,0.9627328479601207,1.0,0.8719008865604307,1.0,1.0,1.0,0.7458766377125776,0.7467187521097121,0.9999999999999999,1.0,1.0,0.8700824005770438,1.0,1.0,1.0,1.0,1.0,0.9493374218374219,0.8620709345202958,0.8195950332218729,0.9999999999999999,0.9843629660028655,1.0,0.7920803721702256,1.0,1.0,0.790404030667242,1.0,1.0,1.0,0.9314412237760188,1.0,1.0,0.9484089226211077,1.0,0.9386390205160191,0.7826556217165093,0.9816971987018503,0.9999999999999999,0.9206423668923669,1.0,1.0,0.7947736088705402,1.0,0.8260720672420878,1.0,1.0,0.9245028514544817,0.8692460317460318,0.8937790180418099,0.8319942803807414,0.8238493606845734,0.7369742022328328,1.0,0.8161571725466474,0.9999999999999999,0.9159241749921224,0.8617546888445216,0.8681900185077145,1.0,1.0,0.9999999999999999,1.0,1.0,1.0
0.7,stde_auprc,0.0351891196410003,0.01669671140824991,0.050953218279987,0.021147420149698837,0.027011543264645388,0.08161260419785099,0.022653723368386836,0.07107252791598706,0.056455480877807496,0.04611154713059473,0.010523425647065876,0.026593817037395995,0.033940522212057955,0.041881999395168845,0.02974642716120368,0.0,0.0188668567621878,0.07077054603176908,0.09729311742179386,0.028663182676776977,0.03769744005177322,0.010806000508517655,0.029127535390920334,0.07887385992589613,0.040794285190413504,0.04088602827736715,0.041235123353997705,5.551115123125783e-17,0.03375828257723412,0.04596215868899184,0.028208700028568734,0.04178347097877594,1.1102230246251565e-16,0.08838755946051136,0.04882009054629888,0.040086661274741864,0.03616131951688922,0.021514415667536424,0.058022801754590125,0.05834551659258691,0.004334508325568032,0.0,0.010825153670159904,0.04223097487869942,0.036176988871604976,0.0811791982926478,0.047461108327334633,0.0418067741422567,0.037470531760308234,1.1102230246251565e-16,0.03872178690318184,0.02629709046468004,0.04719643940812879,0.06459671228920827,0.06030753442501324,0.06605777546928465,5.551115123125783e-17,0.008383420203433023,0.10191798941798952,1.1102230246251565e-16,0.01562848362061864,0.12028764136083214,0.09803932178932173,0.04437960331866231,0.044870428709422705,0.010285397329708457,1.1102230246251565e-16,0.0028391189780603843,0.067813468925227,0.0498991834882454,0.07914343800442158,0.0,0.038152177097886986,0.01521248325536212,0.017007997824103227,0.03405063428573485,1.1102230246251565e-16,0.02993855402189244,0.02519584821703813,0.06255207755207759,0.0353174603174603,0.06216938413035078,5.551115123125783e-17,0.07237215398980112,0.08741304062849958,0.0,0.05043481672631184,0.08531649973957661,0.038791747979199154,0.05316988643165127,0.012686136315574803,0.039377112447069706,0.0,0.0,0.07393483146576818,0.05207091272168313,0.0,0.0,0.04792922691094492,0.0181391665773577,0.055913347961626114,0.022880405138469617,0.07077054603176908,1.1102230246251565e-16,0.0,0.061399748173138535,0.03985279799500907,1.1102230246251565e-16,0.0755709347550545,0.05421394283282793,1.1102230246251565e-16,0.0,0.07092376861184913,0.0,5.551115123125783e-17,0.0722631608500332,0.00838654945665529,0.06209823763203881,0.04506491280449332,0.012305662051726118,0.031189448337678838,1.1102230246251565e-16,0.0,0.014219201638946244,0.059563849141055,0.06613396761906826,0.0,0.07100358546855745,0.04157173482375165,1.1102230246251565e-16,0.049298415778594784,0.05830311650280695,0.014580363845658695,0.036960559281987826,0.060693427558198565,0.07611491588835245,0.04962467208742455,0.02653679221585792,1.1102230246251565e-16,0.07778767040010892,0.027655547451743034,0.0,1.1102230246251565e-16,0.06030753442501319,0.012743441388780308,0.038253193286476916,0.0,0.0,0.040199605821141904,5.551115123125783e-17,0.06731988637154529,0.03957929653689901,0.020902722091249604,1.1102230246251565e-16,0.090414612620495,0.02164581321673681,0.0,0.07000557313057315,0.0527867766931287,1.1102230246251565e-16,0.10265588130740227,0.047269708149222545,0.06030753442501319,1.1102230246251565e-16,0.0,0.03405063428573485,0.03068969651108322,0.15198773448773445,1.1102230246251565e-16,0.07316271531236929,0.016906222024031137,0.0,0.019456531765942364,0.010662167023364089,0.02209572834572837,0.0,0.0,0.0,0.0543007206468743,1.1102230246251565e-16,0.0,0.0,0.038819384373265264,5.551115123125783e-17,0.012189725707181076,0.059064472034673354,1.1102230246251565e-16,0.0,0.0,1.1102230246251565e-16,0.02065217391304336,0.012594494453479266,0.0,0.0,0.0649367497581782,0.0,0.0,0.10021054196270057,0.0,1.1102230246251565e-16,0.01586520746412562,0.03367090728201838,0.0,1.1102230246251565e-16,1.1102230246251565e-16,1.1102230246251565e-16,0.0837282375743913,0.0,0.10515873015873023,0.06627151928913716,0.02842273981430926,0.0,0.05060089340208124,1.1102230246251565e-16,0.03762427130308166,0.020364691560928072,0.0545472689703459,1.1102230246251565e-16,0.07926182852898461,0.04606124326671812,0.023992835567993753,0.02058673747359252,0.0,0.0,0.0,5.551115123125783e-17,0.024557116988294436,0.0,0.0,0.04492630385487534,0.05055015447022715,0.0,1.1102230246251565e-16,0.0822269991912849,5.551115123125783e-17,0.05064032817619041,0.0,0.03726715203987929,1.1102230246251565e-16,0.03419475469373706,0.0,0.0,0.0,0.04673998664191564,0.014327744484192662,1.1102230246251565e-16,0.0,0.0,0.06405493389948985,0.0,0.0,0.0,0.0,0.0,0.05066257816257813,0.05807354467314163,0.04352010060690581,1.1102230246251565e-16,0.015637033997134675,0.0,0.06904404898219169,0.0,0.0,0.014209063368931296,0.0,0.0,0.0,0.023420329670329587,0.0,0.0,0.05159107737889257,0.0,0.028078172042523664,0.0761699777308652,0.018302801298149707,1.1102230246251565e-16,0.07935763310763311,0.0,0.0,0.05845532770614725,0.0,0.060327061617051425,0.0,0.0,0.07549714854551826,0.13075396825396823,0.05525843883750814,0.04185120886803051,0.029293429522038283,0.013750975352090467,5.551115123125783e-17,0.06002162042207243,1.1102230246251565e-16,0.04720451845293805,0.05377930232280487,0.1318099814922855,0.0,1.1102230246251565e-16,1.1102230246251565e-16,0.0,0.0,0.0
0.7,mean_auprc_w,0.9964680743656698,0.9997854626150272,0.9975809057123353,0.9894159758915375,0.9978091871523981,0.9963846065002915,0.9982408724860743,0.9968493901076765,0.9957115479053609,0.997931584740775,0.9975115151867222,0.994300159105905,0.9996751199701777,0.9982255427553628,0.9982183213503744,1.0,0.9976580807530431,0.9996529314733241,0.9992556066011444,0.9989878381261632,0.9998152068295447,0.999359818642731,0.9982226653996575,0.9988241103683382,0.9989110736332915,0.9968056349472776,0.992578808109297,1.0,0.9996767147868989,0.9997161046253721,0.9997928500928797,0.998468507495752,0.9999999999999999,0.9991770904289456,0.9990921074349575,0.999771316953877,0.9995083746467115,0.9996678822864837,0.9990291322718702,0.9988506099510582,0.997171445966401,1.0,0.9993736618085216,0.9997777101527275,0.999557752895129,0.9959872653139619,0.9987444593856409,0.9997005480686172,0.9982051094565513,1.0,0.9997622120617593,0.9971021489512306,0.9995103674028023,0.9960807740714319,0.9996291315780013,0.9970036729397505,0.9999999999999998,0.9992061708451152,0.9997372995894019,1.0,0.9992263841882758,0.9994602549951289,0.9997188131425447,0.9982110191215849,0.9946576675108325,0.9988626406734729,1.0,0.9999864074716547,0.9994551237725913,0.999606507889109,0.9956148937650402,1.0,0.9998203236786621,0.9989265402958312,0.9993605434763408,0.9998493811028322,1.0,0.9976237744798565,0.9998478259715387,0.9997702047823197,0.9995293789578924,0.9987742315664032,1.0,0.9996625487591081,0.9989394329596042,1.0,0.9979980578266776,0.9996893738605113,0.9995317612452912,0.9996852091998307,0.99931906370664,0.988637209415844,1.0,1.0,0.9976869264453921,0.996631826430227,1.0,1.0,0.9996633655642359,0.9999187753462934,0.9965459161216126,0.9996670414357166,0.9996529314733242,1.0,1.0,0.9962356898035349,0.9998295336500292,0.9999999999999999,0.9986370971642216,0.9992288096820812,1.0,1.0,0.9992261270604341,1.0,1.0,0.998632329035319,0.9992985834782153,0.9979623816924765,0.9996079300679773,0.9999328453951006,0.9998133405989875,0.9999999999999999,1.0,0.9983466968295754,0.9993457414865714,0.9996426461966358,1.0,0.9985215063654804,0.9951259576408684,0.9999999999999999,0.9997289426710718,0.9990729549780835,0.9996608463145394,0.9998839390662364,0.999407745556914,0.9986042338374452,0.9972744234065338,0.9999016282176494,1.0,0.9994384962873758,0.9996194743982081,1.0,0.9999999999999999,0.9996291315780013,0.9945619480221504,0.9994137110361692,1.0,1.0,0.9997924696484615,1.0,0.9975805901555358,0.9997656334588725,0.9926054537180742,1.0,0.9996389143460531,0.9965227926678806,1.0,0.9997911916596274,0.9980355107153025,1.0,0.9979547938234363,0.9995686620738998,0.9996291315780013,0.9999999999999999,1.0,0.9998493811028322,0.9984039349423752,0.9995182132073784,1.0000000000000002,0.9996593961137294,0.9993541786272083,1.0,0.9998236033955099,0.9996468925664669,0.9999279157843857,0.9999999999999999,1.0,1.0,0.9998338898167582,1.0,1.0,1.0,0.993125465693647,1.0,0.9985455916303179,0.999718751720136,1.0,1.0,1.0,1.0000000000000002,0.9995836459768734,0.9999415242842238,1.0,1.0,0.999776390278236,1.0,1.0,0.9993656273506493,1.0,1.0,0.9990280691619293,0.9996487585298426,1.0,0.9999999999999999,0.9999999999999999,0.9999999999999999,0.9997255410112942,1.0,0.9997239271602412,0.9982574818277647,0.999851608971867,1.0,0.9996762632359145,1.0,0.9996016262662936,0.999715235989556,0.9998331373973915,0.9999999999999999,0.9993169096022168,0.9998019078527961,0.9986998560339939,0.9998988360051373,1.0,1.0,1.0,1.0,0.9983521296085012,1.0,1.0,0.9987160521153272,0.9990190220676489,1.0,0.9999999999999999,0.999679207514429,1.0,0.999733079848946,1.0,0.9999070073121825,1.0,0.9985134729666001,1.0,1.0,1.0,0.9951716842984164,0.9972872221708136,0.9999999999999999,1.0,1.0,0.9990790231470122,1.0,1.0,1.0,1.0,1.0,0.9998225076468237,0.9987449551707615,0.9984749548020277,0.9999999999999999,0.9999334739505229,1.0,0.99724996388579,1.0,1.0,0.9969988767377757,1.0,1.0,1.0,0.9995903219598212,1.0,1.0,0.9997396160618877,1.0,0.9995531627090533,0.9986726353957089,0.9999142366018009,0.9999999999999999,0.999670623599068,1.0,1.0,0.9990265879657032,1.0,0.9991668202652481,1.0,1.0,0.9991734305134096,0.9997603783403947,0.9993657252585003,0.9975925441319597,0.9966275352523037,0.9949739087957492,1.0,0.9973047503399866,0.9999999999999999,0.9992654151273759,0.9983413545044462,0.9988911292072574,1.0,1.0,0.9999999999999999,1.0,1.0,1.0
0.7,stde_auprc_w,0.0006477589918422733,9.639840415676115e-05,0.00041793984533766704,0.001405979920394429,0.0004009351090369373,0.0011567337083148166,0.0002548725713468758,0.0012110500692165682,0.0008413677810678588,0.00040011395190464594,0.00011665780045549967,0.0008226067505632262,0.0003248800298225607,0.0005388327881473143,0.00022825821530852997,1.1102230246251565e-16,0.00029374808910209715,0.00034706852667609756,0.000744393398855403,0.00032186990405036475,0.00018479317045527743,9.878283234637797e-05,0.0004076385380782921,0.0004280950638983483,0.00035374373136909387,0.0007683693621827747,0.0013238146965887099,0.0,0.0003232852131010988,0.00028389537462791825,0.00020714990712028536,0.0006493213898898786,1.1102230246251565e-16,0.0007926177463266626,0.000441625392280931,0.00022868304612322365,0.0002749610799605562,0.00014893801321974598,0.00028785306538037236,0.0007248463931659455,0.00010399656897758236,0.0,9.460132983885039e-05,0.00022228984727246104,0.00025720047767008314,0.0016581572248170473,0.00048374380025689723,0.00029945193138275483,0.00029106828399771967,0.0,0.00023778793824075217,0.0005016627009737928,0.0003758191561292201,0.0013911922737900873,0.00037086842199873793,0.0011074812863484107,5.551115123125783e-17,9.889655175848722e-05,0.00026270041059806015,1.1102230246251565e-16,0.00013628374908802865,0.0005397450048710839,0.0002811868574552068,0.00044371955409733266,0.0011260720920903133,5.314227342795297e-05,0.0,1.3592528345263144e-05,0.0005448762274087859,0.00039349211089095837,0.001983904261113667,0.0,0.00017967632133808475,0.00016049055057321127,0.00012870520421531806,0.00015061889716783128,1.1102230246251565e-16,0.00046490141361110737,0.00015217402846140482,0.00022979521768029532,0.0001785276087576948,0.0006533573851228436,0.0,0.00033745124089190615,0.0008982958518393147,0.0,0.0007861554742648047,0.0003106261394886789,0.0003377030816455462,0.00031479080016943994,7.950827884062317e-05,0.0019870818465432816,0.0,0.0,0.0011966365038119653,0.0010028141110882682,0.0,0.0,0.00033663443576392726,8.122465370685727e-05,0.0011308268519491516,0.00016738668132154633,0.0003470685266762086,0.0,0.0,0.001515018562347259,0.00017046634997097687,1.1102230246251565e-16,0.0008741738910486574,0.0004545258904334326,1.1102230246251565e-16,0.0,0.0005438431015598599,0.0,5.551115123125783e-17,0.0006212849233763751,7.39679500518231e-05,0.0007596685710853923,0.00025812043293393927,6.715460489936653e-05,0.00018665940101231238,1.1102230246251565e-16,0.0,0.0002744205090251528,0.0003546493214015567,0.0003573538033642132,0.0,0.0008137036874156234,0.0010994582003042153,1.1102230246251565e-16,0.00027105732892807044,0.0005448347470014547,8.820116026198033e-05,0.00011606093376342885,0.0005195012197748428,0.0008410924004310094,0.0009032582229365205,9.837178235067023e-05,0.0,0.00048654027635020025,0.0001706550281873609,0.0,1.1102230246251565e-16,0.0003708684219986269,0.00036107795247974916,0.0003640451938747846,0.0,0.0,0.00020753035153853183,5.551115123125783e-17,0.0010925588616607085,0.00023436654112751754,0.0007659516241493858,0.0,0.00036108565394682435,0.00046664322100731237,0.0,0.0002088083403728458,0.0008238576370325768,1.1102230246251565e-16,0.0014803475951250533,0.0003076262635149929,0.0003708684219986824,1.1102230246251565e-16,0.0,0.00015061889716783128,0.00037528026710847984,0.00048178679262156354,2.220446049250313e-16,0.00034060388627060734,0.00017901532791797514,0.0,0.00016019849341258885,7.355766059780056e-05,7.208421561438749e-05,0.0,0.0,0.0,0.0001661101832417522,0.0,0.0,0.0,0.0016496826086521144,0.0,0.00018687536049921682,0.0002812482798641991,0.0,0.0,0.0,0.0,0.00012756013054204818,5.847571577621835e-05,0.0,0.0,0.00022360972176377336,0.0,0.0,0.0006149460722142952,0.0,1.1102230246251565e-16,0.00015576340120476706,0.00022404034221468194,0.0,1.1102230246251565e-16,1.1102230246251565e-16,1.1102230246251565e-16,0.00027445898870581686,0.0,0.0002760728397588341,0.0009339728201645525,0.00014839102813291039,0.0,0.00032373676408536944,0.0,0.00026346476004590613,0.00013987943518628532,0.00016686260260845298,1.1102230246251565e-16,0.0006038976036151222,0.00019809214720389878,0.00023723610446507726,0.00010116399486265193,1.1102230246251565e-16,0.0,0.0,0.0,0.00026649702666775577,5.551115123125783e-17,0.0,0.0002562919773659855,0.00046799127127533646,0.0,1.1102230246251565e-16,0.000320792485571042,5.551115123125783e-17,0.00026692015105400646,0.0,9.299268781753911e-05,1.1102230246251565e-16,0.0004439708534957343,0.0,0.0,0.0,0.001206445929946176,0.00030464873158597694,1.1102230246251565e-16,0.0,0.0,0.0005183692782837479,0.0,0.0,0.0,0.0,0.0,0.00017749235317637835,0.0005953737352677457,0.0005047294527595336,1.1102230246251565e-16,6.652604947732232e-05,0.0,0.001196316969219624,0.0,0.0,0.00030037815591943406,0.0,0.0,0.0,0.00015841911202851833,0.0,0.0,0.0002603839381125628,0.0,0.00021551245391843166,0.0006347058433799901,8.576339819910128e-05,1.1102230246251565e-16,0.00032937640093194664,0.0,0.0,0.00029039737154751277,0.0,0.0003379085550542227,0.0,0.0,0.0008265694865904338,0.000239621659605338,0.0003702995244192486,0.0007074271268791565,0.0006809965026973175,0.0003409009056333234,1.1102230246251565e-16,0.001143971034341218,1.1102230246251565e-16,0.0004415176790744657,0.0008259880997780744,0.0011088707927424668,0.0,0.0,1.1102230246251565e-16,0.0,0.0,0.0
0.7,mean_auprc_p,1.0,1.0,0.9999999999999998,1.0,1.0,1.0,1.0,1.0,1.0,1.0000000000000002,1.0,0.9999999999999998,1.0,1.0,1.0,1.0,0.9999999999999998,1.0,1.0,1.0000000000000002,0.9999999999999998,1.0,1.0,0.9999999999999998,1.0,1.0,0.9999999999999999,1.0,1.0,1.0,1.0,1.0,0.9999999999999998,1.0,1.0,1.0000000000000002,0.9999999999999999,0.9999999999999998,1.0,1.0,1.0,1.0,0.9999999999999998,0.9999999999999998,1.0,1.0000000000000002,0.9999999999999998,1.0,1.0,0.9999999999999998,1.0,1.0,1.0,0.9999999999999997,0.9999999999999998,1.0,0.9999999999999999,1.0000000000000002,1.0,1.0,1.0,1.0,1.0,1.0,1.0000000000000002,1.0,1.0,0.9999999999999998,0.9999999999999999,1.0,0.9999999999999998,1.0,1.0000000000000002,1.0,0.9999999999999999,1.0000000000000002,1.0000000000000002,1.0,1.0,1.0,1.0,0.9999999999999998,1.0,1.0,0.9999999999999999,1.0,1.0,0.9999999999999999,0.9999999999999998,1.0000000000000002,1.0,0.9999999999999999,1.0,1.0,1.0,1.0,1.0,1.0,0.9999999999999999,1.0000000000000002,1.0,1.0,1.0,0.9999999999999998,1.0,1.0,0.9999999999999998,0.9999999999999998,1.0,1.0,1.0,0.9999999999999998,1.0,1.0,0.9999999999999999,1.0,1.0,0.9999999999999998,0.9999999999999998,1.0,0.9999999999999998,0.9999999999999999,1.0,1.0,1.0,1.0000000000000002,1.0,1.0,1.0,1.0,0.9999999999999999,1.0,1.0,0.9999999999999998,1.0,1.0,1.0,1.0,1.0,1.0,0.9999999999999998,1.0,0.9999999999999998,0.9999999999999998,0.9999999999999998,1.0,1.0,1.0,0.9999999999999998,1.0,1.0,1.0,1.0,1.0,1.0,1.0,1.0,1.0,1.0,1.0000000000000002,1.0,1.0,0.9999999999999998,0.9999999999999998,1.0,1.0000000000000002,1.0,1.0,1.0,1.0,1.0,1.0,0.9999999999999998,1.0,1.0,0.9999999999999998,1.0,1.0,0.9999999999999998,0.9999999999999998,1.0,1.0,0.9999999999999999,1.0,1.0,1.0000000000000002,1.0000000000000002,1.0,1.0,1.0,0.9999999999999998,0.9999999999999998,1.0,1.0,0.9999999999999998,1.0,1.0,1.0000000000000002,1.0,1.0,1.0,0.9999999999999999,1.0,0.9999999999999998,0.9999999999999998,0.9999999999999999,0.9999999999999998,1.0,1.0,1.0,0.9999999999999998,1.0,1.0,0.9999999999999998,1.0,1.0,0.9999999999999998,0.9999999999999998,1.0,0.9999999999999998,0.9999999999999999,0.9999999999999998,1.0,1.0,1.0,0.9999999999999999,0.9999999999999998,1.0,1.0,0.9999999999999998,0.9999999999999999,1.0,0.9999999999999998,0.9999999999999998,1.0,0.9999999999999998,1.0,1.0,1.0,1.0000000000000002,1.0,1.0,1.0,0.9999999999999999,1.0,0.9999999999999998,1.0,1.0,0.9999999999999999,1.0,1.0,1.0,1.0,1.0,1.0,0.9999999999999998,1.0,0.9999999999999998,1.0000000000000002,1.0,1.0,1.0,1.0,1.0,1.0,1.0,1.0,1.0,1.0,1.0,1.0,1.0,1.0,1.0,0.9999999999999998,0.9999999999999998,1.0,1.0,1.0,1.0,1.0,1.0,1.0,1.0,1.0,1.0,0.9999999999999998,1.0,0.9999999999999998,0.9999999999999999,0.9999999999999999,1.0,0.9999999999999998,0.9999999999999998,1.0,0.9999999999999998,1.0,1.0,0.9999999999999998,1.0,1.0,1.0
0.7,stde_auprc_p,0.0,5.551115123125783e-17,0.0,0.0,0.0,5.551115123125783e-17,0.0,0.0,0.0,0.0,0.0,5.551115123125783e-17,0.0,0.0,0.0,0.0,0.0,0.0,5.551115123125783e-17,0.0,0.0,5.551115123125783e-17,0.0,0.0,0.0,0.0,0.0,0.0,0.0,5.551115123125783e-17,0.0,0.0,0.0,0.0,0.0,0.0,0.0,5.551115123125783e-17,0.0,5.551115123125783e-17,0.0,0.0,0.0,0.0,0.0,0.0,0.0,0.0,0.0,0.0,0.0,0.0,0.0,1.1102230246251565e-16,0.0,1.1102230246251565e-16,0.0,0.0,0.0,0.0,0.0,0.0,0.0,0.0,2.220446049250313e-16,1.1102230246251565e-16,0.0,0.0,1.1102230246251565e-16,0.0,5.551115123125783e-17,0.0,0.0,0.0,0.0,0.0,0.0,1.1102230246251565e-16,5.551115123125783e-17,0.0,0.0,0.0,0.0,0.0,1.1102230246251565e-16,0.0,0.0,1.1102230246251565e-16,5.551115123125783e-17,0.0,5.551115123125783e-17,1.1102230246251565e-16,0.0,5.551115123125783e-17,1.1102230246251565e-16,5.551115123125783e-17,0.0,0.0,0.0,0.0,0.0,0.0,0.0,0.0,0.0,0.0,0.0,0.0,0.0,0.0,0.0,0.0,0.0,0.0,1.1102230246251565e-16,5.551115123125783e-17,0.0,0.0,5.551115123125783e-17,0.0,0.0,0.0,0.0,0.0,0.0,0.0,0.0,0.0,0.0,0.0,0.0,1.1102230246251565e-16,0.0,0.0,0.0,0.0,1.1102230246251565e-16,0.0,1.1102230246251565e-16,0.0,0.0,0.0,0.0,0.0,5.551115123125783e-17,0.0,0.0,0.0,0.0,0.0,1.1102230246251565e-16,0.0,1.6653345369377348e-16,0.0,0.0,0.0,0.0,0.0,1.1102230246251565e-16,0.0,5.551115123125783e-17,5.551115123125783e-17,0.0,0.0,0.0,0.0,0.0,0.0,1.1102230246251565e-16,0.0,1.1102230246251565e-16,0.0,0.0,5.551115123125783e-17,0.0,5.551115123125783e-17,0.0,0.0,0.0,0.0,0.0,0.0,0.0,0.0,0.0,0.0,0.0,0.0,0.0,0.0,0.0,0.0,0.0,0.0,0.0,0.0,0.0,0.0,0.0,0.0,0.0,1.1102230246251565e-16,0.0,0.0,0.0,1.1102230246251565e-16,0.0,0.0,1.1102230246251565e-16,0.0,0.0,0.0,5.551115123125783e-17,0.0,0.0,5.551115123125783e-17,0.0,0.0,0.0,0.0,1.1102230246251565e-16,0.0,0.0,0.0,0.0,0.0,0.0,0.0,0.0,0.0,0.0,0.0,0.0,5.551115123125783e-17,5.551115123125783e-17,0.0,0.0,0.0,0.0,0.0,0.0,0.0,0.0,1.1102230246251565e-16,0.0,0.0,0.0,0.0,0.0,0.0,0.0,0.0,0.0,0.0,0.0,0.0,5.551115123125783e-17,0.0,0.0,0.0,1.1102230246251565e-16,0.0,0.0,1.1102230246251565e-16,0.0,0.0,0.0,0.0,0.0,0.0,0.0,0.0,0.0,1.1102230246251565e-16,0.0,0.0,0.0,0.0,0.0,0.0,0.0,0.0,0.0,0.0,0.0,0.0,5.551115123125783e-17,1.1102230246251565e-16,0.0,1.1102230246251565e-16,1.1102230246251565e-16,0.0,5.551115123125783e-17,0.0,0.0,0.0,0.0,0.0,0.0,0.0,0.0,0.0
0.9,mean_auroc,0.9982711111111111,0.999704967278189,0.9987489827368274,0.9967636242059512,0.9989084941145061,0.9979996583046213,0.9989499779751477,0.9982861234695435,0.9979093187817484,0.9989573855019714,0.9985761445258652,0.9973976536651288,0.9998050340215633,0.9988388685899183,0.9989943195632474,1.0,0.9991170256377913,0.9999005370996619,1.0,0.9993266793409379,0.9993846487973503,1.0,0.9987410525583378,0.9992891647303412,0.9994150880691259,0.9985599940155595,0.9960168815449227,1.0,0.9998001598721024,0.9996283354023939,0.9996419641494594,0.9990772316950853,1.0,0.9993584260051327,0.9994424031835845,0.9998764940239044,0.9997716072416588,0.9999003189792663,0.9993038981702467,0.999393356932256,0.9981399494776728,1.0,0.9995464312827309,0.99972295811473,0.9999037562558434,0.9980244444444445,0.999572165678037,0.9997381807301018,0.9990661538801582,0.9999617830500184,0.9997711940717122,0.9981776750629558,0.9994922934250532,0.9978876335761122,0.9998398351600782,0.9979163136082824,1.0,0.9991166679437733,1.0,1.0,0.9993213572854291,0.9999130045734739,1.0,0.9988361266294227,0.9974148482674208,0.9990995024875622,0.999900714853058,0.9997835610271327,0.9994195748385692,0.999900299102692,0.9981316114450813,1.0,0.9999099560206248,0.9992009588493808,0.9994217347956131,0.999905472636816,1.0,0.9983656860783137,0.9997366098123522,0.9998078197481776,1.0,0.9992552456609965,1.0,1.0,0.9993685778430188,1.0,0.9990041486558181,1.0,0.9991459325365541,0.9998366533864542,0.999305417082087,0.9961824610593283,1.0,0.9999006556725611,0.9983476867614661,0.9982820929524997,1.0,1.0,0.9997072712533938,0.9999052168638156,0.998243062520896,0.9996236344686491,0.9998010741993237,1.0,1.0,0.9978773239642804,0.9999057532410414,0.9999230810996688,0.9991080306486518,0.9994165517908535,0.9998406374501991,1.0,0.9997211155378485,1.0,1.0,0.9995145389364668,0.9996201282136599,0.9989044555737847,0.9994440018588595,0.999720293653348,0.9996198869255865,1.0,0.9999067906144363,0.9992641880314928,0.9998159203980099,0.9998358208955225,1.0,0.9994159907028068,0.9980626529484515,0.9999006359300477,1.0,1.0,0.999597682652076,0.9999290115569184,0.999480035792885,0.9989576610631345,0.9983906432586794,0.9998947072862558,1.0,0.999390438247012,0.9997137024497113,1.0,1.0,0.9997532595709313,0.9973711940752614,0.9994034667255316,1.0,1.0,0.999471888906204,1.0,0.9986327011662481,0.9997547779974558,0.9962257677131583,1.0,0.9996554009277667,0.997773799147212,1.0,0.999900655672561,0.9986365527122587,0.9999004975124378,0.9989780564808615,1.0,0.9996233961872111,1.0,1.0,0.9999203980099503,0.9986470528067843,0.9999006951340615,1.0,0.9999064064766718,0.9994048892071079,1.0,0.9996189545163088,0.9995214356929212,0.9998210735586481,0.999900616179686,0.9999415040479198,0.9999005568814638,0.9999006359300477,0.9999006359300477,1.0,1.0,0.996097414927648,1.0,0.9992257241756239,0.9997014925373134,1.0,1.0,0.9999206349206349,1.0,0.9997143005558153,0.9997918665049862,1.0,1.0,0.9999219127126104,1.0,0.9999255509231686,0.9995592584167425,1.0,0.99987843423292,0.9990738892216232,0.9998302407628833,1.0,0.999858023113837,0.999950308089843,0.999900457893689,0.999908279320044,1.0,0.999900714853058,0.9992092092092091,0.9995560313350593,1.0,0.9996333893334093,1.0,0.9995879029577932,0.9997441010302426,0.999885349150055,0.9999787034670755,0.9994449983383185,0.9997277315852304,0.9992895837867906,0.999835506380621,1.0,1.0,1.0,0.9997297888492864,0.9992351689279064,0.9999006951340617,1.0,0.9997306187262519,0.999803501898474,1.0,1.0,1.0,1.0,0.9997737679402023,1.0,1.0,0.9998446215139443,0.9986540252610252,1.0,1.0,1.0,0.997857792906192,0.9983252367959895,1.0,1.0,1.0,0.9994020330875024,1.0,1.0,1.0,1.0,1.0,1.0,0.9989233442707884,0.9993652376204718,0.9999007542675664,0.999905472636816,1.0,0.9990017283509148,1.0,1.0,0.9989811302975335,1.0,1.0,1.0,0.999333302680583,1.0,1.0,0.9998341295116773,1.0,0.9995616580812112,0.9996021483986473,0.9999185564584728,1.0,0.9999005964214711,1.0,1.0,0.9992512518133745,1.0,0.9998065999160092,1.0,1.0,0.9996478560812759,1.0,0.999630717652526,0.9987443548727473,0.9984453386988599,0.9979518072289157,0.9998199150918816,0.9991849276232406,1.0,0.9993874665400225,0.9997056752125971,0.9995238342596922,1.0,1.0,1.0,1.0,1.0,1.0
0.9,stde_auroc,0.0002488888888888541,0.00029503272181097273,0.000471836960850458,0.0002273487128050533,0.00022379796932786578,0.0005766109513368201,0.00022024852228608172,0.0007923744233275798,0.00023291408797498914,0.0003412192902638722,0.00039601925076793165,0.000167470525187563,0.00019496597843671193,0.0004658159277234897,0.00025418296753088043,0.0,0.00025227838920255374,9.94629003381875e-05,0.0,0.00019803548795943593,0.00020813349501380696,0.0,0.00020221435591472048,0.00016051118992294056,6.64672648720277e-05,0.0003864951127069416,0.0003862765235570498,5.551115123125783e-17,0.0001998401278976436,5.747390684629483e-05,0.0003404275300222248,9.361417586095655e-05,0.0,7.698887938406562e-05,0.00022303872656620483,0.00012350597609556146,0.00022839275834118933,9.968102073365515e-05,0.00036852449810470533,0.00023700392252362645,0.00017597294950394415,0.0,0.00010615438063743543,8.657558914687558e-05,9.624374415662107e-05,0.0004155555555555024,0.00022839275834113382,9.350688210657543e-05,0.00016024578387813238,3.821694998162872e-05,5.1665854774674e-05,0.0002751289869427076,0.00020249568596147904,0.00024214155085294786,0.00016016483992176145,0.0006085442696698307,0.0,0.00015538130145670292,0.0,0.0,0.0001596806387225147,8.699542652612635e-05,0.0,0.000595540400009642,0.0005416508392070973,0.0005124378109452321,9.928514694201862e-05,0.0002164389728672722,6.650704974731081e-05,9.970089730804155e-05,0.00014125774733209084,0.0,9.004397937517616e-05,0.00025098087423303106,0.00038551013625781616,9.45273631840493e-05,0.0,0.00010006003602169855,0.00019932230416586094,6.626905235229685e-06,0.0,0.0002050772817546731,0.0,0.0,3.777739400745439e-05,0.0,0.00020873739965382443,0.0,0.00020234829133952692,0.0001633466135458339,9.637753406449567e-05,0.000501315398368285,0.0,9.934432743891053e-05,0.00024649894467632105,0.0005454262116253439,0.0,0.0,0.00010615438063743543,9.478313618443979e-05,0.00020227348712803517,0.00018335756655551982,0.0,0.0,0.0,0.0002875546353807157,9.424675895863821e-05,7.691890033123538e-05,0.0003850578074126032,0.0003899731553363428,0.00015936254980081221,0.0,8.764940239042174e-05,0.0,0.0,0.00011202947619998183,0.00023014130121334908,0.00032920300492184085,0.00010788023634072941,0.000272043159072477,0.00026201969207151343,0.0,9.32093855637306e-05,3.6790598425318066e-05,0.00018407960199007256,0.00016417910447757977,0.0,0.00023771232699826284,0.0006677104439123394,9.936406995225688e-05,0.0,0.0,4.9810719266796255e-05,7.098844308145447e-05,0.00024184381726283233,0.0003252507247712977,5.7044868381872504e-05,0.00010529271374420945,0.0,0.0002749003984064413,8.71340370444118e-05,0.0,0.0,0.00013419216317772653,0.00032836884169279434,0.0003232316861656592,0.0,5.551115123125783e-17,0.00040690526899034296,0.0,0.0003081236808455401,7.663187579504127e-05,0.0003338387280744093,0.0,0.0003445990722332759,0.0002002402883459764,0.0,9.934432743885502e-05,0.0002927174968032076,9.950248756218638e-05,0.00021308609547993074,0.0,0.00018613751666574085,0.0,0.0,7.96019900497491e-05,0.00035334703327971617,9.930486593845433e-05,0.0,9.359352332821702e-05,0.00017202421357037645,0.0,0.000212859890889594,4.652708541041939e-05,1.9880715705800078e-05,9.938382031404736e-05,5.84959520801287e-05,9.944311853615773e-05,9.93640699523124e-05,9.93640699523124e-05,0.0,0.0,0.00035463491016446413,0.0,0.00029331390052833584,1.9900497512437276e-05,0.0,0.0,7.936507936506798e-05,0.0,9.52331480616464e-05,2.7147847175723605e-05,0.0,0.0,7.808728738961657e-05,0.0,7.444907683140656e-05,0.00024169699727027982,0.0,3.315430011274767e-05,6.100130875530407e-05,0.0001697592371167067,0.0,0.00014197688616296444,4.969191015702368e-05,9.954210631096805e-05,9.172067995599775e-05,0.0,9.928514694201862e-05,0.00012212212212220352,0.000153521874792506,0.0,0.00016728836242485556,0.0,0.00014622798271851645,9.637753406444016e-05,0.00011465084994499719,2.129653292443079e-05,0.00018943170488533445,0.00027226841476951646,0.00020859029238917692,0.00016449361937903584,0.0,0.0,5.551115123125783e-17,0.00010293758122426055,0.00012999105177874393,9.930486593839882e-05,0.0,0.00026938127374809273,0.00019649810152599922,0.0,0.0,0.0,0.0,0.00010859138870289442,0.0,0.0,0.000155378486055735,0.00026756098756547386,0.0,0.0,0.0,0.0004048032715195937,6.100130875530407e-05,0.0,0.0,0.0,0.0002705088413678669,0.0,0.0,0.0,0.0,0.0,0.0,0.0002833304550556859,0.0002691924227317677,9.92457324335283e-05,9.452736318410482e-05,0.0,0.00042783070675078694,0.0,0.0,0.00029250787219176067,0.0,0.0,0.0,0.0001685901267490797,0.0,0.0,0.00016587048832267248,0.0,8.162228832619967e-05,0.00019892580067631949,8.144354152717082e-05,0.0,9.940357852883386e-05,0.0,0.0,0.0004562684262248706,0.0,0.00019340008399082453,0.0,0.0,0.00035214391872406825,0.0,3.7343158733382786e-05,0.0003271008314691959,0.0003581488933601107,0.00045103490886622133,0.00018008490811838307,0.00043567807351074794,0.0,5.6666091011181585e-05,0.0002943247874028776,0.0001038907069763062,0.0,0.0,0.0,0.0,0.0,0.0
0.9,mean_auprc,0.6770823010956939,0.907714369854119,0.6110372802358572,0.5912281716249692,0.8043554113197021,0.5504995203745074,0.763333636218861,0.6691958834578131,0.6012240917155891,0.6479437221397301,0.6826619299834435,0.706045788066017,0.939940826831891,0.7677647534288717,0.6174038011520344,1.0,0.7836851780721799,0.9292294539682311,0.9999999999999999,0.883466742309309,0.7834696389947922,0.9999999999999999,0.7742486275284113,0.6432845466499313,0.8420734567277874,0.6680164273499434,0.643660812202461,1.0,0.9321785244142571,0.8745469404665306,0.8928857029235744,0.854237739350385,1.0,0.809066235884045,0.8468596108887293,0.938486802298722,0.9295078303898874,0.9489600990338953,0.6916370192382125,0.8725900557395911,0.7366199357484999,1.0,0.8612675855199212,0.8712056260885395,0.9572494895461217,0.6718389121244119,0.850942605581718,0.9244319521672559,0.6297930193108716,0.9837463818233049,0.9035266174048837,0.7656749966914735,0.8608473015248854,0.7595659771022083,0.9431985057291435,0.6780590130963693,1.0,0.8340296566112856,1.0,1.0,0.8192177965082947,0.9503659585920615,1.0,0.7323387387228507,0.6692458420427058,0.6666644484452819,0.8928350970017638,0.9258326777808084,0.8340558545785822,0.9497121527804343,0.7541831285673262,1.0,0.9558258234590612,0.8059150229064068,0.817135617682285,0.9694864908912897,1.0,0.7092652721925348,0.9388587121324332,0.8579514004514005,1.0,0.820031970985863,1.0,1.0,0.8142548945235947,1.0,0.8058077623402236,0.9999999999999999,0.836364037419282,0.9400909428147819,0.8300383835089413,0.6437330074630602,1.0,0.9114659645909646,0.7527282142104385,0.7441173804489665,1.0,1.0,0.8813532135313593,0.9478377797567317,0.7419897290455917,0.8579459148334213,0.8584589079364622,0.9999999999999999,1.0,0.7804071993639468,0.96166525151473,0.9709105846790702,0.8007968728926694,0.8426888124476741,0.9468655393937262,0.9999999999999999,0.880792936685217,1.0,0.9999999999999998,0.7882474296536797,0.9220828115438489,0.7635354011472537,0.825432496160725,0.8926849844746438,0.9055876238281851,1.0,0.940992580744419,0.8261575083217871,0.9030602526558409,0.9297937530735518,1.0,0.830712834220382,0.7188466505624752,0.915001665001665,0.9999999999999999,1.0,0.8544101775197506,0.9630394407180122,0.8526729403154567,0.7849655284063484,0.7701891170534805,0.9413203506412848,1.0,0.8142258750711031,0.8642083268292844,1.0,0.9999999999999999,0.8903867500475461,0.6540642182054694,0.8660022052545275,1.0,1.0,0.8218692794891851,1.0,0.7795186926685536,0.9066984795756721,0.6694448863335418,1.0000000000000002,0.8536347123808424,0.6806492570405542,1.0,0.9091610935360934,0.768173967803661,0.9338660323809318,0.8033426796227938,1.0,0.8633652045263929,0.9999999999999999,1.0,0.9659493657142653,0.7466111673684973,0.8990061327561327,1.0,0.9413203506412848,0.8793917969085914,1.0,0.8951066498247444,0.8456424425437871,0.8773958448958449,0.9429714135071277,0.9771396783723774,0.9271523003140649,0.9136479973018434,0.913401448978372,1.0,1.0,0.7488237982324644,1.0,0.8565429371381463,0.8663948654544631,1.0,1.0,0.905,1.0,0.8570751913059307,0.9224539433542616,1.0,1.0,0.955896583575155,1.0,0.9377728174603175,0.7930061196350401,1.0,0.950214760108981,0.7787656347887335,0.9399171922900345,1.0,0.9335193576265004,0.9785581482010053,0.9384797257464951,0.9326322182091413,1.0,0.893452380952381,0.8668991381340025,0.8499547803417773,1.0,0.8564620218219301,0.9999999999999999,0.8873539508615651,0.9081561493391739,0.9250033086571547,0.9923207744636315,0.857250687761558,0.878356848667057,0.8140085971132867,0.9357450895800752,1.0,1.0,1.0,0.9007732021639813,0.8212426423661513,0.8990061327561327,1.0,0.7783163265306121,0.9227348777065971,1.0,0.9999999999999999,0.9999999999999999,1.0,0.9042550754589876,1.0,1.0,0.9488099838381707,0.753806357900051,1.0,1.0,1.0,0.7422979603270873,0.649120936521731,0.9999999999999999,1.0,1.0,0.8177430692474092,1.0,1.0,1.0,1.0,1.0,1.0,0.7691213848133712,0.7976037028841904,0.877295918367347,0.9463660323809319,1.0,0.7938030545825605,1.0,1.0,0.7985773689746023,1.0,1.0,1.0,0.7689789334259257,1.0,1.0,0.9167649263098084,1.0,0.8732416673904975,0.7799130627046005,0.9670236777783293,0.9999999999999999,0.9206423668923669,1.0,1.0,0.6887640303149773,1.0,0.8882509807109911,1.0,1.0,0.8940152924956549,1.0,0.8343636222862901,0.7937184487177926,0.7962034528292855,0.7116663586158805,0.9265477577977578,0.8374402718815466,0.9999999999999999,0.8354301306895612,0.9075100449231305,0.7821700977358228,1.0,1.0,0.9999999999999999,1.0,1.0,1.0
0.9,stde_auprc,0.031142571504423622,0.09228563014588087,0.08081209194201605,0.015346878411133247,0.013900291173971513,0.06335785070130864,0.03603771982320553,0.10145552552838061,0.02996688747761339,0.07702314837307056,0.06806291464047337,0.014702119745226727,0.0600591731681091,0.08660223038345893,0.06344165353046655,0.0,0.03812761136533027,0.07077054603176908,1.1102230246251565e-16,0.03297115350801744,0.036957834336259154,1.1102230246251565e-16,0.021354290109427354,0.027508762604916415,0.03130579237403136,0.06039528340236383,0.023622629508557536,5.551115123125783e-17,0.06782147558574286,0.013623182373182385,0.10454385713574355,0.020669042895429035,5.551115123125783e-17,0.024256448690639254,0.06330277971309894,0.06151319770127828,0.07049216961011245,0.05103990096610461,0.11737626204332596,0.01967009030607153,0.019070291783589044,0.0,0.02578383463205841,0.029839670530873386,0.04275051045387818,0.05344204708300093,0.05042877729181777,0.040324534224369324,0.04820343252262649,0.016253618176695128,0.028333838092781727,0.023846312864249486,0.06365876352914901,0.0323816292647543,0.056801494270856456,0.0691948052122826,5.551115123125783e-17,0.030121900186730777,1.1102230246251565e-16,1.1102230246251565e-16,0.03833391300970018,0.04963404140793848,5.551115123125783e-17,0.08563062722511139,0.06970752023511706,0.12280401008277408,0.10716490299823639,0.07416732221919148,0.0264006314590276,0.050287847219565696,0.02473769767558659,5.551115123125783e-17,0.044174176540939025,0.023764924293890988,0.0986228758031642,0.03051350910871048,1.1102230246251565e-16,0.00574888451013017,0.04827956161994412,0.01666666666666672,0.0,0.034373970450800595,0.0,0.0,0.007937336292135666,0.0,0.01915606901551198,1.1102230246251565e-16,0.058208880691476506,0.05990905718521816,0.02045071591149461,0.025615532487146653,0.0,0.08853403540903543,0.04335782936191401,0.07135818836367158,0.0,0.0,0.04732833579583556,0.05216222024326855,0.023499127756108018,0.059830377316934524,5.551115123125783e-17,1.1102230246251565e-16,0.0,0.034859657780524966,0.038334748485269965,0.029089415320929568,0.059570191383746196,0.07800018692358457,0.05313446060627375,1.1102230246251565e-16,0.025091813127719687,0.0,5.551115123125783e-17,0.04026375823250827,0.05262537350802382,0.040339358047313256,0.00876460203249474,0.10589051410085454,0.07073459312149544,5.551115123125783e-17,0.059007419255581006,0.015965742790866877,0.09693974734415911,0.07020624692644817,0.0,0.044773145710226,0.061852674238295546,0.08499833499833503,1.1102230246251565e-16,1.1102230246251565e-16,0.019453845436939343,0.036960559281987826,0.07279476056489109,0.0748986641825713,0.01770892075399194,0.058679649358715114,0.0,0.052060759271905066,0.03375287090749718,0.0,1.1102230246251565e-16,0.07683427905194684,0.05034560747392014,0.0785456438118895,0.0,0.0,0.15023071185366743,5.551115123125783e-17,0.0490621522487486,0.0314506196582221,0.014997731695236993,0.0,0.14636528761915757,0.016291551151403516,0.0,0.09083890646390641,0.048294313072195894,0.06613396761906837,0.04736841884039983,0.0,0.037758857058363404,1.1102230246251565e-16,0.0,0.03405063428573496,0.05531562721316152,0.10099386724386722,0.0,0.058679649358715114,0.03331072966890103,0.0,0.06119108975211779,0.041374949470426414,0.036111111111111094,0.057028586492872124,0.022860321627622637,0.07284769968593502,0.08635200269815652,0.08659855102162795,0.0,0.0,0.021030641639290082,0.0,0.05999466554168981,0.03402777777777782,1.1102230246251565e-16,0.0,0.09499999999999997,0.0,0.043970105313482055,0.008861133252148434,0.0,0.0,0.04410341642484494,0.0,0.06222718253968251,0.0788599160688992,1.1102230246251565e-16,0.020459555876222557,0.020890651301416596,0.06008280770996555,0.0,0.06648064237349943,0.02144185179899466,0.061520274253504925,0.06736778179085873,0.0,0.106547619047619,0.011762926574410193,0.04885054330487765,0.0,0.037808611374731904,1.1102230246251565e-16,0.04183731191647411,0.04506691687687636,0.07499669134284503,0.007679225536368406,0.04835989634529614,0.12164315133294257,0.046052728172624124,0.06425491041992465,0.0,0.0,0.0,0.04752525689831033,0.0518742171515153,0.10099386724386727,0.0,0.22168367346938767,0.07726512229340282,0.0,1.1102230246251565e-16,1.1102230246251565e-16,5.551115123125783e-17,0.06804834351625788,0.0,0.0,0.051190016161829444,0.03907834888859907,0.0,0.0,0.0,0.03257215175710282,0.020327718738300693,1.1102230246251565e-16,0.0,0.0,0.07080650506678438,0.0,0.0,0.0,0.0,0.0,0.0,0.07027609971381599,0.06988701630005856,0.12270408163265306,0.05363396761906836,0.0,0.06266351125173736,0.0,0.0,0.053618154237440485,0.0,0.0,0.0,0.04548740285580366,0.0,0.0,0.08323507369019179,0.0,0.017862489032723028,0.0796005312388181,0.03297632222167046,1.1102230246251565e-16,0.07935763310763311,0.0,0.0,0.1360097976094607,0.0,0.1117490192890091,0.0,0.0,0.10598470750434508,0.0,0.016676376415321714,0.06196862992648522,0.04386106725731498,0.04368307624823464,0.07345224220224211,0.06198603387647228,1.1102230246251565e-16,0.006792050191480992,0.09248995507686941,0.03760165492329248,0.0,0.0,1.1102230246251565e-16,0.0,0.0,0.0
0.9,mean_auprc_w,0.9953184523316637,0.9993971700368829,0.9965013632898607,0.9887810877296563,0.9972888708887087,0.9948683170693637,0.9973693527884258,0.9957705391808844,0.9947563593535815,0.9973909403153247,0.9966202724955089,0.9941004095558805,0.9993542214724375,0.9969162284355739,0.9974625005904832,1.0,0.997724787984515,0.9996529314733241,0.9999999999999999,0.9986756506769064,0.9987172909625346,0.9999999999999998,0.9971686102770578,0.9983749964019344,0.9988004641235391,0.9963359378101451,0.9891492815577172,1.0,0.9991615313668567,0.9992238529349666,0.9989922574742341,0.9978855882406423,1.0,0.9981496371980055,0.9986600336323418,0.9995957169066394,0.999475125427013,0.999609799080335,0.9980371285460626,0.9984198157026017,0.9954049991783929,1.0,0.9989640683748566,0.9992671522655974,0.9997067937107615,0.9948923320269731,0.9987820359530236,0.9994437687830208,0.9976257235819632,0.9999540774709614,0.999358085878497,0.9961076906567197,0.9987751114269587,0.9959058104695879,0.9996914383084637,0.99431596343476,1.0,0.9980418503468157,1.0,1.0,0.9982204741650487,0.9998151715319066,1.0,0.9971903183926669,0.9936112069541301,0.9972602612290962,0.999719398302208,0.9995839720852284,0.998619937137579,0.9996037381179648,0.9951050879910881,1.0,0.9997868706577446,0.997892341353577,0.9983972828546541,0.9998656235316442,1.0,0.995714201852566,0.9996070446966416,0.9994403552258863,1.0,0.9982822815620065,1.0,1.0,0.9979838432108068,1.0,0.9975927111039875,1.0,0.9984273138354973,0.9996494870716146,0.9987016490017993,0.9858696988553037,1.0,0.9996991785335261,0.9964411472867505,0.9957886062795046,1.0,1.0,0.9989542178168851,0.9997369764323761,0.9955601115692116,0.9987489350721828,0.999305862946648,1.0,1.0,0.9954805372495155,0.9998377766759711,0.9998604333410258,0.9977162904512362,0.9986232818334142,0.9996916364147506,1.0,0.9992603740453911,1.0,0.9999999999999998,0.998340560910375,0.9993532817360724,0.9976136772135535,0.9989203010772567,0.9992167453905769,0.9993772522595747,1.0,0.9997693937000974,0.9983140552988159,0.9994699159158049,0.9996613005443802,1.0,0.9983699464920445,0.9940681191039806,0.9996895796747061,0.9999999999999999,1.0,0.9990609462049627,0.9998839390662365,0.9987263448300722,0.9976358208866205,0.9963475847928281,0.9997576006963755,1.0,0.9987738774586501,0.9991727272774504,1.0,0.9999999999999999,0.9993282639019363,0.9936849936777197,0.9986919981024253,1.0,1.0,0.9985779467037226,1.0,0.9969025954902555,0.9994375552973394,0.9910530019240045,1.0,0.9992786091472515,0.995072881791143,1.0,0.999692083631877,0.996597329205561,0.9996426461966359,0.9976275531965324,1.0,0.9992248108914189,0.9999999999999999,1.0,0.9998493811028323,0.9968368880989518,0.9997094443912874,1.0,0.9997576006963755,0.9987695693812535,1.0,0.9989690051131288,0.9987219514474086,0.9995230846394291,0.999812369757622,0.9999158275190437,0.9996605874626368,0.9996851638471602,0.9996844114277936,1.0,1.0,0.991190751064598,1.0,0.9979806635950585,0.9993245549174504,1.0,1.0,0.999872730795206,1.0,0.9991350083818789,0.9996143755230036,1.0,1.0,0.999859110384143,1.0,0.9998791526002554,0.9987193417465996,1.0,0.9998033450701191,0.9978837601309334,0.99961877015906,1.0,0.999767962317948,0.9999345531122192,0.9996363728275108,0.9997835194555439,1.0,0.9997207766808979,0.998419848815159,0.9991134185702764,1.0,0.9989494851705835,1.0,0.999204899857083,0.9993205426537553,0.9997585788902503,0.9999769792283608,0.9989515103617588,0.9993238612845905,0.9983970253031829,0.9996499952944755,1.0,1.0,1.0,0.9992340275463598,0.998403268651757,0.9997094443912875,1.0,0.9993778908946406,0.9992893151170327,1.0,0.9999999999999999,0.9999999999999999,1.0,0.999458549685764,1.0,1.0,0.9997058348953678,0.9964261337504472,1.0,1.0,1.0,0.9950612842295519,0.9957525340509779,0.9999999999999999,1.0,1.0,0.9986301939142634,1.0,1.0,1.0,1.0,1.0,1.0,0.9975778562979961,0.9982883809981666,0.9997428782362229,0.9997417542243862,1.0,0.9971973342205562,1.0,1.0,0.9970951844539306,1.0,1.0,1.0,0.9982927493488792,1.0,1.0,0.999537224565536,1.0,0.998987858724627,0.9986233662034425,0.9998400651371911,0.9999999999999999,0.9996706235990681,1.0,1.0,0.9980836500501296,1.0,0.9994061210398875,1.0,1.0,0.9988723897983721,1.0,0.9989667163806114,0.9966032125902546,0.9957081588897339,0.9936764075594446,0.9994973269132529,0.9978894737280481,0.9999999999999999,0.9984369668762629,0.998953903882674,0.9984787064188774,1.0,1.0,0.9999999999999999,1.0,1.0,1.0
0.9,stde_auprc_w,0.0008931478556798433,0.0006028299631168355,0.0013561251042850109,0.001460806621448929,0.00010424873909747889,0.0013245602353722519,0.0005663906086273429,0.0021373595158147296,0.0005793288071285763,0.0009210455392531514,0.0010070817547689348,0.0004172894505163893,0.000645778527562535,0.0014972500597480454,0.0007921439412793552,1.6653345369377348e-16,0.0005929118863502447,0.00034706852667609756,0.0,0.00040833643930549,0.000256656361792007,5.551115123125783e-17,0.0003723051209636452,0.0002321989590338691,0.0002936072169145709,0.0011929712050774421,0.0011475509383293558,0.0,0.0008384686331434632,0.00010392126723890449,0.0009897821389175387,0.0003664682779856432,5.551115123125783e-17,0.00027004652757645076,0.0006420003877651848,0.00040428309336087986,0.0005248745729869997,0.00039020091966474046,0.0010847039600335728,0.00034013936290577806,0.000590853588590956,0.0,0.0002182228818854992,0.00018893358073396316,0.00029320628923817926,0.001442406424415399,0.00041695842614597467,0.00031738301735406704,0.0006041550869662626,4.592252903856675e-05,0.00023290507574308394,0.0005052683040569494,0.0006601125025997301,0.000706086265422845,0.0003085616915362577,0.0019914061013902584,5.551115123125783e-17,0.00044917493856755364,0.0,1.1102230246251565e-16,0.0005709964768253473,0.00018482846809347864,0.0,0.0011649870566898812,0.00224858902225894,0.0015105267610465156,0.0002806016977919823,0.00041602791477129974,0.00028348253860666084,0.000396261882035287,0.000825377008786321,5.551115123125783e-17,0.00021312934225559133,0.00015507194871638985,0.0010062400945466399,0.00013437646835601225,1.1102230246251565e-16,7.041815883573888e-05,0.00031815507713051083,9.910802775026095e-05,0.0,0.00039839683919462576,0.0,0.0,8.370952871278314e-05,0.0,0.00034319042271940825,0.0,0.0006289764737827386,0.0003505129283854491,0.00022227234306143595,0.0018450308998487763,0.0,0.0003008214664738662,0.0008197205270518149,0.0016972605253268158,0.0,0.0,0.0005452583705137237,0.00026302356762408774,0.0005499195820226621,0.0006501085215322999,5.551115123125783e-17,0.0,0.0,0.0008645930380252187,0.0001622233240289317,0.00013956665897396636,0.0008463107234620293,0.0007614449314568561,0.0003083635852493827,0.0,0.00017960989485660273,0.0,5.551115123125783e-17,0.0005490104859136036,0.000454946867142203,0.0004979448607037029,0.00010236825417242468,0.0007755929483747592,0.000485288508701498,5.551115123125783e-17,0.0002306062999025693,0.00021161731824898,0.0005300840841950816,0.0003386994556198175,0.0,0.0005545119474708038,0.002096863826708484,0.0003104203252939919,1.1102230246251565e-16,1.1102230246251565e-16,0.00013658268541189011,0.00011606093376348436,0.0007326201134724153,0.0010469242377654786,0.0004809284468031416,0.00024239930362440765,0.0,0.00042240824587574943,0.0002543065699417979,0.0,1.1102230246251565e-16,0.0005118988907492628,0.001594400257957207,0.0008522446533045791,0.0,0.0,0.0012813136117109103,0.0,0.0008925590456180799,0.0002097577220371849,0.0007351714107206031,0.0,0.0007213908527484714,0.00034260681671971494,0.0,0.0003079163681229957,0.0010026705875119668,0.0003573538033643242,0.0007304165219987335,5.551115123125783e-17,0.00023166832008414406,1.1102230246251565e-16,0.0,0.0001506188971679423,0.0009676865466470841,0.00029055560871249497,1.1102230246251565e-16,0.00024239930362440765,0.0003938699556007008,0.0,0.000676104838012781,0.0005016587244245918,0.00018183744129296464,0.0001876302423777232,8.417248095626828e-05,0.0003394125373633039,0.0003148361528398369,0.00031558857220642667,0.0,0.0,0.0009707544935656509,0.0,0.0009957309559885386,0.00021420030654117905,0.0,0.0,0.0001272692047940005,1.1102230246251565e-16,0.0003210774644524239,5.022652497038704e-05,0.0,0.0,0.00014088961585695392,0.0,0.00012084739974460579,0.000556395062651982,0.0,8.406439732655535e-05,0.0002832172674178124,0.0003812298409400783,0.0,0.00023203768205182218,6.544688778059582e-05,0.0003636271724891671,0.0002164805444561102,0.0,0.0002792233191021287,0.00017515612461771468,0.0003338127287544346,0.0,0.00026978900767160585,0.0,0.00032979383095249615,0.00037820092514945225,0.00024142110974967324,2.302077163901517e-05,0.0004103752493611057,0.0006761387154095022,0.0004745073155514312,0.0003500047055244315,1.1102230246251565e-16,0.0,1.1102230246251565e-16,0.0004195765254896844,0.0005834806116088997,0.0002905556087125505,0.0,0.0006221091053592032,0.0007106848829673273,0.0,1.1102230246251565e-16,1.1102230246251565e-16,5.551115123125783e-17,0.0004082709782057825,0.0,0.0,0.0002941651046323712,0.0008169083208822703,0.0,0.0,0.0,0.0008252115626483647,0.0005031641765009254,1.1102230246251565e-16,0.0,0.0,0.0006472693230585302,0.0,0.0,0.0,0.0,0.0,0.0,0.0009670525592556656,0.0007404150441149282,0.0002571217637771239,0.00025824577561406326,0.0,0.0010700540315726204,0.0,0.0,0.001027721405055082,0.0,0.0,0.0,0.0004062801771198554,0.0,0.0,0.0004627754344642687,0.0,0.00016308213403432026,0.0006867367264515312,0.00015993486280863056,1.1102230246251565e-16,0.00032937640093189113,0.0,0.0,0.0011134565284954268,0.0,0.0005938789601127592,0.0,0.0,0.0011276102016281042,0.0,0.0001695067020307528,0.001431309956648863,0.0013069924886678352,0.0015447882520404632,0.0005026730867470075,0.0009573175757519592,1.1102230246251565e-16,0.00011722441836864439,0.0010460961173259786,0.00040208262055774213,0.0,0.0,1.1102230246251565e-16,0.0,0.0,0.0
0.9,mean_auprc_p,1.0,1.0,0.9999999999999998,1.0,1.0,1.0,1.0,1.0,1.0,1.0000000000000002,1.0,0.9999999999999998,1.0,1.0,1.0,1.0,0.9999999999999998,1.0,1.0,1.0000000000000002,0.9999999999999998,0.9999999999999999,1.0,0.9999999999999998,1.0,1.0,1.0,1.0,1.0,1.0,1.0,1.0,0.9999999999999998,1.0,1.0,1.0000000000000002,0.9999999999999999,0.9999999999999998,1.0,1.0,1.0,1.0,0.9999999999999998,0.9999999999999998,1.0,1.0000000000000002,0.9999999999999998,1.0,1.0,0.9999999999999998,1.0,1.0,1.0,0.9999999999999998,0.9999999999999998,1.0000000000000002,0.9999999999999999,1.0000000000000002,1.0,1.0,1.0,1.0,1.0,0.9999999999999999,1.0000000000000002,1.0,1.0,0.9999999999999998,0.9999999999999998,1.0,0.9999999999999999,1.0,1.0000000000000002,1.0,1.0,1.0000000000000002,1.0,1.0000000000000002,1.0,1.0,1.0,0.9999999999999998,1.0,1.0,1.0,1.0,1.0,0.9999999999999998,0.9999999999999998,1.0000000000000002,1.0,0.9999999999999998,1.0,1.0,1.0,0.9999999999999999,1.0,1.0,1.0,1.0000000000000002,1.0,1.0,1.0,0.9999999999999998,1.0,1.0,0.9999999999999998,0.9999999999999998,1.0,1.0,1.0,0.9999999999999998,1.0,1.0,0.9999999999999998,0.9999999999999999,1.0,0.9999999999999998,0.9999999999999998,1.0,0.9999999999999998,0.9999999999999999,1.0,1.0,1.0,1.0,1.0,1.0,1.0,1.0,0.9999999999999998,1.0,1.0,0.9999999999999998,1.0,1.0,1.0,1.0,1.0,1.0,0.9999999999999998,1.0,0.9999999999999998,0.9999999999999998,0.9999999999999999,1.0,1.0,1.0,0.9999999999999998,1.0,1.0,1.0,1.0,1.0,1.0,1.0,1.0,1.0,1.0000000000000002,1.0000000000000002,1.0,1.0,0.9999999999999998,0.9999999999999998,1.0,1.0000000000000002,1.0,1.0,1.0,1.0,1.0,1.0,0.9999999999999998,1.0,1.0,0.9999999999999998,1.0,1.0,0.9999999999999998,0.9999999999999998,1.0,1.0,1.0,1.0,1.0,1.0000000000000002,1.0,1.0,1.0,1.0,0.9999999999999998,0.9999999999999998,1.0,1.0,0.9999999999999998,1.0,1.0,1.0000000000000002,1.0,1.0,1.0,1.0,1.0,0.9999999999999998,0.9999999999999998,0.9999999999999999,0.9999999999999998,1.0,1.0,1.0,0.9999999999999998,1.0,1.0,0.9999999999999998,1.0,1.0,0.9999999999999998,0.9999999999999998,1.0,0.9999999999999998,0.9999999999999999,0.9999999999999998,1.0,1.0,1.0,0.9999999999999999,0.9999999999999998,1.0,1.0,0.9999999999999998,0.9999999999999999,1.0,0.9999999999999999,0.9999999999999998,1.0,0.9999999999999998,1.0,1.0,1.0,1.0,1.0,1.0,1.0,0.9999999999999999,1.0,0.9999999999999998,1.0,1.0,1.0,1.0,1.0,1.0,1.0,1.0,1.0,0.9999999999999998,1.0,0.9999999999999998,1.0000000000000002,1.0,1.0,1.0,1.0,1.0,1.0,1.0,1.0,1.0,1.0,1.0,1.0,1.0,1.0,1.0,0.9999999999999998,0.9999999999999998,1.0,1.0,1.0,1.0,1.0,1.0,1.0,1.0,1.0,1.0,0.9999999999999998,1.0,0.9999999999999999,0.9999999999999998,1.0,1.0,0.9999999999999998,0.9999999999999998,1.0,0.9999999999999998,1.0,1.0,0.9999999999999998,1.0,1.0,1.0
0.9,stde_auprc_p,0.0,5.551115123125783e-17,0.0,0.0,0.0,5.551115123125783e-17,0.0,0.0,0.0,0.0,0.0,0.0,0.0,0.0,0.0,0.0,0.0,0.0,5.551115123125783e-17,0.0,0.0,0.0,5.551115123125783e-17,0.0,5.551115123125783e-17,0.0,5.551115123125783e-17,0.0,1.1102230246251565e-16,0.0,0.0,0.0,0.0,0.0,0.0,0.0,0.0,5.551115123125783e-17,0.0,5.551115123125783e-17,0.0,0.0,0.0,0.0,0.0,0.0,0.0,0.0,0.0,0.0,0.0,0.0,0.0,0.0,0.0,0.0,0.0,0.0,1.1102230246251565e-16,1.1102230246251565e-16,0.0,0.0,0.0,1.1102230246251565e-16,2.220446049250313e-16,1.1102230246251565e-16,0.0,0.0,0.0,5.551115123125783e-17,0.0,5.551115123125783e-17,0.0,0.0,0.0,0.0,1.1102230246251565e-16,0.0,5.551115123125783e-17,0.0,0.0,0.0,0.0,0.0,0.0,0.0,0.0,0.0,0.0,0.0,5.551115123125783e-17,5.551115123125783e-17,0.0,0.0,1.1102230246251565e-16,0.0,0.0,0.0,5.551115123125783e-17,0.0,0.0,5.551115123125783e-17,0.0,0.0,0.0,0.0,0.0,0.0,1.1102230246251565e-16,0.0,0.0,0.0,1.1102230246251565e-16,0.0,5.551115123125783e-17,1.1102230246251565e-16,0.0,0.0,5.551115123125783e-17,0.0,0.0,0.0,0.0,5.551115123125783e-17,0.0,1.1102230246251565e-16,0.0,0.0,0.0,0.0,5.551115123125783e-17,1.1102230246251565e-16,5.551115123125783e-17,0.0,0.0,0.0,0.0,0.0,1.1102230246251565e-16,0.0,0.0,0.0,0.0,0.0,0.0,0.0,0.0,0.0,0.0,0.0,1.1102230246251565e-16,0.0,1.1102230246251565e-16,0.0,0.0,0.0,0.0,0.0,0.0,0.0,0.0,5.551115123125783e-17,0.0,0.0,0.0,0.0,0.0,0.0,1.1102230246251565e-16,0.0,5.551115123125783e-17,0.0,0.0,0.0,0.0,0.0,0.0,0.0,0.0,0.0,0.0,0.0,5.551115123125783e-17,0.0,0.0,0.0,1.1102230246251565e-16,0.0,0.0,1.1102230246251565e-16,0.0,0.0,0.0,0.0,0.0,0.0,0.0,0.0,0.0,0.0,0.0,0.0,0.0,0.0,0.0,1.1102230246251565e-16,0.0,0.0,0.0,0.0,0.0,0.0,5.551115123125783e-17,0.0,0.0,5.551115123125783e-17,0.0,0.0,0.0,0.0,1.1102230246251565e-16,0.0,0.0,0.0,0.0,0.0,5.551115123125783e-17,0.0,0.0,0.0,0.0,0.0,1.1102230246251565e-16,0.0,5.551115123125783e-17,0.0,0.0,0.0,0.0,1.1102230246251565e-16,0.0,0.0,0.0,1.1102230246251565e-16,0.0,0.0,0.0,0.0,5.551115123125783e-17,0.0,0.0,0.0,0.0,0.0,0.0,0.0,5.551115123125783e-17,0.0,0.0,0.0,1.1102230246251565e-16,0.0,0.0,1.1102230246251565e-16,0.0,0.0,0.0,0.0,0.0,0.0,0.0,0.0,0.0,1.1102230246251565e-16,0.0,0.0,0.0,0.0,0.0,0.0,0.0,0.0,0.0,0.0,0.0,0.0,5.551115123125783e-17,1.1102230246251565e-16,1.1102230246251565e-16,0.0,5.551115123125783e-17,0.0,5.551115123125783e-17,0.0,5.551115123125783e-17,0.0,0.0,0.0,0.0,0.0,0.0,0.0
