http://purl.obolibrary.org/obo/GO_0000018, http://purl.obolibrary.org/obo/GO_0006310
http://purl.obolibrary.org/obo/GO_0000018, http://purl.obolibrary.org/obo/GO_0006310
http://purl.obolibrary.org/obo/GO_0000019, http://purl.obolibrary.org/obo/GO_0006312
http://purl.obolibrary.org/obo/GO_0000019, http://purl.obolibrary.org/obo/GO_0006312
http://purl.obolibrary.org/obo/GO_0000079, http://purl.obolibrary.org/obo/GO_0004693
http://purl.obolibrary.org/obo/GO_0000079, http://purl.obolibrary.org/obo/GO_0004693
http://purl.obolibrary.org/obo/GO_0000381, http://purl.obolibrary.org/obo/GO_0000380
http://purl.obolibrary.org/obo/GO_0000381, http://purl.obolibrary.org/obo/GO_0000380
http://purl.obolibrary.org/obo/GO_0000756, http://purl.obolibrary.org/obo/GO_0000748
http://purl.obolibrary.org/obo/GO_0000756, http://purl.obolibrary.org/obo/GO_0000748
http://purl.obolibrary.org/obo/GO_0000765, http://purl.obolibrary.org/obo/GO_0000762
http://purl.obolibrary.org/obo/GO_0000765, http://purl.obolibrary.org/obo/GO_0000762
http://purl.obolibrary.org/obo/GO_0000820, http://purl.obolibrary.org/obo/GO_0009064
http://purl.obolibrary.org/obo/GO_0000820, http://purl.obolibrary.org/obo/GO_0009064
http://purl.obolibrary.org/obo/GO_0000821, http://purl.obolibrary.org/obo/GO_0006525
http://purl.obolibrary.org/obo/GO_0000821, http://purl.obolibrary.org/obo/GO_0006525
http://purl.obolibrary.org/obo/GO_0000960, http://purl.obolibrary.org/obo/GO_0000957
http://purl.obolibrary.org/obo/GO_0000960, http://purl.obolibrary.org/obo/GO_0000957
http://purl.obolibrary.org/obo/GO_0001177, http://purl.obolibrary.org/obo/GO_0001113
http://purl.obolibrary.org/obo/GO_0001177, http://purl.obolibrary.org/obo/GO_0001113
http://purl.obolibrary.org/obo/GO_0001178, http://purl.obolibrary.org/obo/GO_0001174
http://purl.obolibrary.org/obo/GO_0001178, http://purl.obolibrary.org/obo/GO_0001174
http://purl.obolibrary.org/obo/GO_0001558, http://purl.obolibrary.org/obo/GO_0016049
http://purl.obolibrary.org/obo/GO_0001558, http://purl.obolibrary.org/obo/GO_0016049
http://purl.obolibrary.org/obo/GO_0001796, http://purl.obolibrary.org/obo/GO_0001794
http://purl.obolibrary.org/obo/GO_0001796, http://purl.obolibrary.org/obo/GO_0001794
http://purl.obolibrary.org/obo/GO_0001799, http://purl.obolibrary.org/obo/GO_0001795
http://purl.obolibrary.org/obo/GO_0001799, http://purl.obolibrary.org/obo/GO_0001795
http://purl.obolibrary.org/obo/GO_0001803, http://purl.obolibrary.org/obo/GO_0001802
http://purl.obolibrary.org/obo/GO_0001803, http://purl.obolibrary.org/obo/GO_0001802
http://purl.obolibrary.org/obo/GO_0001807, http://purl.obolibrary.org/obo/GO_0001806
http://purl.obolibrary.org/obo/GO_0001807, http://purl.obolibrary.org/obo/GO_0001806
http://purl.obolibrary.org/obo/GO_0001810, http://purl.obolibrary.org/obo/GO_0016068
http://purl.obolibrary.org/obo/GO_0001810, http://purl.obolibrary.org/obo/GO_0016068
http://purl.obolibrary.org/obo/GO_0001813, http://purl.obolibrary.org/obo/GO_0001788
http://purl.obolibrary.org/obo/GO_0001813, http://purl.obolibrary.org/obo/GO_0001788
http://purl.obolibrary.org/obo/GO_0001817, http://purl.obolibrary.org/obo/GO_0001816
http://purl.obolibrary.org/obo/GO_0001817, http://purl.obolibrary.org/obo/GO_0001816
http://purl.obolibrary.org/obo/GO_0001868, http://purl.obolibrary.org/obo/GO_0001867
http://purl.obolibrary.org/obo/GO_0001868, http://purl.obolibrary.org/obo/GO_0001867
http://purl.obolibrary.org/obo/GO_0001910, http://purl.obolibrary.org/obo/GO_0001909
http://purl.obolibrary.org/obo/GO_0001910, http://purl.obolibrary.org/obo/GO_0001909
http://purl.obolibrary.org/obo/GO_0001914, http://purl.obolibrary.org/obo/GO_0001913
http://purl.obolibrary.org/obo/GO_0001914, http://purl.obolibrary.org/obo/GO_0001913
http://purl.obolibrary.org/obo/GO_0001919, http://purl.obolibrary.org/obo/GO_0001881
http://purl.obolibrary.org/obo/GO_0001919, http://purl.obolibrary.org/obo/GO_0001881
http://purl.obolibrary.org/obo/GO_0001924, http://purl.obolibrary.org/obo/GO_0001923
http://purl.obolibrary.org/obo/GO_0001924, http://purl.obolibrary.org/obo/GO_0001923
http://purl.obolibrary.org/obo/GO_0001928, http://purl.obolibrary.org/obo/GO_0001927
http://purl.obolibrary.org/obo/GO_0001928, http://purl.obolibrary.org/obo/GO_0001927
http://purl.obolibrary.org/obo/GO_0001932, http://purl.obolibrary.org/obo/GO_0006468
http://purl.obolibrary.org/obo/GO_0001932, http://purl.obolibrary.org/obo/GO_0006468
http://purl.obolibrary.org/obo/GO_0001936, http://purl.obolibrary.org/obo/GO_0001935
http://purl.obolibrary.org/obo/GO_0001936, http://purl.obolibrary.org/obo/GO_0001935
http://purl.obolibrary.org/obo/GO_0001952, http://purl.obolibrary.org/obo/GO_0007160
http://purl.obolibrary.org/obo/GO_0001952, http://purl.obolibrary.org/obo/GO_0007160
http://purl.obolibrary.org/obo/GO_0001959, http://purl.obolibrary.org/obo/GO_0019221
http://purl.obolibrary.org/obo/GO_0001959, http://purl.obolibrary.org/obo/GO_0019221
http://purl.obolibrary.org/obo/GO_0001969, http://purl.obolibrary.org/obo/GO_0001905
http://purl.obolibrary.org/obo/GO_0001969, http://purl.obolibrary.org/obo/GO_0001905
http://purl.obolibrary.org/obo/GO_0002018, http://purl.obolibrary.org/obo/GO_0035932
http://purl.obolibrary.org/obo/GO_0002028, http://purl.obolibrary.org/obo/GO_0006814
http://purl.obolibrary.org/obo/GO_0002028, http://purl.obolibrary.org/obo/GO_0006814
http://purl.obolibrary.org/obo/GO_0002036, http://purl.obolibrary.org/obo/GO_0098712
http://purl.obolibrary.org/obo/GO_0002036, http://purl.obolibrary.org/obo/GO_0098712
http://purl.obolibrary.org/obo/GO_0002082, http://purl.obolibrary.org/obo/GO_0006119
http://purl.obolibrary.org/obo/GO_0002082, http://purl.obolibrary.org/obo/GO_0006119
http://purl.obolibrary.org/obo/GO_0002087, http://purl.obolibrary.org/obo/GO_0007585
http://purl.obolibrary.org/obo/GO_0002090, http://purl.obolibrary.org/obo/GO_0031623
http://purl.obolibrary.org/obo/GO_0002090, http://purl.obolibrary.org/obo/GO_0031623
http://purl.obolibrary.org/obo/GO_0002155, http://purl.obolibrary.org/obo/GO_0002154
http://purl.obolibrary.org/obo/GO_0002155, http://purl.obolibrary.org/obo/GO_0002154
http://purl.obolibrary.org/obo/GO_0002256, http://purl.obolibrary.org/obo/GO_0002254
http://purl.obolibrary.org/obo/GO_0002256, http://purl.obolibrary.org/obo/GO_0002254
http://purl.obolibrary.org/obo/GO_0002382, http://purl.obolibrary.org/obo/GO_0002255
http://purl.obolibrary.org/obo/GO_0002382, http://purl.obolibrary.org/obo/GO_0002255
http://purl.obolibrary.org/obo/GO_0002529, http://purl.obolibrary.org/obo/GO_0002353
http://purl.obolibrary.org/obo/GO_0002529, http://purl.obolibrary.org/obo/GO_0002353
http://purl.obolibrary.org/obo/GO_0002577, http://purl.obolibrary.org/obo/GO_0019882
http://purl.obolibrary.org/obo/GO_0002577, http://purl.obolibrary.org/obo/GO_0019882
http://purl.obolibrary.org/obo/GO_0002580, http://purl.obolibrary.org/obo/GO_0002504
http://purl.obolibrary.org/obo/GO_0002580, http://purl.obolibrary.org/obo/GO_0002504
http://purl.obolibrary.org/obo/GO_0002583, http://purl.obolibrary.org/obo/GO_0048002
http://purl.obolibrary.org/obo/GO_0002583, http://purl.obolibrary.org/obo/GO_0048002
http://purl.obolibrary.org/obo/GO_0002586, http://purl.obolibrary.org/obo/GO_0002495
http://purl.obolibrary.org/obo/GO_0002586, http://purl.obolibrary.org/obo/GO_0002495
http://purl.obolibrary.org/obo/GO_0002589, http://purl.obolibrary.org/obo/GO_0002474
http://purl.obolibrary.org/obo/GO_0002589, http://purl.obolibrary.org/obo/GO_0002474
http://purl.obolibrary.org/obo/GO_0002592, http://purl.obolibrary.org/obo/GO_0002475
http://purl.obolibrary.org/obo/GO_0002592, http://purl.obolibrary.org/obo/GO_0002475
http://purl.obolibrary.org/obo/GO_0002595, http://purl.obolibrary.org/obo/GO_0002428
http://purl.obolibrary.org/obo/GO_0002595, http://purl.obolibrary.org/obo/GO_0002428
http://purl.obolibrary.org/obo/GO_0002598, http://purl.obolibrary.org/obo/GO_0048003
http://purl.obolibrary.org/obo/GO_0002598, http://purl.obolibrary.org/obo/GO_0048003
http://purl.obolibrary.org/obo/GO_0002601, http://purl.obolibrary.org/obo/GO_0002505
http://purl.obolibrary.org/obo/GO_0002601, http://purl.obolibrary.org/obo/GO_0002505
http://purl.obolibrary.org/obo/GO_0002604, http://purl.obolibrary.org/obo/GO_0002468
http://purl.obolibrary.org/obo/GO_0002604, http://purl.obolibrary.org/obo/GO_0002468
http://purl.obolibrary.org/obo/GO_0002607, http://purl.obolibrary.org/obo/GO_0002469
http://purl.obolibrary.org/obo/GO_0002607, http://purl.obolibrary.org/obo/GO_0002469
http://purl.obolibrary.org/obo/GO_0002610, http://purl.obolibrary.org/obo/GO_0002470
http://purl.obolibrary.org/obo/GO_0002610, http://purl.obolibrary.org/obo/GO_0002470
http://purl.obolibrary.org/obo/GO_0002613, http://purl.obolibrary.org/obo/GO_0002471
http://purl.obolibrary.org/obo/GO_0002613, http://purl.obolibrary.org/obo/GO_0002471
http://purl.obolibrary.org/obo/GO_0002616, http://purl.obolibrary.org/obo/GO_0002472
http://purl.obolibrary.org/obo/GO_0002616, http://purl.obolibrary.org/obo/GO_0002472
http://purl.obolibrary.org/obo/GO_0002619, http://purl.obolibrary.org/obo/GO_0002473
http://purl.obolibrary.org/obo/GO_0002619, http://purl.obolibrary.org/obo/GO_0002473
http://purl.obolibrary.org/obo/GO_0002622, http://purl.obolibrary.org/obo/GO_0002450
http://purl.obolibrary.org/obo/GO_0002622, http://purl.obolibrary.org/obo/GO_0002450
http://purl.obolibrary.org/obo/GO_0002625, http://purl.obolibrary.org/obo/GO_0002457
http://purl.obolibrary.org/obo/GO_0002625, http://purl.obolibrary.org/obo/GO_0002457
http://purl.obolibrary.org/obo/GO_0002628, http://purl.obolibrary.org/obo/GO_0002496
http://purl.obolibrary.org/obo/GO_0002628, http://purl.obolibrary.org/obo/GO_0002496
http://purl.obolibrary.org/obo/GO_0002631, http://purl.obolibrary.org/obo/GO_0002432
http://purl.obolibrary.org/obo/GO_0002631, http://purl.obolibrary.org/obo/GO_0002432
http://purl.obolibrary.org/obo/GO_0002634, http://purl.obolibrary.org/obo/GO_0002467
http://purl.obolibrary.org/obo/GO_0002634, http://purl.obolibrary.org/obo/GO_0002467
http://purl.obolibrary.org/obo/GO_0002637, http://purl.obolibrary.org/obo/GO_0002377
http://purl.obolibrary.org/obo/GO_0002637, http://purl.obolibrary.org/obo/GO_0002377
http://purl.obolibrary.org/obo/GO_0002643, http://purl.obolibrary.org/obo/GO_0002507
http://purl.obolibrary.org/obo/GO_0002643, http://purl.obolibrary.org/obo/GO_0002507
http://purl.obolibrary.org/obo/GO_0002646, http://purl.obolibrary.org/obo/GO_0002508
http://purl.obolibrary.org/obo/GO_0002646, http://purl.obolibrary.org/obo/GO_0002508
http://purl.obolibrary.org/obo/GO_0002649, http://purl.obolibrary.org/obo/GO_0002513
http://purl.obolibrary.org/obo/GO_0002649, http://purl.obolibrary.org/obo/GO_0002513
http://purl.obolibrary.org/obo/GO_0002652, http://purl.obolibrary.org/obo/GO_0002461
http://purl.obolibrary.org/obo/GO_0002652, http://purl.obolibrary.org/obo/GO_0002461
http://purl.obolibrary.org/obo/GO_0002655, http://purl.obolibrary.org/obo/GO_0002462
http://purl.obolibrary.org/obo/GO_0002655, http://purl.obolibrary.org/obo/GO_0002462
http://purl.obolibrary.org/obo/GO_0002658, http://purl.obolibrary.org/obo/GO_0002465
http://purl.obolibrary.org/obo/GO_0002658, http://purl.obolibrary.org/obo/GO_0002465
http://purl.obolibrary.org/obo/GO_0002661, http://purl.obolibrary.org/obo/GO_0002514
http://purl.obolibrary.org/obo/GO_0002661, http://purl.obolibrary.org/obo/GO_0002514
http://purl.obolibrary.org/obo/GO_0002664, http://purl.obolibrary.org/obo/GO_0002517
http://purl.obolibrary.org/obo/GO_0002664, http://purl.obolibrary.org/obo/GO_0002517
http://purl.obolibrary.org/obo/GO_0002667, http://purl.obolibrary.org/obo/GO_0002870
http://purl.obolibrary.org/obo/GO_0002667, http://purl.obolibrary.org/obo/GO_0002870
http://purl.obolibrary.org/obo/GO_0002670, http://purl.obolibrary.org/obo/GO_0002515
http://purl.obolibrary.org/obo/GO_0002670, http://purl.obolibrary.org/obo/GO_0002515
http://purl.obolibrary.org/obo/GO_0002673, http://purl.obolibrary.org/obo/GO_0002526
http://purl.obolibrary.org/obo/GO_0002673, http://purl.obolibrary.org/obo/GO_0002526
http://purl.obolibrary.org/obo/GO_0002676, http://purl.obolibrary.org/obo/GO_0002544
http://purl.obolibrary.org/obo/GO_0002676, http://purl.obolibrary.org/obo/GO_0002544
http://purl.obolibrary.org/obo/GO_0002682, http://purl.obolibrary.org/obo/GO_0002376
http://purl.obolibrary.org/obo/GO_0002682, http://purl.obolibrary.org/obo/GO_0002376
http://purl.obolibrary.org/obo/GO_0002685, http://purl.obolibrary.org/obo/GO_0050900
http://purl.obolibrary.org/obo/GO_0002685, http://purl.obolibrary.org/obo/GO_0050900
http://purl.obolibrary.org/obo/GO_0002688, http://purl.obolibrary.org/obo/GO_0030595
http://purl.obolibrary.org/obo/GO_0002688, http://purl.obolibrary.org/obo/GO_0030595
http://purl.obolibrary.org/obo/GO_0002691, http://purl.obolibrary.org/obo/GO_0045123
http://purl.obolibrary.org/obo/GO_0002691, http://purl.obolibrary.org/obo/GO_0045123
http://purl.obolibrary.org/obo/GO_0002694, http://purl.obolibrary.org/obo/GO_0045321
http://purl.obolibrary.org/obo/GO_0002694, http://purl.obolibrary.org/obo/GO_0045321
http://purl.obolibrary.org/obo/GO_0002697, http://purl.obolibrary.org/obo/GO_0002252
http://purl.obolibrary.org/obo/GO_0002697, http://purl.obolibrary.org/obo/GO_0002252
http://purl.obolibrary.org/obo/GO_0002700, http://purl.obolibrary.org/obo/GO_0002440
http://purl.obolibrary.org/obo/GO_0002700, http://purl.obolibrary.org/obo/GO_0002440
http://purl.obolibrary.org/obo/GO_0002703, http://purl.obolibrary.org/obo/GO_0002443
http://purl.obolibrary.org/obo/GO_0002703, http://purl.obolibrary.org/obo/GO_0002443
http://purl.obolibrary.org/obo/GO_0002706, http://purl.obolibrary.org/obo/GO_0002449
http://purl.obolibrary.org/obo/GO_0002706, http://purl.obolibrary.org/obo/GO_0002449
http://purl.obolibrary.org/obo/GO_0002709, http://purl.obolibrary.org/obo/GO_0002456
http://purl.obolibrary.org/obo/GO_0002709, http://purl.obolibrary.org/obo/GO_0002456
http://purl.obolibrary.org/obo/GO_0002712, http://purl.obolibrary.org/obo/GO_0019724
http://purl.obolibrary.org/obo/GO_0002712, http://purl.obolibrary.org/obo/GO_0019724
http://purl.obolibrary.org/obo/GO_0002715, http://purl.obolibrary.org/obo/GO_0002228
http://purl.obolibrary.org/obo/GO_0002715, http://purl.obolibrary.org/obo/GO_0002228
http://purl.obolibrary.org/obo/GO_0002718, http://purl.obolibrary.org/obo/GO_0002367
http://purl.obolibrary.org/obo/GO_0002718, http://purl.obolibrary.org/obo/GO_0002367
http://purl.obolibrary.org/obo/GO_0002721, http://purl.obolibrary.org/obo/GO_0002368
http://purl.obolibrary.org/obo/GO_0002721, http://purl.obolibrary.org/obo/GO_0002368
http://purl.obolibrary.org/obo/GO_0002724, http://purl.obolibrary.org/obo/GO_0002369
http://purl.obolibrary.org/obo/GO_0002724, http://purl.obolibrary.org/obo/GO_0002369
http://purl.obolibrary.org/obo/GO_0002727, http://purl.obolibrary.org/obo/GO_0002370
http://purl.obolibrary.org/obo/GO_0002727, http://purl.obolibrary.org/obo/GO_0002370
http://purl.obolibrary.org/obo/GO_0002730, http://purl.obolibrary.org/obo/GO_0002371
http://purl.obolibrary.org/obo/GO_0002730, http://purl.obolibrary.org/obo/GO_0002371
http://purl.obolibrary.org/obo/GO_0002733, http://purl.obolibrary.org/obo/GO_0002372
http://purl.obolibrary.org/obo/GO_0002733, http://purl.obolibrary.org/obo/GO_0002372
http://purl.obolibrary.org/obo/GO_0002736, http://purl.obolibrary.org/obo/GO_0002373
http://purl.obolibrary.org/obo/GO_0002736, http://purl.obolibrary.org/obo/GO_0002373
http://purl.obolibrary.org/obo/GO_0002759, http://purl.obolibrary.org/obo/GO_0019730
http://purl.obolibrary.org/obo/GO_0002759, http://purl.obolibrary.org/obo/GO_0019730
http://purl.obolibrary.org/obo/GO_0002761, http://purl.obolibrary.org/obo/GO_0002573
http://purl.obolibrary.org/obo/GO_0002761, http://purl.obolibrary.org/obo/GO_0002573
http://purl.obolibrary.org/obo/GO_0002784, http://purl.obolibrary.org/obo/GO_0002775
http://purl.obolibrary.org/obo/GO_0002784, http://purl.obolibrary.org/obo/GO_0002775
http://purl.obolibrary.org/obo/GO_0002786, http://purl.obolibrary.org/obo/GO_0002778
http://purl.obolibrary.org/obo/GO_0002786, http://purl.obolibrary.org/obo/GO_0002778
http://purl.obolibrary.org/obo/GO_0002788, http://purl.obolibrary.org/obo/GO_0002781
http://purl.obolibrary.org/obo/GO_0002788, http://purl.obolibrary.org/obo/GO_0002781
http://purl.obolibrary.org/obo/GO_0002791, http://purl.obolibrary.org/obo/GO_0002790
http://purl.obolibrary.org/obo/GO_0002791, http://purl.obolibrary.org/obo/GO_0002790
http://purl.obolibrary.org/obo/GO_0002794, http://purl.obolibrary.org/obo/GO_0002776
http://purl.obolibrary.org/obo/GO_0002794, http://purl.obolibrary.org/obo/GO_0002776
http://purl.obolibrary.org/obo/GO_0002797, http://purl.obolibrary.org/obo/GO_0002779
http://purl.obolibrary.org/obo/GO_0002797, http://purl.obolibrary.org/obo/GO_0002779
http://purl.obolibrary.org/obo/GO_0002800, http://purl.obolibrary.org/obo/GO_0002782
http://purl.obolibrary.org/obo/GO_0002800, http://purl.obolibrary.org/obo/GO_0002782
http://purl.obolibrary.org/obo/GO_0002805, http://purl.obolibrary.org/obo/GO_0002777
http://purl.obolibrary.org/obo/GO_0002805, http://purl.obolibrary.org/obo/GO_0002777
http://purl.obolibrary.org/obo/GO_0002808, http://purl.obolibrary.org/obo/GO_0002780
http://purl.obolibrary.org/obo/GO_0002808, http://purl.obolibrary.org/obo/GO_0002780
http://purl.obolibrary.org/obo/GO_0002810, http://purl.obolibrary.org/obo/GO_0002783
http://purl.obolibrary.org/obo/GO_0002810, http://purl.obolibrary.org/obo/GO_0002783
http://purl.obolibrary.org/obo/GO_0002813, http://purl.obolibrary.org/obo/GO_0002812
http://purl.obolibrary.org/obo/GO_0002813, http://purl.obolibrary.org/obo/GO_0002812
http://purl.obolibrary.org/obo/GO_0002816, http://purl.obolibrary.org/obo/GO_0002815
http://purl.obolibrary.org/obo/GO_0002816, http://purl.obolibrary.org/obo/GO_0002815
http://purl.obolibrary.org/obo/GO_0002819, http://purl.obolibrary.org/obo/GO_0002250
http://purl.obolibrary.org/obo/GO_0002819, http://purl.obolibrary.org/obo/GO_0002250
http://purl.obolibrary.org/obo/GO_0002822, http://purl.obolibrary.org/obo/GO_0002460
http://purl.obolibrary.org/obo/GO_0002822, http://purl.obolibrary.org/obo/GO_0002460
http://purl.obolibrary.org/obo/GO_0002825, http://purl.obolibrary.org/obo/GO_0042088
http://purl.obolibrary.org/obo/GO_0002825, http://purl.obolibrary.org/obo/GO_0042088
http://purl.obolibrary.org/obo/GO_0002828, http://purl.obolibrary.org/obo/GO_0042092
http://purl.obolibrary.org/obo/GO_0002828, http://purl.obolibrary.org/obo/GO_0042092
http://purl.obolibrary.org/obo/GO_0002831, http://purl.obolibrary.org/obo/GO_0009607
http://purl.obolibrary.org/obo/GO_0002831, http://purl.obolibrary.org/obo/GO_0009607
http://purl.obolibrary.org/obo/GO_0002834, http://purl.obolibrary.org/obo/GO_0002347
http://purl.obolibrary.org/obo/GO_0002834, http://purl.obolibrary.org/obo/GO_0002347
http://purl.obolibrary.org/obo/GO_0002837, http://purl.obolibrary.org/obo/GO_0002418
http://purl.obolibrary.org/obo/GO_0002837, http://purl.obolibrary.org/obo/GO_0002418
http://purl.obolibrary.org/obo/GO_0002840, http://purl.obolibrary.org/obo/GO_0002424
http://purl.obolibrary.org/obo/GO_0002840, http://purl.obolibrary.org/obo/GO_0002424
http://purl.obolibrary.org/obo/GO_0002843, http://purl.obolibrary.org/obo/GO_0002413
http://purl.obolibrary.org/obo/GO_0002843, http://purl.obolibrary.org/obo/GO_0002413
http://purl.obolibrary.org/obo/GO_0002846, http://purl.obolibrary.org/obo/GO_0002411
http://purl.obolibrary.org/obo/GO_0002846, http://purl.obolibrary.org/obo/GO_0002411
http://purl.obolibrary.org/obo/GO_0002849, http://purl.obolibrary.org/obo/GO_0002458
http://purl.obolibrary.org/obo/GO_0002849, http://purl.obolibrary.org/obo/GO_0002458
http://purl.obolibrary.org/obo/GO_0002852, http://purl.obolibrary.org/obo/GO_0002419
http://purl.obolibrary.org/obo/GO_0002852, http://purl.obolibrary.org/obo/GO_0002419
http://purl.obolibrary.org/obo/GO_0002855, http://purl.obolibrary.org/obo/GO_0002423
http://purl.obolibrary.org/obo/GO_0002855, http://purl.obolibrary.org/obo/GO_0002423
http://purl.obolibrary.org/obo/GO_0002858, http://purl.obolibrary.org/obo/GO_0002420
http://purl.obolibrary.org/obo/GO_0002858, http://purl.obolibrary.org/obo/GO_0002420
http://purl.obolibrary.org/obo/GO_0002861, http://purl.obolibrary.org/obo/GO_0002437
http://purl.obolibrary.org/obo/GO_0002861, http://purl.obolibrary.org/obo/GO_0002437
http://purl.obolibrary.org/obo/GO_0002864, http://purl.obolibrary.org/obo/GO_0002438
http://purl.obolibrary.org/obo/GO_0002864, http://purl.obolibrary.org/obo/GO_0002438
http://purl.obolibrary.org/obo/GO_0002867, http://purl.obolibrary.org/obo/GO_0002516
http://purl.obolibrary.org/obo/GO_0002867, http://purl.obolibrary.org/obo/GO_0002516
http://purl.obolibrary.org/obo/GO_0002871, http://purl.obolibrary.org/obo/GO_0002519
http://purl.obolibrary.org/obo/GO_0002871, http://purl.obolibrary.org/obo/GO_0002519
http://purl.obolibrary.org/obo/GO_0002874, http://purl.obolibrary.org/obo/GO_0002439
http://purl.obolibrary.org/obo/GO_0002874, http://purl.obolibrary.org/obo/GO_0002439
http://purl.obolibrary.org/obo/GO_0002877, http://purl.obolibrary.org/obo/GO_0002525
http://purl.obolibrary.org/obo/GO_0002877, http://purl.obolibrary.org/obo/GO_0002525
http://purl.obolibrary.org/obo/GO_0002880, http://purl.obolibrary.org/obo/GO_0002545
http://purl.obolibrary.org/obo/GO_0002880, http://purl.obolibrary.org/obo/GO_0002545
http://purl.obolibrary.org/obo/GO_0002883, http://purl.obolibrary.org/obo/GO_0002524
http://purl.obolibrary.org/obo/GO_0002883, http://purl.obolibrary.org/obo/GO_0002524
http://purl.obolibrary.org/obo/GO_0002886, http://purl.obolibrary.org/obo/GO_0002444
http://purl.obolibrary.org/obo/GO_0002886, http://purl.obolibrary.org/obo/GO_0002444
http://purl.obolibrary.org/obo/GO_0002889, http://purl.obolibrary.org/obo/GO_0016064
http://purl.obolibrary.org/obo/GO_0002889, http://purl.obolibrary.org/obo/GO_0016064
http://purl.obolibrary.org/obo/GO_0002892, http://purl.obolibrary.org/obo/GO_0002445
http://purl.obolibrary.org/obo/GO_0002892, http://purl.obolibrary.org/obo/GO_0002445
http://purl.obolibrary.org/obo/GO_0002895, http://purl.obolibrary.org/obo/GO_0002510
http://purl.obolibrary.org/obo/GO_0002895, http://purl.obolibrary.org/obo/GO_0002510
http://purl.obolibrary.org/obo/GO_0002898, http://purl.obolibrary.org/obo/GO_0002342
http://purl.obolibrary.org/obo/GO_0002898, http://purl.obolibrary.org/obo/GO_0002342
http://purl.obolibrary.org/obo/GO_0002902, http://purl.obolibrary.org/obo/GO_0001783
http://purl.obolibrary.org/obo/GO_0002902, http://purl.obolibrary.org/obo/GO_0001783
http://purl.obolibrary.org/obo/GO_0002905, http://purl.obolibrary.org/obo/GO_0002901
http://purl.obolibrary.org/obo/GO_0002905, http://purl.obolibrary.org/obo/GO_0002901
http://purl.obolibrary.org/obo/GO_0002908, http://purl.obolibrary.org/obo/GO_0002454
http://purl.obolibrary.org/obo/GO_0002908, http://purl.obolibrary.org/obo/GO_0002454
http://purl.obolibrary.org/obo/GO_0002911, http://purl.obolibrary.org/obo/GO_0002249
http://purl.obolibrary.org/obo/GO_0002911, http://purl.obolibrary.org/obo/GO_0002249
http://purl.obolibrary.org/obo/GO_0002914, http://purl.obolibrary.org/obo/GO_0002341
http://purl.obolibrary.org/obo/GO_0002914, http://purl.obolibrary.org/obo/GO_0002341
http://purl.obolibrary.org/obo/GO_0002917, http://purl.obolibrary.org/obo/GO_0002453
http://purl.obolibrary.org/obo/GO_0002917, http://purl.obolibrary.org/obo/GO_0002453
http://purl.obolibrary.org/obo/GO_0002920, http://purl.obolibrary.org/obo/GO_0006959
http://purl.obolibrary.org/obo/GO_0002920, http://purl.obolibrary.org/obo/GO_0006959
http://purl.obolibrary.org/obo/GO_0002923, http://purl.obolibrary.org/obo/GO_0002455
http://purl.obolibrary.org/obo/GO_0002923, http://purl.obolibrary.org/obo/GO_0002455
http://purl.obolibrary.org/obo/GO_0003056, http://purl.obolibrary.org/obo/GO_0014829
http://purl.obolibrary.org/obo/GO_0003056, http://purl.obolibrary.org/obo/GO_0014829
http://purl.obolibrary.org/obo/GO_0003093, http://purl.obolibrary.org/obo/GO_0003094
http://purl.obolibrary.org/obo/GO_0003093, http://purl.obolibrary.org/obo/GO_0003094
http://purl.obolibrary.org/obo/GO_0003156, http://purl.obolibrary.org/obo/GO_0048645
http://purl.obolibrary.org/obo/GO_0003156, http://purl.obolibrary.org/obo/GO_0048645
http://purl.obolibrary.org/obo/GO_0003250, http://purl.obolibrary.org/obo/GO_0003249
http://purl.obolibrary.org/obo/GO_0003250, http://purl.obolibrary.org/obo/GO_0003249
http://purl.obolibrary.org/obo/GO_0003254, http://purl.obolibrary.org/obo/GO_0051899
http://purl.obolibrary.org/obo/GO_0003254, http://purl.obolibrary.org/obo/GO_0051899
http://purl.obolibrary.org/obo/GO_0003264, http://purl.obolibrary.org/obo/GO_0003263
http://purl.obolibrary.org/obo/GO_0003264, http://purl.obolibrary.org/obo/GO_0003263
http://purl.obolibrary.org/obo/GO_0003307, http://purl.obolibrary.org/obo/GO_0003306
http://purl.obolibrary.org/obo/GO_0003307, http://purl.obolibrary.org/obo/GO_0003306
http://purl.obolibrary.org/obo/GO_0003330, http://purl.obolibrary.org/obo/GO_0070278
http://purl.obolibrary.org/obo/GO_0003330, http://purl.obolibrary.org/obo/GO_0070278
http://purl.obolibrary.org/obo/GO_0003339, http://purl.obolibrary.org/obo/GO_0003337
http://purl.obolibrary.org/obo/GO_0003339, http://purl.obolibrary.org/obo/GO_0003337
http://purl.obolibrary.org/obo/GO_0003352, http://purl.obolibrary.org/obo/GO_0003341
http://purl.obolibrary.org/obo/GO_0003352, http://purl.obolibrary.org/obo/GO_0003341
http://purl.obolibrary.org/obo/GO_0003400, http://purl.obolibrary.org/obo/GO_0048208
http://purl.obolibrary.org/obo/GO_0003400, http://purl.obolibrary.org/obo/GO_0048208
http://purl.obolibrary.org/obo/GO_0003420, http://purl.obolibrary.org/obo/GO_0003419
http://purl.obolibrary.org/obo/GO_0003420, http://purl.obolibrary.org/obo/GO_0003419
http://purl.obolibrary.org/obo/GO_0003427, http://purl.obolibrary.org/obo/GO_0003426
http://purl.obolibrary.org/obo/GO_0003427, http://purl.obolibrary.org/obo/GO_0003426
http://purl.obolibrary.org/obo/GO_0005979, http://purl.obolibrary.org/obo/GO_0005978
http://purl.obolibrary.org/obo/GO_0005979, http://purl.obolibrary.org/obo/GO_0005978
http://purl.obolibrary.org/obo/GO_0005981, http://purl.obolibrary.org/obo/GO_0005980
http://purl.obolibrary.org/obo/GO_0005981, http://purl.obolibrary.org/obo/GO_0005980
http://purl.obolibrary.org/obo/GO_0006109, http://purl.obolibrary.org/obo/GO_0005975
http://purl.obolibrary.org/obo/GO_0006109, http://purl.obolibrary.org/obo/GO_0005975
http://purl.obolibrary.org/obo/GO_0006110, http://purl.obolibrary.org/obo/GO_0006096
http://purl.obolibrary.org/obo/GO_0006110, http://purl.obolibrary.org/obo/GO_0006096
http://purl.obolibrary.org/obo/GO_0006111, http://purl.obolibrary.org/obo/GO_0006094
http://purl.obolibrary.org/obo/GO_0006111, http://purl.obolibrary.org/obo/GO_0006094
http://purl.obolibrary.org/obo/GO_0006140, http://purl.obolibrary.org/obo/GO_0009117
http://purl.obolibrary.org/obo/GO_0006140, http://purl.obolibrary.org/obo/GO_0009117
http://purl.obolibrary.org/obo/GO_0006141, http://purl.obolibrary.org/obo/GO_0006144
http://purl.obolibrary.org/obo/GO_0006141, http://purl.obolibrary.org/obo/GO_0006144
http://purl.obolibrary.org/obo/GO_0006142, http://purl.obolibrary.org/obo/GO_0006206
http://purl.obolibrary.org/obo/GO_0006142, http://purl.obolibrary.org/obo/GO_0006206
http://purl.obolibrary.org/obo/GO_0006275, http://purl.obolibrary.org/obo/GO_0006260
http://purl.obolibrary.org/obo/GO_0006275, http://purl.obolibrary.org/obo/GO_0006260
http://purl.obolibrary.org/obo/GO_0006282, http://purl.obolibrary.org/obo/GO_0006281
http://purl.obolibrary.org/obo/GO_0006282, http://purl.obolibrary.org/obo/GO_0006281
http://purl.obolibrary.org/obo/GO_0006355, http://purl.obolibrary.org/obo/GO_0006351
http://purl.obolibrary.org/obo/GO_0006355, http://purl.obolibrary.org/obo/GO_0006351
http://purl.obolibrary.org/obo/GO_0006356, http://purl.obolibrary.org/obo/GO_0006360
http://purl.obolibrary.org/obo/GO_0006356, http://purl.obolibrary.org/obo/GO_0006360
http://purl.obolibrary.org/obo/GO_0006357, http://purl.obolibrary.org/obo/GO_0006366
http://purl.obolibrary.org/obo/GO_0006357, http://purl.obolibrary.org/obo/GO_0006366
http://purl.obolibrary.org/obo/GO_0006359, http://purl.obolibrary.org/obo/GO_0006383
http://purl.obolibrary.org/obo/GO_0006359, http://purl.obolibrary.org/obo/GO_0006383
http://purl.obolibrary.org/obo/GO_0006417, http://purl.obolibrary.org/obo/GO_0006412
http://purl.obolibrary.org/obo/GO_0006417, http://purl.obolibrary.org/obo/GO_0006412
http://purl.obolibrary.org/obo/GO_0006446, http://purl.obolibrary.org/obo/GO_0006413
http://purl.obolibrary.org/obo/GO_0006446, http://purl.obolibrary.org/obo/GO_0006413
http://purl.obolibrary.org/obo/GO_0006448, http://purl.obolibrary.org/obo/GO_0006414
http://purl.obolibrary.org/obo/GO_0006448, http://purl.obolibrary.org/obo/GO_0006414
http://purl.obolibrary.org/obo/GO_0006449, http://purl.obolibrary.org/obo/GO_0006415
http://purl.obolibrary.org/obo/GO_0006449, http://purl.obolibrary.org/obo/GO_0006415
http://purl.obolibrary.org/obo/GO_0006521, http://purl.obolibrary.org/obo/GO_0006520
http://purl.obolibrary.org/obo/GO_0006521, http://purl.obolibrary.org/obo/GO_0006520
http://purl.obolibrary.org/obo/GO_0006792, http://purl.obolibrary.org/obo/GO_0006791
http://purl.obolibrary.org/obo/GO_0006792, http://purl.obolibrary.org/obo/GO_0006791
http://purl.obolibrary.org/obo/GO_0006795, http://purl.obolibrary.org/obo/GO_0006794
http://purl.obolibrary.org/obo/GO_0006795, http://purl.obolibrary.org/obo/GO_0006794
http://purl.obolibrary.org/obo/GO_0006808, http://purl.obolibrary.org/obo/GO_0019740
http://purl.obolibrary.org/obo/GO_0006808, http://purl.obolibrary.org/obo/GO_0019740
http://purl.obolibrary.org/obo/GO_0006937, http://purl.obolibrary.org/obo/GO_0006936
http://purl.obolibrary.org/obo/GO_0006937, http://purl.obolibrary.org/obo/GO_0006936
http://purl.obolibrary.org/obo/GO_0006940, http://purl.obolibrary.org/obo/GO_0006939
http://purl.obolibrary.org/obo/GO_0006940, http://purl.obolibrary.org/obo/GO_0006939
http://purl.obolibrary.org/obo/GO_0006942, http://purl.obolibrary.org/obo/GO_0006941
http://purl.obolibrary.org/obo/GO_0006942, http://purl.obolibrary.org/obo/GO_0006941
http://purl.obolibrary.org/obo/GO_0007063, http://purl.obolibrary.org/obo/GO_0007062
http://purl.obolibrary.org/obo/GO_0007063, http://purl.obolibrary.org/obo/GO_0007062
http://purl.obolibrary.org/obo/GO_0007088, http://purl.obolibrary.org/obo/GO_0140014
http://purl.obolibrary.org/obo/GO_0007088, http://purl.obolibrary.org/obo/GO_0140014
http://purl.obolibrary.org/obo/GO_0007096, http://purl.obolibrary.org/obo/GO_0010458
http://purl.obolibrary.org/obo/GO_0007096, http://purl.obolibrary.org/obo/GO_0010458
http://purl.obolibrary.org/obo/GO_0007116, http://purl.obolibrary.org/obo/GO_0007114
http://purl.obolibrary.org/obo/GO_0007116, http://purl.obolibrary.org/obo/GO_0007114
http://purl.obolibrary.org/obo/GO_0007176, http://purl.obolibrary.org/obo/GO_0005006
http://purl.obolibrary.org/obo/GO_0007176, http://purl.obolibrary.org/obo/GO_0005006
http://purl.obolibrary.org/obo/GO_0007317, http://purl.obolibrary.org/obo/GO_0045451
http://purl.obolibrary.org/obo/GO_0007317, http://purl.obolibrary.org/obo/GO_0045451
http://purl.obolibrary.org/obo/GO_0007346, http://purl.obolibrary.org/obo/GO_0000278
http://purl.obolibrary.org/obo/GO_0007346, http://purl.obolibrary.org/obo/GO_0000278
http://purl.obolibrary.org/obo/GO_0007347, http://purl.obolibrary.org/obo/GO_0035185
http://purl.obolibrary.org/obo/GO_0007347, http://purl.obolibrary.org/obo/GO_0035185
http://purl.obolibrary.org/obo/GO_0007348, http://purl.obolibrary.org/obo/GO_0035186
http://purl.obolibrary.org/obo/GO_0007348, http://purl.obolibrary.org/obo/GO_0035186
http://purl.obolibrary.org/obo/GO_0007553, http://purl.obolibrary.org/obo/GO_0045455
http://purl.obolibrary.org/obo/GO_0007553, http://purl.obolibrary.org/obo/GO_0045455
http://purl.obolibrary.org/obo/GO_0007554, http://purl.obolibrary.org/obo/GO_0045456
http://purl.obolibrary.org/obo/GO_0007554, http://purl.obolibrary.org/obo/GO_0045456
http://purl.obolibrary.org/obo/GO_0007555, http://purl.obolibrary.org/obo/GO_0045457
http://purl.obolibrary.org/obo/GO_0007555, http://purl.obolibrary.org/obo/GO_0045457
http://purl.obolibrary.org/obo/GO_0007556, http://purl.obolibrary.org/obo/GO_0006716
http://purl.obolibrary.org/obo/GO_0007556, http://purl.obolibrary.org/obo/GO_0006716
http://purl.obolibrary.org/obo/GO_0007557, http://purl.obolibrary.org/obo/GO_0006718
http://purl.obolibrary.org/obo/GO_0007557, http://purl.obolibrary.org/obo/GO_0006718
http://purl.obolibrary.org/obo/GO_0007558, http://purl.obolibrary.org/obo/GO_0045443
http://purl.obolibrary.org/obo/GO_0007558, http://purl.obolibrary.org/obo/GO_0045443
http://purl.obolibrary.org/obo/GO_0007563, http://purl.obolibrary.org/obo/GO_0007562
http://purl.obolibrary.org/obo/GO_0007563, http://purl.obolibrary.org/obo/GO_0007562
http://purl.obolibrary.org/obo/GO_0007564, http://purl.obolibrary.org/obo/GO_0007593
http://purl.obolibrary.org/obo/GO_0007564, http://purl.obolibrary.org/obo/GO_0007593
http://purl.obolibrary.org/obo/GO_0008016, http://purl.obolibrary.org/obo/GO_0060047
http://purl.obolibrary.org/obo/GO_0008016, http://purl.obolibrary.org/obo/GO_0060047
http://purl.obolibrary.org/obo/GO_0008064, http://purl.obolibrary.org/obo/GO_0008154
http://purl.obolibrary.org/obo/GO_0008064, http://purl.obolibrary.org/obo/GO_0008154
http://purl.obolibrary.org/obo/GO_0008277, http://purl.obolibrary.org/obo/GO_0007186
http://purl.obolibrary.org/obo/GO_0008277, http://purl.obolibrary.org/obo/GO_0007186
http://purl.obolibrary.org/obo/GO_0008359, http://purl.obolibrary.org/obo/GO_0045450
http://purl.obolibrary.org/obo/GO_0008359, http://purl.obolibrary.org/obo/GO_0045450
http://purl.obolibrary.org/obo/GO_0008582, http://purl.obolibrary.org/obo/GO_0051124
http://purl.obolibrary.org/obo/GO_0008582, http://purl.obolibrary.org/obo/GO_0051124
http://purl.obolibrary.org/obo/GO_0008589, http://purl.obolibrary.org/obo/GO_0007224
http://purl.obolibrary.org/obo/GO_0008589, http://purl.obolibrary.org/obo/GO_0007224
http://purl.obolibrary.org/obo/GO_0008591, http://purl.obolibrary.org/obo/GO_0007223
http://purl.obolibrary.org/obo/GO_0008591, http://purl.obolibrary.org/obo/GO_0007223
http://purl.obolibrary.org/obo/GO_0008592, http://purl.obolibrary.org/obo/GO_0008063
http://purl.obolibrary.org/obo/GO_0008592, http://purl.obolibrary.org/obo/GO_0008063
http://purl.obolibrary.org/obo/GO_0008593, http://purl.obolibrary.org/obo/GO_0007219
http://purl.obolibrary.org/obo/GO_0008593, http://purl.obolibrary.org/obo/GO_0007219
http://purl.obolibrary.org/obo/GO_0009118, http://purl.obolibrary.org/obo/GO_0009116
http://purl.obolibrary.org/obo/GO_0009118, http://purl.obolibrary.org/obo/GO_0009116
http://purl.obolibrary.org/obo/GO_0009786, http://purl.obolibrary.org/obo/GO_0008356
http://purl.obolibrary.org/obo/GO_0009786, http://purl.obolibrary.org/obo/GO_0008356
http://purl.obolibrary.org/obo/GO_0009787, http://purl.obolibrary.org/obo/GO_0009738
http://purl.obolibrary.org/obo/GO_0009787, http://purl.obolibrary.org/obo/GO_0009738
http://purl.obolibrary.org/obo/GO_0009794, http://purl.obolibrary.org/obo/GO_0045448
http://purl.obolibrary.org/obo/GO_0009794, http://purl.obolibrary.org/obo/GO_0045448
http://purl.obolibrary.org/obo/GO_0009889, http://purl.obolibrary.org/obo/GO_0009058
http://purl.obolibrary.org/obo/GO_0009889, http://purl.obolibrary.org/obo/GO_0009058
http://purl.obolibrary.org/obo/GO_0009894, http://purl.obolibrary.org/obo/GO_0009056
http://purl.obolibrary.org/obo/GO_0009894, http://purl.obolibrary.org/obo/GO_0009056
http://purl.obolibrary.org/obo/GO_0009909, http://purl.obolibrary.org/obo/GO_0009908
http://purl.obolibrary.org/obo/GO_0009909, http://purl.obolibrary.org/obo/GO_0009908
http://purl.obolibrary.org/obo/GO_0009934, http://purl.obolibrary.org/obo/GO_0009933
http://purl.obolibrary.org/obo/GO_0009934, http://purl.obolibrary.org/obo/GO_0009933
http://purl.obolibrary.org/obo/GO_0009937, http://purl.obolibrary.org/obo/GO_0009740
http://purl.obolibrary.org/obo/GO_0009937, http://purl.obolibrary.org/obo/GO_0009740
http://purl.obolibrary.org/obo/GO_0009962, http://purl.obolibrary.org/obo/GO_0009813
http://purl.obolibrary.org/obo/GO_0009962, http://purl.obolibrary.org/obo/GO_0009813
http://purl.obolibrary.org/obo/GO_0009966, http://purl.obolibrary.org/obo/GO_0007165
http://purl.obolibrary.org/obo/GO_0009966, http://purl.obolibrary.org/obo/GO_0007165
http://purl.obolibrary.org/obo/GO_0010029, http://purl.obolibrary.org/obo/GO_0009845
http://purl.obolibrary.org/obo/GO_0010029, http://purl.obolibrary.org/obo/GO_0009845
http://purl.obolibrary.org/obo/GO_0010058, http://purl.obolibrary.org/obo/GO_0010056
http://purl.obolibrary.org/obo/GO_0010058, http://purl.obolibrary.org/obo/GO_0010056
http://purl.obolibrary.org/obo/GO_0010061, http://purl.obolibrary.org/obo/GO_0010057
http://purl.obolibrary.org/obo/GO_0010061, http://purl.obolibrary.org/obo/GO_0010057
http://purl.obolibrary.org/obo/GO_0010075, http://purl.obolibrary.org/obo/GO_0035266
http://purl.obolibrary.org/obo/GO_0010075, http://purl.obolibrary.org/obo/GO_0035266
http://purl.obolibrary.org/obo/GO_0010080, http://purl.obolibrary.org/obo/GO_0010451
http://purl.obolibrary.org/obo/GO_0010080, http://purl.obolibrary.org/obo/GO_0010451
http://purl.obolibrary.org/obo/GO_0010081, http://purl.obolibrary.org/obo/GO_0010450
http://purl.obolibrary.org/obo/GO_0010081, http://purl.obolibrary.org/obo/GO_0010450
http://purl.obolibrary.org/obo/GO_0010082, http://purl.obolibrary.org/obo/GO_0010449
http://purl.obolibrary.org/obo/GO_0010082, http://purl.obolibrary.org/obo/GO_0010449
http://purl.obolibrary.org/obo/GO_0010083, http://purl.obolibrary.org/obo/GO_0010448
http://purl.obolibrary.org/obo/GO_0010083, http://purl.obolibrary.org/obo/GO_0010448
http://purl.obolibrary.org/obo/GO_0010099, http://purl.obolibrary.org/obo/GO_0009640
http://purl.obolibrary.org/obo/GO_0010099, http://purl.obolibrary.org/obo/GO_0009640
http://purl.obolibrary.org/obo/GO_0010104, http://purl.obolibrary.org/obo/GO_0009873
http://purl.obolibrary.org/obo/GO_0010104, http://purl.obolibrary.org/obo/GO_0009873
http://purl.obolibrary.org/obo/GO_0010109, http://purl.obolibrary.org/obo/GO_0015979
http://purl.obolibrary.org/obo/GO_0010109, http://purl.obolibrary.org/obo/GO_0015979
http://purl.obolibrary.org/obo/GO_0010110, http://purl.obolibrary.org/obo/GO_0019685
http://purl.obolibrary.org/obo/GO_0010110, http://purl.obolibrary.org/obo/GO_0019685
http://purl.obolibrary.org/obo/GO_0010112, http://purl.obolibrary.org/obo/GO_0009627
http://purl.obolibrary.org/obo/GO_0010112, http://purl.obolibrary.org/obo/GO_0009627
http://purl.obolibrary.org/obo/GO_0010115, http://purl.obolibrary.org/obo/GO_0009688
http://purl.obolibrary.org/obo/GO_0010115, http://purl.obolibrary.org/obo/GO_0009688
http://purl.obolibrary.org/obo/GO_0010119, http://purl.obolibrary.org/obo/GO_0010118
http://purl.obolibrary.org/obo/GO_0010119, http://purl.obolibrary.org/obo/GO_0010118
http://purl.obolibrary.org/obo/GO_0010155, http://purl.obolibrary.org/obo/GO_1902600
http://purl.obolibrary.org/obo/GO_0010155, http://purl.obolibrary.org/obo/GO_1902600
http://purl.obolibrary.org/obo/GO_0010185, http://purl.obolibrary.org/obo/GO_0006968
http://purl.obolibrary.org/obo/GO_0010185, http://purl.obolibrary.org/obo/GO_0006968
http://purl.obolibrary.org/obo/GO_0010219, http://purl.obolibrary.org/obo/GO_0010048
http://purl.obolibrary.org/obo/GO_0010219, http://purl.obolibrary.org/obo/GO_0010048
http://purl.obolibrary.org/obo/GO_0010271, http://purl.obolibrary.org/obo/GO_0015996
http://purl.obolibrary.org/obo/GO_0010271, http://purl.obolibrary.org/obo/GO_0015996
http://purl.obolibrary.org/obo/GO_0010310, http://purl.obolibrary.org/obo/GO_0042743
http://purl.obolibrary.org/obo/GO_0010310, http://purl.obolibrary.org/obo/GO_0042743
http://purl.obolibrary.org/obo/GO_0010321, http://purl.obolibrary.org/obo/GO_0010050
http://purl.obolibrary.org/obo/GO_0010321, http://purl.obolibrary.org/obo/GO_0010050
http://purl.obolibrary.org/obo/GO_0010322, http://purl.obolibrary.org/obo/GO_0019288
http://purl.obolibrary.org/obo/GO_0010322, http://purl.obolibrary.org/obo/GO_0019288
http://purl.obolibrary.org/obo/GO_0010337, http://purl.obolibrary.org/obo/GO_0009696
http://purl.obolibrary.org/obo/GO_0010337, http://purl.obolibrary.org/obo/GO_0009696
http://purl.obolibrary.org/obo/GO_0010359, http://purl.obolibrary.org/obo/GO_0005253
http://purl.obolibrary.org/obo/GO_0010359, http://purl.obolibrary.org/obo/GO_0005253
http://purl.obolibrary.org/obo/GO_0010363, http://purl.obolibrary.org/obo/GO_0009626
http://purl.obolibrary.org/obo/GO_0010363, http://purl.obolibrary.org/obo/GO_0009626
http://purl.obolibrary.org/obo/GO_0010364, http://purl.obolibrary.org/obo/GO_0009693
http://purl.obolibrary.org/obo/GO_0010364, http://purl.obolibrary.org/obo/GO_0009693
http://purl.obolibrary.org/obo/GO_0010371, http://purl.obolibrary.org/obo/GO_0009686
http://purl.obolibrary.org/obo/GO_0010371, http://purl.obolibrary.org/obo/GO_0009686
http://purl.obolibrary.org/obo/GO_0010380, http://purl.obolibrary.org/obo/GO_0015995
http://purl.obolibrary.org/obo/GO_0010380, http://purl.obolibrary.org/obo/GO_0015995
http://purl.obolibrary.org/obo/GO_0010389, http://purl.obolibrary.org/obo/GO_0000086
http://purl.obolibrary.org/obo/GO_0010389, http://purl.obolibrary.org/obo/GO_0000086
http://purl.obolibrary.org/obo/GO_0010422, http://purl.obolibrary.org/obo/GO_0016132
http://purl.obolibrary.org/obo/GO_0010422, http://purl.obolibrary.org/obo/GO_0016132
http://purl.obolibrary.org/obo/GO_0010439, http://purl.obolibrary.org/obo/GO_0019761
http://purl.obolibrary.org/obo/GO_0010439, http://purl.obolibrary.org/obo/GO_0019761
http://purl.obolibrary.org/obo/GO_0010453, http://purl.obolibrary.org/obo/GO_0045165
http://purl.obolibrary.org/obo/GO_0010453, http://purl.obolibrary.org/obo/GO_0045165
http://purl.obolibrary.org/obo/GO_0010462, http://purl.obolibrary.org/obo/GO_0008086
http://purl.obolibrary.org/obo/GO_0010462, http://purl.obolibrary.org/obo/GO_0008086
http://purl.obolibrary.org/obo/GO_0010464, http://purl.obolibrary.org/obo/GO_0010463
http://purl.obolibrary.org/obo/GO_0010464, http://purl.obolibrary.org/obo/GO_0010463
http://purl.obolibrary.org/obo/GO_0010468, http://purl.obolibrary.org/obo/GO_0010467
http://purl.obolibrary.org/obo/GO_0010468, http://purl.obolibrary.org/obo/GO_0010467
http://purl.obolibrary.org/obo/GO_0010469, http://purl.obolibrary.org/obo/GO_0038023
http://purl.obolibrary.org/obo/GO_0010469, http://purl.obolibrary.org/obo/GO_0038023
http://purl.obolibrary.org/obo/GO_0010470, http://purl.obolibrary.org/obo/GO_0007369
http://purl.obolibrary.org/obo/GO_0010470, http://purl.obolibrary.org/obo/GO_0007369
http://purl.obolibrary.org/obo/GO_0010482, http://purl.obolibrary.org/obo/GO_0010481
http://purl.obolibrary.org/obo/GO_0010482, http://purl.obolibrary.org/obo/GO_0010481
http://purl.obolibrary.org/obo/GO_0010506, http://purl.obolibrary.org/obo/GO_0006914
http://purl.obolibrary.org/obo/GO_0010506, http://purl.obolibrary.org/obo/GO_0006914
http://purl.obolibrary.org/obo/GO_0010510, http://purl.obolibrary.org/obo/GO_0006086
http://purl.obolibrary.org/obo/GO_0010510, http://purl.obolibrary.org/obo/GO_0006086
http://purl.obolibrary.org/obo/GO_0010511, http://purl.obolibrary.org/obo/GO_0006661
http://purl.obolibrary.org/obo/GO_0010511, http://purl.obolibrary.org/obo/GO_0006661
http://purl.obolibrary.org/obo/GO_0010517, http://purl.obolibrary.org/obo/GO_0004620
http://purl.obolibrary.org/obo/GO_0010517, http://purl.obolibrary.org/obo/GO_0004620
http://purl.obolibrary.org/obo/GO_0010520, http://purl.obolibrary.org/obo/GO_0007131
http://purl.obolibrary.org/obo/GO_0010520, http://purl.obolibrary.org/obo/GO_0007131
http://purl.obolibrary.org/obo/GO_0010522, http://purl.obolibrary.org/obo/GO_0060402
http://purl.obolibrary.org/obo/GO_0010522, http://purl.obolibrary.org/obo/GO_0060402
http://purl.obolibrary.org/obo/GO_0010533, http://purl.obolibrary.org/obo/GO_0042976
http://purl.obolibrary.org/obo/GO_0010533, http://purl.obolibrary.org/obo/GO_0042976
http://purl.obolibrary.org/obo/GO_0010543, http://purl.obolibrary.org/obo/GO_0030168
http://purl.obolibrary.org/obo/GO_0010543, http://purl.obolibrary.org/obo/GO_0030168
http://purl.obolibrary.org/obo/GO_0010548, http://purl.obolibrary.org/obo/GO_0010547
http://purl.obolibrary.org/obo/GO_0010548, http://purl.obolibrary.org/obo/GO_0010547
http://purl.obolibrary.org/obo/GO_0010549, http://purl.obolibrary.org/obo/GO_0030397
http://purl.obolibrary.org/obo/GO_0010549, http://purl.obolibrary.org/obo/GO_0030397
http://purl.obolibrary.org/obo/GO_0010550, http://purl.obolibrary.org/obo/GO_0010304
http://purl.obolibrary.org/obo/GO_0010550, http://purl.obolibrary.org/obo/GO_0010304
http://purl.obolibrary.org/obo/GO_0010556, http://purl.obolibrary.org/obo/GO_0009059
http://purl.obolibrary.org/obo/GO_0010556, http://purl.obolibrary.org/obo/GO_0009059
http://purl.obolibrary.org/obo/GO_0010559, http://purl.obolibrary.org/obo/GO_0009101
http://purl.obolibrary.org/obo/GO_0010559, http://purl.obolibrary.org/obo/GO_0009101
http://purl.obolibrary.org/obo/GO_0010564, http://purl.obolibrary.org/obo/GO_0022402
http://purl.obolibrary.org/obo/GO_0010564, http://purl.obolibrary.org/obo/GO_0022402
http://purl.obolibrary.org/obo/GO_0010565, http://purl.obolibrary.org/obo/GO_0042180
http://purl.obolibrary.org/obo/GO_0010565, http://purl.obolibrary.org/obo/GO_0042180
http://purl.obolibrary.org/obo/GO_0010566, http://purl.obolibrary.org/obo/GO_0042181
http://purl.obolibrary.org/obo/GO_0010566, http://purl.obolibrary.org/obo/GO_0042181
http://purl.obolibrary.org/obo/GO_0010567, http://purl.obolibrary.org/obo/GO_0042182
http://purl.obolibrary.org/obo/GO_0010567, http://purl.obolibrary.org/obo/GO_0042182
http://purl.obolibrary.org/obo/GO_0010568, http://purl.obolibrary.org/obo/GO_0007118
http://purl.obolibrary.org/obo/GO_0010568, http://purl.obolibrary.org/obo/GO_0007118
http://purl.obolibrary.org/obo/GO_0010569, http://purl.obolibrary.org/obo/GO_0000724
http://purl.obolibrary.org/obo/GO_0010569, http://purl.obolibrary.org/obo/GO_0000724
http://purl.obolibrary.org/obo/GO_0010570, http://purl.obolibrary.org/obo/GO_0030447
http://purl.obolibrary.org/obo/GO_0010570, http://purl.obolibrary.org/obo/GO_0030447
http://purl.obolibrary.org/obo/GO_0010574, http://purl.obolibrary.org/obo/GO_0010573
http://purl.obolibrary.org/obo/GO_0010574, http://purl.obolibrary.org/obo/GO_0010573
http://purl.obolibrary.org/obo/GO_0010581, http://purl.obolibrary.org/obo/GO_0019252
http://purl.obolibrary.org/obo/GO_0010581, http://purl.obolibrary.org/obo/GO_0019252
http://purl.obolibrary.org/obo/GO_0010590, http://purl.obolibrary.org/obo/GO_0000920
http://purl.obolibrary.org/obo/GO_0010590, http://purl.obolibrary.org/obo/GO_0000920
http://purl.obolibrary.org/obo/GO_0010591, http://purl.obolibrary.org/obo/GO_0030032
http://purl.obolibrary.org/obo/GO_0010591, http://purl.obolibrary.org/obo/GO_0030032
http://purl.obolibrary.org/obo/GO_0010594, http://purl.obolibrary.org/obo/GO_0043542
http://purl.obolibrary.org/obo/GO_0010594, http://purl.obolibrary.org/obo/GO_0043542
http://purl.obolibrary.org/obo/GO_0010600, http://purl.obolibrary.org/obo/GO_0009851
http://purl.obolibrary.org/obo/GO_0010600, http://purl.obolibrary.org/obo/GO_0009851
http://purl.obolibrary.org/obo/GO_0010602, http://purl.obolibrary.org/obo/GO_0018871
http://purl.obolibrary.org/obo/GO_0010602, http://purl.obolibrary.org/obo/GO_0018871
http://purl.obolibrary.org/obo/GO_0010603, http://purl.obolibrary.org/obo/GO_0033962
http://purl.obolibrary.org/obo/GO_0010603, http://purl.obolibrary.org/obo/GO_0033962
http://purl.obolibrary.org/obo/GO_0010611, http://purl.obolibrary.org/obo/GO_0003300
http://purl.obolibrary.org/obo/GO_0010611, http://purl.obolibrary.org/obo/GO_0003300
http://purl.obolibrary.org/obo/GO_0010612, http://purl.obolibrary.org/obo/GO_0014887
http://purl.obolibrary.org/obo/GO_0010612, http://purl.obolibrary.org/obo/GO_0014887
http://purl.obolibrary.org/obo/GO_0010624, http://purl.obolibrary.org/obo/GO_0014010
http://purl.obolibrary.org/obo/GO_0010624, http://purl.obolibrary.org/obo/GO_0014010
http://purl.obolibrary.org/obo/GO_0010632, http://purl.obolibrary.org/obo/GO_0010631
http://purl.obolibrary.org/obo/GO_0010632, http://purl.obolibrary.org/obo/GO_0010631
http://purl.obolibrary.org/obo/GO_0010635, http://purl.obolibrary.org/obo/GO_0008053
http://purl.obolibrary.org/obo/GO_0010635, http://purl.obolibrary.org/obo/GO_0008053
http://purl.obolibrary.org/obo/GO_0010640, http://purl.obolibrary.org/obo/GO_0048008
http://purl.obolibrary.org/obo/GO_0010640, http://purl.obolibrary.org/obo/GO_0048008
http://purl.obolibrary.org/obo/GO_0010645, http://purl.obolibrary.org/obo/GO_0010643
http://purl.obolibrary.org/obo/GO_0010645, http://purl.obolibrary.org/obo/GO_0010643
http://purl.obolibrary.org/obo/GO_0010646, http://purl.obolibrary.org/obo/GO_0007154
http://purl.obolibrary.org/obo/GO_0010646, http://purl.obolibrary.org/obo/GO_0007154
http://purl.obolibrary.org/obo/GO_0010649, http://purl.obolibrary.org/obo/GO_0010644
http://purl.obolibrary.org/obo/GO_0010649, http://purl.obolibrary.org/obo/GO_0010644
http://purl.obolibrary.org/obo/GO_0010660, http://purl.obolibrary.org/obo/GO_0010657
http://purl.obolibrary.org/obo/GO_0010660, http://purl.obolibrary.org/obo/GO_0010657
http://purl.obolibrary.org/obo/GO_0010662, http://purl.obolibrary.org/obo/GO_0010658
http://purl.obolibrary.org/obo/GO_0010662, http://purl.obolibrary.org/obo/GO_0010658
http://purl.obolibrary.org/obo/GO_0010665, http://purl.obolibrary.org/obo/GO_0010659
http://purl.obolibrary.org/obo/GO_0010665, http://purl.obolibrary.org/obo/GO_0010659
http://purl.obolibrary.org/obo/GO_0010692, http://purl.obolibrary.org/obo/GO_0004035
http://purl.obolibrary.org/obo/GO_0010692, http://purl.obolibrary.org/obo/GO_0004035
http://purl.obolibrary.org/obo/GO_0010695, http://purl.obolibrary.org/obo/GO_0000073
http://purl.obolibrary.org/obo/GO_0010695, http://purl.obolibrary.org/obo/GO_0000073
http://purl.obolibrary.org/obo/GO_0010710, http://purl.obolibrary.org/obo/GO_0030574
http://purl.obolibrary.org/obo/GO_0010710, http://purl.obolibrary.org/obo/GO_0030574
http://purl.obolibrary.org/obo/GO_0010712, http://purl.obolibrary.org/obo/GO_0032963
http://purl.obolibrary.org/obo/GO_0010712, http://purl.obolibrary.org/obo/GO_0032963
http://purl.obolibrary.org/obo/GO_0010715, http://purl.obolibrary.org/obo/GO_0022617
http://purl.obolibrary.org/obo/GO_0010715, http://purl.obolibrary.org/obo/GO_0022617
http://purl.obolibrary.org/obo/GO_0010717, http://purl.obolibrary.org/obo/GO_0001837
http://purl.obolibrary.org/obo/GO_0010717, http://purl.obolibrary.org/obo/GO_0001837
http://purl.obolibrary.org/obo/GO_0010722, http://purl.obolibrary.org/obo/GO_0004325
http://purl.obolibrary.org/obo/GO_0010722, http://purl.obolibrary.org/obo/GO_0004325
http://purl.obolibrary.org/obo/GO_0010724, http://purl.obolibrary.org/obo/GO_0060318
http://purl.obolibrary.org/obo/GO_0010724, http://purl.obolibrary.org/obo/GO_0060318
http://purl.obolibrary.org/obo/GO_0010725, http://purl.obolibrary.org/obo/GO_0060319
http://purl.obolibrary.org/obo/GO_0010725, http://purl.obolibrary.org/obo/GO_0060319
http://purl.obolibrary.org/obo/GO_0010728, http://purl.obolibrary.org/obo/GO_0050665
http://purl.obolibrary.org/obo/GO_0010728, http://purl.obolibrary.org/obo/GO_0050665
http://purl.obolibrary.org/obo/GO_0010732, http://purl.obolibrary.org/obo/GO_0010731
http://purl.obolibrary.org/obo/GO_0010732, http://purl.obolibrary.org/obo/GO_0010731
http://purl.obolibrary.org/obo/GO_0010738, http://purl.obolibrary.org/obo/GO_0010737
http://purl.obolibrary.org/obo/GO_0010738, http://purl.obolibrary.org/obo/GO_0010737
http://purl.obolibrary.org/obo/GO_0010743, http://purl.obolibrary.org/obo/GO_0010742
http://purl.obolibrary.org/obo/GO_0010743, http://purl.obolibrary.org/obo/GO_0010742
http://purl.obolibrary.org/obo/GO_0010746, http://purl.obolibrary.org/obo/GO_0015911
http://purl.obolibrary.org/obo/GO_0010746, http://purl.obolibrary.org/obo/GO_0015911
http://purl.obolibrary.org/obo/GO_0010749, http://purl.obolibrary.org/obo/GO_0007263
http://purl.obolibrary.org/obo/GO_0010749, http://purl.obolibrary.org/obo/GO_0007263
http://purl.obolibrary.org/obo/GO_0010752, http://purl.obolibrary.org/obo/GO_0019934
http://purl.obolibrary.org/obo/GO_0010752, http://purl.obolibrary.org/obo/GO_0019934
http://purl.obolibrary.org/obo/GO_0010755, http://purl.obolibrary.org/obo/GO_0031639
http://purl.obolibrary.org/obo/GO_0010755, http://purl.obolibrary.org/obo/GO_0031639
http://purl.obolibrary.org/obo/GO_0010758, http://purl.obolibrary.org/obo/GO_0048246
http://purl.obolibrary.org/obo/GO_0010758, http://purl.obolibrary.org/obo/GO_0048246
http://purl.obolibrary.org/obo/GO_0010762, http://purl.obolibrary.org/obo/GO_0010761
http://purl.obolibrary.org/obo/GO_0010762, http://purl.obolibrary.org/obo/GO_0010761
http://purl.obolibrary.org/obo/GO_0010793, http://purl.obolibrary.org/obo/GO_0006406
http://purl.obolibrary.org/obo/GO_0010793, http://purl.obolibrary.org/obo/GO_0006406
http://purl.obolibrary.org/obo/GO_0010794, http://purl.obolibrary.org/obo/GO_0019408
http://purl.obolibrary.org/obo/GO_0010794, http://purl.obolibrary.org/obo/GO_0019408
http://purl.obolibrary.org/obo/GO_0010795, http://purl.obolibrary.org/obo/GO_0006744
http://purl.obolibrary.org/obo/GO_0010795, http://purl.obolibrary.org/obo/GO_0006744
http://purl.obolibrary.org/obo/GO_0010799, http://purl.obolibrary.org/obo/GO_0018107
http://purl.obolibrary.org/obo/GO_0010799, http://purl.obolibrary.org/obo/GO_0018107
http://purl.obolibrary.org/obo/GO_0010803, http://purl.obolibrary.org/obo/GO_0033209
http://purl.obolibrary.org/obo/GO_0010803, http://purl.obolibrary.org/obo/GO_0033209
http://purl.obolibrary.org/obo/GO_0010807, http://purl.obolibrary.org/obo/GO_0016082
http://purl.obolibrary.org/obo/GO_0010807, http://purl.obolibrary.org/obo/GO_0016082
http://purl.obolibrary.org/obo/GO_0010810, http://purl.obolibrary.org/obo/GO_0031589
http://purl.obolibrary.org/obo/GO_0010810, http://purl.obolibrary.org/obo/GO_0031589
http://purl.obolibrary.org/obo/GO_0010819, http://purl.obolibrary.org/obo/GO_0010818
http://purl.obolibrary.org/obo/GO_0010819, http://purl.obolibrary.org/obo/GO_0010818
http://purl.obolibrary.org/obo/GO_0010821, http://purl.obolibrary.org/obo/GO_0007005
http://purl.obolibrary.org/obo/GO_0010821, http://purl.obolibrary.org/obo/GO_0007005
http://purl.obolibrary.org/obo/GO_0010824, http://purl.obolibrary.org/obo/GO_0051298
http://purl.obolibrary.org/obo/GO_0010824, http://purl.obolibrary.org/obo/GO_0051298
http://purl.obolibrary.org/obo/GO_0010827, http://purl.obolibrary.org/obo/GO_1904659
http://purl.obolibrary.org/obo/GO_0010827, http://purl.obolibrary.org/obo/GO_1904659
http://purl.obolibrary.org/obo/GO_0010830, http://purl.obolibrary.org/obo/GO_0014902
http://purl.obolibrary.org/obo/GO_0010830, http://purl.obolibrary.org/obo/GO_0014902
http://purl.obolibrary.org/obo/GO_0010835, http://purl.obolibrary.org/obo/GO_1990404
http://purl.obolibrary.org/obo/GO_0010835, http://purl.obolibrary.org/obo/GO_1990404
http://purl.obolibrary.org/obo/GO_0010837, http://purl.obolibrary.org/obo/GO_0043616
http://purl.obolibrary.org/obo/GO_0010837, http://purl.obolibrary.org/obo/GO_0043616
http://purl.obolibrary.org/obo/GO_0010840, http://purl.obolibrary.org/obo/GO_0042746
http://purl.obolibrary.org/obo/GO_0010840, http://purl.obolibrary.org/obo/GO_0042746
http://purl.obolibrary.org/obo/GO_0010849, http://purl.obolibrary.org/obo/GO_0046961
http://purl.obolibrary.org/obo/GO_0010849, http://purl.obolibrary.org/obo/GO_0046961
http://purl.obolibrary.org/obo/GO_0010866, http://purl.obolibrary.org/obo/GO_0019432
http://purl.obolibrary.org/obo/GO_0010866, http://purl.obolibrary.org/obo/GO_0019432
http://purl.obolibrary.org/obo/GO_0010874, http://purl.obolibrary.org/obo/GO_0033344
http://purl.obolibrary.org/obo/GO_0010874, http://purl.obolibrary.org/obo/GO_0033344
http://purl.obolibrary.org/obo/GO_0010880, http://purl.obolibrary.org/obo/GO_0014808
http://purl.obolibrary.org/obo/GO_0010880, http://purl.obolibrary.org/obo/GO_0014808
http://purl.obolibrary.org/obo/GO_0010882, http://purl.obolibrary.org/obo/GO_0060048
http://purl.obolibrary.org/obo/GO_0010883, http://purl.obolibrary.org/obo/GO_0019915
http://purl.obolibrary.org/obo/GO_0010883, http://purl.obolibrary.org/obo/GO_0019915
http://purl.obolibrary.org/obo/GO_0010885, http://purl.obolibrary.org/obo/GO_0010878
http://purl.obolibrary.org/obo/GO_0010885, http://purl.obolibrary.org/obo/GO_0010878
http://purl.obolibrary.org/obo/GO_0010889, http://purl.obolibrary.org/obo/GO_0030730
http://purl.obolibrary.org/obo/GO_0010889, http://purl.obolibrary.org/obo/GO_0030730
http://purl.obolibrary.org/obo/GO_0010896, http://purl.obolibrary.org/obo/GO_0019433
http://purl.obolibrary.org/obo/GO_0010896, http://purl.obolibrary.org/obo/GO_0019433
http://purl.obolibrary.org/obo/GO_0010899, http://purl.obolibrary.org/obo/GO_0034638
http://purl.obolibrary.org/obo/GO_0010899, http://purl.obolibrary.org/obo/GO_0034638
http://purl.obolibrary.org/obo/GO_0010901, http://purl.obolibrary.org/obo/GO_0034372
http://purl.obolibrary.org/obo/GO_0010901, http://purl.obolibrary.org/obo/GO_0034372
http://purl.obolibrary.org/obo/GO_0010904, http://purl.obolibrary.org/obo/GO_0006258
http://purl.obolibrary.org/obo/GO_0010904, http://purl.obolibrary.org/obo/GO_0006258
http://purl.obolibrary.org/obo/GO_0010906, http://purl.obolibrary.org/obo/GO_0006006
http://purl.obolibrary.org/obo/GO_0010906, http://purl.obolibrary.org/obo/GO_0006006
http://purl.obolibrary.org/obo/GO_0010908, http://purl.obolibrary.org/obo/GO_0015012
http://purl.obolibrary.org/obo/GO_0010908, http://purl.obolibrary.org/obo/GO_0015012
http://purl.obolibrary.org/obo/GO_0010911, http://purl.obolibrary.org/obo/GO_0016853
http://purl.obolibrary.org/obo/GO_0010911, http://purl.obolibrary.org/obo/GO_0016853
http://purl.obolibrary.org/obo/GO_0010913, http://purl.obolibrary.org/obo/GO_0045461
http://purl.obolibrary.org/obo/GO_0010913, http://purl.obolibrary.org/obo/GO_0045461
http://purl.obolibrary.org/obo/GO_0010915, http://purl.obolibrary.org/obo/GO_0034447
http://purl.obolibrary.org/obo/GO_0010915, http://purl.obolibrary.org/obo/GO_0034447
http://purl.obolibrary.org/obo/GO_0010919, http://purl.obolibrary.org/obo/GO_0032958
http://purl.obolibrary.org/obo/GO_0010919, http://purl.obolibrary.org/obo/GO_0032958
http://purl.obolibrary.org/obo/GO_0010921, http://purl.obolibrary.org/obo/GO_0016791
http://purl.obolibrary.org/obo/GO_0010921, http://purl.obolibrary.org/obo/GO_0016791
http://purl.obolibrary.org/obo/GO_0010924, http://purl.obolibrary.org/obo/GO_0004445
http://purl.obolibrary.org/obo/GO_0010924, http://purl.obolibrary.org/obo/GO_0004445
http://purl.obolibrary.org/obo/GO_0010928, http://purl.obolibrary.org/obo/GO_0009734
http://purl.obolibrary.org/obo/GO_0010928, http://purl.obolibrary.org/obo/GO_0009734
http://purl.obolibrary.org/obo/GO_0010932, http://purl.obolibrary.org/obo/GO_0010931
http://purl.obolibrary.org/obo/GO_0010932, http://purl.obolibrary.org/obo/GO_0010931
http://purl.obolibrary.org/obo/GO_0010935, http://purl.obolibrary.org/obo/GO_0010934
http://purl.obolibrary.org/obo/GO_0010935, http://purl.obolibrary.org/obo/GO_0010934
http://purl.obolibrary.org/obo/GO_0010937, http://purl.obolibrary.org/obo/GO_0010938
http://purl.obolibrary.org/obo/GO_0010937, http://purl.obolibrary.org/obo/GO_0010938
http://purl.obolibrary.org/obo/GO_0010946, http://purl.obolibrary.org/obo/GO_0000709
http://purl.obolibrary.org/obo/GO_0010946, http://purl.obolibrary.org/obo/GO_0000709
http://purl.obolibrary.org/obo/GO_0010958, http://purl.obolibrary.org/obo/GO_0089718
http://purl.obolibrary.org/obo/GO_0010958, http://purl.obolibrary.org/obo/GO_0089718
http://purl.obolibrary.org/obo/GO_0010959, http://purl.obolibrary.org/obo/GO_0030001
http://purl.obolibrary.org/obo/GO_0010959, http://purl.obolibrary.org/obo/GO_0030001
http://purl.obolibrary.org/obo/GO_0010962, http://purl.obolibrary.org/obo/GO_0009250
http://purl.obolibrary.org/obo/GO_0010962, http://purl.obolibrary.org/obo/GO_0009250
http://purl.obolibrary.org/obo/GO_0010964, http://purl.obolibrary.org/obo/GO_0031048
http://purl.obolibrary.org/obo/GO_0010964, http://purl.obolibrary.org/obo/GO_0031048
http://purl.obolibrary.org/obo/GO_0010965, http://purl.obolibrary.org/obo/GO_0051306
http://purl.obolibrary.org/obo/GO_0010965, http://purl.obolibrary.org/obo/GO_0051306
http://purl.obolibrary.org/obo/GO_0010966, http://purl.obolibrary.org/obo/GO_0006817
http://purl.obolibrary.org/obo/GO_0010966, http://purl.obolibrary.org/obo/GO_0006817
http://purl.obolibrary.org/obo/GO_0010967, http://purl.obolibrary.org/obo/GO_0006596
http://purl.obolibrary.org/obo/GO_0010967, http://purl.obolibrary.org/obo/GO_0006596
http://purl.obolibrary.org/obo/GO_0010968, http://purl.obolibrary.org/obo/GO_0007020
http://purl.obolibrary.org/obo/GO_0010968, http://purl.obolibrary.org/obo/GO_0007020
http://purl.obolibrary.org/obo/GO_0010969, http://purl.obolibrary.org/obo/GO_0000750
http://purl.obolibrary.org/obo/GO_0010969, http://purl.obolibrary.org/obo/GO_0000750
http://purl.obolibrary.org/obo/GO_0010975, http://purl.obolibrary.org/obo/GO_0031175
http://purl.obolibrary.org/obo/GO_0010975, http://purl.obolibrary.org/obo/GO_0031175
http://purl.obolibrary.org/obo/GO_0010979, http://purl.obolibrary.org/obo/GO_0070576
http://purl.obolibrary.org/obo/GO_0010979, http://purl.obolibrary.org/obo/GO_0070576
http://purl.obolibrary.org/obo/GO_0010981, http://purl.obolibrary.org/obo/GO_0044036
http://purl.obolibrary.org/obo/GO_0010981, http://purl.obolibrary.org/obo/GO_0044036
http://purl.obolibrary.org/obo/GO_0010982, http://purl.obolibrary.org/obo/GO_0034384
http://purl.obolibrary.org/obo/GO_0010982, http://purl.obolibrary.org/obo/GO_0034384
http://purl.obolibrary.org/obo/GO_0010984, http://purl.obolibrary.org/obo/GO_0034381
http://purl.obolibrary.org/obo/GO_0010984, http://purl.obolibrary.org/obo/GO_0034381
http://purl.obolibrary.org/obo/GO_0010988, http://purl.obolibrary.org/obo/GO_0034383
http://purl.obolibrary.org/obo/GO_0010988, http://purl.obolibrary.org/obo/GO_0034383
http://purl.obolibrary.org/obo/GO_0010999, http://purl.obolibrary.org/obo/GO_0010998
http://purl.obolibrary.org/obo/GO_0014006, http://purl.obolibrary.org/obo/GO_0014004
http://purl.obolibrary.org/obo/GO_0014006, http://purl.obolibrary.org/obo/GO_0014004
http://purl.obolibrary.org/obo/GO_0014013, http://purl.obolibrary.org/obo/GO_0042063
http://purl.obolibrary.org/obo/GO_0014013, http://purl.obolibrary.org/obo/GO_0042063
http://purl.obolibrary.org/obo/GO_0014038, http://purl.obolibrary.org/obo/GO_0014037
http://purl.obolibrary.org/obo/GO_0014038, http://purl.obolibrary.org/obo/GO_0014037
http://purl.obolibrary.org/obo/GO_0014041, http://purl.obolibrary.org/obo/GO_0042551
http://purl.obolibrary.org/obo/GO_0014041, http://purl.obolibrary.org/obo/GO_0042551
http://purl.obolibrary.org/obo/GO_0014048, http://purl.obolibrary.org/obo/GO_0014047
http://purl.obolibrary.org/obo/GO_0014048, http://purl.obolibrary.org/obo/GO_0014047
http://purl.obolibrary.org/obo/GO_0014052, http://purl.obolibrary.org/obo/GO_0014051
http://purl.obolibrary.org/obo/GO_0014052, http://purl.obolibrary.org/obo/GO_0014051
http://purl.obolibrary.org/obo/GO_0014056, http://purl.obolibrary.org/obo/GO_0014055
http://purl.obolibrary.org/obo/GO_0014056, http://purl.obolibrary.org/obo/GO_0014055
http://purl.obolibrary.org/obo/GO_0014059, http://purl.obolibrary.org/obo/GO_0014046
http://purl.obolibrary.org/obo/GO_0014059, http://purl.obolibrary.org/obo/GO_0014046
http://purl.obolibrary.org/obo/GO_0014060, http://purl.obolibrary.org/obo/GO_0048242
http://purl.obolibrary.org/obo/GO_0014060, http://purl.obolibrary.org/obo/GO_0048242
http://purl.obolibrary.org/obo/GO_0014061, http://purl.obolibrary.org/obo/GO_0048243
http://purl.obolibrary.org/obo/GO_0014061, http://purl.obolibrary.org/obo/GO_0048243
http://purl.obolibrary.org/obo/GO_0014062, http://purl.obolibrary.org/obo/GO_0001820
http://purl.obolibrary.org/obo/GO_0014062, http://purl.obolibrary.org/obo/GO_0001820
http://purl.obolibrary.org/obo/GO_0014708, http://purl.obolibrary.org/obo/GO_0002075
http://purl.obolibrary.org/obo/GO_0014708, http://purl.obolibrary.org/obo/GO_0002075
http://purl.obolibrary.org/obo/GO_0014711, http://purl.obolibrary.org/obo/GO_0014707
http://purl.obolibrary.org/obo/GO_0014711, http://purl.obolibrary.org/obo/GO_0014707
http://purl.obolibrary.org/obo/GO_0014717, http://purl.obolibrary.org/obo/GO_0014901
http://purl.obolibrary.org/obo/GO_0014717, http://purl.obolibrary.org/obo/GO_0014901
http://purl.obolibrary.org/obo/GO_0014722, http://purl.obolibrary.org/obo/GO_0003009
http://purl.obolibrary.org/obo/GO_0014724, http://purl.obolibrary.org/obo/GO_0014721
http://purl.obolibrary.org/obo/GO_0014724, http://purl.obolibrary.org/obo/GO_0014721
http://purl.obolibrary.org/obo/GO_0014725, http://purl.obolibrary.org/obo/GO_0002074
http://purl.obolibrary.org/obo/GO_0014725, http://purl.obolibrary.org/obo/GO_0002074
http://purl.obolibrary.org/obo/GO_0014733, http://purl.obolibrary.org/obo/GO_0043501
http://purl.obolibrary.org/obo/GO_0014733, http://purl.obolibrary.org/obo/GO_0043501
http://purl.obolibrary.org/obo/GO_0014735, http://purl.obolibrary.org/obo/GO_0014889
http://purl.obolibrary.org/obo/GO_0014735, http://purl.obolibrary.org/obo/GO_0014889
http://purl.obolibrary.org/obo/GO_0014738, http://purl.obolibrary.org/obo/GO_0014900
http://purl.obolibrary.org/obo/GO_0014738, http://purl.obolibrary.org/obo/GO_0014900
http://purl.obolibrary.org/obo/GO_0014743, http://purl.obolibrary.org/obo/GO_0014896
http://purl.obolibrary.org/obo/GO_0014743, http://purl.obolibrary.org/obo/GO_0014896
http://purl.obolibrary.org/obo/GO_0014746, http://purl.obolibrary.org/obo/GO_0014720
http://purl.obolibrary.org/obo/GO_0014746, http://purl.obolibrary.org/obo/GO_0014720
http://purl.obolibrary.org/obo/GO_0014807, http://purl.obolibrary.org/obo/GO_0001756
http://purl.obolibrary.org/obo/GO_0014807, http://purl.obolibrary.org/obo/GO_0001756
http://purl.obolibrary.org/obo/GO_0014819, http://purl.obolibrary.org/obo/GO_0003009
http://purl.obolibrary.org/obo/GO_0014819, http://purl.obolibrary.org/obo/GO_0003009
http://purl.obolibrary.org/obo/GO_0014842, http://purl.obolibrary.org/obo/GO_0014841
http://purl.obolibrary.org/obo/GO_0014842, http://purl.obolibrary.org/obo/GO_0014841
http://purl.obolibrary.org/obo/GO_0014857, http://purl.obolibrary.org/obo/GO_0014856
http://purl.obolibrary.org/obo/GO_0014857, http://purl.obolibrary.org/obo/GO_0014856
http://purl.obolibrary.org/obo/GO_0014861, http://purl.obolibrary.org/obo/GO_0100001
http://purl.obolibrary.org/obo/GO_0014861, http://purl.obolibrary.org/obo/GO_0100001
http://purl.obolibrary.org/obo/GO_0014910, http://purl.obolibrary.org/obo/GO_0014909
http://purl.obolibrary.org/obo/GO_0014910, http://purl.obolibrary.org/obo/GO_0014909
http://purl.obolibrary.org/obo/GO_0016061, http://purl.obolibrary.org/obo/GO_0010461
http://purl.obolibrary.org/obo/GO_0016061, http://purl.obolibrary.org/obo/GO_0010461
http://purl.obolibrary.org/obo/GO_0016202, http://purl.obolibrary.org/obo/GO_0014706
http://purl.obolibrary.org/obo/GO_0016202, http://purl.obolibrary.org/obo/GO_0014706
http://purl.obolibrary.org/obo/GO_0016241, http://purl.obolibrary.org/obo/GO_0016236
http://purl.obolibrary.org/obo/GO_0016241, http://purl.obolibrary.org/obo/GO_0016236
http://purl.obolibrary.org/obo/GO_0017015, http://purl.obolibrary.org/obo/GO_0007179
http://purl.obolibrary.org/obo/GO_0017015, http://purl.obolibrary.org/obo/GO_0007179
http://purl.obolibrary.org/obo/GO_0017157, http://purl.obolibrary.org/obo/GO_0006887
http://purl.obolibrary.org/obo/GO_0017157, http://purl.obolibrary.org/obo/GO_0006887
http://purl.obolibrary.org/obo/GO_0017158, http://purl.obolibrary.org/obo/GO_0017156
http://purl.obolibrary.org/obo/GO_0017158, http://purl.obolibrary.org/obo/GO_0017156
http://purl.obolibrary.org/obo/GO_0019216, http://purl.obolibrary.org/obo/GO_0006629
http://purl.obolibrary.org/obo/GO_0019216, http://purl.obolibrary.org/obo/GO_0006629
http://purl.obolibrary.org/obo/GO_0019217, http://purl.obolibrary.org/obo/GO_0006631
http://purl.obolibrary.org/obo/GO_0019217, http://purl.obolibrary.org/obo/GO_0006631
http://purl.obolibrary.org/obo/GO_0019218, http://purl.obolibrary.org/obo/GO_0008202
http://purl.obolibrary.org/obo/GO_0019218, http://purl.obolibrary.org/obo/GO_0008202
http://purl.obolibrary.org/obo/GO_0019219, http://purl.obolibrary.org/obo/GO_0006139
http://purl.obolibrary.org/obo/GO_0019219, http://purl.obolibrary.org/obo/GO_0006139
http://purl.obolibrary.org/obo/GO_0019220, http://purl.obolibrary.org/obo/GO_0006796
http://purl.obolibrary.org/obo/GO_0019220, http://purl.obolibrary.org/obo/GO_0006796
http://purl.obolibrary.org/obo/GO_0019222, http://purl.obolibrary.org/obo/GO_0008152
http://purl.obolibrary.org/obo/GO_0019222, http://purl.obolibrary.org/obo/GO_0008152
http://purl.obolibrary.org/obo/GO_0019229, http://purl.obolibrary.org/obo/GO_0042310
http://purl.obolibrary.org/obo/GO_0019229, http://purl.obolibrary.org/obo/GO_0042310
http://purl.obolibrary.org/obo/GO_0019747, http://purl.obolibrary.org/obo/GO_0006720
http://purl.obolibrary.org/obo/GO_0019747, http://purl.obolibrary.org/obo/GO_0006720
http://purl.obolibrary.org/obo/GO_0020013, http://purl.obolibrary.org/obo/GO_0034117
http://purl.obolibrary.org/obo/GO_0020013, http://purl.obolibrary.org/obo/GO_0034117
http://purl.obolibrary.org/obo/GO_0021921, http://purl.obolibrary.org/obo/GO_0010456
http://purl.obolibrary.org/obo/GO_0021921, http://purl.obolibrary.org/obo/GO_0010456
http://purl.obolibrary.org/obo/GO_0021936, http://purl.obolibrary.org/obo/GO_0021930
http://purl.obolibrary.org/obo/GO_0021936, http://purl.obolibrary.org/obo/GO_0021930
http://purl.obolibrary.org/obo/GO_0022400, http://purl.obolibrary.org/obo/GO_0016056
http://purl.obolibrary.org/obo/GO_0022400, http://purl.obolibrary.org/obo/GO_0016056
http://purl.obolibrary.org/obo/GO_0022407, http://purl.obolibrary.org/obo/GO_0098609
http://purl.obolibrary.org/obo/GO_0022407, http://purl.obolibrary.org/obo/GO_0098609
http://purl.obolibrary.org/obo/GO_0022603, http://purl.obolibrary.org/obo/GO_0009653
http://purl.obolibrary.org/obo/GO_0022603, http://purl.obolibrary.org/obo/GO_0009653
http://purl.obolibrary.org/obo/GO_0022604, http://purl.obolibrary.org/obo/GO_0000902
http://purl.obolibrary.org/obo/GO_0022604, http://purl.obolibrary.org/obo/GO_0000902
http://purl.obolibrary.org/obo/GO_0022898, http://purl.obolibrary.org/obo/GO_0022857
http://purl.obolibrary.org/obo/GO_0022898, http://purl.obolibrary.org/obo/GO_0022857
http://purl.obolibrary.org/obo/GO_0023051, http://purl.obolibrary.org/obo/GO_0023052
http://purl.obolibrary.org/obo/GO_0023051, http://purl.obolibrary.org/obo/GO_0023052
http://purl.obolibrary.org/obo/GO_0030071, http://purl.obolibrary.org/obo/GO_0007091
http://purl.obolibrary.org/obo/GO_0030071, http://purl.obolibrary.org/obo/GO_0007091
http://purl.obolibrary.org/obo/GO_0030100, http://purl.obolibrary.org/obo/GO_0006897
http://purl.obolibrary.org/obo/GO_0030100, http://purl.obolibrary.org/obo/GO_0006897
http://purl.obolibrary.org/obo/GO_0030111, http://purl.obolibrary.org/obo/GO_0016055
http://purl.obolibrary.org/obo/GO_0030111, http://purl.obolibrary.org/obo/GO_0016055
http://purl.obolibrary.org/obo/GO_0030155, http://purl.obolibrary.org/obo/GO_0007155
http://purl.obolibrary.org/obo/GO_0030155, http://purl.obolibrary.org/obo/GO_0007155
http://purl.obolibrary.org/obo/GO_0030162, http://purl.obolibrary.org/obo/GO_0006508
http://purl.obolibrary.org/obo/GO_0030162, http://purl.obolibrary.org/obo/GO_0006508
http://purl.obolibrary.org/obo/GO_0030174, http://purl.obolibrary.org/obo/GO_0006270
http://purl.obolibrary.org/obo/GO_0030174, http://purl.obolibrary.org/obo/GO_0006270
http://purl.obolibrary.org/obo/GO_0030193, http://purl.obolibrary.org/obo/GO_0007596
http://purl.obolibrary.org/obo/GO_0030193, http://purl.obolibrary.org/obo/GO_0007596
http://purl.obolibrary.org/obo/GO_0030278, http://purl.obolibrary.org/obo/GO_0001503
http://purl.obolibrary.org/obo/GO_0030278, http://purl.obolibrary.org/obo/GO_0001503
http://purl.obolibrary.org/obo/GO_0030300, http://purl.obolibrary.org/obo/GO_0030299
http://purl.obolibrary.org/obo/GO_0030300, http://purl.obolibrary.org/obo/GO_0030299
http://purl.obolibrary.org/obo/GO_0030334, http://purl.obolibrary.org/obo/GO_0016477
http://purl.obolibrary.org/obo/GO_0030334, http://purl.obolibrary.org/obo/GO_0016477
http://purl.obolibrary.org/obo/GO_0030449, http://purl.obolibrary.org/obo/GO_0006956
http://purl.obolibrary.org/obo/GO_0030449, http://purl.obolibrary.org/obo/GO_0006956
http://purl.obolibrary.org/obo/GO_0030450, http://purl.obolibrary.org/obo/GO_0006958
http://purl.obolibrary.org/obo/GO_0030450, http://purl.obolibrary.org/obo/GO_0006958
http://purl.obolibrary.org/obo/GO_0030451, http://purl.obolibrary.org/obo/GO_0006957
http://purl.obolibrary.org/obo/GO_0030451, http://purl.obolibrary.org/obo/GO_0006957
http://purl.obolibrary.org/obo/GO_0030500, http://purl.obolibrary.org/obo/GO_0030282
http://purl.obolibrary.org/obo/GO_0030500, http://purl.obolibrary.org/obo/GO_0030282
http://purl.obolibrary.org/obo/GO_0030510, http://purl.obolibrary.org/obo/GO_0030509
http://purl.obolibrary.org/obo/GO_0030510, http://purl.obolibrary.org/obo/GO_0030509
http://purl.obolibrary.org/obo/GO_0030516, http://purl.obolibrary.org/obo/GO_0048675
http://purl.obolibrary.org/obo/GO_0030516, http://purl.obolibrary.org/obo/GO_0048675
http://purl.obolibrary.org/obo/GO_0030656, http://purl.obolibrary.org/obo/GO_0006766
http://purl.obolibrary.org/obo/GO_0030656, http://purl.obolibrary.org/obo/GO_0006766
http://purl.obolibrary.org/obo/GO_0030710, http://purl.obolibrary.org/obo/GO_0030709
http://purl.obolibrary.org/obo/GO_0030710, http://purl.obolibrary.org/obo/GO_0030709
http://purl.obolibrary.org/obo/GO_0030805, http://purl.obolibrary.org/obo/GO_0009214
http://purl.obolibrary.org/obo/GO_0030805, http://purl.obolibrary.org/obo/GO_0009214
http://purl.obolibrary.org/obo/GO_0030808, http://purl.obolibrary.org/obo/GO_0009165
http://purl.obolibrary.org/obo/GO_0030808, http://purl.obolibrary.org/obo/GO_0009165
http://purl.obolibrary.org/obo/GO_0030811, http://purl.obolibrary.org/obo/GO_0009166
http://purl.obolibrary.org/obo/GO_0030811, http://purl.obolibrary.org/obo/GO_0009166
http://purl.obolibrary.org/obo/GO_0030833, http://purl.obolibrary.org/obo/GO_0030041
http://purl.obolibrary.org/obo/GO_0030833, http://purl.obolibrary.org/obo/GO_0030041
http://purl.obolibrary.org/obo/GO_0030834, http://purl.obolibrary.org/obo/GO_0030042
http://purl.obolibrary.org/obo/GO_0030834, http://purl.obolibrary.org/obo/GO_0030042
http://purl.obolibrary.org/obo/GO_0030839, http://purl.obolibrary.org/obo/GO_0045107
http://purl.obolibrary.org/obo/GO_0030839, http://purl.obolibrary.org/obo/GO_0045107
http://purl.obolibrary.org/obo/GO_0030842, http://purl.obolibrary.org/obo/GO_0045106
http://purl.obolibrary.org/obo/GO_0030842, http://purl.obolibrary.org/obo/GO_0045106
http://purl.obolibrary.org/obo/GO_0030852, http://purl.obolibrary.org/obo/GO_0030851
http://purl.obolibrary.org/obo/GO_0030852, http://purl.obolibrary.org/obo/GO_0030851
http://purl.obolibrary.org/obo/GO_0030856, http://purl.obolibrary.org/obo/GO_0030855
http://purl.obolibrary.org/obo/GO_0030856, http://purl.obolibrary.org/obo/GO_0030855
http://purl.obolibrary.org/obo/GO_0030860, http://purl.obolibrary.org/obo/GO_0030859
http://purl.obolibrary.org/obo/GO_0030860, http://purl.obolibrary.org/obo/GO_0030859
http://purl.obolibrary.org/obo/GO_0030885, http://purl.obolibrary.org/obo/GO_0001773
http://purl.obolibrary.org/obo/GO_0030885, http://purl.obolibrary.org/obo/GO_0001773
http://purl.obolibrary.org/obo/GO_0030888, http://purl.obolibrary.org/obo/GO_0042100
http://purl.obolibrary.org/obo/GO_0030888, http://purl.obolibrary.org/obo/GO_0042100
http://purl.obolibrary.org/obo/GO_0030947, http://purl.obolibrary.org/obo/GO_0048010
http://purl.obolibrary.org/obo/GO_0030947, http://purl.obolibrary.org/obo/GO_0048010
http://purl.obolibrary.org/obo/GO_0030997, http://purl.obolibrary.org/obo/GO_0010457
http://purl.obolibrary.org/obo/GO_0030997, http://purl.obolibrary.org/obo/GO_0010457
http://purl.obolibrary.org/obo/GO_0031029, http://purl.obolibrary.org/obo/GO_0031028
http://purl.obolibrary.org/obo/GO_0031029, http://purl.obolibrary.org/obo/GO_0031028
http://purl.obolibrary.org/obo/GO_0031110, http://purl.obolibrary.org/obo/GO_0031109
http://purl.obolibrary.org/obo/GO_0031110, http://purl.obolibrary.org/obo/GO_0031109
http://purl.obolibrary.org/obo/GO_0031113, http://purl.obolibrary.org/obo/GO_0046785
http://purl.obolibrary.org/obo/GO_0031113, http://purl.obolibrary.org/obo/GO_0046785
http://purl.obolibrary.org/obo/GO_0031114, http://purl.obolibrary.org/obo/GO_0007019
http://purl.obolibrary.org/obo/GO_0031114, http://purl.obolibrary.org/obo/GO_0007019
http://purl.obolibrary.org/obo/GO_0031137, http://purl.obolibrary.org/obo/GO_0000747
http://purl.obolibrary.org/obo/GO_0031137, http://purl.obolibrary.org/obo/GO_0000747
http://purl.obolibrary.org/obo/GO_0031155, http://purl.obolibrary.org/obo/GO_0030582
http://purl.obolibrary.org/obo/GO_0031155, http://purl.obolibrary.org/obo/GO_0030582
http://purl.obolibrary.org/obo/GO_0031156, http://purl.obolibrary.org/obo/GO_0030587
http://purl.obolibrary.org/obo/GO_0031156, http://purl.obolibrary.org/obo/GO_0030587
http://purl.obolibrary.org/obo/GO_0031272, http://purl.obolibrary.org/obo/GO_0031269
http://purl.obolibrary.org/obo/GO_0031272, http://purl.obolibrary.org/obo/GO_0031269
http://purl.obolibrary.org/obo/GO_0031279, http://purl.obolibrary.org/obo/GO_0009975
http://purl.obolibrary.org/obo/GO_0031279, http://purl.obolibrary.org/obo/GO_0009975
http://purl.obolibrary.org/obo/GO_0031282, http://purl.obolibrary.org/obo/GO_0004383
http://purl.obolibrary.org/obo/GO_0031282, http://purl.obolibrary.org/obo/GO_0004383
http://purl.obolibrary.org/obo/GO_0031285, http://purl.obolibrary.org/obo/GO_0031149
http://purl.obolibrary.org/obo/GO_0031285, http://purl.obolibrary.org/obo/GO_0031149
http://purl.obolibrary.org/obo/GO_0031323, http://purl.obolibrary.org/obo/GO_0044237
http://purl.obolibrary.org/obo/GO_0031323, http://purl.obolibrary.org/obo/GO_0044237
http://purl.obolibrary.org/obo/GO_0031326, http://purl.obolibrary.org/obo/GO_0044249
http://purl.obolibrary.org/obo/GO_0031326, http://purl.obolibrary.org/obo/GO_0044249
http://purl.obolibrary.org/obo/GO_0031329, http://purl.obolibrary.org/obo/GO_0044248
http://purl.obolibrary.org/obo/GO_0031329, http://purl.obolibrary.org/obo/GO_0044248
http://purl.obolibrary.org/obo/GO_0031335, http://purl.obolibrary.org/obo/GO_0000096
http://purl.obolibrary.org/obo/GO_0031335, http://purl.obolibrary.org/obo/GO_0000096
http://purl.obolibrary.org/obo/GO_0031338, http://purl.obolibrary.org/obo/GO_0006906
http://purl.obolibrary.org/obo/GO_0031338, http://purl.obolibrary.org/obo/GO_0006906
http://purl.obolibrary.org/obo/GO_0031341, http://purl.obolibrary.org/obo/GO_0001906
http://purl.obolibrary.org/obo/GO_0031341, http://purl.obolibrary.org/obo/GO_0001906
http://purl.obolibrary.org/obo/GO_0031344, http://purl.obolibrary.org/obo/GO_0030030
http://purl.obolibrary.org/obo/GO_0031344, http://purl.obolibrary.org/obo/GO_0030030
http://purl.obolibrary.org/obo/GO_0031347, http://purl.obolibrary.org/obo/GO_0006952
http://purl.obolibrary.org/obo/GO_0031347, http://purl.obolibrary.org/obo/GO_0006952
http://purl.obolibrary.org/obo/GO_0031383, http://purl.obolibrary.org/obo/GO_0031382
http://purl.obolibrary.org/obo/GO_0031383, http://purl.obolibrary.org/obo/GO_0031382
http://purl.obolibrary.org/obo/GO_0031392, http://purl.obolibrary.org/obo/GO_0001516
http://purl.obolibrary.org/obo/GO_0031392, http://purl.obolibrary.org/obo/GO_0001516
http://purl.obolibrary.org/obo/GO_0031396, http://purl.obolibrary.org/obo/GO_0016567
http://purl.obolibrary.org/obo/GO_0031396, http://purl.obolibrary.org/obo/GO_0016567
http://purl.obolibrary.org/obo/GO_0031399, http://purl.obolibrary.org/obo/GO_0036211
http://purl.obolibrary.org/obo/GO_0031399, http://purl.obolibrary.org/obo/GO_0036211
http://purl.obolibrary.org/obo/GO_0031440, http://purl.obolibrary.org/obo/GO_0031124
http://purl.obolibrary.org/obo/GO_0031440, http://purl.obolibrary.org/obo/GO_0031124
http://purl.obolibrary.org/obo/GO_0031445, http://purl.obolibrary.org/obo/GO_0031507
http://purl.obolibrary.org/obo/GO_0031445, http://purl.obolibrary.org/obo/GO_0031507
http://purl.obolibrary.org/obo/GO_0031446, http://purl.obolibrary.org/obo/GO_0031443
http://purl.obolibrary.org/obo/GO_0031446, http://purl.obolibrary.org/obo/GO_0031443
http://purl.obolibrary.org/obo/GO_0031449, http://purl.obolibrary.org/obo/GO_0031444
http://purl.obolibrary.org/obo/GO_0031449, http://purl.obolibrary.org/obo/GO_0031444
http://purl.obolibrary.org/obo/GO_0031494, http://purl.obolibrary.org/obo/GO_0007533
http://purl.obolibrary.org/obo/GO_0031494, http://purl.obolibrary.org/obo/GO_0007533
http://purl.obolibrary.org/obo/GO_0031537, http://purl.obolibrary.org/obo/GO_0046283
http://purl.obolibrary.org/obo/GO_0031537, http://purl.obolibrary.org/obo/GO_0046283
http://purl.obolibrary.org/obo/GO_0031540, http://purl.obolibrary.org/obo/GO_0009718
http://purl.obolibrary.org/obo/GO_0031540, http://purl.obolibrary.org/obo/GO_0009718
http://purl.obolibrary.org/obo/GO_0031548, http://purl.obolibrary.org/obo/GO_0031547
http://purl.obolibrary.org/obo/GO_0031548, http://purl.obolibrary.org/obo/GO_0031547
http://purl.obolibrary.org/obo/GO_0031551, http://purl.obolibrary.org/obo/GO_0060175
http://purl.obolibrary.org/obo/GO_0031551, http://purl.obolibrary.org/obo/GO_0060175
http://purl.obolibrary.org/obo/GO_0031554, http://purl.obolibrary.org/obo/GO_0006353
http://purl.obolibrary.org/obo/GO_0031554, http://purl.obolibrary.org/obo/GO_0006353
http://purl.obolibrary.org/obo/GO_0031585, http://purl.obolibrary.org/obo/GO_0005220
http://purl.obolibrary.org/obo/GO_0031585, http://purl.obolibrary.org/obo/GO_0005220
http://purl.obolibrary.org/obo/GO_0031620, http://purl.obolibrary.org/obo/GO_0001660
http://purl.obolibrary.org/obo/GO_0031620, http://purl.obolibrary.org/obo/GO_0001660
http://purl.obolibrary.org/obo/GO_0031630, http://purl.obolibrary.org/obo/GO_0031629
http://purl.obolibrary.org/obo/GO_0031630, http://purl.obolibrary.org/obo/GO_0031629
http://purl.obolibrary.org/obo/GO_0031641, http://purl.obolibrary.org/obo/GO_0042552
http://purl.obolibrary.org/obo/GO_0031641, http://purl.obolibrary.org/obo/GO_0042552
http://purl.obolibrary.org/obo/GO_0031644, http://purl.obolibrary.org/obo/GO_0050877
http://purl.obolibrary.org/obo/GO_0031644, http://purl.obolibrary.org/obo/GO_0050877
http://purl.obolibrary.org/obo/GO_0031650, http://purl.obolibrary.org/obo/GO_0031649
http://purl.obolibrary.org/obo/GO_0031650, http://purl.obolibrary.org/obo/GO_0031649
http://purl.obolibrary.org/obo/GO_0031654, http://purl.obolibrary.org/obo/GO_0031653
http://purl.obolibrary.org/obo/GO_0031654, http://purl.obolibrary.org/obo/GO_0031653
http://purl.obolibrary.org/obo/GO_0031664, http://purl.obolibrary.org/obo/GO_0031663
http://purl.obolibrary.org/obo/GO_0031664, http://purl.obolibrary.org/obo/GO_0031663
http://purl.obolibrary.org/obo/GO_0031943, http://purl.obolibrary.org/obo/GO_0008211
http://purl.obolibrary.org/obo/GO_0031943, http://purl.obolibrary.org/obo/GO_0008211
http://purl.obolibrary.org/obo/GO_0031946, http://purl.obolibrary.org/obo/GO_0006704
http://purl.obolibrary.org/obo/GO_0031946, http://purl.obolibrary.org/obo/GO_0006704
http://purl.obolibrary.org/obo/GO_0031949, http://purl.obolibrary.org/obo/GO_0006713
http://purl.obolibrary.org/obo/GO_0031949, http://purl.obolibrary.org/obo/GO_0006713
http://purl.obolibrary.org/obo/GO_0031952, http://purl.obolibrary.org/obo/GO_0046777
http://purl.obolibrary.org/obo/GO_0031952, http://purl.obolibrary.org/obo/GO_0046777
http://purl.obolibrary.org/obo/GO_0031991, http://purl.obolibrary.org/obo/GO_0000916
http://purl.obolibrary.org/obo/GO_0031991, http://purl.obolibrary.org/obo/GO_0000916
http://purl.obolibrary.org/obo/GO_0031998, http://purl.obolibrary.org/obo/GO_0006635
http://purl.obolibrary.org/obo/GO_0031998, http://purl.obolibrary.org/obo/GO_0006635
http://purl.obolibrary.org/obo/GO_0032006, http://purl.obolibrary.org/obo/GO_0031929
http://purl.obolibrary.org/obo/GO_0032006, http://purl.obolibrary.org/obo/GO_0031929
http://purl.obolibrary.org/obo/GO_0032012, http://purl.obolibrary.org/obo/GO_0032011
http://purl.obolibrary.org/obo/GO_0032012, http://purl.obolibrary.org/obo/GO_0032011
http://purl.obolibrary.org/obo/GO_0032069, http://purl.obolibrary.org/obo/GO_0004518
http://purl.obolibrary.org/obo/GO_0032069, http://purl.obolibrary.org/obo/GO_0004518
http://purl.obolibrary.org/obo/GO_0032070, http://purl.obolibrary.org/obo/GO_0004536
http://purl.obolibrary.org/obo/GO_0032070, http://purl.obolibrary.org/obo/GO_0004536
http://purl.obolibrary.org/obo/GO_0032071, http://purl.obolibrary.org/obo/GO_0004520
http://purl.obolibrary.org/obo/GO_0032071, http://purl.obolibrary.org/obo/GO_0004520
http://purl.obolibrary.org/obo/GO_0032072, http://purl.obolibrary.org/obo/GO_0015666
http://purl.obolibrary.org/obo/GO_0032072, http://purl.obolibrary.org/obo/GO_0015666
http://purl.obolibrary.org/obo/GO_0032084, http://purl.obolibrary.org/obo/GO_0009035
http://purl.obolibrary.org/obo/GO_0032084, http://purl.obolibrary.org/obo/GO_0009035
http://purl.obolibrary.org/obo/GO_0032085, http://purl.obolibrary.org/obo/GO_0009036
http://purl.obolibrary.org/obo/GO_0032085, http://purl.obolibrary.org/obo/GO_0009036
http://purl.obolibrary.org/obo/GO_0032086, http://purl.obolibrary.org/obo/GO_0015668
http://purl.obolibrary.org/obo/GO_0032086, http://purl.obolibrary.org/obo/GO_0015668
http://purl.obolibrary.org/obo/GO_0032087, http://purl.obolibrary.org/obo/GO_0032067
http://purl.obolibrary.org/obo/GO_0032087, http://purl.obolibrary.org/obo/GO_0032067
http://purl.obolibrary.org/obo/GO_0032095, http://purl.obolibrary.org/obo/GO_0032094
http://purl.obolibrary.org/obo/GO_0032095, http://purl.obolibrary.org/obo/GO_0032094
http://purl.obolibrary.org/obo/GO_0032101, http://purl.obolibrary.org/obo/GO_0009605
http://purl.obolibrary.org/obo/GO_0032101, http://purl.obolibrary.org/obo/GO_0009605
http://purl.obolibrary.org/obo/GO_0032107, http://purl.obolibrary.org/obo/GO_0031667
http://purl.obolibrary.org/obo/GO_0032107, http://purl.obolibrary.org/obo/GO_0031667
http://purl.obolibrary.org/obo/GO_0032110, http://purl.obolibrary.org/obo/GO_0004673
http://purl.obolibrary.org/obo/GO_0032110, http://purl.obolibrary.org/obo/GO_0004673
http://purl.obolibrary.org/obo/GO_0032113, http://purl.obolibrary.org/obo/GO_0019203
http://purl.obolibrary.org/obo/GO_0032113, http://purl.obolibrary.org/obo/GO_0019203
http://purl.obolibrary.org/obo/GO_0032114, http://purl.obolibrary.org/obo/GO_0004346
http://purl.obolibrary.org/obo/GO_0032114, http://purl.obolibrary.org/obo/GO_0004346
http://purl.obolibrary.org/obo/GO_0032204, http://purl.obolibrary.org/obo/GO_0000723
http://purl.obolibrary.org/obo/GO_0032204, http://purl.obolibrary.org/obo/GO_0000723
http://purl.obolibrary.org/obo/GO_0032207, http://purl.obolibrary.org/obo/GO_0000722
http://purl.obolibrary.org/obo/GO_0032207, http://purl.obolibrary.org/obo/GO_0000722
http://purl.obolibrary.org/obo/GO_0032210, http://purl.obolibrary.org/obo/GO_0007004
http://purl.obolibrary.org/obo/GO_0032210, http://purl.obolibrary.org/obo/GO_0007004
http://purl.obolibrary.org/obo/GO_0032213, http://purl.obolibrary.org/obo/GO_0032201
http://purl.obolibrary.org/obo/GO_0032213, http://purl.obolibrary.org/obo/GO_0032201
http://purl.obolibrary.org/obo/GO_0032222, http://purl.obolibrary.org/obo/GO_0007271
http://purl.obolibrary.org/obo/GO_0032222, http://purl.obolibrary.org/obo/GO_0007271
http://purl.obolibrary.org/obo/GO_0032225, http://purl.obolibrary.org/obo/GO_0001963
http://purl.obolibrary.org/obo/GO_0032225, http://purl.obolibrary.org/obo/GO_0001963
http://purl.obolibrary.org/obo/GO_0032228, http://purl.obolibrary.org/obo/GO_0051932
http://purl.obolibrary.org/obo/GO_0032228, http://purl.obolibrary.org/obo/GO_0051932
http://purl.obolibrary.org/obo/GO_0032231, http://purl.obolibrary.org/obo/GO_0051017
http://purl.obolibrary.org/obo/GO_0032231, http://purl.obolibrary.org/obo/GO_0051017
http://purl.obolibrary.org/obo/GO_0032239, http://purl.obolibrary.org/obo/GO_0015931
http://purl.obolibrary.org/obo/GO_0032239, http://purl.obolibrary.org/obo/GO_0015931
http://purl.obolibrary.org/obo/GO_0032242, http://purl.obolibrary.org/obo/GO_0015858
http://purl.obolibrary.org/obo/GO_0032242, http://purl.obolibrary.org/obo/GO_0015858
http://purl.obolibrary.org/obo/GO_0032246, http://purl.obolibrary.org/obo/GO_0015864
http://purl.obolibrary.org/obo/GO_0032246, http://purl.obolibrary.org/obo/GO_0015864
http://purl.obolibrary.org/obo/GO_0032249, http://purl.obolibrary.org/obo/GO_0032238
http://purl.obolibrary.org/obo/GO_0032249, http://purl.obolibrary.org/obo/GO_0032238
http://purl.obolibrary.org/obo/GO_0032271, http://purl.obolibrary.org/obo/GO_0051258
http://purl.obolibrary.org/obo/GO_0032271, http://purl.obolibrary.org/obo/GO_0051258
http://purl.obolibrary.org/obo/GO_0032276, http://purl.obolibrary.org/obo/GO_0032274
http://purl.obolibrary.org/obo/GO_0032276, http://purl.obolibrary.org/obo/GO_0032274
http://purl.obolibrary.org/obo/GO_0032303, http://purl.obolibrary.org/obo/GO_0032309
http://purl.obolibrary.org/obo/GO_0032303, http://purl.obolibrary.org/obo/GO_0032309
http://purl.obolibrary.org/obo/GO_0032306, http://purl.obolibrary.org/obo/GO_0032310
http://purl.obolibrary.org/obo/GO_0032306, http://purl.obolibrary.org/obo/GO_0032310
http://purl.obolibrary.org/obo/GO_0032330, http://purl.obolibrary.org/obo/GO_0002062
http://purl.obolibrary.org/obo/GO_0032330, http://purl.obolibrary.org/obo/GO_0002062
http://purl.obolibrary.org/obo/GO_0032335, http://purl.obolibrary.org/obo/GO_0032333
http://purl.obolibrary.org/obo/GO_0032335, http://purl.obolibrary.org/obo/GO_0032333
http://purl.obolibrary.org/obo/GO_0032338, http://purl.obolibrary.org/obo/GO_0032334
http://purl.obolibrary.org/obo/GO_0032338, http://purl.obolibrary.org/obo/GO_0032334
http://purl.obolibrary.org/obo/GO_0032344, http://purl.obolibrary.org/obo/GO_0032341
http://purl.obolibrary.org/obo/GO_0032344, http://purl.obolibrary.org/obo/GO_0032341
http://purl.obolibrary.org/obo/GO_0032347, http://purl.obolibrary.org/obo/GO_0032342
http://purl.obolibrary.org/obo/GO_0032347, http://purl.obolibrary.org/obo/GO_0032342
http://purl.obolibrary.org/obo/GO_0032350, http://purl.obolibrary.org/obo/GO_0042445
http://purl.obolibrary.org/obo/GO_0032350, http://purl.obolibrary.org/obo/GO_0042445
http://purl.obolibrary.org/obo/GO_0032368, http://purl.obolibrary.org/obo/GO_0006869
http://purl.obolibrary.org/obo/GO_0032368, http://purl.obolibrary.org/obo/GO_0006869
http://purl.obolibrary.org/obo/GO_0032371, http://purl.obolibrary.org/obo/GO_0015918
http://purl.obolibrary.org/obo/GO_0032371, http://purl.obolibrary.org/obo/GO_0015918
http://purl.obolibrary.org/obo/GO_0032374, http://purl.obolibrary.org/obo/GO_0030301
http://purl.obolibrary.org/obo/GO_0032374, http://purl.obolibrary.org/obo/GO_0030301
http://purl.obolibrary.org/obo/GO_0032377, http://purl.obolibrary.org/obo/GO_0032365
http://purl.obolibrary.org/obo/GO_0032377, http://purl.obolibrary.org/obo/GO_0032365
http://purl.obolibrary.org/obo/GO_0032380, http://purl.obolibrary.org/obo/GO_0032366
http://purl.obolibrary.org/obo/GO_0032380, http://purl.obolibrary.org/obo/GO_0032366
http://purl.obolibrary.org/obo/GO_0032383, http://purl.obolibrary.org/obo/GO_0032367
http://purl.obolibrary.org/obo/GO_0032383, http://purl.obolibrary.org/obo/GO_0032367
http://purl.obolibrary.org/obo/GO_0032386, http://purl.obolibrary.org/obo/GO_0046907
http://purl.obolibrary.org/obo/GO_0032386, http://purl.obolibrary.org/obo/GO_0046907
http://purl.obolibrary.org/obo/GO_0032409, http://purl.obolibrary.org/obo/GO_0005215
http://purl.obolibrary.org/obo/GO_0032409, http://purl.obolibrary.org/obo/GO_0005215
http://purl.obolibrary.org/obo/GO_0032412, http://purl.obolibrary.org/obo/GO_0015075
http://purl.obolibrary.org/obo/GO_0032412, http://purl.obolibrary.org/obo/GO_0015075
http://purl.obolibrary.org/obo/GO_0032415, http://purl.obolibrary.org/obo/GO_0015385
http://purl.obolibrary.org/obo/GO_0032415, http://purl.obolibrary.org/obo/GO_0015385
http://purl.obolibrary.org/obo/GO_0032423, http://purl.obolibrary.org/obo/GO_0006298
http://purl.obolibrary.org/obo/GO_0032423, http://purl.obolibrary.org/obo/GO_0006298
http://purl.obolibrary.org/obo/GO_0032429, http://purl.obolibrary.org/obo/GO_0004623
http://purl.obolibrary.org/obo/GO_0032429, http://purl.obolibrary.org/obo/GO_0004623
http://purl.obolibrary.org/obo/GO_0032434, http://purl.obolibrary.org/obo/GO_0043161
http://purl.obolibrary.org/obo/GO_0032434, http://purl.obolibrary.org/obo/GO_0043161
http://purl.obolibrary.org/obo/GO_0032443, http://purl.obolibrary.org/obo/GO_0006696
http://purl.obolibrary.org/obo/GO_0032443, http://purl.obolibrary.org/obo/GO_0006696
http://purl.obolibrary.org/obo/GO_0032459, http://purl.obolibrary.org/obo/GO_0051259
http://purl.obolibrary.org/obo/GO_0032459, http://purl.obolibrary.org/obo/GO_0051259
http://purl.obolibrary.org/obo/GO_0032462, http://purl.obolibrary.org/obo/GO_0051260
http://purl.obolibrary.org/obo/GO_0032462, http://purl.obolibrary.org/obo/GO_0051260
http://purl.obolibrary.org/obo/GO_0032465, http://purl.obolibrary.org/obo/GO_0000910
http://purl.obolibrary.org/obo/GO_0032465, http://purl.obolibrary.org/obo/GO_0000910
http://purl.obolibrary.org/obo/GO_0032479, http://purl.obolibrary.org/obo/GO_0032606
http://purl.obolibrary.org/obo/GO_0032479, http://purl.obolibrary.org/obo/GO_0032606
http://purl.obolibrary.org/obo/GO_0032483, http://purl.obolibrary.org/obo/GO_0032482
http://purl.obolibrary.org/obo/GO_0032483, http://purl.obolibrary.org/obo/GO_0032482
http://purl.obolibrary.org/obo/GO_0032485, http://purl.obolibrary.org/obo/GO_0032484
http://purl.obolibrary.org/obo/GO_0032485, http://purl.obolibrary.org/obo/GO_0032484
http://purl.obolibrary.org/obo/GO_0032487, http://purl.obolibrary.org/obo/GO_0032486
http://purl.obolibrary.org/obo/GO_0032487, http://purl.obolibrary.org/obo/GO_0032486
http://purl.obolibrary.org/obo/GO_0032489, http://purl.obolibrary.org/obo/GO_0032488
http://purl.obolibrary.org/obo/GO_0032489, http://purl.obolibrary.org/obo/GO_0032488
http://purl.obolibrary.org/obo/GO_0032530, http://purl.obolibrary.org/obo/GO_0032528
http://purl.obolibrary.org/obo/GO_0032530, http://purl.obolibrary.org/obo/GO_0032528
http://purl.obolibrary.org/obo/GO_0032531, http://purl.obolibrary.org/obo/GO_0032529
http://purl.obolibrary.org/obo/GO_0032531, http://purl.obolibrary.org/obo/GO_0032529
http://purl.obolibrary.org/obo/GO_0032534, http://purl.obolibrary.org/obo/GO_0030033
http://purl.obolibrary.org/obo/GO_0032534, http://purl.obolibrary.org/obo/GO_0030033
http://purl.obolibrary.org/obo/GO_0032538, http://purl.obolibrary.org/obo/GO_0032537
http://purl.obolibrary.org/obo/GO_0032538, http://purl.obolibrary.org/obo/GO_0032537
http://purl.obolibrary.org/obo/GO_0032642, http://purl.obolibrary.org/obo/GO_0032602
http://purl.obolibrary.org/obo/GO_0032642, http://purl.obolibrary.org/obo/GO_0032602
http://purl.obolibrary.org/obo/GO_0032643, http://purl.obolibrary.org/obo/GO_0032601
http://purl.obolibrary.org/obo/GO_0032643, http://purl.obolibrary.org/obo/GO_0032601
http://purl.obolibrary.org/obo/GO_0032644, http://purl.obolibrary.org/obo/GO_0032603
http://purl.obolibrary.org/obo/GO_0032644, http://purl.obolibrary.org/obo/GO_0032603
http://purl.obolibrary.org/obo/GO_0032645, http://purl.obolibrary.org/obo/GO_0032604
http://purl.obolibrary.org/obo/GO_0032645, http://purl.obolibrary.org/obo/GO_0032604
http://purl.obolibrary.org/obo/GO_0032646, http://purl.obolibrary.org/obo/GO_0032605
http://purl.obolibrary.org/obo/GO_0032646, http://purl.obolibrary.org/obo/GO_0032605
http://purl.obolibrary.org/obo/GO_0032647, http://purl.obolibrary.org/obo/GO_0032607
http://purl.obolibrary.org/obo/GO_0032647, http://purl.obolibrary.org/obo/GO_0032607
http://purl.obolibrary.org/obo/GO_0032648, http://purl.obolibrary.org/obo/GO_0032608
http://purl.obolibrary.org/obo/GO_0032648, http://purl.obolibrary.org/obo/GO_0032608
http://purl.obolibrary.org/obo/GO_0032649, http://purl.obolibrary.org/obo/GO_0032609
http://purl.obolibrary.org/obo/GO_0032649, http://purl.obolibrary.org/obo/GO_0032609
http://purl.obolibrary.org/obo/GO_0032650, http://purl.obolibrary.org/obo/GO_0032610
http://purl.obolibrary.org/obo/GO_0032650, http://purl.obolibrary.org/obo/GO_0032610
http://purl.obolibrary.org/obo/GO_0032651, http://purl.obolibrary.org/obo/GO_0032611
http://purl.obolibrary.org/obo/GO_0032651, http://purl.obolibrary.org/obo/GO_0032611
http://purl.obolibrary.org/obo/GO_0032652, http://purl.obolibrary.org/obo/GO_0032612
http://purl.obolibrary.org/obo/GO_0032652, http://purl.obolibrary.org/obo/GO_0032612
http://purl.obolibrary.org/obo/GO_0032653, http://purl.obolibrary.org/obo/GO_0032613
http://purl.obolibrary.org/obo/GO_0032653, http://purl.obolibrary.org/obo/GO_0032613
http://purl.obolibrary.org/obo/GO_0032654, http://purl.obolibrary.org/obo/GO_0032614
http://purl.obolibrary.org/obo/GO_0032654, http://purl.obolibrary.org/obo/GO_0032614
http://purl.obolibrary.org/obo/GO_0032655, http://purl.obolibrary.org/obo/GO_0032615
http://purl.obolibrary.org/obo/GO_0032655, http://purl.obolibrary.org/obo/GO_0032615
http://purl.obolibrary.org/obo/GO_0032656, http://purl.obolibrary.org/obo/GO_0032616
http://purl.obolibrary.org/obo/GO_0032656, http://purl.obolibrary.org/obo/GO_0032616
http://purl.obolibrary.org/obo/GO_0032658, http://purl.obolibrary.org/obo/GO_0032618
http://purl.obolibrary.org/obo/GO_0032658, http://purl.obolibrary.org/obo/GO_0032618
http://purl.obolibrary.org/obo/GO_0032659, http://purl.obolibrary.org/obo/GO_0032619
http://purl.obolibrary.org/obo/GO_0032659, http://purl.obolibrary.org/obo/GO_0032619
http://purl.obolibrary.org/obo/GO_0032660, http://purl.obolibrary.org/obo/GO_0032620
http://purl.obolibrary.org/obo/GO_0032660, http://purl.obolibrary.org/obo/GO_0032620
http://purl.obolibrary.org/obo/GO_0032661, http://purl.obolibrary.org/obo/GO_0032621
http://purl.obolibrary.org/obo/GO_0032661, http://purl.obolibrary.org/obo/GO_0032621
http://purl.obolibrary.org/obo/GO_0032662, http://purl.obolibrary.org/obo/GO_0032622
http://purl.obolibrary.org/obo/GO_0032662, http://purl.obolibrary.org/obo/GO_0032622
http://purl.obolibrary.org/obo/GO_0032663, http://purl.obolibrary.org/obo/GO_0032623
http://purl.obolibrary.org/obo/GO_0032663, http://purl.obolibrary.org/obo/GO_0032623
http://purl.obolibrary.org/obo/GO_0032664, http://purl.obolibrary.org/obo/GO_0032624
http://purl.obolibrary.org/obo/GO_0032664, http://purl.obolibrary.org/obo/GO_0032624
http://purl.obolibrary.org/obo/GO_0032665, http://purl.obolibrary.org/obo/GO_0032625
http://purl.obolibrary.org/obo/GO_0032665, http://purl.obolibrary.org/obo/GO_0032625
http://purl.obolibrary.org/obo/GO_0032666, http://purl.obolibrary.org/obo/GO_0032626
http://purl.obolibrary.org/obo/GO_0032666, http://purl.obolibrary.org/obo/GO_0032626
http://purl.obolibrary.org/obo/GO_0032667, http://purl.obolibrary.org/obo/GO_0032627
http://purl.obolibrary.org/obo/GO_0032667, http://purl.obolibrary.org/obo/GO_0032627
http://purl.obolibrary.org/obo/GO_0032668, http://purl.obolibrary.org/obo/GO_0032628
http://purl.obolibrary.org/obo/GO_0032668, http://purl.obolibrary.org/obo/GO_0032628
http://purl.obolibrary.org/obo/GO_0032669, http://purl.obolibrary.org/obo/GO_0032629
http://purl.obolibrary.org/obo/GO_0032669, http://purl.obolibrary.org/obo/GO_0032629
http://purl.obolibrary.org/obo/GO_0032670, http://purl.obolibrary.org/obo/GO_0032630
http://purl.obolibrary.org/obo/GO_0032670, http://purl.obolibrary.org/obo/GO_0032630
http://purl.obolibrary.org/obo/GO_0032671, http://purl.obolibrary.org/obo/GO_0032631
http://purl.obolibrary.org/obo/GO_0032671, http://purl.obolibrary.org/obo/GO_0032631
http://purl.obolibrary.org/obo/GO_0032672, http://purl.obolibrary.org/obo/GO_0032632
http://purl.obolibrary.org/obo/GO_0032672, http://purl.obolibrary.org/obo/GO_0032632
http://purl.obolibrary.org/obo/GO_0032673, http://purl.obolibrary.org/obo/GO_0032633
http://purl.obolibrary.org/obo/GO_0032673, http://purl.obolibrary.org/obo/GO_0032633
http://purl.obolibrary.org/obo/GO_0032674, http://purl.obolibrary.org/obo/GO_0032634
http://purl.obolibrary.org/obo/GO_0032674, http://purl.obolibrary.org/obo/GO_0032634
http://purl.obolibrary.org/obo/GO_0032675, http://purl.obolibrary.org/obo/GO_0032635
http://purl.obolibrary.org/obo/GO_0032675, http://purl.obolibrary.org/obo/GO_0032635
http://purl.obolibrary.org/obo/GO_0032676, http://purl.obolibrary.org/obo/GO_0032636
http://purl.obolibrary.org/obo/GO_0032676, http://purl.obolibrary.org/obo/GO_0032636
http://purl.obolibrary.org/obo/GO_0032677, http://purl.obolibrary.org/obo/GO_0032637
http://purl.obolibrary.org/obo/GO_0032677, http://purl.obolibrary.org/obo/GO_0032637
http://purl.obolibrary.org/obo/GO_0032678, http://purl.obolibrary.org/obo/GO_0032638
http://purl.obolibrary.org/obo/GO_0032678, http://purl.obolibrary.org/obo/GO_0032638
http://purl.obolibrary.org/obo/GO_0032679, http://purl.obolibrary.org/obo/GO_0032639
http://purl.obolibrary.org/obo/GO_0032679, http://purl.obolibrary.org/obo/GO_0032639
http://purl.obolibrary.org/obo/GO_0032680, http://purl.obolibrary.org/obo/GO_0032640
http://purl.obolibrary.org/obo/GO_0032680, http://purl.obolibrary.org/obo/GO_0032640
http://purl.obolibrary.org/obo/GO_0032681, http://purl.obolibrary.org/obo/GO_0032641
http://purl.obolibrary.org/obo/GO_0032681, http://purl.obolibrary.org/obo/GO_0032641
http://purl.obolibrary.org/obo/GO_0032763, http://purl.obolibrary.org/obo/GO_0032762
http://purl.obolibrary.org/obo/GO_0032763, http://purl.obolibrary.org/obo/GO_0032762
http://purl.obolibrary.org/obo/GO_0032768, http://purl.obolibrary.org/obo/GO_0004497
http://purl.obolibrary.org/obo/GO_0032768, http://purl.obolibrary.org/obo/GO_0004497
http://purl.obolibrary.org/obo/GO_0032771, http://purl.obolibrary.org/obo/GO_0004503
http://purl.obolibrary.org/obo/GO_0032771, http://purl.obolibrary.org/obo/GO_0004503
http://purl.obolibrary.org/obo/GO_0032784, http://purl.obolibrary.org/obo/GO_0006354
http://purl.obolibrary.org/obo/GO_0032784, http://purl.obolibrary.org/obo/GO_0006354
http://purl.obolibrary.org/obo/GO_0032803, http://purl.obolibrary.org/obo/GO_0032802
http://purl.obolibrary.org/obo/GO_0032803, http://purl.obolibrary.org/obo/GO_0032802
http://purl.obolibrary.org/obo/GO_0032814, http://purl.obolibrary.org/obo/GO_0030101
http://purl.obolibrary.org/obo/GO_0032814, http://purl.obolibrary.org/obo/GO_0030101
http://purl.obolibrary.org/obo/GO_0032817, http://purl.obolibrary.org/obo/GO_0001787
http://purl.obolibrary.org/obo/GO_0032817, http://purl.obolibrary.org/obo/GO_0001787
http://purl.obolibrary.org/obo/GO_0032820, http://purl.obolibrary.org/obo/GO_0002324
http://purl.obolibrary.org/obo/GO_0032820, http://purl.obolibrary.org/obo/GO_0002324
http://purl.obolibrary.org/obo/GO_0032823, http://purl.obolibrary.org/obo/GO_0001779
http://purl.obolibrary.org/obo/GO_0032823, http://purl.obolibrary.org/obo/GO_0001779
http://purl.obolibrary.org/obo/GO_0032826, http://purl.obolibrary.org/obo/GO_0002325
http://purl.obolibrary.org/obo/GO_0032826, http://purl.obolibrary.org/obo/GO_0002325
http://purl.obolibrary.org/obo/GO_0032829, http://purl.obolibrary.org/obo/GO_0002361
http://purl.obolibrary.org/obo/GO_0032829, http://purl.obolibrary.org/obo/GO_0002361
http://purl.obolibrary.org/obo/GO_0032832, http://purl.obolibrary.org/obo/GO_0002298
http://purl.obolibrary.org/obo/GO_0032832, http://purl.obolibrary.org/obo/GO_0002298
http://purl.obolibrary.org/obo/GO_0032847, http://purl.obolibrary.org/obo/GO_0051452
http://purl.obolibrary.org/obo/GO_0032847, http://purl.obolibrary.org/obo/GO_0051452
http://purl.obolibrary.org/obo/GO_0032871, http://purl.obolibrary.org/obo/GO_0000741
http://purl.obolibrary.org/obo/GO_0032871, http://purl.obolibrary.org/obo/GO_0000741
http://purl.obolibrary.org/obo/GO_0032872, http://purl.obolibrary.org/obo/GO_0051403
http://purl.obolibrary.org/obo/GO_0032872, http://purl.obolibrary.org/obo/GO_0051403
http://purl.obolibrary.org/obo/GO_0032875, http://purl.obolibrary.org/obo/GO_0042023
http://purl.obolibrary.org/obo/GO_0032875, http://purl.obolibrary.org/obo/GO_0042023
http://purl.obolibrary.org/obo/GO_0032878, http://purl.obolibrary.org/obo/GO_0007163
http://purl.obolibrary.org/obo/GO_0032878, http://purl.obolibrary.org/obo/GO_0007163
http://purl.obolibrary.org/obo/GO_0032879, http://purl.obolibrary.org/obo/GO_0051179
http://purl.obolibrary.org/obo/GO_0032879, http://purl.obolibrary.org/obo/GO_0051179
http://purl.obolibrary.org/obo/GO_0032880, http://purl.obolibrary.org/obo/GO_0008104
http://purl.obolibrary.org/obo/GO_0032880, http://purl.obolibrary.org/obo/GO_0008104
http://purl.obolibrary.org/obo/GO_0032881, http://purl.obolibrary.org/obo/GO_0005976
http://purl.obolibrary.org/obo/GO_0032881, http://purl.obolibrary.org/obo/GO_0005976
http://purl.obolibrary.org/obo/GO_0032882, http://purl.obolibrary.org/obo/GO_0006030
http://purl.obolibrary.org/obo/GO_0032882, http://purl.obolibrary.org/obo/GO_0006030
http://purl.obolibrary.org/obo/GO_0032883, http://purl.obolibrary.org/obo/GO_0006031
http://purl.obolibrary.org/obo/GO_0032883, http://purl.obolibrary.org/obo/GO_0006031
http://purl.obolibrary.org/obo/GO_0032885, http://purl.obolibrary.org/obo/GO_0000271
http://purl.obolibrary.org/obo/GO_0032885, http://purl.obolibrary.org/obo/GO_0000271
http://purl.obolibrary.org/obo/GO_0032886, http://purl.obolibrary.org/obo/GO_0007017
http://purl.obolibrary.org/obo/GO_0032886, http://purl.obolibrary.org/obo/GO_0007017
http://purl.obolibrary.org/obo/GO_0032887, http://purl.obolibrary.org/obo/GO_0051231
http://purl.obolibrary.org/obo/GO_0032887, http://purl.obolibrary.org/obo/GO_0051231
http://purl.obolibrary.org/obo/GO_0032888, http://purl.obolibrary.org/obo/GO_0000022
http://purl.obolibrary.org/obo/GO_0032888, http://purl.obolibrary.org/obo/GO_0000022
http://purl.obolibrary.org/obo/GO_0032889, http://purl.obolibrary.org/obo/GO_0042144
http://purl.obolibrary.org/obo/GO_0032889, http://purl.obolibrary.org/obo/GO_0042144
http://purl.obolibrary.org/obo/GO_0032890, http://purl.obolibrary.org/obo/GO_0015849
http://purl.obolibrary.org/obo/GO_0032890, http://purl.obolibrary.org/obo/GO_0015849
http://purl.obolibrary.org/obo/GO_0032899, http://purl.obolibrary.org/obo/GO_0032898
http://purl.obolibrary.org/obo/GO_0032899, http://purl.obolibrary.org/obo/GO_0032898
http://purl.obolibrary.org/obo/GO_0032903, http://purl.obolibrary.org/obo/GO_0032902
http://purl.obolibrary.org/obo/GO_0032903, http://purl.obolibrary.org/obo/GO_0032902
http://purl.obolibrary.org/obo/GO_0032908, http://purl.obolibrary.org/obo/GO_0032905
http://purl.obolibrary.org/obo/GO_0032908, http://purl.obolibrary.org/obo/GO_0032905
http://purl.obolibrary.org/obo/GO_0032909, http://purl.obolibrary.org/obo/GO_0032906
http://purl.obolibrary.org/obo/GO_0032909, http://purl.obolibrary.org/obo/GO_0032906
http://purl.obolibrary.org/obo/GO_0032910, http://purl.obolibrary.org/obo/GO_0032907
http://purl.obolibrary.org/obo/GO_0032910, http://purl.obolibrary.org/obo/GO_0032907
http://purl.obolibrary.org/obo/GO_0032925, http://purl.obolibrary.org/obo/GO_0032924
http://purl.obolibrary.org/obo/GO_0032925, http://purl.obolibrary.org/obo/GO_0032924
http://purl.obolibrary.org/obo/GO_0032928, http://purl.obolibrary.org/obo/GO_0042554
http://purl.obolibrary.org/obo/GO_0032928, http://purl.obolibrary.org/obo/GO_0042554
http://purl.obolibrary.org/obo/GO_0032944, http://purl.obolibrary.org/obo/GO_0032943
http://purl.obolibrary.org/obo/GO_0032944, http://purl.obolibrary.org/obo/GO_0032943
http://purl.obolibrary.org/obo/GO_0032948, http://purl.obolibrary.org/obo/GO_0030978
http://purl.obolibrary.org/obo/GO_0032948, http://purl.obolibrary.org/obo/GO_0030978
http://purl.obolibrary.org/obo/GO_0032949, http://purl.obolibrary.org/obo/GO_0030979
http://purl.obolibrary.org/obo/GO_0032949, http://purl.obolibrary.org/obo/GO_0030979
http://purl.obolibrary.org/obo/GO_0032950, http://purl.obolibrary.org/obo/GO_0051273
http://purl.obolibrary.org/obo/GO_0032950, http://purl.obolibrary.org/obo/GO_0051273
http://purl.obolibrary.org/obo/GO_0032951, http://purl.obolibrary.org/obo/GO_0051274
http://purl.obolibrary.org/obo/GO_0032951, http://purl.obolibrary.org/obo/GO_0051274
http://purl.obolibrary.org/obo/GO_0032952, http://purl.obolibrary.org/obo/GO_0006074
http://purl.obolibrary.org/obo/GO_0032952, http://purl.obolibrary.org/obo/GO_0006074
http://purl.obolibrary.org/obo/GO_0032953, http://purl.obolibrary.org/obo/GO_0006075
http://purl.obolibrary.org/obo/GO_0032953, http://purl.obolibrary.org/obo/GO_0006075
http://purl.obolibrary.org/obo/GO_0032954, http://purl.obolibrary.org/obo/GO_0032506
http://purl.obolibrary.org/obo/GO_0032954, http://purl.obolibrary.org/obo/GO_0032506
http://purl.obolibrary.org/obo/GO_0032955, http://purl.obolibrary.org/obo/GO_0000917
http://purl.obolibrary.org/obo/GO_0032955, http://purl.obolibrary.org/obo/GO_0000917
http://purl.obolibrary.org/obo/GO_0032956, http://purl.obolibrary.org/obo/GO_0030036
http://purl.obolibrary.org/obo/GO_0032956, http://purl.obolibrary.org/obo/GO_0030036
http://purl.obolibrary.org/obo/GO_0032960, http://purl.obolibrary.org/obo/GO_0032959
http://purl.obolibrary.org/obo/GO_0032960, http://purl.obolibrary.org/obo/GO_0032959
http://purl.obolibrary.org/obo/GO_0032965, http://purl.obolibrary.org/obo/GO_0032964
http://purl.obolibrary.org/obo/GO_0032965, http://purl.obolibrary.org/obo/GO_0032964
http://purl.obolibrary.org/obo/GO_0032970, http://purl.obolibrary.org/obo/GO_0030029
http://purl.obolibrary.org/obo/GO_0032970, http://purl.obolibrary.org/obo/GO_0030029
http://purl.obolibrary.org/obo/GO_0032971, http://purl.obolibrary.org/obo/GO_0030049
http://purl.obolibrary.org/obo/GO_0032971, http://purl.obolibrary.org/obo/GO_0030049
http://purl.obolibrary.org/obo/GO_0032995, http://purl.obolibrary.org/obo/GO_0009272
http://purl.obolibrary.org/obo/GO_0032995, http://purl.obolibrary.org/obo/GO_0009272
http://purl.obolibrary.org/obo/GO_0033003, http://purl.obolibrary.org/obo/GO_0045576
http://purl.obolibrary.org/obo/GO_0033003, http://purl.obolibrary.org/obo/GO_0045576
http://purl.obolibrary.org/obo/GO_0033006, http://purl.obolibrary.org/obo/GO_0002279
http://purl.obolibrary.org/obo/GO_0033006, http://purl.obolibrary.org/obo/GO_0002279
http://purl.obolibrary.org/obo/GO_0033025, http://purl.obolibrary.org/obo/GO_0033024
http://purl.obolibrary.org/obo/GO_0033025, http://purl.obolibrary.org/obo/GO_0033024
http://purl.obolibrary.org/obo/GO_0033029, http://purl.obolibrary.org/obo/GO_0001781
http://purl.obolibrary.org/obo/GO_0033029, http://purl.obolibrary.org/obo/GO_0001781
http://purl.obolibrary.org/obo/GO_0033032, http://purl.obolibrary.org/obo/GO_0033028
http://purl.obolibrary.org/obo/GO_0033032, http://purl.obolibrary.org/obo/GO_0033028
http://purl.obolibrary.org/obo/GO_0033043, http://purl.obolibrary.org/obo/GO_0006996
http://purl.obolibrary.org/obo/GO_0033043, http://purl.obolibrary.org/obo/GO_0006996
http://purl.obolibrary.org/obo/GO_0033044, http://purl.obolibrary.org/obo/GO_0051276
http://purl.obolibrary.org/obo/GO_0033044, http://purl.obolibrary.org/obo/GO_0051276
http://purl.obolibrary.org/obo/GO_0033045, http://purl.obolibrary.org/obo/GO_0000819
http://purl.obolibrary.org/obo/GO_0033045, http://purl.obolibrary.org/obo/GO_0000819
http://purl.obolibrary.org/obo/GO_0033047, http://purl.obolibrary.org/obo/GO_0000070
http://purl.obolibrary.org/obo/GO_0033047, http://purl.obolibrary.org/obo/GO_0000070
http://purl.obolibrary.org/obo/GO_0033081, http://purl.obolibrary.org/obo/GO_0033077
http://purl.obolibrary.org/obo/GO_0033081, http://purl.obolibrary.org/obo/GO_0033077
http://purl.obolibrary.org/obo/GO_0033082, http://purl.obolibrary.org/obo/GO_0033078
http://purl.obolibrary.org/obo/GO_0033082, http://purl.obolibrary.org/obo/GO_0033078
http://purl.obolibrary.org/obo/GO_0033083, http://purl.obolibrary.org/obo/GO_0033079
http://purl.obolibrary.org/obo/GO_0033083, http://purl.obolibrary.org/obo/GO_0033079
http://purl.obolibrary.org/obo/GO_0033084, http://purl.obolibrary.org/obo/GO_0033080
http://purl.obolibrary.org/obo/GO_0033084, http://purl.obolibrary.org/obo/GO_0033080
http://purl.obolibrary.org/obo/GO_0033121, http://purl.obolibrary.org/obo/GO_0006195
http://purl.obolibrary.org/obo/GO_0033121, http://purl.obolibrary.org/obo/GO_0006195
http://purl.obolibrary.org/obo/GO_0033131, http://purl.obolibrary.org/obo/GO_0004340
http://purl.obolibrary.org/obo/GO_0033131, http://purl.obolibrary.org/obo/GO_0004340
http://purl.obolibrary.org/obo/GO_0033135, http://purl.obolibrary.org/obo/GO_0018105
http://purl.obolibrary.org/obo/GO_0033135, http://purl.obolibrary.org/obo/GO_0018105
http://purl.obolibrary.org/obo/GO_0033139, http://purl.obolibrary.org/obo/GO_0042501
http://purl.obolibrary.org/obo/GO_0033139, http://purl.obolibrary.org/obo/GO_0042501
http://purl.obolibrary.org/obo/GO_0033143, http://purl.obolibrary.org/obo/GO_0030518
http://purl.obolibrary.org/obo/GO_0033143, http://purl.obolibrary.org/obo/GO_0030518
http://purl.obolibrary.org/obo/GO_0033146, http://purl.obolibrary.org/obo/GO_0030520
http://purl.obolibrary.org/obo/GO_0033146, http://purl.obolibrary.org/obo/GO_0030520
http://purl.obolibrary.org/obo/GO_0033157, http://purl.obolibrary.org/obo/GO_0006886
http://purl.obolibrary.org/obo/GO_0033157, http://purl.obolibrary.org/obo/GO_0006886
http://purl.obolibrary.org/obo/GO_0033233, http://purl.obolibrary.org/obo/GO_0016925
http://purl.obolibrary.org/obo/GO_0033233, http://purl.obolibrary.org/obo/GO_0016925
http://purl.obolibrary.org/obo/GO_0033238, http://purl.obolibrary.org/obo/GO_0009308
http://purl.obolibrary.org/obo/GO_0033238, http://purl.obolibrary.org/obo/GO_0009308
http://purl.obolibrary.org/obo/GO_0033241, http://purl.obolibrary.org/obo/GO_0009310
http://purl.obolibrary.org/obo/GO_0033241, http://purl.obolibrary.org/obo/GO_0009310
http://purl.obolibrary.org/obo/GO_0033244, http://purl.obolibrary.org/obo/GO_0042316
http://purl.obolibrary.org/obo/GO_0033244, http://purl.obolibrary.org/obo/GO_0042316
http://purl.obolibrary.org/obo/GO_0033247, http://purl.obolibrary.org/obo/GO_0042317
http://purl.obolibrary.org/obo/GO_0033247, http://purl.obolibrary.org/obo/GO_0042317
http://purl.obolibrary.org/obo/GO_0033252, http://purl.obolibrary.org/obo/GO_0008800
http://purl.obolibrary.org/obo/GO_0033252, http://purl.obolibrary.org/obo/GO_0008800
http://purl.obolibrary.org/obo/GO_0033253, http://purl.obolibrary.org/obo/GO_0033250
http://purl.obolibrary.org/obo/GO_0033253, http://purl.obolibrary.org/obo/GO_0033250
http://purl.obolibrary.org/obo/GO_0033262, http://purl.obolibrary.org/obo/GO_0033260
http://purl.obolibrary.org/obo/GO_0033262, http://purl.obolibrary.org/obo/GO_0033260
http://purl.obolibrary.org/obo/GO_0033341, http://purl.obolibrary.org/obo/GO_0005518
http://purl.obolibrary.org/obo/GO_0033341, http://purl.obolibrary.org/obo/GO_0005518
http://purl.obolibrary.org/obo/GO_0033599, http://purl.obolibrary.org/obo/GO_0033598
http://purl.obolibrary.org/obo/GO_0033599, http://purl.obolibrary.org/obo/GO_0033598
http://purl.obolibrary.org/obo/GO_0033623, http://purl.obolibrary.org/obo/GO_0033622
http://purl.obolibrary.org/obo/GO_0033623, http://purl.obolibrary.org/obo/GO_0033622
http://purl.obolibrary.org/obo/GO_0033628, http://purl.obolibrary.org/obo/GO_0033627
http://purl.obolibrary.org/obo/GO_0033628, http://purl.obolibrary.org/obo/GO_0033627
http://purl.obolibrary.org/obo/GO_0033632, http://purl.obolibrary.org/obo/GO_0033631
http://purl.obolibrary.org/obo/GO_0033632, http://purl.obolibrary.org/obo/GO_0033631
http://purl.obolibrary.org/obo/GO_0033670, http://purl.obolibrary.org/obo/GO_0003951
http://purl.obolibrary.org/obo/GO_0033670, http://purl.obolibrary.org/obo/GO_0003951
http://purl.obolibrary.org/obo/GO_0033684, http://purl.obolibrary.org/obo/GO_0032275
http://purl.obolibrary.org/obo/GO_0033684, http://purl.obolibrary.org/obo/GO_0032275
http://purl.obolibrary.org/obo/GO_0033688, http://purl.obolibrary.org/obo/GO_0033687
http://purl.obolibrary.org/obo/GO_0033688, http://purl.obolibrary.org/obo/GO_0033687
http://purl.obolibrary.org/obo/GO_0033860, http://purl.obolibrary.org/obo/GO_0016174
http://purl.obolibrary.org/obo/GO_0033860, http://purl.obolibrary.org/obo/GO_0016174
http://purl.obolibrary.org/obo/GO_0034091, http://purl.obolibrary.org/obo/GO_0034086
http://purl.obolibrary.org/obo/GO_0034091, http://purl.obolibrary.org/obo/GO_0034086
http://purl.obolibrary.org/obo/GO_0034094, http://purl.obolibrary.org/obo/GO_0034090
http://purl.obolibrary.org/obo/GO_0034094, http://purl.obolibrary.org/obo/GO_0034090
http://purl.obolibrary.org/obo/GO_0034103, http://purl.obolibrary.org/obo/GO_0048771
http://purl.obolibrary.org/obo/GO_0034103, http://purl.obolibrary.org/obo/GO_0048771
http://purl.obolibrary.org/obo/GO_0034106, http://purl.obolibrary.org/obo/GO_0034102
http://purl.obolibrary.org/obo/GO_0034106, http://purl.obolibrary.org/obo/GO_0034102
http://purl.obolibrary.org/obo/GO_0034110, http://purl.obolibrary.org/obo/GO_0034109
http://purl.obolibrary.org/obo/GO_0034110, http://purl.obolibrary.org/obo/GO_0034109
http://purl.obolibrary.org/obo/GO_0034114, http://purl.obolibrary.org/obo/GO_0034113
http://purl.obolibrary.org/obo/GO_0034114, http://purl.obolibrary.org/obo/GO_0034113
http://purl.obolibrary.org/obo/GO_0034118, http://purl.obolibrary.org/obo/GO_0034117
http://purl.obolibrary.org/obo/GO_0034118, http://purl.obolibrary.org/obo/GO_0034117
http://purl.obolibrary.org/obo/GO_0034121, http://purl.obolibrary.org/obo/GO_0002224
http://purl.obolibrary.org/obo/GO_0034121, http://purl.obolibrary.org/obo/GO_0002224
http://purl.obolibrary.org/obo/GO_0034124, http://purl.obolibrary.org/obo/GO_0002755
http://purl.obolibrary.org/obo/GO_0034124, http://purl.obolibrary.org/obo/GO_0002755
http://purl.obolibrary.org/obo/GO_0034127, http://purl.obolibrary.org/obo/GO_0002756
http://purl.obolibrary.org/obo/GO_0034127, http://purl.obolibrary.org/obo/GO_0002756
http://purl.obolibrary.org/obo/GO_0034131, http://purl.obolibrary.org/obo/GO_0034130
http://purl.obolibrary.org/obo/GO_0034131, http://purl.obolibrary.org/obo/GO_0034130
http://purl.obolibrary.org/obo/GO_0034135, http://purl.obolibrary.org/obo/GO_0034134
http://purl.obolibrary.org/obo/GO_0034135, http://purl.obolibrary.org/obo/GO_0034134
http://purl.obolibrary.org/obo/GO_0034139, http://purl.obolibrary.org/obo/GO_0034138
http://purl.obolibrary.org/obo/GO_0034139, http://purl.obolibrary.org/obo/GO_0034138
http://purl.obolibrary.org/obo/GO_0034143, http://purl.obolibrary.org/obo/GO_0034142
http://purl.obolibrary.org/obo/GO_0034143, http://purl.obolibrary.org/obo/GO_0034142
http://purl.obolibrary.org/obo/GO_0034147, http://purl.obolibrary.org/obo/GO_0034146
http://purl.obolibrary.org/obo/GO_0034147, http://purl.obolibrary.org/obo/GO_0034146
http://purl.obolibrary.org/obo/GO_0034151, http://purl.obolibrary.org/obo/GO_0034150
http://purl.obolibrary.org/obo/GO_0034151, http://purl.obolibrary.org/obo/GO_0034150
http://purl.obolibrary.org/obo/GO_0034155, http://purl.obolibrary.org/obo/GO_0034154
http://purl.obolibrary.org/obo/GO_0034155, http://purl.obolibrary.org/obo/GO_0034154
http://purl.obolibrary.org/obo/GO_0034159, http://purl.obolibrary.org/obo/GO_0034158
http://purl.obolibrary.org/obo/GO_0034159, http://purl.obolibrary.org/obo/GO_0034158
http://purl.obolibrary.org/obo/GO_0034163, http://purl.obolibrary.org/obo/GO_0034162
http://purl.obolibrary.org/obo/GO_0034163, http://purl.obolibrary.org/obo/GO_0034162
http://purl.obolibrary.org/obo/GO_0034167, http://purl.obolibrary.org/obo/GO_0034166
http://purl.obolibrary.org/obo/GO_0034167, http://purl.obolibrary.org/obo/GO_0034166
http://purl.obolibrary.org/obo/GO_0034171, http://purl.obolibrary.org/obo/GO_0034170
http://purl.obolibrary.org/obo/GO_0034171, http://purl.obolibrary.org/obo/GO_0034170
http://purl.obolibrary.org/obo/GO_0034175, http://purl.obolibrary.org/obo/GO_0034174
http://purl.obolibrary.org/obo/GO_0034175, http://purl.obolibrary.org/obo/GO_0034174
http://purl.obolibrary.org/obo/GO_0034179, http://purl.obolibrary.org/obo/GO_0034178
http://purl.obolibrary.org/obo/GO_0034179, http://purl.obolibrary.org/obo/GO_0034178
http://purl.obolibrary.org/obo/GO_0034182, http://purl.obolibrary.org/obo/GO_0034088
http://purl.obolibrary.org/obo/GO_0034182, http://purl.obolibrary.org/obo/GO_0034088
http://purl.obolibrary.org/obo/GO_0034239, http://purl.obolibrary.org/obo/GO_0034238
http://purl.obolibrary.org/obo/GO_0034239, http://purl.obolibrary.org/obo/GO_0034238
http://purl.obolibrary.org/obo/GO_0034243, http://purl.obolibrary.org/obo/GO_0006368
http://purl.obolibrary.org/obo/GO_0034243, http://purl.obolibrary.org/obo/GO_0006368
http://purl.obolibrary.org/obo/GO_0034248, http://purl.obolibrary.org/obo/GO_0043603
http://purl.obolibrary.org/obo/GO_0034248, http://purl.obolibrary.org/obo/GO_0043603
http://purl.obolibrary.org/obo/GO_0034251, http://purl.obolibrary.org/obo/GO_0043605
http://purl.obolibrary.org/obo/GO_0034251, http://purl.obolibrary.org/obo/GO_0043605
http://purl.obolibrary.org/obo/GO_0034254, http://purl.obolibrary.org/obo/GO_0043419
http://purl.obolibrary.org/obo/GO_0034254, http://purl.obolibrary.org/obo/GO_0043419
http://purl.obolibrary.org/obo/GO_0034255, http://purl.obolibrary.org/obo/GO_0019627
http://purl.obolibrary.org/obo/GO_0034255, http://purl.obolibrary.org/obo/GO_0019627
http://purl.obolibrary.org/obo/GO_0034305, http://purl.obolibrary.org/obo/GO_0030436
http://purl.obolibrary.org/obo/GO_0034305, http://purl.obolibrary.org/obo/GO_0030436
http://purl.obolibrary.org/obo/GO_0034306, http://purl.obolibrary.org/obo/GO_0034293
http://purl.obolibrary.org/obo/GO_0034306, http://purl.obolibrary.org/obo/GO_0034293
http://purl.obolibrary.org/obo/GO_0034307, http://purl.obolibrary.org/obo/GO_0030437
http://purl.obolibrary.org/obo/GO_0034307, http://purl.obolibrary.org/obo/GO_0030437
http://purl.obolibrary.org/obo/GO_0034315, http://purl.obolibrary.org/obo/GO_0034314
http://purl.obolibrary.org/obo/GO_0034315, http://purl.obolibrary.org/obo/GO_0034314
http://purl.obolibrary.org/obo/GO_0034344, http://purl.obolibrary.org/obo/GO_0034343
http://purl.obolibrary.org/obo/GO_0034344, http://purl.obolibrary.org/obo/GO_0034343
http://purl.obolibrary.org/obo/GO_0034350, http://purl.obolibrary.org/obo/GO_0034349
http://purl.obolibrary.org/obo/GO_0034350, http://purl.obolibrary.org/obo/GO_0034349
http://purl.obolibrary.org/obo/GO_0034391, http://purl.obolibrary.org/obo/GO_0034390
http://purl.obolibrary.org/obo/GO_0034391, http://purl.obolibrary.org/obo/GO_0034390
http://purl.obolibrary.org/obo/GO_0034442, http://purl.obolibrary.org/obo/GO_0042161
http://purl.obolibrary.org/obo/GO_0034442, http://purl.obolibrary.org/obo/GO_0042161
http://purl.obolibrary.org/obo/GO_0034444, http://purl.obolibrary.org/obo/GO_0034441
http://purl.obolibrary.org/obo/GO_0034444, http://purl.obolibrary.org/obo/GO_0034441
http://purl.obolibrary.org/obo/GO_0034756, http://purl.obolibrary.org/obo/GO_0006826
http://purl.obolibrary.org/obo/GO_0034756, http://purl.obolibrary.org/obo/GO_0006826
http://purl.obolibrary.org/obo/GO_0034759, http://purl.obolibrary.org/obo/GO_0034755
http://purl.obolibrary.org/obo/GO_0034759, http://purl.obolibrary.org/obo/GO_0034755
http://purl.obolibrary.org/obo/GO_0034762, http://purl.obolibrary.org/obo/GO_0055085
http://purl.obolibrary.org/obo/GO_0034762, http://purl.obolibrary.org/obo/GO_0055085
http://purl.obolibrary.org/obo/GO_0034765, http://purl.obolibrary.org/obo/GO_0034220
http://purl.obolibrary.org/obo/GO_0034765, http://purl.obolibrary.org/obo/GO_0034220
http://purl.obolibrary.org/obo/GO_0035007, http://purl.obolibrary.org/obo/GO_0035006
http://purl.obolibrary.org/obo/GO_0035007, http://purl.obolibrary.org/obo/GO_0035006
http://purl.obolibrary.org/obo/GO_0035020, http://purl.obolibrary.org/obo/GO_0016601
http://purl.obolibrary.org/obo/GO_0035020, http://purl.obolibrary.org/obo/GO_0016601
http://purl.obolibrary.org/obo/GO_0035023, http://purl.obolibrary.org/obo/GO_0007266
http://purl.obolibrary.org/obo/GO_0035023, http://purl.obolibrary.org/obo/GO_0007266
http://purl.obolibrary.org/obo/GO_0035203, http://purl.obolibrary.org/obo/GO_0035171
http://purl.obolibrary.org/obo/GO_0035203, http://purl.obolibrary.org/obo/GO_0035171
http://purl.obolibrary.org/obo/GO_0035206, http://purl.obolibrary.org/obo/GO_0035172
http://purl.obolibrary.org/obo/GO_0035206, http://purl.obolibrary.org/obo/GO_0035172
http://purl.obolibrary.org/obo/GO_0035227, http://purl.obolibrary.org/obo/GO_0004357
http://purl.obolibrary.org/obo/GO_0035227, http://purl.obolibrary.org/obo/GO_0004357
http://purl.obolibrary.org/obo/GO_0035303, http://purl.obolibrary.org/obo/GO_0016311
http://purl.obolibrary.org/obo/GO_0035303, http://purl.obolibrary.org/obo/GO_0016311
http://purl.obolibrary.org/obo/GO_0035304, http://purl.obolibrary.org/obo/GO_0006470
http://purl.obolibrary.org/obo/GO_0035304, http://purl.obolibrary.org/obo/GO_0006470
http://purl.obolibrary.org/obo/GO_0035330, http://purl.obolibrary.org/obo/GO_0035329
http://purl.obolibrary.org/obo/GO_0035330, http://purl.obolibrary.org/obo/GO_0035329
http://purl.obolibrary.org/obo/GO_0035341, http://purl.obolibrary.org/obo/GO_0035340
http://purl.obolibrary.org/obo/GO_0035341, http://purl.obolibrary.org/obo/GO_0035340
http://purl.obolibrary.org/obo/GO_0035345, http://purl.obolibrary.org/obo/GO_0035344
http://purl.obolibrary.org/obo/GO_0035345, http://purl.obolibrary.org/obo/GO_0035344
http://purl.obolibrary.org/obo/GO_0035358, http://purl.obolibrary.org/obo/GO_0035357
http://purl.obolibrary.org/obo/GO_0035358, http://purl.obolibrary.org/obo/GO_0035357
http://purl.obolibrary.org/obo/GO_0035365, http://purl.obolibrary.org/obo/GO_0035364
http://purl.obolibrary.org/obo/GO_0035365, http://purl.obolibrary.org/obo/GO_0035364
http://purl.obolibrary.org/obo/GO_0035386, http://purl.obolibrary.org/obo/GO_0035385
http://purl.obolibrary.org/obo/GO_0035386, http://purl.obolibrary.org/obo/GO_0035385
http://purl.obolibrary.org/obo/GO_0035394, http://purl.obolibrary.org/obo/GO_0035393
http://purl.obolibrary.org/obo/GO_0035394, http://purl.obolibrary.org/obo/GO_0035393
http://purl.obolibrary.org/obo/GO_0035430, http://purl.obolibrary.org/obo/GO_0035429
http://purl.obolibrary.org/obo/GO_0035430, http://purl.obolibrary.org/obo/GO_0035429
http://purl.obolibrary.org/obo/GO_0035477, http://purl.obolibrary.org/obo/GO_0035475
http://purl.obolibrary.org/obo/GO_0035490, http://purl.obolibrary.org/obo/GO_0002540
http://purl.obolibrary.org/obo/GO_0035490, http://purl.obolibrary.org/obo/GO_0002540
http://purl.obolibrary.org/obo/GO_0035495, http://purl.obolibrary.org/obo/GO_0035494
http://purl.obolibrary.org/obo/GO_0035495, http://purl.obolibrary.org/obo/GO_0035494
http://purl.obolibrary.org/obo/GO_0035504, http://purl.obolibrary.org/obo/GO_0004687
http://purl.obolibrary.org/obo/GO_0035504, http://purl.obolibrary.org/obo/GO_0004687
http://purl.obolibrary.org/obo/GO_0035507, http://purl.obolibrary.org/obo/GO_0050115
http://purl.obolibrary.org/obo/GO_0035507, http://purl.obolibrary.org/obo/GO_0050115
http://purl.obolibrary.org/obo/GO_0035531, http://purl.obolibrary.org/obo/GO_0035530
http://purl.obolibrary.org/obo/GO_0035531, http://purl.obolibrary.org/obo/GO_0035530
http://purl.obolibrary.org/obo/GO_0035542, http://purl.obolibrary.org/obo/GO_0035493
http://purl.obolibrary.org/obo/GO_0035542, http://purl.obolibrary.org/obo/GO_0035493
http://purl.obolibrary.org/obo/GO_0035561, http://purl.obolibrary.org/obo/GO_0003682
http://purl.obolibrary.org/obo/GO_0035561, http://purl.obolibrary.org/obo/GO_0003682
http://purl.obolibrary.org/obo/GO_0035813, http://purl.obolibrary.org/obo/GO_0035812
http://purl.obolibrary.org/obo/GO_0035813, http://purl.obolibrary.org/obo/GO_0035812
http://purl.obolibrary.org/obo/GO_0036490, http://purl.obolibrary.org/obo/GO_0006412
http://purl.obolibrary.org/obo/GO_0036491, http://purl.obolibrary.org/obo/GO_0006413
http://purl.obolibrary.org/obo/GO_0038009, http://purl.obolibrary.org/obo/GO_0007165
http://purl.obolibrary.org/obo/GO_0039525, http://purl.obolibrary.org/obo/GO_0006325
http://purl.obolibrary.org/obo/GO_0039525, http://purl.obolibrary.org/obo/GO_0006325
http://purl.obolibrary.org/obo/GO_0039531, http://purl.obolibrary.org/obo/GO_0002753
http://purl.obolibrary.org/obo/GO_0039531, http://purl.obolibrary.org/obo/GO_0002753
http://purl.obolibrary.org/obo/GO_0039533, http://purl.obolibrary.org/obo/GO_0039530
http://purl.obolibrary.org/obo/GO_0039533, http://purl.obolibrary.org/obo/GO_0039530
http://purl.obolibrary.org/obo/GO_0039535, http://purl.obolibrary.org/obo/GO_0039529
http://purl.obolibrary.org/obo/GO_0039535, http://purl.obolibrary.org/obo/GO_0039529
http://purl.obolibrary.org/obo/GO_0040008, http://purl.obolibrary.org/obo/GO_0040007
http://purl.obolibrary.org/obo/GO_0040008, http://purl.obolibrary.org/obo/GO_0040007
http://purl.obolibrary.org/obo/GO_0040012, http://purl.obolibrary.org/obo/GO_0040011
http://purl.obolibrary.org/obo/GO_0040012, http://purl.obolibrary.org/obo/GO_0040011
http://purl.obolibrary.org/obo/GO_0040014, http://purl.obolibrary.org/obo/GO_0035264
http://purl.obolibrary.org/obo/GO_0040014, http://purl.obolibrary.org/obo/GO_0035264
http://purl.obolibrary.org/obo/GO_0040020, http://purl.obolibrary.org/obo/GO_0140013
http://purl.obolibrary.org/obo/GO_0040020, http://purl.obolibrary.org/obo/GO_0140013
http://purl.obolibrary.org/obo/GO_0040028, http://purl.obolibrary.org/obo/GO_0040025
http://purl.obolibrary.org/obo/GO_0040028, http://purl.obolibrary.org/obo/GO_0040025
http://purl.obolibrary.org/obo/GO_0040036, http://purl.obolibrary.org/obo/GO_0008543
http://purl.obolibrary.org/obo/GO_0040036, http://purl.obolibrary.org/obo/GO_0008543
http://purl.obolibrary.org/obo/GO_0042053, http://purl.obolibrary.org/obo/GO_0042417
http://purl.obolibrary.org/obo/GO_0042053, http://purl.obolibrary.org/obo/GO_0042417
http://purl.obolibrary.org/obo/GO_0042058, http://purl.obolibrary.org/obo/GO_0007173
http://purl.obolibrary.org/obo/GO_0042058, http://purl.obolibrary.org/obo/GO_0007173
http://purl.obolibrary.org/obo/GO_0042068, http://purl.obolibrary.org/obo/GO_0019889
http://purl.obolibrary.org/obo/GO_0042068, http://purl.obolibrary.org/obo/GO_0019889
http://purl.obolibrary.org/obo/GO_0042069, http://purl.obolibrary.org/obo/GO_0006584
http://purl.obolibrary.org/obo/GO_0042069, http://purl.obolibrary.org/obo/GO_0006584
http://purl.obolibrary.org/obo/GO_0042127, http://purl.obolibrary.org/obo/GO_0008283
http://purl.obolibrary.org/obo/GO_0042127, http://purl.obolibrary.org/obo/GO_0008283
http://purl.obolibrary.org/obo/GO_0042129, http://purl.obolibrary.org/obo/GO_0042098
http://purl.obolibrary.org/obo/GO_0042129, http://purl.obolibrary.org/obo/GO_0042098
http://purl.obolibrary.org/obo/GO_0042173, http://purl.obolibrary.org/obo/GO_0030435
http://purl.obolibrary.org/obo/GO_0042173, http://purl.obolibrary.org/obo/GO_0030435
http://purl.obolibrary.org/obo/GO_0042176, http://purl.obolibrary.org/obo/GO_0030163
http://purl.obolibrary.org/obo/GO_0042176, http://purl.obolibrary.org/obo/GO_0030163
http://purl.obolibrary.org/obo/GO_0042268, http://purl.obolibrary.org/obo/GO_0019835
http://purl.obolibrary.org/obo/GO_0042268, http://purl.obolibrary.org/obo/GO_0019835
http://purl.obolibrary.org/obo/GO_0042269, http://purl.obolibrary.org/obo/GO_0042267
http://purl.obolibrary.org/obo/GO_0042269, http://purl.obolibrary.org/obo/GO_0042267
http://purl.obolibrary.org/obo/GO_0042304, http://purl.obolibrary.org/obo/GO_0006633
http://purl.obolibrary.org/obo/GO_0042304, http://purl.obolibrary.org/obo/GO_0006633
http://purl.obolibrary.org/obo/GO_0042306, http://purl.obolibrary.org/obo/GO_0006606
http://purl.obolibrary.org/obo/GO_0042306, http://purl.obolibrary.org/obo/GO_0006606
http://purl.obolibrary.org/obo/GO_0042320, http://purl.obolibrary.org/obo/GO_0042747
http://purl.obolibrary.org/obo/GO_0042320, http://purl.obolibrary.org/obo/GO_0042747
http://purl.obolibrary.org/obo/GO_0042325, http://purl.obolibrary.org/obo/GO_0016310
http://purl.obolibrary.org/obo/GO_0042325, http://purl.obolibrary.org/obo/GO_0016310
http://purl.obolibrary.org/obo/GO_0042478, http://purl.obolibrary.org/obo/GO_0042462
http://purl.obolibrary.org/obo/GO_0042478, http://purl.obolibrary.org/obo/GO_0042462
http://purl.obolibrary.org/obo/GO_0042481, http://purl.obolibrary.org/obo/GO_0042476
http://purl.obolibrary.org/obo/GO_0042481, http://purl.obolibrary.org/obo/GO_0042476
http://purl.obolibrary.org/obo/GO_0042487, http://purl.obolibrary.org/obo/GO_0042475
http://purl.obolibrary.org/obo/GO_0042487, http://purl.obolibrary.org/obo/GO_0042475
http://purl.obolibrary.org/obo/GO_0042509, http://purl.obolibrary.org/obo/GO_0007260
http://purl.obolibrary.org/obo/GO_0042509, http://purl.obolibrary.org/obo/GO_0007260
http://purl.obolibrary.org/obo/GO_0042548, http://purl.obolibrary.org/obo/GO_0019684
http://purl.obolibrary.org/obo/GO_0042548, http://purl.obolibrary.org/obo/GO_0019684
http://purl.obolibrary.org/obo/GO_0042634, http://purl.obolibrary.org/obo/GO_0042633
http://purl.obolibrary.org/obo/GO_0042634, http://purl.obolibrary.org/obo/GO_0042633
http://purl.obolibrary.org/obo/GO_0042659, http://purl.obolibrary.org/obo/GO_0001708
http://purl.obolibrary.org/obo/GO_0042659, http://purl.obolibrary.org/obo/GO_0001708
http://purl.obolibrary.org/obo/GO_0042661, http://purl.obolibrary.org/obo/GO_0007501
http://purl.obolibrary.org/obo/GO_0042661, http://purl.obolibrary.org/obo/GO_0007501
http://purl.obolibrary.org/obo/GO_0042663, http://purl.obolibrary.org/obo/GO_0001714
http://purl.obolibrary.org/obo/GO_0042663, http://purl.obolibrary.org/obo/GO_0001714
http://purl.obolibrary.org/obo/GO_0042665, http://purl.obolibrary.org/obo/GO_0001715
http://purl.obolibrary.org/obo/GO_0042665, http://purl.obolibrary.org/obo/GO_0001715
http://purl.obolibrary.org/obo/GO_0042669, http://purl.obolibrary.org/obo/GO_0042667
http://purl.obolibrary.org/obo/GO_0042669, http://purl.obolibrary.org/obo/GO_0042667
http://purl.obolibrary.org/obo/GO_0042673, http://purl.obolibrary.org/obo/GO_0042672
http://purl.obolibrary.org/obo/GO_0042673, http://purl.obolibrary.org/obo/GO_0042672
http://purl.obolibrary.org/obo/GO_0042682, http://purl.obolibrary.org/obo/GO_0042679
http://purl.obolibrary.org/obo/GO_0042682, http://purl.obolibrary.org/obo/GO_0042679
http://purl.obolibrary.org/obo/GO_0042686, http://purl.obolibrary.org/obo/GO_0042685
http://purl.obolibrary.org/obo/GO_0042686, http://purl.obolibrary.org/obo/GO_0042685
http://purl.obolibrary.org/obo/GO_0042689, http://purl.obolibrary.org/obo/GO_0042688
http://purl.obolibrary.org/obo/GO_0042689, http://purl.obolibrary.org/obo/GO_0042688
http://purl.obolibrary.org/obo/GO_0042749, http://purl.obolibrary.org/obo/GO_0042745
http://purl.obolibrary.org/obo/GO_0042749, http://purl.obolibrary.org/obo/GO_0042745
http://purl.obolibrary.org/obo/GO_0042752, http://purl.obolibrary.org/obo/GO_0007623
http://purl.obolibrary.org/obo/GO_0042752, http://purl.obolibrary.org/obo/GO_0007623
http://purl.obolibrary.org/obo/GO_0042762, http://purl.obolibrary.org/obo/GO_0006790
http://purl.obolibrary.org/obo/GO_0042762, http://purl.obolibrary.org/obo/GO_0006790
http://purl.obolibrary.org/obo/GO_0042981, http://purl.obolibrary.org/obo/GO_0006915
http://purl.obolibrary.org/obo/GO_0042981, http://purl.obolibrary.org/obo/GO_0006915
http://purl.obolibrary.org/obo/GO_0042984, http://purl.obolibrary.org/obo/GO_0042983
http://purl.obolibrary.org/obo/GO_0042984, http://purl.obolibrary.org/obo/GO_0042983
http://purl.obolibrary.org/obo/GO_0042996, http://purl.obolibrary.org/obo/GO_0043001
http://purl.obolibrary.org/obo/GO_0042996, http://purl.obolibrary.org/obo/GO_0043001
http://purl.obolibrary.org/obo/GO_0043012, http://purl.obolibrary.org/obo/GO_0007342
http://purl.obolibrary.org/obo/GO_0043012, http://purl.obolibrary.org/obo/GO_0007342
http://purl.obolibrary.org/obo/GO_0043030, http://purl.obolibrary.org/obo/GO_0042116
http://purl.obolibrary.org/obo/GO_0043030, http://purl.obolibrary.org/obo/GO_0042116
http://purl.obolibrary.org/obo/GO_0043051, http://purl.obolibrary.org/obo/GO_0043050
http://purl.obolibrary.org/obo/GO_0043051, http://purl.obolibrary.org/obo/GO_0043050
http://purl.obolibrary.org/obo/GO_0043058, http://purl.obolibrary.org/obo/GO_0043057
http://purl.obolibrary.org/obo/GO_0043058, http://purl.obolibrary.org/obo/GO_0043057
http://purl.obolibrary.org/obo/GO_0043059, http://purl.obolibrary.org/obo/GO_0043056
http://purl.obolibrary.org/obo/GO_0043059, http://purl.obolibrary.org/obo/GO_0043056
http://purl.obolibrary.org/obo/GO_0043067, http://purl.obolibrary.org/obo/GO_0012501
http://purl.obolibrary.org/obo/GO_0043067, http://purl.obolibrary.org/obo/GO_0012501
http://purl.obolibrary.org/obo/GO_0043087, http://purl.obolibrary.org/obo/GO_0003924
http://purl.obolibrary.org/obo/GO_0043087, http://purl.obolibrary.org/obo/GO_0003924
http://purl.obolibrary.org/obo/GO_0043095, http://purl.obolibrary.org/obo/GO_0003934
http://purl.obolibrary.org/obo/GO_0043095, http://purl.obolibrary.org/obo/GO_0003934
http://purl.obolibrary.org/obo/GO_0043122, http://purl.obolibrary.org/obo/GO_0007249
http://purl.obolibrary.org/obo/GO_0043122, http://purl.obolibrary.org/obo/GO_0007249
http://purl.obolibrary.org/obo/GO_0043134, http://purl.obolibrary.org/obo/GO_0043133
http://purl.obolibrary.org/obo/GO_0043134, http://purl.obolibrary.org/obo/GO_0043133
http://purl.obolibrary.org/obo/GO_0043244, http://purl.obolibrary.org/obo/GO_0032984
http://purl.obolibrary.org/obo/GO_0043244, http://purl.obolibrary.org/obo/GO_0032984
http://purl.obolibrary.org/obo/GO_0043254, http://purl.obolibrary.org/obo/GO_0065003
http://purl.obolibrary.org/obo/GO_0043254, http://purl.obolibrary.org/obo/GO_0065003
http://purl.obolibrary.org/obo/GO_0043255, http://purl.obolibrary.org/obo/GO_0016051
http://purl.obolibrary.org/obo/GO_0043255, http://purl.obolibrary.org/obo/GO_0016051
http://purl.obolibrary.org/obo/GO_0043266, http://purl.obolibrary.org/obo/GO_0006813
http://purl.obolibrary.org/obo/GO_0043266, http://purl.obolibrary.org/obo/GO_0006813
http://purl.obolibrary.org/obo/GO_0043269, http://purl.obolibrary.org/obo/GO_0006811
http://purl.obolibrary.org/obo/GO_0043269, http://purl.obolibrary.org/obo/GO_0006811
http://purl.obolibrary.org/obo/GO_0043281, http://purl.obolibrary.org/obo/GO_0097153
http://purl.obolibrary.org/obo/GO_0043281, http://purl.obolibrary.org/obo/GO_0097153
http://purl.obolibrary.org/obo/GO_0043286, http://purl.obolibrary.org/obo/GO_0042621
http://purl.obolibrary.org/obo/GO_0043286, http://purl.obolibrary.org/obo/GO_0042621
http://purl.obolibrary.org/obo/GO_0043300, http://purl.obolibrary.org/obo/GO_0043299
http://purl.obolibrary.org/obo/GO_0043300, http://purl.obolibrary.org/obo/GO_0043299
http://purl.obolibrary.org/obo/GO_0043304, http://purl.obolibrary.org/obo/GO_0043303
http://purl.obolibrary.org/obo/GO_0043304, http://purl.obolibrary.org/obo/GO_0043303
http://purl.obolibrary.org/obo/GO_0043309, http://purl.obolibrary.org/obo/GO_0043308
http://purl.obolibrary.org/obo/GO_0043309, http://purl.obolibrary.org/obo/GO_0043308
http://purl.obolibrary.org/obo/GO_0043313, http://purl.obolibrary.org/obo/GO_0043312
http://purl.obolibrary.org/obo/GO_0043313, http://purl.obolibrary.org/obo/GO_0043312
http://purl.obolibrary.org/obo/GO_0043317, http://purl.obolibrary.org/obo/GO_0043316
http://purl.obolibrary.org/obo/GO_0043317, http://purl.obolibrary.org/obo/GO_0043316
http://purl.obolibrary.org/obo/GO_0043321, http://purl.obolibrary.org/obo/GO_0043320
http://purl.obolibrary.org/obo/GO_0043321, http://purl.obolibrary.org/obo/GO_0043320
http://purl.obolibrary.org/obo/GO_0043370, http://purl.obolibrary.org/obo/GO_0043367
http://purl.obolibrary.org/obo/GO_0043370, http://purl.obolibrary.org/obo/GO_0043367
http://purl.obolibrary.org/obo/GO_0043376, http://purl.obolibrary.org/obo/GO_0043374
http://purl.obolibrary.org/obo/GO_0043376, http://purl.obolibrary.org/obo/GO_0043374
http://purl.obolibrary.org/obo/GO_0043380, http://purl.obolibrary.org/obo/GO_0043379
http://purl.obolibrary.org/obo/GO_0043380, http://purl.obolibrary.org/obo/GO_0043379
http://purl.obolibrary.org/obo/GO_0043393, http://purl.obolibrary.org/obo/GO_0005515
http://purl.obolibrary.org/obo/GO_0043393, http://purl.obolibrary.org/obo/GO_0005515
http://purl.obolibrary.org/obo/GO_0043397, http://purl.obolibrary.org/obo/GO_0043396
http://purl.obolibrary.org/obo/GO_0043397, http://purl.obolibrary.org/obo/GO_0043396
http://purl.obolibrary.org/obo/GO_0043405, http://purl.obolibrary.org/obo/GO_0004707
http://purl.obolibrary.org/obo/GO_0043405, http://purl.obolibrary.org/obo/GO_0004707
http://purl.obolibrary.org/obo/GO_0043408, http://purl.obolibrary.org/obo/GO_0000165
http://purl.obolibrary.org/obo/GO_0043408, http://purl.obolibrary.org/obo/GO_0000165
http://purl.obolibrary.org/obo/GO_0043416, http://purl.obolibrary.org/obo/GO_0043403
http://purl.obolibrary.org/obo/GO_0043416, http://purl.obolibrary.org/obo/GO_0043403
http://purl.obolibrary.org/obo/GO_0043455, http://purl.obolibrary.org/obo/GO_0019748
http://purl.obolibrary.org/obo/GO_0043455, http://purl.obolibrary.org/obo/GO_0019748
http://purl.obolibrary.org/obo/GO_0043456, http://purl.obolibrary.org/obo/GO_0006098
http://purl.obolibrary.org/obo/GO_0043456, http://purl.obolibrary.org/obo/GO_0006098
http://purl.obolibrary.org/obo/GO_0043457, http://purl.obolibrary.org/obo/GO_0045333
http://purl.obolibrary.org/obo/GO_0043457, http://purl.obolibrary.org/obo/GO_0045333
http://purl.obolibrary.org/obo/GO_0043462, http://purl.obolibrary.org/obo/GO_0140657
http://purl.obolibrary.org/obo/GO_0043462, http://purl.obolibrary.org/obo/GO_0140657
http://purl.obolibrary.org/obo/GO_0043463, http://purl.obolibrary.org/obo/GO_0019301
http://purl.obolibrary.org/obo/GO_0043463, http://purl.obolibrary.org/obo/GO_0019301
http://purl.obolibrary.org/obo/GO_0043465, http://purl.obolibrary.org/obo/GO_0006113
http://purl.obolibrary.org/obo/GO_0043465, http://purl.obolibrary.org/obo/GO_0006113
http://purl.obolibrary.org/obo/GO_0043467, http://purl.obolibrary.org/obo/GO_0006091
http://purl.obolibrary.org/obo/GO_0043467, http://purl.obolibrary.org/obo/GO_0006091
http://purl.obolibrary.org/obo/GO_0043468, http://purl.obolibrary.org/obo/GO_0019317
http://purl.obolibrary.org/obo/GO_0043468, http://purl.obolibrary.org/obo/GO_0019317
http://purl.obolibrary.org/obo/GO_0043469, http://purl.obolibrary.org/obo/GO_0042843
http://purl.obolibrary.org/obo/GO_0043469, http://purl.obolibrary.org/obo/GO_0042843
http://purl.obolibrary.org/obo/GO_0043470, http://purl.obolibrary.org/obo/GO_0016052
http://purl.obolibrary.org/obo/GO_0043470, http://purl.obolibrary.org/obo/GO_0016052
http://purl.obolibrary.org/obo/GO_0043484, http://purl.obolibrary.org/obo/GO_0008380
http://purl.obolibrary.org/obo/GO_0043484, http://purl.obolibrary.org/obo/GO_0008380
http://purl.obolibrary.org/obo/GO_0043487, http://purl.obolibrary.org/obo/GO_0006401
http://purl.obolibrary.org/obo/GO_0043496, http://purl.obolibrary.org/obo/GO_0042803
http://purl.obolibrary.org/obo/GO_0043496, http://purl.obolibrary.org/obo/GO_0042803
http://purl.obolibrary.org/obo/GO_0043497, http://purl.obolibrary.org/obo/GO_0046982
http://purl.obolibrary.org/obo/GO_0043497, http://purl.obolibrary.org/obo/GO_0046982
http://purl.obolibrary.org/obo/GO_0043502, http://purl.obolibrary.org/obo/GO_0043500
http://purl.obolibrary.org/obo/GO_0043502, http://purl.obolibrary.org/obo/GO_0043500
http://purl.obolibrary.org/obo/GO_0043506, http://purl.obolibrary.org/obo/GO_0004705
http://purl.obolibrary.org/obo/GO_0043506, http://purl.obolibrary.org/obo/GO_0004705
http://purl.obolibrary.org/obo/GO_0043516, http://purl.obolibrary.org/obo/GO_0030330
http://purl.obolibrary.org/obo/GO_0043516, http://purl.obolibrary.org/obo/GO_0030330
http://purl.obolibrary.org/obo/GO_0043519, http://purl.obolibrary.org/obo/GO_0031038
http://purl.obolibrary.org/obo/GO_0043519, http://purl.obolibrary.org/obo/GO_0031038
http://purl.obolibrary.org/obo/GO_0043520, http://purl.obolibrary.org/obo/GO_0031036
http://purl.obolibrary.org/obo/GO_0043520, http://purl.obolibrary.org/obo/GO_0031036
http://purl.obolibrary.org/obo/GO_0043521, http://purl.obolibrary.org/obo/GO_0031037
http://purl.obolibrary.org/obo/GO_0043521, http://purl.obolibrary.org/obo/GO_0031037
http://purl.obolibrary.org/obo/GO_0043523, http://purl.obolibrary.org/obo/GO_0051402
http://purl.obolibrary.org/obo/GO_0043523, http://purl.obolibrary.org/obo/GO_0051402
http://purl.obolibrary.org/obo/GO_0043535, http://purl.obolibrary.org/obo/GO_0043534
http://purl.obolibrary.org/obo/GO_0043535, http://purl.obolibrary.org/obo/GO_0043534
http://purl.obolibrary.org/obo/GO_0043538, http://purl.obolibrary.org/obo/GO_0031289
http://purl.obolibrary.org/obo/GO_0043538, http://purl.obolibrary.org/obo/GO_0031289
http://purl.obolibrary.org/obo/GO_0043549, http://purl.obolibrary.org/obo/GO_0016301
http://purl.obolibrary.org/obo/GO_0043549, http://purl.obolibrary.org/obo/GO_0016301
http://purl.obolibrary.org/obo/GO_0043550, http://purl.obolibrary.org/obo/GO_0001727
http://purl.obolibrary.org/obo/GO_0043550, http://purl.obolibrary.org/obo/GO_0001727
http://purl.obolibrary.org/obo/GO_0043555, http://purl.obolibrary.org/obo/GO_0006412
http://purl.obolibrary.org/obo/GO_0043557, http://purl.obolibrary.org/obo/GO_0006412
http://purl.obolibrary.org/obo/GO_0043558, http://purl.obolibrary.org/obo/GO_0006413
http://purl.obolibrary.org/obo/GO_0043561, http://purl.obolibrary.org/obo/GO_0006413
http://purl.obolibrary.org/obo/GO_0043567, http://purl.obolibrary.org/obo/GO_0048009
http://purl.obolibrary.org/obo/GO_0043567, http://purl.obolibrary.org/obo/GO_0048009
http://purl.obolibrary.org/obo/GO_0043576, http://purl.obolibrary.org/obo/GO_0007585
http://purl.obolibrary.org/obo/GO_0043576, http://purl.obolibrary.org/obo/GO_0007585
http://purl.obolibrary.org/obo/GO_0043609, http://purl.obolibrary.org/obo/GO_0015976
http://purl.obolibrary.org/obo/GO_0043609, http://purl.obolibrary.org/obo/GO_0015976
http://purl.obolibrary.org/obo/GO_0043610, http://purl.obolibrary.org/obo/GO_0009758
http://purl.obolibrary.org/obo/GO_0043610, http://purl.obolibrary.org/obo/GO_0009758
http://purl.obolibrary.org/obo/GO_0043666, http://purl.obolibrary.org/obo/GO_0004721
http://purl.obolibrary.org/obo/GO_0043666, http://purl.obolibrary.org/obo/GO_0004721
http://purl.obolibrary.org/obo/GO_0043903, http://purl.obolibrary.org/obo/GO_0044403
http://purl.obolibrary.org/obo/GO_0043903, http://purl.obolibrary.org/obo/GO_0044403
http://purl.obolibrary.org/obo/GO_0043937, http://purl.obolibrary.org/obo/GO_0043934
http://purl.obolibrary.org/obo/GO_0043937, http://purl.obolibrary.org/obo/GO_0043934
http://purl.obolibrary.org/obo/GO_0043940, http://purl.obolibrary.org/obo/GO_0043935
http://purl.obolibrary.org/obo/GO_0043940, http://purl.obolibrary.org/obo/GO_0043935
http://purl.obolibrary.org/obo/GO_0043943, http://purl.obolibrary.org/obo/GO_0043936
http://purl.obolibrary.org/obo/GO_0043943, http://purl.obolibrary.org/obo/GO_0043936
http://purl.obolibrary.org/obo/GO_0043949, http://purl.obolibrary.org/obo/GO_0019933
http://purl.obolibrary.org/obo/GO_0043949, http://purl.obolibrary.org/obo/GO_0019933
http://purl.obolibrary.org/obo/GO_0044057, http://purl.obolibrary.org/obo/GO_0003008
http://purl.obolibrary.org/obo/GO_0044057, http://purl.obolibrary.org/obo/GO_0003008
http://purl.obolibrary.org/obo/GO_0044058, http://purl.obolibrary.org/obo/GO_0022600
http://purl.obolibrary.org/obo/GO_0044058, http://purl.obolibrary.org/obo/GO_0022600
http://purl.obolibrary.org/obo/GO_0044060, http://purl.obolibrary.org/obo/GO_0050886
http://purl.obolibrary.org/obo/GO_0044060, http://purl.obolibrary.org/obo/GO_0050886
http://purl.obolibrary.org/obo/GO_0044062, http://purl.obolibrary.org/obo/GO_0007588
http://purl.obolibrary.org/obo/GO_0044062, http://purl.obolibrary.org/obo/GO_0007588
http://purl.obolibrary.org/obo/GO_0044065, http://purl.obolibrary.org/obo/GO_0003016
http://purl.obolibrary.org/obo/GO_0044065, http://purl.obolibrary.org/obo/GO_0003016
http://purl.obolibrary.org/obo/GO_0044068, http://purl.obolibrary.org/obo/GO_0009987
http://purl.obolibrary.org/obo/GO_0044068, http://purl.obolibrary.org/obo/GO_0009987
http://purl.obolibrary.org/obo/GO_0044069, http://purl.obolibrary.org/obo/GO_0006820
http://purl.obolibrary.org/obo/GO_0044069, http://purl.obolibrary.org/obo/GO_0006820
http://purl.obolibrary.org/obo/GO_0044070, http://purl.obolibrary.org/obo/GO_0006820
http://purl.obolibrary.org/obo/GO_0044070, http://purl.obolibrary.org/obo/GO_0006820
http://purl.obolibrary.org/obo/GO_0044087, http://purl.obolibrary.org/obo/GO_0044085
http://purl.obolibrary.org/obo/GO_0044087, http://purl.obolibrary.org/obo/GO_0044085
http://purl.obolibrary.org/obo/GO_0044088, http://purl.obolibrary.org/obo/GO_0007033
http://purl.obolibrary.org/obo/GO_0044088, http://purl.obolibrary.org/obo/GO_0007033
http://purl.obolibrary.org/obo/GO_0044127, http://purl.obolibrary.org/obo/GO_0044114
http://purl.obolibrary.org/obo/GO_0044127, http://purl.obolibrary.org/obo/GO_0044114
http://purl.obolibrary.org/obo/GO_0044145, http://purl.obolibrary.org/obo/GO_0044111
http://purl.obolibrary.org/obo/GO_0044145, http://purl.obolibrary.org/obo/GO_0044111
http://purl.obolibrary.org/obo/GO_0044758, http://purl.obolibrary.org/obo/GO_0007268
http://purl.obolibrary.org/obo/GO_0044758, http://purl.obolibrary.org/obo/GO_0007268
http://purl.obolibrary.org/obo/GO_0044827, http://purl.obolibrary.org/obo/GO_0019079
http://purl.obolibrary.org/obo/GO_0044827, http://purl.obolibrary.org/obo/GO_0019079
http://purl.obolibrary.org/obo/GO_0044830, http://purl.obolibrary.org/obo/GO_0039694
http://purl.obolibrary.org/obo/GO_0044830, http://purl.obolibrary.org/obo/GO_0039694
http://purl.obolibrary.org/obo/GO_0044831, http://purl.obolibrary.org/obo/GO_0001816
http://purl.obolibrary.org/obo/GO_0044831, http://purl.obolibrary.org/obo/GO_0001816
http://purl.obolibrary.org/obo/GO_0044866, http://purl.obolibrary.org/obo/GO_0004308
http://purl.obolibrary.org/obo/GO_0044866, http://purl.obolibrary.org/obo/GO_0004308
http://purl.obolibrary.org/obo/GO_0044867, http://purl.obolibrary.org/obo/GO_0003824
http://purl.obolibrary.org/obo/GO_0044867, http://purl.obolibrary.org/obo/GO_0003824
http://purl.obolibrary.org/obo/GO_0044870, http://purl.obolibrary.org/obo/GO_0009100
http://purl.obolibrary.org/obo/GO_0044870, http://purl.obolibrary.org/obo/GO_0009100
http://purl.obolibrary.org/obo/GO_0045069, http://purl.obolibrary.org/obo/GO_0019079
http://purl.obolibrary.org/obo/GO_0045069, http://purl.obolibrary.org/obo/GO_0019079
http://purl.obolibrary.org/obo/GO_0045088, http://purl.obolibrary.org/obo/GO_0045087
http://purl.obolibrary.org/obo/GO_0045088, http://purl.obolibrary.org/obo/GO_0045087
http://purl.obolibrary.org/obo/GO_0045091, http://purl.obolibrary.org/obo/GO_0039692
http://purl.obolibrary.org/obo/GO_0045091, http://purl.obolibrary.org/obo/GO_0039692
http://purl.obolibrary.org/obo/GO_0045108, http://purl.obolibrary.org/obo/GO_0045105
http://purl.obolibrary.org/obo/GO_0045108, http://purl.obolibrary.org/obo/GO_0045105
http://purl.obolibrary.org/obo/GO_0045113, http://purl.obolibrary.org/obo/GO_0045112
http://purl.obolibrary.org/obo/GO_0045113, http://purl.obolibrary.org/obo/GO_0045112
http://purl.obolibrary.org/obo/GO_0045115, http://purl.obolibrary.org/obo/GO_0045114
http://purl.obolibrary.org/obo/GO_0045115, http://purl.obolibrary.org/obo/GO_0045114
http://purl.obolibrary.org/obo/GO_0045124, http://purl.obolibrary.org/obo/GO_0045453
http://purl.obolibrary.org/obo/GO_0045124, http://purl.obolibrary.org/obo/GO_0045453
http://purl.obolibrary.org/obo/GO_0045147, http://purl.obolibrary.org/obo/GO_0045146
http://purl.obolibrary.org/obo/GO_0045147, http://purl.obolibrary.org/obo/GO_0045146
http://purl.obolibrary.org/obo/GO_0045187, http://purl.obolibrary.org/obo/GO_0050802
http://purl.obolibrary.org/obo/GO_0045187, http://purl.obolibrary.org/obo/GO_0050802
http://purl.obolibrary.org/obo/GO_0045188, http://purl.obolibrary.org/obo/GO_0042748
http://purl.obolibrary.org/obo/GO_0045188, http://purl.obolibrary.org/obo/GO_0042748
http://purl.obolibrary.org/obo/GO_0045191, http://purl.obolibrary.org/obo/GO_0045190
http://purl.obolibrary.org/obo/GO_0045191, http://purl.obolibrary.org/obo/GO_0045190
http://purl.obolibrary.org/obo/GO_0045219, http://purl.obolibrary.org/obo/GO_0045210
http://purl.obolibrary.org/obo/GO_0045219, http://purl.obolibrary.org/obo/GO_0045210
http://purl.obolibrary.org/obo/GO_0045223, http://purl.obolibrary.org/obo/GO_0045222
http://purl.obolibrary.org/obo/GO_0045223, http://purl.obolibrary.org/obo/GO_0045222
http://purl.obolibrary.org/obo/GO_0045304, http://purl.obolibrary.org/obo/GO_0030420
http://purl.obolibrary.org/obo/GO_0045304, http://purl.obolibrary.org/obo/GO_0030420
http://purl.obolibrary.org/obo/GO_0045314, http://purl.obolibrary.org/obo/GO_0042051
http://purl.obolibrary.org/obo/GO_0045314, http://purl.obolibrary.org/obo/GO_0042051
http://purl.obolibrary.org/obo/GO_0045343, http://purl.obolibrary.org/obo/GO_0045341
http://purl.obolibrary.org/obo/GO_0045343, http://purl.obolibrary.org/obo/GO_0045341
http://purl.obolibrary.org/obo/GO_0045346, http://purl.obolibrary.org/obo/GO_0045342
http://purl.obolibrary.org/obo/GO_0045346, http://purl.obolibrary.org/obo/GO_0045342
http://purl.obolibrary.org/obo/GO_0045428, http://purl.obolibrary.org/obo/GO_0006809
http://purl.obolibrary.org/obo/GO_0045428, http://purl.obolibrary.org/obo/GO_0006809
http://purl.obolibrary.org/obo/GO_0045477, http://purl.obolibrary.org/obo/GO_0045476
http://purl.obolibrary.org/obo/GO_0045477, http://purl.obolibrary.org/obo/GO_0045476
http://purl.obolibrary.org/obo/GO_0045501, http://purl.obolibrary.org/obo/GO_0045500
http://purl.obolibrary.org/obo/GO_0045501, http://purl.obolibrary.org/obo/GO_0045500
http://purl.obolibrary.org/obo/GO_0045540, http://purl.obolibrary.org/obo/GO_0006695
http://purl.obolibrary.org/obo/GO_0045540, http://purl.obolibrary.org/obo/GO_0006695
http://purl.obolibrary.org/obo/GO_0045570, http://purl.obolibrary.org/obo/GO_0007446
http://purl.obolibrary.org/obo/GO_0045570, http://purl.obolibrary.org/obo/GO_0007446
http://purl.obolibrary.org/obo/GO_0045577, http://purl.obolibrary.org/obo/GO_0030183
http://purl.obolibrary.org/obo/GO_0045577, http://purl.obolibrary.org/obo/GO_0030183
http://purl.obolibrary.org/obo/GO_0045580, http://purl.obolibrary.org/obo/GO_0030217
http://purl.obolibrary.org/obo/GO_0045580, http://purl.obolibrary.org/obo/GO_0030217
http://purl.obolibrary.org/obo/GO_0045583, http://purl.obolibrary.org/obo/GO_0045065
http://purl.obolibrary.org/obo/GO_0045583, http://purl.obolibrary.org/obo/GO_0045065
http://purl.obolibrary.org/obo/GO_0045586, http://purl.obolibrary.org/obo/GO_0042492
http://purl.obolibrary.org/obo/GO_0045586, http://purl.obolibrary.org/obo/GO_0042492
http://purl.obolibrary.org/obo/GO_0045589, http://purl.obolibrary.org/obo/GO_0045066
http://purl.obolibrary.org/obo/GO_0045589, http://purl.obolibrary.org/obo/GO_0045066
http://purl.obolibrary.org/obo/GO_0045592, http://purl.obolibrary.org/obo/GO_0001549
http://purl.obolibrary.org/obo/GO_0045592, http://purl.obolibrary.org/obo/GO_0001549
http://purl.obolibrary.org/obo/GO_0045595, http://purl.obolibrary.org/obo/GO_0030154
http://purl.obolibrary.org/obo/GO_0045595, http://purl.obolibrary.org/obo/GO_0030154
http://purl.obolibrary.org/obo/GO_0045598, http://purl.obolibrary.org/obo/GO_0045444
http://purl.obolibrary.org/obo/GO_0045598, http://purl.obolibrary.org/obo/GO_0045444
http://purl.obolibrary.org/obo/GO_0045601, http://purl.obolibrary.org/obo/GO_0045446
http://purl.obolibrary.org/obo/GO_0045601, http://purl.obolibrary.org/obo/GO_0045446
http://purl.obolibrary.org/obo/GO_0045604, http://purl.obolibrary.org/obo/GO_0009913
http://purl.obolibrary.org/obo/GO_0045604, http://purl.obolibrary.org/obo/GO_0009913
http://purl.obolibrary.org/obo/GO_0045607, http://purl.obolibrary.org/obo/GO_0042491
http://purl.obolibrary.org/obo/GO_0045607, http://purl.obolibrary.org/obo/GO_0042491
http://purl.obolibrary.org/obo/GO_0045610, http://purl.obolibrary.org/obo/GO_0042386
http://purl.obolibrary.org/obo/GO_0045610, http://purl.obolibrary.org/obo/GO_0042386
http://purl.obolibrary.org/obo/GO_0045613, http://purl.obolibrary.org/obo/GO_0042387
http://purl.obolibrary.org/obo/GO_0045613, http://purl.obolibrary.org/obo/GO_0042387
http://purl.obolibrary.org/obo/GO_0045616, http://purl.obolibrary.org/obo/GO_0030216
http://purl.obolibrary.org/obo/GO_0045616, http://purl.obolibrary.org/obo/GO_0030216
http://purl.obolibrary.org/obo/GO_0045619, http://purl.obolibrary.org/obo/GO_0030098
http://purl.obolibrary.org/obo/GO_0045619, http://purl.obolibrary.org/obo/GO_0030098
http://purl.obolibrary.org/obo/GO_0045622, http://purl.obolibrary.org/obo/GO_0042093
http://purl.obolibrary.org/obo/GO_0045622, http://purl.obolibrary.org/obo/GO_0042093
http://purl.obolibrary.org/obo/GO_0045625, http://purl.obolibrary.org/obo/GO_0045063
http://purl.obolibrary.org/obo/GO_0045625, http://purl.obolibrary.org/obo/GO_0045063
http://purl.obolibrary.org/obo/GO_0045628, http://purl.obolibrary.org/obo/GO_0045064
http://purl.obolibrary.org/obo/GO_0045628, http://purl.obolibrary.org/obo/GO_0045064
http://purl.obolibrary.org/obo/GO_0045631, http://purl.obolibrary.org/obo/GO_0042490
http://purl.obolibrary.org/obo/GO_0045631, http://purl.obolibrary.org/obo/GO_0042490
http://purl.obolibrary.org/obo/GO_0045634, http://purl.obolibrary.org/obo/GO_0030318
http://purl.obolibrary.org/obo/GO_0045634, http://purl.obolibrary.org/obo/GO_0030318
http://purl.obolibrary.org/obo/GO_0045637, http://purl.obolibrary.org/obo/GO_0030099
http://purl.obolibrary.org/obo/GO_0045637, http://purl.obolibrary.org/obo/GO_0030099
http://purl.obolibrary.org/obo/GO_0045640, http://purl.obolibrary.org/obo/GO_0030221
http://purl.obolibrary.org/obo/GO_0045640, http://purl.obolibrary.org/obo/GO_0030221
http://purl.obolibrary.org/obo/GO_0045643, http://purl.obolibrary.org/obo/GO_0030222
http://purl.obolibrary.org/obo/GO_0045643, http://purl.obolibrary.org/obo/GO_0030222
http://purl.obolibrary.org/obo/GO_0045646, http://purl.obolibrary.org/obo/GO_0030218
http://purl.obolibrary.org/obo/GO_0045646, http://purl.obolibrary.org/obo/GO_0030218
http://purl.obolibrary.org/obo/GO_0045649, http://purl.obolibrary.org/obo/GO_0030225
http://purl.obolibrary.org/obo/GO_0045649, http://purl.obolibrary.org/obo/GO_0030225
http://purl.obolibrary.org/obo/GO_0045652, http://purl.obolibrary.org/obo/GO_0030219
http://purl.obolibrary.org/obo/GO_0045652, http://purl.obolibrary.org/obo/GO_0030219
http://purl.obolibrary.org/obo/GO_0045655, http://purl.obolibrary.org/obo/GO_0030224
http://purl.obolibrary.org/obo/GO_0045655, http://purl.obolibrary.org/obo/GO_0030224
http://purl.obolibrary.org/obo/GO_0045658, http://purl.obolibrary.org/obo/GO_0030223
http://purl.obolibrary.org/obo/GO_0045658, http://purl.obolibrary.org/obo/GO_0030223
http://purl.obolibrary.org/obo/GO_0045661, http://purl.obolibrary.org/obo/GO_0045445
http://purl.obolibrary.org/obo/GO_0045661, http://purl.obolibrary.org/obo/GO_0045445
http://purl.obolibrary.org/obo/GO_0045664, http://purl.obolibrary.org/obo/GO_0030182
http://purl.obolibrary.org/obo/GO_0045664, http://purl.obolibrary.org/obo/GO_0030182
http://purl.obolibrary.org/obo/GO_0045667, http://purl.obolibrary.org/obo/GO_0001649
http://purl.obolibrary.org/obo/GO_0045667, http://purl.obolibrary.org/obo/GO_0001649
http://purl.obolibrary.org/obo/GO_0045670, http://purl.obolibrary.org/obo/GO_0030316
http://purl.obolibrary.org/obo/GO_0045670, http://purl.obolibrary.org/obo/GO_0030316
http://purl.obolibrary.org/obo/GO_0045676, http://purl.obolibrary.org/obo/GO_0045466
http://purl.obolibrary.org/obo/GO_0045676, http://purl.obolibrary.org/obo/GO_0045466
http://purl.obolibrary.org/obo/GO_0045679, http://purl.obolibrary.org/obo/GO_0045465
http://purl.obolibrary.org/obo/GO_0045679, http://purl.obolibrary.org/obo/GO_0045465
http://purl.obolibrary.org/obo/GO_0045682, http://purl.obolibrary.org/obo/GO_0008544
http://purl.obolibrary.org/obo/GO_0045682, http://purl.obolibrary.org/obo/GO_0008544
http://purl.obolibrary.org/obo/GO_0045685, http://purl.obolibrary.org/obo/GO_0010001
http://purl.obolibrary.org/obo/GO_0045685, http://purl.obolibrary.org/obo/GO_0010001
http://purl.obolibrary.org/obo/GO_0045688, http://purl.obolibrary.org/obo/GO_0009557
http://purl.obolibrary.org/obo/GO_0045688, http://purl.obolibrary.org/obo/GO_0009557
http://purl.obolibrary.org/obo/GO_0045691, http://purl.obolibrary.org/obo/GO_0009559
http://purl.obolibrary.org/obo/GO_0045691, http://purl.obolibrary.org/obo/GO_0009559
http://purl.obolibrary.org/obo/GO_0045694, http://purl.obolibrary.org/obo/GO_0009560
http://purl.obolibrary.org/obo/GO_0045694, http://purl.obolibrary.org/obo/GO_0009560
http://purl.obolibrary.org/obo/GO_0045697, http://purl.obolibrary.org/obo/GO_0009563
http://purl.obolibrary.org/obo/GO_0045697, http://purl.obolibrary.org/obo/GO_0009563
http://purl.obolibrary.org/obo/GO_0045700, http://purl.obolibrary.org/obo/GO_0007289
http://purl.obolibrary.org/obo/GO_0045700, http://purl.obolibrary.org/obo/GO_0007289
http://purl.obolibrary.org/obo/GO_0045704, http://purl.obolibrary.org/obo/GO_0007432
http://purl.obolibrary.org/obo/GO_0045704, http://purl.obolibrary.org/obo/GO_0007432
http://purl.obolibrary.org/obo/GO_0045707, http://purl.obolibrary.org/obo/GO_0007434
http://purl.obolibrary.org/obo/GO_0045707, http://purl.obolibrary.org/obo/GO_0007434
http://purl.obolibrary.org/obo/GO_0045708, http://purl.obolibrary.org/obo/GO_0007433
http://purl.obolibrary.org/obo/GO_0045708, http://purl.obolibrary.org/obo/GO_0007433
http://purl.obolibrary.org/obo/GO_0045734, http://purl.obolibrary.org/obo/GO_0045733
http://purl.obolibrary.org/obo/GO_0045734, http://purl.obolibrary.org/obo/GO_0045733
http://purl.obolibrary.org/obo/GO_0045761, http://purl.obolibrary.org/obo/GO_0004016
http://purl.obolibrary.org/obo/GO_0045761, http://purl.obolibrary.org/obo/GO_0004016
http://purl.obolibrary.org/obo/GO_0045765, http://purl.obolibrary.org/obo/GO_0001525
http://purl.obolibrary.org/obo/GO_0045765, http://purl.obolibrary.org/obo/GO_0001525
http://purl.obolibrary.org/obo/GO_0045859, http://purl.obolibrary.org/obo/GO_0004672
http://purl.obolibrary.org/obo/GO_0045859, http://purl.obolibrary.org/obo/GO_0004672
http://purl.obolibrary.org/obo/GO_0045898, http://purl.obolibrary.org/obo/GO_0051123
http://purl.obolibrary.org/obo/GO_0045898, http://purl.obolibrary.org/obo/GO_0051123
http://purl.obolibrary.org/obo/GO_0045952, http://purl.obolibrary.org/obo/GO_0006719
http://purl.obolibrary.org/obo/GO_0045952, http://purl.obolibrary.org/obo/GO_0006719
http://purl.obolibrary.org/obo/GO_0045995, http://purl.obolibrary.org/obo/GO_0009790
http://purl.obolibrary.org/obo/GO_0045995, http://purl.obolibrary.org/obo/GO_0009790
http://purl.obolibrary.org/obo/GO_0046006, http://purl.obolibrary.org/obo/GO_0050798
http://purl.obolibrary.org/obo/GO_0046006, http://purl.obolibrary.org/obo/GO_0050798
http://purl.obolibrary.org/obo/GO_0046013, http://purl.obolibrary.org/obo/GO_0001777
http://purl.obolibrary.org/obo/GO_0046013, http://purl.obolibrary.org/obo/GO_0001777
http://purl.obolibrary.org/obo/GO_0046317, http://purl.obolibrary.org/obo/GO_0006679
http://purl.obolibrary.org/obo/GO_0046317, http://purl.obolibrary.org/obo/GO_0006679
http://purl.obolibrary.org/obo/GO_0046320, http://purl.obolibrary.org/obo/GO_0019395
http://purl.obolibrary.org/obo/GO_0046320, http://purl.obolibrary.org/obo/GO_0019395
http://purl.obolibrary.org/obo/GO_0046324, http://purl.obolibrary.org/obo/GO_0046323
http://purl.obolibrary.org/obo/GO_0046324, http://purl.obolibrary.org/obo/GO_0046323
http://purl.obolibrary.org/obo/GO_0046328, http://purl.obolibrary.org/obo/GO_0007254
http://purl.obolibrary.org/obo/GO_0046328, http://purl.obolibrary.org/obo/GO_0007254
http://purl.obolibrary.org/obo/GO_0046425, http://purl.obolibrary.org/obo/GO_0007259
http://purl.obolibrary.org/obo/GO_0046425, http://purl.obolibrary.org/obo/GO_0007259
http://purl.obolibrary.org/obo/GO_0046532, http://purl.obolibrary.org/obo/GO_0046530
http://purl.obolibrary.org/obo/GO_0046532, http://purl.obolibrary.org/obo/GO_0046530
http://purl.obolibrary.org/obo/GO_0046578, http://purl.obolibrary.org/obo/GO_0007265
http://purl.obolibrary.org/obo/GO_0046578, http://purl.obolibrary.org/obo/GO_0007265
http://purl.obolibrary.org/obo/GO_0046586, http://purl.obolibrary.org/obo/GO_0016339
http://purl.obolibrary.org/obo/GO_0046586, http://purl.obolibrary.org/obo/GO_0016339
http://purl.obolibrary.org/obo/GO_0046596, http://purl.obolibrary.org/obo/GO_0046718
http://purl.obolibrary.org/obo/GO_0046596, http://purl.obolibrary.org/obo/GO_0046718
http://purl.obolibrary.org/obo/GO_0046599, http://purl.obolibrary.org/obo/GO_0007099
http://purl.obolibrary.org/obo/GO_0046599, http://purl.obolibrary.org/obo/GO_0007099
http://purl.obolibrary.org/obo/GO_0046602, http://purl.obolibrary.org/obo/GO_0007100
http://purl.obolibrary.org/obo/GO_0046602, http://purl.obolibrary.org/obo/GO_0007100
http://purl.obolibrary.org/obo/GO_0046605, http://purl.obolibrary.org/obo/GO_0007098
http://purl.obolibrary.org/obo/GO_0046605, http://purl.obolibrary.org/obo/GO_0007098
http://purl.obolibrary.org/obo/GO_0046620, http://purl.obolibrary.org/obo/GO_0035265
http://purl.obolibrary.org/obo/GO_0046620, http://purl.obolibrary.org/obo/GO_0035265
http://purl.obolibrary.org/obo/GO_0046626, http://purl.obolibrary.org/obo/GO_0008286
http://purl.obolibrary.org/obo/GO_0046626, http://purl.obolibrary.org/obo/GO_0008286
http://purl.obolibrary.org/obo/GO_0046634, http://purl.obolibrary.org/obo/GO_0046631
http://purl.obolibrary.org/obo/GO_0046634, http://purl.obolibrary.org/obo/GO_0046631
http://purl.obolibrary.org/obo/GO_0046637, http://purl.obolibrary.org/obo/GO_0046632
http://purl.obolibrary.org/obo/GO_0046637, http://purl.obolibrary.org/obo/GO_0046632
http://purl.obolibrary.org/obo/GO_0046640, http://purl.obolibrary.org/obo/GO_0046633
http://purl.obolibrary.org/obo/GO_0046640, http://purl.obolibrary.org/obo/GO_0046633
http://purl.obolibrary.org/obo/GO_0046643, http://purl.obolibrary.org/obo/GO_0046629
http://purl.obolibrary.org/obo/GO_0046643, http://purl.obolibrary.org/obo/GO_0046629
http://purl.obolibrary.org/obo/GO_0046646, http://purl.obolibrary.org/obo/GO_0046630
http://purl.obolibrary.org/obo/GO_0046646, http://purl.obolibrary.org/obo/GO_0046630
http://purl.obolibrary.org/obo/GO_0046662, http://purl.obolibrary.org/obo/GO_0018991
http://purl.obolibrary.org/obo/GO_0046662, http://purl.obolibrary.org/obo/GO_0018991
http://purl.obolibrary.org/obo/GO_0046668, http://purl.obolibrary.org/obo/GO_0046666
http://purl.obolibrary.org/obo/GO_0046668, http://purl.obolibrary.org/obo/GO_0046666
http://purl.obolibrary.org/obo/GO_0046669, http://purl.obolibrary.org/obo/GO_0046667
http://purl.obolibrary.org/obo/GO_0046669, http://purl.obolibrary.org/obo/GO_0046667
http://purl.obolibrary.org/obo/GO_0046782, http://purl.obolibrary.org/obo/GO_0019083
http://purl.obolibrary.org/obo/GO_0046782, http://purl.obolibrary.org/obo/GO_0019083
http://purl.obolibrary.org/obo/GO_0046822, http://purl.obolibrary.org/obo/GO_0006913
http://purl.obolibrary.org/obo/GO_0046822, http://purl.obolibrary.org/obo/GO_0006913
http://purl.obolibrary.org/obo/GO_0046825, http://purl.obolibrary.org/obo/GO_0006611
http://purl.obolibrary.org/obo/GO_0046825, http://purl.obolibrary.org/obo/GO_0006611
http://purl.obolibrary.org/obo/GO_0046828, http://purl.obolibrary.org/obo/GO_0006404
http://purl.obolibrary.org/obo/GO_0046828, http://purl.obolibrary.org/obo/GO_0006404
http://purl.obolibrary.org/obo/GO_0046831, http://purl.obolibrary.org/obo/GO_0006405
http://purl.obolibrary.org/obo/GO_0046831, http://purl.obolibrary.org/obo/GO_0006405
http://purl.obolibrary.org/obo/GO_0046850, http://purl.obolibrary.org/obo/GO_0046849
http://purl.obolibrary.org/obo/GO_0046850, http://purl.obolibrary.org/obo/GO_0046849
http://purl.obolibrary.org/obo/GO_0046877, http://purl.obolibrary.org/obo/GO_0046541
http://purl.obolibrary.org/obo/GO_0046877, http://purl.obolibrary.org/obo/GO_0046541
http://purl.obolibrary.org/obo/GO_0046880, http://purl.obolibrary.org/obo/GO_0046884
http://purl.obolibrary.org/obo/GO_0046880, http://purl.obolibrary.org/obo/GO_0046884
http://purl.obolibrary.org/obo/GO_0046883, http://purl.obolibrary.org/obo/GO_0046879
http://purl.obolibrary.org/obo/GO_0046883, http://purl.obolibrary.org/obo/GO_0046879
http://purl.obolibrary.org/obo/GO_0046885, http://purl.obolibrary.org/obo/GO_0042446
http://purl.obolibrary.org/obo/GO_0046885, http://purl.obolibrary.org/obo/GO_0042446
http://purl.obolibrary.org/obo/GO_0046890, http://purl.obolibrary.org/obo/GO_0008610
http://purl.obolibrary.org/obo/GO_0046890, http://purl.obolibrary.org/obo/GO_0008610
http://purl.obolibrary.org/obo/GO_0046928, http://purl.obolibrary.org/obo/GO_0007269
http://purl.obolibrary.org/obo/GO_0046928, http://purl.obolibrary.org/obo/GO_0007269
http://purl.obolibrary.org/obo/GO_0046984, http://purl.obolibrary.org/obo/GO_0042541
http://purl.obolibrary.org/obo/GO_0046984, http://purl.obolibrary.org/obo/GO_0042541
http://purl.obolibrary.org/obo/GO_0047484, http://purl.obolibrary.org/obo/GO_0006970
http://purl.obolibrary.org/obo/GO_0047484, http://purl.obolibrary.org/obo/GO_0006970
http://purl.obolibrary.org/obo/GO_0048021, http://purl.obolibrary.org/obo/GO_0042438
http://purl.obolibrary.org/obo/GO_0048021, http://purl.obolibrary.org/obo/GO_0042438
http://purl.obolibrary.org/obo/GO_0048024, http://purl.obolibrary.org/obo/GO_0000398
http://purl.obolibrary.org/obo/GO_0048024, http://purl.obolibrary.org/obo/GO_0000398
http://purl.obolibrary.org/obo/GO_0048070, http://purl.obolibrary.org/obo/GO_0048066
http://purl.obolibrary.org/obo/GO_0048070, http://purl.obolibrary.org/obo/GO_0048066
http://purl.obolibrary.org/obo/GO_0048073, http://purl.obolibrary.org/obo/GO_0048069
http://purl.obolibrary.org/obo/GO_0048073, http://purl.obolibrary.org/obo/GO_0048069
http://purl.obolibrary.org/obo/GO_0048076, http://purl.obolibrary.org/obo/GO_0048072
http://purl.obolibrary.org/obo/GO_0048076, http://purl.obolibrary.org/obo/GO_0048072
http://purl.obolibrary.org/obo/GO_0048079, http://purl.obolibrary.org/obo/GO_0048067
http://purl.obolibrary.org/obo/GO_0048079, http://purl.obolibrary.org/obo/GO_0048067
http://purl.obolibrary.org/obo/GO_0048082, http://purl.obolibrary.org/obo/GO_0048085
http://purl.obolibrary.org/obo/GO_0048082, http://purl.obolibrary.org/obo/GO_0048085
http://purl.obolibrary.org/obo/GO_0048088, http://purl.obolibrary.org/obo/GO_0048094
http://purl.obolibrary.org/obo/GO_0048088, http://purl.obolibrary.org/obo/GO_0048094
http://purl.obolibrary.org/obo/GO_0048089, http://purl.obolibrary.org/obo/GO_0048095
http://purl.obolibrary.org/obo/GO_0048089, http://purl.obolibrary.org/obo/GO_0048095
http://purl.obolibrary.org/obo/GO_0048145, http://purl.obolibrary.org/obo/GO_0048144
http://purl.obolibrary.org/obo/GO_0048145, http://purl.obolibrary.org/obo/GO_0048144
http://purl.obolibrary.org/obo/GO_0048209, http://purl.obolibrary.org/obo/GO_0048199
http://purl.obolibrary.org/obo/GO_0048209, http://purl.obolibrary.org/obo/GO_0048199
http://purl.obolibrary.org/obo/GO_0048214, http://purl.obolibrary.org/obo/GO_0048210
http://purl.obolibrary.org/obo/GO_0048214, http://purl.obolibrary.org/obo/GO_0048210
http://purl.obolibrary.org/obo/GO_0048259, http://purl.obolibrary.org/obo/GO_0006898
http://purl.obolibrary.org/obo/GO_0048259, http://purl.obolibrary.org/obo/GO_0006898
http://purl.obolibrary.org/obo/GO_0048293, http://purl.obolibrary.org/obo/GO_0048289
http://purl.obolibrary.org/obo/GO_0048293, http://purl.obolibrary.org/obo/GO_0048289
http://purl.obolibrary.org/obo/GO_0048296, http://purl.obolibrary.org/obo/GO_0048290
http://purl.obolibrary.org/obo/GO_0048296, http://purl.obolibrary.org/obo/GO_0048290
http://purl.obolibrary.org/obo/GO_0048299, http://purl.obolibrary.org/obo/GO_0048292
http://purl.obolibrary.org/obo/GO_0048299, http://purl.obolibrary.org/obo/GO_0048292
http://purl.obolibrary.org/obo/GO_0048302, http://purl.obolibrary.org/obo/GO_0048291
http://purl.obolibrary.org/obo/GO_0048302, http://purl.obolibrary.org/obo/GO_0048291
http://purl.obolibrary.org/obo/GO_0048324, http://purl.obolibrary.org/obo/GO_0048323
http://purl.obolibrary.org/obo/GO_0048324, http://purl.obolibrary.org/obo/GO_0048323
http://purl.obolibrary.org/obo/GO_0048328, http://purl.obolibrary.org/obo/GO_0048327
http://purl.obolibrary.org/obo/GO_0048328, http://purl.obolibrary.org/obo/GO_0048327
http://purl.obolibrary.org/obo/GO_0048334, http://purl.obolibrary.org/obo/GO_0007500
http://purl.obolibrary.org/obo/GO_0048334, http://purl.obolibrary.org/obo/GO_0007500
http://purl.obolibrary.org/obo/GO_0048345, http://purl.obolibrary.org/obo/GO_0048344
http://purl.obolibrary.org/obo/GO_0048345, http://purl.obolibrary.org/obo/GO_0048344
http://purl.obolibrary.org/obo/GO_0048349, http://purl.obolibrary.org/obo/GO_0048348
http://purl.obolibrary.org/obo/GO_0048349, http://purl.obolibrary.org/obo/GO_0048348
http://purl.obolibrary.org/obo/GO_0048374, http://purl.obolibrary.org/obo/GO_0048373
http://purl.obolibrary.org/obo/GO_0048374, http://purl.obolibrary.org/obo/GO_0048373
http://purl.obolibrary.org/obo/GO_0048378, http://purl.obolibrary.org/obo/GO_0048377
http://purl.obolibrary.org/obo/GO_0048378, http://purl.obolibrary.org/obo/GO_0048377
http://purl.obolibrary.org/obo/GO_0048385, http://purl.obolibrary.org/obo/GO_0048384
http://purl.obolibrary.org/obo/GO_0048385, http://purl.obolibrary.org/obo/GO_0048384
http://purl.obolibrary.org/obo/GO_0048395, http://purl.obolibrary.org/obo/GO_0048394
http://purl.obolibrary.org/obo/GO_0048395, http://purl.obolibrary.org/obo/GO_0048394
http://purl.obolibrary.org/obo/GO_0048399, http://purl.obolibrary.org/obo/GO_0048398
http://purl.obolibrary.org/obo/GO_0048399, http://purl.obolibrary.org/obo/GO_0048398
http://purl.obolibrary.org/obo/GO_0048509, http://purl.obolibrary.org/obo/GO_0048507
http://purl.obolibrary.org/obo/GO_0048509, http://purl.obolibrary.org/obo/GO_0048507
http://purl.obolibrary.org/obo/GO_0048548, http://purl.obolibrary.org/obo/GO_0006907
http://purl.obolibrary.org/obo/GO_0048548, http://purl.obolibrary.org/obo/GO_0006907
http://purl.obolibrary.org/obo/GO_0048580, http://purl.obolibrary.org/obo/GO_0009791
http://purl.obolibrary.org/obo/GO_0048580, http://purl.obolibrary.org/obo/GO_0009791
http://purl.obolibrary.org/obo/GO_0048583, http://purl.obolibrary.org/obo/GO_0050896
http://purl.obolibrary.org/obo/GO_0048583, http://purl.obolibrary.org/obo/GO_0050896
http://purl.obolibrary.org/obo/GO_0048586, http://purl.obolibrary.org/obo/GO_0048574
http://purl.obolibrary.org/obo/GO_0048586, http://purl.obolibrary.org/obo/GO_0048574
http://purl.obolibrary.org/obo/GO_0048587, http://purl.obolibrary.org/obo/GO_0048575
http://purl.obolibrary.org/obo/GO_0048587, http://purl.obolibrary.org/obo/GO_0048575
http://purl.obolibrary.org/obo/GO_0048631, http://purl.obolibrary.org/obo/GO_0048630
http://purl.obolibrary.org/obo/GO_0048631, http://purl.obolibrary.org/obo/GO_0048630
http://purl.obolibrary.org/obo/GO_0048634, http://purl.obolibrary.org/obo/GO_0007517
http://purl.obolibrary.org/obo/GO_0048634, http://purl.obolibrary.org/obo/GO_0007517
http://purl.obolibrary.org/obo/GO_0048638, http://purl.obolibrary.org/obo/GO_0048589
http://purl.obolibrary.org/obo/GO_0048638, http://purl.obolibrary.org/obo/GO_0048589
http://purl.obolibrary.org/obo/GO_0048641, http://purl.obolibrary.org/obo/GO_0007519
http://purl.obolibrary.org/obo/GO_0048641, http://purl.obolibrary.org/obo/GO_0007519
http://purl.obolibrary.org/obo/GO_0048660, http://purl.obolibrary.org/obo/GO_0048659
http://purl.obolibrary.org/obo/GO_0048660, http://purl.obolibrary.org/obo/GO_0048659
http://purl.obolibrary.org/obo/GO_0048670, http://purl.obolibrary.org/obo/GO_0048668
http://purl.obolibrary.org/obo/GO_0048670, http://purl.obolibrary.org/obo/GO_0048668
http://purl.obolibrary.org/obo/GO_0048679, http://purl.obolibrary.org/obo/GO_0031103
http://purl.obolibrary.org/obo/GO_0048679, http://purl.obolibrary.org/obo/GO_0031103
http://purl.obolibrary.org/obo/GO_0048683, http://purl.obolibrary.org/obo/GO_0048673
http://purl.obolibrary.org/obo/GO_0048683, http://purl.obolibrary.org/obo/GO_0048673
http://purl.obolibrary.org/obo/GO_0048686, http://purl.obolibrary.org/obo/GO_0048682
http://purl.obolibrary.org/obo/GO_0048686, http://purl.obolibrary.org/obo/GO_0048682
http://purl.obolibrary.org/obo/GO_0048690, http://purl.obolibrary.org/obo/GO_0048677
http://purl.obolibrary.org/obo/GO_0048690, http://purl.obolibrary.org/obo/GO_0048677
http://purl.obolibrary.org/obo/GO_0048693, http://purl.obolibrary.org/obo/GO_0048674
http://purl.obolibrary.org/obo/GO_0048693, http://purl.obolibrary.org/obo/GO_0048674
http://purl.obolibrary.org/obo/GO_0048696, http://purl.obolibrary.org/obo/GO_0048669
http://purl.obolibrary.org/obo/GO_0048696, http://purl.obolibrary.org/obo/GO_0048669
http://purl.obolibrary.org/obo/GO_0048710, http://purl.obolibrary.org/obo/GO_0048708
http://purl.obolibrary.org/obo/GO_0048710, http://purl.obolibrary.org/obo/GO_0048708
http://purl.obolibrary.org/obo/GO_0048713, http://purl.obolibrary.org/obo/GO_0048709
http://purl.obolibrary.org/obo/GO_0048713, http://purl.obolibrary.org/obo/GO_0048709
http://purl.obolibrary.org/obo/GO_0048742, http://purl.obolibrary.org/obo/GO_0048741
http://purl.obolibrary.org/obo/GO_0048742, http://purl.obolibrary.org/obo/GO_0048741
http://purl.obolibrary.org/obo/GO_0048775, http://purl.obolibrary.org/obo/GO_0048772
http://purl.obolibrary.org/obo/GO_0048775, http://purl.obolibrary.org/obo/GO_0048772
http://purl.obolibrary.org/obo/GO_0048778, http://purl.obolibrary.org/obo/GO_0048773
http://purl.obolibrary.org/obo/GO_0048778, http://purl.obolibrary.org/obo/GO_0048773
http://purl.obolibrary.org/obo/GO_0048781, http://purl.obolibrary.org/obo/GO_0048774
http://purl.obolibrary.org/obo/GO_0048781, http://purl.obolibrary.org/obo/GO_0048774
http://purl.obolibrary.org/obo/GO_0048814, http://purl.obolibrary.org/obo/GO_0048813
http://purl.obolibrary.org/obo/GO_0048814, http://purl.obolibrary.org/obo/GO_0048813
http://purl.obolibrary.org/obo/GO_0048819, http://purl.obolibrary.org/obo/GO_0048820
http://purl.obolibrary.org/obo/GO_0048819, http://purl.obolibrary.org/obo/GO_0048820
http://purl.obolibrary.org/obo/GO_0048831, http://purl.obolibrary.org/obo/GO_0048367
http://purl.obolibrary.org/obo/GO_0048831, http://purl.obolibrary.org/obo/GO_0048367
http://purl.obolibrary.org/obo/GO_0048841, http://purl.obolibrary.org/obo/GO_0048846
http://purl.obolibrary.org/obo/GO_0048841, http://purl.obolibrary.org/obo/GO_0048846
http://purl.obolibrary.org/obo/GO_0050433, http://purl.obolibrary.org/obo/GO_0050432
http://purl.obolibrary.org/obo/GO_0050433, http://purl.obolibrary.org/obo/GO_0050432
http://purl.obolibrary.org/obo/GO_0050666, http://purl.obolibrary.org/obo/GO_0050667
http://purl.obolibrary.org/obo/GO_0050666, http://purl.obolibrary.org/obo/GO_0050667
http://purl.obolibrary.org/obo/GO_0050670, http://purl.obolibrary.org/obo/GO_0046651
http://purl.obolibrary.org/obo/GO_0050670, http://purl.obolibrary.org/obo/GO_0046651
http://purl.obolibrary.org/obo/GO_0050675, http://purl.obolibrary.org/obo/GO_0050674
http://purl.obolibrary.org/obo/GO_0050675, http://purl.obolibrary.org/obo/GO_0050674
http://purl.obolibrary.org/obo/GO_0050678, http://purl.obolibrary.org/obo/GO_0050673
http://purl.obolibrary.org/obo/GO_0050678, http://purl.obolibrary.org/obo/GO_0050673
http://purl.obolibrary.org/obo/GO_0050684, http://purl.obolibrary.org/obo/GO_0006397
http://purl.obolibrary.org/obo/GO_0050684, http://purl.obolibrary.org/obo/GO_0006397
http://purl.obolibrary.org/obo/GO_0050688, http://purl.obolibrary.org/obo/GO_0051607
http://purl.obolibrary.org/obo/GO_0050688, http://purl.obolibrary.org/obo/GO_0051607
http://purl.obolibrary.org/obo/GO_0050708, http://purl.obolibrary.org/obo/GO_0009306
http://purl.obolibrary.org/obo/GO_0050708, http://purl.obolibrary.org/obo/GO_0009306
http://purl.obolibrary.org/obo/GO_0050727, http://purl.obolibrary.org/obo/GO_0006954
http://purl.obolibrary.org/obo/GO_0050727, http://purl.obolibrary.org/obo/GO_0006954
http://purl.obolibrary.org/obo/GO_0050730, http://purl.obolibrary.org/obo/GO_0018108
http://purl.obolibrary.org/obo/GO_0050730, http://purl.obolibrary.org/obo/GO_0018108
http://purl.obolibrary.org/obo/GO_0050746, http://purl.obolibrary.org/obo/GO_0042157
http://purl.obolibrary.org/obo/GO_0050746, http://purl.obolibrary.org/obo/GO_0042157
http://purl.obolibrary.org/obo/GO_0050764, http://purl.obolibrary.org/obo/GO_0006909
http://purl.obolibrary.org/obo/GO_0050764, http://purl.obolibrary.org/obo/GO_0006909
http://purl.obolibrary.org/obo/GO_0050767, http://purl.obolibrary.org/obo/GO_0022008
http://purl.obolibrary.org/obo/GO_0050767, http://purl.obolibrary.org/obo/GO_0022008
http://purl.obolibrary.org/obo/GO_0050770, http://purl.obolibrary.org/obo/GO_0007409
http://purl.obolibrary.org/obo/GO_0050770, http://purl.obolibrary.org/obo/GO_0007409
http://purl.obolibrary.org/obo/GO_0050773, http://purl.obolibrary.org/obo/GO_0016358
http://purl.obolibrary.org/obo/GO_0050773, http://purl.obolibrary.org/obo/GO_0016358
http://purl.obolibrary.org/obo/GO_0050776, http://purl.obolibrary.org/obo/GO_0006955
http://purl.obolibrary.org/obo/GO_0050776, http://purl.obolibrary.org/obo/GO_0006955
http://purl.obolibrary.org/obo/GO_0050789, http://purl.obolibrary.org/obo/GO_0008150
http://purl.obolibrary.org/obo/GO_0050789, http://purl.obolibrary.org/obo/GO_0008150
http://purl.obolibrary.org/obo/GO_0050790, http://purl.obolibrary.org/obo/GO_0003824
http://purl.obolibrary.org/obo/GO_0050790, http://purl.obolibrary.org/obo/GO_0003824
http://purl.obolibrary.org/obo/GO_0050792, http://purl.obolibrary.org/obo/GO_0016032
http://purl.obolibrary.org/obo/GO_0050792, http://purl.obolibrary.org/obo/GO_0016032
http://purl.obolibrary.org/obo/GO_0050793, http://purl.obolibrary.org/obo/GO_0032502
http://purl.obolibrary.org/obo/GO_0050793, http://purl.obolibrary.org/obo/GO_0032502
http://purl.obolibrary.org/obo/GO_0050794, http://purl.obolibrary.org/obo/GO_0009987
http://purl.obolibrary.org/obo/GO_0050794, http://purl.obolibrary.org/obo/GO_0009987
http://purl.obolibrary.org/obo/GO_0050795, http://purl.obolibrary.org/obo/GO_0007610
http://purl.obolibrary.org/obo/GO_0050795, http://purl.obolibrary.org/obo/GO_0007610
http://purl.obolibrary.org/obo/GO_0050796, http://purl.obolibrary.org/obo/GO_0030073
http://purl.obolibrary.org/obo/GO_0050796, http://purl.obolibrary.org/obo/GO_0030073
http://purl.obolibrary.org/obo/GO_0050804, http://purl.obolibrary.org/obo/GO_0007268
http://purl.obolibrary.org/obo/GO_0050804, http://purl.obolibrary.org/obo/GO_0007268
http://purl.obolibrary.org/obo/GO_0050807, http://purl.obolibrary.org/obo/GO_0050808
http://purl.obolibrary.org/obo/GO_0050807, http://purl.obolibrary.org/obo/GO_0050808
http://purl.obolibrary.org/obo/GO_0050810, http://purl.obolibrary.org/obo/GO_0006694
http://purl.obolibrary.org/obo/GO_0050810, http://purl.obolibrary.org/obo/GO_0006694
http://purl.obolibrary.org/obo/GO_0050812, http://purl.obolibrary.org/obo/GO_0071616
http://purl.obolibrary.org/obo/GO_0050812, http://purl.obolibrary.org/obo/GO_0071616
http://purl.obolibrary.org/obo/GO_0050818, http://purl.obolibrary.org/obo/GO_0050817
http://purl.obolibrary.org/obo/GO_0050818, http://purl.obolibrary.org/obo/GO_0050817
http://purl.obolibrary.org/obo/GO_0050848, http://purl.obolibrary.org/obo/GO_0019722
http://purl.obolibrary.org/obo/GO_0050848, http://purl.obolibrary.org/obo/GO_0019722
http://purl.obolibrary.org/obo/GO_0050854, http://purl.obolibrary.org/obo/GO_0050851
http://purl.obolibrary.org/obo/GO_0050854, http://purl.obolibrary.org/obo/GO_0050851
http://purl.obolibrary.org/obo/GO_0050855, http://purl.obolibrary.org/obo/GO_0050853
http://purl.obolibrary.org/obo/GO_0050855, http://purl.obolibrary.org/obo/GO_0050853
http://purl.obolibrary.org/obo/GO_0050856, http://purl.obolibrary.org/obo/GO_0050852
http://purl.obolibrary.org/obo/GO_0050856, http://purl.obolibrary.org/obo/GO_0050852
http://purl.obolibrary.org/obo/GO_0050863, http://purl.obolibrary.org/obo/GO_0042110
http://purl.obolibrary.org/obo/GO_0050863, http://purl.obolibrary.org/obo/GO_0042110
http://purl.obolibrary.org/obo/GO_0050864, http://purl.obolibrary.org/obo/GO_0042113
http://purl.obolibrary.org/obo/GO_0050864, http://purl.obolibrary.org/obo/GO_0042113
http://purl.obolibrary.org/obo/GO_0050865, http://purl.obolibrary.org/obo/GO_0001775
http://purl.obolibrary.org/obo/GO_0050865, http://purl.obolibrary.org/obo/GO_0001775
http://purl.obolibrary.org/obo/GO_0050920, http://purl.obolibrary.org/obo/GO_0006935
http://purl.obolibrary.org/obo/GO_0050920, http://purl.obolibrary.org/obo/GO_0006935
http://purl.obolibrary.org/obo/GO_0050923, http://purl.obolibrary.org/obo/GO_0050919
http://purl.obolibrary.org/obo/GO_0050923, http://purl.obolibrary.org/obo/GO_0050919
http://purl.obolibrary.org/obo/GO_0050926, http://purl.obolibrary.org/obo/GO_0050918
http://purl.obolibrary.org/obo/GO_0050926, http://purl.obolibrary.org/obo/GO_0050918
http://purl.obolibrary.org/obo/GO_0050932, http://purl.obolibrary.org/obo/GO_0050931
http://purl.obolibrary.org/obo/GO_0050932, http://purl.obolibrary.org/obo/GO_0050931
http://purl.obolibrary.org/obo/GO_0050937, http://purl.obolibrary.org/obo/GO_0050935
http://purl.obolibrary.org/obo/GO_0050937, http://purl.obolibrary.org/obo/GO_0050935
http://purl.obolibrary.org/obo/GO_0050938, http://purl.obolibrary.org/obo/GO_0050936
http://purl.obolibrary.org/obo/GO_0050938, http://purl.obolibrary.org/obo/GO_0050936
http://purl.obolibrary.org/obo/GO_0050939, http://purl.obolibrary.org/obo/GO_0050933
http://purl.obolibrary.org/obo/GO_0050939, http://purl.obolibrary.org/obo/GO_0050933
http://purl.obolibrary.org/obo/GO_0050940, http://purl.obolibrary.org/obo/GO_0050934
http://purl.obolibrary.org/obo/GO_0050940, http://purl.obolibrary.org/obo/GO_0050934
http://purl.obolibrary.org/obo/GO_0050994, http://purl.obolibrary.org/obo/GO_0016042
http://purl.obolibrary.org/obo/GO_0050994, http://purl.obolibrary.org/obo/GO_0016042
http://purl.obolibrary.org/obo/GO_0050999, http://purl.obolibrary.org/obo/GO_0004517
http://purl.obolibrary.org/obo/GO_0050999, http://purl.obolibrary.org/obo/GO_0004517
http://purl.obolibrary.org/obo/GO_0051004, http://purl.obolibrary.org/obo/GO_0004465
http://purl.obolibrary.org/obo/GO_0051004, http://purl.obolibrary.org/obo/GO_0004465
http://purl.obolibrary.org/obo/GO_0051040, http://purl.obolibrary.org/obo/GO_0016338
http://purl.obolibrary.org/obo/GO_0051040, http://purl.obolibrary.org/obo/GO_0016338
http://purl.obolibrary.org/obo/GO_0051043, http://purl.obolibrary.org/obo/GO_0006509
http://purl.obolibrary.org/obo/GO_0051043, http://purl.obolibrary.org/obo/GO_0006509
http://purl.obolibrary.org/obo/GO_0051046, http://purl.obolibrary.org/obo/GO_0046903
http://purl.obolibrary.org/obo/GO_0051046, http://purl.obolibrary.org/obo/GO_0046903
http://purl.obolibrary.org/obo/GO_0051049, http://purl.obolibrary.org/obo/GO_0006810
http://purl.obolibrary.org/obo/GO_0051049, http://purl.obolibrary.org/obo/GO_0006810
http://purl.obolibrary.org/obo/GO_0051052, http://purl.obolibrary.org/obo/GO_0006259
http://purl.obolibrary.org/obo/GO_0051052, http://purl.obolibrary.org/obo/GO_0006259
http://purl.obolibrary.org/obo/GO_0051056, http://purl.obolibrary.org/obo/GO_0007264
http://purl.obolibrary.org/obo/GO_0051056, http://purl.obolibrary.org/obo/GO_0007264
http://purl.obolibrary.org/obo/GO_0051090, http://purl.obolibrary.org/obo/GO_0003700
http://purl.obolibrary.org/obo/GO_0051090, http://purl.obolibrary.org/obo/GO_0003700
http://purl.obolibrary.org/obo/GO_0051095, http://purl.obolibrary.org/obo/GO_0004386
http://purl.obolibrary.org/obo/GO_0051095, http://purl.obolibrary.org/obo/GO_0004386
http://purl.obolibrary.org/obo/GO_0051098, http://purl.obolibrary.org/obo/GO_0005488
http://purl.obolibrary.org/obo/GO_0051098, http://purl.obolibrary.org/obo/GO_0005488
http://purl.obolibrary.org/obo/GO_0051101, http://purl.obolibrary.org/obo/GO_0003677
http://purl.obolibrary.org/obo/GO_0051101, http://purl.obolibrary.org/obo/GO_0003677
http://purl.obolibrary.org/obo/GO_0051105, http://purl.obolibrary.org/obo/GO_0006266
http://purl.obolibrary.org/obo/GO_0051105, http://purl.obolibrary.org/obo/GO_0006266
http://purl.obolibrary.org/obo/GO_0051125, http://purl.obolibrary.org/obo/GO_0045010
http://purl.obolibrary.org/obo/GO_0051125, http://purl.obolibrary.org/obo/GO_0045010
http://purl.obolibrary.org/obo/GO_0051128, http://purl.obolibrary.org/obo/GO_0016043
http://purl.obolibrary.org/obo/GO_0051128, http://purl.obolibrary.org/obo/GO_0016043
http://purl.obolibrary.org/obo/GO_0051133, http://purl.obolibrary.org/obo/GO_0051132
http://purl.obolibrary.org/obo/GO_0051133, http://purl.obolibrary.org/obo/GO_0051132
http://purl.obolibrary.org/obo/GO_0051136, http://purl.obolibrary.org/obo/GO_0001865
http://purl.obolibrary.org/obo/GO_0051136, http://purl.obolibrary.org/obo/GO_0001865
http://purl.obolibrary.org/obo/GO_0051140, http://purl.obolibrary.org/obo/GO_0001866
http://purl.obolibrary.org/obo/GO_0051140, http://purl.obolibrary.org/obo/GO_0001866
http://purl.obolibrary.org/obo/GO_0051147, http://purl.obolibrary.org/obo/GO_0042692
http://purl.obolibrary.org/obo/GO_0051147, http://purl.obolibrary.org/obo/GO_0042692
http://purl.obolibrary.org/obo/GO_0051150, http://purl.obolibrary.org/obo/GO_0051145
http://purl.obolibrary.org/obo/GO_0051150, http://purl.obolibrary.org/obo/GO_0051145
http://purl.obolibrary.org/obo/GO_0051153, http://purl.obolibrary.org/obo/GO_0051146
http://purl.obolibrary.org/obo/GO_0051153, http://purl.obolibrary.org/obo/GO_0051146
http://purl.obolibrary.org/obo/GO_0051174, http://purl.obolibrary.org/obo/GO_0006793
http://purl.obolibrary.org/obo/GO_0051174, http://purl.obolibrary.org/obo/GO_0006793
http://purl.obolibrary.org/obo/GO_0051223, http://purl.obolibrary.org/obo/GO_0015031
http://purl.obolibrary.org/obo/GO_0051223, http://purl.obolibrary.org/obo/GO_0015031
http://purl.obolibrary.org/obo/GO_0051239, http://purl.obolibrary.org/obo/GO_0032501
http://purl.obolibrary.org/obo/GO_0051239, http://purl.obolibrary.org/obo/GO_0032501
http://purl.obolibrary.org/obo/GO_0051246, http://purl.obolibrary.org/obo/GO_0019538
http://purl.obolibrary.org/obo/GO_0051246, http://purl.obolibrary.org/obo/GO_0019538
http://purl.obolibrary.org/obo/GO_0051249, http://purl.obolibrary.org/obo/GO_0046649
http://purl.obolibrary.org/obo/GO_0051249, http://purl.obolibrary.org/obo/GO_0046649
http://purl.obolibrary.org/obo/GO_0051252, http://purl.obolibrary.org/obo/GO_0016070
http://purl.obolibrary.org/obo/GO_0051252, http://purl.obolibrary.org/obo/GO_0016070
http://purl.obolibrary.org/obo/GO_0051279, http://purl.obolibrary.org/obo/GO_0051209
http://purl.obolibrary.org/obo/GO_0051279, http://purl.obolibrary.org/obo/GO_0051209
http://purl.obolibrary.org/obo/GO_0051282, http://purl.obolibrary.org/obo/GO_0051208
http://purl.obolibrary.org/obo/GO_0051282, http://purl.obolibrary.org/obo/GO_0051208
http://purl.obolibrary.org/obo/GO_0051302, http://purl.obolibrary.org/obo/GO_0051301
http://purl.obolibrary.org/obo/GO_0051302, http://purl.obolibrary.org/obo/GO_0051301
http://purl.obolibrary.org/obo/GO_0051336, http://purl.obolibrary.org/obo/GO_0016787
http://purl.obolibrary.org/obo/GO_0051336, http://purl.obolibrary.org/obo/GO_0016787
http://purl.obolibrary.org/obo/GO_0051338, http://purl.obolibrary.org/obo/GO_0016740
http://purl.obolibrary.org/obo/GO_0051338, http://purl.obolibrary.org/obo/GO_0016740
http://purl.obolibrary.org/obo/GO_0051339, http://purl.obolibrary.org/obo/GO_0016829
http://purl.obolibrary.org/obo/GO_0051339, http://purl.obolibrary.org/obo/GO_0016829
http://purl.obolibrary.org/obo/GO_0051340, http://purl.obolibrary.org/obo/GO_0016874
http://purl.obolibrary.org/obo/GO_0051340, http://purl.obolibrary.org/obo/GO_0016874
http://purl.obolibrary.org/obo/GO_0051341, http://purl.obolibrary.org/obo/GO_0016491
http://purl.obolibrary.org/obo/GO_0051341, http://purl.obolibrary.org/obo/GO_0016491
http://purl.obolibrary.org/obo/GO_0051342, http://purl.obolibrary.org/obo/GO_0004112
http://purl.obolibrary.org/obo/GO_0051342, http://purl.obolibrary.org/obo/GO_0004112
http://purl.obolibrary.org/obo/GO_0051386, http://purl.obolibrary.org/obo/GO_0048011
http://purl.obolibrary.org/obo/GO_0051386, http://purl.obolibrary.org/obo/GO_0048011
http://purl.obolibrary.org/obo/GO_0051394, http://purl.obolibrary.org/obo/GO_0010465
http://purl.obolibrary.org/obo/GO_0051394, http://purl.obolibrary.org/obo/GO_0010465
http://purl.obolibrary.org/obo/GO_0051438, http://purl.obolibrary.org/obo/GO_0004842
http://purl.obolibrary.org/obo/GO_0051438, http://purl.obolibrary.org/obo/GO_0004842
http://purl.obolibrary.org/obo/GO_0051445, http://purl.obolibrary.org/obo/GO_0051321
http://purl.obolibrary.org/obo/GO_0051445, http://purl.obolibrary.org/obo/GO_0051321
http://purl.obolibrary.org/obo/GO_0051459, http://purl.obolibrary.org/obo/GO_0051458
http://purl.obolibrary.org/obo/GO_0051459, http://purl.obolibrary.org/obo/GO_0051458
http://purl.obolibrary.org/obo/GO_0051462, http://purl.obolibrary.org/obo/GO_0043400
http://purl.obolibrary.org/obo/GO_0051462, http://purl.obolibrary.org/obo/GO_0043400
http://purl.obolibrary.org/obo/GO_0051489, http://purl.obolibrary.org/obo/GO_0046847
http://purl.obolibrary.org/obo/GO_0051489, http://purl.obolibrary.org/obo/GO_0046847
http://purl.obolibrary.org/obo/GO_0051492, http://purl.obolibrary.org/obo/GO_0043149
http://purl.obolibrary.org/obo/GO_0051492, http://purl.obolibrary.org/obo/GO_0043149
http://purl.obolibrary.org/obo/GO_0051493, http://purl.obolibrary.org/obo/GO_0007010
http://purl.obolibrary.org/obo/GO_0051493, http://purl.obolibrary.org/obo/GO_0007010
http://purl.obolibrary.org/obo/GO_0051510, http://purl.obolibrary.org/obo/GO_0009826
http://purl.obolibrary.org/obo/GO_0051510, http://purl.obolibrary.org/obo/GO_0009826
http://purl.obolibrary.org/obo/GO_0051513, http://purl.obolibrary.org/obo/GO_0042814
http://purl.obolibrary.org/obo/GO_0051513, http://purl.obolibrary.org/obo/GO_0042814
http://purl.obolibrary.org/obo/GO_0051516, http://purl.obolibrary.org/obo/GO_0042815
http://purl.obolibrary.org/obo/GO_0051516, http://purl.obolibrary.org/obo/GO_0042815
http://purl.obolibrary.org/obo/GO_0051543, http://purl.obolibrary.org/obo/GO_0051542
http://purl.obolibrary.org/obo/GO_0051543, http://purl.obolibrary.org/obo/GO_0051542
http://purl.obolibrary.org/obo/GO_0051547, http://purl.obolibrary.org/obo/GO_0051546
http://purl.obolibrary.org/obo/GO_0051547, http://purl.obolibrary.org/obo/GO_0051546
http://purl.obolibrary.org/obo/GO_0051580, http://purl.obolibrary.org/obo/GO_0001504
http://purl.obolibrary.org/obo/GO_0051580, http://purl.obolibrary.org/obo/GO_0001504
http://purl.obolibrary.org/obo/GO_0051584, http://purl.obolibrary.org/obo/GO_0051583
http://purl.obolibrary.org/obo/GO_0051584, http://purl.obolibrary.org/obo/GO_0051583
http://purl.obolibrary.org/obo/GO_0051588, http://purl.obolibrary.org/obo/GO_0006836
http://purl.obolibrary.org/obo/GO_0051588, http://purl.obolibrary.org/obo/GO_0006836
http://purl.obolibrary.org/obo/GO_0051600, http://purl.obolibrary.org/obo/GO_0006897
http://purl.obolibrary.org/obo/GO_0051611, http://purl.obolibrary.org/obo/GO_0051610
http://purl.obolibrary.org/obo/GO_0051611, http://purl.obolibrary.org/obo/GO_0051610
http://purl.obolibrary.org/obo/GO_0051616, http://purl.obolibrary.org/obo/GO_0051615
http://purl.obolibrary.org/obo/GO_0051616, http://purl.obolibrary.org/obo/GO_0051615
http://purl.obolibrary.org/obo/GO_0051621, http://purl.obolibrary.org/obo/GO_0051620
http://purl.obolibrary.org/obo/GO_0051621, http://purl.obolibrary.org/obo/GO_0051620
http://purl.obolibrary.org/obo/GO_0051626, http://purl.obolibrary.org/obo/GO_0051625
http://purl.obolibrary.org/obo/GO_0051626, http://purl.obolibrary.org/obo/GO_0051625
http://purl.obolibrary.org/obo/GO_0051631, http://purl.obolibrary.org/obo/GO_0051630
http://purl.obolibrary.org/obo/GO_0051631, http://purl.obolibrary.org/obo/GO_0051630
http://purl.obolibrary.org/obo/GO_0051709, http://purl.obolibrary.org/obo/GO_0031640
http://purl.obolibrary.org/obo/GO_0051709, http://purl.obolibrary.org/obo/GO_0031640
http://purl.obolibrary.org/obo/GO_0051726, http://purl.obolibrary.org/obo/GO_0007049
http://purl.obolibrary.org/obo/GO_0051726, http://purl.obolibrary.org/obo/GO_0007049
http://purl.obolibrary.org/obo/GO_0051769, http://purl.obolibrary.org/obo/GO_0051767
http://purl.obolibrary.org/obo/GO_0051769, http://purl.obolibrary.org/obo/GO_0051767
http://purl.obolibrary.org/obo/GO_0051783, http://purl.obolibrary.org/obo/GO_0000280
http://purl.obolibrary.org/obo/GO_0051783, http://purl.obolibrary.org/obo/GO_0000280
http://purl.obolibrary.org/obo/GO_0051794, http://purl.obolibrary.org/obo/GO_0042637
http://purl.obolibrary.org/obo/GO_0051794, http://purl.obolibrary.org/obo/GO_0042637
http://purl.obolibrary.org/obo/GO_0051797, http://purl.obolibrary.org/obo/GO_0001942
http://purl.obolibrary.org/obo/GO_0051797, http://purl.obolibrary.org/obo/GO_0001942
http://purl.obolibrary.org/obo/GO_0051884, http://purl.obolibrary.org/obo/GO_0042640
http://purl.obolibrary.org/obo/GO_0051884, http://purl.obolibrary.org/obo/GO_0042640
http://purl.obolibrary.org/obo/GO_0051887, http://purl.obolibrary.org/obo/GO_0042638
http://purl.obolibrary.org/obo/GO_0051887, http://purl.obolibrary.org/obo/GO_0042638
http://purl.obolibrary.org/obo/GO_0051890, http://purl.obolibrary.org/obo/GO_0010002
http://purl.obolibrary.org/obo/GO_0051890, http://purl.obolibrary.org/obo/GO_0010002
http://purl.obolibrary.org/obo/GO_0051893, http://purl.obolibrary.org/obo/GO_0048041
http://purl.obolibrary.org/obo/GO_0051893, http://purl.obolibrary.org/obo/GO_0048041
http://purl.obolibrary.org/obo/GO_0051896, http://purl.obolibrary.org/obo/GO_0043491
http://purl.obolibrary.org/obo/GO_0051896, http://purl.obolibrary.org/obo/GO_0043491
http://purl.obolibrary.org/obo/GO_0051900, http://purl.obolibrary.org/obo/GO_0051882
http://purl.obolibrary.org/obo/GO_0051900, http://purl.obolibrary.org/obo/GO_0051882
http://purl.obolibrary.org/obo/GO_0051917, http://purl.obolibrary.org/obo/GO_0042730
http://purl.obolibrary.org/obo/GO_0051917, http://purl.obolibrary.org/obo/GO_0042730
http://purl.obolibrary.org/obo/GO_0051924, http://purl.obolibrary.org/obo/GO_0006816
http://purl.obolibrary.org/obo/GO_0051924, http://purl.obolibrary.org/obo/GO_0006816
http://purl.obolibrary.org/obo/GO_0051930, http://purl.obolibrary.org/obo/GO_0019233
http://purl.obolibrary.org/obo/GO_0051930, http://purl.obolibrary.org/obo/GO_0019233
http://purl.obolibrary.org/obo/GO_0051931, http://purl.obolibrary.org/obo/GO_0007600
http://purl.obolibrary.org/obo/GO_0051931, http://purl.obolibrary.org/obo/GO_0007600
http://purl.obolibrary.org/obo/GO_0051940, http://purl.obolibrary.org/obo/GO_0051934
http://purl.obolibrary.org/obo/GO_0051940, http://purl.obolibrary.org/obo/GO_0051934
http://purl.obolibrary.org/obo/GO_0051941, http://purl.obolibrary.org/obo/GO_0051933
http://purl.obolibrary.org/obo/GO_0051941, http://purl.obolibrary.org/obo/GO_0051933
http://purl.obolibrary.org/obo/GO_0051946, http://purl.obolibrary.org/obo/GO_0051935
http://purl.obolibrary.org/obo/GO_0051946, http://purl.obolibrary.org/obo/GO_0051935
http://purl.obolibrary.org/obo/GO_0051947, http://purl.obolibrary.org/obo/GO_0051936
http://purl.obolibrary.org/obo/GO_0051947, http://purl.obolibrary.org/obo/GO_0051936
http://purl.obolibrary.org/obo/GO_0051952, http://purl.obolibrary.org/obo/GO_0015837
http://purl.obolibrary.org/obo/GO_0051952, http://purl.obolibrary.org/obo/GO_0015837
http://purl.obolibrary.org/obo/GO_0051955, http://purl.obolibrary.org/obo/GO_0006865
http://purl.obolibrary.org/obo/GO_0051955, http://purl.obolibrary.org/obo/GO_0006865
http://purl.obolibrary.org/obo/GO_0051960, http://purl.obolibrary.org/obo/GO_0007399
http://purl.obolibrary.org/obo/GO_0051960, http://purl.obolibrary.org/obo/GO_0007399
http://purl.obolibrary.org/obo/GO_0051963, http://purl.obolibrary.org/obo/GO_0007416
http://purl.obolibrary.org/obo/GO_0051963, http://purl.obolibrary.org/obo/GO_0007416
http://purl.obolibrary.org/obo/GO_0051966, http://purl.obolibrary.org/obo/GO_0035249
http://purl.obolibrary.org/obo/GO_0051966, http://purl.obolibrary.org/obo/GO_0035249
http://purl.obolibrary.org/obo/GO_0051969, http://purl.obolibrary.org/obo/GO_0019226
http://purl.obolibrary.org/obo/GO_0051969, http://purl.obolibrary.org/obo/GO_0019226
http://purl.obolibrary.org/obo/GO_0051972, http://purl.obolibrary.org/obo/GO_0003720
http://purl.obolibrary.org/obo/GO_0051972, http://purl.obolibrary.org/obo/GO_0003720
http://purl.obolibrary.org/obo/GO_0051983, http://purl.obolibrary.org/obo/GO_0007059
http://purl.obolibrary.org/obo/GO_0051983, http://purl.obolibrary.org/obo/GO_0007059
http://purl.obolibrary.org/obo/GO_0051988, http://purl.obolibrary.org/obo/GO_0008608
http://purl.obolibrary.org/obo/GO_0051988, http://purl.obolibrary.org/obo/GO_0008608
http://purl.obolibrary.org/obo/GO_0052038, http://purl.obolibrary.org/obo/GO_0046907
http://purl.obolibrary.org/obo/GO_0052089, http://purl.obolibrary.org/obo/GO_0009862
http://purl.obolibrary.org/obo/GO_0052318, http://purl.obolibrary.org/obo/GO_0052314
http://purl.obolibrary.org/obo/GO_0052318, http://purl.obolibrary.org/obo/GO_0052314
http://purl.obolibrary.org/obo/GO_0052319, http://purl.obolibrary.org/obo/GO_0052315
http://purl.obolibrary.org/obo/GO_0052319, http://purl.obolibrary.org/obo/GO_0052315
http://purl.obolibrary.org/obo/GO_0052372, http://purl.obolibrary.org/obo/GO_0044409
http://purl.obolibrary.org/obo/GO_0052372, http://purl.obolibrary.org/obo/GO_0044409
http://purl.obolibrary.org/obo/GO_0052547, http://purl.obolibrary.org/obo/GO_0008233
http://purl.obolibrary.org/obo/GO_0052547, http://purl.obolibrary.org/obo/GO_0008233
http://purl.obolibrary.org/obo/GO_0052548, http://purl.obolibrary.org/obo/GO_0004175
http://purl.obolibrary.org/obo/GO_0052548, http://purl.obolibrary.org/obo/GO_0004175
http://purl.obolibrary.org/obo/GO_0055018, http://purl.obolibrary.org/obo/GO_0055013
http://purl.obolibrary.org/obo/GO_0055018, http://purl.obolibrary.org/obo/GO_0055013
http://purl.obolibrary.org/obo/GO_0055021, http://purl.obolibrary.org/obo/GO_0055017
http://purl.obolibrary.org/obo/GO_0055021, http://purl.obolibrary.org/obo/GO_0055017
http://purl.obolibrary.org/obo/GO_0055024, http://purl.obolibrary.org/obo/GO_0048738
http://purl.obolibrary.org/obo/GO_0055024, http://purl.obolibrary.org/obo/GO_0048738
http://purl.obolibrary.org/obo/GO_0055117, http://purl.obolibrary.org/obo/GO_0060048
http://purl.obolibrary.org/obo/GO_0055117, http://purl.obolibrary.org/obo/GO_0060048
http://purl.obolibrary.org/obo/GO_0060043, http://purl.obolibrary.org/obo/GO_0060038
http://purl.obolibrary.org/obo/GO_0060043, http://purl.obolibrary.org/obo/GO_0060038
http://purl.obolibrary.org/obo/GO_0060046, http://purl.obolibrary.org/obo/GO_0007340
http://purl.obolibrary.org/obo/GO_0060046, http://purl.obolibrary.org/obo/GO_0007340
http://purl.obolibrary.org/obo/GO_0060049, http://purl.obolibrary.org/obo/GO_0006486
http://purl.obolibrary.org/obo/GO_0060049, http://purl.obolibrary.org/obo/GO_0006486
http://purl.obolibrary.org/obo/GO_0060069, http://purl.obolibrary.org/obo/GO_0040001
http://purl.obolibrary.org/obo/GO_0060069, http://purl.obolibrary.org/obo/GO_0040001
http://purl.obolibrary.org/obo/GO_0060092, http://purl.obolibrary.org/obo/GO_0060012
http://purl.obolibrary.org/obo/GO_0060092, http://purl.obolibrary.org/obo/GO_0060012
http://purl.obolibrary.org/obo/GO_0060099, http://purl.obolibrary.org/obo/GO_0006911
http://purl.obolibrary.org/obo/GO_0060099, http://purl.obolibrary.org/obo/GO_0006911
http://purl.obolibrary.org/obo/GO_0060123, http://purl.obolibrary.org/obo/GO_0030252
http://purl.obolibrary.org/obo/GO_0060123, http://purl.obolibrary.org/obo/GO_0030252
http://purl.obolibrary.org/obo/GO_0060142, http://purl.obolibrary.org/obo/GO_0000768
http://purl.obolibrary.org/obo/GO_0060142, http://purl.obolibrary.org/obo/GO_0000768
http://purl.obolibrary.org/obo/GO_0060147, http://purl.obolibrary.org/obo/GO_0016441
http://purl.obolibrary.org/obo/GO_0060147, http://purl.obolibrary.org/obo/GO_0016441
http://purl.obolibrary.org/obo/GO_0060159, http://purl.obolibrary.org/obo/GO_0007212
http://purl.obolibrary.org/obo/GO_0060159, http://purl.obolibrary.org/obo/GO_0007212
http://purl.obolibrary.org/obo/GO_0060167, http://purl.obolibrary.org/obo/GO_0001973
http://purl.obolibrary.org/obo/GO_0060167, http://purl.obolibrary.org/obo/GO_0001973
http://purl.obolibrary.org/obo/GO_0060176, http://purl.obolibrary.org/obo/GO_0031152
http://purl.obolibrary.org/obo/GO_0060176, http://purl.obolibrary.org/obo/GO_0031152
http://purl.obolibrary.org/obo/GO_0060178, http://purl.obolibrary.org/obo/GO_0051601
http://purl.obolibrary.org/obo/GO_0060178, http://purl.obolibrary.org/obo/GO_0051601
http://purl.obolibrary.org/obo/GO_0060188, http://purl.obolibrary.org/obo/GO_0016926
http://purl.obolibrary.org/obo/GO_0060188, http://purl.obolibrary.org/obo/GO_0016926
http://purl.obolibrary.org/obo/GO_0060191, http://purl.obolibrary.org/obo/GO_0016298
http://purl.obolibrary.org/obo/GO_0060191, http://purl.obolibrary.org/obo/GO_0016298
http://purl.obolibrary.org/obo/GO_0060194, http://purl.obolibrary.org/obo/GO_0009300
http://purl.obolibrary.org/obo/GO_0060194, http://purl.obolibrary.org/obo/GO_0009300
http://purl.obolibrary.org/obo/GO_0060211, http://purl.obolibrary.org/obo/GO_0000289
http://purl.obolibrary.org/obo/GO_0060211, http://purl.obolibrary.org/obo/GO_0000289
http://purl.obolibrary.org/obo/GO_0060222, http://purl.obolibrary.org/obo/GO_0046551
http://purl.obolibrary.org/obo/GO_0060222, http://purl.obolibrary.org/obo/GO_0046551
http://purl.obolibrary.org/obo/GO_0060224, http://purl.obolibrary.org/obo/GO_0060223
http://purl.obolibrary.org/obo/GO_0060224, http://purl.obolibrary.org/obo/GO_0060223
http://purl.obolibrary.org/obo/GO_0060236, http://purl.obolibrary.org/obo/GO_0007052
http://purl.obolibrary.org/obo/GO_0060236, http://purl.obolibrary.org/obo/GO_0007052
http://purl.obolibrary.org/obo/GO_0060237, http://purl.obolibrary.org/obo/GO_0031505
http://purl.obolibrary.org/obo/GO_0060237, http://purl.obolibrary.org/obo/GO_0031505
http://purl.obolibrary.org/obo/GO_0060238, http://purl.obolibrary.org/obo/GO_0032005
http://purl.obolibrary.org/obo/GO_0060238, http://purl.obolibrary.org/obo/GO_0032005
http://purl.obolibrary.org/obo/GO_0060251, http://purl.obolibrary.org/obo/GO_0014009
http://purl.obolibrary.org/obo/GO_0060251, http://purl.obolibrary.org/obo/GO_0014009
http://purl.obolibrary.org/obo/GO_0060254, http://purl.obolibrary.org/obo/GO_0006500
http://purl.obolibrary.org/obo/GO_0060254, http://purl.obolibrary.org/obo/GO_0006500
http://purl.obolibrary.org/obo/GO_0060255, http://purl.obolibrary.org/obo/GO_0043170
http://purl.obolibrary.org/obo/GO_0060255, http://purl.obolibrary.org/obo/GO_0043170
http://purl.obolibrary.org/obo/GO_0060256, http://purl.obolibrary.org/obo/GO_0000128
http://purl.obolibrary.org/obo/GO_0060256, http://purl.obolibrary.org/obo/GO_0000128
http://purl.obolibrary.org/obo/GO_0060259, http://purl.obolibrary.org/obo/GO_0007631
http://purl.obolibrary.org/obo/GO_0060259, http://purl.obolibrary.org/obo/GO_0007631
http://purl.obolibrary.org/obo/GO_0060260, http://purl.obolibrary.org/obo/GO_0006367
http://purl.obolibrary.org/obo/GO_0060260, http://purl.obolibrary.org/obo/GO_0006367
http://purl.obolibrary.org/obo/GO_0060263, http://purl.obolibrary.org/obo/GO_0045730
http://purl.obolibrary.org/obo/GO_0060263, http://purl.obolibrary.org/obo/GO_0045730
http://purl.obolibrary.org/obo/GO_0060264, http://purl.obolibrary.org/obo/GO_0002536
http://purl.obolibrary.org/obo/GO_0060264, http://purl.obolibrary.org/obo/GO_0002536
http://purl.obolibrary.org/obo/GO_0060278, http://purl.obolibrary.org/obo/GO_0030728
http://purl.obolibrary.org/obo/GO_0060278, http://purl.obolibrary.org/obo/GO_0030728
http://purl.obolibrary.org/obo/GO_0060281, http://purl.obolibrary.org/obo/GO_0048599
http://purl.obolibrary.org/obo/GO_0060281, http://purl.obolibrary.org/obo/GO_0048599
http://purl.obolibrary.org/obo/GO_0060284, http://purl.obolibrary.org/obo/GO_0048468
http://purl.obolibrary.org/obo/GO_0060284, http://purl.obolibrary.org/obo/GO_0048468
http://purl.obolibrary.org/obo/GO_0060295, http://purl.obolibrary.org/obo/GO_0060294
http://purl.obolibrary.org/obo/GO_0060295, http://purl.obolibrary.org/obo/GO_0060294
http://purl.obolibrary.org/obo/GO_0060297, http://purl.obolibrary.org/obo/GO_0045214
http://purl.obolibrary.org/obo/GO_0060297, http://purl.obolibrary.org/obo/GO_0045214
http://purl.obolibrary.org/obo/GO_0060300, http://purl.obolibrary.org/obo/GO_0005125
http://purl.obolibrary.org/obo/GO_0060300, http://purl.obolibrary.org/obo/GO_0005125
http://purl.obolibrary.org/obo/GO_0060304, http://purl.obolibrary.org/obo/GO_0046856
http://purl.obolibrary.org/obo/GO_0060304, http://purl.obolibrary.org/obo/GO_0046856
http://purl.obolibrary.org/obo/GO_0060306, http://purl.obolibrary.org/obo/GO_0086009
http://purl.obolibrary.org/obo/GO_0060306, http://purl.obolibrary.org/obo/GO_0086009
http://purl.obolibrary.org/obo/GO_0060307, http://purl.obolibrary.org/obo/GO_0099625
http://purl.obolibrary.org/obo/GO_0060307, http://purl.obolibrary.org/obo/GO_0099625
http://purl.obolibrary.org/obo/GO_0060310, http://purl.obolibrary.org/obo/GO_0060309
http://purl.obolibrary.org/obo/GO_0060310, http://purl.obolibrary.org/obo/GO_0060309
http://purl.obolibrary.org/obo/GO_0060312, http://purl.obolibrary.org/obo/GO_0001974
http://purl.obolibrary.org/obo/GO_0060312, http://purl.obolibrary.org/obo/GO_0001974
http://purl.obolibrary.org/obo/GO_0060314, http://purl.obolibrary.org/obo/GO_0005219
http://purl.obolibrary.org/obo/GO_0060314, http://purl.obolibrary.org/obo/GO_0005219
http://purl.obolibrary.org/obo/GO_0060330, http://purl.obolibrary.org/obo/GO_0034341
http://purl.obolibrary.org/obo/GO_0060330, http://purl.obolibrary.org/obo/GO_0034341
http://purl.obolibrary.org/obo/GO_0060334, http://purl.obolibrary.org/obo/GO_0060333
http://purl.obolibrary.org/obo/GO_0060334, http://purl.obolibrary.org/obo/GO_0060333
http://purl.obolibrary.org/obo/GO_0060338, http://purl.obolibrary.org/obo/GO_0060337
http://purl.obolibrary.org/obo/GO_0060338, http://purl.obolibrary.org/obo/GO_0060337
http://purl.obolibrary.org/obo/GO_0060341, http://purl.obolibrary.org/obo/GO_0051641
http://purl.obolibrary.org/obo/GO_0060341, http://purl.obolibrary.org/obo/GO_0051641
http://purl.obolibrary.org/obo/GO_0060353, http://purl.obolibrary.org/obo/GO_0060352
http://purl.obolibrary.org/obo/GO_0060353, http://purl.obolibrary.org/obo/GO_0060352
http://purl.obolibrary.org/obo/GO_0060368, http://purl.obolibrary.org/obo/GO_0002431
http://purl.obolibrary.org/obo/GO_0060368, http://purl.obolibrary.org/obo/GO_0002431
http://purl.obolibrary.org/obo/GO_0060372, http://purl.obolibrary.org/obo/GO_0099624
http://purl.obolibrary.org/obo/GO_0060372, http://purl.obolibrary.org/obo/GO_0099624
http://purl.obolibrary.org/obo/GO_0060375, http://purl.obolibrary.org/obo/GO_0060374
http://purl.obolibrary.org/obo/GO_0060375, http://purl.obolibrary.org/obo/GO_0060374
http://purl.obolibrary.org/obo/GO_0060380, http://purl.obolibrary.org/obo/GO_0043047
http://purl.obolibrary.org/obo/GO_0060380, http://purl.obolibrary.org/obo/GO_0043047
http://purl.obolibrary.org/obo/GO_0060382, http://purl.obolibrary.org/obo/GO_0022616
http://purl.obolibrary.org/obo/GO_0060382, http://purl.obolibrary.org/obo/GO_0022616
http://purl.obolibrary.org/obo/GO_0060390, http://purl.obolibrary.org/obo/GO_0060395
http://purl.obolibrary.org/obo/GO_0060390, http://purl.obolibrary.org/obo/GO_0060395
http://purl.obolibrary.org/obo/GO_0060398, http://purl.obolibrary.org/obo/GO_0060396
http://purl.obolibrary.org/obo/GO_0060398, http://purl.obolibrary.org/obo/GO_0060396
http://purl.obolibrary.org/obo/GO_0060405, http://purl.obolibrary.org/obo/GO_0043084
http://purl.obolibrary.org/obo/GO_0060405, http://purl.obolibrary.org/obo/GO_0043084
http://purl.obolibrary.org/obo/GO_0060408, http://purl.obolibrary.org/obo/GO_0008291
http://purl.obolibrary.org/obo/GO_0060408, http://purl.obolibrary.org/obo/GO_0008291
http://purl.obolibrary.org/obo/GO_0060420, http://purl.obolibrary.org/obo/GO_0060419
http://purl.obolibrary.org/obo/GO_0060420, http://purl.obolibrary.org/obo/GO_0060419
http://purl.obolibrary.org/obo/GO_0060453, http://purl.obolibrary.org/obo/GO_0001696
http://purl.obolibrary.org/obo/GO_0060453, http://purl.obolibrary.org/obo/GO_0001696
http://purl.obolibrary.org/obo/GO_0060491, http://purl.obolibrary.org/obo/GO_0030031
http://purl.obolibrary.org/obo/GO_0060491, http://purl.obolibrary.org/obo/GO_0030031
http://purl.obolibrary.org/obo/GO_0060542, http://purl.obolibrary.org/obo/GO_0042148
http://purl.obolibrary.org/obo/GO_0060542, http://purl.obolibrary.org/obo/GO_0042148
http://purl.obolibrary.org/obo/GO_0060544, http://purl.obolibrary.org/obo/GO_0070266
http://purl.obolibrary.org/obo/GO_0060544, http://purl.obolibrary.org/obo/GO_0070266
http://purl.obolibrary.org/obo/GO_0060549, http://purl.obolibrary.org/obo/GO_0042132
http://purl.obolibrary.org/obo/GO_0060549, http://purl.obolibrary.org/obo/GO_0042132
http://purl.obolibrary.org/obo/GO_0060551, http://purl.obolibrary.org/obo/GO_0030388
http://purl.obolibrary.org/obo/GO_0060551, http://purl.obolibrary.org/obo/GO_0030388
http://purl.obolibrary.org/obo/GO_0060556, http://purl.obolibrary.org/obo/GO_0042368
http://purl.obolibrary.org/obo/GO_0060556, http://purl.obolibrary.org/obo/GO_0042368
http://purl.obolibrary.org/obo/GO_0060558, http://purl.obolibrary.org/obo/GO_0004498
http://purl.obolibrary.org/obo/GO_0060558, http://purl.obolibrary.org/obo/GO_0004498
http://purl.obolibrary.org/obo/GO_0060568, http://purl.obolibrary.org/obo/GO_0016486
http://purl.obolibrary.org/obo/GO_0060568, http://purl.obolibrary.org/obo/GO_0016486
http://purl.obolibrary.org/obo/GO_0060583, http://purl.obolibrary.org/obo/GO_0051666
http://purl.obolibrary.org/obo/GO_0060583, http://purl.obolibrary.org/obo/GO_0051666
http://purl.obolibrary.org/obo/GO_0060584, http://purl.obolibrary.org/obo/GO_0004666
http://purl.obolibrary.org/obo/GO_0060584, http://purl.obolibrary.org/obo/GO_0004666
http://purl.obolibrary.org/obo/GO_0060587, http://purl.obolibrary.org/obo/GO_0034439
http://purl.obolibrary.org/obo/GO_0060587, http://purl.obolibrary.org/obo/GO_0034439
http://purl.obolibrary.org/obo/GO_0060620, http://purl.obolibrary.org/obo/GO_0070508
http://purl.obolibrary.org/obo/GO_0060620, http://purl.obolibrary.org/obo/GO_0070508
http://purl.obolibrary.org/obo/GO_0060622, http://purl.obolibrary.org/obo/GO_0034412
http://purl.obolibrary.org/obo/GO_0060622, http://purl.obolibrary.org/obo/GO_0034412
http://purl.obolibrary.org/obo/GO_0060623, http://purl.obolibrary.org/obo/GO_0030261
http://purl.obolibrary.org/obo/GO_0060623, http://purl.obolibrary.org/obo/GO_0030261
http://purl.obolibrary.org/obo/GO_0060624, http://purl.obolibrary.org/obo/GO_0034413
http://purl.obolibrary.org/obo/GO_0060624, http://purl.obolibrary.org/obo/GO_0034413
http://purl.obolibrary.org/obo/GO_0060625, http://purl.obolibrary.org/obo/GO_0000338
http://purl.obolibrary.org/obo/GO_0060625, http://purl.obolibrary.org/obo/GO_0000338
http://purl.obolibrary.org/obo/GO_0060627, http://purl.obolibrary.org/obo/GO_0016192
http://purl.obolibrary.org/obo/GO_0060627, http://purl.obolibrary.org/obo/GO_0016192
http://purl.obolibrary.org/obo/GO_0060628, http://purl.obolibrary.org/obo/GO_0006888
http://purl.obolibrary.org/obo/GO_0060628, http://purl.obolibrary.org/obo/GO_0006888
http://purl.obolibrary.org/obo/GO_0060629, http://purl.obolibrary.org/obo/GO_0045143
http://purl.obolibrary.org/obo/GO_0060629, http://purl.obolibrary.org/obo/GO_0045143
http://purl.obolibrary.org/obo/GO_0060631, http://purl.obolibrary.org/obo/GO_0007127
http://purl.obolibrary.org/obo/GO_0060631, http://purl.obolibrary.org/obo/GO_0007127
http://purl.obolibrary.org/obo/GO_0060632, http://purl.obolibrary.org/obo/GO_0007018
http://purl.obolibrary.org/obo/GO_0060632, http://purl.obolibrary.org/obo/GO_0007018
http://purl.obolibrary.org/obo/GO_0060634, http://purl.obolibrary.org/obo/GO_0051072
http://purl.obolibrary.org/obo/GO_0060634, http://purl.obolibrary.org/obo/GO_0051072
http://purl.obolibrary.org/obo/GO_0060651, http://purl.obolibrary.org/obo/GO_0060650
http://purl.obolibrary.org/obo/GO_0060651, http://purl.obolibrary.org/obo/GO_0060650
http://purl.obolibrary.org/obo/GO_0060656, http://purl.obolibrary.org/obo/GO_0060655
http://purl.obolibrary.org/obo/GO_0060657, http://purl.obolibrary.org/obo/GO_0060654
http://purl.obolibrary.org/obo/GO_0060685, http://purl.obolibrary.org/obo/GO_0060513
http://purl.obolibrary.org/obo/GO_0060685, http://purl.obolibrary.org/obo/GO_0060513
http://purl.obolibrary.org/obo/GO_0060687, http://purl.obolibrary.org/obo/GO_0060442
http://purl.obolibrary.org/obo/GO_0060687, http://purl.obolibrary.org/obo/GO_0060442
http://purl.obolibrary.org/obo/GO_0060688, http://purl.obolibrary.org/obo/GO_0001763
http://purl.obolibrary.org/obo/GO_0060688, http://purl.obolibrary.org/obo/GO_0001763
http://purl.obolibrary.org/obo/GO_0060693, http://purl.obolibrary.org/obo/GO_0060445
http://purl.obolibrary.org/obo/GO_0060693, http://purl.obolibrary.org/obo/GO_0060445
http://purl.obolibrary.org/obo/GO_0060694, http://purl.obolibrary.org/obo/GO_0120020
http://purl.obolibrary.org/obo/GO_0060694, http://purl.obolibrary.org/obo/GO_0120020
http://purl.obolibrary.org/obo/GO_0060696, http://purl.obolibrary.org/obo/GO_0009395
http://purl.obolibrary.org/obo/GO_0060696, http://purl.obolibrary.org/obo/GO_0009395
http://purl.obolibrary.org/obo/GO_0060699, http://purl.obolibrary.org/obo/GO_0004521
http://purl.obolibrary.org/obo/GO_0060699, http://purl.obolibrary.org/obo/GO_0004521
http://purl.obolibrary.org/obo/GO_0060700, http://purl.obolibrary.org/obo/GO_0004540
http://purl.obolibrary.org/obo/GO_0060700, http://purl.obolibrary.org/obo/GO_0004540
http://purl.obolibrary.org/obo/GO_0060721, http://purl.obolibrary.org/obo/GO_0060720
http://purl.obolibrary.org/obo/GO_0060721, http://purl.obolibrary.org/obo/GO_0060720
http://purl.obolibrary.org/obo/GO_0060723, http://purl.obolibrary.org/obo/GO_0060722
http://purl.obolibrary.org/obo/GO_0060723, http://purl.obolibrary.org/obo/GO_0060722
http://purl.obolibrary.org/obo/GO_0060725, http://purl.obolibrary.org/obo/GO_0015026
http://purl.obolibrary.org/obo/GO_0060725, http://purl.obolibrary.org/obo/GO_0015026
http://purl.obolibrary.org/obo/GO_0060730, http://purl.obolibrary.org/obo/GO_0060729
http://purl.obolibrary.org/obo/GO_0060730, http://purl.obolibrary.org/obo/GO_0060729
http://purl.obolibrary.org/obo/GO_0060734, http://purl.obolibrary.org/obo/GO_0036492
http://purl.obolibrary.org/obo/GO_0060735, http://purl.obolibrary.org/obo/GO_0010998
http://purl.obolibrary.org/obo/GO_0060753, http://purl.obolibrary.org/obo/GO_0002551
http://purl.obolibrary.org/obo/GO_0060753, http://purl.obolibrary.org/obo/GO_0002551
http://purl.obolibrary.org/obo/GO_0060759, http://purl.obolibrary.org/obo/GO_0034097
http://purl.obolibrary.org/obo/GO_0060759, http://purl.obolibrary.org/obo/GO_0034097
http://purl.obolibrary.org/obo/GO_0060762, http://purl.obolibrary.org/obo/GO_0060444
http://purl.obolibrary.org/obo/GO_0060762, http://purl.obolibrary.org/obo/GO_0060444
http://purl.obolibrary.org/obo/GO_0060765, http://purl.obolibrary.org/obo/GO_0030521
http://purl.obolibrary.org/obo/GO_0060765, http://purl.obolibrary.org/obo/GO_0030521
http://purl.obolibrary.org/obo/GO_0060768, http://purl.obolibrary.org/obo/GO_0060767
http://purl.obolibrary.org/obo/GO_0060768, http://purl.obolibrary.org/obo/GO_0060767
http://purl.obolibrary.org/obo/GO_0060782, http://purl.obolibrary.org/obo/GO_0060781
http://purl.obolibrary.org/obo/GO_0060782, http://purl.obolibrary.org/obo/GO_0060781
http://purl.obolibrary.org/obo/GO_0060800, http://purl.obolibrary.org/obo/GO_0060706
http://purl.obolibrary.org/obo/GO_0060800, http://purl.obolibrary.org/obo/GO_0060706
http://purl.obolibrary.org/obo/GO_0060828, http://purl.obolibrary.org/obo/GO_0060070
http://purl.obolibrary.org/obo/GO_0060828, http://purl.obolibrary.org/obo/GO_0060070
http://purl.obolibrary.org/obo/GO_0060860, http://purl.obolibrary.org/obo/GO_0010227
http://purl.obolibrary.org/obo/GO_0060860, http://purl.obolibrary.org/obo/GO_0010227
http://purl.obolibrary.org/obo/GO_0060863, http://purl.obolibrary.org/obo/GO_0010227
http://purl.obolibrary.org/obo/GO_0060904, http://purl.obolibrary.org/obo/GO_0034975
http://purl.obolibrary.org/obo/GO_0060904, http://purl.obolibrary.org/obo/GO_0034975
http://purl.obolibrary.org/obo/GO_0060905, http://purl.obolibrary.org/obo/GO_0031142
http://purl.obolibrary.org/obo/GO_0060905, http://purl.obolibrary.org/obo/GO_0031142
http://purl.obolibrary.org/obo/GO_0060917, http://purl.obolibrary.org/obo/GO_0006078
http://purl.obolibrary.org/obo/GO_0060917, http://purl.obolibrary.org/obo/GO_0006078
http://purl.obolibrary.org/obo/GO_0060964, http://purl.obolibrary.org/obo/GO_0035195
http://purl.obolibrary.org/obo/GO_0060964, http://purl.obolibrary.org/obo/GO_0035195
http://purl.obolibrary.org/obo/GO_0060966, http://purl.obolibrary.org/obo/GO_0031047
http://purl.obolibrary.org/obo/GO_0060966, http://purl.obolibrary.org/obo/GO_0031047
http://purl.obolibrary.org/obo/GO_0060998, http://purl.obolibrary.org/obo/GO_0060996
http://purl.obolibrary.org/obo/GO_0060998, http://purl.obolibrary.org/obo/GO_0060996
http://purl.obolibrary.org/obo/GO_0061001, http://purl.obolibrary.org/obo/GO_0060997
http://purl.obolibrary.org/obo/GO_0061001, http://purl.obolibrary.org/obo/GO_0060997
http://purl.obolibrary.org/obo/GO_0061013, http://purl.obolibrary.org/obo/GO_0006402
http://purl.obolibrary.org/obo/GO_0061013, http://purl.obolibrary.org/obo/GO_0006402
http://purl.obolibrary.org/obo/GO_0061035, http://purl.obolibrary.org/obo/GO_0051216
http://purl.obolibrary.org/obo/GO_0061035, http://purl.obolibrary.org/obo/GO_0051216
http://purl.obolibrary.org/obo/GO_0061041, http://purl.obolibrary.org/obo/GO_0042060
http://purl.obolibrary.org/obo/GO_0061041, http://purl.obolibrary.org/obo/GO_0042060
http://purl.obolibrary.org/obo/GO_0061043, http://purl.obolibrary.org/obo/GO_0061042
http://purl.obolibrary.org/obo/GO_0061043, http://purl.obolibrary.org/obo/GO_0061042
http://purl.obolibrary.org/obo/GO_0061046, http://purl.obolibrary.org/obo/GO_0060441
http://purl.obolibrary.org/obo/GO_0061046, http://purl.obolibrary.org/obo/GO_0060441
http://purl.obolibrary.org/obo/GO_0061050, http://purl.obolibrary.org/obo/GO_0061049
http://purl.obolibrary.org/obo/GO_0061050, http://purl.obolibrary.org/obo/GO_0061049
http://purl.obolibrary.org/obo/GO_0061058, http://purl.obolibrary.org/obo/GO_0061057
http://purl.obolibrary.org/obo/GO_0061058, http://purl.obolibrary.org/obo/GO_0061057
http://purl.obolibrary.org/obo/GO_0061062, http://purl.obolibrary.org/obo/GO_0002119
http://purl.obolibrary.org/obo/GO_0061062, http://purl.obolibrary.org/obo/GO_0002119
http://purl.obolibrary.org/obo/GO_0061065, http://purl.obolibrary.org/obo/GO_0040024
http://purl.obolibrary.org/obo/GO_0061065, http://purl.obolibrary.org/obo/GO_0040024
http://purl.obolibrary.org/obo/GO_0061074, http://purl.obolibrary.org/obo/GO_0003407
http://purl.obolibrary.org/obo/GO_0061074, http://purl.obolibrary.org/obo/GO_0003407
http://purl.obolibrary.org/obo/GO_0061083, http://purl.obolibrary.org/obo/GO_0042026
http://purl.obolibrary.org/obo/GO_0061083, http://purl.obolibrary.org/obo/GO_0042026
http://purl.obolibrary.org/obo/GO_0061091, http://purl.obolibrary.org/obo/GO_0045332
http://purl.obolibrary.org/obo/GO_0061091, http://purl.obolibrary.org/obo/GO_0045332
http://purl.obolibrary.org/obo/GO_0061094, http://purl.obolibrary.org/obo/GO_0034607
http://purl.obolibrary.org/obo/GO_0061094, http://purl.obolibrary.org/obo/GO_0034607
http://purl.obolibrary.org/obo/GO_0061097, http://purl.obolibrary.org/obo/GO_0004713
http://purl.obolibrary.org/obo/GO_0061097, http://purl.obolibrary.org/obo/GO_0004713
http://purl.obolibrary.org/obo/GO_0061105, http://purl.obolibrary.org/obo/GO_0061102
http://purl.obolibrary.org/obo/GO_0061105, http://purl.obolibrary.org/obo/GO_0061102
http://purl.obolibrary.org/obo/GO_0061118, http://purl.obolibrary.org/obo/GO_0043327
http://purl.obolibrary.org/obo/GO_0061136, http://purl.obolibrary.org/obo/GO_0010498
http://purl.obolibrary.org/obo/GO_0061136, http://purl.obolibrary.org/obo/GO_0010498
http://purl.obolibrary.org/obo/GO_0061168, http://purl.obolibrary.org/obo/GO_0060789
http://purl.obolibrary.org/obo/GO_0061168, http://purl.obolibrary.org/obo/GO_0060789
http://purl.obolibrary.org/obo/GO_0061172, http://purl.obolibrary.org/obo/GO_0061171
http://purl.obolibrary.org/obo/GO_0061172, http://purl.obolibrary.org/obo/GO_0061171
http://purl.obolibrary.org/obo/GO_0061178, http://purl.obolibrary.org/obo/GO_0035773
http://purl.obolibrary.org/obo/GO_0061178, http://purl.obolibrary.org/obo/GO_0035773
http://purl.obolibrary.org/obo/GO_0061181, http://purl.obolibrary.org/obo/GO_0002063
http://purl.obolibrary.org/obo/GO_0061181, http://purl.obolibrary.org/obo/GO_0002063
http://purl.obolibrary.org/obo/GO_0061183, http://purl.obolibrary.org/obo/GO_0061054
http://purl.obolibrary.org/obo/GO_0061183, http://purl.obolibrary.org/obo/GO_0061054
http://purl.obolibrary.org/obo/GO_0061187, http://purl.obolibrary.org/obo/GO_0000183
http://purl.obolibrary.org/obo/GO_0061187, http://purl.obolibrary.org/obo/GO_0000183
http://purl.obolibrary.org/obo/GO_0061190, http://purl.obolibrary.org/obo/GO_0061056
http://purl.obolibrary.org/obo/GO_0061190, http://purl.obolibrary.org/obo/GO_0061056
http://purl.obolibrary.org/obo/GO_0061217, http://purl.obolibrary.org/obo/GO_0001823
http://purl.obolibrary.org/obo/GO_0061217, http://purl.obolibrary.org/obo/GO_0001823
http://purl.obolibrary.org/obo/GO_0061295, http://purl.obolibrary.org/obo/GO_1901146
http://purl.obolibrary.org/obo/GO_0061295, http://purl.obolibrary.org/obo/GO_0061235
http://purl.obolibrary.org/obo/GO_0061295, http://purl.obolibrary.org/obo/GO_1901146
http://purl.obolibrary.org/obo/GO_0061344, http://purl.obolibrary.org/obo/GO_0061343
http://purl.obolibrary.org/obo/GO_0061344, http://purl.obolibrary.org/obo/GO_0061343
http://purl.obolibrary.org/obo/GO_0061356, http://purl.obolibrary.org/obo/GO_0061355
http://purl.obolibrary.org/obo/GO_0061356, http://purl.obolibrary.org/obo/GO_0061355
http://purl.obolibrary.org/obo/GO_0061469, http://purl.obolibrary.org/obo/GO_0044342
http://purl.obolibrary.org/obo/GO_0061469, http://purl.obolibrary.org/obo/GO_0044342
http://purl.obolibrary.org/obo/GO_0061853, http://purl.obolibrary.org/obo/GO_0097402
http://purl.obolibrary.org/obo/GO_0061853, http://purl.obolibrary.org/obo/GO_0097402
http://purl.obolibrary.org/obo/GO_0061869, http://purl.obolibrary.org/obo/GO_0061868
http://purl.obolibrary.org/obo/GO_0061869, http://purl.obolibrary.org/obo/GO_0061868
http://purl.obolibrary.org/obo/GO_0061873, http://purl.obolibrary.org/obo/GO_0061872
http://purl.obolibrary.org/obo/GO_0061873, http://purl.obolibrary.org/obo/GO_0061872
http://purl.obolibrary.org/obo/GO_0061880, http://purl.obolibrary.org/obo/GO_0098957
http://purl.obolibrary.org/obo/GO_0061880, http://purl.obolibrary.org/obo/GO_0098957
http://purl.obolibrary.org/obo/GO_0061884, http://purl.obolibrary.org/obo/GO_0098816
http://purl.obolibrary.org/obo/GO_0061884, http://purl.obolibrary.org/obo/GO_0098816
http://purl.obolibrary.org/obo/GO_0061888, http://purl.obolibrary.org/obo/GO_0048143
http://purl.obolibrary.org/obo/GO_0061888, http://purl.obolibrary.org/obo/GO_0048143
http://purl.obolibrary.org/obo/GO_0061924, http://purl.obolibrary.org/obo/GO_0021943
http://purl.obolibrary.org/obo/GO_0061924, http://purl.obolibrary.org/obo/GO_0021943
http://purl.obolibrary.org/obo/GO_0061930, http://purl.obolibrary.org/obo/GO_0043131
http://purl.obolibrary.org/obo/GO_0061930, http://purl.obolibrary.org/obo/GO_0043131
http://purl.obolibrary.org/obo/GO_0061934, http://purl.obolibrary.org/obo/GO_0046084
http://purl.obolibrary.org/obo/GO_0061934, http://purl.obolibrary.org/obo/GO_0046084
http://purl.obolibrary.org/obo/GO_0061940, http://purl.obolibrary.org/obo/GO_0061939
http://purl.obolibrary.org/obo/GO_0061940, http://purl.obolibrary.org/obo/GO_0061939
http://purl.obolibrary.org/obo/GO_0061945, http://purl.obolibrary.org/obo/GO_0070936
http://purl.obolibrary.org/obo/GO_0061945, http://purl.obolibrary.org/obo/GO_0070936
http://purl.obolibrary.org/obo/GO_0061949, http://purl.obolibrary.org/obo/GO_0061948
http://purl.obolibrary.org/obo/GO_0061949, http://purl.obolibrary.org/obo/GO_0061948
http://purl.obolibrary.org/obo/GO_0061960, http://purl.obolibrary.org/obo/GO_0004392
http://purl.obolibrary.org/obo/GO_0061960, http://purl.obolibrary.org/obo/GO_0004392
http://purl.obolibrary.org/obo/GO_0061963, http://purl.obolibrary.org/obo/GO_0055116
http://purl.obolibrary.org/obo/GO_0061963, http://purl.obolibrary.org/obo/GO_0055116
http://purl.obolibrary.org/obo/GO_0061999, http://purl.obolibrary.org/obo/GO_0140074
http://purl.obolibrary.org/obo/GO_0061999, http://purl.obolibrary.org/obo/GO_0140074
http://purl.obolibrary.org/obo/GO_0062002, http://purl.obolibrary.org/obo/GO_0052885
http://purl.obolibrary.org/obo/GO_0062002, http://purl.obolibrary.org/obo/GO_0052885
http://purl.obolibrary.org/obo/GO_0062012, http://purl.obolibrary.org/obo/GO_0044281
http://purl.obolibrary.org/obo/GO_0062012, http://purl.obolibrary.org/obo/GO_0044281
http://purl.obolibrary.org/obo/GO_0062025, http://purl.obolibrary.org/obo/GO_0031146
http://purl.obolibrary.org/obo/GO_0062025, http://purl.obolibrary.org/obo/GO_0031146
http://purl.obolibrary.org/obo/GO_0062028, http://purl.obolibrary.org/obo/GO_0034063
http://purl.obolibrary.org/obo/GO_0062028, http://purl.obolibrary.org/obo/GO_0034063
http://purl.obolibrary.org/obo/GO_0062042, http://purl.obolibrary.org/obo/GO_0060317
http://purl.obolibrary.org/obo/GO_0062042, http://purl.obolibrary.org/obo/GO_0060317
http://purl.obolibrary.org/obo/GO_0062084, http://purl.obolibrary.org/obo/GO_0045227
http://purl.obolibrary.org/obo/GO_0062084, http://purl.obolibrary.org/obo/GO_0045227
http://purl.obolibrary.org/obo/GO_0062086, http://purl.obolibrary.org/obo/GO_0014826
http://purl.obolibrary.org/obo/GO_0062086, http://purl.obolibrary.org/obo/GO_0014826
http://purl.obolibrary.org/obo/GO_0062089, http://purl.obolibrary.org/obo/GO_0042412
http://purl.obolibrary.org/obo/GO_0062089, http://purl.obolibrary.org/obo/GO_0042412
http://purl.obolibrary.org/obo/GO_0062098, http://purl.obolibrary.org/obo/GO_0097300
http://purl.obolibrary.org/obo/GO_0062098, http://purl.obolibrary.org/obo/GO_0097300
http://purl.obolibrary.org/obo/GO_0062107, http://purl.obolibrary.org/obo/GO_1902487
http://purl.obolibrary.org/obo/GO_0062107, http://purl.obolibrary.org/obo/GO_1902487
http://purl.obolibrary.org/obo/GO_0062109, http://purl.obolibrary.org/obo/GO_1990986
http://purl.obolibrary.org/obo/GO_0062109, http://purl.obolibrary.org/obo/GO_1990986
http://purl.obolibrary.org/obo/GO_0062123, http://purl.obolibrary.org/obo/GO_0062121
http://purl.obolibrary.org/obo/GO_0062123, http://purl.obolibrary.org/obo/GO_0062121
http://purl.obolibrary.org/obo/GO_0062125, http://purl.obolibrary.org/obo/GO_0140053
http://purl.obolibrary.org/obo/GO_0062125, http://purl.obolibrary.org/obo/GO_0140053
http://purl.obolibrary.org/obo/GO_0062132, http://purl.obolibrary.org/obo/GO_1901704
http://purl.obolibrary.org/obo/GO_0062132, http://purl.obolibrary.org/obo/GO_1901704
http://purl.obolibrary.org/obo/GO_0062161, http://purl.obolibrary.org/obo/GO_0106220
http://purl.obolibrary.org/obo/GO_0062161, http://purl.obolibrary.org/obo/GO_0106220
http://purl.obolibrary.org/obo/GO_0062164, http://purl.obolibrary.org/obo/GO_0062163
http://purl.obolibrary.org/obo/GO_0062164, http://purl.obolibrary.org/obo/GO_0062163
http://purl.obolibrary.org/obo/GO_0062169, http://purl.obolibrary.org/obo/GO_0031535
http://purl.obolibrary.org/obo/GO_0062169, http://purl.obolibrary.org/obo/GO_0031535
http://purl.obolibrary.org/obo/GO_0062207, http://purl.obolibrary.org/obo/GO_0002221
http://purl.obolibrary.org/obo/GO_0062207, http://purl.obolibrary.org/obo/GO_0002221
http://purl.obolibrary.org/obo/GO_0062212, http://purl.obolibrary.org/obo/GO_1902975
http://purl.obolibrary.org/obo/GO_0062223, http://purl.obolibrary.org/obo/GO_0007525
http://purl.obolibrary.org/obo/GO_0062223, http://purl.obolibrary.org/obo/GO_0007525
http://purl.obolibrary.org/obo/GO_0062226, http://purl.obolibrary.org/obo/GO_0007527
http://purl.obolibrary.org/obo/GO_0062226, http://purl.obolibrary.org/obo/GO_0007527
http://purl.obolibrary.org/obo/GO_0062229, http://purl.obolibrary.org/obo/GO_0007526
http://purl.obolibrary.org/obo/GO_0062229, http://purl.obolibrary.org/obo/GO_0007526
http://purl.obolibrary.org/obo/GO_0065009, http://purl.obolibrary.org/obo/GO_0003674
http://purl.obolibrary.org/obo/GO_0065009, http://purl.obolibrary.org/obo/GO_0003674
http://purl.obolibrary.org/obo/GO_0070092, http://purl.obolibrary.org/obo/GO_0070091
http://purl.obolibrary.org/obo/GO_0070092, http://purl.obolibrary.org/obo/GO_0070091
http://purl.obolibrary.org/obo/GO_0070099, http://purl.obolibrary.org/obo/GO_0070098
http://purl.obolibrary.org/obo/GO_0070099, http://purl.obolibrary.org/obo/GO_0070098
http://purl.obolibrary.org/obo/GO_0070103, http://purl.obolibrary.org/obo/GO_0070102
http://purl.obolibrary.org/obo/GO_0070103, http://purl.obolibrary.org/obo/GO_0070102
http://purl.obolibrary.org/obo/GO_0070107, http://purl.obolibrary.org/obo/GO_0070106
http://purl.obolibrary.org/obo/GO_0070107, http://purl.obolibrary.org/obo/GO_0070106
http://purl.obolibrary.org/obo/GO_0070129, http://purl.obolibrary.org/obo/GO_0032543
http://purl.obolibrary.org/obo/GO_0070129, http://purl.obolibrary.org/obo/GO_0032543
http://purl.obolibrary.org/obo/GO_0070132, http://purl.obolibrary.org/obo/GO_0070124
http://purl.obolibrary.org/obo/GO_0070132, http://purl.obolibrary.org/obo/GO_0070124
http://purl.obolibrary.org/obo/GO_0070163, http://purl.obolibrary.org/obo/GO_0070162
http://purl.obolibrary.org/obo/GO_0070163, http://purl.obolibrary.org/obo/GO_0070162
http://purl.obolibrary.org/obo/GO_0070167, http://purl.obolibrary.org/obo/GO_0031214
http://purl.obolibrary.org/obo/GO_0070167, http://purl.obolibrary.org/obo/GO_0031214
http://purl.obolibrary.org/obo/GO_0070170, http://purl.obolibrary.org/obo/GO_0034505
http://purl.obolibrary.org/obo/GO_0070170, http://purl.obolibrary.org/obo/GO_0034505
http://purl.obolibrary.org/obo/GO_0070173, http://purl.obolibrary.org/obo/GO_0070166
http://purl.obolibrary.org/obo/GO_0070173, http://purl.obolibrary.org/obo/GO_0070166
http://purl.obolibrary.org/obo/GO_0070201, http://purl.obolibrary.org/obo/GO_0045184
http://purl.obolibrary.org/obo/GO_0070201, http://purl.obolibrary.org/obo/GO_0045184
http://purl.obolibrary.org/obo/GO_0070202, http://purl.obolibrary.org/obo/GO_0070199
http://purl.obolibrary.org/obo/GO_0070202, http://purl.obolibrary.org/obo/GO_0070199
http://purl.obolibrary.org/obo/GO_0070203, http://purl.obolibrary.org/obo/GO_0070200
http://purl.obolibrary.org/obo/GO_0070203, http://purl.obolibrary.org/obo/GO_0070200
http://purl.obolibrary.org/obo/GO_0070228, http://purl.obolibrary.org/obo/GO_0070227
http://purl.obolibrary.org/obo/GO_0070228, http://purl.obolibrary.org/obo/GO_0070227
http://purl.obolibrary.org/obo/GO_0070232, http://purl.obolibrary.org/obo/GO_0070231
http://purl.obolibrary.org/obo/GO_0070232, http://purl.obolibrary.org/obo/GO_0070231
http://purl.obolibrary.org/obo/GO_0070235, http://purl.obolibrary.org/obo/GO_0006924
http://purl.obolibrary.org/obo/GO_0070235, http://purl.obolibrary.org/obo/GO_0006924
http://purl.obolibrary.org/obo/GO_0070239, http://purl.obolibrary.org/obo/GO_0070238
http://purl.obolibrary.org/obo/GO_0070239, http://purl.obolibrary.org/obo/GO_0070238
http://purl.obolibrary.org/obo/GO_0070243, http://purl.obolibrary.org/obo/GO_0070242
http://purl.obolibrary.org/obo/GO_0070243, http://purl.obolibrary.org/obo/GO_0070242
http://purl.obolibrary.org/obo/GO_0070247, http://purl.obolibrary.org/obo/GO_0070246
http://purl.obolibrary.org/obo/GO_0070247, http://purl.obolibrary.org/obo/GO_0070246
http://purl.obolibrary.org/obo/GO_0070255, http://purl.obolibrary.org/obo/GO_0070254
http://purl.obolibrary.org/obo/GO_0070255, http://purl.obolibrary.org/obo/GO_0070254
http://purl.obolibrary.org/obo/GO_0070297, http://purl.obolibrary.org/obo/GO_0000160
http://purl.obolibrary.org/obo/GO_0070297, http://purl.obolibrary.org/obo/GO_0000160
http://purl.obolibrary.org/obo/GO_0070302, http://purl.obolibrary.org/obo/GO_0031098
http://purl.obolibrary.org/obo/GO_0070302, http://purl.obolibrary.org/obo/GO_0031098
http://purl.obolibrary.org/obo/GO_0070316, http://purl.obolibrary.org/obo/GO_0045023
http://purl.obolibrary.org/obo/GO_0070316, http://purl.obolibrary.org/obo/GO_0045023
http://purl.obolibrary.org/obo/GO_0070344, http://purl.obolibrary.org/obo/GO_0070341
http://purl.obolibrary.org/obo/GO_0070344, http://purl.obolibrary.org/obo/GO_0070341
http://purl.obolibrary.org/obo/GO_0070347, http://purl.obolibrary.org/obo/GO_0070342
http://purl.obolibrary.org/obo/GO_0070347, http://purl.obolibrary.org/obo/GO_0070342
http://purl.obolibrary.org/obo/GO_0070350, http://purl.obolibrary.org/obo/GO_0070343
http://purl.obolibrary.org/obo/GO_0070350, http://purl.obolibrary.org/obo/GO_0070343
http://purl.obolibrary.org/obo/GO_0070366, http://purl.obolibrary.org/obo/GO_0070365
http://purl.obolibrary.org/obo/GO_0070366, http://purl.obolibrary.org/obo/GO_0070365
http://purl.obolibrary.org/obo/GO_0070372, http://purl.obolibrary.org/obo/GO_0070371
http://purl.obolibrary.org/obo/GO_0070372, http://purl.obolibrary.org/obo/GO_0070371
http://purl.obolibrary.org/obo/GO_0070376, http://purl.obolibrary.org/obo/GO_0070375
http://purl.obolibrary.org/obo/GO_0070376, http://purl.obolibrary.org/obo/GO_0070375
http://purl.obolibrary.org/obo/GO_0070424, http://purl.obolibrary.org/obo/GO_0035872
http://purl.obolibrary.org/obo/GO_0070424, http://purl.obolibrary.org/obo/GO_0035872
http://purl.obolibrary.org/obo/GO_0070428, http://purl.obolibrary.org/obo/GO_0070427
http://purl.obolibrary.org/obo/GO_0070428, http://purl.obolibrary.org/obo/GO_0070427
http://purl.obolibrary.org/obo/GO_0070432, http://purl.obolibrary.org/obo/GO_0070431
http://purl.obolibrary.org/obo/GO_0070432, http://purl.obolibrary.org/obo/GO_0070431
http://purl.obolibrary.org/obo/GO_0070445, http://purl.obolibrary.org/obo/GO_0070444
http://purl.obolibrary.org/obo/GO_0070445, http://purl.obolibrary.org/obo/GO_0070444
http://purl.obolibrary.org/obo/GO_0070453, http://purl.obolibrary.org/obo/GO_0006783
http://purl.obolibrary.org/obo/GO_0070453, http://purl.obolibrary.org/obo/GO_0006783
http://purl.obolibrary.org/obo/GO_0070472, http://purl.obolibrary.org/obo/GO_0070471
http://purl.obolibrary.org/obo/GO_0070472, http://purl.obolibrary.org/obo/GO_0070471
http://purl.obolibrary.org/obo/GO_0070494, http://purl.obolibrary.org/obo/GO_0070493
http://purl.obolibrary.org/obo/GO_0070494, http://purl.obolibrary.org/obo/GO_0070493
http://purl.obolibrary.org/obo/GO_0070507, http://purl.obolibrary.org/obo/GO_0000226
http://purl.obolibrary.org/obo/GO_0070507, http://purl.obolibrary.org/obo/GO_0000226
http://purl.obolibrary.org/obo/GO_0070562, http://purl.obolibrary.org/obo/GO_0070561
http://purl.obolibrary.org/obo/GO_0070562, http://purl.obolibrary.org/obo/GO_0070561
http://purl.obolibrary.org/obo/GO_0070570, http://purl.obolibrary.org/obo/GO_0031102
http://purl.obolibrary.org/obo/GO_0070570, http://purl.obolibrary.org/obo/GO_0031102
http://purl.obolibrary.org/obo/GO_0070575, http://purl.obolibrary.org/obo/GO_0000762
http://purl.obolibrary.org/obo/GO_0070587, http://purl.obolibrary.org/obo/GO_0070586
http://purl.obolibrary.org/obo/GO_0070587, http://purl.obolibrary.org/obo/GO_0070586
http://purl.obolibrary.org/obo/GO_0070602, http://purl.obolibrary.org/obo/GO_0070601
http://purl.obolibrary.org/obo/GO_0070602, http://purl.obolibrary.org/obo/GO_0070601
http://purl.obolibrary.org/obo/GO_0070605, http://purl.obolibrary.org/obo/GO_0070595
http://purl.obolibrary.org/obo/GO_0070605, http://purl.obolibrary.org/obo/GO_0070595
http://purl.obolibrary.org/obo/GO_0070606, http://purl.obolibrary.org/obo/GO_0070596
http://purl.obolibrary.org/obo/GO_0070606, http://purl.obolibrary.org/obo/GO_0070596
http://purl.obolibrary.org/obo/GO_0070607, http://purl.obolibrary.org/obo/GO_0070597
http://purl.obolibrary.org/obo/GO_0070607, http://purl.obolibrary.org/obo/GO_0070597
http://purl.obolibrary.org/obo/GO_0070608, http://purl.obolibrary.org/obo/GO_0070598
http://purl.obolibrary.org/obo/GO_0070608, http://purl.obolibrary.org/obo/GO_0070598
http://purl.obolibrary.org/obo/GO_0070609, http://purl.obolibrary.org/obo/GO_0070599
http://purl.obolibrary.org/obo/GO_0070609, http://purl.obolibrary.org/obo/GO_0070599
http://purl.obolibrary.org/obo/GO_0070610, http://purl.obolibrary.org/obo/GO_0070600
http://purl.obolibrary.org/obo/GO_0070610, http://purl.obolibrary.org/obo/GO_0070600
http://purl.obolibrary.org/obo/GO_0070613, http://purl.obolibrary.org/obo/GO_0016485
http://purl.obolibrary.org/obo/GO_0070613, http://purl.obolibrary.org/obo/GO_0016485
http://purl.obolibrary.org/obo/GO_0070616, http://purl.obolibrary.org/obo/GO_0009229
http://purl.obolibrary.org/obo/GO_0070616, http://purl.obolibrary.org/obo/GO_0009229
http://purl.obolibrary.org/obo/GO_0070623, http://purl.obolibrary.org/obo/GO_0009228
http://purl.obolibrary.org/obo/GO_0070623, http://purl.obolibrary.org/obo/GO_0009228
http://purl.obolibrary.org/obo/GO_0070663, http://purl.obolibrary.org/obo/GO_0070661
http://purl.obolibrary.org/obo/GO_0070663, http://purl.obolibrary.org/obo/GO_0070661
http://purl.obolibrary.org/obo/GO_0070666, http://purl.obolibrary.org/obo/GO_0070662
http://purl.obolibrary.org/obo/GO_0070666, http://purl.obolibrary.org/obo/GO_0070662
http://purl.obolibrary.org/obo/GO_0070754, http://purl.obolibrary.org/obo/GO_0070753
http://purl.obolibrary.org/obo/GO_0070754, http://purl.obolibrary.org/obo/GO_0070753
http://purl.obolibrary.org/obo/GO_0070758, http://purl.obolibrary.org/obo/GO_0070757
http://purl.obolibrary.org/obo/GO_0070758, http://purl.obolibrary.org/obo/GO_0070757
http://purl.obolibrary.org/obo/GO_0070784, http://purl.obolibrary.org/obo/GO_0070783
http://purl.obolibrary.org/obo/GO_0070784, http://purl.obolibrary.org/obo/GO_0070783
http://purl.obolibrary.org/obo/GO_0070793, http://purl.obolibrary.org/obo/GO_0070787
http://purl.obolibrary.org/obo/GO_0070793, http://purl.obolibrary.org/obo/GO_0070787
http://purl.obolibrary.org/obo/GO_0070796, http://purl.obolibrary.org/obo/GO_0070791
http://purl.obolibrary.org/obo/GO_0070796, http://purl.obolibrary.org/obo/GO_0070791
http://purl.obolibrary.org/obo/GO_0070799, http://purl.obolibrary.org/obo/GO_0070788
http://purl.obolibrary.org/obo/GO_0070799, http://purl.obolibrary.org/obo/GO_0070788
http://purl.obolibrary.org/obo/GO_0070802, http://purl.obolibrary.org/obo/GO_0070789
http://purl.obolibrary.org/obo/GO_0070802, http://purl.obolibrary.org/obo/GO_0070789
http://purl.obolibrary.org/obo/GO_0070805, http://purl.obolibrary.org/obo/GO_0070790
http://purl.obolibrary.org/obo/GO_0070805, http://purl.obolibrary.org/obo/GO_0070790
http://purl.obolibrary.org/obo/GO_0070808, http://purl.obolibrary.org/obo/GO_0070792
http://purl.obolibrary.org/obo/GO_0070808, http://purl.obolibrary.org/obo/GO_0070792
http://purl.obolibrary.org/obo/GO_0070857, http://purl.obolibrary.org/obo/GO_0006699
http://purl.obolibrary.org/obo/GO_0070857, http://purl.obolibrary.org/obo/GO_0006699
http://purl.obolibrary.org/obo/GO_0070861, http://purl.obolibrary.org/obo/GO_0032527
http://purl.obolibrary.org/obo/GO_0070861, http://purl.obolibrary.org/obo/GO_0032527
http://purl.obolibrary.org/obo/GO_0070873, http://purl.obolibrary.org/obo/GO_0005977
http://purl.obolibrary.org/obo/GO_0070873, http://purl.obolibrary.org/obo/GO_0005977
http://purl.obolibrary.org/obo/GO_0070881, http://purl.obolibrary.org/obo/GO_0015824
http://purl.obolibrary.org/obo/GO_0070881, http://purl.obolibrary.org/obo/GO_0015824
http://purl.obolibrary.org/obo/GO_0070884, http://purl.obolibrary.org/obo/GO_0033173
http://purl.obolibrary.org/obo/GO_0070884, http://purl.obolibrary.org/obo/GO_0033173
http://purl.obolibrary.org/obo/GO_0070920, http://purl.obolibrary.org/obo/GO_0070918
http://purl.obolibrary.org/obo/GO_0070920, http://purl.obolibrary.org/obo/GO_0070918
http://purl.obolibrary.org/obo/GO_0070921, http://purl.obolibrary.org/obo/GO_0030422
http://purl.obolibrary.org/obo/GO_0070921, http://purl.obolibrary.org/obo/GO_0030422
http://purl.obolibrary.org/obo/GO_0070926, http://purl.obolibrary.org/obo/GO_0005471
http://purl.obolibrary.org/obo/GO_0070926, http://purl.obolibrary.org/obo/GO_0005471
http://purl.obolibrary.org/obo/GO_0070948, http://purl.obolibrary.org/obo/GO_0070942
http://purl.obolibrary.org/obo/GO_0070948, http://purl.obolibrary.org/obo/GO_0070942
http://purl.obolibrary.org/obo/GO_0070949, http://purl.obolibrary.org/obo/GO_0070943
http://purl.obolibrary.org/obo/GO_0070949, http://purl.obolibrary.org/obo/GO_0070943
http://purl.obolibrary.org/obo/GO_0070950, http://purl.obolibrary.org/obo/GO_0070944
http://purl.obolibrary.org/obo/GO_0070950, http://purl.obolibrary.org/obo/GO_0070944
http://purl.obolibrary.org/obo/GO_0070951, http://purl.obolibrary.org/obo/GO_0070945
http://purl.obolibrary.org/obo/GO_0070951, http://purl.obolibrary.org/obo/GO_0070945
http://purl.obolibrary.org/obo/GO_0070952, http://purl.obolibrary.org/obo/GO_0070946
http://purl.obolibrary.org/obo/GO_0070952, http://purl.obolibrary.org/obo/GO_0070946
http://purl.obolibrary.org/obo/GO_0070953, http://purl.obolibrary.org/obo/GO_0070947
http://purl.obolibrary.org/obo/GO_0070953, http://purl.obolibrary.org/obo/GO_0070947
http://purl.obolibrary.org/obo/GO_0071071, http://purl.obolibrary.org/obo/GO_0008654
http://purl.obolibrary.org/obo/GO_0071071, http://purl.obolibrary.org/obo/GO_0008654
http://purl.obolibrary.org/obo/GO_0071262, http://purl.obolibrary.org/obo/GO_0006413
http://purl.obolibrary.org/obo/GO_0071336, http://purl.obolibrary.org/obo/GO_0071335
http://purl.obolibrary.org/obo/GO_0071336, http://purl.obolibrary.org/obo/GO_0071335
http://purl.obolibrary.org/obo/GO_0071579, http://purl.obolibrary.org/obo/GO_0006829
http://purl.obolibrary.org/obo/GO_0071579, http://purl.obolibrary.org/obo/GO_0006829
http://purl.obolibrary.org/obo/GO_0071580, http://purl.obolibrary.org/obo/GO_0071577
http://purl.obolibrary.org/obo/GO_0071580, http://purl.obolibrary.org/obo/GO_0071577
http://purl.obolibrary.org/obo/GO_0071581, http://purl.obolibrary.org/obo/GO_0071578
http://purl.obolibrary.org/obo/GO_0071581, http://purl.obolibrary.org/obo/GO_0071578
http://purl.obolibrary.org/obo/GO_0071622, http://purl.obolibrary.org/obo/GO_0071621
http://purl.obolibrary.org/obo/GO_0071622, http://purl.obolibrary.org/obo/GO_0071621
http://purl.obolibrary.org/obo/GO_0071634, http://purl.obolibrary.org/obo/GO_0071604
http://purl.obolibrary.org/obo/GO_0071634, http://purl.obolibrary.org/obo/GO_0071604
http://purl.obolibrary.org/obo/GO_0071637, http://purl.obolibrary.org/obo/GO_0071605
http://purl.obolibrary.org/obo/GO_0071637, http://purl.obolibrary.org/obo/GO_0071605
http://purl.obolibrary.org/obo/GO_0071640, http://purl.obolibrary.org/obo/GO_0071608
http://purl.obolibrary.org/obo/GO_0071640, http://purl.obolibrary.org/obo/GO_0071608
http://purl.obolibrary.org/obo/GO_0071643, http://purl.obolibrary.org/obo/GO_0071606
http://purl.obolibrary.org/obo/GO_0071643, http://purl.obolibrary.org/obo/GO_0071606
http://purl.obolibrary.org/obo/GO_0071646, http://purl.obolibrary.org/obo/GO_0071607
http://purl.obolibrary.org/obo/GO_0071646, http://purl.obolibrary.org/obo/GO_0071607
http://purl.obolibrary.org/obo/GO_0071649, http://purl.obolibrary.org/obo/GO_0071609
http://purl.obolibrary.org/obo/GO_0071649, http://purl.obolibrary.org/obo/GO_0071609
http://purl.obolibrary.org/obo/GO_0071652, http://purl.obolibrary.org/obo/GO_0071610
http://purl.obolibrary.org/obo/GO_0071652, http://purl.obolibrary.org/obo/GO_0071610
http://purl.obolibrary.org/obo/GO_0071655, http://purl.obolibrary.org/obo/GO_0071611
http://purl.obolibrary.org/obo/GO_0071655, http://purl.obolibrary.org/obo/GO_0071611
http://purl.obolibrary.org/obo/GO_0071658, http://purl.obolibrary.org/obo/GO_0071612
http://purl.obolibrary.org/obo/GO_0071658, http://purl.obolibrary.org/obo/GO_0071612
http://purl.obolibrary.org/obo/GO_0071661, http://purl.obolibrary.org/obo/GO_0071613
http://purl.obolibrary.org/obo/GO_0071661, http://purl.obolibrary.org/obo/GO_0071613
http://purl.obolibrary.org/obo/GO_0071671, http://purl.obolibrary.org/obo/GO_0071670
http://purl.obolibrary.org/obo/GO_0071671, http://purl.obolibrary.org/obo/GO_0071670
http://purl.obolibrary.org/obo/GO_0071675, http://purl.obolibrary.org/obo/GO_0071674
http://purl.obolibrary.org/obo/GO_0071675, http://purl.obolibrary.org/obo/GO_0071674
http://purl.obolibrary.org/obo/GO_0071801, http://purl.obolibrary.org/obo/GO_0071800
http://purl.obolibrary.org/obo/GO_0071801, http://purl.obolibrary.org/obo/GO_0071800
http://purl.obolibrary.org/obo/GO_0071809, http://purl.obolibrary.org/obo/GO_0100008
http://purl.obolibrary.org/obo/GO_0071809, http://purl.obolibrary.org/obo/GO_0100008
http://purl.obolibrary.org/obo/GO_0071810, http://purl.obolibrary.org/obo/GO_0100009
http://purl.obolibrary.org/obo/GO_0071810, http://purl.obolibrary.org/obo/GO_0100009
http://purl.obolibrary.org/obo/GO_0071863, http://purl.obolibrary.org/obo/GO_0071838
http://purl.obolibrary.org/obo/GO_0071863, http://purl.obolibrary.org/obo/GO_0071838
http://purl.obolibrary.org/obo/GO_0071865, http://purl.obolibrary.org/obo/GO_0071839
http://purl.obolibrary.org/obo/GO_0071865, http://purl.obolibrary.org/obo/GO_0071839
http://purl.obolibrary.org/obo/GO_0071877, http://purl.obolibrary.org/obo/GO_0071881
http://purl.obolibrary.org/obo/GO_0071877, http://purl.obolibrary.org/obo/GO_0071881
http://purl.obolibrary.org/obo/GO_0071900, http://purl.obolibrary.org/obo/GO_0004674
http://purl.obolibrary.org/obo/GO_0071900, http://purl.obolibrary.org/obo/GO_0004674
http://purl.obolibrary.org/obo/GO_0071922, http://purl.obolibrary.org/obo/GO_0071921
http://purl.obolibrary.org/obo/GO_0071922, http://purl.obolibrary.org/obo/GO_0071921
http://purl.obolibrary.org/obo/GO_0072039, http://purl.obolibrary.org/obo/GO_1901145
http://purl.obolibrary.org/obo/GO_0072039, http://purl.obolibrary.org/obo/GO_0072038
http://purl.obolibrary.org/obo/GO_0072039, http://purl.obolibrary.org/obo/GO_1901145
http://purl.obolibrary.org/obo/GO_0072042, http://purl.obolibrary.org/obo/GO_0072090
http://purl.obolibrary.org/obo/GO_0072043, http://purl.obolibrary.org/obo/GO_0072035
http://purl.obolibrary.org/obo/GO_0072043, http://purl.obolibrary.org/obo/GO_0072035
http://purl.obolibrary.org/obo/GO_0072091, http://purl.obolibrary.org/obo/GO_0072089
http://purl.obolibrary.org/obo/GO_0072091, http://purl.obolibrary.org/obo/GO_0072089
http://purl.obolibrary.org/obo/GO_0072095, http://purl.obolibrary.org/obo/GO_0060681
http://purl.obolibrary.org/obo/GO_0072095, http://purl.obolibrary.org/obo/GO_0060681
http://purl.obolibrary.org/obo/GO_0072106, http://purl.obolibrary.org/obo/GO_0060676
http://purl.obolibrary.org/obo/GO_0072106, http://purl.obolibrary.org/obo/GO_0060676
http://purl.obolibrary.org/obo/GO_0072124, http://purl.obolibrary.org/obo/GO_0072110
http://purl.obolibrary.org/obo/GO_0072124, http://purl.obolibrary.org/obo/GO_0072110
http://purl.obolibrary.org/obo/GO_0072182, http://purl.obolibrary.org/obo/GO_0072160
http://purl.obolibrary.org/obo/GO_0072182, http://purl.obolibrary.org/obo/GO_0072160
http://purl.obolibrary.org/obo/GO_0072199, http://purl.obolibrary.org/obo/GO_0072198
http://purl.obolibrary.org/obo/GO_0072199, http://purl.obolibrary.org/obo/GO_0072198
http://purl.obolibrary.org/obo/GO_0072215, http://purl.obolibrary.org/obo/GO_0001656
http://purl.obolibrary.org/obo/GO_0072215, http://purl.obolibrary.org/obo/GO_0001656
http://purl.obolibrary.org/obo/GO_0072298, http://purl.obolibrary.org/obo/GO_0072224
http://purl.obolibrary.org/obo/GO_0072298, http://purl.obolibrary.org/obo/GO_0072224
http://purl.obolibrary.org/obo/GO_0072301, http://purl.obolibrary.org/obo/GO_0072262
http://purl.obolibrary.org/obo/GO_0072301, http://purl.obolibrary.org/obo/GO_0072262
http://purl.obolibrary.org/obo/GO_0072304, http://purl.obolibrary.org/obo/GO_1901147
http://purl.obolibrary.org/obo/GO_0072304, http://purl.obolibrary.org/obo/GO_0072309
http://purl.obolibrary.org/obo/GO_0072304, http://purl.obolibrary.org/obo/GO_1901147
http://purl.obolibrary.org/obo/GO_0072307, http://purl.obolibrary.org/obo/GO_0072257
http://purl.obolibrary.org/obo/GO_0072307, http://purl.obolibrary.org/obo/GO_0072257
http://purl.obolibrary.org/obo/GO_0075010, http://purl.obolibrary.org/obo/GO_0075009
http://purl.obolibrary.org/obo/GO_0075010, http://purl.obolibrary.org/obo/GO_0075009
http://purl.obolibrary.org/obo/GO_0075017, http://purl.obolibrary.org/obo/GO_0075016
http://purl.obolibrary.org/obo/GO_0075017, http://purl.obolibrary.org/obo/GO_0075016
http://purl.obolibrary.org/obo/GO_0075030, http://purl.obolibrary.org/obo/GO_0075029
http://purl.obolibrary.org/obo/GO_0075030, http://purl.obolibrary.org/obo/GO_0075029
http://purl.obolibrary.org/obo/GO_0075045, http://purl.obolibrary.org/obo/GO_0052094
http://purl.obolibrary.org/obo/GO_0075045, http://purl.obolibrary.org/obo/GO_0052094
http://purl.obolibrary.org/obo/GO_0075054, http://purl.obolibrary.org/obo/GO_0075053
http://purl.obolibrary.org/obo/GO_0075054, http://purl.obolibrary.org/obo/GO_0075053
http://purl.obolibrary.org/obo/GO_0075071, http://purl.obolibrary.org/obo/GO_0006914
http://purl.obolibrary.org/obo/GO_0075071, http://purl.obolibrary.org/obo/GO_0006914
http://purl.obolibrary.org/obo/GO_0075184, http://purl.obolibrary.org/obo/GO_0075183
http://purl.obolibrary.org/obo/GO_0075184, http://purl.obolibrary.org/obo/GO_0075183
http://purl.obolibrary.org/obo/GO_0075188, http://purl.obolibrary.org/obo/GO_0075187
http://purl.obolibrary.org/obo/GO_0075188, http://purl.obolibrary.org/obo/GO_0075187
http://purl.obolibrary.org/obo/GO_0075193, http://purl.obolibrary.org/obo/GO_0075192
http://purl.obolibrary.org/obo/GO_0075193, http://purl.obolibrary.org/obo/GO_0075192
http://purl.obolibrary.org/obo/GO_0075198, http://purl.obolibrary.org/obo/GO_0075197
http://purl.obolibrary.org/obo/GO_0075198, http://purl.obolibrary.org/obo/GO_0075197
http://purl.obolibrary.org/obo/GO_0075202, http://purl.obolibrary.org/obo/GO_0075201
http://purl.obolibrary.org/obo/GO_0075202, http://purl.obolibrary.org/obo/GO_0075201
http://purl.obolibrary.org/obo/GO_0075215, http://purl.obolibrary.org/obo/GO_0075214
http://purl.obolibrary.org/obo/GO_0075215, http://purl.obolibrary.org/obo/GO_0075214
http://purl.obolibrary.org/obo/GO_0075219, http://purl.obolibrary.org/obo/GO_0075218
http://purl.obolibrary.org/obo/GO_0075223, http://purl.obolibrary.org/obo/GO_0075222
http://purl.obolibrary.org/obo/GO_0075223, http://purl.obolibrary.org/obo/GO_0075222
http://purl.obolibrary.org/obo/GO_0075227, http://purl.obolibrary.org/obo/GO_0075226
http://purl.obolibrary.org/obo/GO_0075227, http://purl.obolibrary.org/obo/GO_0075226
http://purl.obolibrary.org/obo/GO_0075240, http://purl.obolibrary.org/obo/GO_0075239
http://purl.obolibrary.org/obo/GO_0075240, http://purl.obolibrary.org/obo/GO_0075239
http://purl.obolibrary.org/obo/GO_0075244, http://purl.obolibrary.org/obo/GO_0075243
http://purl.obolibrary.org/obo/GO_0075244, http://purl.obolibrary.org/obo/GO_0075243
http://purl.obolibrary.org/obo/GO_0075248, http://purl.obolibrary.org/obo/GO_0075247
http://purl.obolibrary.org/obo/GO_0075248, http://purl.obolibrary.org/obo/GO_0075247
http://purl.obolibrary.org/obo/GO_0075252, http://purl.obolibrary.org/obo/GO_0075251
http://purl.obolibrary.org/obo/GO_0075252, http://purl.obolibrary.org/obo/GO_0075251
http://purl.obolibrary.org/obo/GO_0075256, http://purl.obolibrary.org/obo/GO_0075255
http://purl.obolibrary.org/obo/GO_0075256, http://purl.obolibrary.org/obo/GO_0075255
http://purl.obolibrary.org/obo/GO_0075260, http://purl.obolibrary.org/obo/GO_0075259
http://purl.obolibrary.org/obo/GO_0075260, http://purl.obolibrary.org/obo/GO_0075259
http://purl.obolibrary.org/obo/GO_0075264, http://purl.obolibrary.org/obo/GO_0075263
http://purl.obolibrary.org/obo/GO_0075264, http://purl.obolibrary.org/obo/GO_0075263
http://purl.obolibrary.org/obo/GO_0075268, http://purl.obolibrary.org/obo/GO_0075267
http://purl.obolibrary.org/obo/GO_0075268, http://purl.obolibrary.org/obo/GO_0075267
http://purl.obolibrary.org/obo/GO_0075272, http://purl.obolibrary.org/obo/GO_0075271
http://purl.obolibrary.org/obo/GO_0075272, http://purl.obolibrary.org/obo/GO_0075271
http://purl.obolibrary.org/obo/GO_0075276, http://purl.obolibrary.org/obo/GO_0075275
http://purl.obolibrary.org/obo/GO_0075276, http://purl.obolibrary.org/obo/GO_0075275
http://purl.obolibrary.org/obo/GO_0075280, http://purl.obolibrary.org/obo/GO_0075279
http://purl.obolibrary.org/obo/GO_0075280, http://purl.obolibrary.org/obo/GO_0075279
http://purl.obolibrary.org/obo/GO_0075286, http://purl.obolibrary.org/obo/GO_0034300
http://purl.obolibrary.org/obo/GO_0075286, http://purl.obolibrary.org/obo/GO_0034300
http://purl.obolibrary.org/obo/GO_0075290, http://purl.obolibrary.org/obo/GO_0075289
http://purl.obolibrary.org/obo/GO_0075290, http://purl.obolibrary.org/obo/GO_0075289
http://purl.obolibrary.org/obo/GO_0075298, http://purl.obolibrary.org/obo/GO_0034296
http://purl.obolibrary.org/obo/GO_0075298, http://purl.obolibrary.org/obo/GO_0034296
http://purl.obolibrary.org/obo/GO_0075302, http://purl.obolibrary.org/obo/GO_0034295
http://purl.obolibrary.org/obo/GO_0075302, http://purl.obolibrary.org/obo/GO_0034295
http://purl.obolibrary.org/obo/GO_0075306, http://purl.obolibrary.org/obo/GO_0048315
http://purl.obolibrary.org/obo/GO_0075306, http://purl.obolibrary.org/obo/GO_0048315
http://purl.obolibrary.org/obo/GO_0075310, http://purl.obolibrary.org/obo/GO_0043582
http://purl.obolibrary.org/obo/GO_0075310, http://purl.obolibrary.org/obo/GO_0043582
http://purl.obolibrary.org/obo/GO_0075314, http://purl.obolibrary.org/obo/GO_0075313
http://purl.obolibrary.org/obo/GO_0075314, http://purl.obolibrary.org/obo/GO_0075313
http://purl.obolibrary.org/obo/GO_0075318, http://purl.obolibrary.org/obo/GO_0075317
http://purl.obolibrary.org/obo/GO_0075318, http://purl.obolibrary.org/obo/GO_0075317
http://purl.obolibrary.org/obo/GO_0075322, http://purl.obolibrary.org/obo/GO_0075321
http://purl.obolibrary.org/obo/GO_0075322, http://purl.obolibrary.org/obo/GO_0075321
http://purl.obolibrary.org/obo/GO_0075329, http://purl.obolibrary.org/obo/GO_0075328
http://purl.obolibrary.org/obo/GO_0075329, http://purl.obolibrary.org/obo/GO_0075328
http://purl.obolibrary.org/obo/GO_0080020, http://purl.obolibrary.org/obo/GO_0015937
http://purl.obolibrary.org/obo/GO_0080020, http://purl.obolibrary.org/obo/GO_0015937
http://purl.obolibrary.org/obo/GO_0080036, http://purl.obolibrary.org/obo/GO_0009736
http://purl.obolibrary.org/obo/GO_0080036, http://purl.obolibrary.org/obo/GO_0009736
http://purl.obolibrary.org/obo/GO_0080050, http://purl.obolibrary.org/obo/GO_0048316
http://purl.obolibrary.org/obo/GO_0080050, http://purl.obolibrary.org/obo/GO_0048316
http://purl.obolibrary.org/obo/GO_0080090, http://purl.obolibrary.org/obo/GO_0044238
http://purl.obolibrary.org/obo/GO_0080090, http://purl.obolibrary.org/obo/GO_0044238
http://purl.obolibrary.org/obo/GO_0080091, http://purl.obolibrary.org/obo/GO_0033530
http://purl.obolibrary.org/obo/GO_0080091, http://purl.obolibrary.org/obo/GO_0033530
http://purl.obolibrary.org/obo/GO_0080092, http://purl.obolibrary.org/obo/GO_0009860
http://purl.obolibrary.org/obo/GO_0080092, http://purl.obolibrary.org/obo/GO_0009860
http://purl.obolibrary.org/obo/GO_0080093, http://purl.obolibrary.org/obo/GO_0009853
http://purl.obolibrary.org/obo/GO_0080093, http://purl.obolibrary.org/obo/GO_0009853
http://purl.obolibrary.org/obo/GO_0080113, http://purl.obolibrary.org/obo/GO_0080112
http://purl.obolibrary.org/obo/GO_0080113, http://purl.obolibrary.org/obo/GO_0080112
http://purl.obolibrary.org/obo/GO_0080134, http://purl.obolibrary.org/obo/GO_0006950
http://purl.obolibrary.org/obo/GO_0080134, http://purl.obolibrary.org/obo/GO_0006950
http://purl.obolibrary.org/obo/GO_0080135, http://purl.obolibrary.org/obo/GO_0033554
http://purl.obolibrary.org/obo/GO_0080135, http://purl.obolibrary.org/obo/GO_0033554
http://purl.obolibrary.org/obo/GO_0080140, http://purl.obolibrary.org/obo/GO_0009694
http://purl.obolibrary.org/obo/GO_0080140, http://purl.obolibrary.org/obo/GO_0009694
http://purl.obolibrary.org/obo/GO_0080141, http://purl.obolibrary.org/obo/GO_0009695
http://purl.obolibrary.org/obo/GO_0080141, http://purl.obolibrary.org/obo/GO_0009695
http://purl.obolibrary.org/obo/GO_0080142, http://purl.obolibrary.org/obo/GO_0009697
http://purl.obolibrary.org/obo/GO_0080142, http://purl.obolibrary.org/obo/GO_0009697
http://purl.obolibrary.org/obo/GO_0080143, http://purl.obolibrary.org/obo/GO_0032973
http://purl.obolibrary.org/obo/GO_0080152, http://purl.obolibrary.org/obo/GO_0019253
http://purl.obolibrary.org/obo/GO_0080154, http://purl.obolibrary.org/obo/GO_0009566
http://purl.obolibrary.org/obo/GO_0080154, http://purl.obolibrary.org/obo/GO_0009566
http://purl.obolibrary.org/obo/GO_0080155, http://purl.obolibrary.org/obo/GO_0009567
http://purl.obolibrary.org/obo/GO_0080157, http://purl.obolibrary.org/obo/GO_0071669
http://purl.obolibrary.org/obo/GO_0080163, http://purl.obolibrary.org/obo/GO_0004722
http://purl.obolibrary.org/obo/GO_0080164, http://purl.obolibrary.org/obo/GO_0046209
http://purl.obolibrary.org/obo/GO_0080164, http://purl.obolibrary.org/obo/GO_0046209
http://purl.obolibrary.org/obo/GO_0086004, http://purl.obolibrary.org/obo/GO_0086003
http://purl.obolibrary.org/obo/GO_0086004, http://purl.obolibrary.org/obo/GO_0086003
http://purl.obolibrary.org/obo/GO_0090006, http://purl.obolibrary.org/obo/GO_0030999
http://purl.obolibrary.org/obo/GO_0090006, http://purl.obolibrary.org/obo/GO_0030999
http://purl.obolibrary.org/obo/GO_0090016, http://purl.obolibrary.org/obo/GO_0090014
http://purl.obolibrary.org/obo/GO_0090016, http://purl.obolibrary.org/obo/GO_0090014
http://purl.obolibrary.org/obo/GO_0090022, http://purl.obolibrary.org/obo/GO_0030593
http://purl.obolibrary.org/obo/GO_0090022, http://purl.obolibrary.org/obo/GO_0030593
http://purl.obolibrary.org/obo/GO_0090025, http://purl.obolibrary.org/obo/GO_0002548
http://purl.obolibrary.org/obo/GO_0090025, http://purl.obolibrary.org/obo/GO_0002548
http://purl.obolibrary.org/obo/GO_0090034, http://purl.obolibrary.org/obo/GO_0051131
http://purl.obolibrary.org/obo/GO_0090034, http://purl.obolibrary.org/obo/GO_0051131
http://purl.obolibrary.org/obo/GO_0090036, http://purl.obolibrary.org/obo/GO_0070528
http://purl.obolibrary.org/obo/GO_0090036, http://purl.obolibrary.org/obo/GO_0070528
http://purl.obolibrary.org/obo/GO_0090043, http://purl.obolibrary.org/obo/GO_0090042
http://purl.obolibrary.org/obo/GO_0090043, http://purl.obolibrary.org/obo/GO_0090042
http://purl.obolibrary.org/obo/GO_0090049, http://purl.obolibrary.org/obo/GO_0002042
http://purl.obolibrary.org/obo/GO_0090049, http://purl.obolibrary.org/obo/GO_0002042
http://purl.obolibrary.org/obo/GO_0090052, http://purl.obolibrary.org/obo/GO_0031508
http://purl.obolibrary.org/obo/GO_0090052, http://purl.obolibrary.org/obo/GO_0031508
http://purl.obolibrary.org/obo/GO_0090054, http://purl.obolibrary.org/obo/GO_0030466
http://purl.obolibrary.org/obo/GO_0090054, http://purl.obolibrary.org/obo/GO_0030466
http://purl.obolibrary.org/obo/GO_0090056, http://purl.obolibrary.org/obo/GO_0015994
http://purl.obolibrary.org/obo/GO_0090056, http://purl.obolibrary.org/obo/GO_0015994
http://purl.obolibrary.org/obo/GO_0090060, http://purl.obolibrary.org/obo/GO_0090058
http://purl.obolibrary.org/obo/GO_0090060, http://purl.obolibrary.org/obo/GO_0090058
http://purl.obolibrary.org/obo/GO_0090062, http://purl.obolibrary.org/obo/GO_0005991
http://purl.obolibrary.org/obo/GO_0090062, http://purl.obolibrary.org/obo/GO_0005991
http://purl.obolibrary.org/obo/GO_0090069, http://purl.obolibrary.org/obo/GO_0042254
http://purl.obolibrary.org/obo/GO_0090069, http://purl.obolibrary.org/obo/GO_0042254
http://purl.obolibrary.org/obo/GO_0090083, http://purl.obolibrary.org/obo/GO_0070841
http://purl.obolibrary.org/obo/GO_0090083, http://purl.obolibrary.org/obo/GO_0070841
http://purl.obolibrary.org/obo/GO_0090085, http://purl.obolibrary.org/obo/GO_0016579
http://purl.obolibrary.org/obo/GO_0090085, http://purl.obolibrary.org/obo/GO_0016579
http://purl.obolibrary.org/obo/GO_0090087, http://purl.obolibrary.org/obo/GO_0015833
http://purl.obolibrary.org/obo/GO_0090087, http://purl.obolibrary.org/obo/GO_0015833
http://purl.obolibrary.org/obo/GO_0090088, http://purl.obolibrary.org/obo/GO_0006857
http://purl.obolibrary.org/obo/GO_0090088, http://purl.obolibrary.org/obo/GO_0006857
http://purl.obolibrary.org/obo/GO_0090089, http://purl.obolibrary.org/obo/GO_0042938
http://purl.obolibrary.org/obo/GO_0090089, http://purl.obolibrary.org/obo/GO_0042938
http://purl.obolibrary.org/obo/GO_0090092, http://purl.obolibrary.org/obo/GO_0007178
http://purl.obolibrary.org/obo/GO_0090092, http://purl.obolibrary.org/obo/GO_0007178
http://purl.obolibrary.org/obo/GO_0090093, http://purl.obolibrary.org/obo/GO_0070880
http://purl.obolibrary.org/obo/GO_0090093, http://purl.obolibrary.org/obo/GO_0070880
http://purl.obolibrary.org/obo/GO_0090095, http://purl.obolibrary.org/obo/GO_0090094
http://purl.obolibrary.org/obo/GO_0090095, http://purl.obolibrary.org/obo/GO_0090094
http://purl.obolibrary.org/obo/GO_0090107, http://purl.obolibrary.org/obo/GO_0034380
http://purl.obolibrary.org/obo/GO_0090107, http://purl.obolibrary.org/obo/GO_0034380
http://purl.obolibrary.org/obo/GO_0090109, http://purl.obolibrary.org/obo/GO_0007044
http://purl.obolibrary.org/obo/GO_0090109, http://purl.obolibrary.org/obo/GO_0007044
http://purl.obolibrary.org/obo/GO_0090111, http://purl.obolibrary.org/obo/GO_0090112
http://purl.obolibrary.org/obo/GO_0090111, http://purl.obolibrary.org/obo/GO_0090112
http://purl.obolibrary.org/obo/GO_0090128, http://purl.obolibrary.org/obo/GO_0060074
http://purl.obolibrary.org/obo/GO_0090128, http://purl.obolibrary.org/obo/GO_0060074
http://purl.obolibrary.org/obo/GO_0090138, http://purl.obolibrary.org/obo/GO_0030036
http://purl.obolibrary.org/obo/GO_0090140, http://purl.obolibrary.org/obo/GO_0000266
http://purl.obolibrary.org/obo/GO_0090140, http://purl.obolibrary.org/obo/GO_0000266
http://purl.obolibrary.org/obo/GO_0090153, http://purl.obolibrary.org/obo/GO_0030148
http://purl.obolibrary.org/obo/GO_0090153, http://purl.obolibrary.org/obo/GO_0030148
http://purl.obolibrary.org/obo/GO_0090165, http://purl.obolibrary.org/obo/GO_0046903
http://purl.obolibrary.org/obo/GO_0090169, http://purl.obolibrary.org/obo/GO_0051225
http://purl.obolibrary.org/obo/GO_0090169, http://purl.obolibrary.org/obo/GO_0051225
http://purl.obolibrary.org/obo/GO_0090170, http://purl.obolibrary.org/obo/GO_0048313
http://purl.obolibrary.org/obo/GO_0090170, http://purl.obolibrary.org/obo/GO_0048313
http://purl.obolibrary.org/obo/GO_0090173, http://purl.obolibrary.org/obo/GO_0007130
http://purl.obolibrary.org/obo/GO_0090173, http://purl.obolibrary.org/obo/GO_0007130
http://purl.obolibrary.org/obo/GO_0090175, http://purl.obolibrary.org/obo/GO_0001736
http://purl.obolibrary.org/obo/GO_0090175, http://purl.obolibrary.org/obo/GO_0001736
http://purl.obolibrary.org/obo/GO_0090178, http://purl.obolibrary.org/obo/GO_0090177
http://purl.obolibrary.org/obo/GO_0090178, http://purl.obolibrary.org/obo/GO_0090177
http://purl.obolibrary.org/obo/GO_0090181, http://purl.obolibrary.org/obo/GO_0008203
http://purl.obolibrary.org/obo/GO_0090181, http://purl.obolibrary.org/obo/GO_0008203
http://purl.obolibrary.org/obo/GO_0090182, http://purl.obolibrary.org/obo/GO_0033299
http://purl.obolibrary.org/obo/GO_0090182, http://purl.obolibrary.org/obo/GO_0033299
http://purl.obolibrary.org/obo/GO_0090183, http://purl.obolibrary.org/obo/GO_0001822
http://purl.obolibrary.org/obo/GO_0090183, http://purl.obolibrary.org/obo/GO_0001822
http://purl.obolibrary.org/obo/GO_0090186, http://purl.obolibrary.org/obo/GO_0030157
http://purl.obolibrary.org/obo/GO_0090186, http://purl.obolibrary.org/obo/GO_0030157
http://purl.obolibrary.org/obo/GO_0090189, http://purl.obolibrary.org/obo/GO_0001658
http://purl.obolibrary.org/obo/GO_0090189, http://purl.obolibrary.org/obo/GO_0001658
http://purl.obolibrary.org/obo/GO_0090192, http://purl.obolibrary.org/obo/GO_0032835
http://purl.obolibrary.org/obo/GO_0090192, http://purl.obolibrary.org/obo/GO_0032835
http://purl.obolibrary.org/obo/GO_0090199, http://purl.obolibrary.org/obo/GO_0001836
http://purl.obolibrary.org/obo/GO_0090199, http://purl.obolibrary.org/obo/GO_0001836
http://purl.obolibrary.org/obo/GO_0090207, http://purl.obolibrary.org/obo/GO_0006641
http://purl.obolibrary.org/obo/GO_0090207, http://purl.obolibrary.org/obo/GO_0006641
http://purl.obolibrary.org/obo/GO_0090210, http://purl.obolibrary.org/obo/GO_0060856
http://purl.obolibrary.org/obo/GO_0090210, http://purl.obolibrary.org/obo/GO_0060856
http://purl.obolibrary.org/obo/GO_0090213, http://purl.obolibrary.org/obo/GO_0009956
http://purl.obolibrary.org/obo/GO_0090213, http://purl.obolibrary.org/obo/GO_0009956
http://purl.obolibrary.org/obo/GO_0090224, http://purl.obolibrary.org/obo/GO_0007051
http://purl.obolibrary.org/obo/GO_0090224, http://purl.obolibrary.org/obo/GO_0007051
http://purl.obolibrary.org/obo/GO_0090227, http://purl.obolibrary.org/obo/GO_0010017
http://purl.obolibrary.org/obo/GO_0090227, http://purl.obolibrary.org/obo/GO_0010017
http://purl.obolibrary.org/obo/GO_0090230, http://purl.obolibrary.org/obo/GO_0034508
http://purl.obolibrary.org/obo/GO_0090230, http://purl.obolibrary.org/obo/GO_0034508
http://purl.obolibrary.org/obo/GO_0090231, http://purl.obolibrary.org/obo/GO_0031577
http://purl.obolibrary.org/obo/GO_0090231, http://purl.obolibrary.org/obo/GO_0031577
http://purl.obolibrary.org/obo/GO_0090234, http://purl.obolibrary.org/obo/GO_0051382
http://purl.obolibrary.org/obo/GO_0090234, http://purl.obolibrary.org/obo/GO_0051382
http://purl.obolibrary.org/obo/GO_0090235, http://purl.obolibrary.org/obo/GO_0051310
http://purl.obolibrary.org/obo/GO_0090235, http://purl.obolibrary.org/obo/GO_0051310
http://purl.obolibrary.org/obo/GO_0090237, http://purl.obolibrary.org/obo/GO_0050482
http://purl.obolibrary.org/obo/GO_0090237, http://purl.obolibrary.org/obo/GO_0050482
http://purl.obolibrary.org/obo/GO_0090249, http://purl.obolibrary.org/obo/GO_0090248
http://purl.obolibrary.org/obo/GO_0090249, http://purl.obolibrary.org/obo/GO_0090248
http://purl.obolibrary.org/obo/GO_0090256, http://purl.obolibrary.org/obo/GO_0090255
http://purl.obolibrary.org/obo/GO_0090257, http://purl.obolibrary.org/obo/GO_0003012
http://purl.obolibrary.org/obo/GO_0090257, http://purl.obolibrary.org/obo/GO_0003012
http://purl.obolibrary.org/obo/GO_0090259, http://purl.obolibrary.org/obo/GO_0031290
http://purl.obolibrary.org/obo/GO_0090259, http://purl.obolibrary.org/obo/GO_0031290
http://purl.obolibrary.org/obo/GO_0090262, http://purl.obolibrary.org/obo/GO_0006283
http://purl.obolibrary.org/obo/GO_0090262, http://purl.obolibrary.org/obo/GO_0006283
http://purl.obolibrary.org/obo/GO_0090264, http://purl.obolibrary.org/obo/GO_0002436
http://purl.obolibrary.org/obo/GO_0090264, http://purl.obolibrary.org/obo/GO_0002436
http://purl.obolibrary.org/obo/GO_0090266, http://purl.obolibrary.org/obo/GO_0007094
http://purl.obolibrary.org/obo/GO_0090266, http://purl.obolibrary.org/obo/GO_0007094
http://purl.obolibrary.org/obo/GO_0090270, http://purl.obolibrary.org/obo/GO_0090269
http://purl.obolibrary.org/obo/GO_0090270, http://purl.obolibrary.org/obo/GO_0090269
http://purl.obolibrary.org/obo/GO_0090273, http://purl.obolibrary.org/obo/GO_0070253
http://purl.obolibrary.org/obo/GO_0090273, http://purl.obolibrary.org/obo/GO_0070253
http://purl.obolibrary.org/obo/GO_0090276, http://purl.obolibrary.org/obo/GO_0030072
http://purl.obolibrary.org/obo/GO_0090276, http://purl.obolibrary.org/obo/GO_0030072
http://purl.obolibrary.org/obo/GO_0090279, http://purl.obolibrary.org/obo/GO_0070509
http://purl.obolibrary.org/obo/GO_0090279, http://purl.obolibrary.org/obo/GO_0070509
http://purl.obolibrary.org/obo/GO_0090287, http://purl.obolibrary.org/obo/GO_0071363
http://purl.obolibrary.org/obo/GO_0090287, http://purl.obolibrary.org/obo/GO_0071363
http://purl.obolibrary.org/obo/GO_0090289, http://purl.obolibrary.org/obo/GO_0002158
http://purl.obolibrary.org/obo/GO_0090289, http://purl.obolibrary.org/obo/GO_0002158
http://purl.obolibrary.org/obo/GO_0090296, http://purl.obolibrary.org/obo/GO_0006264
http://purl.obolibrary.org/obo/GO_0090296, http://purl.obolibrary.org/obo/GO_0006264
http://purl.obolibrary.org/obo/GO_0090299, http://purl.obolibrary.org/obo/GO_0014029
http://purl.obolibrary.org/obo/GO_0090299, http://purl.obolibrary.org/obo/GO_0014029
http://purl.obolibrary.org/obo/GO_0090308, http://purl.obolibrary.org/obo/GO_0006346
http://purl.obolibrary.org/obo/GO_0090308, http://purl.obolibrary.org/obo/GO_0006346
http://purl.obolibrary.org/obo/GO_0090311, http://purl.obolibrary.org/obo/GO_0006476
http://purl.obolibrary.org/obo/GO_0090311, http://purl.obolibrary.org/obo/GO_0006476
http://purl.obolibrary.org/obo/GO_0090313, http://purl.obolibrary.org/obo/GO_0006612
http://purl.obolibrary.org/obo/GO_0090313, http://purl.obolibrary.org/obo/GO_0006612
http://purl.obolibrary.org/obo/GO_0090318, http://purl.obolibrary.org/obo/GO_0034371
http://purl.obolibrary.org/obo/GO_0090318, http://purl.obolibrary.org/obo/GO_0034371
http://purl.obolibrary.org/obo/GO_0090320, http://purl.obolibrary.org/obo/GO_0034382
http://purl.obolibrary.org/obo/GO_0090320, http://purl.obolibrary.org/obo/GO_0034382
http://purl.obolibrary.org/obo/GO_0090322, http://purl.obolibrary.org/obo/GO_0006801
http://purl.obolibrary.org/obo/GO_0090322, http://purl.obolibrary.org/obo/GO_0006801
http://purl.obolibrary.org/obo/GO_0090325, http://purl.obolibrary.org/obo/GO_0031987
http://purl.obolibrary.org/obo/GO_0090325, http://purl.obolibrary.org/obo/GO_0031987
http://purl.obolibrary.org/obo/GO_0090328, http://purl.obolibrary.org/obo/GO_0008355
http://purl.obolibrary.org/obo/GO_0090328, http://purl.obolibrary.org/obo/GO_0008355
http://purl.obolibrary.org/obo/GO_0090329, http://purl.obolibrary.org/obo/GO_0006261
http://purl.obolibrary.org/obo/GO_0090329, http://purl.obolibrary.org/obo/GO_0006261
http://purl.obolibrary.org/obo/GO_0090330, http://purl.obolibrary.org/obo/GO_0070527
http://purl.obolibrary.org/obo/GO_0090330, http://purl.obolibrary.org/obo/GO_0070527
http://purl.obolibrary.org/obo/GO_0090333, http://purl.obolibrary.org/obo/GO_0090332
http://purl.obolibrary.org/obo/GO_0090334, http://purl.obolibrary.org/obo/GO_0034411
http://purl.obolibrary.org/obo/GO_0090334, http://purl.obolibrary.org/obo/GO_0034411
http://purl.obolibrary.org/obo/GO_0090335, http://purl.obolibrary.org/obo/GO_0050873
http://purl.obolibrary.org/obo/GO_0090335, http://purl.obolibrary.org/obo/GO_0050873
http://purl.obolibrary.org/obo/GO_0090337, http://purl.obolibrary.org/obo/GO_0070649
http://purl.obolibrary.org/obo/GO_0090337, http://purl.obolibrary.org/obo/GO_0070649
http://purl.obolibrary.org/obo/GO_0090347, http://purl.obolibrary.org/obo/GO_0090345
http://purl.obolibrary.org/obo/GO_0090347, http://purl.obolibrary.org/obo/GO_0090345
http://purl.obolibrary.org/obo/GO_0090348, http://purl.obolibrary.org/obo/GO_0090346
http://purl.obolibrary.org/obo/GO_0090348, http://purl.obolibrary.org/obo/GO_0090346
http://purl.obolibrary.org/obo/GO_0090352, http://purl.obolibrary.org/obo/GO_0042128
http://purl.obolibrary.org/obo/GO_0090352, http://purl.obolibrary.org/obo/GO_0042128
http://purl.obolibrary.org/obo/GO_0090354, http://purl.obolibrary.org/obo/GO_0009850
http://purl.obolibrary.org/obo/GO_0090354, http://purl.obolibrary.org/obo/GO_0009850
http://purl.obolibrary.org/obo/GO_0090357, http://purl.obolibrary.org/obo/GO_0006568
http://purl.obolibrary.org/obo/GO_0090357, http://purl.obolibrary.org/obo/GO_0006568
http://purl.obolibrary.org/obo/GO_0090361, http://purl.obolibrary.org/obo/GO_0090360
http://purl.obolibrary.org/obo/GO_0090361, http://purl.obolibrary.org/obo/GO_0090360
http://purl.obolibrary.org/obo/GO_0090363, http://purl.obolibrary.org/obo/GO_0080129
http://purl.obolibrary.org/obo/GO_0090363, http://purl.obolibrary.org/obo/GO_0080129
http://purl.obolibrary.org/obo/GO_0090364, http://purl.obolibrary.org/obo/GO_0043248
http://purl.obolibrary.org/obo/GO_0090364, http://purl.obolibrary.org/obo/GO_0043248
http://purl.obolibrary.org/obo/GO_0090365, http://purl.obolibrary.org/obo/GO_0016556
http://purl.obolibrary.org/obo/GO_0090365, http://purl.obolibrary.org/obo/GO_0016556
http://purl.obolibrary.org/obo/GO_0090368, http://purl.obolibrary.org/obo/GO_0006591
http://purl.obolibrary.org/obo/GO_0090368, http://purl.obolibrary.org/obo/GO_0006591
http://purl.obolibrary.org/obo/GO_0090371, http://purl.obolibrary.org/obo/GO_0015793
http://purl.obolibrary.org/obo/GO_0090371, http://purl.obolibrary.org/obo/GO_0015793
http://purl.obolibrary.org/obo/GO_0090381, http://purl.obolibrary.org/obo/GO_0003129
http://purl.obolibrary.org/obo/GO_0090381, http://purl.obolibrary.org/obo/GO_0003129
http://purl.obolibrary.org/obo/GO_0097364, http://purl.obolibrary.org/obo/GO_0001508
http://purl.obolibrary.org/obo/GO_0097364, http://purl.obolibrary.org/obo/GO_0001508
http://purl.obolibrary.org/obo/GO_0097365, http://purl.obolibrary.org/obo/GO_0086001
http://purl.obolibrary.org/obo/GO_0097365, http://purl.obolibrary.org/obo/GO_0086001
http://purl.obolibrary.org/obo/GO_0098689, http://purl.obolibrary.org/obo/GO_0019046
http://purl.obolibrary.org/obo/GO_0098693, http://purl.obolibrary.org/obo/GO_0099504
http://purl.obolibrary.org/obo/GO_0098693, http://purl.obolibrary.org/obo/GO_0099504
http://purl.obolibrary.org/obo/GO_0098694, http://purl.obolibrary.org/obo/GO_0016185
http://purl.obolibrary.org/obo/GO_0098694, http://purl.obolibrary.org/obo/GO_0016185
http://purl.obolibrary.org/obo/GO_0098696, http://purl.obolibrary.org/obo/GO_0099645
http://purl.obolibrary.org/obo/GO_0098696, http://purl.obolibrary.org/obo/GO_0099645
http://purl.obolibrary.org/obo/GO_0098801, http://purl.obolibrary.org/obo/GO_0003014
http://purl.obolibrary.org/obo/GO_0098801, http://purl.obolibrary.org/obo/GO_0003014
http://purl.obolibrary.org/obo/GO_0098815, http://purl.obolibrary.org/obo/GO_0060079
http://purl.obolibrary.org/obo/GO_0098815, http://purl.obolibrary.org/obo/GO_0060079
http://purl.obolibrary.org/obo/GO_0098828, http://purl.obolibrary.org/obo/GO_0060080
http://purl.obolibrary.org/obo/GO_0098828, http://purl.obolibrary.org/obo/GO_0060080
http://purl.obolibrary.org/obo/GO_0098900, http://purl.obolibrary.org/obo/GO_0001508
http://purl.obolibrary.org/obo/GO_0098900, http://purl.obolibrary.org/obo/GO_0001508
http://purl.obolibrary.org/obo/GO_0098901, http://purl.obolibrary.org/obo/GO_0086001
http://purl.obolibrary.org/obo/GO_0098901, http://purl.obolibrary.org/obo/GO_0086001
http://purl.obolibrary.org/obo/GO_0098902, http://purl.obolibrary.org/obo/GO_0086010
http://purl.obolibrary.org/obo/GO_0098902, http://purl.obolibrary.org/obo/GO_0086010
http://purl.obolibrary.org/obo/GO_0098903, http://purl.obolibrary.org/obo/GO_0086011
http://purl.obolibrary.org/obo/GO_0098903, http://purl.obolibrary.org/obo/GO_0086011
http://purl.obolibrary.org/obo/GO_0098904, http://purl.obolibrary.org/obo/GO_0086016
http://purl.obolibrary.org/obo/GO_0098904, http://purl.obolibrary.org/obo/GO_0086016
http://purl.obolibrary.org/obo/GO_0098905, http://purl.obolibrary.org/obo/GO_0086043
http://purl.obolibrary.org/obo/GO_0098905, http://purl.obolibrary.org/obo/GO_0086043
http://purl.obolibrary.org/obo/GO_0098906, http://purl.obolibrary.org/obo/GO_0086017
http://purl.obolibrary.org/obo/GO_0098906, http://purl.obolibrary.org/obo/GO_0086017
http://purl.obolibrary.org/obo/GO_0098907, http://purl.obolibrary.org/obo/GO_0086015
http://purl.obolibrary.org/obo/GO_0098907, http://purl.obolibrary.org/obo/GO_0086015
http://purl.obolibrary.org/obo/GO_0098908, http://purl.obolibrary.org/obo/GO_0019228
http://purl.obolibrary.org/obo/GO_0098908, http://purl.obolibrary.org/obo/GO_0019228
http://purl.obolibrary.org/obo/GO_0098909, http://purl.obolibrary.org/obo/GO_0086001
http://purl.obolibrary.org/obo/GO_0098910, http://purl.obolibrary.org/obo/GO_0086014
http://purl.obolibrary.org/obo/GO_0098910, http://purl.obolibrary.org/obo/GO_0086014
http://purl.obolibrary.org/obo/GO_0098911, http://purl.obolibrary.org/obo/GO_0086005
http://purl.obolibrary.org/obo/GO_0098911, http://purl.obolibrary.org/obo/GO_0086005
http://purl.obolibrary.org/obo/GO_0098925, http://purl.obolibrary.org/obo/GO_0007268
http://purl.obolibrary.org/obo/GO_0098962, http://purl.obolibrary.org/obo/GO_0098960
http://purl.obolibrary.org/obo/GO_0098962, http://purl.obolibrary.org/obo/GO_0098960
http://purl.obolibrary.org/obo/GO_0098987, http://purl.obolibrary.org/obo/GO_0007268
http://purl.obolibrary.org/obo/GO_0099083, http://purl.obolibrary.org/obo/GO_0007268
http://purl.obolibrary.org/obo/GO_0099145, http://purl.obolibrary.org/obo/GO_0098967
http://purl.obolibrary.org/obo/GO_0099145, http://purl.obolibrary.org/obo/GO_0098967
http://purl.obolibrary.org/obo/GO_0099148, http://purl.obolibrary.org/obo/GO_0016081
http://purl.obolibrary.org/obo/GO_0099148, http://purl.obolibrary.org/obo/GO_0016081
http://purl.obolibrary.org/obo/GO_0099149, http://purl.obolibrary.org/obo/GO_0098884
http://purl.obolibrary.org/obo/GO_0099149, http://purl.obolibrary.org/obo/GO_0098884
http://purl.obolibrary.org/obo/GO_0099150, http://purl.obolibrary.org/obo/GO_0098698
http://purl.obolibrary.org/obo/GO_0099150, http://purl.obolibrary.org/obo/GO_0098698
http://purl.obolibrary.org/obo/GO_0099151, http://purl.obolibrary.org/obo/GO_0097107
http://purl.obolibrary.org/obo/GO_0099151, http://purl.obolibrary.org/obo/GO_0097107
http://purl.obolibrary.org/obo/GO_0099152, http://purl.obolibrary.org/obo/GO_0098887
http://purl.obolibrary.org/obo/GO_0099152, http://purl.obolibrary.org/obo/GO_0098887
http://purl.obolibrary.org/obo/GO_0099158, http://purl.obolibrary.org/obo/GO_0036466
http://purl.obolibrary.org/obo/GO_0099158, http://purl.obolibrary.org/obo/GO_0036466
http://purl.obolibrary.org/obo/GO_0099159, http://purl.obolibrary.org/obo/GO_0099010
http://purl.obolibrary.org/obo/GO_0099159, http://purl.obolibrary.org/obo/GO_0099010
http://purl.obolibrary.org/obo/GO_0099161, http://purl.obolibrary.org/obo/GO_0099525
http://purl.obolibrary.org/obo/GO_0099161, http://purl.obolibrary.org/obo/GO_0099525
http://purl.obolibrary.org/obo/GO_0099162, http://purl.obolibrary.org/obo/GO_0098700
http://purl.obolibrary.org/obo/GO_0099162, http://purl.obolibrary.org/obo/GO_0098700
http://purl.obolibrary.org/obo/GO_0099174, http://purl.obolibrary.org/obo/GO_0099172
http://purl.obolibrary.org/obo/GO_0099174, http://purl.obolibrary.org/obo/GO_0099172
http://purl.obolibrary.org/obo/GO_0099175, http://purl.obolibrary.org/obo/GO_0099173
http://purl.obolibrary.org/obo/GO_0099175, http://purl.obolibrary.org/obo/GO_0099173
http://purl.obolibrary.org/obo/GO_0099176, http://purl.obolibrary.org/obo/GO_0098942
http://purl.obolibrary.org/obo/GO_0099176, http://purl.obolibrary.org/obo/GO_0098942
http://purl.obolibrary.org/obo/GO_0099177, http://purl.obolibrary.org/obo/GO_0099537
http://purl.obolibrary.org/obo/GO_0099177, http://purl.obolibrary.org/obo/GO_0099537
http://purl.obolibrary.org/obo/GO_0099178, http://purl.obolibrary.org/obo/GO_0098921
http://purl.obolibrary.org/obo/GO_0099178, http://purl.obolibrary.org/obo/GO_0098921
http://purl.obolibrary.org/obo/GO_0099179, http://purl.obolibrary.org/obo/GO_0099560
http://purl.obolibrary.org/obo/GO_0099179, http://purl.obolibrary.org/obo/GO_0099560
http://purl.obolibrary.org/obo/GO_0099183, http://purl.obolibrary.org/obo/GO_0007268
http://purl.obolibrary.org/obo/GO_0099546, http://purl.obolibrary.org/obo/GO_0007268
http://purl.obolibrary.org/obo/GO_0099546, http://purl.obolibrary.org/obo/GO_0007268
http://purl.obolibrary.org/obo/GO_0099547, http://purl.obolibrary.org/obo/GO_0006412
http://purl.obolibrary.org/obo/GO_0099547, http://purl.obolibrary.org/obo/GO_0007268
http://purl.obolibrary.org/obo/GO_0099550, http://purl.obolibrary.org/obo/GO_0007268
http://purl.obolibrary.org/obo/GO_0099551, http://purl.obolibrary.org/obo/GO_0007268
http://purl.obolibrary.org/obo/GO_0099552, http://purl.obolibrary.org/obo/GO_0007268
http://purl.obolibrary.org/obo/GO_0099553, http://purl.obolibrary.org/obo/GO_0007268
http://purl.obolibrary.org/obo/GO_0099555, http://purl.obolibrary.org/obo/GO_0007268
http://purl.obolibrary.org/obo/GO_0099556, http://purl.obolibrary.org/obo/GO_0007268
http://purl.obolibrary.org/obo/GO_0099557, http://purl.obolibrary.org/obo/GO_0007268
http://purl.obolibrary.org/obo/GO_0099564, http://purl.obolibrary.org/obo/GO_0007268
http://purl.obolibrary.org/obo/GO_0099574, http://purl.obolibrary.org/obo/GO_0007268
http://purl.obolibrary.org/obo/GO_0099574, http://purl.obolibrary.org/obo/GO_0009056
http://purl.obolibrary.org/obo/GO_0099575, http://purl.obolibrary.org/obo/GO_0007268
http://purl.obolibrary.org/obo/GO_0099576, http://purl.obolibrary.org/obo/GO_0007268
http://purl.obolibrary.org/obo/GO_0099577, http://purl.obolibrary.org/obo/GO_0006412
http://purl.obolibrary.org/obo/GO_0099577, http://purl.obolibrary.org/obo/GO_0007268
http://purl.obolibrary.org/obo/GO_0099578, http://purl.obolibrary.org/obo/GO_0006412
http://purl.obolibrary.org/obo/GO_0099578, http://purl.obolibrary.org/obo/GO_0007268
http://purl.obolibrary.org/obo/GO_0099601, http://purl.obolibrary.org/obo/GO_0030594
http://purl.obolibrary.org/obo/GO_0099601, http://purl.obolibrary.org/obo/GO_0030594
http://purl.obolibrary.org/obo/GO_0099608, http://purl.obolibrary.org/obo/GO_0098874
http://purl.obolibrary.org/obo/GO_0099623, http://purl.obolibrary.org/obo/GO_0099622
http://purl.obolibrary.org/obo/GO_0099623, http://purl.obolibrary.org/obo/GO_0099622
http://purl.obolibrary.org/obo/GO_0100001, http://purl.obolibrary.org/obo/GO_0003009
http://purl.obolibrary.org/obo/GO_0100008, http://purl.obolibrary.org/obo/GO_0001660
http://purl.obolibrary.org/obo/GO_0100008, http://purl.obolibrary.org/obo/GO_0001660
http://purl.obolibrary.org/obo/GO_0100009, http://purl.obolibrary.org/obo/GO_0001660
http://purl.obolibrary.org/obo/GO_0100009, http://purl.obolibrary.org/obo/GO_0001660
http://purl.obolibrary.org/obo/GO_0101017, http://purl.obolibrary.org/obo/GO_1902975
http://purl.obolibrary.org/obo/GO_0106011, http://purl.obolibrary.org/obo/GO_0071574
http://purl.obolibrary.org/obo/GO_0106011, http://purl.obolibrary.org/obo/GO_0071574
http://purl.obolibrary.org/obo/GO_0106014, http://purl.obolibrary.org/obo/GO_0090594
http://purl.obolibrary.org/obo/GO_0106014, http://purl.obolibrary.org/obo/GO_0090594
http://purl.obolibrary.org/obo/GO_0106020, http://purl.obolibrary.org/obo/GO_0048278
http://purl.obolibrary.org/obo/GO_0106020, http://purl.obolibrary.org/obo/GO_0048278
http://purl.obolibrary.org/obo/GO_0106023, http://purl.obolibrary.org/obo/GO_0035073
http://purl.obolibrary.org/obo/GO_0106023, http://purl.obolibrary.org/obo/GO_0035073
http://purl.obolibrary.org/obo/GO_0106040, http://purl.obolibrary.org/obo/GO_0004890
http://purl.obolibrary.org/obo/GO_0106040, http://purl.obolibrary.org/obo/GO_0004890
http://purl.obolibrary.org/obo/GO_0106049, http://purl.obolibrary.org/obo/GO_0071470
http://purl.obolibrary.org/obo/GO_0106049, http://purl.obolibrary.org/obo/GO_0071470
http://purl.obolibrary.org/obo/GO_0106056, http://purl.obolibrary.org/obo/GO_0097720
http://purl.obolibrary.org/obo/GO_0106056, http://purl.obolibrary.org/obo/GO_0097720
http://purl.obolibrary.org/obo/GO_0106060, http://purl.obolibrary.org/obo/GO_1990947
http://purl.obolibrary.org/obo/GO_0106060, http://purl.obolibrary.org/obo/GO_1990947
http://purl.obolibrary.org/obo/GO_0106064, http://purl.obolibrary.org/obo/GO_0009235
http://purl.obolibrary.org/obo/GO_0106064, http://purl.obolibrary.org/obo/GO_0009235
http://purl.obolibrary.org/obo/GO_0106070, http://purl.obolibrary.org/obo/GO_0007189
http://purl.obolibrary.org/obo/GO_0106070, http://purl.obolibrary.org/obo/GO_0007189
http://purl.obolibrary.org/obo/GO_0106088, http://purl.obolibrary.org/obo/GO_0120078
http://purl.obolibrary.org/obo/GO_0106088, http://purl.obolibrary.org/obo/GO_0120078
http://purl.obolibrary.org/obo/GO_0106104, http://purl.obolibrary.org/obo/GO_0097688
http://purl.obolibrary.org/obo/GO_0106104, http://purl.obolibrary.org/obo/GO_0097688
http://purl.obolibrary.org/obo/GO_0106107, http://purl.obolibrary.org/obo/GO_1901737
http://purl.obolibrary.org/obo/GO_0106107, http://purl.obolibrary.org/obo/GO_1901737
http://purl.obolibrary.org/obo/GO_0106111, http://purl.obolibrary.org/obo/GO_0062022
http://purl.obolibrary.org/obo/GO_0106111, http://purl.obolibrary.org/obo/GO_0062022
http://purl.obolibrary.org/obo/GO_0106114, http://purl.obolibrary.org/obo/GO_0062021
http://purl.obolibrary.org/obo/GO_0106114, http://purl.obolibrary.org/obo/GO_0062021
http://purl.obolibrary.org/obo/GO_0106118, http://purl.obolibrary.org/obo/GO_0016126
http://purl.obolibrary.org/obo/GO_0106118, http://purl.obolibrary.org/obo/GO_0016126
http://purl.obolibrary.org/obo/GO_0106214, http://purl.obolibrary.org/obo/GO_0048280
http://purl.obolibrary.org/obo/GO_0106214, http://purl.obolibrary.org/obo/GO_0048280
http://purl.obolibrary.org/obo/GO_0106246, http://purl.obolibrary.org/obo/GO_0004535
http://purl.obolibrary.org/obo/GO_0106246, http://purl.obolibrary.org/obo/GO_0004535
http://purl.obolibrary.org/obo/GO_0106278, http://purl.obolibrary.org/obo/GO_0006048
http://purl.obolibrary.org/obo/GO_0106278, http://purl.obolibrary.org/obo/GO_0006048
http://purl.obolibrary.org/obo/GO_0106288, http://purl.obolibrary.org/obo/GO_0000290
http://purl.obolibrary.org/obo/GO_0106288, http://purl.obolibrary.org/obo/GO_0000290
http://purl.obolibrary.org/obo/GO_0106393, http://purl.obolibrary.org/obo/GO_1900534
http://purl.obolibrary.org/obo/GO_0106393, http://purl.obolibrary.org/obo/GO_1900534
http://purl.obolibrary.org/obo/GO_0106396, http://purl.obolibrary.org/obo/GO_0007465
http://purl.obolibrary.org/obo/GO_0106396, http://purl.obolibrary.org/obo/GO_0007465
http://purl.obolibrary.org/obo/GO_0106426, http://purl.obolibrary.org/obo/GO_0098991
http://purl.obolibrary.org/obo/GO_0106426, http://purl.obolibrary.org/obo/GO_0098991
http://purl.obolibrary.org/obo/GO_0110002, http://purl.obolibrary.org/obo/GO_0030488
http://purl.obolibrary.org/obo/GO_0110002, http://purl.obolibrary.org/obo/GO_0030488
http://purl.obolibrary.org/obo/GO_0110003, http://purl.obolibrary.org/obo/GO_0002946
http://purl.obolibrary.org/obo/GO_0110003, http://purl.obolibrary.org/obo/GO_0002946
http://purl.obolibrary.org/obo/GO_0110011, http://purl.obolibrary.org/obo/GO_0071711
http://purl.obolibrary.org/obo/GO_0110011, http://purl.obolibrary.org/obo/GO_0071711
http://purl.obolibrary.org/obo/GO_0110020, http://purl.obolibrary.org/obo/GO_0031032
http://purl.obolibrary.org/obo/GO_0110020, http://purl.obolibrary.org/obo/GO_0031032
http://purl.obolibrary.org/obo/GO_0110022, http://purl.obolibrary.org/obo/GO_0110021
http://purl.obolibrary.org/obo/GO_0110022, http://purl.obolibrary.org/obo/GO_0110021
http://purl.obolibrary.org/obo/GO_0110026, http://purl.obolibrary.org/obo/GO_0110025
http://purl.obolibrary.org/obo/GO_0110026, http://purl.obolibrary.org/obo/GO_0110025
http://purl.obolibrary.org/obo/GO_0110030, http://purl.obolibrary.org/obo/GO_0008315
http://purl.obolibrary.org/obo/GO_0110030, http://purl.obolibrary.org/obo/GO_0008315
http://purl.obolibrary.org/obo/GO_0110033, http://purl.obolibrary.org/obo/GO_0010619
http://purl.obolibrary.org/obo/GO_0110033, http://purl.obolibrary.org/obo/GO_0010619
http://purl.obolibrary.org/obo/GO_0110037, http://purl.obolibrary.org/obo/GO_0045138
http://purl.obolibrary.org/obo/GO_0110037, http://purl.obolibrary.org/obo/GO_0045138
http://purl.obolibrary.org/obo/GO_0110041, http://purl.obolibrary.org/obo/GO_0110040
http://purl.obolibrary.org/obo/GO_0110041, http://purl.obolibrary.org/obo/GO_0110040
http://purl.obolibrary.org/obo/GO_0110044, http://purl.obolibrary.org/obo/GO_0051728
http://purl.obolibrary.org/obo/GO_0110044, http://purl.obolibrary.org/obo/GO_0051728
http://purl.obolibrary.org/obo/GO_0110053, http://purl.obolibrary.org/obo/GO_0007015
http://purl.obolibrary.org/obo/GO_0110053, http://purl.obolibrary.org/obo/GO_0007015
http://purl.obolibrary.org/obo/GO_0110057, http://purl.obolibrary.org/obo/GO_0060837
http://purl.obolibrary.org/obo/GO_0110057, http://purl.obolibrary.org/obo/GO_0060837
http://purl.obolibrary.org/obo/GO_0110061, http://purl.obolibrary.org/obo/GO_0038166
http://purl.obolibrary.org/obo/GO_0110061, http://purl.obolibrary.org/obo/GO_0038166
http://purl.obolibrary.org/obo/GO_0110065, http://purl.obolibrary.org/obo/GO_0120110
http://purl.obolibrary.org/obo/GO_0110065, http://purl.obolibrary.org/obo/GO_0120110
http://purl.obolibrary.org/obo/GO_0110073, http://purl.obolibrary.org/obo/GO_0110072
http://purl.obolibrary.org/obo/GO_0110073, http://purl.obolibrary.org/obo/GO_0110072
http://purl.obolibrary.org/obo/GO_0110075, http://purl.obolibrary.org/obo/GO_0097707
http://purl.obolibrary.org/obo/GO_0110075, http://purl.obolibrary.org/obo/GO_0097707
http://purl.obolibrary.org/obo/GO_0110079, http://purl.obolibrary.org/obo/GO_0060674
http://purl.obolibrary.org/obo/GO_0110079, http://purl.obolibrary.org/obo/GO_0060674
http://purl.obolibrary.org/obo/GO_0110082, http://purl.obolibrary.org/obo/GO_1903476
http://purl.obolibrary.org/obo/GO_0110082, http://purl.obolibrary.org/obo/GO_1903476
http://purl.obolibrary.org/obo/GO_0110089, http://purl.obolibrary.org/obo/GO_0110088
http://purl.obolibrary.org/obo/GO_0110089, http://purl.obolibrary.org/obo/GO_0110088
http://purl.obolibrary.org/obo/GO_0110097, http://purl.obolibrary.org/obo/GO_0036444
http://purl.obolibrary.org/obo/GO_0110097, http://purl.obolibrary.org/obo/GO_0036444
http://purl.obolibrary.org/obo/GO_0110107, http://purl.obolibrary.org/obo/GO_0007474
http://purl.obolibrary.org/obo/GO_0110107, http://purl.obolibrary.org/obo/GO_0007474
http://purl.obolibrary.org/obo/GO_0110112, http://purl.obolibrary.org/obo/GO_0005319
http://purl.obolibrary.org/obo/GO_0110112, http://purl.obolibrary.org/obo/GO_0005319
http://purl.obolibrary.org/obo/GO_0110116, http://purl.obolibrary.org/obo/GO_0001751
http://purl.obolibrary.org/obo/GO_0110116, http://purl.obolibrary.org/obo/GO_0001751
http://purl.obolibrary.org/obo/GO_0110123, http://purl.obolibrary.org/obo/GO_0110122
http://purl.obolibrary.org/obo/GO_0110123, http://purl.obolibrary.org/obo/GO_0110122
http://purl.obolibrary.org/obo/GO_0110137, http://purl.obolibrary.org/obo/GO_0007480
http://purl.obolibrary.org/obo/GO_0110137, http://purl.obolibrary.org/obo/GO_0007480
http://purl.obolibrary.org/obo/GO_0110159, http://purl.obolibrary.org/obo/GO_0061804
http://purl.obolibrary.org/obo/GO_0110159, http://purl.obolibrary.org/obo/GO_0061804
http://purl.obolibrary.org/obo/GO_0110162, http://purl.obolibrary.org/obo/GO_0061805
http://purl.obolibrary.org/obo/GO_0110162, http://purl.obolibrary.org/obo/GO_0061805
http://purl.obolibrary.org/obo/GO_0120006, http://purl.obolibrary.org/obo/GO_1905962
http://purl.obolibrary.org/obo/GO_0120006, http://purl.obolibrary.org/obo/GO_1905962
http://purl.obolibrary.org/obo/GO_0120032, http://purl.obolibrary.org/obo/GO_0120031
http://purl.obolibrary.org/obo/GO_0120032, http://purl.obolibrary.org/obo/GO_0120031
http://purl.obolibrary.org/obo/GO_0120035, http://purl.obolibrary.org/obo/GO_0120036
http://purl.obolibrary.org/obo/GO_0120035, http://purl.obolibrary.org/obo/GO_0120036
http://purl.obolibrary.org/obo/GO_0120040, http://purl.obolibrary.org/obo/GO_0061517
http://purl.obolibrary.org/obo/GO_0120040, http://purl.obolibrary.org/obo/GO_0061517
http://purl.obolibrary.org/obo/GO_0120046, http://purl.obolibrary.org/obo/GO_1902577
http://purl.obolibrary.org/obo/GO_0120046, http://purl.obolibrary.org/obo/GO_1902577
http://purl.obolibrary.org/obo/GO_0120057, http://purl.obolibrary.org/obo/GO_0120055
http://purl.obolibrary.org/obo/GO_0120057, http://purl.obolibrary.org/obo/GO_0120055
http://purl.obolibrary.org/obo/GO_0120060, http://purl.obolibrary.org/obo/GO_0035483
http://purl.obolibrary.org/obo/GO_0120060, http://purl.obolibrary.org/obo/GO_0035483
http://purl.obolibrary.org/obo/GO_0120068, http://purl.obolibrary.org/obo/GO_0014825
http://purl.obolibrary.org/obo/GO_0120068, http://purl.obolibrary.org/obo/GO_0014825
http://purl.obolibrary.org/obo/GO_0120071, http://purl.obolibrary.org/obo/GO_0120065
http://purl.obolibrary.org/obo/GO_0120071, http://purl.obolibrary.org/obo/GO_0120065
http://purl.obolibrary.org/obo/GO_0120074, http://purl.obolibrary.org/obo/GO_0061443
http://purl.obolibrary.org/obo/GO_0120074, http://purl.obolibrary.org/obo/GO_0061443
http://purl.obolibrary.org/obo/GO_0120093, http://purl.obolibrary.org/obo/GO_0140066
http://purl.obolibrary.org/obo/GO_0120093, http://purl.obolibrary.org/obo/GO_0140066
http://purl.obolibrary.org/obo/GO_0120138, http://purl.obolibrary.org/obo/GO_0004439
http://purl.obolibrary.org/obo/GO_0120138, http://purl.obolibrary.org/obo/GO_0004439
http://purl.obolibrary.org/obo/GO_0120141, http://purl.obolibrary.org/obo/GO_0035076
http://purl.obolibrary.org/obo/GO_0120141, http://purl.obolibrary.org/obo/GO_0035076
http://purl.obolibrary.org/obo/GO_0120161, http://purl.obolibrary.org/obo/GO_0106106
http://purl.obolibrary.org/obo/GO_0120161, http://purl.obolibrary.org/obo/GO_0106106
http://purl.obolibrary.org/obo/GO_0120175, http://purl.obolibrary.org/obo/GO_0008293
http://purl.obolibrary.org/obo/GO_0120175, http://purl.obolibrary.org/obo/GO_0008293
http://purl.obolibrary.org/obo/GO_0120182, http://purl.obolibrary.org/obo/GO_0120181
http://purl.obolibrary.org/obo/GO_0120182, http://purl.obolibrary.org/obo/GO_0120181
http://purl.obolibrary.org/obo/GO_0120188, http://purl.obolibrary.org/obo/GO_0032782
http://purl.obolibrary.org/obo/GO_0120188, http://purl.obolibrary.org/obo/GO_0032782
http://purl.obolibrary.org/obo/GO_0120194, http://purl.obolibrary.org/obo/GO_0009901
http://purl.obolibrary.org/obo/GO_0120194, http://purl.obolibrary.org/obo/GO_0009901
http://purl.obolibrary.org/obo/GO_0120213, http://purl.obolibrary.org/obo/GO_0000105
http://purl.obolibrary.org/obo/GO_0120213, http://purl.obolibrary.org/obo/GO_0000105
http://purl.obolibrary.org/obo/GO_0120222, http://purl.obolibrary.org/obo/GO_0001824
http://purl.obolibrary.org/obo/GO_0120222, http://purl.obolibrary.org/obo/GO_0001824
http://purl.obolibrary.org/obo/GO_0120235, http://purl.obolibrary.org/obo/GO_0031204
http://purl.obolibrary.org/obo/GO_0120235, http://purl.obolibrary.org/obo/GO_0031204
http://purl.obolibrary.org/obo/GO_0120261, http://purl.obolibrary.org/obo/GO_0070828
http://purl.obolibrary.org/obo/GO_0120261, http://purl.obolibrary.org/obo/GO_0070828
http://purl.obolibrary.org/obo/GO_0120264, http://purl.obolibrary.org/obo/GO_0097240
http://purl.obolibrary.org/obo/GO_0120264, http://purl.obolibrary.org/obo/GO_0097240
http://purl.obolibrary.org/obo/GO_0120270, http://purl.obolibrary.org/obo/GO_0033621
http://purl.obolibrary.org/obo/GO_0120270, http://purl.obolibrary.org/obo/GO_0033621
http://purl.obolibrary.org/obo/GO_0120276, http://purl.obolibrary.org/obo/GO_0120275
http://purl.obolibrary.org/obo/GO_0120276, http://purl.obolibrary.org/obo/GO_0120275
http://purl.obolibrary.org/obo/GO_0120305, http://purl.obolibrary.org/obo/GO_0043473
http://purl.obolibrary.org/obo/GO_0120305, http://purl.obolibrary.org/obo/GO_0043473
http://purl.obolibrary.org/obo/GO_0120313, http://purl.obolibrary.org/obo/GO_0030717
http://purl.obolibrary.org/obo/GO_0120313, http://purl.obolibrary.org/obo/GO_0030717
http://purl.obolibrary.org/obo/GO_0140049, http://purl.obolibrary.org/obo/GO_0090500
http://purl.obolibrary.org/obo/GO_0140049, http://purl.obolibrary.org/obo/GO_0090500
http://purl.obolibrary.org/obo/GO_0140075, http://purl.obolibrary.org/obo/GO_0042953
http://purl.obolibrary.org/obo/GO_0140075, http://purl.obolibrary.org/obo/GO_0042953
http://purl.obolibrary.org/obo/GO_0140122, http://purl.obolibrary.org/obo/GO_0140121
http://purl.obolibrary.org/obo/GO_0140122, http://purl.obolibrary.org/obo/GO_0140121
http://purl.obolibrary.org/obo/GO_0140212, http://purl.obolibrary.org/obo/GO_0044539
http://purl.obolibrary.org/obo/GO_0140212, http://purl.obolibrary.org/obo/GO_0044539
http://purl.obolibrary.org/obo/GO_0140215, http://purl.obolibrary.org/obo/GO_0070779
http://purl.obolibrary.org/obo/GO_0140215, http://purl.obolibrary.org/obo/GO_0070779
http://purl.obolibrary.org/obo/GO_0140237, http://purl.obolibrary.org/obo/GO_0007268
http://purl.obolibrary.org/obo/GO_0140237, http://purl.obolibrary.org/obo/GO_0007268
http://purl.obolibrary.org/obo/GO_0140243, http://purl.obolibrary.org/obo/GO_0006412
http://purl.obolibrary.org/obo/GO_0140244, http://purl.obolibrary.org/obo/GO_0006412
http://purl.obolibrary.org/obo/GO_0140245, http://purl.obolibrary.org/obo/GO_0006412
http://purl.obolibrary.org/obo/GO_0140250, http://purl.obolibrary.org/obo/GO_0009056
http://purl.obolibrary.org/obo/GO_0140251, http://purl.obolibrary.org/obo/GO_0009056
http://purl.obolibrary.org/obo/GO_0140252, http://purl.obolibrary.org/obo/GO_0009056
http://purl.obolibrary.org/obo/GO_0140255, http://purl.obolibrary.org/obo/GO_0016036
http://purl.obolibrary.org/obo/GO_0140255, http://purl.obolibrary.org/obo/GO_0016036
http://purl.obolibrary.org/obo/GO_0140279, http://purl.obolibrary.org/obo/GO_0140278
http://purl.obolibrary.org/obo/GO_0140279, http://purl.obolibrary.org/obo/GO_0140278
http://purl.obolibrary.org/obo/GO_0140408, http://purl.obolibrary.org/obo/GO_0110104
http://purl.obolibrary.org/obo/GO_0140408, http://purl.obolibrary.org/obo/GO_0110104
http://purl.obolibrary.org/obo/GO_0140433, http://purl.obolibrary.org/obo/GO_1902441
http://purl.obolibrary.org/obo/GO_0140433, http://purl.obolibrary.org/obo/GO_1902441
http://purl.obolibrary.org/obo/GO_0140500, http://purl.obolibrary.org/obo/GO_0061709
http://purl.obolibrary.org/obo/GO_0140500, http://purl.obolibrary.org/obo/GO_0061709
http://purl.obolibrary.org/obo/GO_0140505, http://purl.obolibrary.org/obo/GO_0140504
http://purl.obolibrary.org/obo/GO_0140505, http://purl.obolibrary.org/obo/GO_0140504
http://purl.obolibrary.org/obo/GO_0140539, http://purl.obolibrary.org/obo/GO_0035011
http://purl.obolibrary.org/obo/GO_0140539, http://purl.obolibrary.org/obo/GO_0035011
http://purl.obolibrary.org/obo/GO_0140542, http://purl.obolibrary.org/obo/GO_0140541
http://purl.obolibrary.org/obo/GO_0140542, http://purl.obolibrary.org/obo/GO_0140541
http://purl.obolibrary.org/obo/GO_0140667, http://purl.obolibrary.org/obo/GO_0036162
http://purl.obolibrary.org/obo/GO_0140667, http://purl.obolibrary.org/obo/GO_0036162
http://purl.obolibrary.org/obo/GO_0140710, http://purl.obolibrary.org/obo/GO_0140709
http://purl.obolibrary.org/obo/GO_0140710, http://purl.obolibrary.org/obo/GO_0140709
http://purl.obolibrary.org/obo/GO_0140731, http://purl.obolibrary.org/obo/GO_0140730
http://purl.obolibrary.org/obo/GO_0140731, http://purl.obolibrary.org/obo/GO_0140730
http://purl.obolibrary.org/obo/GO_0140743, http://purl.obolibrary.org/obo/GO_0140742
http://purl.obolibrary.org/obo/GO_0140743, http://purl.obolibrary.org/obo/GO_0140742
http://purl.obolibrary.org/obo/GO_0140845, http://purl.obolibrary.org/obo/GO_0001111
http://purl.obolibrary.org/obo/GO_0140845, http://purl.obolibrary.org/obo/GO_0001111
http://purl.obolibrary.org/obo/GO_0140920, http://purl.obolibrary.org/obo/GO_0140919
http://purl.obolibrary.org/obo/GO_0140920, http://purl.obolibrary.org/obo/GO_0140919
http://purl.obolibrary.org/obo/GO_0140971, http://purl.obolibrary.org/obo/GO_0140970
http://purl.obolibrary.org/obo/GO_0140971, http://purl.obolibrary.org/obo/GO_0140970
http://purl.obolibrary.org/obo/GO_0141085, http://purl.obolibrary.org/obo/GO_0141084
http://purl.obolibrary.org/obo/GO_0141085, http://purl.obolibrary.org/obo/GO_0141084
http://purl.obolibrary.org/obo/GO_0141149, http://purl.obolibrary.org/obo/GO_0038060
http://purl.obolibrary.org/obo/GO_0141149, http://purl.obolibrary.org/obo/GO_0038060
http://purl.obolibrary.org/obo/GO_0141161, http://purl.obolibrary.org/obo/GO_0141156
http://purl.obolibrary.org/obo/GO_0141161, http://purl.obolibrary.org/obo/GO_0141156
http://purl.obolibrary.org/obo/GO_0150003, http://purl.obolibrary.org/obo/GO_0098814
http://purl.obolibrary.org/obo/GO_0150003, http://purl.obolibrary.org/obo/GO_0098814
http://purl.obolibrary.org/obo/GO_0150011, http://purl.obolibrary.org/obo/GO_0140058
http://purl.obolibrary.org/obo/GO_0150011, http://purl.obolibrary.org/obo/GO_0140058
http://purl.obolibrary.org/obo/GO_0150031, http://purl.obolibrary.org/obo/GO_0061462
http://purl.obolibrary.org/obo/GO_0150031, http://purl.obolibrary.org/obo/GO_0061462
http://purl.obolibrary.org/obo/GO_0150035, http://purl.obolibrary.org/obo/GO_0099183
http://purl.obolibrary.org/obo/GO_0150035, http://purl.obolibrary.org/obo/GO_0099183
http://purl.obolibrary.org/obo/GO_0150036, http://purl.obolibrary.org/obo/GO_0099553
http://purl.obolibrary.org/obo/GO_0150036, http://purl.obolibrary.org/obo/GO_0099553
http://purl.obolibrary.org/obo/GO_0150037, http://purl.obolibrary.org/obo/GO_0099502
http://purl.obolibrary.org/obo/GO_0150037, http://purl.obolibrary.org/obo/GO_0099502
http://purl.obolibrary.org/obo/GO_0150044, http://purl.obolibrary.org/obo/GO_0150038
http://purl.obolibrary.org/obo/GO_0150044, http://purl.obolibrary.org/obo/GO_0150038
http://purl.obolibrary.org/obo/GO_0150045, http://purl.obolibrary.org/obo/GO_0099163
http://purl.obolibrary.org/obo/GO_0150045, http://purl.obolibrary.org/obo/GO_0099163
http://purl.obolibrary.org/obo/GO_0150052, http://purl.obolibrary.org/obo/GO_0099068
http://purl.obolibrary.org/obo/GO_0150052, http://purl.obolibrary.org/obo/GO_0099068
http://purl.obolibrary.org/obo/GO_0150054, http://purl.obolibrary.org/obo/GO_0098970
http://purl.obolibrary.org/obo/GO_0150054, http://purl.obolibrary.org/obo/GO_0098970
http://purl.obolibrary.org/obo/GO_0150065, http://purl.obolibrary.org/obo/GO_0019213
http://purl.obolibrary.org/obo/GO_0150065, http://purl.obolibrary.org/obo/GO_0019213
http://purl.obolibrary.org/obo/GO_0150067, http://purl.obolibrary.org/obo/GO_0042903
http://purl.obolibrary.org/obo/GO_0150067, http://purl.obolibrary.org/obo/GO_0042903
http://purl.obolibrary.org/obo/GO_0150070, http://purl.obolibrary.org/obo/GO_0004053
http://purl.obolibrary.org/obo/GO_0150070, http://purl.obolibrary.org/obo/GO_0004053
http://purl.obolibrary.org/obo/GO_0150073, http://purl.obolibrary.org/obo/GO_0003810
http://purl.obolibrary.org/obo/GO_0150073, http://purl.obolibrary.org/obo/GO_0003810
http://purl.obolibrary.org/obo/GO_0150077, http://purl.obolibrary.org/obo/GO_0150076
http://purl.obolibrary.org/obo/GO_0150077, http://purl.obolibrary.org/obo/GO_0150076
http://purl.obolibrary.org/obo/GO_0150101, http://purl.obolibrary.org/obo/GO_0034454
http://purl.obolibrary.org/obo/GO_0150101, http://purl.obolibrary.org/obo/GO_0034454
http://purl.obolibrary.org/obo/GO_0150106, http://purl.obolibrary.org/obo/GO_0150105
http://purl.obolibrary.org/obo/GO_0150106, http://purl.obolibrary.org/obo/GO_0150105
http://purl.obolibrary.org/obo/GO_0150111, http://purl.obolibrary.org/obo/GO_0070633
http://purl.obolibrary.org/obo/GO_0150111, http://purl.obolibrary.org/obo/GO_0070633
http://purl.obolibrary.org/obo/GO_0150116, http://purl.obolibrary.org/obo/GO_0150115
http://purl.obolibrary.org/obo/GO_0150116, http://purl.obolibrary.org/obo/GO_0150115
http://purl.obolibrary.org/obo/GO_0150127, http://purl.obolibrary.org/obo/GO_0072639
http://purl.obolibrary.org/obo/GO_0150127, http://purl.obolibrary.org/obo/GO_0072639
http://purl.obolibrary.org/obo/GO_0150136, http://purl.obolibrary.org/obo/GO_0150137
http://purl.obolibrary.org/obo/GO_0150136, http://purl.obolibrary.org/obo/GO_0150137
http://purl.obolibrary.org/obo/GO_0150140, http://purl.obolibrary.org/obo/GO_0035781
http://purl.obolibrary.org/obo/GO_0150140, http://purl.obolibrary.org/obo/GO_0035781
http://purl.obolibrary.org/obo/GO_0150143, http://purl.obolibrary.org/obo/GO_0035780
http://purl.obolibrary.org/obo/GO_0150143, http://purl.obolibrary.org/obo/GO_0035780
http://purl.obolibrary.org/obo/GO_0150151, http://purl.obolibrary.org/obo/GO_0097087
http://purl.obolibrary.org/obo/GO_0150151, http://purl.obolibrary.org/obo/GO_0097087
http://purl.obolibrary.org/obo/GO_0150157, http://purl.obolibrary.org/obo/GO_0150155
http://purl.obolibrary.org/obo/GO_0150157, http://purl.obolibrary.org/obo/GO_0150155
http://purl.obolibrary.org/obo/GO_0150172, http://purl.obolibrary.org/obo/GO_0046470
http://purl.obolibrary.org/obo/GO_0150172, http://purl.obolibrary.org/obo/GO_0046470
http://purl.obolibrary.org/obo/GO_0150175, http://purl.obolibrary.org/obo/GO_0046337
http://purl.obolibrary.org/obo/GO_0150175, http://purl.obolibrary.org/obo/GO_0046337
http://purl.obolibrary.org/obo/GO_0150178, http://purl.obolibrary.org/obo/GO_0006658
http://purl.obolibrary.org/obo/GO_0150178, http://purl.obolibrary.org/obo/GO_0006658
http://purl.obolibrary.org/obo/GO_0150189, http://purl.obolibrary.org/obo/GO_0072637
http://purl.obolibrary.org/obo/GO_0150189, http://purl.obolibrary.org/obo/GO_0072637
http://purl.obolibrary.org/obo/GO_0150200, http://purl.obolibrary.org/obo/GO_0150104
http://purl.obolibrary.org/obo/GO_0150200, http://purl.obolibrary.org/obo/GO_0150104
http://purl.obolibrary.org/obo/GO_0160017, http://purl.obolibrary.org/obo/GO_0160015
http://purl.obolibrary.org/obo/GO_0160017, http://purl.obolibrary.org/obo/GO_0160015
http://purl.obolibrary.org/obo/GO_0160033, http://purl.obolibrary.org/obo/GO_0160032
http://purl.obolibrary.org/obo/GO_0160033, http://purl.obolibrary.org/obo/GO_0160032
http://purl.obolibrary.org/obo/GO_0180039, http://purl.obolibrary.org/obo/GO_0071507
http://purl.obolibrary.org/obo/GO_0180039, http://purl.obolibrary.org/obo/GO_0071507
http://purl.obolibrary.org/obo/GO_1900000, http://purl.obolibrary.org/obo/GO_0046284
http://purl.obolibrary.org/obo/GO_1900000, http://purl.obolibrary.org/obo/GO_0046284
http://purl.obolibrary.org/obo/GO_1900003, http://purl.obolibrary.org/obo/GO_0004252
http://purl.obolibrary.org/obo/GO_1900003, http://purl.obolibrary.org/obo/GO_0004252
http://purl.obolibrary.org/obo/GO_1900010, http://purl.obolibrary.org/obo/GO_0043404
http://purl.obolibrary.org/obo/GO_1900010, http://purl.obolibrary.org/obo/GO_0043404
http://purl.obolibrary.org/obo/GO_1900015, http://purl.obolibrary.org/obo/GO_0002534
http://purl.obolibrary.org/obo/GO_1900015, http://purl.obolibrary.org/obo/GO_0002534
http://purl.obolibrary.org/obo/GO_1900019, http://purl.obolibrary.org/obo/GO_0004697
http://purl.obolibrary.org/obo/GO_1900019, http://purl.obolibrary.org/obo/GO_0004697
http://purl.obolibrary.org/obo/GO_1900022, http://purl.obolibrary.org/obo/GO_0017050
http://purl.obolibrary.org/obo/GO_1900022, http://purl.obolibrary.org/obo/GO_0017050
http://purl.obolibrary.org/obo/GO_1900024, http://purl.obolibrary.org/obo/GO_0034446
http://purl.obolibrary.org/obo/GO_1900024, http://purl.obolibrary.org/obo/GO_0034446
http://purl.obolibrary.org/obo/GO_1900027, http://purl.obolibrary.org/obo/GO_0097178
http://purl.obolibrary.org/obo/GO_1900027, http://purl.obolibrary.org/obo/GO_0097178
http://purl.obolibrary.org/obo/GO_1900030, http://purl.obolibrary.org/obo/GO_0045489
http://purl.obolibrary.org/obo/GO_1900030, http://purl.obolibrary.org/obo/GO_0045489
http://purl.obolibrary.org/obo/GO_1900032, http://purl.obolibrary.org/obo/GO_0048629
http://purl.obolibrary.org/obo/GO_1900032, http://purl.obolibrary.org/obo/GO_0048629
http://purl.obolibrary.org/obo/GO_1900034, http://purl.obolibrary.org/obo/GO_0034605
http://purl.obolibrary.org/obo/GO_1900034, http://purl.obolibrary.org/obo/GO_0034605
http://purl.obolibrary.org/obo/GO_1900037, http://purl.obolibrary.org/obo/GO_0071456
http://purl.obolibrary.org/obo/GO_1900037, http://purl.obolibrary.org/obo/GO_0071456
http://purl.obolibrary.org/obo/GO_1900044, http://purl.obolibrary.org/obo/GO_0070534
http://purl.obolibrary.org/obo/GO_1900044, http://purl.obolibrary.org/obo/GO_0070534
http://purl.obolibrary.org/obo/GO_1900046, http://purl.obolibrary.org/obo/GO_0007599
http://purl.obolibrary.org/obo/GO_1900046, http://purl.obolibrary.org/obo/GO_0007599
http://purl.obolibrary.org/obo/GO_1900052, http://purl.obolibrary.org/obo/GO_0002138
http://purl.obolibrary.org/obo/GO_1900052, http://purl.obolibrary.org/obo/GO_0002138
http://purl.obolibrary.org/obo/GO_1900055, http://purl.obolibrary.org/obo/GO_0010150
http://purl.obolibrary.org/obo/GO_1900055, http://purl.obolibrary.org/obo/GO_0010150
http://purl.obolibrary.org/obo/GO_1900058, http://purl.obolibrary.org/obo/GO_0000103
http://purl.obolibrary.org/obo/GO_1900058, http://purl.obolibrary.org/obo/GO_0000103
http://purl.obolibrary.org/obo/GO_1900063, http://purl.obolibrary.org/obo/GO_0007031
http://purl.obolibrary.org/obo/GO_1900063, http://purl.obolibrary.org/obo/GO_0007031
http://purl.obolibrary.org/obo/GO_1900065, http://purl.obolibrary.org/obo/GO_0006068
http://purl.obolibrary.org/obo/GO_1900065, http://purl.obolibrary.org/obo/GO_0006068
http://purl.obolibrary.org/obo/GO_1900067, http://purl.obolibrary.org/obo/GO_0071469
http://purl.obolibrary.org/obo/GO_1900067, http://purl.obolibrary.org/obo/GO_0071469
http://purl.obolibrary.org/obo/GO_1900069, http://purl.obolibrary.org/obo/GO_0071475
http://purl.obolibrary.org/obo/GO_1900069, http://purl.obolibrary.org/obo/GO_0071475
http://purl.obolibrary.org/obo/GO_1900071, http://purl.obolibrary.org/obo/GO_0000316
http://purl.obolibrary.org/obo/GO_1900071, http://purl.obolibrary.org/obo/GO_0000316
http://purl.obolibrary.org/obo/GO_1900073, http://purl.obolibrary.org/obo/GO_0007274
http://purl.obolibrary.org/obo/GO_1900073, http://purl.obolibrary.org/obo/GO_0007274
http://purl.obolibrary.org/obo/GO_1900076, http://purl.obolibrary.org/obo/GO_0032869
http://purl.obolibrary.org/obo/GO_1900076, http://purl.obolibrary.org/obo/GO_0032869
http://purl.obolibrary.org/obo/GO_1900079, http://purl.obolibrary.org/obo/GO_0006526
http://purl.obolibrary.org/obo/GO_1900079, http://purl.obolibrary.org/obo/GO_0006526
http://purl.obolibrary.org/obo/GO_1900081, http://purl.obolibrary.org/obo/GO_0006527
http://purl.obolibrary.org/obo/GO_1900081, http://purl.obolibrary.org/obo/GO_0006527
http://purl.obolibrary.org/obo/GO_1900084, http://purl.obolibrary.org/obo/GO_0038083
http://purl.obolibrary.org/obo/GO_1900084, http://purl.obolibrary.org/obo/GO_0038083
http://purl.obolibrary.org/obo/GO_1900088, http://purl.obolibrary.org/obo/GO_0006021
http://purl.obolibrary.org/obo/GO_1900088, http://purl.obolibrary.org/obo/GO_0006021
http://purl.obolibrary.org/obo/GO_1900091, http://purl.obolibrary.org/obo/GO_0033529
http://purl.obolibrary.org/obo/GO_1900091, http://purl.obolibrary.org/obo/GO_0033529
http://purl.obolibrary.org/obo/GO_1900098, http://purl.obolibrary.org/obo/GO_0002317
http://purl.obolibrary.org/obo/GO_1900098, http://purl.obolibrary.org/obo/GO_0002317
http://purl.obolibrary.org/obo/GO_1900101, http://purl.obolibrary.org/obo/GO_0030968
http://purl.obolibrary.org/obo/GO_1900101, http://purl.obolibrary.org/obo/GO_0030968
http://purl.obolibrary.org/obo/GO_1900104, http://purl.obolibrary.org/obo/GO_0036118
http://purl.obolibrary.org/obo/GO_1900104, http://purl.obolibrary.org/obo/GO_0036118
http://purl.obolibrary.org/obo/GO_1900107, http://purl.obolibrary.org/obo/GO_0038092
http://purl.obolibrary.org/obo/GO_1900107, http://purl.obolibrary.org/obo/GO_0038092
http://purl.obolibrary.org/obo/GO_1900117, http://purl.obolibrary.org/obo/GO_0097194
http://purl.obolibrary.org/obo/GO_1900117, http://purl.obolibrary.org/obo/GO_0097194
http://purl.obolibrary.org/obo/GO_1900120, http://purl.obolibrary.org/obo/GO_0005102
http://purl.obolibrary.org/obo/GO_1900120, http://purl.obolibrary.org/obo/GO_0005102
http://purl.obolibrary.org/obo/GO_1900123, http://purl.obolibrary.org/obo/GO_0038099
http://purl.obolibrary.org/obo/GO_1900123, http://purl.obolibrary.org/obo/GO_0038099
http://purl.obolibrary.org/obo/GO_1900125, http://purl.obolibrary.org/obo/GO_0030213
http://purl.obolibrary.org/obo/GO_1900125, http://purl.obolibrary.org/obo/GO_0030213
http://purl.obolibrary.org/obo/GO_1900128, http://purl.obolibrary.org/obo/GO_0015467
http://purl.obolibrary.org/obo/GO_1900128, http://purl.obolibrary.org/obo/GO_0015467
http://purl.obolibrary.org/obo/GO_1900130, http://purl.obolibrary.org/obo/GO_0008289
http://purl.obolibrary.org/obo/GO_1900130, http://purl.obolibrary.org/obo/GO_0008289
http://purl.obolibrary.org/obo/GO_1900133, http://purl.obolibrary.org/obo/GO_0002001
http://purl.obolibrary.org/obo/GO_1900133, http://purl.obolibrary.org/obo/GO_0002001
http://purl.obolibrary.org/obo/GO_1900136, http://purl.obolibrary.org/obo/GO_0008009
http://purl.obolibrary.org/obo/GO_1900136, http://purl.obolibrary.org/obo/GO_0008009
http://purl.obolibrary.org/obo/GO_1900140, http://purl.obolibrary.org/obo/GO_0090351
http://purl.obolibrary.org/obo/GO_1900140, http://purl.obolibrary.org/obo/GO_0090351
http://purl.obolibrary.org/obo/GO_1900141, http://purl.obolibrary.org/obo/GO_0097252
http://purl.obolibrary.org/obo/GO_1900141, http://purl.obolibrary.org/obo/GO_0097252
http://purl.obolibrary.org/obo/GO_1900147, http://purl.obolibrary.org/obo/GO_0036135
http://purl.obolibrary.org/obo/GO_1900147, http://purl.obolibrary.org/obo/GO_0036135
http://purl.obolibrary.org/obo/GO_1900150, http://purl.obolibrary.org/obo/GO_0050832
http://purl.obolibrary.org/obo/GO_1900150, http://purl.obolibrary.org/obo/GO_0050832
http://purl.obolibrary.org/obo/GO_1900151, http://purl.obolibrary.org/obo/GO_0000288
http://purl.obolibrary.org/obo/GO_1900151, http://purl.obolibrary.org/obo/GO_0000288
http://purl.obolibrary.org/obo/GO_1900154, http://purl.obolibrary.org/obo/GO_0060346
http://purl.obolibrary.org/obo/GO_1900154, http://purl.obolibrary.org/obo/GO_0060346
http://purl.obolibrary.org/obo/GO_1900157, http://purl.obolibrary.org/obo/GO_0035630
http://purl.obolibrary.org/obo/GO_1900157, http://purl.obolibrary.org/obo/GO_0035630
http://purl.obolibrary.org/obo/GO_1900161, http://purl.obolibrary.org/obo/GO_0017128
http://purl.obolibrary.org/obo/GO_1900161, http://purl.obolibrary.org/obo/GO_0017128
http://purl.obolibrary.org/obo/GO_1900166, http://purl.obolibrary.org/obo/GO_0044467
http://purl.obolibrary.org/obo/GO_1900166, http://purl.obolibrary.org/obo/GO_0044467
http://purl.obolibrary.org/obo/GO_1900169, http://purl.obolibrary.org/obo/GO_0043402
http://purl.obolibrary.org/obo/GO_1900169, http://purl.obolibrary.org/obo/GO_0043402
http://purl.obolibrary.org/obo/GO_1900177, http://purl.obolibrary.org/obo/GO_0045122
http://purl.obolibrary.org/obo/GO_1900177, http://purl.obolibrary.org/obo/GO_0045122
http://purl.obolibrary.org/obo/GO_1900180, http://purl.obolibrary.org/obo/GO_0034504
http://purl.obolibrary.org/obo/GO_1900180, http://purl.obolibrary.org/obo/GO_0034504
http://purl.obolibrary.org/obo/GO_1900183, http://purl.obolibrary.org/obo/GO_2001307
http://purl.obolibrary.org/obo/GO_1900183, http://purl.obolibrary.org/obo/GO_2001307
http://purl.obolibrary.org/obo/GO_1900187, http://purl.obolibrary.org/obo/GO_0043709
http://purl.obolibrary.org/obo/GO_1900187, http://purl.obolibrary.org/obo/GO_0043709
http://purl.obolibrary.org/obo/GO_1900190, http://purl.obolibrary.org/obo/GO_0044010
http://purl.obolibrary.org/obo/GO_1900190, http://purl.obolibrary.org/obo/GO_0044010
http://purl.obolibrary.org/obo/GO_1900193, http://purl.obolibrary.org/obo/GO_0001556
http://purl.obolibrary.org/obo/GO_1900193, http://purl.obolibrary.org/obo/GO_0001556
http://purl.obolibrary.org/obo/GO_1900196, http://purl.obolibrary.org/obo/GO_0042318
http://purl.obolibrary.org/obo/GO_1900196, http://purl.obolibrary.org/obo/GO_0042318
http://purl.obolibrary.org/obo/GO_1900206, http://purl.obolibrary.org/obo/GO_0039020
http://purl.obolibrary.org/obo/GO_1900206, http://purl.obolibrary.org/obo/GO_0039020
http://purl.obolibrary.org/obo/GO_1900208, http://purl.obolibrary.org/obo/GO_0032048
http://purl.obolibrary.org/obo/GO_1900208, http://purl.obolibrary.org/obo/GO_0032048
http://purl.obolibrary.org/obo/GO_1900211, http://purl.obolibrary.org/obo/GO_1900200
http://purl.obolibrary.org/obo/GO_1900211, http://purl.obolibrary.org/obo/GO_1900200
http://purl.obolibrary.org/obo/GO_1900214, http://purl.obolibrary.org/obo/GO_1900204
http://purl.obolibrary.org/obo/GO_1900214, http://purl.obolibrary.org/obo/GO_1900204
http://purl.obolibrary.org/obo/GO_1900217, http://purl.obolibrary.org/obo/GO_1900205
http://purl.obolibrary.org/obo/GO_1900217, http://purl.obolibrary.org/obo/GO_1900205
http://purl.obolibrary.org/obo/GO_1900221, http://purl.obolibrary.org/obo/GO_0097242
http://purl.obolibrary.org/obo/GO_1900221, http://purl.obolibrary.org/obo/GO_0097242
http://purl.obolibrary.org/obo/GO_1900225, http://purl.obolibrary.org/obo/GO_0044546
http://purl.obolibrary.org/obo/GO_1900225, http://purl.obolibrary.org/obo/GO_0044546
http://purl.obolibrary.org/obo/GO_1900228, http://purl.obolibrary.org/obo/GO_0044407
http://purl.obolibrary.org/obo/GO_1900228, http://purl.obolibrary.org/obo/GO_0044407
http://purl.obolibrary.org/obo/GO_1900231, http://purl.obolibrary.org/obo/GO_0044011
http://purl.obolibrary.org/obo/GO_1900231, http://purl.obolibrary.org/obo/GO_0044011
http://purl.obolibrary.org/obo/GO_1900234, http://purl.obolibrary.org/obo/GO_0038109
http://purl.obolibrary.org/obo/GO_1900234, http://purl.obolibrary.org/obo/GO_0038109
http://purl.obolibrary.org/obo/GO_1900238, http://purl.obolibrary.org/obo/GO_0035789
http://purl.obolibrary.org/obo/GO_1900239, http://purl.obolibrary.org/obo/GO_0036166
http://purl.obolibrary.org/obo/GO_1900239, http://purl.obolibrary.org/obo/GO_0036166
http://purl.obolibrary.org/obo/GO_1900242, http://purl.obolibrary.org/obo/GO_0048488
http://purl.obolibrary.org/obo/GO_1900242, http://purl.obolibrary.org/obo/GO_0048488
http://purl.obolibrary.org/obo/GO_1900247, http://purl.obolibrary.org/obo/GO_0002182
http://purl.obolibrary.org/obo/GO_1900247, http://purl.obolibrary.org/obo/GO_0002182
http://purl.obolibrary.org/obo/GO_1900259, http://purl.obolibrary.org/obo/GO_0003968
http://purl.obolibrary.org/obo/GO_1900259, http://purl.obolibrary.org/obo/GO_0003968
http://purl.obolibrary.org/obo/GO_1900262, http://purl.obolibrary.org/obo/GO_0003887
http://purl.obolibrary.org/obo/GO_1900262, http://purl.obolibrary.org/obo/GO_0003887
http://purl.obolibrary.org/obo/GO_1900265, http://purl.obolibrary.org/obo/GO_0031835
http://purl.obolibrary.org/obo/GO_1900265, http://purl.obolibrary.org/obo/GO_0031835
http://purl.obolibrary.org/obo/GO_1900268, http://purl.obolibrary.org/obo/GO_0001171
http://purl.obolibrary.org/obo/GO_1900268, http://purl.obolibrary.org/obo/GO_0001171
http://purl.obolibrary.org/obo/GO_1900271, http://purl.obolibrary.org/obo/GO_0060291
http://purl.obolibrary.org/obo/GO_1900271, http://purl.obolibrary.org/obo/GO_0060291
http://purl.obolibrary.org/obo/GO_1900276, http://purl.obolibrary.org/obo/GO_0001648
http://purl.obolibrary.org/obo/GO_1900276, http://purl.obolibrary.org/obo/GO_0001648
http://purl.obolibrary.org/obo/GO_1900279, http://purl.obolibrary.org/obo/GO_0035783
http://purl.obolibrary.org/obo/GO_1900279, http://purl.obolibrary.org/obo/GO_0035783
http://purl.obolibrary.org/obo/GO_1900282, http://purl.obolibrary.org/obo/GO_2000892
http://purl.obolibrary.org/obo/GO_1900282, http://purl.obolibrary.org/obo/GO_2000892
http://purl.obolibrary.org/obo/GO_1900285, http://purl.obolibrary.org/obo/GO_2001096
http://purl.obolibrary.org/obo/GO_1900285, http://purl.obolibrary.org/obo/GO_2001096
http://purl.obolibrary.org/obo/GO_1900288, http://purl.obolibrary.org/obo/GO_0052799
http://purl.obolibrary.org/obo/GO_1900288, http://purl.obolibrary.org/obo/GO_0052799
http://purl.obolibrary.org/obo/GO_1900291, http://purl.obolibrary.org/obo/GO_2001093
http://purl.obolibrary.org/obo/GO_1900291, http://purl.obolibrary.org/obo/GO_2001093
http://purl.obolibrary.org/obo/GO_1900294, http://purl.obolibrary.org/obo/GO_2001104
http://purl.obolibrary.org/obo/GO_1900294, http://purl.obolibrary.org/obo/GO_2001104
http://purl.obolibrary.org/obo/GO_1900297, http://purl.obolibrary.org/obo/GO_2001102
http://purl.obolibrary.org/obo/GO_1900297, http://purl.obolibrary.org/obo/GO_2001102
http://purl.obolibrary.org/obo/GO_1900303, http://purl.obolibrary.org/obo/GO_2001097
http://purl.obolibrary.org/obo/GO_1900303, http://purl.obolibrary.org/obo/GO_2001097
http://purl.obolibrary.org/obo/GO_1900306, http://purl.obolibrary.org/obo/GO_2001105
http://purl.obolibrary.org/obo/GO_1900306, http://purl.obolibrary.org/obo/GO_2001105
http://purl.obolibrary.org/obo/GO_1900309, http://purl.obolibrary.org/obo/GO_2001122
http://purl.obolibrary.org/obo/GO_1900309, http://purl.obolibrary.org/obo/GO_2001122
http://purl.obolibrary.org/obo/GO_1900312, http://purl.obolibrary.org/obo/GO_2001103
http://purl.obolibrary.org/obo/GO_1900312, http://purl.obolibrary.org/obo/GO_2001103
http://purl.obolibrary.org/obo/GO_1900315, http://purl.obolibrary.org/obo/GO_2001101
http://purl.obolibrary.org/obo/GO_1900315, http://purl.obolibrary.org/obo/GO_2001101
http://purl.obolibrary.org/obo/GO_1900318, http://purl.obolibrary.org/obo/GO_2001129
http://purl.obolibrary.org/obo/GO_1900318, http://purl.obolibrary.org/obo/GO_2001129
http://purl.obolibrary.org/obo/GO_1900321, http://purl.obolibrary.org/obo/GO_2001099
http://purl.obolibrary.org/obo/GO_1900321, http://purl.obolibrary.org/obo/GO_2001099
http://purl.obolibrary.org/obo/GO_1900324, http://purl.obolibrary.org/obo/GO_2001090
http://purl.obolibrary.org/obo/GO_1900324, http://purl.obolibrary.org/obo/GO_2001090
http://purl.obolibrary.org/obo/GO_1900327, http://purl.obolibrary.org/obo/GO_2001095
http://purl.obolibrary.org/obo/GO_1900327, http://purl.obolibrary.org/obo/GO_2001095
http://purl.obolibrary.org/obo/GO_1900330, http://purl.obolibrary.org/obo/GO_2001130
http://purl.obolibrary.org/obo/GO_1900330, http://purl.obolibrary.org/obo/GO_2001130
http://purl.obolibrary.org/obo/GO_1900333, http://purl.obolibrary.org/obo/GO_2001132
http://purl.obolibrary.org/obo/GO_1900333, http://purl.obolibrary.org/obo/GO_2001132
http://purl.obolibrary.org/obo/GO_1900336, http://purl.obolibrary.org/obo/GO_2001134
http://purl.obolibrary.org/obo/GO_1900336, http://purl.obolibrary.org/obo/GO_2001134
http://purl.obolibrary.org/obo/GO_1900339, http://purl.obolibrary.org/obo/GO_2001127
http://purl.obolibrary.org/obo/GO_1900339, http://purl.obolibrary.org/obo/GO_2001127
http://purl.obolibrary.org/obo/GO_1900342, http://purl.obolibrary.org/obo/GO_2001131
http://purl.obolibrary.org/obo/GO_1900342, http://purl.obolibrary.org/obo/GO_2001131
http://purl.obolibrary.org/obo/GO_1900345, http://purl.obolibrary.org/obo/GO_2001133
http://purl.obolibrary.org/obo/GO_1900345, http://purl.obolibrary.org/obo/GO_2001133
http://purl.obolibrary.org/obo/GO_1900348, http://purl.obolibrary.org/obo/GO_2001128
http://purl.obolibrary.org/obo/GO_1900348, http://purl.obolibrary.org/obo/GO_2001128
http://purl.obolibrary.org/obo/GO_1900351, http://purl.obolibrary.org/obo/GO_2001120
http://purl.obolibrary.org/obo/GO_1900351, http://purl.obolibrary.org/obo/GO_2001120
http://purl.obolibrary.org/obo/GO_1900354, http://purl.obolibrary.org/obo/GO_2001119
http://purl.obolibrary.org/obo/GO_1900354, http://purl.obolibrary.org/obo/GO_2001119
http://purl.obolibrary.org/obo/GO_1900357, http://purl.obolibrary.org/obo/GO_2001091
http://purl.obolibrary.org/obo/GO_1900357, http://purl.obolibrary.org/obo/GO_2001091
http://purl.obolibrary.org/obo/GO_1900360, http://purl.obolibrary.org/obo/GO_2001100
http://purl.obolibrary.org/obo/GO_1900360, http://purl.obolibrary.org/obo/GO_2001100
http://purl.obolibrary.org/obo/GO_1900368, http://purl.obolibrary.org/obo/GO_0035194
http://purl.obolibrary.org/obo/GO_1900368, http://purl.obolibrary.org/obo/GO_0035194
http://purl.obolibrary.org/obo/GO_1900371, http://purl.obolibrary.org/obo/GO_0006164
http://purl.obolibrary.org/obo/GO_1900371, http://purl.obolibrary.org/obo/GO_0006164
http://purl.obolibrary.org/obo/GO_1900376, http://purl.obolibrary.org/obo/GO_0044550
http://purl.obolibrary.org/obo/GO_1900376, http://purl.obolibrary.org/obo/GO_0044550
http://purl.obolibrary.org/obo/GO_1900379, http://purl.obolibrary.org/obo/GO_0036184
http://purl.obolibrary.org/obo/GO_1900379, http://purl.obolibrary.org/obo/GO_0036184
http://purl.obolibrary.org/obo/GO_1900384, http://purl.obolibrary.org/obo/GO_0051555
http://purl.obolibrary.org/obo/GO_1900384, http://purl.obolibrary.org/obo/GO_0051555
http://purl.obolibrary.org/obo/GO_1900394, http://purl.obolibrary.org/obo/GO_2001317
http://purl.obolibrary.org/obo/GO_1900394, http://purl.obolibrary.org/obo/GO_2001317
http://purl.obolibrary.org/obo/GO_1900397, http://purl.obolibrary.org/obo/GO_0006221
http://purl.obolibrary.org/obo/GO_1900397, http://purl.obolibrary.org/obo/GO_0006221
http://purl.obolibrary.org/obo/GO_1900407, http://purl.obolibrary.org/obo/GO_0034599
http://purl.obolibrary.org/obo/GO_1900407, http://purl.obolibrary.org/obo/GO_0034599
http://purl.obolibrary.org/obo/GO_1900419, http://purl.obolibrary.org/obo/GO_0046164
http://purl.obolibrary.org/obo/GO_1900419, http://purl.obolibrary.org/obo/GO_0046164
http://purl.obolibrary.org/obo/GO_1900424, http://purl.obolibrary.org/obo/GO_0042742
http://purl.obolibrary.org/obo/GO_1900424, http://purl.obolibrary.org/obo/GO_0042742
http://purl.obolibrary.org/obo/GO_1900428, http://purl.obolibrary.org/obo/GO_0044182
http://purl.obolibrary.org/obo/GO_1900428, http://purl.obolibrary.org/obo/GO_0044182
http://purl.obolibrary.org/obo/GO_1900431, http://purl.obolibrary.org/obo/GO_0036168
http://purl.obolibrary.org/obo/GO_1900431, http://purl.obolibrary.org/obo/GO_0036168
http://purl.obolibrary.org/obo/GO_1900434, http://purl.obolibrary.org/obo/GO_0036170
http://purl.obolibrary.org/obo/GO_1900434, http://purl.obolibrary.org/obo/GO_0036170
http://purl.obolibrary.org/obo/GO_1900437, http://purl.obolibrary.org/obo/GO_0036171
http://purl.obolibrary.org/obo/GO_1900437, http://purl.obolibrary.org/obo/GO_0036171
http://purl.obolibrary.org/obo/GO_1900440, http://purl.obolibrary.org/obo/GO_0036178
http://purl.obolibrary.org/obo/GO_1900440, http://purl.obolibrary.org/obo/GO_0036178
http://purl.obolibrary.org/obo/GO_1900443, http://purl.obolibrary.org/obo/GO_0036180
http://purl.obolibrary.org/obo/GO_1900443, http://purl.obolibrary.org/obo/GO_0036180
http://purl.obolibrary.org/obo/GO_1900449, http://purl.obolibrary.org/obo/GO_0007215
http://purl.obolibrary.org/obo/GO_1900449, http://purl.obolibrary.org/obo/GO_0007215
http://purl.obolibrary.org/obo/GO_1900452, http://purl.obolibrary.org/obo/GO_0060292
http://purl.obolibrary.org/obo/GO_1900452, http://purl.obolibrary.org/obo/GO_0060292
http://purl.obolibrary.org/obo/GO_1900457, http://purl.obolibrary.org/obo/GO_0009742
http://purl.obolibrary.org/obo/GO_1900457, http://purl.obolibrary.org/obo/GO_0009742
http://purl.obolibrary.org/obo/GO_1900468, http://purl.obolibrary.org/obo/GO_0006659
http://purl.obolibrary.org/obo/GO_1900468, http://purl.obolibrary.org/obo/GO_0006659
http://purl.obolibrary.org/obo/GO_1900480, http://purl.obolibrary.org/obo/GO_0006651
http://purl.obolibrary.org/obo/GO_1900480, http://purl.obolibrary.org/obo/GO_0006651
http://purl.obolibrary.org/obo/GO_1900483, http://purl.obolibrary.org/obo/GO_0044395
http://purl.obolibrary.org/obo/GO_1900483, http://purl.obolibrary.org/obo/GO_0044395
http://purl.obolibrary.org/obo/GO_1900487, http://purl.obolibrary.org/obo/GO_0044571
http://purl.obolibrary.org/obo/GO_1900487, http://purl.obolibrary.org/obo/GO_0044571
http://purl.obolibrary.org/obo/GO_1900491, http://purl.obolibrary.org/obo/GO_0044572
http://purl.obolibrary.org/obo/GO_1900491, http://purl.obolibrary.org/obo/GO_0044572
http://purl.obolibrary.org/obo/GO_1900494, http://purl.obolibrary.org/obo/GO_0044579
http://purl.obolibrary.org/obo/GO_1900494, http://purl.obolibrary.org/obo/GO_0044579
http://purl.obolibrary.org/obo/GO_1900497, http://purl.obolibrary.org/obo/GO_0044582
http://purl.obolibrary.org/obo/GO_1900497, http://purl.obolibrary.org/obo/GO_0044582
http://purl.obolibrary.org/obo/GO_1900500, http://purl.obolibrary.org/obo/GO_0044581
http://purl.obolibrary.org/obo/GO_1900500, http://purl.obolibrary.org/obo/GO_0044581
http://purl.obolibrary.org/obo/GO_1900503, http://purl.obolibrary.org/obo/GO_0044575
http://purl.obolibrary.org/obo/GO_1900503, http://purl.obolibrary.org/obo/GO_0044575
http://purl.obolibrary.org/obo/GO_1900506, http://purl.obolibrary.org/obo/GO_0044593
http://purl.obolibrary.org/obo/GO_1900506, http://purl.obolibrary.org/obo/GO_0044593
http://purl.obolibrary.org/obo/GO_1900512, http://purl.obolibrary.org/obo/GO_0044574
http://purl.obolibrary.org/obo/GO_1900512, http://purl.obolibrary.org/obo/GO_0044574
http://purl.obolibrary.org/obo/GO_1900515, http://purl.obolibrary.org/obo/GO_0044577
http://purl.obolibrary.org/obo/GO_1900515, http://purl.obolibrary.org/obo/GO_0044577
http://purl.obolibrary.org/obo/GO_1900518, http://purl.obolibrary.org/obo/GO_0044592
http://purl.obolibrary.org/obo/GO_1900518, http://purl.obolibrary.org/obo/GO_0044592
http://purl.obolibrary.org/obo/GO_1900521, http://purl.obolibrary.org/obo/GO_0044591
http://purl.obolibrary.org/obo/GO_1900521, http://purl.obolibrary.org/obo/GO_0044591
http://purl.obolibrary.org/obo/GO_1900542, http://purl.obolibrary.org/obo/GO_0006163
http://purl.obolibrary.org/obo/GO_1900542, http://purl.obolibrary.org/obo/GO_0006163
http://purl.obolibrary.org/obo/GO_1900618, http://purl.obolibrary.org/obo/GO_0010016
http://purl.obolibrary.org/obo/GO_1900618, http://purl.obolibrary.org/obo/GO_0010016
http://purl.obolibrary.org/obo/GO_1900623, http://purl.obolibrary.org/obo/GO_0070487
http://purl.obolibrary.org/obo/GO_1900623, http://purl.obolibrary.org/obo/GO_0070487
http://purl.obolibrary.org/obo/GO_1900626, http://purl.obolibrary.org/obo/GO_1900587
http://purl.obolibrary.org/obo/GO_1900626, http://purl.obolibrary.org/obo/GO_1900587
http://purl.obolibrary.org/obo/GO_1900637, http://purl.obolibrary.org/obo/GO_1900554
http://purl.obolibrary.org/obo/GO_1900637, http://purl.obolibrary.org/obo/GO_1900554
http://purl.obolibrary.org/obo/GO_1900640, http://purl.obolibrary.org/obo/GO_1900560
http://purl.obolibrary.org/obo/GO_1900640, http://purl.obolibrary.org/obo/GO_1900560
http://purl.obolibrary.org/obo/GO_1900646, http://purl.obolibrary.org/obo/GO_1900569
http://purl.obolibrary.org/obo/GO_1900646, http://purl.obolibrary.org/obo/GO_1900569
http://purl.obolibrary.org/obo/GO_1900649, http://purl.obolibrary.org/obo/GO_1900563
http://purl.obolibrary.org/obo/GO_1900649, http://purl.obolibrary.org/obo/GO_1900563
http://purl.obolibrary.org/obo/GO_1900652, http://purl.obolibrary.org/obo/GO_1900599
http://purl.obolibrary.org/obo/GO_1900652, http://purl.obolibrary.org/obo/GO_1900599
http://purl.obolibrary.org/obo/GO_1900655, http://purl.obolibrary.org/obo/GO_1900572
http://purl.obolibrary.org/obo/GO_1900655, http://purl.obolibrary.org/obo/GO_1900572
http://purl.obolibrary.org/obo/GO_1900658, http://purl.obolibrary.org/obo/GO_1900557
http://purl.obolibrary.org/obo/GO_1900658, http://purl.obolibrary.org/obo/GO_1900557
http://purl.obolibrary.org/obo/GO_1900661, http://purl.obolibrary.org/obo/GO_1900617
http://purl.obolibrary.org/obo/GO_1900661, http://purl.obolibrary.org/obo/GO_1900617
http://purl.obolibrary.org/obo/GO_1900664, http://purl.obolibrary.org/obo/GO_1900575
http://purl.obolibrary.org/obo/GO_1900664, http://purl.obolibrary.org/obo/GO_1900575
http://purl.obolibrary.org/obo/GO_1900667, http://purl.obolibrary.org/obo/GO_1900602
http://purl.obolibrary.org/obo/GO_1900667, http://purl.obolibrary.org/obo/GO_1900602
http://purl.obolibrary.org/obo/GO_1900670, http://purl.obolibrary.org/obo/GO_1900611
http://purl.obolibrary.org/obo/GO_1900670, http://purl.obolibrary.org/obo/GO_1900611
http://purl.obolibrary.org/obo/GO_1900675, http://purl.obolibrary.org/obo/GO_1900614
http://purl.obolibrary.org/obo/GO_1900675, http://purl.obolibrary.org/obo/GO_1900614
http://purl.obolibrary.org/obo/GO_1900678, http://purl.obolibrary.org/obo/GO_0031171
http://purl.obolibrary.org/obo/GO_1900678, http://purl.obolibrary.org/obo/GO_0031171
http://purl.obolibrary.org/obo/GO_1900683, http://purl.obolibrary.org/obo/GO_1900541
http://purl.obolibrary.org/obo/GO_1900683, http://purl.obolibrary.org/obo/GO_1900541
http://purl.obolibrary.org/obo/GO_1900686, http://purl.obolibrary.org/obo/GO_1900578
http://purl.obolibrary.org/obo/GO_1900686, http://purl.obolibrary.org/obo/GO_1900578
http://purl.obolibrary.org/obo/GO_1900689, http://purl.obolibrary.org/obo/GO_2001310
http://purl.obolibrary.org/obo/GO_1900689, http://purl.obolibrary.org/obo/GO_2001310
http://purl.obolibrary.org/obo/GO_1900692, http://purl.obolibrary.org/obo/GO_1900596
http://purl.obolibrary.org/obo/GO_1900692, http://purl.obolibrary.org/obo/GO_1900596
http://purl.obolibrary.org/obo/GO_1900695, http://purl.obolibrary.org/obo/GO_1900551
http://purl.obolibrary.org/obo/GO_1900695, http://purl.obolibrary.org/obo/GO_1900551
http://purl.obolibrary.org/obo/GO_1900698, http://purl.obolibrary.org/obo/GO_1900584
http://purl.obolibrary.org/obo/GO_1900698, http://purl.obolibrary.org/obo/GO_1900584
http://purl.obolibrary.org/obo/GO_1900701, http://purl.obolibrary.org/obo/GO_0046197
http://purl.obolibrary.org/obo/GO_1900701, http://purl.obolibrary.org/obo/GO_0046197
http://purl.obolibrary.org/obo/GO_1900704, http://purl.obolibrary.org/obo/GO_0019290
http://purl.obolibrary.org/obo/GO_1900704, http://purl.obolibrary.org/obo/GO_0019290
http://purl.obolibrary.org/obo/GO_1900707, http://purl.obolibrary.org/obo/GO_1900605
http://purl.obolibrary.org/obo/GO_1900707, http://purl.obolibrary.org/obo/GO_1900605
http://purl.obolibrary.org/obo/GO_1900710, http://purl.obolibrary.org/obo/GO_1900608
http://purl.obolibrary.org/obo/GO_1900710, http://purl.obolibrary.org/obo/GO_1900608
http://purl.obolibrary.org/obo/GO_1900713, http://purl.obolibrary.org/obo/GO_1900590
http://purl.obolibrary.org/obo/GO_1900713, http://purl.obolibrary.org/obo/GO_1900590
http://purl.obolibrary.org/obo/GO_1900716, http://purl.obolibrary.org/obo/GO_1900593
http://purl.obolibrary.org/obo/GO_1900716, http://purl.obolibrary.org/obo/GO_1900593
http://purl.obolibrary.org/obo/GO_1900719, http://purl.obolibrary.org/obo/GO_0044558
http://purl.obolibrary.org/obo/GO_1900719, http://purl.obolibrary.org/obo/GO_0044558
http://purl.obolibrary.org/obo/GO_1900722, http://purl.obolibrary.org/obo/GO_0018117
http://purl.obolibrary.org/obo/GO_1900722, http://purl.obolibrary.org/obo/GO_0018117
http://purl.obolibrary.org/obo/GO_1900729, http://purl.obolibrary.org/obo/GO_0031635
http://purl.obolibrary.org/obo/GO_1900729, http://purl.obolibrary.org/obo/GO_0031635
http://purl.obolibrary.org/obo/GO_1900732, http://purl.obolibrary.org/obo/GO_0030639
http://purl.obolibrary.org/obo/GO_1900732, http://purl.obolibrary.org/obo/GO_0030639
http://purl.obolibrary.org/obo/GO_1900736, http://purl.obolibrary.org/obo/GO_0007200
http://purl.obolibrary.org/obo/GO_1900736, http://purl.obolibrary.org/obo/GO_0007200
http://purl.obolibrary.org/obo/GO_1900741, http://purl.obolibrary.org/obo/GO_0036177
http://purl.obolibrary.org/obo/GO_1900741, http://purl.obolibrary.org/obo/GO_0036177
http://purl.obolibrary.org/obo/GO_1900744, http://purl.obolibrary.org/obo/GO_0038066
http://purl.obolibrary.org/obo/GO_1900744, http://purl.obolibrary.org/obo/GO_0038066
http://purl.obolibrary.org/obo/GO_1900746, http://purl.obolibrary.org/obo/GO_0038084
http://purl.obolibrary.org/obo/GO_1900746, http://purl.obolibrary.org/obo/GO_0038084
http://purl.obolibrary.org/obo/GO_1900757, http://purl.obolibrary.org/obo/GO_0003884
http://purl.obolibrary.org/obo/GO_1900757, http://purl.obolibrary.org/obo/GO_0003884
http://purl.obolibrary.org/obo/GO_1900822, http://purl.obolibrary.org/obo/GO_0035837
http://purl.obolibrary.org/obo/GO_1900822, http://purl.obolibrary.org/obo/GO_0035837
http://purl.obolibrary.org/obo/GO_1900825, http://purl.obolibrary.org/obo/GO_0086012
http://purl.obolibrary.org/obo/GO_1900825, http://purl.obolibrary.org/obo/GO_0086012
http://purl.obolibrary.org/obo/GO_1900834, http://purl.obolibrary.org/obo/GO_1900766
http://purl.obolibrary.org/obo/GO_1900834, http://purl.obolibrary.org/obo/GO_1900766
http://purl.obolibrary.org/obo/GO_1900837, http://purl.obolibrary.org/obo/GO_1900809
http://purl.obolibrary.org/obo/GO_1900837, http://purl.obolibrary.org/obo/GO_1900809
http://purl.obolibrary.org/obo/GO_1900840, http://purl.obolibrary.org/obo/GO_1900812
http://purl.obolibrary.org/obo/GO_1900840, http://purl.obolibrary.org/obo/GO_1900812
http://purl.obolibrary.org/obo/GO_1900843, http://purl.obolibrary.org/obo/GO_1900815
http://purl.obolibrary.org/obo/GO_1900843, http://purl.obolibrary.org/obo/GO_1900815
http://purl.obolibrary.org/obo/GO_1900846, http://purl.obolibrary.org/obo/GO_1900787
http://purl.obolibrary.org/obo/GO_1900846, http://purl.obolibrary.org/obo/GO_1900787
http://purl.obolibrary.org/obo/GO_1900849, http://purl.obolibrary.org/obo/GO_1900790
http://purl.obolibrary.org/obo/GO_1900849, http://purl.obolibrary.org/obo/GO_1900790
http://purl.obolibrary.org/obo/GO_1900861, http://purl.obolibrary.org/obo/GO_1900799
http://purl.obolibrary.org/obo/GO_1900861, http://purl.obolibrary.org/obo/GO_1900799
http://purl.obolibrary.org/obo/GO_1900884, http://purl.obolibrary.org/obo/GO_1900632
http://purl.obolibrary.org/obo/GO_1900884, http://purl.obolibrary.org/obo/GO_1900632
http://purl.obolibrary.org/obo/GO_1900887, http://purl.obolibrary.org/obo/GO_1900634
http://purl.obolibrary.org/obo/GO_1900887, http://purl.obolibrary.org/obo/GO_1900634
http://purl.obolibrary.org/obo/GO_1900890, http://purl.obolibrary.org/obo/GO_1900633
http://purl.obolibrary.org/obo/GO_1900890, http://purl.obolibrary.org/obo/GO_1900633
http://purl.obolibrary.org/obo/GO_1900893, http://purl.obolibrary.org/obo/GO_1900631
http://purl.obolibrary.org/obo/GO_1900893, http://purl.obolibrary.org/obo/GO_1900631
http://purl.obolibrary.org/obo/GO_1900896, http://purl.obolibrary.org/obo/GO_1900636
http://purl.obolibrary.org/obo/GO_1900896, http://purl.obolibrary.org/obo/GO_1900636
http://purl.obolibrary.org/obo/GO_1900899, http://purl.obolibrary.org/obo/GO_1900635
http://purl.obolibrary.org/obo/GO_1900899, http://purl.obolibrary.org/obo/GO_1900635
http://purl.obolibrary.org/obo/GO_1900902, http://purl.obolibrary.org/obo/GO_0006634
http://purl.obolibrary.org/obo/GO_1900902, http://purl.obolibrary.org/obo/GO_0006634
http://purl.obolibrary.org/obo/GO_1900905, http://purl.obolibrary.org/obo/GO_0046458
http://purl.obolibrary.org/obo/GO_1900905, http://purl.obolibrary.org/obo/GO_0046458
http://purl.obolibrary.org/obo/GO_1900908, http://purl.obolibrary.org/obo/GO_1900673
http://purl.obolibrary.org/obo/GO_1900908, http://purl.obolibrary.org/obo/GO_1900673
http://purl.obolibrary.org/obo/GO_1900911, http://purl.obolibrary.org/obo/GO_1900674
http://purl.obolibrary.org/obo/GO_1900911, http://purl.obolibrary.org/obo/GO_1900674
http://purl.obolibrary.org/obo/GO_1900914, http://purl.obolibrary.org/obo/GO_1900682
http://purl.obolibrary.org/obo/GO_1900914, http://purl.obolibrary.org/obo/GO_1900682
http://purl.obolibrary.org/obo/GO_1900917, http://purl.obolibrary.org/obo/GO_1900681
http://purl.obolibrary.org/obo/GO_1900917, http://purl.obolibrary.org/obo/GO_1900681
http://purl.obolibrary.org/obo/GO_1900923, http://purl.obolibrary.org/obo/GO_1903804
http://purl.obolibrary.org/obo/GO_1900923, http://purl.obolibrary.org/obo/GO_1903804
http://purl.obolibrary.org/obo/GO_1900926, http://purl.obolibrary.org/obo/GO_1903807
http://purl.obolibrary.org/obo/GO_1900926, http://purl.obolibrary.org/obo/GO_1903807
http://purl.obolibrary.org/obo/GO_1900929, http://purl.obolibrary.org/obo/GO_1903808
http://purl.obolibrary.org/obo/GO_1900929, http://purl.obolibrary.org/obo/GO_1903808
http://purl.obolibrary.org/obo/GO_1900932, http://purl.obolibrary.org/obo/GO_1900876
http://purl.obolibrary.org/obo/GO_1900932, http://purl.obolibrary.org/obo/GO_1900876
http://purl.obolibrary.org/obo/GO_1900935, http://purl.obolibrary.org/obo/GO_1900877
http://purl.obolibrary.org/obo/GO_1900935, http://purl.obolibrary.org/obo/GO_1900877
http://purl.obolibrary.org/obo/GO_1900938, http://purl.obolibrary.org/obo/GO_1900878
http://purl.obolibrary.org/obo/GO_1900938, http://purl.obolibrary.org/obo/GO_1900878
http://purl.obolibrary.org/obo/GO_1900941, http://purl.obolibrary.org/obo/GO_1900879
http://purl.obolibrary.org/obo/GO_1900941, http://purl.obolibrary.org/obo/GO_1900879
http://purl.obolibrary.org/obo/GO_1900944, http://purl.obolibrary.org/obo/GO_0043611
http://purl.obolibrary.org/obo/GO_1900944, http://purl.obolibrary.org/obo/GO_0043611
http://purl.obolibrary.org/obo/GO_1900947, http://purl.obolibrary.org/obo/GO_0043612
http://purl.obolibrary.org/obo/GO_1900947, http://purl.obolibrary.org/obo/GO_0043612
http://purl.obolibrary.org/obo/GO_1900950, http://purl.obolibrary.org/obo/GO_1900881
http://purl.obolibrary.org/obo/GO_1900950, http://purl.obolibrary.org/obo/GO_1900881
http://purl.obolibrary.org/obo/GO_1900953, http://purl.obolibrary.org/obo/GO_1900880
http://purl.obolibrary.org/obo/GO_1900953, http://purl.obolibrary.org/obo/GO_1900880
http://purl.obolibrary.org/obo/GO_1900956, http://purl.obolibrary.org/obo/GO_1900883
http://purl.obolibrary.org/obo/GO_1900956, http://purl.obolibrary.org/obo/GO_1900883
http://purl.obolibrary.org/obo/GO_1900959, http://purl.obolibrary.org/obo/GO_1900882
http://purl.obolibrary.org/obo/GO_1900959, http://purl.obolibrary.org/obo/GO_1900882
http://purl.obolibrary.org/obo/GO_1900962, http://purl.obolibrary.org/obo/GO_1900630
http://purl.obolibrary.org/obo/GO_1900962, http://purl.obolibrary.org/obo/GO_1900630
http://purl.obolibrary.org/obo/GO_1900965, http://purl.obolibrary.org/obo/GO_1900629
http://purl.obolibrary.org/obo/GO_1900965, http://purl.obolibrary.org/obo/GO_1900629
http://purl.obolibrary.org/obo/GO_1900968, http://purl.obolibrary.org/obo/GO_1900867
http://purl.obolibrary.org/obo/GO_1900968, http://purl.obolibrary.org/obo/GO_1900867
http://purl.obolibrary.org/obo/GO_1900971, http://purl.obolibrary.org/obo/GO_1900868
http://purl.obolibrary.org/obo/GO_1900971, http://purl.obolibrary.org/obo/GO_1900868
http://purl.obolibrary.org/obo/GO_1900974, http://purl.obolibrary.org/obo/GO_1900870
http://purl.obolibrary.org/obo/GO_1900974, http://purl.obolibrary.org/obo/GO_1900870
http://purl.obolibrary.org/obo/GO_1900977, http://purl.obolibrary.org/obo/GO_1900869
http://purl.obolibrary.org/obo/GO_1900977, http://purl.obolibrary.org/obo/GO_1900869
http://purl.obolibrary.org/obo/GO_1900980, http://purl.obolibrary.org/obo/GO_0002047
http://purl.obolibrary.org/obo/GO_1900980, http://purl.obolibrary.org/obo/GO_0002047
http://purl.obolibrary.org/obo/GO_1901000, http://purl.obolibrary.org/obo/GO_0009651
http://purl.obolibrary.org/obo/GO_1901000, http://purl.obolibrary.org/obo/GO_0009651
http://purl.obolibrary.org/obo/GO_1901016, http://purl.obolibrary.org/obo/GO_0015079
http://purl.obolibrary.org/obo/GO_1901016, http://purl.obolibrary.org/obo/GO_0015079
http://purl.obolibrary.org/obo/GO_1901019, http://purl.obolibrary.org/obo/GO_0015085
http://purl.obolibrary.org/obo/GO_1901019, http://purl.obolibrary.org/obo/GO_0015085
http://purl.obolibrary.org/obo/GO_1901028, http://purl.obolibrary.org/obo/GO_0097345
http://purl.obolibrary.org/obo/GO_1901028, http://purl.obolibrary.org/obo/GO_0097345
http://purl.obolibrary.org/obo/GO_1901031, http://purl.obolibrary.org/obo/GO_0000302
http://purl.obolibrary.org/obo/GO_1901031, http://purl.obolibrary.org/obo/GO_0000302
http://purl.obolibrary.org/obo/GO_1901034, http://purl.obolibrary.org/obo/GO_1903803
http://purl.obolibrary.org/obo/GO_1901034, http://purl.obolibrary.org/obo/GO_1903803
http://purl.obolibrary.org/obo/GO_1901039, http://purl.obolibrary.org/obo/GO_0046968
http://purl.obolibrary.org/obo/GO_1901039, http://purl.obolibrary.org/obo/GO_0046968
http://purl.obolibrary.org/obo/GO_1901074, http://purl.obolibrary.org/obo/GO_0043652
http://purl.obolibrary.org/obo/GO_1901074, http://purl.obolibrary.org/obo/GO_0043652
http://purl.obolibrary.org/obo/GO_1901077, http://purl.obolibrary.org/obo/GO_0090075
http://purl.obolibrary.org/obo/GO_1901077, http://purl.obolibrary.org/obo/GO_0090075
http://purl.obolibrary.org/obo/GO_1901080, http://purl.obolibrary.org/obo/GO_0044557
http://purl.obolibrary.org/obo/GO_1901080, http://purl.obolibrary.org/obo/GO_0044557
http://purl.obolibrary.org/obo/GO_1901090, http://purl.obolibrary.org/obo/GO_0051262
http://purl.obolibrary.org/obo/GO_1901090, http://purl.obolibrary.org/obo/GO_0051262
http://purl.obolibrary.org/obo/GO_1901093, http://purl.obolibrary.org/obo/GO_0051289
http://purl.obolibrary.org/obo/GO_1901093, http://purl.obolibrary.org/obo/GO_0051289
http://purl.obolibrary.org/obo/GO_1901096, http://purl.obolibrary.org/obo/GO_0097352
http://purl.obolibrary.org/obo/GO_1901096, http://purl.obolibrary.org/obo/GO_0097352
http://purl.obolibrary.org/obo/GO_1901141, http://purl.obolibrary.org/obo/GO_0009809
http://purl.obolibrary.org/obo/GO_1901141, http://purl.obolibrary.org/obo/GO_0009809
http://purl.obolibrary.org/obo/GO_1901163, http://purl.obolibrary.org/obo/GO_0061450
http://purl.obolibrary.org/obo/GO_1901163, http://purl.obolibrary.org/obo/GO_0061450
http://purl.obolibrary.org/obo/GO_1901182, http://purl.obolibrary.org/obo/GO_0010120
http://purl.obolibrary.org/obo/GO_1901182, http://purl.obolibrary.org/obo/GO_0010120
http://purl.obolibrary.org/obo/GO_1901184, http://purl.obolibrary.org/obo/GO_0038127
http://purl.obolibrary.org/obo/GO_1901184, http://purl.obolibrary.org/obo/GO_0038127
http://purl.obolibrary.org/obo/GO_1901187, http://purl.obolibrary.org/obo/GO_0048013
http://purl.obolibrary.org/obo/GO_1901187, http://purl.obolibrary.org/obo/GO_0048013
http://purl.obolibrary.org/obo/GO_1901190, http://purl.obolibrary.org/obo/GO_0001677
http://purl.obolibrary.org/obo/GO_1901190, http://purl.obolibrary.org/obo/GO_0001677
http://purl.obolibrary.org/obo/GO_1901193, http://purl.obolibrary.org/obo/GO_0001731
http://purl.obolibrary.org/obo/GO_1901193, http://purl.obolibrary.org/obo/GO_0001731
http://purl.obolibrary.org/obo/GO_1901201, http://purl.obolibrary.org/obo/GO_0085029
http://purl.obolibrary.org/obo/GO_1901201, http://purl.obolibrary.org/obo/GO_0085029
http://purl.obolibrary.org/obo/GO_1901207, http://purl.obolibrary.org/obo/GO_0001947
http://purl.obolibrary.org/obo/GO_1901207, http://purl.obolibrary.org/obo/GO_0001947
http://purl.obolibrary.org/obo/GO_1901210, http://purl.obolibrary.org/obo/GO_0003207
http://purl.obolibrary.org/obo/GO_1901210, http://purl.obolibrary.org/obo/GO_0003207
http://purl.obolibrary.org/obo/GO_1901219, http://purl.obolibrary.org/obo/GO_0003206
http://purl.obolibrary.org/obo/GO_1901219, http://purl.obolibrary.org/obo/GO_0003206
http://purl.obolibrary.org/obo/GO_1901222, http://purl.obolibrary.org/obo/GO_0038061
http://purl.obolibrary.org/obo/GO_1901222, http://purl.obolibrary.org/obo/GO_0038061
http://purl.obolibrary.org/obo/GO_1901232, http://purl.obolibrary.org/obo/GO_0060028
http://purl.obolibrary.org/obo/GO_1901232, http://purl.obolibrary.org/obo/GO_0060028
http://purl.obolibrary.org/obo/GO_1901246, http://purl.obolibrary.org/obo/GO_0061141
http://purl.obolibrary.org/obo/GO_1901246, http://purl.obolibrary.org/obo/GO_0061141
http://purl.obolibrary.org/obo/GO_1901249, http://purl.obolibrary.org/obo/GO_0060480
http://purl.obolibrary.org/obo/GO_1901249, http://purl.obolibrary.org/obo/GO_0060480
http://purl.obolibrary.org/obo/GO_1901252, http://purl.obolibrary.org/obo/GO_0075733
http://purl.obolibrary.org/obo/GO_1901252, http://purl.obolibrary.org/obo/GO_0075733
http://purl.obolibrary.org/obo/GO_1901256, http://purl.obolibrary.org/obo/GO_0036301
http://purl.obolibrary.org/obo/GO_1901256, http://purl.obolibrary.org/obo/GO_0036301
http://purl.obolibrary.org/obo/GO_1901261, http://purl.obolibrary.org/obo/GO_0044671
http://purl.obolibrary.org/obo/GO_1901261, http://purl.obolibrary.org/obo/GO_0044671
http://purl.obolibrary.org/obo/GO_1901298, http://purl.obolibrary.org/obo/GO_0010421
http://purl.obolibrary.org/obo/GO_1901298, http://purl.obolibrary.org/obo/GO_0010421
http://purl.obolibrary.org/obo/GO_1901301, http://purl.obolibrary.org/obo/GO_0090110
http://purl.obolibrary.org/obo/GO_1901301, http://purl.obolibrary.org/obo/GO_0090110
http://purl.obolibrary.org/obo/GO_1901304, http://purl.obolibrary.org/obo/GO_0008295
http://purl.obolibrary.org/obo/GO_1901304, http://purl.obolibrary.org/obo/GO_0008295
http://purl.obolibrary.org/obo/GO_1901317, http://purl.obolibrary.org/obo/GO_0030317
http://purl.obolibrary.org/obo/GO_1901317, http://purl.obolibrary.org/obo/GO_0030317
http://purl.obolibrary.org/obo/GO_1901329, http://purl.obolibrary.org/obo/GO_0071895
http://purl.obolibrary.org/obo/GO_1901329, http://purl.obolibrary.org/obo/GO_0071895
http://purl.obolibrary.org/obo/GO_1901339, http://purl.obolibrary.org/obo/GO_0015279
http://purl.obolibrary.org/obo/GO_1901339, http://purl.obolibrary.org/obo/GO_0015279
http://purl.obolibrary.org/obo/GO_1901342, http://purl.obolibrary.org/obo/GO_0001944
http://purl.obolibrary.org/obo/GO_1901342, http://purl.obolibrary.org/obo/GO_0001944
http://purl.obolibrary.org/obo/GO_1901351, http://purl.obolibrary.org/obo/GO_0006655
http://purl.obolibrary.org/obo/GO_1901351, http://purl.obolibrary.org/obo/GO_0006655
http://purl.obolibrary.org/obo/GO_1901371, http://purl.obolibrary.org/obo/GO_0009965
http://purl.obolibrary.org/obo/GO_1901371, http://purl.obolibrary.org/obo/GO_0009965
http://purl.obolibrary.org/obo/GO_1901379, http://purl.obolibrary.org/obo/GO_0071805
http://purl.obolibrary.org/obo/GO_1901379, http://purl.obolibrary.org/obo/GO_0071805
http://purl.obolibrary.org/obo/GO_1901382, http://purl.obolibrary.org/obo/GO_0097360
http://purl.obolibrary.org/obo/GO_1901382, http://purl.obolibrary.org/obo/GO_0097360
http://purl.obolibrary.org/obo/GO_1901385, http://purl.obolibrary.org/obo/GO_0005245
http://purl.obolibrary.org/obo/GO_1901385, http://purl.obolibrary.org/obo/GO_0005245
http://purl.obolibrary.org/obo/GO_1901401, http://purl.obolibrary.org/obo/GO_0033013
http://purl.obolibrary.org/obo/GO_1901401, http://purl.obolibrary.org/obo/GO_0033013
http://purl.obolibrary.org/obo/GO_1901404, http://purl.obolibrary.org/obo/GO_0033015
http://purl.obolibrary.org/obo/GO_1901404, http://purl.obolibrary.org/obo/GO_0033015
http://purl.obolibrary.org/obo/GO_1901410, http://purl.obolibrary.org/obo/GO_0033526
http://purl.obolibrary.org/obo/GO_1901410, http://purl.obolibrary.org/obo/GO_0033526
http://purl.obolibrary.org/obo/GO_1901413, http://purl.obolibrary.org/obo/GO_0033527
http://purl.obolibrary.org/obo/GO_1901413, http://purl.obolibrary.org/obo/GO_0033527
http://purl.obolibrary.org/obo/GO_1901416, http://purl.obolibrary.org/obo/GO_0045471
http://purl.obolibrary.org/obo/GO_1901416, http://purl.obolibrary.org/obo/GO_0045471
http://purl.obolibrary.org/obo/GO_1901419, http://purl.obolibrary.org/obo/GO_0097305
http://purl.obolibrary.org/obo/GO_1901419, http://purl.obolibrary.org/obo/GO_0097305
http://purl.obolibrary.org/obo/GO_1901428, http://purl.obolibrary.org/obo/GO_1901066
http://purl.obolibrary.org/obo/GO_1901428, http://purl.obolibrary.org/obo/GO_1901066
http://purl.obolibrary.org/obo/GO_1901431, http://purl.obolibrary.org/obo/GO_0014071
http://purl.obolibrary.org/obo/GO_1901431, http://purl.obolibrary.org/obo/GO_0014071
http://purl.obolibrary.org/obo/GO_1901434, http://purl.obolibrary.org/obo/GO_0042203
http://purl.obolibrary.org/obo/GO_1901434, http://purl.obolibrary.org/obo/GO_0042203
http://purl.obolibrary.org/obo/GO_1901437, http://purl.obolibrary.org/obo/GO_0018970
http://purl.obolibrary.org/obo/GO_1901437, http://purl.obolibrary.org/obo/GO_0018970
http://purl.obolibrary.org/obo/GO_1901442, http://purl.obolibrary.org/obo/GO_1901426
http://purl.obolibrary.org/obo/GO_1901442, http://purl.obolibrary.org/obo/GO_1901426
http://purl.obolibrary.org/obo/GO_1901445, http://purl.obolibrary.org/obo/GO_1901427
http://purl.obolibrary.org/obo/GO_1901445, http://purl.obolibrary.org/obo/GO_1901427
http://purl.obolibrary.org/obo/GO_1901448, http://purl.obolibrary.org/obo/GO_1901422
http://purl.obolibrary.org/obo/GO_1901448, http://purl.obolibrary.org/obo/GO_1901422
http://purl.obolibrary.org/obo/GO_1901451, http://purl.obolibrary.org/obo/GO_1901423
http://purl.obolibrary.org/obo/GO_1901451, http://purl.obolibrary.org/obo/GO_1901423
http://purl.obolibrary.org/obo/GO_1901454, http://purl.obolibrary.org/obo/GO_1901424
http://purl.obolibrary.org/obo/GO_1901454, http://purl.obolibrary.org/obo/GO_1901424
http://purl.obolibrary.org/obo/GO_1901457, http://purl.obolibrary.org/obo/GO_0010034
http://purl.obolibrary.org/obo/GO_1901457, http://purl.obolibrary.org/obo/GO_0010034
http://purl.obolibrary.org/obo/GO_1901460, http://purl.obolibrary.org/obo/GO_1901425
http://purl.obolibrary.org/obo/GO_1901460, http://purl.obolibrary.org/obo/GO_1901425
http://purl.obolibrary.org/obo/GO_1901463, http://purl.obolibrary.org/obo/GO_0033014
http://purl.obolibrary.org/obo/GO_1901463, http://purl.obolibrary.org/obo/GO_0033014
http://purl.obolibrary.org/obo/GO_1901466, http://purl.obolibrary.org/obo/GO_1901067
http://purl.obolibrary.org/obo/GO_1901466, http://purl.obolibrary.org/obo/GO_1901067
http://purl.obolibrary.org/obo/GO_1901469, http://purl.obolibrary.org/obo/GO_1901065
http://purl.obolibrary.org/obo/GO_1901469, http://purl.obolibrary.org/obo/GO_1901065
http://purl.obolibrary.org/obo/GO_1901472, http://purl.obolibrary.org/obo/GO_0061454
http://purl.obolibrary.org/obo/GO_1901472, http://purl.obolibrary.org/obo/GO_0061454
http://purl.obolibrary.org/obo/GO_1901490, http://purl.obolibrary.org/obo/GO_0001946
http://purl.obolibrary.org/obo/GO_1901490, http://purl.obolibrary.org/obo/GO_0001946
http://purl.obolibrary.org/obo/GO_1901494, http://purl.obolibrary.org/obo/GO_0006534
http://purl.obolibrary.org/obo/GO_1901494, http://purl.obolibrary.org/obo/GO_0006534
http://purl.obolibrary.org/obo/GO_1901506, http://purl.obolibrary.org/obo/GO_0034196
http://purl.obolibrary.org/obo/GO_1901506, http://purl.obolibrary.org/obo/GO_0034196
http://purl.obolibrary.org/obo/GO_1901509, http://purl.obolibrary.org/obo/GO_0061154
http://purl.obolibrary.org/obo/GO_1901509, http://purl.obolibrary.org/obo/GO_0061154
http://purl.obolibrary.org/obo/GO_1901524, http://purl.obolibrary.org/obo/GO_0000423
http://purl.obolibrary.org/obo/GO_1901524, http://purl.obolibrary.org/obo/GO_0000423
http://purl.obolibrary.org/obo/GO_1901532, http://purl.obolibrary.org/obo/GO_0002244
http://purl.obolibrary.org/obo/GO_1901532, http://purl.obolibrary.org/obo/GO_0002244
http://purl.obolibrary.org/obo/GO_1901542, http://purl.obolibrary.org/obo/GO_1901541
http://purl.obolibrary.org/obo/GO_1901542, http://purl.obolibrary.org/obo/GO_1901541
http://purl.obolibrary.org/obo/GO_1901546, http://purl.obolibrary.org/obo/GO_0097401
http://purl.obolibrary.org/obo/GO_1901546, http://purl.obolibrary.org/obo/GO_0097401
http://purl.obolibrary.org/obo/GO_1901550, http://purl.obolibrary.org/obo/GO_0001885
http://purl.obolibrary.org/obo/GO_1901550, http://purl.obolibrary.org/obo/GO_0001885
http://purl.obolibrary.org/obo/GO_1901577, http://purl.obolibrary.org/obo/GO_0043447
http://purl.obolibrary.org/obo/GO_1901577, http://purl.obolibrary.org/obo/GO_0043447
http://purl.obolibrary.org/obo/GO_1901591, http://purl.obolibrary.org/obo/GO_0000727
http://purl.obolibrary.org/obo/GO_1901591, http://purl.obolibrary.org/obo/GO_0000727
http://purl.obolibrary.org/obo/GO_1901608, http://purl.obolibrary.org/obo/GO_0047496
http://purl.obolibrary.org/obo/GO_1901608, http://purl.obolibrary.org/obo/GO_0047496
http://purl.obolibrary.org/obo/GO_1901620, http://purl.obolibrary.org/obo/GO_0060831
http://purl.obolibrary.org/obo/GO_1901620, http://purl.obolibrary.org/obo/GO_0060831
http://purl.obolibrary.org/obo/GO_1901623, http://purl.obolibrary.org/obo/GO_0048247
http://purl.obolibrary.org/obo/GO_1901623, http://purl.obolibrary.org/obo/GO_0048247
http://purl.obolibrary.org/obo/GO_1901626, http://purl.obolibrary.org/obo/GO_0001941
http://purl.obolibrary.org/obo/GO_1901626, http://purl.obolibrary.org/obo/GO_0001941
http://purl.obolibrary.org/obo/GO_1901629, http://purl.obolibrary.org/obo/GO_0097090
http://purl.obolibrary.org/obo/GO_1901629, http://purl.obolibrary.org/obo/GO_0097090
http://purl.obolibrary.org/obo/GO_1901632, http://purl.obolibrary.org/obo/GO_0048499
http://purl.obolibrary.org/obo/GO_1901632, http://purl.obolibrary.org/obo/GO_0048499
http://purl.obolibrary.org/obo/GO_1901645, http://purl.obolibrary.org/obo/GO_0002941
http://purl.obolibrary.org/obo/GO_1901645, http://purl.obolibrary.org/obo/GO_0002941
http://purl.obolibrary.org/obo/GO_1901664, http://purl.obolibrary.org/obo/GO_0003950
http://purl.obolibrary.org/obo/GO_1901664, http://purl.obolibrary.org/obo/GO_0003950
http://purl.obolibrary.org/obo/GO_1901668, http://purl.obolibrary.org/obo/GO_0004784
http://purl.obolibrary.org/obo/GO_1901668, http://purl.obolibrary.org/obo/GO_0004784
http://purl.obolibrary.org/obo/GO_1901673, http://purl.obolibrary.org/obo/GO_0090307
http://purl.obolibrary.org/obo/GO_1901673, http://purl.obolibrary.org/obo/GO_0090307
http://purl.obolibrary.org/obo/GO_1901692, http://purl.obolibrary.org/obo/GO_1990010
http://purl.obolibrary.org/obo/GO_1901692, http://purl.obolibrary.org/obo/GO_1990010
http://purl.obolibrary.org/obo/GO_1901710, http://purl.obolibrary.org/obo/GO_0009090
http://purl.obolibrary.org/obo/GO_1901710, http://purl.obolibrary.org/obo/GO_0009090
http://purl.obolibrary.org/obo/GO_1901715, http://purl.obolibrary.org/obo/GO_0009450
http://purl.obolibrary.org/obo/GO_1901715, http://purl.obolibrary.org/obo/GO_0009450
http://purl.obolibrary.org/obo/GO_1901722, http://purl.obolibrary.org/obo/GO_0072111
http://purl.obolibrary.org/obo/GO_1901722, http://purl.obolibrary.org/obo/GO_0072111
http://purl.obolibrary.org/obo/GO_1901738, http://purl.obolibrary.org/obo/GO_0006776
http://purl.obolibrary.org/obo/GO_1901738, http://purl.obolibrary.org/obo/GO_0006776
http://purl.obolibrary.org/obo/GO_1901739, http://purl.obolibrary.org/obo/GO_0007520
http://purl.obolibrary.org/obo/GO_1901739, http://purl.obolibrary.org/obo/GO_0007520
http://purl.obolibrary.org/obo/GO_1901796, http://purl.obolibrary.org/obo/GO_0072331
http://purl.obolibrary.org/obo/GO_1901796, http://purl.obolibrary.org/obo/GO_0072331
http://purl.obolibrary.org/obo/GO_1901834, http://purl.obolibrary.org/obo/GO_0031087
http://purl.obolibrary.org/obo/GO_1901834, http://purl.obolibrary.org/obo/GO_0031087
http://purl.obolibrary.org/obo/GO_1901836, http://purl.obolibrary.org/obo/GO_0042790
http://purl.obolibrary.org/obo/GO_1901836, http://purl.obolibrary.org/obo/GO_0042790
http://purl.obolibrary.org/obo/GO_1901839, http://purl.obolibrary.org/obo/GO_0001163
http://purl.obolibrary.org/obo/GO_1901839, http://purl.obolibrary.org/obo/GO_0001163
http://purl.obolibrary.org/obo/GO_1901841, http://purl.obolibrary.org/obo/GO_0008331
http://purl.obolibrary.org/obo/GO_1901841, http://purl.obolibrary.org/obo/GO_0008331
http://purl.obolibrary.org/obo/GO_1901844, http://purl.obolibrary.org/obo/GO_0086064
http://purl.obolibrary.org/obo/GO_1901844, http://purl.obolibrary.org/obo/GO_0086064
http://purl.obolibrary.org/obo/GO_1901858, http://purl.obolibrary.org/obo/GO_0032042
http://purl.obolibrary.org/obo/GO_1901858, http://purl.obolibrary.org/obo/GO_0032042
http://purl.obolibrary.org/obo/GO_1901861, http://purl.obolibrary.org/obo/GO_0060537
http://purl.obolibrary.org/obo/GO_1901861, http://purl.obolibrary.org/obo/GO_0060537
http://purl.obolibrary.org/obo/GO_1901873, http://purl.obolibrary.org/obo/GO_0043687
http://purl.obolibrary.org/obo/GO_1901873, http://purl.obolibrary.org/obo/GO_0043687
http://purl.obolibrary.org/obo/GO_1901876, http://purl.obolibrary.org/obo/GO_0005509
http://purl.obolibrary.org/obo/GO_1901876, http://purl.obolibrary.org/obo/GO_0005509
http://purl.obolibrary.org/obo/GO_1901879, http://purl.obolibrary.org/obo/GO_0051261
http://purl.obolibrary.org/obo/GO_1901879, http://purl.obolibrary.org/obo/GO_0051261
http://purl.obolibrary.org/obo/GO_1901888, http://purl.obolibrary.org/obo/GO_0034329
http://purl.obolibrary.org/obo/GO_1901888, http://purl.obolibrary.org/obo/GO_0034329
http://purl.obolibrary.org/obo/GO_1901891, http://purl.obolibrary.org/obo/GO_0090529
http://purl.obolibrary.org/obo/GO_1901891, http://purl.obolibrary.org/obo/GO_0090529
http://purl.obolibrary.org/obo/GO_1901894, http://purl.obolibrary.org/obo/GO_0005388
http://purl.obolibrary.org/obo/GO_1901894, http://purl.obolibrary.org/obo/GO_0005388
http://purl.obolibrary.org/obo/GO_1901897, http://purl.obolibrary.org/obo/GO_0055119
http://purl.obolibrary.org/obo/GO_1901897, http://purl.obolibrary.org/obo/GO_0055119
http://purl.obolibrary.org/obo/GO_1901900, http://purl.obolibrary.org/obo/GO_0072741
http://purl.obolibrary.org/obo/GO_1901900, http://purl.obolibrary.org/obo/GO_0072741
http://purl.obolibrary.org/obo/GO_1901913, http://purl.obolibrary.org/obo/GO_0045230
http://purl.obolibrary.org/obo/GO_1901913, http://purl.obolibrary.org/obo/GO_0045230
http://purl.obolibrary.org/obo/GO_1901917, http://purl.obolibrary.org/obo/GO_0004532
http://purl.obolibrary.org/obo/GO_1901917, http://purl.obolibrary.org/obo/GO_0004532
http://purl.obolibrary.org/obo/GO_1901922, http://purl.obolibrary.org/obo/GO_1990045
http://purl.obolibrary.org/obo/GO_1901922, http://purl.obolibrary.org/obo/GO_1990045
http://purl.obolibrary.org/obo/GO_1901951, http://purl.obolibrary.org/obo/GO_1990048
http://purl.obolibrary.org/obo/GO_1901951, http://purl.obolibrary.org/obo/GO_1990048
http://purl.obolibrary.org/obo/GO_1901954, http://purl.obolibrary.org/obo/GO_1990049
http://purl.obolibrary.org/obo/GO_1901954, http://purl.obolibrary.org/obo/GO_1990049
http://purl.obolibrary.org/obo/GO_1901957, http://purl.obolibrary.org/obo/GO_0010143
http://purl.obolibrary.org/obo/GO_1901957, http://purl.obolibrary.org/obo/GO_0010143
http://purl.obolibrary.org/obo/GO_1901963, http://purl.obolibrary.org/obo/GO_0061325
http://purl.obolibrary.org/obo/GO_1901963, http://purl.obolibrary.org/obo/GO_0061325
http://purl.obolibrary.org/obo/GO_1901966, http://purl.obolibrary.org/obo/GO_0010106
http://purl.obolibrary.org/obo/GO_1901966, http://purl.obolibrary.org/obo/GO_0010106
http://purl.obolibrary.org/obo/GO_1901968, http://purl.obolibrary.org/obo/GO_0046403
http://purl.obolibrary.org/obo/GO_1901968, http://purl.obolibrary.org/obo/GO_0046403
http://purl.obolibrary.org/obo/GO_1901976, http://purl.obolibrary.org/obo/GO_0000075
http://purl.obolibrary.org/obo/GO_1901976, http://purl.obolibrary.org/obo/GO_0000075
http://purl.obolibrary.org/obo/GO_1901979, http://purl.obolibrary.org/obo/GO_0005242
http://purl.obolibrary.org/obo/GO_1901979, http://purl.obolibrary.org/obo/GO_0005242
http://purl.obolibrary.org/obo/GO_1901983, http://purl.obolibrary.org/obo/GO_0006473
http://purl.obolibrary.org/obo/GO_1901983, http://purl.obolibrary.org/obo/GO_0006473
http://purl.obolibrary.org/obo/GO_1901987, http://purl.obolibrary.org/obo/GO_0044770
http://purl.obolibrary.org/obo/GO_1901987, http://purl.obolibrary.org/obo/GO_0044770
http://purl.obolibrary.org/obo/GO_1901990, http://purl.obolibrary.org/obo/GO_0044772
http://purl.obolibrary.org/obo/GO_1901990, http://purl.obolibrary.org/obo/GO_0044772
http://purl.obolibrary.org/obo/GO_1901993, http://purl.obolibrary.org/obo/GO_0044771
http://purl.obolibrary.org/obo/GO_1901993, http://purl.obolibrary.org/obo/GO_0044771
http://purl.obolibrary.org/obo/GO_1901996, http://purl.obolibrary.org/obo/GO_0009848
http://purl.obolibrary.org/obo/GO_1901996, http://purl.obolibrary.org/obo/GO_0009848
http://purl.obolibrary.org/obo/GO_1902003, http://purl.obolibrary.org/obo/GO_0034205
http://purl.obolibrary.org/obo/GO_1902003, http://purl.obolibrary.org/obo/GO_0034205
http://purl.obolibrary.org/obo/GO_1902005, http://purl.obolibrary.org/obo/GO_0006561
http://purl.obolibrary.org/obo/GO_1902005, http://purl.obolibrary.org/obo/GO_0006561
http://purl.obolibrary.org/obo/GO_1902017, http://purl.obolibrary.org/obo/GO_0060271
http://purl.obolibrary.org/obo/GO_1902017, http://purl.obolibrary.org/obo/GO_0060271
http://purl.obolibrary.org/obo/GO_1902019, http://purl.obolibrary.org/obo/GO_0060285
http://purl.obolibrary.org/obo/GO_1902019, http://purl.obolibrary.org/obo/GO_0060285
http://purl.obolibrary.org/obo/GO_1902021, http://purl.obolibrary.org/obo/GO_0071973
http://purl.obolibrary.org/obo/GO_1902021, http://purl.obolibrary.org/obo/GO_0071973
http://purl.obolibrary.org/obo/GO_1902026, http://purl.obolibrary.org/obo/GO_0001502
http://purl.obolibrary.org/obo/GO_1902026, http://purl.obolibrary.org/obo/GO_0001502
http://purl.obolibrary.org/obo/GO_1902031, http://purl.obolibrary.org/obo/GO_0006739
http://purl.obolibrary.org/obo/GO_1902031, http://purl.obolibrary.org/obo/GO_0006739
http://purl.obolibrary.org/obo/GO_1902033, http://purl.obolibrary.org/obo/GO_0071425
http://purl.obolibrary.org/obo/GO_1902033, http://purl.obolibrary.org/obo/GO_0071425
http://purl.obolibrary.org/obo/GO_1902036, http://purl.obolibrary.org/obo/GO_0060218
http://purl.obolibrary.org/obo/GO_1902036, http://purl.obolibrary.org/obo/GO_0060218
http://purl.obolibrary.org/obo/GO_1902041, http://purl.obolibrary.org/obo/GO_0008625
http://purl.obolibrary.org/obo/GO_1902041, http://purl.obolibrary.org/obo/GO_0008625
http://purl.obolibrary.org/obo/GO_1902044, http://purl.obolibrary.org/obo/GO_0036337
http://purl.obolibrary.org/obo/GO_1902044, http://purl.obolibrary.org/obo/GO_0036337
http://purl.obolibrary.org/obo/GO_1902053, http://purl.obolibrary.org/obo/GO_1902050
http://purl.obolibrary.org/obo/GO_1902053, http://purl.obolibrary.org/obo/GO_1902050
http://purl.obolibrary.org/obo/GO_1902058, http://purl.obolibrary.org/obo/GO_0000909
http://purl.obolibrary.org/obo/GO_1902058, http://purl.obolibrary.org/obo/GO_0000909
http://purl.obolibrary.org/obo/GO_1902066, http://purl.obolibrary.org/obo/GO_0052546
http://purl.obolibrary.org/obo/GO_1902066, http://purl.obolibrary.org/obo/GO_0052546
http://purl.obolibrary.org/obo/GO_1902068, http://purl.obolibrary.org/obo/GO_0090520
http://purl.obolibrary.org/obo/GO_1902068, http://purl.obolibrary.org/obo/GO_0090520
http://purl.obolibrary.org/obo/GO_1902071, http://purl.obolibrary.org/obo/GO_0097411
http://purl.obolibrary.org/obo/GO_1902071, http://purl.obolibrary.org/obo/GO_0097411
http://purl.obolibrary.org/obo/GO_1902076, http://purl.obolibrary.org/obo/GO_0097477
http://purl.obolibrary.org/obo/GO_1902076, http://purl.obolibrary.org/obo/GO_0097477
http://purl.obolibrary.org/obo/GO_1902080, http://purl.obolibrary.org/obo/GO_1990036
http://purl.obolibrary.org/obo/GO_1902080, http://purl.obolibrary.org/obo/GO_1990036
http://purl.obolibrary.org/obo/GO_1902090, http://purl.obolibrary.org/obo/GO_1902086
http://purl.obolibrary.org/obo/GO_1902090, http://purl.obolibrary.org/obo/GO_1902086
http://purl.obolibrary.org/obo/GO_1902099, http://purl.obolibrary.org/obo/GO_0044784
http://purl.obolibrary.org/obo/GO_1902099, http://purl.obolibrary.org/obo/GO_0044784
http://purl.obolibrary.org/obo/GO_1902102, http://purl.obolibrary.org/obo/GO_0044785
http://purl.obolibrary.org/obo/GO_1902102, http://purl.obolibrary.org/obo/GO_0044785
http://purl.obolibrary.org/obo/GO_1902105, http://purl.obolibrary.org/obo/GO_0002521
http://purl.obolibrary.org/obo/GO_1902105, http://purl.obolibrary.org/obo/GO_0002521
http://purl.obolibrary.org/obo/GO_1902115, http://purl.obolibrary.org/obo/GO_0070925
http://purl.obolibrary.org/obo/GO_1902115, http://purl.obolibrary.org/obo/GO_0070925
http://purl.obolibrary.org/obo/GO_1902119, http://purl.obolibrary.org/obo/GO_0051232
http://purl.obolibrary.org/obo/GO_1902119, http://purl.obolibrary.org/obo/GO_0051232
http://purl.obolibrary.org/obo/GO_1902145, http://purl.obolibrary.org/obo/GO_0072396
http://purl.obolibrary.org/obo/GO_1902145, http://purl.obolibrary.org/obo/GO_0072396
http://purl.obolibrary.org/obo/GO_1902147, http://purl.obolibrary.org/obo/GO_0072399
http://purl.obolibrary.org/obo/GO_1902147, http://purl.obolibrary.org/obo/GO_0072399
http://purl.obolibrary.org/obo/GO_1902151, http://purl.obolibrary.org/obo/GO_0072402
http://purl.obolibrary.org/obo/GO_1902151, http://purl.obolibrary.org/obo/GO_0072402
http://purl.obolibrary.org/obo/GO_1902153, http://purl.obolibrary.org/obo/GO_0072423
http://purl.obolibrary.org/obo/GO_1902153, http://purl.obolibrary.org/obo/GO_0072423
http://purl.obolibrary.org/obo/GO_1902155, http://purl.obolibrary.org/obo/GO_0072432
http://purl.obolibrary.org/obo/GO_1902155, http://purl.obolibrary.org/obo/GO_0072432
http://purl.obolibrary.org/obo/GO_1902157, http://purl.obolibrary.org/obo/GO_0072426
http://purl.obolibrary.org/obo/GO_1902157, http://purl.obolibrary.org/obo/GO_0072426
http://purl.obolibrary.org/obo/GO_1902159, http://purl.obolibrary.org/obo/GO_0043855
http://purl.obolibrary.org/obo/GO_1902159, http://purl.obolibrary.org/obo/GO_0043855
http://purl.obolibrary.org/obo/GO_1902162, http://purl.obolibrary.org/obo/GO_0006978
http://purl.obolibrary.org/obo/GO_1902162, http://purl.obolibrary.org/obo/GO_0006978
http://purl.obolibrary.org/obo/GO_1902165, http://purl.obolibrary.org/obo/GO_0042771
http://purl.obolibrary.org/obo/GO_1902165, http://purl.obolibrary.org/obo/GO_0042771
http://purl.obolibrary.org/obo/GO_1902171, http://purl.obolibrary.org/obo/GO_0009976
http://purl.obolibrary.org/obo/GO_1902171, http://purl.obolibrary.org/obo/GO_0009976
http://purl.obolibrary.org/obo/GO_1902172, http://purl.obolibrary.org/obo/GO_0097283
http://purl.obolibrary.org/obo/GO_1902172, http://purl.obolibrary.org/obo/GO_0097283
http://purl.obolibrary.org/obo/GO_1902175, http://purl.obolibrary.org/obo/GO_0008631
http://purl.obolibrary.org/obo/GO_1902175, http://purl.obolibrary.org/obo/GO_0008631
http://purl.obolibrary.org/obo/GO_1902183, http://purl.obolibrary.org/obo/GO_1902182
http://purl.obolibrary.org/obo/GO_1902183, http://purl.obolibrary.org/obo/GO_1902182
http://purl.obolibrary.org/obo/GO_1902202, http://purl.obolibrary.org/obo/GO_0048012
http://purl.obolibrary.org/obo/GO_1902202, http://purl.obolibrary.org/obo/GO_0048012
http://purl.obolibrary.org/obo/GO_1902205, http://purl.obolibrary.org/obo/GO_0038110
http://purl.obolibrary.org/obo/GO_1902205, http://purl.obolibrary.org/obo/GO_0038110
http://purl.obolibrary.org/obo/GO_1902208, http://purl.obolibrary.org/obo/GO_0044780
http://purl.obolibrary.org/obo/GO_1902208, http://purl.obolibrary.org/obo/GO_0044780
http://purl.obolibrary.org/obo/GO_1902211, http://purl.obolibrary.org/obo/GO_0038161
http://purl.obolibrary.org/obo/GO_1902211, http://purl.obolibrary.org/obo/GO_0038161
http://purl.obolibrary.org/obo/GO_1902214, http://purl.obolibrary.org/obo/GO_0035771
http://purl.obolibrary.org/obo/GO_1902214, http://purl.obolibrary.org/obo/GO_0035771
http://purl.obolibrary.org/obo/GO_1902218, http://purl.obolibrary.org/obo/GO_0008627
http://purl.obolibrary.org/obo/GO_1902218, http://purl.obolibrary.org/obo/GO_0008627
http://purl.obolibrary.org/obo/GO_1902226, http://purl.obolibrary.org/obo/GO_0038145
http://purl.obolibrary.org/obo/GO_1902226, http://purl.obolibrary.org/obo/GO_0038145
http://purl.obolibrary.org/obo/GO_1902229, http://purl.obolibrary.org/obo/GO_0008630
http://purl.obolibrary.org/obo/GO_1902229, http://purl.obolibrary.org/obo/GO_0008630
http://purl.obolibrary.org/obo/GO_1902232, http://purl.obolibrary.org/obo/GO_0045059
http://purl.obolibrary.org/obo/GO_1902232, http://purl.obolibrary.org/obo/GO_0045059
http://purl.obolibrary.org/obo/GO_1902235, http://purl.obolibrary.org/obo/GO_0070059
http://purl.obolibrary.org/obo/GO_1902235, http://purl.obolibrary.org/obo/GO_0070059
http://purl.obolibrary.org/obo/GO_1902238, http://purl.obolibrary.org/obo/GO_1990127
http://purl.obolibrary.org/obo/GO_1902238, http://purl.obolibrary.org/obo/GO_1990127
http://purl.obolibrary.org/obo/GO_1902250, http://purl.obolibrary.org/obo/GO_1902217
http://purl.obolibrary.org/obo/GO_1902250, http://purl.obolibrary.org/obo/GO_1902217
http://purl.obolibrary.org/obo/GO_1902253, http://purl.obolibrary.org/obo/GO_0072332
http://purl.obolibrary.org/obo/GO_1902253, http://purl.obolibrary.org/obo/GO_0072332
http://purl.obolibrary.org/obo/GO_1902256, http://purl.obolibrary.org/obo/GO_0003275
http://purl.obolibrary.org/obo/GO_1902256, http://purl.obolibrary.org/obo/GO_0003275
http://purl.obolibrary.org/obo/GO_1902259, http://purl.obolibrary.org/obo/GO_0005251
http://purl.obolibrary.org/obo/GO_1902259, http://purl.obolibrary.org/obo/GO_0005251
http://purl.obolibrary.org/obo/GO_1902267, http://purl.obolibrary.org/obo/GO_1902047
http://purl.obolibrary.org/obo/GO_1902267, http://purl.obolibrary.org/obo/GO_1902047
http://purl.obolibrary.org/obo/GO_1902272, http://purl.obolibrary.org/obo/GO_1902270
http://purl.obolibrary.org/obo/GO_1902272, http://purl.obolibrary.org/obo/GO_1902270
http://purl.obolibrary.org/obo/GO_1902275, http://purl.obolibrary.org/obo/GO_0006325
http://purl.obolibrary.org/obo/GO_1902275, http://purl.obolibrary.org/obo/GO_0006325
http://purl.obolibrary.org/obo/GO_1902276, http://purl.obolibrary.org/obo/GO_0036395
http://purl.obolibrary.org/obo/GO_1902276, http://purl.obolibrary.org/obo/GO_0036395
http://purl.obolibrary.org/obo/GO_1902280, http://purl.obolibrary.org/obo/GO_0003724
http://purl.obolibrary.org/obo/GO_1902280, http://purl.obolibrary.org/obo/GO_0003724
http://purl.obolibrary.org/obo/GO_1902288, http://purl.obolibrary.org/obo/GO_0002229
http://purl.obolibrary.org/obo/GO_1902288, http://purl.obolibrary.org/obo/GO_0002229
http://purl.obolibrary.org/obo/GO_1902305, http://purl.obolibrary.org/obo/GO_0035725
http://purl.obolibrary.org/obo/GO_1902305, http://purl.obolibrary.org/obo/GO_0035725
http://purl.obolibrary.org/obo/GO_1902308, http://purl.obolibrary.org/obo/GO_0070262
http://purl.obolibrary.org/obo/GO_1902308, http://purl.obolibrary.org/obo/GO_0070262
http://purl.obolibrary.org/obo/GO_1902311, http://purl.obolibrary.org/obo/GO_0035434
http://purl.obolibrary.org/obo/GO_1902311, http://purl.obolibrary.org/obo/GO_0035434
http://purl.obolibrary.org/obo/GO_1902322, http://purl.obolibrary.org/obo/GO_1902321
http://purl.obolibrary.org/obo/GO_1902322, http://purl.obolibrary.org/obo/GO_1902321
http://purl.obolibrary.org/obo/GO_1902337, http://purl.obolibrary.org/obo/GO_0060561
http://purl.obolibrary.org/obo/GO_1902337, http://purl.obolibrary.org/obo/GO_0060561
http://purl.obolibrary.org/obo/GO_1902343, http://purl.obolibrary.org/obo/GO_0015768
http://purl.obolibrary.org/obo/GO_1902343, http://purl.obolibrary.org/obo/GO_0015768
http://purl.obolibrary.org/obo/GO_1902363, http://purl.obolibrary.org/obo/GO_0071988
http://purl.obolibrary.org/obo/GO_1902363, http://purl.obolibrary.org/obo/GO_0071988
http://purl.obolibrary.org/obo/GO_1902366, http://purl.obolibrary.org/obo/GO_1902359
http://purl.obolibrary.org/obo/GO_1902366, http://purl.obolibrary.org/obo/GO_1902359
http://purl.obolibrary.org/obo/GO_1902370, http://purl.obolibrary.org/obo/GO_0016078
http://purl.obolibrary.org/obo/GO_1902370, http://purl.obolibrary.org/obo/GO_0016078
http://purl.obolibrary.org/obo/GO_1902374, http://purl.obolibrary.org/obo/GO_0016075
http://purl.obolibrary.org/obo/GO_1902374, http://purl.obolibrary.org/obo/GO_0016075
http://purl.obolibrary.org/obo/GO_1902390, http://purl.obolibrary.org/obo/GO_0017198
http://purl.obolibrary.org/obo/GO_1902390, http://purl.obolibrary.org/obo/GO_0017198
http://purl.obolibrary.org/obo/GO_1902392, http://purl.obolibrary.org/obo/GO_0004529
http://purl.obolibrary.org/obo/GO_1902392, http://purl.obolibrary.org/obo/GO_0004529
http://purl.obolibrary.org/obo/GO_1902395, http://purl.obolibrary.org/obo/GO_0008661
http://purl.obolibrary.org/obo/GO_1902395, http://purl.obolibrary.org/obo/GO_0008661
http://purl.obolibrary.org/obo/GO_1902412, http://purl.obolibrary.org/obo/GO_0000281
http://purl.obolibrary.org/obo/GO_1902412, http://purl.obolibrary.org/obo/GO_0000281
http://purl.obolibrary.org/obo/GO_1902415, http://purl.obolibrary.org/obo/GO_0003729
http://purl.obolibrary.org/obo/GO_1902415, http://purl.obolibrary.org/obo/GO_0003729
http://purl.obolibrary.org/obo/GO_1902423, http://purl.obolibrary.org/obo/GO_0051315
http://purl.obolibrary.org/obo/GO_1902423, http://purl.obolibrary.org/obo/GO_0051315
http://purl.obolibrary.org/obo/GO_1902427, http://purl.obolibrary.org/obo/GO_0015250
http://purl.obolibrary.org/obo/GO_1902427, http://purl.obolibrary.org/obo/GO_0015250
http://purl.obolibrary.org/obo/GO_1902435, http://purl.obolibrary.org/obo/GO_0060179
http://purl.obolibrary.org/obo/GO_1902435, http://purl.obolibrary.org/obo/GO_0060179
http://purl.obolibrary.org/obo/GO_1902442, http://purl.obolibrary.org/obo/GO_1901026
http://purl.obolibrary.org/obo/GO_1902442, http://purl.obolibrary.org/obo/GO_1901026
http://purl.obolibrary.org/obo/GO_1902446, http://purl.obolibrary.org/obo/GO_0009641
http://purl.obolibrary.org/obo/GO_1902446, http://purl.obolibrary.org/obo/GO_0009641
http://purl.obolibrary.org/obo/GO_1902456, http://purl.obolibrary.org/obo/GO_1990069
http://purl.obolibrary.org/obo/GO_1902456, http://purl.obolibrary.org/obo/GO_1990069
http://purl.obolibrary.org/obo/GO_1902460, http://purl.obolibrary.org/obo/GO_0097168
http://purl.obolibrary.org/obo/GO_1902460, http://purl.obolibrary.org/obo/GO_0097168
http://purl.obolibrary.org/obo/GO_1902472, http://purl.obolibrary.org/obo/GO_1902408
http://purl.obolibrary.org/obo/GO_1902472, http://purl.obolibrary.org/obo/GO_1902408
http://purl.obolibrary.org/obo/GO_1902473, http://purl.obolibrary.org/obo/GO_0035418
http://purl.obolibrary.org/obo/GO_1902473, http://purl.obolibrary.org/obo/GO_0035418
http://purl.obolibrary.org/obo/GO_1902490, http://purl.obolibrary.org/obo/GO_0048240
http://purl.obolibrary.org/obo/GO_1902490, http://purl.obolibrary.org/obo/GO_0048240
http://purl.obolibrary.org/obo/GO_1902498, http://purl.obolibrary.org/obo/GO_0051865
http://purl.obolibrary.org/obo/GO_1902498, http://purl.obolibrary.org/obo/GO_0051865
http://purl.obolibrary.org/obo/GO_1902510, http://purl.obolibrary.org/obo/GO_0006309
http://purl.obolibrary.org/obo/GO_1902510, http://purl.obolibrary.org/obo/GO_0006309
http://purl.obolibrary.org/obo/GO_1902513, http://purl.obolibrary.org/obo/GO_0072384
http://purl.obolibrary.org/obo/GO_1902513, http://purl.obolibrary.org/obo/GO_0072384
http://purl.obolibrary.org/obo/GO_1902514, http://purl.obolibrary.org/obo/GO_0061577
http://purl.obolibrary.org/obo/GO_1902514, http://purl.obolibrary.org/obo/GO_0061577
http://purl.obolibrary.org/obo/GO_1902525, http://purl.obolibrary.org/obo/GO_0006513
http://purl.obolibrary.org/obo/GO_1902525, http://purl.obolibrary.org/obo/GO_0006513
http://purl.obolibrary.org/obo/GO_1902528, http://purl.obolibrary.org/obo/GO_0097039
http://purl.obolibrary.org/obo/GO_1902528, http://purl.obolibrary.org/obo/GO_0097039
http://purl.obolibrary.org/obo/GO_1902531, http://purl.obolibrary.org/obo/GO_0035556
http://purl.obolibrary.org/obo/GO_1902531, http://purl.obolibrary.org/obo/GO_0035556
http://purl.obolibrary.org/obo/GO_1902542, http://purl.obolibrary.org/obo/GO_1902440
http://purl.obolibrary.org/obo/GO_1902542, http://purl.obolibrary.org/obo/GO_1902440
http://purl.obolibrary.org/obo/GO_1902547, http://purl.obolibrary.org/obo/GO_0035924
http://purl.obolibrary.org/obo/GO_1902547, http://purl.obolibrary.org/obo/GO_0035924
http://purl.obolibrary.org/obo/GO_1902551, http://purl.obolibrary.org/obo/GO_0004096
http://purl.obolibrary.org/obo/GO_1902551, http://purl.obolibrary.org/obo/GO_0004096
http://purl.obolibrary.org/obo/GO_1902563, http://purl.obolibrary.org/obo/GO_0042119
http://purl.obolibrary.org/obo/GO_1902563, http://purl.obolibrary.org/obo/GO_0042119
http://purl.obolibrary.org/obo/GO_1902566, http://purl.obolibrary.org/obo/GO_0043307
http://purl.obolibrary.org/obo/GO_1902566, http://purl.obolibrary.org/obo/GO_0043307
http://purl.obolibrary.org/obo/GO_1902571, http://purl.obolibrary.org/obo/GO_0008236
http://purl.obolibrary.org/obo/GO_1902571, http://purl.obolibrary.org/obo/GO_0008236
http://purl.obolibrary.org/obo/GO_1902595, http://purl.obolibrary.org/obo/GO_0003688
http://purl.obolibrary.org/obo/GO_1902595, http://purl.obolibrary.org/obo/GO_0003688
http://purl.obolibrary.org/obo/GO_1902606, http://purl.obolibrary.org/obo/GO_0060072
http://purl.obolibrary.org/obo/GO_1902606, http://purl.obolibrary.org/obo/GO_0060072
http://purl.obolibrary.org/obo/GO_1902612, http://purl.obolibrary.org/obo/GO_1990262
http://purl.obolibrary.org/obo/GO_1902612, http://purl.obolibrary.org/obo/GO_1990262
http://purl.obolibrary.org/obo/GO_1902619, http://purl.obolibrary.org/obo/GO_0051011
http://purl.obolibrary.org/obo/GO_1902619, http://purl.obolibrary.org/obo/GO_0051011
http://purl.obolibrary.org/obo/GO_1902622, http://purl.obolibrary.org/obo/GO_1990266
http://purl.obolibrary.org/obo/GO_1902622, http://purl.obolibrary.org/obo/GO_1990266
http://purl.obolibrary.org/obo/GO_1902627, http://purl.obolibrary.org/obo/GO_1902626
http://purl.obolibrary.org/obo/GO_1902627, http://purl.obolibrary.org/obo/GO_1902626
http://purl.obolibrary.org/obo/GO_1902630, http://purl.obolibrary.org/obo/GO_0060081
http://purl.obolibrary.org/obo/GO_1902630, http://purl.obolibrary.org/obo/GO_0060081
http://purl.obolibrary.org/obo/GO_1902641, http://purl.obolibrary.org/obo/GO_1902634
http://purl.obolibrary.org/obo/GO_1902641, http://purl.obolibrary.org/obo/GO_1902634
http://purl.obolibrary.org/obo/GO_1902646, http://purl.obolibrary.org/obo/GO_1902635
http://purl.obolibrary.org/obo/GO_1902646, http://purl.obolibrary.org/obo/GO_1902635
http://purl.obolibrary.org/obo/GO_1902659, http://purl.obolibrary.org/obo/GO_0010255
http://purl.obolibrary.org/obo/GO_1902659, http://purl.obolibrary.org/obo/GO_0010255
http://purl.obolibrary.org/obo/GO_1902662, http://purl.obolibrary.org/obo/GO_0018230
http://purl.obolibrary.org/obo/GO_1902662, http://purl.obolibrary.org/obo/GO_0018230
http://purl.obolibrary.org/obo/GO_1902667, http://purl.obolibrary.org/obo/GO_0007411
http://purl.obolibrary.org/obo/GO_1902667, http://purl.obolibrary.org/obo/GO_0007411
http://purl.obolibrary.org/obo/GO_1902681, http://purl.obolibrary.org/obo/GO_0031582
http://purl.obolibrary.org/obo/GO_1902681, http://purl.obolibrary.org/obo/GO_0031582
http://purl.obolibrary.org/obo/GO_1902683, http://purl.obolibrary.org/obo/GO_0097120
http://purl.obolibrary.org/obo/GO_1902683, http://purl.obolibrary.org/obo/GO_0097120
http://purl.obolibrary.org/obo/GO_1902688, http://purl.obolibrary.org/obo/GO_0019674
http://purl.obolibrary.org/obo/GO_1902688, http://purl.obolibrary.org/obo/GO_0019674
http://purl.obolibrary.org/obo/GO_1902692, http://purl.obolibrary.org/obo/GO_0007405
http://purl.obolibrary.org/obo/GO_1902692, http://purl.obolibrary.org/obo/GO_0007405
http://purl.obolibrary.org/obo/GO_1902733, http://purl.obolibrary.org/obo/GO_0003418
http://purl.obolibrary.org/obo/GO_1902733, http://purl.obolibrary.org/obo/GO_0003418
http://purl.obolibrary.org/obo/GO_1902734, http://purl.obolibrary.org/obo/GO_0046813
http://purl.obolibrary.org/obo/GO_1902734, http://purl.obolibrary.org/obo/GO_0046813
http://purl.obolibrary.org/obo/GO_1902738, http://purl.obolibrary.org/obo/GO_0003413
http://purl.obolibrary.org/obo/GO_1902738, http://purl.obolibrary.org/obo/GO_0003413
http://purl.obolibrary.org/obo/GO_1902743, http://purl.obolibrary.org/obo/GO_0097581
http://purl.obolibrary.org/obo/GO_1902743, http://purl.obolibrary.org/obo/GO_0097581
http://purl.obolibrary.org/obo/GO_1902746, http://purl.obolibrary.org/obo/GO_0070306
http://purl.obolibrary.org/obo/GO_1902746, http://purl.obolibrary.org/obo/GO_0070306
http://purl.obolibrary.org/obo/GO_1902749, http://purl.obolibrary.org/obo/GO_0044839
http://purl.obolibrary.org/obo/GO_1902749, http://purl.obolibrary.org/obo/GO_0044839
http://purl.obolibrary.org/obo/GO_1902752, http://purl.obolibrary.org/obo/GO_1990297
http://purl.obolibrary.org/obo/GO_1902752, http://purl.obolibrary.org/obo/GO_1990297
http://purl.obolibrary.org/obo/GO_1902762, http://purl.obolibrary.org/obo/GO_0072498
http://purl.obolibrary.org/obo/GO_1902762, http://purl.obolibrary.org/obo/GO_0072498
http://purl.obolibrary.org/obo/GO_1902769, http://purl.obolibrary.org/obo/GO_0004102
http://purl.obolibrary.org/obo/GO_1902769, http://purl.obolibrary.org/obo/GO_0004102
http://purl.obolibrary.org/obo/GO_1902796, http://purl.obolibrary.org/obo/GO_0043144
http://purl.obolibrary.org/obo/GO_1902796, http://purl.obolibrary.org/obo/GO_0043144
http://purl.obolibrary.org/obo/GO_1902799, http://purl.obolibrary.org/obo/GO_0004528
http://purl.obolibrary.org/obo/GO_1902799, http://purl.obolibrary.org/obo/GO_0004528
http://purl.obolibrary.org/obo/GO_1902801, http://purl.obolibrary.org/obo/GO_1902794
http://purl.obolibrary.org/obo/GO_1902801, http://purl.obolibrary.org/obo/GO_1902794
http://purl.obolibrary.org/obo/GO_1902802, http://purl.obolibrary.org/obo/GO_1902795
http://purl.obolibrary.org/obo/GO_1902802, http://purl.obolibrary.org/obo/GO_1902795
http://purl.obolibrary.org/obo/GO_1902803, http://purl.obolibrary.org/obo/GO_0048489
http://purl.obolibrary.org/obo/GO_1902803, http://purl.obolibrary.org/obo/GO_0048489
http://purl.obolibrary.org/obo/GO_1902806, http://purl.obolibrary.org/obo/GO_0044843
http://purl.obolibrary.org/obo/GO_1902806, http://purl.obolibrary.org/obo/GO_0044843
http://purl.obolibrary.org/obo/GO_1902809, http://purl.obolibrary.org/obo/GO_0098528
http://purl.obolibrary.org/obo/GO_1902809, http://purl.obolibrary.org/obo/GO_0098528
http://purl.obolibrary.org/obo/GO_1902816, http://purl.obolibrary.org/obo/GO_0035372
http://purl.obolibrary.org/obo/GO_1902816, http://purl.obolibrary.org/obo/GO_0035372
http://purl.obolibrary.org/obo/GO_1902822, http://purl.obolibrary.org/obo/GO_1902774
http://purl.obolibrary.org/obo/GO_1902822, http://purl.obolibrary.org/obo/GO_1902774
http://purl.obolibrary.org/obo/GO_1902829, http://purl.obolibrary.org/obo/GO_0021527
http://purl.obolibrary.org/obo/GO_1902829, http://purl.obolibrary.org/obo/GO_0021527
http://purl.obolibrary.org/obo/GO_1902834, http://purl.obolibrary.org/obo/GO_1905647
http://purl.obolibrary.org/obo/GO_1902834, http://purl.obolibrary.org/obo/GO_1905647
http://purl.obolibrary.org/obo/GO_1902838, http://purl.obolibrary.org/obo/GO_0030473
http://purl.obolibrary.org/obo/GO_1902838, http://purl.obolibrary.org/obo/GO_0030473
http://purl.obolibrary.org/obo/GO_1902841, http://purl.obolibrary.org/obo/GO_0038007
http://purl.obolibrary.org/obo/GO_1902841, http://purl.obolibrary.org/obo/GO_0038007
http://purl.obolibrary.org/obo/GO_1902847, http://purl.obolibrary.org/obo/GO_0023041
http://purl.obolibrary.org/obo/GO_1902847, http://purl.obolibrary.org/obo/GO_0023041
http://purl.obolibrary.org/obo/GO_1902852, http://purl.obolibrary.org/obo/GO_0090561
http://purl.obolibrary.org/obo/GO_1902852, http://purl.obolibrary.org/obo/GO_0090561
http://purl.obolibrary.org/obo/GO_1902855, http://purl.obolibrary.org/obo/GO_1905515
http://purl.obolibrary.org/obo/GO_1902855, http://purl.obolibrary.org/obo/GO_1905515
http://purl.obolibrary.org/obo/GO_1902863, http://purl.obolibrary.org/obo/GO_0031076
http://purl.obolibrary.org/obo/GO_1902863, http://purl.obolibrary.org/obo/GO_0031076
http://purl.obolibrary.org/obo/GO_1902866, http://purl.obolibrary.org/obo/GO_0060041
http://purl.obolibrary.org/obo/GO_1902866, http://purl.obolibrary.org/obo/GO_0060041
http://purl.obolibrary.org/obo/GO_1902869, http://purl.obolibrary.org/obo/GO_0035881
http://purl.obolibrary.org/obo/GO_1902869, http://purl.obolibrary.org/obo/GO_0035881
http://purl.obolibrary.org/obo/GO_1902872, http://purl.obolibrary.org/obo/GO_0035852
http://purl.obolibrary.org/obo/GO_1902872, http://purl.obolibrary.org/obo/GO_0035852
http://purl.obolibrary.org/obo/GO_1902875, http://purl.obolibrary.org/obo/GO_0009880
http://purl.obolibrary.org/obo/GO_1902875, http://purl.obolibrary.org/obo/GO_0009880
http://purl.obolibrary.org/obo/GO_1902882, http://purl.obolibrary.org/obo/GO_0006979
http://purl.obolibrary.org/obo/GO_1902882, http://purl.obolibrary.org/obo/GO_0006979
http://purl.obolibrary.org/obo/GO_1902890, http://purl.obolibrary.org/obo/GO_0048767
http://purl.obolibrary.org/obo/GO_1902890, http://purl.obolibrary.org/obo/GO_0048767
http://purl.obolibrary.org/obo/GO_1902893, http://purl.obolibrary.org/obo/GO_0061614
http://purl.obolibrary.org/obo/GO_1902893, http://purl.obolibrary.org/obo/GO_0061614
http://purl.obolibrary.org/obo/GO_1902897, http://purl.obolibrary.org/obo/GO_0097119
http://purl.obolibrary.org/obo/GO_1902897, http://purl.obolibrary.org/obo/GO_0097119
http://purl.obolibrary.org/obo/GO_1902903, http://purl.obolibrary.org/obo/GO_0097435
http://purl.obolibrary.org/obo/GO_1902903, http://purl.obolibrary.org/obo/GO_0097435
http://purl.obolibrary.org/obo/GO_1902908, http://purl.obolibrary.org/obo/GO_0032402
http://purl.obolibrary.org/obo/GO_1902908, http://purl.obolibrary.org/obo/GO_0032402
http://purl.obolibrary.org/obo/GO_1902914, http://purl.obolibrary.org/obo/GO_0000209
http://purl.obolibrary.org/obo/GO_1902914, http://purl.obolibrary.org/obo/GO_0000209
http://purl.obolibrary.org/obo/GO_1902930, http://purl.obolibrary.org/obo/GO_0046165
http://purl.obolibrary.org/obo/GO_1902930, http://purl.obolibrary.org/obo/GO_0046165
http://purl.obolibrary.org/obo/GO_1902941, http://purl.obolibrary.org/obo/GO_0005247
http://purl.obolibrary.org/obo/GO_1902941, http://purl.obolibrary.org/obo/GO_0005247
http://purl.obolibrary.org/obo/GO_1902947, http://purl.obolibrary.org/obo/GO_0050321
http://purl.obolibrary.org/obo/GO_1902947, http://purl.obolibrary.org/obo/GO_0050321
http://purl.obolibrary.org/obo/GO_1902950, http://purl.obolibrary.org/obo/GO_0097062
http://purl.obolibrary.org/obo/GO_1902950, http://purl.obolibrary.org/obo/GO_0097062
http://purl.obolibrary.org/obo/GO_1902954, http://purl.obolibrary.org/obo/GO_0061502
http://purl.obolibrary.org/obo/GO_1902954, http://purl.obolibrary.org/obo/GO_0061502
http://purl.obolibrary.org/obo/GO_1902956, http://purl.obolibrary.org/obo/GO_0006120
http://purl.obolibrary.org/obo/GO_1902956, http://purl.obolibrary.org/obo/GO_0006120
http://purl.obolibrary.org/obo/GO_1902959, http://purl.obolibrary.org/obo/GO_1902944
http://purl.obolibrary.org/obo/GO_1902959, http://purl.obolibrary.org/obo/GO_1902944
http://purl.obolibrary.org/obo/GO_1902962, http://purl.obolibrary.org/obo/GO_1902945
http://purl.obolibrary.org/obo/GO_1902962, http://purl.obolibrary.org/obo/GO_1902945
http://purl.obolibrary.org/obo/GO_1902965, http://purl.obolibrary.org/obo/GO_1902946
http://purl.obolibrary.org/obo/GO_1902965, http://purl.obolibrary.org/obo/GO_1902946
http://purl.obolibrary.org/obo/GO_1902986, http://purl.obolibrary.org/obo/GO_0019878
http://purl.obolibrary.org/obo/GO_1902986, http://purl.obolibrary.org/obo/GO_0019878
http://purl.obolibrary.org/obo/GO_1902991, http://purl.obolibrary.org/obo/GO_0042987
http://purl.obolibrary.org/obo/GO_1902991, http://purl.obolibrary.org/obo/GO_0042987
http://purl.obolibrary.org/obo/GO_1902994, http://purl.obolibrary.org/obo/GO_0033700
http://purl.obolibrary.org/obo/GO_1902994, http://purl.obolibrary.org/obo/GO_0033700
http://purl.obolibrary.org/obo/GO_1902996, http://purl.obolibrary.org/obo/GO_1902988
http://purl.obolibrary.org/obo/GO_1902996, http://purl.obolibrary.org/obo/GO_1902988
http://purl.obolibrary.org/obo/GO_1903000, http://purl.obolibrary.org/obo/GO_1990379
http://purl.obolibrary.org/obo/GO_1903000, http://purl.obolibrary.org/obo/GO_1990379
http://purl.obolibrary.org/obo/GO_1903004, http://purl.obolibrary.org/obo/GO_0070536
http://purl.obolibrary.org/obo/GO_1903004, http://purl.obolibrary.org/obo/GO_0070536
http://purl.obolibrary.org/obo/GO_1903010, http://purl.obolibrary.org/obo/GO_0060348
http://purl.obolibrary.org/obo/GO_1903010, http://purl.obolibrary.org/obo/GO_0060348
http://purl.obolibrary.org/obo/GO_1903015, http://purl.obolibrary.org/obo/GO_0004308
http://purl.obolibrary.org/obo/GO_1903015, http://purl.obolibrary.org/obo/GO_0004308
http://purl.obolibrary.org/obo/GO_1903018, http://purl.obolibrary.org/obo/GO_0009100
http://purl.obolibrary.org/obo/GO_1903018, http://purl.obolibrary.org/obo/GO_0009100
http://purl.obolibrary.org/obo/GO_1903021, http://purl.obolibrary.org/obo/GO_0090580
http://purl.obolibrary.org/obo/GO_1903021, http://purl.obolibrary.org/obo/GO_0090580
http://purl.obolibrary.org/obo/GO_1903023, http://purl.obolibrary.org/obo/GO_0032120
http://purl.obolibrary.org/obo/GO_1903023, http://purl.obolibrary.org/obo/GO_0032120
http://purl.obolibrary.org/obo/GO_1903025, http://purl.obolibrary.org/obo/GO_0000977
http://purl.obolibrary.org/obo/GO_1903025, http://purl.obolibrary.org/obo/GO_0000977
http://purl.obolibrary.org/obo/GO_1903027, http://purl.obolibrary.org/obo/GO_0008228
http://purl.obolibrary.org/obo/GO_1903027, http://purl.obolibrary.org/obo/GO_0008228
http://purl.obolibrary.org/obo/GO_1903031, http://purl.obolibrary.org/obo/GO_0051010
http://purl.obolibrary.org/obo/GO_1903031, http://purl.obolibrary.org/obo/GO_0051010
http://purl.obolibrary.org/obo/GO_1903034, http://purl.obolibrary.org/obo/GO_0009611
http://purl.obolibrary.org/obo/GO_1903034, http://purl.obolibrary.org/obo/GO_0009611
http://purl.obolibrary.org/obo/GO_1903037, http://purl.obolibrary.org/obo/GO_0007159
http://purl.obolibrary.org/obo/GO_1903037, http://purl.obolibrary.org/obo/GO_0007159
http://purl.obolibrary.org/obo/GO_1903041, http://purl.obolibrary.org/obo/GO_0003415
http://purl.obolibrary.org/obo/GO_1903041, http://purl.obolibrary.org/obo/GO_0003415
http://purl.obolibrary.org/obo/GO_1903048, http://purl.obolibrary.org/obo/GO_0022848
http://purl.obolibrary.org/obo/GO_1903048, http://purl.obolibrary.org/obo/GO_0022848
http://purl.obolibrary.org/obo/GO_1903050, http://purl.obolibrary.org/obo/GO_0051603
http://purl.obolibrary.org/obo/GO_1903050, http://purl.obolibrary.org/obo/GO_0051603
http://purl.obolibrary.org/obo/GO_1903053, http://purl.obolibrary.org/obo/GO_0030198
http://purl.obolibrary.org/obo/GO_1903053, http://purl.obolibrary.org/obo/GO_0030198
http://purl.obolibrary.org/obo/GO_1903056, http://purl.obolibrary.org/obo/GO_0032438
http://purl.obolibrary.org/obo/GO_1903056, http://purl.obolibrary.org/obo/GO_0032438
http://purl.obolibrary.org/obo/GO_1903059, http://purl.obolibrary.org/obo/GO_0006497
http://purl.obolibrary.org/obo/GO_1903059, http://purl.obolibrary.org/obo/GO_0006497
http://purl.obolibrary.org/obo/GO_1903062, http://purl.obolibrary.org/obo/GO_0043691
http://purl.obolibrary.org/obo/GO_1903062, http://purl.obolibrary.org/obo/GO_0043691
http://purl.obolibrary.org/obo/GO_1903066, http://purl.obolibrary.org/obo/GO_1990151
http://purl.obolibrary.org/obo/GO_1903066, http://purl.obolibrary.org/obo/GO_1990151
http://purl.obolibrary.org/obo/GO_1903072, http://purl.obolibrary.org/obo/GO_0071550
http://purl.obolibrary.org/obo/GO_1903072, http://purl.obolibrary.org/obo/GO_0071550
http://purl.obolibrary.org/obo/GO_1903076, http://purl.obolibrary.org/obo/GO_0072659
http://purl.obolibrary.org/obo/GO_1903076, http://purl.obolibrary.org/obo/GO_0072659
http://purl.obolibrary.org/obo/GO_1903080, http://purl.obolibrary.org/obo/GO_0038118
http://purl.obolibrary.org/obo/GO_1903080, http://purl.obolibrary.org/obo/GO_0038118
http://purl.obolibrary.org/obo/GO_1903085, http://purl.obolibrary.org/obo/GO_0033525
http://purl.obolibrary.org/obo/GO_1903085, http://purl.obolibrary.org/obo/GO_0033525
http://purl.obolibrary.org/obo/GO_1903093, http://purl.obolibrary.org/obo/GO_0071108
http://purl.obolibrary.org/obo/GO_1903093, http://purl.obolibrary.org/obo/GO_0071108
http://purl.obolibrary.org/obo/GO_1903108, http://purl.obolibrary.org/obo/GO_0006390
http://purl.obolibrary.org/obo/GO_1903108, http://purl.obolibrary.org/obo/GO_0006390
http://purl.obolibrary.org/obo/GO_1903110, http://purl.obolibrary.org/obo/GO_1990396
http://purl.obolibrary.org/obo/GO_1903110, http://purl.obolibrary.org/obo/GO_1990396
http://purl.obolibrary.org/obo/GO_1903115, http://purl.obolibrary.org/obo/GO_0030048
http://purl.obolibrary.org/obo/GO_1903115, http://purl.obolibrary.org/obo/GO_0030048
http://purl.obolibrary.org/obo/GO_1903121, http://purl.obolibrary.org/obo/GO_0036462
http://purl.obolibrary.org/obo/GO_1903121, http://purl.obolibrary.org/obo/GO_0036462
http://purl.obolibrary.org/obo/GO_1903123, http://purl.obolibrary.org/obo/GO_0008379
http://purl.obolibrary.org/obo/GO_1903123, http://purl.obolibrary.org/obo/GO_0008379
http://purl.obolibrary.org/obo/GO_1903132, http://purl.obolibrary.org/obo/GO_0060605
http://purl.obolibrary.org/obo/GO_1903132, http://purl.obolibrary.org/obo/GO_0060605
http://purl.obolibrary.org/obo/GO_1903137, http://purl.obolibrary.org/obo/GO_0000196
http://purl.obolibrary.org/obo/GO_1903137, http://purl.obolibrary.org/obo/GO_0000196
http://purl.obolibrary.org/obo/GO_1903140, http://purl.obolibrary.org/obo/GO_0061028
http://purl.obolibrary.org/obo/GO_1903140, http://purl.obolibrary.org/obo/GO_0061028
http://purl.obolibrary.org/obo/GO_1903146, http://purl.obolibrary.org/obo/GO_0000422
http://purl.obolibrary.org/obo/GO_1903146, http://purl.obolibrary.org/obo/GO_0000422
http://purl.obolibrary.org/obo/GO_1903167, http://purl.obolibrary.org/obo/GO_0004735
http://purl.obolibrary.org/obo/GO_1903167, http://purl.obolibrary.org/obo/GO_0004735
http://purl.obolibrary.org/obo/GO_1903169, http://purl.obolibrary.org/obo/GO_0070588
http://purl.obolibrary.org/obo/GO_1903169, http://purl.obolibrary.org/obo/GO_0070588
http://purl.obolibrary.org/obo/GO_1903176, http://purl.obolibrary.org/obo/GO_0004511
http://purl.obolibrary.org/obo/GO_1903176, http://purl.obolibrary.org/obo/GO_0004511
http://purl.obolibrary.org/obo/GO_1903179, http://purl.obolibrary.org/obo/GO_0042416
http://purl.obolibrary.org/obo/GO_1903179, http://purl.obolibrary.org/obo/GO_0042416
http://purl.obolibrary.org/obo/GO_1903182, http://purl.obolibrary.org/obo/GO_0019789
http://purl.obolibrary.org/obo/GO_1903182, http://purl.obolibrary.org/obo/GO_0019789
http://purl.obolibrary.org/obo/GO_1903186, http://purl.obolibrary.org/obo/GO_0007296
http://purl.obolibrary.org/obo/GO_1903186, http://purl.obolibrary.org/obo/GO_0007296
http://purl.obolibrary.org/obo/GO_1903195, http://purl.obolibrary.org/obo/GO_1903185
http://purl.obolibrary.org/obo/GO_1903195, http://purl.obolibrary.org/obo/GO_1903185
http://purl.obolibrary.org/obo/GO_1903198, http://purl.obolibrary.org/obo/GO_0036468
http://purl.obolibrary.org/obo/GO_1903198, http://purl.obolibrary.org/obo/GO_0036468
http://purl.obolibrary.org/obo/GO_1903214, http://purl.obolibrary.org/obo/GO_0006626
http://purl.obolibrary.org/obo/GO_1903214, http://purl.obolibrary.org/obo/GO_0006626
http://purl.obolibrary.org/obo/GO_1903216, http://purl.obolibrary.org/obo/GO_0006627
http://purl.obolibrary.org/obo/GO_1903216, http://purl.obolibrary.org/obo/GO_0006627
http://purl.obolibrary.org/obo/GO_1903218, http://purl.obolibrary.org/obo/GO_0004473
http://purl.obolibrary.org/obo/GO_1903218, http://purl.obolibrary.org/obo/GO_0004473
http://purl.obolibrary.org/obo/GO_1903221, http://purl.obolibrary.org/obo/GO_1990426
http://purl.obolibrary.org/obo/GO_1903221, http://purl.obolibrary.org/obo/GO_1990426
http://purl.obolibrary.org/obo/GO_1903224, http://purl.obolibrary.org/obo/GO_0035987
http://purl.obolibrary.org/obo/GO_1903224, http://purl.obolibrary.org/obo/GO_0035987
http://purl.obolibrary.org/obo/GO_1903233, http://purl.obolibrary.org/obo/GO_0048791
http://purl.obolibrary.org/obo/GO_1903233, http://purl.obolibrary.org/obo/GO_0048791
http://purl.obolibrary.org/obo/GO_1903236, http://purl.obolibrary.org/obo/GO_0050901
http://purl.obolibrary.org/obo/GO_1903236, http://purl.obolibrary.org/obo/GO_0050901
http://purl.obolibrary.org/obo/GO_1903242, http://purl.obolibrary.org/obo/GO_0014898
http://purl.obolibrary.org/obo/GO_1903242, http://purl.obolibrary.org/obo/GO_0014898
http://purl.obolibrary.org/obo/GO_1903248, http://purl.obolibrary.org/obo/GO_0019240
http://purl.obolibrary.org/obo/GO_1903248, http://purl.obolibrary.org/obo/GO_0019240
http://purl.obolibrary.org/obo/GO_1903266, http://purl.obolibrary.org/obo/GO_0006593
http://purl.obolibrary.org/obo/GO_1903266, http://purl.obolibrary.org/obo/GO_0006593
http://purl.obolibrary.org/obo/GO_1903270, http://purl.obolibrary.org/obo/GO_0097622
http://purl.obolibrary.org/obo/GO_1903270, http://purl.obolibrary.org/obo/GO_0097622
http://purl.obolibrary.org/obo/GO_1903276, http://purl.obolibrary.org/obo/GO_0036376
http://purl.obolibrary.org/obo/GO_1903276, http://purl.obolibrary.org/obo/GO_0036376
http://purl.obolibrary.org/obo/GO_1903279, http://purl.obolibrary.org/obo/GO_0005432
http://purl.obolibrary.org/obo/GO_1903279, http://purl.obolibrary.org/obo/GO_0005432
http://purl.obolibrary.org/obo/GO_1903282, http://purl.obolibrary.org/obo/GO_0004602
http://purl.obolibrary.org/obo/GO_1903282, http://purl.obolibrary.org/obo/GO_0004602
http://purl.obolibrary.org/obo/GO_1903286, http://purl.obolibrary.org/obo/GO_1990573
http://purl.obolibrary.org/obo/GO_1903286, http://purl.obolibrary.org/obo/GO_1990573
http://purl.obolibrary.org/obo/GO_1903294, http://purl.obolibrary.org/obo/GO_0061535
http://purl.obolibrary.org/obo/GO_1903294, http://purl.obolibrary.org/obo/GO_0061535
http://purl.obolibrary.org/obo/GO_1903297, http://purl.obolibrary.org/obo/GO_1990144
http://purl.obolibrary.org/obo/GO_1903297, http://purl.obolibrary.org/obo/GO_1990144
http://purl.obolibrary.org/obo/GO_1903299, http://purl.obolibrary.org/obo/GO_0004396
http://purl.obolibrary.org/obo/GO_1903299, http://purl.obolibrary.org/obo/GO_0004396
http://purl.obolibrary.org/obo/GO_1903302, http://purl.obolibrary.org/obo/GO_0004743
http://purl.obolibrary.org/obo/GO_1903302, http://purl.obolibrary.org/obo/GO_0004743
http://purl.obolibrary.org/obo/GO_1903305, http://purl.obolibrary.org/obo/GO_0045055
http://purl.obolibrary.org/obo/GO_1903305, http://purl.obolibrary.org/obo/GO_0045055
http://purl.obolibrary.org/obo/GO_1903311, http://purl.obolibrary.org/obo/GO_0016071
http://purl.obolibrary.org/obo/GO_1903311, http://purl.obolibrary.org/obo/GO_0016071
http://purl.obolibrary.org/obo/GO_1903314, http://purl.obolibrary.org/obo/GO_0071941
http://purl.obolibrary.org/obo/GO_1903314, http://purl.obolibrary.org/obo/GO_0071941
http://purl.obolibrary.org/obo/GO_1903317, http://purl.obolibrary.org/obo/GO_0051604
http://purl.obolibrary.org/obo/GO_1903317, http://purl.obolibrary.org/obo/GO_0051604
http://purl.obolibrary.org/obo/GO_1903320, http://purl.obolibrary.org/obo/GO_0070647
http://purl.obolibrary.org/obo/GO_1903320, http://purl.obolibrary.org/obo/GO_0070647
http://purl.obolibrary.org/obo/GO_1903323, http://purl.obolibrary.org/obo/GO_0016074
http://purl.obolibrary.org/obo/GO_1903323, http://purl.obolibrary.org/obo/GO_0016074
http://purl.obolibrary.org/obo/GO_1903326, http://purl.obolibrary.org/obo/GO_0006399
http://purl.obolibrary.org/obo/GO_1903326, http://purl.obolibrary.org/obo/GO_0006399
http://purl.obolibrary.org/obo/GO_1903329, http://purl.obolibrary.org/obo/GO_0016226
http://purl.obolibrary.org/obo/GO_1903329, http://purl.obolibrary.org/obo/GO_0016226
http://purl.obolibrary.org/obo/GO_1903332, http://purl.obolibrary.org/obo/GO_0006457
http://purl.obolibrary.org/obo/GO_1903332, http://purl.obolibrary.org/obo/GO_0006457
http://purl.obolibrary.org/obo/GO_1903335, http://purl.obolibrary.org/obo/GO_0007034
http://purl.obolibrary.org/obo/GO_1903335, http://purl.obolibrary.org/obo/GO_0007034
http://purl.obolibrary.org/obo/GO_1903338, http://purl.obolibrary.org/obo/GO_0071554
http://purl.obolibrary.org/obo/GO_1903338, http://purl.obolibrary.org/obo/GO_0071554
http://purl.obolibrary.org/obo/GO_1903341, http://purl.obolibrary.org/obo/GO_0042138
http://purl.obolibrary.org/obo/GO_1903341, http://purl.obolibrary.org/obo/GO_0042138
http://purl.obolibrary.org/obo/GO_1903344, http://purl.obolibrary.org/obo/GO_0018094
http://purl.obolibrary.org/obo/GO_1903344, http://purl.obolibrary.org/obo/GO_0018094
http://purl.obolibrary.org/obo/GO_1903353, http://purl.obolibrary.org/obo/GO_0006997
http://purl.obolibrary.org/obo/GO_1903353, http://purl.obolibrary.org/obo/GO_0006997
http://purl.obolibrary.org/obo/GO_1903354, http://purl.obolibrary.org/obo/GO_0097628
http://purl.obolibrary.org/obo/GO_1903354, http://purl.obolibrary.org/obo/GO_0097628
http://purl.obolibrary.org/obo/GO_1903357, http://purl.obolibrary.org/obo/GO_0006361
http://purl.obolibrary.org/obo/GO_1903357, http://purl.obolibrary.org/obo/GO_0006361
http://purl.obolibrary.org/obo/GO_1903358, http://purl.obolibrary.org/obo/GO_0007030
http://purl.obolibrary.org/obo/GO_1903358, http://purl.obolibrary.org/obo/GO_0007030
http://purl.obolibrary.org/obo/GO_1903365, http://purl.obolibrary.org/obo/GO_0042596
http://purl.obolibrary.org/obo/GO_1903365, http://purl.obolibrary.org/obo/GO_0042596
http://purl.obolibrary.org/obo/GO_1903368, http://purl.obolibrary.org/obo/GO_0060756
http://purl.obolibrary.org/obo/GO_1903368, http://purl.obolibrary.org/obo/GO_0060756
http://purl.obolibrary.org/obo/GO_1903371, http://purl.obolibrary.org/obo/GO_0071786
http://purl.obolibrary.org/obo/GO_1903371, http://purl.obolibrary.org/obo/GO_0071786
http://purl.obolibrary.org/obo/GO_1903376, http://purl.obolibrary.org/obo/GO_0036480
http://purl.obolibrary.org/obo/GO_1903376, http://purl.obolibrary.org/obo/GO_0036480
http://purl.obolibrary.org/obo/GO_1903379, http://purl.obolibrary.org/obo/GO_0007076
http://purl.obolibrary.org/obo/GO_1903379, http://purl.obolibrary.org/obo/GO_0007076
http://purl.obolibrary.org/obo/GO_1903381, http://purl.obolibrary.org/obo/GO_0036483
http://purl.obolibrary.org/obo/GO_1903381, http://purl.obolibrary.org/obo/GO_0036483
http://purl.obolibrary.org/obo/GO_1903383, http://purl.obolibrary.org/obo/GO_0036482
http://purl.obolibrary.org/obo/GO_1903383, http://purl.obolibrary.org/obo/GO_0036482
http://purl.obolibrary.org/obo/GO_1903385, http://purl.obolibrary.org/obo/GO_0007156
http://purl.obolibrary.org/obo/GO_1903385, http://purl.obolibrary.org/obo/GO_0007156
http://purl.obolibrary.org/obo/GO_1903388, http://purl.obolibrary.org/obo/GO_0016191
http://purl.obolibrary.org/obo/GO_1903388, http://purl.obolibrary.org/obo/GO_0016191
http://purl.obolibrary.org/obo/GO_1903391, http://purl.obolibrary.org/obo/GO_0034332
http://purl.obolibrary.org/obo/GO_1903391, http://purl.obolibrary.org/obo/GO_0034332
http://purl.obolibrary.org/obo/GO_1903395, http://purl.obolibrary.org/obo/GO_1990344
http://purl.obolibrary.org/obo/GO_1903395, http://purl.obolibrary.org/obo/GO_1990344
http://purl.obolibrary.org/obo/GO_1903402, http://purl.obolibrary.org/obo/GO_0044722
http://purl.obolibrary.org/obo/GO_1903402, http://purl.obolibrary.org/obo/GO_0044722
http://purl.obolibrary.org/obo/GO_1903406, http://purl.obolibrary.org/obo/GO_0005391
http://purl.obolibrary.org/obo/GO_1903406, http://purl.obolibrary.org/obo/GO_0005391
http://purl.obolibrary.org/obo/GO_1903421, http://purl.obolibrary.org/obo/GO_0036465
http://purl.obolibrary.org/obo/GO_1903421, http://purl.obolibrary.org/obo/GO_0036465
http://purl.obolibrary.org/obo/GO_1903426, http://purl.obolibrary.org/obo/GO_1903409
http://purl.obolibrary.org/obo/GO_1903426, http://purl.obolibrary.org/obo/GO_1903409
http://purl.obolibrary.org/obo/GO_1903429, http://purl.obolibrary.org/obo/GO_0048469
http://purl.obolibrary.org/obo/GO_1903429, http://purl.obolibrary.org/obo/GO_0048469
http://purl.obolibrary.org/obo/GO_1903432, http://purl.obolibrary.org/obo/GO_0038202
http://purl.obolibrary.org/obo/GO_1903432, http://purl.obolibrary.org/obo/GO_0038202
http://purl.obolibrary.org/obo/GO_1903433, http://purl.obolibrary.org/obo/GO_0045054
http://purl.obolibrary.org/obo/GO_1903433, http://purl.obolibrary.org/obo/GO_0045054
http://purl.obolibrary.org/obo/GO_1903436, http://purl.obolibrary.org/obo/GO_1902410
http://purl.obolibrary.org/obo/GO_1903436, http://purl.obolibrary.org/obo/GO_1902410
http://purl.obolibrary.org/obo/GO_1903450, http://purl.obolibrary.org/obo/GO_0070314
http://purl.obolibrary.org/obo/GO_1903450, http://purl.obolibrary.org/obo/GO_0070314
http://purl.obolibrary.org/obo/GO_1903454, http://purl.obolibrary.org/obo/GO_1903449
http://purl.obolibrary.org/obo/GO_1903454, http://purl.obolibrary.org/obo/GO_1903449
http://purl.obolibrary.org/obo/GO_1903463, http://purl.obolibrary.org/obo/GO_1902969
http://purl.obolibrary.org/obo/GO_1903463, http://purl.obolibrary.org/obo/GO_1902969
http://purl.obolibrary.org/obo/GO_1903466, http://purl.obolibrary.org/obo/GO_1902975
http://purl.obolibrary.org/obo/GO_1903466, http://purl.obolibrary.org/obo/GO_1902975
http://purl.obolibrary.org/obo/GO_1903471, http://purl.obolibrary.org/obo/GO_1902404
http://purl.obolibrary.org/obo/GO_1903471, http://purl.obolibrary.org/obo/GO_1902404
http://purl.obolibrary.org/obo/GO_1903487, http://purl.obolibrary.org/obo/GO_0007595
http://purl.obolibrary.org/obo/GO_1903487, http://purl.obolibrary.org/obo/GO_0007595
http://purl.obolibrary.org/obo/GO_1903499, http://purl.obolibrary.org/obo/GO_1903475
http://purl.obolibrary.org/obo/GO_1903499, http://purl.obolibrary.org/obo/GO_1903475
http://purl.obolibrary.org/obo/GO_1903504, http://purl.obolibrary.org/obo/GO_0071174
http://purl.obolibrary.org/obo/GO_1903504, http://purl.obolibrary.org/obo/GO_0071174
http://purl.obolibrary.org/obo/GO_1903516, http://purl.obolibrary.org/obo/GO_0000012
http://purl.obolibrary.org/obo/GO_1903516, http://purl.obolibrary.org/obo/GO_0000012
http://purl.obolibrary.org/obo/GO_1903519, http://purl.obolibrary.org/obo/GO_0060056
http://purl.obolibrary.org/obo/GO_1903519, http://purl.obolibrary.org/obo/GO_0060056
http://purl.obolibrary.org/obo/GO_1903522, http://purl.obolibrary.org/obo/GO_0008015
http://purl.obolibrary.org/obo/GO_1903522, http://purl.obolibrary.org/obo/GO_0008015
http://purl.obolibrary.org/obo/GO_1903525, http://purl.obolibrary.org/obo/GO_0097320
http://purl.obolibrary.org/obo/GO_1903525, http://purl.obolibrary.org/obo/GO_0097320
http://purl.obolibrary.org/obo/GO_1903528, http://purl.obolibrary.org/obo/GO_0006240
http://purl.obolibrary.org/obo/GO_1903528, http://purl.obolibrary.org/obo/GO_0006240
http://purl.obolibrary.org/obo/GO_1903530, http://purl.obolibrary.org/obo/GO_0032940
http://purl.obolibrary.org/obo/GO_1903530, http://purl.obolibrary.org/obo/GO_0032940
http://purl.obolibrary.org/obo/GO_1903533, http://purl.obolibrary.org/obo/GO_0006605
http://purl.obolibrary.org/obo/GO_1903533, http://purl.obolibrary.org/obo/GO_0006605
http://purl.obolibrary.org/obo/GO_1903534, http://purl.obolibrary.org/obo/GO_0005989
http://purl.obolibrary.org/obo/GO_1903534, http://purl.obolibrary.org/obo/GO_0005989
http://purl.obolibrary.org/obo/GO_1903538, http://purl.obolibrary.org/obo/GO_1903537
http://purl.obolibrary.org/obo/GO_1903538, http://purl.obolibrary.org/obo/GO_1903537
http://purl.obolibrary.org/obo/GO_1903541, http://purl.obolibrary.org/obo/GO_1990182
http://purl.obolibrary.org/obo/GO_1903541, http://purl.obolibrary.org/obo/GO_1990182
http://purl.obolibrary.org/obo/GO_1903547, http://purl.obolibrary.org/obo/GO_0070186
http://purl.obolibrary.org/obo/GO_1903547, http://purl.obolibrary.org/obo/GO_0070186
http://purl.obolibrary.org/obo/GO_1903551, http://purl.obolibrary.org/obo/GO_0071971
http://purl.obolibrary.org/obo/GO_1903551, http://purl.obolibrary.org/obo/GO_0071971
http://purl.obolibrary.org/obo/GO_1903555, http://purl.obolibrary.org/obo/GO_0071706
http://purl.obolibrary.org/obo/GO_1903555, http://purl.obolibrary.org/obo/GO_0071706
http://purl.obolibrary.org/obo/GO_1903564, http://purl.obolibrary.org/obo/GO_0061512
http://purl.obolibrary.org/obo/GO_1903564, http://purl.obolibrary.org/obo/GO_0061512
http://purl.obolibrary.org/obo/GO_1903567, http://purl.obolibrary.org/obo/GO_1903441
http://purl.obolibrary.org/obo/GO_1903567, http://purl.obolibrary.org/obo/GO_1903441
http://purl.obolibrary.org/obo/GO_1903578, http://purl.obolibrary.org/obo/GO_0046034
http://purl.obolibrary.org/obo/GO_1903578, http://purl.obolibrary.org/obo/GO_0046034
http://purl.obolibrary.org/obo/GO_1903581, http://purl.obolibrary.org/obo/GO_0002561
http://purl.obolibrary.org/obo/GO_1903581, http://purl.obolibrary.org/obo/GO_0002561
http://purl.obolibrary.org/obo/GO_1903587, http://purl.obolibrary.org/obo/GO_0002043
http://purl.obolibrary.org/obo/GO_1903587, http://purl.obolibrary.org/obo/GO_0002043
http://purl.obolibrary.org/obo/GO_1903590, http://purl.obolibrary.org/obo/GO_0003796
http://purl.obolibrary.org/obo/GO_1903590, http://purl.obolibrary.org/obo/GO_0003796
http://purl.obolibrary.org/obo/GO_1903593, http://purl.obolibrary.org/obo/GO_0002553
http://purl.obolibrary.org/obo/GO_1903593, http://purl.obolibrary.org/obo/GO_0002553
http://purl.obolibrary.org/obo/GO_1903596, http://purl.obolibrary.org/obo/GO_0016264
http://purl.obolibrary.org/obo/GO_1903596, http://purl.obolibrary.org/obo/GO_0016264
http://purl.obolibrary.org/obo/GO_1903610, http://purl.obolibrary.org/obo/GO_0030899
http://purl.obolibrary.org/obo/GO_1903610, http://purl.obolibrary.org/obo/GO_0030899
http://purl.obolibrary.org/obo/GO_1903613, http://purl.obolibrary.org/obo/GO_0004725
http://purl.obolibrary.org/obo/GO_1903613, http://purl.obolibrary.org/obo/GO_0004725
http://purl.obolibrary.org/obo/GO_1903618, http://purl.obolibrary.org/obo/GO_0060290
http://purl.obolibrary.org/obo/GO_1903618, http://purl.obolibrary.org/obo/GO_0060290
http://purl.obolibrary.org/obo/GO_1903622, http://purl.obolibrary.org/obo/GO_0001056
http://purl.obolibrary.org/obo/GO_1903622, http://purl.obolibrary.org/obo/GO_0001056
http://purl.obolibrary.org/obo/GO_1903624, http://purl.obolibrary.org/obo/GO_0006308
http://purl.obolibrary.org/obo/GO_1903624, http://purl.obolibrary.org/obo/GO_0006308
http://purl.obolibrary.org/obo/GO_1903630, http://purl.obolibrary.org/obo/GO_0004812
http://purl.obolibrary.org/obo/GO_1903630, http://purl.obolibrary.org/obo/GO_0004812
http://purl.obolibrary.org/obo/GO_1903636, http://purl.obolibrary.org/obo/GO_0045040
http://purl.obolibrary.org/obo/GO_1903636, http://purl.obolibrary.org/obo/GO_0045040
http://purl.obolibrary.org/obo/GO_1903639, http://purl.obolibrary.org/obo/GO_0001698
http://purl.obolibrary.org/obo/GO_1903639, http://purl.obolibrary.org/obo/GO_0001698
http://purl.obolibrary.org/obo/GO_1903642, http://purl.obolibrary.org/obo/GO_0010844
http://purl.obolibrary.org/obo/GO_1903642, http://purl.obolibrary.org/obo/GO_0010844
http://purl.obolibrary.org/obo/GO_1903644, http://purl.obolibrary.org/obo/GO_0061077
http://purl.obolibrary.org/obo/GO_1903644, http://purl.obolibrary.org/obo/GO_0061077
http://purl.obolibrary.org/obo/GO_1903653, http://purl.obolibrary.org/obo/GO_0048870
http://purl.obolibrary.org/obo/GO_1903653, http://purl.obolibrary.org/obo/GO_0048870
http://purl.obolibrary.org/obo/GO_1903656, http://purl.obolibrary.org/obo/GO_0043683
http://purl.obolibrary.org/obo/GO_1903656, http://purl.obolibrary.org/obo/GO_0043683
http://purl.obolibrary.org/obo/GO_1903659, http://purl.obolibrary.org/obo/GO_0097278
http://purl.obolibrary.org/obo/GO_1903659, http://purl.obolibrary.org/obo/GO_0097278
http://purl.obolibrary.org/obo/GO_1903664, http://purl.obolibrary.org/obo/GO_0019954
http://purl.obolibrary.org/obo/GO_1903664, http://purl.obolibrary.org/obo/GO_0019954
http://purl.obolibrary.org/obo/GO_1903667, http://purl.obolibrary.org/obo/GO_0045499
http://purl.obolibrary.org/obo/GO_1903667, http://purl.obolibrary.org/obo/GO_0045499
http://purl.obolibrary.org/obo/GO_1903670, http://purl.obolibrary.org/obo/GO_0002040
http://purl.obolibrary.org/obo/GO_1903670, http://purl.obolibrary.org/obo/GO_0002040
http://purl.obolibrary.org/obo/GO_1903674, http://purl.obolibrary.org/obo/GO_0002191
http://purl.obolibrary.org/obo/GO_1903674, http://purl.obolibrary.org/obo/GO_0002191
http://purl.obolibrary.org/obo/GO_1903677, http://purl.obolibrary.org/obo/GO_0002190
http://purl.obolibrary.org/obo/GO_1903677, http://purl.obolibrary.org/obo/GO_0002190
http://purl.obolibrary.org/obo/GO_1903681, http://purl.obolibrary.org/obo/GO_0090137
http://purl.obolibrary.org/obo/GO_1903681, http://purl.obolibrary.org/obo/GO_0090137
http://purl.obolibrary.org/obo/GO_1903684, http://purl.obolibrary.org/obo/GO_0007298
http://purl.obolibrary.org/obo/GO_1903684, http://purl.obolibrary.org/obo/GO_0007298
http://purl.obolibrary.org/obo/GO_1903689, http://purl.obolibrary.org/obo/GO_0035313
http://purl.obolibrary.org/obo/GO_1903689, http://purl.obolibrary.org/obo/GO_0035313
http://purl.obolibrary.org/obo/GO_1903706, http://purl.obolibrary.org/obo/GO_0030097
http://purl.obolibrary.org/obo/GO_1903706, http://purl.obolibrary.org/obo/GO_0030097
http://purl.obolibrary.org/obo/GO_1903715, http://purl.obolibrary.org/obo/GO_0009060
http://purl.obolibrary.org/obo/GO_1903715, http://purl.obolibrary.org/obo/GO_0009060
http://purl.obolibrary.org/obo/GO_1903719, http://purl.obolibrary.org/obo/GO_0007252
http://purl.obolibrary.org/obo/GO_1903719, http://purl.obolibrary.org/obo/GO_0007252
http://purl.obolibrary.org/obo/GO_1903722, http://purl.obolibrary.org/obo/GO_0061511
http://purl.obolibrary.org/obo/GO_1903722, http://purl.obolibrary.org/obo/GO_0061511
http://purl.obolibrary.org/obo/GO_1903725, http://purl.obolibrary.org/obo/GO_0006644
http://purl.obolibrary.org/obo/GO_1903725, http://purl.obolibrary.org/obo/GO_0006644
http://purl.obolibrary.org/obo/GO_1903729, http://purl.obolibrary.org/obo/GO_0007009
http://purl.obolibrary.org/obo/GO_1903729, http://purl.obolibrary.org/obo/GO_0007009
http://purl.obolibrary.org/obo/GO_1903730, http://purl.obolibrary.org/obo/GO_0008195
http://purl.obolibrary.org/obo/GO_1903730, http://purl.obolibrary.org/obo/GO_0008195
http://purl.obolibrary.org/obo/GO_1903742, http://purl.obolibrary.org/obo/GO_0048490
http://purl.obolibrary.org/obo/GO_1903742, http://purl.obolibrary.org/obo/GO_0048490
http://purl.obolibrary.org/obo/GO_1903747, http://purl.obolibrary.org/obo/GO_0072655
http://purl.obolibrary.org/obo/GO_1903747, http://purl.obolibrary.org/obo/GO_0072655
http://purl.obolibrary.org/obo/GO_1903750, http://purl.obolibrary.org/obo/GO_0036481
http://purl.obolibrary.org/obo/GO_1903750, http://purl.obolibrary.org/obo/GO_0036481
http://purl.obolibrary.org/obo/GO_1903760, http://purl.obolibrary.org/obo/GO_1902282
http://purl.obolibrary.org/obo/GO_1903760, http://purl.obolibrary.org/obo/GO_1902282
http://purl.obolibrary.org/obo/GO_1903764, http://purl.obolibrary.org/obo/GO_0097623
http://purl.obolibrary.org/obo/GO_1903764, http://purl.obolibrary.org/obo/GO_0097623
http://purl.obolibrary.org/obo/GO_1903772, http://purl.obolibrary.org/obo/GO_0039702
http://purl.obolibrary.org/obo/GO_1903772, http://purl.obolibrary.org/obo/GO_0039702
http://purl.obolibrary.org/obo/GO_1903775, http://purl.obolibrary.org/obo/GO_0000729
http://purl.obolibrary.org/obo/GO_1903775, http://purl.obolibrary.org/obo/GO_0000729
http://purl.obolibrary.org/obo/GO_1903776, http://purl.obolibrary.org/obo/GO_0000736
http://purl.obolibrary.org/obo/GO_1903776, http://purl.obolibrary.org/obo/GO_0000736
http://purl.obolibrary.org/obo/GO_1903779, http://purl.obolibrary.org/obo/GO_0061337
http://purl.obolibrary.org/obo/GO_1903779, http://purl.obolibrary.org/obo/GO_0061337
http://purl.obolibrary.org/obo/GO_1903782, http://purl.obolibrary.org/obo/GO_0098719
http://purl.obolibrary.org/obo/GO_1903782, http://purl.obolibrary.org/obo/GO_0098719
http://purl.obolibrary.org/obo/GO_1903786, http://purl.obolibrary.org/obo/GO_0006750
http://purl.obolibrary.org/obo/GO_1903786, http://purl.obolibrary.org/obo/GO_0006750
http://purl.obolibrary.org/obo/GO_1903789, http://purl.obolibrary.org/obo/GO_0003333
http://purl.obolibrary.org/obo/GO_1903789, http://purl.obolibrary.org/obo/GO_0003333
http://purl.obolibrary.org/obo/GO_1903795, http://purl.obolibrary.org/obo/GO_0098661
http://purl.obolibrary.org/obo/GO_1903795, http://purl.obolibrary.org/obo/GO_0098661
http://purl.obolibrary.org/obo/GO_1903798, http://purl.obolibrary.org/obo/GO_0035196
http://purl.obolibrary.org/obo/GO_1903798, http://purl.obolibrary.org/obo/GO_0035196
http://purl.obolibrary.org/obo/GO_1903814, http://purl.obolibrary.org/obo/GO_1990192
http://purl.obolibrary.org/obo/GO_1903814, http://purl.obolibrary.org/obo/GO_1990192
http://purl.obolibrary.org/obo/GO_1903832, http://purl.obolibrary.org/obo/GO_0034198
http://purl.obolibrary.org/obo/GO_1903832, http://purl.obolibrary.org/obo/GO_0034198
http://purl.obolibrary.org/obo/GO_1903837, http://purl.obolibrary.org/obo/GO_0003730
http://purl.obolibrary.org/obo/GO_1903837, http://purl.obolibrary.org/obo/GO_0003730
http://purl.obolibrary.org/obo/GO_1903844, http://purl.obolibrary.org/obo/GO_0071560
http://purl.obolibrary.org/obo/GO_1903844, http://purl.obolibrary.org/obo/GO_0071560
http://purl.obolibrary.org/obo/GO_1903847, http://purl.obolibrary.org/obo/GO_0035909
http://purl.obolibrary.org/obo/GO_1903847, http://purl.obolibrary.org/obo/GO_0035909
http://purl.obolibrary.org/obo/GO_1903850, http://purl.obolibrary.org/obo/GO_0042407
http://purl.obolibrary.org/obo/GO_1903850, http://purl.obolibrary.org/obo/GO_0042407
http://purl.obolibrary.org/obo/GO_1903853, http://purl.obolibrary.org/obo/GO_1990169
http://purl.obolibrary.org/obo/GO_1903853, http://purl.obolibrary.org/obo/GO_1990169
http://purl.obolibrary.org/obo/GO_1903856, http://purl.obolibrary.org/obo/GO_0019139
http://purl.obolibrary.org/obo/GO_1903856, http://purl.obolibrary.org/obo/GO_0019139
http://purl.obolibrary.org/obo/GO_1903859, http://purl.obolibrary.org/obo/GO_0097484
http://purl.obolibrary.org/obo/GO_1903859, http://purl.obolibrary.org/obo/GO_0097484
http://purl.obolibrary.org/obo/GO_1903868, http://purl.obolibrary.org/obo/GO_0004489
http://purl.obolibrary.org/obo/GO_1903868, http://purl.obolibrary.org/obo/GO_0004489
http://purl.obolibrary.org/obo/GO_1903872, http://purl.obolibrary.org/obo/GO_1903871
http://purl.obolibrary.org/obo/GO_1903872, http://purl.obolibrary.org/obo/GO_1903871
http://purl.obolibrary.org/obo/GO_1903881, http://purl.obolibrary.org/obo/GO_0097400
http://purl.obolibrary.org/obo/GO_1903881, http://purl.obolibrary.org/obo/GO_0097400
http://purl.obolibrary.org/obo/GO_1903884, http://purl.obolibrary.org/obo/GO_0036392
http://purl.obolibrary.org/obo/GO_1903884, http://purl.obolibrary.org/obo/GO_0036392
http://purl.obolibrary.org/obo/GO_1903888, http://purl.obolibrary.org/obo/GO_0090627
http://purl.obolibrary.org/obo/GO_1903888, http://purl.obolibrary.org/obo/GO_0090627
http://purl.obolibrary.org/obo/GO_1903891, http://purl.obolibrary.org/obo/GO_0036500
http://purl.obolibrary.org/obo/GO_1903891, http://purl.obolibrary.org/obo/GO_0036500
http://purl.obolibrary.org/obo/GO_1903894, http://purl.obolibrary.org/obo/GO_0036498
http://purl.obolibrary.org/obo/GO_1903894, http://purl.obolibrary.org/obo/GO_0036498
http://purl.obolibrary.org/obo/GO_1903897, http://purl.obolibrary.org/obo/GO_0036499
http://purl.obolibrary.org/obo/GO_1903897, http://purl.obolibrary.org/obo/GO_0036499
http://purl.obolibrary.org/obo/GO_1903900, http://purl.obolibrary.org/obo/GO_0019058
http://purl.obolibrary.org/obo/GO_1903900, http://purl.obolibrary.org/obo/GO_0019058
http://purl.obolibrary.org/obo/GO_1903903, http://purl.obolibrary.org/obo/GO_0001768
http://purl.obolibrary.org/obo/GO_1903903, http://purl.obolibrary.org/obo/GO_0001768
http://purl.obolibrary.org/obo/GO_1903906, http://purl.obolibrary.org/obo/GO_0044858
http://purl.obolibrary.org/obo/GO_1903906, http://purl.obolibrary.org/obo/GO_0044858
http://purl.obolibrary.org/obo/GO_1903909, http://purl.obolibrary.org/obo/GO_0043113
http://purl.obolibrary.org/obo/GO_1903909, http://purl.obolibrary.org/obo/GO_0043113
http://purl.obolibrary.org/obo/GO_1903913, http://purl.obolibrary.org/obo/GO_0019064
http://purl.obolibrary.org/obo/GO_1903913, http://purl.obolibrary.org/obo/GO_0019064
http://purl.obolibrary.org/obo/GO_1903916, http://purl.obolibrary.org/obo/GO_0036497
http://purl.obolibrary.org/obo/GO_1903916, http://purl.obolibrary.org/obo/GO_0036497
http://purl.obolibrary.org/obo/GO_1903918, http://purl.obolibrary.org/obo/GO_0051014
http://purl.obolibrary.org/obo/GO_1903918, http://purl.obolibrary.org/obo/GO_0051014
http://purl.obolibrary.org/obo/GO_1903921, http://purl.obolibrary.org/obo/GO_1900756
http://purl.obolibrary.org/obo/GO_1903921, http://purl.obolibrary.org/obo/GO_1900756
http://purl.obolibrary.org/obo/GO_1903930, http://purl.obolibrary.org/obo/GO_0008655
http://purl.obolibrary.org/obo/GO_1903930, http://purl.obolibrary.org/obo/GO_0008655
http://purl.obolibrary.org/obo/GO_1903932, http://purl.obolibrary.org/obo/GO_0003896
http://purl.obolibrary.org/obo/GO_1903932, http://purl.obolibrary.org/obo/GO_0003896
http://purl.obolibrary.org/obo/GO_1903939, http://purl.obolibrary.org/obo/GO_0038203
http://purl.obolibrary.org/obo/GO_1903939, http://purl.obolibrary.org/obo/GO_0038203
http://purl.obolibrary.org/obo/GO_1903943, http://purl.obolibrary.org/obo/GO_0097284
http://purl.obolibrary.org/obo/GO_1903943, http://purl.obolibrary.org/obo/GO_0097284
http://purl.obolibrary.org/obo/GO_1903952, http://purl.obolibrary.org/obo/GO_0086089
http://purl.obolibrary.org/obo/GO_1903952, http://purl.obolibrary.org/obo/GO_0086089
http://purl.obolibrary.org/obo/GO_1903959, http://purl.obolibrary.org/obo/GO_0098656
http://purl.obolibrary.org/obo/GO_1903959, http://purl.obolibrary.org/obo/GO_0098656
http://purl.obolibrary.org/obo/GO_1903969, http://purl.obolibrary.org/obo/GO_0036005
http://purl.obolibrary.org/obo/GO_1903969, http://purl.obolibrary.org/obo/GO_0036005
http://purl.obolibrary.org/obo/GO_1903972, http://purl.obolibrary.org/obo/GO_0036006
http://purl.obolibrary.org/obo/GO_1903972, http://purl.obolibrary.org/obo/GO_0036006
http://purl.obolibrary.org/obo/GO_1903975, http://purl.obolibrary.org/obo/GO_0008347
http://purl.obolibrary.org/obo/GO_1903975, http://purl.obolibrary.org/obo/GO_0008347
http://purl.obolibrary.org/obo/GO_1903978, http://purl.obolibrary.org/obo/GO_0001774
http://purl.obolibrary.org/obo/GO_1903978, http://purl.obolibrary.org/obo/GO_0001774
http://purl.obolibrary.org/obo/GO_1903985, http://purl.obolibrary.org/obo/GO_0001951
http://purl.obolibrary.org/obo/GO_1903985, http://purl.obolibrary.org/obo/GO_0001951
http://purl.obolibrary.org/obo/GO_1903995, http://purl.obolibrary.org/obo/GO_0004715
http://purl.obolibrary.org/obo/GO_1903995, http://purl.obolibrary.org/obo/GO_0004715
http://purl.obolibrary.org/obo/GO_1903998, http://purl.obolibrary.org/obo/GO_0042755
http://purl.obolibrary.org/obo/GO_1903998, http://purl.obolibrary.org/obo/GO_0042755
http://purl.obolibrary.org/obo/GO_1904002, http://purl.obolibrary.org/obo/GO_1990654
http://purl.obolibrary.org/obo/GO_1904002, http://purl.obolibrary.org/obo/GO_1990654
http://purl.obolibrary.org/obo/GO_1904005, http://purl.obolibrary.org/obo/GO_0004630
http://purl.obolibrary.org/obo/GO_1904005, http://purl.obolibrary.org/obo/GO_0004630
http://purl.obolibrary.org/obo/GO_1904020, http://purl.obolibrary.org/obo/GO_0002031
http://purl.obolibrary.org/obo/GO_1904020, http://purl.obolibrary.org/obo/GO_0002031
http://purl.obolibrary.org/obo/GO_1904023, http://purl.obolibrary.org/obo/GO_0019661
http://purl.obolibrary.org/obo/GO_1904023, http://purl.obolibrary.org/obo/GO_0019661
http://purl.obolibrary.org/obo/GO_1904026, http://purl.obolibrary.org/obo/GO_0030199
http://purl.obolibrary.org/obo/GO_1904026, http://purl.obolibrary.org/obo/GO_0030199
http://purl.obolibrary.org/obo/GO_1904029, http://purl.obolibrary.org/obo/GO_0097472
http://purl.obolibrary.org/obo/GO_1904029, http://purl.obolibrary.org/obo/GO_0097472
http://purl.obolibrary.org/obo/GO_1904032, http://purl.obolibrary.org/obo/GO_1990656
http://purl.obolibrary.org/obo/GO_1904032, http://purl.obolibrary.org/obo/GO_1990656
http://purl.obolibrary.org/obo/GO_1904035, http://purl.obolibrary.org/obo/GO_1904019
http://purl.obolibrary.org/obo/GO_1904035, http://purl.obolibrary.org/obo/GO_1904019
http://purl.obolibrary.org/obo/GO_1904038, http://purl.obolibrary.org/obo/GO_1903988
http://purl.obolibrary.org/obo/GO_1904038, http://purl.obolibrary.org/obo/GO_1903988
http://purl.obolibrary.org/obo/GO_1904041, http://purl.obolibrary.org/obo/GO_0004122
http://purl.obolibrary.org/obo/GO_1904041, http://purl.obolibrary.org/obo/GO_0004122
http://purl.obolibrary.org/obo/GO_1904048, http://purl.obolibrary.org/obo/GO_0061669
http://purl.obolibrary.org/obo/GO_1904048, http://purl.obolibrary.org/obo/GO_0061669
http://purl.obolibrary.org/obo/GO_1904051, http://purl.obolibrary.org/obo/GO_0071211
http://purl.obolibrary.org/obo/GO_1904051, http://purl.obolibrary.org/obo/GO_0071211
http://purl.obolibrary.org/obo/GO_1904054, http://purl.obolibrary.org/obo/GO_1990705
http://purl.obolibrary.org/obo/GO_1904054, http://purl.obolibrary.org/obo/GO_1990705
http://purl.obolibrary.org/obo/GO_1904059, http://purl.obolibrary.org/obo/GO_0045475
http://purl.obolibrary.org/obo/GO_1904059, http://purl.obolibrary.org/obo/GO_0045475
http://purl.obolibrary.org/obo/GO_1904062, http://purl.obolibrary.org/obo/GO_0098655
http://purl.obolibrary.org/obo/GO_1904062, http://purl.obolibrary.org/obo/GO_0098655
http://purl.obolibrary.org/obo/GO_1904073, http://purl.obolibrary.org/obo/GO_0001834
http://purl.obolibrary.org/obo/GO_1904073, http://purl.obolibrary.org/obo/GO_0001834
http://purl.obolibrary.org/obo/GO_1904076, http://purl.obolibrary.org/obo/GO_0006703
http://purl.obolibrary.org/obo/GO_1904076, http://purl.obolibrary.org/obo/GO_0006703
http://purl.obolibrary.org/obo/GO_1904086, http://purl.obolibrary.org/obo/GO_0055113
http://purl.obolibrary.org/obo/GO_1904086, http://purl.obolibrary.org/obo/GO_0055113
http://purl.obolibrary.org/obo/GO_1904092, http://purl.obolibrary.org/obo/GO_0048102
http://purl.obolibrary.org/obo/GO_1904092, http://purl.obolibrary.org/obo/GO_0048102
http://purl.obolibrary.org/obo/GO_1904098, http://purl.obolibrary.org/obo/GO_0006493
http://purl.obolibrary.org/obo/GO_1904098, http://purl.obolibrary.org/obo/GO_0006493
http://purl.obolibrary.org/obo/GO_1904103, http://purl.obolibrary.org/obo/GO_0060027
http://purl.obolibrary.org/obo/GO_1904103, http://purl.obolibrary.org/obo/GO_0060027
http://purl.obolibrary.org/obo/GO_1904118, http://purl.obolibrary.org/obo/GO_0071600
http://purl.obolibrary.org/obo/GO_1904118, http://purl.obolibrary.org/obo/GO_0071600
http://purl.obolibrary.org/obo/GO_1904127, http://purl.obolibrary.org/obo/GO_0090246
http://purl.obolibrary.org/obo/GO_1904127, http://purl.obolibrary.org/obo/GO_0090246
http://purl.obolibrary.org/obo/GO_1904130, http://purl.obolibrary.org/obo/GO_0022007
http://purl.obolibrary.org/obo/GO_1904130, http://purl.obolibrary.org/obo/GO_0022007
http://purl.obolibrary.org/obo/GO_1904133, http://purl.obolibrary.org/obo/GO_1904125
http://purl.obolibrary.org/obo/GO_1904133, http://purl.obolibrary.org/obo/GO_1904125
http://purl.obolibrary.org/obo/GO_1904136, http://purl.obolibrary.org/obo/GO_1904126
http://purl.obolibrary.org/obo/GO_1904136, http://purl.obolibrary.org/obo/GO_1904126
http://purl.obolibrary.org/obo/GO_1904139, http://purl.obolibrary.org/obo/GO_1904124
http://purl.obolibrary.org/obo/GO_1904139, http://purl.obolibrary.org/obo/GO_1904124
http://purl.obolibrary.org/obo/GO_1904149, http://purl.obolibrary.org/obo/GO_0090634
http://purl.obolibrary.org/obo/GO_1904149, http://purl.obolibrary.org/obo/GO_0090634
http://purl.obolibrary.org/obo/GO_1904152, http://purl.obolibrary.org/obo/GO_0030970
http://purl.obolibrary.org/obo/GO_1904152, http://purl.obolibrary.org/obo/GO_0030970
http://purl.obolibrary.org/obo/GO_1904170, http://purl.obolibrary.org/obo/GO_0032060
http://purl.obolibrary.org/obo/GO_1904170, http://purl.obolibrary.org/obo/GO_0032060
http://purl.obolibrary.org/obo/GO_1904177, http://purl.obolibrary.org/obo/GO_0060612
http://purl.obolibrary.org/obo/GO_1904177, http://purl.obolibrary.org/obo/GO_0060612
http://purl.obolibrary.org/obo/GO_1904182, http://purl.obolibrary.org/obo/GO_0004738
http://purl.obolibrary.org/obo/GO_1904182, http://purl.obolibrary.org/obo/GO_0004738
http://purl.obolibrary.org/obo/GO_1904187, http://purl.obolibrary.org/obo/GO_0019087
http://purl.obolibrary.org/obo/GO_1904187, http://purl.obolibrary.org/obo/GO_0019087
http://purl.obolibrary.org/obo/GO_1904191, http://purl.obolibrary.org/obo/GO_0140013
http://purl.obolibrary.org/obo/GO_1904192, http://purl.obolibrary.org/obo/GO_1902488
http://purl.obolibrary.org/obo/GO_1904192, http://purl.obolibrary.org/obo/GO_1902488
http://purl.obolibrary.org/obo/GO_1904195, http://purl.obolibrary.org/obo/GO_1990739
http://purl.obolibrary.org/obo/GO_1904195, http://purl.obolibrary.org/obo/GO_1990739
http://purl.obolibrary.org/obo/GO_1904201, http://purl.obolibrary.org/obo/GO_0015705
http://purl.obolibrary.org/obo/GO_1904201, http://purl.obolibrary.org/obo/GO_0015705
http://purl.obolibrary.org/obo/GO_1904204, http://purl.obolibrary.org/obo/GO_0014734
http://purl.obolibrary.org/obo/GO_1904204, http://purl.obolibrary.org/obo/GO_0014734
http://purl.obolibrary.org/obo/GO_1904212, http://purl.obolibrary.org/obo/GO_1904200
http://purl.obolibrary.org/obo/GO_1904212, http://purl.obolibrary.org/obo/GO_1904200
http://purl.obolibrary.org/obo/GO_1904215, http://purl.obolibrary.org/obo/GO_0045037
http://purl.obolibrary.org/obo/GO_1904215, http://purl.obolibrary.org/obo/GO_0045037
http://purl.obolibrary.org/obo/GO_1904217, http://purl.obolibrary.org/obo/GO_0003882
http://purl.obolibrary.org/obo/GO_1904217, http://purl.obolibrary.org/obo/GO_0003882
http://purl.obolibrary.org/obo/GO_1904220, http://purl.obolibrary.org/obo/GO_0004758
http://purl.obolibrary.org/obo/GO_1904220, http://purl.obolibrary.org/obo/GO_0004758
http://purl.obolibrary.org/obo/GO_1904223, http://purl.obolibrary.org/obo/GO_0015020
http://purl.obolibrary.org/obo/GO_1904223, http://purl.obolibrary.org/obo/GO_0015020
http://purl.obolibrary.org/obo/GO_1904226, http://purl.obolibrary.org/obo/GO_0061547
http://purl.obolibrary.org/obo/GO_1904226, http://purl.obolibrary.org/obo/GO_0061547
http://purl.obolibrary.org/obo/GO_1904229, http://purl.obolibrary.org/obo/GO_0000104
http://purl.obolibrary.org/obo/GO_1904229, http://purl.obolibrary.org/obo/GO_0000104
http://purl.obolibrary.org/obo/GO_1904232, http://purl.obolibrary.org/obo/GO_0003994
http://purl.obolibrary.org/obo/GO_1904232, http://purl.obolibrary.org/obo/GO_0003994
http://purl.obolibrary.org/obo/GO_1904235, http://purl.obolibrary.org/obo/GO_0006931
http://purl.obolibrary.org/obo/GO_1904235, http://purl.obolibrary.org/obo/GO_0006931
http://purl.obolibrary.org/obo/GO_1904239, http://purl.obolibrary.org/obo/GO_1904210
http://purl.obolibrary.org/obo/GO_1904239, http://purl.obolibrary.org/obo/GO_1904210
http://purl.obolibrary.org/obo/GO_1904242, http://purl.obolibrary.org/obo/GO_1990747
http://purl.obolibrary.org/obo/GO_1904242, http://purl.obolibrary.org/obo/GO_1990747
http://purl.obolibrary.org/obo/GO_1904245, http://purl.obolibrary.org/obo/GO_1990817
http://purl.obolibrary.org/obo/GO_1904245, http://purl.obolibrary.org/obo/GO_1990817
http://purl.obolibrary.org/obo/GO_1904248, http://purl.obolibrary.org/obo/GO_0090644
http://purl.obolibrary.org/obo/GO_1904248, http://purl.obolibrary.org/obo/GO_0090644
http://purl.obolibrary.org/obo/GO_1904251, http://purl.obolibrary.org/obo/GO_0008206
http://purl.obolibrary.org/obo/GO_1904251, http://purl.obolibrary.org/obo/GO_0008206
http://purl.obolibrary.org/obo/GO_1904254, http://purl.obolibrary.org/obo/GO_0005381
http://purl.obolibrary.org/obo/GO_1904254, http://purl.obolibrary.org/obo/GO_0005381
http://purl.obolibrary.org/obo/GO_1904259, http://purl.obolibrary.org/obo/GO_2001197
http://purl.obolibrary.org/obo/GO_1904259, http://purl.obolibrary.org/obo/GO_2001197
http://purl.obolibrary.org/obo/GO_1904266, http://purl.obolibrary.org/obo/GO_1990751
http://purl.obolibrary.org/obo/GO_1904266, http://purl.obolibrary.org/obo/GO_1990751
http://purl.obolibrary.org/obo/GO_1904276, http://purl.obolibrary.org/obo/GO_0010025
http://purl.obolibrary.org/obo/GO_1904276, http://purl.obolibrary.org/obo/GO_0010025
http://purl.obolibrary.org/obo/GO_1904279, http://purl.obolibrary.org/obo/GO_0001060
http://purl.obolibrary.org/obo/GO_1904279, http://purl.obolibrary.org/obo/GO_0001060
http://purl.obolibrary.org/obo/GO_1904282, http://purl.obolibrary.org/obo/GO_0019885
http://purl.obolibrary.org/obo/GO_1904282, http://purl.obolibrary.org/obo/GO_0019885
http://purl.obolibrary.org/obo/GO_1904285, http://purl.obolibrary.org/obo/GO_0018352
http://purl.obolibrary.org/obo/GO_1904285, http://purl.obolibrary.org/obo/GO_0018352
http://purl.obolibrary.org/obo/GO_1904289, http://purl.obolibrary.org/obo/GO_0044773
http://purl.obolibrary.org/obo/GO_1904289, http://purl.obolibrary.org/obo/GO_0044773
http://purl.obolibrary.org/obo/GO_1904292, http://purl.obolibrary.org/obo/GO_0036503
http://purl.obolibrary.org/obo/GO_1904292, http://purl.obolibrary.org/obo/GO_0036503
http://purl.obolibrary.org/obo/GO_1904295, http://purl.obolibrary.org/obo/GO_1990760
http://purl.obolibrary.org/obo/GO_1904295, http://purl.obolibrary.org/obo/GO_1990760
http://purl.obolibrary.org/obo/GO_1904298, http://purl.obolibrary.org/obo/GO_0045056
http://purl.obolibrary.org/obo/GO_1904298, http://purl.obolibrary.org/obo/GO_0045056
http://purl.obolibrary.org/obo/GO_1904301, http://purl.obolibrary.org/obo/GO_0060137
http://purl.obolibrary.org/obo/GO_1904301, http://purl.obolibrary.org/obo/GO_0060137
http://purl.obolibrary.org/obo/GO_1904304, http://purl.obolibrary.org/obo/GO_0014831
http://purl.obolibrary.org/obo/GO_1904304, http://purl.obolibrary.org/obo/GO_0014831
http://purl.obolibrary.org/obo/GO_1904318, http://purl.obolibrary.org/obo/GO_0060083
http://purl.obolibrary.org/obo/GO_1904318, http://purl.obolibrary.org/obo/GO_0060083
http://purl.obolibrary.org/obo/GO_1904323, http://purl.obolibrary.org/obo/GO_0002030
http://purl.obolibrary.org/obo/GO_1904323, http://purl.obolibrary.org/obo/GO_0002030
http://purl.obolibrary.org/obo/GO_1904328, http://purl.obolibrary.org/obo/GO_1990764
http://purl.obolibrary.org/obo/GO_1904328, http://purl.obolibrary.org/obo/GO_1990764
http://purl.obolibrary.org/obo/GO_1904331, http://purl.obolibrary.org/obo/GO_0042276
http://purl.obolibrary.org/obo/GO_1904331, http://purl.obolibrary.org/obo/GO_0042276
http://purl.obolibrary.org/obo/GO_1904335, http://purl.obolibrary.org/obo/GO_0097070
http://purl.obolibrary.org/obo/GO_1904335, http://purl.obolibrary.org/obo/GO_0097070
http://purl.obolibrary.org/obo/GO_1904338, http://purl.obolibrary.org/obo/GO_0071542
http://purl.obolibrary.org/obo/GO_1904338, http://purl.obolibrary.org/obo/GO_0071542
http://purl.obolibrary.org/obo/GO_1904341, http://purl.obolibrary.org/obo/GO_1990765
http://purl.obolibrary.org/obo/GO_1904341, http://purl.obolibrary.org/obo/GO_1990765
http://purl.obolibrary.org/obo/GO_1904344, http://purl.obolibrary.org/obo/GO_1990768
http://purl.obolibrary.org/obo/GO_1904344, http://purl.obolibrary.org/obo/GO_1990768
http://purl.obolibrary.org/obo/GO_1904347, http://purl.obolibrary.org/obo/GO_1990770
http://purl.obolibrary.org/obo/GO_1904347, http://purl.obolibrary.org/obo/GO_1990770
http://purl.obolibrary.org/obo/GO_1904350, http://purl.obolibrary.org/obo/GO_0007039
http://purl.obolibrary.org/obo/GO_1904350, http://purl.obolibrary.org/obo/GO_0007039
http://purl.obolibrary.org/obo/GO_1904353, http://purl.obolibrary.org/obo/GO_0016233
http://purl.obolibrary.org/obo/GO_1904353, http://purl.obolibrary.org/obo/GO_0016233
http://purl.obolibrary.org/obo/GO_1904356, http://purl.obolibrary.org/obo/GO_0010833
http://purl.obolibrary.org/obo/GO_1904356, http://purl.obolibrary.org/obo/GO_0010833
http://purl.obolibrary.org/obo/GO_1904359, http://purl.obolibrary.org/obo/GO_0009847
http://purl.obolibrary.org/obo/GO_1904359, http://purl.obolibrary.org/obo/GO_0009847
http://purl.obolibrary.org/obo/GO_1904362, http://purl.obolibrary.org/obo/GO_0036161
http://purl.obolibrary.org/obo/GO_1904362, http://purl.obolibrary.org/obo/GO_0036161
http://purl.obolibrary.org/obo/GO_1904365, http://purl.obolibrary.org/obo/GO_0042466
http://purl.obolibrary.org/obo/GO_1904365, http://purl.obolibrary.org/obo/GO_0042466
http://purl.obolibrary.org/obo/GO_1904368, http://purl.obolibrary.org/obo/GO_0014001
http://purl.obolibrary.org/obo/GO_1904368, http://purl.obolibrary.org/obo/GO_0014001
http://purl.obolibrary.org/obo/GO_1904370, http://purl.obolibrary.org/obo/GO_0044379
http://purl.obolibrary.org/obo/GO_1904370, http://purl.obolibrary.org/obo/GO_0044379
http://purl.obolibrary.org/obo/GO_1904375, http://purl.obolibrary.org/obo/GO_1990778
http://purl.obolibrary.org/obo/GO_1904375, http://purl.obolibrary.org/obo/GO_1990778
http://purl.obolibrary.org/obo/GO_1904393, http://purl.obolibrary.org/obo/GO_0071340
http://purl.obolibrary.org/obo/GO_1904393, http://purl.obolibrary.org/obo/GO_0071340
http://purl.obolibrary.org/obo/GO_1904396, http://purl.obolibrary.org/obo/GO_0007528
http://purl.obolibrary.org/obo/GO_1904396, http://purl.obolibrary.org/obo/GO_0007528
http://purl.obolibrary.org/obo/GO_1904409, http://purl.obolibrary.org/obo/GO_0033363
http://purl.obolibrary.org/obo/GO_1904409, http://purl.obolibrary.org/obo/GO_0033363
http://purl.obolibrary.org/obo/GO_1904412, http://purl.obolibrary.org/obo/GO_0003231
http://purl.obolibrary.org/obo/GO_1904412, http://purl.obolibrary.org/obo/GO_0003231
http://purl.obolibrary.org/obo/GO_1904415, http://purl.obolibrary.org/obo/GO_0098792
http://purl.obolibrary.org/obo/GO_1904415, http://purl.obolibrary.org/obo/GO_0098792
http://purl.obolibrary.org/obo/GO_1904418, http://purl.obolibrary.org/obo/GO_0031627
http://purl.obolibrary.org/obo/GO_1904418, http://purl.obolibrary.org/obo/GO_0031627
http://purl.obolibrary.org/obo/GO_1904424, http://purl.obolibrary.org/obo/GO_0005525
http://purl.obolibrary.org/obo/GO_1904424, http://purl.obolibrary.org/obo/GO_0005525
http://purl.obolibrary.org/obo/GO_1904429, http://purl.obolibrary.org/obo/GO_0090656
http://purl.obolibrary.org/obo/GO_1904429, http://purl.obolibrary.org/obo/GO_0090656
http://purl.obolibrary.org/obo/GO_1904432, http://purl.obolibrary.org/obo/GO_0008198
http://purl.obolibrary.org/obo/GO_1904432, http://purl.obolibrary.org/obo/GO_0008198
http://purl.obolibrary.org/obo/GO_1904435, http://purl.obolibrary.org/obo/GO_1990459
http://purl.obolibrary.org/obo/GO_1904435, http://purl.obolibrary.org/obo/GO_1990459
http://purl.obolibrary.org/obo/GO_1904438, http://purl.obolibrary.org/obo/GO_0098711
http://purl.obolibrary.org/obo/GO_1904438, http://purl.obolibrary.org/obo/GO_0098711
http://purl.obolibrary.org/obo/GO_1904441, http://purl.obolibrary.org/obo/GO_1990789
http://purl.obolibrary.org/obo/GO_1904441, http://purl.obolibrary.org/obo/GO_1990789
http://purl.obolibrary.org/obo/GO_1904444, http://purl.obolibrary.org/obo/GO_0097368
http://purl.obolibrary.org/obo/GO_1904444, http://purl.obolibrary.org/obo/GO_0097368
http://purl.obolibrary.org/obo/GO_1904448, http://purl.obolibrary.org/obo/GO_0061528
http://purl.obolibrary.org/obo/GO_1904448, http://purl.obolibrary.org/obo/GO_0061528
http://purl.obolibrary.org/obo/GO_1904451, http://purl.obolibrary.org/obo/GO_0008900
http://purl.obolibrary.org/obo/GO_1904451, http://purl.obolibrary.org/obo/GO_0008900
http://purl.obolibrary.org/obo/GO_1904458, http://purl.obolibrary.org/obo/GO_1990772
http://purl.obolibrary.org/obo/GO_1904458, http://purl.obolibrary.org/obo/GO_1990772
http://purl.obolibrary.org/obo/GO_1904464, http://purl.obolibrary.org/obo/GO_1990773
http://purl.obolibrary.org/obo/GO_1904464, http://purl.obolibrary.org/obo/GO_1990773
http://purl.obolibrary.org/obo/GO_1904470, http://purl.obolibrary.org/obo/GO_1990775
http://purl.obolibrary.org/obo/GO_1904470, http://purl.obolibrary.org/obo/GO_1990775
http://purl.obolibrary.org/obo/GO_1904475, http://purl.obolibrary.org/obo/GO_0031267
http://purl.obolibrary.org/obo/GO_1904475, http://purl.obolibrary.org/obo/GO_0031267
http://purl.obolibrary.org/obo/GO_1904478, http://purl.obolibrary.org/obo/GO_0050892
http://purl.obolibrary.org/obo/GO_1904478, http://purl.obolibrary.org/obo/GO_0050892
http://purl.obolibrary.org/obo/GO_1904494, http://purl.obolibrary.org/obo/GO_1990793
http://purl.obolibrary.org/obo/GO_1904494, http://purl.obolibrary.org/obo/GO_1990793
http://purl.obolibrary.org/obo/GO_1904502, http://purl.obolibrary.org/obo/GO_0061724
http://purl.obolibrary.org/obo/GO_1904502, http://purl.obolibrary.org/obo/GO_0061724
http://purl.obolibrary.org/obo/GO_1904505, http://purl.obolibrary.org/obo/GO_0043247
http://purl.obolibrary.org/obo/GO_1904505, http://purl.obolibrary.org/obo/GO_0043247
http://purl.obolibrary.org/obo/GO_1904508, http://purl.obolibrary.org/obo/GO_1903361
http://purl.obolibrary.org/obo/GO_1904508, http://purl.obolibrary.org/obo/GO_1903361
http://purl.obolibrary.org/obo/GO_1904512, http://purl.obolibrary.org/obo/GO_1902974
http://purl.obolibrary.org/obo/GO_1904512, http://purl.obolibrary.org/obo/GO_1902974
http://purl.obolibrary.org/obo/GO_1904520, http://purl.obolibrary.org/obo/GO_1904516
http://purl.obolibrary.org/obo/GO_1904520, http://purl.obolibrary.org/obo/GO_1904516
http://purl.obolibrary.org/obo/GO_1904523, http://purl.obolibrary.org/obo/GO_0006277
http://purl.obolibrary.org/obo/GO_1904523, http://purl.obolibrary.org/obo/GO_0006277
http://purl.obolibrary.org/obo/GO_1904526, http://purl.obolibrary.org/obo/GO_0008017
http://purl.obolibrary.org/obo/GO_1904526, http://purl.obolibrary.org/obo/GO_0008017
http://purl.obolibrary.org/obo/GO_1904529, http://purl.obolibrary.org/obo/GO_0051015
http://purl.obolibrary.org/obo/GO_1904529, http://purl.obolibrary.org/obo/GO_0051015
http://purl.obolibrary.org/obo/GO_1904533, http://purl.obolibrary.org/obo/GO_0090657
http://purl.obolibrary.org/obo/GO_1904533, http://purl.obolibrary.org/obo/GO_0090657
http://purl.obolibrary.org/obo/GO_1904536, http://purl.obolibrary.org/obo/GO_0044820
http://purl.obolibrary.org/obo/GO_1904536, http://purl.obolibrary.org/obo/GO_0044820
http://purl.obolibrary.org/obo/GO_1904538, http://purl.obolibrary.org/obo/GO_0061615
http://purl.obolibrary.org/obo/GO_1904538, http://purl.obolibrary.org/obo/GO_0061615
http://purl.obolibrary.org/obo/GO_1904542, http://purl.obolibrary.org/obo/GO_0010994
http://purl.obolibrary.org/obo/GO_1904542, http://purl.obolibrary.org/obo/GO_0010994
http://purl.obolibrary.org/obo/GO_1904547, http://purl.obolibrary.org/obo/GO_0042149
http://purl.obolibrary.org/obo/GO_1904547, http://purl.obolibrary.org/obo/GO_0042149
http://purl.obolibrary.org/obo/GO_1904552, http://purl.obolibrary.org/obo/GO_0034670
http://purl.obolibrary.org/obo/GO_1904552, http://purl.obolibrary.org/obo/GO_0034670
http://purl.obolibrary.org/obo/GO_1904569, http://purl.obolibrary.org/obo/GO_0001514
http://purl.obolibrary.org/obo/GO_1904569, http://purl.obolibrary.org/obo/GO_0001514
http://purl.obolibrary.org/obo/GO_1904573, http://purl.obolibrary.org/obo/GO_0035368
http://purl.obolibrary.org/obo/GO_1904573, http://purl.obolibrary.org/obo/GO_0035368
http://purl.obolibrary.org/obo/GO_1904580, http://purl.obolibrary.org/obo/GO_0008298
http://purl.obolibrary.org/obo/GO_1904580, http://purl.obolibrary.org/obo/GO_0008298
http://purl.obolibrary.org/obo/GO_1904589, http://purl.obolibrary.org/obo/GO_0017038
http://purl.obolibrary.org/obo/GO_1904589, http://purl.obolibrary.org/obo/GO_0017038
http://purl.obolibrary.org/obo/GO_1904594, http://purl.obolibrary.org/obo/GO_0006369
http://purl.obolibrary.org/obo/GO_1904594, http://purl.obolibrary.org/obo/GO_0006369
http://purl.obolibrary.org/obo/GO_1904596, http://purl.obolibrary.org/obo/GO_0002248
http://purl.obolibrary.org/obo/GO_1904596, http://purl.obolibrary.org/obo/GO_0002248
http://purl.obolibrary.org/obo/GO_1904603, http://purl.obolibrary.org/obo/GO_0050785
http://purl.obolibrary.org/obo/GO_1904603, http://purl.obolibrary.org/obo/GO_0050785
http://purl.obolibrary.org/obo/GO_1904616, http://purl.obolibrary.org/obo/GO_0003779
http://purl.obolibrary.org/obo/GO_1904616, http://purl.obolibrary.org/obo/GO_0003779
http://purl.obolibrary.org/obo/GO_1904624, http://purl.obolibrary.org/obo/GO_0061537
http://purl.obolibrary.org/obo/GO_1904624, http://purl.obolibrary.org/obo/GO_0061537
http://purl.obolibrary.org/obo/GO_1904633, http://purl.obolibrary.org/obo/GO_1903210
http://purl.obolibrary.org/obo/GO_1904633, http://purl.obolibrary.org/obo/GO_1903210
http://purl.obolibrary.org/obo/GO_1904649, http://purl.obolibrary.org/obo/GO_1904606
http://purl.obolibrary.org/obo/GO_1904649, http://purl.obolibrary.org/obo/GO_1904606
http://purl.obolibrary.org/obo/GO_1904653, http://purl.obolibrary.org/obo/GO_0048286
http://purl.obolibrary.org/obo/GO_1904653, http://purl.obolibrary.org/obo/GO_0048286
http://purl.obolibrary.org/obo/GO_1904656, http://purl.obolibrary.org/obo/GO_0050916
http://purl.obolibrary.org/obo/GO_1904656, http://purl.obolibrary.org/obo/GO_0050916
http://purl.obolibrary.org/obo/GO_1904660, http://purl.obolibrary.org/obo/GO_0050913
http://purl.obolibrary.org/obo/GO_1904660, http://purl.obolibrary.org/obo/GO_0050913
http://purl.obolibrary.org/obo/GO_1904663, http://purl.obolibrary.org/obo/GO_0017196
http://purl.obolibrary.org/obo/GO_1904663, http://purl.obolibrary.org/obo/GO_0017196
http://purl.obolibrary.org/obo/GO_1904666, http://purl.obolibrary.org/obo/GO_0061630
http://purl.obolibrary.org/obo/GO_1904666, http://purl.obolibrary.org/obo/GO_0061630
http://purl.obolibrary.org/obo/GO_1904672, http://purl.obolibrary.org/obo/GO_0035019
http://purl.obolibrary.org/obo/GO_1904672, http://purl.obolibrary.org/obo/GO_0035019
http://purl.obolibrary.org/obo/GO_1904675, http://purl.obolibrary.org/obo/GO_0048103
http://purl.obolibrary.org/obo/GO_1904675, http://purl.obolibrary.org/obo/GO_0048103
http://purl.obolibrary.org/obo/GO_1904683, http://purl.obolibrary.org/obo/GO_0004222
http://purl.obolibrary.org/obo/GO_1904683, http://purl.obolibrary.org/obo/GO_0004222
http://purl.obolibrary.org/obo/GO_1904686, http://purl.obolibrary.org/obo/GO_0051228
http://purl.obolibrary.org/obo/GO_1904686, http://purl.obolibrary.org/obo/GO_0051228
http://purl.obolibrary.org/obo/GO_1904688, http://purl.obolibrary.org/obo/GO_0002183
http://purl.obolibrary.org/obo/GO_1904688, http://purl.obolibrary.org/obo/GO_0002183
http://purl.obolibrary.org/obo/GO_1904697, http://purl.obolibrary.org/obo/GO_1990863
http://purl.obolibrary.org/obo/GO_1904697, http://purl.obolibrary.org/obo/GO_1990863
http://purl.obolibrary.org/obo/GO_1904702, http://purl.obolibrary.org/obo/GO_0071896
http://purl.obolibrary.org/obo/GO_1904702, http://purl.obolibrary.org/obo/GO_0071896
http://purl.obolibrary.org/obo/GO_1904705, http://purl.obolibrary.org/obo/GO_1990874
http://purl.obolibrary.org/obo/GO_1904705, http://purl.obolibrary.org/obo/GO_1990874
http://purl.obolibrary.org/obo/GO_1904708, http://purl.obolibrary.org/obo/GO_1904700
http://purl.obolibrary.org/obo/GO_1904708, http://purl.obolibrary.org/obo/GO_1904700
http://purl.obolibrary.org/obo/GO_1904711, http://purl.obolibrary.org/obo/GO_1904701
http://purl.obolibrary.org/obo/GO_1904711, http://purl.obolibrary.org/obo/GO_1904701
http://purl.obolibrary.org/obo/GO_1904714, http://purl.obolibrary.org/obo/GO_0061684
http://purl.obolibrary.org/obo/GO_1904714, http://purl.obolibrary.org/obo/GO_0061684
http://purl.obolibrary.org/obo/GO_1904717, http://purl.obolibrary.org/obo/GO_0097113
http://purl.obolibrary.org/obo/GO_1904717, http://purl.obolibrary.org/obo/GO_0097113
http://purl.obolibrary.org/obo/GO_1904726, http://purl.obolibrary.org/obo/GO_0090399
http://purl.obolibrary.org/obo/GO_1904726, http://purl.obolibrary.org/obo/GO_0090399
http://purl.obolibrary.org/obo/GO_1904729, http://purl.obolibrary.org/obo/GO_0098856
http://purl.obolibrary.org/obo/GO_1904729, http://purl.obolibrary.org/obo/GO_0098856
http://purl.obolibrary.org/obo/GO_1904732, http://purl.obolibrary.org/obo/GO_0009055
http://purl.obolibrary.org/obo/GO_1904732, http://purl.obolibrary.org/obo/GO_0009055
http://purl.obolibrary.org/obo/GO_1904735, http://purl.obolibrary.org/obo/GO_0033539
http://purl.obolibrary.org/obo/GO_1904735, http://purl.obolibrary.org/obo/GO_0033539
http://purl.obolibrary.org/obo/GO_1904742, http://purl.obolibrary.org/obo/GO_0042162
http://purl.obolibrary.org/obo/GO_1904742, http://purl.obolibrary.org/obo/GO_0042162
http://purl.obolibrary.org/obo/GO_1904748, http://purl.obolibrary.org/obo/GO_1902742
http://purl.obolibrary.org/obo/GO_1904748, http://purl.obolibrary.org/obo/GO_1902742
http://purl.obolibrary.org/obo/GO_1904749, http://purl.obolibrary.org/obo/GO_1902570
http://purl.obolibrary.org/obo/GO_1904749, http://purl.obolibrary.org/obo/GO_1902570
http://purl.obolibrary.org/obo/GO_1904752, http://purl.obolibrary.org/obo/GO_1904738
http://purl.obolibrary.org/obo/GO_1904752, http://purl.obolibrary.org/obo/GO_1904738
http://purl.obolibrary.org/obo/GO_1904755, http://purl.obolibrary.org/obo/GO_1902900
http://purl.obolibrary.org/obo/GO_1904755, http://purl.obolibrary.org/obo/GO_1902900
http://purl.obolibrary.org/obo/GO_1904760, http://purl.obolibrary.org/obo/GO_0036446
http://purl.obolibrary.org/obo/GO_1904760, http://purl.obolibrary.org/obo/GO_0036446
http://purl.obolibrary.org/obo/GO_1904776, http://purl.obolibrary.org/obo/GO_0072697
http://purl.obolibrary.org/obo/GO_1904776, http://purl.obolibrary.org/obo/GO_0072697
http://purl.obolibrary.org/obo/GO_1904779, http://purl.obolibrary.org/obo/GO_0071539
http://purl.obolibrary.org/obo/GO_1904779, http://purl.obolibrary.org/obo/GO_0071539
http://purl.obolibrary.org/obo/GO_1904785, http://purl.obolibrary.org/obo/GO_0045167
http://purl.obolibrary.org/obo/GO_1904785, http://purl.obolibrary.org/obo/GO_0045167
http://purl.obolibrary.org/obo/GO_1904790, http://purl.obolibrary.org/obo/GO_0071573
http://purl.obolibrary.org/obo/GO_1904790, http://purl.obolibrary.org/obo/GO_0071573
http://purl.obolibrary.org/obo/GO_1904793, http://purl.obolibrary.org/obo/GO_1990188
http://purl.obolibrary.org/obo/GO_1904793, http://purl.obolibrary.org/obo/GO_1990188
http://purl.obolibrary.org/obo/GO_1904796, http://purl.obolibrary.org/obo/GO_0001046
http://purl.obolibrary.org/obo/GO_1904796, http://purl.obolibrary.org/obo/GO_0001046
http://purl.obolibrary.org/obo/GO_1904799, http://purl.obolibrary.org/obo/GO_0016322
http://purl.obolibrary.org/obo/GO_1904799, http://purl.obolibrary.org/obo/GO_0016322
http://purl.obolibrary.org/obo/GO_1904806, http://purl.obolibrary.org/obo/GO_0018158
http://purl.obolibrary.org/obo/GO_1904806, http://purl.obolibrary.org/obo/GO_0018158
http://purl.obolibrary.org/obo/GO_1904809, http://purl.obolibrary.org/obo/GO_1901950
http://purl.obolibrary.org/obo/GO_1904809, http://purl.obolibrary.org/obo/GO_1901950
http://purl.obolibrary.org/obo/GO_1904814, http://purl.obolibrary.org/obo/GO_0070198
http://purl.obolibrary.org/obo/GO_1904814, http://purl.obolibrary.org/obo/GO_0070198
http://purl.obolibrary.org/obo/GO_1904826, http://purl.obolibrary.org/obo/GO_0070814
http://purl.obolibrary.org/obo/GO_1904826, http://purl.obolibrary.org/obo/GO_0070814
http://purl.obolibrary.org/obo/GO_1904829, http://purl.obolibrary.org/obo/GO_0035887
http://purl.obolibrary.org/obo/GO_1904829, http://purl.obolibrary.org/obo/GO_0035887
http://purl.obolibrary.org/obo/GO_1904838, http://purl.obolibrary.org/obo/GO_0048133
http://purl.obolibrary.org/obo/GO_1904838, http://purl.obolibrary.org/obo/GO_0048133
http://purl.obolibrary.org/obo/GO_1904847, http://purl.obolibrary.org/obo/GO_0035766
http://purl.obolibrary.org/obo/GO_1904847, http://purl.obolibrary.org/obo/GO_0035766
http://purl.obolibrary.org/obo/GO_1904857, http://purl.obolibrary.org/obo/GO_0090668
http://purl.obolibrary.org/obo/GO_1904857, http://purl.obolibrary.org/obo/GO_0090668
http://purl.obolibrary.org/obo/GO_1904863, http://purl.obolibrary.org/obo/GO_1904837
http://purl.obolibrary.org/obo/GO_1904863, http://purl.obolibrary.org/obo/GO_1904837
http://purl.obolibrary.org/obo/GO_1904869, http://purl.obolibrary.org/obo/GO_1904867
http://purl.obolibrary.org/obo/GO_1904869, http://purl.obolibrary.org/obo/GO_1904867
http://purl.obolibrary.org/obo/GO_1904872, http://purl.obolibrary.org/obo/GO_0090671
http://purl.obolibrary.org/obo/GO_1904872, http://purl.obolibrary.org/obo/GO_0090671
http://purl.obolibrary.org/obo/GO_1904875, http://purl.obolibrary.org/obo/GO_0003909
http://purl.obolibrary.org/obo/GO_1904875, http://purl.obolibrary.org/obo/GO_0003909
http://purl.obolibrary.org/obo/GO_1904882, http://purl.obolibrary.org/obo/GO_1904868
http://purl.obolibrary.org/obo/GO_1904882, http://purl.obolibrary.org/obo/GO_1904868
http://purl.obolibrary.org/obo/GO_1904889, http://purl.obolibrary.org/obo/GO_1904861
http://purl.obolibrary.org/obo/GO_1904889, http://purl.obolibrary.org/obo/GO_1904861
http://purl.obolibrary.org/obo/GO_1904892, http://purl.obolibrary.org/obo/GO_0097696
http://purl.obolibrary.org/obo/GO_1904892, http://purl.obolibrary.org/obo/GO_0097696
http://purl.obolibrary.org/obo/GO_1904897, http://purl.obolibrary.org/obo/GO_1990922
http://purl.obolibrary.org/obo/GO_1904897, http://purl.obolibrary.org/obo/GO_1990922
http://purl.obolibrary.org/obo/GO_1904904, http://purl.obolibrary.org/obo/GO_0090674
http://purl.obolibrary.org/obo/GO_1904904, http://purl.obolibrary.org/obo/GO_0090674
http://purl.obolibrary.org/obo/GO_1904907, http://purl.obolibrary.org/obo/GO_0099403
http://purl.obolibrary.org/obo/GO_1904907, http://purl.obolibrary.org/obo/GO_0099403
http://purl.obolibrary.org/obo/GO_1904910, http://purl.obolibrary.org/obo/GO_0097694
http://purl.obolibrary.org/obo/GO_1904910, http://purl.obolibrary.org/obo/GO_0097694
http://purl.obolibrary.org/obo/GO_1904913, http://purl.obolibrary.org/obo/GO_0097695
http://purl.obolibrary.org/obo/GO_1904913, http://purl.obolibrary.org/obo/GO_0097695
http://purl.obolibrary.org/obo/GO_1904923, http://purl.obolibrary.org/obo/GO_0000422
http://purl.obolibrary.org/obo/GO_1904923, http://purl.obolibrary.org/obo/GO_0000422
http://purl.obolibrary.org/obo/GO_1904933, http://purl.obolibrary.org/obo/GO_0033278
http://purl.obolibrary.org/obo/GO_1904933, http://purl.obolibrary.org/obo/GO_0033278
http://purl.obolibrary.org/obo/GO_1904942, http://purl.obolibrary.org/obo/GO_0003211
http://purl.obolibrary.org/obo/GO_1904942, http://purl.obolibrary.org/obo/GO_0003211
http://purl.obolibrary.org/obo/GO_1904956, http://purl.obolibrary.org/obo/GO_1904948
http://purl.obolibrary.org/obo/GO_1904956, http://purl.obolibrary.org/obo/GO_1904948
http://purl.obolibrary.org/obo/GO_1904959, http://purl.obolibrary.org/obo/GO_0004129
http://purl.obolibrary.org/obo/GO_1904959, http://purl.obolibrary.org/obo/GO_0004129
http://purl.obolibrary.org/obo/GO_1904963, http://purl.obolibrary.org/obo/GO_0033520
http://purl.obolibrary.org/obo/GO_1904963, http://purl.obolibrary.org/obo/GO_0033520
http://purl.obolibrary.org/obo/GO_1904965, http://purl.obolibrary.org/obo/GO_0010189
http://purl.obolibrary.org/obo/GO_1904965, http://purl.obolibrary.org/obo/GO_0010189
http://purl.obolibrary.org/obo/GO_1904967, http://purl.obolibrary.org/obo/GO_0051455
http://purl.obolibrary.org/obo/GO_1904967, http://purl.obolibrary.org/obo/GO_0051455
http://purl.obolibrary.org/obo/GO_1904971, http://purl.obolibrary.org/obo/GO_0019081
http://purl.obolibrary.org/obo/GO_1904971, http://purl.obolibrary.org/obo/GO_0019081
http://purl.obolibrary.org/obo/GO_1904978, http://purl.obolibrary.org/obo/GO_0007032
http://purl.obolibrary.org/obo/GO_1904978, http://purl.obolibrary.org/obo/GO_0007032
http://purl.obolibrary.org/obo/GO_1904984, http://purl.obolibrary.org/obo/GO_0019805
http://purl.obolibrary.org/obo/GO_1904984, http://purl.obolibrary.org/obo/GO_0019805
http://purl.obolibrary.org/obo/GO_1904987, http://purl.obolibrary.org/obo/GO_0042118
http://purl.obolibrary.org/obo/GO_1904987, http://purl.obolibrary.org/obo/GO_0042118
http://purl.obolibrary.org/obo/GO_1904990, http://purl.obolibrary.org/obo/GO_0007195
http://purl.obolibrary.org/obo/GO_1904990, http://purl.obolibrary.org/obo/GO_0007195
http://purl.obolibrary.org/obo/GO_1904994, http://purl.obolibrary.org/obo/GO_0061756
http://purl.obolibrary.org/obo/GO_1904994, http://purl.obolibrary.org/obo/GO_0061756
http://purl.obolibrary.org/obo/GO_1904997, http://purl.obolibrary.org/obo/GO_0061757
http://purl.obolibrary.org/obo/GO_1904997, http://purl.obolibrary.org/obo/GO_0061757
http://purl.obolibrary.org/obo/GO_1905000, http://purl.obolibrary.org/obo/GO_0098914
http://purl.obolibrary.org/obo/GO_1905000, http://purl.obolibrary.org/obo/GO_0098914
http://purl.obolibrary.org/obo/GO_1905005, http://purl.obolibrary.org/obo/GO_0003198
http://purl.obolibrary.org/obo/GO_1905005, http://purl.obolibrary.org/obo/GO_0003198
http://purl.obolibrary.org/obo/GO_1905008, http://purl.obolibrary.org/obo/GO_0097639
http://purl.obolibrary.org/obo/GO_1905008, http://purl.obolibrary.org/obo/GO_0097639
http://purl.obolibrary.org/obo/GO_1905012, http://purl.obolibrary.org/obo/GO_0034354
http://purl.obolibrary.org/obo/GO_1905012, http://purl.obolibrary.org/obo/GO_0034354
http://purl.obolibrary.org/obo/GO_1905024, http://purl.obolibrary.org/obo/GO_0098915
http://purl.obolibrary.org/obo/GO_1905024, http://purl.obolibrary.org/obo/GO_0098915
http://purl.obolibrary.org/obo/GO_1905027, http://purl.obolibrary.org/obo/GO_0086045
http://purl.obolibrary.org/obo/GO_1905027, http://purl.obolibrary.org/obo/GO_0086045
http://purl.obolibrary.org/obo/GO_1905031, http://purl.obolibrary.org/obo/GO_0086013
http://purl.obolibrary.org/obo/GO_1905031, http://purl.obolibrary.org/obo/GO_0086013
http://purl.obolibrary.org/obo/GO_1905034, http://purl.obolibrary.org/obo/GO_0061760
http://purl.obolibrary.org/obo/GO_1905034, http://purl.obolibrary.org/obo/GO_0061760
http://purl.obolibrary.org/obo/GO_1905038, http://purl.obolibrary.org/obo/GO_0006643
http://purl.obolibrary.org/obo/GO_1905038, http://purl.obolibrary.org/obo/GO_0006643
http://purl.obolibrary.org/obo/GO_1905041, http://purl.obolibrary.org/obo/GO_1990399
http://purl.obolibrary.org/obo/GO_1905041, http://purl.obolibrary.org/obo/GO_1990399
http://purl.obolibrary.org/obo/GO_1905044, http://purl.obolibrary.org/obo/GO_0014011
http://purl.obolibrary.org/obo/GO_1905044, http://purl.obolibrary.org/obo/GO_0014011
http://purl.obolibrary.org/obo/GO_1905048, http://purl.obolibrary.org/obo/GO_0008237
http://purl.obolibrary.org/obo/GO_1905048, http://purl.obolibrary.org/obo/GO_0008237
http://purl.obolibrary.org/obo/GO_1905051, http://purl.obolibrary.org/obo/GO_0006284
http://purl.obolibrary.org/obo/GO_1905051, http://purl.obolibrary.org/obo/GO_0006284
http://purl.obolibrary.org/obo/GO_1905063, http://purl.obolibrary.org/obo/GO_0035886
http://purl.obolibrary.org/obo/GO_1905063, http://purl.obolibrary.org/obo/GO_0035886
http://purl.obolibrary.org/obo/GO_1905073, http://purl.obolibrary.org/obo/GO_1905071
http://purl.obolibrary.org/obo/GO_1905073, http://purl.obolibrary.org/obo/GO_1905071
http://purl.obolibrary.org/obo/GO_1905079, http://purl.obolibrary.org/obo/GO_0098749
http://purl.obolibrary.org/obo/GO_1905079, http://purl.obolibrary.org/obo/GO_0098749
http://purl.obolibrary.org/obo/GO_1905082, http://purl.obolibrary.org/obo/GO_0070125
http://purl.obolibrary.org/obo/GO_1905082, http://purl.obolibrary.org/obo/GO_0070125
http://purl.obolibrary.org/obo/GO_1905085, http://purl.obolibrary.org/obo/GO_0008218
http://purl.obolibrary.org/obo/GO_1905085, http://purl.obolibrary.org/obo/GO_0008218
http://purl.obolibrary.org/obo/GO_1905089, http://purl.obolibrary.org/obo/GO_0061734
http://purl.obolibrary.org/obo/GO_1905089, http://purl.obolibrary.org/obo/GO_0061734
http://purl.obolibrary.org/obo/GO_1905094, http://purl.obolibrary.org/obo/GO_0038027
http://purl.obolibrary.org/obo/GO_1905094, http://purl.obolibrary.org/obo/GO_0038027
http://purl.obolibrary.org/obo/GO_1905097, http://purl.obolibrary.org/obo/GO_0005085
http://purl.obolibrary.org/obo/GO_1905097, http://purl.obolibrary.org/obo/GO_0005085
http://purl.obolibrary.org/obo/GO_1905100, http://purl.obolibrary.org/obo/GO_0097314
http://purl.obolibrary.org/obo/GO_1905100, http://purl.obolibrary.org/obo/GO_0097314
http://purl.obolibrary.org/obo/GO_1905109, http://purl.obolibrary.org/obo/GO_0101010
http://purl.obolibrary.org/obo/GO_1905109, http://purl.obolibrary.org/obo/GO_0101010
http://purl.obolibrary.org/obo/GO_1905115, http://purl.obolibrary.org/obo/GO_0099607
http://purl.obolibrary.org/obo/GO_1905115, http://purl.obolibrary.org/obo/GO_0099607
http://purl.obolibrary.org/obo/GO_1905117, http://purl.obolibrary.org/obo/GO_0061731
http://purl.obolibrary.org/obo/GO_1905117, http://purl.obolibrary.org/obo/GO_0061731
http://purl.obolibrary.org/obo/GO_1905123, http://purl.obolibrary.org/obo/GO_0004348
http://purl.obolibrary.org/obo/GO_1905123, http://purl.obolibrary.org/obo/GO_0004348
http://purl.obolibrary.org/obo/GO_1905126, http://purl.obolibrary.org/obo/GO_0099640
http://purl.obolibrary.org/obo/GO_1905126, http://purl.obolibrary.org/obo/GO_0099640
http://purl.obolibrary.org/obo/GO_1905132, http://purl.obolibrary.org/obo/GO_0051307
http://purl.obolibrary.org/obo/GO_1905132, http://purl.obolibrary.org/obo/GO_0051307
http://purl.obolibrary.org/obo/GO_1905137, http://purl.obolibrary.org/obo/GO_0098035
http://purl.obolibrary.org/obo/GO_1905137, http://purl.obolibrary.org/obo/GO_0098035
http://purl.obolibrary.org/obo/GO_1905140, http://purl.obolibrary.org/obo/GO_1905139
http://purl.obolibrary.org/obo/GO_1905140, http://purl.obolibrary.org/obo/GO_1905139
http://purl.obolibrary.org/obo/GO_1905147, http://purl.obolibrary.org/obo/GO_0014895
http://purl.obolibrary.org/obo/GO_1905147, http://purl.obolibrary.org/obo/GO_0014895
http://purl.obolibrary.org/obo/GO_1905150, http://purl.obolibrary.org/obo/GO_0005248
http://purl.obolibrary.org/obo/GO_1905150, http://purl.obolibrary.org/obo/GO_0005248
http://purl.obolibrary.org/obo/GO_1905153, http://purl.obolibrary.org/obo/GO_0010324
http://purl.obolibrary.org/obo/GO_1905153, http://purl.obolibrary.org/obo/GO_0010324
http://purl.obolibrary.org/obo/GO_1905162, http://purl.obolibrary.org/obo/GO_0090382
http://purl.obolibrary.org/obo/GO_1905162, http://purl.obolibrary.org/obo/GO_0090382
http://purl.obolibrary.org/obo/GO_1905165, http://purl.obolibrary.org/obo/GO_1905146
http://purl.obolibrary.org/obo/GO_1905165, http://purl.obolibrary.org/obo/GO_1905146
http://purl.obolibrary.org/obo/GO_1905169, http://purl.obolibrary.org/obo/GO_1905161
http://purl.obolibrary.org/obo/GO_1905169, http://purl.obolibrary.org/obo/GO_1905161
http://purl.obolibrary.org/obo/GO_1905174, http://purl.obolibrary.org/obo/GO_1990936
http://purl.obolibrary.org/obo/GO_1905174, http://purl.obolibrary.org/obo/GO_1990936
http://purl.obolibrary.org/obo/GO_1905178, http://purl.obolibrary.org/obo/GO_0061026
http://purl.obolibrary.org/obo/GO_1905178, http://purl.obolibrary.org/obo/GO_0061026
http://purl.obolibrary.org/obo/GO_1905181, http://purl.obolibrary.org/obo/GO_0009039
http://purl.obolibrary.org/obo/GO_1905181, http://purl.obolibrary.org/obo/GO_0009039
http://purl.obolibrary.org/obo/GO_1905186, http://purl.obolibrary.org/obo/GO_1990949
http://purl.obolibrary.org/obo/GO_1905186, http://purl.obolibrary.org/obo/GO_1990949
http://purl.obolibrary.org/obo/GO_1905189, http://purl.obolibrary.org/obo/GO_1990950
http://purl.obolibrary.org/obo/GO_1905189, http://purl.obolibrary.org/obo/GO_1990950
http://purl.obolibrary.org/obo/GO_1905192, http://purl.obolibrary.org/obo/GO_0010020
http://purl.obolibrary.org/obo/GO_1905192, http://purl.obolibrary.org/obo/GO_0010020
http://purl.obolibrary.org/obo/GO_1905203, http://purl.obolibrary.org/obo/GO_0097709
http://purl.obolibrary.org/obo/GO_1905203, http://purl.obolibrary.org/obo/GO_0097709
http://purl.obolibrary.org/obo/GO_1905207, http://purl.obolibrary.org/obo/GO_0035051
http://purl.obolibrary.org/obo/GO_1905207, http://purl.obolibrary.org/obo/GO_0035051
http://purl.obolibrary.org/obo/GO_1905210, http://purl.obolibrary.org/obo/GO_1990956
http://purl.obolibrary.org/obo/GO_1905210, http://purl.obolibrary.org/obo/GO_1990956
http://purl.obolibrary.org/obo/GO_1905214, http://purl.obolibrary.org/obo/GO_0003723
http://purl.obolibrary.org/obo/GO_1905214, http://purl.obolibrary.org/obo/GO_0003723
http://purl.obolibrary.org/obo/GO_1905219, http://purl.obolibrary.org/obo/GO_0030220
http://purl.obolibrary.org/obo/GO_1905219, http://purl.obolibrary.org/obo/GO_0030220
http://purl.obolibrary.org/obo/GO_1905244, http://purl.obolibrary.org/obo/GO_0099563
http://purl.obolibrary.org/obo/GO_1905244, http://purl.obolibrary.org/obo/GO_0099563
http://purl.obolibrary.org/obo/GO_1905245, http://purl.obolibrary.org/obo/GO_0070001
http://purl.obolibrary.org/obo/GO_1905245, http://purl.obolibrary.org/obo/GO_0070001
http://purl.obolibrary.org/obo/GO_1905255, http://purl.obolibrary.org/obo/GO_0001070
http://purl.obolibrary.org/obo/GO_1905255, http://purl.obolibrary.org/obo/GO_0001070
http://purl.obolibrary.org/obo/GO_1905258, http://purl.obolibrary.org/obo/GO_1990442
http://purl.obolibrary.org/obo/GO_1905258, http://purl.obolibrary.org/obo/GO_1990442
http://purl.obolibrary.org/obo/GO_1905261, http://purl.obolibrary.org/obo/GO_0010780
http://purl.obolibrary.org/obo/GO_1905261, http://purl.obolibrary.org/obo/GO_0010780
http://purl.obolibrary.org/obo/GO_1905271, http://purl.obolibrary.org/obo/GO_0046933
http://purl.obolibrary.org/obo/GO_1905271, http://purl.obolibrary.org/obo/GO_0046933
http://purl.obolibrary.org/obo/GO_1905274, http://purl.obolibrary.org/obo/GO_0098885
http://purl.obolibrary.org/obo/GO_1905274, http://purl.obolibrary.org/obo/GO_0098885
http://purl.obolibrary.org/obo/GO_1905276, http://purl.obolibrary.org/obo/GO_0072175
http://purl.obolibrary.org/obo/GO_1905276, http://purl.obolibrary.org/obo/GO_0072175
http://purl.obolibrary.org/obo/GO_1905279, http://purl.obolibrary.org/obo/GO_0042147
http://purl.obolibrary.org/obo/GO_1905279, http://purl.obolibrary.org/obo/GO_0042147
http://purl.obolibrary.org/obo/GO_1905282, http://purl.obolibrary.org/obo/GO_1905251
http://purl.obolibrary.org/obo/GO_1905282, http://purl.obolibrary.org/obo/GO_1905251
http://purl.obolibrary.org/obo/GO_1905289, http://purl.obolibrary.org/obo/GO_0061762
http://purl.obolibrary.org/obo/GO_1905289, http://purl.obolibrary.org/obo/GO_0061762
http://purl.obolibrary.org/obo/GO_1905292, http://purl.obolibrary.org/obo/GO_0014033
http://purl.obolibrary.org/obo/GO_1905292, http://purl.obolibrary.org/obo/GO_0014033
http://purl.obolibrary.org/obo/GO_1905295, http://purl.obolibrary.org/obo/GO_0014036
http://purl.obolibrary.org/obo/GO_1905295, http://purl.obolibrary.org/obo/GO_0014036
http://purl.obolibrary.org/obo/GO_1905298, http://purl.obolibrary.org/obo/GO_0060576
http://purl.obolibrary.org/obo/GO_1905298, http://purl.obolibrary.org/obo/GO_0060576
http://purl.obolibrary.org/obo/GO_1905301, http://purl.obolibrary.org/obo/GO_0044351
http://purl.obolibrary.org/obo/GO_1905301, http://purl.obolibrary.org/obo/GO_0044351
http://purl.obolibrary.org/obo/GO_1905304, http://purl.obolibrary.org/obo/GO_0055003
http://purl.obolibrary.org/obo/GO_1905304, http://purl.obolibrary.org/obo/GO_0055003
http://purl.obolibrary.org/obo/GO_1905310, http://purl.obolibrary.org/obo/GO_0003253
http://purl.obolibrary.org/obo/GO_1905310, http://purl.obolibrary.org/obo/GO_0003253
http://purl.obolibrary.org/obo/GO_1905320, http://purl.obolibrary.org/obo/GO_1905319
http://purl.obolibrary.org/obo/GO_1905320, http://purl.obolibrary.org/obo/GO_1905319
http://purl.obolibrary.org/obo/GO_1905325, http://purl.obolibrary.org/obo/GO_1905318
http://purl.obolibrary.org/obo/GO_1905325, http://purl.obolibrary.org/obo/GO_1905318
http://purl.obolibrary.org/obo/GO_1905330, http://purl.obolibrary.org/obo/GO_0002009
http://purl.obolibrary.org/obo/GO_1905330, http://purl.obolibrary.org/obo/GO_0002009
http://purl.obolibrary.org/obo/GO_1905333, http://purl.obolibrary.org/obo/GO_0035482
http://purl.obolibrary.org/obo/GO_1905333, http://purl.obolibrary.org/obo/GO_0035482
http://purl.obolibrary.org/obo/GO_1905335, http://purl.obolibrary.org/obo/GO_0035973
http://purl.obolibrary.org/obo/GO_1905335, http://purl.obolibrary.org/obo/GO_0035973
http://purl.obolibrary.org/obo/GO_1905340, http://purl.obolibrary.org/obo/GO_0034501
http://purl.obolibrary.org/obo/GO_1905340, http://purl.obolibrary.org/obo/GO_0034501
http://purl.obolibrary.org/obo/GO_1905343, http://purl.obolibrary.org/obo/GO_0061774
http://purl.obolibrary.org/obo/GO_1905343, http://purl.obolibrary.org/obo/GO_0061774
http://purl.obolibrary.org/obo/GO_1905356, http://purl.obolibrary.org/obo/GO_0031120
http://purl.obolibrary.org/obo/GO_1905356, http://purl.obolibrary.org/obo/GO_0031120
http://purl.obolibrary.org/obo/GO_1905364, http://purl.obolibrary.org/obo/GO_0034058
http://purl.obolibrary.org/obo/GO_1905364, http://purl.obolibrary.org/obo/GO_0034058
http://purl.obolibrary.org/obo/GO_1905365, http://purl.obolibrary.org/obo/GO_0070676
http://purl.obolibrary.org/obo/GO_1905365, http://purl.obolibrary.org/obo/GO_0070676
http://purl.obolibrary.org/obo/GO_1905380, http://purl.obolibrary.org/obo/GO_0042795
http://purl.obolibrary.org/obo/GO_1905380, http://purl.obolibrary.org/obo/GO_0042795
http://purl.obolibrary.org/obo/GO_1905384, http://purl.obolibrary.org/obo/GO_1905383
http://purl.obolibrary.org/obo/GO_1905384, http://purl.obolibrary.org/obo/GO_1905383
http://purl.obolibrary.org/obo/GO_1905399, http://purl.obolibrary.org/obo/GO_1905398
http://purl.obolibrary.org/obo/GO_1905399, http://purl.obolibrary.org/obo/GO_1905398
http://purl.obolibrary.org/obo/GO_1905402, http://purl.obolibrary.org/obo/GO_1905397
http://purl.obolibrary.org/obo/GO_1905402, http://purl.obolibrary.org/obo/GO_1905397
http://purl.obolibrary.org/obo/GO_1905405, http://purl.obolibrary.org/obo/GO_0061780
http://purl.obolibrary.org/obo/GO_1905405, http://purl.obolibrary.org/obo/GO_0061780
http://purl.obolibrary.org/obo/GO_1905407, http://purl.obolibrary.org/obo/GO_0005308
http://purl.obolibrary.org/obo/GO_1905407, http://purl.obolibrary.org/obo/GO_0005308
http://purl.obolibrary.org/obo/GO_1905410, http://purl.obolibrary.org/obo/GO_0061781
http://purl.obolibrary.org/obo/GO_1905410, http://purl.obolibrary.org/obo/GO_0061781
http://purl.obolibrary.org/obo/GO_1905413, http://purl.obolibrary.org/obo/GO_1990504
http://purl.obolibrary.org/obo/GO_1905413, http://purl.obolibrary.org/obo/GO_1990504
http://purl.obolibrary.org/obo/GO_1905416, http://purl.obolibrary.org/obo/GO_0097723
http://purl.obolibrary.org/obo/GO_1905416, http://purl.obolibrary.org/obo/GO_0097723
http://purl.obolibrary.org/obo/GO_1905421, http://purl.obolibrary.org/obo/GO_1905392
http://purl.obolibrary.org/obo/GO_1905421, http://purl.obolibrary.org/obo/GO_1905392
http://purl.obolibrary.org/obo/GO_1905428, http://purl.obolibrary.org/obo/GO_1905393
http://purl.obolibrary.org/obo/GO_1905428, http://purl.obolibrary.org/obo/GO_1905393
http://purl.obolibrary.org/obo/GO_1905432, http://purl.obolibrary.org/obo/GO_0099082
http://purl.obolibrary.org/obo/GO_1905432, http://purl.obolibrary.org/obo/GO_0099082
http://purl.obolibrary.org/obo/GO_1905443, http://purl.obolibrary.org/obo/GO_0048268
http://purl.obolibrary.org/obo/GO_1905443, http://purl.obolibrary.org/obo/GO_0048268
http://purl.obolibrary.org/obo/GO_1905446, http://purl.obolibrary.org/obo/GO_0042775
http://purl.obolibrary.org/obo/GO_1905446, http://purl.obolibrary.org/obo/GO_0042775
http://purl.obolibrary.org/obo/GO_1905449, http://purl.obolibrary.org/obo/GO_0038096
http://purl.obolibrary.org/obo/GO_1905449, http://purl.obolibrary.org/obo/GO_0038096
http://purl.obolibrary.org/obo/GO_1905453, http://purl.obolibrary.org/obo/GO_0002318
http://purl.obolibrary.org/obo/GO_1905453, http://purl.obolibrary.org/obo/GO_0002318
http://purl.obolibrary.org/obo/GO_1905456, http://purl.obolibrary.org/obo/GO_0002320
http://purl.obolibrary.org/obo/GO_1905456, http://purl.obolibrary.org/obo/GO_0002320
http://purl.obolibrary.org/obo/GO_1905459, http://purl.obolibrary.org/obo/GO_1905288
http://purl.obolibrary.org/obo/GO_1905459, http://purl.obolibrary.org/obo/GO_1905288
http://purl.obolibrary.org/obo/GO_1905462, http://purl.obolibrary.org/obo/GO_0032508
http://purl.obolibrary.org/obo/GO_1905462, http://purl.obolibrary.org/obo/GO_0032508
http://purl.obolibrary.org/obo/GO_1905465, http://purl.obolibrary.org/obo/GO_0044806
http://purl.obolibrary.org/obo/GO_1905465, http://purl.obolibrary.org/obo/GO_0044806
http://purl.obolibrary.org/obo/GO_1905475, http://purl.obolibrary.org/obo/GO_0072657
http://purl.obolibrary.org/obo/GO_1905475, http://purl.obolibrary.org/obo/GO_0072657
http://purl.obolibrary.org/obo/GO_1905483, http://purl.obolibrary.org/obo/GO_0097475
http://purl.obolibrary.org/obo/GO_1905483, http://purl.obolibrary.org/obo/GO_0097475
http://purl.obolibrary.org/obo/GO_1905486, http://purl.obolibrary.org/obo/GO_0033564
http://purl.obolibrary.org/obo/GO_1905486, http://purl.obolibrary.org/obo/GO_0033564
http://purl.obolibrary.org/obo/GO_1905489, http://purl.obolibrary.org/obo/GO_0097374
http://purl.obolibrary.org/obo/GO_1905489, http://purl.obolibrary.org/obo/GO_0097374
http://purl.obolibrary.org/obo/GO_1905493, http://purl.obolibrary.org/obo/GO_0051880
http://purl.obolibrary.org/obo/GO_1905493, http://purl.obolibrary.org/obo/GO_0051880
http://purl.obolibrary.org/obo/GO_1905496, http://purl.obolibrary.org/obo/GO_0045142
http://purl.obolibrary.org/obo/GO_1905496, http://purl.obolibrary.org/obo/GO_0045142
http://purl.obolibrary.org/obo/GO_1905503, http://purl.obolibrary.org/obo/GO_0044458
http://purl.obolibrary.org/obo/GO_1905503, http://purl.obolibrary.org/obo/GO_0044458
http://purl.obolibrary.org/obo/GO_1905512, http://purl.obolibrary.org/obo/GO_1990926
http://purl.obolibrary.org/obo/GO_1905512, http://purl.obolibrary.org/obo/GO_1990926
http://purl.obolibrary.org/obo/GO_1905518, http://purl.obolibrary.org/obo/GO_1904071
http://purl.obolibrary.org/obo/GO_1905518, http://purl.obolibrary.org/obo/GO_1904071
http://purl.obolibrary.org/obo/GO_1905521, http://purl.obolibrary.org/obo/GO_1905517
http://purl.obolibrary.org/obo/GO_1905521, http://purl.obolibrary.org/obo/GO_1905517
http://purl.obolibrary.org/obo/GO_1905526, http://purl.obolibrary.org/obo/GO_0061795
http://purl.obolibrary.org/obo/GO_1905526, http://purl.obolibrary.org/obo/GO_0061795
http://purl.obolibrary.org/obo/GO_1905529, http://purl.obolibrary.org/obo/GO_0098721
http://purl.obolibrary.org/obo/GO_1905529, http://purl.obolibrary.org/obo/GO_0098721
http://purl.obolibrary.org/obo/GO_1905532, http://purl.obolibrary.org/obo/GO_1903801
http://purl.obolibrary.org/obo/GO_1905532, http://purl.obolibrary.org/obo/GO_1903801
http://purl.obolibrary.org/obo/GO_1905535, http://purl.obolibrary.org/obo/GO_0097010
http://purl.obolibrary.org/obo/GO_1905535, http://purl.obolibrary.org/obo/GO_0097010
http://purl.obolibrary.org/obo/GO_1905539, http://purl.obolibrary.org/obo/GO_0099527
http://purl.obolibrary.org/obo/GO_1905539, http://purl.obolibrary.org/obo/GO_0099527
http://purl.obolibrary.org/obo/GO_1905541, http://purl.obolibrary.org/obo/GO_0097638
http://purl.obolibrary.org/obo/GO_1905541, http://purl.obolibrary.org/obo/GO_0097638
http://purl.obolibrary.org/obo/GO_1905550, http://purl.obolibrary.org/obo/GO_0070972
http://purl.obolibrary.org/obo/GO_1905550, http://purl.obolibrary.org/obo/GO_0070972
http://purl.obolibrary.org/obo/GO_1905553, http://purl.obolibrary.org/obo/GO_0001569
http://purl.obolibrary.org/obo/GO_1905553, http://purl.obolibrary.org/obo/GO_0001569
http://purl.obolibrary.org/obo/GO_1905557, http://purl.obolibrary.org/obo/GO_0007077
http://purl.obolibrary.org/obo/GO_1905557, http://purl.obolibrary.org/obo/GO_0007077
http://purl.obolibrary.org/obo/GO_1905562, http://purl.obolibrary.org/obo/GO_0101023
http://purl.obolibrary.org/obo/GO_1905562, http://purl.obolibrary.org/obo/GO_0101023
http://purl.obolibrary.org/obo/GO_1905568, http://purl.obolibrary.org/obo/GO_0031169
http://purl.obolibrary.org/obo/GO_1905568, http://purl.obolibrary.org/obo/GO_0031169
http://purl.obolibrary.org/obo/GO_1905578, http://purl.obolibrary.org/obo/GO_0038129
http://purl.obolibrary.org/obo/GO_1905578, http://purl.obolibrary.org/obo/GO_0038129
http://purl.obolibrary.org/obo/GO_1905585, http://purl.obolibrary.org/obo/GO_1905584
http://purl.obolibrary.org/obo/GO_1905585, http://purl.obolibrary.org/obo/GO_1905584
http://purl.obolibrary.org/obo/GO_1905591, http://purl.obolibrary.org/obo/GO_0101027
http://purl.obolibrary.org/obo/GO_1905591, http://purl.obolibrary.org/obo/GO_0101027
http://purl.obolibrary.org/obo/GO_1905595, http://purl.obolibrary.org/obo/GO_0050750
http://purl.obolibrary.org/obo/GO_1905595, http://purl.obolibrary.org/obo/GO_0050750
http://purl.obolibrary.org/obo/GO_1905600, http://purl.obolibrary.org/obo/GO_0090118
http://purl.obolibrary.org/obo/GO_1905600, http://purl.obolibrary.org/obo/GO_0090118
http://purl.obolibrary.org/obo/GO_1905606, http://purl.obolibrary.org/obo/GO_0099054
http://purl.obolibrary.org/obo/GO_1905606, http://purl.obolibrary.org/obo/GO_0099054
http://purl.obolibrary.org/obo/GO_1905610, http://purl.obolibrary.org/obo/GO_0098808
http://purl.obolibrary.org/obo/GO_1905610, http://purl.obolibrary.org/obo/GO_0098808
http://purl.obolibrary.org/obo/GO_1905613, http://purl.obolibrary.org/obo/GO_0080186
http://purl.obolibrary.org/obo/GO_1905613, http://purl.obolibrary.org/obo/GO_0080186
http://purl.obolibrary.org/obo/GO_1905619, http://purl.obolibrary.org/obo/GO_0046920
http://purl.obolibrary.org/obo/GO_1905619, http://purl.obolibrary.org/obo/GO_0046920
http://purl.obolibrary.org/obo/GO_1905624, http://purl.obolibrary.org/obo/GO_1905544
http://purl.obolibrary.org/obo/GO_1905624, http://purl.obolibrary.org/obo/GO_1905544
http://purl.obolibrary.org/obo/GO_1905627, http://purl.obolibrary.org/obo/GO_0042427
http://purl.obolibrary.org/obo/GO_1905627, http://purl.obolibrary.org/obo/GO_0042427
http://purl.obolibrary.org/obo/GO_1905634, http://purl.obolibrary.org/obo/GO_0071168
http://purl.obolibrary.org/obo/GO_1905634, http://purl.obolibrary.org/obo/GO_0071168
http://purl.obolibrary.org/obo/GO_1905637, http://purl.obolibrary.org/obo/GO_0000958
http://purl.obolibrary.org/obo/GO_1905637, http://purl.obolibrary.org/obo/GO_0000958
http://purl.obolibrary.org/obo/GO_1905644, http://purl.obolibrary.org/obo/GO_1905635
http://purl.obolibrary.org/obo/GO_1905644, http://purl.obolibrary.org/obo/GO_1905635
http://purl.obolibrary.org/obo/GO_1905648, http://purl.obolibrary.org/obo/GO_0031215
http://purl.obolibrary.org/obo/GO_1905648, http://purl.obolibrary.org/obo/GO_0031215
http://purl.obolibrary.org/obo/GO_1905651, http://purl.obolibrary.org/obo/GO_0048844
http://purl.obolibrary.org/obo/GO_1905651, http://purl.obolibrary.org/obo/GO_0048844
http://purl.obolibrary.org/obo/GO_1905654, http://purl.obolibrary.org/obo/GO_0014824
http://purl.obolibrary.org/obo/GO_1905654, http://purl.obolibrary.org/obo/GO_0014824
http://purl.obolibrary.org/obo/GO_1905661, http://purl.obolibrary.org/obo/GO_0003721
http://purl.obolibrary.org/obo/GO_1905661, http://purl.obolibrary.org/obo/GO_0003721
http://purl.obolibrary.org/obo/GO_1905664, http://purl.obolibrary.org/obo/GO_0098703
http://purl.obolibrary.org/obo/GO_1905664, http://purl.obolibrary.org/obo/GO_0098703
http://purl.obolibrary.org/obo/GO_1905666, http://purl.obolibrary.org/obo/GO_0036010
http://purl.obolibrary.org/obo/GO_1905666, http://purl.obolibrary.org/obo/GO_0036010
http://purl.obolibrary.org/obo/GO_1905671, http://purl.obolibrary.org/obo/GO_0007040
http://purl.obolibrary.org/obo/GO_1905671, http://purl.obolibrary.org/obo/GO_0007040
http://purl.obolibrary.org/obo/GO_1905674, http://purl.obolibrary.org/obo/GO_0090716
http://purl.obolibrary.org/obo/GO_1905674, http://purl.obolibrary.org/obo/GO_0090716
http://purl.obolibrary.org/obo/GO_1905677, http://purl.obolibrary.org/obo/GO_0090718
http://purl.obolibrary.org/obo/GO_1905677, http://purl.obolibrary.org/obo/GO_0090718
http://purl.obolibrary.org/obo/GO_1905680, http://purl.obolibrary.org/obo/GO_0090714
http://purl.obolibrary.org/obo/GO_1905680, http://purl.obolibrary.org/obo/GO_0090714
http://purl.obolibrary.org/obo/GO_1905684, http://purl.obolibrary.org/obo/GO_0001778
http://purl.obolibrary.org/obo/GO_1905684, http://purl.obolibrary.org/obo/GO_0001778
http://purl.obolibrary.org/obo/GO_1905687, http://purl.obolibrary.org/obo/GO_0004143
http://purl.obolibrary.org/obo/GO_1905687, http://purl.obolibrary.org/obo/GO_0004143
http://purl.obolibrary.org/obo/GO_1905693, http://purl.obolibrary.org/obo/GO_0006654
http://purl.obolibrary.org/obo/GO_1905693, http://purl.obolibrary.org/obo/GO_0006654
http://purl.obolibrary.org/obo/GO_1905699, http://purl.obolibrary.org/obo/GO_1990961
http://purl.obolibrary.org/obo/GO_1905699, http://purl.obolibrary.org/obo/GO_1990961
http://purl.obolibrary.org/obo/GO_1905702, http://purl.obolibrary.org/obo/GO_1904862
http://purl.obolibrary.org/obo/GO_1905702, http://purl.obolibrary.org/obo/GO_1904862
http://purl.obolibrary.org/obo/GO_1905706, http://purl.obolibrary.org/obo/GO_0042776
http://purl.obolibrary.org/obo/GO_1905706, http://purl.obolibrary.org/obo/GO_0042776
http://purl.obolibrary.org/obo/GO_1905708, http://purl.obolibrary.org/obo/GO_0000753
http://purl.obolibrary.org/obo/GO_1905708, http://purl.obolibrary.org/obo/GO_0000753
http://purl.obolibrary.org/obo/GO_1905715, http://purl.obolibrary.org/obo/GO_0070268
http://purl.obolibrary.org/obo/GO_1905715, http://purl.obolibrary.org/obo/GO_0070268
http://purl.obolibrary.org/obo/GO_1905722, http://purl.obolibrary.org/obo/GO_0019342
http://purl.obolibrary.org/obo/GO_1905722, http://purl.obolibrary.org/obo/GO_0019342
http://purl.obolibrary.org/obo/GO_1905735, http://purl.obolibrary.org/obo/GO_1904271
http://purl.obolibrary.org/obo/GO_1905735, http://purl.obolibrary.org/obo/GO_1904271
http://purl.obolibrary.org/obo/GO_1905744, http://purl.obolibrary.org/obo/GO_0045292
http://purl.obolibrary.org/obo/GO_1905744, http://purl.obolibrary.org/obo/GO_0045292
http://purl.obolibrary.org/obo/GO_1905749, http://purl.obolibrary.org/obo/GO_0099638
http://purl.obolibrary.org/obo/GO_1905749, http://purl.obolibrary.org/obo/GO_0099638
http://purl.obolibrary.org/obo/GO_1905756, http://purl.obolibrary.org/obo/GO_0031671
http://purl.obolibrary.org/obo/GO_1905756, http://purl.obolibrary.org/obo/GO_0031671
http://purl.obolibrary.org/obo/GO_1905764, http://purl.obolibrary.org/obo/GO_0031848
http://purl.obolibrary.org/obo/GO_1905764, http://purl.obolibrary.org/obo/GO_0031848
http://purl.obolibrary.org/obo/GO_1905767, http://purl.obolibrary.org/obo/GO_0003691
http://purl.obolibrary.org/obo/GO_1905767, http://purl.obolibrary.org/obo/GO_0003691
http://purl.obolibrary.org/obo/GO_1905770, http://purl.obolibrary.org/obo/GO_0048333
http://purl.obolibrary.org/obo/GO_1905770, http://purl.obolibrary.org/obo/GO_0048333
http://purl.obolibrary.org/obo/GO_1905774, http://purl.obolibrary.org/obo/GO_0003678
http://purl.obolibrary.org/obo/GO_1905774, http://purl.obolibrary.org/obo/GO_0003678
http://purl.obolibrary.org/obo/GO_1905777, http://purl.obolibrary.org/obo/GO_0004527
http://purl.obolibrary.org/obo/GO_1905777, http://purl.obolibrary.org/obo/GO_0004527
http://purl.obolibrary.org/obo/GO_1905780, http://purl.obolibrary.org/obo/GO_0070782
http://purl.obolibrary.org/obo/GO_1905780, http://purl.obolibrary.org/obo/GO_0070782
http://purl.obolibrary.org/obo/GO_1905784, http://purl.obolibrary.org/obo/GO_0031145
http://purl.obolibrary.org/obo/GO_1905784, http://purl.obolibrary.org/obo/GO_0031145
http://purl.obolibrary.org/obo/GO_1905787, http://purl.obolibrary.org/obo/GO_0050976
http://purl.obolibrary.org/obo/GO_1905787, http://purl.obolibrary.org/obo/GO_0050976
http://purl.obolibrary.org/obo/GO_1905790, http://purl.obolibrary.org/obo/GO_0007638
http://purl.obolibrary.org/obo/GO_1905790, http://purl.obolibrary.org/obo/GO_0007638
http://purl.obolibrary.org/obo/GO_1905796, http://purl.obolibrary.org/obo/GO_0035720
http://purl.obolibrary.org/obo/GO_1905796, http://purl.obolibrary.org/obo/GO_0035720
http://purl.obolibrary.org/obo/GO_1905799, http://purl.obolibrary.org/obo/GO_0035721
http://purl.obolibrary.org/obo/GO_1905799, http://purl.obolibrary.org/obo/GO_0035721
http://purl.obolibrary.org/obo/GO_1905802, http://purl.obolibrary.org/obo/GO_0071287
http://purl.obolibrary.org/obo/GO_1905802, http://purl.obolibrary.org/obo/GO_0071287
http://purl.obolibrary.org/obo/GO_1905806, http://purl.obolibrary.org/obo/GO_0098883
http://purl.obolibrary.org/obo/GO_1905806, http://purl.obolibrary.org/obo/GO_0098883
http://purl.obolibrary.org/obo/GO_1905810, http://purl.obolibrary.org/obo/GO_1905805
http://purl.obolibrary.org/obo/GO_1905810, http://purl.obolibrary.org/obo/GO_1905805
http://purl.obolibrary.org/obo/GO_1905812, http://purl.obolibrary.org/obo/GO_0008045
http://purl.obolibrary.org/obo/GO_1905812, http://purl.obolibrary.org/obo/GO_0008045
http://purl.obolibrary.org/obo/GO_1905815, http://purl.obolibrary.org/obo/GO_0033563
http://purl.obolibrary.org/obo/GO_1905815, http://purl.obolibrary.org/obo/GO_0033563
http://purl.obolibrary.org/obo/GO_1905818, http://purl.obolibrary.org/obo/GO_0051304
http://purl.obolibrary.org/obo/GO_1905818, http://purl.obolibrary.org/obo/GO_0051304
http://purl.obolibrary.org/obo/GO_1905822, http://purl.obolibrary.org/obo/GO_1990891
http://purl.obolibrary.org/obo/GO_1905822, http://purl.obolibrary.org/obo/GO_1990891
http://purl.obolibrary.org/obo/GO_1905825, http://purl.obolibrary.org/obo/GO_0016259
http://purl.obolibrary.org/obo/GO_1905825, http://purl.obolibrary.org/obo/GO_0016259
http://purl.obolibrary.org/obo/GO_1905828, http://purl.obolibrary.org/obo/GO_1905344
http://purl.obolibrary.org/obo/GO_1905828, http://purl.obolibrary.org/obo/GO_1905344
http://purl.obolibrary.org/obo/GO_1905838, http://purl.obolibrary.org/obo/GO_0061820
http://purl.obolibrary.org/obo/GO_1905838, http://purl.obolibrary.org/obo/GO_0061820
http://purl.obolibrary.org/obo/GO_1905843, http://purl.obolibrary.org/obo/GO_0071480
http://purl.obolibrary.org/obo/GO_1905843, http://purl.obolibrary.org/obo/GO_0071480
http://purl.obolibrary.org/obo/GO_1905846, http://purl.obolibrary.org/obo/GO_1905842
http://purl.obolibrary.org/obo/GO_1905846, http://purl.obolibrary.org/obo/GO_1905842
http://purl.obolibrary.org/obo/GO_1905853, http://purl.obolibrary.org/obo/GO_1904399
http://purl.obolibrary.org/obo/GO_1905853, http://purl.obolibrary.org/obo/GO_1904399
http://purl.obolibrary.org/obo/GO_1905858, http://purl.obolibrary.org/obo/GO_0043395
http://purl.obolibrary.org/obo/GO_1905858, http://purl.obolibrary.org/obo/GO_0043395
http://purl.obolibrary.org/obo/GO_1905864, http://purl.obolibrary.org/obo/GO_1904745
http://purl.obolibrary.org/obo/GO_1905864, http://purl.obolibrary.org/obo/GO_1904745
http://purl.obolibrary.org/obo/GO_1905868, http://purl.obolibrary.org/obo/GO_0070935
http://purl.obolibrary.org/obo/GO_1905868, http://purl.obolibrary.org/obo/GO_0070935
http://purl.obolibrary.org/obo/GO_1905871, http://purl.obolibrary.org/obo/GO_1902463
http://purl.obolibrary.org/obo/GO_1905871, http://purl.obolibrary.org/obo/GO_1902463
http://purl.obolibrary.org/obo/GO_1905874, http://purl.obolibrary.org/obo/GO_0097106
http://purl.obolibrary.org/obo/GO_1905874, http://purl.obolibrary.org/obo/GO_0097106
http://purl.obolibrary.org/obo/GO_1905879, http://purl.obolibrary.org/obo/GO_0048477
http://purl.obolibrary.org/obo/GO_1905879, http://purl.obolibrary.org/obo/GO_0048477
http://purl.obolibrary.org/obo/GO_1905883, http://purl.obolibrary.org/obo/GO_0034197
http://purl.obolibrary.org/obo/GO_1905883, http://purl.obolibrary.org/obo/GO_0034197
http://purl.obolibrary.org/obo/GO_1905890, http://purl.obolibrary.org/obo/GO_0090731
http://purl.obolibrary.org/obo/GO_1905890, http://purl.obolibrary.org/obo/GO_0090731
http://purl.obolibrary.org/obo/GO_1905897, http://purl.obolibrary.org/obo/GO_0034976
http://purl.obolibrary.org/obo/GO_1905897, http://purl.obolibrary.org/obo/GO_0034976
http://purl.obolibrary.org/obo/GO_1905899, http://purl.obolibrary.org/obo/GO_0048745
http://purl.obolibrary.org/obo/GO_1905899, http://purl.obolibrary.org/obo/GO_0048745
http://purl.obolibrary.org/obo/GO_1905902, http://purl.obolibrary.org/obo/GO_0001707
http://purl.obolibrary.org/obo/GO_1905902, http://purl.obolibrary.org/obo/GO_0001707
http://purl.obolibrary.org/obo/GO_1905906, http://purl.obolibrary.org/obo/GO_1990000
http://purl.obolibrary.org/obo/GO_1905906, http://purl.obolibrary.org/obo/GO_1990000
http://purl.obolibrary.org/obo/GO_1905909, http://purl.obolibrary.org/obo/GO_0043053
http://purl.obolibrary.org/obo/GO_1905909, http://purl.obolibrary.org/obo/GO_0043053
http://purl.obolibrary.org/obo/GO_1905912, http://purl.obolibrary.org/obo/GO_1990034
http://purl.obolibrary.org/obo/GO_1905912, http://purl.obolibrary.org/obo/GO_1990034
http://purl.obolibrary.org/obo/GO_1905915, http://purl.obolibrary.org/obo/GO_0090679
http://purl.obolibrary.org/obo/GO_1905915, http://purl.obolibrary.org/obo/GO_0090679
http://purl.obolibrary.org/obo/GO_1905918, http://purl.obolibrary.org/obo/GO_0008410
http://purl.obolibrary.org/obo/GO_1905918, http://purl.obolibrary.org/obo/GO_0008410
http://purl.obolibrary.org/obo/GO_1905921, http://purl.obolibrary.org/obo/GO_0008292
http://purl.obolibrary.org/obo/GO_1905921, http://purl.obolibrary.org/obo/GO_0008292
http://purl.obolibrary.org/obo/GO_1905930, http://purl.obolibrary.org/obo/GO_1905420
http://purl.obolibrary.org/obo/GO_1905930, http://purl.obolibrary.org/obo/GO_1905420
http://purl.obolibrary.org/obo/GO_1905933, http://purl.obolibrary.org/obo/GO_0001709
http://purl.obolibrary.org/obo/GO_1905933, http://purl.obolibrary.org/obo/GO_0001709
http://purl.obolibrary.org/obo/GO_1905936, http://purl.obolibrary.org/obo/GO_0036093
http://purl.obolibrary.org/obo/GO_1905936, http://purl.obolibrary.org/obo/GO_0036093
http://purl.obolibrary.org/obo/GO_1905939, http://purl.obolibrary.org/obo/GO_0008406
http://purl.obolibrary.org/obo/GO_1905939, http://purl.obolibrary.org/obo/GO_0008406
http://purl.obolibrary.org/obo/GO_1905942, http://purl.obolibrary.org/obo/GO_0048689
http://purl.obolibrary.org/obo/GO_1905942, http://purl.obolibrary.org/obo/GO_0048689
http://purl.obolibrary.org/obo/GO_1905945, http://purl.obolibrary.org/obo/GO_0051592
http://purl.obolibrary.org/obo/GO_1905945, http://purl.obolibrary.org/obo/GO_0051592
http://purl.obolibrary.org/obo/GO_1905952, http://purl.obolibrary.org/obo/GO_0010876
http://purl.obolibrary.org/obo/GO_1905952, http://purl.obolibrary.org/obo/GO_0010876
http://purl.obolibrary.org/obo/GO_1905957, http://purl.obolibrary.org/obo/GO_0097306
http://purl.obolibrary.org/obo/GO_1905957, http://purl.obolibrary.org/obo/GO_0097306
http://purl.obolibrary.org/obo/GO_1990497, http://purl.obolibrary.org/obo/GO_0002181
http://purl.obolibrary.org/obo/GO_1990580, http://purl.obolibrary.org/obo/GO_0002184
http://purl.obolibrary.org/obo/GO_1990580, http://purl.obolibrary.org/obo/GO_0002184
http://purl.obolibrary.org/obo/GO_1990611, http://purl.obolibrary.org/obo/GO_0002183
http://purl.obolibrary.org/obo/GO_1990895, http://purl.obolibrary.org/obo/GO_1990896
http://purl.obolibrary.org/obo/GO_1990895, http://purl.obolibrary.org/obo/GO_1990896
http://purl.obolibrary.org/obo/GO_1990969, http://purl.obolibrary.org/obo/GO_0001070
http://purl.obolibrary.org/obo/GO_1990969, http://purl.obolibrary.org/obo/GO_0001070
http://purl.obolibrary.org/obo/GO_2000001, http://purl.obolibrary.org/obo/GO_0000077
http://purl.obolibrary.org/obo/GO_2000001, http://purl.obolibrary.org/obo/GO_0000077
http://purl.obolibrary.org/obo/GO_2000004, http://purl.obolibrary.org/obo/GO_0072284
http://purl.obolibrary.org/obo/GO_2000004, http://purl.obolibrary.org/obo/GO_0072284
http://purl.obolibrary.org/obo/GO_2000006, http://purl.obolibrary.org/obo/GO_0072278
http://purl.obolibrary.org/obo/GO_2000006, http://purl.obolibrary.org/obo/GO_0072278
http://purl.obolibrary.org/obo/GO_2000008, http://purl.obolibrary.org/obo/GO_0034394
http://purl.obolibrary.org/obo/GO_2000008, http://purl.obolibrary.org/obo/GO_0034394
http://purl.obolibrary.org/obo/GO_2000011, http://purl.obolibrary.org/obo/GO_0009955
http://purl.obolibrary.org/obo/GO_2000011, http://purl.obolibrary.org/obo/GO_0009955
http://purl.obolibrary.org/obo/GO_2000012, http://purl.obolibrary.org/obo/GO_0009926
http://purl.obolibrary.org/obo/GO_2000012, http://purl.obolibrary.org/obo/GO_0009926
http://purl.obolibrary.org/obo/GO_2000013, http://purl.obolibrary.org/obo/GO_0042450
http://purl.obolibrary.org/obo/GO_2000013, http://purl.obolibrary.org/obo/GO_0042450
http://purl.obolibrary.org/obo/GO_2000014, http://purl.obolibrary.org/obo/GO_0009960
http://purl.obolibrary.org/obo/GO_2000014, http://purl.obolibrary.org/obo/GO_0009960
http://purl.obolibrary.org/obo/GO_2000015, http://purl.obolibrary.org/obo/GO_0048263
http://purl.obolibrary.org/obo/GO_2000015, http://purl.obolibrary.org/obo/GO_0048263
http://purl.obolibrary.org/obo/GO_2000018, http://purl.obolibrary.org/obo/GO_0008584
http://purl.obolibrary.org/obo/GO_2000018, http://purl.obolibrary.org/obo/GO_0008584
http://purl.obolibrary.org/obo/GO_2000022, http://purl.obolibrary.org/obo/GO_0009867
http://purl.obolibrary.org/obo/GO_2000022, http://purl.obolibrary.org/obo/GO_0009867
http://purl.obolibrary.org/obo/GO_2000023, http://purl.obolibrary.org/obo/GO_0048527
http://purl.obolibrary.org/obo/GO_2000023, http://purl.obolibrary.org/obo/GO_0048527
http://purl.obolibrary.org/obo/GO_2000024, http://purl.obolibrary.org/obo/GO_0048366
http://purl.obolibrary.org/obo/GO_2000024, http://purl.obolibrary.org/obo/GO_0048366
http://purl.obolibrary.org/obo/GO_2000025, http://purl.obolibrary.org/obo/GO_0010338
http://purl.obolibrary.org/obo/GO_2000025, http://purl.obolibrary.org/obo/GO_0010338
http://purl.obolibrary.org/obo/GO_2000026, http://purl.obolibrary.org/obo/GO_0007275
http://purl.obolibrary.org/obo/GO_2000026, http://purl.obolibrary.org/obo/GO_0007275
http://purl.obolibrary.org/obo/GO_2000027, http://purl.obolibrary.org/obo/GO_0009887
http://purl.obolibrary.org/obo/GO_2000027, http://purl.obolibrary.org/obo/GO_0009887
http://purl.obolibrary.org/obo/GO_2000028, http://purl.obolibrary.org/obo/GO_0048573
http://purl.obolibrary.org/obo/GO_2000028, http://purl.obolibrary.org/obo/GO_0048573
http://purl.obolibrary.org/obo/GO_2000029, http://purl.obolibrary.org/obo/GO_0010023
http://purl.obolibrary.org/obo/GO_2000029, http://purl.obolibrary.org/obo/GO_0010023
http://purl.obolibrary.org/obo/GO_2000030, http://purl.obolibrary.org/obo/GO_0009639
http://purl.obolibrary.org/obo/GO_2000030, http://purl.obolibrary.org/obo/GO_0009639
http://purl.obolibrary.org/obo/GO_2000031, http://purl.obolibrary.org/obo/GO_0009863
http://purl.obolibrary.org/obo/GO_2000031, http://purl.obolibrary.org/obo/GO_0009863
http://purl.obolibrary.org/obo/GO_2000032, http://purl.obolibrary.org/obo/GO_0010223
http://purl.obolibrary.org/obo/GO_2000032, http://purl.obolibrary.org/obo/GO_0010223
http://purl.obolibrary.org/obo/GO_2000033, http://purl.obolibrary.org/obo/GO_0010162
http://purl.obolibrary.org/obo/GO_2000033, http://purl.obolibrary.org/obo/GO_0010162
http://purl.obolibrary.org/obo/GO_2000034, http://purl.obolibrary.org/obo/GO_0010431
http://purl.obolibrary.org/obo/GO_2000034, http://purl.obolibrary.org/obo/GO_0010431
http://purl.obolibrary.org/obo/GO_2000035, http://purl.obolibrary.org/obo/GO_0017145
http://purl.obolibrary.org/obo/GO_2000035, http://purl.obolibrary.org/obo/GO_0017145
http://purl.obolibrary.org/obo/GO_2000036, http://purl.obolibrary.org/obo/GO_0019827
http://purl.obolibrary.org/obo/GO_2000036, http://purl.obolibrary.org/obo/GO_0019827
http://purl.obolibrary.org/obo/GO_2000037, http://purl.obolibrary.org/obo/GO_0010375
http://purl.obolibrary.org/obo/GO_2000037, http://purl.obolibrary.org/obo/GO_0010375
http://purl.obolibrary.org/obo/GO_2000038, http://purl.obolibrary.org/obo/GO_0010374
http://purl.obolibrary.org/obo/GO_2000038, http://purl.obolibrary.org/obo/GO_0010374
http://purl.obolibrary.org/obo/GO_2000039, http://purl.obolibrary.org/obo/GO_0010090
http://purl.obolibrary.org/obo/GO_2000039, http://purl.obolibrary.org/obo/GO_0010090
http://purl.obolibrary.org/obo/GO_2000040, http://purl.obolibrary.org/obo/GO_0003402
http://purl.obolibrary.org/obo/GO_2000040, http://purl.obolibrary.org/obo/GO_0003402
http://purl.obolibrary.org/obo/GO_2000043, http://purl.obolibrary.org/obo/GO_0060912
http://purl.obolibrary.org/obo/GO_2000043, http://purl.obolibrary.org/obo/GO_0060912
http://purl.obolibrary.org/obo/GO_2000045, http://purl.obolibrary.org/obo/GO_0000082
http://purl.obolibrary.org/obo/GO_2000045, http://purl.obolibrary.org/obo/GO_0000082
http://purl.obolibrary.org/obo/GO_2000047, http://purl.obolibrary.org/obo/GO_0044331
http://purl.obolibrary.org/obo/GO_2000047, http://purl.obolibrary.org/obo/GO_0044331
http://purl.obolibrary.org/obo/GO_2000050, http://purl.obolibrary.org/obo/GO_0035567
http://purl.obolibrary.org/obo/GO_2000050, http://purl.obolibrary.org/obo/GO_0035567
http://purl.obolibrary.org/obo/GO_2000058, http://purl.obolibrary.org/obo/GO_0006511
http://purl.obolibrary.org/obo/GO_2000058, http://purl.obolibrary.org/obo/GO_0006511
http://purl.obolibrary.org/obo/GO_2000061, http://purl.obolibrary.org/obo/GO_0072193
http://purl.obolibrary.org/obo/GO_2000061, http://purl.obolibrary.org/obo/GO_0072193
http://purl.obolibrary.org/obo/GO_2000064, http://purl.obolibrary.org/obo/GO_0034651
http://purl.obolibrary.org/obo/GO_2000064, http://purl.obolibrary.org/obo/GO_0034651
http://purl.obolibrary.org/obo/GO_2000067, http://purl.obolibrary.org/obo/GO_0010015
http://purl.obolibrary.org/obo/GO_2000067, http://purl.obolibrary.org/obo/GO_0010015
http://purl.obolibrary.org/obo/GO_2000068, http://purl.obolibrary.org/obo/GO_0002213
http://purl.obolibrary.org/obo/GO_2000068, http://purl.obolibrary.org/obo/GO_0002213
http://purl.obolibrary.org/obo/GO_2000069, http://purl.obolibrary.org/obo/GO_0048528
http://purl.obolibrary.org/obo/GO_2000069, http://purl.obolibrary.org/obo/GO_0048528
http://purl.obolibrary.org/obo/GO_2000070, http://purl.obolibrary.org/obo/GO_0009414
http://purl.obolibrary.org/obo/GO_2000070, http://purl.obolibrary.org/obo/GO_0009414
http://purl.obolibrary.org/obo/GO_2000071, http://purl.obolibrary.org/obo/GO_0052542
http://purl.obolibrary.org/obo/GO_2000071, http://purl.obolibrary.org/obo/GO_0052542
http://purl.obolibrary.org/obo/GO_2000073, http://purl.obolibrary.org/obo/GO_0007105
http://purl.obolibrary.org/obo/GO_2000073, http://purl.obolibrary.org/obo/GO_0007105
http://purl.obolibrary.org/obo/GO_2000074, http://purl.obolibrary.org/obo/GO_0003323
http://purl.obolibrary.org/obo/GO_2000074, http://purl.obolibrary.org/obo/GO_0003323
http://purl.obolibrary.org/obo/GO_2000082, http://purl.obolibrary.org/obo/GO_0019853
http://purl.obolibrary.org/obo/GO_2000082, http://purl.obolibrary.org/obo/GO_0019853
http://purl.obolibrary.org/obo/GO_2000084, http://purl.obolibrary.org/obo/GO_0061261
http://purl.obolibrary.org/obo/GO_2000084, http://purl.obolibrary.org/obo/GO_0061261
http://purl.obolibrary.org/obo/GO_2000087, http://purl.obolibrary.org/obo/GO_0061224
http://purl.obolibrary.org/obo/GO_2000087, http://purl.obolibrary.org/obo/GO_0061224
http://purl.obolibrary.org/obo/GO_2000090, http://purl.obolibrary.org/obo/GO_0061269
http://purl.obolibrary.org/obo/GO_2000090, http://purl.obolibrary.org/obo/GO_0061269
http://purl.obolibrary.org/obo/GO_2000093, http://purl.obolibrary.org/obo/GO_0061265
http://purl.obolibrary.org/obo/GO_2000093, http://purl.obolibrary.org/obo/GO_0061265
http://purl.obolibrary.org/obo/GO_2000095, http://purl.obolibrary.org/obo/GO_0060071
http://purl.obolibrary.org/obo/GO_2000095, http://purl.obolibrary.org/obo/GO_0060071
http://purl.obolibrary.org/obo/GO_2000097, http://purl.obolibrary.org/obo/GO_0061302
http://purl.obolibrary.org/obo/GO_2000097, http://purl.obolibrary.org/obo/GO_0061302
http://purl.obolibrary.org/obo/GO_2000099, http://purl.obolibrary.org/obo/GO_0061245
http://purl.obolibrary.org/obo/GO_2000099, http://purl.obolibrary.org/obo/GO_0061245
http://purl.obolibrary.org/obo/GO_2000100, http://purl.obolibrary.org/obo/GO_0061246
http://purl.obolibrary.org/obo/GO_2000100, http://purl.obolibrary.org/obo/GO_0061246
http://purl.obolibrary.org/obo/GO_2000101, http://purl.obolibrary.org/obo/GO_0002174
http://purl.obolibrary.org/obo/GO_2000101, http://purl.obolibrary.org/obo/GO_0002174
http://purl.obolibrary.org/obo/GO_2000106, http://purl.obolibrary.org/obo/GO_0071887
http://purl.obolibrary.org/obo/GO_2000106, http://purl.obolibrary.org/obo/GO_0071887
http://purl.obolibrary.org/obo/GO_2000109, http://purl.obolibrary.org/obo/GO_0071888
http://purl.obolibrary.org/obo/GO_2000109, http://purl.obolibrary.org/obo/GO_0071888
http://purl.obolibrary.org/obo/GO_2000114, http://purl.obolibrary.org/obo/GO_0030010
http://purl.obolibrary.org/obo/GO_2000114, http://purl.obolibrary.org/obo/GO_0030010
http://purl.obolibrary.org/obo/GO_2000115, http://purl.obolibrary.org/obo/GO_0061305
http://purl.obolibrary.org/obo/GO_2000115, http://purl.obolibrary.org/obo/GO_0061305
http://purl.obolibrary.org/obo/GO_2000116, http://purl.obolibrary.org/obo/GO_0004197
http://purl.obolibrary.org/obo/GO_2000116, http://purl.obolibrary.org/obo/GO_0004197
http://purl.obolibrary.org/obo/GO_2000118, http://purl.obolibrary.org/obo/GO_0044341
http://purl.obolibrary.org/obo/GO_2000118, http://purl.obolibrary.org/obo/GO_0044341
http://purl.obolibrary.org/obo/GO_2000121, http://purl.obolibrary.org/obo/GO_0019430
http://purl.obolibrary.org/obo/GO_2000121, http://purl.obolibrary.org/obo/GO_0019430
http://purl.obolibrary.org/obo/GO_2000124, http://purl.obolibrary.org/obo/GO_0071926
http://purl.obolibrary.org/obo/GO_2000124, http://purl.obolibrary.org/obo/GO_0071926
http://purl.obolibrary.org/obo/GO_2000125, http://purl.obolibrary.org/obo/GO_0007211
http://purl.obolibrary.org/obo/GO_2000125, http://purl.obolibrary.org/obo/GO_0007211
http://purl.obolibrary.org/obo/GO_2000128, http://purl.obolibrary.org/obo/GO_0071927
http://purl.obolibrary.org/obo/GO_2000128, http://purl.obolibrary.org/obo/GO_0071927
http://purl.obolibrary.org/obo/GO_2000131, http://purl.obolibrary.org/obo/GO_0071928
http://purl.obolibrary.org/obo/GO_2000131, http://purl.obolibrary.org/obo/GO_0071928
http://purl.obolibrary.org/obo/GO_2000136, http://purl.obolibrary.org/obo/GO_0061323
http://purl.obolibrary.org/obo/GO_2000136, http://purl.obolibrary.org/obo/GO_0061323
http://purl.obolibrary.org/obo/GO_2000139, http://purl.obolibrary.org/obo/GO_0071935
http://purl.obolibrary.org/obo/GO_2000139, http://purl.obolibrary.org/obo/GO_0071935
http://purl.obolibrary.org/obo/GO_2000142, http://purl.obolibrary.org/obo/GO_0006352
http://purl.obolibrary.org/obo/GO_2000142, http://purl.obolibrary.org/obo/GO_0006352
http://purl.obolibrary.org/obo/GO_2000145, http://purl.obolibrary.org/obo/GO_0048870
http://purl.obolibrary.org/obo/GO_2000145, http://purl.obolibrary.org/obo/GO_0048870
http://purl.obolibrary.org/obo/GO_2000152, http://purl.obolibrary.org/obo/GO_0004843
http://purl.obolibrary.org/obo/GO_2000152, http://purl.obolibrary.org/obo/GO_0004843
http://purl.obolibrary.org/obo/GO_2000156, http://purl.obolibrary.org/obo/GO_0006890
http://purl.obolibrary.org/obo/GO_2000156, http://purl.obolibrary.org/obo/GO_0006890
http://purl.obolibrary.org/obo/GO_2000159, http://purl.obolibrary.org/obo/GO_0061346
http://purl.obolibrary.org/obo/GO_2000159, http://purl.obolibrary.org/obo/GO_0061346
http://purl.obolibrary.org/obo/GO_2000167, http://purl.obolibrary.org/obo/GO_0090179
http://purl.obolibrary.org/obo/GO_2000167, http://purl.obolibrary.org/obo/GO_0090179
http://purl.obolibrary.org/obo/GO_2000169, http://purl.obolibrary.org/obo/GO_0018119
http://purl.obolibrary.org/obo/GO_2000169, http://purl.obolibrary.org/obo/GO_0018119
http://purl.obolibrary.org/obo/GO_2000172, http://purl.obolibrary.org/obo/GO_0048755
http://purl.obolibrary.org/obo/GO_2000172, http://purl.obolibrary.org/obo/GO_0048755
http://purl.obolibrary.org/obo/GO_2000174, http://purl.obolibrary.org/obo/GO_0002572
http://purl.obolibrary.org/obo/GO_2000174, http://purl.obolibrary.org/obo/GO_0002572
http://purl.obolibrary.org/obo/GO_2000177, http://purl.obolibrary.org/obo/GO_0061351
http://purl.obolibrary.org/obo/GO_2000177, http://purl.obolibrary.org/obo/GO_0061351
http://purl.obolibrary.org/obo/GO_2000182, http://purl.obolibrary.org/obo/GO_0006701
http://purl.obolibrary.org/obo/GO_2000182, http://purl.obolibrary.org/obo/GO_0006701
http://purl.obolibrary.org/obo/GO_2000185, http://purl.obolibrary.org/obo/GO_0035435
http://purl.obolibrary.org/obo/GO_2000185, http://purl.obolibrary.org/obo/GO_0035435
http://purl.obolibrary.org/obo/GO_2000191, http://purl.obolibrary.org/obo/GO_0015908
http://purl.obolibrary.org/obo/GO_2000191, http://purl.obolibrary.org/obo/GO_0015908
http://purl.obolibrary.org/obo/GO_2000194, http://purl.obolibrary.org/obo/GO_0008585
http://purl.obolibrary.org/obo/GO_2000194, http://purl.obolibrary.org/obo/GO_0008585
http://purl.obolibrary.org/obo/GO_2000197, http://purl.obolibrary.org/obo/GO_0071166
http://purl.obolibrary.org/obo/GO_2000197, http://purl.obolibrary.org/obo/GO_0071166
http://purl.obolibrary.org/obo/GO_2000200, http://purl.obolibrary.org/obo/GO_0000054
http://purl.obolibrary.org/obo/GO_2000200, http://purl.obolibrary.org/obo/GO_0000054
http://purl.obolibrary.org/obo/GO_2000203, http://purl.obolibrary.org/obo/GO_0000055
http://purl.obolibrary.org/obo/GO_2000203, http://purl.obolibrary.org/obo/GO_0000055
http://purl.obolibrary.org/obo/GO_2000206, http://purl.obolibrary.org/obo/GO_0000056
http://purl.obolibrary.org/obo/GO_2000206, http://purl.obolibrary.org/obo/GO_0000056
http://purl.obolibrary.org/obo/GO_2000209, http://purl.obolibrary.org/obo/GO_0043276
http://purl.obolibrary.org/obo/GO_2000209, http://purl.obolibrary.org/obo/GO_0043276
http://purl.obolibrary.org/obo/GO_2000211, http://purl.obolibrary.org/obo/GO_0006536
http://purl.obolibrary.org/obo/GO_2000211, http://purl.obolibrary.org/obo/GO_0006536
http://purl.obolibrary.org/obo/GO_2000214, http://purl.obolibrary.org/obo/GO_0006560
http://purl.obolibrary.org/obo/GO_2000214, http://purl.obolibrary.org/obo/GO_0006560
http://purl.obolibrary.org/obo/GO_2000217, http://purl.obolibrary.org/obo/GO_0001403
http://purl.obolibrary.org/obo/GO_2000217, http://purl.obolibrary.org/obo/GO_0001403
http://purl.obolibrary.org/obo/GO_2000220, http://purl.obolibrary.org/obo/GO_0007124
http://purl.obolibrary.org/obo/GO_2000220, http://purl.obolibrary.org/obo/GO_0007124
http://purl.obolibrary.org/obo/GO_2000224, http://purl.obolibrary.org/obo/GO_0061370
http://purl.obolibrary.org/obo/GO_2000224, http://purl.obolibrary.org/obo/GO_0061370
http://purl.obolibrary.org/obo/GO_2000226, http://purl.obolibrary.org/obo/GO_0003310
http://purl.obolibrary.org/obo/GO_2000226, http://purl.obolibrary.org/obo/GO_0003310
http://purl.obolibrary.org/obo/GO_2000229, http://purl.obolibrary.org/obo/GO_0072343
http://purl.obolibrary.org/obo/GO_2000229, http://purl.obolibrary.org/obo/GO_0072343
http://purl.obolibrary.org/obo/GO_2000232, http://purl.obolibrary.org/obo/GO_0006364
http://purl.obolibrary.org/obo/GO_2000232, http://purl.obolibrary.org/obo/GO_0006364
http://purl.obolibrary.org/obo/GO_2000235, http://purl.obolibrary.org/obo/GO_0008033
http://purl.obolibrary.org/obo/GO_2000235, http://purl.obolibrary.org/obo/GO_0008033
http://purl.obolibrary.org/obo/GO_2000238, http://purl.obolibrary.org/obo/GO_0006409
http://purl.obolibrary.org/obo/GO_2000238, http://purl.obolibrary.org/obo/GO_0006409
http://purl.obolibrary.org/obo/GO_2000241, http://purl.obolibrary.org/obo/GO_0022414
http://purl.obolibrary.org/obo/GO_2000241, http://purl.obolibrary.org/obo/GO_0022414
http://purl.obolibrary.org/obo/GO_2000244, http://purl.obolibrary.org/obo/GO_0043093
http://purl.obolibrary.org/obo/GO_2000244, http://purl.obolibrary.org/obo/GO_0043093
http://purl.obolibrary.org/obo/GO_2000254, http://purl.obolibrary.org/obo/GO_0002176
http://purl.obolibrary.org/obo/GO_2000254, http://purl.obolibrary.org/obo/GO_0002176
http://purl.obolibrary.org/obo/GO_2000257, http://purl.obolibrary.org/obo/GO_0072376
http://purl.obolibrary.org/obo/GO_2000257, http://purl.obolibrary.org/obo/GO_0072376
http://purl.obolibrary.org/obo/GO_2000260, http://purl.obolibrary.org/obo/GO_0072377
http://purl.obolibrary.org/obo/GO_2000260, http://purl.obolibrary.org/obo/GO_0072377
http://purl.obolibrary.org/obo/GO_2000263, http://purl.obolibrary.org/obo/GO_0007598
http://purl.obolibrary.org/obo/GO_2000263, http://purl.obolibrary.org/obo/GO_0007598
http://purl.obolibrary.org/obo/GO_2000266, http://purl.obolibrary.org/obo/GO_0007597
http://purl.obolibrary.org/obo/GO_2000266, http://purl.obolibrary.org/obo/GO_0007597
http://purl.obolibrary.org/obo/GO_2000269, http://purl.obolibrary.org/obo/GO_0044346
http://purl.obolibrary.org/obo/GO_2000269, http://purl.obolibrary.org/obo/GO_0044346
http://purl.obolibrary.org/obo/GO_2000274, http://purl.obolibrary.org/obo/GO_0007427
http://purl.obolibrary.org/obo/GO_2000274, http://purl.obolibrary.org/obo/GO_0007427
http://purl.obolibrary.org/obo/GO_2000275, http://purl.obolibrary.org/obo/GO_0017077
http://purl.obolibrary.org/obo/GO_2000275, http://purl.obolibrary.org/obo/GO_0017077
http://purl.obolibrary.org/obo/GO_2000278, http://purl.obolibrary.org/obo/GO_0071897
http://purl.obolibrary.org/obo/GO_2000278, http://purl.obolibrary.org/obo/GO_0071897
http://purl.obolibrary.org/obo/GO_2000280, http://purl.obolibrary.org/obo/GO_0048364
http://purl.obolibrary.org/obo/GO_2000280, http://purl.obolibrary.org/obo/GO_0048364
http://purl.obolibrary.org/obo/GO_2000282, http://purl.obolibrary.org/obo/GO_0008652
http://purl.obolibrary.org/obo/GO_2000282, http://purl.obolibrary.org/obo/GO_0008652
http://purl.obolibrary.org/obo/GO_2000289, http://purl.obolibrary.org/obo/GO_0072499
http://purl.obolibrary.org/obo/GO_2000289, http://purl.obolibrary.org/obo/GO_0072499
http://purl.obolibrary.org/obo/GO_2000290, http://purl.obolibrary.org/obo/GO_0061055
http://purl.obolibrary.org/obo/GO_2000290, http://purl.obolibrary.org/obo/GO_0061055
http://purl.obolibrary.org/obo/GO_2000291, http://purl.obolibrary.org/obo/GO_0051450
http://purl.obolibrary.org/obo/GO_2000291, http://purl.obolibrary.org/obo/GO_0051450
http://purl.obolibrary.org/obo/GO_2000292, http://purl.obolibrary.org/obo/GO_0030421
http://purl.obolibrary.org/obo/GO_2000292, http://purl.obolibrary.org/obo/GO_0030421
http://purl.obolibrary.org/obo/GO_2000295, http://purl.obolibrary.org/obo/GO_0042744
http://purl.obolibrary.org/obo/GO_2000295, http://purl.obolibrary.org/obo/GO_0042744
http://purl.obolibrary.org/obo/GO_2000298, http://purl.obolibrary.org/obo/GO_0072518
http://purl.obolibrary.org/obo/GO_2000298, http://purl.obolibrary.org/obo/GO_0072518
http://purl.obolibrary.org/obo/GO_2000300, http://purl.obolibrary.org/obo/GO_0016079
http://purl.obolibrary.org/obo/GO_2000300, http://purl.obolibrary.org/obo/GO_0016079
http://purl.obolibrary.org/obo/GO_2000303, http://purl.obolibrary.org/obo/GO_0046513
http://purl.obolibrary.org/obo/GO_2000303, http://purl.obolibrary.org/obo/GO_0046513
http://purl.obolibrary.org/obo/GO_2000307, http://purl.obolibrary.org/obo/GO_0072535
http://purl.obolibrary.org/obo/GO_2000307, http://purl.obolibrary.org/obo/GO_0072535
http://purl.obolibrary.org/obo/GO_2000310, http://purl.obolibrary.org/obo/GO_0004972
http://purl.obolibrary.org/obo/GO_2000310, http://purl.obolibrary.org/obo/GO_0004972
http://purl.obolibrary.org/obo/GO_2000311, http://purl.obolibrary.org/obo/GO_0004971
http://purl.obolibrary.org/obo/GO_2000311, http://purl.obolibrary.org/obo/GO_0004971
http://purl.obolibrary.org/obo/GO_2000312, http://purl.obolibrary.org/obo/GO_0015277
http://purl.obolibrary.org/obo/GO_2000312, http://purl.obolibrary.org/obo/GO_0015277
http://purl.obolibrary.org/obo/GO_2000313, http://purl.obolibrary.org/obo/GO_0060825
http://purl.obolibrary.org/obo/GO_2000313, http://purl.obolibrary.org/obo/GO_0060825
http://purl.obolibrary.org/obo/GO_2000316, http://purl.obolibrary.org/obo/GO_0072538
http://purl.obolibrary.org/obo/GO_2000316, http://purl.obolibrary.org/obo/GO_0072538
http://purl.obolibrary.org/obo/GO_2000319, http://purl.obolibrary.org/obo/GO_0072539
http://purl.obolibrary.org/obo/GO_2000319, http://purl.obolibrary.org/obo/GO_0072539
http://purl.obolibrary.org/obo/GO_2000322, http://purl.obolibrary.org/obo/GO_0042921
http://purl.obolibrary.org/obo/GO_2000322, http://purl.obolibrary.org/obo/GO_0042921
http://purl.obolibrary.org/obo/GO_2000328, http://purl.obolibrary.org/obo/GO_0072540
http://purl.obolibrary.org/obo/GO_2000328, http://purl.obolibrary.org/obo/GO_0072540
http://purl.obolibrary.org/obo/GO_2000331, http://purl.obolibrary.org/obo/GO_0072553
http://purl.obolibrary.org/obo/GO_2000331, http://purl.obolibrary.org/obo/GO_0072553
http://purl.obolibrary.org/obo/GO_2000332, http://purl.obolibrary.org/obo/GO_0072564
http://purl.obolibrary.org/obo/GO_2000332, http://purl.obolibrary.org/obo/GO_0072564
http://purl.obolibrary.org/obo/GO_2000335, http://purl.obolibrary.org/obo/GO_0072565
http://purl.obolibrary.org/obo/GO_2000335, http://purl.obolibrary.org/obo/GO_0072565
http://purl.obolibrary.org/obo/GO_2000338, http://purl.obolibrary.org/obo/GO_0072566
http://purl.obolibrary.org/obo/GO_2000338, http://purl.obolibrary.org/obo/GO_0072566
http://purl.obolibrary.org/obo/GO_2000341, http://purl.obolibrary.org/obo/GO_0072567
http://purl.obolibrary.org/obo/GO_2000341, http://purl.obolibrary.org/obo/GO_0072567
http://purl.obolibrary.org/obo/GO_2000345, http://purl.obolibrary.org/obo/GO_0072574
http://purl.obolibrary.org/obo/GO_2000345, http://purl.obolibrary.org/obo/GO_0072574
http://purl.obolibrary.org/obo/GO_2000348, http://purl.obolibrary.org/obo/GO_0023035
http://purl.obolibrary.org/obo/GO_2000348, http://purl.obolibrary.org/obo/GO_0023035
http://purl.obolibrary.org/obo/GO_2000351, http://purl.obolibrary.org/obo/GO_0072577
http://purl.obolibrary.org/obo/GO_2000351, http://purl.obolibrary.org/obo/GO_0072577
http://purl.obolibrary.org/obo/GO_2000354, http://purl.obolibrary.org/obo/GO_0001541
http://purl.obolibrary.org/obo/GO_2000354, http://purl.obolibrary.org/obo/GO_0001541
http://purl.obolibrary.org/obo/GO_2000356, http://purl.obolibrary.org/obo/GO_0072195
http://purl.obolibrary.org/obo/GO_2000356, http://purl.obolibrary.org/obo/GO_0072195
http://purl.obolibrary.org/obo/GO_2000359, http://purl.obolibrary.org/obo/GO_0007339
http://purl.obolibrary.org/obo/GO_2000359, http://purl.obolibrary.org/obo/GO_0007339
http://purl.obolibrary.org/obo/GO_2000361, http://purl.obolibrary.org/obo/GO_0050220
http://purl.obolibrary.org/obo/GO_2000361, http://purl.obolibrary.org/obo/GO_0050220
http://purl.obolibrary.org/obo/GO_2000367, http://purl.obolibrary.org/obo/GO_0060478
http://purl.obolibrary.org/obo/GO_2000367, http://purl.obolibrary.org/obo/GO_0060478
http://purl.obolibrary.org/obo/GO_2000369, http://purl.obolibrary.org/obo/GO_0072583
http://purl.obolibrary.org/obo/GO_2000369, http://purl.obolibrary.org/obo/GO_0072583
http://purl.obolibrary.org/obo/GO_2000371, http://purl.obolibrary.org/obo/GO_0003918
http://purl.obolibrary.org/obo/GO_2000371, http://purl.obolibrary.org/obo/GO_0003918
http://purl.obolibrary.org/obo/GO_2000374, http://purl.obolibrary.org/obo/GO_0072592
http://purl.obolibrary.org/obo/GO_2000374, http://purl.obolibrary.org/obo/GO_0072592
http://purl.obolibrary.org/obo/GO_2000377, http://purl.obolibrary.org/obo/GO_0072593
http://purl.obolibrary.org/obo/GO_2000377, http://purl.obolibrary.org/obo/GO_0072593
http://purl.obolibrary.org/obo/GO_2000380, http://purl.obolibrary.org/obo/GO_0007498
http://purl.obolibrary.org/obo/GO_2000380, http://purl.obolibrary.org/obo/GO_0007498
http://purl.obolibrary.org/obo/GO_2000383, http://purl.obolibrary.org/obo/GO_0007398
http://purl.obolibrary.org/obo/GO_2000383, http://purl.obolibrary.org/obo/GO_0007398
http://purl.obolibrary.org/obo/GO_2000387, http://purl.obolibrary.org/obo/GO_0001547
http://purl.obolibrary.org/obo/GO_2000387, http://purl.obolibrary.org/obo/GO_0001547
http://purl.obolibrary.org/obo/GO_2000389, http://purl.obolibrary.org/obo/GO_0072672
http://purl.obolibrary.org/obo/GO_2000389, http://purl.obolibrary.org/obo/GO_0072672
http://purl.obolibrary.org/obo/GO_2000392, http://purl.obolibrary.org/obo/GO_0072673
http://purl.obolibrary.org/obo/GO_2000392, http://purl.obolibrary.org/obo/GO_0072673
http://purl.obolibrary.org/obo/GO_2000395, http://purl.obolibrary.org/obo/GO_0070086
http://purl.obolibrary.org/obo/GO_2000395, http://purl.obolibrary.org/obo/GO_0070086
http://purl.obolibrary.org/obo/GO_2000398, http://purl.obolibrary.org/obo/GO_0071594
http://purl.obolibrary.org/obo/GO_2000398, http://purl.obolibrary.org/obo/GO_0071594
http://purl.obolibrary.org/obo/GO_2000401, http://purl.obolibrary.org/obo/GO_0072676
http://purl.obolibrary.org/obo/GO_2000401, http://purl.obolibrary.org/obo/GO_0072676
http://purl.obolibrary.org/obo/GO_2000404, http://purl.obolibrary.org/obo/GO_0072678
http://purl.obolibrary.org/obo/GO_2000404, http://purl.obolibrary.org/obo/GO_0072678
http://purl.obolibrary.org/obo/GO_2000407, http://purl.obolibrary.org/obo/GO_0072683
http://purl.obolibrary.org/obo/GO_2000407, http://purl.obolibrary.org/obo/GO_0072683
http://purl.obolibrary.org/obo/GO_2000410, http://purl.obolibrary.org/obo/GO_0072679
http://purl.obolibrary.org/obo/GO_2000410, http://purl.obolibrary.org/obo/GO_0072679
http://purl.obolibrary.org/obo/GO_2000413, http://purl.obolibrary.org/obo/GO_0072681
http://purl.obolibrary.org/obo/GO_2000413, http://purl.obolibrary.org/obo/GO_0072681
http://purl.obolibrary.org/obo/GO_2000416, http://purl.obolibrary.org/obo/GO_0072677
http://purl.obolibrary.org/obo/GO_2000416, http://purl.obolibrary.org/obo/GO_0072677
http://purl.obolibrary.org/obo/GO_2000419, http://purl.obolibrary.org/obo/GO_0072682
http://purl.obolibrary.org/obo/GO_2000419, http://purl.obolibrary.org/obo/GO_0072682
http://purl.obolibrary.org/obo/GO_2000422, http://purl.obolibrary.org/obo/GO_0048245
http://purl.obolibrary.org/obo/GO_2000422, http://purl.obolibrary.org/obo/GO_0048245
http://purl.obolibrary.org/obo/GO_2000425, http://purl.obolibrary.org/obo/GO_0043277
http://purl.obolibrary.org/obo/GO_2000425, http://purl.obolibrary.org/obo/GO_0043277
http://purl.obolibrary.org/obo/GO_2000428, http://purl.obolibrary.org/obo/GO_0070488
http://purl.obolibrary.org/obo/GO_2000428, http://purl.obolibrary.org/obo/GO_0070488
http://purl.obolibrary.org/obo/GO_2000431, http://purl.obolibrary.org/obo/GO_0000915
http://purl.obolibrary.org/obo/GO_2000431, http://purl.obolibrary.org/obo/GO_0000915
http://purl.obolibrary.org/obo/GO_2000434, http://purl.obolibrary.org/obo/GO_0045116
http://purl.obolibrary.org/obo/GO_2000434, http://purl.obolibrary.org/obo/GO_0045116
http://purl.obolibrary.org/obo/GO_2000437, http://purl.obolibrary.org/obo/GO_0035696
http://purl.obolibrary.org/obo/GO_2000437, http://purl.obolibrary.org/obo/GO_0035696
http://purl.obolibrary.org/obo/GO_2000440, http://purl.obolibrary.org/obo/GO_0035681
http://purl.obolibrary.org/obo/GO_2000440, http://purl.obolibrary.org/obo/GO_0035681
http://purl.obolibrary.org/obo/GO_2000443, http://purl.obolibrary.org/obo/GO_0035682
http://purl.obolibrary.org/obo/GO_2000443, http://purl.obolibrary.org/obo/GO_0035682
http://purl.obolibrary.org/obo/GO_2000446, http://purl.obolibrary.org/obo/GO_0035691
http://purl.obolibrary.org/obo/GO_2000446, http://purl.obolibrary.org/obo/GO_0035691
http://purl.obolibrary.org/obo/GO_2000449, http://purl.obolibrary.org/obo/GO_0035697
http://purl.obolibrary.org/obo/GO_2000449, http://purl.obolibrary.org/obo/GO_0035697
http://purl.obolibrary.org/obo/GO_2000452, http://purl.obolibrary.org/obo/GO_0035698
http://purl.obolibrary.org/obo/GO_2000452, http://purl.obolibrary.org/obo/GO_0035698
http://purl.obolibrary.org/obo/GO_2000455, http://purl.obolibrary.org/obo/GO_0035699
http://purl.obolibrary.org/obo/GO_2000455, http://purl.obolibrary.org/obo/GO_0035699
http://purl.obolibrary.org/obo/GO_2000458, http://purl.obolibrary.org/obo/GO_0035700
http://purl.obolibrary.org/obo/GO_2000458, http://purl.obolibrary.org/obo/GO_0035700
http://purl.obolibrary.org/obo/GO_2000465, http://purl.obolibrary.org/obo/GO_0004373
http://purl.obolibrary.org/obo/GO_2000465, http://purl.obolibrary.org/obo/GO_0004373
http://purl.obolibrary.org/obo/GO_2000468, http://purl.obolibrary.org/obo/GO_0004601
http://purl.obolibrary.org/obo/GO_2000468, http://purl.obolibrary.org/obo/GO_0004601
http://purl.obolibrary.org/obo/GO_2000471, http://purl.obolibrary.org/obo/GO_0035701
http://purl.obolibrary.org/obo/GO_2000471, http://purl.obolibrary.org/obo/GO_0035701
http://purl.obolibrary.org/obo/GO_2000474, http://purl.obolibrary.org/obo/GO_0038003
http://purl.obolibrary.org/obo/GO_2000474, http://purl.obolibrary.org/obo/GO_0038003
http://purl.obolibrary.org/obo/GO_2000477, http://purl.obolibrary.org/obo/GO_0072249
http://purl.obolibrary.org/obo/GO_2000477, http://purl.obolibrary.org/obo/GO_0072249
http://purl.obolibrary.org/obo/GO_2000479, http://purl.obolibrary.org/obo/GO_0004691
http://purl.obolibrary.org/obo/GO_2000479, http://purl.obolibrary.org/obo/GO_0004691
http://purl.obolibrary.org/obo/GO_2000485, http://purl.obolibrary.org/obo/GO_0006868
http://purl.obolibrary.org/obo/GO_2000485, http://purl.obolibrary.org/obo/GO_0006868
http://purl.obolibrary.org/obo/GO_2000489, http://purl.obolibrary.org/obo/GO_0035733
http://purl.obolibrary.org/obo/GO_2000489, http://purl.obolibrary.org/obo/GO_0035733
http://purl.obolibrary.org/obo/GO_2000492, http://purl.obolibrary.org/obo/GO_0035655
http://purl.obolibrary.org/obo/GO_2000492, http://purl.obolibrary.org/obo/GO_0035655
http://purl.obolibrary.org/obo/GO_2000495, http://purl.obolibrary.org/obo/GO_0035736
http://purl.obolibrary.org/obo/GO_2000495, http://purl.obolibrary.org/obo/GO_0035736
http://purl.obolibrary.org/obo/GO_2000501, http://purl.obolibrary.org/obo/GO_0035747
http://purl.obolibrary.org/obo/GO_2000501, http://purl.obolibrary.org/obo/GO_0035747
http://purl.obolibrary.org/obo/GO_2000508, http://purl.obolibrary.org/obo/GO_0002407
http://purl.obolibrary.org/obo/GO_2000508, http://purl.obolibrary.org/obo/GO_0002407
http://purl.obolibrary.org/obo/GO_2000511, http://purl.obolibrary.org/obo/GO_0035746
http://purl.obolibrary.org/obo/GO_2000511, http://purl.obolibrary.org/obo/GO_0035746
http://purl.obolibrary.org/obo/GO_2000514, http://purl.obolibrary.org/obo/GO_0035710
http://purl.obolibrary.org/obo/GO_2000514, http://purl.obolibrary.org/obo/GO_0035710
http://purl.obolibrary.org/obo/GO_2000517, http://purl.obolibrary.org/obo/GO_0035711
http://purl.obolibrary.org/obo/GO_2000517, http://purl.obolibrary.org/obo/GO_0035711
http://purl.obolibrary.org/obo/GO_2000520, http://purl.obolibrary.org/obo/GO_0001771
http://purl.obolibrary.org/obo/GO_2000520, http://purl.obolibrary.org/obo/GO_0001771
http://purl.obolibrary.org/obo/GO_2000523, http://purl.obolibrary.org/obo/GO_0031295
http://purl.obolibrary.org/obo/GO_2000523, http://purl.obolibrary.org/obo/GO_0031295
http://purl.obolibrary.org/obo/GO_2000527, http://purl.obolibrary.org/obo/GO_0002408
http://purl.obolibrary.org/obo/GO_2000527, http://purl.obolibrary.org/obo/GO_0002408
http://purl.obolibrary.org/obo/GO_2000532, http://purl.obolibrary.org/obo/GO_0097018
http://purl.obolibrary.org/obo/GO_2000532, http://purl.obolibrary.org/obo/GO_0097018
http://purl.obolibrary.org/obo/GO_2000535, http://purl.obolibrary.org/obo/GO_0035635
http://purl.obolibrary.org/obo/GO_2000535, http://purl.obolibrary.org/obo/GO_0035635
http://purl.obolibrary.org/obo/GO_2000537, http://purl.obolibrary.org/obo/GO_0035754
http://purl.obolibrary.org/obo/GO_2000537, http://purl.obolibrary.org/obo/GO_0035754
http://purl.obolibrary.org/obo/GO_2000539, http://purl.obolibrary.org/obo/GO_0018344
http://purl.obolibrary.org/obo/GO_2000539, http://purl.obolibrary.org/obo/GO_0018344
http://purl.obolibrary.org/obo/GO_2000544, http://purl.obolibrary.org/obo/GO_0035768
http://purl.obolibrary.org/obo/GO_2000544, http://purl.obolibrary.org/obo/GO_0035768
http://purl.obolibrary.org/obo/GO_2000547, http://purl.obolibrary.org/obo/GO_0097026
http://purl.obolibrary.org/obo/GO_2000547, http://purl.obolibrary.org/obo/GO_0097026
http://purl.obolibrary.org/obo/GO_2000551, http://purl.obolibrary.org/obo/GO_0035745
http://purl.obolibrary.org/obo/GO_2000551, http://purl.obolibrary.org/obo/GO_0035745
http://purl.obolibrary.org/obo/GO_2000554, http://purl.obolibrary.org/obo/GO_0035744
http://purl.obolibrary.org/obo/GO_2000554, http://purl.obolibrary.org/obo/GO_0035744
http://purl.obolibrary.org/obo/GO_2000557, http://purl.obolibrary.org/obo/GO_0002426
http://purl.obolibrary.org/obo/GO_2000557, http://purl.obolibrary.org/obo/GO_0002426
http://purl.obolibrary.org/obo/GO_2000559, http://purl.obolibrary.org/obo/GO_0035724
http://purl.obolibrary.org/obo/GO_2000559, http://purl.obolibrary.org/obo/GO_0035724
http://purl.obolibrary.org/obo/GO_2000561, http://purl.obolibrary.org/obo/GO_0035739
http://purl.obolibrary.org/obo/GO_2000561, http://purl.obolibrary.org/obo/GO_0035739
http://purl.obolibrary.org/obo/GO_2000564, http://purl.obolibrary.org/obo/GO_0035740
http://purl.obolibrary.org/obo/GO_2000564, http://purl.obolibrary.org/obo/GO_0035740
http://purl.obolibrary.org/obo/GO_2000567, http://purl.obolibrary.org/obo/GO_0035709
http://purl.obolibrary.org/obo/GO_2000567, http://purl.obolibrary.org/obo/GO_0035709
http://purl.obolibrary.org/obo/GO_2000569, http://purl.obolibrary.org/obo/GO_0035712
http://purl.obolibrary.org/obo/GO_2000569, http://purl.obolibrary.org/obo/GO_0035712
http://purl.obolibrary.org/obo/GO_2000571, http://purl.obolibrary.org/obo/GO_0035708
http://purl.obolibrary.org/obo/GO_2000571, http://purl.obolibrary.org/obo/GO_0035708
http://purl.obolibrary.org/obo/GO_2000583, http://purl.obolibrary.org/obo/GO_0035790
http://purl.obolibrary.org/obo/GO_2000583, http://purl.obolibrary.org/obo/GO_0035790
http://purl.obolibrary.org/obo/GO_2000586, http://purl.obolibrary.org/obo/GO_0035791
http://purl.obolibrary.org/obo/GO_2000586, http://purl.obolibrary.org/obo/GO_0035791
http://purl.obolibrary.org/obo/GO_2000589, http://purl.obolibrary.org/obo/GO_0035789
http://purl.obolibrary.org/obo/GO_2000589, http://purl.obolibrary.org/obo/GO_0035789
http://purl.obolibrary.org/obo/GO_2000592, http://purl.obolibrary.org/obo/GO_0072240
http://purl.obolibrary.org/obo/GO_2000592, http://purl.obolibrary.org/obo/GO_0072240
http://purl.obolibrary.org/obo/GO_2000595, http://purl.obolibrary.org/obo/GO_0021634
http://purl.obolibrary.org/obo/GO_2000595, http://purl.obolibrary.org/obo/GO_0021634
http://purl.obolibrary.org/obo/GO_2000603, http://purl.obolibrary.org/obo/GO_0080117
http://purl.obolibrary.org/obo/GO_2000603, http://purl.obolibrary.org/obo/GO_0080117
http://purl.obolibrary.org/obo/GO_2000606, http://purl.obolibrary.org/obo/GO_0061209
http://purl.obolibrary.org/obo/GO_2000606, http://purl.obolibrary.org/obo/GO_0061209
http://purl.obolibrary.org/obo/GO_2000609, http://purl.obolibrary.org/obo/GO_0006590
http://purl.obolibrary.org/obo/GO_2000609, http://purl.obolibrary.org/obo/GO_0006590
http://purl.obolibrary.org/obo/GO_2000612, http://purl.obolibrary.org/obo/GO_0070460
http://purl.obolibrary.org/obo/GO_2000612, http://purl.obolibrary.org/obo/GO_0070460
http://purl.obolibrary.org/obo/GO_2000621, http://purl.obolibrary.org/obo/GO_0006274
http://purl.obolibrary.org/obo/GO_2000621, http://purl.obolibrary.org/obo/GO_0006274
http://purl.obolibrary.org/obo/GO_2000622, http://purl.obolibrary.org/obo/GO_0000184
http://purl.obolibrary.org/obo/GO_2000622, http://purl.obolibrary.org/obo/GO_0000184
http://purl.obolibrary.org/obo/GO_2000625, http://purl.obolibrary.org/obo/GO_0010587
http://purl.obolibrary.org/obo/GO_2000625, http://purl.obolibrary.org/obo/GO_0010587
http://purl.obolibrary.org/obo/GO_2000628, http://purl.obolibrary.org/obo/GO_0010586
http://purl.obolibrary.org/obo/GO_2000628, http://purl.obolibrary.org/obo/GO_0010586
http://purl.obolibrary.org/obo/GO_2000631, http://purl.obolibrary.org/obo/GO_0031054
http://purl.obolibrary.org/obo/GO_2000631, http://purl.obolibrary.org/obo/GO_0031054
http://purl.obolibrary.org/obo/GO_2000634, http://purl.obolibrary.org/obo/GO_0031053
http://purl.obolibrary.org/obo/GO_2000634, http://purl.obolibrary.org/obo/GO_0031053
http://purl.obolibrary.org/obo/GO_2000638, http://purl.obolibrary.org/obo/GO_0032933
http://purl.obolibrary.org/obo/GO_2000638, http://purl.obolibrary.org/obo/GO_0032933
http://purl.obolibrary.org/obo/GO_2000641, http://purl.obolibrary.org/obo/GO_0045022
http://purl.obolibrary.org/obo/GO_2000641, http://purl.obolibrary.org/obo/GO_0045022
http://purl.obolibrary.org/obo/GO_2000644, http://purl.obolibrary.org/obo/GO_0032801
http://purl.obolibrary.org/obo/GO_2000644, http://purl.obolibrary.org/obo/GO_0032801
http://purl.obolibrary.org/obo/GO_2000649, http://purl.obolibrary.org/obo/GO_0015081
http://purl.obolibrary.org/obo/GO_2000649, http://purl.obolibrary.org/obo/GO_0015081
http://purl.obolibrary.org/obo/GO_2000652, http://purl.obolibrary.org/obo/GO_0009834
http://purl.obolibrary.org/obo/GO_2000652, http://purl.obolibrary.org/obo/GO_0009834
http://purl.obolibrary.org/obo/GO_2000654, http://purl.obolibrary.org/obo/GO_0071394
http://purl.obolibrary.org/obo/GO_2000654, http://purl.obolibrary.org/obo/GO_0071394
http://purl.obolibrary.org/obo/GO_2000656, http://purl.obolibrary.org/obo/GO_0034185
http://purl.obolibrary.org/obo/GO_2000656, http://purl.obolibrary.org/obo/GO_0034185
http://purl.obolibrary.org/obo/GO_2000659, http://purl.obolibrary.org/obo/GO_0070498
http://purl.obolibrary.org/obo/GO_2000659, http://purl.obolibrary.org/obo/GO_0070498
http://purl.obolibrary.org/obo/GO_2000668, http://purl.obolibrary.org/obo/GO_0097048
http://purl.obolibrary.org/obo/GO_2000668, http://purl.obolibrary.org/obo/GO_0097048
http://purl.obolibrary.org/obo/GO_2000671, http://purl.obolibrary.org/obo/GO_0097049
http://purl.obolibrary.org/obo/GO_2000671, http://purl.obolibrary.org/obo/GO_0097049
http://purl.obolibrary.org/obo/GO_2000674, http://purl.obolibrary.org/obo/GO_0097050
http://purl.obolibrary.org/obo/GO_2000674, http://purl.obolibrary.org/obo/GO_0097050
http://purl.obolibrary.org/obo/GO_2000677, http://purl.obolibrary.org/obo/GO_0000976
http://purl.obolibrary.org/obo/GO_2000677, http://purl.obolibrary.org/obo/GO_0000976
http://purl.obolibrary.org/obo/GO_2000683, http://purl.obolibrary.org/obo/GO_0071481
http://purl.obolibrary.org/obo/GO_2000683, http://purl.obolibrary.org/obo/GO_0071481
http://purl.obolibrary.org/obo/GO_2000690, http://purl.obolibrary.org/obo/GO_0060379
http://purl.obolibrary.org/obo/GO_2000690, http://purl.obolibrary.org/obo/GO_0060379
http://purl.obolibrary.org/obo/GO_2000694, http://purl.obolibrary.org/obo/GO_0080175
http://purl.obolibrary.org/obo/GO_2000694, http://purl.obolibrary.org/obo/GO_0080175
http://purl.obolibrary.org/obo/GO_2000696, http://purl.obolibrary.org/obo/GO_0035850
http://purl.obolibrary.org/obo/GO_2000696, http://purl.obolibrary.org/obo/GO_0035850
http://purl.obolibrary.org/obo/GO_2000702, http://purl.obolibrary.org/obo/GO_2000699
http://purl.obolibrary.org/obo/GO_2000702, http://purl.obolibrary.org/obo/GO_2000699
http://purl.obolibrary.org/obo/GO_2000705, http://purl.obolibrary.org/obo/GO_0061110
http://purl.obolibrary.org/obo/GO_2000705, http://purl.obolibrary.org/obo/GO_0061110
http://purl.obolibrary.org/obo/GO_2000709, http://purl.obolibrary.org/obo/GO_0035875
http://purl.obolibrary.org/obo/GO_2000709, http://purl.obolibrary.org/obo/GO_0035875
http://purl.obolibrary.org/obo/GO_2000715, http://purl.obolibrary.org/obo/GO_0071959
http://purl.obolibrary.org/obo/GO_2000715, http://purl.obolibrary.org/obo/GO_0071959
http://purl.obolibrary.org/obo/GO_2000718, http://purl.obolibrary.org/obo/GO_0071960
http://purl.obolibrary.org/obo/GO_2000718, http://purl.obolibrary.org/obo/GO_0071960
http://purl.obolibrary.org/obo/GO_2000722, http://purl.obolibrary.org/obo/GO_0060947
http://purl.obolibrary.org/obo/GO_2000722, http://purl.obolibrary.org/obo/GO_0060947
http://purl.obolibrary.org/obo/GO_2000725, http://purl.obolibrary.org/obo/GO_0055007
http://purl.obolibrary.org/obo/GO_2000725, http://purl.obolibrary.org/obo/GO_0055007
http://purl.obolibrary.org/obo/GO_2000728, http://purl.obolibrary.org/obo/GO_0031990
http://purl.obolibrary.org/obo/GO_2000728, http://purl.obolibrary.org/obo/GO_0031990
http://purl.obolibrary.org/obo/GO_2000730, http://purl.obolibrary.org/obo/GO_0006363
http://purl.obolibrary.org/obo/GO_2000730, http://purl.obolibrary.org/obo/GO_0006363
http://purl.obolibrary.org/obo/GO_2000733, http://purl.obolibrary.org/obo/GO_2000701
http://purl.obolibrary.org/obo/GO_2000733, http://purl.obolibrary.org/obo/GO_2000701
http://purl.obolibrary.org/obo/GO_2000736, http://purl.obolibrary.org/obo/GO_0048863
http://purl.obolibrary.org/obo/GO_2000736, http://purl.obolibrary.org/obo/GO_0048863
http://purl.obolibrary.org/obo/GO_2000739, http://purl.obolibrary.org/obo/GO_0072497
http://purl.obolibrary.org/obo/GO_2000739, http://purl.obolibrary.org/obo/GO_0072497
http://purl.obolibrary.org/obo/GO_2000742, http://purl.obolibrary.org/obo/GO_0097065
http://purl.obolibrary.org/obo/GO_2000742, http://purl.obolibrary.org/obo/GO_0097065
http://purl.obolibrary.org/obo/GO_2000746, http://purl.obolibrary.org/obo/GO_0035882
http://purl.obolibrary.org/obo/GO_2000746, http://purl.obolibrary.org/obo/GO_0035882
http://purl.obolibrary.org/obo/GO_2000752, http://purl.obolibrary.org/obo/GO_0006680
http://purl.obolibrary.org/obo/GO_2000752, http://purl.obolibrary.org/obo/GO_0006680
http://purl.obolibrary.org/obo/GO_2000754, http://purl.obolibrary.org/obo/GO_0006685
http://purl.obolibrary.org/obo/GO_2000754, http://purl.obolibrary.org/obo/GO_0006685
http://purl.obolibrary.org/obo/GO_2000756, http://purl.obolibrary.org/obo/GO_0018394
http://purl.obolibrary.org/obo/GO_2000756, http://purl.obolibrary.org/obo/GO_0018394
http://purl.obolibrary.org/obo/GO_2000759, http://purl.obolibrary.org/obo/GO_0018076
http://purl.obolibrary.org/obo/GO_2000759, http://purl.obolibrary.org/obo/GO_0018076
http://purl.obolibrary.org/obo/GO_2000762, http://purl.obolibrary.org/obo/GO_0009698
http://purl.obolibrary.org/obo/GO_2000762, http://purl.obolibrary.org/obo/GO_0009698
http://purl.obolibrary.org/obo/GO_2000765, http://purl.obolibrary.org/obo/GO_0002181
http://purl.obolibrary.org/obo/GO_2000765, http://purl.obolibrary.org/obo/GO_0002181
http://purl.obolibrary.org/obo/GO_2000769, http://purl.obolibrary.org/obo/GO_0071963
http://purl.obolibrary.org/obo/GO_2000769, http://purl.obolibrary.org/obo/GO_0071963
http://purl.obolibrary.org/obo/GO_2000772, http://purl.obolibrary.org/obo/GO_0090398
http://purl.obolibrary.org/obo/GO_2000772, http://purl.obolibrary.org/obo/GO_0090398
http://purl.obolibrary.org/obo/GO_2000779, http://purl.obolibrary.org/obo/GO_0006302
http://purl.obolibrary.org/obo/GO_2000779, http://purl.obolibrary.org/obo/GO_0006302
http://purl.obolibrary.org/obo/GO_2000782, http://purl.obolibrary.org/obo/GO_0071964
http://purl.obolibrary.org/obo/GO_2000782, http://purl.obolibrary.org/obo/GO_0071964
http://purl.obolibrary.org/obo/GO_2000785, http://purl.obolibrary.org/obo/GO_0000045
http://purl.obolibrary.org/obo/GO_2000785, http://purl.obolibrary.org/obo/GO_0000045
http://purl.obolibrary.org/obo/GO_2000787, http://purl.obolibrary.org/obo/GO_0060845
http://purl.obolibrary.org/obo/GO_2000787, http://purl.obolibrary.org/obo/GO_0060845
http://purl.obolibrary.org/obo/GO_2000790, http://purl.obolibrary.org/obo/GO_0060916
http://purl.obolibrary.org/obo/GO_2000790, http://purl.obolibrary.org/obo/GO_0060916
http://purl.obolibrary.org/obo/GO_2000794, http://purl.obolibrary.org/obo/GO_0060502
http://purl.obolibrary.org/obo/GO_2000794, http://purl.obolibrary.org/obo/GO_0060502
http://purl.obolibrary.org/obo/GO_2000797, http://purl.obolibrary.org/obo/GO_0097086
http://purl.obolibrary.org/obo/GO_2000797, http://purl.obolibrary.org/obo/GO_0097086
http://purl.obolibrary.org/obo/GO_2000800, http://purl.obolibrary.org/obo/GO_0003199
http://purl.obolibrary.org/obo/GO_2000800, http://purl.obolibrary.org/obo/GO_0003199
http://purl.obolibrary.org/obo/GO_2000804, http://purl.obolibrary.org/obo/GO_0030846
http://purl.obolibrary.org/obo/GO_2000804, http://purl.obolibrary.org/obo/GO_0030846
http://purl.obolibrary.org/obo/GO_2000807, http://purl.obolibrary.org/obo/GO_0097091
http://purl.obolibrary.org/obo/GO_2000807, http://purl.obolibrary.org/obo/GO_0097091
http://purl.obolibrary.org/obo/GO_2000810, http://purl.obolibrary.org/obo/GO_0070830
http://purl.obolibrary.org/obo/GO_2000810, http://purl.obolibrary.org/obo/GO_0070830
http://purl.obolibrary.org/obo/GO_2000812, http://purl.obolibrary.org/obo/GO_0051016
http://purl.obolibrary.org/obo/GO_2000812, http://purl.obolibrary.org/obo/GO_0051016
http://purl.obolibrary.org/obo/GO_2000819, http://purl.obolibrary.org/obo/GO_0006289
http://purl.obolibrary.org/obo/GO_2000819, http://purl.obolibrary.org/obo/GO_0006289
http://purl.obolibrary.org/obo/GO_2000821, http://purl.obolibrary.org/obo/GO_0007625
http://purl.obolibrary.org/obo/GO_2000821, http://purl.obolibrary.org/obo/GO_0007625
http://purl.obolibrary.org/obo/GO_2000822, http://purl.obolibrary.org/obo/GO_0001662
http://purl.obolibrary.org/obo/GO_2000822, http://purl.obolibrary.org/obo/GO_0001662
http://purl.obolibrary.org/obo/GO_2000826, http://purl.obolibrary.org/obo/GO_0003007
http://purl.obolibrary.org/obo/GO_2000826, http://purl.obolibrary.org/obo/GO_0003007
http://purl.obolibrary.org/obo/GO_2000828, http://purl.obolibrary.org/obo/GO_0035898
http://purl.obolibrary.org/obo/GO_2000828, http://purl.obolibrary.org/obo/GO_0035898
http://purl.obolibrary.org/obo/GO_2000831, http://purl.obolibrary.org/obo/GO_0035929
http://purl.obolibrary.org/obo/GO_2000831, http://purl.obolibrary.org/obo/GO_0035929
http://purl.obolibrary.org/obo/GO_2000834, http://purl.obolibrary.org/obo/GO_0035935
http://purl.obolibrary.org/obo/GO_2000834, http://purl.obolibrary.org/obo/GO_0035935
http://purl.obolibrary.org/obo/GO_2000837, http://purl.obolibrary.org/obo/GO_0035941
http://purl.obolibrary.org/obo/GO_2000837, http://purl.obolibrary.org/obo/GO_0035941
http://purl.obolibrary.org/obo/GO_2000840, http://purl.obolibrary.org/obo/GO_0035942
http://purl.obolibrary.org/obo/GO_2000840, http://purl.obolibrary.org/obo/GO_0035942
http://purl.obolibrary.org/obo/GO_2000843, http://purl.obolibrary.org/obo/GO_0035936
http://purl.obolibrary.org/obo/GO_2000843, http://purl.obolibrary.org/obo/GO_0035936
http://purl.obolibrary.org/obo/GO_2000846, http://purl.obolibrary.org/obo/GO_0035930
http://purl.obolibrary.org/obo/GO_2000846, http://purl.obolibrary.org/obo/GO_0035930
http://purl.obolibrary.org/obo/GO_2000849, http://purl.obolibrary.org/obo/GO_0035933
http://purl.obolibrary.org/obo/GO_2000849, http://purl.obolibrary.org/obo/GO_0035933
http://purl.obolibrary.org/obo/GO_2000852, http://purl.obolibrary.org/obo/GO_0035934
http://purl.obolibrary.org/obo/GO_2000852, http://purl.obolibrary.org/obo/GO_0035934
http://purl.obolibrary.org/obo/GO_2000855, http://purl.obolibrary.org/obo/GO_0035931
http://purl.obolibrary.org/obo/GO_2000855, http://purl.obolibrary.org/obo/GO_0035931
http://purl.obolibrary.org/obo/GO_2000858, http://purl.obolibrary.org/obo/GO_0035932
http://purl.obolibrary.org/obo/GO_2000858, http://purl.obolibrary.org/obo/GO_0035932
http://purl.obolibrary.org/obo/GO_2000861, http://purl.obolibrary.org/obo/GO_0035937
http://purl.obolibrary.org/obo/GO_2000861, http://purl.obolibrary.org/obo/GO_0035937
http://purl.obolibrary.org/obo/GO_2000864, http://purl.obolibrary.org/obo/GO_0035938
http://purl.obolibrary.org/obo/GO_2000864, http://purl.obolibrary.org/obo/GO_0035938
http://purl.obolibrary.org/obo/GO_2000867, http://purl.obolibrary.org/obo/GO_0035943
http://purl.obolibrary.org/obo/GO_2000867, http://purl.obolibrary.org/obo/GO_0035943
http://purl.obolibrary.org/obo/GO_2000870, http://purl.obolibrary.org/obo/GO_0042701
http://purl.obolibrary.org/obo/GO_2000870, http://purl.obolibrary.org/obo/GO_0042701
http://purl.obolibrary.org/obo/GO_2000874, http://purl.obolibrary.org/obo/GO_0006097
http://purl.obolibrary.org/obo/GO_2000874, http://purl.obolibrary.org/obo/GO_0006097
http://purl.obolibrary.org/obo/GO_2000881, http://purl.obolibrary.org/obo/GO_0005983
http://purl.obolibrary.org/obo/GO_2000881, http://purl.obolibrary.org/obo/GO_0005983
http://purl.obolibrary.org/obo/GO_2000898, http://purl.obolibrary.org/obo/GO_2000884
http://purl.obolibrary.org/obo/GO_2000898, http://purl.obolibrary.org/obo/GO_2000884
http://purl.obolibrary.org/obo/GO_2000904, http://purl.obolibrary.org/obo/GO_0005982
http://purl.obolibrary.org/obo/GO_2000904, http://purl.obolibrary.org/obo/GO_0005982
http://purl.obolibrary.org/obo/GO_2000909, http://purl.obolibrary.org/obo/GO_0035376
http://purl.obolibrary.org/obo/GO_2000909, http://purl.obolibrary.org/obo/GO_0035376
http://purl.obolibrary.org/obo/GO_2000912, http://purl.obolibrary.org/obo/GO_2000885
http://purl.obolibrary.org/obo/GO_2000912, http://purl.obolibrary.org/obo/GO_2000885
http://purl.obolibrary.org/obo/GO_2000915, http://purl.obolibrary.org/obo/GO_2000886
http://purl.obolibrary.org/obo/GO_2000915, http://purl.obolibrary.org/obo/GO_2000886
http://purl.obolibrary.org/obo/GO_2000918, http://purl.obolibrary.org/obo/GO_2000887
http://purl.obolibrary.org/obo/GO_2000918, http://purl.obolibrary.org/obo/GO_2000887
http://purl.obolibrary.org/obo/GO_2000921, http://purl.obolibrary.org/obo/GO_2000888
http://purl.obolibrary.org/obo/GO_2000921, http://purl.obolibrary.org/obo/GO_2000888
http://purl.obolibrary.org/obo/GO_2000924, http://purl.obolibrary.org/obo/GO_2000889
http://purl.obolibrary.org/obo/GO_2000924, http://purl.obolibrary.org/obo/GO_2000889
http://purl.obolibrary.org/obo/GO_2000927, http://purl.obolibrary.org/obo/GO_2000890
http://purl.obolibrary.org/obo/GO_2000927, http://purl.obolibrary.org/obo/GO_2000890
http://purl.obolibrary.org/obo/GO_2000930, http://purl.obolibrary.org/obo/GO_2000891
http://purl.obolibrary.org/obo/GO_2000930, http://purl.obolibrary.org/obo/GO_2000891
http://purl.obolibrary.org/obo/GO_2000933, http://purl.obolibrary.org/obo/GO_2000893
http://purl.obolibrary.org/obo/GO_2000933, http://purl.obolibrary.org/obo/GO_2000893
http://purl.obolibrary.org/obo/GO_2000936, http://purl.obolibrary.org/obo/GO_2000894
http://purl.obolibrary.org/obo/GO_2000936, http://purl.obolibrary.org/obo/GO_2000894
http://purl.obolibrary.org/obo/GO_2000939, http://purl.obolibrary.org/obo/GO_0044348
http://purl.obolibrary.org/obo/GO_2000939, http://purl.obolibrary.org/obo/GO_0044348
http://purl.obolibrary.org/obo/GO_2000942, http://purl.obolibrary.org/obo/GO_2000896
http://purl.obolibrary.org/obo/GO_2000942, http://purl.obolibrary.org/obo/GO_2000896
http://purl.obolibrary.org/obo/GO_2000945, http://purl.obolibrary.org/obo/GO_2000897
http://purl.obolibrary.org/obo/GO_2000945, http://purl.obolibrary.org/obo/GO_2000897
http://purl.obolibrary.org/obo/GO_2000948, http://purl.obolibrary.org/obo/GO_0010411
http://purl.obolibrary.org/obo/GO_2000948, http://purl.obolibrary.org/obo/GO_0010411
http://purl.obolibrary.org/obo/GO_2000951, http://purl.obolibrary.org/obo/GO_2000899
http://purl.obolibrary.org/obo/GO_2000951, http://purl.obolibrary.org/obo/GO_2000899
http://purl.obolibrary.org/obo/GO_2000954, http://purl.obolibrary.org/obo/GO_2000900
http://purl.obolibrary.org/obo/GO_2000954, http://purl.obolibrary.org/obo/GO_2000900
http://purl.obolibrary.org/obo/GO_2000957, http://purl.obolibrary.org/obo/GO_2000901
http://purl.obolibrary.org/obo/GO_2000957, http://purl.obolibrary.org/obo/GO_2000901
http://purl.obolibrary.org/obo/GO_2000960, http://purl.obolibrary.org/obo/GO_2000902
http://purl.obolibrary.org/obo/GO_2000960, http://purl.obolibrary.org/obo/GO_2000902
http://purl.obolibrary.org/obo/GO_2000963, http://purl.obolibrary.org/obo/GO_2000903
http://purl.obolibrary.org/obo/GO_2000963, http://purl.obolibrary.org/obo/GO_2000903
http://purl.obolibrary.org/obo/GO_2000966, http://purl.obolibrary.org/obo/GO_0044347
http://purl.obolibrary.org/obo/GO_2000966, http://purl.obolibrary.org/obo/GO_0044347
http://purl.obolibrary.org/obo/GO_2000970, http://purl.obolibrary.org/obo/GO_0051594
http://purl.obolibrary.org/obo/GO_2000970, http://purl.obolibrary.org/obo/GO_0051594
http://purl.obolibrary.org/obo/GO_2000973, http://purl.obolibrary.org/obo/GO_0002328
http://purl.obolibrary.org/obo/GO_2000973, http://purl.obolibrary.org/obo/GO_0002328
http://purl.obolibrary.org/obo/GO_2000977, http://purl.obolibrary.org/obo/GO_0021879
http://purl.obolibrary.org/obo/GO_2000977, http://purl.obolibrary.org/obo/GO_0021879
http://purl.obolibrary.org/obo/GO_2000980, http://purl.obolibrary.org/obo/GO_0060113
http://purl.obolibrary.org/obo/GO_2000980, http://purl.obolibrary.org/obo/GO_0060113
http://purl.obolibrary.org/obo/GO_2000983, http://purl.obolibrary.org/obo/GO_0003878
http://purl.obolibrary.org/obo/GO_2000983, http://purl.obolibrary.org/obo/GO_0003878
http://purl.obolibrary.org/obo/GO_2000988, http://purl.obolibrary.org/obo/GO_2000895
http://purl.obolibrary.org/obo/GO_2000988, http://purl.obolibrary.org/obo/GO_2000895
http://purl.obolibrary.org/obo/GO_2000991, http://purl.obolibrary.org/obo/GO_0051682
http://purl.obolibrary.org/obo/GO_2000991, http://purl.obolibrary.org/obo/GO_0051682
http://purl.obolibrary.org/obo/GO_2000994, http://purl.obolibrary.org/obo/GO_0046355
http://purl.obolibrary.org/obo/GO_2000994, http://purl.obolibrary.org/obo/GO_0046355
http://purl.obolibrary.org/obo/GO_2000997, http://purl.obolibrary.org/obo/GO_0030245
http://purl.obolibrary.org/obo/GO_2000997, http://purl.obolibrary.org/obo/GO_0030245
http://purl.obolibrary.org/obo/GO_2001000, http://purl.obolibrary.org/obo/GO_0045493
http://purl.obolibrary.org/obo/GO_2001000, http://purl.obolibrary.org/obo/GO_0045493
http://purl.obolibrary.org/obo/GO_2001003, http://purl.obolibrary.org/obo/GO_0045490
http://purl.obolibrary.org/obo/GO_2001003, http://purl.obolibrary.org/obo/GO_0045490
http://purl.obolibrary.org/obo/GO_2001006, http://purl.obolibrary.org/obo/GO_0030244
http://purl.obolibrary.org/obo/GO_2001006, http://purl.obolibrary.org/obo/GO_0030244
http://purl.obolibrary.org/obo/GO_2001009, http://purl.obolibrary.org/obo/GO_0052324
http://purl.obolibrary.org/obo/GO_2001009, http://purl.obolibrary.org/obo/GO_0052324
http://purl.obolibrary.org/obo/GO_2001014, http://purl.obolibrary.org/obo/GO_0035914
http://purl.obolibrary.org/obo/GO_2001014, http://purl.obolibrary.org/obo/GO_0035914
http://purl.obolibrary.org/obo/GO_2001017, http://purl.obolibrary.org/obo/GO_0008090
http://purl.obolibrary.org/obo/GO_2001017, http://purl.obolibrary.org/obo/GO_0008090
http://purl.obolibrary.org/obo/GO_2001023, http://purl.obolibrary.org/obo/GO_0009410
http://purl.obolibrary.org/obo/GO_2001023, http://purl.obolibrary.org/obo/GO_0009410
http://purl.obolibrary.org/obo/GO_2001026, http://purl.obolibrary.org/obo/GO_0035767
http://purl.obolibrary.org/obo/GO_2001026, http://purl.obolibrary.org/obo/GO_0035767
http://purl.obolibrary.org/obo/GO_2001029, http://purl.obolibrary.org/obo/GO_0052695
http://purl.obolibrary.org/obo/GO_2001029, http://purl.obolibrary.org/obo/GO_0052695
http://purl.obolibrary.org/obo/GO_2001032, http://purl.obolibrary.org/obo/GO_0006303
http://purl.obolibrary.org/obo/GO_2001032, http://purl.obolibrary.org/obo/GO_0006303
http://purl.obolibrary.org/obo/GO_2001035, http://purl.obolibrary.org/obo/GO_0035981
http://purl.obolibrary.org/obo/GO_2001035, http://purl.obolibrary.org/obo/GO_0035981
http://purl.obolibrary.org/obo/GO_2001038, http://purl.obolibrary.org/obo/GO_0071466
http://purl.obolibrary.org/obo/GO_2001038, http://purl.obolibrary.org/obo/GO_0071466
http://purl.obolibrary.org/obo/GO_2001044, http://purl.obolibrary.org/obo/GO_0007229
http://purl.obolibrary.org/obo/GO_2001044, http://purl.obolibrary.org/obo/GO_0007229
http://purl.obolibrary.org/obo/GO_2001049, http://purl.obolibrary.org/obo/GO_0035990
http://purl.obolibrary.org/obo/GO_2001049, http://purl.obolibrary.org/obo/GO_0035990
http://purl.obolibrary.org/obo/GO_2001053, http://purl.obolibrary.org/obo/GO_0097152
http://purl.obolibrary.org/obo/GO_2001053, http://purl.obolibrary.org/obo/GO_0097152
http://purl.obolibrary.org/obo/GO_2001074, http://purl.obolibrary.org/obo/GO_0035502
http://purl.obolibrary.org/obo/GO_2001074, http://purl.obolibrary.org/obo/GO_0035502
http://purl.obolibrary.org/obo/GO_2001109, http://purl.obolibrary.org/obo/GO_0097166
http://purl.obolibrary.org/obo/GO_2001109, http://purl.obolibrary.org/obo/GO_0097166
http://purl.obolibrary.org/obo/GO_2001112, http://purl.obolibrary.org/obo/GO_0035729
http://purl.obolibrary.org/obo/GO_2001112, http://purl.obolibrary.org/obo/GO_0035729
http://purl.obolibrary.org/obo/GO_2001124, http://purl.obolibrary.org/obo/GO_0006452
http://purl.obolibrary.org/obo/GO_2001124, http://purl.obolibrary.org/obo/GO_0006452
http://purl.obolibrary.org/obo/GO_2001135, http://purl.obolibrary.org/obo/GO_0032456
http://purl.obolibrary.org/obo/GO_2001135, http://purl.obolibrary.org/obo/GO_0032456
http://purl.obolibrary.org/obo/GO_2001138, http://purl.obolibrary.org/obo/GO_0015914
http://purl.obolibrary.org/obo/GO_2001138, http://purl.obolibrary.org/obo/GO_0015914
http://purl.obolibrary.org/obo/GO_2001141, http://purl.obolibrary.org/obo/GO_0032774
http://purl.obolibrary.org/obo/GO_2001141, http://purl.obolibrary.org/obo/GO_0032774
http://purl.obolibrary.org/obo/GO_2001144, http://purl.obolibrary.org/obo/GO_0034485
http://purl.obolibrary.org/obo/GO_2001144, http://purl.obolibrary.org/obo/GO_0034485
http://purl.obolibrary.org/obo/GO_2001148, http://purl.obolibrary.org/obo/GO_0035442
http://purl.obolibrary.org/obo/GO_2001148, http://purl.obolibrary.org/obo/GO_0035442
http://purl.obolibrary.org/obo/GO_2001151, http://purl.obolibrary.org/obo/GO_0003097
http://purl.obolibrary.org/obo/GO_2001151, http://purl.obolibrary.org/obo/GO_0003097
http://purl.obolibrary.org/obo/GO_2001154, http://purl.obolibrary.org/obo/GO_0019655
http://purl.obolibrary.org/obo/GO_2001154, http://purl.obolibrary.org/obo/GO_0019655
http://purl.obolibrary.org/obo/GO_2001156, http://purl.obolibrary.org/obo/GO_0010133
http://purl.obolibrary.org/obo/GO_2001156, http://purl.obolibrary.org/obo/GO_0010133
http://purl.obolibrary.org/obo/GO_2001159, http://purl.obolibrary.org/obo/GO_0032258
http://purl.obolibrary.org/obo/GO_2001159, http://purl.obolibrary.org/obo/GO_0032258
http://purl.obolibrary.org/obo/GO_2001169, http://purl.obolibrary.org/obo/GO_0006754
http://purl.obolibrary.org/obo/GO_2001169, http://purl.obolibrary.org/obo/GO_0006754
http://purl.obolibrary.org/obo/GO_2001176, http://purl.obolibrary.org/obo/GO_0036034
http://purl.obolibrary.org/obo/GO_2001176, http://purl.obolibrary.org/obo/GO_0036034
http://purl.obolibrary.org/obo/GO_2001185, http://purl.obolibrary.org/obo/GO_0036037
http://purl.obolibrary.org/obo/GO_2001185, http://purl.obolibrary.org/obo/GO_0036037
http://purl.obolibrary.org/obo/GO_2001188, http://purl.obolibrary.org/obo/GO_0002291
http://purl.obolibrary.org/obo/GO_2001188, http://purl.obolibrary.org/obo/GO_0002291
http://purl.obolibrary.org/obo/GO_2001191, http://purl.obolibrary.org/obo/GO_0002290
http://purl.obolibrary.org/obo/GO_2001191, http://purl.obolibrary.org/obo/GO_0002290
http://purl.obolibrary.org/obo/GO_2001194, http://purl.obolibrary.org/obo/GO_0051975
http://purl.obolibrary.org/obo/GO_2001194, http://purl.obolibrary.org/obo/GO_0051975
http://purl.obolibrary.org/obo/GO_2001198, http://purl.obolibrary.org/obo/GO_0097028
http://purl.obolibrary.org/obo/GO_2001198, http://purl.obolibrary.org/obo/GO_0097028
http://purl.obolibrary.org/obo/GO_2001204, http://purl.obolibrary.org/obo/GO_0036035
http://purl.obolibrary.org/obo/GO_2001204, http://purl.obolibrary.org/obo/GO_0036035
http://purl.obolibrary.org/obo/GO_2001207, http://purl.obolibrary.org/obo/GO_0006362
http://purl.obolibrary.org/obo/GO_2001207, http://purl.obolibrary.org/obo/GO_0006362
http://purl.obolibrary.org/obo/GO_2001210, http://purl.obolibrary.org/obo/GO_0019287
http://purl.obolibrary.org/obo/GO_2001210, http://purl.obolibrary.org/obo/GO_0019287
http://purl.obolibrary.org/obo/GO_2001212, http://purl.obolibrary.org/obo/GO_0001570
http://purl.obolibrary.org/obo/GO_2001212, http://purl.obolibrary.org/obo/GO_0001570
http://purl.obolibrary.org/obo/GO_2001222, http://purl.obolibrary.org/obo/GO_0001764
http://purl.obolibrary.org/obo/GO_2001222, http://purl.obolibrary.org/obo/GO_0001764
http://purl.obolibrary.org/obo/GO_2001225, http://purl.obolibrary.org/obo/GO_0006821
http://purl.obolibrary.org/obo/GO_2001225, http://purl.obolibrary.org/obo/GO_0006821
http://purl.obolibrary.org/obo/GO_2001228, http://purl.obolibrary.org/obo/GO_0010332
http://purl.obolibrary.org/obo/GO_2001228, http://purl.obolibrary.org/obo/GO_0010332
http://purl.obolibrary.org/obo/GO_2001231, http://purl.obolibrary.org/obo/GO_1902657
http://purl.obolibrary.org/obo/GO_2001231, http://purl.obolibrary.org/obo/GO_1902657
http://purl.obolibrary.org/obo/GO_2001233, http://purl.obolibrary.org/obo/GO_0097190
http://purl.obolibrary.org/obo/GO_2001233, http://purl.obolibrary.org/obo/GO_0097190
http://purl.obolibrary.org/obo/GO_2001236, http://purl.obolibrary.org/obo/GO_0097191
http://purl.obolibrary.org/obo/GO_2001236, http://purl.obolibrary.org/obo/GO_0097191
http://purl.obolibrary.org/obo/GO_2001239, http://purl.obolibrary.org/obo/GO_0097192
http://purl.obolibrary.org/obo/GO_2001239, http://purl.obolibrary.org/obo/GO_0097192
http://purl.obolibrary.org/obo/GO_2001242, http://purl.obolibrary.org/obo/GO_0097193
http://purl.obolibrary.org/obo/GO_2001242, http://purl.obolibrary.org/obo/GO_0097193
http://purl.obolibrary.org/obo/GO_2001245, http://purl.obolibrary.org/obo/GO_0006656
http://purl.obolibrary.org/obo/GO_2001245, http://purl.obolibrary.org/obo/GO_0006656
http://purl.obolibrary.org/obo/GO_2001248, http://purl.obolibrary.org/obo/GO_0019676
http://purl.obolibrary.org/obo/GO_2001248, http://purl.obolibrary.org/obo/GO_0019676
http://purl.obolibrary.org/obo/GO_2001256, http://purl.obolibrary.org/obo/GO_0002115
http://purl.obolibrary.org/obo/GO_2001256, http://purl.obolibrary.org/obo/GO_0002115
http://purl.obolibrary.org/obo/GO_2001257, http://purl.obolibrary.org/obo/GO_0005261
http://purl.obolibrary.org/obo/GO_2001257, http://purl.obolibrary.org/obo/GO_0005261
http://purl.obolibrary.org/obo/GO_2001260, http://purl.obolibrary.org/obo/GO_0071526
http://purl.obolibrary.org/obo/GO_2001260, http://purl.obolibrary.org/obo/GO_0071526
http://purl.obolibrary.org/obo/GO_2001263, http://purl.obolibrary.org/obo/GO_0019957
http://purl.obolibrary.org/obo/GO_2001263, http://purl.obolibrary.org/obo/GO_0019957
http://purl.obolibrary.org/obo/GO_2001267, http://purl.obolibrary.org/obo/GO_0097199
http://purl.obolibrary.org/obo/GO_2001267, http://purl.obolibrary.org/obo/GO_0097199
http://purl.obolibrary.org/obo/GO_2001270, http://purl.obolibrary.org/obo/GO_0097200
http://purl.obolibrary.org/obo/GO_2001270, http://purl.obolibrary.org/obo/GO_0097200
http://purl.obolibrary.org/obo/GO_2001276, http://purl.obolibrary.org/obo/GO_0009098
http://purl.obolibrary.org/obo/GO_2001276, http://purl.obolibrary.org/obo/GO_0009098
http://purl.obolibrary.org/obo/GO_2001279, http://purl.obolibrary.org/obo/GO_0006636
http://purl.obolibrary.org/obo/GO_2001279, http://purl.obolibrary.org/obo/GO_0006636
http://purl.obolibrary.org/obo/GO_2001281, http://purl.obolibrary.org/obo/GO_0036061
http://purl.obolibrary.org/obo/GO_2001281, http://purl.obolibrary.org/obo/GO_0036061
http://purl.obolibrary.org/obo/GO_2001284, http://purl.obolibrary.org/obo/GO_0038055
http://purl.obolibrary.org/obo/GO_2001284, http://purl.obolibrary.org/obo/GO_0038055
http://purl.obolibrary.org/obo/GO_2001286, http://purl.obolibrary.org/obo/GO_0072584
http://purl.obolibrary.org/obo/GO_2001286, http://purl.obolibrary.org/obo/GO_0072584
