regulator,edge,regulated
aaeR,+,aaeA
aaeR,+,aaeB
aaeR,+,aaeX
accA,-,accA
accA,-,accD
accB,-,accB
accB,-,accC
accD,-,accA
accD,-,accD
acnB,+,acnB
acrR,-,acrA
acrR,-,acrB
acrR,-,acrR
acrR,-,flhC
acrR,-,flhD
acrR,-,marA
acrR,-,marB
acrR,-,marR
acrR,-,mdtI
acrR,-,mdtJ
acrR,-,mdtU
acrR,-,micF
acrR,-,puuA
acrR,-,soxR
acrR,-,soxS
ada,-+,ada
ada,+,aidB
ada,+,alkA
ada,-+,alkB
adiY,+,adiA
adiY,+,gadA
adiY,+,gadB
adiY,+,gadC
adiY,+,gadX
adiY,+,gltB
adiY,+,gltD
adiY,+,gltF
agaR,-,agaB
agaR,-,agaC
agaR,-,agaD
agaR,-,agaI
agaR,-,agaR
agaR,-,agaS
agaR,-,agaV
agaR,-,kbaY
agaR,-,kbaZ
agrB,-,dinQ
aidB,-,aidB
alaS,-,alaS
allR,-,allA
allR,-,allB
allR,-,allS
allR,-,allW
allR,-,gcl
allR,-,glxK
allR,-,glxR
allR,-,hyi
allR,-,ybbY
allS,+,allC
allS,+,allD
allS,+,allE
alpA,+,intA
alpA,-,phoB
alpA,-,phoR
alsR,-,alsA
alsR,-,alsB
alsR,-,alsC
alsR,-,alsE
alsR,-,alsR
alsR,-,rpiB
ameF,+,mazE
ameF,+,mazF
appY,+,appA
appY,+,appB
appY,+,appC
appY,+,appX
appY,+,hyaA
appY,+,hyaB
appY,+,hyaC
appY,+,hyaD
appY,+,hyaE
appY,+,hyaF
araC,-+,araA
araC,-+,araB
araC,-+,araC
araC,-+,araD
araC,+,araE
araC,+,araF
araC,+,araG
araC,+,araH
araC,+,araJ
araC,-,xylA
araC,-,xylB
araC,-,ydeM
araC,-,ydeN
araC,+,ygeA
araC,-,yjfF
araC,-,ytfQ
araC,-,ytfR
araC,-,ytfT
arcA,-,aceA
arcA,-,aceB
arcA,-,aceE
arcA,-,aceF
arcA,-,aceK
arcA,+,ackA
arcA,-,acnA
arcA,-,acnB
arcA,+,acpP
arcA,-,aldA
arcA,+,appA
arcA,+,appB
arcA,+,appC
arcA,+,appX
arcA,+,appY
arcA,+,arcA
arcA,-,arcZ
arcA,+,argR
arcA,-,argT
arcA,-,betA
arcA,-,betB
arcA,-,betI
arcA,-,betT
arcA,-,cadA
arcA,-,cadB
arcA,+,caiA
arcA,+,caiB
arcA,+,caiC
arcA,+,caiD
arcA,+,caiE
arcA,+,caiT
arcA,+,carA
arcA,-,citC
arcA,-,citD
arcA,-,citE
arcA,-,citF
arcA,-,citG
arcA,-,citX
arcA,-,cycA
arcA,+,cydA
arcA,+,cydB
arcA,+,cydC
arcA,+,cydD
arcA,-,cyoA
arcA,-,cyoB
arcA,-,cyoC
arcA,-,cyoD
arcA,-,cyoE
arcA,-,dctA
arcA,+,dcuA
arcA,+,dcuB
arcA,+,dcuC
arcA,+,dpiA
arcA,+,dpiB
arcA,+,dppA
arcA,+,dsbB
arcA,-,fadA
arcA,-,fadB
arcA,-,fadD
arcA,-,fadE
arcA,-,fadH
arcA,-,fadI
arcA,-,fadJ
arcA,-,fadL
arcA,-,feoA
arcA,-,fnr
arcA,-+,focA
arcA,-,folE
arcA,-,fumA
arcA,+,fumB
arcA,-,fumC
arcA,+,gadA
arcA,+,gadE
arcA,+,gadF
arcA,+,gadX
arcA,-,gatA
arcA,-,gatB
arcA,-,gatD
arcA,-,gatY
arcA,-,gatZ
arcA,+,gcvB
arcA,-,glaH
arcA,-,glcA
arcA,-,glcB
arcA,-,glcC
arcA,-,glcD
arcA,-,glcE
arcA,-,glcF
arcA,-,glcG
arcA,-,glpA
arcA,-,glpB
arcA,-,glpC
arcA,-,glpD
arcA,-,glpE
arcA,-,gltA
arcA,+,grcA
arcA,+,hemA
arcA,+,hyaA
arcA,+,hyaB
arcA,+,hyaC
arcA,+,hyaD
arcA,+,hyaE
arcA,+,hyaF
arcA,-,hybA
arcA,-,hybB
arcA,-,hybC
arcA,-,hybD
arcA,-,hybE
arcA,-,hybF
arcA,-,hybG
arcA,-,hybO
arcA,-,icd
arcA,+,igaA
arcA,+,iraM
arcA,-,kdpA
arcA,-,kgtP
arcA,-,lldD
arcA,-,lldP
arcA,-,lldR
arcA,-,lpd
arcA,+,manA
arcA,-,mdh
arcA,+,micF
arcA,+,moeA
arcA,+,moeB
arcA,-,mqo
arcA,-,msrB
arcA,-,ndh
arcA,-,ndk
arcA,-,nudE
arcA,-,nuoA
arcA,-,nuoB
arcA,-,nuoC
arcA,-,nuoE
arcA,-,nuoF
arcA,-,nuoG
arcA,-,nuoH
arcA,-,nuoI
arcA,-,nuoJ
arcA,-,nuoK
arcA,-,nuoL
arcA,-,nuoM
arcA,-,nuoN
arcA,+,nupC
arcA,-,ompW
arcA,-+,oppA
arcA,-,oppB
arcA,-,oppC
arcA,-,oppD
arcA,-,oppF
arcA,-,osmY
arcA,-,pepN
arcA,+,pflB
arcA,-,phoH
arcA,+,pldA
arcA,+,pncB
arcA,+,pntA
arcA,-,potF
arcA,-,pqqU
arcA,+,prfA
arcA,+,prmC
arcA,-,ptsG
arcA,-,putA
arcA,-,putP
arcA,-,puuA
arcA,-,puuB
arcA,-,puuC
arcA,-,puuD
arcA,-,puuE
arcA,-,puuP
arcA,-,puuR
arcA,+,pyrS
arcA,-,rhaT
arcA,+,rho
arcA,-,rmf
arcA,-,rplB
arcA,-,rplC
arcA,-,rplD
arcA,-,rplP
arcA,-,rplV
arcA,-,rplW
arcA,-,rpmC
arcA,-,rpoS
arcA,-,rpsC
arcA,-,rpsJ
arcA,-,rpsQ
arcA,-,rpsS
arcA,-,rsd
arcA,+,rstA
arcA,+,rutA
arcA,+,rutB
arcA,+,rutC
arcA,+,rutD
arcA,+,rutE
arcA,+,rutF
arcA,+,rutG
arcA,-+,sdhA
arcA,-+,sdhB
arcA,-+,sdhC
arcA,-+,sdhD
arcA,-+,sdhX
arcA,-,sodA
arcA,-,ssb
arcA,+,sstT
arcA,-,sthA
arcA,-+,sucA
arcA,-+,sucB
arcA,-+,sucC
arcA,-+,sucD
arcA,-,thiC
arcA,-,thrA
arcA,-,tpx
arcA,+,treB
arcA,+,treC
arcA,-,ubiA
arcA,-,ubiC
arcA,-,uvrA
arcA,-,xthA
arcA,+,xylR
arcA,+,ybdN
arcA,+,ybfA
arcA,-,ybiU
arcA,-,ydeA
arcA,-,ydgC
arcA,-,yeiQ
arcA,-,yejG
arcA,+,yfiF
arcA,+,yhgE
arcA,-,yhjE
arcA,-,yieE
arcA,-,yigI
arcA,-,yjiR
arcA,-,ymjE
arcA,-,ynaJ
arcA,-,yncE
arcZ,-,eptB
arcZ,-,flhC
arcZ,-,flhD
arcZ,-,lrhA
arcZ,-,mutS
arcZ,+,rpoS
argP,+,argO
argP,-,argP
argP,+,asd
argP,+,dapB
argP,+,dapD
argP,+,dnaA
argP,+,dnaN
argP,+,gdhA
argP,+,lysA
argP,+,lysC
argP,+,lysP
argP,+,nrdA
argP,+,nrdB
argP,+,recF
argP,+,yfaE
argR,-,argA
argR,-,argB
argR,-,argC
argR,-,argD
argR,-,argE
argR,-,argF
argR,-,argG
argR,-,argH
argR,-,argI
argR,-,argR
argR,-,aroK
argR,+,aroP
argR,-,artI
argR,-,artJ
argR,-,artM
argR,-,artP
argR,-,artQ
argR,+,astA
argR,+,astB
argR,+,astC
argR,+,astD
argR,+,astE
argR,-,carA
argR,-,carB
argR,-,cvpA
argR,-,dacC
argR,-,dps
argR,+,eutS
argR,-,ftsZ
argR,-,gltB
argR,-,gltD
argR,-,gltF
argR,+,gltP
argR,-,hchA
argR,-,hisJ
argR,-,hisL
argR,-,hisM
argR,-,hisP
argR,-,hisQ
argR,-,infB
argR,-,lrp
argR,-,lysO
argR,-,mcaS
argR,-,metY
argR,-,mukE
argR,-,nusA
argR,-,pfkB
argR,-,pnp
argR,-,potF
argR,+,puuB
argR,-,pyrL
argR,-,rbfA
argR,-,rimP
argR,-,rpsO
argR,-,stpA
argR,-,truB
argR,-,waaA
argR,+,yaaU
argR,-,ydgI
argR,-,yfcC
argR,+,yffB
argR,-,yhcC
argR,+,yraQ
arrS,+,cfa
arrS,+,gadE
arrS,+,gadF
arsR,-,arsB
arsR,-,arsC
arsR,-,arsR
ascG,-,ascB
ascG,-,ascF
ascG,-,htpG
ascG,-,prpR
ascG,-,ybiT
asflhD,-,flhD
asnC,+,asnA
asnC,-,asnC
asnC,-,mioC
asnC,-,mnmG
atoC,+,atoA
atoC,+,atoB
atoC,+,atoD
atoC,+,atoE
azuR,-,cadA
azuR,-,galE
baeR,+,acrD
baeR,+,baeR
baeR,+,baeS
baeR,+,mdtA
baeR,+,mdtB
baeR,+,mdtC
baeR,+,mdtD
baeR,+,spy
baeR,+,ycaC
basR,+,arnA
basR,+,arnB
basR,+,arnC
basR,+,arnD
basR,+,arnE
basR,+,arnF
basR,+,arnT
basR,+,csgD
basR,+,csgE
basR,+,csgF
basR,+,csgG
basR,+,cspI
basR,+,dgkA
basR,+,emrD
basR,+,eptA
basR,+,fimB
basR,+,glpA
basR,+,glpB
basR,+,glpC
basR,+,hha
basR,-,putA
basR,+,qseB
basR,+,qseC
basR,+,tomB
basR,+,waaH
basR,-,yrbL
betI,-,betA
betI,-,betB
betI,-,betI
betI,-,betT
bglG,+,bglB
bglG,+,bglF
bglG,+,bglG
bglJ,+,bglB
bglJ,+,bglF
bglJ,+,bglG
bglJ,+,leuO
bglJ,+,sfsB
bglJ,+,yecT
bglJ,+,yehF
bglJ,+,ygiZ
bglJ,+,yidL
bglJ,+,ynbA
bglJ,+,ynbB
bglJ,+,ynbC
bglJ,+,ynbD
bglJ,+,ynjI
bglJ,+,yqhG
birA,-,bioA
birA,-,bioB
birA,-,bioC
birA,-,bioD
birA,-,bioF
bluR,-,ariR
bluR,-,ycgZ
bluR,-,ymgA
bluR,-,ymgC
bolA,-+,ampC
bolA,+,csgA
bolA,+,csgD
bolA,+,csgE
bolA,+,csgF
bolA,+,csgG
bolA,-+,dacC
bolA,+,fimH
bolA,-,mreB
bolA,-,mreC
bolA,-,mreD
btsR,-,aceE
btsR,-,aceF
btsR,+,btsT
btsR,-,csgA
btsR,-,csgB
btsR,-,csgC
btsR,-,csgD
btsR,-,csgE
btsR,-,csgF
btsR,-,csgG
btsR,-,cspC
btsR,-,lpd
btsR,-,mdh
btsR,-,pdhR
btsR,-,yobF
C0293,-,fadR
C0293,-,hcaR
C0293,-,iroK
cadC,+,cadA
cadC,+,cadB
cadC,+,cadC
caiF,+,caiA
caiF,+,caiB
caiF,+,caiC
caiF,+,caiD
caiF,+,caiE
caiF,+,caiT
caiF,+,fixA
caiF,+,fixB
caiF,+,fixC
caiF,+,fixX
cbl,+,ssuA
cbl,+,ssuB
cbl,+,ssuC
cbl,+,ssuD
cbl,+,ssuE
cbl,+,tauA
cbl,+,tauB
cbl,+,tauC
cbl,+,tauD
cdaR,+,cdaR
cdaR,+,garD
cdaR,+,garK
cdaR,+,garL
cdaR,+,garP
cdaR,+,garR
cdaR,+,gudD
cdaR,+,gudP
cdaR,+,gudX
cdaR,+,rnpB
cecR,-,cecR
cecR,+,rhlE
cecR,-,ybhF
cecR,-,ybhG
cecR,-,ybhR
cecR,-,ybhS
chbR,-+,chbA
chbR,-+,chbB
chbR,-+,chbC
chbR,-+,chbF
chbR,-+,chbG
chbR,-+,chbR
chiX,-,chbC
chiX,-,chiP
chiX,-,chiQ
chiX,-,chiZ
chiX,-,dpiA
chiX,-,dpiB
citR,-,citR
citR,-,ybdM
citR,-,ybdN
comR,-,bhsA
cpxQ,-,cfa
cpxQ,-,cpxP
cpxQ,-,skp
cpxR,+,acrD
cpxR,-,acs
cpxR,+,ampH
cpxR,-,appC
cpxR,+,aroG
cpxR,-,ascF
cpxR,-,astC
cpxR,+,atpB
cpxR,+,atpI
cpxR,+,bacA
cpxR,+,baeR
cpxR,+,baeS
cpxR,-,bamE
cpxR,-,btsT
cpxR,+,carA
cpxR,+,carB
cpxR,+,casA
cpxR,-,cbl
cpxR,+,chaA
cpxR,-,chaB
cpxR,-,cheA
cpxR,-,cheW
cpxR,+,cpxA
cpxR,+,cpxP
cpxR,+,cpxQ
cpxR,+,cpxR
cpxR,-,csgA
cpxR,-,csgB
cpxR,-,csgC
cpxR,-,csgD
cpxR,-,csgE
cpxR,-,csgF
cpxR,-,csgG
cpxR,+,cspA
cpxR,-,cyaR
cpxR,+,degP
cpxR,+,dgcZ
cpxR,+,dgt
cpxR,+,dsbA
cpxR,+,dsbC
cpxR,+,dsbG
cpxR,-,eamA
cpxR,+,edd
cpxR,+,epmB
cpxR,+,ettA
cpxR,+,exbB
cpxR,+,fabZ
cpxR,-,fadE
cpxR,-,fadI
cpxR,+,fdnG
cpxR,-,feaR
cpxR,-,fimB
cpxR,+,focA
cpxR,+,frc
cpxR,-,frmB
cpxR,+,ftnB
cpxR,-,galP
cpxR,-,glsA
cpxR,-,gmhA
cpxR,+,gpmM
cpxR,+,gstA
cpxR,+,hcp
cpxR,+,hha
cpxR,+,inaA
cpxR,+,kbp
cpxR,+,ldtC
cpxR,+,ldtD
cpxR,+,lpxA
cpxR,+,lpxD
cpxR,+,marA
cpxR,+,marB
cpxR,+,marR
cpxR,-,matA
cpxR,+,mdtA
cpxR,+,mdtB
cpxR,+,mdtC
cpxR,+,mdtD
cpxR,+,metC
cpxR,-,motA
cpxR,-,motB
cpxR,-,motR
cpxR,-,mscM
cpxR,+,mtn
cpxR,+,mzrA
cpxR,-,nuoA
cpxR,+,ompC
cpxR,-,ompF
cpxR,-,pdeB
cpxR,+,pflB
cpxR,-,plsB
cpxR,+,ppiA
cpxR,+,ppiD
cpxR,-,psd
cpxR,-,qmcA
cpxR,-,rpoE
cpxR,+,rpoH
cpxR,+,rprA
cpxR,-,rseA
cpxR,-,rseB
cpxR,-,rseC
cpxR,-,rseD
cpxR,+,sbmA
cpxR,-,sdhC
cpxR,-,shoB
cpxR,+,skp
cpxR,+,slt
cpxR,+,spy
cpxR,+,srkA
cpxR,+,tomB
cpxR,-,tsr
cpxR,-,ung
cpxR,-,xylE
cpxR,+,yacH
cpxR,+,yaiW
cpxR,+,yccA
cpxR,+,yddG
cpxR,-,ydeE
cpxR,+,yebE
cpxR,+,ygjR
cpxR,-,yhdJ
cpxR,+,yibN
cpxR,+,yidQ
cpxR,+,yjfN
cpxR,+,yncE
cpxR,+,yqaE
cpxR,+,yqjA
cra,+,aceA
cra,+,aceB
cra,-,aceE
cra,-,aceF
cra,+,aceK
cra,+,acnA
cra,-+,acnB
cra,-,adhE
cra,+,aroP
cra,+,betA
cra,+,betB
cra,+,betI
cra,+,betT
cra,+,crp
cra,-+,crr
cra,+,csgD
cra,+,csgE
cra,+,csgF
cra,+,csgG
cra,+,cydA
cra,+,cydB
cra,-+,cyoA
cra,-+,cyoB
cra,-+,cyoC
cra,-+,cyoD
cra,-+,cyoE
cra,-,cysG
cra,-,eda
cra,-,edd
cra,-,eno
cra,-,envC
cra,-,epd
cra,-,fbaA
cra,-,fbaB
cra,+,fbp
cra,-,fruA
cra,-,fruB
cra,-,fruK
cra,-,fumD
cra,-,gapA
cra,-,glcC
cra,-+,glk
cra,-,gpmM
cra,-+,hisA
cra,-+,hisB
cra,-+,hisC
cra,-+,hisD
cra,-+,hisF
cra,-+,hisG
cra,-+,hisH
cra,-+,hisI
cra,-,hypF
cra,+,icd
cra,-,lpd
cra,-+,manX
cra,-+,manY
cra,-+,manZ
cra,-,marA
cra,-,marB
cra,-,marR
cra,+,mdtA
cra,+,metE
cra,-,mpl
cra,+,msrB
cra,-+,mtlA
cra,-+,mtlD
cra,-+,mtlR
cra,+,nikA
cra,+,nikB
cra,+,nikC
cra,+,nikD
cra,+,nikE
cra,+,nikR
cra,-,nirB
cra,-,nirC
cra,-,nirD
cra,-,nrdE
cra,-,nrdF
cra,-,nrdH
cra,-,nrdI
cra,+,nuoA
cra,+,nuoB
cra,+,nuoC
cra,+,nuoE
cra,+,nuoF
cra,+,nuoG
cra,+,nuoH
cra,+,nuoI
cra,+,nuoJ
cra,+,nuoK
cra,+,nuoL
cra,+,nuoM
cra,+,nuoN
cra,+,pck
cra,-,pdeL
cra,-,pdhR
cra,-,pfkA
cra,-,pgk
cra,-,php
cra,+,poxB
cra,-,ppc
cra,+,ppsA
cra,+,ppsR
cra,-,prpB
cra,-,prpC
cra,-,prpD
cra,-,prpE
cra,-+,ptsH
cra,-+,ptsI
cra,-,pykF
cra,+,raiA
cra,-,setA
cra,-,sgrS
cra,-,sgrT
cra,-,ssuA
cra,-,ssuB
cra,-,ssuC
cra,-,ssuD
cra,-,ssuE
cra,+,tmaR
cra,-,tpiA
cra,+,treB
cra,+,treC
cra,-,ychE
cra,+,yeaC
cra,-,yeaD
cra,-,yhfS
cra,-,yhfT
cra,-,yhfU
cra,-,yhfW
cra,-,yhfX
cra,-,yibQ
cra,-,zwf
creB,+,ackA
creB,+,cbrA
creB,+,cbrB
creB,+,cpdA
creB,+,creD
creB,-,malE
creB,-,malF
creB,-,malG
creB,-,malH
creB,+,nudF
creB,+,parE
creB,+,pta
creB,+,recG
creB,+,talA
creB,+,yqiA
creB,+,yqiB
crp,+,aaeA
crp,+,aaeB
crp,-,aaeR
crp,+,aaeX
crp,+,abgR
crp,-,aceA
crp,-,aceB
crp,+,aceE
crp,+,aceF
crp,-,aceK
crp,+,acnA
crp,+,acnB
crp,+,acs
crp,+,actP
crp,-,aegA
crp,+,aer
crp,+,agaV
crp,+,agp
crp,+,aldA
crp,+,aldB
crp,-,ampD
crp,-,ampE
crp,+,ansB
crp,+,aphA
crp,+,araA
crp,+,araB
crp,+,araC
crp,+,araD
crp,+,araE
crp,+,araF
crp,+,araG
crp,+,araH
crp,-+,araJ
crp,-,arfB
crp,+,argG
crp,-,aroA
crp,+,ascB
crp,+,ascF
crp,+,aspA
crp,-,azuC
crp,-,azuR
crp,+,bglB
crp,+,bglF
crp,+,bglG
crp,-,bhsA
crp,+,bidA
crp,+,btsT
crp,+,caiA
crp,+,caiB
crp,+,caiC
crp,+,caiD
crp,+,caiE
crp,+,caiF
crp,+,caiT
crp,-,cas1
crp,-,cas2
crp,+,cas3
crp,-,casA
crp,-,casB
crp,-,casC
crp,-,casD
crp,-,casE
crp,-+,cdd
crp,+,chbA
crp,+,chbB
crp,+,chbC
crp,+,chbF
crp,+,chbG
crp,+,chbR
crp,+,chiP
crp,+,chiQ
crp,+,chiZ
crp,+,cirA
crp,-,citC
crp,-,citD
crp,-,citE
crp,-,citF
crp,-,citG
crp,-,citX
crp,-,comR
crp,+,cpdB
crp,-+,crp
crp,-+,crr
crp,+,csgD
crp,+,csgE
crp,+,csgF
crp,+,csgG
crp,+,csiE
crp,+,cspD
crp,+,cspE
crp,-+,csqR
crp,-,csrC
crp,+,cstA
crp,-,cyaA
crp,+,cyaR
crp,+,cycA
crp,+,cyoA
crp,+,cyoB
crp,+,cyoC
crp,+,cyoD
crp,+,cyoE
crp,-,cysG
crp,-+,cytR
crp,-+,dadA
crp,-+,dadX
crp,+,dctA
crp,+,dcuA
crp,+,dcuB
crp,+,dcuR
crp,-+,deoA
crp,-+,deoB
crp,-+,deoC
crp,-+,deoD
crp,+,dgoA
crp,+,dgoD
crp,+,dgoK
crp,+,dgoR
crp,+,dgoT
crp,+,dksA
crp,-,dpiA
crp,-,dpiB
crp,+,dsdA
crp,+,dsdX
crp,-+,dusB
crp,+,ebgA
crp,+,ebgC
crp,+,elfA
crp,+,entA
crp,+,entB
crp,+,entC
crp,+,entD
crp,+,entE
crp,-,entF
crp,+,entH
crp,-+,envZ
crp,+,epd
crp,-,exuR
crp,+,exuT
crp,+,fadD
crp,+,fadH
crp,+,fadL
crp,+,fbaA
crp,+,feaB
crp,+,feaR
crp,+,fecA
crp,+,fecB
crp,+,fecC
crp,+,fecD
crp,+,fecE
crp,+,fepA
crp,-+,fis
crp,+,fiu
crp,+,fixA
crp,+,fixB
crp,+,fixC
crp,+,fixX
crp,+,flhC
crp,+,flhD
crp,+,focA
crp,+,focB
crp,+,frlA
crp,+,frlB
crp,+,frlC
crp,+,frlD
crp,+,frlR
crp,+,fucA
crp,+,fucI
crp,+,fucK
crp,+,fucO
crp,+,fucP
crp,+,fucR
crp,+,fucU
crp,+,fumA
crp,+,fumB
crp,-+,fumC
crp,-+,fumC
crp,+,fur
crp,+,gabD
crp,+,gabP
crp,+,gabT
crp,-,gadA
crp,-,gadB
crp,-,gadC
crp,-,gadE
crp,-,gadF
crp,-,gadX
crp,-+,galE
crp,-+,galK
crp,-+,galM
crp,+,galP
crp,+,galS
crp,-+,galT
crp,+,gapA
crp,+,gatA
crp,+,gatB
crp,+,gatD
crp,+,gatY
crp,+,gatZ
crp,-,gcd
crp,+,gcvH
crp,+,gcvP
crp,+,gcvT
crp,-,gdhA
crp,+,glaH
crp,+,glcC
crp,+,glgA
crp,+,glgC
crp,+,glgP
crp,+,glgS
crp,-+,glnA
crp,-+,glnG
crp,-+,glnL
crp,-+,glnZ
crp,+,glpA
crp,+,glpB
crp,+,glpC
crp,+,glpD
crp,+,glpE
crp,+,glpF
crp,+,glpG
crp,+,glpK
crp,+,glpQ
crp,+,glpT
crp,+,glpX
crp,+,gltA
crp,-,gltB
crp,-,gltD
crp,-,gltF
crp,+,gntK
crp,+,gntP
crp,+,gntT
crp,+,gntU
crp,+,gpsA
crp,+,grcA
crp,+,grpE
crp,+,guaA
crp,+,guaB
crp,+,gutM
crp,+,gutQ
crp,+,gyrA
crp,-,hflC
crp,-,hflK
crp,-,hflX
crp,-,hfq
crp,+,hicA
crp,+,hicB
crp,+,hlyE
crp,+,hofB
crp,+,hofC
crp,+,hofM
crp,+,hofN
crp,+,hofO
crp,+,hofP
crp,+,hpt
crp,-,htpG
crp,+,hupA
crp,+,hupB
crp,+,hyfA
crp,+,hyfB
crp,+,hyfC
crp,+,hyfD
crp,+,hyfE
crp,+,hyfF
crp,+,hyfG
crp,+,hyfH
crp,+,hyfI
crp,+,hyfJ
crp,+,hyfR
crp,+,idnD
crp,+,idnK
crp,+,idnO
crp,+,idnR
crp,+,idnT
crp,+,ilvB
crp,+,ilvN
crp,-,infB
crp,+,ivbL
crp,+,kbaZ
crp,-+,lacA
crp,+,lacI
crp,-+,lacY
crp,-+,lacZ
crp,+,lamB
crp,-+,ldtB
crp,+,lgoD
crp,+,lgoR
crp,+,lhgD
crp,-+,lpd
crp,+,lsrA
crp,+,lsrB
crp,+,lsrC
crp,+,lsrD
crp,+,lsrF
crp,+,lsrG
crp,+,lsrK
crp,+,lsrR
crp,-+,lyxK
crp,-+,lyxK
crp,+,malE
crp,+,malF
crp,+,malG
crp,+,malH
crp,-+,malI
crp,+,malK
crp,+,malM
crp,+,malS
crp,+,malT
crp,+,malX
crp,+,malY
crp,-+,manA
crp,+,manX
crp,+,manY
crp,+,manZ
crp,+,marA
crp,+,marB
crp,+,marR
crp,+,mazE
crp,+,mazF
crp,+,mcaS
crp,+,mdh
crp,-,mdtE
crp,-,mdtF
crp,+,melA
crp,+,melB
crp,+,melR
crp,-,metK
crp,-,metY
crp,+,mglA
crp,+,mglB
crp,+,mglC
crp,+,mhpA
crp,+,mhpB
crp,+,mhpC
crp,+,mhpD
crp,+,mhpE
crp,+,mhpF
crp,+,mhpR
crp,-+,mlc
crp,+,modA
crp,+,modB
crp,+,modC
crp,+,mokB
crp,+,mpl
crp,+,mtlA
crp,+,mtlD
crp,+,mtlR
crp,+,murP
crp,+,murQ
crp,+,nadC
crp,-+,nagA
crp,-+,nagB
crp,-+,nagC
crp,-+,nagE
crp,+,nanA
crp,+,nanC
crp,+,nanE
crp,+,nanK
crp,+,nanM
crp,+,nanQ
crp,+,nanS
crp,+,nanT
crp,-,narQ
crp,+,nfuA
crp,-,nirB
crp,-,nirC
crp,-,nirD
crp,-,nlpE
crp,+,nrdA
crp,+,nrdB
crp,+,nupC
crp,-+,nupG
crp,-,nusA
crp,+,ompA
crp,+,ompF
crp,-+,ompR
crp,-,ompW
crp,-,ortT
crp,-,osmY
crp,+,oxyR
crp,+,paaA
crp,+,paaB
crp,+,paaC
crp,+,paaD
crp,+,paaE
crp,+,paaF
crp,+,paaG
crp,+,paaH
crp,+,paaI
crp,+,paaJ
crp,+,paaK
crp,+,paaZ
crp,+,patZ
crp,-+,pck
crp,+,pdhR
crp,+,pflB
crp,+,pgk
crp,-,plaR
crp,-,pncB
crp,-,pnp
crp,+,ppdD
crp,-+,ppiA
crp,+,preA
crp,+,preT
crp,+,priB
crp,-+,proP
crp,+,prpB
crp,+,prpC
crp,+,prpD
crp,+,prpE
crp,+,prpR
crp,-,psiE
crp,+,psuG
crp,+,psuK
crp,+,ptsG
crp,-+,ptsH
crp,-+,ptsI
crp,-,purH
crp,-,putP
crp,-,puuB
crp,-,puuC
crp,-,puuD
crp,-,puuE
crp,-,puuR
crp,+,raiA
crp,+,raiZ
crp,-,rbfA
crp,+,rbsA
crp,+,rbsB
crp,+,rbsC
crp,+,rbsD
crp,+,rbsK
crp,+,rbsR
crp,+,rbsZ
crp,+,relA
crp,+,rhaA
crp,+,rhaB
crp,+,rhaD
crp,+,rhaR
crp,+,rhaS
crp,+,rhaT
crp,+,rihA
crp,-,rimP
crp,+,rmf
crp,-,rof
crp,+,rplI
crp,-,rplM
crp,+,rpoE
crp,-+,rpoH
crp,-,rpoS
crp,+,rpsF
crp,-,rpsI
crp,-,rpsO
crp,+,rpsR
crp,+,rseA
crp,+,rseB
crp,+,rseC
crp,+,rseD
crp,+,rspA
crp,+,rspB
crp,+,sbmC
crp,+,sdhA
crp,+,sdhB
crp,+,sdhC
crp,+,sdhD
crp,+,sdhX
crp,+,secB
crp,+,serA
crp,-,serC
crp,+,sfmA
crp,+,sfsA
crp,-+,sgbE
crp,-+,sgbE
crp,-+,sgbH
crp,-+,sgbH
crp,-+,sgbU
crp,-+,sgbU
crp,+,sgcA
crp,+,sgcB
crp,+,sgcC
crp,+,sgcE
crp,+,sgcQ
crp,+,sgcR
crp,+,sgcX
crp,+,sodA
crp,-,sodB
crp,-,sohB
crp,-,speC
crp,-,spf
crp,-,spfP
crp,+,srlA
crp,+,srlB
crp,+,srlD
crp,+,srlE
crp,+,srlR
crp,+,sucA
crp,+,sucB
crp,+,sucC
crp,+,sucD
crp,+,sxy
crp,+,tam
crp,+,tdcA
crp,+,tdcB
crp,+,tdcC
crp,+,tdcD
crp,+,tdcE
crp,+,tdcF
crp,+,tdcG
crp,+,tnaA
crp,+,tnaB
crp,+,tnaC
crp,+,treB
crp,+,treC
crp,+,trg
crp,-,truB
crp,-,trxA
crp,-+,tsx
crp,+,ubiG
crp,-+,udp
crp,+,ugpA
crp,+,ugpB
crp,+,ugpC
crp,+,ugpE
crp,+,ugpQ
crp,+,uhpT
crp,+,uhpU
crp,+,uidA
crp,+,uidB
crp,+,uidC
crp,+,ulaA
crp,+,ulaB
crp,+,ulaC
crp,+,ulaD
crp,+,ulaE
crp,+,ulaF
crp,-+,umpH
crp,+,uxaA
crp,+,uxaB
crp,+,uxaC
crp,+,uxuA
crp,+,uxuB
crp,+,uxuR
crp,-,xseA
crp,+,xylA
crp,+,xylB
crp,+,xylE
crp,+,xylF
crp,+,xylG
crp,+,xylH
crp,+,xylR
crp,-,yaeP
crp,-,yaeQ
crp,+,yahN
crp,+,ybgD
crp,-+,ybiT
crp,-+,ycdZ
crp,+,ychH
crp,+,yehA
crp,+,yehB
crp,+,yehC
crp,+,yehD
crp,+,yeiP
crp,+,yeiW
crp,+,yfaE
crp,+,yfcV
crp,+,ygcW
crp,+,ygeA
crp,+,ygeW
crp,-+,yhfA
crp,+,yhgH
crp,-+,yiaK
crp,-+,yiaK
crp,-+,yiaL
crp,-+,yiaL
crp,-+,yiaM
crp,-+,yiaM
crp,-+,yiaN
crp,-+,yiaN
crp,-+,yiaO
crp,-+,yiaO
crp,+,yjcH
crp,+,yjhG
crp,+,yjhH
crp,+,yjhI
crp,+,ykgR
crp,+,yqeF
crp,+,yraH
crp,+,ytfK
crp,+,zraR
crp,+,zraS
csgD,+,csgA
csgD,+,csgB
csgD,+,csgC
csgD,+,csgD
csgD,+,csgE
csgD,+,csgF
csgD,+,csgG
csgD,+,csgI
csgD,+,dgcC
csgD,-,flgM
csgD,-,flgN
csgD,-,fliA
csgD,-,fliE
csgD,-,fliF
csgD,-,fliG
csgD,-,fliH
csgD,-,fliI
csgD,-,fliJ
csgD,-,fliK
csgD,-,fliZ
csgD,+,iraP
csgD,+,nlpA
csgD,-,pepD
csgD,-,tcyJ
csgD,-,ubiT
csgD,+,wrbA
csgD,+,yccJ
csgD,-,yhbS
cspA,+,gyrA
cspA,+,hns
csqR,-,csqR
csqR,-,yihS
csqR,-,yihT
csqR,-,yihU
csqR,-,yihV
csrA,-,acnA
csrA,-,dgcI
csrA,-,dgcT
csrA,-,dgcZ
csrA,-,evgA
csrA,-,glgA
csrA,-,glgC
csrA,-,glgP
csrA,-,glgS
csrA,-,idlP
csrA,-,iraD
csrA,+,moaA
csrA,+,moaB
csrA,+,moaC
csrA,+,moaD
csrA,+,moaE
csrA,-,nhaR
csrA,-,pdeI
csrA,-,pgaA
csrA,-,pgaB
csrA,-,pgaC
csrA,-,pgaD
csrA,-,rpoE
csrA,-,sdiA
csrA,+,ymdA
cueR,+,copA
cueR,+,cueO
cueR,-,moaA
cueR,-,moaB
cueR,-,moaC
cueR,-,moaD
cueR,-,moaE
cueR,-,rmf
cueR,-,rsd
cusR,+,cusA
cusR,+,cusB
cusR,+,cusC
cusR,+,cusF
cusR,+,cusR
cusR,+,cusS
cusR,+,cyoA
cusR,+,cyoB
cusR,+,cyoC
cusR,+,cyoD
cusR,+,cyoE
cusR,+,hiuH
cusR,+,msrP
cusR,+,msrQ
cyaR,-,hdeD
cyaR,-,luxS
cyaR,-,nadE
cyaR,-,ompX
cyaR,-,rpoS
cyaR,-,yacL
cyaR,-,yobF
cyaR,-,yqaE
cynR,-,cynR
cynR,+,cynS
cynR,+,cynT
cynR,+,cynX
cysB,+,ariR
cysB,+,cbl
cysB,+,cysA
cysB,-,cysB
cysB,+,cysC
cysB,+,cysD
cysB,+,cysH
cysB,+,cysI
cysB,+,cysJ
cysB,+,cysK
cysB,+,cysM
cysB,+,cysN
cysB,+,cysP
cysB,+,cysU
cysB,+,cysW
cysB,+,dgcZ
cysB,-,hslJ
cysB,-,ssuA
cysB,-,ssuB
cysB,-,ssuC
cysB,-,ssuD
cysB,-,ssuE
cysB,+,tauA
cysB,+,tauB
cysB,+,tauC
cysB,+,tauD
cysB,+,tcyJ
cysB,+,tcyP
cysB,+,ybdN
cysB,+,yciW
cysB,+,yfbR
cysB,+,ygeH
cysB,+,yoaC
cytR,-,aphA
cytR,-,cdd
cytR,-,cytR
cytR,-,deoA
cytR,-,deoB
cytR,-,deoC
cytR,-,deoD
cytR,-,nupC
cytR,-,nupG
cytR,-,ppiA
cytR,-,rpoH
cytR,-,tsx
cytR,-,udp
cytR,-,ycdZ
dcuR,+,aspA
dcuR,+,dctA
dcuR,+,dcuA
dcuR,+,dcuB
dcuR,+,dpiA
dcuR,+,dpiB
dcuR,+,frdA
dcuR,+,frdB
dcuR,+,frdC
dcuR,+,frdD
dcuR,+,fumB
dcuR,+,pck
deaD,+,ldtD
deaD,+,mntR
deaD,+,sdiA
deaD,+,uvrY
decR,+,cyuA
decR,+,cyuP
deoR,-,deoA
deoR,-,deoB
deoR,-,deoC
deoR,-,deoD
deoR,-,nupG
deoR,-,tsx
dgoR,-,dgoA
dgoR,-,dgoD
dgoR,-,dgoK
dgoR,-,dgoR
dgoR,-,dgoT
dhaR,+,dhaK
dhaR,+,dhaL
dhaR,+,dhaM
dhaR,-,dhaR
dicA,+,dicA
dicA,-,dicB
dicA,-,dicC
dicA,-,ydfD
dicA,-,ydfW
dicA,-,ydfX
dicD,-,dicA
dicD,-,dicB
dicD,-,dicC
dicF,-,ftsZ
dicF,-,manX
dicF,-,pykA
dicF,-,xylR
dinJ,-,cspE
dinJ,-,dinJ
dinJ,-,yafQ
dksA,-,alaT
dksA,-,alaU
dksA,-,alaV
dksA,+,argI
dksA,-+,argX
dksA,+,csrA
dksA,+,csrB
dksA,+,csrC
dksA,-,dksA
dksA,-,dnaG
dksA,+,dsrA
dksA,-,dusB
dksA,-,fabD
dksA,-,fabG
dksA,-,fabH
dksA,-,fadR
dksA,+,fimB
dksA,-,fis
dksA,+,flu
dksA,-,folK
dksA,-,fusA
dksA,-,gltT
dksA,-,gltU
dksA,-,gltV
dksA,-,gltW
dksA,-,gluQ
dksA,+,hisA
dksA,+,hisB
dksA,+,hisC
dksA,+,hisD
dksA,+,hisF
dksA,+,hisG
dksA,+,hisH
dksA,+,hisI
dksA,+,hisL
dksA,-+,hisR
dksA,+,hlyE
dksA,+,hmp
dksA,-,idlP
dksA,-,ihfA
dksA,-,ihfB
dksA,-,ileT
dksA,-,ileU
dksA,-,ileV
dksA,-,infC
dksA,-,iraD
dksA,+,iraP
dksA,+,isrC
dksA,-+,leuT
dksA,+,livJ
dksA,-,mutM
dksA,-,obgE
dksA,-,pcnB
dksA,-,pheM
dksA,-,pheS
dksA,-,pheT
dksA,-+,proM
dksA,-,recG
dksA,-,rimM
dksA,-,rplA
dksA,-,rplB
dksA,-,rplC
dksA,-,rplD
dksA,-,rplE
dksA,-,rplF
dksA,-,rplJ
dksA,-,rplK
dksA,-,rplL
dksA,-,rplM
dksA,-,rplN
dksA,-,rplO
dksA,-,rplP
dksA,-,rplQ
dksA,-,rplR
dksA,-,rplS
dksA,-,rplT
dksA,-,rplU
dksA,-,rplV
dksA,-,rplW
dksA,-,rplX
dksA,-,rplY
dksA,-,rpmA
dksA,-,rpmB
dksA,-,rpmC
dksA,-,rpmD
dksA,-,rpmG
dksA,-,rpmI
dksA,-,rpmJ
dksA,-,rpoA
dksA,-,rpoB
dksA,-,rpoC
dksA,-,rpoD
dksA,+,rpoE
dksA,+,rpoS
dksA,-,rpoZ
dksA,-,rpsA
dksA,-,rpsC
dksA,-,rpsD
dksA,-,rpsE
dksA,-,rpsG
dksA,-,rpsH
dksA,-,rpsI
dksA,-,rpsJ
dksA,-,rpsK
dksA,-,rpsL
dksA,-,rpsM
dksA,-,rpsN
dksA,-,rpsP
dksA,-,rpsQ
dksA,-,rpsS
dksA,-,rpsT
dksA,-,rpsU
dksA,-,rrfA
dksA,-,rrfB
dksA,-,rrfC
dksA,-,rrfD
dksA,-,rrfE
dksA,-,rrfF
dksA,-,rrfG
dksA,-,rrfH
dksA,-,rrlA
dksA,-,rrlB
dksA,-,rrlC
dksA,-,rrlD
dksA,-,rrlE
dksA,-,rrlG
dksA,-,rrlH
dksA,-,rrsA
dksA,-,rrsB
dksA,-,rrsC
dksA,-,rrsD
dksA,-,rrsE
dksA,-,rrsG
dksA,-,rrsH
dksA,+,rseA
dksA,+,rseB
dksA,+,rseC
dksA,+,rybB
dksA,-,secY
dksA,+,setA
dksA,+,sgrR
dksA,+,sgrS
dksA,+,sgrT
dksA,-,spoT
dksA,+,sroA
dksA,+,talA
dksA,+,thiB
dksA,+,thiP
dksA,+,thiQ
dksA,+,thrA
dksA,+,thrB
dksA,+,thrC
dksA,+,thrL
dksA,-,thrS
dksA,-,thrV
dksA,+,tktB
dksA,-,trmD
dksA,-,trmH
dksA,-,tufA
dksA,-,yhbE
dksA,-,ytiC
dksA,-,ytiD
dnaA,-,aldA
dnaA,-+,dnaA
dnaA,-+,dnaN
dnaA,-,guaA
dnaA,-,guaB
dnaA,-,idlP
dnaA,-,iraD
dnaA,-+,nrdA
dnaA,-+,nrdB
dnaA,+,polA
dnaA,-+,recF
dnaA,-,recN
dnaA,-,rpoH
dnaA,-,uvrB
dnaA,-+,yfaE
dnaA,-,yjeV
dnaA,-,ytiC
dnaA,-,ytiD
dpiA,-,appY
dpiA,+,citC
dpiA,+,citD
dpiA,+,citE
dpiA,+,citF
dpiA,+,citG
dpiA,+,citX
dpiA,+,dpiA
dpiA,+,dpiB
dpiA,+,exuT
dpiA,+,mdh
dsdC,+,dsdA
dsdC,-,dsdC
dsdC,+,dsdX
dsrA,-,hns
dsrA,-,lrp
dsrA,-,rbsA
dsrA,-,rbsB
dsrA,-,rbsC
dsrA,-,rbsD
dsrA,-,rbsK
dsrA,-,rbsR
dsrA,-,rbsZ
dsrA,+,rpoS
ebgR,-,ebgA
ebgR,-,ebgC
envR,-,acrA
envR,-,acrB
envY,+,ompC
envY,+,ompF
evgA,+,acrD
evgA,+,emrK
evgA,+,emrY
evgA,+,evgA
evgA,+,evgL
evgA,+,evgS
evgA,+,frc
evgA,+,gadE
evgA,+,gadF
evgA,+,mdtE
evgA,+,mdtF
evgA,+,oxc
evgA,+,safA
evgA,+,ydeO
evgA,+,ydeP
evgA,+,yegR
evgA,+,yfdE
evgA,+,yfdV
evgA,+,yfdX
exuR,-,exuR
exuR,-,exuT
exuR,-,lgoD
exuR,-,lgoR
exuR,-,uxaA
exuR,-,uxaB
exuR,-,uxaC
exuR,-,uxuA
exuR,-,uxuB
exuR,-,uxuR
fabR,-,fabA
fabR,-,fabB
fadR,+,accA
fadR,+,accB
fadR,+,accC
fadR,+,accD
fadR,+,fabA
fadR,+,fabB
fadR,+,fabD
fadR,+,fabG
fadR,+,fabH
fadR,+,fabI
fadR,-,fadA
fadR,-,fadB
fadR,-,fadD
fadR,-,fadE
fadR,-,fadH
fadR,-,fadI
fadR,-,fadJ
fadR,-,fadL
fadR,-,fadM
fadR,+,fadR
fadR,+,iclR
fadR,-,uspA
feaR,+,feaB
feaR,+,tynA
fecI,+,fecA
fecI,+,fecB
fecI,+,fecC
fecI,+,fecD
fecI,+,fecE
fhlA,+,fdhF
fhlA,+,fhlA
fhlA,+,focB
fhlA,+,hycA
fhlA,+,hycB
fhlA,+,hycC
fhlA,+,hycD
fhlA,+,hycE
fhlA,+,hycF
fhlA,+,hycG
fhlA,+,hycH
fhlA,+,hycI
fhlA,+,hydN
fhlA,+,hyfA
fhlA,+,hyfB
fhlA,+,hyfC
fhlA,+,hyfD
fhlA,+,hyfE
fhlA,+,hyfF
fhlA,+,hyfG
fhlA,+,hyfH
fhlA,+,hyfI
fhlA,+,hyfJ
fhlA,+,hyfR
fhlA,+,hypA
fhlA,+,hypB
fhlA,+,hypC
fhlA,+,hypD
fhlA,+,hypE
fhlA,+,hypF
fimR2,-,fliG
fimR2,-,fliI
fimR2,-,fliJ
fimR2,-,fliR
fimR2,+,hofQ
fimZ,+,puuB
fimZ,+,puuC
fimZ,+,puuD
fimZ,+,sfmA
fimZ,+,sfmC
fis,-,acnB
fis,-,acs
fis,-,actP
fis,+,adhE
fis,+,alaT
fis,+,alaU
fis,+,alaV
fis,+,alaW
fis,+,alaX
fis,-,aldB
fis,-,ansB
fis,+,apaG
fis,+,apaH
fis,+,argU
fis,+,argW
fis,+,argX
fis,+,aspV
fis,-,bglB
fis,-,bglF
fis,-,bglG
fis,+,carA
fis,+,carB
fis,-,cbpA
fis,-,cbpM
fis,-,crp
fis,+,cspA
fis,-,cspI
fis,+,cyoA
fis,+,cyoB
fis,+,cyoC
fis,+,cyoD
fis,+,cyoE
fis,-,cysG
fis,+,deoA
fis,+,deoB
fis,+,deoC
fis,+,deoD
fis,-,dmsA
fis,-,dmsB
fis,-,dmsC
fis,-,dnaA
fis,-,dnaN
fis,-,dps
fis,-,dusB
fis,+,fadA
fis,+,fadB
fis,-+,fau
fis,+,fimA
fis,+,fimC
fis,+,fimD
fis,+,fimF
fis,+,fimG
fis,+,fimH
fis,+,fimI
fis,+,fimR2
fis,-,fis
fis,+,flxA
fis,-,fumB
fis,-,gadA
fis,-,gadB
fis,-,gadC
fis,-,gadX
fis,-,glcC
fis,+,glnA
fis,+,glnG
fis,+,glnL
fis,-,glnQ
fis,+,glnU
fis,+,glnV
fis,+,glnW
fis,+,glnX
fis,+,glnZ
fis,+,glpA
fis,+,glpB
fis,+,glpC
fis,+,glpQ
fis,+,glpT
fis,+,gltT
fis,+,gltU
fis,+,gltV
fis,+,gltW
fis,-,gltX
fis,+,glyT
fis,+,glyU
fis,+,grcA
fis,-,guaA
fis,-,guaB
fis,-,gyrA
fis,-,gyrB
fis,+,hisR
fis,-,hlyE
fis,+,hns
fis,+,hupA
fis,-,hupB
fis,-,hyaA
fis,-,hyaB
fis,-,hyaC
fis,-,hyaD
fis,-,hyaE
fis,-,hyaF
fis,+,ileT
fis,+,ileU
fis,+,ileV
fis,+,infB
fis,-,katE
fis,+,leuP
fis,+,leuQ
fis,+,leuT
fis,+,leuV
fis,+,leuW
fis,+,leuX
fis,+,lpd
fis,+,lysT
fis,+,lysV
fis,+,lysW
fis,+,malE
fis,+,malF
fis,+,malG
fis,+,malH
fis,+,marA
fis,+,marB
fis,+,marR
fis,+,mazE
fis,+,mazF
fis,+,mazG
fis,+,metT
fis,+,metU
fis,+,metY
fis,-,mglA
fis,-,mglC
fis,-,msrA
fis,-,mtlA
fis,-,mtlD
fis,-,mtlR
fis,-,nanA
fis,-,nanE
fis,-,nanK
fis,-,nanQ
fis,-,nanT
fis,-,narG
fis,-,narH
fis,-,narI
fis,-,narJ
fis,-,narK
fis,-,narS
fis,-+,ndh
fis,-,nirB
fis,-,nirC
fis,-,nirD
fis,+,nrdA
fis,+,nrdB
fis,-,nrfA
fis,-,nrfB
fis,-,nrfC
fis,-,nrfD
fis,-,nrfE
fis,-,nrfF
fis,-,nrfG
fis,+,nuoA
fis,+,nuoB
fis,+,nuoC
fis,+,nuoE
fis,+,nuoF
fis,+,nuoG
fis,+,nuoH
fis,+,nuoI
fis,+,nuoJ
fis,+,nuoK
fis,+,nuoL
fis,+,nuoM
fis,+,nuoN
fis,+,nusA
fis,-,ogt
fis,-,osmE
fis,-,osmY
fis,+,pdxA
fis,-,pflB
fis,+,pheU
fis,+,pheV
fis,+,pnp
fis,+,proK
fis,+,proL
fis,+,proM
fis,+,proP
fis,-+,ptsG
fis,-,pyrD
fis,+,queA
fis,+,rbfA
fis,-,recF
fis,+,rimP
fis,-+,rnpB
fis,-,rplM
fis,-,rpsI
fis,+,rpsO
fis,+,rrfA
fis,+,rrfB
fis,+,rrfC
fis,+,rrfD
fis,+,rrfE
fis,+,rrfF
fis,+,rrfG
fis,+,rrfH
fis,+,rrlA
fis,+,rrlB
fis,+,rrlC
fis,+,rrlD
fis,+,rrlE
fis,+,rrlG
fis,+,rrlH
fis,+,rrsA
fis,+,rrsB
fis,+,rrsC
fis,+,rrsD
fis,+,rrsE
fis,+,rrsG
fis,+,rrsH
fis,+,rsmA
fis,+,serT
fis,+,serX
fis,+,sra
fis,-+,ssrS
fis,+,thrT
fis,+,thrU
fis,+,thrV
fis,+,thrW
fis,-,tolB
fis,-+,topA
fis,+,tpr
fis,+,trg
fis,+,trmA
fis,+,truB
fis,+,tufB
fis,+,tyrT
fis,+,tyrU
fis,+,tyrV
fis,+,valT
fis,+,valU
fis,+,valX
fis,+,valY
fis,-,xylF
fis,-,xylG
fis,-,xylH
fis,-,xylR
fis,-,yeaR
fis,+,yfaE
fis,-,yjcH
fis,-,yoaG
fis,+,yodD
flhC,+,aceB
flhC,+,adhE
flhC,+,ccmA
flhC,+,ccmB
flhC,+,ccmC
flhC,+,ccmD
flhC,+,ccmE
flhC,+,ccmF
flhC,+,ccmG
flhC,+,ccmH
flhC,+,clsC
flhC,+,csgC
flhC,+,epd
flhC,+,flgA
flhC,+,flgB
flhC,+,flgC
flhC,+,flgD
flhC,+,flgE
flhC,+,flgF
flhC,+,flgG
flhC,+,flgH
flhC,+,flgI
flhC,+,flgJ
flhC,+,flgM
flhC,+,flgN
flhC,+,flhA
flhC,+,flhB
flhC,+,flhE
flhC,+,fliA
flhC,+,fliD
flhC,+,fliE
flhC,+,fliF
flhC,+,fliG
flhC,+,fliH
flhC,+,fliI
flhC,+,fliJ
flhC,+,fliK
flhC,+,fliL
flhC,+,fliM
flhC,+,fliN
flhC,+,fliO
flhC,+,fliP
flhC,+,fliQ
flhC,+,fliR
flhC,+,fliS
flhC,+,fliT
flhC,+,fliZ
flhC,+,fruB
flhC,+,glpA
flhC,+,glpB
flhC,+,glpC
flhC,+,gltI
flhC,+,gltJ
flhC,+,gltK
flhC,+,gltL
flhC,+,hydN
flhC,+,hypF
flhC,+,iclR
flhC,-,mdh
flhC,-,mglA
flhC,-,mglB
flhC,-,mglC
flhC,+,napA
flhC,+,napB
flhC,+,napC
flhC,+,napD
flhC,+,napF
flhC,+,napG
flhC,+,napH
flhC,+,nfrB
flhC,+,nrfA
flhC,+,nrfB
flhC,+,nrfC
flhC,+,nrfD
flhC,+,nrfE
flhC,+,nrfF
flhC,+,nrfG
flhC,+,pdeH
flhC,+,pfkA
flhC,+,ppdA
flhC,+,ppdB
flhC,+,ppdC
flhC,+,ptsH
flhC,+,recC
flhC,+,setB
flhC,+,sroC
flhC,+,tcyJ
flhC,+,ycgR
flhC,+,yecR
flhC,+,ygbK
flhC,+,ygdB
flhC,+,ymdA
flhC,+,ymdB
flhD,+,aceB
flhD,+,adhE
flhD,+,ccmA
flhD,+,ccmB
flhD,+,ccmC
flhD,+,ccmD
flhD,+,ccmE
flhD,+,ccmF
flhD,+,ccmG
flhD,+,ccmH
flhD,+,clsC
flhD,+,csgC
flhD,+,epd
flhD,+,flgA
flhD,+,flgB
flhD,+,flgC
flhD,+,flgD
flhD,+,flgE
flhD,+,flgF
flhD,+,flgG
flhD,+,flgH
flhD,+,flgI
flhD,+,flgJ
flhD,+,flgM
flhD,+,flgN
flhD,+,flhA
flhD,+,flhB
flhD,+,flhE
flhD,+,fliA
flhD,+,fliD
flhD,+,fliE
flhD,+,fliF
flhD,+,fliG
flhD,+,fliH
flhD,+,fliI
flhD,+,fliJ
flhD,+,fliK
flhD,+,fliL
flhD,+,fliM
flhD,+,fliN
flhD,+,fliO
flhD,+,fliP
flhD,+,fliQ
flhD,+,fliR
flhD,+,fliS
flhD,+,fliT
flhD,+,fliZ
flhD,+,fruB
flhD,+,glpA
flhD,+,glpB
flhD,+,glpC
flhD,+,gltI
flhD,+,gltJ
flhD,+,gltK
flhD,+,gltL
flhD,+,hydN
flhD,+,hypF
flhD,+,iclR
flhD,-,mdh
flhD,-,mglA
flhD,-,mglB
flhD,-,mglC
flhD,+,napA
flhD,+,napB
flhD,+,napC
flhD,+,napD
flhD,+,napF
flhD,+,napG
flhD,+,napH
flhD,+,nfrB
flhD,+,nrfA
flhD,+,nrfB
flhD,+,nrfC
flhD,+,nrfD
flhD,+,nrfE
flhD,+,nrfF
flhD,+,nrfG
flhD,+,pdeH
flhD,+,pfkA
flhD,+,ppdA
flhD,+,ppdB
flhD,+,ppdC
flhD,+,ptsH
flhD,+,recC
flhD,+,setB
flhD,+,sroC
flhD,+,tcyJ
flhD,+,ycgR
flhD,+,yecR
flhD,+,ygbK
flhD,+,ygdB
flhD,+,ymdA
flhD,+,ymdB
fliA,+,aer
fliA,+,cheA
fliA,+,cheB
fliA,+,cheR
fliA,+,cheW
fliA,+,cheY
fliA,+,cheZ
fliA,+,flgK
fliA,+,flgL
fliA,+,flgM
fliA,+,flgN
fliA,+,flgO
fliA,+,fliA
fliA,+,fliC
fliA,+,fliD
fliA,+,fliE
fliA,+,fliF
fliA,+,fliG
fliA,+,fliH
fliA,+,fliI
fliA,+,fliJ
fliA,+,fliK
fliA,+,fliL
fliA,+,fliM
fliA,+,fliN
fliA,+,fliO
fliA,+,fliP
fliA,+,fliQ
fliA,+,fliR
fliA,+,fliS
fliA,+,fliT
fliA,+,fliX
fliA,+,fliZ
fliA,+,flxA
fliA,+,hemL
fliA,+,ispE
fliA,+,lolB
fliA,+,modA
fliA,+,modB
fliA,+,modC
fliA,+,motA
fliA,+,motB
fliA,+,motR
fliA,+,oppA
fliA,+,oppB
fliA,+,oppC
fliA,+,oppD
fliA,+,oppF
fliA,+,pdeH
fliA,+,ppdA
fliA,+,ppdB
fliA,+,ppdC
fliA,+,prs
fliA,+,rdcA
fliA,+,rdcB
fliA,+,recC
fliA,+,tap
fliA,+,tar
fliA,+,tcyJ
fliA,+,trg
fliA,+,tsr
fliA,+,ves
fliA,+,yafW
fliA,+,yafX
fliA,+,ycgR
fliA,+,yecF
fliA,+,ygbK
fliA,+,ygdB
fliA,+,yjcS
fliA,+,ykfB
fliA,+,ykfF
fliA,+,ykfG
fliA,+,ykfH
fliA,+,ykfI
fliA,+,ynjH
fliA,+,yqjC
fliA,+,yqjD
fliA,+,yqjE
fliA,+,yqjK
fliX,-,fliC
fliX,-,rplB
fliX,-,rplC
fliX,-,rplD
fliX,-,rplP
fliX,-,rplV
fliX,-,rplW
fliX,-,rpmC
fliX,-,rpsC
fliX,-,rpsJ
fliX,-,rpsQ
fliX,-,rpsS
fliZ,-,csgA
fliZ,-,csgB
fliZ,-,csgC
fliZ,-,csgD
fliZ,-,csgE
fliZ,-,csgF
fliZ,-,csgG
fliZ,-,flhC
fliZ,-,flhD
fliZ,-,gadB
fliZ,-,gadC
fliZ,-,gadE
fliZ,-,gadF
fliZ,-,hdeA
fliZ,-,hdeB
fliZ,-,mdtE
fliZ,-,mdtF
fliZ,-,mlrA
fliZ,-,osmY
fliZ,-,pdeR
fliZ,-,yhiD
fliZ,-,yjbJ
fnr,-+,aceE
fnr,-+,aceF
fnr,+,ackA
fnr,-,acnA
fnr,+,acrE
fnr,+,acrF
fnr,+,adhE
fnr,+,aer
fnr,-,aldA
fnr,-+,amtB
fnr,+,ansB
fnr,-+,arcA
fnr,+,argK
fnr,+,aroP
fnr,+,aspA
fnr,-+,aspC
fnr,+,bcsB
fnr,+,bcsZ
fnr,+,bidA
fnr,+,cadC
fnr,+,caiA
fnr,+,caiB
fnr,+,caiC
fnr,+,caiD
fnr,+,caiE
fnr,+,caiF
fnr,+,caiT
fnr,+,ccmA
fnr,+,ccmB
fnr,+,ccmC
fnr,+,ccmD
fnr,+,ccmE
fnr,+,ccmF
fnr,+,ccmG
fnr,+,ccmH
fnr,+,ccp
fnr,+,cheB
fnr,+,cheR
fnr,+,cheY
fnr,+,cheZ
fnr,-,citC
fnr,-,citD
fnr,-,citE
fnr,-,citF
fnr,-,citG
fnr,-,citX
fnr,-+,cydA
fnr,-+,cydB
fnr,+,cydC
fnr,+,cydD
fnr,-,cyoA
fnr,-,cyoB
fnr,-,cyoC
fnr,-,cyoD
fnr,-,cyoE
fnr,+,cysG
fnr,+,dcuA
fnr,+,dcuB
fnr,+,dcuC
fnr,+,dcuR
fnr,+,dcuS
fnr,+,dmsA
fnr,+,dmsB
fnr,+,dmsC
fnr,+,dmsD
fnr,-,dpiA
fnr,-,dpiB
fnr,-,dppA
fnr,-,dppB
fnr,-,dppC
fnr,-,dppD
fnr,-,dppF
fnr,+,emrK
fnr,+,emrY
fnr,+,entF
fnr,+,fdhF
fnr,-+,fdnG
fnr,-+,fdnH
fnr,-+,fdnI
fnr,+,feoA
fnr,+,feoB
fnr,+,feoC
fnr,+,fepE
fnr,+,fes
fnr,+,fhlA
fnr,+,fixA
fnr,+,fixB
fnr,+,fixC
fnr,+,fixX
fnr,-+,fnr
fnr,+,fnrS
fnr,+,focA
fnr,-,focB
fnr,+,frdA
fnr,+,frdB
fnr,+,frdC
fnr,+,frdD
fnr,-,fumA
fnr,+,fumB
fnr,-,fumC
fnr,-,gadA
fnr,-,gadW
fnr,-,gadX
fnr,+,garD
fnr,+,garK
fnr,+,garL
fnr,+,garP
fnr,+,garR
fnr,+,gcvH
fnr,+,gcvP
fnr,+,gcvT
fnr,+,gdhA
fnr,-+,glnD
fnr,-+,glnK
fnr,+,glpA
fnr,+,glpB
fnr,+,glpC
fnr,+,glpQ
fnr,+,glpT
fnr,-,gltB
fnr,-,gltD
fnr,-,gltF
fnr,-,gnd
fnr,-,gndA
fnr,-+,grcA
fnr,+,hcp
fnr,+,hcr
fnr,-,hemA
fnr,+,hlyE
fnr,-,hmp
fnr,-,hyfA
fnr,-,hyfB
fnr,-,hyfC
fnr,-,hyfD
fnr,-,hyfE
fnr,-,hyfF
fnr,-,hyfG
fnr,-,hyfH
fnr,-,hyfI
fnr,-,hyfJ
fnr,-,hyfR
fnr,+,hypB
fnr,+,hypC
fnr,+,hypD
fnr,+,hypE
fnr,+,idlP
fnr,+,iraD
fnr,+,iraM
fnr,+,katG
fnr,-+,lpd
fnr,+,malP
fnr,+,malQ
fnr,+,metV
fnr,+,mltA
fnr,+,moaA
fnr,+,moaB
fnr,+,moaC
fnr,+,moaD
fnr,+,moaE
fnr,-,moeA
fnr,-,moeB
fnr,-,msrB
fnr,-,nac
fnr,+,napA
fnr,+,napB
fnr,+,napC
fnr,+,napD
fnr,+,napF
fnr,+,napG
fnr,+,napH
fnr,+,narG
fnr,+,narH
fnr,+,narI
fnr,+,narJ
fnr,+,narK
fnr,-,narL
fnr,+,narS
fnr,-,narX
fnr,-,ndh
fnr,+,nfeR
fnr,+,nikA
fnr,+,nikB
fnr,+,nikC
fnr,+,nikD
fnr,+,nikE
fnr,+,nikR
fnr,+,nirB
fnr,+,nirC
fnr,+,nirD
fnr,-,norV
fnr,-,norW
fnr,+,nrdD
fnr,+,nrdG
fnr,+,nrfA
fnr,+,nrfB
fnr,+,nrfC
fnr,+,nrfD
fnr,+,nrfE
fnr,+,nrfF
fnr,+,nrfG
fnr,-,nuoA
fnr,-,nuoB
fnr,-,nuoC
fnr,-,nuoE
fnr,-,nuoF
fnr,-,nuoG
fnr,-,nuoH
fnr,-,nuoI
fnr,-,nuoJ
fnr,-,nuoK
fnr,-,nuoL
fnr,-,nuoM
fnr,-,nuoN
fnr,-+,ompW
fnr,-,ompX
fnr,+,ortT
fnr,+,pdeF
fnr,-+,pdhR
fnr,+,pepT
fnr,+,pflB
fnr,-,pheM
fnr,+,phoU
fnr,+,pitA
fnr,+,poxB
fnr,-,prfA
fnr,-,prmC
fnr,+,pstA
fnr,+,pstB
fnr,+,pstC
fnr,+,pstS
fnr,-,purM
fnr,-,purN
fnr,-,puuA
fnr,-,puuP
fnr,+,pykA
fnr,+,ravA
fnr,-,rimM
fnr,+,rnpB
fnr,+,rplB
fnr,+,rplC
fnr,+,rplD
fnr,-,rplM
fnr,+,rplP
fnr,-,rplS
fnr,-,rplT
fnr,+,rplV
fnr,+,rplW
fnr,+,rpmC
fnr,+,rpsC
fnr,-,rpsI
fnr,+,rpsJ
fnr,-,rpsP
fnr,+,rpsQ
fnr,+,rpsS
fnr,+,scpA
fnr,+,scpB
fnr,+,scpC
fnr,-,sdhA
fnr,-,sdhB
fnr,-,sdhC
fnr,-,sdhD
fnr,-,sdhX
fnr,-,sodA
fnr,-,soxR
fnr,-,soxS
fnr,+,ssuA
fnr,+,ssuB
fnr,+,ssuC
fnr,+,ssuD
fnr,+,ssuE
fnr,-,sucA
fnr,-,sucB
fnr,-,sucC
fnr,-,sucD
fnr,+,tap
fnr,+,tar
fnr,+,tdcA
fnr,+,tdcB
fnr,+,tdcC
fnr,+,tdcD
fnr,+,tdcE
fnr,+,tdcF
fnr,+,tdcG
fnr,+,thrA
fnr,-,tpx
fnr,-,trmD
fnr,-,ubiA
fnr,-,ubiC
fnr,+,ung
fnr,+,upp
fnr,+,uraA
fnr,+,uxaA
fnr,+,uxaC
fnr,+,viaA
fnr,+,xdhA
fnr,+,xdhB
fnr,+,xdhC
fnr,+,ybdN
fnr,+,ybdZ
fnr,-,ycaC
fnr,-,ychO
fnr,+,ydeJ
fnr,+,ydfO
fnr,+,ydfZ
fnr,+,ydhT
fnr,+,ydhU
fnr,+,ydhV
fnr,+,ydhW
fnr,+,ydhX
fnr,+,ydhY
fnr,+,yecR
fnr,-,yeiL
fnr,+,yfcZ
fnr,+,yffS
fnr,-,ygbA
fnr,+,yibN
fnr,-,ymjE
fnr,+,ynfE
fnr,+,ynfF
fnr,+,ynfG
fnr,+,ynfH
fnr,-,ysgA
fnr,-,ytfE
fnr,-,zwf
fnrS,-,azuC
fnrS,-,azuR
fnrS,-,cydC
fnrS,-,cydD
fnrS,-,folE
fnrS,-,folX
fnrS,-,glpD
fnrS,-,gpmA
fnrS,-,iscR
fnrS,-,maeA
fnrS,-,marA
fnrS,-,metE
fnrS,-,sodA
fnrS,-,sodB
fnrS,-,yebY
fnrS,-,yebZ
fnrS,-,yeiB
fnrS,-,yfcH
fnrS,-,yobA
frlR,-,frlA
frlR,-,frlB
frlR,-,frlC
frlR,-,frlD
frlR,-,frlR
frmR,-,frmA
frmR,-,frmB
frmR,-,frmR
fucR,+,fucA
fucR,+,fucI
fucR,+,fucK
fucR,+,fucO
fucR,+,fucP
fucR,+,fucR
fucR,+,fucU
fur,+,acnA
fur,-,actP
fur,-,adhP
fur,+,adk
fur,-+,amtB
fur,+,ansB
fur,+,araB
fur,+,araF
fur,+,argF
fur,-,argG
fur,-,argR
fur,-,aspC
fur,-,bfd
fur,+,bfr
fur,-,bglJ
fur,+,bssR
fur,+,cadC
fur,-,cirA
fur,+,cusC
fur,-,cyoA
fur,-,cyoB
fur,-,cyoC
fur,-,cyoD
fur,-,cyoE
fur,-,dapB
fur,-,dinB
fur,+,dkgA
fur,+,dmsA
fur,+,dmsB
fur,+,dmsC
fur,+,dppB
fur,+,dppC
fur,+,dppD
fur,+,dppF
fur,-,eamA
fur,-,efeB
fur,-,efeO
fur,-,entA
fur,-,entB
fur,-,entC
fur,-,entD
fur,-,entE
fur,-,entF
fur,-,entH
fur,-+,entS
fur,-,erpA
fur,+,esrE
fur,-,exbB
fur,-,exbD
fur,-,fecA
fur,-,fecB
fur,-,fecC
fur,-,fecD
fur,-,fecE
fur,-,fecI
fur,-,fecR
fur,-,feoA
fur,-,feoB
fur,-,feoC
fur,-,fepA
fur,-,fepB
fur,-,fepC
fur,-,fepD
fur,-,fepE
fur,-,fepG
fur,-,fes
fur,-,fhuA
fur,-,fhuB
fur,-,fhuC
fur,-,fhuD
fur,-,fhuE
fur,-,fhuF
fur,-,fiu
fur,+,flgL
fur,-,flhC
fur,-,flhD
fur,-,fnr
fur,+,ftnA
fur,+,ftnB
fur,+,fumB
fur,-,fumC
fur,-,fur
fur,-,garK
fur,-,garL
fur,-,garP
fur,-,garR
fur,-+,gdhA
fur,-,glnD
fur,+,glnG
fur,-+,glnK
fur,+,glnL
fur,+,glpF
fur,+,glpK
fur,-,gltB
fur,-,gltD
fur,-,gltF
fur,-,gnd
fur,-,gndA
fur,-,gpmA
fur,+,gpr
fur,-,grcA
fur,-,grxB
fur,-,gspC
fur,-,gspD
fur,-,gspE
fur,-,gspF
fur,-,gspG
fur,-,gspH
fur,-,gspI
fur,-,gspJ
fur,-,gspK
fur,-,gspL
fur,-,gspM
fur,-,gspO
fur,-,hcaR
fur,-,hmp
fur,+,hscA
fur,+,hybO
fur,+,katE
fur,+,katG
fur,-,leuD
fur,-+,lpd
fur,-,lysP
fur,-,maeB
fur,+,manX
fur,+,manY
fur,+,manZ
fur,-,map
fur,-,mdh
fur,-,mdtL
fur,-,metH
fur,-,metJ
fur,+,mglB
fur,-,mntH
fur,+,mntP
fur,+,mntS
fur,-,moaA
fur,-,mocA
fur,-,mqo
fur,-,nac
fur,+,narQ
fur,+,narU
fur,-,ndh
fur,-,nfeF
fur,-,nfeR
fur,-,nohA
fur,-,nrdE
fur,-,nrdF
fur,-,nrdH
fur,-,nrdI
fur,-,nth
fur,+,ompF
fur,+,ompW
fur,-,oppA
fur,-,oppB
fur,-,oppC
fur,-,oppD
fur,-+,oppF
fur,-,ortT
fur,-,paaA
fur,-,paaB
fur,-,paaC
fur,-,paaD
fur,-,paaE
fur,-,paaF
fur,-,paaG
fur,-,paaH
fur,-,paaI
fur,-,paaJ
fur,-,paaK
fur,+,pdeF
fur,+,pepE
fur,-,phoH
fur,-,pqqU
fur,-,pstB
fur,-,punC
fur,-,purL
fur,-,purR
fur,-,pyrC
fur,+,qorA
fur,-,rcnA
fur,-,rcnB
fur,-,recN
fur,-,rimK
fur,-,rimO
fur,+,rmf
fur,-,rmuC
fur,-,rnpB
fur,-,rpoS
fur,-,rsd
fur,-,rsxA
fur,-,rsxB
fur,-,rsxC
fur,-,rsxD
fur,-,rsxE
fur,-,rsxG
fur,-,ryhB
fur,-+,sdhA
fur,-+,sdhB
fur,-+,sdhC
fur,-+,sdhD
fur,+,sdhX
fur,+,sdiA
fur,-,selO
fur,+,serS
fur,-,sodA
fur,-,soxR
fur,-,soxS
fur,+,sseB
fur,-,stfQ
fur,+,sucA
fur,+,sucB
fur,+,sucC
fur,+,sucD
fur,-,sufA
fur,-,sufB
fur,-,sufC
fur,-,sufD
fur,-,sufE
fur,-,sufS
fur,-,sulA
fur,-,tauA
fur,-,tauB
fur,-,tauC
fur,-,tcyN
fur,-,tfaQ
fur,-,tisB
fur,-+,tonB
fur,+,tqsA
fur,+,tsx
fur,+,udp
fur,-,ugpA
fur,-,ugpB
fur,-,ugpE
fur,+,uxaB
fur,+,uxaC
fur,+,uxuA
fur,+,uxuB
fur,-,waaL
fur,+,xynR
fur,-,ybaN
fur,-,ybdZ
fur,-,ybiU
fur,-,ybiX
fur,+,ycgR
fur,-,yciI
fur,-,ydcF
fur,-,yddA
fur,-,yddB
fur,-,ydeN
fur,-,ydiE
fur,-,yejG
fur,+,yfcV
fur,-,ygaC
fur,+,yghF
fur,+,yghW
fur,+,yhcC
fur,+,yhhY
fur,-,yhjE
fur,+,yihN
fur,+,yihX
fur,-,yjbJ
fur,-,yjcH
fur,-,yjiR
fur,-,yjiT
fur,-,yjjZ
fur,-,yncE
fur,-,ynfD
fur,+,yobD
fur,-,yojI
fur,+,yqeB
fur,+,yqeC
fur,+,yqhD
fur,-,yrbL
fur,+,zapB
fur,+,zinT
fur,-,zwf
gadE,+,adiC
gadE,+,aslB
gadE,+,cadA
gadE,+,cadB
gadE,+,cyoA
gadE,+,cyoB
gadE,+,cyoC
gadE,+,cyoD
gadE,+,cyoE
gadE,+,dctR
gadE,+,fabZ
gadE,+,fliC
gadE,+,fliX
gadE,+,gadA
gadE,+,gadB
gadE,+,gadC
gadE,+,gadE
gadE,+,gadF
gadE,+,gadW
gadE,+,gadX
gadE,+,gltB
gadE,+,gltD
gadE,+,gltF
gadE,+,gnd
gadE,+,gndA
gadE,+,hdeA
gadE,+,hdeB
gadE,+,hdeD
gadE,+,lpxA
gadE,+,lpxD
gadE,+,lrp
gadE,+,mdtE
gadE,+,mdtF
gadE,+,purA
gadE,+,rcsA
gadE,+,skp
gadE,+,slp
gadE,+,yhiD
gadE,+,yhiM
gadE,+,yjbQ
gadE,+,yjbR
gadW,-,dctR
gadW,-+,gadA
gadW,-+,gadB
gadW,-+,gadC
gadW,+,gadE
gadW,+,gadF
gadW,-,gadW
gadW,-+,gadX
gadW,-,gadY
gadW,-+,hdeA
gadW,-+,hdeB
gadW,+,mdtE
gadW,+,mdtF
gadW,-,slp
gadW,-+,yhiD
gadX,+,amtB
gadX,+,asnB
gadX,-,btuB
gadX,+,cadA
gadX,+,cadB
gadX,+,dctR
gadX,-,dtpA
gadX,+,gadA
gadX,+,gadB
gadX,+,gadC
gadX,+,gadE
gadX,+,gadF
gadX,-+,gadW
gadX,+,gadX
gadX,+,gadY
gadX,+,glnK
gadX,+,glsA
gadX,-+,hdeA
gadX,-+,hdeB
gadX,+,hdeD
gadX,+,hns
gadX,+,lon
gadX,+,mdtE
gadX,+,mdtF
gadX,-,murI
gadX,+,rpoS
gadX,+,slp
gadX,-,speG
gadX,+,uspE
gadX,+,ybaT
gadX,-,ydeM
gadX,-,ydeN
gadX,-+,yhiD
gadX,-,ynfB
gadY,+,gadW
gadY,+,gadX
galR,-+,galE
galR,-+,galK
galR,-+,galM
galR,-,galP
galR,-,galR
galR,-,galS
galR,-+,galT
galR,-,mglA
galR,-,mglB
galR,-,mglC
galS,-+,galE
galS,-+,galK
galS,-+,galM
galS,-,galP
galS,-,galR
galS,-,galS
galS,-+,galT
galS,-,mglA
galS,-,mglB
galS,-,mglC
gcvA,-,gcvA
gcvA,+,gcvB
gcvA,-+,gcvH
gcvA,-+,gcvP
gcvA,-+,gcvT
gcvB,-,acs
gcvB,-,aroC
gcvB,-,aroP
gcvB,-,asd
gcvB,-,asnA
gcvB,-,asnB
gcvB,-,csgD
gcvB,-,csgE
gcvB,-,csgF
gcvB,-,csgG
gcvB,-,cstA
gcvB,-,cycA
gcvB,-,dppA
gcvB,-,dppB
gcvB,-,dppC
gcvB,-,dppD
gcvB,-,dppF
gcvB,-,gdhA
gcvB,-,gltP
gcvB,-,hisQ
gcvB,-,icd
gcvB,-,ilvB
gcvB,-,ilvD
gcvB,-,ilvL
gcvB,-,ilvM
gcvB,-,inaA
gcvB,-,ivbL
gcvB,-,kgtP
gcvB,-,lrp
gcvB,-,map
gcvB,-,mltC
gcvB,-,nlpA
gcvB,-,oppA
gcvB,-,oppB
gcvB,-,oppC
gcvB,-,oppD
gcvB,-,oppF
gcvB,+,oxyR
gcvB,-,panD
gcvB,-,phoP
gcvB,-,phoQ
gcvB,-,purU
gcvB,+,rbn
gcvB,-,rbsK
gcvB,-,rbsR
gcvB,-,sstT
gcvB,-,tcyJ
gcvB,-,trpA
gcvB,-,trpB
gcvB,-,trpC
gcvB,-,trpD
gcvB,-,trpE
gcvB,-,ydeE
gcvB,-,ysgA
glaR,+,alaE
glaR,-,apt
glaR,-,aroB
glaR,-,aroP
glaR,-,baeS
glaR,+,bdcA
glaR,-,bdcR
glaR,+,bssS
glaR,+,cadC
glaR,-,casA
glaR,-,chaA
glaR,-,chaB
glaR,-,chaC
glaR,-,csgI
glaR,+,cysN
glaR,-,cysS
glaR,+,dctR
glaR,-,dgcN
glaR,-,dinQ
glaR,-,elfC
glaR,-,fhuE
glaR,-,gabD
glaR,-,gabP
glaR,-,gabT
glaR,-,gadW
glaR,+,gadX
glaR,-,gcvA
glaR,-,gdhA
glaR,-,glaH
glaR,+,gltF
glaR,+,hinT
glaR,+,htrE
glaR,-,hxpA
glaR,+,idnD
glaR,-,idnK
glaR,-,inaA
glaR,-,kdgT
glaR,+,kdsA
glaR,-,ldcC
glaR,-,lhgD
glaR,+,lsrG
glaR,-,mglA
glaR,-,mrdA
glaR,+,murD
glaR,-,nlpA
glaR,+,orn
glaR,-,oxc
glaR,-,pdeG
glaR,+,pdhR
glaR,-,pdxA
glaR,-,phoH
glaR,+,pliG
glaR,+,ppiB
glaR,-,ppx
glaR,+,priC
glaR,-,prmC
glaR,+,rfbB
glaR,-,rhsD
glaR,+,rpiB
glaR,+,rpsF
glaR,-,rsgA
glaR,-,rssB
glaR,+,safA
glaR,-,sgcC
glaR,+,smg
glaR,-,tam
glaR,-,tar
glaR,-,tehA
glaR,-,ttdA
glaR,-,ttdR
glaR,+,yadN
glaR,-,ybaN
glaR,-,ycbU
glaR,-,ycbV
glaR,-,yccU
glaR,-,ycgJ
glaR,-,ycgV
glaR,+,ycgY
glaR,+,ychQ
glaR,-,yciU
glaR,-,ycjP
glaR,-,ydcK
glaR,+,ydeO
glaR,-,ydfI
glaR,+,ydfK
glaR,-,ydhS
glaR,-,yeaE
glaR,+,yehD
glaR,-,yehE
glaR,+,yehS
glaR,+,yfbN
glaR,+,yfbO
glaR,+,yfbU
glaR,-,yfcO
glaR,+,yfcV
glaR,-,yfdC
glaR,+,yfdV
glaR,-,yfiL
glaR,-,yfiR
glaR,-,yfjD
glaR,-,ygiV
glaR,+,ygiW
glaR,+,ygjI
glaR,-,yhcD
glaR,+,yidB
glaR,+,yigG
glaR,+,yihD
glaR,-,yihM
glaR,-,yjdP
glaR,-,yjfY
glaR,+,yjjP
glaR,-,yjjQ
glaR,-,ynaE
glaR,-,ynjH
glaR,-,yobD
glaR,+,yodB
glaR,+,ypdC
glaR,-,ypjA
glaR,-,yqhC
glaR,-,zraR
glcC,+,glcA
glcC,+,glcB
glcC,-,glcC
glcC,+,glcD
glcC,+,glcE
glcC,+,glcF
glcC,+,glcG
glmZ,+,glmS
glnG,+,amtB
glnG,+,argT
glnG,+,astA
glnG,+,astB
glnG,+,astC
glnG,+,astD
glnG,+,astE
glnG,+,cbl
glnG,+,ddpA
glnG,+,ddpB
glnG,+,ddpC
glnG,+,ddpD
glnG,+,ddpF
glnG,+,ddpX
glnG,-+,glnA
glnG,-+,glnG
glnG,-+,glnH
glnG,+,glnK
glnG,-+,glnL
glnG,-+,glnP
glnG,-+,glnQ
glnG,-+,glnZ
glnG,+,hisJ
glnG,+,hisM
glnG,+,hisP
glnG,+,hisQ
glnG,+,nac
glnG,+,patA
glnG,+,potF
glnG,+,potG
glnG,+,potH
glnG,+,potI
glnG,+,relA
glnG,+,rpoE
glnG,+,rseA
glnG,+,rseB
glnG,+,rseC
glnG,+,rseD
glnG,+,rutA
glnG,+,rutB
glnG,+,rutC
glnG,+,rutD
glnG,+,rutE
glnG,+,rutF
glnG,+,rutG
glnG,-,yeaE
glnG,+,yeaG
glnG,+,yeaH
glnG,+,yhdX
glnG,+,yhdY
glnG,+,yhdZ
glnZ,-,glnP
glnZ,-,sucA
glrR,+,glmY
glrR,+,rpoE
glrR,+,rseA
glrR,+,rseB
glrR,+,rseC
glrR,+,rseD
gntR,-,eda
gntR,-,edd
gntR,-,gntK
gntR,-,gntT
gntR,-,gntU
gntR,-,idnD
gntR,-,idnK
gntR,-,idnO
gntR,-,idnR
gntR,-,idnT
gntR,-,nfuA
gntR,-,yhgH
gutM,+,gutM
gutM,+,gutQ
gutM,+,srlA
gutM,+,srlB
gutM,+,srlD
gutM,+,srlE
gutM,+,srlR
hcaR,+,hcaB
hcaR,+,hcaC
hcaR,+,hcaD
hcaR,+,hcaE
hcaR,+,hcaF
hcaR,-,hcaR
hcaR,-,iroK
hdfR,-,flhC
hdfR,-,flhD
hdfR,+,gltB
hdfR,+,gltD
hdfR,+,gltF
hdfR,+,maoP
hfq,-,cirA
hfq,+,hpf
hfq,-,manX
hfq,-,mutS
hfq,-,oppA
hfq,-,ptsN
hicB,-,hicA
hicB,-,hicB
higA,-,higA
higA,-,higB
higB,-,higA
higB,-,higB
hipA,-,hipA
hipA,-,hipB
hipA,-,mazE
hipA,-,mazF
hipA,-,relA
hipB,-,eutA
hipB,-,eutH
hipB,-,fadH
hipB,-,hipA
hipB,-,hipB
hipB,-,mazE
hipB,-,mazF
hipB,-,relA
hns,-,acrE
hns,-,acrF
hns,-,adeD
hns,-,adiA
hns,-,adiC
hns,-,adiY
hns,-+,alaU
hns,-+,alaU
hns,-+,alaV
hns,-+,alaV
hns,-,appY
hns,-,ascF
hns,-,ascG
hns,-,asr
hns,-,bglB
hns,-,bglF
hns,-,bglG
hns,-,bglJ
hns,-,bluF
hns,-,bolA
hns,-,cadA
hns,-,cadB
hns,-,cadC
hns,-,caiA
hns,-,caiB
hns,-,caiC
hns,-,caiD
hns,-,caiE
hns,-,caiF
hns,-,caiT
hns,-,cas1
hns,-,cas2
hns,-,casA
hns,-,casB
hns,-,casC
hns,-,casD
hns,-,casE
hns,-,cbpA
hns,-,cdgI
hns,-,chiA
hns,+,cmoM
hns,-,csgD
hns,-,csgE
hns,-,csgF
hns,-,csgG
hns,+,csiE
hns,-,cspA
hns,+,cspD
hns,+,cycA
hns,-,cydA
hns,-,cydB
hns,-,cysA
hns,-,cysG
hns,-,cysM
hns,-,cysP
hns,-,cysU
hns,-,cysW
hns,-,dctR
hns,-,ddlA
hns,-,degP
hns,-,dgcJ
hns,-,dgcT
hns,-,dgcZ
hns,-,dosC
hns,-,dps
hns,-,elfA
hns,+,entF
hns,-,evgA
hns,-,evgL
hns,-,evgS
hns,-,fau
hns,+,fepE
hns,+,fes
hns,+,fimA
hns,-,fimB
hns,+,fimC
hns,+,fimD
hns,-,fimE
hns,+,fimF
hns,+,fimG
hns,+,fimH
hns,+,fimI
hns,+,fimR2
hns,+,flhC
hns,+,flhD
hns,+,fliA
hns,+,fliC
hns,+,fliX
hns,+,fliZ
hns,-,ftnA
hns,-,fucA
hns,+,gabD
hns,+,gabP
hns,+,gabT
hns,-,gadA
hns,-,gadB
hns,-,gadC
hns,-,gadE
hns,-,gadF
hns,-,gadW
hns,-,gadX
hns,-,galE
hns,-,galK
hns,-,galM
hns,-,galT
hns,-,garK
hns,-,garL
hns,-,garP
hns,-,garR
hns,+,glaH
hns,-,gltT
hns,-+,gltU
hns,-+,gltU
hns,-+,gltW
hns,-+,gltW
hns,-,glvC
hns,-,gspA
hns,-,gspB
hns,-,gspC
hns,-,gspD
hns,-,gspE
hns,-,gspF
hns,-,gspG
hns,-,gspH
hns,-,gspI
hns,-,gspJ
hns,-,gspK
hns,-,gspL
hns,-,gspM
hns,-,gspO
hns,+,gutM
hns,+,gutQ
hns,-,hchA
hns,-,hdeA
hns,-,hdeB
hns,-,hdeD
hns,-,hdfR
hns,+,hisJ
hns,+,hisM
hns,+,hisP
hns,+,hisQ
hns,-+,hlyE
hns,-,hns
hns,-,hprR
hns,-+,ileU
hns,-+,ileU
hns,-+,ileV
hns,-+,ileV
hns,-,ilvH
hns,-,ilvI
hns,-,iraP
hns,-,lacA
hns,-,lacY
hns,-,lacZ
hns,-,leuO
hns,+,lhgD
hns,-,lrp
hns,+,malE
hns,+,malF
hns,+,malG
hns,+,malH
hns,+,mazE
hns,+,mazF
hns,-,mdtE
hns,-,mdtF
hns,-,mdtI
hns,-,mdtJ
hns,-,mdtU
hns,-,micF
hns,+,mukB
hns,+,mukE
hns,+,mukF
hns,-,nhaA
hns,-,nhaR
hns,-,nirB
hns,-,nirC
hns,-,nirD
hns,-,nrdA
hns,-,nrdB
hns,-,nrdD
hns,-,nrdG
hns,-,osmC
hns,-,oxc
hns,-,pagP
hns,-,pdeC
hns,-,pdeF
hns,-,pdeG
hns,-,pdeI
hns,-,pdeL
hns,-,proV
hns,-,proW
hns,-,proX
hns,-,rcsA
hns,-,rcsB
hns,-,rcsD
hns,+,relA
hns,-,rflP
hns,-,rnpB
hns,-,rrfB
hns,-+,rrfC
hns,-+,rrfC
hns,-+,rrfD
hns,-+,rrfD
hns,-+,rrfF
hns,-+,rrfF
hns,-+,rrfG
hns,-+,rrfG
hns,-+,rrfH
hns,-+,rrfH
hns,-,rrlB
hns,-+,rrlC
hns,-+,rrlC
hns,-+,rrlD
hns,-+,rrlD
hns,-+,rrlG
hns,-+,rrlG
hns,-+,rrlH
hns,-+,rrlH
hns,-,rrsB
hns,-+,rrsC
hns,-+,rrsC
hns,-+,rrsD
hns,-+,rrsD
hns,-+,rrsG
hns,-+,rrsG
hns,-+,rrsH
hns,-+,rrsH
hns,-,sfmA
hns,-,slp
hns,+,srlA
hns,+,srlB
hns,+,srlD
hns,+,srlE
hns,+,srlR
hns,-,ssrS
hns,-,stpA
hns,+,tcyJ
hns,-+,thrV
hns,-+,thrV
hns,-,ttdR
hns,-,yadC
hns,+,ybdZ
hns,-,ybgD
hns,-,yciE
hns,-,yciF
hns,-,yciG
hns,-,ydcC
hns,-,ydeO
hns,-,ydeP
hns,-,yehA
hns,-,yehB
hns,-,yehC
hns,-,yehD
hns,-,yfaE
hns,-,yfcV
hns,-,yhiD
hns,-,yhiM
hns,-,yjjP
hns,-,yjjQ
hns,-,yraH
hprR,+,cusA
hprR,+,cusB
hprR,+,cusC
hprR,+,cusF
hprR,+,cusR
hprR,+,cusS
hprR,-,cyoA
hprR,-,cyoB
hprR,-,cyoC
hprR,-,cyoD
hprR,-,cyoE
hprR,+,hiuH
hprR,+,msrP
hprR,+,msrQ
hupA,-,galE
hupA,-,galK
hupA,-,galM
hupA,-,galT
hupA,+,micF
hupA,-,mtr
hupA,-,pgm
hupA,-,seqA
hupA,-,tyrP
hupB,-,galE
hupB,-,galK
hupB,-,galM
hupB,-,galT
hupB,+,micF
hupB,-,mtr
hupB,-,pgm
hupB,-,seqA
hupB,-,tyrP
hyfR,+,focB
hyfR,+,hyfA
hyfR,+,hyfB
hyfR,+,hyfC
hyfR,+,hyfD
hyfR,+,hyfE
hyfR,+,hyfF
hyfR,+,hyfG
hyfR,+,hyfH
hyfR,+,hyfI
hyfR,+,hyfJ
hyfR,+,hyfR
hypT,+,cydA
hypT,+,cydB
hypT,+,cysH
hypT,-,fecA
hypT,-,fecB
hypT,-,fecC
hypT,-,fecD
hypT,-,fecE
hypT,+,metB
hypT,+,metI
hypT,+,metL
hypT,+,metN
hypT,+,metQ
ibpA,-,ibpA
ibpA,-,ibpB
iclR,-,aceA
iclR,-,aceB
iclR,-,aceK
iclR,-,iclR
idnR,-,gntK
idnR,-,gntU
idnR,+,idnD
idnR,+,idnK
idnR,+,idnO
idnR,+,idnR
idnR,+,idnT
ihfA,+,aceA
ihfA,+,aceB
ihfA,+,aceK
ihfA,-,acs
ihfA,-,actP
ihfA,+,adiA
ihfA,-,amiA
ihfA,+,atoA
ihfA,+,atoB
ihfA,+,atoD
ihfA,+,atoE
ihfA,-+,carA
ihfA,-+,carB
ihfA,+,csgD
ihfA,+,csgE
ihfA,+,csgF
ihfA,+,csgG
ihfA,+,csrB
ihfA,+,cycA
ihfA,-+,cysG
ihfA,+,cysH
ihfA,+,cysI
ihfA,+,cysJ
ihfA,+,dcuD
ihfA,-,dmsA
ihfA,-,dmsB
ihfA,-,dmsC
ihfA,+,dppA
ihfA,+,dppB
ihfA,+,dppC
ihfA,+,dppD
ihfA,+,dppF
ihfA,+,dps
ihfA,+,dusB
ihfA,-,envZ
ihfA,+,fhlA
ihfA,+,fimA
ihfA,+,fimB
ihfA,+,fimC
ihfA,+,fimD
ihfA,+,fimF
ihfA,+,fimG
ihfA,+,fimH
ihfA,+,fimI
ihfA,+,fimR2
ihfA,+,fis
ihfA,-,flhC
ihfA,-,flhD
ihfA,-,fliA
ihfA,-,fliZ
ihfA,+,fnr
ihfA,+,focA
ihfA,+,folA
ihfA,+,gcd
ihfA,+,glcA
ihfA,+,glcB
ihfA,+,glcD
ihfA,+,glcE
ihfA,+,glcF
ihfA,+,glcG
ihfA,+,glmY
ihfA,+,glnH
ihfA,+,glnP
ihfA,+,glnQ
ihfA,-,glpQ
ihfA,-,glpT
ihfA,+,gltA
ihfA,+,gltB
ihfA,+,gltD
ihfA,+,gltF
ihfA,+,hemA
ihfA,-,hemF
ihfA,+,hipA
ihfA,+,hipB
ihfA,-,hpt
ihfA,+,htrE
ihfA,+,hycA
ihfA,+,hycB
ihfA,+,hycC
ihfA,+,hycD
ihfA,+,hycE
ihfA,+,hycF
ihfA,+,hycG
ihfA,+,hycH
ihfA,+,hycI
ihfA,+,hypA
ihfA,+,hypB
ihfA,+,hypC
ihfA,+,hypD
ihfA,+,hypE
ihfA,+,ibpB
ihfA,-,icd
ihfA,-,ihfA
ihfA,-,ihfB
ihfA,-+,ilvA
ihfA,-+,ilvD
ihfA,-+,ilvE
ihfA,-+,ilvL
ihfA,-+,ilvM
ihfA,-+,ilvX
ihfA,+,lyxK
ihfA,-,micF
ihfA,-,mtr
ihfA,+,narG
ihfA,+,narH
ihfA,+,narI
ihfA,+,narJ
ihfA,+,narK
ihfA,+,narS
ihfA,-,ndh
ihfA,-+,nirB
ihfA,-+,nirC
ihfA,-+,nirD
ihfA,-+,norV
ihfA,-+,norW
ihfA,-+,nrfA
ihfA,-+,nrfB
ihfA,-+,nrfC
ihfA,-+,nrfD
ihfA,-+,nrfE
ihfA,-+,nrfF
ihfA,-+,nrfG
ihfA,-,nuoA
ihfA,-,nuoB
ihfA,-,nuoC
ihfA,-,nuoE
ihfA,-,nuoF
ihfA,-,nuoG
ihfA,-,nuoH
ihfA,-,nuoI
ihfA,-,nuoJ
ihfA,-,nuoK
ihfA,-,nuoL
ihfA,-,nuoM
ihfA,-,nuoN
ihfA,-,ompC
ihfA,-+,ompF
ihfA,-,ompR
ihfA,-,osmE
ihfA,-,osmY
ihfA,+,paaA
ihfA,+,paaB
ihfA,+,paaC
ihfA,+,paaD
ihfA,+,paaE
ihfA,+,paaF
ihfA,+,paaG
ihfA,+,paaH
ihfA,+,paaI
ihfA,+,paaJ
ihfA,+,paaK
ihfA,+,paaZ
ihfA,+,pflB
ihfA,+,phoU
ihfA,-,plaR
ihfA,+,prfA
ihfA,+,prmC
ihfA,+,proV
ihfA,+,proW
ihfA,+,proX
ihfA,+,pspA
ihfA,+,pspB
ihfA,+,pspC
ihfA,+,pspD
ihfA,+,pspE
ihfA,+,pspG
ihfA,+,pspH
ihfA,+,pstA
ihfA,+,pstB
ihfA,+,pstC
ihfA,+,pstS
ihfA,-,rpoE
ihfA,+,rpoH
ihfA,-,rseA
ihfA,-,rseB
ihfA,-,rseC
ihfA,-,rseD
ihfA,+,rtcA
ihfA,+,rtcB
ihfA,-,sdhX
ihfA,+,sgbE
ihfA,+,sgbH
ihfA,+,sgbU
ihfA,-,sodA
ihfA,-,sodB
ihfA,+,sra
ihfA,-+,ssuA
ihfA,-+,ssuB
ihfA,-+,ssuC
ihfA,-+,ssuD
ihfA,-+,ssuE
ihfA,-,sucA
ihfA,-,sucB
ihfA,-,sucC
ihfA,-,sucD
ihfA,+,sufA
ihfA,+,sufB
ihfA,+,sufC
ihfA,+,sufD
ihfA,+,sufE
ihfA,+,sufS
ihfA,-,tcyJ
ihfA,+,tdcA
ihfA,+,tdcB
ihfA,+,tdcC
ihfA,+,tdcD
ihfA,+,tdcE
ihfA,+,tdcF
ihfA,+,tdcG
ihfA,-,tyrP
ihfA,-,ubiA
ihfA,-,ubiC
ihfA,-,ulaA
ihfA,-,ulaB
ihfA,-,ulaC
ihfA,-,ulaD
ihfA,-,ulaE
ihfA,-,ulaF
ihfA,-,ulaG
ihfA,+,uspA
ihfA,-,uspB
ihfA,+,yadV
ihfA,+,yeiL
ihfA,+,yiaK
ihfA,+,yiaL
ihfA,+,yiaM
ihfA,+,yiaN
ihfA,+,yiaO
ihfA,+,yjbE
ihfA,+,yjbF
ihfA,+,yjbG
ihfA,+,yjbH
ihfA,-,yjcH
ihfB,+,aceA
ihfB,+,aceB
ihfB,+,aceK
ihfB,-,acs
ihfB,-,actP
ihfB,+,adiA
ihfB,-,amiA
ihfB,+,atoA
ihfB,+,atoB
ihfB,+,atoD
ihfB,+,atoE
ihfB,-+,carA
ihfB,-+,carB
ihfB,+,csgD
ihfB,+,csgE
ihfB,+,csgF
ihfB,+,csgG
ihfB,+,csrB
ihfB,+,cycA
ihfB,-+,cysG
ihfB,+,cysH
ihfB,+,cysI
ihfB,+,cysJ
ihfB,+,dcuD
ihfB,-,dmsA
ihfB,-,dmsB
ihfB,-,dmsC
ihfB,+,dppA
ihfB,+,dppB
ihfB,+,dppC
ihfB,+,dppD
ihfB,+,dppF
ihfB,+,dps
ihfB,+,dusB
ihfB,-,envZ
ihfB,+,fhlA
ihfB,+,fimA
ihfB,+,fimB
ihfB,+,fimC
ihfB,+,fimD
ihfB,+,fimF
ihfB,+,fimG
ihfB,+,fimH
ihfB,+,fimI
ihfB,+,fimR2
ihfB,+,fis
ihfB,-,flhC
ihfB,-,flhD
ihfB,-,fliA
ihfB,-,fliZ
ihfB,+,fnr
ihfB,+,focA
ihfB,+,folA
ihfB,+,gcd
ihfB,+,glcA
ihfB,+,glcB
ihfB,+,glcD
ihfB,+,glcE
ihfB,+,glcF
ihfB,+,glcG
ihfB,+,glmY
ihfB,+,glnH
ihfB,+,glnP
ihfB,+,glnQ
ihfB,-,glpQ
ihfB,-,glpT
ihfB,+,gltA
ihfB,+,gltB
ihfB,+,gltD
ihfB,+,gltF
ihfB,+,hemA
ihfB,-,hemF
ihfB,+,hipA
ihfB,+,hipB
ihfB,-,hpt
ihfB,+,htrE
ihfB,+,hycA
ihfB,+,hycB
ihfB,+,hycC
ihfB,+,hycD
ihfB,+,hycE
ihfB,+,hycF
ihfB,+,hycG
ihfB,+,hycH
ihfB,+,hycI
ihfB,+,hypA
ihfB,+,hypB
ihfB,+,hypC
ihfB,+,hypD
ihfB,+,hypE
ihfB,+,ibpB
ihfB,-,icd
ihfB,-,ihfA
ihfB,-,ihfB
ihfB,-+,ilvA
ihfB,-+,ilvD
ihfB,-+,ilvE
ihfB,-+,ilvL
ihfB,-+,ilvM
ihfB,-+,ilvX
ihfB,+,lyxK
ihfB,-,micF
ihfB,-,mtr
ihfB,+,narG
ihfB,+,narH
ihfB,+,narI
ihfB,+,narJ
ihfB,+,narK
ihfB,+,narS
ihfB,-,ndh
ihfB,-+,nirB
ihfB,-+,nirC
ihfB,-+,nirD
ihfB,-+,norV
ihfB,-+,norW
ihfB,-+,nrfA
ihfB,-+,nrfB
ihfB,-+,nrfC
ihfB,-+,nrfD
ihfB,-+,nrfE
ihfB,-+,nrfF
ihfB,-+,nrfG
ihfB,-,nuoA
ihfB,-,nuoB
ihfB,-,nuoC
ihfB,-,nuoE
ihfB,-,nuoF
ihfB,-,nuoG
ihfB,-,nuoH
ihfB,-,nuoI
ihfB,-,nuoJ
ihfB,-,nuoK
ihfB,-,nuoL
ihfB,-,nuoM
ihfB,-,nuoN
ihfB,-,ompC
ihfB,-+,ompF
ihfB,-,ompR
ihfB,-,osmE
ihfB,-,osmY
ihfB,+,paaA
ihfB,+,paaB
ihfB,+,paaC
ihfB,+,paaD
ihfB,+,paaE
ihfB,+,paaF
ihfB,+,paaG
ihfB,+,paaH
ihfB,+,paaI
ihfB,+,paaJ
ihfB,+,paaK
ihfB,+,paaZ
ihfB,+,pflB
ihfB,+,phoU
ihfB,-,plaR
ihfB,+,prfA
ihfB,+,prmC
ihfB,+,proV
ihfB,+,proW
ihfB,+,proX
ihfB,+,pspA
ihfB,+,pspB
ihfB,+,pspC
ihfB,+,pspD
ihfB,+,pspE
ihfB,+,pspG
ihfB,+,pspH
ihfB,+,pstA
ihfB,+,pstB
ihfB,+,pstC
ihfB,+,pstS
ihfB,-,rpoE
ihfB,+,rpoH
ihfB,-,rseA
ihfB,-,rseB
ihfB,-,rseC
ihfB,-,rseD
ihfB,+,rtcA
ihfB,+,rtcB
ihfB,-,sdhX
ihfB,+,sgbE
ihfB,+,sgbH
ihfB,+,sgbU
ihfB,-,sodA
ihfB,-,sodB
ihfB,+,sra
ihfB,-+,ssuA
ihfB,-+,ssuB
ihfB,-+,ssuC
ihfB,-+,ssuD
ihfB,-+,ssuE
ihfB,-,sucA
ihfB,-,sucB
ihfB,-,sucC
ihfB,-,sucD
ihfB,+,sufA
ihfB,+,sufB
ihfB,+,sufC
ihfB,+,sufD
ihfB,+,sufE
ihfB,+,sufS
ihfB,-,tcyJ
ihfB,+,tdcA
ihfB,+,tdcB
ihfB,+,tdcC
ihfB,+,tdcD
ihfB,+,tdcE
ihfB,+,tdcF
ihfB,+,tdcG
ihfB,-,tyrP
ihfB,-,ubiA
ihfB,-,ubiC
ihfB,-,ulaA
ihfB,-,ulaB
ihfB,-,ulaC
ihfB,-,ulaD
ihfB,-,ulaE
ihfB,-,ulaF
ihfB,-,ulaG
ihfB,+,uspA
ihfB,-,uspB
ihfB,+,yadV
ihfB,+,yeiL
ihfB,+,yiaK
ihfB,+,yiaL
ihfB,+,yiaM
ihfB,+,yiaN
ihfB,+,yiaO
ihfB,+,yjbE
ihfB,+,yjbF
ihfB,+,yjbG
ihfB,+,yjbH
ihfB,-,yjcH
ilvY,+,ilvC
ilvY,-,ilvY
iscR,-,erpA
iscR,-,hyaA
iscR,-,hyaB
iscR,-,hyaC
iscR,-,hyaD
iscR,-,hyaE
iscR,-,hyaF
iscR,-,iscA
iscR,-,iscR
iscR,-,iscS
iscR,-,iscU
iscR,-,napA
iscR,-,napB
iscR,-,napC
iscR,-,napD
iscR,-,napF
iscR,-,napG
iscR,-,napH
iscR,-,nfuA
iscR,+,nrdE
iscR,+,nrdF
iscR,+,nrdH
iscR,+,nrdI
iscR,-,rnlA
iscR,-,rnlB
iscR,+,selO
iscR,+,sufA
iscR,+,sufB
iscR,+,sufC
iscR,+,sufD
iscR,+,sufE
iscR,+,sufS
iscR,-,torT
istR,-,tisB
kdgR,-,eda
kdgR,-,edd
kdpE,-,adeP
kdpE,+,kdpA
kdpE,+,kdpB
kdpE,+,kdpC
kdpE,+,kdpF
kdpE,-,rmf
kdpE,-,rsd
kdpE,+,uxaA
kdpE,+,uxaC
lacI,-,lacA
lacI,-,lacY
lacI,-,lacZ
leuO,+,bglB
leuO,+,bglF
leuO,+,bglG
leuO,+,bglJ
leuO,-,cadC
leuO,+,cas1
leuO,+,cas2
leuO,+,casA
leuO,+,casB
leuO,+,casC
leuO,+,casD
leuO,+,casE
leuO,-,dsrA
leuO,-,gltF
leuO,+,leuA
leuO,+,leuB
leuO,+,leuC
leuO,+,leuD
leuO,+,leuL
leuO,-+,leuO
leuO,-,ybeQ
leuO,-,yghR
leuO,-,yghS
leuO,+,yjjQ
lexA,-,cho
lexA,-,ddlB
lexA,-,dinB
lexA,-,dinD
lexA,-,dinF
lexA,-,dinG
lexA,-,dinI
lexA,-,dinJ
lexA,-,dinQ
lexA,-,dnaG
lexA,-,ftsA
lexA,-,ftsI
lexA,-,ftsK
lexA,-,ftsL
lexA,-,ftsO
lexA,-,ftsQ
lexA,-,ftsW
lexA,-,ftsZ
lexA,-,hokE
lexA,-,insK
lexA,-,lexA
lexA,-,lpxC
lexA,-,mraY
lexA,-,murC
lexA,-,murD
lexA,-,murE
lexA,-,murF
lexA,-,murG
lexA,-,phr
lexA,-,polB
lexA,-,ptrA
lexA,-,recA
lexA,-,recB
lexA,-,recD
lexA,-,recN
lexA,-,recQ
lexA,-,recX
lexA,-,rpoD
lexA,-,rpsU
lexA,-,ruvA
lexA,-,ruvB
lexA,-,sbmC
lexA,-,ssb
lexA,-,sulA
lexA,-,symE
lexA,-,tisB
lexA,-,umuC
lexA,-,umuD
lexA,-,uvrA
lexA,-,uvrB
lexA,-,uvrC
lexA,-,uvrD
lexA,-,uvrY
lexA,-,yafN
lexA,-,yafO
lexA,-,yafP
lexA,-,yafQ
lexA,-,ybfE
lexA,-,ybiB
lexA,-,ydjM
lexA,-,yebG
lexA,-,yehF
lexA,-,yoaA
lldR,+,fadE
lldR,+,fadL
lldR,+,gadW
lldR,+,gadY
lldR,+,glcD
lldR,-+,lldD
lldR,-+,lldP
lldR,-+,lldR
lldR,+,lpxP
lldR,+,yfdY
lldR,+,yhcO
lrhA,+,fimE
lrhA,-,flhC
lrhA,-,flhD
lrhA,+,leuO
lrhA,+,lrhA
lrp,+,aceB
lrp,-+,acrZ
lrp,-+,adhE
lrp,-,aer
lrp,-,aidB
lrp,-+,alaA
lrp,-+,alaE
lrp,-,alaS
lrp,-,alaT
lrp,-+,alaU
lrp,-+,alaU
lrp,-+,alaV
lrp,-+,alaV
lrp,-,amiC
lrp,-+,ansB
lrp,-,aphA
lrp,-,arcB
lrp,-,argA
lrp,+,argO
lrp,-+,argR
lrp,-,argS
lrp,+,argT
lrp,-+,aroA
lrp,-+,aroG
lrp,-+,artI
lrp,-+,artP
lrp,+,asnA
lrp,+,asnB
lrp,-+,aspA
lrp,+,aspC
lrp,-,aspS
lrp,-+,astC
lrp,-,atpA
lrp,-,atpH
lrp,-+,avtA
lrp,+,borD
lrp,-,brnQ
lrp,+,bssS
lrp,-,btuE
lrp,+,cadA
lrp,+,cadB
lrp,+,can
lrp,+,cbl
lrp,+,chbG
lrp,+,clpP
lrp,+,clpS
lrp,-,cpoB
lrp,-,creA
lrp,-+,csiE
lrp,-,cycA
lrp,-,cydC
lrp,-,cysB
lrp,-+,dadA
lrp,-,dadX
lrp,-,deaD
lrp,-,dedA
lrp,-,deoB
lrp,-,dgcJ
lrp,-+,dgcM
lrp,-,dgcQ
lrp,+,dgcZ
lrp,-,dhaK
lrp,-+,dppA
lrp,-,dtpA
lrp,-,dtpB
lrp,-,eco
lrp,-,emrD
lrp,+,eno
lrp,+,eptB
lrp,+,exbB
lrp,-+,fadI
lrp,+,fadL
lrp,-,fau
lrp,+,fimA
lrp,+,fimC
lrp,+,fimD
lrp,+,fimE
lrp,+,fimF
lrp,+,fimG
lrp,+,fimH
lrp,+,fimI
lrp,+,fimR2
lrp,-+,fliA
lrp,-,frdA
lrp,-,frdB
lrp,-,ftsQ
lrp,+,fumA
lrp,-+,fxsA
lrp,+,gabD
lrp,+,gabP
lrp,+,gabT
lrp,-,gadB
lrp,-+,gadW
lrp,+,gadY
lrp,+,gcvH
lrp,+,gcvP
lrp,-+,gcvT
lrp,-,gdhA
lrp,+,glaH
lrp,-+,glcA
lrp,-,glgC
lrp,+,glnA
lrp,+,glnH
lrp,+,glnK
lrp,+,glnL
lrp,+,glnQ
lrp,+,gltB
lrp,+,gltD
lrp,+,gltF
lrp,-,gltP
lrp,-,gltT
lrp,-,gltU
lrp,-+,gltV
lrp,-+,gltV
lrp,-+,gltW
lrp,-+,gltW
lrp,-,gpt
lrp,-+,groL
lrp,-,groS
lrp,-,hdeA
lrp,-,hdeB
lrp,-,hlyE
lrp,-,hpf
lrp,+,hspQ
lrp,+,htrE
lrp,+,ibpA
lrp,+,ibpB
lrp,-,ileT
lrp,-+,ileU
lrp,-+,ileU
lrp,-+,ileV
lrp,-+,ileV
lrp,-,ilvA
lrp,-,ilvD
lrp,-,ilvE
lrp,-+,ilvH
lrp,-+,ilvI
lrp,-+,ilvL
lrp,-,ilvM
lrp,-,ilvX
lrp,+,insC5
lrp,+,insH3
lrp,-,intZ
lrp,-,iraD
lrp,+,iraP
lrp,-+,katE
lrp,-+,kbl
lrp,+,ldhA
lrp,-+,leuA
lrp,-,leuE
lrp,+,leuL
lrp,-+,leuO
lrp,+,lhgD
lrp,+,lipA
lrp,-,livF
lrp,-,livG
lrp,-,livH
lrp,-+,livJ
lrp,-+,livK
lrp,-,livM
lrp,-,lolA
lrp,+,lolC
lrp,-,lpxL
lrp,+,lrhA
lrp,-,lrp
lrp,-+,lysP
lrp,-,lysU
lrp,+,malT
lrp,-,manA
lrp,+,menA
lrp,-,metH
lrp,-,metK
lrp,-,metT
lrp,-,micF
lrp,-,mnmA
lrp,+,modA
lrp,-,mqo
lrp,-,msbA
lrp,-,mscK
lrp,-,mscS
lrp,-,mtr
lrp,-,mutY
lrp,+,nac
lrp,-,napF
lrp,-,nuoA
lrp,-,nusB
lrp,-,ompC
lrp,+,ompT
lrp,-,oppA
lrp,-,oppB
lrp,-,oppC
lrp,-,oppD
lrp,-,oppF
lrp,-+,osmC
lrp,-,osmY
lrp,-,pabB
lrp,-,pal
lrp,-+,panZ
lrp,-+,patA
lrp,-,pepD
lrp,-,pgl
lrp,+,phoA
lrp,+,phoH
lrp,-,pncB
lrp,+,pntA
lrp,-,polA
lrp,-+,potF
lrp,-,ppk
lrp,-,ppsA
lrp,-+,ppx
lrp,+,prlF
lrp,+,proP
lrp,+,pspG
lrp,-,ptsN
lrp,-+,purM
lrp,+,purT
lrp,+,pyrI
lrp,-,qseB
lrp,-,radD
lrp,+,rdcA
lrp,+,relA
lrp,+,rhtB
lrp,-,ribE
lrp,-+,ridA
lrp,+,rlmE
lrp,-+,rnr
lrp,-,rpiA
lrp,+,rpiB
lrp,-,rplF
lrp,-+,rplR
lrp,-,rpoN
lrp,-,rpsH
lrp,-,rrfA
lrp,-,rrfB
lrp,-,rrfC
lrp,-+,rrfD
lrp,-+,rrfD
lrp,-+,rrfE
lrp,-+,rrfE
lrp,-+,rrfF
lrp,-+,rrfF
lrp,-+,rrfG
lrp,-+,rrfG
lrp,-+,rrfH
lrp,-+,rrfH
lrp,-,rrlA
lrp,-,rrlB
lrp,-,rrlC
lrp,-+,rrlD
lrp,-+,rrlD
lrp,-+,rrlE
lrp,-+,rrlE
lrp,-+,rrlG
lrp,-+,rrlG
lrp,-+,rrlH
lrp,-+,rrlH
lrp,-,rrsA
lrp,-,rrsB
lrp,-,rrsC
lrp,-+,rrsD
lrp,-+,rrsD
lrp,-+,rrsE
lrp,-+,rrsE
lrp,-+,rrsG
lrp,-+,rrsG
lrp,-+,rrsH
lrp,-+,rrsH
lrp,+,rsd
lrp,+,rseA
lrp,+,sad
lrp,-,sdaA
lrp,-,sdaC
lrp,-+,serA
lrp,+,serB
lrp,-+,serC
lrp,-,serS
lrp,-+,slyA
lrp,+,slyX
lrp,+,soxS
lrp,-,sroH
lrp,-,ssrS
lrp,-,sstT
lrp,-,sthA
lrp,+,stpA
lrp,+,sulA
lrp,+,tdh
lrp,-,thiC
lrp,-,thrL
lrp,-+,thrV
lrp,-+,thrV
lrp,-,topA
lrp,-,treA
lrp,-,trhO
lrp,-,trxB
lrp,-+,tsuA
lrp,-+,tyrP
lrp,-+,tyrR
lrp,+,ubiA
lrp,-,upp
lrp,-,uspE
lrp,-,wecB
lrp,+,yaaX
lrp,+,yabQ
lrp,+,yacL
lrp,+,yaeQ
lrp,+,yagU
lrp,+,yaiY
lrp,+,ybdF
lrp,-,ybdG
lrp,-,ybdL
lrp,-,ybeX
lrp,-,ybgA
lrp,-+,ybgS
lrp,-+,ybhQ
lrp,+,ybiI
lrp,-,ybiJ
lrp,-,ybiO
lrp,-,ybiT
lrp,-,ybjN
lrp,-,ybjS
lrp,+,ybjX
lrp,-,ycaM
lrp,-,yceB
lrp,+,ycfJ
lrp,-+,ycgB
lrp,-,ychE
lrp,-,yciN
lrp,+,yciT
lrp,+,yciZ
lrp,+,ydcK
lrp,+,ydcL
lrp,-,ydeE
lrp,+,ydeN
lrp,+,ydgH
lrp,+,ydhQ
lrp,-,yeaE
lrp,+,yeaG
lrp,-,yebF
lrp,-,yehL
lrp,+,yeiL
lrp,+,yfaP
lrp,-,yfcC
lrp,-,yfcZ
lrp,-,yfiB
lrp,-+,ygiV
lrp,-+,ygiW
lrp,-,yhbY
lrp,-,yhcN
lrp,+,yhdN
lrp,+,yhdV
lrp,+,yhhA
lrp,-+,yhhW
lrp,-,yhiD
lrp,-,yhiM
lrp,+,yhjE
lrp,+,yhjJ
lrp,+,yhjR
lrp,-,yiaG
lrp,+,yibL
lrp,+,yibT
lrp,+,yicH
lrp,-,yiiM
lrp,-,yjbJ
lrp,-,yjbQ
lrp,+,yjbR
lrp,+,yjeH
lrp,-,yjeM
lrp,+,yjfP
lrp,-,yjiC
lrp,-+,yjiL
lrp,+,ykgE
lrp,+,ynjH
lrp,+,yoaH
lrp,-,yodC
lrp,+,yojI
lrp,+,yqeF
lrp,-,yqeG
lrp,-+,ytfB
lrp,-+,ytfJ
lrp,-,ytfK
lrp,+,ytjB
lrp,+,yzgL
lrp,+,zipA
lrp,+,zitB
lrp,+,zntR
lsrR,-,lsrA
lsrR,-,lsrB
lsrR,-,lsrC
lsrR,-,lsrD
lsrR,-,lsrF
lsrR,-,lsrG
lsrR,-,lsrK
lsrR,-,lsrR
lsrR,-,tam
lysR,+,lysA
lysR,-,lysR
malH,-,ompC
malI,-,malI
malI,-,malX
malI,-,malY
malT,+,lamB
malT,+,malE
malT,+,malF
malT,+,malG
malT,+,malH
malT,+,malK
malT,+,malM
malT,+,malP
malT,+,malQ
malT,+,malS
malT,+,malZ
marA,+,acnA
marA,+,acrA
marA,+,acrB
marA,+,acrZ
marA,+,aldA
marA,+,ariR
marA,+,dapD
marA,-,dctR
marA,+,decR
marA,+,fpr
marA,+,fumC
marA,+,glnD
marA,-,hdeA
marA,-,hdeB
marA,+,inaA
marA,-,lacA
marA,-,lacY
marA,-,lacZ
marA,+,map
marA,+,marA
marA,+,marB
marA,+,marR
marA,+,mdaB
marA,+,micF
marA,+,mlaB
marA,+,mlaC
marA,+,mlaD
marA,+,mlaE
marA,+,mlaF
marA,+,nfo
marA,+,nfsA
marA,+,nfsB
marA,+,poxB
marA,+,pqiA
marA,+,pqiB
marA,+,pqiC
marA,-,purA
marA,+,putA
marA,+,rimK
marA,-,rob
marA,-,slp
marA,+,sodA
marA,+,tolC
marA,+,waaY
marA,+,waaZ
marA,+,xseA
marA,+,ybjC
marA,+,ybjN
marA,+,ycgZ
marA,+,ygiB
marA,+,ygiC
marA,+,yhbW
marA,-,yhiD
marA,+,ymgA
marA,+,ymgC
marA,+,yncE
marA,+,zwf
marR,-,marA
marR,-,marB
marR,-,marR
matA,+,ecpA
matA,-,flhC
matA,-,flhD
matA,-,fliA
matA,-,fliC
matA,-,fliX
matA,-,fliZ
matA,+,matA
matA,-,tcyJ
mazE,-,mazE
mazE,-,mazF
mazE,-,mazG
mazF,-,mazE
mazF,-,mazF
mazF,-,mazG
mcaS,-,csgD
mcaS,-,csgE
mcaS,-,csgF
mcaS,-,csgG
mcaS,+,flhC
mcaS,+,flhD
mcbR,-,mcbA
mcbR,+,rmf
mcbR,+,rsd
mcbR,+,yciE
mcbR,+,yciF
mcbR,+,yciG
melR,-+,melA
melR,-+,melB
melR,-+,melR
metJ,-,ahpC
metJ,-,ahpF
metJ,-,folE
metJ,-,metA
metJ,-,metB
metJ,-,metC
metJ,-,metE
metJ,-,metF
metJ,-,metI
metJ,-,metK
metJ,-,metL
metJ,-,metN
metJ,-,metQ
metJ,-,metR
metJ,-,yeiB
metR,-+,glyA
metR,+,hmp
metR,+,metE
metR,+,metH
metR,-,metR
mgrR,-,eptB
mgrR,-,pitA
mgrR,-,soxS
mgrR,-,ygdQ
mhpR,+,mhpA
mhpR,+,mhpB
mhpR,+,mhpC
mhpR,+,mhpD
mhpR,+,mhpE
mhpR,+,mhpF
micA,-,cpoB
micA,-,ecnB
micA,-,fimB
micA,-,gloA
micA,-,lamB
micA,-,ldtC
micA,-,lpxT
micA,-,ompA
micA,-,ompW
micA,-,ompX
micA,-,pal
micA,-,phoP
micA,-,phoQ
micA,-,tsx
micA,-,yfeK
micA,-,ygiM
micC,-,ompC
micF,-,cpxA
micF,-,cpxR
micF,-,lrp
micF,-,ompF
micF,+,oppA
micF,-,phoE
micF,-,tcyJ
micL,-,lpp
mlc,-,bidA
mlc,-,crr
mlc,-,malT
mlc,-,manX
mlc,-,manY
mlc,-,manZ
mlc,-,mlc
mlc,-,ptsG
mlc,-,ptsH
mlc,-,ptsI
mlrA,+,cadC
mlrA,+,csgD
mlrA,+,csgE
mlrA,+,csgF
mlrA,+,csgG
mlrA,+,ibaG
mlrA,+,obgE
mlrA,+,rplU
mlrA,+,rpmA
mlrA,+,yhbE
mngR,-,mngA
mngR,-,mngB
mngR,-,mngR
mntR,-,dps
mntR,-,mntH
mntR,+,mntP
mntR,-,mntS
mntR,-,rybA
modE,+,ccmA
modE,+,ccmB
modE,+,ccmC
modE,+,ccmD
modE,+,ccmE
modE,+,ccmF
modE,+,ccmG
modE,+,ccmH
modE,-,deoA
modE,-,deoB
modE,-,deoC
modE,-,deoD
modE,-,dmsA
modE,-,dmsB
modE,-,dmsC
modE,+,hycA
modE,+,hycB
modE,+,hycC
modE,+,hycD
modE,+,hycE
modE,+,hycF
modE,+,hycG
modE,+,hycH
modE,+,hycI
modE,+,moaA
modE,+,moaB
modE,+,moaC
modE,+,moaD
modE,+,moaE
modE,-,modA
modE,-,modB
modE,-,modC
modE,+,napA
modE,+,napB
modE,+,napC
modE,+,napD
modE,+,napF
modE,+,napG
modE,+,napH
modE,+,narL
modE,+,narX
modE,-,oppA
modE,-,oppB
modE,-,oppC
modE,-,oppD
modE,-,oppF
motR,+,fliC
motR,+,rplB
motR,+,rplC
motR,+,rplD
motR,+,rplP
motR,+,rplV
motR,+,rplW
motR,+,rpmC
motR,+,rpsC
motR,+,rpsJ
motR,+,rpsQ
motR,+,rpsS
mprA,-,acrA
mprA,-,acrB
mprA,-,emrA
mprA,-,emrB
mprA,-,mprA
mqsA,-,csgD
mqsA,-,csgE
mqsA,-,csgF
mqsA,-,csgG
mqsA,-,cspD
mqsA,-,lfgA
mqsA,-,lfgB
mqsA,-,mqsA
mqsA,-,mqsR
mqsA,-,rpoS
mqsA,-,yfjZ
mqsA,-,ypjF
mqsA,-,ypjJ
mraZ,-,ddlB
mraZ,-,ftsA
mraZ,-,ftsI
mraZ,-,ftsL
mraZ,-,ftsO
mraZ,-,ftsQ
mraZ,-,ftsW
mraZ,-,ftsZ
mraZ,-,lpxC
mraZ,-,mioC
mraZ,-,mraY
mraZ,-,mraZ
mraZ,-,murC
mraZ,-,murD
mraZ,-,murE
mraZ,-,murF
mraZ,-,murG
mraZ,-,rsmH
murR,-,murP
murR,-,murQ
murR,-+,murR
nac,-,abgA
nac,-,abgR
nac,-,abpA
nac,-,aceB
nac,+,ackA
nac,-,acrE
nac,+,ahpC
nac,-,alaC
nac,+,allR
nac,+,allW
nac,-,amiB
nac,-,amn
nac,-,ampD
nac,-,ansB
nac,-,ansP
nac,-,araE
nac,-,araF
nac,+,argO
nac,+,argU
nac,-,aroD
nac,-,aroE
nac,-,aroF
nac,-,asnA
nac,-,asnC
nac,-,asnT
nac,-,asnV
nac,-,bfd
nac,+,bfr
nac,-,bglB
nac,-,bglH
nac,+,bglX
nac,-,bidA
nac,+,bisC
nac,-,blc
nac,-,borD
nac,+,bssS
nac,-,caiF
nac,-,cbrB
nac,-,cbrC
nac,-,ccmA
nac,-,ccmB
nac,-,ccmH
nac,-,cdaR
nac,-,cfa
nac,+,cheA
nac,-,cho
nac,-,chpS
nac,+,cmtA
nac,+,cmtB
nac,-,cobT
nac,-,cobU
nac,+,codA
nac,+,codB
nac,-,cpdB
nac,-,csiE
nac,-,curA
nac,+,cycA
nac,+,cydA
nac,-,cynR
nac,-,cynT
nac,-,cysJ
nac,+,cysQ
nac,-,cysS
nac,+,dadA
nac,-,dapB
nac,-,dcm
nac,+,dcp
nac,+,dcyD
nac,-,ddlA
nac,-,ddpC
nac,-,dgcT
nac,-,dhaK
nac,+,dhaR
nac,-,dinJ
nac,-,dkgA
nac,-,dld
nac,-,dnaA
nac,+,dpaA
nac,-,dppA
nac,-,dsbA
nac,+,dsbG
nac,-,eamA
nac,-,ecnA
nac,-,ecnB
nac,+,elfA
nac,-,elfG
nac,-,emrK
nac,-,eptA
nac,+,eutS
nac,-,evgA
nac,-,exuT
nac,-,fdhD
nac,-,fdoG
nac,-,feaB
nac,-+,feaR
nac,-,fepE
nac,-,fhuF
nac,-,fklB
nac,-,fliC
nac,-,fliD
nac,+,ftnB
nac,-,fucA
nac,-,fumD
nac,+,gabD
nac,+,gabP
nac,+,gabT
nac,+,gadE
nac,-,gadX
nac,-,gatA
nac,-,gcvT
nac,-,gdhA
nac,-,glaH
nac,+,glcA
nac,-,glpK
nac,-,gltA
nac,-,gltB
nac,-,gltD
nac,-+,gltF
nac,-,gltP
nac,-,glxK
nac,+,gmk
nac,-,gor
nac,-,greB
nac,+,groS
nac,-,gspG
nac,-,gspH
nac,+,gspM
nac,+,gspO
nac,-,gudX
nac,+,hcaE
nac,+,hcaR
nac,-,hchA
nac,-,hemB
nac,-,hemH
nac,-,hemN
nac,-,hfq
nac,-,hofC
nac,-,holE
nac,-,hprR
nac,-,htpG
nac,-,htpX
nac,-,htrE
nac,+,hupA
nac,-,hxpB
nac,+,iaaA
nac,+,ibpA
nac,+,icd
nac,+,ileY
nac,+,ilvL
nac,-,ilvN
nac,+,insK
nac,-,intD
nac,-,iraP
nac,-,ispB
nac,-,ispD
nac,+,ivy
nac,-,katG
nac,+,kbaY
nac,-,kbl
nac,-,kdgR
nac,-,kdsA
nac,-,kduI
nac,-,lapC
nac,+,lepA
nac,-,lepB
nac,+,leuL
nac,-,leuO
nac,-,leuU
nac,-,ligB
nac,+,livH
nac,-,livK
nac,-,livM
nac,-,lpxH
nac,-,lrp
nac,+,lysA
nac,-,lysP
nac,-,lysR
nac,-,lysU
nac,-,macA
nac,-,malI
nac,-,malY
nac,+,map
nac,+,marR
nac,-,mcbA
nac,-,mcrB
nac,+,mdtE
nac,-,mdtG
nac,+,metE
nac,-,metR
nac,-,metY
nac,-,mglA
nac,-,mglB
nac,+,mgtS
nac,+,micC
nac,-,mioC
nac,-,mltD
nac,-,mnmG
nac,-,mntH
nac,-,mobA
nac,+,moeA
nac,-,mreC
nac,-,mscL
nac,+,msrA
nac,-,mtfA
nac,-,nac
nac,-,nadC
nac,-,nadD
nac,-,nanA
nac,+,nanK
nac,-,napB
nac,-,napC
nac,-,narK
nac,-,narX
nac,-,nfrB
nac,-,nlpE
nac,-,nrdG
nac,+,nrfF
nac,+,nrfG
nac,-,nudC
nac,-,nudG
nac,-+,nupC
nac,-,nusA
nac,-,nusB
nac,-,ompA
nac,-,ompF
nac,-,ompN
nac,-,ompR
nac,-,ompT
nac,+,oppA
nac,-,oppC
nac,-,ortT
nac,+,osmB
nac,-,osmY
nac,-,pabC
nac,+,patD
nac,+,pdeC
nac,-,pdeF
nac,-,pdeL
nac,-,pdxK
nac,+,pfkB
nac,+,pgaA
nac,-,phoB
nac,-,phoH
nac,-,pinQ
nac,-,pinR
nac,+,pitB
nac,-,pldA
nac,-,pntA
nac,-,polA
nac,-,ppc
nac,+,ppdC
nac,-,pphB
nac,-,ppiB
nac,-,ppnN
nac,-,prfC
nac,-,prmB
nac,-,pstC
nac,-,pstS
nac,-,ptrA
nac,-,pyrB
nac,+,pyrL
nac,-,queD
nac,-,queF
nac,-,rcsA
nac,-,rep
nac,+,rfaH
nac,-,rfbB
nac,+,rfbC
nac,+,rflP
nac,-,rhtA
nac,-,rimP
nac,+,rlmF
nac,+,rlmM
nac,+,rluE
nac,-,rnlB
nac,-,rplU
nac,+,rpmH
nac,-,rpoZ
nac,-,rsd
nac,-,rsmF
nac,+,rutB
nac,-,sbcD
nac,-,scpB
nac,-,sdaA
nac,+,sdhC
nac,-,sdiA
nac,-,secG
nac,+,selC
nac,-,serA
nac,-,shiA
nac,+,shoB
nac,+,sibA
nac,-,sibE
nac,-,spf
nac,-,srlR
nac,-,srsR
nac,-,ssuE
nac,-,stfR
nac,-,sucA
nac,-,tauA
nac,-,tdcA
nac,-,tdcR
nac,-,tfaQ
nac,-,tfaR
nac,-,tff
nac,-,thiL
nac,-,thrS
nac,-,tnaA
nac,-,tnaB
nac,+,tnaC
nac,-,tolB
nac,+,tomB
nac,-,torA
nac,+,torI
nac,-,trxB
nac,-,ubiA
nac,-,ubiT
nac,-,ubiU
nac,-,ugd
nac,-,uhpA
nac,-,uspA
nac,+,uspC
nac,-,uspG
nac,-,uvrY
nac,-,uxaC
nac,-,waaF
nac,-,waaG
nac,+,wcaE
nac,+,wcaF
nac,+,wecH
nac,+,wrbA
nac,-,wza
nac,-,wzb
nac,-,wzc
nac,+,wzzE
nac,-,xapR
nac,-,xdhA
nac,-,yadC
nac,-,yadM
nac,-,yaeF
nac,-,yafC
nac,+,yafD
nac,-,yafN
nac,-,yafO
nac,-,yafQ
nac,+,yafV
nac,+,yagU
nac,+,yaiS
nac,-,yaiY
nac,+,yaiZ
nac,-,yajD
nac,-,yajO
nac,-,ybaL
nac,-,ybbC
nac,+,ybcK
nac,-,ybcV
nac,+,ybdK
nac,-,ybdR
nac,+,ybeQ
nac,+,ybeR
nac,+,ybeT
nac,-,ybeU
nac,-,ybfC
nac,-,ybgC
nac,+,ybgE
nac,+,ybhD
nac,-,ybhH
nac,-,ybhI
nac,+,ybhM
nac,+,ybjP
nac,+,ybjQ
nac,-,ybjX
nac,-,ycaC
nac,-,ycaD
nac,+,ycaK
nac,+,ycaN
nac,-,yccM
nac,-,ycgB
nac,-,ycgJ
nac,+,ycgV
nac,+,ycgX
nac,-,ychA
nac,-,yciZ
nac,-,ydaT
nac,+,ydaU
nac,+,ydcI
nac,+,ydcS
nac,+,ydcT
nac,+,ydcU
nac,+,ydcV
nac,-,ydcY
nac,-,ydcZ
nac,+,ydeE
nac,-,ydeP
nac,-,ydeQ
nac,-,ydfK
nac,-,ydfR
nac,-,ydgH
nac,-,ydiB
nac,+,ydiL
nac,-,ydiM
nac,-,ydiO
nac,-,ydiP
nac,-,ydiY
nac,-,yebQ
nac,+,yecD
nac,+,yecE
nac,-,yecF
nac,-,yedL
nac,-,yeeZ
nac,+,yegH
nac,-,yegL
nac,-,yegR
nac,-,yehE
nac,-,yeiE
nac,+,yeiH
nac,-,yejB
nac,-,yejG
nac,-,yfaE
nac,-,yfbK
nac,+,yfbL
nac,-,yfbV
nac,-,yfcO
nac,-,yfcP
nac,-,yfdE
nac,+,yfdV
nac,+,yfeK
nac,-,yfeS
nac,+,yfgG
nac,-,yfgH
nac,-,yfhL
nac,+,yfiL
nac,-,yfiR
nac,-,yfjI
nac,-,ygaC
nac,-,ygaM
nac,-,ygaP
nac,-,ygaV
nac,-,ygaZ
nac,-,ygcE
nac,-,ygcO
nac,-,ygcP
nac,-,ygcS
nac,-,ygdB
nac,-,ygdR
nac,-,ygeG
nac,-,yggP
nac,+,yghG
nac,-,yghS
nac,-,yghT
nac,-,ygiF
nac,+,ygiL
nac,-,ygiM
nac,-,ygiN
nac,-,ygiZ
nac,+,ygjH
nac,-,ygjI
nac,+,yhaB
nac,-,yhaI
nac,+,yhbX
nac,-,yhcA
nac,+,yhcC
nac,-,yhcD
nac,-,yhdV
nac,-,yhfL
nac,-,yhfZ
nac,+,yhhQ
nac,-,yhhZ
nac,-,yhiJ
nac,-,yhjD
nac,+,yhjE
nac,-,yiaD
nac,+,yicJ
nac,+,yidQ
nac,-,yieE
nac,-,yieH
nac,-,yieP
nac,-,yifB
nac,+,yigI
nac,+,yigL
nac,+,yihD
nac,-,yihL
nac,-,yihO
nac,-,yihQ
nac,-,yiiE
nac,-,yiiF
nac,-,yijO
nac,+,yjaH
nac,-,yjbB
nac,-,yjbQ
nac,+,yjcB
nac,+,yjcF
nac,-,yjcO
nac,-,yjeH
nac,-,yjeJ
nac,-,yjeM
nac,-,yjfZ
nac,-,yjgH
nac,+,yjgM
nac,-,yjgN
nac,-,yjhI
nac,-,ykgE
nac,-,ykgH
nac,-,ykgL
nac,-,ymjA
nac,+,ynaK
nac,+,yneK
nac,-,ynfA
nac,+,ynfB
nac,-,ynfD
nac,-,ynfE
nac,-,ynfF
nac,+,ynfG
nac,-,yniB
nac,+,ynjF
nac,-,ynjH
nac,+,yobA
nac,-,yobB
nac,+,yobF
nac,-,yoeB
nac,-,yohO
nac,-,yqeB
nac,+,yqeH
nac,+,yqeJ
nac,+,yqeK
nac,-,yraH
nac,+,yrhB
nac,+,ytfB
nac,+,ytfJ
nac,-,ytfK
nac,-,ytfP
nac,-,znuA
nadR,-,nadA
nadR,-,nadB
nadR,-,pncB
nadR,-,pnuC
nagC,-,chbA
nagC,-,chbB
nagC,-,chbC
nagC,-,chbF
nagC,-,chbG
nagC,-,chbR
nagC,-,chiP
nagC,-,chiQ
nagC,-,chiZ
nagC,-,creA
nagC,-,creB
nagC,-,creC
nagC,-,creD
nagC,-,crr
nagC,-,dinI
nagC,+,fimB
nagC,-,galP
nagC,-+,glmS
nagC,-+,glmU
nagC,-,manX
nagC,-,manY
nagC,-,manZ
nagC,-,nagA
nagC,-,nagB
nagC,-,nagC
nagC,-,nagE
nagC,-,nanC
nagC,-,nanM
nagC,-,nanS
nagC,-,ptsH
nagC,-,ptsI
nagC,-,umpH
nagC,-,ydeM
nagC,-,ydeN
nagC,-,ydeP
nanR,+,fimB
nanR,-,nanA
nanR,-,nanC
nanR,-,nanE
nanR,-,nanK
nanR,-,nanM
nanR,-,nanQ
nanR,-,nanS
nanR,-,nanT
nanR,-,nanX
nanR,-,nanY
narL,-,adhE
narL,-,aspA
narL,-,caiF
narL,-,ccmA
narL,-,ccmB
narL,-,ccmC
narL,-,ccmD
narL,-,ccmE
narL,-,ccmF
narL,-,ccmG
narL,-,ccmH
narL,-,citC
narL,-,citD
narL,-,citE
narL,-,citF
narL,-,citG
narL,-,citX
narL,+,cydC
narL,+,cydD
narL,+,cysG
narL,-,dcuA
narL,-,dcuB
narL,-,dcuR
narL,-,dcuS
narL,-,dmsA
narL,-,dmsB
narL,-,dmsC
narL,-,dmsD
narL,-,dpiA
narL,-,dpiB
narL,-,fdhF
narL,+,fdnG
narL,+,fdnH
narL,+,fdnI
narL,-,focA
narL,-,frdA
narL,-,frdB
narL,-,frdC
narL,-,frdD
narL,-,fumB
narL,+,hcp
narL,+,hcr
narL,-,hyaA
narL,-,hyaB
narL,-,hyaC
narL,-,hyaD
narL,-,hyaE
narL,-,hyaF
narL,-,hybA
narL,-,hybB
narL,-,hybC
narL,-,hybD
narL,-,hybE
narL,-,hybF
narL,-,hybG
narL,-,hybO
narL,+,moeA
narL,+,moeB
narL,-,napA
narL,-,napB
narL,-,napC
narL,-,napD
narL,-,napF
narL,-,napG
narL,-,napH
narL,+,narG
narL,+,narH
narL,+,narI
narL,+,narJ
narL,+,narK
narL,+,narS
narL,-,nikA
narL,-,nikB
narL,-,nikC
narL,-,nikD
narL,-,nikE
narL,-,nikR
narL,+,nirB
narL,+,nirC
narL,+,nirD
narL,-,norV
narL,-,norW
narL,-+,nrfA
narL,-+,nrfB
narL,-+,nrfC
narL,-+,nrfD
narL,-+,nrfE
narL,-+,nrfF
narL,-+,nrfG
narL,+,nuoA
narL,+,nuoB
narL,+,nuoC
narL,+,nuoE
narL,+,nuoF
narL,+,nuoG
narL,+,nuoH
narL,+,nuoI
narL,+,nuoJ
narL,+,nuoK
narL,+,nuoL
narL,+,nuoM
narL,+,nuoN
narL,+,ogt
narL,-,ompW
narL,-,pflB
narL,+,poxB
narL,-,torA
narL,-,torC
narL,-,torD
narL,-,ubiA
narL,-,ubiC
narL,+,ydeP
narL,-,ydhT
narL,-,ydhU
narL,-,ydhV
narL,-,ydhW
narL,-,ydhX
narL,-,ydhY
narL,+,yeaR
narL,-,ynfE
narL,-,ynfF
narL,-,ynfG
narL,-,ynfH
narL,+,yoaG
narL,+,ytfE
narP,-+,ccmA
narP,-+,ccmB
narP,-+,ccmC
narP,-+,ccmD
narP,-+,ccmE
narP,-+,ccmF
narP,-+,ccmG
narP,-+,ccmH
narP,+,cysG
narP,+,fdhF
narP,-,fdnG
narP,-,fdnH
narP,-,fdnI
narP,+,hcp
narP,+,hcr
narP,-,hyaA
narP,-,hyaB
narP,-,hyaC
narP,-,hyaD
narP,-,hyaE
narP,-,hyaF
narP,-+,napA
narP,-+,napB
narP,-+,napC
narP,-+,napD
narP,-+,napF
narP,-+,napG
narP,-+,napH
narP,+,nirB
narP,+,nirC
narP,+,nirD
narP,-,norV
narP,-,norW
narP,+,nrfA
narP,+,nrfB
narP,+,nrfC
narP,+,nrfD
narP,+,nrfE
narP,+,nrfF
narP,+,nrfG
narP,+,poxB
narP,-,ydeP
narP,-,ydhT
narP,-,ydhU
narP,-,ydhV
narP,-,ydhW
narP,-,ydhX
narP,-,ydhY
narP,+,yeaR
narP,+,yoaG
narP,+,ytfE
nemR,-,gloA
nemR,-,nemA
nemR,-,nemR
nfeR,-,nfeF
nfeR,-,nfeR
nhaR,-+,alaT
nhaR,-,alaU
nhaR,+,alaV
nhaR,+,gltT
nhaR,-,gltU
nhaR,-,gltV
nhaR,+,gltW
nhaR,-+,ileT
nhaR,-,ileU
nhaR,+,ileV
nhaR,+,nhaA
nhaR,+,nhaR
nhaR,+,osmC
nhaR,+,pgaA
nhaR,+,pgaB
nhaR,+,pgaC
nhaR,+,pgaD
nhaR,-,rmf
nhaR,-+,rrfA
nhaR,+,rrfB
nhaR,-,rrfC
nhaR,-,rrfD
nhaR,-,rrfE
nhaR,-,rrfF
nhaR,+,rrfG
nhaR,+,rrfH
nhaR,-+,rrlA
nhaR,+,rrlB
nhaR,-,rrlC
nhaR,-,rrlD
nhaR,-,rrlE
nhaR,+,rrlG
nhaR,+,rrlH
nhaR,-+,rrsA
nhaR,+,rrsB
nhaR,-,rrsC
nhaR,-,rrsD
nhaR,-,rrsE
nhaR,+,rrsG
nhaR,+,rrsH
nhaR,-,rsd
nhaR,-,thrV
nikR,-,nikA
nikR,-,nikB
nikR,-,nikC
nikR,-,nikD
nikR,-,nikE
nikR,-,nikR
nimR,-,nimR
nimR,-,nimT
norR,-,norR
norR,+,norV
norR,+,norW
nrdR,-,nrdA
nrdR,-,nrdB
nrdR,-,nrdD
nrdR,-,nrdE
nrdR,-,nrdF
nrdR,-,nrdG
nrdR,-,nrdH
nrdR,-,nrdI
nrdR,-,yfaE
nsrR,-,aceE
nsrR,-,aceF
nsrR,-,bamE
nsrR,-,bdcA
nsrR,-,cdd
nsrR,-,dkgB
nsrR,-,dsdC
nsrR,-,feaB
nsrR,-,feaR
nsrR,-,fhlA
nsrR,-,fliA
nsrR,-,fliZ
nsrR,-,grxD
nsrR,-,hcp
nsrR,-,hcr
nsrR,-,hmp
nsrR,-,hycA
nsrR,-,hycB
nsrR,-,hycC
nsrR,-,hycD
nsrR,-,hycE
nsrR,-,hycF
nsrR,-,hycG
nsrR,-,hycH
nsrR,-,hycI
nsrR,-,hypA
nsrR,-,hypB
nsrR,-,hypC
nsrR,-,hypD
nsrR,-,hypE
nsrR,-,ihfA
nsrR,-,infC
nsrR,-,lrp
nsrR,-,mepH
nsrR,-,mhpT
nsrR,+,moeA
nsrR,+,moeB
nsrR,-,ndh
nsrR,-,norR
nsrR,-,nrfA
nsrR,-,nrfB
nsrR,-,nrfC
nsrR,-,nrfD
nsrR,-,nrfE
nsrR,-,nrfF
nsrR,-,nrfG
nsrR,-,pgpC
nsrR,-,pheM
nsrR,-,pheS
nsrR,-,pheT
nsrR,-,poxB
nsrR,-,rffC
nsrR,-,rffG
nsrR,-,rffH
nsrR,-,rffM
nsrR,-,rplT
nsrR,-,rpmI
nsrR,-,rybB
nsrR,-,sodB
nsrR,-,sufA
nsrR,-,sufB
nsrR,-,sufC
nsrR,-,sufD
nsrR,-,sufE
nsrR,-,sufS
nsrR,-,tadA
nsrR,-,tcyJ
nsrR,-,tehA
nsrR,-,tehB
nsrR,-,thrS
nsrR,-,tsgA
nsrR,-,waaH
nsrR,-,wecA
nsrR,-,wecB
nsrR,-,wecC
nsrR,-,wecE
nsrR,-,wecF
nsrR,-,wzxE
nsrR,-,wzyE
nsrR,-,wzzE
nsrR,-,ydbD
nsrR,-,yeaE
nsrR,-,yeaR
nsrR,-,ygbA
nsrR,-,yoaG
nsrR,-,ytfE
ohsC,-,shoB
ompR,+,acrR
ompR,-,alx
ompR,-,bolA
ompR,-,cadA
ompR,-,cadB
ompR,-,cadC
ompR,-,copA
ompR,+,csgD
ompR,+,csgE
ompR,+,csgF
ompR,+,csgG
ompR,-,csgI
ompR,+,dtpA
ompR,-,ecnB
ompR,-,exoX
ompR,+,fadE
ompR,-,fadL
ompR,+,feoA
ompR,+,feoB
ompR,+,feoC
ompR,-,flhC
ompR,-,flhD
ompR,-,galP
ompR,+,gmhA
ompR,-,htpX
ompR,-,lpp
ompR,-,malE
ompR,+,micF
ompR,+,narU
ompR,+,narV
ompR,+,narW
ompR,+,narY
ompR,+,narZ
ompR,-,nuoN
ompR,+,ompC
ompR,-+,ompF
ompR,+,ompX
ompR,+,omrA
ompR,+,omrB
ompR,+,pdhR
ompR,-,pgaA
ompR,-,pgaB
ompR,-,pgaC
ompR,-,pgaD
ompR,-,potE
ompR,+,queE
ompR,+,rhtA
ompR,+,rob
ompR,-,speF
ompR,-,speFL
ompR,-,sra
ompR,+,sstT
ompR,+,tolC
ompR,+,tsgA
ompR,-,yobB
ompR,+,znuA
omrA,-,cirA
omrA,-,csgD
omrA,-,csgE
omrA,-,csgF
omrA,-,csgG
omrA,-,dgcM
omrA,-,fepA
omrA,-,flgM
omrA,-,flhC
omrA,-,flhD
omrA,-,ompR
omrA,-,ompT
omrB,-,cirA
omrB,-,csgD
omrB,-,csgE
omrB,-,csgF
omrB,-,csgG
omrB,-,dgcM
omrB,-,fepA
omrB,-,flgM
omrB,-,flhC
omrB,-,flhD
omrB,-,ompR
omrB,-,ompT
oxyR,+,ahpC
oxyR,+,ahpF
oxyR,+,ccp
oxyR,+,dps
oxyR,+,dsbG
oxyR,-+,elaB
oxyR,-,fhuF
oxyR,-,flu
oxyR,+,fur
oxyR,-,gntP
oxyR,+,gor
oxyR,+,grxA
oxyR,+,hcp
oxyR,+,hcr
oxyR,+,hemF
oxyR,+,hemH
oxyR,-,isrC
oxyR,+,katG
oxyR,+,metE
oxyR,+,metR
oxyR,+,mntH
oxyR,-,nfsA
oxyR,-,oxyR
oxyR,+,oxyS
oxyR,+,poxB
oxyR,-,rimK
oxyR,+,sufA
oxyR,+,sufB
oxyR,+,sufC
oxyR,+,sufD
oxyR,+,sufE
oxyR,+,sufS
oxyR,+,trxC
oxyR,+,uof
oxyR,-,uxuA
oxyR,-,uxuB
oxyR,+,xthA
oxyR,-,ybjC
oxyR,-,ybjN
oxyR,-,ychF
oxyR,+,yjjZ
oxyR,+,zinT
oxyR,+,znuA
oxyR,+,znuB
oxyR,+,znuC
oxyS,-,fhlA
oxyS,-,flhC
oxyS,-,flhD
oxyS,-,mepS
oxyS,-,nusG
oxyS,-,rpoS
paaX,-,paaA
paaX,-,paaB
paaX,-,paaC
paaX,-,paaD
paaX,-,paaE
paaX,-,paaF
paaX,-,paaG
paaX,-,paaH
paaX,-,paaI
paaX,-,paaJ
paaX,-,paaK
paaX,-,paaX
paaX,-,paaY
paaX,-,paaZ
pdeL,-,fliF
pdeL,-,fliG
pdeL,-,fliH
pdeL,-,fliI
pdeL,-,fliJ
pdeL,-,fliK
pdeL,+,pdeL
pdeL,-,wecA
pdeL,+,yghJ
pdhR,-,aceE
pdhR,-,aceF
pdhR,+,acpP
pdhR,-,cyoA
pdhR,-,cyoB
pdhR,-,cyoC
pdhR,-,cyoD
pdhR,-,cyoE
pdhR,-,ddlB
pdhR,+,fadE
pdhR,+,fadH
pdhR,+,fadL
pdhR,+,fadM
pdhR,+,fecA
pdhR,+,fecB
pdhR,+,fecC
pdhR,+,fecD
pdhR,+,fecE
pdhR,-,ftsA
pdhR,-,ftsI
pdhR,-,ftsL
pdhR,-,ftsO
pdhR,-,ftsQ
pdhR,-,ftsW
pdhR,-,ftsZ
pdhR,+,fumD
pdhR,-,glcA
pdhR,-,glcB
pdhR,-,glcD
pdhR,-,glcE
pdhR,-,glcF
pdhR,-,glcG
pdhR,+,gmhA
pdhR,-,grcA
pdhR,-,hemL
pdhR,-,hha
pdhR,-,lldP
pdhR,-,lpd
pdhR,-,lpxC
pdhR,-,mraY
pdhR,-,mraZ
pdhR,-,murC
pdhR,-,murD
pdhR,-,murE
pdhR,-,murF
pdhR,-,murG
pdhR,-,ndh
pdhR,-,pdhR
pdhR,+,ppsA
pdhR,+,ppsR
pdhR,-,rsmH
pdhR,-,tomB
pdhR,+,ybcV
pdhR,+,ybcW
pepA,-,carA
pepA,-,carB
pepA,-,pepA
pgrR,-,mpaA
pgrR,-,mppA
pgrR,-,tyrR
pgrR,-,ycjF
pgrR,-,ycjG
pgrR,-,ycjX
pgrR,-,ycjY
pgrR,-,ymjC
pgrR,-,ymjD
phoB,+,adiC
phoB,-,agp
phoB,+,amn
phoB,+,argP
phoB,+,asr
phoB,-,cra
phoB,+,cusA
phoB,+,cusB
phoB,+,cusC
phoB,+,cusF
phoB,+,cusR
phoB,+,cusS
phoB,-,eda
phoB,-,feaR
phoB,+,gadW
phoB,+,gadX
phoB,+,hiuH
phoB,+,mipA
phoB,+,msrP
phoB,+,msrQ
phoB,+,ompF
phoB,+,phnC
phoB,+,phnD
phoB,+,phnE1
phoB,+,phnF
phoB,+,phnG
phoB,+,phnH
phoB,+,phnI
phoB,+,phnJ
phoB,+,phnK
phoB,+,phnL
phoB,+,phnM
phoB,+,phnN
phoB,+,phnO
phoB,+,phnP
phoB,+,phoA
phoB,+,phoB
phoB,+,phoE
phoB,+,phoH
phoB,+,phoQ
phoB,+,phoR
phoB,+,phoU
phoB,-,pitB
phoB,-,prpR
phoB,+,psiE
phoB,+,psiF
phoB,+,pstA
phoB,+,pstB
phoB,+,pstC
phoB,+,pstS
phoB,+,rcdB
phoB,+,rspR
phoB,-,sbcC
phoB,-,sbcD
phoB,+,tktB
phoB,-+,ugpA
phoB,-+,ugpB
phoB,-+,ugpC
phoB,-+,ugpE
phoB,-+,ugpQ
phoB,+,waaH
phoB,+,yegH
phoB,+,yibT
phoB,+,yoaI
phoB,+,ytfK
phoP,-,acrA
phoP,-,acrB
phoP,-,argD
phoP,+,borD
phoP,-,clpS
phoP,+,cysB
phoP,-,dcuD
phoP,+,fadL
phoP,+,gadE
phoP,+,gadF
phoP,+,gadW
phoP,+,glgA
phoP,+,glgB
phoP,+,glgC
phoP,+,glgP
phoP,+,glgX
phoP,+,hdeA
phoP,+,hdeB
phoP,+,hdeD
phoP,+,hemL
phoP,+,iraM
phoP,+,malS
phoP,+,metB
phoP,+,metL
phoP,+,mgrB
phoP,+,mgrR
phoP,+,mgtA
phoP,+,mgtL
phoP,+,mgtS
phoP,+,nagA
phoP,+,ompT
phoP,+,pagP
phoP,-+,phoP
phoP,-+,phoQ
phoP,+,purD
phoP,+,purH
phoP,+,queE
phoP,-,rmf
phoP,-,rsd
phoP,+,rstA
phoP,+,rstB
phoP,+,rutA
phoP,+,rutB
phoP,+,rutC
phoP,+,rutD
phoP,+,rutE
phoP,+,rutF
phoP,+,rutG
phoP,+,ryjB
phoP,-,safA
phoP,-+,slyB
phoP,+,tolC
phoP,-,treR
phoP,+,ybjG
phoP,-,ydeO
phoP,-,ydeP
phoP,+,ygiB
phoP,+,ygiC
phoP,+,yhiD
phoP,+,yrbL
plaR,-,eda
plaR,-,glpA
plaR,-,glpT
plaR,-,lyxK
plaR,-,plaR
plaR,-,sgbE
plaR,-,sgbH
plaR,-,sgbU
plaR,-,ygjV
plaR,-,yiaK
plaR,-,yiaL
plaR,-,yiaM
plaR,-,yiaN
plaR,-,yiaO
pnp,-,pnp
prpR,+,prpB
prpR,+,prpC
prpR,+,prpD
prpR,+,prpE
prpR,-,prpR
pspF,+,pspA
pspF,+,pspB
pspF,+,pspC
pspF,+,pspD
pspF,+,pspE
pspF,-,pspF
pspF,+,pspG
pspF,+,pspH
ptrR,+,acrA
ptrR,+,acrB
ptrR,-,acrR
ptrR,+,gabD
ptrR,-,gadA
ptrR,-,gadB
ptrR,+,glsB
ptrR,-,puuA
ptrR,-,puuB
ptrR,-,puuC
ptrR,-,puuE
ptrR,+,sad
ptrR,+,yneG
punR,+,punC
purR,-,carA
purR,-,carB
purR,-,codA
purR,-,codB
purR,-,cvpA
purR,-,gcvH
purR,-,gcvP
purR,-,gcvT
purR,-,glnB
purR,-,glyA
purR,-,guaA
purR,-,guaB
purR,-,hflD
purR,-,prs
purR,-,purA
purR,-,purB
purR,-,purC
purR,-,purD
purR,-,purE
purR,-,purF
purR,-,purH
purR,-,purK
purR,-,purL
purR,-,purM
purR,-,purN
purR,-,purR
purR,-,purT
purR,-,pyrC
purR,-,pyrD
purR,-,speA
purR,-,speB
purR,-,ubiX
putA,-,putA
putA,-,putP
puuR,-,puuA
puuR,-,puuB
puuR,-,puuC
puuR,-,puuD
puuR,-,puuE
puuR,-,puuP
puuR,-,puuR
puuR,-,ymjE
pyrR,+,yhjX
qseB,-,dnaA
qseB,-+,feaR
qseB,+,fimA
qseB,+,fimC
qseB,+,fimD
qseB,+,fimF
qseB,+,fimG
qseB,+,fimH
qseB,+,fimI
qseB,+,fimR2
qseB,+,flhC
qseB,+,flhD
qseB,+,qseB
qseB,+,qseC
racR,-,ydaS
racR,-,ydaT
racR,-,ydaU
racR,-,ydaV
racR,-,ydaW
ralA,-,ralR
rbsR,+,add
rbsR,+,dcd
rbsR,-,purD
rbsR,-,purH
rbsR,-,rbsA
rbsR,-,rbsB
rbsR,-,rbsC
rbsR,-,rbsD
rbsR,-,rbsK
rbsR,-,rbsR
rbsR,-,rbsZ
rbsR,+,udk
rcdA,+,asr
rcdA,+,bluF
rcdA,+,csgD
rcdA,+,csgE
rcdA,+,csgF
rcdA,+,csgG
rcdA,+,rcdA
rcdA,+,rmf
rcdA,+,rsd
rcdA,-,sulA
rcdA,-,yagK
rcdA,-,ybjI
rcdA,-,ybjJ
rcdA,+,ydeI
rclR,+,rclA
rclR,+,rclB
rclR,+,rclC
rcnR,-,rcnA
rcnR,-,rcnB
rcnR,-,rcnR
rcsA,-,csgD
rcsA,-,csgE
rcsA,-,csgF
rcsA,-,csgG
rcsA,-,flhC
rcsA,-,flhD
rcsA,+,rcsA
rcsA,+,wcaA
rcsA,+,wcaB
rcsA,+,wza
rcsA,+,wzb
rcsA,+,wzc
rcsA,+,yjbE
rcsA,+,yjbF
rcsA,+,yjbG
rcsA,+,yjbH
rcsB,+,adiC
rcsB,+,aslB
rcsB,+,bdm
rcsB,+,bglB
rcsB,+,bglF
rcsB,+,bglG
rcsB,+,cadA
rcsB,+,cadB
rcsB,-,csgD
rcsB,-,csgE
rcsB,-,csgF
rcsB,-,csgG
rcsB,+,dctR
rcsB,-,flhC
rcsB,-,flhD
rcsB,+,ftsA
rcsB,+,ftsZ
rcsB,-+,gadA
rcsB,+,gadB
rcsB,+,gadC
rcsB,-+,gadX
rcsB,+,gadY
rcsB,+,hdeA
rcsB,+,hdeB
rcsB,+,hdeD
rcsB,+,leuO
rcsB,+,lolA
rcsB,+,osmB
rcsB,+,osmC
rcsB,+,rarA
rcsB,+,rcsA
rcsB,+,rpoE
rcsB,+,rprA
rcsB,+,rseA
rcsB,+,rseB
rcsB,+,rseC
rcsB,+,rseD
rcsB,+,safA
rcsB,+,sfsB
rcsB,+,slp
rcsB,+,sra
rcsB,+,wcaA
rcsB,+,wcaB
rcsB,+,wza
rcsB,+,wzb
rcsB,+,wzc
rcsB,+,ydeO
rcsB,+,ydeP
rcsB,+,yecT
rcsB,+,yehF
rcsB,+,ygiZ
rcsB,+,yhiD
rcsB,+,yhiM
rcsB,+,yidL
rcsB,+,yjbE
rcsB,+,yjbF
rcsB,+,yjbG
rcsB,+,yjbH
rcsB,+,ynbA
rcsB,+,ynbB
rcsB,+,ynbC
rcsB,+,ynbD
rcsB,+,ynjI
rcsB,+,yqhG
relB,-,hokD
relB,-,relB
relB,-,relE
relE,-,hokD
relE,-,relB
relE,-,relE
rhaR,+,rhaR
rhaR,+,rhaS
rhaS,+,rhaA
rhaS,+,rhaB
rhaS,+,rhaD
rhaS,-+,rhaR
rhaS,-+,rhaR
rhaS,-+,rhaS
rhaS,-+,rhaS
rhaS,-+,rhaT
rhaS,-+,rhaT
rho,-,rho
rne,-,rne
rob,+,acnA
rob,+,acrA
rob,+,acrB
rob,+,acrZ
rob,-,acs
rob,-,actP
rob,+,aldA
rob,+,aslB
rob,-,astC
rob,+,chaC
rob,+,dapD
rob,-,elaB
rob,-,fadA
rob,-,fadB
rob,-,fadD
rob,-,fadL
rob,+,fumC
rob,+,glgS
rob,+,glnD
rob,+,inaA
rob,+,ldtB
rob,+,map
rob,+,marA
rob,+,marB
rob,+,marR
rob,+,mdaB
rob,+,mdtD
rob,+,micF
rob,+,mltF
rob,+,narG
rob,+,nfo
rob,+,nfsA
rob,+,nfsB
rob,+,rimK
rob,-,rob
rob,+,sodA
rob,+,tolC
rob,+,yacH
rob,+,ybiT
rob,+,ybjC
rob,+,ybjN
rob,+,ydcL
rob,+,ygiB
rob,+,ygiC
rob,-,yhbO
rob,+,yhbW
rob,-,yiaG
rob,-,yjcH
rob,+,zwf
rplA,-,rplA
rplA,-,rplJ
rplA,-,rplK
rplA,-,rplL
rplA,-,rpoB
rplA,-,rpoC
rplD,-,rplB
rplD,-,rplC
rplD,-,rplD
rplD,-,rplP
rplD,-,rplV
rplD,-,rplW
rplD,-,rpmC
rplD,-,rpsC
rplD,-,rpsJ
rplD,-,rpsQ
rplD,-,rpsS
rplD,-,tnaA
rplM,-,rplM
rplM,-,rpsI
rplT,-,rplT
rplT,-,rpmI
rplY,-,rplY
rpmE,-,rpmE
rpoD,+,3'ETS-<i>leuZ</i>
rpoD,+,accA
rpoD,+,accB
rpoD,+,accC
rpoD,+,accD
rpoD,+,aceA
rpoD,+,aceB
rpoD,+,aceE
rpoD,+,aceF
rpoD,+,aceK
rpoD,+,acnA
rpoD,+,acnB
rpoD,+,acpP
rpoD,+,acpS
rpoD,+,acrA
rpoD,+,acrB
rpoD,+,acrD
rpoD,+,acrE
rpoD,+,acrF
rpoD,+,acrR
rpoD,+,acrZ
rpoD,+,acs
rpoD,+,actP
rpoD,+,ada
rpoD,+,add
rpoD,+,adeD
rpoD,+,adhE
rpoD,+,adiA
rpoD,+,agaB
rpoD,+,agaC
rpoD,+,agaD
rpoD,+,agaI
rpoD,+,agaR
rpoD,+,agaS
rpoD,+,agaV
rpoD,+,ahpC
rpoD,+,ahpF
rpoD,+,aidB
rpoD,+,alaC
rpoD,+,alaE
rpoD,+,alaT
rpoD,+,alaU
rpoD,+,alaV
rpoD,+,alaW
rpoD,+,alaX
rpoD,+,aldA
rpoD,+,alkA
rpoD,+,alkB
rpoD,+,allB
rpoD,+,allC
rpoD,+,allD
rpoD,+,allE
rpoD,+,allW
rpoD,+,alsA
rpoD,+,alsB
rpoD,+,alsC
rpoD,+,alsE
rpoD,+,alsR
rpoD,+,amiA
rpoD,+,amiB
rpoD,+,ampC
rpoD,+,ampG
rpoD,+,amyA
rpoD,+,ansB
rpoD,+,appA
rpoD,+,appB
rpoD,+,appC
rpoD,+,appX
rpoD,+,appY
rpoD,+,apt
rpoD,+,araA
rpoD,+,araB
rpoD,+,araC
rpoD,+,araD
rpoD,+,araE
rpoD,+,araF
rpoD,+,araG
rpoD,+,araH
rpoD,+,araJ
rpoD,+,arcA
rpoD,+,arfA
rpoD,+,argA
rpoD,+,argB
rpoD,+,argC
rpoD,+,argD
rpoD,+,argE
rpoD,+,argF
rpoD,+,argG
rpoD,+,argH
rpoD,+,argI
rpoD,+,argO
rpoD,+,argQ
rpoD,+,argR
rpoD,+,argS
rpoD,+,argU
rpoD,+,argV
rpoD,+,argW
rpoD,+,argX
rpoD,+,argY
rpoD,+,argZ
rpoD,+,ariR
rpoD,+,aroA
rpoD,+,aroB
rpoD,+,aroD
rpoD,+,aroF
rpoD,+,aroG
rpoD,+,aroH
rpoD,+,aroK
rpoD,+,aroL
rpoD,+,aroM
rpoD,+,aroP
rpoD,+,arrS
rpoD,+,arsB
rpoD,+,arsC
rpoD,+,arsR
rpoD,+,artI
rpoD,+,artJ
rpoD,+,artM
rpoD,+,artP
rpoD,+,artQ
rpoD,+,ascB
rpoD,+,ascF
rpoD,+,asnA
rpoD,+,asnC
rpoD,+,asnT
rpoD,+,asnU
rpoD,+,asnV
rpoD,+,aspA
rpoD,+,aspV
rpoD,+,asr
rpoD,+,astA
rpoD,+,astB
rpoD,+,astC
rpoD,+,astD
rpoD,+,astE
rpoD,+,atpA
rpoD,+,atpB
rpoD,+,atpC
rpoD,+,atpD
rpoD,+,atpE
rpoD,+,atpF
rpoD,+,atpG
rpoD,+,atpH
rpoD,+,atpI
rpoD,+,azoR
rpoD,+,azuC
rpoD,+,azuR
rpoD,+,bamC
rpoD,+,bcp
rpoD,+,bcsB
rpoD,+,bcsE
rpoD,+,bcsF
rpoD,+,bcsG
rpoD,+,bcsZ
rpoD,+,bdcA
rpoD,+,betA
rpoD,+,betB
rpoD,+,betI
rpoD,+,betT
rpoD,+,bglJ
rpoD,+,bglX
rpoD,+,bhsA
rpoD,+,bidA
rpoD,+,bioA
rpoD,+,bioB
rpoD,+,bioC
rpoD,+,bioD
rpoD,+,bioF
rpoD,+,bluF
rpoD,+,bluR
rpoD,+,bolA
rpoD,+,bssS
rpoD,+,btuB
rpoD,+,btuD
rpoD,+,btuE
rpoD,+,btuF
rpoD,+,cadA
rpoD,+,cadB
rpoD,+,cadC
rpoD,+,caiA
rpoD,+,caiB
rpoD,+,caiC
rpoD,+,caiD
rpoD,+,caiE
rpoD,+,caiF
rpoD,+,caiT
rpoD,+,can
rpoD,+,carA
rpoD,+,carB
rpoD,+,cas1
rpoD,+,cas2
rpoD,+,cas3
rpoD,+,casA
rpoD,+,casB
rpoD,+,casC
rpoD,+,casD
rpoD,+,casE
rpoD,+,cbl
rpoD,+,cbpA
rpoD,+,cbpM
rpoD,+,ccmA
rpoD,+,ccmB
rpoD,+,ccmC
rpoD,+,ccmD
rpoD,+,ccmE
rpoD,+,ccmF
rpoD,+,ccmG
rpoD,+,ccmH
rpoD,+,ccp
rpoD,+,cdd
rpoD,+,cecR
rpoD,+,cedA
rpoD,+,cfa
rpoD,+,chiA
rpoD,+,chiX
rpoD,+,cho
rpoD,+,chpB
rpoD,+,chpS
rpoD,+,cirA
rpoD,+,clpA
rpoD,+,clpB
rpoD,+,clpP
rpoD,+,clpX
rpoD,+,cmk
rpoD,+,cmoM
rpoD,+,coaD
rpoD,+,cobS
rpoD,+,cobT
rpoD,+,cobU
rpoD,+,codA
rpoD,+,codB
rpoD,+,copA
rpoD,+,corA
rpoD,+,cpdB
rpoD,+,cpxA
rpoD,+,cpxP
rpoD,+,cpxQ
rpoD,+,cpxR
rpoD,+,creA
rpoD,+,creB
rpoD,+,creC
rpoD,+,creD
rpoD,+,crp
rpoD,+,crr
rpoD,+,csgA
rpoD,+,csgB
rpoD,+,csgC
rpoD,+,csgD
rpoD,+,csgE
rpoD,+,csgF
rpoD,+,csgG
rpoD,+,csiE
rpoD,+,cspA
rpoD,+,cspB
rpoD,+,cspC
rpoD,+,cspD
rpoD,+,cspE
rpoD,+,csqR
rpoD,+,csrA
rpoD,+,csrB
rpoD,+,cstA
rpoD,+,cusA
rpoD,+,cusB
rpoD,+,cusC
rpoD,+,cusF
rpoD,+,cusR
rpoD,+,cusS
rpoD,+,cutA
rpoD,+,cvpA
rpoD,+,cyaA
rpoD,+,cyaR
rpoD,+,cydA
rpoD,+,cydB
rpoD,+,cydC
rpoD,+,cydD
rpoD,+,cynR
rpoD,+,cynS
rpoD,+,cynT
rpoD,+,cynX
rpoD,+,cyoA
rpoD,+,cyoB
rpoD,+,cyoC
rpoD,+,cyoD
rpoD,+,cyoE
rpoD,+,cysA
rpoD,+,cysB
rpoD,+,cysC
rpoD,+,cysD
rpoD,+,cysG
rpoD,+,cysH
rpoD,+,cysI
rpoD,+,cysJ
rpoD,+,cysK
rpoD,+,cysM
rpoD,+,cysN
rpoD,+,cysP
rpoD,+,cysT
rpoD,+,cysU
rpoD,+,cysW
rpoD,+,cytR
rpoD,+,dacC
rpoD,+,dadA
rpoD,+,dadX
rpoD,+,dam
rpoD,+,damX
rpoD,+,dapA
rpoD,+,dapB
rpoD,+,dapD
rpoD,+,dapE
rpoD,+,dapF
rpoD,+,dctA
rpoD,+,dctR
rpoD,+,dcuA
rpoD,+,dcuB
rpoD,+,dcuD
rpoD,+,dcuR
rpoD,+,dcuS
rpoD,+,ddlB
rpoD,+,deaD
rpoD,+,decR
rpoD,+,def
rpoD,+,degQ
rpoD,+,degS
rpoD,+,deoA
rpoD,+,deoB
rpoD,+,deoC
rpoD,+,deoD
rpoD,+,dgcN
rpoD,+,dgcT
rpoD,+,dgcZ
rpoD,+,dgoA
rpoD,+,dgoD
rpoD,+,dgoK
rpoD,+,dgoR
rpoD,+,dgoT
rpoD,+,dicB
rpoD,+,dicC
rpoD,+,dinB
rpoD,+,dinF
rpoD,+,dinG
rpoD,+,dinI
rpoD,+,dinJ
rpoD,+,dinQ
rpoD,+,dkgA
rpoD,+,dksA
rpoD,+,dmsA
rpoD,+,dmsB
rpoD,+,dmsC
rpoD,+,dmsD
rpoD,+,dnaA
rpoD,+,dnaG
rpoD,+,dnaN
rpoD,+,dppA
rpoD,+,dppB
rpoD,+,dppC
rpoD,+,dppD
rpoD,+,dppF
rpoD,+,dps
rpoD,+,dsbA
rpoD,+,dsbC
rpoD,+,dsdA
rpoD,+,dsdC
rpoD,+,dsdX
rpoD,+,dsrA
rpoD,+,dtpA
rpoD,+,dusB
rpoD,+,dut
rpoD,+,dxs
rpoD,+,ebgA
rpoD,+,ebgC
rpoD,+,ecpA
rpoD,+,eda
rpoD,+,edd
rpoD,+,efp
rpoD,+,emrA
rpoD,+,emrB
rpoD,+,eno
rpoD,+,entA
rpoD,+,entB
rpoD,+,entC
rpoD,+,entD
rpoD,+,entE
rpoD,+,entF
rpoD,+,entH
rpoD,+,entS
rpoD,+,envZ
rpoD,+,epd
rpoD,+,eptB
rpoD,+,era
rpoD,+,esrE
rpoD,+,evgA
rpoD,+,evgL
rpoD,+,evgS
rpoD,+,exbB
rpoD,+,exbD
rpoD,+,exuR
rpoD,+,fabA
rpoD,+,fabB
rpoD,+,fabD
rpoD,+,fabF
rpoD,+,fabG
rpoD,+,fabH
rpoD,+,fadA
rpoD,+,fadB
rpoD,+,fadD
rpoD,+,fadI
rpoD,+,fadJ
rpoD,+,fadR
rpoD,+,fau
rpoD,+,fbaA
rpoD,+,fdnG
rpoD,+,fdnH
rpoD,+,fdnI
rpoD,+,fdx
rpoD,+,feaB
rpoD,+,feaR
rpoD,+,fecI
rpoD,+,fecR
rpoD,+,feoA
rpoD,+,feoB
rpoD,+,feoC
rpoD,+,fepA
rpoD,+,fepB
rpoD,+,fepC
rpoD,+,fepD
rpoD,+,fepE
rpoD,+,fepG
rpoD,+,fes
rpoD,+,fhuA
rpoD,+,fhuB
rpoD,+,fhuC
rpoD,+,fhuD
rpoD,+,fhuF
rpoD,+,fimA
rpoD,+,fimB
rpoD,+,fimC
rpoD,+,fimD
rpoD,+,fimE
rpoD,+,fimF
rpoD,+,fimG
rpoD,+,fimH
rpoD,+,fimI
rpoD,+,fimR2
rpoD,+,fis
rpoD,+,fiu
rpoD,+,fixA
rpoD,+,fixB
rpoD,+,fixC
rpoD,+,fixX
rpoD,+,fkpB
rpoD,+,fldB
rpoD,+,flgA
rpoD,+,flgB
rpoD,+,flgC
rpoD,+,flgD
rpoD,+,flgE
rpoD,+,flgF
rpoD,+,flgG
rpoD,+,flgH
rpoD,+,flgI
rpoD,+,flgJ
rpoD,+,flgM
rpoD,+,flgN
rpoD,+,flhA
rpoD,+,flhB
rpoD,+,flhC
rpoD,+,flhD
rpoD,+,flhE
rpoD,+,fliA
rpoD,+,fliD
rpoD,+,fliE
rpoD,+,fliF
rpoD,+,fliG
rpoD,+,fliH
rpoD,+,fliI
rpoD,+,fliJ
rpoD,+,fliK
rpoD,+,fliL
rpoD,+,fliM
rpoD,+,fliN
rpoD,+,fliO
rpoD,+,fliP
rpoD,+,fliQ
rpoD,+,fliR
rpoD,+,fliS
rpoD,+,fliT
rpoD,+,fliZ
rpoD,+,flu
rpoD,+,fmt
rpoD,+,fnr
rpoD,+,fnrS
rpoD,+,focA
rpoD,+,folA
rpoD,+,folE
rpoD,+,folK
rpoD,+,fpr
rpoD,+,frc
rpoD,+,frdA
rpoD,+,frdB
rpoD,+,frdC
rpoD,+,frdD
rpoD,+,frlA
rpoD,+,frlB
rpoD,+,frlC
rpoD,+,frlD
rpoD,+,frlR
rpoD,+,frr
rpoD,+,frsA
rpoD,+,fruA
rpoD,+,fruB
rpoD,+,fruK
rpoD,+,ftnA
rpoD,+,ftnB
rpoD,+,ftsA
rpoD,+,ftsH
rpoD,+,ftsI
rpoD,+,ftsK
rpoD,+,ftsL
rpoD,+,ftsO
rpoD,+,ftsQ
rpoD,+,ftsW
rpoD,+,ftsZ
rpoD,+,fucA
rpoD,+,fucI
rpoD,+,fucK
rpoD,+,fucO
rpoD,+,fucP
rpoD,+,fucR
rpoD,+,fucU
rpoD,+,fumA
rpoD,+,fumB
rpoD,+,fumC
rpoD,+,fur
rpoD,+,gabD
rpoD,+,gabP
rpoD,+,gabT
rpoD,+,gadA
rpoD,+,gadB
rpoD,+,gadC
rpoD,+,gadE
rpoD,+,gadF
rpoD,+,gadX
rpoD,+,galE
rpoD,+,galK
rpoD,+,galM
rpoD,+,galP
rpoD,+,galR
rpoD,+,galS
rpoD,+,galT
rpoD,+,gapA
rpoD,+,garK
rpoD,+,garL
rpoD,+,garP
rpoD,+,garR
rpoD,+,gatA
rpoD,+,gatB
rpoD,+,gatD
rpoD,+,gatY
rpoD,+,gatZ
rpoD,+,gcd
rpoD,+,gcl
rpoD,+,gcvA
rpoD,+,gcvB
rpoD,+,gcvH
rpoD,+,gcvP
rpoD,+,gcvR
rpoD,+,gcvT
rpoD,+,gdhA
rpoD,+,gfcA
rpoD,+,glcA
rpoD,+,glcB
rpoD,+,glcC
rpoD,+,glcD
rpoD,+,glcE
rpoD,+,glcF
rpoD,+,glcG
rpoD,+,glgA
rpoD,+,glgB
rpoD,+,glgC
rpoD,+,glgP
rpoD,+,glgX
rpoD,+,glk
rpoD,+,glmS
rpoD,+,glmU
rpoD,+,glmY
rpoD,+,glmZ
rpoD,+,glnA
rpoD,+,glnB
rpoD,+,glnG
rpoD,+,glnL
rpoD,+,glnQ
rpoD,+,glnS
rpoD,+,glnU
rpoD,+,glnV
rpoD,+,glnW
rpoD,+,glnX
rpoD,+,glnZ
rpoD,+,gloA
rpoD,+,glpA
rpoD,+,glpB
rpoD,+,glpC
rpoD,+,glpD
rpoD,+,glpF
rpoD,+,glpK
rpoD,+,glpQ
rpoD,+,glpT
rpoD,+,glpX
rpoD,+,glrK
rpoD,+,gltA
rpoD,+,gltB
rpoD,+,gltD
rpoD,+,gltF
rpoD,+,gltI
rpoD,+,gltJ
rpoD,+,gltK
rpoD,+,gltL
rpoD,+,gltT
rpoD,+,gltU
rpoD,+,gltV
rpoD,+,gltW
rpoD,+,gltX
rpoD,+,gluQ
rpoD,+,glxK
rpoD,+,glxR
rpoD,+,glyA
rpoD,+,glyQ
rpoD,+,glyS
rpoD,+,glyT
rpoD,+,glyU
rpoD,+,glyV
rpoD,+,glyW
rpoD,+,glyX
rpoD,+,glyY
rpoD,+,gmk
rpoD,+,gnd
rpoD,+,gndA
rpoD,+,gnsA
rpoD,+,gntK
rpoD,+,gntP
rpoD,+,gntR
rpoD,+,gntT
rpoD,+,gntU
rpoD,+,gor
rpoD,+,gph
rpoD,+,gpmA
rpoD,+,gpsA
rpoD,+,gpt
rpoD,+,grcA
rpoD,+,greA
rpoD,+,groL
rpoD,+,groS
rpoD,+,grxB
rpoD,+,grxC
rpoD,+,grxD
rpoD,+,gsk
rpoD,+,gspA
rpoD,+,gspB
rpoD,+,gspC
rpoD,+,gspD
rpoD,+,gspE
rpoD,+,gspF
rpoD,+,gspG
rpoD,+,gspH
rpoD,+,gspI
rpoD,+,gspJ
rpoD,+,gspK
rpoD,+,gspL
rpoD,+,gspM
rpoD,+,gspO
rpoD,+,guaA
rpoD,+,guaB
rpoD,+,gutM
rpoD,+,gutQ
rpoD,+,gyrA
rpoD,+,gyrB
rpoD,+,hchA
rpoD,+,hdeA
rpoD,+,hdeB
rpoD,+,hdeD
rpoD,+,hemA
rpoD,+,hemB
rpoD,+,hemF
rpoD,+,hemH
rpoD,+,hemN
rpoD,+,hflC
rpoD,+,hflD
rpoD,+,hflK
rpoD,+,hflX
rpoD,+,hfq
rpoD,+,hha
rpoD,+,hicA
rpoD,+,hicB
rpoD,+,higA
rpoD,+,higB
rpoD,+,hipA
rpoD,+,hipB
rpoD,+,hisA
rpoD,+,hisB
rpoD,+,hisF
rpoD,+,hisH
rpoD,+,hisI
rpoD,+,hisJ
rpoD,+,hisM
rpoD,+,hisP
rpoD,+,hisQ
rpoD,+,hisR
rpoD,+,hisS
rpoD,+,hiuH
rpoD,+,hns
rpoD,+,hofB
rpoD,+,hofC
rpoD,+,hokD
rpoD,+,hpf
rpoD,+,hpt
rpoD,+,hscA
rpoD,+,hscB
rpoD,+,hslJ
rpoD,+,htrE
rpoD,+,hupB
rpoD,+,hyaA
rpoD,+,hyaB
rpoD,+,hyaC
rpoD,+,hyaD
rpoD,+,hyaE
rpoD,+,hyaF
rpoD,+,hybA
rpoD,+,hybB
rpoD,+,hybC
rpoD,+,hybD
rpoD,+,hybE
rpoD,+,hybF
rpoD,+,hybG
rpoD,+,hybO
rpoD,+,hyi
rpoD,+,hypF
rpoD,+,ibsC
rpoD,+,ibsD
rpoD,+,icd
rpoD,+,idlP
rpoD,+,idnK
rpoD,+,idnR
rpoD,+,ihfB
rpoD,+,ileS
rpoD,+,ileT
rpoD,+,ileU
rpoD,+,ileV
rpoD,+,ileX
rpoD,+,ilvA
rpoD,+,ilvB
rpoD,+,ilvC
rpoD,+,ilvD
rpoD,+,ilvE
rpoD,+,ilvH
rpoD,+,ilvI
rpoD,+,ilvL
rpoD,+,ilvM
rpoD,+,ilvN
rpoD,+,ilvX
rpoD,+,ilvY
rpoD,+,inaA
rpoD,+,infA
rpoD,+,infB
rpoD,+,infC
rpoD,+,intS
rpoD,+,iraD
rpoD,+,iraM
rpoD,+,iraP
rpoD,+,iscA
rpoD,+,iscR
rpoD,+,iscS
rpoD,+,iscU
rpoD,+,iscX
rpoD,+,ispA
rpoD,+,ispH
rpoD,+,isrC
rpoD,+,istR
rpoD,+,ivbL
rpoD,+,katG
rpoD,+,kbaY
rpoD,+,kbaZ
rpoD,+,kbl
rpoD,+,kdpA
rpoD,+,kdpB
rpoD,+,kdpC
rpoD,+,kdpF
rpoD,+,kdsA
rpoD,+,kdsB
rpoD,+,kdsC
rpoD,+,kdsD
rpoD,+,lacA
rpoD,+,lacI
rpoD,+,lacY
rpoD,+,lacZ
rpoD,+,lamB
rpoD,+,lapA
rpoD,+,lapB
rpoD,+,ldtC
rpoD,+,leuA
rpoD,+,leuB
rpoD,+,leuC
rpoD,+,leuD
rpoD,+,leuL
rpoD,+,leuO
rpoD,+,leuP
rpoD,+,leuQ
rpoD,+,leuT
rpoD,+,leuU
rpoD,+,leuV
rpoD,+,leuW
rpoD,+,leuX
rpoD,+,leuZ
rpoD,+,lexA
rpoD,+,lgt
rpoD,+,lhr
rpoD,+,lipB
rpoD,+,livF
rpoD,+,livG
rpoD,+,livH
rpoD,+,livJ
rpoD,+,livK
rpoD,+,livM
rpoD,+,lldD
rpoD,+,lldP
rpoD,+,lldR
rpoD,+,loiP
rpoD,+,lolA
rpoD,+,lon
rpoD,+,lpd
rpoD,+,lptA
rpoD,+,lptB
rpoD,+,lptC
rpoD,+,lptD
rpoD,+,lptM
rpoD,+,lpxC
rpoD,+,lpxT
rpoD,+,lrp
rpoD,+,lspA
rpoD,+,lsrK
rpoD,+,lsrR
rpoD,+,lysA
rpoD,+,lysC
rpoD,+,lysO
rpoD,+,lysP
rpoD,+,lysR
rpoD,+,lysT
rpoD,+,lysU
rpoD,+,lysV
rpoD,+,lysW
rpoD,+,lyxK
rpoD,+,malE
rpoD,+,malF
rpoD,+,malG
rpoD,+,malH
rpoD,+,malI
rpoD,+,malK
rpoD,+,malM
rpoD,+,malP
rpoD,+,malQ
rpoD,+,malS
rpoD,+,malT
rpoD,+,malX
rpoD,+,malY
rpoD,+,manA
rpoD,+,manX
rpoD,+,manY
rpoD,+,manZ
rpoD,+,marA
rpoD,+,marB
rpoD,+,marR
rpoD,+,mazE
rpoD,+,mazF
rpoD,+,mcbA
rpoD,+,mdh
rpoD,+,mdtE
rpoD,+,mdtF
rpoD,+,mdtI
rpoD,+,mdtJ
rpoD,+,mdtU
rpoD,+,melA
rpoD,+,melB
rpoD,+,melR
rpoD,+,menA
rpoD,+,mepH
rpoD,+,metA
rpoD,+,metB
rpoD,+,metC
rpoD,+,metF
rpoD,+,metG
rpoD,+,metH
rpoD,+,metI
rpoD,+,metJ
rpoD,+,metK
rpoD,+,metL
rpoD,+,metN
rpoD,+,metQ
rpoD,+,metT
rpoD,+,metU
rpoD,+,metV
rpoD,+,metW
rpoD,+,metY
rpoD,+,metZ
rpoD,+,mfd
rpoD,+,mglA
rpoD,+,mglB
rpoD,+,mglC
rpoD,+,mgrR
rpoD,+,mgtA
rpoD,+,mgtL
rpoD,+,mgtS
rpoD,+,mhpA
rpoD,+,mhpB
rpoD,+,mhpC
rpoD,+,mhpD
rpoD,+,mhpE
rpoD,+,mhpF
rpoD,+,mhpR
rpoD,+,miaA
rpoD,+,micC
rpoD,+,micF
rpoD,+,mioC
rpoD,+,mlc
rpoD,+,mlrA
rpoD,+,mltF
rpoD,+,mngB
rpoD,+,mngR
rpoD,+,mnmG
rpoD,+,mntH
rpoD,+,mntP
rpoD,+,mntS
rpoD,+,modA
rpoD,+,modB
rpoD,+,modC
rpoD,+,moeA
rpoD,+,moeB
rpoD,+,mpl
rpoD,+,mprA
rpoD,+,mqsA
rpoD,+,mqsR
rpoD,+,mraY
rpoD,+,mraZ
rpoD,+,mreB
rpoD,+,mreC
rpoD,+,mreD
rpoD,+,mrp
rpoD,+,msrB
rpoD,+,msrP
rpoD,+,msrQ
rpoD,+,mtlA
rpoD,+,mtlD
rpoD,+,mtlR
rpoD,+,mtn
rpoD,+,mtr
rpoD,+,mukB
rpoD,+,mukE
rpoD,+,mukF
rpoD,+,murC
rpoD,+,murD
rpoD,+,murE
rpoD,+,murF
rpoD,+,murG
rpoD,+,murI
rpoD,+,murP
rpoD,+,murQ
rpoD,+,murR
rpoD,+,mutL
rpoD,+,mzrA
rpoD,+,nadB
rpoD,+,nadE
rpoD,+,nagA
rpoD,+,nagB
rpoD,+,nagC
rpoD,+,nagE
rpoD,+,nanA
rpoD,+,nanE
rpoD,+,nanK
rpoD,+,nanQ
rpoD,+,nanT
rpoD,+,nanY
rpoD,+,napA
rpoD,+,napB
rpoD,+,napC
rpoD,+,napD
rpoD,+,napF
rpoD,+,napG
rpoD,+,napH
rpoD,+,narG
rpoD,+,narH
rpoD,+,narI
rpoD,+,narJ
rpoD,+,narK
rpoD,+,narL
rpoD,+,narS
rpoD,+,narU
rpoD,+,narX
rpoD,+,ndh
rpoD,+,nei
rpoD,+,nemA
rpoD,+,nemR
rpoD,+,nfeF
rpoD,+,nfo
rpoD,+,nfsA
rpoD,+,nfsB
rpoD,+,nfuA
rpoD,+,nhaA
rpoD,+,nhaR
rpoD,+,nirB
rpoD,+,nirC
rpoD,+,nirD
rpoD,+,nlpD
rpoD,+,nnr
rpoD,+,nohA
rpoD,+,npr
rpoD,+,nrdA
rpoD,+,nrdB
rpoD,+,nrdD
rpoD,+,nrdE
rpoD,+,nrdF
rpoD,+,nrdG
rpoD,+,nrdH
rpoD,+,nrdI
rpoD,+,nrdR
rpoD,+,nrfA
rpoD,+,nrfB
rpoD,+,nrfC
rpoD,+,nrfD
rpoD,+,nrfE
rpoD,+,nrfF
rpoD,+,nrfG
rpoD,+,nudB
rpoD,+,nuoA
rpoD,+,nuoB
rpoD,+,nuoC
rpoD,+,nuoE
rpoD,+,nuoF
rpoD,+,nuoG
rpoD,+,nuoH
rpoD,+,nuoI
rpoD,+,nuoJ
rpoD,+,nuoK
rpoD,+,nuoL
rpoD,+,nuoM
rpoD,+,nuoN
rpoD,+,nupC
rpoD,+,nupG
rpoD,+,nusA
rpoD,+,nusB
rpoD,+,obgE
rpoD,+,ohsC
rpoD,+,ompA
rpoD,+,ompC
rpoD,+,ompF
rpoD,+,ompN
rpoD,+,ompR
rpoD,+,ompX
rpoD,+,opgG
rpoD,+,opgH
rpoD,+,osmB
rpoD,+,osmC
rpoD,+,osmE
rpoD,+,osmY
rpoD,+,oxc
rpoD,+,oxyR
rpoD,+,oxyS
rpoD,+,paaA
rpoD,+,paaB
rpoD,+,paaC
rpoD,+,paaD
rpoD,+,paaE
rpoD,+,paaF
rpoD,+,paaG
rpoD,+,paaH
rpoD,+,paaI
rpoD,+,paaJ
rpoD,+,paaK
rpoD,+,paaX
rpoD,+,paaY
rpoD,+,pabA
rpoD,+,panB
rpoD,+,panC
rpoD,+,panD
rpoD,+,panF
rpoD,+,patZ
rpoD,+,pck
rpoD,+,pcm
rpoD,+,pcnB
rpoD,+,pdeL
rpoD,+,pdhR
rpoD,+,pdxJ
rpoD,+,pepA
rpoD,+,pepD
rpoD,+,pepP
rpoD,+,pfkA
rpoD,+,pflA
rpoD,+,pflB
rpoD,+,pgi
rpoD,+,pgk
rpoD,+,pgpA
rpoD,+,pgpB
rpoD,+,pheA
rpoD,+,pheL
rpoD,+,pheP
rpoD,+,pheU
rpoD,+,pheV
rpoD,+,phnC
rpoD,+,phnD
rpoD,+,phnE1
rpoD,+,phnF
rpoD,+,phnG
rpoD,+,phnH
rpoD,+,phnI
rpoD,+,phnJ
rpoD,+,phnK
rpoD,+,phnL
rpoD,+,phnM
rpoD,+,phnN
rpoD,+,phnO
rpoD,+,phnP
rpoD,+,phoA
rpoD,+,phoB
rpoD,+,phoE
rpoD,+,phoH
rpoD,+,phoR
rpoD,+,phoU
rpoD,+,pitB
rpoD,+,plaR
rpoD,+,pldA
rpoD,+,plsX
rpoD,+,pncB
rpoD,+,pnp
rpoD,+,pntA
rpoD,+,pntB
rpoD,+,polB
rpoD,+,poxB
rpoD,+,ppdD
rpoD,+,ppiA
rpoD,+,ppiD
rpoD,+,ppsA
rpoD,+,pqiA
rpoD,+,pqiB
rpoD,+,pqiC
rpoD,+,preA
rpoD,+,preT
rpoD,+,prfA
rpoD,+,prfC
rpoD,+,priB
rpoD,+,prlF
rpoD,+,prmA
rpoD,+,prmC
rpoD,+,proK
rpoD,+,proL
rpoD,+,proM
rpoD,+,proP
rpoD,+,proS
rpoD,+,proV
rpoD,+,proW
rpoD,+,proX
rpoD,+,prpR
rpoD,+,prs
rpoD,+,psiE
rpoD,+,psiF
rpoD,+,pspF
rpoD,+,pssA
rpoD,+,pssL
rpoD,+,pstA
rpoD,+,pstB
rpoD,+,pstC
rpoD,+,pstS
rpoD,+,pta
rpoD,+,pth
rpoD,+,ptrA
rpoD,+,ptsG
rpoD,+,ptsH
rpoD,+,ptsI
rpoD,+,ptsN
rpoD,+,purA
rpoD,+,purB
rpoD,+,purC
rpoD,+,purD
rpoD,+,purE
rpoD,+,purF
rpoD,+,purH
rpoD,+,purK
rpoD,+,purL
rpoD,+,purM
rpoD,+,purN
rpoD,+,purR
rpoD,+,purT
rpoD,+,purU
rpoD,+,putA
rpoD,+,putP
rpoD,+,pykA
rpoD,+,pykF
rpoD,+,pyrC
rpoD,+,pyrD
rpoD,+,pyrF
rpoD,+,pyrH
rpoD,+,qseB
rpoD,+,qseC
rpoD,+,rapA
rpoD,+,rapZ
rpoD,+,rarA
rpoD,+,rbfA
rpoD,+,rbn
rpoD,+,rbsA
rpoD,+,rbsB
rpoD,+,rbsC
rpoD,+,rbsD
rpoD,+,rbsK
rpoD,+,rbsR
rpoD,+,rbsZ
rpoD,+,rcnA
rpoD,+,rcnB
rpoD,+,rcnR
rpoD,+,rcsA
rpoD,+,rcsB
rpoD,+,rcsD
rpoD,+,rdlD
rpoD,+,recA
rpoD,+,recB
rpoD,+,recC
rpoD,+,recD
rpoD,+,recF
rpoD,+,recG
rpoD,+,recJ
rpoD,+,recN
rpoD,+,recO
rpoD,+,recQ
rpoD,+,recX
rpoD,+,relA
rpoD,+,relB
rpoD,+,relE
rpoD,+,rep
rpoD,+,rfaD
rpoD,+,rffC
rpoD,+,rffG
rpoD,+,rffH
rpoD,+,rffM
rpoD,+,rhaA
rpoD,+,rhaB
rpoD,+,rhaD
rpoD,+,rhaR
rpoD,+,rhaS
rpoD,+,rhaT
rpoD,+,ribA
rpoD,+,ribD
rpoD,+,ribE
rpoD,+,ribF
rpoD,+,rihB
rpoD,+,rimK
rpoD,+,rimM
rpoD,+,rimP
rpoD,+,rirA
rpoD,+,rlmE
rpoD,+,rluA
rpoD,+,rnb
rpoD,+,rnc
rpoD,+,rnd
rpoD,+,rne
rpoD,+,rnlA
rpoD,+,rnlB
rpoD,+,rnpB
rpoD,+,rnt
rpoD,+,rpe
rpoD,+,rpiB
rpoD,+,rplB
rpoD,+,rplC
rpoD,+,rplD
rpoD,+,rplI
rpoD,+,rplP
rpoD,+,rplQ
rpoD,+,rplS
rpoD,+,rplT
rpoD,+,rplU
rpoD,+,rplV
rpoD,+,rplW
rpoD,+,rplY
rpoD,+,rpmA
rpoD,+,rpmC
rpoD,+,rpmI
rpoD,+,rpoA
rpoD,+,rpoD
rpoD,+,rpoE
rpoD,+,rpoH
rpoD,+,rpoN
rpoD,+,rpoS
rpoD,+,rpoZ
rpoD,+,rpsA
rpoD,+,rpsB
rpoD,+,rpsC
rpoD,+,rpsD
rpoD,+,rpsF
rpoD,+,rpsJ
rpoD,+,rpsK
rpoD,+,rpsM
rpoD,+,rpsO
rpoD,+,rpsP
rpoD,+,rpsQ
rpoD,+,rpsR
rpoD,+,rpsS
rpoD,+,rpsU
rpoD,+,rraA
rpoD,+,rraB
rpoD,+,rrfA
rpoD,+,rrfB
rpoD,+,rrfC
rpoD,+,rrfD
rpoD,+,rrfE
rpoD,+,rrfF
rpoD,+,rrfG
rpoD,+,rrfH
rpoD,+,rrlA
rpoD,+,rrlB
rpoD,+,rrlC
rpoD,+,rrlD
rpoD,+,rrlE
rpoD,+,rrlG
rpoD,+,rrlH
rpoD,+,rrsA
rpoD,+,rrsB
rpoD,+,rrsC
rpoD,+,rrsD
rpoD,+,rrsE
rpoD,+,rrsG
rpoD,+,rrsH
rpoD,+,rsd
rpoD,+,rseA
rpoD,+,rseB
rpoD,+,rseC
rpoD,+,rseD
rpoD,+,rsmG
rpoD,+,rsmH
rpoD,+,rutR
rpoD,+,ruvC
rpoD,+,rybA
rpoD,+,rydC
rpoD,+,ryeA
rpoD,+,ryfD
rpoD,+,ryhB
rpoD,+,ryjB
rpoD,+,safA
rpoD,+,sbcC
rpoD,+,sbcD
rpoD,+,sdhA
rpoD,+,sdhB
rpoD,+,sdhC
rpoD,+,sdhD
rpoD,+,sdhX
rpoD,+,sdiA
rpoD,+,secB
rpoD,+,secG
rpoD,+,serA
rpoD,+,serC
rpoD,+,serT
rpoD,+,serU
rpoD,+,serV
rpoD,+,serW
rpoD,+,serX
rpoD,+,setA
rpoD,+,sfsA
rpoD,+,sgbE
rpoD,+,sgbH
rpoD,+,sgbU
rpoD,+,sgrR
rpoD,+,sgrS
rpoD,+,sgrT
rpoD,+,shiA
rpoD,+,shoB
rpoD,+,sibA
rpoD,+,sibB
rpoD,+,sibD
rpoD,+,sibE
rpoD,+,sixA
rpoD,+,slmA
rpoD,+,slp
rpoD,+,sodA
rpoD,+,sodB
rpoD,+,sohB
rpoD,+,sokB
rpoD,+,sokC
rpoD,+,soxR
rpoD,+,soxS
rpoD,+,speA
rpoD,+,speB
rpoD,+,speD
rpoD,+,speE
rpoD,+,spf
rpoD,+,spfP
rpoD,+,spoT
rpoD,+,spy
rpoD,+,sraG
rpoD,+,srkA
rpoD,+,srlA
rpoD,+,srlB
rpoD,+,srlD
rpoD,+,srlE
rpoD,+,srlR
rpoD,+,sroA
rpoD,+,sroC
rpoD,+,ssb
rpoD,+,ssnA
rpoD,+,ssrA
rpoD,+,ssrS
rpoD,+,ssuA
rpoD,+,ssuB
rpoD,+,ssuC
rpoD,+,ssuD
rpoD,+,ssuE
rpoD,+,stfQ
rpoD,+,stfZ
rpoD,+,stpA
rpoD,+,sucA
rpoD,+,sucB
rpoD,+,sucC
rpoD,+,sucD
rpoD,+,sufA
rpoD,+,sufB
rpoD,+,sufC
rpoD,+,sufD
rpoD,+,sufE
rpoD,+,sufS
rpoD,+,sulA
rpoD,+,sutR
rpoD,+,sxy
rpoD,+,symE
rpoD,+,symR
rpoD,+,tatA
rpoD,+,tatB
rpoD,+,tatC
rpoD,+,tatD
rpoD,+,tcyJ
rpoD,+,tdh
rpoD,+,tfaQ
rpoD,+,tff
rpoD,+,thiB
rpoD,+,thiL
rpoD,+,thiP
rpoD,+,thiQ
rpoD,+,thrA
rpoD,+,thrB
rpoD,+,thrC
rpoD,+,thrL
rpoD,+,thrT
rpoD,+,thrU
rpoD,+,thrV
rpoD,+,thrW
rpoD,+,thyA
rpoD,+,tnaA
rpoD,+,tnaB
rpoD,+,tnaC
rpoD,+,tomB
rpoD,+,tonB
rpoD,+,topA
rpoD,+,torA
rpoD,+,torC
rpoD,+,torD
rpoD,+,torR
rpoD,+,tpiA
rpoD,+,tpr
rpoD,+,tpx
rpoD,+,treB
rpoD,+,treC
rpoD,+,treR
rpoD,+,trmD
rpoD,+,trmH
rpoD,+,trpA
rpoD,+,trpB
rpoD,+,trpC
rpoD,+,trpD
rpoD,+,trpE
rpoD,+,trpL
rpoD,+,trpR
rpoD,+,trpS
rpoD,+,truB
rpoD,+,trxA
rpoD,+,trxC
rpoD,+,tsaE
rpoD,+,tsf
rpoD,+,tsr
rpoD,+,tsx
rpoD,+,ttdA
rpoD,+,ttdB
rpoD,+,ttdT
rpoD,+,tufA
rpoD,+,tufB
rpoD,+,tynA
rpoD,+,tyrA
rpoD,+,tyrB
rpoD,+,tyrP
rpoD,+,tyrR
rpoD,+,tyrT
rpoD,+,tyrU
rpoD,+,tyrV
rpoD,+,ubiA
rpoD,+,ubiC
rpoD,+,ubiG
rpoD,+,ubiH
rpoD,+,ubiI
rpoD,+,ubiX
rpoD,+,udp
rpoD,+,ugpA
rpoD,+,ugpB
rpoD,+,ugpC
rpoD,+,ugpE
rpoD,+,ugpQ
rpoD,+,uhpT
rpoD,+,uhpU
rpoD,+,uidR
rpoD,+,ulaA
rpoD,+,ulaB
rpoD,+,ulaC
rpoD,+,ulaD
rpoD,+,ulaE
rpoD,+,ulaF
rpoD,+,umpG
rpoD,+,umpH
rpoD,+,umuC
rpoD,+,umuD
rpoD,+,upp
rpoD,+,uraA
rpoD,+,uspA
rpoD,+,uvrA
rpoD,+,uvrB
rpoD,+,uvrC
rpoD,+,uvrD
rpoD,+,uvrY
rpoD,+,uxaA
rpoD,+,uxaB
rpoD,+,uxaC
rpoD,+,uxuA
rpoD,+,uxuB
rpoD,+,uxuR
rpoD,+,valS
rpoD,+,valT
rpoD,+,valU
rpoD,+,valV
rpoD,+,valW
rpoD,+,valX
rpoD,+,valY
rpoD,+,waaA
rpoD,+,waaB
rpoD,+,waaC
rpoD,+,waaF
rpoD,+,waaG
rpoD,+,waaH
rpoD,+,waaJ
rpoD,+,waaL
rpoD,+,waaO
rpoD,+,waaP
rpoD,+,waaQ
rpoD,+,waaS
rpoD,+,waaU
rpoD,+,waaY
rpoD,+,waaZ
rpoD,+,wcaA
rpoD,+,wcaB
rpoD,+,wecA
rpoD,+,wecB
rpoD,+,wecC
rpoD,+,wecE
rpoD,+,wecF
rpoD,+,wza
rpoD,+,wzb
rpoD,+,wzc
rpoD,+,wzxE
rpoD,+,wzyE
rpoD,+,wzzE
rpoD,+,xapA
rpoD,+,xapB
rpoD,+,xapR
rpoD,+,xerC
rpoD,+,xerD
rpoD,+,xseA
rpoD,+,xseB
rpoD,+,xtpA
rpoD,+,xylE
rpoD,+,yacC
rpoD,+,yadS
rpoD,+,yadV
rpoD,+,yafN
rpoD,+,yafO
rpoD,+,yafP
rpoD,+,yafQ
rpoD,+,yagK
rpoD,+,yaiA
rpoD,+,yajG
rpoD,+,yajO
rpoD,+,ybbY
rpoD,+,ybdN
rpoD,+,ybdZ
rpoD,+,ybeD
rpoD,+,ybhF
rpoD,+,ybhG
rpoD,+,ybhL
rpoD,+,ybhR
rpoD,+,ybhS
rpoD,+,ybiB
rpoD,+,ybjC
rpoD,+,ybjN
rpoD,+,ycaR
rpoD,+,yccA
rpoD,+,ycdZ
rpoD,+,yceI
rpoD,+,yceJ
rpoD,+,ycgZ
rpoD,+,ychA
rpoD,+,ychF
rpoD,+,ychH
rpoD,+,ychO
rpoD,+,ychQ
rpoD,+,yciB
rpoD,+,yciC
rpoD,+,yciE
rpoD,+,yciH
rpoD,+,yciW
rpoD,+,yciX
rpoD,+,ydeI
rpoD,+,ydeJ
rpoD,+,ydeM
rpoD,+,ydeN
rpoD,+,ydeO
rpoD,+,ydeP
rpoD,+,ydfA
rpoD,+,ydfB
rpoD,+,ydfC
rpoD,+,ydfD
rpoD,+,ydfW
rpoD,+,ydfX
rpoD,+,ydjM
rpoD,+,yeaE
rpoD,+,yeaR
rpoD,+,yebB
rpoD,+,yebC
rpoD,+,yebE
rpoD,+,yebG
rpoD,+,yefM
rpoD,+,yegR
rpoD,+,yehF
rpoD,+,yeiB
rpoD,+,yfaE
rpoD,+,yfdE
rpoD,+,yfdV
rpoD,+,yfdX
rpoD,+,yffB
rpoD,+,yfgG
rpoD,+,yfiB
rpoD,+,yfiR
rpoD,+,ygeA
rpoD,+,ygeH
rpoD,+,ygfB
rpoD,+,yhaV
rpoD,+,yhbE
rpoD,+,yhdT
rpoD,+,yhfA
rpoD,+,yhgH
rpoD,+,yhhY
rpoD,+,yhiD
rpoD,+,yhjR
rpoD,+,yhjX
rpoD,+,yiaK
rpoD,+,yiaL
rpoD,+,yiaM
rpoD,+,yiaN
rpoD,+,yiaO
rpoD,+,yibN
rpoD,+,yigA
rpoD,+,yigB
rpoD,+,yihI
rpoD,+,yihS
rpoD,+,yihT
rpoD,+,yihU
rpoD,+,yihV
rpoD,+,yjbE
rpoD,+,yjbF
rpoD,+,yjbG
rpoD,+,yjbH
rpoD,+,yjcH
rpoD,+,yjeV
rpoD,+,yjjQ
rpoD,+,yjjZ
rpoD,+,ykgM
rpoD,+,ykgO
rpoD,+,ykgR
rpoD,+,yliM
rpoD,+,ymgA
rpoD,+,ymgC
rpoD,+,ymiA
rpoD,+,ymiC
rpoD,+,ynfE
rpoD,+,ynfF
rpoD,+,ynfG
rpoD,+,ynfH
rpoD,+,yoaE
rpoD,+,yoaG
rpoD,+,yobF
rpoD,+,yoeB
rpoD,+,yojI
rpoD,+,ypfN
rpoD,+,yqhD
rpoD,+,yqjA
rpoD,+,yrbG
rpoD,+,yrbN
rpoD,+,ysgA
rpoD,+,ytiC
rpoD,+,ytiD
rpoD,+,zinT
rpoD,+,zntA
rpoD,+,znuB
rpoD,+,znuC
rpoD,+,zwf
rpoE,+,ahpF
rpoE,+,apaG
rpoE,+,apaH
rpoE,+,asflhD
rpoE,+,bacA
rpoE,+,bamA
rpoE,+,bamB
rpoE,+,bamC
rpoE,+,bamD
rpoE,+,bamE
rpoE,+,bepA
rpoE,+,bhsA
rpoE,+,cca
rpoE,+,clpX
rpoE,+,cyaR
rpoE,+,degP
rpoE,+,der
rpoE,+,dnaE
rpoE,+,dolP
rpoE,+,dsbC
rpoE,+,eptB
rpoE,+,essD
rpoE,+,fabZ
rpoE,+,fadM
rpoE,+,fkpA
rpoE,+,ftnB
rpoE,+,fusA
rpoE,+,greA
rpoE,+,gspA
rpoE,+,gspB
rpoE,+,hcp
rpoE,+,hcr
rpoE,+,hokE
rpoE,+,hpf
rpoE,+,ibaG
rpoE,+,insK
rpoE,+,lgoR
rpoE,+,lhr
rpoE,+,lon
rpoE,+,lptA
rpoE,+,lptB
rpoE,+,lptD
rpoE,+,lpxA
rpoE,+,lpxB
rpoE,+,lpxD
rpoE,+,lpxP
rpoE,+,lyxK
rpoE,+,malQ
rpoE,+,matA
rpoE,+,micA
rpoE,+,micL
rpoE,+,mscM
rpoE,+,mzrA
rpoE,+,narV
rpoE,+,narW
rpoE,+,npr
rpoE,+,opgG
rpoE,+,opgH
rpoE,+,pdxA
rpoE,+,phoQ
rpoE,+,plsB
rpoE,+,prfB
rpoE,+,psd
rpoE,+,ptsN
rpoE,+,rapZ
rpoE,+,rclA
rpoE,+,rclB
rpoE,+,rclC
rpoE,+,recJ
rpoE,+,recR
rpoE,+,rfaD
rpoE,+,rflP
rpoE,+,rnhB
rpoE,+,rnlB
rpoE,+,rpoD
rpoE,+,rpoE
rpoE,+,rpoH
rpoE,+,rpoN
rpoE,+,rrrD
rpoE,+,rseA
rpoE,+,rseB
rpoE,+,rseC
rpoE,+,rseP
rpoE,+,rsmA
rpoE,+,rutR
rpoE,+,rybB
rpoE,+,rzpD
rpoE,+,sbmA
rpoE,+,sgbE
rpoE,+,sgbH
rpoE,+,sgbU
rpoE,+,sixA
rpoE,+,skp
rpoE,+,stfZ
rpoE,+,surA
rpoE,+,tufA
rpoE,+,uspD
rpoE,+,waaC
rpoE,+,waaF
rpoE,+,waaL
rpoE,+,wza
rpoE,+,wzb
rpoE,+,wzc
rpoE,+,yaiW
rpoE,+,ybaB
rpoE,+,ydhI
rpoE,+,ydhJ
rpoE,+,ydhK
rpoE,+,yeaY
rpoE,+,yfeK
rpoE,+,yfeS
rpoE,+,yfeX
rpoE,+,yfeY
rpoE,+,yfgD
rpoE,+,yggN
rpoE,+,yghF
rpoE,+,ygiM
rpoE,+,yhjJ
rpoE,+,yiaK
rpoE,+,yiaL
rpoE,+,yiaM
rpoE,+,yiaN
rpoE,+,yiaO
rpoE,+,yicI
rpoE,+,yicJ
rpoE,+,yidQ
rpoE,+,yieE
rpoE,+,yieF
rpoE,+,yiiS
rpoE,+,yoaC
rpoE,+,yqjA
rpoE,+,ytfJ
rpoH,+,ackA
rpoH,+,adiC
rpoH,+,alaA
rpoH,+,alaT
rpoH,+,alaU
rpoH,+,alaV
rpoH,+,bidA
rpoH,+,bssS
rpoH,+,can
rpoH,+,cas1
rpoH,+,cas2
rpoH,+,casD
rpoH,+,casE
rpoH,+,clpB
rpoH,+,clpP
rpoH,+,clpX
rpoH,+,cnoX
rpoH,+,cra
rpoH,+,creA
rpoH,+,creB
rpoH,+,creC
rpoH,+,crr
rpoH,+,dnaJ
rpoH,+,dnaK
rpoH,+,dsbC
rpoH,+,fkpB
rpoH,+,ftsH
rpoH,+,fxsA
rpoH,+,gapA
rpoH,+,glnS
rpoH,+,gltT
rpoH,+,gltU
rpoH,+,gltV
rpoH,+,gltW
rpoH,+,groL
rpoH,+,groS
rpoH,+,grpE
rpoH,+,hemW
rpoH,+,hflC
rpoH,+,hflK
rpoH,+,hflX
rpoH,+,hfq
rpoH,+,holC
rpoH,+,hslO
rpoH,+,hslR
rpoH,+,hslU
rpoH,+,hslV
rpoH,+,hspQ
rpoH,+,htpG
rpoH,+,htpX
rpoH,+,ibpA
rpoH,+,ibpB
rpoH,+,ileS
rpoH,+,ileT
rpoH,+,ileU
rpoH,+,ileV
rpoH,+,ispH
rpoH,+,lapA
rpoH,+,lapB
rpoH,+,ldhA
rpoH,+,lipB
rpoH,+,lnt
rpoH,+,lon
rpoH,+,lspA
rpoH,+,mbiA
rpoH,+,metA
rpoH,+,mhpT
rpoH,+,miaA
rpoH,+,mlc
rpoH,+,mngA
rpoH,+,mngB
rpoH,+,mpaA
rpoH,+,mutL
rpoH,+,mutM
rpoH,+,nanX
rpoH,+,nanY
rpoH,+,narP
rpoH,+,nfuA
rpoH,+,nusB
rpoH,+,osmF
rpoH,+,pgpA
rpoH,+,pgpC
rpoH,+,phoP
rpoH,+,phoQ
rpoH,+,pncC
rpoH,+,pphA
rpoH,+,ppiD
rpoH,+,prlC
rpoH,+,ptsH
rpoH,+,ptsI
rpoH,+,pyrF
rpoH,+,raiA
rpoH,+,raiZ
rpoH,+,rapA
rpoH,+,rdgB
rpoH,+,recJ
rpoH,+,rfaD
rpoH,+,ribE
rpoH,+,rlmE
rpoH,+,rnlA
rpoH,+,rpmE
rpoH,+,rpoD
rpoH,+,rrfA
rpoH,+,rrfB
rpoH,+,rrfC
rpoH,+,rrfD
rpoH,+,rrfE
rpoH,+,rrfF
rpoH,+,rrfG
rpoH,+,rrfH
rpoH,+,rrlA
rpoH,+,rrlB
rpoH,+,rrlC
rpoH,+,rrlD
rpoH,+,rrlE
rpoH,+,rrlG
rpoH,+,rrlH
rpoH,+,rrsA
rpoH,+,rrsB
rpoH,+,rrsC
rpoH,+,rrsD
rpoH,+,rrsE
rpoH,+,rrsG
rpoH,+,rrsH
rpoH,+,rsmJ
rpoH,+,sdaA
rpoH,+,sdsR
rpoH,+,slt
rpoH,+,tadA
rpoH,+,thiL
rpoH,+,thrV
rpoH,+,topA
rpoH,+,trmA
rpoH,+,tyrR
rpoH,+,valS
rpoH,+,waaC
rpoH,+,waaF
rpoH,+,waaL
rpoH,+,xerD
rpoH,+,yafD
rpoH,+,yafE
rpoH,+,ybeD
rpoH,+,ybeX
rpoH,+,ybeY
rpoH,+,ybeZ
rpoH,+,ybfE
rpoH,+,yccE
rpoH,+,yceI
rpoH,+,yceJ
rpoH,+,yciH
rpoH,+,ycjF
rpoH,+,ycjX
rpoH,+,ycjY
rpoH,+,ydeO
rpoH,+,ydhQ
rpoH,+,yeaD
rpoH,+,yehR
rpoH,+,yehW
rpoH,+,yehX
rpoH,+,yehY
rpoH,+,yfbR
rpoH,+,yhdN
rpoH,+,yiaA
rpoH,+,yibA
rpoH,+,yjaZ
rpoH,+,yjhG
rpoH,+,yjhH
rpoH,+,yjhI
rpoH,+,yjiT
rpoH,+,ymjC
rpoH,+,ymjD
rpoH,+,yrdA
rpoH,+,yrfG
rpoH,+,zntR
rpoN,+,acrD
rpoN,+,actP
rpoN,+,amtB
rpoN,+,argT
rpoN,+,aslB
rpoN,+,astA
rpoN,+,astB
rpoN,+,astC
rpoN,+,astD
rpoN,+,astE
rpoN,+,atoA
rpoN,+,atoB
rpoN,+,atoD
rpoN,+,atoE
rpoN,+,chaC
rpoN,-,cspC
rpoN,+,dcuD
rpoN,+,ddpA
rpoN,+,ddpB
rpoN,+,ddpC
rpoN,+,ddpD
rpoN,+,ddpF
rpoN,+,ddpX
rpoN,+,emrD
rpoN,-,fadL
rpoN,+,fdhF
rpoN,+,fhlA
rpoN,+,flhC
rpoN,+,flhD
rpoN,+,focB
rpoN,+,glmY
rpoN,+,glnA
rpoN,+,glnG
rpoN,+,glnH
rpoN,+,glnK
rpoN,+,glnL
rpoN,+,glnP
rpoN,+,glnQ
rpoN,+,glnZ
rpoN,+,glpQ
rpoN,+,gltI
rpoN,+,gltJ
rpoN,+,gltK
rpoN,+,gltL
rpoN,+,gnsA
rpoN,+,hisJ
rpoN,+,hisM
rpoN,+,hisP
rpoN,+,hisQ
rpoN,+,htpG
rpoN,+,hycA
rpoN,+,hycB
rpoN,+,hycC
rpoN,+,hycD
rpoN,+,hycE
rpoN,+,hycF
rpoN,+,hycG
rpoN,+,hycH
rpoN,+,hycI
rpoN,+,hydN
rpoN,+,hyfA
rpoN,+,hyfB
rpoN,+,hyfC
rpoN,+,hyfD
rpoN,+,hyfE
rpoN,+,hyfF
rpoN,+,hyfG
rpoN,+,hyfH
rpoN,+,hyfI
rpoN,+,hyfJ
rpoN,+,hyfR
rpoN,+,hypA
rpoN,+,hypB
rpoN,+,hypC
rpoN,+,hypD
rpoN,+,hypE
rpoN,+,hypF
rpoN,+,ibpB
rpoN,-,mutM
rpoN,+,nac
rpoN,+,nikA
rpoN,+,nikB
rpoN,+,nikC
rpoN,+,nikD
rpoN,+,nikE
rpoN,+,nikR
rpoN,+,norV
rpoN,+,norW
rpoN,-,nth
rpoN,+,patA
rpoN,+,potF
rpoN,+,potG
rpoN,+,potH
rpoN,+,potI
rpoN,+,prpB
rpoN,+,prpC
rpoN,+,prpD
rpoN,+,prpE
rpoN,+,pspA
rpoN,+,pspB
rpoN,+,pspC
rpoN,+,pspD
rpoN,+,pspE
rpoN,+,pspG
rpoN,+,pspH
rpoN,+,puuP
rpoN,+,radD
rpoN,+,rcdB
rpoN,+,relA
rpoN,+,rhaD
rpoN,+,rpoE
rpoN,+,rpoH
rpoN,+,rseA
rpoN,+,rseB
rpoN,+,rseC
rpoN,+,rseD
rpoN,+,rtcA
rpoN,+,rtcB
rpoN,+,rtcR
rpoN,+,rutA
rpoN,+,rutB
rpoN,+,rutC
rpoN,+,rutD
rpoN,+,rutE
rpoN,+,rutF
rpoN,+,rutG
rpoN,+,sroC
rpoN,+,ssnA
rpoN,+,xapB
rpoN,+,xdhA
rpoN,+,xdhB
rpoN,+,xdhC
rpoN,+,yaaU
rpoN,+,yahE
rpoN,+,yeaG
rpoN,+,yeaH
rpoN,-,yfcZ
rpoN,+,ygfK
rpoN,+,yhdX
rpoN,+,yhdY
rpoN,+,yhdZ
rpoN,+,ymjE
rpoN,-,yobF
rpoN,+,zraP
rpoN,+,zraR
rpoN,+,zraS
rpoS,+,aceE
rpoS,+,aceF
rpoS,+,acnA
rpoS,+,acs
rpoS,+,actP
rpoS,+,ada
rpoS,+,adhE
rpoS,+,aidB
rpoS,+,aldB
rpoS,+,alkA
rpoS,+,alkB
rpoS,+,ansP
rpoS,+,appA
rpoS,+,appB
rpoS,+,appC
rpoS,+,appX
rpoS,+,appY
rpoS,+,araF
rpoS,+,araG
rpoS,+,araH
rpoS,+,ariR
rpoS,+,arrS
rpoS,+,artI
rpoS,+,artM
rpoS,+,artP
rpoS,+,artQ
rpoS,+,asr
rpoS,+,astA
rpoS,+,astB
rpoS,+,astC
rpoS,+,astD
rpoS,+,astE
rpoS,+,baeR
rpoS,+,baeS
rpoS,+,blc
rpoS,+,blr
rpoS,+,bolA
rpoS,+,bsmA
rpoS,+,btsT
rpoS,+,btuF
rpoS,+,cbpA
rpoS,+,cbpM
rpoS,+,cfa
rpoS,+,cpxA
rpoS,+,cpxR
rpoS,+,crr
rpoS,+,csgA
rpoS,+,csgB
rpoS,+,csgC
rpoS,+,csgD
rpoS,+,csgE
rpoS,+,csgF
rpoS,+,csgG
rpoS,+,csiE
rpoS,+,csrA
rpoS,+,cyaR
rpoS,+,ddpA
rpoS,+,ddpB
rpoS,+,ddpC
rpoS,+,ddpD
rpoS,+,ddpF
rpoS,+,ddpX
rpoS,+,dgcC
rpoS,+,dhaK
rpoS,+,dhaL
rpoS,+,dhaM
rpoS,+,dhaR
rpoS,+,dinB
rpoS,+,dkgA
rpoS,+,dkgB
rpoS,+,dmsD
rpoS,+,dnaN
rpoS,+,dps
rpoS,+,ecnB
rpoS,+,elaB
rpoS,+,eno
rpoS,+,envC
rpoS,+,epd
rpoS,+,evgA
rpoS,+,evgL
rpoS,+,evgS
rpoS,+,fadL
rpoS,+,fau
rpoS,+,fbaA
rpoS,+,fbaB
rpoS,+,fic
rpoS,+,folK
rpoS,+,frdA
rpoS,+,frdB
rpoS,+,frdC
rpoS,+,frdD
rpoS,+,ftsA
rpoS,+,ftsQ
rpoS,+,ftsZ
rpoS,+,fumC
rpoS,+,gabD
rpoS,+,gabP
rpoS,+,gabT
rpoS,+,gadA
rpoS,+,gadB
rpoS,+,gadC
rpoS,+,gadE
rpoS,+,gadF
rpoS,+,gadW
rpoS,+,gadX
rpoS,+,gadY
rpoS,+,galE
rpoS,+,galK
rpoS,+,galM
rpoS,+,galT
rpoS,+,gapA
rpoS,+,glaH
rpoS,+,glgA
rpoS,+,glgC
rpoS,+,glgP
rpoS,+,glgS
rpoS,+,glk
rpoS,+,glsA
rpoS,+,gltB
rpoS,+,gltD
rpoS,+,gltF
rpoS,+,gor
rpoS,+,gpmA
rpoS,+,gpmM
rpoS,+,gyrB
rpoS,+,hchA
rpoS,+,hdeA
rpoS,+,hdeB
rpoS,+,hdeD
rpoS,+,hdfR
rpoS,+,hmp
rpoS,+,hofM
rpoS,+,hofN
rpoS,+,hofO
rpoS,+,hofP
rpoS,+,htrE
rpoS,+,hyaA
rpoS,+,hyaB
rpoS,+,hyaC
rpoS,+,hyaD
rpoS,+,hyaE
rpoS,+,hyaF
rpoS,+,ihfA
rpoS,+,ihfB
rpoS,+,ilvY
rpoS,+,insC5
rpoS,+,insCD5
rpoS,+,insD5
rpoS,+,insI1
rpoS,+,katE
rpoS,+,kbp
rpoS,+,ldcC
rpoS,+,lhgD
rpoS,+,lpd
rpoS,+,lsrA
rpoS,+,lsrB
rpoS,+,lsrC
rpoS,+,lsrD
rpoS,+,lsrF
rpoS,+,lsrG
rpoS,+,luxS
rpoS,+,mdtA
rpoS,+,mdtB
rpoS,+,mdtC
rpoS,+,mdtD
rpoS,+,mdtE
rpoS,+,mdtF
rpoS,+,metK
rpoS,+,mglA
rpoS,+,mglB
rpoS,+,mglC
rpoS,+,micF
rpoS,+,mlrA
rpoS,+,mnmG
rpoS,+,mpl
rpoS,+,msyB
rpoS,+,mtn
rpoS,+,murP
rpoS,+,murQ
rpoS,+,murR
rpoS,+,mutS
rpoS,+,narU
rpoS,+,nhaA
rpoS,+,nhaR
rpoS,+,ompF
rpoS,+,ompN
rpoS,+,osmB
rpoS,+,osmC
rpoS,+,osmE
rpoS,+,osmF
rpoS,+,osmY
rpoS,+,otsA
rpoS,+,otsB
rpoS,+,oxyR
rpoS,+,pabA
rpoS,+,patA
rpoS,+,patD
rpoS,+,pcnB
rpoS,+,pdeC
rpoS,+,pdeR
rpoS,+,pdhR
rpoS,+,pfkA
rpoS,+,pfkB
rpoS,+,pgi
rpoS,+,pgk
rpoS,+,phoU
rpoS,+,phr
rpoS,+,poxB
rpoS,+,pphA
rpoS,+,ppk
rpoS,+,ppx
rpoS,+,pqiA
rpoS,+,pqiB
rpoS,+,pqiC
rpoS,+,proP
rpoS,+,proV
rpoS,+,proW
rpoS,+,proX
rpoS,+,pstA
rpoS,+,pstB
rpoS,+,pstC
rpoS,+,pstS
rpoS,+,puuA
rpoS,+,puuB
rpoS,+,puuC
rpoS,+,puuD
rpoS,+,puuE
rpoS,+,puuP
rpoS,+,puuR
rpoS,+,pykA
rpoS,+,pykF
rpoS,+,ravA
rpoS,+,recF
rpoS,+,rhaR
rpoS,+,rhaS
rpoS,+,rpoE
rpoS,+,rpoH
rpoS,+,rraA
rpoS,+,rsd
rpoS,+,rseA
rpoS,+,rseB
rpoS,+,rseC
rpoS,+,rseD
rpoS,+,rsmG
rpoS,+,rssA
rpoS,+,rssB
rpoS,+,ryjA
rpoS,+,sdhX
rpoS,+,sdsN
rpoS,+,sdsR
rpoS,+,setA
rpoS,+,sgrS
rpoS,+,sgrT
rpoS,+,sodC
rpoS,+,sohB
rpoS,+,speB
rpoS,+,speC
rpoS,+,speG
rpoS,+,sra
rpoS,+,ssrS
rpoS,+,sucA
rpoS,+,sucB
rpoS,+,sucC
rpoS,+,sucD
rpoS,+,talA
rpoS,+,tam
rpoS,+,tktB
rpoS,+,tolC
rpoS,+,topA
rpoS,+,tpiA
rpoS,+,treA
rpoS,+,treF
rpoS,+,uspB
rpoS,+,viaA
rpoS,+,wrbA
rpoS,+,xapA
rpoS,+,xapB
rpoS,+,xthA
rpoS,+,yabI
rpoS,+,yadS
rpoS,+,yadV
rpoS,+,yafN
rpoS,+,yafO
rpoS,+,yafP
rpoS,+,ybaT
rpoS,+,ybgA
rpoS,+,ybiI
rpoS,+,ybjP
rpoS,+,yccJ
rpoS,+,ycgZ
rpoS,+,yciE
rpoS,+,yciF
rpoS,+,yciG
rpoS,+,yciT
rpoS,+,yciZ
rpoS,+,ydbD
rpoS,+,ydbK
rpoS,+,ydcS
rpoS,+,ydcT
rpoS,+,ydcU
rpoS,+,ydcV
rpoS,+,yddG
rpoS,+,ydhT
rpoS,+,ydhU
rpoS,+,ydhV
rpoS,+,ydhW
rpoS,+,ydhX
rpoS,+,ydhY
rpoS,+,yehW
rpoS,+,yehX
rpoS,+,yehY
rpoS,+,yeiL
rpoS,+,yffO
rpoS,+,yffP
rpoS,+,yggE
rpoS,+,ygiB
rpoS,+,ygiC
rpoS,+,yhfG
rpoS,+,yhiD
rpoS,+,yhiM
rpoS,+,yhjG
rpoS,+,yiaG
rpoS,+,yibQ
rpoS,+,yihG
rpoS,+,yjcH
rpoS,+,ymgA
rpoS,+,ymgC
rpoS,+,ymiC
rpoS,+,ymjE
rpoS,+,ynfB
rpoS,+,ynfE
rpoS,+,ynfF
rpoS,+,ynfG
rpoS,+,ynfH
rpoS,+,yqiH
rpoS,+,yqiI
rpoS,+,ytfK
rpoS,+,znuA
rprA,-,csgD
rprA,-,csgE
rprA,-,csgF
rprA,-,csgG
rprA,-,dgcM
rprA,-,hdeD
rprA,-,lrhA
rprA,-,narP
rprA,+,rpoS
rpsA,+,fis
rpsA,+,manY
rpsA,+,pnp
rpsA,-,rpsA
rpsA,+,rpsO
rpsB,-,rpsB
rpsB,-,tff
rpsB,-,tsf
rpsD,-,rplQ
rpsD,-,rpsD
rpsD,-,rpsK
rpsD,-,rpsM
rpsF,-,priB
rpsF,-,rplI
rpsF,-,rpsF
rpsF,-,rpsR
rpsG,-,fusA
rpsG,-,rpsG
rpsG,-,rpsL
rpsG,-,tufA
rpsH,-,rplE
rpsH,-,rplF
rpsH,-,rplN
rpsH,-,rplO
rpsH,-,rplR
rpsH,-,rplX
rpsH,-,rpmD
rpsH,-,rpmJ
rpsH,-,rpsE
rpsH,-,rpsH
rpsH,-,rpsN
rpsH,-,secY
rpsO,-,rpsO
rpsR,-,priB
rpsR,-,rplI
rpsR,-,rpsF
rpsR,-,rpsR
rseX,-,fimB
rseX,-,ihfB
rseX,-,ompA
rseX,-,ompC
rspR,-,rspA
rspR,-,rspB
rstA,+,asr
rstA,-,csgD
rstA,-,csgE
rstA,-,csgF
rstA,-,csgG
rstA,+,narG
rstA,+,narH
rstA,+,narI
rstA,+,narJ
rstA,-,ompF
rtcR,+,rtcA
rtcR,+,rtcB
rutR,+,carA
rutR,+,carB
rutR,-,fepB
rutR,-,gadW
rutR,-,gadX
rutR,-,gloA
rutR,-,nemA
rutR,-,nemR
rutR,-,pdeR
rutR,-,rutA
rutR,-,rutB
rutR,-,rutC
rutR,-,rutD
rutR,-,rutE
rutR,-,rutF
rutR,-,rutG
rutR,-,rutR
rybB,-,csgD
rybB,-,csgE
rybB,-,csgF
rybB,-,csgG
rybB,-,fadL
rybB,-,fiu
rybB,+,maoP
rybB,-,ompC
rybB,-,ompF
rybB,-,ompW
rybB,-,rbsB
rybB,-,rluD
rybB,-,sdhC
rybB,-,tsx
rydC,+,cfa
rydC,-,csgD
rydC,-,csgE
rydC,-,csgF
rydC,-,csgG
rydC,-,pheA
rydC,+,trpA
rydC,+,trpB
rydC,+,trpC
rydC,+,trpD
rydC,+,trpE
ryhB,-,acnB
ryhB,-,bfr
ryhB,+,cirA
ryhB,-,cysE
ryhB,-,erpA
ryhB,-,fumA
ryhB,-,fur
ryhB,-,grxD
ryhB,-,hemB
ryhB,-,hemH
ryhB,-,iscA
ryhB,-,iscS
ryhB,-,iscU
ryhB,-,marA
ryhB,-,msrB
ryhB,-,nirB
ryhB,-,nuoA
ryhB,-,nuoB
ryhB,-,nuoC
ryhB,-,nuoE
ryhB,-,nuoF
ryhB,-,nuoG
ryhB,-,nuoH
ryhB,-,nuoI
ryhB,-,nuoJ
ryhB,-,nuoK
ryhB,-,nuoL
ryhB,-,nuoM
ryhB,-,nuoN
ryhB,-,sdhA
ryhB,-,sdhB
ryhB,-,sdhC
ryhB,-,sdhD
ryhB,-,sdhX
ryhB,+,shiA
ryhB,-,sodA
ryhB,-,sodB
ryhB,-,sucA
ryhB,-,sucB
ryhB,-,sucC
ryhB,-,sucD
ryhB,-,uof
sdhX,-,ackA
sdhX,-,fdhE
sdhX,-,fdoG
sdhX,-,fdoH
sdhX,-,fdoI
sdhX,-,katG
sdiA,-,ftsA
sdiA,-+,ftsQ
sdiA,-,ftsZ
sdiA,+,gadW
sdiA,+,gadY
sdiA,+,rflP
sdiA,+,rmf
sdiA,+,rsd
sdsN,-,hmp
sdsN,-,narP
sdsN,-,nfsA
sdsR,-,mutS
sdsR,-,tolC
sdsR,-,yhcB
selB,-,selA
selB,-,selB
sgrR,+,alaC
sgrR,+,setA
sgrR,-,sgrR
sgrR,+,sgrS
sgrR,+,sgrT
sgrR,-,sroA
sgrR,-,thiB
sgrR,-,thiP
sgrR,-,thiQ
sgrS,-,adiY
sgrS,-,asd
sgrS,-,folE
sgrS,-,manX
sgrS,-,manY
sgrS,-,manZ
sgrS,-,ptsG
sgrS,-,purR
sgrS,-,yeiB
sgrS,+,yigL
sibC,-,ibsC
slyA,+,cas1
slyA,+,cas2
slyA,+,casA
slyA,+,casB
slyA,+,casC
slyA,+,casD
slyA,+,casE
slyA,+,elfA
slyA,-,fecI
slyA,-,fecR
slyA,+,gspC
slyA,+,gspD
slyA,+,gspE
slyA,+,gspF
slyA,+,gspG
slyA,+,gspH
slyA,+,gspI
slyA,+,gspJ
slyA,+,gspK
slyA,+,gspL
slyA,+,gspM
slyA,+,gspO
slyA,+,hlyE
slyA,+,leuO
slyA,+,mdtM
slyA,+,paaA
slyA,+,paaB
slyA,+,paaC
slyA,+,paaD
slyA,+,paaE
slyA,+,paaF
slyA,+,paaG
slyA,+,paaH
slyA,+,paaI
slyA,+,paaJ
slyA,+,paaK
slyA,+,pagP
slyA,+,rmf
slyA,+,rsd
slyA,-,sgcA
slyA,-,sgcB
slyA,-,sgcC
slyA,-,sgcE
slyA,-,sgcQ
slyA,-,sgcR
slyA,-,sgcX
slyA,+,slyA
slyA,+,yjiN
soxR,+,aroF
soxR,+,fumC
soxR,+,sodA
soxR,-,soxR
soxR,+,soxS
soxR,+,tyrA
soxR,+,yjcB
soxR,+,yrbL
soxS,+,acnA
soxS,+,acrA
soxS,+,acrB
soxS,+,acrZ
soxS,+,aldA
soxS,+,cadA
soxS,+,dapD
soxS,+,decR
soxS,+,fldA
soxS,+,fldB
soxS,+,fpr
soxS,+,fumC
soxS,+,fur
soxS,+,glnD
soxS,+,inaA
soxS,+,map
soxS,+,marA
soxS,+,marB
soxS,+,marR
soxS,+,mdaB
soxS,+,micF
soxS,+,nepI
soxS,+,nfo
soxS,+,nfsA
soxS,+,nfsB
soxS,+,ompN
soxS,-,ompW
soxS,+,pgi
soxS,+,poxB
soxS,+,pqiA
soxS,+,pqiB
soxS,+,pqiC
soxS,+,ptsG
soxS,+,ribA
soxS,+,rimK
soxS,-,rob
soxS,+,sodA
soxS,-,soxS
soxS,+,tolC
soxS,+,uof
soxS,+,waaY
soxS,+,waaZ
soxS,+,ybjC
soxS,+,ybjN
soxS,+,ydbK
soxS,+,ygiB
soxS,+,ygiC
soxS,+,yhbW
soxS,+,yrbL
soxS,+,zinT
soxS,+,zwf
spf,-,araF
spf,-,ascF
spf,-,atoD
spf,-,caiA
spf,+,dppB
spf,-,ebgC
spf,-,fucI
spf,-,fucK
spf,-,fucP
spf,-,galK
spf,-,gdhA
spf,-,glpF
spf,-,gltA
spf,+,gss
spf,-,lldP
spf,-,maeA
spf,-,nanC
spf,-,nanT
spf,-,paaK
spf,-,puuE
spf,-,sdhC
spf,-,srlA
spf,-,sthA
spf,-,sucC
spf,-,xylF
spf,-,yjiA
spf,-,ytfJ
sraG,-,pnp
srlR,-,gutM
srlR,-,gutQ
srlR,-,srlA
srlR,-,srlB
srlR,-,srlD
srlR,-,srlE
srlR,-,srlR
srmB,+,rplM
srmB,+,rpsI
srsR,+,adhE
srsR,+,bluR
srsR,+,cdgI
srsR,+,dhaK
srsR,+,dhaL
srsR,+,dhaM
srsR,+,dinJ
srsR,+,fucA
srsR,+,fucI
srsR,+,fucK
srsR,+,fucO
srsR,+,fucP
srsR,+,fucR
srsR,+,fucU
srsR,+,hycB
srsR,+,narZ
srsR,+,paaA
srsR,+,paaB
srsR,+,paaC
srsR,+,paaD
srsR,+,paaE
srsR,+,paaF
srsR,+,paaG
srsR,+,paaH
srsR,+,paaI
srsR,+,paaJ
srsR,+,paaK
srsR,+,paaZ
srsR,+,pflB
srsR,+,yafL
srsR,+,yafQ
srsR,+,yfdK
srsR,+,yfdM
srsR,+,yfdN
srsR,+,yfdO
srsR,+,yfdP
srsR,+,yfdQ
stfZ,-,ftsZ
stpA,-,bglB
stpA,-,bglF
stpA,-,bglG
stpA,+,cas1
stpA,+,cas2
stpA,+,casA
stpA,+,casB
stpA,+,casC
stpA,+,casD
stpA,+,casE
stpA,-,fau
stpA,-,leuO
stpA,+,malE
stpA,+,malF
stpA,+,malG
stpA,+,malH
stpA,-,proV
stpA,-,proW
stpA,-,proX
stpA,-,ssrS
stpA,-,stpA
sutR,-,cysE
sutR,-,fliA
sutR,-,fliZ
sutR,-,pfkB
sutR,-+,sutR
sutR,-,tcyJ
sutR,-,ydcO
sutR,+,ypfN
sxy,+,sxy
symR,-,symE
tdcA,+,tdcA
tdcA,+,tdcB
tdcA,+,tdcC
tdcA,+,tdcD
tdcA,+,tdcE
tdcA,+,tdcF
tdcA,+,tdcG
tdcR,+,tdcA
tdcR,+,tdcB
tdcR,+,tdcC
tdcR,+,tdcD
tdcR,+,tdcE
tdcR,+,tdcF
tdcR,+,tdcG
thrS,-,thrS
torR,+,adiA
torR,+,adiC
torR,-+,gadA
torR,+,gadB
torR,+,gadC
torR,+,gadE
torR,-+,gadX
torR,+,hdeA
torR,+,hdeB
torR,+,mdtE
torR,+,mdtF
torR,+,rpoS
torR,+,slp
torR,+,tnaA
torR,+,tnaB
torR,+,tnaC
torR,+,torA
torR,+,torC
torR,+,torD
torR,-,torR
torR,+,yhiD
treR,-,treB
treR,-,treC
trpR,-,aroH
trpR,-,aroL
trpR,-,aroM
trpR,-,mtr
trpR,-,trpA
trpR,-,trpB
trpR,-,trpC
trpR,-,trpD
trpR,-,trpE
trpR,-,trpL
trpR,-,trpR
trpR,-,yaiA
ttdR,+,ttdA
ttdR,+,ttdB
ttdR,+,ttdR
ttdR,+,ttdT
tyrR,-,aroF
tyrR,-,aroG
tyrR,-,aroL
tyrR,-,aroM
tyrR,-,aroP
tyrR,+,folA
tyrR,+,mtr
tyrR,-,tyrA
tyrR,-,tyrB
tyrR,-+,tyrP
tyrR,-,tyrR
tyrR,-,yaiA
uhpA,+,uhpT
uhpA,+,uhpU
uhpU,+,fliC
uhpU,-,lrhA
uidR,-,uidA
uidR,-,uidB
uidR,-,uidC
uidR,-,uidR
ulaR,-,ulaA
ulaR,-,ulaB
ulaR,-,ulaC
ulaR,-,ulaD
ulaR,-,ulaE
ulaR,-,ulaF
ulaR,-,ulaG
uvrY,+,csrB
uvrY,+,csrC
uvrY,+,luxS
uvrY,+,uhpT
uvrY,+,uhpU
uvrY,+,ydeP
uxuR,-,exuR
uxuR,-,fliC
uxuR,-,gntP
uxuR,-,lgoD
uxuR,-,lgoR
uxuR,-,uidA
uxuR,-,uidB
uxuR,-,uidC
uxuR,-,uxuA
uxuR,-,uxuB
uxuR,-,uxuR
xapR,+,xapA
xapR,+,xapB
xylR,-,araC
xylR,+,xylA
xylR,+,xylB
xylR,+,xylE
xylR,+,xylF
xylR,+,xylG
xylR,+,xylH
xylR,+,xylR
xynR,-,yagA
xynR,-,yagB
xynR,-,yagE
xynR,-,yagF
yafC,+,cysJ
yafQ,-,cspE
yafQ,-,dinJ
yafQ,-,yafQ
yciT,+,bsmA
yciT,-,cusF
yciT,-,rdcA
yciT,+,ybiY
ycjW,-,ompG
ycjW,-,ycjM
ycjW,-,ycjN
ycjW,-,ycjO
ycjW,-,ycjP
ycjW,-,ycjQ
ycjW,-,ycjR
ycjW,-,ycjS
ycjW,-,ycjT
ycjW,-,ycjU
ydaT,+,rcsA
ydcI,+,flu
ydcI,+,gadB
ydcI,+,iraP
ydcI,+,isrC
ydcI,+,smrB
ydeO,-,adiA
ydeO,+,appA
ydeO,+,appB
ydeO,+,appC
ydeO,+,appX
ydeO,+,dctR
ydeO,+,gadB
ydeO,+,gadE
ydeO,+,gadF
ydeO,+,gadW
ydeO,+,hyaA
ydeO,+,hyaB
ydeO,+,hyaC
ydeO,+,hyaD
ydeO,+,hyaE
ydeO,+,hyaF
ydeO,+,mdtE
ydeO,+,mdtF
ydeO,+,nhaR
ydeO,-,safA
ydeO,+,slp
ydeO,+,uspD
ydeO,-,ydeO
ydeO,+,yiiS
ydiP,+,cspA
ydiP,+,cspE
yebK,-,yebK
yefM,-,yefM
yefM,-,yoeB
yegW,-,yegT
yegW,-,yegU
yegW,-,yegV
yeiE,-,argO
yeiE,-,cysJ
yeiE,-,dcuC
yeiE,-,ftp
yeiE,+,gltF
yeiE,-,infA
yeiE,-,mdtF
yeiE,-,pflB
yeiE,-,putA
yeiE,+,sodC
yeiE,-,ssuA
yeiE,+,uspF
yeiE,-,ydcT
yeiE,-,yibQ
yeiE,+,yoaC
yeiL,+,yeiL
yfeC,-,hybE
yfeC,-,rpmB
yfeC,-,rpmH
yfeC,-,rpsU
yfeC,+,yfeC
yfeC,-,ygdR
ygbI,-,ygbJ
ygbI,-,ygbK
ygiV,-,mcbR
yhaJ,+,bssS
yhaJ,+,ybiJ
yhaJ,+,ygiD
yhaJ,+,yhaJ
yhaJ,+,yhaK
yhaJ,+,yhaL
yhaJ,+,yhhW
yhaJ,+,yqjF
yiaU,+,adeP
yiaU,+,gltD
yiaU,+,waaP
yiaU,+,yiaT
yiaU,+,yiaV
yiaU,+,yiaW
yidZ,-,malE
yidZ,-,ppiC
yidZ,-,rbsD
yidZ,-,rof
yieP,-,cusA
yieP,-,dauA
yieP,+,ybiX
yieP,-,ykgE
yieP,-,yohJ
yjjQ,-,dgcN
yjjQ,-,flhC
yjjQ,-,flhD
yjjQ,-,gfcA
yjjQ,-,ompC
yjjQ,-,ybhL
yjjQ,-,yciX
yjjQ,-,yfiB
yjjQ,-,yfiR
yjjQ,-,ymiA
yoeB,-,yefM
yoeB,-,yoeB
yqhC,+,dkgA
yqhC,+,yqhD
yrdG,-,mscL
zntR,-,rmf
zntR,-,rsd
zntR,-+,zntA
zraR,+,acrE
zraR,+,cpxP
zraR,-,cspA
zraR,+,cspB
zraR,+,exuR
zraR,-,fhuA
zraR,+,fliA
zraR,+,gadW
zraR,+,glnA
zraR,+,glnH
zraR,+,mdtL
zraR,+,mgtA
zraR,+,pnp
zraR,+,raiA
zraR,+,rfaD
zraR,-,rmf
zraR,+,rpoH
zraR,+,sspA
zraR,+,ssrA
zraR,+,tnaA
zraR,+,tnaB
zraR,+,yhhY
zraR,+,yjjY
zraR,+,yrdD
zraR,+,zraP
zraR,+,zraR
zraR,+,zraS
zur,-,pliG
zur,-,ykgM
zur,-,ykgO
zur,-,zinT
zur,-,znuA
zur,-,znuB
zur,-,znuC
